graph_layer,factor_name,label_horizon,label_variant,sample_size,rank_ic,top_decile_mean,bottom_decile_mean,top_bottom_spread,top_decile_hit_rate,layer_role,score,confidence_bucket,research_action
large_trade_alignment_graph,community_avg_weight_feature,30m,top5_member,37,0.3967872628837651,-0.0002631615877546,-0.0103197360958334,0.0100565745080787,0.3333333333333333,sparse_event_flag,0.6268380092502541,ignore,ignore_sparse
large_trade_alignment_graph,community_avg_weight_feature,30m,equal_weight,37,0.3807433602807402,-0.0002631615877546,-0.0103197360958334,0.0100565745080787,0.3333333333333333,sparse_event_flag,0.6014921150922776,ignore,ignore_sparse
large_trade_alignment_graph,community_avg_weight_feature,30m,member_weight,37,0.3807433602807402,-0.0002631615877546,-0.0103197360958334,0.0100565745080787,0.3333333333333333,sparse_event_flag,0.6014921150922776,ignore,ignore_sparse
large_trade_alignment_graph,community_avg_weight_feature,30m,top10_member,37,0.3807433602807402,-0.0002631615877546,-0.0103197360958334,0.0100565745080787,0.3333333333333333,sparse_event_flag,0.6014921150922776,ignore,ignore_sparse
large_trade_alignment_graph,community_avg_weight_feature,30m,core_weighted,37,0.3705662578832989,-0.0003895131811821,-0.0103197360958334,0.0099302229146513,0.3333333333333333,sparse_event_flag,0.5854144956637103,ignore,ignore_sparse
large_trade_alignment_graph,community_avg_weight_feature,1m,equal_weight,45,0.2852402413870635,3.387051706057095e-05,-0.0015780326313548,0.0016119031484153,0.75,sparse_event_flag,0.4742854452770825,ignore,ignore_sparse
large_trade_alignment_graph,community_avg_weight_feature,1m,member_weight,45,0.2852402413870635,3.387051706057095e-05,-0.0015780326313548,0.0016119031484153,0.75,sparse_event_flag,0.4742854452770825,ignore,ignore_sparse
large_trade_alignment_graph,community_avg_weight_feature,1m,top10_member,45,0.2852402413870635,3.387051706057095e-05,-0.0015780326313548,0.0016119031484153,0.75,sparse_event_flag,0.4742854452770825,ignore,ignore_sparse
large_trade_alignment_graph,community_avg_weight_feature,1m,top5_member,45,0.270294024733107,3.387051706057095e-05,-0.0015780326313548,0.0016119031484153,0.75,sparse_event_flag,0.4494335064817067,ignore,ignore_sparse
large_trade_alignment_graph,community_avg_weight_feature,1m,core_weighted,45,0.261326294740733,-1.9696905155590247e-05,-0.0015609374073839,0.0015412405022283,0.75,sparse_event_flag,0.43452234320448113,ignore,ignore_sparse
large_trade_alignment_graph,community_quality_score,5m,top5_member,45,0.1777627093822469,-0.0022916752600804,-0.0028438291950336,0.0005521539349531,0.0,sparse_event_flag,0.29557633720626664,ignore,ignore_sparse
flow_alignment_graph,flow_layer_participation_ratio,15m,equal_weight,27671,0.0531209217698471,-8.494810754941862e-05,-0.0007049562525151,0.0006200081449657,0.4850018070112035,event_alignment_layer,0.23596528850225257,strong_sample,keep_for_next_round
flow_alignment_graph,flow_layer_participation_ratio,15m,member_weight,27671,0.0531209217698471,-8.494810754941862e-05,-0.0007049562525151,0.0006200081449657,0.4850018070112035,event_alignment_layer,0.23596528850225257,strong_sample,keep_for_next_round
flow_alignment_graph,flow_layer_participation_ratio,15m,core_weighted,27671,0.05161755904441,-8.121070288458872e-05,-0.0007062011475214,0.0006249904446368,0.4846404047705095,event_alignment_layer,0.22928729031599634,strong_sample,keep_for_next_round
flow_alignment_graph,community_member_count,30m,core_weighted,27603,0.0509990586982118,0.0002605890923674,-0.0013614380830524,0.0016220271754198,0.5224637681159421,event_alignment_layer,0.22648539266052944,strong_sample,keep_for_next_round
flow_alignment_graph,flow_member_count_z,30m,core_weighted,27603,0.0509990586982118,0.0002605890923674,-0.0013614380830524,0.0016220271754198,0.5224637681159421,event_alignment_layer,0.22648539266052944,strong_sample,keep_for_next_round
flow_alignment_graph,community_member_count,30m,equal_weight,27603,0.0500853113615575,0.0002420459855856,-0.0013326944104216,0.0015747403960073,0.5173913043478261,event_alignment_layer,0.222427466306255,strong_sample,keep_for_next_round
flow_alignment_graph,community_member_count,30m,member_weight,27603,0.0500853113615575,0.0002420459855856,-0.0013326944104216,0.0015747403960073,0.5173913043478261,event_alignment_layer,0.222427466306255,strong_sample,keep_for_next_round
flow_alignment_graph,flow_member_count_z,30m,equal_weight,27603,0.0500853113615575,0.0002420459855856,-0.0013326944104216,0.0015747403960073,0.5173913043478261,event_alignment_layer,0.222427466306255,strong_sample,keep_for_next_round
flow_alignment_graph,flow_member_count_z,30m,member_weight,27603,0.0500853113615575,0.0002420459855856,-0.0013326944104216,0.0015747403960073,0.5173913043478261,event_alignment_layer,0.222427466306255,strong_sample,keep_for_next_round
flow_alignment_graph,community_member_count,15m,core_weighted,27671,0.0498634830888883,7.305555143390804e-05,-0.0012197326130885,0.0012927881645224,0.5095771593783881,event_alignment_layer,0.22149561379553198,strong_sample,keep_for_next_round
flow_alignment_graph,flow_member_count_z,15m,core_weighted,27671,0.0498634830888883,7.305555143390804e-05,-0.0012197326130885,0.0012927881645224,0.5095771593783881,event_alignment_layer,0.22149561379553198,strong_sample,keep_for_next_round
flow_alignment_graph,community_member_count,15m,equal_weight,27671,0.0492712471293727,6.414108386243618e-05,-0.0011785998328546,0.0012427409167171,0.506685941452837,event_alignment_layer,0.218864877648784,strong_sample,keep_for_next_round
flow_alignment_graph,community_member_count,15m,member_weight,27671,0.0492712471293727,6.414108386243618e-05,-0.0011785998328546,0.0012427409167171,0.506685941452837,event_alignment_layer,0.218864877648784,strong_sample,keep_for_next_round
flow_alignment_graph,flow_member_count_z,15m,equal_weight,27671,0.0492712471293727,6.414108386243618e-05,-0.0011785998328546,0.0012427409167171,0.506685941452837,event_alignment_layer,0.218864877648784,strong_sample,keep_for_next_round
flow_alignment_graph,flow_member_count_z,15m,member_weight,27671,0.0492712471293727,6.414108386243618e-05,-0.0011785998328546,0.0012427409167171,0.506685941452837,event_alignment_layer,0.218864877648784,strong_sample,keep_for_next_round
flow_alignment_graph,flow_layer_participation_ratio,30m,top10_member,27048,0.0431803989163699,0.0002421301921806,-0.0018109819875532,0.0020531121797338,0.5380917159763313,event_alignment_layer,0.19138205747374304,strong_sample,keep_for_next_round
flow_alignment_graph,flow_layer_participation_ratio,30m,equal_weight,27603,0.0424912849652734,-0.0001276938105875,-0.0008537739608672,0.0007260801502796,0.519927536231884,event_alignment_layer,0.18870260757083024,strong_sample,keep_for_next_round
flow_alignment_graph,flow_layer_participation_ratio,30m,member_weight,27603,0.0424912849652734,-0.0001276938105875,-0.0008537739608672,0.0007260801502796,0.519927536231884,event_alignment_layer,0.18870260757083024,strong_sample,keep_for_next_round
dtw_return_similarity_graph,edge_density_feature,30m,top5_member,4062,0.0503004067460626,-0.0011108777955218,-0.001150707942201,3.983014667916711e-05,0.4408866995073892,weak_pair_candidate,0.181526463047254,usable,keep_for_next_round
flow_alignment_graph,flow_layer_participation_ratio,30m,core_weighted,27603,0.0408497612092164,-0.0001165369403419,-0.0008395752360661,0.0007230382957242,0.5202898550724637,event_alignment_layer,0.18141264650209402,strong_sample,keep_for_next_round
flow_alignment_graph,flow_layer_participation_ratio,15m,top10_member,27513,0.0393946342842378,1.3174957521316449e-05,-0.0011163747784074,0.0011295497359287,0.5096328607778989,event_alignment_layer,0.17489459569451768,strong_sample,keep_for_next_round
large_trade_alignment_graph,community_quality_score,30m,equal_weight,37,0.1073527731594065,-0.0002531866492927,-0.0014335273500656,0.0011803407007729,0.3333333333333333,sparse_event_flag,0.16959415008855575,ignore,ignore_sparse
large_trade_alignment_graph,community_quality_score,30m,member_weight,37,0.1073527731594065,-0.0002531866492927,-0.0014335273500656,0.0011803407007729,0.3333333333333333,sparse_event_flag,0.16959415008855575,ignore,ignore_sparse
large_trade_alignment_graph,community_quality_score,30m,top10_member,37,0.1073527731594065,-0.0002531866492927,-0.0014335273500656,0.0011803407007729,0.3333333333333333,sparse_event_flag,0.16959415008855575,ignore,ignore_sparse
dtw_trade_flow_similarity_graph,community_mean_volume_z_12,15m,core_weighted,1997,0.0480622433527155,0.0005417697467544,-0.0002592618433183,0.0008010315900727,0.5728643216080402,pair_flow_leadlag_candidate,0.1586340233555932,watch,watch
dtw_trade_flow_similarity_graph,community_mean_volume_z_12,15m,equal_weight,1997,0.0480193516185633,0.000476446796605,-0.0003087550499248,0.0007852018465299,0.5728643216080402,pair_flow_leadlag_candidate,0.15849245509155424,watch,watch
dtw_trade_flow_similarity_graph,community_mean_volume_z_12,15m,member_weight,1997,0.0480193516185633,0.000476446796605,-0.0003087550499248,0.0007852018465299,0.5728643216080402,pair_flow_leadlag_candidate,0.15849245509155424,watch,watch
flow_alignment_graph,community_member_count,15m,top10_member,27513,0.0352145088609122,-0.0001269971193502,-0.0011714169750792,0.001044419855729,0.4776444929116685,event_alignment_layer,0.15633670426722202,strong_sample,keep_for_next_round
flow_alignment_graph,flow_member_count_z,15m,top10_member,27513,0.0352145088609122,-0.0001269971193502,-0.0011714169750792,0.001044419855729,0.4776444929116685,event_alignment_layer,0.15633670426722202,strong_sample,keep_for_next_round
flow_alignment_graph,flow_layer_participation_ratio,15m,top5_member,27318,0.0349688801975023,-2.197136955947375e-05,-0.0010798714968266,0.0010579001272671,0.4961552544855364,event_alignment_layer,0.1551382060266505,strong_sample,keep_for_next_round
dtw_trade_flow_similarity_graph,community_mean_volume_z_12,15m,top10_member,1997,0.046100076097532,0.0004823429707425,-0.0002529520567955,0.0007352950275381,0.5527638190954773,pair_flow_leadlag_candidate,0.15215770297449777,watch,watch
large_trade_alignment_graph,community_quality_score,30m,core_weighted,37,0.0942464412531527,-0.0003245042917474,-0.0014274419656938,0.0011029376739464,0.3333333333333333,sparse_event_flag,0.14888898193124048,ignore,ignore_sparse
flow_alignment_graph,flow_layer_participation_ratio,30m,top5_member,26648,0.033636390104857,9.895017227713336e-05,-0.0017466573423842,0.0018456075146614,0.5236486486486487,event_alignment_layer,0.1488639297980688,strong_sample,keep_for_next_round
flow_alignment_graph,community_member_count,15m,top5_member,27318,0.0323424515588867,-0.0002647358685567,-0.0011262519423641,0.0008615160738073,0.4829732698645185,event_alignment_layer,0.14348614782660138,strong_sample,keep_for_next_round
flow_alignment_graph,flow_member_count_z,15m,top5_member,27318,0.0323424515588867,-0.0002647358685567,-0.0011262519423641,0.0008615160738073,0.4829732698645185,event_alignment_layer,0.14348614782660138,strong_sample,keep_for_next_round
dtw_trade_flow_similarity_graph,community_mean_volume_z_12,15m,top5_member,1997,0.0415432956893889,0.0004392588772427,-0.0002265481745189,0.0006658070517616,0.5276381909547738,pair_flow_leadlag_candidate,0.1371176141383024,watch,watch
flow_alignment_graph,community_member_count,30m,top10_member,27048,0.0296413855739203,-6.443875933875077e-05,-0.0013576760541967,0.0012932372948579,0.4948224852071006,event_alignment_layer,0.13137510305303815,strong_sample,keep_for_next_round
flow_alignment_graph,flow_member_count_z,30m,top10_member,27048,0.0296413855739203,-6.443875933875077e-05,-0.0013576760541967,0.0012932372948579,0.4948224852071006,event_alignment_layer,0.13137510305303815,strong_sample,keep_for_next_round
volume_expansion_graph,edge_density_feature,30m,equal_weight,23969,0.0275384206659654,0.0011674297747225,-0.0017863889119429,0.0029538186866654,0.5012520868113522,theme_candidate_layer,0.12060914069850041,strong_sample,prioritize_for_next_round
volume_expansion_graph,edge_density_feature,30m,member_weight,23969,0.0275384206659654,0.0011674297747225,-0.0017863889119429,0.0029538186866654,0.5012520868113522,theme_candidate_layer,0.12060914069850041,strong_sample,prioritize_for_next_round
volume_expansion_graph,edge_density_feature,30m,core_weighted,23969,0.0266517567871841,0.0011471691796857,-0.0017404929871466,0.0028876621668324,0.501669449081803,theme_candidate_layer,0.11672584725166968,strong_sample,prioritize_for_next_round
dtw_trade_flow_similarity_graph,community_mean_volume_z_12,1m,top5_member,1999,0.0306460077115479,0.0007817068823016,0.0001217785365073,0.0006599283457943,0.5778894472361809,pair_flow_leadlag_candidate,0.1011633907031693,watch,watch
large_trade_alignment_graph,community_quality_score,30m,top5_member,37,0.0619572053750182,-0.0002531866492927,-0.0014177092681702,0.0011645226188774,0.3333333333333333,sparse_event_flag,0.0978789767436726,ignore,ignore_sparse
volume_expansion_graph,edge_density_feature,30m,top10_member,23962,0.0216170470100318,0.0011310647728499,-0.0013150044293624,0.0024460692022124,0.506677796327212,theme_candidate_layer,0.0946727477380184,strong_sample,prioritize_for_next_round
dtw_trade_flow_similarity_graph,community_mean_volume_z_12,1m,equal_weight,1999,0.0270084509424445,0.0007284940495768,0.0001424343833134,0.0005860596662633,0.5628140703517588,pair_flow_leadlag_candidate,0.08915570669742842,watch,watch
dtw_trade_flow_similarity_graph,community_mean_volume_z_12,1m,member_weight,1999,0.0270084509424445,0.0007284940495768,0.0001424343833134,0.0005860596662633,0.5628140703517588,pair_flow_leadlag_candidate,0.08915570669742842,watch,watch
volume_expansion_graph,edge_density_feature,15m,equal_weight,25943,0.0200245756750177,0.0008564802326749,-0.0015405245489055,0.0023970047815804,0.5042405551272167,theme_candidate_layer,0.08838921665054536,strong_sample,prioritize_for_next_round
volume_expansion_graph,edge_density_feature,15m,member_weight,25943,0.0200245756750177,0.0008564802326749,-0.0015405245489055,0.0023970047815804,0.5042405551272167,theme_candidate_layer,0.08838921665054536,strong_sample,prioritize_for_next_round
dtw_trade_flow_similarity_graph,community_mean_volume_z_12,1m,core_weighted,1999,0.026261039698724,0.0007052658148151,0.0001519756458859,0.0005532901689291,0.5628140703517588,pair_flow_leadlag_candidate,0.08668847976281052,watch,watch
dtw_return_similarity_graph,community_quality_score,15m,top5_member,4216,0.0237499211077919,-0.0001217007367083,-0.0008823645963702,0.0007606638596618,0.4893111638954869,weak_pair_candidate,0.08609354953956457,usable,keep_for_next_round
return_corr_graph,community_member_count,30m,core_weighted,24605,0.0194523796948803,0.0004896800889578,7.08301921438405e-05,0.0004188498968139,0.5345528455284553,beta_context_layer,0.08541619717043715,strong_sample,keep_for_next_round
dtw_trade_flow_similarity_graph,community_mean_volume_z_12,1m,top10_member,1999,0.0258348513790189,0.0007175203768844,0.000141312588291,0.0005762077885934,0.5527638190954773,pair_flow_leadlag_candidate,0.08528161933566235,watch,watch
volume_expansion_graph,edge_density_feature,15m,core_weighted,25943,0.0192715863721794,0.0008416827964119,-0.0015088863458219,0.0023505691422338,0.5019275250578258,theme_candidate_layer,0.08506549405565651,strong_sample,prioritize_for_next_round
flow_alignment_graph,community_member_count,30m,top5_member,26648,0.0186804993219289,-0.0002587139534769,-0.0016178228011293,0.0013591088476523,0.4628378378378378,event_alignment_layer,0.0826739293658908,strong_sample,keep_for_next_round
flow_alignment_graph,flow_member_count_z,30m,top5_member,26648,0.0186804993219289,-0.0002587139534769,-0.0016178228011293,0.0013591088476523,0.4628378378378378,event_alignment_layer,0.0826739293658908,strong_sample,keep_for_next_round
return_corr_graph,community_member_count,30m,equal_weight,24605,0.0187893543994776,0.0004834265148081,7.383856547657231e-05,0.0004095879493315,0.5304878048780488,beta_context_layer,0.08250482590124433,strong_sample,keep_for_next_round
return_corr_graph,community_member_count,30m,member_weight,24605,0.0187893543994776,0.0004834265148081,7.383856547657231e-05,0.0004095879493315,0.5304878048780488,beta_context_layer,0.08250482590124433,strong_sample,keep_for_next_round
dtw_return_similarity_graph,community_avg_weight_feature,15m,equal_weight,4216,0.0220284057753046,1.1715142035223508e-05,-4.494710818854952e-05,5.6662250223773024e-05,0.4964370546318289,weak_pair_candidate,0.07985305026009579,usable,keep_for_next_round
dtw_return_similarity_graph,community_avg_weight_feature,15m,member_weight,4216,0.0220284057753046,1.1715142035223508e-05,-4.494710818854952e-05,5.6662250223773024e-05,0.4964370546318289,weak_pair_candidate,0.07985305026009579,usable,keep_for_next_round
dtw_return_similarity_graph,community_avg_weight_feature,15m,top10_member,4216,0.0218848855486718,1.1715142035223508e-05,-4.494710818854952e-05,5.6662250223773024e-05,0.4964370546318289,weak_pair_candidate,0.07933278892173341,usable,keep_for_next_round
dtw_return_similarity_graph,community_avg_weight_feature,15m,core_weighted,4216,0.0215977130544373,-1.898775414053967e-05,-5.932121526892055e-05,4.033346112838088e-05,0.4940617577197149,weak_pair_candidate,0.07829178759602094,usable,keep_for_next_round
dtw_return_similarity_graph,community_quality_score,15m,core_weighted,4216,0.0210020321237633,-0.000145439550503,-0.0007973137974926,0.0006518742469896,0.4821852731591449,weak_pair_candidate,0.0761324420772718,usable,keep_for_next_round
dtw_return_similarity_graph,community_avg_weight_feature,15m,top5_member,4216,0.020615059789546,1.1715142035223508e-05,-4.494710818854952e-05,5.6662250223773024e-05,0.4964370546318289,weak_pair_candidate,0.07472966597224097,usable,keep_for_next_round
return_corr_graph,community_member_count,15m,core_weighted,24774,0.0168718273208622,0.0001362111687452,6.664972868218831e-05,6.95614400630767e-05,0.5115058538554703,beta_context_layer,0.07413503977029935,strong_sample,keep_for_next_round
flow_alignment_graph,community_member_count,5m,top10_member,27725,0.0166660660217476,-3.1417902433714007e-05,-0.0005403474631586,0.0005089295607248,0.4971139971139971,event_alignment_layer,0.07404545171740512,strong_sample,keep_for_next_round
flow_alignment_graph,flow_member_count_z,5m,top10_member,27725,0.0166660660217476,-3.1417902433714007e-05,-0.0005403474631586,0.0005089295607248,0.4971139971139971,event_alignment_layer,0.07404545171740512,strong_sample,keep_for_next_round
flow_alignment_graph,community_member_count,5m,core_weighted,27746,0.0165671370483631,-3.627142515733866e-05,-0.0006146401719719,0.0005783687468146,0.4938716654650324,event_alignment_layer,0.07361136897350974,strong_sample,keep_for_next_round
flow_alignment_graph,flow_member_count_z,5m,core_weighted,27746,0.0165671370483631,-3.627142515733866e-05,-0.0006146401719719,0.0005783687468146,0.4938716654650324,event_alignment_layer,0.07361136897350974,strong_sample,keep_for_next_round
return_corr_graph,community_member_count,15m,equal_weight,24774,0.0165403442248287,0.0001334188682257,6.837668936857418e-05,6.504217885714034e-05,0.5098909971740008,beta_context_layer,0.07267849851722247,strong_sample,keep_for_next_round
return_corr_graph,community_member_count,15m,member_weight,24774,0.0165403442248287,0.0001334188682257,6.837668936857418e-05,6.504217885714034e-05,0.5098909971740008,beta_context_layer,0.07267849851722247,strong_sample,keep_for_next_round
flow_alignment_graph,community_member_count,5m,equal_weight,27746,0.0162855812975204,-3.3539818016951524e-05,-0.0006068443646689,0.0005733045466519,0.4956741167988464,event_alignment_layer,0.07236035594685386,strong_sample,keep_for_next_round
flow_alignment_graph,community_member_count,5m,member_weight,27746,0.0162855812975204,-3.3539818016951524e-05,-0.0006068443646689,0.0005733045466519,0.4956741167988464,event_alignment_layer,0.07236035594685386,strong_sample,keep_for_next_round
flow_alignment_graph,flow_member_count_z,5m,equal_weight,27746,0.0162855812975204,-3.3539818016951524e-05,-0.0006068443646689,0.0005733045466519,0.4956741167988464,event_alignment_layer,0.07236035594685386,strong_sample,keep_for_next_round
flow_alignment_graph,flow_member_count_z,5m,member_weight,27746,0.0162855812975204,-3.3539818016951524e-05,-0.0006068443646689,0.0005733045466519,0.4956741167988464,event_alignment_layer,0.07236035594685386,strong_sample,keep_for_next_round
dtw_return_similarity_graph,community_quality_score,15m,top10_member,4216,0.0197625190412341,-0.0001217007367083,-0.0007798844007217,0.0006581836640134,0.4893111638954869,weak_pair_candidate,0.07163920268959842,usable,keep_for_next_round
return_corr_graph,community_member_count,15m,top10_member,24642,0.0161702847125657,0.0003915591511868,5.03927877451158e-05,0.0003411663634417,0.5081168831168831,beta_context_layer,0.07101493551103291,strong_sample,keep_for_next_round
return_corr_graph,community_member_count,5m,core_weighted,24893,0.0160031002181423,5.671569481245288e-05,-5.181543640545105e-05,0.0001085311312179,0.5058256327842507,beta_context_layer,0.07035114381590023,strong_sample,keep_for_next_round
dtw_return_similarity_graph,community_quality_score,15m,equal_weight,4216,0.0193615119499517,-0.0001217007367083,-0.0008023016358893,0.000680600899181,0.4893111638954869,weak_pair_candidate,0.07018555053966723,usable,keep_for_next_round
dtw_return_similarity_graph,community_quality_score,15m,member_weight,4216,0.0193615119499517,-0.0001217007367083,-0.0008023016358893,0.000680600899181,0.4893111638954869,weak_pair_candidate,0.07018555053966723,usable,keep_for_next_round
dtw_trade_flow_similarity_graph,edge_density_feature,5m,top5_member,1998,0.0210026256290286,4.958602227580368e-05,-0.0002095053832146,0.0002590914054904,0.542713567839196,pair_flow_leadlag_candidate,0.06932573538637067,watch,watch
return_corr_graph,community_member_count,5m,equal_weight,24893,0.0156445399109428,5.518336578784656e-05,-5.478710790305554e-05,0.0001099704736909,0.5014061872237846,beta_context_layer,0.0687748787550923,strong_sample,keep_for_next_round
return_corr_graph,community_member_count,5m,member_weight,24893,0.0156445399109428,5.518336578784656e-05,-5.478710790305554e-05,0.0001099704736909,0.5014061872237846,beta_context_layer,0.0687748787550923,strong_sample,keep_for_next_round
dtw_return_similarity_graph,edge_density_feature,1m,top5_member,4313,0.0183564798028542,1.452677062453133e-05,-0.0001643048593081,0.0001788316299326,0.5127610208816705,weak_pair_candidate,0.06672360388977658,usable,keep_for_next_round
flow_alignment_graph,community_member_count,5m,top5_member,27677,0.0149285806363241,-9.640902284812176e-05,-0.0004830855012116,0.0003866764783635,0.4828333935670401,event_alignment_layer,0.0663147661408855,strong_sample,keep_for_next_round
flow_alignment_graph,flow_member_count_z,5m,top5_member,27677,0.0149285806363241,-9.640902284812176e-05,-0.0004830855012116,0.0003866764783635,0.4828333935670401,event_alignment_layer,0.0663147661408855,strong_sample,keep_for_next_round
dtw_return_similarity_graph,edge_density_feature,5m,core_weighted,4296,0.0182308284551204,-0.0002416450340439,-0.0004144873266087,0.0001728422925647,0.4871794871794871,weak_pair_candidate,0.06623561431209807,usable,keep_for_next_round
dtw_return_similarity_graph,edge_density_feature,5m,top5_member,4296,0.0180638134865768,-0.000247608467621,-0.0003832564554071,0.000135647987786,0.4848484848484848,weak_pair_candidate,0.06562882131483887,usable,keep_for_next_round
dtw_trade_flow_similarity_graph,community_mean_volume_z_12,30m,equal_weight,1997,0.0193508681915278,0.0004576382928472,-0.0015414121106901,0.0019990504035373,0.4824120603015075,pair_flow_leadlag_candidate,0.06386938816230661,watch,watch
dtw_trade_flow_similarity_graph,community_mean_volume_z_12,30m,member_weight,1997,0.0193508681915278,0.0004576382928472,-0.0015414121106901,0.0019990504035373,0.4824120603015075,pair_flow_leadlag_candidate,0.06386938816230661,watch,watch
dtw_trade_flow_similarity_graph,community_mean_volume_z_12,30m,core_weighted,1997,0.0190619434070335,0.0006029809052035,-0.0015163833473241,0.0021193642525277,0.4874371859296482,pair_flow_leadlag_candidate,0.06291576432342083,watch,watch
dtw_return_similarity_graph,edge_density_feature,5m,equal_weight,4296,0.0171989647290122,-0.000247608467621,-0.0004189723165084,0.0001713638488873,0.4848484848484848,weak_pair_candidate,0.062486682772678576,usable,keep_for_next_round
dtw_return_similarity_graph,edge_density_feature,5m,member_weight,4296,0.0171989647290122,-0.000247608467621,-0.0004189723165084,0.0001713638488873,0.4848484848484848,weak_pair_candidate,0.062486682772678576,usable,keep_for_next_round
return_corr_graph,community_member_count,30m,top10_member,24153,0.0142227034617935,0.0005225096617482,0.0002207372483432,0.000301772413405,0.5097308488612836,beta_context_layer,0.062337953704604966,strong_sample,keep_for_next_round
volume_expansion_graph,edge_density_feature,15m,top10_member,25931,0.0138038789976806,0.0008894193958765,-0.0012338554363121,0.0021232748321886,0.5044350173544158,theme_candidate_layer,0.060928058238102656,strong_sample,prioritize_for_next_round
dtw_return_similarity_graph,community_avg_weight_feature,5m,top10_member,4296,0.016189273786324,8.034028547875539e-05,7.932940803240743e-05,1.0108774463479532e-06,0.5221445221445221,weak_pair_candidate,0.058818308621775374,usable,keep_for_next_round
dtw_return_similarity_graph,community_avg_weight_feature,5m,equal_weight,4296,0.0161737806465006,8.034028547875539e-05,7.932940803240743e-05,1.0108774463479532e-06,0.5221445221445221,weak_pair_candidate,0.058762019482949214,usable,keep_for_next_round
dtw_return_similarity_graph,community_avg_weight_feature,5m,member_weight,4296,0.0161737806465006,8.034028547875539e-05,7.932940803240743e-05,1.0108774463479532e-06,0.5221445221445221,weak_pair_candidate,0.058762019482949214,usable,keep_for_next_round
volume_expansion_graph,community_avg_weight_feature,1m,top5_member,27100,0.0130656670534749,0.0003293348730824,8.827193676389224e-05,0.0002410629363185,0.5095940959409594,theme_candidate_layer,0.05791991019448259,strong_sample,prioritize_for_next_round
flow_alignment_graph,flow_layer_participation_ratio,5m,equal_weight,27746,0.0127240052508105,4.299483225560201e-05,-6.201994192721537e-05,0.0001050147741828,0.5010814708002884,event_alignment_layer,0.05653550414921146,strong_sample,keep_for_next_round
flow_alignment_graph,flow_layer_participation_ratio,5m,member_weight,27746,0.0127240052508105,4.299483225560201e-05,-6.201994192721537e-05,0.0001050147741828,0.5010814708002884,event_alignment_layer,0.05653550414921146,strong_sample,keep_for_next_round
dtw_trade_flow_similarity_graph,edge_density_feature,5m,top10_member,1998,0.0169652285780078,4.958602227580368e-05,-1.8725904260570043e-05,6.831192653637371e-05,0.542713567839196,pair_flow_leadlag_candidate,0.05599904354542646,watch,watch
flow_alignment_graph,flow_layer_participation_ratio,5m,core_weighted,27746,0.0125765801311491,3.969865034082354e-05,-6.821872623728505e-05,0.0001079173765781,0.4996395097332372,event_alignment_layer,0.05588046249369312,strong_sample,keep_for_next_round
volume_expansion_graph,edge_density_feature,5m,core_weighted,26904,0.0125990898928128,1.1793186658729018e-05,-0.0009179282937829,0.0009297214804417,0.4847583643122676,theme_candidate_layer,0.055811864131571555,strong_sample,prioritize_for_next_round
volume_expansion_graph,edge_density_feature,5m,equal_weight,26904,0.0125691835516728,-1.0721481788238837e-06,-0.0009187570065064,0.0009176848583276,0.4843866171003717,theme_candidate_layer,0.05567938403478852,strong_sample,prioritize_for_next_round
volume_expansion_graph,edge_density_feature,5m,member_weight,26904,0.0125691835516728,-1.0721481788238837e-06,-0.0009187570065064,0.0009176848583276,0.4843866171003717,theme_candidate_layer,0.05567938403478852,strong_sample,prioritize_for_next_round
dtw_return_similarity_graph,community_avg_weight_feature,5m,top5_member,4296,0.014951614319469,8.034028547875539e-05,7.932940803240743e-05,1.0108774463479532e-06,0.5221445221445221,weak_pair_candidate,0.0543216871271389,usable,keep_for_next_round
dtw_return_similarity_graph,edge_density_feature,5m,top10_member,4296,0.0145309127480438,-0.000247608467621,-0.0003820823614429,0.0001344738938218,0.4848484848484848,weak_pair_candidate,0.05279320875359649,usable,keep_for_next_round
volume_expansion_graph,edge_density_feature,30m,top5_member,23905,0.0120219325402382,0.0012055307972456,-0.0003849899131515,0.0015905207103972,0.501673640167364,theme_candidate_layer,0.05263811476112005,strong_sample,prioritize_for_next_round
flow_alignment_graph,community_quality_score,1m,top10_member,27822,0.0114298638555417,0.0001765153961153,2.39190477729086e-05,0.0001525963483424,0.507548526240115,event_alignment_layer,0.050798932133248355,strong_sample,keep_for_next_round
dtw_return_similarity_graph,edge_density_feature,1m,equal_weight,4313,0.013729875698071,1.452677062453133e-05,-0.0001562989277171,0.0001708256983416,0.5127610208816705,weak_pair_candidate,0.04990645251011122,usable,keep_for_next_round
dtw_return_similarity_graph,edge_density_feature,1m,member_weight,4313,0.013729875698071,1.452677062453133e-05,-0.0001562989277171,0.0001708256983416,0.5127610208816705,weak_pair_candidate,0.04990645251011122,usable,keep_for_next_round
dtw_trade_flow_similarity_graph,community_mean_volume_z_12,30m,top5_member,1997,0.0148133714345362,0.0004687433445466,-0.0014139142249602,0.0018826575695069,0.4874371859296482,pair_flow_leadlag_candidate,0.04889294685801477,watch,watch
dtw_trade_flow_similarity_graph,community_mean_volume_z_12,30m,top10_member,1997,0.0145211664102735,0.0004583334446875,-0.0014754198925814,0.001933753337269,0.4773869346733668,pair_flow_leadlag_candidate,0.047928496274563345,watch,watch
dtw_return_similarity_graph,edge_density_feature,1m,top10_member,4313,0.0131584353887601,1.452677062453133e-05,-0.0001452821727172,0.0001598089433417,0.5127610208816705,weak_pair_candidate,0.04782933547816355,usable,keep_for_next_round
flow_alignment_graph,community_quality_score,1m,top5_member,27822,0.0104333252476819,0.0001902428298817,2.0221344494650863e-06,0.0001882206954322,0.50862688713156,event_alignment_layer,0.046369912002419106,strong_sample,keep_for_next_round
dtw_return_similarity_graph,edge_density_feature,1m,core_weighted,4313,0.0124426175333771,9.97400407703056e-06,-0.0001661262482925,0.0001761002523696,0.5127610208816705,weak_pair_candidate,0.0452274233712258,usable,keep_for_next_round
return_corr_graph,community_member_count,1m,core_weighted,24938,0.0100198466821348,7.803560302824574e-05,-4.967986406018695e-05,0.0001277154670884,0.5150421179302046,beta_context_layer,0.04405605381281278,strong_sample,keep_for_next_round
volume_expansion_graph,community_avg_weight_feature,1m,top10_member,27103,0.0098703035901119,0.000301777451408,8.917186802384593e-05,0.0002126055833841,0.5029520295202952,theme_candidate_layer,0.043755385371084074,strong_sample,prioritize_for_next_round
return_corr_graph,community_member_count,1m,equal_weight,24938,0.0097535880769361,7.749238902060254e-05,-5.056031365984831e-05,0.0001280527026804,0.516245487364621,beta_context_layer,0.04288534693366728,strong_sample,keep_for_next_round
return_corr_graph,community_member_count,1m,member_weight,24938,0.0097535880769361,7.749238902060254e-05,-5.056031365984831e-05,0.0001280527026804,0.516245487364621,beta_context_layer,0.04288534693366728,strong_sample,keep_for_next_round
dtw_trade_flow_similarity_graph,edge_density_feature,5m,equal_weight,1998,0.0124953058866911,4.958602227580368e-05,3.4539878593565464e-05,1.504614368223821e-05,0.542713567839196,pair_flow_leadlag_candidate,0.04124466553720941,watch,watch
dtw_trade_flow_similarity_graph,edge_density_feature,5m,member_weight,1998,0.0124953058866911,4.958602227580368e-05,3.4539878593565464e-05,1.504614368223821e-05,0.542713567839196,pair_flow_leadlag_candidate,0.04124466553720941,watch,watch
return_corr_graph,community_member_count,1m,top10_member,24938,0.0089849118230759,7.962308832312749e-05,-5.056031365984831e-05,0.0001301834019829,0.5090252707581228,beta_context_layer,0.039505570428196725,strong_sample,keep_for_next_round
return_corr_graph,community_member_count,5m,top10_member,24881,0.0087984251962025,5.37200918115716e-05,-3.152799967887969e-05,8.524809149045129e-05,0.4971864951768489,beta_context_layer,0.03867686785773806,strong_sample,keep_for_next_round
volume_expansion_graph,edge_density_feature,15m,top5_member,25904,0.0085512408827533,0.0008467615029034,-0.0008939622076404,0.0017407237105439,0.5034749034749034,theme_candidate_layer,0.03773990624271659,strong_sample,prioritize_for_next_round
volume_expansion_graph,community_avg_weight_feature,1m,equal_weight,27103,0.008435184468634,0.0003045348161152,8.917186802384593e-05,0.0002153629480914,0.5011070110701107,theme_candidate_layer,0.0373934543888816,strong_sample,prioritize_for_next_round
volume_expansion_graph,community_avg_weight_feature,1m,member_weight,27103,0.008435184468634,0.0003045348161152,8.917186802384593e-05,0.0002153629480914,0.5011070110701107,theme_candidate_layer,0.0373934543888816,strong_sample,prioritize_for_next_round
dtw_trade_flow_similarity_graph,edge_density_feature,5m,core_weighted,1998,0.0112925318570266,6.680362144317447e-05,4.205190745676324e-05,2.4751713986411237e-05,0.542713567839196,pair_flow_leadlag_candidate,0.03727453363165982,watch,watch
volume_expansion_graph,community_avg_weight_feature,1m,core_weighted,27103,0.0083363890825606,0.0003060474120839,5.942001220010959e-05,0.0002466273998838,0.5040590405904058,theme_candidate_layer,0.03695549114377359,strong_sample,prioritize_for_next_round
dtw_return_similarity_graph,community_quality_score,30m,top5_member,4062,0.010169882048383,-0.0007734097318791,-0.0011138992481591,0.00034048951628,0.4507389162561576,weak_pair_candidate,0.03670154651374141,usable,keep_for_next_round
volume_expansion_graph,edge_density_feature,5m,top10_member,26897,0.0082357997215757,2.5385878035487635e-06,-0.0007010157820498,0.0007035543698533,0.484938638899219,theme_candidate_layer,0.03648228665411882,strong_sample,prioritize_for_next_round
dtw_return_similarity_graph,community_quality_score,30m,core_weighted,4062,0.0091277143704909,-0.0008106574629308,-0.0009589395756784,0.0001482821127475,0.4556650246305418,weak_pair_candidate,0.03294052300104921,usable,keep_for_next_round
volume_expansion_graph,community_quality_score,15m,top5_member,25904,-0.0071966557843688,0.0003500923292167,0.0001243280666151,0.0002257642626015,0.5077220077220077,theme_candidate_layer,0.031761602589276294,strong_sample,prioritize_for_next_round
flow_alignment_graph,community_quality_score,1m,core_weighted,27822,0.0069688116736077,0.0001711176901458,2.4423078053584547e-05,0.0001466946120922,0.5082674335010784,event_alignment_layer,0.030972214169055715,strong_sample,keep_for_next_round
dtw_trade_flow_similarity_graph,edge_density_feature,1m,top5_member,1999,-0.0091836668796882,0.0005574259731619,0.0005339815070828,2.344446607910084e-05,0.5728643216080402,pair_flow_leadlag_candidate,0.03031555984003659,watch,watch
dtw_return_similarity_graph,community_quality_score,30m,equal_weight,4062,0.008047059670035,-0.0007734097318791,-0.0009608535989273,0.0001874438670482,0.4507389162561576,weak_pair_candidate,0.029040605719276833,usable,keep_for_next_round
dtw_return_similarity_graph,community_quality_score,30m,member_weight,4062,0.008047059670035,-0.0007734097318791,-0.0009608535989273,0.0001874438670482,0.4507389162561576,weak_pair_candidate,0.029040605719276833,usable,keep_for_next_round
dtw_return_similarity_graph,community_avg_weight_feature,30m,top5_member,4062,-0.0078464639185945,0.0001158896017002,7.935186722122674e-05,3.653773447903196e-05,0.4926108374384236,weak_pair_candidate,0.02831668637911861,usable,keep_for_next_round
dtw_return_similarity_graph,community_quality_score,30m,top10_member,4062,0.0071921949648192,-0.0007734097318791,-0.000900222438383,0.0001268127065038,0.4507389162561576,weak_pair_candidate,0.02595552994433979,usable,keep_for_next_round
volume_expansion_graph,community_quality_score,5m,top5_member,26873,-0.0058295303077713,5.180491001892563e-05,1.0575923963171913e-05,4.122898605575373e-05,0.4748790472646074,theme_candidate_layer,0.02582092696082351,strong_sample,prioritize_for_next_round
flow_alignment_graph,community_quality_score,1m,equal_weight,27822,0.0057860177972937,0.0001799638793735,2.7856459010742212e-05,0.0001521074203627,0.5064701653486701,event_alignment_layer,0.02571540038632943,strong_sample,keep_for_next_round
flow_alignment_graph,community_quality_score,1m,member_weight,27822,0.0057860177972937,0.0001799638793735,2.7856459010742212e-05,0.0001521074203627,0.5064701653486701,event_alignment_layer,0.02571540038632943,strong_sample,keep_for_next_round
dtw_return_similarity_graph,community_avg_weight_feature,30m,equal_weight,4062,-0.007087782926488,0.0001158896017002,7.935186722122674e-05,3.653773447903196e-05,0.4926108374384236,weak_pair_candidate,0.02557872289159561,usable,keep_for_next_round
dtw_return_similarity_graph,community_avg_weight_feature,30m,member_weight,4062,-0.007087782926488,0.0001158896017002,7.935186722122674e-05,3.653773447903196e-05,0.4926108374384236,weak_pair_candidate,0.02557872289159561,usable,keep_for_next_round
dtw_return_similarity_graph,community_avg_weight_feature,30m,top10_member,4062,-0.0068299868426121,0.0001158896017002,7.935186722122674e-05,3.653773447903196e-05,0.4926108374384236,weak_pair_candidate,0.024648376313491878,usable,keep_for_next_round
flow_alignment_graph,flow_layer_participation_ratio,5m,top10_member,27725,0.0054803477303338,6.537294490886617e-05,-0.0002592813207797,0.0003246542656886,0.5068542568542569,event_alignment_layer,0.024348566886240534,strong_sample,keep_for_next_round
return_corr_graph,community_member_count,15m,top5_member,24501,0.0054660456159782,0.0001711948356459,-8.902704923133717e-05,0.0002602218848772,0.4987755102040816,beta_context_layer,0.02399157581091943,strong_sample,keep_for_next_round
volume_expansion_graph,community_quality_score,30m,equal_weight,23969,0.0053455494941029,0.0024392278248568,-0.0004980068587125,0.0029372346835694,0.4974958263772955,theme_candidate_layer,0.02341173224366724,strong_sample,prioritize_for_next_round
volume_expansion_graph,community_quality_score,30m,member_weight,23969,0.0053455494941029,0.0024392278248568,-0.0004980068587125,0.0029372346835694,0.4974958263772955,theme_candidate_layer,0.02341173224366724,strong_sample,prioritize_for_next_round
flow_alignment_graph,flow_layer_participation_ratio,5m,top5_member,27677,0.004937071087712,0.0001188573471943,-0.000299682817799,0.0004185401649934,0.5077701481749187,event_alignment_layer,0.021931134819737637,strong_sample,keep_for_next_round
volume_expansion_graph,community_quality_score,15m,top10_member,25931,-0.0048201366933996,0.0003592092676675,-7.3739855871096e-05,0.0004329491235386,0.5082915541843425,theme_candidate_layer,0.02127529292457666,strong_sample,prioritize_for_next_round
volume_expansion_graph,community_quality_score,30m,core_weighted,23969,0.004393743668804,0.0023906577525363,-0.0004335862007035,0.0028242439532399,0.498330550918197,theme_candidate_layer,0.01924313869599863,strong_sample,prioritize_for_next_round
volume_expansion_graph,edge_density_feature,5m,top5_member,26873,0.0042836267627622,5.178012487968087e-06,-0.0007826534219217,0.0007878314344097,0.4845552660960178,theme_candidate_layer,0.018973606436398834,strong_sample,prioritize_for_next_round
return_corr_graph,community_member_count,30m,top5_member,23821,0.0041077788406738,0.000241348164362,8.426122940731954e-05,0.0001570869349546,0.5113350125944585,beta_context_layer,0.017979658519471337,strong_sample,keep_for_next_round
volume_expansion_graph,community_quality_score,1m,equal_weight,27103,0.0039328647387202,0.0004217488222816,1.195010097076503e-05,0.0004097987213108,0.5,theme_candidate_layer,0.017434520699793316,strong_sample,prioritize_for_next_round
volume_expansion_graph,community_quality_score,1m,member_weight,27103,0.0039328647387202,0.0004217488222816,1.195010097076503e-05,0.0004097987213108,0.5,theme_candidate_layer,0.017434520699793316,strong_sample,prioritize_for_next_round
volume_expansion_graph,community_quality_score,1m,core_weighted,27103,0.0036187587660803,0.000417362094855,3.7700070669514045e-05,0.0003796620241855,0.4996309963099631,theme_candidate_layer,0.016042078435506063,strong_sample,prioritize_for_next_round
dtw_return_similarity_graph,community_quality_score,5m,core_weighted,4296,0.0043904216974253,-0.0001461451280519,-0.0001721694563751,2.602432832318703e-05,0.4825174825174825,weak_pair_candidate,0.015951127999147673,usable,keep_for_next_round
return_corr_graph,community_member_count,5m,top5_member,24848,0.0035578795679193,6.145134640702034e-05,-3.937762793762594e-05,0.0001008289743446,0.4879227053140096,beta_context_layer,0.015637979787209533,strong_sample,keep_for_next_round
volume_expansion_graph,community_quality_score,30m,top5_member,23905,-0.0034914113861582,0.002433747393587,0.0003539330439946,0.0020798143495923,0.497071129707113,theme_candidate_layer,0.015287168897991098,strong_sample,prioritize_for_next_round
dtw_return_similarity_graph,community_quality_score,5m,top5_member,4296,0.0042015704721475,-0.0001337263615453,-0.000143484210553,9.757849007651747e-06,0.4848484848484848,weak_pair_candidate,0.015265000270467614,usable,keep_for_next_round
dtw_return_similarity_graph,community_quality_score,5m,equal_weight,4296,0.0036134881957674,-0.0001337263615453,-0.000185924281492,5.219791994671538e-05,0.4848484848484848,weak_pair_candidate,0.013128400118807873,usable,keep_for_next_round
dtw_return_similarity_graph,community_quality_score,5m,member_weight,4296,0.0036134881957674,-0.0001337263615453,-0.000185924281492,5.219791994671538e-05,0.4848484848484848,weak_pair_candidate,0.013128400118807873,usable,keep_for_next_round
volume_expansion_graph,community_quality_score,5m,top10_member,26897,-0.0023577543610443,4.718842496536464e-05,-0.0001082863747473,0.0001554747997127,0.4748977314986984,theme_candidate_layer,0.010444191622857967,strong_sample,prioritize_for_next_round
dtw_return_similarity_graph,community_quality_score,5m,top10_member,4296,0.0021022281141838,-0.0001337263615453,-0.0001490343264265,1.5307964881164355e-05,0.4848484848484848,weak_pair_candidate,0.007637742349992829,usable,keep_for_next_round
volume_expansion_graph,community_quality_score,1m,top10_member,27103,0.0015762633228523,0.0004217488222816,7.253504806190853e-05,0.0003492137742197,0.5,theme_candidate_layer,0.006987627939509607,strong_sample,prioritize_for_next_round
volume_expansion_graph,community_quality_score,15m,core_weighted,25943,-0.0015270255580046,0.0003805253051498,-0.0002646363511003,0.0006451616562501,0.5115651503469545,theme_candidate_layer,0.006740347214736634,strong_sample,prioritize_for_next_round
volume_expansion_graph,community_quality_score,1m,top5_member,27100,-0.0013357609850982,0.0004351854274889,0.0002968209098102,0.0001383645176786,0.5,theme_candidate_layer,0.005921408832900348,strong_sample,prioritize_for_next_round
return_corr_graph,community_member_count,1m,top5_member,24938,0.0012654107382219,6.705161006451908e-05,-5.056031365984831e-05,0.0001176119237243,0.5050140393100682,beta_context_layer,0.0055638579458321055,strong_sample,keep_for_next_round
volume_expansion_graph,community_quality_score,30m,top10_member,23962,0.0009374648536081,0.0024496519348616,-0.0001669535389616,0.0026166054738233,0.4974958263772955,theme_candidate_layer,0.004105665938447133,strong_sample,prioritize_for_next_round
volume_expansion_graph,community_quality_score,5m,equal_weight,26904,0.0006586136855292,5.1576035608533777e-05,-0.000226387538041,0.0002779635736495,0.475092936802974,theme_candidate_layer,0.002917548636026346,strong_sample,prioritize_for_next_round
volume_expansion_graph,community_quality_score,5m,member_weight,26904,0.0006586136855292,5.1576035608533777e-05,-0.000226387538041,0.0002779635736495,0.475092936802974,theme_candidate_layer,0.002917548636026346,strong_sample,prioritize_for_next_round
volume_expansion_graph,community_quality_score,5m,core_weighted,26904,0.0002760204845673,2.2881105662499156e-05,-0.000231196890273,0.0002540779959355,0.4758364312267658,theme_candidate_layer,0.0012227246502137157,strong_sample,prioritize_for_next_round
volume_expansion_graph,community_quality_score,15m,equal_weight,25943,-0.0002419909575387,0.0003641128027199,-0.0002958991737221,0.000660011976442,0.5084811102544333,theme_candidate_layer,0.0010681570246727423,strong_sample,prioritize_for_next_round
volume_expansion_graph,community_quality_score,15m,member_weight,25943,-0.0002419909575387,0.0003641128027199,-0.0002958991737221,0.000660011976442,0.5084811102544333,theme_candidate_layer,0.0010681570246727423,strong_sample,prioritize_for_next_round
large_trade_alignment_graph,positive_large_trade_breadth,1m,core_weighted,45,,-0.0001360937673419,0.0004998877074912,-0.0006359814748331,0.5,sparse_event_flag,0.0,ignore,ignore_sparse
large_trade_alignment_graph,positive_large_trade_breadth,5m,core_weighted,45,,-0.0005890868877834,-0.0017234937595717,0.0011344068717882,0.25,sparse_event_flag,0.0,ignore,ignore_sparse
large_trade_alignment_graph,positive_large_trade_breadth,1m,equal_weight,45,,-4.9910895026109015e-05,0.0004711692816224,-0.0005210801766486,0.5,sparse_event_flag,0.0,ignore,ignore_sparse
large_trade_alignment_graph,positive_large_trade_breadth,5m,equal_weight,45,,-0.0005067886641507,-0.0017739550991826,0.0012671664350318,0.25,sparse_event_flag,0.0,ignore,ignore_sparse
large_trade_alignment_graph,positive_large_trade_breadth,1m,member_weight,45,,-4.9910895026109015e-05,0.0004711692816224,-0.0005210801766486,0.5,sparse_event_flag,0.0,ignore,ignore_sparse
large_trade_alignment_graph,positive_large_trade_breadth,5m,member_weight,45,,-0.0005067886641507,-0.0017739550991826,0.0012671664350318,0.25,sparse_event_flag,0.0,ignore,ignore_sparse
large_trade_alignment_graph,positive_large_trade_breadth,1m,top10_member,45,,-4.9910895026109015e-05,0.0004711692816224,-0.0005210801766486,0.5,sparse_event_flag,0.0,ignore,ignore_sparse
large_trade_alignment_graph,positive_large_trade_breadth,5m,top10_member,45,,-0.0005067886641507,-0.0017739550991826,0.0012671664350318,0.25,sparse_event_flag,0.0,ignore,ignore_sparse
large_trade_alignment_graph,positive_large_trade_breadth,1m,top5_member,45,,-4.9910895026109015e-05,0.0004711692816224,-0.0005210801766486,0.5,sparse_event_flag,0.0,ignore,ignore_sparse
large_trade_alignment_graph,positive_large_trade_breadth,5m,top5_member,45,,-0.0005067886641507,-0.0017739550991826,0.0012671664350318,0.25,sparse_event_flag,0.0,ignore,ignore_sparse
large_trade_alignment_graph,positive_large_trade_breadth,15m,core_weighted,44,,-0.001309267405651,0.0001357912060375,-0.0014450586116886,0.5,sparse_event_flag,0.0,ignore,ignore_sparse
large_trade_alignment_graph,positive_large_trade_breadth,15m,equal_weight,44,,-0.0011531018979295,0.0001802682039324,-0.0013333701018619,0.5,sparse_event_flag,0.0,ignore,ignore_sparse
large_trade_alignment_graph,positive_large_trade_breadth,15m,member_weight,44,,-0.0011531018979295,0.0001802682039324,-0.0013333701018619,0.5,sparse_event_flag,0.0,ignore,ignore_sparse
large_trade_alignment_graph,positive_large_trade_breadth,15m,top10_member,44,,-0.0011531018979295,0.0001802682039324,-0.0013333701018619,0.5,sparse_event_flag,0.0,ignore,ignore_sparse
large_trade_alignment_graph,positive_large_trade_breadth,15m,top5_member,44,,-0.0011531018979295,0.0001802682039324,-0.0013333701018619,0.5,sparse_event_flag,0.0,ignore,ignore_sparse
large_trade_alignment_graph,positive_large_trade_breadth,30m,core_weighted,37,,-0.0009744340481563,-0.0013113251862714,0.000336891138115,0.3333333333333333,sparse_event_flag,0.0,ignore,ignore_sparse
large_trade_alignment_graph,positive_large_trade_breadth,30m,equal_weight,37,,-0.0008104974818291,-0.0012573127716101,0.000446815289781,0.3333333333333333,sparse_event_flag,0.0,ignore,ignore_sparse
large_trade_alignment_graph,positive_large_trade_breadth,30m,member_weight,37,,-0.0008104974818291,-0.0012573127716101,0.000446815289781,0.3333333333333333,sparse_event_flag,0.0,ignore,ignore_sparse
large_trade_alignment_graph,positive_large_trade_breadth,30m,top10_member,37,,-0.0008104974818291,-0.0012573127716101,0.000446815289781,0.3333333333333333,sparse_event_flag,0.0,ignore,ignore_sparse
large_trade_alignment_graph,positive_large_trade_breadth,30m,top5_member,37,,-0.0008104974818291,-0.0012573127716101,0.000446815289781,0.3333333333333333,sparse_event_flag,0.0,ignore,ignore_sparse
flow_alignment_graph,community_mean_flow_impulse_score,15m,core_weighted,0,,,,,,event_alignment_layer,0.0,ignore,ignore_sparse
flow_alignment_graph,community_mean_flow_impulse_score,1m,core_weighted,0,,,,,,event_alignment_layer,0.0,ignore,ignore_sparse
flow_alignment_graph,community_mean_flow_impulse_score,30m,core_weighted,0,,,,,,event_alignment_layer,0.0,ignore,ignore_sparse
flow_alignment_graph,community_mean_flow_impulse_score,5m,core_weighted,0,,,,,,event_alignment_layer,0.0,ignore,ignore_sparse
flow_alignment_graph,community_mean_flow_impulse_score,15m,equal_weight,0,,,,,,event_alignment_layer,0.0,ignore,ignore_sparse
flow_alignment_graph,community_mean_flow_impulse_score,1m,equal_weight,0,,,,,,event_alignment_layer,0.0,ignore,ignore_sparse
flow_alignment_graph,community_mean_flow_impulse_score,30m,equal_weight,0,,,,,,event_alignment_layer,0.0,ignore,ignore_sparse
flow_alignment_graph,community_mean_flow_impulse_score,5m,equal_weight,0,,,,,,event_alignment_layer,0.0,ignore,ignore_sparse
flow_alignment_graph,community_mean_flow_impulse_score,15m,member_weight,0,,,,,,event_alignment_layer,0.0,ignore,ignore_sparse
flow_alignment_graph,community_mean_flow_impulse_score,1m,member_weight,0,,,,,,event_alignment_layer,0.0,ignore,ignore_sparse
flow_alignment_graph,community_mean_flow_impulse_score,30m,member_weight,0,,,,,,event_alignment_layer,0.0,ignore,ignore_sparse
flow_alignment_graph,community_mean_flow_impulse_score,5m,member_weight,0,,,,,,event_alignment_layer,0.0,ignore,ignore_sparse
flow_alignment_graph,community_mean_flow_impulse_score,15m,top10_member,0,,,,,,event_alignment_layer,0.0,ignore,ignore_sparse
flow_alignment_graph,community_mean_flow_impulse_score,1m,top10_member,0,,,,,,event_alignment_layer,0.0,ignore,ignore_sparse
flow_alignment_graph,community_mean_flow_impulse_score,30m,top10_member,0,,,,,,event_alignment_layer,0.0,ignore,ignore_sparse
flow_alignment_graph,community_mean_flow_impulse_score,5m,top10_member,0,,,,,,event_alignment_layer,0.0,ignore,ignore_sparse
flow_alignment_graph,community_mean_flow_impulse_score,15m,top5_member,0,,,,,,event_alignment_layer,0.0,ignore,ignore_sparse
flow_alignment_graph,community_mean_flow_impulse_score,1m,top5_member,0,,,,,,event_alignment_layer,0.0,ignore,ignore_sparse
flow_alignment_graph,community_mean_flow_impulse_score,30m,top5_member,0,,,,,,event_alignment_layer,0.0,ignore,ignore_sparse
flow_alignment_graph,community_mean_flow_impulse_score,5m,top5_member,0,,,,,,event_alignment_layer,0.0,ignore,ignore_sparse
flow_alignment_graph,flow_layer_participation_ratio,1m,equal_weight,27822,-0.0003261223404868,0.0001889156318314,0.0005251960075053,-0.0003362803756739,0.5150970524802301,event_alignment_layer,-0.001449419420117836,strong_sample,downgrade
flow_alignment_graph,flow_layer_participation_ratio,1m,member_weight,27822,-0.0003261223404868,0.0001889156318314,0.0005251960075053,-0.0003362803756739,0.5150970524802301,event_alignment_layer,-0.001449419420117836,strong_sample,downgrade
flow_alignment_graph,flow_layer_participation_ratio,1m,core_weighted,27822,-0.0007994949712347,0.0001886175021488,0.0005310342722479,-0.0003424167700991,0.5147375988497483,event_alignment_layer,-0.0035532786127573748,strong_sample,downgrade
volume_expansion_graph,edge_density_feature,1m,core_weighted,27103,0.0008112830700821,-0.0001081383893809,7.962988437650674e-05,-0.0001877682737574,0.4933579335793358,theme_candidate_layer,-0.0035964449373209247,strong_sample,downgrade
dtw_trade_flow_similarity_graph,community_mean_volume_z_12,5m,top5_member,1998,0.0011127246151044,0.0002962195177961,0.0005597747484701,-0.0002635552306739,0.5527638190954773,pair_flow_leadlag_candidate,-0.003672895645866761,watch,watch
volume_expansion_graph,edge_density_feature,1m,equal_weight,27103,0.001266790722817,-0.000137053630596,4.9236347848750645e-05,-0.0001862899784448,0.4940959409594096,theme_candidate_layer,-0.005615725570680605,strong_sample,downgrade
volume_expansion_graph,edge_density_feature,1m,member_weight,27103,0.001266790722817,-0.000137053630596,4.9236347848750645e-05,-0.0001862899784448,0.4940959409594096,theme_candidate_layer,-0.005615725570680605,strong_sample,downgrade
dtw_trade_flow_similarity_graph,community_mean_volume_z_12,5m,equal_weight,1998,-0.0019172971209527,0.0002954430538781,0.0005807410984127,-0.0002852980445345,0.5678391959798995,pair_flow_leadlag_candidate,-0.006328638866966503,watch,watch
dtw_trade_flow_similarity_graph,community_mean_volume_z_12,5m,member_weight,1998,-0.0019172971209527,0.0002954430538781,0.0005807410984127,-0.0002852980445345,0.5678391959798995,pair_flow_leadlag_candidate,-0.006328638866966503,watch,watch
volume_expansion_graph,edge_density_feature,1m,top10_member,27103,-0.0015231622857646,-0.000137053630596,0.0001208238376266,-0.0002578774682227,0.4940959409594096,theme_candidate_layer,-0.006752229269127857,strong_sample,downgrade
return_corr_graph,edge_density_feature,1m,top5_member,24938,-0.0015460307361848,1.0110420391014376e-05,2.1637304991491748e-05,-1.1526884600477371e-05,0.50220617729643,beta_context_layer,-0.006797710131739096,strong_sample,downgrade
volume_expansion_graph,feature_coverage_ratio,1m,equal_weight,27103,-0.0018267022670921,3.7938752959245845e-05,7.422951442272562e-05,-3.6290761463479774e-05,0.4959409594095941,theme_candidate_layer,-0.00809783214114305,strong_sample,downgrade
volume_expansion_graph,feature_coverage_ratio,1m,member_weight,27103,-0.0018267022670921,3.7938752959245845e-05,7.422951442272562e-05,-3.6290761463479774e-05,0.4959409594095941,theme_candidate_layer,-0.00809783214114305,strong_sample,downgrade
dtw_trade_flow_similarity_graph,edge_density_feature,15m,equal_weight,1997,0.0024904710498329,-0.001735613245347,-0.0003411226256182,-0.0013944906197288,0.4271356783919598,pair_flow_leadlag_candidate,-0.008220037499837166,watch,watch
dtw_trade_flow_similarity_graph,edge_density_feature,15m,member_weight,1997,0.0024904710498329,-0.001735613245347,-0.0003411226256182,-0.0013944906197288,0.4271356783919598,pair_flow_leadlag_candidate,-0.008220037499837166,watch,watch
volume_expansion_graph,community_avg_weight_feature,30m,top10_member,23962,-0.0020699001218348,0.0008495613403417,0.0024614766925167,-0.0016119153521749,0.4987479131886477,theme_candidate_layer,-0.009065212838109626,strong_sample,downgrade
dtw_trade_flow_similarity_graph,community_mean_volume_z_12,5m,core_weighted,1998,-0.0028622396008637,0.0002736870351147,0.000615980198073,-0.0003422931629582,0.5678391959798995,pair_flow_leadlag_candidate,-0.009447717094362434,watch,watch
volume_expansion_graph,feature_coverage_ratio,1m,core_weighted,27103,-0.0021644292994232,7.24271926739673e-05,7.653983479284116e-05,-4.112642118873851e-06,0.4966789667896679,theme_candidate_layer,-0.0095949873517167,strong_sample,downgrade
volume_expansion_graph,feature_coverage_ratio,30m,top5_member,23905,0.0023448701636077,7.562747234657079e-05,0.0021180907197374,-0.0020424632473909,0.4815899581589958,theme_candidate_layer,-0.010267030226528192,strong_sample,downgrade
dtw_trade_flow_similarity_graph,edge_density_feature,15m,core_weighted,1997,0.0038092042278837,-0.0016860162096021,-0.0003447029202986,-0.0013413132893034,0.4321608040201005,pair_flow_leadlag_candidate,-0.012572642271767496,watch,watch
flow_alignment_graph,flow_layer_participation_ratio,1m,top10_member,27822,-0.0031759236354873,0.0002079152819427,0.0004705201491742,-0.0002626048672315,0.5168943206326384,event_alignment_layer,-0.014115087568718255,strong_sample,downgrade
return_corr_graph,edge_density_feature,5m,top5_member,24848,-0.0033991628178683,-4.492336201547327e-05,6.132314571742141e-05,-0.0001062465077328,0.4923510466988728,beta_context_layer,-0.014940370640579357,strong_sample,downgrade
volume_expansion_graph,feature_coverage_ratio,1m,top10_member,27103,-0.0033850058679197,2.3264525583417303e-05,9.16746343776715e-05,-6.84101087942542e-05,0.4952029520295203,theme_candidate_layer,-0.015005844033266278,strong_sample,downgrade
dtw_return_similarity_graph,community_avg_weight_feature,1m,core_weighted,4313,-0.0041516201572844,0.0001204398328472,0.0001512706699018,-3.083083705467524e-05,0.5290023201856149,weak_pair_candidate,-0.015090641661719067,usable,downgrade
dtw_return_similarity_graph,community_avg_weight_feature,1m,top5_member,4313,-0.004155609648642,0.000121592908473,0.0001470475441832,-2.5454635710253106e-05,0.5243619489559165,weak_pair_candidate,-0.015105142984626566,usable,downgrade
dtw_return_similarity_graph,community_avg_weight_feature,1m,top10_member,4313,-0.0041698115071954,0.000121592908473,0.0001470475441832,-2.5454635710253106e-05,0.5243619489559165,weak_pair_candidate,-0.015156765038244297,usable,downgrade
dtw_return_similarity_graph,community_avg_weight_feature,1m,equal_weight,4313,-0.0043775477373674,0.000121592908473,0.0001470475441832,-2.5454635710253106e-05,0.5243619489559165,weak_pair_candidate,-0.015911861335814202,usable,downgrade
dtw_return_similarity_graph,community_avg_weight_feature,1m,member_weight,4313,-0.0043775477373674,0.000121592908473,0.0001470475441832,-2.5454635710253106e-05,0.5243619489559165,weak_pair_candidate,-0.015911861335814202,usable,downgrade
dtw_trade_flow_similarity_graph,community_mean_volume_z_12,5m,top10_member,1998,-0.0048577629354231,0.0003019595764386,0.0005860553053277,-0.0002840957288891,0.542713567839196,pair_flow_leadlag_candidate,-0.01603456604803735,watch,watch
return_corr_graph,edge_density_feature,30m,top5_member,23821,-0.00389467091634,0.0001501657034172,0.0002788291627971,-0.0001286634593798,0.4941225860621326,beta_context_layer,-0.017046889776087246,strong_sample,downgrade
dtw_trade_flow_similarity_graph,edge_density_feature,15m,top10_member,1997,0.0056000706993436,-0.001735613245347,-0.0003481629388182,-0.0013874503065288,0.4271356783919598,pair_flow_leadlag_candidate,-0.018483568059717997,watch,watch
volume_expansion_graph,community_avg_weight_feature,30m,top5_member,23905,0.0042589604325523,0.0012097368800631,0.0024723421760261,-0.0012626052959629,0.5075313807531381,theme_candidate_layer,-0.01864788770535852,strong_sample,downgrade
dtw_trade_flow_similarity_graph,edge_density_feature,15m,top5_member,1997,0.0060486346915846,-0.001735613245347,-0.0004380123495995,-0.0012976008957475,0.4271356783919598,pair_flow_leadlag_candidate,-0.019964096346744294,watch,watch
volume_expansion_graph,community_avg_weight_feature,30m,core_weighted,23969,-0.0047316345901756,0.0007908016726161,0.0025093334586882,-0.0017185317860721,0.4987479131886477,theme_candidate_layer,-0.020722988763320006,strong_sample,downgrade
volume_expansion_graph,community_avg_weight_feature,30m,equal_weight,23969,-0.0050169230620677,0.0008281469178268,0.0024614766925167,-0.0016333297746898,0.494991652754591,theme_candidate_layer,-0.021972457564144142,strong_sample,downgrade
volume_expansion_graph,community_avg_weight_feature,30m,member_weight,23969,-0.0050169230620677,0.0008281469178268,0.0024614766925167,-0.0016333297746898,0.494991652754591,theme_candidate_layer,-0.021972457564144142,strong_sample,downgrade
return_corr_graph,community_quality_score,5m,top5_member,24848,-0.0053117660733792,-0.000114826444878,2.028909970235148e-06,-0.0001168553548483,0.5052334943639292,beta_context_layer,-0.02334685278244735,strong_sample,downgrade
return_corr_graph,edge_density_feature,15m,top5_member,24501,-0.0054091353337806,2.8559384009158624e-06,0.0002573162255027,-0.0002544602871018,0.4926530612244898,beta_context_layer,-0.023741785112910377,strong_sample,downgrade
volume_expansion_graph,edge_density_feature,1m,top5_member,27100,-0.0055654729671678,-0.0001312052921825,0.0002043739135423,-0.0003355792057248,0.4940959409594096,theme_candidate_layer,-0.024671659941192824,strong_sample,downgrade
dtw_trade_flow_similarity_graph,community_avg_weight_feature,1m,top10_member,1999,-0.0077802581225113,-0.000209993452253,0.0005060394236412,-0.0007160328758942,0.4673366834170854,pair_flow_leadlag_candidate,-0.02568286543641813,watch,watch
dtw_trade_flow_similarity_graph,community_avg_weight_feature,1m,equal_weight,1999,-0.0080920934746502,-0.0002188745301937,0.0005060394236412,-0.0007249139538349,0.4522613065326633,pair_flow_leadlag_candidate,-0.026712243287537078,watch,watch
dtw_trade_flow_similarity_graph,community_avg_weight_feature,1m,member_weight,1999,-0.0080920934746502,-0.0002188745301937,0.0005060394236412,-0.0007249139538349,0.4522613065326633,pair_flow_leadlag_candidate,-0.026712243287537078,watch,watch
dtw_return_similarity_graph,community_avg_weight_feature,30m,core_weighted,4062,-0.0077467862960075,5.012977091487119e-05,7.980429220507434e-05,-2.967452129020315e-05,0.4975369458128079,weak_pair_candidate,-0.02795696510758846,usable,downgrade
large_trade_alignment_graph,community_avg_weight_feature,5m,top5_member,45,0.0168726179115775,-0.0032281755439185,-0.0026343141226203,-0.0005938614212982,0.0,sparse_event_flag,-0.028055077573446295,ignore,ignore_sparse
volume_expansion_graph,feature_coverage_ratio,1m,top5_member,27100,-0.0064480299427426,1.6198593612250422e-05,0.0001060450703488,-8.984647673661276e-05,0.488929889298893,theme_candidate_layer,-0.028584022054630537,strong_sample,downgrade
dtw_trade_flow_similarity_graph,community_avg_weight_feature,1m,core_weighted,1999,-0.0086854081595875,-0.0002020246190635,0.0005084742121431,-0.0007104988312066,0.4522613065326633,pair_flow_leadlag_candidate,-0.02867079285938303,watch,watch
volume_expansion_graph,community_avg_weight_feature,15m,top5_member,25904,-0.0065151804322289,0.0005630559638845,0.0020100249624489,-0.0014469689985643,0.4976833976833977,theme_candidate_layer,-0.028753990448639084,strong_sample,downgrade
dtw_return_similarity_graph,community_quality_score,1m,top5_member,4313,-0.0087336161440602,-0.0001386829310109,0.0002440316601154,-0.0003827145911264,0.4802784222737819,weak_pair_candidate,-0.031745647879122346,usable,downgrade
volume_expansion_graph,feature_coverage_ratio,30m,equal_weight,23969,0.0072991151532303,-0.0002351540736451,0.0018242284485085,-0.0020593825221536,0.4820534223706177,theme_candidate_layer,-0.0319677013133334,strong_sample,downgrade
volume_expansion_graph,feature_coverage_ratio,30m,member_weight,23969,0.0072991151532303,-0.0002351540736451,0.0018242284485085,-0.0020593825221536,0.4820534223706177,theme_candidate_layer,-0.0319677013133334,strong_sample,downgrade
dtw_trade_flow_similarity_graph,community_avg_weight_feature,1m,top5_member,1999,-0.0100701741385022,-0.0003299167574051,0.0005060394236412,-0.0008359561810463,0.4271356783919598,pair_flow_leadlag_candidate,-0.033241946892755454,watch,watch
dtw_trade_flow_similarity_graph,edge_density_feature,1m,top10_member,1999,-0.0102988674574608,0.0005574259731619,0.0005904732116387,-3.3047238476803325e-05,0.5728643216080402,pair_flow_leadlag_candidate,-0.03399687039844574,watch,watch
volume_expansion_graph,community_avg_weight_feature,5m,top5_member,26873,-0.0078304575219001,-0.0001678896400035,0.0007315476978146,-0.0008994373378181,0.4789728321548195,theme_candidate_layer,-0.03468369852598178,strong_sample,downgrade
volume_expansion_graph,feature_coverage_ratio,30m,core_weighted,23969,0.0080326984540652,-0.000212839453881,0.0018141770574034,-0.0020270165112845,0.4812186978297162,theme_candidate_layer,-0.035180552646300906,strong_sample,downgrade
return_corr_graph,community_quality_score,1m,top5_member,24938,-0.0080594131208063,-8.3293273134509e-05,-5.374093060614399e-06,-7.791918007389461e-05,0.4961893301243482,beta_context_layer,-0.03543626458706276,strong_sample,downgrade
dtw_trade_flow_similarity_graph,edge_density_feature,1m,core_weighted,1999,-0.0116635871674026,0.0005539022259336,0.0005941946622323,-4.029243629873481e-05,0.5678391959798995,pair_flow_leadlag_candidate,-0.03850185109663747,watch,watch
volume_expansion_graph,feature_coverage_ratio,15m,top5_member,25904,0.0087630801509221,0.0001392710323104,0.0014444923430022,-0.0013052213106918,0.4938223938223938,theme_candidate_layer,-0.038674834193973426,strong_sample,downgrade
return_corr_graph,edge_density_feature,5m,top10_member,24881,-0.0088298537673493,-4.476296929674965e-05,3.646144071644137e-05,-8.122441001319102e-05,0.4923633440514469,beta_context_layer,-0.03881502425119435,strong_sample,downgrade
volume_expansion_graph,feature_coverage_ratio,15m,equal_weight,25943,0.0089948142182514,-8.34638034073829e-05,0.0014031604154477,-0.0014866242188551,0.4865073245952197,theme_candidate_layer,-0.03970344218880563,strong_sample,downgrade
volume_expansion_graph,feature_coverage_ratio,15m,member_weight,25943,0.0089948142182514,-8.34638034073829e-05,0.0014031604154477,-0.0014866242188551,0.4865073245952197,theme_candidate_layer,-0.03970344218880563,strong_sample,downgrade
dtw_trade_flow_similarity_graph,edge_density_feature,1m,equal_weight,1999,-0.012043282274943,0.0005574259731619,0.0005887308241407,-3.130485097879211e-05,0.5728643216080402,pair_flow_leadlag_candidate,-0.039755236035835195,watch,watch
dtw_trade_flow_similarity_graph,edge_density_feature,1m,member_weight,1999,-0.012043282274943,0.0005574259731619,0.0005887308241407,-3.130485097879211e-05,0.5728643216080402,pair_flow_leadlag_candidate,-0.039755236035835195,watch,watch
volume_expansion_graph,feature_coverage_ratio,15m,top10_member,25931,0.0091372616369936,9.698191064736876e-05,0.0013424370386349,-0.0012454551279875,0.4882375626687235,theme_candidate_layer,-0.040330374472933986,strong_sample,downgrade
volume_expansion_graph,feature_coverage_ratio,30m,top10_member,23962,0.0093719148109368,-0.0002272089412643,0.0019050571240051,-0.0021322660652695,0.4862270450751252,theme_candidate_layer,-0.041044686922606315,strong_sample,downgrade
dtw_return_similarity_graph,community_quality_score,1m,equal_weight,4313,-0.0114438223115775,-0.0001386829310109,0.0002494872017228,-0.0003881701327338,0.4802784222737819,weak_pair_candidate,-0.04159692245481394,usable,downgrade
dtw_return_similarity_graph,community_quality_score,1m,member_weight,4313,-0.0114438223115775,-0.0001386829310109,0.0002494872017228,-0.0003881701327338,0.4802784222737819,weak_pair_candidate,-0.04159692245481394,usable,downgrade
volume_expansion_graph,feature_coverage_ratio,15m,core_weighted,25943,0.0095784379801106,-8.93557423542233e-05,0.0014151409457999,-0.0015044966881541,0.4876638396299151,theme_candidate_layer,-0.042279579030183846,strong_sample,downgrade
dtw_return_similarity_graph,community_quality_score,1m,top10_member,4313,-0.0117765599048313,-0.0001386829310109,0.0002605039567227,-0.0003991868877337,0.4802784222737819,weak_pair_candidate,-0.042806383724618625,usable,downgrade
flow_alignment_graph,community_member_count,1m,equal_weight,27822,-0.0097248037874634,5.307012380675408e-06,9.326788212711084e-06,-4.019775832035676e-06,0.4917325664989216,event_alignment_layer,-0.04322095642189056,strong_sample,downgrade
flow_alignment_graph,community_member_count,1m,member_weight,27822,-0.0097248037874634,5.307012380675408e-06,9.326788212711084e-06,-4.019775832035676e-06,0.4917325664989216,event_alignment_layer,-0.04322095642189056,strong_sample,downgrade
flow_alignment_graph,flow_member_count_z,1m,equal_weight,27822,-0.0097248037874634,5.307012380675408e-06,9.326788212711084e-06,-4.019775832035676e-06,0.4917325664989216,event_alignment_layer,-0.04322095642189056,strong_sample,downgrade
flow_alignment_graph,flow_member_count_z,1m,member_weight,27822,-0.0097248037874634,5.307012380675408e-06,9.326788212711084e-06,-4.019775832035676e-06,0.4917325664989216,event_alignment_layer,-0.04322095642189056,strong_sample,downgrade
dtw_return_similarity_graph,community_quality_score,1m,core_weighted,4313,-0.0121959103645468,-0.0001413957232745,0.0002680662123543,-0.0004094619356289,0.4849187935034802,weak_pair_candidate,-0.04433067238265981,usable,downgrade
return_corr_graph,edge_density_feature,1m,top10_member,24938,-0.0101293432232409,1.0110420391014376e-05,5.174555234288203e-05,-4.1635131951867656e-05,0.50220617729643,beta_context_layer,-0.04453749685883146,strong_sample,downgrade
volume_expansion_graph,community_avg_weight_feature,5m,top10_member,26897,-0.0101466259352874,-0.0003028378153211,0.0007447992910257,-0.0010476371063468,0.4793603570100409,theme_candidate_layer,-0.04494671172897935,strong_sample,downgrade
volume_expansion_graph,feature_coverage_ratio,5m,equal_weight,26904,0.0102982797001396,0.000115098245931,0.0006188338145759,-0.0005037355686448,0.4795539033457249,theme_candidate_layer,-0.045619659221654604,strong_sample,downgrade
volume_expansion_graph,feature_coverage_ratio,5m,member_weight,26904,0.0102982797001396,0.000115098245931,0.0006188338145759,-0.0005037355686448,0.4795539033457249,theme_candidate_layer,-0.045619659221654604,strong_sample,downgrade
return_corr_graph,community_quality_score,30m,top5_member,23821,-0.0106709104058814,3.062557323199949e-05,0.0001038783856394,-7.325281240741093e-05,0.5100755667506297,beta_context_layer,-0.046706342437401065,strong_sample,downgrade
flow_alignment_graph,community_member_count,1m,core_weighted,27822,-0.0105370047981727,1.6297870974440114e-06,1.3692440705358676e-05,-1.2062653607914666e-05,0.48921639108555,event_alignment_layer,-0.04683070580675076,strong_sample,downgrade
flow_alignment_graph,flow_member_count_z,1m,core_weighted,27822,-0.0105370047981727,1.6297870974440114e-06,1.3692440705358676e-05,-1.2062653607914666e-05,0.48921639108555,event_alignment_layer,-0.04683070580675076,strong_sample,downgrade
return_corr_graph,community_quality_score,5m,top10_member,24881,-0.0107075226746189,-0.0001182523478898,6.321935338641618e-05,-0.0001814717012762,0.5044212218649518,beta_context_layer,-0.04706904137216667,strong_sample,downgrade
flow_alignment_graph,flow_breadth_expansion,1m,top5_member,27822,-0.0106531736493048,-0.0002183382584851,-5.9629986535526056e-05,-0.0001587082719496,0.4845434938892883,event_alignment_layer,-0.047347007108257136,strong_sample,downgrade
flow_alignment_graph,flow_layer_participation_ratio,1m,top5_member,27822,-0.0107801895458225,0.0001942417635823,0.0004571857394844,-0.0002629439759021,0.509705248023005,event_alignment_layer,-0.04791151706118349,strong_sample,downgrade
flow_alignment_graph,community_member_count,1m,top10_member,27822,-0.0108871298607481,-5.681151760230812e-06,9.326788212711084e-06,-1.5007939972941895e-05,0.49352983465133,event_alignment_layer,-0.048386803019867926,strong_sample,downgrade
flow_alignment_graph,flow_member_count_z,1m,top10_member,27822,-0.0108871298607481,-5.681151760230812e-06,9.326788212711084e-06,-1.5007939972941895e-05,0.49352983465133,event_alignment_layer,-0.048386803019867926,strong_sample,downgrade
large_trade_alignment_graph,community_quality_score,1m,equal_weight,45,0.0292194561349769,-0.0011469854643561,-0.0002404653913732,-0.0009065200729828,0.25,sparse_event_flag,-0.04858487952590906,ignore,ignore_sparse
large_trade_alignment_graph,community_quality_score,1m,member_weight,45,0.0292194561349769,-0.0011469854643561,-0.0002404653913732,-0.0009065200729828,0.25,sparse_event_flag,-0.04858487952590906,ignore,ignore_sparse
large_trade_alignment_graph,community_quality_score,1m,top10_member,45,0.0292194561349769,-0.0011469854643561,-0.0002404653913732,-0.0009065200729828,0.25,sparse_event_flag,-0.04858487952590906,ignore,ignore_sparse
volume_expansion_graph,community_avg_weight_feature,15m,top10_member,25931,-0.0110920365758203,0.0006775586689846,0.0020137781827115,-0.0013362195137268,0.5017354415734671,theme_candidate_layer,-0.04895843049510201,strong_sample,downgrade
volume_expansion_graph,feature_coverage_ratio,5m,core_weighted,26904,0.0111154323729644,0.000120839174488,0.0006096162681075,-0.0004887770936195,0.4806691449814126,theme_candidate_layer,-0.04923950909481607,strong_sample,downgrade
large_trade_alignment_graph,community_quality_score,15m,core_weighted,44,0.0298445995984092,-0.0012079271311672,0.0005652436389283,-0.0017731707700956,0.75,sparse_event_flag,-0.04933946552470469,ignore,ignore_sparse
return_corr_graph,edge_density_feature,1m,equal_weight,24938,-0.0112805166620891,1.0110420391014376e-05,5.7344719439078765e-05,-4.723429904806439e-05,0.50220617729643,beta_context_layer,-0.04959906721800701,strong_sample,downgrade
return_corr_graph,edge_density_feature,1m,member_weight,24938,-0.0112805166620891,1.0110420391014376e-05,5.7344719439078765e-05,-4.723429904806439e-05,0.50220617729643,beta_context_layer,-0.04959906721800701,strong_sample,downgrade
return_corr_graph,edge_density_feature,1m,core_weighted,24938,-0.0114803933557114,1.4459472198400017e-05,5.802424399151458e-05,-4.356477179311456e-05,0.5058162855996791,beta_context_layer,-0.050477900861824306,strong_sample,downgrade
volume_expansion_graph,community_avg_weight_feature,5m,equal_weight,26904,-0.0123897639122891,-2.7634208705837335e-05,0.000743548101856,-0.0007711823105618,0.4728624535315985,theme_candidate_layer,-0.05488458499604755,strong_sample,downgrade
volume_expansion_graph,community_avg_weight_feature,5m,member_weight,26904,-0.0123897639122891,-2.7634208705837335e-05,0.000743548101856,-0.0007711823105618,0.4728624535315985,theme_candidate_layer,-0.05488458499604755,strong_sample,downgrade
large_trade_alignment_graph,community_avg_weight_feature,15m,top5_member,44,0.0335273504755558,-0.003705693701638,-0.0035693274316046,-0.0001363662700333,0.0,sparse_event_flag,-0.055427835359920574,ignore,ignore_sparse
flow_alignment_graph,community_member_count,1m,top5_member,27822,-0.0125063383241799,-4.4406705920662645e-05,9.326788212711084e-06,-5.3733494133373727e-05,0.49352983465133,event_alignment_layer,-0.05558321951992737,strong_sample,downgrade
flow_alignment_graph,flow_member_count_z,1m,top5_member,27822,-0.0125063383241799,-4.4406705920662645e-05,9.326788212711084e-06,-5.3733494133373727e-05,0.49352983465133,event_alignment_layer,-0.05558321951992737,strong_sample,downgrade
large_trade_alignment_graph,community_avg_weight_feature,15m,equal_weight,44,0.0337404480421377,-0.003705693701638,-0.0035693274316046,-0.0001363662700333,0.0,sparse_event_flag,-0.05578013092364884,ignore,ignore_sparse
large_trade_alignment_graph,community_avg_weight_feature,15m,member_weight,44,0.0337404480421377,-0.003705693701638,-0.0035693274316046,-0.0001363662700333,0.0,sparse_event_flag,-0.05578013092364884,ignore,ignore_sparse
large_trade_alignment_graph,community_avg_weight_feature,15m,top10_member,44,0.0337404480421377,-0.003705693701638,-0.0035693274316046,-0.0001363662700333,0.0,sparse_event_flag,-0.05578013092364884,ignore,ignore_sparse
volume_expansion_graph,community_avg_weight_feature,5m,core_weighted,26904,-0.0127706827097327,-9.023737043267626e-05,0.0007150598806125,-0.0008052972510452,0.4743494423791821,theme_candidate_layer,-0.05657199165390555,strong_sample,downgrade
dtw_return_similarity_graph,community_avg_weight_feature,5m,core_weighted,4296,0.0158560789817186,7.140922609882835e-05,8.716608166778253e-05,-1.5756855568954187e-05,0.5151515151515151,weak_pair_candidate,-0.057607756801655564,usable,downgrade
large_trade_alignment_graph,community_quality_score,15m,top5_member,44,0.0349365691981378,-0.001156764217931,-5.9138495981714224e-05,-0.0010976257219493,0.75,sparse_event_flag,-0.05775757338673963,ignore,ignore_sparse
large_trade_alignment_graph,community_avg_weight_feature,15m,core_weighted,44,0.0352321310082112,-0.0037050334690682,-0.0035508113615243,-0.0001542221075439,0.0,sparse_event_flag,-0.05824619986974708,ignore,ignore_sparse
flow_alignment_graph,flow_breadth_expansion,1m,top10_member,27822,-0.0133309940577946,-0.0002927180056665,-6.0003445454031966e-05,-0.0002327145602125,0.4737598849748382,event_alignment_layer,-0.05924832272453609,strong_sample,downgrade
volume_expansion_graph,feature_coverage_ratio,5m,top10_member,26897,0.0136631951728942,0.0002053467552221,0.0005917141387122,-0.0003863673834901,0.4834510970621049,theme_candidate_layer,-0.06052412877438584,strong_sample,downgrade
return_corr_graph,community_quality_score,15m,top5_member,24501,-0.0138336539288168,-4.400134300776378e-05,0.0001112674462384,-0.0001552687892462,0.4918367346938775,beta_context_layer,-0.060718695066330264,strong_sample,downgrade
flow_alignment_graph,community_quality_score,5m,top5_member,27677,-0.0138857719878654,-0.0006002574051144,-5.266745246787339e-05,-0.0005475899526465,0.4857246114925913,event_alignment_layer,-0.0616824696529014,strong_sample,downgrade
return_corr_graph,community_quality_score,1m,equal_weight,24938,-0.0140961656599708,-7.980390845310785e-05,2.584009358927681e-05,-0.0001056440020423,0.4949859606899318,beta_context_layer,-0.061979135267335644,strong_sample,downgrade
return_corr_graph,community_quality_score,1m,member_weight,24938,-0.0140961656599708,-7.980390845310785e-05,2.584009358927681e-05,-0.0001056440020423,0.4949859606899318,beta_context_layer,-0.061979135267335644,strong_sample,downgrade
volume_expansion_graph,community_avg_weight_feature,15m,equal_weight,25943,-0.0140984254383621,0.0005666841325263,0.0020139724367982,-0.0014472883042718,0.5053970701619122,theme_candidate_layer,-0.06223097061964815,strong_sample,downgrade
volume_expansion_graph,community_avg_weight_feature,15m,member_weight,25943,-0.0140984254383621,0.0005666841325263,0.0020139724367982,-0.0014472883042718,0.5053970701619122,theme_candidate_layer,-0.06223097061964815,strong_sample,downgrade
return_corr_graph,community_quality_score,1m,core_weighted,24938,-0.0142240464355101,-7.780757450403177e-05,2.5793936744368084e-05,-0.0001036015112483,0.4953870838347373,beta_context_layer,-0.06254141156831228,strong_sample,downgrade
return_corr_graph,edge_density_feature,30m,top10_member,24153,-0.0143505185636933,0.0001275032683764,0.0005706092434645,-0.000443105975088,0.4944099378881987,beta_context_layer,-0.06289816589818566,strong_sample,downgrade
volume_expansion_graph,community_avg_weight_feature,15m,core_weighted,25943,-0.0142982334256671,0.0005562874856547,0.0020404165038933,-0.0014841290182386,0.5065535851966075,theme_candidate_layer,-0.06311293045565329,strong_sample,downgrade
large_trade_alignment_graph,community_avg_weight_feature,5m,core_weighted,45,0.0383287422637018,-0.003249794760416,-0.0025523657702111,-0.0006974289902049,0.0,sparse_event_flag,-0.06373141637747472,ignore,ignore_sparse
flow_alignment_graph,flow_breadth_expansion,1m,equal_weight,27822,-0.0143975598742833,-0.0002909864775574,-5.980511995476787e-05,-0.0002311813576026,0.4565061107117182,event_alignment_layer,-0.06398857205840572,strong_sample,downgrade
flow_alignment_graph,flow_breadth_expansion,1m,member_weight,27822,-0.0143975598742833,-0.0002909864775574,-5.980511995476787e-05,-0.0002311813576026,0.4565061107117182,event_alignment_layer,-0.06398857205840572,strong_sample,downgrade
large_trade_alignment_graph,community_quality_score,15m,equal_weight,44,0.0387555463979343,-0.001156764217931,0.0005613518346852,-0.0017181160526163,0.75,sparse_event_flag,-0.06407115428326593,ignore,ignore_sparse
large_trade_alignment_graph,community_quality_score,15m,member_weight,44,0.0387555463979343,-0.001156764217931,0.0005613518346852,-0.0017181160526163,0.75,sparse_event_flag,-0.06407115428326593,ignore,ignore_sparse
large_trade_alignment_graph,community_quality_score,15m,top10_member,44,0.0387555463979343,-0.001156764217931,0.0005613518346852,-0.0017181160526163,0.75,sparse_event_flag,-0.06407115428326593,ignore,ignore_sparse
flow_alignment_graph,flow_breadth_expansion,1m,core_weighted,27822,-0.0146518985419431,-0.0003011448319716,-5.652712112134117e-05,-0.0002446177108503,0.4561466570812365,event_alignment_layer,-0.065118955839053,strong_sample,downgrade
return_corr_graph,edge_density_feature,5m,equal_weight,24893,-0.0148850856685555,-4.5585177304590536e-05,2.880450327385824e-05,-7.438968057844878e-05,0.4921655283246283,beta_context_layer,-0.06543624599647133,strong_sample,downgrade
return_corr_graph,edge_density_feature,5m,member_weight,24893,-0.0148850856685555,-4.5585177304590536e-05,2.880450327385824e-05,-7.438968057844878e-05,0.4921655283246283,beta_context_layer,-0.06543624599647133,strong_sample,downgrade
return_corr_graph,edge_density_feature,5m,core_weighted,24893,-0.0152105327467768,-3.906258180350176e-05,3.0148089728832627e-05,-6.921067153233439e-05,0.4953796705504218,beta_context_layer,-0.06686694216735796,strong_sample,downgrade
volume_expansion_graph,feature_coverage_ratio,5m,top5_member,26873,0.0155607102156407,6.730917865843069e-05,0.0005578612296598,-0.0004905520510014,0.4849274283587644,theme_candidate_layer,-0.06892355656869527,strong_sample,downgrade
return_corr_graph,community_quality_score,5m,equal_weight,24893,-0.0156850613787102,-0.0001211062788811,1.452769595667412e-05,-0.0001356339748378,0.5058256327842507,beta_context_layer,-0.06895301496418159,strong_sample,downgrade
return_corr_graph,community_quality_score,5m,member_weight,24893,-0.0156850613787102,-0.0001211062788811,1.452769595667412e-05,-0.0001356339748378,0.5058256327842507,beta_context_layer,-0.06895301496418159,strong_sample,downgrade
return_corr_graph,edge_density_feature,15m,top10_member,24642,-0.0160154727484903,-8.343956343337027e-06,0.0004392734360097,-0.000447617392353,0.4914772727272727,beta_context_layer,-0.0703350488027545,strong_sample,downgrade
return_corr_graph,community_quality_score,5m,core_weighted,24893,-0.0160212068710513,-0.0001151816556137,1.7264485905663558e-05,-0.0001324461415194,0.5078344716753717,beta_context_layer,-0.07043074237652049,strong_sample,downgrade
large_trade_alignment_graph,community_quality_score,1m,core_weighted,45,0.0432342179010745,-0.0010141719604507,-0.0002882978395913,-0.0007258741208593,0.25,sparse_event_flag,-0.07188803441163932,ignore,ignore_sparse
return_corr_graph,community_quality_score,1m,top10_member,24938,-0.0164749106253722,-8.215481467331206e-05,3.238139347663056e-05,-0.0001145362081499,0.4973926995587645,beta_context_layer,-0.07243818913584789,strong_sample,downgrade
volume_expansion_graph,community_mean_volume_z_12,1m,equal_weight,27103,0.0163479887669257,-0.0004989256819776,0.0005237884999184,-0.001022714181896,0.5132841328413285,theme_candidate_layer,-0.0724711800410668,strong_sample,downgrade
volume_expansion_graph,community_mean_volume_z_12,1m,member_weight,27103,0.0163479887669257,-0.0004989256819776,0.0005237884999184,-0.001022714181896,0.5132841328413285,theme_candidate_layer,-0.0724711800410668,strong_sample,downgrade
volume_expansion_graph,community_mean_volume_z_12,1m,core_weighted,27103,0.016551347345152,-0.0004270762618955,0.0005346418775529,-0.0009617181394484,0.5173431734317343,theme_candidate_layer,-0.0733726754082125,strong_sample,downgrade
return_corr_graph,edge_density_feature,15m,equal_weight,24774,-0.0168505676191151,2.328412849296095e-06,0.000158997233777,-0.0001566688209277,0.4921275736778361,beta_context_layer,-0.07404162435034795,strong_sample,downgrade
return_corr_graph,edge_density_feature,15m,member_weight,24774,-0.0168505676191151,2.328412849296095e-06,0.000158997233777,-0.0001566688209277,0.4921275736778361,beta_context_layer,-0.07404162435034795,strong_sample,downgrade
return_corr_graph,edge_density_feature,15m,core_weighted,24774,-0.0170582032312285,7.5951772268372225e-06,0.0001591981908757,-0.0001516030136489,0.4921275736778361,beta_context_layer,-0.07495397806693226,strong_sample,downgrade
volume_expansion_graph,community_mean_volume_z_12,1m,top10_member,27103,0.0176268394007259,-0.0004621169263332,0.0005239568956193,-0.0009860738219526,0.5217712177121772,theme_candidate_layer,-0.07814036759980007,strong_sample,downgrade
flow_alignment_graph,community_quality_score,5m,top10_member,27725,-0.0176196814787106,-0.0006225387109074,1.0404582801462166e-05,-0.0006329432937088,0.4841269841269841,event_alignment_layer,-0.07828225764289376,strong_sample,downgrade
large_trade_alignment_graph,community_avg_weight_feature,5m,equal_weight,45,0.0472300446265026,-0.0032281755439185,-0.0026343141226203,-0.0005938614212982,0.0,sparse_event_flag,-0.07853212659338744,ignore,ignore_sparse
large_trade_alignment_graph,community_avg_weight_feature,5m,member_weight,45,0.0472300446265026,-0.0032281755439185,-0.0026343141226203,-0.0005938614212982,0.0,sparse_event_flag,-0.07853212659338744,ignore,ignore_sparse
large_trade_alignment_graph,community_avg_weight_feature,5m,top10_member,45,0.0472300446265026,-0.0032281755439185,-0.0026343141226203,-0.0005938614212982,0.0,sparse_event_flag,-0.07853212659338744,ignore,ignore_sparse
volume_expansion_graph,community_mean_volume_z_12,5m,top5_member,26873,-0.0181705299328578,-0.000212197254594,0.0018138947822477,-0.0020260920368417,0.5005582433941198,theme_candidate_layer,-0.08048331537282147,strong_sample,downgrade
return_corr_graph,community_quality_score,30m,top10_member,24153,-0.0194490475888302,1.7296671012287948e-05,0.0004461851572347,-0.0004288884862224,0.5076604554865425,beta_context_layer,-0.08524496284746902,strong_sample,downgrade
return_corr_graph,edge_density_feature,30m,equal_weight,24605,-0.0201423549497685,0.0001841165805218,0.0004409666165501,-0.0002568500360282,0.4975609756097561,beta_context_layer,-0.08844590681720928,strong_sample,downgrade
return_corr_graph,edge_density_feature,30m,member_weight,24605,-0.0201423549497685,0.0001841165805218,0.0004409666165501,-0.0002568500360282,0.4975609756097561,beta_context_layer,-0.08844590681720928,strong_sample,downgrade
return_corr_graph,edge_density_feature,30m,core_weighted,24605,-0.0206419017994158,0.0001829219137758,0.0004425570530645,-0.0002596351392886,0.4939024390243902,beta_context_layer,-0.09063943752525806,strong_sample,downgrade
volume_expansion_graph,community_mean_volume_z_12,1m,top5_member,27100,0.0208696444108571,-0.0003220909444125,0.0005561507129862,-0.0008782416573988,0.5321033210332103,theme_candidate_layer,-0.09251482722775713,strong_sample,downgrade
volume_expansion_graph,community_mean_volume_z_12,5m,top10_member,26897,-0.0209584210221405,-0.0003541650481128,0.0018501099775898,-0.0022042750257026,0.4886574934920044,theme_candidate_layer,-0.09283993654488136,strong_sample,downgrade
flow_alignment_graph,community_quality_score,30m,top5_member,26648,-0.0211186580657554,-0.0009884272289315,-4.0025506613799714e-06,-0.0009844246782701,0.4564564564564564,event_alignment_layer,-0.09346444199064258,strong_sample,downgrade
dtw_return_similarity_graph,edge_density_feature,15m,equal_weight,4216,0.0260084991677631,-0.0010509256632501,-0.0009393258089027,-0.0001115998543474,0.4513064133016627,weak_pair_candidate,-0.09428090314013332,usable,downgrade
dtw_return_similarity_graph,edge_density_feature,15m,member_weight,4216,0.0260084991677631,-0.0010509256632501,-0.0009393258089027,-0.0001115998543474,0.4513064133016627,weak_pair_candidate,-0.09428090314013332,usable,downgrade
volume_expansion_graph,community_mean_volume_z_12,5m,core_weighted,26904,-0.0216006444856006,-0.0003999326746144,0.0017845847902466,-0.0021845174648611,0.4840148698884758,theme_candidate_layer,-0.09568724768544151,strong_sample,downgrade
dtw_trade_flow_similarity_graph,community_quality_score,1m,top10_member,1999,-0.0290912055891453,-0.000280881719641,0.0008512172584194,-0.0011320989780604,0.457286432160804,pair_flow_leadlag_candidate,-0.0960309422597963,watch,watch
dtw_return_similarity_graph,edge_density_feature,15m,top10_member,4216,0.0267098128523262,-0.0010509256632501,-0.0009169085737351,-0.000134017089515,0.4513064133016627,weak_pair_candidate,-0.09682316777211555,usable,downgrade
volume_expansion_graph,community_mean_volume_z_12,5m,equal_weight,26904,-0.0220319508447236,-0.0003955167928368,0.0018087740931529,-0.0022042908859898,0.4843866171003717,theme_candidate_layer,-0.09759786282663419,strong_sample,downgrade
volume_expansion_graph,community_mean_volume_z_12,5m,member_weight,26904,-0.0220319508447236,-0.0003955167928368,0.0018087740931529,-0.0022042908859898,0.4843866171003717,theme_candidate_layer,-0.09759786282663419,strong_sample,downgrade
dtw_trade_flow_similarity_graph,community_quality_score,1m,equal_weight,1999,-0.0309555957470811,-0.0002836802358484,0.0008524960656681,-0.0011361763015165,0.4522613065326633,pair_flow_leadlag_candidate,-0.10218535009476308,watch,watch
dtw_trade_flow_similarity_graph,community_quality_score,1m,member_weight,1999,-0.0309555957470811,-0.0002836802358484,0.0008524960656681,-0.0011361763015165,0.4522613065326633,pair_flow_leadlag_candidate,-0.10218535009476308,watch,watch
dtw_return_similarity_graph,edge_density_feature,15m,core_weighted,4216,0.0287648723386154,-0.0010305141388437,-0.0009541451153081,-7.636902353555584e-05,0.4560570071258907,weak_pair_candidate,-0.10427276581021366,usable,downgrade
dtw_trade_flow_similarity_graph,community_quality_score,1m,core_weighted,1999,-0.0321385753781432,-0.000273630056239,0.00083551212802,-0.001109142184259,0.4522613065326633,pair_flow_leadlag_candidate,-0.10609040134115859,watch,watch
dtw_trade_flow_similarity_graph,community_quality_score,1m,top5_member,1999,-0.0321930688412342,-0.0002910129267696,0.0008778631319536,-0.0011688760587232,0.4522613065326633,pair_flow_leadlag_candidate,-0.10627028589738957,watch,watch
flow_alignment_graph,community_quality_score,5m,core_weighted,27746,-0.0239508348086204,-0.0006357656038087,-3.480519112141939e-05,-0.0006009604126873,0.4823359769286229,event_alignment_layer,-0.10641873325331933,strong_sample,downgrade
flow_alignment_graph,community_quality_score,5m,equal_weight,27746,-0.0241151295582977,-0.0006229062074743,-3.178683114976213e-05,-0.0005911193763246,0.4841384282624369,event_alignment_layer,-0.10714873031941477,strong_sample,downgrade
flow_alignment_graph,community_quality_score,5m,member_weight,27746,-0.0241151295582977,-0.0006229062074743,-3.178683114976213e-05,-0.0005911193763246,0.4841384282624369,event_alignment_layer,-0.10714873031941477,strong_sample,downgrade
return_corr_graph,community_quality_score,15m,top10_member,24642,-0.0244381041437973,-3.9517511888058825e-05,0.0002887865633613,-0.0003283040752494,0.4898538961038961,beta_context_layer,-0.10732466500327367,strong_sample,downgrade
flow_alignment_graph,flow_breadth_expansion,30m,top5_member,26648,-0.0250263666356787,-0.0011685328502222,-0.0001465260186531,-0.001022006831569,0.4624624624624625,event_alignment_layer,-0.1107587132370798,strong_sample,downgrade
large_trade_alignment_graph,community_quality_score,1m,top5_member,45,0.0675617288912816,-0.0011469854643561,-0.0006659965659734,-0.0004809888983826,0.25,sparse_event_flag,-0.11233879383592577,ignore,ignore_sparse
dtw_trade_flow_similarity_graph,community_quality_score,5m,top5_member,1998,-0.0356927943348986,-0.000750053321213,0.0003973098886065,-0.0011473632098196,0.4522613065326633,pair_flow_leadlag_candidate,-0.11781523219845995,watch,watch
flow_alignment_graph,flow_breadth_expansion,30m,top10_member,27048,-0.0272863520077755,-0.0011360166234903,-0.000620274251804,-0.0005157423716862,0.4552514792899408,event_alignment_layer,-0.12093723817408145,strong_sample,downgrade
dtw_return_similarity_graph,edge_density_feature,15m,top5_member,4216,0.0337086846267668,-0.0010509256632501,-0.0010232621156015,-2.766354764864522e-05,0.4513064133016627,weak_pair_candidate,-0.12219410315750402,usable,downgrade
dtw_trade_flow_similarity_graph,edge_density_feature,30m,equal_weight,1997,0.037928193442621,-0.0012381643977196,-0.0007466106230919,-0.0004915537746277,0.4874371859296482,pair_flow_leadlag_candidate,-0.1251856239888198,watch,watch
dtw_trade_flow_similarity_graph,edge_density_feature,30m,member_weight,1997,0.037928193442621,-0.0012381643977196,-0.0007466106230919,-0.0004915537746277,0.4874371859296482,pair_flow_leadlag_candidate,-0.1251856239888198,watch,watch
dtw_trade_flow_similarity_graph,edge_density_feature,30m,core_weighted,1997,0.0385578646088881,-0.0012266027419283,-0.0007473226458988,-0.0004792800960294,0.4974874371859296,pair_flow_leadlag_candidate,-0.1272639137965367,watch,watch
dtw_trade_flow_similarity_graph,edge_density_feature,30m,top10_member,1997,0.03878502153113,-0.0012381643977196,-0.0007564889978527,-0.0004816753998668,0.4874371859296482,pair_flow_leadlag_candidate,-0.12801366690822266,watch,watch
return_corr_graph,community_quality_score,15m,core_weighted,24774,-0.0296434013419859,-3.030591441238394e-05,7.988599976417897e-05,-0.0001101919141765,0.4925312878482035,beta_context_layer,-0.13025351051914189,strong_sample,downgrade
return_corr_graph,community_quality_score,15m,equal_weight,24774,-0.0297545237110673,-3.519642308326604e-05,7.904964984503967e-05,-0.0001142460729283,0.4917238595074687,beta_context_layer,-0.13074178372716797,strong_sample,downgrade
return_corr_graph,community_quality_score,15m,member_weight,24774,-0.0297545237110673,-3.519642308326604e-05,7.904964984503967e-05,-0.0001142460729283,0.4917238595074687,beta_context_layer,-0.13074178372716797,strong_sample,downgrade
dtw_trade_flow_similarity_graph,edge_density_feature,30m,top5_member,1997,0.0403115616399714,-0.0012381643977196,-0.0009948329715605,-0.0002433314261591,0.4874371859296482,pair_flow_leadlag_candidate,-0.1330521582974415,watch,watch
dtw_trade_flow_similarity_graph,community_quality_score,5m,top10_member,1998,-0.0414214666150764,-0.000736647983387,0.0004736795648627,-0.0012103275482497,0.4522613065326633,pair_flow_leadlag_candidate,-0.13672450695418062,watch,watch
flow_alignment_graph,community_quality_score,30m,top10_member,27048,-0.0309548355628163,-0.0009874328046318,0.0002741898332558,-0.0012616226378877,0.4574704142011834,event_alignment_layer,-0.1371965120157165,strong_sample,downgrade
return_corr_graph,community_quality_score,30m,equal_weight,24605,-0.0312994169690251,6.195547556354686e-05,0.0003440906826252,-0.0002821352070617,0.5089430894308943,beta_context_layer,-0.13743702380277978,strong_sample,downgrade
return_corr_graph,community_quality_score,30m,member_weight,24605,-0.0312994169690251,6.195547556354686e-05,0.0003440906826252,-0.0002821352070617,0.5089430894308943,beta_context_layer,-0.13743702380277978,strong_sample,downgrade
return_corr_graph,community_quality_score,30m,core_weighted,24605,-0.0315358219122174,6.423096120304922e-05,0.0003446916859394,-0.0002804607247363,0.5085365853658537,beta_context_layer,-0.13847508760559019,strong_sample,downgrade
dtw_trade_flow_similarity_graph,community_quality_score,5m,equal_weight,1998,-0.043345777010181,-0.0007307504610044,0.000499393926077,-0.0012301443870815,0.4522613065326633,pair_flow_leadlag_candidate,-0.14307629532619637,watch,watch
dtw_trade_flow_similarity_graph,community_quality_score,5m,member_weight,1998,-0.043345777010181,-0.0007307504610044,0.000499393926077,-0.0012301443870815,0.4522613065326633,pair_flow_leadlag_candidate,-0.14307629532619637,watch,watch
volume_expansion_graph,community_mean_volume_z_12,15m,top5_member,25904,-0.0331804585899772,-0.000234562507124,0.0031925715501533,-0.0034271340572774,0.4853281853281853,theme_candidate_layer,-0.14643809166943875,strong_sample,downgrade
dtw_trade_flow_similarity_graph,community_quality_score,5m,core_weighted,1998,-0.0444956870815923,-0.0007324875773594,0.0004912535596824,-0.0012237411370419,0.4522613065326633,pair_flow_leadlag_candidate,-0.1468719332019961,watch,watch
dtw_trade_flow_similarity_graph,community_quality_score,30m,top5_member,1997,-0.0455742064358842,-0.0024155568563927,8.565346841635779e-05,-0.0025012103248091,0.4422110552763819,pair_flow_leadlag_candidate,-0.1504220199441483,watch,watch
dtw_trade_flow_similarity_graph,community_quality_score,30m,top10_member,1997,-0.0466248030472731,-0.0024379275796491,0.0002866657735178,-0.002724593353167,0.4422110552763819,pair_flow_leadlag_candidate,-0.1538896143750886,watch,watch
dtw_trade_flow_similarity_graph,community_quality_score,30m,core_weighted,1997,-0.0474694572553917,-0.0024466827759109,0.0002153731926009,-0.0026620559685118,0.4170854271356783,pair_flow_leadlag_candidate,-0.1566774762398535,watch,watch
flow_alignment_graph,community_quality_score,15m,top5_member,27318,-0.03597426999298,-0.001409798254871,6.421978443693728e-05,-0.001474018039308,0.4459904796777737,event_alignment_layer,-0.1595985824626981,strong_sample,downgrade
dtw_trade_flow_similarity_graph,community_quality_score,30m,equal_weight,1997,-0.0488461793131862,-0.002428533392285,0.0002527551146716,-0.0026812885069567,0.4371859296482412,pair_flow_leadlag_candidate,-0.16122147884638174,watch,watch
dtw_trade_flow_similarity_graph,community_quality_score,30m,member_weight,1997,-0.0488461793131862,-0.002428533392285,0.0002527551146716,-0.0026812885069567,0.4371859296482412,pair_flow_leadlag_candidate,-0.16122147884638174,watch,watch
dtw_return_similarity_graph,edge_density_feature,30m,top10_member,4062,0.045091856043955,-0.0011108777955218,-0.0009442431177389,-0.0001666346777828,0.4408866995073892,weak_pair_candidate,-0.162729601397027,usable,downgrade
volume_expansion_graph,community_mean_volume_z_12,15m,top10_member,25931,-0.037514238182651,-0.0006182692103218,0.003222098041153,-0.0038403672514748,0.4743540300809872,theme_candidate_layer,-0.16558169548825113,strong_sample,downgrade
dtw_trade_flow_similarity_graph,community_avg_weight_feature,30m,top5_member,1997,-0.0508102638734076,-0.0022777661317445,-0.0005085211898977,-0.0017692449418468,0.4271356783919598,pair_flow_leadlag_candidate,-0.1677041274758265,watch,watch
dtw_return_similarity_graph,edge_density_feature,30m,equal_weight,4062,0.0466272559348987,-0.0011108777955218,-0.0010048742782833,-0.0001060035172385,0.4408866995073892,weak_pair_candidate,-0.1682706244144595,usable,downgrade
dtw_return_similarity_graph,edge_density_feature,30m,member_weight,4062,0.0466272559348987,-0.0011108777955218,-0.0010048742782833,-0.0001060035172385,0.4408866995073892,weak_pair_candidate,-0.1682706244144595,usable,downgrade
dtw_trade_flow_similarity_graph,community_avg_weight_feature,15m,top5_member,1997,-0.0510028540308913,-0.0018748514015701,-0.0003662607913959,-0.0015085906101741,0.371859296482412,pair_flow_leadlag_candidate,-0.16833978967985885,watch,watch
flow_alignment_graph,flow_breadth_expansion,5m,top5_member,27677,-0.0382693636721092,-0.0009443304457491,-0.0003396660023958,-0.0006046644433533,0.456089627755692,event_alignment_layer,-0.16999766850583295,strong_sample,downgrade
dtw_trade_flow_similarity_graph,community_quality_score,15m,top10_member,1997,-0.0522919740097456,-0.002034940799799,0.000216776828863,-0.0022517176286621,0.4120603015075377,pair_flow_leadlag_candidate,-0.17259465326025766,watch,watch
flow_alignment_graph,community_quality_score,15m,top10_member,27513,-0.038897269242682,-0.0014058575924144,0.0001819775647613,-0.0015878351571758,0.4482006543075245,event_alignment_layer,-0.17268651686764322,strong_sample,downgrade
dtw_trade_flow_similarity_graph,community_avg_weight_feature,30m,core_weighted,1997,-0.0523350841820548,-0.0021025782486609,-0.0005258856802459,-0.001576692568415,0.4020100502512563,pair_flow_leadlag_candidate,-0.17273694250029115,watch,watch
dtw_trade_flow_similarity_graph,community_avg_weight_feature,15m,core_weighted,1997,-0.0524739813189438,-0.0017178430836139,-0.0003400426585865,-0.0013778004250273,0.3919597989949748,pair_flow_leadlag_candidate,-0.17319538576303223,watch,watch
volume_expansion_graph,community_mean_volume_z_12,15m,core_weighted,25943,-0.0392708495023102,-0.0006921961905871,0.0031263643234745,-0.0038185605140616,0.4737856592135698,theme_candidate_layer,-0.1733429801981354,strong_sample,downgrade
dtw_trade_flow_similarity_graph,community_quality_score,15m,top5_member,1997,-0.0531945168406948,-0.0020513809939482,0.0001689114320054,-0.0022202924259536,0.4120603015075377,pair_flow_leadlag_candidate,-0.17557358205210588,watch,watch
volume_expansion_graph,community_mean_volume_z_12,15m,equal_weight,25943,-0.0398620841447304,-0.0007380976704122,0.0031137195676916,-0.0038518172381038,0.4722436391673091,theme_candidate_layer,-0.17595271174742283,strong_sample,downgrade
volume_expansion_graph,community_mean_volume_z_12,15m,member_weight,25943,-0.0398620841447304,-0.0007380976704122,0.0031137195676916,-0.0038518172381038,0.4722436391673091,theme_candidate_layer,-0.17595271174742283,strong_sample,downgrade
dtw_trade_flow_similarity_graph,community_avg_weight_feature,15m,equal_weight,1997,-0.0533166142056194,-0.0017575534430126,-0.0003662607913959,-0.0013912926516166,0.3819095477386934,pair_flow_leadlag_candidate,-0.1759765760633709,watch,watch
dtw_trade_flow_similarity_graph,community_avg_weight_feature,15m,member_weight,1997,-0.0533166142056194,-0.0017575534430126,-0.0003662607913959,-0.0013912926516166,0.3819095477386934,pair_flow_leadlag_candidate,-0.1759765760633709,watch,watch
dtw_trade_flow_similarity_graph,community_avg_weight_feature,30m,equal_weight,1997,-0.0533665809822672,-0.0021350688796798,-0.0005085211898977,-0.0016265476897821,0.4170854271356783,pair_flow_leadlag_candidate,-0.17614149618071914,watch,watch
dtw_trade_flow_similarity_graph,community_avg_weight_feature,30m,member_weight,1997,-0.0533665809822672,-0.0021350688796798,-0.0005085211898977,-0.0016265476897821,0.4170854271356783,pair_flow_leadlag_candidate,-0.17614149618071914,watch,watch
dtw_trade_flow_similarity_graph,community_quality_score,15m,core_weighted,1997,-0.0536329554669638,-0.0020378452101774,0.000213639988619,-0.0022514851987964,0.4170854271356783,pair_flow_leadlag_candidate,-0.17702069060193223,watch,watch
dtw_return_similarity_graph,edge_density_feature,30m,core_weighted,4062,0.0492231261462457,-0.0011039835216587,-0.0010201010424483,-8.388247921037187e-05,0.4482758620689655,weak_pair_candidate,-0.17763872237785092,usable,downgrade
dtw_trade_flow_similarity_graph,community_avg_weight_feature,30m,top10_member,1997,-0.0541051954602731,-0.002115610586093,-0.0005085211898977,-0.0016070893961953,0.4321608040201005,pair_flow_leadlag_candidate,-0.17857936379116116,watch,watch
flow_alignment_graph,flow_breadth_expansion,5m,top10_member,27725,-0.0403728465976516,-0.0009978566825297,-0.0003425190225888,-0.0006553376599408,0.4494949494949495,event_alignment_layer,-0.17937200413941146,strong_sample,downgrade
dtw_trade_flow_similarity_graph,community_avg_weight_feature,15m,top10_member,1997,-0.0545694450746199,-0.0017604374981802,-0.0003662607913959,-0.0013941767067843,0.3768844221105528,pair_flow_leadlag_candidate,-0.18011166397167186,watch,watch
dtw_trade_flow_similarity_graph,community_quality_score,15m,equal_weight,1997,-0.0545750314402958,-0.0020357963998189,0.0002243259679402,-0.0022601223677592,0.4120603015075377,pair_flow_leadlag_candidate,-0.1801301023049931,watch,watch
dtw_trade_flow_similarity_graph,community_quality_score,15m,member_weight,1997,-0.0545750314402958,-0.0020357963998189,0.0002243259679402,-0.0022601223677592,0.4120603015075377,pair_flow_leadlag_candidate,-0.1801301023049931,watch,watch
large_trade_alignment_graph,community_quality_score,5m,equal_weight,45,0.1089449405213621,-0.0022916752600804,-0.00178901451519,-0.0005026607448904,0.0,sparse_event_flag,-0.1811490530739781,ignore,ignore_sparse
large_trade_alignment_graph,community_quality_score,5m,member_weight,45,0.1089449405213621,-0.0022916752600804,-0.00178901451519,-0.0005026607448904,0.0,sparse_event_flag,-0.1811490530739781,ignore,ignore_sparse
large_trade_alignment_graph,community_quality_score,5m,top10_member,45,0.1089449405213621,-0.0022916752600804,-0.00178901451519,-0.0005026607448904,0.0,sparse_event_flag,-0.1811490530739781,ignore,ignore_sparse
dtw_trade_flow_similarity_graph,community_avg_weight_feature,5m,top5_member,1998,-0.0558398458994796,-0.0006448660264951,-1.826576697733569e-05,-0.0006266002595178,0.4472361809045226,pair_flow_leadlag_candidate,-0.18431687776658634,watch,watch
dtw_trade_flow_similarity_graph,community_avg_weight_feature,5m,equal_weight,1998,-0.0570147105318844,-0.000542490917388,-1.826576697733569e-05,-0.0005242251504106,0.457286432160804,pair_flow_leadlag_candidate,-0.18819488597658499,watch,watch
dtw_trade_flow_similarity_graph,community_avg_weight_feature,5m,member_weight,1998,-0.0570147105318844,-0.000542490917388,-1.826576697733569e-05,-0.0005242251504106,0.457286432160804,pair_flow_leadlag_candidate,-0.18819488597658499,watch,watch
dtw_trade_flow_similarity_graph,community_avg_weight_feature,5m,core_weighted,1998,-0.0570305665566161,-0.0005162985230145,-1.66027575368069e-06,-0.0005146382472608,0.4522613065326633,pair_flow_leadlag_candidate,-0.18824722374588324,watch,watch
dtw_trade_flow_similarity_graph,community_avg_weight_feature,5m,top10_member,1998,-0.0594291352060771,-0.0005562598014375,-1.826576697733569e-05,-0.0005379940344601,0.4472361809045226,pair_flow_leadlag_candidate,-0.19616444983159473,watch,watch
flow_alignment_graph,flow_breadth_expansion,30m,core_weighted,27603,-0.0447548155916553,-0.0011407310714745,0.0003012224736578,-0.0014419535451324,0.4322463768115942,event_alignment_layer,-0.1987548837461396,strong_sample,downgrade
flow_alignment_graph,flow_breadth_expansion,30m,equal_weight,27603,-0.0455879153219577,-0.0011439429529474,0.0002855430331755,-0.0014294859861229,0.4322463768115942,event_alignment_layer,-0.2024546563372274,strong_sample,downgrade
flow_alignment_graph,flow_breadth_expansion,30m,member_weight,27603,-0.0455879153219577,-0.0011439429529474,0.0002855430331755,-0.0014294859861229,0.4322463768115942,event_alignment_layer,-0.2024546563372274,strong_sample,downgrade
volume_expansion_graph,community_mean_volume_z_12,30m,top5_member,23905,-0.0496517438111017,0.0001408281060966,0.0046519874244128,-0.0045111593183162,0.4878661087866108,theme_candidate_layer,-0.21740050362707478,strong_sample,downgrade
large_trade_alignment_graph,community_quality_score,5m,core_weighted,45,0.1336690957124965,-0.0022610371222366,-0.0019168876065562,-0.0003441495156804,0.0,sparse_event_flag,-0.22225933574974746,ignore,ignore_sparse
volume_expansion_graph,community_mean_volume_z_12,30m,core_weighted,23969,-0.0564680307669236,-0.0009322929716232,0.0045620757992689,-0.0054943687708922,0.4753756260434056,theme_candidate_layer,-0.24731122929472418,strong_sample,downgrade
volume_expansion_graph,community_mean_volume_z_12,30m,top10_member,23962,-0.0568372103043138,-0.0009181545378276,0.0046828205236431,-0.0056009750614707,0.4724540901502504,theme_candidate_layer,-0.24892090352469862,strong_sample,downgrade
volume_expansion_graph,community_mean_volume_z_12,30m,equal_weight,23969,-0.0573375697704137,-0.0010610031487442,0.004541340955909,-0.0056023441046532,0.4712020033388981,theme_candidate_layer,-0.25111952147265526,strong_sample,downgrade
volume_expansion_graph,community_mean_volume_z_12,30m,member_weight,23969,-0.0573375697704137,-0.0010610031487442,0.004541340955909,-0.0056023441046532,0.4712020033388981,theme_candidate_layer,-0.25111952147265526,strong_sample,downgrade
flow_alignment_graph,flow_breadth_expansion,5m,core_weighted,27746,-0.0596726142616233,-0.001033789024457,-0.0001188142959104,-0.0009149747285465,0.4221341023792357,event_alignment_layer,-0.2651383164878374,strong_sample,downgrade
flow_alignment_graph,flow_breadth_expansion,5m,equal_weight,27746,-0.0599321845876283,-0.0010395789207224,-0.0001130728133137,-0.0009265061074086,0.4224945926459985,event_alignment_layer,-0.2662916435223365,strong_sample,downgrade
flow_alignment_graph,flow_breadth_expansion,5m,member_weight,27746,-0.0599321845876283,-0.0010395789207224,-0.0001130728133137,-0.0009265061074086,0.4224945926459985,event_alignment_layer,-0.2662916435223365,strong_sample,downgrade
flow_alignment_graph,flow_breadth_expansion,15m,top5_member,27318,-0.0614906983148771,-0.0019861869862415,-0.0003813677604956,-0.0016048192257459,0.4192603441962651,event_alignment_layer,-0.2728013184870984,strong_sample,downgrade
flow_alignment_graph,community_quality_score,15m,equal_weight,27671,-0.0640005383172607,-0.0013927288405913,0.0001113754326247,-0.0015041042732161,0.449584387423202,event_alignment_layer,-0.28429298636350375,strong_sample,downgrade
flow_alignment_graph,community_quality_score,15m,member_weight,27671,-0.0640005383172607,-0.0013927288405913,0.0001113754326247,-0.0015041042732161,0.449584387423202,event_alignment_layer,-0.28429298636350375,strong_sample,downgrade
flow_alignment_graph,community_quality_score,15m,core_weighted,27671,-0.0641944797708491,-0.001428276890255,0.0001188735089875,-0.0015471503992426,0.449584387423202,event_alignment_layer,-0.2851544821644767,strong_sample,downgrade
flow_alignment_graph,community_quality_score,30m,equal_weight,27603,-0.064670134176426,-0.0010030689734454,0.0003784656040783,-0.0013815345775238,0.4576086956521739,event_alignment_layer,-0.28719825632527873,strong_sample,downgrade
flow_alignment_graph,community_quality_score,30m,member_weight,27603,-0.064670134176426,-0.0010030689734454,0.0003784656040783,-0.0013815345775238,0.4576086956521739,event_alignment_layer,-0.28719825632527873,strong_sample,downgrade
flow_alignment_graph,community_quality_score,30m,core_weighted,27603,-0.0652339775729949,-0.00102393657934,0.000420290026028,-0.0014442266053681,0.4572463768115942,event_alignment_layer,-0.2897022690723891,strong_sample,downgrade
flow_alignment_graph,flow_breadth_expansion,15m,top10_member,27513,-0.06624673998324,-0.0019517890343899,-0.0002699371931765,-0.0016818518412133,0.415848782260996,event_alignment_layer,-0.29410596178790666,strong_sample,downgrade
flow_alignment_graph,flow_breadth_expansion,15m,core_weighted,27671,-0.0868719027464608,-0.0019604630201053,-3.491886481989565e-05,-0.0019255441552854,0.3874232020238525,event_alignment_layer,-0.38588851456911105,strong_sample,downgrade
flow_alignment_graph,flow_breadth_expansion,15m,equal_weight,27671,-0.0878285917839623,-0.0019510659486153,-3.693559058849039e-05,-0.0019141303580268,0.3863389953017708,event_alignment_layer,-0.3901381660664825,strong_sample,downgrade
flow_alignment_graph,flow_breadth_expansion,15m,member_weight,27671,-0.0878285917839623,-0.0019510659486153,-3.693559058849039e-05,-0.0019141303580268,0.3863389953017708,event_alignment_layer,-0.3901381660664825,strong_sample,downgrade
