graph_layer,factor_name,label_horizon,label_variant,sample_size,rank_ic,top_decile_mean,bottom_decile_mean,top_bottom_spread,top_decile_hit_rate,layer_role,score,confidence_bucket,research_action
large_trade_alignment_graph,community_avg_weight_feature,5m,core_weighted,49,0.3456520794291257,-0.0006295324118879,-0.0039164852430012,0.0032869528311132,0.5,sparse_event_flag,0.5872525148864556,ignore,ignore_sparse
large_trade_alignment_graph,community_avg_weight_feature,5m,equal_weight,49,0.3438028485093087,-0.0006223786619065,-0.0036544471087435,0.0030320684468369,0.5,sparse_event_flag,0.5841107270225958,ignore,ignore_sparse
large_trade_alignment_graph,community_avg_weight_feature,5m,member_weight,49,0.3438028485093087,-0.0006223786619065,-0.0036544471087435,0.0030320684468369,0.5,sparse_event_flag,0.5841107270225958,ignore,ignore_sparse
large_trade_alignment_graph,community_avg_weight_feature,5m,top10_member,49,0.3438028485093087,-0.0006223786619065,-0.0036544471087435,0.0030320684468369,0.5,sparse_event_flag,0.5841107270225958,ignore,ignore_sparse
large_trade_alignment_graph,community_avg_weight_feature,5m,top5_member,49,0.3438028485093087,-0.0006223786619065,-0.0036544471087435,0.0030320684468369,0.5,sparse_event_flag,0.5841107270225958,ignore,ignore_sparse
large_trade_alignment_graph,community_quality_score,5m,core_weighted,49,0.3225211875411936,-0.0003045412558772,-0.0019964199480838,0.0016918786922066,0.75,sparse_event_flag,0.5479538233953196,ignore,ignore_sparse
large_trade_alignment_graph,community_quality_score,5m,equal_weight,49,0.3093350683560064,-0.0003157276603199,-0.0019807551152227,0.0016650274549028,0.75,sparse_event_flag,0.5255510024260868,ignore,ignore_sparse
large_trade_alignment_graph,community_quality_score,5m,member_weight,49,0.3093350683560064,-0.0003157276603199,-0.0019807551152227,0.0016650274549028,0.75,sparse_event_flag,0.5255510024260868,ignore,ignore_sparse
large_trade_alignment_graph,community_quality_score,5m,top10_member,49,0.3093350683560064,-0.0003157276603199,-0.0019807551152227,0.0016650274549028,0.75,sparse_event_flag,0.5255510024260868,ignore,ignore_sparse
large_trade_alignment_graph,community_quality_score,5m,top5_member,49,0.3093350683560064,-0.0003157276603199,-0.0019807551152227,0.0016650274549028,0.75,sparse_event_flag,0.5255510024260868,ignore,ignore_sparse
large_trade_alignment_graph,community_avg_weight_feature,15m,core_weighted,49,0.2556561746646988,-0.0010972985735968,-0.0019859286895103,0.0008886301159135,0.25,sparse_event_flag,0.4343521721786133,ignore,ignore_sparse
large_trade_alignment_graph,community_avg_weight_feature,15m,equal_weight,49,0.2419410453427228,-0.0010511636873715,-0.0016856496205251,0.0006344859331535,0.25,sparse_event_flag,0.41105057885498664,ignore,ignore_sparse
large_trade_alignment_graph,community_avg_weight_feature,15m,member_weight,49,0.2419410453427228,-0.0010511636873715,-0.0016856496205251,0.0006344859331535,0.25,sparse_event_flag,0.41105057885498664,ignore,ignore_sparse
large_trade_alignment_graph,community_avg_weight_feature,15m,top10_member,49,0.2419410453427228,-0.0010511636873715,-0.0016856496205251,0.0006344859331535,0.25,sparse_event_flag,0.41105057885498664,ignore,ignore_sparse
large_trade_alignment_graph,community_avg_weight_feature,15m,top5_member,49,0.2419410453427228,-0.0010511636873715,-0.0016856496205251,0.0006344859331535,0.25,sparse_event_flag,0.41105057885498664,ignore,ignore_sparse
large_trade_alignment_graph,community_quality_score,1m,core_weighted,49,-0.230064429674628,-0.0004193307629483,-0.0021985811308505,0.0017792503679022,0.5,sparse_event_flag,0.3908725650818664,ignore,ignore_sparse
large_trade_alignment_graph,community_quality_score,1m,equal_weight,49,-0.222522174732128,-0.0003793508122362,-0.0021664022474038,0.0017870514351675,0.5,sparse_event_flag,0.3780585001695038,ignore,ignore_sparse
large_trade_alignment_graph,community_quality_score,1m,member_weight,49,-0.222522174732128,-0.0003793508122362,-0.0021664022474038,0.0017870514351675,0.5,sparse_event_flag,0.3780585001695038,ignore,ignore_sparse
large_trade_alignment_graph,community_quality_score,1m,top10_member,49,-0.222522174732128,-0.0003793508122362,-0.0021664022474038,0.0017870514351675,0.5,sparse_event_flag,0.3780585001695038,ignore,ignore_sparse
large_trade_alignment_graph,community_quality_score,1m,top5_member,49,-0.222522174732128,-0.0003793508122362,-0.0021664022474038,0.0017870514351675,0.5,sparse_event_flag,0.3780585001695038,ignore,ignore_sparse
large_trade_alignment_graph,community_quality_score,15m,core_weighted,49,0.1879919871382331,-0.0008322742255344,-0.0027340621643891,0.0019017879388547,0.5,sparse_event_flag,0.3193927472033807,ignore,ignore_sparse
large_trade_alignment_graph,community_quality_score,30m,core_weighted,48,0.1858123795321649,0.0010094120401167,-0.002903042033825,0.0039124540739418,0.5,sparse_event_flag,0.31405935550603553,ignore,ignore_sparse
large_trade_alignment_graph,community_quality_score,30m,equal_weight,48,0.1824270232197952,0.0010162676050052,-0.0028456690974342,0.0038619367024394,0.5,sparse_event_flag,0.3083374395373685,ignore,ignore_sparse
large_trade_alignment_graph,community_quality_score,30m,member_weight,48,0.1824270232197952,0.0010162676050052,-0.0028456690974342,0.0038619367024394,0.5,sparse_event_flag,0.3083374395373685,ignore,ignore_sparse
large_trade_alignment_graph,community_quality_score,30m,top10_member,48,0.1824270232197952,0.0010162676050052,-0.0028456690974342,0.0038619367024394,0.5,sparse_event_flag,0.3083374395373685,ignore,ignore_sparse
large_trade_alignment_graph,community_quality_score,30m,top5_member,48,0.1824270232197952,0.0010162676050052,-0.0028456690974342,0.0038619367024394,0.5,sparse_event_flag,0.3083374395373685,ignore,ignore_sparse
large_trade_alignment_graph,community_quality_score,15m,equal_weight,49,0.1644416808892022,-0.0008359912413199,-0.0027378087636695,0.0019018175223495,0.5,sparse_event_flag,0.27938148329335005,ignore,ignore_sparse
large_trade_alignment_graph,community_quality_score,15m,member_weight,49,0.1644416808892022,-0.0008359912413199,-0.0027378087636695,0.0019018175223495,0.5,sparse_event_flag,0.27938148329335005,ignore,ignore_sparse
large_trade_alignment_graph,community_quality_score,15m,top10_member,49,0.1644416808892022,-0.0008359912413199,-0.0027378087636695,0.0019018175223495,0.5,sparse_event_flag,0.27938148329335005,ignore,ignore_sparse
large_trade_alignment_graph,community_quality_score,15m,top5_member,49,0.1644416808892022,-0.0008359912413199,-0.0027378087636695,0.0019018175223495,0.5,sparse_event_flag,0.27938148329335005,ignore,ignore_sparse
large_trade_alignment_graph,community_avg_weight_feature,1m,equal_weight,49,0.0913314604287391,0.0003148038580991,-0.0003815403473367,0.0006963442054358,1.0,sparse_event_flag,0.15516941172062979,ignore,ignore_sparse
large_trade_alignment_graph,community_avg_weight_feature,1m,member_weight,49,0.0913314604287391,0.0003148038580991,-0.0003815403473367,0.0006963442054358,1.0,sparse_event_flag,0.15516941172062979,ignore,ignore_sparse
large_trade_alignment_graph,community_avg_weight_feature,1m,top10_member,49,0.0913314604287391,0.0003148038580991,-0.0003815403473367,0.0006963442054358,1.0,sparse_event_flag,0.15516941172062979,ignore,ignore_sparse
large_trade_alignment_graph,community_avg_weight_feature,1m,top5_member,49,0.0913314604287391,0.0003148038580991,-0.0003815403473367,0.0006963442054358,1.0,sparse_event_flag,0.15516941172062979,ignore,ignore_sparse
large_trade_alignment_graph,community_avg_weight_feature,1m,core_weighted,49,0.0866056480780957,0.0002924437056508,-0.0004337366458714,0.0007261803515223,1.0,sparse_event_flag,0.14714039829076597,ignore,ignore_sparse
dtw_return_similarity_graph,edge_density_feature,30m,equal_weight,4207,-0.0388310314550017,0.000218548722581,0.000168071369346,5.047735323494712e-05,0.5190476190476191,weak_pair_candidate,0.1407265987114263,usable,keep_for_next_round
dtw_return_similarity_graph,edge_density_feature,30m,member_weight,4207,-0.0388310314550017,0.000218548722581,0.000168071369346,5.047735323494712e-05,0.5190476190476191,weak_pair_candidate,0.1407265987114263,usable,keep_for_next_round
dtw_return_similarity_graph,edge_density_feature,30m,core_weighted,4207,-0.0380680501607306,0.0002051690234905,0.0001412459949567,6.392302853379649e-05,0.5214285714285715,weak_pair_candidate,0.13796149671954028,usable,keep_for_next_round
dtw_return_similarity_graph,edge_density_feature,30m,top10_member,4207,-0.0372951116334664,0.000218548722581,0.0001282959781002,9.025274448073811e-05,0.5190476190476191,weak_pair_candidate,0.13516030896121461,usable,keep_for_next_round
flow_alignment_graph,community_member_count,15m,equal_weight,26980,0.0277929584745796,5.654187278614714e-05,-0.0001437779358304,0.0002003198086166,0.5114899925871016,event_alignment_layer,0.1231522121581467,strong_sample,keep_for_next_round
flow_alignment_graph,community_member_count,15m,member_weight,26980,0.0277929584745796,5.654187278614714e-05,-0.0001437779358304,0.0002003198086166,0.5114899925871016,event_alignment_layer,0.1231522121581467,strong_sample,keep_for_next_round
flow_alignment_graph,flow_member_count_z,15m,equal_weight,26980,0.0277929584745796,5.654187278614714e-05,-0.0001437779358304,0.0002003198086166,0.5114899925871016,event_alignment_layer,0.1231522121581467,strong_sample,keep_for_next_round
flow_alignment_graph,flow_member_count_z,15m,member_weight,26980,0.0277929584745796,5.654187278614714e-05,-0.0001437779358304,0.0002003198086166,0.5114899925871016,event_alignment_layer,0.1231522121581467,strong_sample,keep_for_next_round
flow_alignment_graph,community_member_count,15m,core_weighted,26980,0.0271406103484308,6.17462436672247e-05,-0.0001590505519152,0.0002207967955824,0.508524833209785,event_alignment_layer,0.12026161974762925,strong_sample,keep_for_next_round
flow_alignment_graph,flow_member_count_z,15m,core_weighted,26980,0.0271406103484308,6.17462436672247e-05,-0.0001590505519152,0.0002207967955824,0.508524833209785,event_alignment_layer,0.12026161974762925,strong_sample,keep_for_next_round
dtw_return_similarity_graph,edge_density_feature,30m,top5_member,4207,-0.032703546096711,0.000218548722581,8.382413566235796e-05,0.0001347245869186,0.5190476190476191,weak_pair_candidate,0.11852012773149445,usable,keep_for_next_round
return_corr_graph,community_member_count,15m,core_weighted,24538,0.0250007499390531,-1.1142890982100896e-05,-0.0001373675106815,0.0001262246196994,0.5295556461475744,beta_context_layer,0.10974971364056585,strong_sample,keep_for_next_round
dtw_trade_flow_similarity_graph,community_mean_volume_z_12,5m,core_weighted,1640,0.0337858824803857,0.000714039845768,-0.0007781713536234,0.0014922111993915,0.5304878048780488,pair_flow_leadlag_candidate,0.10862528068113943,watch,watch
dtw_trade_flow_similarity_graph,community_mean_volume_z_12,5m,equal_weight,1640,0.033508914453612,0.0006689654807569,-0.0007773382700056,0.0014463037507626,0.5304878048780488,pair_flow_leadlag_candidate,0.10773479840158197,watch,watch
dtw_trade_flow_similarity_graph,community_mean_volume_z_12,5m,member_weight,1640,0.033508914453612,0.0006689654807569,-0.0007773382700056,0.0014463037507626,0.5304878048780488,pair_flow_leadlag_candidate,0.10773479840158197,watch,watch
return_corr_graph,community_member_count,15m,equal_weight,24538,0.0243735034555439,-2.097269982613948e-05,-0.0001322783573069,0.0001113056574807,0.5258866693844272,beta_context_layer,0.106996191361634,strong_sample,keep_for_next_round
return_corr_graph,community_member_count,15m,member_weight,24538,0.0243735034555439,-2.097269982613948e-05,-0.0001322783573069,0.0001113056574807,0.5258866693844272,beta_context_layer,0.106996191361634,strong_sample,keep_for_next_round
dtw_return_similarity_graph,edge_density_feature,5m,top5_member,4431,0.0271928367690987,0.0002698374207289,-0.0004292155670567,0.0006990529877856,0.5417607223476298,weak_pair_candidate,0.09916139181076795,usable,keep_for_next_round
dtw_return_similarity_graph,edge_density_feature,5m,core_weighted,4431,0.0270575138688051,0.0002824068059365,-0.0003697325618659,0.0006521393678025,0.5395033860045146,weak_pair_candidate,0.09866792335615523,usable,keep_for_next_round
dtw_return_similarity_graph,edge_density_feature,5m,equal_weight,4431,0.0260423445190743,0.0002698374207289,-0.0003670943727872,0.0006369317935161,0.5417607223476298,weak_pair_candidate,0.09496600705747277,usable,keep_for_next_round
dtw_return_similarity_graph,edge_density_feature,5m,member_weight,4431,0.0260423445190743,0.0002698374207289,-0.0003670943727872,0.0006369317935161,0.5417607223476298,weak_pair_candidate,0.09496600705747277,usable,keep_for_next_round
dtw_trade_flow_similarity_graph,community_mean_volume_z_12,5m,top10_member,1640,0.0293007429314502,0.0005982051866187,-0.0007773382700056,0.0013755434566243,0.5,pair_flow_leadlag_candidate,0.0942050700301363,watch,watch
dtw_return_similarity_graph,edge_density_feature,5m,top10_member,4431,0.0257880435107848,0.0002698374207289,-0.0003571377198226,0.0006269751405515,0.5417607223476298,weak_pair_candidate,0.09403867306378204,usable,keep_for_next_round
dtw_trade_flow_similarity_graph,community_mean_volume_z_12,5m,top5_member,1640,0.0289639237484353,0.0005967868139899,-0.0007904729785399,0.0013872597925299,0.5,pair_flow_leadlag_candidate,0.0931221597845618,watch,watch
flow_alignment_graph,community_member_count,15m,top10_member,26802,0.0178898164146729,0.0001243145250653,-0.0002129258426699,0.0003372403677353,0.5033582089552239,event_alignment_layer,0.07921938819031607,strong_sample,keep_for_next_round
flow_alignment_graph,flow_member_count_z,15m,top10_member,26802,0.0178898164146729,0.0001243145250653,-0.0002129258426699,0.0003372403677353,0.5033582089552239,event_alignment_layer,0.07921938819031607,strong_sample,keep_for_next_round
volume_expansion_graph,edge_density_feature,1m,top5_member,29182,0.0176448561349221,0.0005322770059426,-0.0001432340142437,0.0006755110201863,0.5322138450993832,theme_candidate_layer,0.07878657532928914,strong_sample,prioritize_for_next_round
dtw_trade_flow_similarity_graph,edge_density_feature,1m,top10_member,1640,0.0243534290136698,0.0001513436910426,-8.372881856456975e-05,0.0002350725096071,0.5060975609756098,pair_flow_leadlag_candidate,0.07829891859991714,watch,watch
dtw_trade_flow_similarity_graph,community_avg_weight_feature,30m,equal_weight,1638,-0.0241798718191757,-0.0003780044476491,-0.0009108911023293,0.0005328866546802,0.50920245398773,pair_flow_leadlag_candidate,0.07772810704995463,watch,watch
dtw_trade_flow_similarity_graph,community_avg_weight_feature,30m,member_weight,1638,-0.0241798718191757,-0.0003780044476491,-0.0009108911023293,0.0005328866546802,0.50920245398773,pair_flow_leadlag_candidate,0.07772810704995463,watch,watch
dtw_trade_flow_similarity_graph,community_avg_weight_feature,30m,core_weighted,1638,-0.0240353677484566,-0.0004079607341629,-0.0008538354240968,0.0004458746899338,0.5030674846625767,pair_flow_leadlag_candidate,0.07726358730551573,watch,watch
dtw_trade_flow_similarity_graph,community_avg_weight_feature,30m,top10_member,1638,-0.0226342441554131,-0.0003733908869077,-0.0009108911023293,0.0005375002154216,0.5153374233128835,pair_flow_leadlag_candidate,0.07275956489196703,watch,watch
dtw_return_similarity_graph,community_quality_score,1m,top10_member,4442,0.0196020322617908,0.0004963989158408,0.0002524959256689,0.0002439029901718,0.5135135135135135,weak_pair_candidate,0.07150186877271766,usable,keep_for_next_round
return_corr_graph,community_member_count,30m,core_weighted,24347,0.0162460195555795,2.491330022288122e-05,-0.000174041969383,0.0001989552696059,0.5086277732128184,beta_context_layer,0.0712625684392251,strong_sample,keep_for_next_round
flow_alignment_graph,community_member_count,30m,equal_weight,26903,0.0160671408446999,9.27637803726994e-05,-0.0003199286295372,0.0004126924099099,0.5059479553903345,event_alignment_layer,0.07117449131436926,strong_sample,keep_for_next_round
flow_alignment_graph,community_member_count,30m,member_weight,26903,0.0160671408446999,9.27637803726994e-05,-0.0003199286295372,0.0004126924099099,0.5059479553903345,event_alignment_layer,0.07117449131436926,strong_sample,keep_for_next_round
flow_alignment_graph,flow_member_count_z,30m,equal_weight,26903,0.0160671408446999,9.27637803726994e-05,-0.0003199286295372,0.0004126924099099,0.5059479553903345,event_alignment_layer,0.07117449131436926,strong_sample,keep_for_next_round
flow_alignment_graph,flow_member_count_z,30m,member_weight,26903,0.0160671408446999,9.27637803726994e-05,-0.0003199286295372,0.0004126924099099,0.5059479553903345,event_alignment_layer,0.07117449131436926,strong_sample,keep_for_next_round
flow_alignment_graph,community_member_count,30m,core_weighted,26903,0.0159997924188767,0.0001098769425982,-0.0003235550122047,0.000433431954803,0.5022304832713754,event_alignment_layer,0.07087615012254664,strong_sample,keep_for_next_round
flow_alignment_graph,flow_member_count_z,30m,core_weighted,26903,0.0159997924188767,0.0001098769425982,-0.0003235550122047,0.000433431954803,0.5022304832713754,event_alignment_layer,0.07087615012254664,strong_sample,keep_for_next_round
return_corr_graph,community_member_count,30m,equal_weight,24347,0.0158419854408017,4.617690218790209e-06,-0.0001594916143163,0.0001641093045351,0.5053410024650781,beta_context_layer,0.06949028762559982,strong_sample,keep_for_next_round
return_corr_graph,community_member_count,30m,member_weight,24347,0.0158419854408017,4.617690218790209e-06,-0.0001594916143163,0.0001641093045351,0.5053410024650781,beta_context_layer,0.06949028762559982,strong_sample,keep_for_next_round
dtw_return_similarity_graph,community_avg_weight_feature,1m,top5_member,4442,0.0189397978905728,0.0004110165693534,-0.00049409605685,0.0009051126262035,0.5180180180180181,weak_pair_candidate,0.06908625214301181,usable,keep_for_next_round
dtw_return_similarity_graph,community_avg_weight_feature,1m,core_weighted,4442,0.0187779977432706,0.0004421690664436,-0.0004900902611152,0.0009322593275589,0.5112612612612613,weak_pair_candidate,0.0684960575782187,usable,keep_for_next_round
dtw_return_similarity_graph,community_avg_weight_feature,1m,equal_weight,4442,0.0186007089093582,0.0004110165693534,-0.00049409605685,0.0009051126262035,0.5180180180180181,weak_pair_candidate,0.06784936529815434,usable,keep_for_next_round
dtw_return_similarity_graph,community_avg_weight_feature,1m,member_weight,4442,0.0186007089093582,0.0004110165693534,-0.00049409605685,0.0009051126262035,0.5180180180180181,weak_pair_candidate,0.06784936529815434,usable,keep_for_next_round
dtw_trade_flow_similarity_graph,community_avg_weight_feature,30m,top5_member,1638,-0.0210110652683227,-0.0003663617681905,-0.0009108911023293,0.0005445293341388,0.5030674846625767,pair_flow_leadlag_candidate,0.06754172820364623,watch,watch
dtw_return_similarity_graph,community_avg_weight_feature,1m,top10_member,4442,0.0182389825714544,0.0004110165693534,-0.00049409605685,0.0009051126262035,0.5180180180180181,weak_pair_candidate,0.06652990470350728,usable,keep_for_next_round
dtw_return_similarity_graph,community_quality_score,1m,core_weighted,4442,0.0182321854758406,0.0005161969674671,0.0002462461836761,0.000269950783791,0.509009009009009,weak_pair_candidate,0.066505111098838,usable,keep_for_next_round
dtw_return_similarity_graph,community_quality_score,1m,equal_weight,4442,0.0181542554949676,0.0004963989158408,0.0002474658717293,0.0002489330441115,0.5135135135135135,weak_pair_candidate,0.06622084775351623,usable,keep_for_next_round
dtw_return_similarity_graph,community_quality_score,1m,member_weight,4442,0.0181542554949676,0.0004963989158408,0.0002474658717293,0.0002489330441115,0.5135135135135135,weak_pair_candidate,0.06622084775351623,usable,keep_for_next_round
dtw_return_similarity_graph,community_quality_score,1m,top5_member,4442,0.0180529296826341,0.0004963989158408,0.0002454734281071,0.0002509254877337,0.5135135135135135,weak_pair_candidate,0.06585124398794744,usable,keep_for_next_round
volume_expansion_graph,edge_density_feature,1m,core_weighted,29183,0.014705879156355,0.0005472071992449,2.8009530656776536e-05,0.0005191976685882,0.5328992460589445,theme_candidate_layer,0.06566388008925512,strong_sample,prioritize_for_next_round
volume_expansion_graph,edge_density_feature,1m,equal_weight,29183,0.0147017057143117,0.0005389549666523,2.8793218457683834e-05,0.0005101617481946,0.5328992460589445,theme_candidate_layer,0.06564524506614791,strong_sample,prioritize_for_next_round
volume_expansion_graph,edge_density_feature,1m,member_weight,29183,0.0147017057143117,0.0005389549666523,2.8793218457683834e-05,0.0005101617481946,0.5328992460589445,theme_candidate_layer,0.06564524506614791,strong_sample,prioritize_for_next_round
dtw_trade_flow_similarity_graph,edge_density_feature,1m,equal_weight,1640,0.0202910233521638,0.0001513436910426,-5.35577390547023e-05,0.0002049014300973,0.5060975609756098,pair_flow_leadlag_candidate,0.06523784329789054,watch,watch
dtw_trade_flow_similarity_graph,edge_density_feature,1m,member_weight,1640,0.0202910233521638,0.0001513436910426,-5.35577390547023e-05,0.0002049014300973,0.5060975609756098,pair_flow_leadlag_candidate,0.06523784329789054,watch,watch
flow_alignment_graph,flow_breadth_expansion,30m,top5_member,25912,0.0146267113283169,5.24779815738963e-05,-0.0001794629643689,0.0002319409459428,0.5082979544577383,event_alignment_layer,0.06455524926776889,strong_sample,keep_for_next_round
volume_expansion_graph,edge_density_feature,1m,top10_member,29183,0.0140401886984759,0.0005389549666523,4.386161645891632e-05,0.0004950933501934,0.5328992460589445,theme_candidate_layer,0.06269147579176401,strong_sample,prioritize_for_next_round
flow_alignment_graph,community_member_count,15m,top5_member,26603,0.0140923896016163,9.835955572887812e-05,-0.0002358371684426,0.0003341967241714,0.4812030075187969,event_alignment_layer,0.06235807623315204,strong_sample,keep_for_next_round
flow_alignment_graph,flow_member_count_z,15m,top5_member,26603,0.0140923896016163,9.835955572887812e-05,-0.0002358371684426,0.0003341967241714,0.4812030075187969,event_alignment_layer,0.06235807623315204,strong_sample,keep_for_next_round
dtw_trade_flow_similarity_graph,edge_density_feature,1m,core_weighted,1640,0.0190583113423303,0.0001459679443145,-5.6052192348290336e-05,0.0002020201366628,0.5060975609756098,pair_flow_leadlag_candidate,0.06127454033710764,watch,watch
volume_expansion_graph,feature_coverage_ratio,5m,top5_member,28935,0.0119753342621842,0.0001250780282134,9.24775068718971e-05,3.2600521341555585e-05,0.5019011406844106,theme_candidate_layer,0.05342721727682518,strong_sample,prioritize_for_next_round
flow_alignment_graph,flow_layer_participation_ratio,30m,equal_weight,26903,-0.0119372795187421,5.7099354331457306e-05,4.047800440417237e-05,1.662134992728494e-05,0.4933085501858736,event_alignment_layer,0.05287996200669248,strong_sample,keep_for_next_round
flow_alignment_graph,flow_layer_participation_ratio,30m,member_weight,26903,-0.0119372795187421,5.7099354331457306e-05,4.047800440417237e-05,1.662134992728494e-05,0.4933085501858736,event_alignment_layer,0.05287996200669248,strong_sample,keep_for_next_round
return_corr_graph,community_member_count,1m,top5_member,24710,0.0117377141149883,0.0001551874815719,0.000119615487022,3.557199454988353e-05,0.5163901254552813,beta_context_layer,0.051562490722915154,strong_sample,keep_for_next_round
flow_alignment_graph,community_member_count,5m,equal_weight,27044,0.0112207379716871,-1.0343271424545351e-05,-0.000111358682535,0.0001010154111105,0.4918639053254438,event_alignment_layer,0.049731286735140365,strong_sample,keep_for_next_round
flow_alignment_graph,community_member_count,5m,member_weight,27044,0.0112207379716871,-1.0343271424545351e-05,-0.000111358682535,0.0001010154111105,0.4918639053254438,event_alignment_layer,0.049731286735140365,strong_sample,keep_for_next_round
flow_alignment_graph,flow_member_count_z,5m,equal_weight,27044,0.0112207379716871,-1.0343271424545351e-05,-0.000111358682535,0.0001010154111105,0.4918639053254438,event_alignment_layer,0.049731286735140365,strong_sample,keep_for_next_round
flow_alignment_graph,flow_member_count_z,5m,member_weight,27044,0.0112207379716871,-1.0343271424545351e-05,-0.000111358682535,0.0001010154111105,0.4918639053254438,event_alignment_layer,0.049731286735140365,strong_sample,keep_for_next_round
flow_alignment_graph,community_member_count,5m,top10_member,27025,0.0107614083591607,8.975138206622924e-05,-5.2882208813550137e-05,0.0001426335908797,0.5074019245003701,event_alignment_layer,0.0476922134117948,strong_sample,keep_for_next_round
flow_alignment_graph,flow_member_count_z,5m,top10_member,27025,0.0107614083591607,8.975138206622924e-05,-5.2882208813550137e-05,0.0001426335908797,0.5074019245003701,event_alignment_layer,0.0476922134117948,strong_sample,keep_for_next_round
dtw_trade_flow_similarity_graph,community_mean_volume_z_12,15m,equal_weight,1639,0.0148078132033403,0.0007667526355011,-3.984050199001823e-05,0.0008065931374911,0.5337423312883436,pair_flow_leadlag_candidate,0.047604807179798043,watch,watch
dtw_trade_flow_similarity_graph,community_mean_volume_z_12,15m,member_weight,1639,0.0148078132033403,0.0007667526355011,-3.984050199001823e-05,0.0008065931374911,0.5337423312883436,pair_flow_leadlag_candidate,0.047604807179798043,watch,watch
dtw_trade_flow_similarity_graph,community_mean_volume_z_12,15m,core_weighted,1639,0.014804921458752,0.0008184838609401,-2.966615706710747e-05,0.0008481500180072,0.5337423312883436,pair_flow_leadlag_candidate,0.04759551067249822,watch,watch
flow_alignment_graph,community_member_count,1m,equal_weight,27127,0.0106591787515157,6.815214543734768e-05,-0.0001513456058123,0.0002194977512497,0.5051622418879056,event_alignment_layer,0.04725659256273908,strong_sample,keep_for_next_round
flow_alignment_graph,community_member_count,1m,member_weight,27127,0.0106591787515157,6.815214543734768e-05,-0.0001513456058123,0.0002194977512497,0.5051622418879056,event_alignment_layer,0.04725659256273908,strong_sample,keep_for_next_round
flow_alignment_graph,flow_member_count_z,1m,equal_weight,27127,0.0106591787515157,6.815214543734768e-05,-0.0001513456058123,0.0002194977512497,0.5051622418879056,event_alignment_layer,0.04725659256273908,strong_sample,keep_for_next_round
flow_alignment_graph,flow_member_count_z,1m,member_weight,27127,0.0106591787515157,6.815214543734768e-05,-0.0001513456058123,0.0002194977512497,0.5051622418879056,event_alignment_layer,0.04725659256273908,strong_sample,keep_for_next_round
flow_alignment_graph,community_member_count,5m,top5_member,26971,0.0106244121500246,0.0001013278862865,-0.0001028958125246,0.0002042236988112,0.4957360029662588,event_alignment_layer,0.04707584751723708,strong_sample,keep_for_next_round
flow_alignment_graph,flow_member_count_z,5m,top5_member,26971,0.0106244121500246,0.0001013278862865,-0.0001028958125246,0.0002042236988112,0.4957360029662588,event_alignment_layer,0.04707584751723708,strong_sample,keep_for_next_round
flow_alignment_graph,community_member_count,1m,core_weighted,27127,0.0103855590550858,6.753178276789601e-05,-0.0001655951745613,0.0002331269573292,0.5051622418879056,event_alignment_layer,0.04604352213651234,strong_sample,keep_for_next_round
flow_alignment_graph,flow_member_count_z,1m,core_weighted,27127,0.0103855590550858,6.753178276789601e-05,-0.0001655951745613,0.0002331269573292,0.5051622418879056,event_alignment_layer,0.04604352213651234,strong_sample,keep_for_next_round
flow_alignment_graph,community_member_count,5m,core_weighted,27044,0.0102399427768987,-1.0943156506571409e-05,-0.0001207587351378,0.0001098155786312,0.4907544378698225,event_alignment_layer,0.04538431711660501,strong_sample,keep_for_next_round
flow_alignment_graph,flow_member_count_z,5m,core_weighted,27044,0.0102399427768987,-1.0943156506571409e-05,-0.0001207587351378,0.0001098155786312,0.4907544378698225,event_alignment_layer,0.04538431711660501,strong_sample,keep_for_next_round
dtw_trade_flow_similarity_graph,community_mean_volume_z_12,15m,top5_member,1639,0.0140305008109565,0.000722539071607,-6.362271900293053e-06,0.0007289013435073,0.5276073619631901,pair_flow_leadlag_candidate,0.045105869217131736,watch,watch
dtw_trade_flow_similarity_graph,community_mean_volume_z_12,1m,top10_member,1640,-0.0136816601167692,0.0003944924738845,-0.0002794064208761,0.0006738988947607,0.5304878048780488,pair_flow_leadlag_candidate,0.04398802284447652,watch,watch
volume_expansion_graph,community_avg_weight_feature,30m,top10_member,26027,0.0098657204165363,0.0013518336014413,0.0011268237133886,0.0002250098880527,0.4823212913143735,theme_candidate_layer,0.043561504429445806,strong_sample,prioritize_for_next_round
flow_alignment_graph,community_member_count,30m,top10_member,26322,0.009068757177777,0.0001410025124262,-0.0002939594482033,0.0004349619606296,0.4848024316109423,event_alignment_layer,0.04008694823976091,strong_sample,keep_for_next_round
flow_alignment_graph,flow_member_count_z,30m,top10_member,26322,0.009068757177777,0.0001410025124262,-0.0002939594482033,0.0004349619606296,0.4848024316109423,event_alignment_layer,0.04008694823976091,strong_sample,keep_for_next_round
flow_alignment_graph,community_member_count,30m,top5_member,25912,0.00892221051585,0.0001673113411219,-0.0006462964010263,0.0008136077421482,0.4862987263604786,event_alignment_layer,0.03937833399057608,strong_sample,keep_for_next_round
flow_alignment_graph,flow_member_count_z,30m,top5_member,25912,0.00892221051585,0.0001673113411219,-0.0006462964010263,0.0008136077421482,0.4862987263604786,event_alignment_layer,0.03937833399057608,strong_sample,keep_for_next_round
flow_alignment_graph,flow_layer_participation_ratio,30m,top5_member,25912,-0.0085693148268823,-0.00013729003411,-0.0006313957936528,0.0004941057595428,0.4654573523736009,event_alignment_layer,0.0378208226228138,strong_sample,keep_for_next_round
flow_alignment_graph,flow_layer_participation_ratio,30m,top10_member,26322,-0.0084653184562615,-5.5079636267181214e-05,-0.0007996617773199,0.0007445821410527,0.4703647416413374,event_alignment_layer,0.037419546707108016,strong_sample,keep_for_next_round
return_corr_graph,community_member_count,5m,core_weighted,24648,0.0085183453514903,-2.493013464562811e-05,-8.064205746614318e-05,5.571192282051507e-05,0.494724025974026,beta_context_layer,0.03741086319287872,strong_sample,keep_for_next_round
volume_expansion_graph,edge_density_feature,30m,top5_member,25972,-0.00841625906919,0.0005945044124137,0.0005800350204917,1.4469391922044216e-05,0.4847901424720832,theme_candidate_layer,0.037153761790890506,strong_sample,prioritize_for_next_round
dtw_trade_flow_similarity_graph,community_mean_volume_z_12,15m,top10_member,1639,0.0113394217657437,0.0006303389861034,-3.984050199001823e-05,0.0006701794880935,0.50920245398773,pair_flow_leadlag_candidate,0.0364544703040193,watch,watch
flow_alignment_graph,community_member_count,1m,top5_member,27127,0.0081834493491375,0.0001183508491914,-0.0001513456058123,0.0002696964550038,0.4907817109144542,event_alignment_layer,0.036280649819763325,strong_sample,keep_for_next_round
flow_alignment_graph,flow_member_count_z,1m,top5_member,27127,0.0081834493491375,0.0001183508491914,-0.0001513456058123,0.0002696964550038,0.4907817109144542,event_alignment_layer,0.036280649819763325,strong_sample,keep_for_next_round
dtw_return_similarity_graph,community_avg_weight_feature,15m,top5_member,4365,-0.0095570487641487,0.0001630469340267,-8.429640831055393e-05,0.0002473433423373,0.4885321100917431,weak_pair_candidate,0.034788457726317265,usable,keep_for_next_round
volume_expansion_graph,community_mean_volume_z_12,1m,equal_weight,29183,0.0077641845193337,0.0001987937413044,9.997601939161324e-05,9.881772191281882e-05,0.5113091158327622,theme_candidate_layer,0.034668208262004015,strong_sample,prioritize_for_next_round
volume_expansion_graph,community_mean_volume_z_12,1m,member_weight,29183,0.0077641845193337,0.0001987937413044,9.997601939161324e-05,9.881772191281882e-05,0.5113091158327622,theme_candidate_layer,0.034668208262004015,strong_sample,prioritize_for_next_round
return_corr_graph,community_member_count,5m,top5_member,24594,0.0078797843297708,1.494487506932936e-05,-8.745930212114095e-05,0.0001024041771904,0.5018300122000814,beta_context_layer,0.03459892602099382,strong_sample,keep_for_next_round
dtw_trade_flow_similarity_graph,community_mean_volume_z_12,1m,core_weighted,1640,-0.0105953631475575,0.0004207225466757,-0.0002878606765951,0.0007085832232709,0.5304878048780488,pair_flow_leadlag_candidate,0.03406524297508583,watch,watch
dtw_return_similarity_graph,community_avg_weight_feature,15m,top10_member,4365,-0.0092930037608288,0.0001630469340267,-8.429640831055393e-05,0.0002473433423373,0.4885321100917431,weak_pair_candidate,0.03382731180538214,usable,keep_for_next_round
dtw_return_similarity_graph,community_avg_weight_feature,15m,core_weighted,4365,-0.0092614778532819,0.0001674062113165,-6.802670550409383e-05,0.0002354329168206,0.481651376146789,weak_pair_candidate,0.0337125548622039,usable,keep_for_next_round
return_corr_graph,community_member_count,5m,equal_weight,24648,0.00764410830632,-2.5875212222808356e-05,-8.225618503672426e-05,5.63809728139159e-05,0.4939123376623376,beta_context_layer,0.033571389545653245,strong_sample,keep_for_next_round
return_corr_graph,community_member_count,5m,member_weight,24648,0.00764410830632,-2.5875212222808356e-05,-8.225618503672426e-05,5.63809728139159e-05,0.4939123376623376,beta_context_layer,0.033571389545653245,strong_sample,keep_for_next_round
volume_expansion_graph,community_quality_score,5m,top5_member,28935,-0.0074101293174472,0.0006276139713296,-5.518791268990251e-05,0.0006828018840195,0.5050120981679918,theme_candidate_layer,0.03305983619537101,strong_sample,prioritize_for_next_round
volume_expansion_graph,community_mean_volume_z_12,1m,core_weighted,29183,0.0073694085593703,0.0001930735121259,9.4263385366366e-05,9.881012675958738e-05,0.5078821110349554,theme_candidate_layer,0.03290547643063607,strong_sample,prioritize_for_next_round
dtw_trade_flow_similarity_graph,edge_density_feature,1m,top5_member,1640,0.0102343986783904,0.0001513436910426,-3.896792377529479e-05,0.0001903116148179,0.5060975609756098,pair_flow_leadlag_candidate,0.03290470301281141,watch,watch
volume_expansion_graph,community_avg_weight_feature,15m,top10_member,28014,0.0072822495350785,0.0005067849570496,0.0001762119258278,0.0003305730312218,0.4869689396644056,theme_candidate_layer,0.0323870083243529,strong_sample,prioritize_for_next_round
dtw_trade_flow_similarity_graph,community_mean_volume_z_12,1m,equal_weight,1640,-0.0100316400689442,0.0004247504710909,-0.0002794064208761,0.000704156891967,0.5365853658536586,pair_flow_leadlag_candidate,0.03225281206769854,watch,watch
dtw_trade_flow_similarity_graph,community_mean_volume_z_12,1m,member_weight,1640,-0.0100316400689442,0.0004247504710909,-0.0002794064208761,0.000704156891967,0.5365853658536586,pair_flow_leadlag_candidate,0.03225281206769854,watch,watch
flow_alignment_graph,community_member_count,1m,top10_member,27127,0.0072472818280889,9.880527042628853e-05,-0.0001513456058123,0.0002501508762386,0.5014749262536873,event_alignment_layer,0.03213022808991173,strong_sample,keep_for_next_round
flow_alignment_graph,flow_member_count_z,1m,top10_member,27127,0.0072472818280889,9.880527042628853e-05,-0.0001513456058123,0.0002501508762386,0.5014749262536873,event_alignment_layer,0.03213022808991173,strong_sample,keep_for_next_round
dtw_return_similarity_graph,community_avg_weight_feature,15m,equal_weight,4365,-0.0086010976666654,0.0001630469340267,-8.429640831055393e-05,0.0002473433423373,0.4885321100917431,weak_pair_candidate,0.03130871568838003,usable,keep_for_next_round
dtw_return_similarity_graph,community_avg_weight_feature,15m,member_weight,4365,-0.0086010976666654,0.0001630469340267,-8.429640831055393e-05,0.0002473433423373,0.4885321100917431,weak_pair_candidate,0.03130871568838003,usable,keep_for_next_round
dtw_return_similarity_graph,edge_density_feature,15m,equal_weight,4365,-0.0083899740726384,0.0006479031306523,0.0001561648045813,0.000491738326071,0.5344036697247706,weak_pair_candidate,0.030540208128453324,usable,keep_for_next_round
dtw_return_similarity_graph,edge_density_feature,15m,member_weight,4365,-0.0083899740726384,0.0006479031306523,0.0001561648045813,0.000491738326071,0.5344036697247706,weak_pair_candidate,0.030540208128453324,usable,keep_for_next_round
dtw_return_similarity_graph,edge_density_feature,15m,core_weighted,4365,-0.008234994651726,0.0006442704991288,0.0001300833250458,0.0005141871740829,0.5389908256880734,weak_pair_candidate,0.02997607005969247,usable,keep_for_next_round
volume_expansion_graph,community_mean_volume_z_12,1m,top10_member,29183,0.0066326550584319,0.0001899284480526,9.02811723647646e-05,9.964727568788618e-05,0.5106237148732008,theme_candidate_layer,0.029615765354773473,strong_sample,prioritize_for_next_round
volume_expansion_graph,community_mean_volume_z_12,1m,top5_member,29182,0.006412833502782,0.0002165404739727,3.1000370054522095e-05,0.0001855401039182,0.5027416038382454,theme_candidate_layer,0.028634134842344165,strong_sample,prioritize_for_next_round
volume_expansion_graph,edge_density_feature,15m,top5_member,27979,-0.0064030731781407,0.0004759555853467,-1.4746329746777708e-05,0.0004907019150935,0.5058991776903825,theme_candidate_layer,0.028473491300175048,strong_sample,prioritize_for_next_round
dtw_trade_flow_similarity_graph,community_mean_volume_z_12,1m,top5_member,1640,-0.0085447863577472,0.0004218645921859,-0.0002316073925412,0.0006534719847272,0.5365853658536586,pair_flow_leadlag_candidate,0.027472415942058428,watch,watch
volume_expansion_graph,community_avg_weight_feature,15m,core_weighted,28023,0.0060808950490983,0.0005172489705023,0.0001631933278535,0.0003540556426487,0.4864382583868665,theme_candidate_layer,0.027044963913630014,strong_sample,prioritize_for_next_round
volume_expansion_graph,community_avg_weight_feature,15m,equal_weight,28023,0.0060567373698034,0.0005226764285502,0.0001788393931184,0.0003438370354318,0.487152034261242,theme_candidate_layer,0.026937521907232535,strong_sample,prioritize_for_next_round
volume_expansion_graph,community_avg_weight_feature,15m,member_weight,28023,0.0060567373698034,0.0005226764285502,0.0001788393931184,0.0003438370354318,0.487152034261242,theme_candidate_layer,0.026937521907232535,strong_sample,prioritize_for_next_round
volume_expansion_graph,community_quality_score,15m,top5_member,27979,-0.0060530759642091,0.0011632828918887,0.0003262207706224,0.0008370621212662,0.5023239184840901,theme_candidate_layer,0.0269171069908424,strong_sample,prioritize_for_next_round
volume_expansion_graph,community_quality_score,1m,top5_member,29182,0.0057399689744407,0.0001756330530514,1.391497857072338e-05,0.0001617180744807,0.5147361206305688,theme_candidate_layer,0.025629707294553196,strong_sample,prioritize_for_next_round
volume_expansion_graph,community_avg_weight_feature,15m,top5_member,27979,0.0056935481429869,0.0005139716259246,0.0001739068156998,0.0003400648102247,0.4840900965319986,theme_candidate_layer,0.025318341522303153,strong_sample,prioritize_for_next_round
volume_expansion_graph,community_quality_score,5m,top10_member,28947,-0.0056466148211391,0.0006009246966666,9.340811710247612e-05,0.0005075165795642,0.5041465100207325,theme_candidate_layer,0.02519304150949209,strong_sample,prioritize_for_next_round
volume_expansion_graph,edge_density_feature,15m,top10_member,28014,-0.0052945645282906,0.0004689164595177,0.0001180852942228,0.0003508311652948,0.5062477686540521,theme_candidate_layer,0.023546996656126373,strong_sample,prioritize_for_next_round
return_corr_graph,edge_density_feature,5m,top5_member,24594,-0.0052304883621053,5.466257536003935e-06,-1.9927176427859505e-05,2.539343396386344e-05,0.488816592110614,beta_context_layer,0.022966273227863113,strong_sample,keep_for_next_round
volume_expansion_graph,community_quality_score,5m,core_weighted,28960,-0.0048581225037701,0.0005935958689625,8.343651108667921e-05,0.0005101593578759,0.5048342541436464,theme_candidate_layer,0.02167603683248049,strong_sample,prioritize_for_next_round
return_corr_graph,community_member_count,15m,top5_member,24239,0.0048997870601768,-0.0001137422533711,-0.0001959313026341,8.218904926301788e-05,0.4824597606273215,beta_context_layer,0.02148327617432186,strong_sample,keep_for_next_round
volume_expansion_graph,community_quality_score,5m,equal_weight,28960,-0.0046714123770124,0.0005857420336134,7.76127229472753e-05,0.0005081293106661,0.5034530386740331,theme_candidate_layer,0.020842971058314386,strong_sample,prioritize_for_next_round
volume_expansion_graph,community_quality_score,5m,member_weight,28960,-0.0046714123770124,0.0005857420336134,7.76127229472753e-05,0.0005081293106661,0.5034530386740331,theme_candidate_layer,0.020842971058314386,strong_sample,prioritize_for_next_round
volume_expansion_graph,feature_coverage_ratio,15m,equal_weight,28023,0.0045051848060699,0.0006998239951422,-2.795297188985109e-05,0.000727776967032,0.5096359743040685,theme_candidate_layer,0.020036945140577946,strong_sample,prioritize_for_next_round
volume_expansion_graph,feature_coverage_ratio,15m,member_weight,28023,0.0045051848060699,0.0006998239951422,-2.795297188985109e-05,0.000727776967032,0.5096359743040685,theme_candidate_layer,0.020036945140577946,strong_sample,prioritize_for_next_round
dtw_return_similarity_graph,edge_density_feature,15m,top5_member,4365,0.0053418203658307,0.0006479031306523,-3.4064287577022435e-05,0.0006819674182293,0.5344036697247706,weak_pair_candidate,0.01944467340957794,usable,keep_for_next_round
volume_expansion_graph,community_quality_score,15m,top10_member,28014,-0.0042137933011432,0.0011633037602288,0.000453337829981,0.0007099659302477,0.5019635844341307,theme_candidate_layer,0.018740384830792014,strong_sample,prioritize_for_next_round
return_corr_graph,community_member_count,30m,top10_member,23880,0.0042060995099974,-0.0002823348790692,-0.0004849520991841,0.0002026172201148,0.4711055276381909,beta_context_layer,0.01841452451121853,strong_sample,keep_for_next_round
volume_expansion_graph,feature_coverage_ratio,15m,core_weighted,28023,0.0040508526904757,0.0007094630264641,-2.76628912491056e-05,0.0007371259177132,0.5107066381156317,theme_candidate_layer,0.018016289370031413,strong_sample,prioritize_for_next_round
volume_expansion_graph,community_quality_score,15m,core_weighted,28023,-0.0038797032215087,0.001200873728095,0.0005600115772025,0.0006408621508925,0.4971448965024982,theme_candidate_layer,0.017255096951041084,strong_sample,prioritize_for_next_round
return_corr_graph,edge_density_feature,30m,top10_member,23880,-0.0038169554427842,-0.0001633418619288,-0.0003076929874336,0.0001443511255048,0.4966499162479062,beta_context_layer,0.016710831351544053,strong_sample,keep_for_next_round
volume_expansion_graph,feature_coverage_ratio,30m,equal_weight,26032,0.0037506999465193,0.0007567002104195,0.0004450167807087,0.0003116834297108,0.4733000384172109,theme_candidate_layer,0.016561306449707144,strong_sample,prioritize_for_next_round
volume_expansion_graph,feature_coverage_ratio,30m,member_weight,26032,0.0037506999465193,0.0007567002104195,0.0004450167807087,0.0003116834297108,0.4733000384172109,theme_candidate_layer,0.016561306449707144,strong_sample,prioritize_for_next_round
return_corr_graph,community_member_count,5m,top10_member,24632,0.003754295231758,-5.879063265653076e-05,-9.833854267974669e-05,3.954791002321592e-05,0.4868047097036135,beta_context_layer,0.016487052485287618,strong_sample,keep_for_next_round
volume_expansion_graph,feature_coverage_ratio,30m,top5_member,25972,0.0036494750951621,0.000830085521144,0.0004387014833778,0.0003913840377662,0.4701578744705429,theme_candidate_layer,0.016110688517634926,strong_sample,prioritize_for_next_round
dtw_return_similarity_graph,edge_density_feature,15m,top10_member,4365,-0.0043300431255918,0.0006479031306523,0.0001076740175225,0.0005402291131297,0.5344036697247706,weak_pair_candidate,0.01576171953761073,usable,keep_for_next_round
volume_expansion_graph,edge_density_feature,15m,core_weighted,28023,-0.0034759614134737,0.0005155978349526,0.00017632899776,0.0003392688371925,0.5064239828693791,theme_candidate_layer,0.015459443097362182,strong_sample,prioritize_for_next_round
volume_expansion_graph,feature_coverage_ratio,30m,core_weighted,26032,0.0031985629009192,0.0007483464259262,0.0004668520503831,0.000281494375543,0.4706108336534768,theme_candidate_layer,0.01412333195299886,strong_sample,prioritize_for_next_round
volume_expansion_graph,community_quality_score,1m,equal_weight,29183,0.0030094255921514,0.0001617127279494,7.811938164227035e-05,8.359334630718232e-05,0.5147361206305688,theme_candidate_layer,0.01343752108388363,strong_sample,prioritize_for_next_round
volume_expansion_graph,community_quality_score,1m,member_weight,29183,0.0030094255921514,0.0001617127279494,7.811938164227035e-05,8.359334630718232e-05,0.5147361206305688,theme_candidate_layer,0.01343752108388363,strong_sample,prioritize_for_next_round
volume_expansion_graph,community_quality_score,15m,equal_weight,28023,-0.0029071502098267,0.0011963002238629,0.000505418095286,0.0006908821285769,0.5021413276231264,theme_candidate_layer,0.012929638134097327,strong_sample,prioritize_for_next_round
volume_expansion_graph,community_quality_score,15m,member_weight,28023,-0.0029071502098267,0.0011963002238629,0.000505418095286,0.0006908821285769,0.5021413276231264,theme_candidate_layer,0.012929638134097327,strong_sample,prioritize_for_next_round
volume_expansion_graph,edge_density_feature,15m,equal_weight,28023,-0.0027002403378083,0.0005276328813936,0.0001605145283509,0.0003671183530426,0.5067808708065668,theme_candidate_layer,0.012009400245278442,strong_sample,prioritize_for_next_round
volume_expansion_graph,edge_density_feature,15m,member_weight,28023,-0.0027002403378083,0.0005276328813936,0.0001605145283509,0.0003671183530426,0.5067808708065668,theme_candidate_layer,0.012009400245278442,strong_sample,prioritize_for_next_round
volume_expansion_graph,community_quality_score,30m,core_weighted,26032,-0.0027109390111672,0.0020037479199555,0.0008113888730341,0.0011923590469214,0.49212447176335,theme_candidate_layer,0.011970216858341546,strong_sample,prioritize_for_next_round
return_corr_graph,community_member_count,30m,top5_member,23557,0.002731427303657,-0.0002375963835233,-0.0003060725485767,6.84761650534059e-05,0.4662420382165605,beta_context_layer,0.011942178248780888,strong_sample,keep_for_next_round
volume_expansion_graph,edge_density_feature,5m,top5_member,28935,-0.0026668449149216,0.0002592917100808,-6.96097013487646e-05,0.0003289014114295,0.5084687175941929,theme_candidate_layer,0.011897964565635862,strong_sample,prioritize_for_next_round
volume_expansion_graph,community_quality_score,30m,top5_member,25972,-0.0026936255416849,0.0019799759147625,0.0007824911084802,0.0011974848062823,0.4959568733153638,theme_candidate_layer,0.011891069524699285,strong_sample,prioritize_for_next_round
volume_expansion_graph,feature_coverage_ratio,15m,top10_member,28014,0.0025467961378467,0.0006079032596366,1.0282847503913591e-05,0.0005976204121327,0.5062477686540521,theme_candidate_layer,0.01132659727183899,strong_sample,prioritize_for_next_round
volume_expansion_graph,feature_coverage_ratio,15m,top5_member,27979,0.0024990876467714,0.0007475935777804,0.0001257936952374,0.000621799882543,0.5091169109760457,theme_candidate_layer,0.01111306217952407,strong_sample,prioritize_for_next_round
volume_expansion_graph,community_quality_score,1m,top10_member,29183,0.0024238374304057,0.0001617127279494,0.000124384206128,3.732852182138088e-05,0.5147361206305688,theme_candidate_layer,0.0108227851387742,strong_sample,prioritize_for_next_round
volume_expansion_graph,community_quality_score,1m,core_weighted,29183,0.0023696416931239,0.0001656104822465,9.225684561205468e-05,7.33536366345165e-05,0.5154215215901302,theme_candidate_layer,0.010580793323365935,strong_sample,prioritize_for_next_round
volume_expansion_graph,community_avg_weight_feature,5m,top5_member,28935,0.0022751432612512,0.0001603769188754,2.3067485515608147e-05,0.0001373094333598,0.4977531973729692,theme_candidate_layer,0.010150411729100408,strong_sample,prioritize_for_next_round
volume_expansion_graph,community_quality_score,30m,top10_member,26027,-0.0021350046583004,0.0020065263648943,0.0007596252993167,0.0012469010655775,0.4965411222136818,theme_candidate_layer,0.009426986672311618,strong_sample,prioritize_for_next_round
return_corr_graph,edge_density_feature,15m,top5_member,24239,-0.0020955800025881,-4.467053966905109e-05,-5.663879870439857e-05,1.1968259035347476e-05,0.483285183656624,beta_context_layer,0.009188138869725046,strong_sample,keep_for_next_round
volume_expansion_graph,community_avg_weight_feature,5m,core_weighted,28960,0.0019088779388551,0.0001741112436508,3.0337093587726877e-05,0.0001437741500631,0.5031077348066298,theme_candidate_layer,0.008517057459794896,strong_sample,prioritize_for_next_round
volume_expansion_graph,community_avg_weight_feature,5m,top10_member,28947,0.0018942927733295,0.0001783890280603,2.3484813909851765e-05,0.0001549042141505,0.4986178299930891,theme_candidate_layer,0.008451611803050834,strong_sample,prioritize_for_next_round
volume_expansion_graph,community_quality_score,30m,equal_weight,26032,-0.0018383850379351,0.0019956392246603,0.0007811958217379,0.0012144434029223,0.4959661928543987,theme_candidate_layer,0.008117433657697423,strong_sample,prioritize_for_next_round
volume_expansion_graph,community_quality_score,30m,member_weight,26032,-0.0018383850379351,0.0019956392246603,0.0007811958217379,0.0012144434029223,0.4959661928543987,theme_candidate_layer,0.008117433657697423,strong_sample,prioritize_for_next_round
volume_expansion_graph,community_avg_weight_feature,5m,equal_weight,28960,0.0017409830736362,0.0001780817068607,1.955005756503031e-05,0.0001585316492957,0.5006906077348067,theme_candidate_layer,0.007767941874577565,strong_sample,prioritize_for_next_round
volume_expansion_graph,community_avg_weight_feature,5m,member_weight,28960,0.0017409830736362,0.0001780817068607,1.955005756503031e-05,0.0001585316492957,0.5006906077348067,theme_candidate_layer,0.007767941874577565,strong_sample,prioritize_for_next_round
dtw_trade_flow_similarity_graph,community_avg_weight_feature,15m,core_weighted,1639,0.0023868299775794,-0.000357422381965,-0.0011163867164435,0.0007589643344784,0.4601226993865031,pair_flow_leadlag_candidate,0.007673285669756958,watch,watch
return_corr_graph,edge_density_feature,5m,top10_member,24632,-0.0013985117651077,3.155291567437159e-06,-7.723168506677933e-05,8.038697663421649e-05,0.4884287454323995,beta_context_layer,0.0061415886203030345,strong_sample,keep_for_next_round
dtw_trade_flow_similarity_graph,community_avg_weight_feature,15m,top10_member,1639,-0.0015517671574379,-0.0003657842570331,-0.0011375882255734,0.0007718039685402,0.4478527607361963,pair_flow_leadlag_candidate,0.004988689099691697,watch,watch
return_corr_graph,edge_density_feature,15m,top10_member,24405,-0.0009206192550625,-0.0001359430470317,-0.0001806962265223,4.4753179490523705e-05,0.4741803278688524,beta_context_layer,0.004039213857866265,strong_sample,keep_for_next_round
volume_expansion_graph,edge_density_feature,5m,equal_weight,28960,0.0007722789331418,0.0002470604430493,6.8690155755307e-05,0.000178370287294,0.5079419889502762,theme_candidate_layer,0.0034457646110693002,strong_sample,prioritize_for_next_round
volume_expansion_graph,edge_density_feature,5m,member_weight,28960,0.0007722789331418,0.0002470604430493,6.8690155755307e-05,0.000178370287294,0.5079419889502762,theme_candidate_layer,0.0034457646110693002,strong_sample,prioritize_for_next_round
volume_expansion_graph,edge_density_feature,5m,top10_member,28947,-0.0007103238807796,0.000258380079086,0.0001257345376166,0.0001326455414694,0.5086385625431928,theme_candidate_layer,0.003169194212906122,strong_sample,prioritize_for_next_round
volume_expansion_graph,edge_density_feature,5m,core_weighted,28960,0.0006874864920173,0.000256045838649,8.290395306207543e-05,0.0001731418855869,0.5058701657458563,theme_candidate_layer,0.0030674365480152584,strong_sample,prioritize_for_next_round
volume_expansion_graph,feature_coverage_ratio,30m,top10_member,26027,-0.0005911380925379,0.0007144276803802,0.0004197575268674,0.0002946701535127,0.4727132974634896,theme_candidate_layer,0.002610135251080286,strong_sample,prioritize_for_next_round
dtw_trade_flow_similarity_graph,community_avg_weight_feature,15m,equal_weight,1639,0.0005617915852399,-0.0003226348333434,-0.0011375882255734,0.0008149533922299,0.4539877300613497,pair_flow_leadlag_candidate,0.0018060722216934565,watch,watch
dtw_trade_flow_similarity_graph,community_avg_weight_feature,15m,member_weight,1639,0.0005617915852399,-0.0003226348333434,-0.0011375882255734,0.0008149533922299,0.4539877300613497,pair_flow_leadlag_candidate,0.0018060722216934565,watch,watch
dtw_trade_flow_similarity_graph,community_avg_weight_feature,15m,top5_member,1639,0.0005555801939833,-0.0003261829053696,-0.0011375882255734,0.0008114053202038,0.4539877300613497,pair_flow_leadlag_candidate,0.0017861035687243587,watch,watch
large_trade_alignment_graph,positive_large_trade_breadth,15m,core_weighted,49,,-0.0025907911457599,-0.0021966855984973,-0.0003941055472626,0.0,sparse_event_flag,0.0,ignore,ignore_sparse
large_trade_alignment_graph,positive_large_trade_breadth,1m,core_weighted,49,,-0.0017214024420249,4.4266526141292426e-05,-0.0017656689681662,0.0,sparse_event_flag,0.0,ignore,ignore_sparse
large_trade_alignment_graph,positive_large_trade_breadth,5m,core_weighted,49,,-0.0018040546914006,0.0013970256519583,-0.003201080343359,0.0,sparse_event_flag,0.0,ignore,ignore_sparse
large_trade_alignment_graph,positive_large_trade_breadth,15m,equal_weight,49,,-0.0025977386464921,-0.0022931715585059,-0.0003045670879861,0.0,sparse_event_flag,0.0,ignore,ignore_sparse
large_trade_alignment_graph,positive_large_trade_breadth,1m,equal_weight,49,,-0.0017481821439478,7.654993707791968e-05,-0.0018247320810258,0.0,sparse_event_flag,0.0,ignore,ignore_sparse
large_trade_alignment_graph,positive_large_trade_breadth,5m,equal_weight,49,,-0.0018660898979489,0.0013828785703969,-0.0032489684683458,0.0,sparse_event_flag,0.0,ignore,ignore_sparse
large_trade_alignment_graph,positive_large_trade_breadth,15m,member_weight,49,,-0.0025977386464921,-0.0022931715585059,-0.0003045670879861,0.0,sparse_event_flag,0.0,ignore,ignore_sparse
large_trade_alignment_graph,positive_large_trade_breadth,1m,member_weight,49,,-0.0017481821439478,7.654993707791968e-05,-0.0018247320810258,0.0,sparse_event_flag,0.0,ignore,ignore_sparse
large_trade_alignment_graph,positive_large_trade_breadth,5m,member_weight,49,,-0.0018660898979489,0.0013828785703969,-0.0032489684683458,0.0,sparse_event_flag,0.0,ignore,ignore_sparse
large_trade_alignment_graph,positive_large_trade_breadth,15m,top10_member,49,,-0.0025977386464921,-0.0022931715585059,-0.0003045670879861,0.0,sparse_event_flag,0.0,ignore,ignore_sparse
large_trade_alignment_graph,positive_large_trade_breadth,1m,top10_member,49,,-0.0017481821439478,7.654993707791968e-05,-0.0018247320810258,0.0,sparse_event_flag,0.0,ignore,ignore_sparse
large_trade_alignment_graph,positive_large_trade_breadth,5m,top10_member,49,,-0.0018660898979489,0.0013828785703969,-0.0032489684683458,0.0,sparse_event_flag,0.0,ignore,ignore_sparse
large_trade_alignment_graph,positive_large_trade_breadth,15m,top5_member,49,,-0.0025977386464921,-0.0022931715585059,-0.0003045670879861,0.0,sparse_event_flag,0.0,ignore,ignore_sparse
large_trade_alignment_graph,positive_large_trade_breadth,1m,top5_member,49,,-0.0017481821439478,7.654993707791968e-05,-0.0018247320810258,0.0,sparse_event_flag,0.0,ignore,ignore_sparse
large_trade_alignment_graph,positive_large_trade_breadth,5m,top5_member,49,,-0.0018660898979489,0.0013828785703969,-0.0032489684683458,0.0,sparse_event_flag,0.0,ignore,ignore_sparse
large_trade_alignment_graph,positive_large_trade_breadth,30m,core_weighted,48,,-0.0015780122217844,-0.0025895105429635,0.0010114983211791,0.25,sparse_event_flag,0.0,ignore,ignore_sparse
large_trade_alignment_graph,positive_large_trade_breadth,30m,equal_weight,48,,-0.0015466969235167,-0.0026810944116259,0.0011343974881092,0.25,sparse_event_flag,0.0,ignore,ignore_sparse
large_trade_alignment_graph,positive_large_trade_breadth,30m,member_weight,48,,-0.0015466969235167,-0.0026810944116259,0.0011343974881092,0.25,sparse_event_flag,0.0,ignore,ignore_sparse
large_trade_alignment_graph,positive_large_trade_breadth,30m,top10_member,48,,-0.0015466969235167,-0.0026810944116259,0.0011343974881092,0.25,sparse_event_flag,0.0,ignore,ignore_sparse
large_trade_alignment_graph,positive_large_trade_breadth,30m,top5_member,48,,-0.0015466969235167,-0.0026810944116259,0.0011343974881092,0.25,sparse_event_flag,0.0,ignore,ignore_sparse
flow_alignment_graph,community_mean_flow_impulse_score,15m,core_weighted,0,,,,,,event_alignment_layer,0.0,ignore,ignore_sparse
flow_alignment_graph,community_mean_flow_impulse_score,1m,core_weighted,0,,,,,,event_alignment_layer,0.0,ignore,ignore_sparse
flow_alignment_graph,community_mean_flow_impulse_score,30m,core_weighted,0,,,,,,event_alignment_layer,0.0,ignore,ignore_sparse
flow_alignment_graph,community_mean_flow_impulse_score,5m,core_weighted,0,,,,,,event_alignment_layer,0.0,ignore,ignore_sparse
flow_alignment_graph,community_mean_flow_impulse_score,15m,equal_weight,0,,,,,,event_alignment_layer,0.0,ignore,ignore_sparse
flow_alignment_graph,community_mean_flow_impulse_score,1m,equal_weight,0,,,,,,event_alignment_layer,0.0,ignore,ignore_sparse
flow_alignment_graph,community_mean_flow_impulse_score,30m,equal_weight,0,,,,,,event_alignment_layer,0.0,ignore,ignore_sparse
flow_alignment_graph,community_mean_flow_impulse_score,5m,equal_weight,0,,,,,,event_alignment_layer,0.0,ignore,ignore_sparse
flow_alignment_graph,community_mean_flow_impulse_score,15m,member_weight,0,,,,,,event_alignment_layer,0.0,ignore,ignore_sparse
flow_alignment_graph,community_mean_flow_impulse_score,1m,member_weight,0,,,,,,event_alignment_layer,0.0,ignore,ignore_sparse
flow_alignment_graph,community_mean_flow_impulse_score,30m,member_weight,0,,,,,,event_alignment_layer,0.0,ignore,ignore_sparse
flow_alignment_graph,community_mean_flow_impulse_score,5m,member_weight,0,,,,,,event_alignment_layer,0.0,ignore,ignore_sparse
flow_alignment_graph,community_mean_flow_impulse_score,15m,top10_member,0,,,,,,event_alignment_layer,0.0,ignore,ignore_sparse
flow_alignment_graph,community_mean_flow_impulse_score,1m,top10_member,0,,,,,,event_alignment_layer,0.0,ignore,ignore_sparse
flow_alignment_graph,community_mean_flow_impulse_score,30m,top10_member,0,,,,,,event_alignment_layer,0.0,ignore,ignore_sparse
flow_alignment_graph,community_mean_flow_impulse_score,5m,top10_member,0,,,,,,event_alignment_layer,0.0,ignore,ignore_sparse
flow_alignment_graph,community_mean_flow_impulse_score,15m,top5_member,0,,,,,,event_alignment_layer,0.0,ignore,ignore_sparse
flow_alignment_graph,community_mean_flow_impulse_score,1m,top5_member,0,,,,,,event_alignment_layer,0.0,ignore,ignore_sparse
flow_alignment_graph,community_mean_flow_impulse_score,30m,top5_member,0,,,,,,event_alignment_layer,0.0,ignore,ignore_sparse
flow_alignment_graph,community_mean_flow_impulse_score,5m,top5_member,0,,,,,,event_alignment_layer,0.0,ignore,ignore_sparse
dtw_return_similarity_graph,community_avg_weight_feature,5m,top10_member,4431,0.0001745359954288,-0.0003391849097,-0.0003063371658387,-3.2847743861236624e-05,0.4943566591422121,weak_pair_candidate,-0.0006364629175969303,usable,downgrade
dtw_return_similarity_graph,community_avg_weight_feature,5m,core_weighted,4431,-0.0002529215838603,-0.0003460568302608,-0.0003047973055942,-4.125952466664144e-05,0.4943566591422121,weak_pair_candidate,-0.0009223037849096934,usable,downgrade
dtw_return_similarity_graph,community_avg_weight_feature,5m,equal_weight,4431,0.0006865399492834,-0.0003391849097,-0.0003063371658387,-3.2847743861236624e-05,0.4943566591422121,weak_pair_candidate,-0.002503536408602964,usable,downgrade
dtw_return_similarity_graph,community_avg_weight_feature,5m,member_weight,4431,0.0006865399492834,-0.0003391849097,-0.0003063371658387,-3.2847743861236624e-05,0.4943566591422121,weak_pair_candidate,-0.002503536408602964,usable,downgrade
flow_alignment_graph,flow_breadth_expansion,1m,top5_member,27127,-0.0008027036556475,-3.4746901293572465e-05,0.0002015335266953,-0.0002362804279888,0.497787610619469,event_alignment_layer,-0.0035587206564259154,strong_sample,downgrade
return_corr_graph,edge_density_feature,30m,top5_member,23557,-0.0009615885115402,-0.0002925382111189,-0.0001585177472977,-0.0001340204638212,0.486624203821656,beta_context_layer,-0.0042041980730800396,strong_sample,downgrade
dtw_return_similarity_graph,community_avg_weight_feature,5m,top5_member,4431,-0.0013379296201876,-0.0003391849097,-0.0003063371658387,-3.2847743861236624e-05,0.4943566591422121,weak_pair_candidate,-0.004878893820795435,usable,downgrade
flow_alignment_graph,flow_layer_participation_ratio,15m,top5_member,26603,-0.0014419678963054,-0.0002687004340524,0.000170445633729,-0.0004391460677815,0.4488721804511278,event_alignment_layer,-0.006380631429126611,strong_sample,downgrade
dtw_return_similarity_graph,community_quality_score,15m,top5_member,4365,0.0026118865806845,-0.0001988235249049,0.0003809007503904,-0.0005797242752954,0.481651376146789,weak_pair_candidate,-0.009507485850541415,usable,downgrade
flow_alignment_graph,community_quality_score,1m,top5_member,27127,-0.002193226705882,-0.0001622911888152,0.0001319427880414,-0.0002942339768566,0.4918879056047198,event_alignment_layer,-0.009723490266344033,strong_sample,downgrade
flow_alignment_graph,flow_layer_participation_ratio,15m,top10_member,26802,-0.0025530456551927,-0.0002417456264493,0.0001425113235098,-0.0003842569499591,0.4455223880597015,event_alignment_layer,-0.011305354406008774,strong_sample,downgrade
dtw_return_similarity_graph,community_quality_score,15m,top10_member,4365,-0.0032969708273534,-0.0001988235249049,0.0005156666733864,-0.0007144901982914,0.481651376146789,weak_pair_candidate,-0.012001249871460888,usable,downgrade
return_corr_graph,community_quality_score,1m,equal_weight,24710,-0.0027608589910512,-5.077742799297864e-05,8.93229902094053e-05,-0.0001401004182023,0.4856333468231485,beta_context_layer,-0.012128150738615624,strong_sample,downgrade
return_corr_graph,community_quality_score,1m,member_weight,24710,-0.0027608589910512,-5.077742799297864e-05,8.93229902094053e-05,-0.0001401004182023,0.4856333468231485,beta_context_layer,-0.012128150738615624,strong_sample,downgrade
return_corr_graph,community_member_count,15m,top10_member,24405,0.0027948902011555,-0.0002190459591683,-0.0001799032037058,-3.914275546249151e-05,0.489344262295082,beta_context_layer,-0.012262571274327212,strong_sample,downgrade
return_corr_graph,community_quality_score,1m,core_weighted,24710,-0.0031723469533637,-5.362086126228716e-05,9.083729012252947e-05,-0.0001444581513848,0.4864427357345204,beta_context_layer,-0.01393577222534415,strong_sample,downgrade
flow_alignment_graph,flow_layer_participation_ratio,5m,equal_weight,27044,-0.0033220443094223,-0.0001271182280722,0.0004417374735713,-0.0005688557016435,0.4718934911242604,event_alignment_layer,-0.014723589349968716,strong_sample,downgrade
flow_alignment_graph,flow_layer_participation_ratio,5m,member_weight,27044,-0.0033220443094223,-0.0001271182280722,0.0004417374735713,-0.0005688557016435,0.4718934911242604,event_alignment_layer,-0.014723589349968716,strong_sample,downgrade
flow_alignment_graph,community_quality_score,5m,core_weighted,27044,-0.0034596106636999,-0.0001558242279258,-1.798275108443448e-05,-0.0001378414768414,0.4881656804733728,event_alignment_layer,-0.015333295398443404,strong_sample,downgrade
flow_alignment_graph,community_quality_score,5m,equal_weight,27044,-0.0038284297390361,-0.0001500659580123,-2.102291002270533e-05,-0.0001290430479896,0.4870562130177515,event_alignment_layer,-0.01696793362234768,strong_sample,downgrade
flow_alignment_graph,community_quality_score,5m,member_weight,27044,-0.0038284297390361,-0.0001500659580123,-2.102291002270533e-05,-0.0001290430479896,0.4870562130177515,event_alignment_layer,-0.01696793362234768,strong_sample,downgrade
flow_alignment_graph,flow_layer_participation_ratio,5m,core_weighted,27044,-0.0040024562034246,-0.0001322813312987,0.0004697161797953,-0.0006019975110941,0.467085798816568,event_alignment_layer,-0.017739234050344926,strong_sample,downgrade
return_corr_graph,edge_density_feature,5m,equal_weight,24648,-0.0040612879475025,-3.646864359938798e-05,-2.753224807551581e-05,-8.936395523872169e-06,0.4849837662337662,beta_context_layer,-0.0178363615845091,strong_sample,downgrade
return_corr_graph,edge_density_feature,5m,member_weight,24648,-0.0040612879475025,-3.646864359938798e-05,-2.753224807551581e-05,-8.936395523872169e-06,0.4849837662337662,beta_context_layer,-0.0178363615845091,strong_sample,downgrade
dtw_return_similarity_graph,community_quality_score,15m,core_weighted,4365,-0.0054998166694429,-0.0002007520703067,0.0005429475650865,-0.0007436996353933,0.4793577981651376,weak_pair_candidate,-0.0200197931839738,usable,downgrade
return_corr_graph,edge_density_feature,1m,equal_weight,24710,-0.004602087335338,5.010021219717567e-05,9.28418562766802e-05,-4.2741644079504536e-05,0.5022258195062728,beta_context_layer,-0.020216464910437756,strong_sample,downgrade
return_corr_graph,edge_density_feature,1m,member_weight,24710,-0.004602087335338,5.010021219717567e-05,9.28418562766802e-05,-4.2741644079504536e-05,0.5022258195062728,beta_context_layer,-0.020216464910437756,strong_sample,downgrade
dtw_return_similarity_graph,community_quality_score,15m,equal_weight,4365,-0.0057150466350906,-0.0001988235249049,0.0005665681715493,-0.0007653916964543,0.481651376146789,weak_pair_candidate,-0.020803248280431987,usable,downgrade
dtw_return_similarity_graph,community_quality_score,15m,member_weight,4365,-0.0057150466350906,-0.0001988235249049,0.0005665681715493,-0.0007653916964543,0.481651376146789,weak_pair_candidate,-0.020803248280431987,usable,downgrade
dtw_return_similarity_graph,community_quality_score,5m,top10_member,4431,0.0057123458559998,-0.0003181532017871,3.1307642343929786e-05,-0.0003494608441311,0.5079006772009029,weak_pair_candidate,-0.020830638980229774,usable,downgrade
return_corr_graph,edge_density_feature,1m,top10_member,24710,-0.0048216775157621,5.010021219717567e-05,0.0001316532230702,-8.155301087308239e-05,0.5022258195062728,beta_context_layer,-0.021181100488544286,strong_sample,downgrade
dtw_return_similarity_graph,community_quality_score,5m,equal_weight,4431,0.0058405515080594,-0.0003181532017871,1.9532898739886307e-05,-0.000337686100527,0.5079006772009029,weak_pair_candidate,-0.02129815367919946,usable,downgrade
dtw_return_similarity_graph,community_quality_score,5m,member_weight,4431,0.0058405515080594,-0.0003181532017871,1.9532898739886307e-05,-0.000337686100527,0.5079006772009029,weak_pair_candidate,-0.02129815367919946,usable,downgrade
flow_alignment_graph,flow_layer_participation_ratio,15m,equal_weight,26980,-0.0048546618880277,-6.630964129151205e-05,0.0002455371413017,-0.0003118467825932,0.4896219421793921,event_alignment_layer,-0.021511288599854593,strong_sample,downgrade
flow_alignment_graph,flow_layer_participation_ratio,15m,member_weight,26980,-0.0048546618880277,-6.630964129151205e-05,0.0002455371413017,-0.0003118467825932,0.4896219421793921,event_alignment_layer,-0.021511288599854593,strong_sample,downgrade
flow_alignment_graph,flow_breadth_expansion,1m,core_weighted,27127,-0.0048995163863457,-3.403041632193988e-05,0.0002516572508708,-0.0002856876671927,0.4915191740412979,event_alignment_layer,-0.021721603044801086,strong_sample,downgrade
return_corr_graph,edge_density_feature,5m,core_weighted,24648,-0.0049501526273924,-3.831441304917055e-05,-2.639174355263873e-05,-1.192266949653182e-05,0.4857954545454545,beta_context_layer,-0.02174007686772725,strong_sample,downgrade
dtw_return_similarity_graph,community_quality_score,5m,core_weighted,4431,0.0059800631170413,-0.0003261565395912,2.276279366720736e-05,-0.0003489193332584,0.510158013544018,weak_pair_candidate,-0.021806896677874967,usable,downgrade
flow_alignment_graph,community_quality_score,1m,equal_weight,27127,-0.0049628694435821,-0.0001448871663783,0.0001069992540174,-0.0002518864203957,0.493362831858407,event_alignment_layer,-0.02200247361496567,strong_sample,downgrade
flow_alignment_graph,community_quality_score,1m,member_weight,27127,-0.0049628694435821,-0.0001448871663783,0.0001069992540174,-0.0002518864203957,0.493362831858407,event_alignment_layer,-0.02200247361496567,strong_sample,downgrade
flow_alignment_graph,flow_breadth_expansion,1m,top10_member,27127,-0.0049892594289376,-2.580076120937033e-05,0.0002321187546081,-0.0002579195158175,0.4944690265486726,event_alignment_layer,-0.022119471445169445,strong_sample,downgrade
flow_alignment_graph,community_quality_score,1m,core_weighted,27127,-0.0050082986076526,-0.000157647364479,0.000105594753907,-0.000263242118386,0.4988938053097345,event_alignment_layer,-0.022203880078539625,strong_sample,downgrade
flow_alignment_graph,community_quality_score,5m,top5_member,26971,-0.0050136341883298,-0.0001520461939352,8.460874481026144e-05,-0.0002366549387455,0.4916573971078977,event_alignment_layer,-0.022214977659396794,strong_sample,downgrade
return_corr_graph,community_quality_score,15m,top10_member,24405,-0.0051170919591008,-0.0002996638998446,-0.0002055167658322,-9.414713401234524e-05,0.4692622950819672,beta_context_layer,-0.022451223607932017,strong_sample,downgrade
return_corr_graph,community_quality_score,15m,top5_member,24239,-0.0051259469321776,-0.0003050295202137,-3.633934465842056e-05,-0.0002686901755552,0.4684275691291787,beta_context_layer,-0.022474881509425372,strong_sample,downgrade
return_corr_graph,edge_density_feature,1m,core_weighted,24710,-0.0051604866030335,4.750450473701071e-05,9.428667382968058e-05,-4.678216909266987e-05,0.5018211250505868,beta_context_layer,-0.022669451648585155,strong_sample,downgrade
return_corr_graph,community_quality_score,30m,top5_member,23557,-0.0052554215129876,-0.0005077837579637,-0.0003339324456896,-0.0001738513122741,0.4704883227176221,beta_context_layer,-0.022977430296807533,strong_sample,downgrade
flow_alignment_graph,flow_layer_participation_ratio,15m,core_weighted,26980,-0.005296952699589,-6.975583801423914e-05,0.0003011535119399,-0.0003709093499541,0.4866567828020756,event_alignment_layer,-0.02347110485730036,strong_sample,downgrade
dtw_return_similarity_graph,community_quality_score,5m,top5_member,4431,0.0066465224181041,-0.0003181532017871,-4.215282755251651e-05,-0.0002760003742346,0.5079006772009029,weak_pair_candidate,-0.024237206999662305,usable,downgrade
flow_alignment_graph,flow_breadth_expansion,30m,equal_weight,26903,0.0055108940041638,-2.7762342444912265e-06,0.0015461903920995,-0.001548966626344,0.5234200743494424,event_alignment_layer,-0.02441225114194187,strong_sample,downgrade
flow_alignment_graph,flow_breadth_expansion,30m,member_weight,26903,0.0055108940041638,-2.7762342444912265e-06,0.0015461903920995,-0.001548966626344,0.5234200743494424,event_alignment_layer,-0.02441225114194187,strong_sample,downgrade
volume_expansion_graph,feature_coverage_ratio,1m,equal_weight,29183,0.005570558009145,0.000223232481894,0.0003472130872793,-0.0001239806053852,0.5167923235092529,theme_candidate_layer,-0.02487334822037259,strong_sample,downgrade
volume_expansion_graph,feature_coverage_ratio,1m,member_weight,29183,0.005570558009145,0.000223232481894,0.0003472130872793,-0.0001239806053852,0.5167923235092529,theme_candidate_layer,-0.02487334822037259,strong_sample,downgrade
return_corr_graph,community_quality_score,5m,top10_member,24632,-0.0057016121355259,-0.0001723462947477,-5.280213455376973e-05,-0.0001195441601939,0.4782785221274868,beta_context_layer,-0.025038728370104835,strong_sample,downgrade
return_corr_graph,community_quality_score,5m,equal_weight,24648,-0.0057327047769959,-0.0001759435030109,-1.9404482445520212e-05,-0.0001565390205654,0.4776785714285714,beta_context_layer,-0.0251768888543401,strong_sample,downgrade
return_corr_graph,community_quality_score,5m,member_weight,24648,-0.0057327047769959,-0.0001759435030109,-1.9404482445520212e-05,-0.0001565390205654,0.4776785714285714,beta_context_layer,-0.0251768888543401,strong_sample,downgrade
flow_alignment_graph,flow_layer_participation_ratio,1m,top5_member,27127,-0.0057085290606203,6.105758280158388e-05,7.218997804350534e-05,-1.1132395241921454e-05,0.4859882005899705,event_alignment_layer,-0.025308294216562357,strong_sample,downgrade
volume_expansion_graph,feature_coverage_ratio,1m,top10_member,29183,0.0058368204478517,0.0001937790246616,0.0003515058991517,-0.0001577268744901,0.5150788211103495,theme_candidate_layer,-0.026062248568431954,strong_sample,downgrade
volume_expansion_graph,feature_coverage_ratio,1m,core_weighted,29183,0.0060788314128632,0.0002205826245788,0.0003578016394466,-0.0001372190148678,0.5133653187114462,theme_candidate_layer,-0.027142862574425112,strong_sample,downgrade
flow_alignment_graph,flow_breadth_expansion,1m,equal_weight,27127,-0.006143155394897,-2.6547775052280244e-05,0.0002513813915691,-0.0002779291666214,0.4893067846607669,event_alignment_layer,-0.02723517433319707,strong_sample,downgrade
flow_alignment_graph,flow_breadth_expansion,1m,member_weight,27127,-0.006143155394897,-2.6547775052280244e-05,0.0002513813915691,-0.0002779291666214,0.4893067846607669,event_alignment_layer,-0.02723517433319707,strong_sample,downgrade
return_corr_graph,community_quality_score,30m,top10_member,23880,-0.0062507305383051,-0.0004803028506666,-0.0003956320905769,-8.46707600896251e-05,0.4711055276381909,beta_context_layer,-0.02736602651388831,strong_sample,downgrade
flow_alignment_graph,flow_breadth_expansion,30m,core_weighted,26903,0.0064343416815912,-5.279028526768535e-07,0.0015937110901477,-0.0015942389930004,0.5267657992565056,event_alignment_layer,-0.02850295522748003,strong_sample,downgrade
return_corr_graph,community_quality_score,5m,core_weighted,24648,-0.0066961754745077,-0.0001755932507632,-1.7144112277197668e-05,-0.000158449138486,0.4776785714285714,beta_context_layer,-0.029408258793885388,strong_sample,downgrade
return_corr_graph,community_quality_score,5m,top5_member,24594,-0.0069349387077705,-0.0001746588215385,7.138181857702586e-05,-0.0002460406401156,0.4778365189101261,beta_context_layer,-0.030450253619727842,strong_sample,downgrade
flow_alignment_graph,flow_layer_participation_ratio,1m,equal_weight,27127,-0.0069660216296702,8.388741341563117e-05,0.0001007524727643,-1.6865059348754557e-05,0.4664454277286136,event_alignment_layer,-0.030883284126344397,strong_sample,downgrade
flow_alignment_graph,flow_layer_participation_ratio,1m,member_weight,27127,-0.0069660216296702,8.388741341563117e-05,0.0001007524727643,-1.6865059348754557e-05,0.4664454277286136,event_alignment_layer,-0.030883284126344397,strong_sample,downgrade
flow_alignment_graph,flow_layer_participation_ratio,1m,core_weighted,27127,-0.0070117166321599,8.09734397578669e-05,9.746308216057108e-05,-1.6489642402704163e-05,0.4638643067846608,event_alignment_layer,-0.031085869162691786,strong_sample,downgrade
return_corr_graph,community_member_count,1m,top10_member,24710,0.0071864483763252,0.0001119302193176,0.000119615487022,-7.685267704449244e-06,0.5131525698097936,beta_context_layer,-0.03156927951259325,strong_sample,downgrade
volume_expansion_graph,edge_density_feature,30m,equal_weight,26032,-0.0073097495303112,0.000710420999688,0.0007136025011984,-3.181501510463795e-06,0.4852093737994621,theme_candidate_layer,-0.032276376081331444,strong_sample,downgrade
volume_expansion_graph,edge_density_feature,30m,member_weight,26032,-0.0073097495303112,0.000710420999688,0.0007136025011984,-3.181501510463795e-06,0.4852093737994621,theme_candidate_layer,-0.032276376081331444,strong_sample,downgrade
volume_expansion_graph,community_avg_weight_feature,1m,equal_weight,29183,-0.0073721002996946,0.0001704414596759,0.0001965747337875,-2.613327411167123e-05,0.521932830705963,theme_candidate_layer,-0.032917495440992886,strong_sample,downgrade
volume_expansion_graph,community_avg_weight_feature,1m,member_weight,29183,-0.0073721002996946,0.0001704414596759,0.0001965747337875,-2.613327411167123e-05,0.521932830705963,theme_candidate_layer,-0.032917495440992886,strong_sample,downgrade
volume_expansion_graph,community_avg_weight_feature,1m,top10_member,29183,-0.0073867332025044,0.0001604491799638,0.0001965747337875,-3.6125553823766765e-05,0.5226182316655243,theme_candidate_layer,-0.03298283347112658,strong_sample,downgrade
volume_expansion_graph,community_mean_volume_z_12,5m,top10_member,28947,0.0073998772364373,-3.480823336015971e-05,0.0003897703728145,-0.0004245786061747,0.4944713199723566,theme_candidate_layer,-0.033015429649069394,strong_sample,downgrade
flow_alignment_graph,community_quality_score,1m,top10_member,27127,-0.0074584134558318,-0.0001470357454832,0.0001493830632143,-0.0002964188086976,0.4900442477876106,event_alignment_layer,-0.03306626280158549,strong_sample,downgrade
volume_expansion_graph,feature_coverage_ratio,5m,top10_member,28947,0.0074887643937203,2.732996670488587e-05,6.766232831089142e-05,-4.033236160600555e-05,0.4920525224602626,theme_candidate_layer,-0.03341201024010033,strong_sample,downgrade
return_corr_graph,community_member_count,1m,equal_weight,24710,0.0076181690988424,7.143245638731987e-05,0.000119615487022,-4.818303063476621e-05,0.5034399028733306,beta_context_layer,-0.03346578129578612,strong_sample,downgrade
return_corr_graph,community_member_count,1m,member_weight,24710,0.0076181690988424,7.143245638731987e-05,0.000119615487022,-4.818303063476621e-05,0.5034399028733306,beta_context_layer,-0.03346578129578612,strong_sample,downgrade
volume_expansion_graph,edge_density_feature,30m,core_weighted,26032,-0.0076710063170457,0.0006981312476015,0.0007086779204136,-1.0546672812051898e-05,0.4817518248175182,theme_candidate_layer,-0.033871514172209315,strong_sample,downgrade
volume_expansion_graph,community_avg_weight_feature,1m,core_weighted,29183,-0.0075929882457327,0.0001627545277272,0.0001919645215663,-2.9209993839047586e-05,0.519876627827279,theme_candidate_layer,-0.033903792108305,strong_sample,downgrade
flow_alignment_graph,flow_layer_participation_ratio,5m,top5_member,26971,-0.0076960176902448,-0.0001859059614753,0.0004592212314176,-0.000645127192893,0.4445680385613644,event_alignment_layer,-0.03410038599406975,strong_sample,downgrade
flow_alignment_graph,community_quality_score,5m,top10_member,27025,-0.0079300999047301,-0.0001414430352234,8.906774921087988e-05,-0.0002305107844343,0.4881569207994078,event_alignment_layer,-0.03514447221132479,strong_sample,downgrade
volume_expansion_graph,community_mean_volume_z_12,5m,top5_member,28935,0.0080193691552568,-1.435968813503922e-05,0.0002943511782449,-0.0003087108663799,0.4994815070860698,theme_candidate_layer,-0.03577792226092142,strong_sample,downgrade
return_corr_graph,community_member_count,1m,core_weighted,24710,0.0082709234318702,7.309840973735785e-05,0.0001169462298828,-4.384782014547645e-05,0.5038445973290165,beta_context_layer,-0.03633325948714111,strong_sample,downgrade
return_corr_graph,community_quality_score,1m,top10_member,24710,-0.0082856824915794,-4.961503932151153e-05,0.0001110664654818,-0.0001606815048033,0.4856333468231485,beta_context_layer,-0.036398094417680334,strong_sample,downgrade
volume_expansion_graph,community_avg_weight_feature,30m,core_weighted,26032,0.0083960726275187,0.0006271455692862,0.0011080826258616,-0.0004809370565753,0.4721475220898963,theme_candidate_layer,-0.03707306202602937,strong_sample,downgrade
dtw_trade_flow_similarity_graph,community_mean_volume_z_12,30m,top10_member,1638,0.0115802510051944,-4.623466028027181e-05,0.000530989523467,-0.0005772241837473,0.5398773006134969,pair_flow_leadlag_candidate,-0.037225631158361534,watch,watch
flow_alignment_graph,community_quality_score,30m,top5_member,25912,-0.0086044888769351,-0.0006052081025543,0.000113619384896,-0.0007188274874503,0.4797375530683134,event_alignment_layer,-0.037976063915128054,strong_sample,downgrade
volume_expansion_graph,edge_density_feature,30m,top10_member,26027,-0.0086754697564705,0.0005603011579201,0.0006941614022163,-0.0001338602442962,0.4846272098385857,theme_candidate_layer,-0.03830602310507127,strong_sample,downgrade
volume_expansion_graph,community_mean_volume_z_12,5m,equal_weight,28960,0.0086287571118769,-4.4341899961295405e-06,0.000426583664346,-0.0004310178543421,0.4982734806629834,theme_candidate_layer,-0.03849990543268992,strong_sample,downgrade
volume_expansion_graph,community_mean_volume_z_12,5m,member_weight,28960,0.0086287571118769,-4.4341899961295405e-06,0.000426583664346,-0.0004310178543421,0.4982734806629834,theme_candidate_layer,-0.03849990543268992,strong_sample,downgrade
volume_expansion_graph,community_mean_volume_z_12,5m,core_weighted,28960,0.008814312655481,-4.862488684038879e-05,0.0004542585834805,-0.0005028834703209,0.4982734806629834,theme_candidate_layer,-0.039327819672092514,strong_sample,downgrade
volume_expansion_graph,community_avg_weight_feature,30m,equal_weight,26032,0.0089305444927202,0.0006518169242746,0.0011273232689629,-0.0004755063446882,0.4740683826354206,theme_candidate_layer,-0.03943303549086571,strong_sample,downgrade
volume_expansion_graph,community_avg_weight_feature,30m,member_weight,26032,0.0089305444927202,0.0006518169242746,0.0011273232689629,-0.0004755063446882,0.4740683826354206,theme_candidate_layer,-0.03943303549086571,strong_sample,downgrade
return_corr_graph,edge_density_feature,1m,top5_member,24710,-0.0091849362577727,5.010021219717567e-05,0.0001571571677808,-0.0001070569555836,0.5022258195062728,beta_context_layer,-0.040348417583046914,strong_sample,downgrade
volume_expansion_graph,community_avg_weight_feature,30m,top5_member,25972,0.0094671168011889,0.000973169176489,0.0011380745408479,-0.0001649053643588,0.4751636503658067,theme_candidate_layer,-0.041792796489065524,strong_sample,downgrade
volume_expansion_graph,feature_coverage_ratio,5m,equal_weight,28960,0.0095189221110147,3.234621807540263e-05,6.926002334425762e-05,-3.691380526885499e-05,0.493439226519337,theme_candidate_layer,-0.04247165569080343,strong_sample,downgrade
volume_expansion_graph,feature_coverage_ratio,5m,member_weight,28960,0.0095189221110147,3.234621807540263e-05,6.926002334425762e-05,-3.691380526885499e-05,0.493439226519337,theme_candidate_layer,-0.04247165569080343,strong_sample,downgrade
volume_expansion_graph,community_avg_weight_feature,1m,top5_member,29182,-0.0096146757588568,0.0001304039556349,0.0001937576391877,-6.335368355287797e-05,0.5226182316655243,theme_candidate_layer,-0.042930776547541724,strong_sample,downgrade
volume_expansion_graph,feature_coverage_ratio,5m,core_weighted,28960,0.0098125891993976,2.8756878947411677e-05,6.135210884828552e-05,-3.2595229900873846e-05,0.4924033149171271,theme_candidate_layer,-0.043781943486003144,strong_sample,downgrade
flow_alignment_graph,community_quality_score,30m,top10_member,26322,-0.0103501556135489,-0.0005109860745096,0.0001265691996148,-0.0006375552741245,0.4798632218844985,event_alignment_layer,-0.0457511590861131,strong_sample,downgrade
flow_alignment_graph,flow_breadth_expansion,30m,top10_member,26322,0.0104353987620629,-2.0106963964410983e-05,0.000436926805474,-0.0004570337694384,0.5015197568389058,event_alignment_layer,-0.046127962391713635,strong_sample,downgrade
volume_expansion_graph,feature_coverage_ratio,1m,top5_member,29182,0.0104762198292985,0.0002041131325191,0.0003325951060662,-0.000128481973547,0.5147361206305688,theme_candidate_layer,-0.046777682766913804,strong_sample,downgrade
flow_alignment_graph,flow_layer_participation_ratio,30m,core_weighted,26903,-0.0106992028848746,8.25637002044121e-05,8.757867270071782e-05,-5.0149724963057234e-06,0.4955390334572491,event_alignment_layer,-0.047395509267063075,strong_sample,downgrade
flow_alignment_graph,flow_breadth_expansion,15m,top10_member,26802,-0.0108221448145282,-0.0004534271252282,0.0008001347239175,-0.0012535618491458,0.4731343283582089,event_alignment_layer,-0.04792244208893975,strong_sample,downgrade
flow_alignment_graph,flow_layer_participation_ratio,5m,top10_member,27025,-0.0112117364329801,-0.0002257190049543,0.0003821876950759,-0.0006079067000303,0.4422649888971132,event_alignment_layer,-0.04968796916096073,strong_sample,downgrade
return_corr_graph,community_quality_score,1m,top5_member,24710,-0.0114161719126097,-4.594070059366802e-05,0.0001234651481349,-0.0001694058487286,0.4868474301902064,beta_context_layer,-0.05014999109438857,strong_sample,downgrade
flow_alignment_graph,community_quality_score,15m,top5_member,26603,-0.011531352979002,-0.000503798048799,-5.680780361829364e-05,-0.0004469902451807,0.4763157894736842,event_alignment_layer,-0.051025625068832806,strong_sample,downgrade
flow_alignment_graph,flow_layer_participation_ratio,1m,top10_member,27127,-0.0122267114141108,5.242141335061023e-05,6.930782582932351e-05,-1.6886412478713282e-05,0.474188790560472,event_alignment_layer,-0.05420611973475586,strong_sample,downgrade
dtw_return_similarity_graph,edge_density_feature,1m,core_weighted,4442,0.0155975124921287,-0.0001043815133223,-4.675002752299049e-06,-9.970651057003318e-05,0.5022522522522522,weak_pair_candidate,-0.05689467686301644,usable,downgrade
dtw_return_similarity_graph,edge_density_feature,1m,top5_member,4442,0.0156950947719584,-9.795485705359372e-05,-2.761111291071383e-05,-7.034374414287988e-05,0.5,weak_pair_candidate,-0.05725062543374328,usable,downgrade
dtw_return_similarity_graph,edge_density_feature,1m,equal_weight,4442,0.0157239252034565,-9.795485705359372e-05,-2.262573076888757e-05,-7.532912628470615e-05,0.5,weak_pair_candidate,-0.05735578951581942,usable,downgrade
dtw_return_similarity_graph,edge_density_feature,1m,member_weight,4442,0.0157239252034565,-9.795485705359372e-05,-2.262573076888757e-05,-7.532912628470615e-05,0.5,weak_pair_candidate,-0.05735578951581942,usable,downgrade
dtw_trade_flow_similarity_graph,community_mean_volume_z_12,30m,equal_weight,1638,0.0182286968029021,0.0001557165362101,0.000530989523467,-0.0003752729872569,0.5705521472392638,pair_flow_leadlag_candidate,-0.05859758509362694,watch,watch
dtw_trade_flow_similarity_graph,community_mean_volume_z_12,30m,member_weight,1638,0.0182286968029021,0.0001557165362101,0.000530989523467,-0.0003752729872569,0.5705521472392638,pair_flow_leadlag_candidate,-0.05859758509362694,watch,watch
flow_alignment_graph,flow_breadth_expansion,15m,top5_member,26603,-0.0144596398624716,-0.0005048243847677,0.0008072335243813,-0.0013120579091491,0.4642857142857143,event_alignment_layer,-0.06398313915083018,strong_sample,downgrade
dtw_trade_flow_similarity_graph,community_mean_volume_z_12,30m,top5_member,1638,0.0202450476595011,0.0001612621501602,0.0005326963437305,-0.0003714341935702,0.5766871165644172,pair_flow_leadlag_candidate,-0.06507930412026393,watch,watch
dtw_return_similarity_graph,edge_density_feature,1m,top10_member,4442,0.0181156655050856,-9.795485705359372e-05,-1.890230749536252e-05,-7.905254955823119e-05,0.5,weak_pair_candidate,-0.06608008396149546,usable,downgrade
flow_alignment_graph,community_quality_score,30m,core_weighted,26903,-0.0149216783531169,-0.0004827084840747,0.0001497205297396,-0.0006324290138143,0.4810408921933085,event_alignment_layer,-0.06610030226317888,strong_sample,downgrade
flow_alignment_graph,community_quality_score,30m,equal_weight,26903,-0.0150242505244835,-0.00049698570432,0.0001305793970149,-0.0006275651013349,0.4795539033457249,event_alignment_layer,-0.06655467819668147,strong_sample,downgrade
flow_alignment_graph,community_quality_score,30m,member_weight,26903,-0.0150242505244835,-0.00049698570432,0.0001305793970149,-0.0006275651013349,0.4795539033457249,event_alignment_layer,-0.06655467819668147,strong_sample,downgrade
dtw_trade_flow_similarity_graph,community_mean_volume_z_12,30m,core_weighted,1638,0.0209376132101539,0.000275028577868,0.000482778491946,-0.000207749914078,0.5766871165644172,pair_flow_leadlag_candidate,-0.06730561076336038,watch,watch
flow_alignment_graph,flow_breadth_expansion,5m,top10_member,27025,-0.0152516517614195,-0.0004650594572953,0.0005900200369864,-0.0010550794942818,0.4696521095484826,event_alignment_layer,-0.06759199227569548,strong_sample,downgrade
return_corr_graph,edge_density_feature,30m,equal_weight,24347,-0.0154442162729646,-0.0002441605824528,8.320418114871915e-05,-0.0003273647636015,0.4893179950698438,beta_context_layer,-0.06774548777176302,strong_sample,downgrade
return_corr_graph,edge_density_feature,30m,member_weight,24347,-0.0154442162729646,-0.0002441605824528,8.320418114871915e-05,-0.0003273647636015,0.4893179950698438,beta_context_layer,-0.06774548777176302,strong_sample,downgrade
return_corr_graph,edge_density_feature,30m,core_weighted,24347,-0.0158411785781234,-0.0002508915878359,9.954302739419526e-05,-0.0003504346152301,0.4889071487263763,beta_context_layer,-0.06948674835207891,strong_sample,downgrade
flow_alignment_graph,flow_breadth_expansion,5m,top5_member,26971,-0.0160586102751958,-0.0004984589253394,0.0006212794610735,-0.001119738386413,0.4690396737115313,event_alignment_layer,-0.0711543074552227,strong_sample,downgrade
dtw_return_similarity_graph,community_quality_score,30m,top5_member,4207,-0.0199289590770651,-0.0005896902838782,0.0008960196859503,-0.0014857099698285,0.469047619047619,weak_pair_candidate,-0.07222405693818709,usable,downgrade
return_corr_graph,community_quality_score,30m,equal_weight,24347,-0.0167865718913577,-0.0005203594074508,-1.5780513232009983e-05,-0.0005045788942188,0.4663105998356615,beta_context_layer,-0.07363368141810536,strong_sample,downgrade
return_corr_graph,community_quality_score,30m,member_weight,24347,-0.0167865718913577,-0.0005203594074508,-1.5780513232009983e-05,-0.0005045788942188,0.4663105998356615,beta_context_layer,-0.07363368141810536,strong_sample,downgrade
volume_expansion_graph,community_mean_volume_z_12,15m,equal_weight,28023,0.0165748247131427,-0.0002228071473777,0.0014539495893839,-0.0016767567367617,0.4860813704496788,theme_candidate_layer,-0.07371703221685398,strong_sample,downgrade
volume_expansion_graph,community_mean_volume_z_12,15m,member_weight,28023,0.0165748247131427,-0.0002228071473777,0.0014539495893839,-0.0016767567367617,0.4860813704496788,theme_candidate_layer,-0.07371703221685398,strong_sample,downgrade
return_corr_graph,community_quality_score,30m,core_weighted,24347,-0.0169603198334797,-0.0005309187665759,-7.39416199916866e-06,-0.0005235246045767,0.4691865242399343,beta_context_layer,-0.07439582038847187,strong_sample,downgrade
volume_expansion_graph,community_mean_volume_z_12,15m,core_weighted,28023,0.0168535862226039,-0.0002756776866,0.0015082142339661,-0.0017838919205662,0.4885795860099928,theme_candidate_layer,-0.0749568324276807,strong_sample,downgrade
volume_expansion_graph,community_mean_volume_z_12,15m,top10_member,28014,0.0171546233593638,-0.0002217018157319,0.0014210621912596,-0.0016427640069916,0.4930382006426276,theme_candidate_layer,-0.07629331113478043,strong_sample,downgrade
dtw_trade_flow_similarity_graph,community_quality_score,1m,top10_member,1640,-0.0240504485505463,-0.0001353028638226,0.0001281594002279,-0.0002634622640506,0.524390243902439,pair_flow_leadlag_candidate,-0.07732480351303733,watch,watch
flow_alignment_graph,community_quality_score,15m,top10_member,26802,-0.0180849331710182,-0.0004773651078231,1.48922141551703e-06,-0.0004788543292386,0.475,event_alignment_layer,-0.0800834009730675,strong_sample,downgrade
volume_expansion_graph,community_mean_volume_z_12,15m,top5_member,27979,0.0180505827533959,-0.000209603770558,0.0011743017401556,-0.0013839055107136,0.4951734000715052,theme_candidate_layer,-0.0802681925839165,strong_sample,downgrade
dtw_return_similarity_graph,community_avg_weight_feature,30m,top10_member,4207,-0.0223714099545115,-0.0001466521514834,0.0004302781483788,-0.0005769302998623,0.4785714285714286,weak_pair_candidate,-0.08107568388765607,usable,downgrade
dtw_return_similarity_graph,community_avg_weight_feature,30m,equal_weight,4207,-0.0224268059368554,-0.0001466521514834,0.0004302781483788,-0.0005769302998623,0.4785714285714286,weak_pair_candidate,-0.08127644312287156,usable,downgrade
dtw_return_similarity_graph,community_avg_weight_feature,30m,member_weight,4207,-0.0224268059368554,-0.0001466521514834,0.0004302781483788,-0.0005769302998623,0.4785714285714286,weak_pair_candidate,-0.08127644312287156,usable,downgrade
dtw_return_similarity_graph,community_avg_weight_feature,30m,top5_member,4207,-0.0224951861042965,-0.0001466521514834,0.0004302781483788,-0.0005769302998623,0.4785714285714286,weak_pair_candidate,-0.08152425802818654,usable,downgrade
dtw_return_similarity_graph,community_quality_score,30m,top10_member,4207,-0.0228222548533505,-0.0005896902838782,0.0009382415841871,-0.0015279318680654,0.469047619047619,weak_pair_candidate,-0.08270957994404932,usable,downgrade
return_corr_graph,community_quality_score,15m,equal_weight,24538,-0.0191395325795984,-0.0003024328044063,2.4949204976542712e-05,-0.0003273820093828,0.4684060334284549,beta_context_layer,-0.08401980840358599,strong_sample,downgrade
return_corr_graph,community_quality_score,15m,member_weight,24538,-0.0191395325795984,-0.0003024328044063,2.4949204976542712e-05,-0.0003273820093828,0.4684060334284549,beta_context_layer,-0.08401980840358599,strong_sample,downgrade
dtw_trade_flow_similarity_graph,community_quality_score,1m,equal_weight,1640,-0.0264583122590383,-0.00013727898987,0.0001512452288836,-0.0002885242187537,0.524390243902439,pair_flow_leadlag_candidate,-0.08506634678421628,watch,watch
dtw_trade_flow_similarity_graph,community_quality_score,1m,member_weight,1640,-0.0264583122590383,-0.00013727898987,0.0001512452288836,-0.0002885242187537,0.524390243902439,pair_flow_leadlag_candidate,-0.08506634678421628,watch,watch
dtw_return_similarity_graph,community_avg_weight_feature,30m,core_weighted,4207,-0.0236820066076777,-0.0001462551908003,0.000437802987006,-0.0005840581778063,0.4714285714285714,weak_pair_candidate,-0.08582538541171644,usable,downgrade
dtw_trade_flow_similarity_graph,community_quality_score,1m,core_weighted,1640,-0.0268568583884832,-0.0001294069516781,0.0001537238494817,-0.0002831308011599,0.5060975609756098,pair_flow_leadlag_candidate,-0.08634771586494008,watch,watch
dtw_return_similarity_graph,community_quality_score,30m,equal_weight,4207,-0.0239108428313715,-0.0005896902838782,0.00098094281886,-0.0015706331027383,0.469047619047619,weak_pair_candidate,-0.08665470521641218,usable,downgrade
dtw_return_similarity_graph,community_quality_score,30m,member_weight,4207,-0.0239108428313715,-0.0005896902838782,0.00098094281886,-0.0015706331027383,0.469047619047619,weak_pair_candidate,-0.08665470521641218,usable,downgrade
return_corr_graph,community_quality_score,15m,core_weighted,24538,-0.0198011109692243,-0.0003082801947598,2.975013851773408e-05,-0.0003380303332775,0.4700366897676314,beta_context_layer,-0.08692404283612232,strong_sample,downgrade
dtw_return_similarity_graph,community_quality_score,30m,core_weighted,4207,-0.0241048391800322,-0.0005687444502734,0.0009782466181573,-0.0015469910684308,0.4619047619047619,weak_pair_candidate,-0.0873577626755243,usable,downgrade
volume_expansion_graph,community_mean_volume_z_12,30m,top10_member,26027,0.0202109498120134,-0.0010187727107253,0.0025026091418972,-0.0035213818526225,0.4827056110684089,theme_candidate_layer,-0.0892402523675438,strong_sample,downgrade
volume_expansion_graph,community_mean_volume_z_12,30m,equal_weight,26032,0.0206722570055627,-0.0009878196246462,0.0024656001377295,-0.0034534197623758,0.4817518248175182,theme_candidate_layer,-0.09127885145649775,strong_sample,downgrade
volume_expansion_graph,community_mean_volume_z_12,30m,member_weight,26032,0.0206722570055627,-0.0009878196246462,0.0024656001377295,-0.0034534197623758,0.4817518248175182,theme_candidate_layer,-0.09127885145649775,strong_sample,downgrade
volume_expansion_graph,community_mean_volume_z_12,30m,top5_member,25972,0.020714712272342,-0.0010161106116272,0.0023082168775989,-0.0033243274892261,0.4832499037350789,theme_candidate_layer,-0.09144555544290081,strong_sample,downgrade
volume_expansion_graph,community_mean_volume_z_12,30m,core_weighted,26032,0.0207650016504373,-0.0010288592748329,0.0024942423721165,-0.0035231016469494,0.4840568574721475,theme_candidate_layer,-0.09168836768206597,strong_sample,downgrade
large_trade_alignment_graph,community_avg_weight_feature,30m,core_weighted,48,0.0543967804558051,-0.001837317614887,-0.0012551446660233,-0.0005821729488637,0.0,sparse_event_flag,-0.09194122509257345,ignore,ignore_sparse
return_corr_graph,edge_density_feature,15m,equal_weight,24538,-0.0215018512642651,-0.0001106709801369,1.9923915929657432e-05,-0.0001305948960665,0.474928658785161,beta_context_layer,-0.09439004928843793,strong_sample,downgrade
return_corr_graph,edge_density_feature,15m,member_weight,24538,-0.0215018512642651,-0.0001106709801369,1.9923915929657432e-05,-0.0001305948960665,0.474928658785161,beta_context_layer,-0.09439004928843793,strong_sample,downgrade
large_trade_alignment_graph,community_avg_weight_feature,30m,equal_weight,48,0.0564742454380369,-0.0018322567108202,-0.0010350031813088,-0.0007972535295114,0.0,sparse_event_flag,-0.09545254826193814,ignore,ignore_sparse
large_trade_alignment_graph,community_avg_weight_feature,30m,member_weight,48,0.0564742454380369,-0.0018322567108202,-0.0010350031813088,-0.0007972535295114,0.0,sparse_event_flag,-0.09545254826193814,ignore,ignore_sparse
large_trade_alignment_graph,community_avg_weight_feature,30m,top10_member,48,0.0564742454380369,-0.0018322567108202,-0.0010350031813088,-0.0007972535295114,0.0,sparse_event_flag,-0.09545254826193814,ignore,ignore_sparse
large_trade_alignment_graph,community_avg_weight_feature,30m,top5_member,48,0.0564742454380369,-0.0018322567108202,-0.0010350031813088,-0.0007972535295114,0.0,sparse_event_flag,-0.09545254826193814,ignore,ignore_sparse
return_corr_graph,edge_density_feature,15m,core_weighted,24538,-0.0220577985467684,-0.0001149709064633,2.876768842666383e-05,-0.00014373859489,0.4769669792091316,beta_context_layer,-0.0968305782806774,strong_sample,downgrade
dtw_trade_flow_similarity_graph,community_quality_score,1m,top5_member,1640,-0.0304543508851138,-0.0001333274327647,0.0001304494849795,-0.0002637769177442,0.5365853658536586,pair_flow_leadlag_candidate,-0.09791404486113124,watch,watch
flow_alignment_graph,community_quality_score,15m,core_weighted,26980,-0.0229114518102211,-0.0004886317396977,5.672746263575892e-05,-0.0005453592023335,0.4744255003706449,event_alignment_layer,-0.10152197279624738,strong_sample,downgrade
flow_alignment_graph,community_quality_score,15m,equal_weight,26980,-0.0232642296860849,-0.0004792482844837,4.917993147846317e-05,-0.0005284282159621,0.475166790214974,event_alignment_layer,-0.1030851520401129,strong_sample,downgrade
flow_alignment_graph,community_quality_score,15m,member_weight,26980,-0.0232642296860849,-0.0004792482844837,4.917993147846317e-05,-0.0005284282159621,0.475166790214974,event_alignment_layer,-0.1030851520401129,strong_sample,downgrade
flow_alignment_graph,flow_breadth_expansion,5m,core_weighted,27044,-0.0260680999753452,-0.0004808008359013,0.0006309184661092,-0.0011117193020105,0.4722633136094674,event_alignment_layer,-0.11553608664468944,strong_sample,downgrade
flow_alignment_graph,flow_breadth_expansion,5m,equal_weight,27044,-0.0264079253154783,-0.0004827112377101,0.000615654913028,-0.0010983661507381,0.4700443786982248,event_alignment_layer,-0.11704222211213094,strong_sample,downgrade
flow_alignment_graph,flow_breadth_expansion,5m,member_weight,27044,-0.0264079253154783,-0.0004827112377101,0.000615654913028,-0.0010983661507381,0.4700443786982248,event_alignment_layer,-0.11704222211213094,strong_sample,downgrade
flow_alignment_graph,flow_breadth_expansion,15m,core_weighted,26980,-0.0265994102407275,-0.0004074999960712,0.0010222483210435,-0.0014297483171148,0.4603409933283914,event_alignment_layer,-0.11786353065809065,strong_sample,downgrade
flow_alignment_graph,flow_breadth_expansion,15m,equal_weight,26980,-0.0269822389898938,-0.0004109548301615,0.000960573591138,-0.0013715284212996,0.4633061527057079,event_alignment_layer,-0.1195598670657706,strong_sample,downgrade
flow_alignment_graph,flow_breadth_expansion,15m,member_weight,26980,-0.0269822389898938,-0.0004109548301615,0.000960573591138,-0.0013715284212996,0.4633061527057079,event_alignment_layer,-0.1195598670657706,strong_sample,downgrade
dtw_trade_flow_similarity_graph,edge_density_feature,30m,top10_member,1638,-0.0397119878507702,-0.0005061547420341,2.8045607204668507e-05,-0.0005342003492387,0.4846625766871165,pair_flow_leadlag_candidate,-0.12765732034953325,watch,watch
dtw_trade_flow_similarity_graph,community_avg_weight_feature,5m,top5_member,1640,-0.0449966393302668,-0.000879292072556,0.0005916376053046,-0.0014709296778606,0.4512195121951219,pair_flow_leadlag_candidate,-0.1446690812292919,watch,watch
dtw_trade_flow_similarity_graph,community_avg_weight_feature,5m,equal_weight,1640,-0.0450113178267942,-0.0007658946241824,0.0005916376053046,-0.001357532229487,0.4390243902439024,pair_flow_leadlag_candidate,-0.14471627418943409,watch,watch
dtw_trade_flow_similarity_graph,community_avg_weight_feature,5m,member_weight,1640,-0.0450113178267942,-0.0007658946241824,0.0005916376053046,-0.001357532229487,0.4390243902439024,pair_flow_leadlag_candidate,-0.14471627418943409,watch,watch
dtw_trade_flow_similarity_graph,community_avg_weight_feature,5m,top10_member,1640,-0.045108876574773,-0.0007817795056822,0.0005916376053046,-0.0013734171109868,0.4451219512195122,pair_flow_leadlag_candidate,-0.14502993615721751,watch,watch
dtw_trade_flow_similarity_graph,edge_density_feature,30m,top5_member,1638,-0.0457687911871071,-0.0005061547420341,7.77377803499915e-05,-0.0005838925223841,0.4846625766871165,pair_flow_leadlag_candidate,-0.1471273928804374,watch,watch
dtw_trade_flow_similarity_graph,community_avg_weight_feature,5m,core_weighted,1640,-0.0459193333490723,-0.0007857489839405,0.0005956451246501,-0.0013813941085907,0.4451219512195122,pair_flow_leadlag_candidate,-0.14763564268683982,watch,watch
dtw_trade_flow_similarity_graph,edge_density_feature,5m,top5_member,1640,-0.0460188841598276,-0.000337224538774,-6.0875704925526537e-05,-0.0002763488338484,0.5121951219512195,pair_flow_leadlag_candidate,-0.14795570935274996,watch,watch
dtw_trade_flow_similarity_graph,community_quality_score,5m,top10_member,1640,-0.0461466765294298,-0.000246771829716,-0.0001156961646882,-0.0001310756650277,0.4817073170731707,pair_flow_leadlag_candidate,-0.14836657569685113,watch,watch
dtw_trade_flow_similarity_graph,edge_density_feature,30m,equal_weight,1638,-0.0464888598753346,-0.0005061547420341,0.0002434889009158,-0.00074964364295,0.4846625766871165,pair_flow_leadlag_candidate,-0.14944211053073864,watch,watch
dtw_trade_flow_similarity_graph,edge_density_feature,30m,member_weight,1638,-0.0464888598753346,-0.0005061547420341,0.0002434889009158,-0.00074964364295,0.4846625766871165,pair_flow_leadlag_candidate,-0.14944211053073864,watch,watch
dtw_trade_flow_similarity_graph,edge_density_feature,5m,top10_member,1640,-0.0468046570336829,-0.000337224538774,-3.951793480655416e-05,-0.0002977066039674,0.5121951219512195,pair_flow_leadlag_candidate,-0.15048205446224092,watch,watch
dtw_trade_flow_similarity_graph,edge_density_feature,30m,core_weighted,1638,-0.0480630702511769,-0.0004428571875003,0.0002131049416109,-0.0006559621291112,0.4907975460122699,pair_flow_leadlag_candidate,-0.1545025340734136,watch,watch
dtw_trade_flow_similarity_graph,community_quality_score,5m,equal_weight,1640,-0.0489782646567772,-0.0002432484924704,-5.590866927447105e-05,-0.0001873398231959,0.4817073170731707,pair_flow_leadlag_candidate,-0.15747043898309382,watch,watch
dtw_trade_flow_similarity_graph,community_quality_score,5m,member_weight,1640,-0.0489782646567772,-0.0002432484924704,-5.590866927447105e-05,-0.0001873398231959,0.4817073170731707,pair_flow_leadlag_candidate,-0.15747043898309382,watch,watch
dtw_trade_flow_similarity_graph,community_quality_score,5m,top5_member,1640,-0.0490024431636451,-0.000240760014262,-8.358827984988484e-05,-0.0001571717344121,0.4878048780487805,pair_flow_leadlag_candidate,-0.15754817550800182,watch,watch
dtw_trade_flow_similarity_graph,community_quality_score,5m,core_weighted,1640,-0.0506844388472368,-0.0002266957376629,-4.90869103600561e-05,-0.0001776088273029,0.4817073170731707,pair_flow_leadlag_candidate,-0.16295597426361177,watch,watch
dtw_trade_flow_similarity_graph,community_quality_score,15m,top5_member,1639,-0.0516318911235977,-0.0005480017872022,0.0002485971242903,-0.0007965989114925,0.4539877300613497,pair_flow_leadlag_candidate,-0.1659884675417666,watch,watch
dtw_trade_flow_similarity_graph,edge_density_feature,5m,equal_weight,1640,-0.0535492731747596,-0.000337224538774,5.638481259727809e-05,-0.0003936093513712,0.5121951219512195,pair_flow_leadlag_candidate,-0.17216672769332578,watch,watch
dtw_trade_flow_similarity_graph,edge_density_feature,5m,member_weight,1640,-0.0535492731747596,-0.000337224538774,5.638481259727809e-05,-0.0003936093513712,0.5121951219512195,pair_flow_leadlag_candidate,-0.17216672769332578,watch,watch
dtw_trade_flow_similarity_graph,community_quality_score,15m,top10_member,1639,-0.0540345792882767,-0.0005906516590849,0.0001870259892767,-0.0007776776483617,0.4478527607361963,pair_flow_leadlag_candidate,-0.17371273480676191,watch,watch
dtw_trade_flow_similarity_graph,edge_density_feature,5m,core_weighted,1640,-0.0543222620544465,-0.0002971135210476,6.41990592685159e-05,-0.0003613125803161,0.5182926829268293,pair_flow_leadlag_candidate,-0.17465197087346576,watch,watch
dtw_trade_flow_similarity_graph,edge_density_feature,15m,top10_member,1639,-0.0566335970126226,-0.0009818349716035,-0.000154876212382,-0.0008269587592214,0.4723926380368098,pair_flow_leadlag_candidate,-0.18206817094884226,watch,watch
dtw_trade_flow_similarity_graph,community_quality_score,15m,core_weighted,1639,-0.0575256277218792,-0.0005591731892488,0.0002823855341856,-0.0008415587234344,0.4539877300613497,pair_flow_leadlag_candidate,-0.18493591038676546,watch,watch
dtw_trade_flow_similarity_graph,community_quality_score,15m,equal_weight,1639,-0.0576220310186103,-0.0005878399130394,0.0003005610574027,-0.0008884009704421,0.4478527607361963,pair_flow_leadlag_candidate,-0.18524583193219293,watch,watch
dtw_trade_flow_similarity_graph,community_quality_score,15m,member_weight,1639,-0.0576220310186103,-0.0005878399130394,0.0003005610574027,-0.0008884009704421,0.4478527607361963,pair_flow_leadlag_candidate,-0.18524583193219293,watch,watch
dtw_trade_flow_similarity_graph,community_quality_score,30m,top10_member,1638,-0.0581149700481277,-0.000620341218086,0.0010184999177221,-0.0016388411358081,0.4723926380368098,pair_flow_leadlag_candidate,-0.18681515960409123,watch,watch
dtw_trade_flow_similarity_graph,edge_density_feature,15m,top5_member,1639,-0.0585633312608441,-0.0009818349716035,-8.636074878159998e-05,-0.0008954742228219,0.4723926380368098,pair_flow_leadlag_candidate,-0.1882719652251041,watch,watch
dtw_trade_flow_similarity_graph,community_quality_score,30m,top5_member,1638,-0.0612570901091751,-0.0005606051644907,0.0010927973334371,-0.0016534024979278,0.4723926380368098,pair_flow_leadlag_candidate,-0.19691575262192584,watch,watch
dtw_trade_flow_similarity_graph,community_quality_score,30m,equal_weight,1638,-0.0634838548321639,-0.0006232738588662,0.0012178361578955,-0.0018411100167617,0.4723926380368098,pair_flow_leadlag_candidate,-0.20407386363499888,watch,watch
dtw_trade_flow_similarity_graph,community_quality_score,30m,member_weight,1638,-0.0634838548321639,-0.0006232738588662,0.0012178361578955,-0.0018411100167617,0.4723926380368098,pair_flow_leadlag_candidate,-0.20407386363499888,watch,watch
dtw_trade_flow_similarity_graph,community_quality_score,30m,core_weighted,1638,-0.065113407984361,-0.0005969264654327,0.0011707818715502,-0.0017677083369829,0.4662576687116564,pair_flow_leadlag_candidate,-0.20931219090177614,watch,watch
dtw_trade_flow_similarity_graph,edge_density_feature,15m,core_weighted,1639,-0.0658565700096037,-0.0009234638324345,4.5009257434638747e-05,-0.0009684730898691,0.4785276073619632,pair_flow_leadlag_candidate,-0.21171858894889697,watch,watch
dtw_trade_flow_similarity_graph,edge_density_feature,15m,equal_weight,1639,-0.0659941248757221,-0.0009818349716035,5.544473309858514e-05,-0.0010372797047021,0.4723926380368098,pair_flow_leadlag_candidate,-0.21216080636400672,watch,watch
dtw_trade_flow_similarity_graph,edge_density_feature,15m,member_weight,1639,-0.0659941248757221,-0.0009818349716035,5.544473309858514e-05,-0.0010372797047021,0.4723926380368098,pair_flow_leadlag_candidate,-0.21216080636400672,watch,watch
dtw_trade_flow_similarity_graph,community_avg_weight_feature,1m,top5_member,1640,-0.0748465747865692,-0.0002433012607297,0.0007690032095978,-0.0010123044703275,0.5365853658536586,pair_flow_leadlag_candidate,-0.2406398648587307,watch,watch
dtw_trade_flow_similarity_graph,community_avg_weight_feature,1m,core_weighted,1640,-0.0811243015582378,-0.0002393550813164,0.0007499000899678,-0.0009892551712843,0.5060975609756098,pair_flow_leadlag_candidate,-0.2608234380718292,watch,watch
dtw_trade_flow_similarity_graph,community_avg_weight_feature,1m,top10_member,1640,-0.0815882282892117,-0.0002578114166178,0.0007690032095978,-0.0010268146262156,0.5365853658536586,pair_flow_leadlag_candidate,-0.26231501288556325,watch,watch
dtw_trade_flow_similarity_graph,community_avg_weight_feature,1m,equal_weight,1640,-0.0823618004281221,-0.0002487815419613,0.0007690032095978,-0.0010177847515591,0.5304878048780488,pair_flow_leadlag_candidate,-0.2648021313074377,watch,watch
dtw_trade_flow_similarity_graph,community_avg_weight_feature,1m,member_weight,1640,-0.0823618004281221,-0.0002487815419613,0.0007690032095978,-0.0010177847515591,0.5304878048780488,pair_flow_leadlag_candidate,-0.2648021313074377,watch,watch
