graph_layer,layer_role,factor_name,label_horizon,label_variant,first_sample_size,first_rank_ic,first_top_bottom_spread,first_top_decile_hit_rate,first_score,first_confidence_bucket,first_research_action,second_sample_size,second_rank_ic,second_top_bottom_spread,second_top_decile_hit_rate,second_score,second_confidence_bucket,second_research_action,first_window_id,second_window_id,first_score_sign,second_score_sign,score_direction_consistent,rank_ic_direction_consistent,sample_qualified_both,research_action_consistent,score_delta,sample_size_delta,stability_bucket,research_decision
dtw_trade_flow_similarity_graph,pair_flow_leadlag_candidate,community_avg_weight_feature,15m,core_weighted,1997,-0.0524739813189438,-0.0013778004250273,0.3919597989949748,-0.1731953857630322,watch,watch,1639,0.0023868299775794,0.0007589643344784,0.4601226993865031,0.0076732856697569,watch,watch,2025-01-06_2025-01-17,2025-01-21_2025-01-31,-1,1,False,False,False,True,0.1808686714327891,-358,insufficient_sample,needs_more_sample
dtw_trade_flow_similarity_graph,pair_flow_leadlag_candidate,community_avg_weight_feature,1m,core_weighted,1999,-0.0086854081595875,-0.0007104988312066,0.4522613065326633,-0.028670792859383,watch,watch,1640,-0.0811243015582378,-0.0009892551712843,0.5060975609756098,-0.2608234380718292,watch,watch,2025-01-06_2025-01-17,2025-01-21_2025-01-31,-1,-1,True,True,False,True,-0.23215264521244616,-359,insufficient_sample,needs_more_sample
dtw_trade_flow_similarity_graph,pair_flow_leadlag_candidate,community_avg_weight_feature,30m,core_weighted,1997,-0.0523350841820548,-0.001576692568415,0.4020100502512563,-0.1727369425002911,watch,watch,1638,-0.0240353677484566,0.0004458746899338,0.5030674846625767,0.0772635873055157,watch,watch,2025-01-06_2025-01-17,2025-01-21_2025-01-31,-1,1,False,True,False,True,0.2500005298058068,-359,insufficient_sample,needs_more_sample
dtw_trade_flow_similarity_graph,pair_flow_leadlag_candidate,community_avg_weight_feature,5m,core_weighted,1998,-0.0570305665566161,-0.0005146382472608,0.4522613065326633,-0.1882472237458832,watch,watch,1640,-0.0459193333490723,-0.0013813941085907,0.4451219512195122,-0.1476356426868398,watch,watch,2025-01-06_2025-01-17,2025-01-21_2025-01-31,-1,-1,True,True,False,True,0.04061158105904342,-358,insufficient_sample,needs_more_sample
dtw_trade_flow_similarity_graph,pair_flow_leadlag_candidate,community_avg_weight_feature,15m,equal_weight,1997,-0.0533166142056194,-0.0013912926516166,0.3819095477386934,-0.1759765760633709,watch,watch,1639,0.0005617915852399,0.0008149533922299,0.4539877300613497,0.0018060722216934,watch,watch,2025-01-06_2025-01-17,2025-01-21_2025-01-31,-1,1,False,False,False,True,0.1777826482850643,-358,insufficient_sample,needs_more_sample
dtw_trade_flow_similarity_graph,pair_flow_leadlag_candidate,community_avg_weight_feature,1m,equal_weight,1999,-0.0080920934746502,-0.0007249139538349,0.4522613065326633,-0.026712243287537,watch,watch,1640,-0.0823618004281221,-0.0010177847515591,0.5304878048780488,-0.2648021313074377,watch,watch,2025-01-06_2025-01-17,2025-01-21_2025-01-31,-1,-1,True,True,False,True,-0.2380898880199007,-359,insufficient_sample,needs_more_sample
dtw_trade_flow_similarity_graph,pair_flow_leadlag_candidate,community_avg_weight_feature,30m,equal_weight,1997,-0.0533665809822672,-0.0016265476897821,0.4170854271356783,-0.1761414961807191,watch,watch,1638,-0.0241798718191757,0.0005328866546802,0.50920245398773,0.0777281070499546,watch,watch,2025-01-06_2025-01-17,2025-01-21_2025-01-31,-1,1,False,True,False,True,0.2538696032306737,-359,insufficient_sample,needs_more_sample
dtw_trade_flow_similarity_graph,pair_flow_leadlag_candidate,community_avg_weight_feature,5m,equal_weight,1998,-0.0570147105318844,-0.0005242251504106,0.457286432160804,-0.1881948859765849,watch,watch,1640,-0.0450113178267942,-0.001357532229487,0.4390243902439024,-0.144716274189434,watch,watch,2025-01-06_2025-01-17,2025-01-21_2025-01-31,-1,-1,True,True,False,True,0.0434786117871509,-358,insufficient_sample,needs_more_sample
dtw_trade_flow_similarity_graph,pair_flow_leadlag_candidate,community_avg_weight_feature,15m,member_weight,1997,-0.0533166142056194,-0.0013912926516166,0.3819095477386934,-0.1759765760633709,watch,watch,1639,0.0005617915852399,0.0008149533922299,0.4539877300613497,0.0018060722216934,watch,watch,2025-01-06_2025-01-17,2025-01-21_2025-01-31,-1,1,False,False,False,True,0.1777826482850643,-358,insufficient_sample,needs_more_sample
dtw_trade_flow_similarity_graph,pair_flow_leadlag_candidate,community_avg_weight_feature,1m,member_weight,1999,-0.0080920934746502,-0.0007249139538349,0.4522613065326633,-0.026712243287537,watch,watch,1640,-0.0823618004281221,-0.0010177847515591,0.5304878048780488,-0.2648021313074377,watch,watch,2025-01-06_2025-01-17,2025-01-21_2025-01-31,-1,-1,True,True,False,True,-0.2380898880199007,-359,insufficient_sample,needs_more_sample
dtw_trade_flow_similarity_graph,pair_flow_leadlag_candidate,community_avg_weight_feature,30m,member_weight,1997,-0.0533665809822672,-0.0016265476897821,0.4170854271356783,-0.1761414961807191,watch,watch,1638,-0.0241798718191757,0.0005328866546802,0.50920245398773,0.0777281070499546,watch,watch,2025-01-06_2025-01-17,2025-01-21_2025-01-31,-1,1,False,True,False,True,0.2538696032306737,-359,insufficient_sample,needs_more_sample
dtw_trade_flow_similarity_graph,pair_flow_leadlag_candidate,community_avg_weight_feature,5m,member_weight,1998,-0.0570147105318844,-0.0005242251504106,0.457286432160804,-0.1881948859765849,watch,watch,1640,-0.0450113178267942,-0.001357532229487,0.4390243902439024,-0.144716274189434,watch,watch,2025-01-06_2025-01-17,2025-01-21_2025-01-31,-1,-1,True,True,False,True,0.0434786117871509,-358,insufficient_sample,needs_more_sample
dtw_trade_flow_similarity_graph,pair_flow_leadlag_candidate,community_avg_weight_feature,15m,top10_member,1997,-0.0545694450746199,-0.0013941767067843,0.3768844221105528,-0.1801116639716718,watch,watch,1639,-0.0015517671574379,0.0007718039685402,0.4478527607361963,0.0049886890996916,watch,watch,2025-01-06_2025-01-17,2025-01-21_2025-01-31,-1,1,False,True,False,True,0.1851003530713634,-358,insufficient_sample,needs_more_sample
dtw_trade_flow_similarity_graph,pair_flow_leadlag_candidate,community_avg_weight_feature,1m,top10_member,1999,-0.0077802581225113,-0.0007160328758942,0.4673366834170854,-0.0256828654364181,watch,watch,1640,-0.0815882282892117,-0.0010268146262156,0.5365853658536586,-0.2623150128855632,watch,watch,2025-01-06_2025-01-17,2025-01-21_2025-01-31,-1,-1,True,True,False,True,-0.2366321474491451,-359,insufficient_sample,needs_more_sample
dtw_trade_flow_similarity_graph,pair_flow_leadlag_candidate,community_avg_weight_feature,30m,top10_member,1997,-0.0541051954602731,-0.0016070893961953,0.4321608040201005,-0.1785793637911611,watch,watch,1638,-0.0226342441554131,0.0005375002154216,0.5153374233128835,0.072759564891967,watch,watch,2025-01-06_2025-01-17,2025-01-21_2025-01-31,-1,1,False,True,False,True,0.2513389286831281,-359,insufficient_sample,needs_more_sample
dtw_trade_flow_similarity_graph,pair_flow_leadlag_candidate,community_avg_weight_feature,5m,top10_member,1998,-0.0594291352060771,-0.0005379940344601,0.4472361809045226,-0.1961644498315947,watch,watch,1640,-0.045108876574773,-0.0013734171109868,0.4451219512195122,-0.1450299361572175,watch,watch,2025-01-06_2025-01-17,2025-01-21_2025-01-31,-1,-1,True,True,False,True,0.05113451367437721,-358,insufficient_sample,needs_more_sample
dtw_trade_flow_similarity_graph,pair_flow_leadlag_candidate,community_avg_weight_feature,15m,top5_member,1997,-0.0510028540308913,-0.0015085906101741,0.371859296482412,-0.1683397896798588,watch,watch,1639,0.0005555801939833,0.0008114053202038,0.4539877300613497,0.0017861035687243,watch,watch,2025-01-06_2025-01-17,2025-01-21_2025-01-31,-1,1,False,False,False,True,0.1701258932485831,-358,insufficient_sample,needs_more_sample
dtw_trade_flow_similarity_graph,pair_flow_leadlag_candidate,community_avg_weight_feature,1m,top5_member,1999,-0.0100701741385022,-0.0008359561810463,0.4271356783919598,-0.0332419468927554,watch,watch,1640,-0.0748465747865692,-0.0010123044703275,0.5365853658536586,-0.2406398648587307,watch,watch,2025-01-06_2025-01-17,2025-01-21_2025-01-31,-1,-1,True,True,False,True,-0.20739791796597531,-359,insufficient_sample,needs_more_sample
dtw_trade_flow_similarity_graph,pair_flow_leadlag_candidate,community_avg_weight_feature,30m,top5_member,1997,-0.0508102638734076,-0.0017692449418468,0.4271356783919598,-0.1677041274758265,watch,watch,1638,-0.0210110652683227,0.0005445293341388,0.5030674846625767,0.0675417282036462,watch,watch,2025-01-06_2025-01-17,2025-01-21_2025-01-31,-1,1,False,True,False,True,0.2352458556794727,-359,insufficient_sample,needs_more_sample
dtw_trade_flow_similarity_graph,pair_flow_leadlag_candidate,community_avg_weight_feature,5m,top5_member,1998,-0.0558398458994796,-0.0006266002595178,0.4472361809045226,-0.1843168777665863,watch,watch,1640,-0.0449966393302668,-0.0014709296778606,0.4512195121951219,-0.1446690812292919,watch,watch,2025-01-06_2025-01-17,2025-01-21_2025-01-31,-1,-1,True,True,False,True,0.039647796537294416,-358,insufficient_sample,needs_more_sample
dtw_trade_flow_similarity_graph,pair_flow_leadlag_candidate,community_mean_volume_z_12,15m,core_weighted,1997,0.0480622433527155,0.0008010315900727,0.5728643216080402,0.1586340233555932,watch,watch,1639,0.014804921458752,0.0008481500180072,0.5337423312883436,0.0475955106724982,watch,watch,2025-01-06_2025-01-17,2025-01-21_2025-01-31,1,1,True,True,False,True,-0.111038512683095,-358,insufficient_sample,needs_more_sample
dtw_trade_flow_similarity_graph,pair_flow_leadlag_candidate,community_mean_volume_z_12,1m,core_weighted,1999,0.026261039698724,0.0005532901689291,0.5628140703517588,0.0866884797628105,watch,watch,1640,-0.0105953631475575,0.0007085832232709,0.5304878048780488,0.0340652429750858,watch,watch,2025-01-06_2025-01-17,2025-01-21_2025-01-31,1,1,True,False,False,True,-0.052623236787724695,-359,insufficient_sample,needs_more_sample
dtw_trade_flow_similarity_graph,pair_flow_leadlag_candidate,community_mean_volume_z_12,30m,core_weighted,1997,0.0190619434070335,0.0021193642525277,0.4874371859296482,0.0629157643234208,watch,watch,1638,0.0209376132101539,-0.000207749914078,0.5766871165644172,-0.0673056107633603,watch,watch,2025-01-06_2025-01-17,2025-01-21_2025-01-31,1,-1,False,True,False,True,-0.1302213750867811,-359,insufficient_sample,needs_more_sample
dtw_trade_flow_similarity_graph,pair_flow_leadlag_candidate,community_mean_volume_z_12,5m,core_weighted,1998,-0.0028622396008637,-0.0003422931629582,0.5678391959798995,-0.0094477170943624,watch,watch,1640,0.0337858824803857,0.0014922111993915,0.5304878048780488,0.1086252806811394,watch,watch,2025-01-06_2025-01-17,2025-01-21_2025-01-31,-1,1,False,False,False,True,0.1180729977755018,-358,insufficient_sample,needs_more_sample
dtw_trade_flow_similarity_graph,pair_flow_leadlag_candidate,community_mean_volume_z_12,15m,equal_weight,1997,0.0480193516185633,0.0007852018465299,0.5728643216080402,0.1584924550915542,watch,watch,1639,0.0148078132033403,0.0008065931374911,0.5337423312883436,0.047604807179798,watch,watch,2025-01-06_2025-01-17,2025-01-21_2025-01-31,1,1,True,True,False,True,-0.1108876479117562,-358,insufficient_sample,needs_more_sample
dtw_trade_flow_similarity_graph,pair_flow_leadlag_candidate,community_mean_volume_z_12,1m,equal_weight,1999,0.0270084509424445,0.0005860596662633,0.5628140703517588,0.0891557066974284,watch,watch,1640,-0.0100316400689442,0.000704156891967,0.5365853658536586,0.0322528120676985,watch,watch,2025-01-06_2025-01-17,2025-01-21_2025-01-31,1,1,True,False,False,True,-0.056902894629729896,-359,insufficient_sample,needs_more_sample
dtw_trade_flow_similarity_graph,pair_flow_leadlag_candidate,community_mean_volume_z_12,30m,equal_weight,1997,0.0193508681915278,0.0019990504035373,0.4824120603015075,0.0638693881623066,watch,watch,1638,0.0182286968029021,-0.0003752729872569,0.5705521472392638,-0.0585975850936269,watch,watch,2025-01-06_2025-01-17,2025-01-21_2025-01-31,1,-1,False,True,False,True,-0.1224669732559335,-359,insufficient_sample,needs_more_sample
dtw_trade_flow_similarity_graph,pair_flow_leadlag_candidate,community_mean_volume_z_12,5m,equal_weight,1998,-0.0019172971209527,-0.0002852980445345,0.5678391959798995,-0.0063286388669665,watch,watch,1640,0.033508914453612,0.0014463037507626,0.5304878048780488,0.1077347984015819,watch,watch,2025-01-06_2025-01-17,2025-01-21_2025-01-31,-1,1,False,False,False,True,0.1140634372685484,-358,insufficient_sample,needs_more_sample
dtw_trade_flow_similarity_graph,pair_flow_leadlag_candidate,community_mean_volume_z_12,15m,member_weight,1997,0.0480193516185633,0.0007852018465299,0.5728643216080402,0.1584924550915542,watch,watch,1639,0.0148078132033403,0.0008065931374911,0.5337423312883436,0.047604807179798,watch,watch,2025-01-06_2025-01-17,2025-01-21_2025-01-31,1,1,True,True,False,True,-0.1108876479117562,-358,insufficient_sample,needs_more_sample
dtw_trade_flow_similarity_graph,pair_flow_leadlag_candidate,community_mean_volume_z_12,1m,member_weight,1999,0.0270084509424445,0.0005860596662633,0.5628140703517588,0.0891557066974284,watch,watch,1640,-0.0100316400689442,0.000704156891967,0.5365853658536586,0.0322528120676985,watch,watch,2025-01-06_2025-01-17,2025-01-21_2025-01-31,1,1,True,False,False,True,-0.056902894629729896,-359,insufficient_sample,needs_more_sample
dtw_trade_flow_similarity_graph,pair_flow_leadlag_candidate,community_mean_volume_z_12,30m,member_weight,1997,0.0193508681915278,0.0019990504035373,0.4824120603015075,0.0638693881623066,watch,watch,1638,0.0182286968029021,-0.0003752729872569,0.5705521472392638,-0.0585975850936269,watch,watch,2025-01-06_2025-01-17,2025-01-21_2025-01-31,1,-1,False,True,False,True,-0.1224669732559335,-359,insufficient_sample,needs_more_sample
dtw_trade_flow_similarity_graph,pair_flow_leadlag_candidate,community_mean_volume_z_12,5m,member_weight,1998,-0.0019172971209527,-0.0002852980445345,0.5678391959798995,-0.0063286388669665,watch,watch,1640,0.033508914453612,0.0014463037507626,0.5304878048780488,0.1077347984015819,watch,watch,2025-01-06_2025-01-17,2025-01-21_2025-01-31,-1,1,False,False,False,True,0.1140634372685484,-358,insufficient_sample,needs_more_sample
dtw_trade_flow_similarity_graph,pair_flow_leadlag_candidate,community_mean_volume_z_12,15m,top10_member,1997,0.046100076097532,0.0007352950275381,0.5527638190954773,0.1521577029744977,watch,watch,1639,0.0113394217657437,0.0006701794880935,0.50920245398773,0.0364544703040193,watch,watch,2025-01-06_2025-01-17,2025-01-21_2025-01-31,1,1,True,True,False,True,-0.11570323267047841,-358,insufficient_sample,needs_more_sample
dtw_trade_flow_similarity_graph,pair_flow_leadlag_candidate,community_mean_volume_z_12,1m,top10_member,1999,0.0258348513790189,0.0005762077885934,0.5527638190954773,0.0852816193356623,watch,watch,1640,-0.0136816601167692,0.0006738988947607,0.5304878048780488,0.0439880228444765,watch,watch,2025-01-06_2025-01-17,2025-01-21_2025-01-31,1,1,True,False,False,True,-0.04129359649118581,-359,insufficient_sample,needs_more_sample
dtw_trade_flow_similarity_graph,pair_flow_leadlag_candidate,community_mean_volume_z_12,30m,top10_member,1997,0.0145211664102735,0.001933753337269,0.4773869346733668,0.0479284962745633,watch,watch,1638,0.0115802510051944,-0.0005772241837473,0.5398773006134969,-0.0372256311583615,watch,watch,2025-01-06_2025-01-17,2025-01-21_2025-01-31,1,-1,False,True,False,True,-0.0851541274329248,-359,insufficient_sample,needs_more_sample
dtw_trade_flow_similarity_graph,pair_flow_leadlag_candidate,community_mean_volume_z_12,5m,top10_member,1998,-0.0048577629354231,-0.0002840957288891,0.542713567839196,-0.0160345660480373,watch,watch,1640,0.0293007429314502,0.0013755434566243,0.5,0.0942050700301363,watch,watch,2025-01-06_2025-01-17,2025-01-21_2025-01-31,-1,1,False,False,False,True,0.1102396360781736,-358,insufficient_sample,needs_more_sample
dtw_trade_flow_similarity_graph,pair_flow_leadlag_candidate,community_mean_volume_z_12,15m,top5_member,1997,0.0415432956893889,0.0006658070517616,0.5276381909547738,0.1371176141383024,watch,watch,1639,0.0140305008109565,0.0007289013435073,0.5276073619631901,0.0451058692171317,watch,watch,2025-01-06_2025-01-17,2025-01-21_2025-01-31,1,1,True,True,False,True,-0.0920117449211707,-358,insufficient_sample,needs_more_sample
dtw_trade_flow_similarity_graph,pair_flow_leadlag_candidate,community_mean_volume_z_12,1m,top5_member,1999,0.0306460077115479,0.0006599283457943,0.5778894472361809,0.1011633907031693,watch,watch,1640,-0.0085447863577472,0.0006534719847272,0.5365853658536586,0.0274724159420584,watch,watch,2025-01-06_2025-01-17,2025-01-21_2025-01-31,1,1,True,False,False,True,-0.0736909747611109,-359,insufficient_sample,needs_more_sample
dtw_trade_flow_similarity_graph,pair_flow_leadlag_candidate,community_mean_volume_z_12,30m,top5_member,1997,0.0148133714345362,0.0018826575695069,0.4874371859296482,0.0488929468580147,watch,watch,1638,0.0202450476595011,-0.0003714341935702,0.5766871165644172,-0.0650793041202639,watch,watch,2025-01-06_2025-01-17,2025-01-21_2025-01-31,1,-1,False,True,False,True,-0.1139722509782786,-359,insufficient_sample,needs_more_sample
dtw_trade_flow_similarity_graph,pair_flow_leadlag_candidate,community_mean_volume_z_12,5m,top5_member,1998,0.0011127246151044,-0.0002635552306739,0.5527638190954773,-0.0036728956458667,watch,watch,1640,0.0289639237484353,0.0013872597925299,0.5,0.0931221597845618,watch,watch,2025-01-06_2025-01-17,2025-01-21_2025-01-31,-1,1,False,True,False,True,0.0967950554304285,-358,insufficient_sample,needs_more_sample
dtw_trade_flow_similarity_graph,pair_flow_leadlag_candidate,community_quality_score,15m,core_weighted,1997,-0.0536329554669638,-0.0022514851987964,0.4170854271356783,-0.1770206906019322,watch,watch,1639,-0.0575256277218792,-0.0008415587234344,0.4539877300613497,-0.1849359103867654,watch,watch,2025-01-06_2025-01-17,2025-01-21_2025-01-31,-1,-1,True,True,False,True,-0.0079152197848332,-358,insufficient_sample,needs_more_sample
dtw_trade_flow_similarity_graph,pair_flow_leadlag_candidate,community_quality_score,1m,core_weighted,1999,-0.0321385753781432,-0.001109142184259,0.4522613065326633,-0.1060904013411585,watch,watch,1640,-0.0268568583884832,-0.0002831308011599,0.5060975609756098,-0.08634771586494,watch,watch,2025-01-06_2025-01-17,2025-01-21_2025-01-31,-1,-1,True,True,False,True,0.019742685476218505,-359,insufficient_sample,needs_more_sample
dtw_trade_flow_similarity_graph,pair_flow_leadlag_candidate,community_quality_score,30m,core_weighted,1997,-0.0474694572553917,-0.0026620559685118,0.4170854271356783,-0.1566774762398535,watch,watch,1638,-0.065113407984361,-0.0017677083369829,0.4662576687116564,-0.2093121909017761,watch,watch,2025-01-06_2025-01-17,2025-01-21_2025-01-31,-1,-1,True,True,False,True,-0.0526347146619226,-359,insufficient_sample,needs_more_sample
dtw_trade_flow_similarity_graph,pair_flow_leadlag_candidate,community_quality_score,5m,core_weighted,1998,-0.0444956870815923,-0.0012237411370419,0.4522613065326633,-0.1468719332019961,watch,watch,1640,-0.0506844388472368,-0.0001776088273029,0.4817073170731707,-0.1629559742636117,watch,watch,2025-01-06_2025-01-17,2025-01-21_2025-01-31,-1,-1,True,True,False,True,-0.016084041061615595,-358,insufficient_sample,needs_more_sample
dtw_trade_flow_similarity_graph,pair_flow_leadlag_candidate,community_quality_score,15m,equal_weight,1997,-0.0545750314402958,-0.0022601223677592,0.4120603015075377,-0.1801301023049931,watch,watch,1639,-0.0576220310186103,-0.0008884009704421,0.4478527607361963,-0.1852458319321929,watch,watch,2025-01-06_2025-01-17,2025-01-21_2025-01-31,-1,-1,True,True,False,True,-0.005115729627199805,-358,insufficient_sample,needs_more_sample
dtw_trade_flow_similarity_graph,pair_flow_leadlag_candidate,community_quality_score,1m,equal_weight,1999,-0.0309555957470811,-0.0011361763015165,0.4522613065326633,-0.102185350094763,watch,watch,1640,-0.0264583122590383,-0.0002885242187537,0.524390243902439,-0.0850663467842162,watch,watch,2025-01-06_2025-01-17,2025-01-21_2025-01-31,-1,-1,True,True,False,True,0.01711900331054679,-359,insufficient_sample,needs_more_sample
dtw_trade_flow_similarity_graph,pair_flow_leadlag_candidate,community_quality_score,30m,equal_weight,1997,-0.0488461793131862,-0.0026812885069567,0.4371859296482412,-0.1612214788463817,watch,watch,1638,-0.0634838548321639,-0.0018411100167617,0.4723926380368098,-0.2040738636349988,watch,watch,2025-01-06_2025-01-17,2025-01-21_2025-01-31,-1,-1,True,True,False,True,-0.04285238478861711,-359,insufficient_sample,needs_more_sample
dtw_trade_flow_similarity_graph,pair_flow_leadlag_candidate,community_quality_score,5m,equal_weight,1998,-0.043345777010181,-0.0012301443870815,0.4522613065326633,-0.1430762953261963,watch,watch,1640,-0.0489782646567772,-0.0001873398231959,0.4817073170731707,-0.1574704389830938,watch,watch,2025-01-06_2025-01-17,2025-01-21_2025-01-31,-1,-1,True,True,False,True,-0.014394143656897479,-358,insufficient_sample,needs_more_sample
dtw_trade_flow_similarity_graph,pair_flow_leadlag_candidate,community_quality_score,15m,member_weight,1997,-0.0545750314402958,-0.0022601223677592,0.4120603015075377,-0.1801301023049931,watch,watch,1639,-0.0576220310186103,-0.0008884009704421,0.4478527607361963,-0.1852458319321929,watch,watch,2025-01-06_2025-01-17,2025-01-21_2025-01-31,-1,-1,True,True,False,True,-0.005115729627199805,-358,insufficient_sample,needs_more_sample
dtw_trade_flow_similarity_graph,pair_flow_leadlag_candidate,community_quality_score,1m,member_weight,1999,-0.0309555957470811,-0.0011361763015165,0.4522613065326633,-0.102185350094763,watch,watch,1640,-0.0264583122590383,-0.0002885242187537,0.524390243902439,-0.0850663467842162,watch,watch,2025-01-06_2025-01-17,2025-01-21_2025-01-31,-1,-1,True,True,False,True,0.01711900331054679,-359,insufficient_sample,needs_more_sample
dtw_trade_flow_similarity_graph,pair_flow_leadlag_candidate,community_quality_score,30m,member_weight,1997,-0.0488461793131862,-0.0026812885069567,0.4371859296482412,-0.1612214788463817,watch,watch,1638,-0.0634838548321639,-0.0018411100167617,0.4723926380368098,-0.2040738636349988,watch,watch,2025-01-06_2025-01-17,2025-01-21_2025-01-31,-1,-1,True,True,False,True,-0.04285238478861711,-359,insufficient_sample,needs_more_sample
dtw_trade_flow_similarity_graph,pair_flow_leadlag_candidate,community_quality_score,5m,member_weight,1998,-0.043345777010181,-0.0012301443870815,0.4522613065326633,-0.1430762953261963,watch,watch,1640,-0.0489782646567772,-0.0001873398231959,0.4817073170731707,-0.1574704389830938,watch,watch,2025-01-06_2025-01-17,2025-01-21_2025-01-31,-1,-1,True,True,False,True,-0.014394143656897479,-358,insufficient_sample,needs_more_sample
dtw_trade_flow_similarity_graph,pair_flow_leadlag_candidate,community_quality_score,15m,top10_member,1997,-0.0522919740097456,-0.0022517176286621,0.4120603015075377,-0.1725946532602576,watch,watch,1639,-0.0540345792882767,-0.0007776776483617,0.4478527607361963,-0.1737127348067619,watch,watch,2025-01-06_2025-01-17,2025-01-21_2025-01-31,-1,-1,True,True,False,True,-0.0011180815465042793,-358,insufficient_sample,needs_more_sample
dtw_trade_flow_similarity_graph,pair_flow_leadlag_candidate,community_quality_score,1m,top10_member,1999,-0.0290912055891453,-0.0011320989780604,0.457286432160804,-0.0960309422597963,watch,watch,1640,-0.0240504485505463,-0.0002634622640506,0.524390243902439,-0.0773248035130373,watch,watch,2025-01-06_2025-01-17,2025-01-21_2025-01-31,-1,-1,True,True,False,True,0.018706138746759,-359,insufficient_sample,needs_more_sample
dtw_trade_flow_similarity_graph,pair_flow_leadlag_candidate,community_quality_score,30m,top10_member,1997,-0.0466248030472731,-0.002724593353167,0.4422110552763819,-0.1538896143750886,watch,watch,1638,-0.0581149700481277,-0.0016388411358081,0.4723926380368098,-0.1868151596040912,watch,watch,2025-01-06_2025-01-17,2025-01-21_2025-01-31,-1,-1,True,True,False,True,-0.032925545229002595,-359,insufficient_sample,needs_more_sample
dtw_trade_flow_similarity_graph,pair_flow_leadlag_candidate,community_quality_score,5m,top10_member,1998,-0.0414214666150764,-0.0012103275482497,0.4522613065326633,-0.1367245069541806,watch,watch,1640,-0.0461466765294298,-0.0001310756650277,0.4817073170731707,-0.1483665756968511,watch,watch,2025-01-06_2025-01-17,2025-01-21_2025-01-31,-1,-1,True,True,False,True,-0.011642068742670514,-358,insufficient_sample,needs_more_sample
dtw_trade_flow_similarity_graph,pair_flow_leadlag_candidate,community_quality_score,15m,top5_member,1997,-0.0531945168406948,-0.0022202924259536,0.4120603015075377,-0.1755735820521058,watch,watch,1639,-0.0516318911235977,-0.0007965989114925,0.4539877300613497,-0.1659884675417666,watch,watch,2025-01-06_2025-01-17,2025-01-21_2025-01-31,-1,-1,True,True,False,True,0.009585114510339193,-358,insufficient_sample,needs_more_sample
dtw_trade_flow_similarity_graph,pair_flow_leadlag_candidate,community_quality_score,1m,top5_member,1999,-0.0321930688412342,-0.0011688760587232,0.4522613065326633,-0.1062702858973895,watch,watch,1640,-0.0304543508851138,-0.0002637769177442,0.5365853658536586,-0.0979140448611312,watch,watch,2025-01-06_2025-01-17,2025-01-21_2025-01-31,-1,-1,True,True,False,True,0.008356241036258302,-359,insufficient_sample,needs_more_sample
dtw_trade_flow_similarity_graph,pair_flow_leadlag_candidate,community_quality_score,30m,top5_member,1997,-0.0455742064358842,-0.0025012103248091,0.4422110552763819,-0.1504220199441483,watch,watch,1638,-0.0612570901091751,-0.0016534024979278,0.4723926380368098,-0.1969157526219258,watch,watch,2025-01-06_2025-01-17,2025-01-21_2025-01-31,-1,-1,True,True,False,True,-0.04649373267777748,-359,insufficient_sample,needs_more_sample
dtw_trade_flow_similarity_graph,pair_flow_leadlag_candidate,community_quality_score,5m,top5_member,1998,-0.0356927943348986,-0.0011473632098196,0.4522613065326633,-0.1178152321984599,watch,watch,1640,-0.0490024431636451,-0.0001571717344121,0.4878048780487805,-0.1575481755080018,watch,watch,2025-01-06_2025-01-17,2025-01-21_2025-01-31,-1,-1,True,True,False,True,-0.0397329433095419,-358,insufficient_sample,needs_more_sample
dtw_trade_flow_similarity_graph,pair_flow_leadlag_candidate,edge_density_feature,15m,core_weighted,1997,0.0038092042278837,-0.0013413132893034,0.4321608040201005,-0.0125726422717674,watch,watch,1639,-0.0658565700096037,-0.0009684730898691,0.4785276073619632,-0.2117185889488969,watch,watch,2025-01-06_2025-01-17,2025-01-21_2025-01-31,-1,-1,True,False,False,True,-0.19914594667712948,-358,insufficient_sample,needs_more_sample
dtw_trade_flow_similarity_graph,pair_flow_leadlag_candidate,edge_density_feature,1m,core_weighted,1999,-0.0116635871674026,-4.029243629873481e-05,0.5678391959798995,-0.0385018510966374,watch,watch,1640,0.0190583113423303,0.0002020201366628,0.5060975609756098,0.0612745403371076,watch,watch,2025-01-06_2025-01-17,2025-01-21_2025-01-31,-1,1,False,False,False,True,0.099776391433745,-359,insufficient_sample,needs_more_sample
dtw_trade_flow_similarity_graph,pair_flow_leadlag_candidate,edge_density_feature,30m,core_weighted,1997,0.0385578646088881,-0.0004792800960294,0.4974874371859296,-0.1272639137965367,watch,watch,1638,-0.0480630702511769,-0.0006559621291112,0.4907975460122699,-0.1545025340734136,watch,watch,2025-01-06_2025-01-17,2025-01-21_2025-01-31,-1,-1,True,False,False,True,-0.0272386202768769,-359,insufficient_sample,needs_more_sample
dtw_trade_flow_similarity_graph,pair_flow_leadlag_candidate,edge_density_feature,5m,core_weighted,1998,0.0112925318570266,2.475171398641124e-05,0.542713567839196,0.0372745336316598,watch,watch,1640,-0.0543222620544465,-0.0003613125803161,0.5182926829268293,-0.1746519708734657,watch,watch,2025-01-06_2025-01-17,2025-01-21_2025-01-31,1,-1,False,False,False,True,-0.2119265045051255,-358,insufficient_sample,needs_more_sample
dtw_trade_flow_similarity_graph,pair_flow_leadlag_candidate,edge_density_feature,15m,equal_weight,1997,0.0024904710498329,-0.0013944906197288,0.4271356783919598,-0.0082200374998371,watch,watch,1639,-0.0659941248757221,-0.0010372797047021,0.4723926380368098,-0.2121608063640067,watch,watch,2025-01-06_2025-01-17,2025-01-21_2025-01-31,-1,-1,True,False,False,True,-0.2039407688641696,-358,insufficient_sample,needs_more_sample
dtw_trade_flow_similarity_graph,pair_flow_leadlag_candidate,edge_density_feature,1m,equal_weight,1999,-0.012043282274943,-3.130485097879211e-05,0.5728643216080402,-0.0397552360358351,watch,watch,1640,0.0202910233521638,0.0002049014300973,0.5060975609756098,0.0652378432978905,watch,watch,2025-01-06_2025-01-17,2025-01-21_2025-01-31,-1,1,False,False,False,True,0.10499307933372559,-359,insufficient_sample,needs_more_sample
dtw_trade_flow_similarity_graph,pair_flow_leadlag_candidate,edge_density_feature,30m,equal_weight,1997,0.037928193442621,-0.0004915537746277,0.4874371859296482,-0.1251856239888198,watch,watch,1638,-0.0464888598753346,-0.00074964364295,0.4846625766871165,-0.1494421105307386,watch,watch,2025-01-06_2025-01-17,2025-01-21_2025-01-31,-1,-1,True,False,False,True,-0.02425648654191881,-359,insufficient_sample,needs_more_sample
dtw_trade_flow_similarity_graph,pair_flow_leadlag_candidate,edge_density_feature,5m,equal_weight,1998,0.0124953058866911,1.504614368223821e-05,0.542713567839196,0.0412446655372094,watch,watch,1640,-0.0535492731747596,-0.0003936093513712,0.5121951219512195,-0.1721667276933257,watch,watch,2025-01-06_2025-01-17,2025-01-21_2025-01-31,1,-1,False,False,False,True,-0.2134113932305351,-358,insufficient_sample,needs_more_sample
dtw_trade_flow_similarity_graph,pair_flow_leadlag_candidate,edge_density_feature,15m,member_weight,1997,0.0024904710498329,-0.0013944906197288,0.4271356783919598,-0.0082200374998371,watch,watch,1639,-0.0659941248757221,-0.0010372797047021,0.4723926380368098,-0.2121608063640067,watch,watch,2025-01-06_2025-01-17,2025-01-21_2025-01-31,-1,-1,True,False,False,True,-0.2039407688641696,-358,insufficient_sample,needs_more_sample
dtw_trade_flow_similarity_graph,pair_flow_leadlag_candidate,edge_density_feature,1m,member_weight,1999,-0.012043282274943,-3.130485097879211e-05,0.5728643216080402,-0.0397552360358351,watch,watch,1640,0.0202910233521638,0.0002049014300973,0.5060975609756098,0.0652378432978905,watch,watch,2025-01-06_2025-01-17,2025-01-21_2025-01-31,-1,1,False,False,False,True,0.10499307933372559,-359,insufficient_sample,needs_more_sample
dtw_trade_flow_similarity_graph,pair_flow_leadlag_candidate,edge_density_feature,30m,member_weight,1997,0.037928193442621,-0.0004915537746277,0.4874371859296482,-0.1251856239888198,watch,watch,1638,-0.0464888598753346,-0.00074964364295,0.4846625766871165,-0.1494421105307386,watch,watch,2025-01-06_2025-01-17,2025-01-21_2025-01-31,-1,-1,True,False,False,True,-0.02425648654191881,-359,insufficient_sample,needs_more_sample
dtw_trade_flow_similarity_graph,pair_flow_leadlag_candidate,edge_density_feature,5m,member_weight,1998,0.0124953058866911,1.504614368223821e-05,0.542713567839196,0.0412446655372094,watch,watch,1640,-0.0535492731747596,-0.0003936093513712,0.5121951219512195,-0.1721667276933257,watch,watch,2025-01-06_2025-01-17,2025-01-21_2025-01-31,1,-1,False,False,False,True,-0.2134113932305351,-358,insufficient_sample,needs_more_sample
dtw_trade_flow_similarity_graph,pair_flow_leadlag_candidate,edge_density_feature,15m,top10_member,1997,0.0056000706993436,-0.0013874503065288,0.4271356783919598,-0.0184835680597179,watch,watch,1639,-0.0566335970126226,-0.0008269587592214,0.4723926380368098,-0.1820681709488422,watch,watch,2025-01-06_2025-01-17,2025-01-21_2025-01-31,-1,-1,True,False,False,True,-0.1635846028891243,-358,insufficient_sample,needs_more_sample
dtw_trade_flow_similarity_graph,pair_flow_leadlag_candidate,edge_density_feature,1m,top10_member,1999,-0.0102988674574608,-3.3047238476803325e-05,0.5728643216080402,-0.0339968703984457,watch,watch,1640,0.0243534290136698,0.0002350725096071,0.5060975609756098,0.0782989185999171,watch,watch,2025-01-06_2025-01-17,2025-01-21_2025-01-31,-1,1,False,False,False,True,0.11229578899836279,-359,insufficient_sample,needs_more_sample
dtw_trade_flow_similarity_graph,pair_flow_leadlag_candidate,edge_density_feature,30m,top10_member,1997,0.03878502153113,-0.0004816753998668,0.4874371859296482,-0.1280136669082226,watch,watch,1638,-0.0397119878507702,-0.0005342003492387,0.4846625766871165,-0.1276573203495332,watch,watch,2025-01-06_2025-01-17,2025-01-21_2025-01-31,-1,-1,True,False,False,True,0.0003563465586894077,-359,insufficient_sample,needs_more_sample
dtw_trade_flow_similarity_graph,pair_flow_leadlag_candidate,edge_density_feature,5m,top10_member,1998,0.0169652285780078,6.831192653637371e-05,0.542713567839196,0.0559990435454264,watch,watch,1640,-0.0468046570336829,-0.0002977066039674,0.5121951219512195,-0.1504820544622409,watch,watch,2025-01-06_2025-01-17,2025-01-21_2025-01-31,1,-1,False,False,False,True,-0.20648109800766729,-358,insufficient_sample,needs_more_sample
dtw_trade_flow_similarity_graph,pair_flow_leadlag_candidate,edge_density_feature,15m,top5_member,1997,0.0060486346915846,-0.0012976008957475,0.4271356783919598,-0.0199640963467442,watch,watch,1639,-0.0585633312608441,-0.0008954742228219,0.4723926380368098,-0.1882719652251041,watch,watch,2025-01-06_2025-01-17,2025-01-21_2025-01-31,-1,-1,True,False,False,True,-0.16830786887835988,-358,insufficient_sample,needs_more_sample
dtw_trade_flow_similarity_graph,pair_flow_leadlag_candidate,edge_density_feature,1m,top5_member,1999,-0.0091836668796882,2.344446607910084e-05,0.5728643216080402,0.0303155598400365,watch,watch,1640,0.0102343986783904,0.0001903116148179,0.5060975609756098,0.0329047030128114,watch,watch,2025-01-06_2025-01-17,2025-01-21_2025-01-31,1,1,True,False,False,True,0.002589143172774897,-359,insufficient_sample,needs_more_sample
dtw_trade_flow_similarity_graph,pair_flow_leadlag_candidate,edge_density_feature,30m,top5_member,1997,0.0403115616399714,-0.0002433314261591,0.4874371859296482,-0.1330521582974415,watch,watch,1638,-0.0457687911871071,-0.0005838925223841,0.4846625766871165,-0.1471273928804374,watch,watch,2025-01-06_2025-01-17,2025-01-21_2025-01-31,-1,-1,True,False,False,True,-0.014075234582995921,-359,insufficient_sample,needs_more_sample
dtw_trade_flow_similarity_graph,pair_flow_leadlag_candidate,edge_density_feature,5m,top5_member,1998,0.0210026256290286,0.0002590914054904,0.542713567839196,0.0693257353863706,watch,watch,1640,-0.0460188841598276,-0.0002763488338484,0.5121951219512195,-0.1479557093527499,watch,watch,2025-01-06_2025-01-17,2025-01-21_2025-01-31,1,-1,False,False,False,True,-0.2172814447391205,-358,insufficient_sample,needs_more_sample
large_trade_alignment_graph,sparse_event_flag,community_avg_weight_feature,15m,core_weighted,44,0.0352321310082112,-0.0001542221075439,0.0,-0.058246199869747,ignore,ignore_sparse,49,0.2556561746646988,0.0008886301159135,0.25,0.4343521721786133,ignore,ignore_sparse,2025-01-06_2025-01-17,2025-01-21_2025-01-31,-1,1,False,True,False,True,0.4925983720483603,5,insufficient_sample,needs_more_sample
large_trade_alignment_graph,sparse_event_flag,community_avg_weight_feature,1m,core_weighted,45,0.261326294740733,0.0015412405022283,0.75,0.4345223432044811,ignore,ignore_sparse,49,0.0866056480780957,0.0007261803515223,1.0,0.1471403982907659,ignore,ignore_sparse,2025-01-06_2025-01-17,2025-01-21_2025-01-31,1,1,True,True,False,True,-0.28738194491371516,4,insufficient_sample,needs_more_sample
large_trade_alignment_graph,sparse_event_flag,community_avg_weight_feature,30m,core_weighted,37,0.3705662578832989,0.0099302229146513,0.3333333333333333,0.5854144956637103,ignore,ignore_sparse,48,0.0543967804558051,-0.0005821729488637,0.0,-0.0919412250925734,ignore,ignore_sparse,2025-01-06_2025-01-17,2025-01-21_2025-01-31,1,-1,False,True,False,True,-0.6773557207562837,11,insufficient_sample,needs_more_sample
large_trade_alignment_graph,sparse_event_flag,community_avg_weight_feature,5m,core_weighted,45,0.0383287422637018,-0.0006974289902049,0.0,-0.0637314163774747,ignore,ignore_sparse,49,0.3456520794291257,0.0032869528311132,0.5,0.5872525148864556,ignore,ignore_sparse,2025-01-06_2025-01-17,2025-01-21_2025-01-31,-1,1,False,True,False,True,0.6509839312639303,4,insufficient_sample,needs_more_sample
large_trade_alignment_graph,sparse_event_flag,community_avg_weight_feature,15m,equal_weight,44,0.0337404480421377,-0.0001363662700333,0.0,-0.0557801309236488,ignore,ignore_sparse,49,0.2419410453427228,0.0006344859331535,0.25,0.4110505788549866,ignore,ignore_sparse,2025-01-06_2025-01-17,2025-01-21_2025-01-31,-1,1,False,True,False,True,0.4668307097786354,5,insufficient_sample,needs_more_sample
large_trade_alignment_graph,sparse_event_flag,community_avg_weight_feature,1m,equal_weight,45,0.2852402413870635,0.0016119031484153,0.75,0.4742854452770825,ignore,ignore_sparse,49,0.0913314604287391,0.0006963442054358,1.0,0.1551694117206297,ignore,ignore_sparse,2025-01-06_2025-01-17,2025-01-21_2025-01-31,1,1,True,True,False,True,-0.3191160335564528,4,insufficient_sample,needs_more_sample
large_trade_alignment_graph,sparse_event_flag,community_avg_weight_feature,30m,equal_weight,37,0.3807433602807402,0.0100565745080787,0.3333333333333333,0.6014921150922776,ignore,ignore_sparse,48,0.0564742454380369,-0.0007972535295114,0.0,-0.0954525482619381,ignore,ignore_sparse,2025-01-06_2025-01-17,2025-01-21_2025-01-31,1,-1,False,True,False,True,-0.6969446633542157,11,insufficient_sample,needs_more_sample
large_trade_alignment_graph,sparse_event_flag,community_avg_weight_feature,5m,equal_weight,45,0.0472300446265026,-0.0005938614212982,0.0,-0.0785321265933874,ignore,ignore_sparse,49,0.3438028485093087,0.0030320684468369,0.5,0.5841107270225958,ignore,ignore_sparse,2025-01-06_2025-01-17,2025-01-21_2025-01-31,-1,1,False,True,False,True,0.6626428536159832,4,insufficient_sample,needs_more_sample
large_trade_alignment_graph,sparse_event_flag,community_avg_weight_feature,15m,member_weight,44,0.0337404480421377,-0.0001363662700333,0.0,-0.0557801309236488,ignore,ignore_sparse,49,0.2419410453427228,0.0006344859331535,0.25,0.4110505788549866,ignore,ignore_sparse,2025-01-06_2025-01-17,2025-01-21_2025-01-31,-1,1,False,True,False,True,0.4668307097786354,5,insufficient_sample,needs_more_sample
large_trade_alignment_graph,sparse_event_flag,community_avg_weight_feature,1m,member_weight,45,0.2852402413870635,0.0016119031484153,0.75,0.4742854452770825,ignore,ignore_sparse,49,0.0913314604287391,0.0006963442054358,1.0,0.1551694117206297,ignore,ignore_sparse,2025-01-06_2025-01-17,2025-01-21_2025-01-31,1,1,True,True,False,True,-0.3191160335564528,4,insufficient_sample,needs_more_sample
large_trade_alignment_graph,sparse_event_flag,community_avg_weight_feature,30m,member_weight,37,0.3807433602807402,0.0100565745080787,0.3333333333333333,0.6014921150922776,ignore,ignore_sparse,48,0.0564742454380369,-0.0007972535295114,0.0,-0.0954525482619381,ignore,ignore_sparse,2025-01-06_2025-01-17,2025-01-21_2025-01-31,1,-1,False,True,False,True,-0.6969446633542157,11,insufficient_sample,needs_more_sample
large_trade_alignment_graph,sparse_event_flag,community_avg_weight_feature,5m,member_weight,45,0.0472300446265026,-0.0005938614212982,0.0,-0.0785321265933874,ignore,ignore_sparse,49,0.3438028485093087,0.0030320684468369,0.5,0.5841107270225958,ignore,ignore_sparse,2025-01-06_2025-01-17,2025-01-21_2025-01-31,-1,1,False,True,False,True,0.6626428536159832,4,insufficient_sample,needs_more_sample
large_trade_alignment_graph,sparse_event_flag,community_avg_weight_feature,15m,top10_member,44,0.0337404480421377,-0.0001363662700333,0.0,-0.0557801309236488,ignore,ignore_sparse,49,0.2419410453427228,0.0006344859331535,0.25,0.4110505788549866,ignore,ignore_sparse,2025-01-06_2025-01-17,2025-01-21_2025-01-31,-1,1,False,True,False,True,0.4668307097786354,5,insufficient_sample,needs_more_sample
large_trade_alignment_graph,sparse_event_flag,community_avg_weight_feature,1m,top10_member,45,0.2852402413870635,0.0016119031484153,0.75,0.4742854452770825,ignore,ignore_sparse,49,0.0913314604287391,0.0006963442054358,1.0,0.1551694117206297,ignore,ignore_sparse,2025-01-06_2025-01-17,2025-01-21_2025-01-31,1,1,True,True,False,True,-0.3191160335564528,4,insufficient_sample,needs_more_sample
large_trade_alignment_graph,sparse_event_flag,community_avg_weight_feature,30m,top10_member,37,0.3807433602807402,0.0100565745080787,0.3333333333333333,0.6014921150922776,ignore,ignore_sparse,48,0.0564742454380369,-0.0007972535295114,0.0,-0.0954525482619381,ignore,ignore_sparse,2025-01-06_2025-01-17,2025-01-21_2025-01-31,1,-1,False,True,False,True,-0.6969446633542157,11,insufficient_sample,needs_more_sample
large_trade_alignment_graph,sparse_event_flag,community_avg_weight_feature,5m,top10_member,45,0.0472300446265026,-0.0005938614212982,0.0,-0.0785321265933874,ignore,ignore_sparse,49,0.3438028485093087,0.0030320684468369,0.5,0.5841107270225958,ignore,ignore_sparse,2025-01-06_2025-01-17,2025-01-21_2025-01-31,-1,1,False,True,False,True,0.6626428536159832,4,insufficient_sample,needs_more_sample
large_trade_alignment_graph,sparse_event_flag,community_avg_weight_feature,15m,top5_member,44,0.0335273504755558,-0.0001363662700333,0.0,-0.0554278353599205,ignore,ignore_sparse,49,0.2419410453427228,0.0006344859331535,0.25,0.4110505788549866,ignore,ignore_sparse,2025-01-06_2025-01-17,2025-01-21_2025-01-31,-1,1,False,True,False,True,0.4664784142149071,5,insufficient_sample,needs_more_sample
large_trade_alignment_graph,sparse_event_flag,community_avg_weight_feature,1m,top5_member,45,0.270294024733107,0.0016119031484153,0.75,0.4494335064817067,ignore,ignore_sparse,49,0.0913314604287391,0.0006963442054358,1.0,0.1551694117206297,ignore,ignore_sparse,2025-01-06_2025-01-17,2025-01-21_2025-01-31,1,1,True,True,False,True,-0.294264094761077,4,insufficient_sample,needs_more_sample
large_trade_alignment_graph,sparse_event_flag,community_avg_weight_feature,30m,top5_member,37,0.3967872628837651,0.0100565745080787,0.3333333333333333,0.6268380092502541,ignore,ignore_sparse,48,0.0564742454380369,-0.0007972535295114,0.0,-0.0954525482619381,ignore,ignore_sparse,2025-01-06_2025-01-17,2025-01-21_2025-01-31,1,-1,False,True,False,True,-0.7222905575121922,11,insufficient_sample,needs_more_sample
large_trade_alignment_graph,sparse_event_flag,community_avg_weight_feature,5m,top5_member,45,0.0168726179115775,-0.0005938614212982,0.0,-0.0280550775734462,ignore,ignore_sparse,49,0.3438028485093087,0.0030320684468369,0.5,0.5841107270225958,ignore,ignore_sparse,2025-01-06_2025-01-17,2025-01-21_2025-01-31,-1,1,False,True,False,True,0.612165804596042,4,insufficient_sample,needs_more_sample
large_trade_alignment_graph,sparse_event_flag,community_quality_score,15m,core_weighted,44,0.0298445995984092,-0.0017731707700956,0.75,-0.0493394655247046,ignore,ignore_sparse,49,0.1879919871382331,0.0019017879388547,0.5,0.3193927472033807,ignore,ignore_sparse,2025-01-06_2025-01-17,2025-01-21_2025-01-31,-1,1,False,True,False,True,0.36873221272808526,5,insufficient_sample,needs_more_sample
large_trade_alignment_graph,sparse_event_flag,community_quality_score,1m,core_weighted,45,0.0432342179010745,-0.0007258741208593,0.25,-0.0718880344116393,ignore,ignore_sparse,49,-0.230064429674628,0.0017792503679022,0.5,0.3908725650818664,ignore,ignore_sparse,2025-01-06_2025-01-17,2025-01-21_2025-01-31,-1,1,False,False,False,True,0.4627605994935057,4,insufficient_sample,needs_more_sample
large_trade_alignment_graph,sparse_event_flag,community_quality_score,30m,core_weighted,37,0.0942464412531527,0.0011029376739464,0.3333333333333333,0.1488889819312404,ignore,ignore_sparse,48,0.1858123795321649,0.0039124540739418,0.5,0.3140593555060355,ignore,ignore_sparse,2025-01-06_2025-01-17,2025-01-21_2025-01-31,1,1,True,True,False,True,0.16517037357479508,11,insufficient_sample,needs_more_sample
large_trade_alignment_graph,sparse_event_flag,community_quality_score,5m,core_weighted,45,0.1336690957124965,-0.0003441495156804,0.0,-0.2222593357497474,ignore,ignore_sparse,49,0.3225211875411936,0.0016918786922066,0.75,0.5479538233953196,ignore,ignore_sparse,2025-01-06_2025-01-17,2025-01-21_2025-01-31,-1,1,False,True,False,True,0.770213159145067,4,insufficient_sample,needs_more_sample
large_trade_alignment_graph,sparse_event_flag,community_quality_score,15m,equal_weight,44,0.0387555463979343,-0.0017181160526163,0.75,-0.0640711542832659,ignore,ignore_sparse,49,0.1644416808892022,0.0019018175223495,0.5,0.27938148329335,ignore,ignore_sparse,2025-01-06_2025-01-17,2025-01-21_2025-01-31,-1,1,False,True,False,True,0.3434526375766159,5,insufficient_sample,needs_more_sample
large_trade_alignment_graph,sparse_event_flag,community_quality_score,1m,equal_weight,45,0.0292194561349769,-0.0009065200729828,0.25,-0.048584879525909,ignore,ignore_sparse,49,-0.222522174732128,0.0017870514351675,0.5,0.3780585001695038,ignore,ignore_sparse,2025-01-06_2025-01-17,2025-01-21_2025-01-31,-1,1,False,False,False,True,0.4266433796954128,4,insufficient_sample,needs_more_sample
large_trade_alignment_graph,sparse_event_flag,community_quality_score,30m,equal_weight,37,0.1073527731594065,0.0011803407007729,0.3333333333333333,0.1695941500885557,ignore,ignore_sparse,48,0.1824270232197952,0.0038619367024394,0.5,0.3083374395373685,ignore,ignore_sparse,2025-01-06_2025-01-17,2025-01-21_2025-01-31,1,1,True,True,False,True,0.13874328944881278,11,insufficient_sample,needs_more_sample
large_trade_alignment_graph,sparse_event_flag,community_quality_score,5m,equal_weight,45,0.1089449405213621,-0.0005026607448904,0.0,-0.1811490530739781,ignore,ignore_sparse,49,0.3093350683560064,0.0016650274549028,0.75,0.5255510024260868,ignore,ignore_sparse,2025-01-06_2025-01-17,2025-01-21_2025-01-31,-1,1,False,True,False,True,0.7067000555000649,4,insufficient_sample,needs_more_sample
large_trade_alignment_graph,sparse_event_flag,community_quality_score,15m,member_weight,44,0.0387555463979343,-0.0017181160526163,0.75,-0.0640711542832659,ignore,ignore_sparse,49,0.1644416808892022,0.0019018175223495,0.5,0.27938148329335,ignore,ignore_sparse,2025-01-06_2025-01-17,2025-01-21_2025-01-31,-1,1,False,True,False,True,0.3434526375766159,5,insufficient_sample,needs_more_sample
large_trade_alignment_graph,sparse_event_flag,community_quality_score,1m,member_weight,45,0.0292194561349769,-0.0009065200729828,0.25,-0.048584879525909,ignore,ignore_sparse,49,-0.222522174732128,0.0017870514351675,0.5,0.3780585001695038,ignore,ignore_sparse,2025-01-06_2025-01-17,2025-01-21_2025-01-31,-1,1,False,False,False,True,0.4266433796954128,4,insufficient_sample,needs_more_sample
large_trade_alignment_graph,sparse_event_flag,community_quality_score,30m,member_weight,37,0.1073527731594065,0.0011803407007729,0.3333333333333333,0.1695941500885557,ignore,ignore_sparse,48,0.1824270232197952,0.0038619367024394,0.5,0.3083374395373685,ignore,ignore_sparse,2025-01-06_2025-01-17,2025-01-21_2025-01-31,1,1,True,True,False,True,0.13874328944881278,11,insufficient_sample,needs_more_sample
large_trade_alignment_graph,sparse_event_flag,community_quality_score,5m,member_weight,45,0.1089449405213621,-0.0005026607448904,0.0,-0.1811490530739781,ignore,ignore_sparse,49,0.3093350683560064,0.0016650274549028,0.75,0.5255510024260868,ignore,ignore_sparse,2025-01-06_2025-01-17,2025-01-21_2025-01-31,-1,1,False,True,False,True,0.7067000555000649,4,insufficient_sample,needs_more_sample
large_trade_alignment_graph,sparse_event_flag,community_quality_score,15m,top10_member,44,0.0387555463979343,-0.0017181160526163,0.75,-0.0640711542832659,ignore,ignore_sparse,49,0.1644416808892022,0.0019018175223495,0.5,0.27938148329335,ignore,ignore_sparse,2025-01-06_2025-01-17,2025-01-21_2025-01-31,-1,1,False,True,False,True,0.3434526375766159,5,insufficient_sample,needs_more_sample
large_trade_alignment_graph,sparse_event_flag,community_quality_score,1m,top10_member,45,0.0292194561349769,-0.0009065200729828,0.25,-0.048584879525909,ignore,ignore_sparse,49,-0.222522174732128,0.0017870514351675,0.5,0.3780585001695038,ignore,ignore_sparse,2025-01-06_2025-01-17,2025-01-21_2025-01-31,-1,1,False,False,False,True,0.4266433796954128,4,insufficient_sample,needs_more_sample
large_trade_alignment_graph,sparse_event_flag,community_quality_score,30m,top10_member,37,0.1073527731594065,0.0011803407007729,0.3333333333333333,0.1695941500885557,ignore,ignore_sparse,48,0.1824270232197952,0.0038619367024394,0.5,0.3083374395373685,ignore,ignore_sparse,2025-01-06_2025-01-17,2025-01-21_2025-01-31,1,1,True,True,False,True,0.13874328944881278,11,insufficient_sample,needs_more_sample
large_trade_alignment_graph,sparse_event_flag,community_quality_score,5m,top10_member,45,0.1089449405213621,-0.0005026607448904,0.0,-0.1811490530739781,ignore,ignore_sparse,49,0.3093350683560064,0.0016650274549028,0.75,0.5255510024260868,ignore,ignore_sparse,2025-01-06_2025-01-17,2025-01-21_2025-01-31,-1,1,False,True,False,True,0.7067000555000649,4,insufficient_sample,needs_more_sample
large_trade_alignment_graph,sparse_event_flag,community_quality_score,15m,top5_member,44,0.0349365691981378,-0.0010976257219493,0.75,-0.0577575733867396,ignore,ignore_sparse,49,0.1644416808892022,0.0019018175223495,0.5,0.27938148329335,ignore,ignore_sparse,2025-01-06_2025-01-17,2025-01-21_2025-01-31,-1,1,False,True,False,True,0.3371390566800896,5,insufficient_sample,needs_more_sample
large_trade_alignment_graph,sparse_event_flag,community_quality_score,1m,top5_member,45,0.0675617288912816,-0.0004809888983826,0.25,-0.1123387938359257,ignore,ignore_sparse,49,-0.222522174732128,0.0017870514351675,0.5,0.3780585001695038,ignore,ignore_sparse,2025-01-06_2025-01-17,2025-01-21_2025-01-31,-1,1,False,False,False,True,0.49039729400542953,4,insufficient_sample,needs_more_sample
large_trade_alignment_graph,sparse_event_flag,community_quality_score,30m,top5_member,37,0.0619572053750182,0.0011645226188774,0.3333333333333333,0.0978789767436726,ignore,ignore_sparse,48,0.1824270232197952,0.0038619367024394,0.5,0.3083374395373685,ignore,ignore_sparse,2025-01-06_2025-01-17,2025-01-21_2025-01-31,1,1,True,True,False,True,0.21045846279369587,11,insufficient_sample,needs_more_sample
large_trade_alignment_graph,sparse_event_flag,community_quality_score,5m,top5_member,45,0.1777627093822469,0.0005521539349531,0.0,0.2955763372062666,ignore,ignore_sparse,49,0.3093350683560064,0.0016650274549028,0.75,0.5255510024260868,ignore,ignore_sparse,2025-01-06_2025-01-17,2025-01-21_2025-01-31,1,1,True,True,False,True,0.22997466521982018,4,insufficient_sample,needs_more_sample
large_trade_alignment_graph,sparse_event_flag,positive_large_trade_breadth,15m,core_weighted,44,,-0.0014450586116886,0.5,0.0,ignore,ignore_sparse,49,,-0.0003941055472626,0.0,0.0,ignore,ignore_sparse,2025-01-06_2025-01-17,2025-01-21_2025-01-31,0,0,False,False,False,True,0.0,5,insufficient_sample,needs_more_sample
large_trade_alignment_graph,sparse_event_flag,positive_large_trade_breadth,1m,core_weighted,45,,-0.0006359814748331,0.5,0.0,ignore,ignore_sparse,49,,-0.0017656689681662,0.0,0.0,ignore,ignore_sparse,2025-01-06_2025-01-17,2025-01-21_2025-01-31,0,0,False,False,False,True,0.0,4,insufficient_sample,needs_more_sample
large_trade_alignment_graph,sparse_event_flag,positive_large_trade_breadth,30m,core_weighted,37,,0.000336891138115,0.3333333333333333,0.0,ignore,ignore_sparse,48,,0.0010114983211791,0.25,0.0,ignore,ignore_sparse,2025-01-06_2025-01-17,2025-01-21_2025-01-31,0,0,False,False,False,True,0.0,11,insufficient_sample,needs_more_sample
large_trade_alignment_graph,sparse_event_flag,positive_large_trade_breadth,5m,core_weighted,45,,0.0011344068717882,0.25,0.0,ignore,ignore_sparse,49,,-0.003201080343359,0.0,0.0,ignore,ignore_sparse,2025-01-06_2025-01-17,2025-01-21_2025-01-31,0,0,False,False,False,True,0.0,4,insufficient_sample,needs_more_sample
large_trade_alignment_graph,sparse_event_flag,positive_large_trade_breadth,15m,equal_weight,44,,-0.0013333701018619,0.5,0.0,ignore,ignore_sparse,49,,-0.0003045670879861,0.0,0.0,ignore,ignore_sparse,2025-01-06_2025-01-17,2025-01-21_2025-01-31,0,0,False,False,False,True,0.0,5,insufficient_sample,needs_more_sample
large_trade_alignment_graph,sparse_event_flag,positive_large_trade_breadth,1m,equal_weight,45,,-0.0005210801766486,0.5,0.0,ignore,ignore_sparse,49,,-0.0018247320810258,0.0,0.0,ignore,ignore_sparse,2025-01-06_2025-01-17,2025-01-21_2025-01-31,0,0,False,False,False,True,0.0,4,insufficient_sample,needs_more_sample
large_trade_alignment_graph,sparse_event_flag,positive_large_trade_breadth,30m,equal_weight,37,,0.000446815289781,0.3333333333333333,0.0,ignore,ignore_sparse,48,,0.0011343974881092,0.25,0.0,ignore,ignore_sparse,2025-01-06_2025-01-17,2025-01-21_2025-01-31,0,0,False,False,False,True,0.0,11,insufficient_sample,needs_more_sample
large_trade_alignment_graph,sparse_event_flag,positive_large_trade_breadth,5m,equal_weight,45,,0.0012671664350318,0.25,0.0,ignore,ignore_sparse,49,,-0.0032489684683458,0.0,0.0,ignore,ignore_sparse,2025-01-06_2025-01-17,2025-01-21_2025-01-31,0,0,False,False,False,True,0.0,4,insufficient_sample,needs_more_sample
large_trade_alignment_graph,sparse_event_flag,positive_large_trade_breadth,15m,member_weight,44,,-0.0013333701018619,0.5,0.0,ignore,ignore_sparse,49,,-0.0003045670879861,0.0,0.0,ignore,ignore_sparse,2025-01-06_2025-01-17,2025-01-21_2025-01-31,0,0,False,False,False,True,0.0,5,insufficient_sample,needs_more_sample
large_trade_alignment_graph,sparse_event_flag,positive_large_trade_breadth,1m,member_weight,45,,-0.0005210801766486,0.5,0.0,ignore,ignore_sparse,49,,-0.0018247320810258,0.0,0.0,ignore,ignore_sparse,2025-01-06_2025-01-17,2025-01-21_2025-01-31,0,0,False,False,False,True,0.0,4,insufficient_sample,needs_more_sample
large_trade_alignment_graph,sparse_event_flag,positive_large_trade_breadth,30m,member_weight,37,,0.000446815289781,0.3333333333333333,0.0,ignore,ignore_sparse,48,,0.0011343974881092,0.25,0.0,ignore,ignore_sparse,2025-01-06_2025-01-17,2025-01-21_2025-01-31,0,0,False,False,False,True,0.0,11,insufficient_sample,needs_more_sample
large_trade_alignment_graph,sparse_event_flag,positive_large_trade_breadth,5m,member_weight,45,,0.0012671664350318,0.25,0.0,ignore,ignore_sparse,49,,-0.0032489684683458,0.0,0.0,ignore,ignore_sparse,2025-01-06_2025-01-17,2025-01-21_2025-01-31,0,0,False,False,False,True,0.0,4,insufficient_sample,needs_more_sample
large_trade_alignment_graph,sparse_event_flag,positive_large_trade_breadth,15m,top10_member,44,,-0.0013333701018619,0.5,0.0,ignore,ignore_sparse,49,,-0.0003045670879861,0.0,0.0,ignore,ignore_sparse,2025-01-06_2025-01-17,2025-01-21_2025-01-31,0,0,False,False,False,True,0.0,5,insufficient_sample,needs_more_sample
large_trade_alignment_graph,sparse_event_flag,positive_large_trade_breadth,1m,top10_member,45,,-0.0005210801766486,0.5,0.0,ignore,ignore_sparse,49,,-0.0018247320810258,0.0,0.0,ignore,ignore_sparse,2025-01-06_2025-01-17,2025-01-21_2025-01-31,0,0,False,False,False,True,0.0,4,insufficient_sample,needs_more_sample
large_trade_alignment_graph,sparse_event_flag,positive_large_trade_breadth,30m,top10_member,37,,0.000446815289781,0.3333333333333333,0.0,ignore,ignore_sparse,48,,0.0011343974881092,0.25,0.0,ignore,ignore_sparse,2025-01-06_2025-01-17,2025-01-21_2025-01-31,0,0,False,False,False,True,0.0,11,insufficient_sample,needs_more_sample
large_trade_alignment_graph,sparse_event_flag,positive_large_trade_breadth,5m,top10_member,45,,0.0012671664350318,0.25,0.0,ignore,ignore_sparse,49,,-0.0032489684683458,0.0,0.0,ignore,ignore_sparse,2025-01-06_2025-01-17,2025-01-21_2025-01-31,0,0,False,False,False,True,0.0,4,insufficient_sample,needs_more_sample
large_trade_alignment_graph,sparse_event_flag,positive_large_trade_breadth,15m,top5_member,44,,-0.0013333701018619,0.5,0.0,ignore,ignore_sparse,49,,-0.0003045670879861,0.0,0.0,ignore,ignore_sparse,2025-01-06_2025-01-17,2025-01-21_2025-01-31,0,0,False,False,False,True,0.0,5,insufficient_sample,needs_more_sample
large_trade_alignment_graph,sparse_event_flag,positive_large_trade_breadth,1m,top5_member,45,,-0.0005210801766486,0.5,0.0,ignore,ignore_sparse,49,,-0.0018247320810258,0.0,0.0,ignore,ignore_sparse,2025-01-06_2025-01-17,2025-01-21_2025-01-31,0,0,False,False,False,True,0.0,4,insufficient_sample,needs_more_sample
large_trade_alignment_graph,sparse_event_flag,positive_large_trade_breadth,30m,top5_member,37,,0.000446815289781,0.3333333333333333,0.0,ignore,ignore_sparse,48,,0.0011343974881092,0.25,0.0,ignore,ignore_sparse,2025-01-06_2025-01-17,2025-01-21_2025-01-31,0,0,False,False,False,True,0.0,11,insufficient_sample,needs_more_sample
large_trade_alignment_graph,sparse_event_flag,positive_large_trade_breadth,5m,top5_member,45,,0.0012671664350318,0.25,0.0,ignore,ignore_sparse,49,,-0.0032489684683458,0.0,0.0,ignore,ignore_sparse,2025-01-06_2025-01-17,2025-01-21_2025-01-31,0,0,False,False,False,True,0.0,4,insufficient_sample,needs_more_sample
flow_alignment_graph,event_alignment_layer,community_mean_flow_impulse_score,15m,core_weighted,0,,,,0.0,ignore,ignore_sparse,0,,,,0.0,ignore,ignore_sparse,2025-01-06_2025-01-17,2025-01-21_2025-01-31,0,0,False,False,False,True,0.0,0,missing_in_one_window,rebuild_missing_window
flow_alignment_graph,event_alignment_layer,community_mean_flow_impulse_score,1m,core_weighted,0,,,,0.0,ignore,ignore_sparse,0,,,,0.0,ignore,ignore_sparse,2025-01-06_2025-01-17,2025-01-21_2025-01-31,0,0,False,False,False,True,0.0,0,missing_in_one_window,rebuild_missing_window
flow_alignment_graph,event_alignment_layer,community_mean_flow_impulse_score,30m,core_weighted,0,,,,0.0,ignore,ignore_sparse,0,,,,0.0,ignore,ignore_sparse,2025-01-06_2025-01-17,2025-01-21_2025-01-31,0,0,False,False,False,True,0.0,0,missing_in_one_window,rebuild_missing_window
flow_alignment_graph,event_alignment_layer,community_mean_flow_impulse_score,5m,core_weighted,0,,,,0.0,ignore,ignore_sparse,0,,,,0.0,ignore,ignore_sparse,2025-01-06_2025-01-17,2025-01-21_2025-01-31,0,0,False,False,False,True,0.0,0,missing_in_one_window,rebuild_missing_window
flow_alignment_graph,event_alignment_layer,community_mean_flow_impulse_score,15m,equal_weight,0,,,,0.0,ignore,ignore_sparse,0,,,,0.0,ignore,ignore_sparse,2025-01-06_2025-01-17,2025-01-21_2025-01-31,0,0,False,False,False,True,0.0,0,missing_in_one_window,rebuild_missing_window
flow_alignment_graph,event_alignment_layer,community_mean_flow_impulse_score,1m,equal_weight,0,,,,0.0,ignore,ignore_sparse,0,,,,0.0,ignore,ignore_sparse,2025-01-06_2025-01-17,2025-01-21_2025-01-31,0,0,False,False,False,True,0.0,0,missing_in_one_window,rebuild_missing_window
flow_alignment_graph,event_alignment_layer,community_mean_flow_impulse_score,30m,equal_weight,0,,,,0.0,ignore,ignore_sparse,0,,,,0.0,ignore,ignore_sparse,2025-01-06_2025-01-17,2025-01-21_2025-01-31,0,0,False,False,False,True,0.0,0,missing_in_one_window,rebuild_missing_window
flow_alignment_graph,event_alignment_layer,community_mean_flow_impulse_score,5m,equal_weight,0,,,,0.0,ignore,ignore_sparse,0,,,,0.0,ignore,ignore_sparse,2025-01-06_2025-01-17,2025-01-21_2025-01-31,0,0,False,False,False,True,0.0,0,missing_in_one_window,rebuild_missing_window
flow_alignment_graph,event_alignment_layer,community_mean_flow_impulse_score,15m,member_weight,0,,,,0.0,ignore,ignore_sparse,0,,,,0.0,ignore,ignore_sparse,2025-01-06_2025-01-17,2025-01-21_2025-01-31,0,0,False,False,False,True,0.0,0,missing_in_one_window,rebuild_missing_window
flow_alignment_graph,event_alignment_layer,community_mean_flow_impulse_score,1m,member_weight,0,,,,0.0,ignore,ignore_sparse,0,,,,0.0,ignore,ignore_sparse,2025-01-06_2025-01-17,2025-01-21_2025-01-31,0,0,False,False,False,True,0.0,0,missing_in_one_window,rebuild_missing_window
flow_alignment_graph,event_alignment_layer,community_mean_flow_impulse_score,30m,member_weight,0,,,,0.0,ignore,ignore_sparse,0,,,,0.0,ignore,ignore_sparse,2025-01-06_2025-01-17,2025-01-21_2025-01-31,0,0,False,False,False,True,0.0,0,missing_in_one_window,rebuild_missing_window
flow_alignment_graph,event_alignment_layer,community_mean_flow_impulse_score,5m,member_weight,0,,,,0.0,ignore,ignore_sparse,0,,,,0.0,ignore,ignore_sparse,2025-01-06_2025-01-17,2025-01-21_2025-01-31,0,0,False,False,False,True,0.0,0,missing_in_one_window,rebuild_missing_window
flow_alignment_graph,event_alignment_layer,community_mean_flow_impulse_score,15m,top10_member,0,,,,0.0,ignore,ignore_sparse,0,,,,0.0,ignore,ignore_sparse,2025-01-06_2025-01-17,2025-01-21_2025-01-31,0,0,False,False,False,True,0.0,0,missing_in_one_window,rebuild_missing_window
flow_alignment_graph,event_alignment_layer,community_mean_flow_impulse_score,1m,top10_member,0,,,,0.0,ignore,ignore_sparse,0,,,,0.0,ignore,ignore_sparse,2025-01-06_2025-01-17,2025-01-21_2025-01-31,0,0,False,False,False,True,0.0,0,missing_in_one_window,rebuild_missing_window
flow_alignment_graph,event_alignment_layer,community_mean_flow_impulse_score,30m,top10_member,0,,,,0.0,ignore,ignore_sparse,0,,,,0.0,ignore,ignore_sparse,2025-01-06_2025-01-17,2025-01-21_2025-01-31,0,0,False,False,False,True,0.0,0,missing_in_one_window,rebuild_missing_window
flow_alignment_graph,event_alignment_layer,community_mean_flow_impulse_score,5m,top10_member,0,,,,0.0,ignore,ignore_sparse,0,,,,0.0,ignore,ignore_sparse,2025-01-06_2025-01-17,2025-01-21_2025-01-31,0,0,False,False,False,True,0.0,0,missing_in_one_window,rebuild_missing_window
flow_alignment_graph,event_alignment_layer,community_mean_flow_impulse_score,15m,top5_member,0,,,,0.0,ignore,ignore_sparse,0,,,,0.0,ignore,ignore_sparse,2025-01-06_2025-01-17,2025-01-21_2025-01-31,0,0,False,False,False,True,0.0,0,missing_in_one_window,rebuild_missing_window
flow_alignment_graph,event_alignment_layer,community_mean_flow_impulse_score,1m,top5_member,0,,,,0.0,ignore,ignore_sparse,0,,,,0.0,ignore,ignore_sparse,2025-01-06_2025-01-17,2025-01-21_2025-01-31,0,0,False,False,False,True,0.0,0,missing_in_one_window,rebuild_missing_window
flow_alignment_graph,event_alignment_layer,community_mean_flow_impulse_score,30m,top5_member,0,,,,0.0,ignore,ignore_sparse,0,,,,0.0,ignore,ignore_sparse,2025-01-06_2025-01-17,2025-01-21_2025-01-31,0,0,False,False,False,True,0.0,0,missing_in_one_window,rebuild_missing_window
flow_alignment_graph,event_alignment_layer,community_mean_flow_impulse_score,5m,top5_member,0,,,,0.0,ignore,ignore_sparse,0,,,,0.0,ignore,ignore_sparse,2025-01-06_2025-01-17,2025-01-21_2025-01-31,0,0,False,False,False,True,0.0,0,missing_in_one_window,rebuild_missing_window
dtw_return_similarity_graph,weak_pair_candidate,community_avg_weight_feature,30m,core_weighted,4062,-0.0077467862960075,-2.967452129020315e-05,0.4975369458128079,-0.0279569651075884,usable,downgrade,4207,-0.0236820066076777,-0.0005840581778063,0.4714285714285714,-0.0858253854117164,usable,downgrade,2025-01-06_2025-01-17,2025-01-21_2025-01-31,-1,-1,True,True,True,True,-0.057868420304128004,145,stable_negative,deprioritize
dtw_return_similarity_graph,weak_pair_candidate,community_avg_weight_feature,5m,core_weighted,4296,0.0158560789817186,-1.5756855568954187e-05,0.5151515151515151,-0.0576077568016555,usable,downgrade,4431,-0.0002529215838603,-4.125952466664144e-05,0.4943566591422121,-0.0009223037849096,usable,downgrade,2025-01-06_2025-01-17,2025-01-21_2025-01-31,-1,-1,True,False,True,True,0.0566854530167459,135,stable_negative,deprioritize
flow_alignment_graph,event_alignment_layer,community_quality_score,15m,core_weighted,27671,-0.0641944797708491,-0.0015471503992426,0.449584387423202,-0.2851544821644767,strong_sample,downgrade,26980,-0.0229114518102211,-0.0005453592023335,0.4744255003706449,-0.1015219727962473,strong_sample,downgrade,2025-01-06_2025-01-17,2025-01-21_2025-01-31,-1,-1,True,True,True,True,0.1836325093682294,-691,stable_negative,deprioritize
flow_alignment_graph,event_alignment_layer,community_quality_score,30m,core_weighted,27603,-0.0652339775729949,-0.0014442266053681,0.4572463768115942,-0.2897022690723891,strong_sample,downgrade,26903,-0.0149216783531169,-0.0006324290138143,0.4810408921933085,-0.0661003022631788,strong_sample,downgrade,2025-01-06_2025-01-17,2025-01-21_2025-01-31,-1,-1,True,True,True,True,0.2236019668092103,-700,stable_negative,deprioritize
flow_alignment_graph,event_alignment_layer,community_quality_score,5m,core_weighted,27746,-0.0239508348086204,-0.0006009604126873,0.4823359769286229,-0.1064187332533193,strong_sample,downgrade,27044,-0.0034596106636999,-0.0001378414768414,0.4881656804733728,-0.0153332953984434,strong_sample,downgrade,2025-01-06_2025-01-17,2025-01-21_2025-01-31,-1,-1,True,True,True,True,0.0910854378548759,-702,stable_negative,deprioritize
flow_alignment_graph,event_alignment_layer,community_quality_score,15m,equal_weight,27671,-0.0640005383172607,-0.0015041042732161,0.449584387423202,-0.2842929863635037,strong_sample,downgrade,26980,-0.0232642296860849,-0.0005284282159621,0.475166790214974,-0.1030851520401129,strong_sample,downgrade,2025-01-06_2025-01-17,2025-01-21_2025-01-31,-1,-1,True,True,True,True,0.1812078343233908,-691,stable_negative,deprioritize
flow_alignment_graph,event_alignment_layer,community_quality_score,30m,equal_weight,27603,-0.064670134176426,-0.0013815345775238,0.4576086956521739,-0.2871982563252787,strong_sample,downgrade,26903,-0.0150242505244835,-0.0006275651013349,0.4795539033457249,-0.0665546781966814,strong_sample,downgrade,2025-01-06_2025-01-17,2025-01-21_2025-01-31,-1,-1,True,True,True,True,0.22064357812859728,-700,stable_negative,deprioritize
flow_alignment_graph,event_alignment_layer,community_quality_score,5m,equal_weight,27746,-0.0241151295582977,-0.0005911193763246,0.4841384282624369,-0.1071487303194147,strong_sample,downgrade,27044,-0.0038284297390361,-0.0001290430479896,0.4870562130177515,-0.0169679336223476,strong_sample,downgrade,2025-01-06_2025-01-17,2025-01-21_2025-01-31,-1,-1,True,True,True,True,0.0901807966970671,-702,stable_negative,deprioritize
flow_alignment_graph,event_alignment_layer,community_quality_score,15m,member_weight,27671,-0.0640005383172607,-0.0015041042732161,0.449584387423202,-0.2842929863635037,strong_sample,downgrade,26980,-0.0232642296860849,-0.0005284282159621,0.475166790214974,-0.1030851520401129,strong_sample,downgrade,2025-01-06_2025-01-17,2025-01-21_2025-01-31,-1,-1,True,True,True,True,0.1812078343233908,-691,stable_negative,deprioritize
flow_alignment_graph,event_alignment_layer,community_quality_score,30m,member_weight,27603,-0.064670134176426,-0.0013815345775238,0.4576086956521739,-0.2871982563252787,strong_sample,downgrade,26903,-0.0150242505244835,-0.0006275651013349,0.4795539033457249,-0.0665546781966814,strong_sample,downgrade,2025-01-06_2025-01-17,2025-01-21_2025-01-31,-1,-1,True,True,True,True,0.22064357812859728,-700,stable_negative,deprioritize
flow_alignment_graph,event_alignment_layer,community_quality_score,5m,member_weight,27746,-0.0241151295582977,-0.0005911193763246,0.4841384282624369,-0.1071487303194147,strong_sample,downgrade,27044,-0.0038284297390361,-0.0001290430479896,0.4870562130177515,-0.0169679336223476,strong_sample,downgrade,2025-01-06_2025-01-17,2025-01-21_2025-01-31,-1,-1,True,True,True,True,0.0901807966970671,-702,stable_negative,deprioritize
flow_alignment_graph,event_alignment_layer,community_quality_score,15m,top10_member,27513,-0.038897269242682,-0.0015878351571758,0.4482006543075245,-0.1726865168676432,strong_sample,downgrade,26802,-0.0180849331710182,-0.0004788543292386,0.475,-0.0800834009730675,strong_sample,downgrade,2025-01-06_2025-01-17,2025-01-21_2025-01-31,-1,-1,True,True,True,True,0.09260311589457569,-711,stable_negative,deprioritize
flow_alignment_graph,event_alignment_layer,community_quality_score,30m,top10_member,27048,-0.0309548355628163,-0.0012616226378877,0.4574704142011834,-0.1371965120157165,strong_sample,downgrade,26322,-0.0103501556135489,-0.0006375552741245,0.4798632218844985,-0.0457511590861131,strong_sample,downgrade,2025-01-06_2025-01-17,2025-01-21_2025-01-31,-1,-1,True,True,True,True,0.0914453529296034,-726,stable_negative,deprioritize
flow_alignment_graph,event_alignment_layer,community_quality_score,5m,top10_member,27725,-0.0176196814787106,-0.0006329432937088,0.4841269841269841,-0.0782822576428937,strong_sample,downgrade,27025,-0.0079300999047301,-0.0002305107844343,0.4881569207994078,-0.0351444722113247,strong_sample,downgrade,2025-01-06_2025-01-17,2025-01-21_2025-01-31,-1,-1,True,True,True,True,0.04313778543156901,-700,stable_negative,deprioritize
flow_alignment_graph,event_alignment_layer,community_quality_score,15m,top5_member,27318,-0.03597426999298,-0.001474018039308,0.4459904796777737,-0.1595985824626981,strong_sample,downgrade,26603,-0.011531352979002,-0.0004469902451807,0.4763157894736842,-0.0510256250688328,strong_sample,downgrade,2025-01-06_2025-01-17,2025-01-21_2025-01-31,-1,-1,True,True,True,True,0.1085729573938653,-715,stable_negative,deprioritize
flow_alignment_graph,event_alignment_layer,community_quality_score,30m,top5_member,26648,-0.0211186580657554,-0.0009844246782701,0.4564564564564564,-0.0934644419906425,strong_sample,downgrade,25912,-0.0086044888769351,-0.0007188274874503,0.4797375530683134,-0.037976063915128,strong_sample,downgrade,2025-01-06_2025-01-17,2025-01-21_2025-01-31,-1,-1,True,True,True,True,0.055488378075514495,-736,stable_negative,deprioritize
flow_alignment_graph,event_alignment_layer,community_quality_score,5m,top5_member,27677,-0.0138857719878654,-0.0005475899526465,0.4857246114925913,-0.0616824696529014,strong_sample,downgrade,26971,-0.0050136341883298,-0.0002366549387455,0.4916573971078977,-0.0222149776593967,strong_sample,downgrade,2025-01-06_2025-01-17,2025-01-21_2025-01-31,-1,-1,True,True,True,True,0.0394674919935047,-706,stable_negative,deprioritize
flow_alignment_graph,event_alignment_layer,flow_breadth_expansion,15m,core_weighted,27671,-0.0868719027464608,-0.0019255441552854,0.3874232020238525,-0.385888514569111,strong_sample,downgrade,26980,-0.0265994102407275,-0.0014297483171148,0.4603409933283914,-0.1178635306580906,strong_sample,downgrade,2025-01-06_2025-01-17,2025-01-21_2025-01-31,-1,-1,True,True,True,True,0.26802498391102036,-691,stable_negative,deprioritize
flow_alignment_graph,event_alignment_layer,flow_breadth_expansion,1m,core_weighted,27822,-0.0146518985419431,-0.0002446177108503,0.4561466570812365,-0.065118955839053,strong_sample,downgrade,27127,-0.0048995163863457,-0.0002856876671927,0.4915191740412979,-0.021721603044801,strong_sample,downgrade,2025-01-06_2025-01-17,2025-01-21_2025-01-31,-1,-1,True,True,True,True,0.043397352794252,-695,stable_negative,deprioritize
flow_alignment_graph,event_alignment_layer,flow_breadth_expansion,30m,core_weighted,27603,-0.0447548155916553,-0.0014419535451324,0.4322463768115942,-0.1987548837461396,strong_sample,downgrade,26903,0.0064343416815912,-0.0015942389930004,0.5267657992565056,-0.02850295522748,strong_sample,downgrade,2025-01-06_2025-01-17,2025-01-21_2025-01-31,-1,-1,True,False,True,True,0.17025192851865958,-700,stable_negative,deprioritize
flow_alignment_graph,event_alignment_layer,flow_breadth_expansion,5m,core_weighted,27746,-0.0596726142616233,-0.0009149747285465,0.4221341023792357,-0.2651383164878374,strong_sample,downgrade,27044,-0.0260680999753452,-0.0011117193020105,0.4722633136094674,-0.1155360866446894,strong_sample,downgrade,2025-01-06_2025-01-17,2025-01-21_2025-01-31,-1,-1,True,True,True,True,0.14960222984314803,-702,stable_negative,deprioritize
flow_alignment_graph,event_alignment_layer,flow_breadth_expansion,15m,equal_weight,27671,-0.0878285917839623,-0.0019141303580268,0.3863389953017708,-0.3901381660664825,strong_sample,downgrade,26980,-0.0269822389898938,-0.0013715284212996,0.4633061527057079,-0.1195598670657706,strong_sample,downgrade,2025-01-06_2025-01-17,2025-01-21_2025-01-31,-1,-1,True,True,True,True,0.2705782990007119,-691,stable_negative,deprioritize
flow_alignment_graph,event_alignment_layer,flow_breadth_expansion,1m,equal_weight,27822,-0.0143975598742833,-0.0002311813576026,0.4565061107117182,-0.0639885720584057,strong_sample,downgrade,27127,-0.006143155394897,-0.0002779291666214,0.4893067846607669,-0.027235174333197,strong_sample,downgrade,2025-01-06_2025-01-17,2025-01-21_2025-01-31,-1,-1,True,True,True,True,0.036753397725208706,-695,stable_negative,deprioritize
flow_alignment_graph,event_alignment_layer,flow_breadth_expansion,30m,equal_weight,27603,-0.0455879153219577,-0.0014294859861229,0.4322463768115942,-0.2024546563372274,strong_sample,downgrade,26903,0.0055108940041638,-0.001548966626344,0.5234200743494424,-0.0244122511419418,strong_sample,downgrade,2025-01-06_2025-01-17,2025-01-21_2025-01-31,-1,-1,True,False,True,True,0.17804240519528558,-700,stable_negative,deprioritize
flow_alignment_graph,event_alignment_layer,flow_breadth_expansion,5m,equal_weight,27746,-0.0599321845876283,-0.0009265061074086,0.4224945926459985,-0.2662916435223365,strong_sample,downgrade,27044,-0.0264079253154783,-0.0010983661507381,0.4700443786982248,-0.1170422221121309,strong_sample,downgrade,2025-01-06_2025-01-17,2025-01-21_2025-01-31,-1,-1,True,True,True,True,0.14924942141020558,-702,stable_negative,deprioritize
flow_alignment_graph,event_alignment_layer,flow_breadth_expansion,15m,member_weight,27671,-0.0878285917839623,-0.0019141303580268,0.3863389953017708,-0.3901381660664825,strong_sample,downgrade,26980,-0.0269822389898938,-0.0013715284212996,0.4633061527057079,-0.1195598670657706,strong_sample,downgrade,2025-01-06_2025-01-17,2025-01-21_2025-01-31,-1,-1,True,True,True,True,0.2705782990007119,-691,stable_negative,deprioritize
flow_alignment_graph,event_alignment_layer,flow_breadth_expansion,1m,member_weight,27822,-0.0143975598742833,-0.0002311813576026,0.4565061107117182,-0.0639885720584057,strong_sample,downgrade,27127,-0.006143155394897,-0.0002779291666214,0.4893067846607669,-0.027235174333197,strong_sample,downgrade,2025-01-06_2025-01-17,2025-01-21_2025-01-31,-1,-1,True,True,True,True,0.036753397725208706,-695,stable_negative,deprioritize
flow_alignment_graph,event_alignment_layer,flow_breadth_expansion,30m,member_weight,27603,-0.0455879153219577,-0.0014294859861229,0.4322463768115942,-0.2024546563372274,strong_sample,downgrade,26903,0.0055108940041638,-0.001548966626344,0.5234200743494424,-0.0244122511419418,strong_sample,downgrade,2025-01-06_2025-01-17,2025-01-21_2025-01-31,-1,-1,True,False,True,True,0.17804240519528558,-700,stable_negative,deprioritize
flow_alignment_graph,event_alignment_layer,flow_breadth_expansion,5m,member_weight,27746,-0.0599321845876283,-0.0009265061074086,0.4224945926459985,-0.2662916435223365,strong_sample,downgrade,27044,-0.0264079253154783,-0.0010983661507381,0.4700443786982248,-0.1170422221121309,strong_sample,downgrade,2025-01-06_2025-01-17,2025-01-21_2025-01-31,-1,-1,True,True,True,True,0.14924942141020558,-702,stable_negative,deprioritize
flow_alignment_graph,event_alignment_layer,flow_breadth_expansion,15m,top10_member,27513,-0.06624673998324,-0.0016818518412133,0.415848782260996,-0.2941059617879066,strong_sample,downgrade,26802,-0.0108221448145282,-0.0012535618491458,0.4731343283582089,-0.0479224420889397,strong_sample,downgrade,2025-01-06_2025-01-17,2025-01-21_2025-01-31,-1,-1,True,True,True,True,0.2461835196989669,-711,stable_negative,deprioritize
flow_alignment_graph,event_alignment_layer,flow_breadth_expansion,1m,top10_member,27822,-0.0133309940577946,-0.0002327145602125,0.4737598849748382,-0.059248322724536,strong_sample,downgrade,27127,-0.0049892594289376,-0.0002579195158175,0.4944690265486726,-0.0221194714451694,strong_sample,downgrade,2025-01-06_2025-01-17,2025-01-21_2025-01-31,-1,-1,True,True,True,True,0.037128851279366604,-695,stable_negative,deprioritize
flow_alignment_graph,event_alignment_layer,flow_breadth_expansion,30m,top10_member,27048,-0.0272863520077755,-0.0005157423716862,0.4552514792899408,-0.1209372381740814,strong_sample,downgrade,26322,0.0104353987620629,-0.0004570337694384,0.5015197568389058,-0.0461279623917136,strong_sample,downgrade,2025-01-06_2025-01-17,2025-01-21_2025-01-31,-1,-1,True,False,True,True,0.0748092757823678,-726,stable_negative,deprioritize
flow_alignment_graph,event_alignment_layer,flow_breadth_expansion,5m,top10_member,27725,-0.0403728465976516,-0.0006553376599408,0.4494949494949495,-0.1793720041394114,strong_sample,downgrade,27025,-0.0152516517614195,-0.0010550794942818,0.4696521095484826,-0.0675919922756954,strong_sample,downgrade,2025-01-06_2025-01-17,2025-01-21_2025-01-31,-1,-1,True,True,True,True,0.111780011863716,-700,stable_negative,deprioritize
flow_alignment_graph,event_alignment_layer,flow_breadth_expansion,15m,top5_member,27318,-0.0614906983148771,-0.0016048192257459,0.4192603441962651,-0.2728013184870984,strong_sample,downgrade,26603,-0.0144596398624716,-0.0013120579091491,0.4642857142857143,-0.0639831391508301,strong_sample,downgrade,2025-01-06_2025-01-17,2025-01-21_2025-01-31,-1,-1,True,True,True,True,0.20881817933626828,-715,stable_negative,deprioritize
flow_alignment_graph,event_alignment_layer,flow_breadth_expansion,1m,top5_member,27822,-0.0106531736493048,-0.0001587082719496,0.4845434938892883,-0.0473470071082571,strong_sample,downgrade,27127,-0.0008027036556475,-0.0002362804279888,0.497787610619469,-0.0035587206564259,strong_sample,downgrade,2025-01-06_2025-01-17,2025-01-21_2025-01-31,-1,-1,True,True,True,True,0.0437882864518312,-695,stable_negative,deprioritize
flow_alignment_graph,event_alignment_layer,flow_breadth_expansion,5m,top5_member,27677,-0.0382693636721092,-0.0006046644433533,0.456089627755692,-0.1699976685058329,strong_sample,downgrade,26971,-0.0160586102751958,-0.001119738386413,0.4690396737115313,-0.0711543074552227,strong_sample,downgrade,2025-01-06_2025-01-17,2025-01-21_2025-01-31,-1,-1,True,True,True,True,0.09884336105061019,-706,stable_negative,deprioritize
flow_alignment_graph,event_alignment_layer,flow_layer_participation_ratio,1m,core_weighted,27822,-0.0007994949712347,-0.0003424167700991,0.5147375988497483,-0.0035532786127573,strong_sample,downgrade,27127,-0.0070117166321599,-1.6489642402704163e-05,0.4638643067846608,-0.0310858691626917,strong_sample,downgrade,2025-01-06_2025-01-17,2025-01-21_2025-01-31,-1,-1,True,True,True,True,-0.0275325905499344,-695,stable_negative,deprioritize
flow_alignment_graph,event_alignment_layer,flow_layer_participation_ratio,1m,equal_weight,27822,-0.0003261223404868,-0.0003362803756739,0.5150970524802301,-0.0014494194201178,strong_sample,downgrade,27127,-0.0069660216296702,-1.6865059348754557e-05,0.4664454277286136,-0.0308832841263443,strong_sample,downgrade,2025-01-06_2025-01-17,2025-01-21_2025-01-31,-1,-1,True,True,True,True,-0.0294338647062265,-695,stable_negative,deprioritize
flow_alignment_graph,event_alignment_layer,flow_layer_participation_ratio,1m,member_weight,27822,-0.0003261223404868,-0.0003362803756739,0.5150970524802301,-0.0014494194201178,strong_sample,downgrade,27127,-0.0069660216296702,-1.6865059348754557e-05,0.4664454277286136,-0.0308832841263443,strong_sample,downgrade,2025-01-06_2025-01-17,2025-01-21_2025-01-31,-1,-1,True,True,True,True,-0.0294338647062265,-695,stable_negative,deprioritize
flow_alignment_graph,event_alignment_layer,flow_layer_participation_ratio,1m,top10_member,27822,-0.0031759236354873,-0.0002626048672315,0.5168943206326384,-0.0141150875687182,strong_sample,downgrade,27127,-0.0122267114141108,-1.6886412478713282e-05,0.474188790560472,-0.0542061197347558,strong_sample,downgrade,2025-01-06_2025-01-17,2025-01-21_2025-01-31,-1,-1,True,True,True,True,-0.0400910321660376,-695,stable_negative,deprioritize
flow_alignment_graph,event_alignment_layer,flow_layer_participation_ratio,1m,top5_member,27822,-0.0107801895458225,-0.0002629439759021,0.509705248023005,-0.0479115170611834,strong_sample,downgrade,27127,-0.0057085290606203,-1.1132395241921454e-05,0.4859882005899705,-0.0253082942165623,strong_sample,downgrade,2025-01-06_2025-01-17,2025-01-21_2025-01-31,-1,-1,True,True,True,True,0.022603222844621098,-695,stable_negative,deprioritize
return_corr_graph,beta_context_layer,community_quality_score,15m,core_weighted,24774,-0.0296434013419859,-0.0001101919141765,0.4925312878482035,-0.1302535105191418,strong_sample,downgrade,24538,-0.0198011109692243,-0.0003380303332775,0.4700366897676314,-0.0869240428361223,strong_sample,downgrade,2025-01-06_2025-01-17,2025-01-21_2025-01-31,-1,-1,True,True,True,True,0.0433294676830195,-236,stable_negative,deprioritize
return_corr_graph,beta_context_layer,community_quality_score,1m,core_weighted,24938,-0.0142240464355101,-0.0001036015112483,0.4953870838347373,-0.0625414115683122,strong_sample,downgrade,24710,-0.0031723469533637,-0.0001444581513848,0.4864427357345204,-0.0139357722253441,strong_sample,downgrade,2025-01-06_2025-01-17,2025-01-21_2025-01-31,-1,-1,True,True,True,True,0.04860563934296809,-228,stable_negative,deprioritize
return_corr_graph,beta_context_layer,community_quality_score,30m,core_weighted,24605,-0.0315358219122174,-0.0002804607247363,0.5085365853658537,-0.1384750876055901,strong_sample,downgrade,24347,-0.0169603198334797,-0.0005235246045767,0.4691865242399343,-0.0743958203884718,strong_sample,downgrade,2025-01-06_2025-01-17,2025-01-21_2025-01-31,-1,-1,True,True,True,True,0.0640792672171183,-258,stable_negative,deprioritize
return_corr_graph,beta_context_layer,community_quality_score,5m,core_weighted,24893,-0.0160212068710513,-0.0001324461415194,0.5078344716753717,-0.0704307423765204,strong_sample,downgrade,24648,-0.0066961754745077,-0.000158449138486,0.4776785714285714,-0.0294082587938853,strong_sample,downgrade,2025-01-06_2025-01-17,2025-01-21_2025-01-31,-1,-1,True,True,True,True,0.041022483582635105,-245,stable_negative,deprioritize
return_corr_graph,beta_context_layer,community_quality_score,15m,equal_weight,24774,-0.0297545237110673,-0.0001142460729283,0.4917238595074687,-0.1307417837271679,strong_sample,downgrade,24538,-0.0191395325795984,-0.0003273820093828,0.4684060334284549,-0.0840198084035859,strong_sample,downgrade,2025-01-06_2025-01-17,2025-01-21_2025-01-31,-1,-1,True,True,True,True,0.04672197532358201,-236,stable_negative,deprioritize
return_corr_graph,beta_context_layer,community_quality_score,1m,equal_weight,24938,-0.0140961656599708,-0.0001056440020423,0.4949859606899318,-0.0619791352673356,strong_sample,downgrade,24710,-0.0027608589910512,-0.0001401004182023,0.4856333468231485,-0.0121281507386156,strong_sample,downgrade,2025-01-06_2025-01-17,2025-01-21_2025-01-31,-1,-1,True,True,True,True,0.04985098452872,-228,stable_negative,deprioritize
return_corr_graph,beta_context_layer,community_quality_score,30m,equal_weight,24605,-0.0312994169690251,-0.0002821352070617,0.5089430894308943,-0.1374370238027797,strong_sample,downgrade,24347,-0.0167865718913577,-0.0005045788942188,0.4663105998356615,-0.0736336814181053,strong_sample,downgrade,2025-01-06_2025-01-17,2025-01-21_2025-01-31,-1,-1,True,True,True,True,0.06380334238467439,-258,stable_negative,deprioritize
return_corr_graph,beta_context_layer,community_quality_score,5m,equal_weight,24893,-0.0156850613787102,-0.0001356339748378,0.5058256327842507,-0.0689530149641815,strong_sample,downgrade,24648,-0.0057327047769959,-0.0001565390205654,0.4776785714285714,-0.0251768888543401,strong_sample,downgrade,2025-01-06_2025-01-17,2025-01-21_2025-01-31,-1,-1,True,True,True,True,0.043776126109841405,-245,stable_negative,deprioritize
return_corr_graph,beta_context_layer,community_quality_score,15m,member_weight,24774,-0.0297545237110673,-0.0001142460729283,0.4917238595074687,-0.1307417837271679,strong_sample,downgrade,24538,-0.0191395325795984,-0.0003273820093828,0.4684060334284549,-0.0840198084035859,strong_sample,downgrade,2025-01-06_2025-01-17,2025-01-21_2025-01-31,-1,-1,True,True,True,True,0.04672197532358201,-236,stable_negative,deprioritize
return_corr_graph,beta_context_layer,community_quality_score,1m,member_weight,24938,-0.0140961656599708,-0.0001056440020423,0.4949859606899318,-0.0619791352673356,strong_sample,downgrade,24710,-0.0027608589910512,-0.0001401004182023,0.4856333468231485,-0.0121281507386156,strong_sample,downgrade,2025-01-06_2025-01-17,2025-01-21_2025-01-31,-1,-1,True,True,True,True,0.04985098452872,-228,stable_negative,deprioritize
return_corr_graph,beta_context_layer,community_quality_score,30m,member_weight,24605,-0.0312994169690251,-0.0002821352070617,0.5089430894308943,-0.1374370238027797,strong_sample,downgrade,24347,-0.0167865718913577,-0.0005045788942188,0.4663105998356615,-0.0736336814181053,strong_sample,downgrade,2025-01-06_2025-01-17,2025-01-21_2025-01-31,-1,-1,True,True,True,True,0.06380334238467439,-258,stable_negative,deprioritize
return_corr_graph,beta_context_layer,community_quality_score,5m,member_weight,24893,-0.0156850613787102,-0.0001356339748378,0.5058256327842507,-0.0689530149641815,strong_sample,downgrade,24648,-0.0057327047769959,-0.0001565390205654,0.4776785714285714,-0.0251768888543401,strong_sample,downgrade,2025-01-06_2025-01-17,2025-01-21_2025-01-31,-1,-1,True,True,True,True,0.043776126109841405,-245,stable_negative,deprioritize
return_corr_graph,beta_context_layer,community_quality_score,15m,top10_member,24642,-0.0244381041437973,-0.0003283040752494,0.4898538961038961,-0.1073246650032736,strong_sample,downgrade,24405,-0.0051170919591008,-9.414713401234524e-05,0.4692622950819672,-0.022451223607932,strong_sample,downgrade,2025-01-06_2025-01-17,2025-01-21_2025-01-31,-1,-1,True,True,True,True,0.0848734413953416,-237,stable_negative,deprioritize
return_corr_graph,beta_context_layer,community_quality_score,1m,top10_member,24938,-0.0164749106253722,-0.0001145362081499,0.4973926995587645,-0.0724381891358478,strong_sample,downgrade,24710,-0.0082856824915794,-0.0001606815048033,0.4856333468231485,-0.0363980944176803,strong_sample,downgrade,2025-01-06_2025-01-17,2025-01-21_2025-01-31,-1,-1,True,True,True,True,0.036040094718167506,-228,stable_negative,deprioritize
return_corr_graph,beta_context_layer,community_quality_score,30m,top10_member,24153,-0.0194490475888302,-0.0004288884862224,0.5076604554865425,-0.085244962847469,strong_sample,downgrade,23880,-0.0062507305383051,-8.46707600896251e-05,0.4711055276381909,-0.0273660265138883,strong_sample,downgrade,2025-01-06_2025-01-17,2025-01-21_2025-01-31,-1,-1,True,True,True,True,0.057878936333580704,-273,stable_negative,deprioritize
return_corr_graph,beta_context_layer,community_quality_score,5m,top10_member,24881,-0.0107075226746189,-0.0001814717012762,0.5044212218649518,-0.0470690413721666,strong_sample,downgrade,24632,-0.0057016121355259,-0.0001195441601939,0.4782785221274868,-0.0250387283701048,strong_sample,downgrade,2025-01-06_2025-01-17,2025-01-21_2025-01-31,-1,-1,True,True,True,True,0.0220303130020618,-249,stable_negative,deprioritize
return_corr_graph,beta_context_layer,community_quality_score,15m,top5_member,24501,-0.0138336539288168,-0.0001552687892462,0.4918367346938775,-0.0607186950663302,strong_sample,downgrade,24239,-0.0051259469321776,-0.0002686901755552,0.4684275691291787,-0.0224748815094253,strong_sample,downgrade,2025-01-06_2025-01-17,2025-01-21_2025-01-31,-1,-1,True,True,True,True,0.0382438135569049,-262,stable_negative,deprioritize
return_corr_graph,beta_context_layer,community_quality_score,1m,top5_member,24938,-0.0080594131208063,-7.791918007389461e-05,0.4961893301243482,-0.0354362645870627,strong_sample,downgrade,24710,-0.0114161719126097,-0.0001694058487286,0.4868474301902064,-0.0501499910943885,strong_sample,downgrade,2025-01-06_2025-01-17,2025-01-21_2025-01-31,-1,-1,True,True,True,True,-0.014713726507325803,-228,stable_negative,deprioritize
return_corr_graph,beta_context_layer,community_quality_score,30m,top5_member,23821,-0.0106709104058814,-7.325281240741093e-05,0.5100755667506297,-0.046706342437401,strong_sample,downgrade,23557,-0.0052554215129876,-0.0001738513122741,0.4704883227176221,-0.0229774302968075,strong_sample,downgrade,2025-01-06_2025-01-17,2025-01-21_2025-01-31,-1,-1,True,True,True,True,0.023728912140593503,-264,stable_negative,deprioritize
return_corr_graph,beta_context_layer,community_quality_score,5m,top5_member,24848,-0.0053117660733792,-0.0001168553548483,0.5052334943639292,-0.0233468527824473,strong_sample,downgrade,24594,-0.0069349387077705,-0.0002460406401156,0.4778365189101261,-0.0304502536197278,strong_sample,downgrade,2025-01-06_2025-01-17,2025-01-21_2025-01-31,-1,-1,True,True,True,True,-0.007103400837280501,-254,stable_negative,deprioritize
return_corr_graph,beta_context_layer,edge_density_feature,15m,core_weighted,24774,-0.0170582032312285,-0.0001516030136489,0.4921275736778361,-0.0749539780669322,strong_sample,downgrade,24538,-0.0220577985467684,-0.00014373859489,0.4769669792091316,-0.0968305782806774,strong_sample,downgrade,2025-01-06_2025-01-17,2025-01-21_2025-01-31,-1,-1,True,True,True,True,-0.021876600213745198,-236,stable_negative,deprioritize
return_corr_graph,beta_context_layer,edge_density_feature,1m,core_weighted,24938,-0.0114803933557114,-4.356477179311456e-05,0.5058162855996791,-0.0504779008618243,strong_sample,downgrade,24710,-0.0051604866030335,-4.678216909266987e-05,0.5018211250505868,-0.0226694516485851,strong_sample,downgrade,2025-01-06_2025-01-17,2025-01-21_2025-01-31,-1,-1,True,True,True,True,0.0278084492132392,-228,stable_negative,deprioritize
return_corr_graph,beta_context_layer,edge_density_feature,30m,core_weighted,24605,-0.0206419017994158,-0.0002596351392886,0.4939024390243902,-0.090639437525258,strong_sample,downgrade,24347,-0.0158411785781234,-0.0003504346152301,0.4889071487263763,-0.0694867483520789,strong_sample,downgrade,2025-01-06_2025-01-17,2025-01-21_2025-01-31,-1,-1,True,True,True,True,0.0211526891731791,-258,stable_negative,deprioritize
return_corr_graph,beta_context_layer,edge_density_feature,5m,core_weighted,24893,-0.0152105327467768,-6.921067153233439e-05,0.4953796705504218,-0.0668669421673579,strong_sample,downgrade,24648,-0.0049501526273924,-1.192266949653182e-05,0.4857954545454545,-0.0217400768677272,strong_sample,downgrade,2025-01-06_2025-01-17,2025-01-21_2025-01-31,-1,-1,True,True,True,True,0.045126865299630704,-245,stable_negative,deprioritize
return_corr_graph,beta_context_layer,edge_density_feature,15m,equal_weight,24774,-0.0168505676191151,-0.0001566688209277,0.4921275736778361,-0.0740416243503479,strong_sample,downgrade,24538,-0.0215018512642651,-0.0001305948960665,0.474928658785161,-0.0943900492884379,strong_sample,downgrade,2025-01-06_2025-01-17,2025-01-21_2025-01-31,-1,-1,True,True,True,True,-0.02034842493809,-236,stable_negative,deprioritize
return_corr_graph,beta_context_layer,edge_density_feature,1m,equal_weight,24938,-0.0112805166620891,-4.723429904806439e-05,0.50220617729643,-0.049599067218007,strong_sample,downgrade,24710,-0.004602087335338,-4.2741644079504536e-05,0.5022258195062728,-0.0202164649104377,strong_sample,downgrade,2025-01-06_2025-01-17,2025-01-21_2025-01-31,-1,-1,True,True,True,True,0.029382602307569297,-228,stable_negative,deprioritize
return_corr_graph,beta_context_layer,edge_density_feature,30m,equal_weight,24605,-0.0201423549497685,-0.0002568500360282,0.4975609756097561,-0.0884459068172092,strong_sample,downgrade,24347,-0.0154442162729646,-0.0003273647636015,0.4893179950698438,-0.067745487771763,strong_sample,downgrade,2025-01-06_2025-01-17,2025-01-21_2025-01-31,-1,-1,True,True,True,True,0.0207004190454462,-258,stable_negative,deprioritize
return_corr_graph,beta_context_layer,edge_density_feature,5m,equal_weight,24893,-0.0148850856685555,-7.438968057844878e-05,0.4921655283246283,-0.0654362459964713,strong_sample,downgrade,24648,-0.0040612879475025,-8.936395523872169e-06,0.4849837662337662,-0.0178363615845091,strong_sample,downgrade,2025-01-06_2025-01-17,2025-01-21_2025-01-31,-1,-1,True,True,True,True,0.047599884411962196,-245,stable_negative,deprioritize
return_corr_graph,beta_context_layer,edge_density_feature,15m,member_weight,24774,-0.0168505676191151,-0.0001566688209277,0.4921275736778361,-0.0740416243503479,strong_sample,downgrade,24538,-0.0215018512642651,-0.0001305948960665,0.474928658785161,-0.0943900492884379,strong_sample,downgrade,2025-01-06_2025-01-17,2025-01-21_2025-01-31,-1,-1,True,True,True,True,-0.02034842493809,-236,stable_negative,deprioritize
return_corr_graph,beta_context_layer,edge_density_feature,1m,member_weight,24938,-0.0112805166620891,-4.723429904806439e-05,0.50220617729643,-0.049599067218007,strong_sample,downgrade,24710,-0.004602087335338,-4.2741644079504536e-05,0.5022258195062728,-0.0202164649104377,strong_sample,downgrade,2025-01-06_2025-01-17,2025-01-21_2025-01-31,-1,-1,True,True,True,True,0.029382602307569297,-228,stable_negative,deprioritize
return_corr_graph,beta_context_layer,edge_density_feature,30m,member_weight,24605,-0.0201423549497685,-0.0002568500360282,0.4975609756097561,-0.0884459068172092,strong_sample,downgrade,24347,-0.0154442162729646,-0.0003273647636015,0.4893179950698438,-0.067745487771763,strong_sample,downgrade,2025-01-06_2025-01-17,2025-01-21_2025-01-31,-1,-1,True,True,True,True,0.0207004190454462,-258,stable_negative,deprioritize
return_corr_graph,beta_context_layer,edge_density_feature,5m,member_weight,24893,-0.0148850856685555,-7.438968057844878e-05,0.4921655283246283,-0.0654362459964713,strong_sample,downgrade,24648,-0.0040612879475025,-8.936395523872169e-06,0.4849837662337662,-0.0178363615845091,strong_sample,downgrade,2025-01-06_2025-01-17,2025-01-21_2025-01-31,-1,-1,True,True,True,True,0.047599884411962196,-245,stable_negative,deprioritize
return_corr_graph,beta_context_layer,edge_density_feature,1m,top10_member,24938,-0.0101293432232409,-4.1635131951867656e-05,0.50220617729643,-0.0445374968588314,strong_sample,downgrade,24710,-0.0048216775157621,-8.155301087308239e-05,0.5022258195062728,-0.0211811004885442,strong_sample,downgrade,2025-01-06_2025-01-17,2025-01-21_2025-01-31,-1,-1,True,True,True,True,0.023356396370287198,-228,stable_negative,deprioritize
return_corr_graph,beta_context_layer,edge_density_feature,1m,top5_member,24938,-0.0015460307361848,-1.1526884600477371e-05,0.50220617729643,-0.006797710131739,strong_sample,downgrade,24710,-0.0091849362577727,-0.0001070569555836,0.5022258195062728,-0.0403484175830469,strong_sample,downgrade,2025-01-06_2025-01-17,2025-01-21_2025-01-31,-1,-1,True,True,True,True,-0.0335507074513079,-228,stable_negative,deprioritize
return_corr_graph,beta_context_layer,edge_density_feature,30m,top5_member,23821,-0.00389467091634,-0.0001286634593798,0.4941225860621326,-0.0170468897760872,strong_sample,downgrade,23557,-0.0009615885115402,-0.0001340204638212,0.486624203821656,-0.00420419807308,strong_sample,downgrade,2025-01-06_2025-01-17,2025-01-21_2025-01-31,-1,-1,True,True,True,True,0.012842691703007201,-264,stable_negative,deprioritize
volume_expansion_graph,theme_candidate_layer,community_avg_weight_feature,30m,core_weighted,23969,-0.0047316345901756,-0.0017185317860721,0.4987479131886477,-0.02072298876332,strong_sample,downgrade,26032,0.0083960726275187,-0.0004809370565753,0.4721475220898963,-0.0370730620260293,strong_sample,downgrade,2025-01-06_2025-01-17,2025-01-21_2025-01-31,-1,-1,True,False,True,True,-0.016350073262709302,2063,stable_negative,deprioritize
volume_expansion_graph,theme_candidate_layer,community_avg_weight_feature,30m,equal_weight,23969,-0.0050169230620677,-0.0016333297746898,0.494991652754591,-0.0219724575641441,strong_sample,downgrade,26032,0.0089305444927202,-0.0004755063446882,0.4740683826354206,-0.0394330354908657,strong_sample,downgrade,2025-01-06_2025-01-17,2025-01-21_2025-01-31,-1,-1,True,False,True,True,-0.0174605779267216,2063,stable_negative,deprioritize
volume_expansion_graph,theme_candidate_layer,community_avg_weight_feature,30m,member_weight,23969,-0.0050169230620677,-0.0016333297746898,0.494991652754591,-0.0219724575641441,strong_sample,downgrade,26032,0.0089305444927202,-0.0004755063446882,0.4740683826354206,-0.0394330354908657,strong_sample,downgrade,2025-01-06_2025-01-17,2025-01-21_2025-01-31,-1,-1,True,False,True,True,-0.0174605779267216,2063,stable_negative,deprioritize
volume_expansion_graph,theme_candidate_layer,community_avg_weight_feature,30m,top5_member,23905,0.0042589604325523,-0.0012626052959629,0.5075313807531381,-0.0186478877053585,strong_sample,downgrade,25972,0.0094671168011889,-0.0001649053643588,0.4751636503658067,-0.0417927964890655,strong_sample,downgrade,2025-01-06_2025-01-17,2025-01-21_2025-01-31,-1,-1,True,True,True,True,-0.023144908783706997,2067,stable_negative,deprioritize
volume_expansion_graph,theme_candidate_layer,community_mean_volume_z_12,15m,core_weighted,25943,-0.0392708495023102,-0.0038185605140616,0.4737856592135698,-0.1733429801981354,strong_sample,downgrade,28023,0.0168535862226039,-0.0017838919205662,0.4885795860099928,-0.0749568324276807,strong_sample,downgrade,2025-01-06_2025-01-17,2025-01-21_2025-01-31,-1,-1,True,False,True,True,0.09838614777045471,2080,stable_negative,deprioritize
volume_expansion_graph,theme_candidate_layer,community_mean_volume_z_12,30m,core_weighted,23969,-0.0564680307669236,-0.0054943687708922,0.4753756260434056,-0.2473112292947241,strong_sample,downgrade,26032,0.0207650016504373,-0.0035231016469494,0.4840568574721475,-0.0916883676820659,strong_sample,downgrade,2025-01-06_2025-01-17,2025-01-21_2025-01-31,-1,-1,True,False,True,True,0.1556228616126582,2063,stable_negative,deprioritize
volume_expansion_graph,theme_candidate_layer,community_mean_volume_z_12,5m,core_weighted,26904,-0.0216006444856006,-0.0021845174648611,0.4840148698884758,-0.0956872476854415,strong_sample,downgrade,28960,0.008814312655481,-0.0005028834703209,0.4982734806629834,-0.0393278196720925,strong_sample,downgrade,2025-01-06_2025-01-17,2025-01-21_2025-01-31,-1,-1,True,False,True,True,0.056359428013349,2056,stable_negative,deprioritize
volume_expansion_graph,theme_candidate_layer,community_mean_volume_z_12,15m,equal_weight,25943,-0.0398620841447304,-0.0038518172381038,0.4722436391673091,-0.1759527117474228,strong_sample,downgrade,28023,0.0165748247131427,-0.0016767567367617,0.4860813704496788,-0.0737170322168539,strong_sample,downgrade,2025-01-06_2025-01-17,2025-01-21_2025-01-31,-1,-1,True,False,True,True,0.1022356795305689,2080,stable_negative,deprioritize
volume_expansion_graph,theme_candidate_layer,community_mean_volume_z_12,30m,equal_weight,23969,-0.0573375697704137,-0.0056023441046532,0.4712020033388981,-0.2511195214726552,strong_sample,downgrade,26032,0.0206722570055627,-0.0034534197623758,0.4817518248175182,-0.0912788514564977,strong_sample,downgrade,2025-01-06_2025-01-17,2025-01-21_2025-01-31,-1,-1,True,False,True,True,0.1598406700161575,2063,stable_negative,deprioritize
volume_expansion_graph,theme_candidate_layer,community_mean_volume_z_12,5m,equal_weight,26904,-0.0220319508447236,-0.0022042908859898,0.4843866171003717,-0.0975978628266341,strong_sample,downgrade,28960,0.0086287571118769,-0.0004310178543421,0.4982734806629834,-0.0384999054326899,strong_sample,downgrade,2025-01-06_2025-01-17,2025-01-21_2025-01-31,-1,-1,True,False,True,True,0.0590979573939442,2056,stable_negative,deprioritize
volume_expansion_graph,theme_candidate_layer,community_mean_volume_z_12,15m,member_weight,25943,-0.0398620841447304,-0.0038518172381038,0.4722436391673091,-0.1759527117474228,strong_sample,downgrade,28023,0.0165748247131427,-0.0016767567367617,0.4860813704496788,-0.0737170322168539,strong_sample,downgrade,2025-01-06_2025-01-17,2025-01-21_2025-01-31,-1,-1,True,False,True,True,0.1022356795305689,2080,stable_negative,deprioritize
volume_expansion_graph,theme_candidate_layer,community_mean_volume_z_12,30m,member_weight,23969,-0.0573375697704137,-0.0056023441046532,0.4712020033388981,-0.2511195214726552,strong_sample,downgrade,26032,0.0206722570055627,-0.0034534197623758,0.4817518248175182,-0.0912788514564977,strong_sample,downgrade,2025-01-06_2025-01-17,2025-01-21_2025-01-31,-1,-1,True,False,True,True,0.1598406700161575,2063,stable_negative,deprioritize
volume_expansion_graph,theme_candidate_layer,community_mean_volume_z_12,5m,member_weight,26904,-0.0220319508447236,-0.0022042908859898,0.4843866171003717,-0.0975978628266341,strong_sample,downgrade,28960,0.0086287571118769,-0.0004310178543421,0.4982734806629834,-0.0384999054326899,strong_sample,downgrade,2025-01-06_2025-01-17,2025-01-21_2025-01-31,-1,-1,True,False,True,True,0.0590979573939442,2056,stable_negative,deprioritize
volume_expansion_graph,theme_candidate_layer,community_mean_volume_z_12,15m,top10_member,25931,-0.037514238182651,-0.0038403672514748,0.4743540300809872,-0.1655816954882511,strong_sample,downgrade,28014,0.0171546233593638,-0.0016427640069916,0.4930382006426276,-0.0762933111347804,strong_sample,downgrade,2025-01-06_2025-01-17,2025-01-21_2025-01-31,-1,-1,True,False,True,True,0.08928838435347071,2083,stable_negative,deprioritize
volume_expansion_graph,theme_candidate_layer,community_mean_volume_z_12,30m,top10_member,23962,-0.0568372103043138,-0.0056009750614707,0.4724540901502504,-0.2489209035246986,strong_sample,downgrade,26027,0.0202109498120134,-0.0035213818526225,0.4827056110684089,-0.0892402523675438,strong_sample,downgrade,2025-01-06_2025-01-17,2025-01-21_2025-01-31,-1,-1,True,False,True,True,0.1596806511571548,2065,stable_negative,deprioritize
volume_expansion_graph,theme_candidate_layer,community_mean_volume_z_12,5m,top10_member,26897,-0.0209584210221405,-0.0022042750257026,0.4886574934920044,-0.0928399365448813,strong_sample,downgrade,28947,0.0073998772364373,-0.0004245786061747,0.4944713199723566,-0.0330154296490693,strong_sample,downgrade,2025-01-06_2025-01-17,2025-01-21_2025-01-31,-1,-1,True,False,True,True,0.05982450689581201,2050,stable_negative,deprioritize
volume_expansion_graph,theme_candidate_layer,community_mean_volume_z_12,15m,top5_member,25904,-0.0331804585899772,-0.0034271340572774,0.4853281853281853,-0.1464380916694387,strong_sample,downgrade,27979,0.0180505827533959,-0.0013839055107136,0.4951734000715052,-0.0802681925839165,strong_sample,downgrade,2025-01-06_2025-01-17,2025-01-21_2025-01-31,-1,-1,True,False,True,True,0.06616989908552219,2075,stable_negative,deprioritize
volume_expansion_graph,theme_candidate_layer,community_mean_volume_z_12,30m,top5_member,23905,-0.0496517438111017,-0.0045111593183162,0.4878661087866108,-0.2174005036270747,strong_sample,downgrade,25972,0.020714712272342,-0.0033243274892261,0.4832499037350789,-0.0914455554429008,strong_sample,downgrade,2025-01-06_2025-01-17,2025-01-21_2025-01-31,-1,-1,True,False,True,True,0.1259549481841739,2067,stable_negative,deprioritize
volume_expansion_graph,theme_candidate_layer,community_mean_volume_z_12,5m,top5_member,26873,-0.0181705299328578,-0.0020260920368417,0.5005582433941198,-0.0804833153728214,strong_sample,downgrade,28935,0.0080193691552568,-0.0003087108663799,0.4994815070860698,-0.0357779222609214,strong_sample,downgrade,2025-01-06_2025-01-17,2025-01-21_2025-01-31,-1,-1,True,False,True,True,0.0447053931119,2062,stable_negative,deprioritize
volume_expansion_graph,theme_candidate_layer,feature_coverage_ratio,1m,core_weighted,27103,-0.0021644292994232,-4.112642118873851e-06,0.4966789667896679,-0.0095949873517167,strong_sample,downgrade,29183,0.0060788314128632,-0.0001372190148678,0.5133653187114462,-0.0271428625744251,strong_sample,downgrade,2025-01-06_2025-01-17,2025-01-21_2025-01-31,-1,-1,True,False,True,True,-0.0175478752227084,2080,stable_negative,deprioritize
volume_expansion_graph,theme_candidate_layer,feature_coverage_ratio,5m,core_weighted,26904,0.0111154323729644,-0.0004887770936195,0.4806691449814126,-0.049239509094816,strong_sample,downgrade,28960,0.0098125891993976,-3.2595229900873846e-05,0.4924033149171271,-0.0437819434860031,strong_sample,downgrade,2025-01-06_2025-01-17,2025-01-21_2025-01-31,-1,-1,True,True,True,True,0.0054575656088129,2056,stable_negative,deprioritize
volume_expansion_graph,theme_candidate_layer,feature_coverage_ratio,1m,equal_weight,27103,-0.0018267022670921,-3.6290761463479774e-05,0.4959409594095941,-0.008097832141143,strong_sample,downgrade,29183,0.005570558009145,-0.0001239806053852,0.5167923235092529,-0.0248733482203725,strong_sample,downgrade,2025-01-06_2025-01-17,2025-01-21_2025-01-31,-1,-1,True,False,True,True,-0.016775516079229502,2080,stable_negative,deprioritize
volume_expansion_graph,theme_candidate_layer,feature_coverage_ratio,5m,equal_weight,26904,0.0102982797001396,-0.0005037355686448,0.4795539033457249,-0.0456196592216546,strong_sample,downgrade,28960,0.0095189221110147,-3.691380526885499e-05,0.493439226519337,-0.0424716556908034,strong_sample,downgrade,2025-01-06_2025-01-17,2025-01-21_2025-01-31,-1,-1,True,True,True,True,0.0031480035308511997,2056,stable_negative,deprioritize
volume_expansion_graph,theme_candidate_layer,feature_coverage_ratio,1m,member_weight,27103,-0.0018267022670921,-3.6290761463479774e-05,0.4959409594095941,-0.008097832141143,strong_sample,downgrade,29183,0.005570558009145,-0.0001239806053852,0.5167923235092529,-0.0248733482203725,strong_sample,downgrade,2025-01-06_2025-01-17,2025-01-21_2025-01-31,-1,-1,True,False,True,True,-0.016775516079229502,2080,stable_negative,deprioritize
volume_expansion_graph,theme_candidate_layer,feature_coverage_ratio,5m,member_weight,26904,0.0102982797001396,-0.0005037355686448,0.4795539033457249,-0.0456196592216546,strong_sample,downgrade,28960,0.0095189221110147,-3.691380526885499e-05,0.493439226519337,-0.0424716556908034,strong_sample,downgrade,2025-01-06_2025-01-17,2025-01-21_2025-01-31,-1,-1,True,True,True,True,0.0031480035308511997,2056,stable_negative,deprioritize
volume_expansion_graph,theme_candidate_layer,feature_coverage_ratio,1m,top10_member,27103,-0.0033850058679197,-6.84101087942542e-05,0.4952029520295203,-0.0150058440332662,strong_sample,downgrade,29183,0.0058368204478517,-0.0001577268744901,0.5150788211103495,-0.0260622485684319,strong_sample,downgrade,2025-01-06_2025-01-17,2025-01-21_2025-01-31,-1,-1,True,False,True,True,-0.011056404535165699,2080,stable_negative,deprioritize
volume_expansion_graph,theme_candidate_layer,feature_coverage_ratio,5m,top10_member,26897,0.0136631951728942,-0.0003863673834901,0.4834510970621049,-0.0605241287743858,strong_sample,downgrade,28947,0.0074887643937203,-4.033236160600555e-05,0.4920525224602626,-0.0334120102401003,strong_sample,downgrade,2025-01-06_2025-01-17,2025-01-21_2025-01-31,-1,-1,True,True,True,True,0.027112118534285502,2050,stable_negative,deprioritize
volume_expansion_graph,theme_candidate_layer,feature_coverage_ratio,1m,top5_member,27100,-0.0064480299427426,-8.984647673661276e-05,0.488929889298893,-0.0285840220546305,strong_sample,downgrade,29182,0.0104762198292985,-0.000128481973547,0.5147361206305688,-0.0467776827669138,strong_sample,downgrade,2025-01-06_2025-01-17,2025-01-21_2025-01-31,-1,-1,True,False,True,True,-0.0181936607122833,2082,stable_negative,deprioritize
dtw_return_similarity_graph,weak_pair_candidate,community_avg_weight_feature,15m,core_weighted,4216,0.0215977130544373,4.033346112838088e-05,0.4940617577197149,0.0782917875960209,usable,keep_for_next_round,4365,-0.0092614778532819,0.0002354329168206,0.481651376146789,0.0337125548622039,usable,keep_for_next_round,2025-01-06_2025-01-17,2025-01-21_2025-01-31,1,1,True,False,True,True,-0.044579232733817004,149,stable_positive,confirm_layer_role
dtw_return_similarity_graph,weak_pair_candidate,community_avg_weight_feature,15m,equal_weight,4216,0.0220284057753046,5.6662250223773024e-05,0.4964370546318289,0.0798530502600957,usable,keep_for_next_round,4365,-0.0086010976666654,0.0002473433423373,0.4885321100917431,0.03130871568838,usable,keep_for_next_round,2025-01-06_2025-01-17,2025-01-21_2025-01-31,1,1,True,False,True,True,-0.048544334571715704,149,stable_positive,confirm_layer_role
dtw_return_similarity_graph,weak_pair_candidate,community_avg_weight_feature,15m,member_weight,4216,0.0220284057753046,5.6662250223773024e-05,0.4964370546318289,0.0798530502600957,usable,keep_for_next_round,4365,-0.0086010976666654,0.0002473433423373,0.4885321100917431,0.03130871568838,usable,keep_for_next_round,2025-01-06_2025-01-17,2025-01-21_2025-01-31,1,1,True,False,True,True,-0.048544334571715704,149,stable_positive,confirm_layer_role
dtw_return_similarity_graph,weak_pair_candidate,community_avg_weight_feature,15m,top10_member,4216,0.0218848855486718,5.6662250223773024e-05,0.4964370546318289,0.0793327889217334,usable,keep_for_next_round,4365,-0.0092930037608288,0.0002473433423373,0.4885321100917431,0.0338273118053821,usable,keep_for_next_round,2025-01-06_2025-01-17,2025-01-21_2025-01-31,1,1,True,False,True,True,-0.0455054771163513,149,stable_positive,confirm_layer_role
dtw_return_similarity_graph,weak_pair_candidate,community_avg_weight_feature,15m,top5_member,4216,0.020615059789546,5.6662250223773024e-05,0.4964370546318289,0.0747296659722409,usable,keep_for_next_round,4365,-0.0095570487641487,0.0002473433423373,0.4885321100917431,0.0347884577263172,usable,keep_for_next_round,2025-01-06_2025-01-17,2025-01-21_2025-01-31,1,1,True,False,True,True,-0.0399412082459237,149,stable_positive,confirm_layer_role
dtw_return_similarity_graph,weak_pair_candidate,edge_density_feature,5m,core_weighted,4296,0.0182308284551204,0.0001728422925647,0.4871794871794871,0.066235614312098,usable,keep_for_next_round,4431,0.0270575138688051,0.0006521393678025,0.5395033860045146,0.0986679233561552,usable,keep_for_next_round,2025-01-06_2025-01-17,2025-01-21_2025-01-31,1,1,True,True,True,True,0.032432309044057195,135,stable_positive,confirm_layer_role
dtw_return_similarity_graph,weak_pair_candidate,edge_density_feature,5m,equal_weight,4296,0.0171989647290122,0.0001713638488873,0.4848484848484848,0.0624866827726785,usable,keep_for_next_round,4431,0.0260423445190743,0.0006369317935161,0.5417607223476298,0.0949660070574727,usable,keep_for_next_round,2025-01-06_2025-01-17,2025-01-21_2025-01-31,1,1,True,True,True,True,0.0324793242847942,135,stable_positive,confirm_layer_role
dtw_return_similarity_graph,weak_pair_candidate,edge_density_feature,5m,member_weight,4296,0.0171989647290122,0.0001713638488873,0.4848484848484848,0.0624866827726785,usable,keep_for_next_round,4431,0.0260423445190743,0.0006369317935161,0.5417607223476298,0.0949660070574727,usable,keep_for_next_round,2025-01-06_2025-01-17,2025-01-21_2025-01-31,1,1,True,True,True,True,0.0324793242847942,135,stable_positive,confirm_layer_role
dtw_return_similarity_graph,weak_pair_candidate,edge_density_feature,5m,top10_member,4296,0.0145309127480438,0.0001344738938218,0.4848484848484848,0.0527932087535964,usable,keep_for_next_round,4431,0.0257880435107848,0.0006269751405515,0.5417607223476298,0.094038673063782,usable,keep_for_next_round,2025-01-06_2025-01-17,2025-01-21_2025-01-31,1,1,True,True,True,True,0.041245464310185595,135,stable_positive,confirm_layer_role
dtw_return_similarity_graph,weak_pair_candidate,edge_density_feature,30m,top5_member,4062,0.0503004067460626,3.983014667916711e-05,0.4408866995073892,0.181526463047254,usable,keep_for_next_round,4207,-0.032703546096711,0.0001347245869186,0.5190476190476191,0.1185201277314944,usable,keep_for_next_round,2025-01-06_2025-01-17,2025-01-21_2025-01-31,1,1,True,False,True,True,-0.06300633531575961,145,stable_positive,confirm_layer_role
dtw_return_similarity_graph,weak_pair_candidate,edge_density_feature,5m,top5_member,4296,0.0180638134865768,0.000135647987786,0.4848484848484848,0.0656288213148388,usable,keep_for_next_round,4431,0.0271928367690987,0.0006990529877856,0.5417607223476298,0.0991613918107679,usable,keep_for_next_round,2025-01-06_2025-01-17,2025-01-21_2025-01-31,1,1,True,True,True,True,0.0335325704959291,135,stable_positive,confirm_layer_role
flow_alignment_graph,event_alignment_layer,community_member_count,15m,core_weighted,27671,0.0498634830888883,0.0012927881645224,0.5095771593783881,0.2214956137955319,strong_sample,keep_for_next_round,26980,0.0271406103484308,0.0002207967955824,0.508524833209785,0.1202616197476292,strong_sample,keep_for_next_round,2025-01-06_2025-01-17,2025-01-21_2025-01-31,1,1,True,True,True,True,-0.1012339940479027,-691,stable_positive,confirm_layer_role
flow_alignment_graph,event_alignment_layer,community_member_count,30m,core_weighted,27603,0.0509990586982118,0.0016220271754198,0.5224637681159421,0.2264853926605294,strong_sample,keep_for_next_round,26903,0.0159997924188767,0.000433431954803,0.5022304832713754,0.0708761501225466,strong_sample,keep_for_next_round,2025-01-06_2025-01-17,2025-01-21_2025-01-31,1,1,True,True,True,True,-0.1556092425379828,-700,stable_positive,confirm_layer_role
flow_alignment_graph,event_alignment_layer,community_member_count,5m,core_weighted,27746,0.0165671370483631,0.0005783687468146,0.4938716654650324,0.0736113689735097,strong_sample,keep_for_next_round,27044,0.0102399427768987,0.0001098155786312,0.4907544378698225,0.045384317116605,strong_sample,keep_for_next_round,2025-01-06_2025-01-17,2025-01-21_2025-01-31,1,1,True,True,True,True,-0.028227051856904703,-702,stable_positive,confirm_layer_role
flow_alignment_graph,event_alignment_layer,community_member_count,15m,equal_weight,27671,0.0492712471293727,0.0012427409167171,0.506685941452837,0.218864877648784,strong_sample,keep_for_next_round,26980,0.0277929584745796,0.0002003198086166,0.5114899925871016,0.1231522121581467,strong_sample,keep_for_next_round,2025-01-06_2025-01-17,2025-01-21_2025-01-31,1,1,True,True,True,True,-0.09571266549063731,-691,stable_positive,confirm_layer_role
flow_alignment_graph,event_alignment_layer,community_member_count,30m,equal_weight,27603,0.0500853113615575,0.0015747403960073,0.5173913043478261,0.222427466306255,strong_sample,keep_for_next_round,26903,0.0160671408446999,0.0004126924099099,0.5059479553903345,0.0711744913143692,strong_sample,keep_for_next_round,2025-01-06_2025-01-17,2025-01-21_2025-01-31,1,1,True,True,True,True,-0.1512529749918858,-700,stable_positive,confirm_layer_role
flow_alignment_graph,event_alignment_layer,community_member_count,5m,equal_weight,27746,0.0162855812975204,0.0005733045466519,0.4956741167988464,0.0723603559468538,strong_sample,keep_for_next_round,27044,0.0112207379716871,0.0001010154111105,0.4918639053254438,0.0497312867351403,strong_sample,keep_for_next_round,2025-01-06_2025-01-17,2025-01-21_2025-01-31,1,1,True,True,True,True,-0.022629069211713503,-702,stable_positive,confirm_layer_role
flow_alignment_graph,event_alignment_layer,community_member_count,15m,member_weight,27671,0.0492712471293727,0.0012427409167171,0.506685941452837,0.218864877648784,strong_sample,keep_for_next_round,26980,0.0277929584745796,0.0002003198086166,0.5114899925871016,0.1231522121581467,strong_sample,keep_for_next_round,2025-01-06_2025-01-17,2025-01-21_2025-01-31,1,1,True,True,True,True,-0.09571266549063731,-691,stable_positive,confirm_layer_role
flow_alignment_graph,event_alignment_layer,community_member_count,30m,member_weight,27603,0.0500853113615575,0.0015747403960073,0.5173913043478261,0.222427466306255,strong_sample,keep_for_next_round,26903,0.0160671408446999,0.0004126924099099,0.5059479553903345,0.0711744913143692,strong_sample,keep_for_next_round,2025-01-06_2025-01-17,2025-01-21_2025-01-31,1,1,True,True,True,True,-0.1512529749918858,-700,stable_positive,confirm_layer_role
flow_alignment_graph,event_alignment_layer,community_member_count,5m,member_weight,27746,0.0162855812975204,0.0005733045466519,0.4956741167988464,0.0723603559468538,strong_sample,keep_for_next_round,27044,0.0112207379716871,0.0001010154111105,0.4918639053254438,0.0497312867351403,strong_sample,keep_for_next_round,2025-01-06_2025-01-17,2025-01-21_2025-01-31,1,1,True,True,True,True,-0.022629069211713503,-702,stable_positive,confirm_layer_role
flow_alignment_graph,event_alignment_layer,community_member_count,15m,top10_member,27513,0.0352145088609122,0.001044419855729,0.4776444929116685,0.156336704267222,strong_sample,keep_for_next_round,26802,0.0178898164146729,0.0003372403677353,0.5033582089552239,0.079219388190316,strong_sample,keep_for_next_round,2025-01-06_2025-01-17,2025-01-21_2025-01-31,1,1,True,True,True,True,-0.07711731607690599,-711,stable_positive,confirm_layer_role
flow_alignment_graph,event_alignment_layer,community_member_count,30m,top10_member,27048,0.0296413855739203,0.0012932372948579,0.4948224852071006,0.1313751030530381,strong_sample,keep_for_next_round,26322,0.009068757177777,0.0004349619606296,0.4848024316109423,0.0400869482397609,strong_sample,keep_for_next_round,2025-01-06_2025-01-17,2025-01-21_2025-01-31,1,1,True,True,True,True,-0.09128815481327719,-726,stable_positive,confirm_layer_role
flow_alignment_graph,event_alignment_layer,community_member_count,5m,top10_member,27725,0.0166660660217476,0.0005089295607248,0.4971139971139971,0.0740454517174051,strong_sample,keep_for_next_round,27025,0.0107614083591607,0.0001426335908797,0.5074019245003701,0.0476922134117948,strong_sample,keep_for_next_round,2025-01-06_2025-01-17,2025-01-21_2025-01-31,1,1,True,True,True,True,-0.02635323830561031,-700,stable_positive,confirm_layer_role
flow_alignment_graph,event_alignment_layer,community_member_count,15m,top5_member,27318,0.0323424515588867,0.0008615160738073,0.4829732698645185,0.1434861478266013,strong_sample,keep_for_next_round,26603,0.0140923896016163,0.0003341967241714,0.4812030075187969,0.062358076233152,strong_sample,keep_for_next_round,2025-01-06_2025-01-17,2025-01-21_2025-01-31,1,1,True,True,True,True,-0.08112807159344929,-715,stable_positive,confirm_layer_role
flow_alignment_graph,event_alignment_layer,community_member_count,30m,top5_member,26648,0.0186804993219289,0.0013591088476523,0.4628378378378378,0.0826739293658908,strong_sample,keep_for_next_round,25912,0.00892221051585,0.0008136077421482,0.4862987263604786,0.039378333990576,strong_sample,keep_for_next_round,2025-01-06_2025-01-17,2025-01-21_2025-01-31,1,1,True,True,True,True,-0.0432955953753148,-736,stable_positive,confirm_layer_role
flow_alignment_graph,event_alignment_layer,community_member_count,5m,top5_member,27677,0.0149285806363241,0.0003866764783635,0.4828333935670401,0.0663147661408855,strong_sample,keep_for_next_round,26971,0.0106244121500246,0.0002042236988112,0.4957360029662588,0.047075847517237,strong_sample,keep_for_next_round,2025-01-06_2025-01-17,2025-01-21_2025-01-31,1,1,True,True,True,True,-0.019238918623648495,-706,stable_positive,confirm_layer_role
flow_alignment_graph,event_alignment_layer,flow_layer_participation_ratio,30m,equal_weight,27603,0.0424912849652734,0.0007260801502796,0.519927536231884,0.1887026075708302,strong_sample,keep_for_next_round,26903,-0.0119372795187421,1.662134992728494e-05,0.4933085501858736,0.0528799620066924,strong_sample,keep_for_next_round,2025-01-06_2025-01-17,2025-01-21_2025-01-31,1,1,True,False,True,True,-0.1358226455641378,-700,stable_positive,confirm_layer_role
flow_alignment_graph,event_alignment_layer,flow_layer_participation_ratio,30m,member_weight,27603,0.0424912849652734,0.0007260801502796,0.519927536231884,0.1887026075708302,strong_sample,keep_for_next_round,26903,-0.0119372795187421,1.662134992728494e-05,0.4933085501858736,0.0528799620066924,strong_sample,keep_for_next_round,2025-01-06_2025-01-17,2025-01-21_2025-01-31,1,1,True,False,True,True,-0.1358226455641378,-700,stable_positive,confirm_layer_role
flow_alignment_graph,event_alignment_layer,flow_layer_participation_ratio,30m,top10_member,27048,0.0431803989163699,0.0020531121797338,0.5380917159763313,0.191382057473743,strong_sample,keep_for_next_round,26322,-0.0084653184562615,0.0007445821410527,0.4703647416413374,0.037419546707108,strong_sample,keep_for_next_round,2025-01-06_2025-01-17,2025-01-21_2025-01-31,1,1,True,False,True,True,-0.153962510766635,-726,stable_positive,confirm_layer_role
flow_alignment_graph,event_alignment_layer,flow_layer_participation_ratio,30m,top5_member,26648,0.033636390104857,0.0018456075146614,0.5236486486486487,0.1488639297980688,strong_sample,keep_for_next_round,25912,-0.0085693148268823,0.0004941057595428,0.4654573523736009,0.0378208226228138,strong_sample,keep_for_next_round,2025-01-06_2025-01-17,2025-01-21_2025-01-31,1,1,True,False,True,True,-0.11104310717525501,-736,stable_positive,confirm_layer_role
flow_alignment_graph,event_alignment_layer,flow_member_count_z,15m,core_weighted,27671,0.0498634830888883,0.0012927881645224,0.5095771593783881,0.2214956137955319,strong_sample,keep_for_next_round,26980,0.0271406103484308,0.0002207967955824,0.508524833209785,0.1202616197476292,strong_sample,keep_for_next_round,2025-01-06_2025-01-17,2025-01-21_2025-01-31,1,1,True,True,True,True,-0.1012339940479027,-691,stable_positive,confirm_layer_role
flow_alignment_graph,event_alignment_layer,flow_member_count_z,30m,core_weighted,27603,0.0509990586982118,0.0016220271754198,0.5224637681159421,0.2264853926605294,strong_sample,keep_for_next_round,26903,0.0159997924188767,0.000433431954803,0.5022304832713754,0.0708761501225466,strong_sample,keep_for_next_round,2025-01-06_2025-01-17,2025-01-21_2025-01-31,1,1,True,True,True,True,-0.1556092425379828,-700,stable_positive,confirm_layer_role
flow_alignment_graph,event_alignment_layer,flow_member_count_z,5m,core_weighted,27746,0.0165671370483631,0.0005783687468146,0.4938716654650324,0.0736113689735097,strong_sample,keep_for_next_round,27044,0.0102399427768987,0.0001098155786312,0.4907544378698225,0.045384317116605,strong_sample,keep_for_next_round,2025-01-06_2025-01-17,2025-01-21_2025-01-31,1,1,True,True,True,True,-0.028227051856904703,-702,stable_positive,confirm_layer_role
flow_alignment_graph,event_alignment_layer,flow_member_count_z,15m,equal_weight,27671,0.0492712471293727,0.0012427409167171,0.506685941452837,0.218864877648784,strong_sample,keep_for_next_round,26980,0.0277929584745796,0.0002003198086166,0.5114899925871016,0.1231522121581467,strong_sample,keep_for_next_round,2025-01-06_2025-01-17,2025-01-21_2025-01-31,1,1,True,True,True,True,-0.09571266549063731,-691,stable_positive,confirm_layer_role
flow_alignment_graph,event_alignment_layer,flow_member_count_z,30m,equal_weight,27603,0.0500853113615575,0.0015747403960073,0.5173913043478261,0.222427466306255,strong_sample,keep_for_next_round,26903,0.0160671408446999,0.0004126924099099,0.5059479553903345,0.0711744913143692,strong_sample,keep_for_next_round,2025-01-06_2025-01-17,2025-01-21_2025-01-31,1,1,True,True,True,True,-0.1512529749918858,-700,stable_positive,confirm_layer_role
flow_alignment_graph,event_alignment_layer,flow_member_count_z,5m,equal_weight,27746,0.0162855812975204,0.0005733045466519,0.4956741167988464,0.0723603559468538,strong_sample,keep_for_next_round,27044,0.0112207379716871,0.0001010154111105,0.4918639053254438,0.0497312867351403,strong_sample,keep_for_next_round,2025-01-06_2025-01-17,2025-01-21_2025-01-31,1,1,True,True,True,True,-0.022629069211713503,-702,stable_positive,confirm_layer_role
flow_alignment_graph,event_alignment_layer,flow_member_count_z,15m,member_weight,27671,0.0492712471293727,0.0012427409167171,0.506685941452837,0.218864877648784,strong_sample,keep_for_next_round,26980,0.0277929584745796,0.0002003198086166,0.5114899925871016,0.1231522121581467,strong_sample,keep_for_next_round,2025-01-06_2025-01-17,2025-01-21_2025-01-31,1,1,True,True,True,True,-0.09571266549063731,-691,stable_positive,confirm_layer_role
flow_alignment_graph,event_alignment_layer,flow_member_count_z,30m,member_weight,27603,0.0500853113615575,0.0015747403960073,0.5173913043478261,0.222427466306255,strong_sample,keep_for_next_round,26903,0.0160671408446999,0.0004126924099099,0.5059479553903345,0.0711744913143692,strong_sample,keep_for_next_round,2025-01-06_2025-01-17,2025-01-21_2025-01-31,1,1,True,True,True,True,-0.1512529749918858,-700,stable_positive,confirm_layer_role
flow_alignment_graph,event_alignment_layer,flow_member_count_z,5m,member_weight,27746,0.0162855812975204,0.0005733045466519,0.4956741167988464,0.0723603559468538,strong_sample,keep_for_next_round,27044,0.0112207379716871,0.0001010154111105,0.4918639053254438,0.0497312867351403,strong_sample,keep_for_next_round,2025-01-06_2025-01-17,2025-01-21_2025-01-31,1,1,True,True,True,True,-0.022629069211713503,-702,stable_positive,confirm_layer_role
flow_alignment_graph,event_alignment_layer,flow_member_count_z,15m,top10_member,27513,0.0352145088609122,0.001044419855729,0.4776444929116685,0.156336704267222,strong_sample,keep_for_next_round,26802,0.0178898164146729,0.0003372403677353,0.5033582089552239,0.079219388190316,strong_sample,keep_for_next_round,2025-01-06_2025-01-17,2025-01-21_2025-01-31,1,1,True,True,True,True,-0.07711731607690599,-711,stable_positive,confirm_layer_role
flow_alignment_graph,event_alignment_layer,flow_member_count_z,30m,top10_member,27048,0.0296413855739203,0.0012932372948579,0.4948224852071006,0.1313751030530381,strong_sample,keep_for_next_round,26322,0.009068757177777,0.0004349619606296,0.4848024316109423,0.0400869482397609,strong_sample,keep_for_next_round,2025-01-06_2025-01-17,2025-01-21_2025-01-31,1,1,True,True,True,True,-0.09128815481327719,-726,stable_positive,confirm_layer_role
flow_alignment_graph,event_alignment_layer,flow_member_count_z,5m,top10_member,27725,0.0166660660217476,0.0005089295607248,0.4971139971139971,0.0740454517174051,strong_sample,keep_for_next_round,27025,0.0107614083591607,0.0001426335908797,0.5074019245003701,0.0476922134117948,strong_sample,keep_for_next_round,2025-01-06_2025-01-17,2025-01-21_2025-01-31,1,1,True,True,True,True,-0.02635323830561031,-700,stable_positive,confirm_layer_role
flow_alignment_graph,event_alignment_layer,flow_member_count_z,15m,top5_member,27318,0.0323424515588867,0.0008615160738073,0.4829732698645185,0.1434861478266013,strong_sample,keep_for_next_round,26603,0.0140923896016163,0.0003341967241714,0.4812030075187969,0.062358076233152,strong_sample,keep_for_next_round,2025-01-06_2025-01-17,2025-01-21_2025-01-31,1,1,True,True,True,True,-0.08112807159344929,-715,stable_positive,confirm_layer_role
flow_alignment_graph,event_alignment_layer,flow_member_count_z,30m,top5_member,26648,0.0186804993219289,0.0013591088476523,0.4628378378378378,0.0826739293658908,strong_sample,keep_for_next_round,25912,0.00892221051585,0.0008136077421482,0.4862987263604786,0.039378333990576,strong_sample,keep_for_next_round,2025-01-06_2025-01-17,2025-01-21_2025-01-31,1,1,True,True,True,True,-0.0432955953753148,-736,stable_positive,confirm_layer_role
flow_alignment_graph,event_alignment_layer,flow_member_count_z,5m,top5_member,27677,0.0149285806363241,0.0003866764783635,0.4828333935670401,0.0663147661408855,strong_sample,keep_for_next_round,26971,0.0106244121500246,0.0002042236988112,0.4957360029662588,0.047075847517237,strong_sample,keep_for_next_round,2025-01-06_2025-01-17,2025-01-21_2025-01-31,1,1,True,True,True,True,-0.019238918623648495,-706,stable_positive,confirm_layer_role
return_corr_graph,beta_context_layer,community_member_count,15m,core_weighted,24774,0.0168718273208622,6.95614400630767e-05,0.5115058538554703,0.0741350397702993,strong_sample,keep_for_next_round,24538,0.0250007499390531,0.0001262246196994,0.5295556461475744,0.1097497136405658,strong_sample,keep_for_next_round,2025-01-06_2025-01-17,2025-01-21_2025-01-31,1,1,True,True,True,True,0.0356146738702665,-236,stable_positive,confirm_layer_role
return_corr_graph,beta_context_layer,community_member_count,30m,core_weighted,24605,0.0194523796948803,0.0004188498968139,0.5345528455284553,0.0854161971704371,strong_sample,keep_for_next_round,24347,0.0162460195555795,0.0001989552696059,0.5086277732128184,0.0712625684392251,strong_sample,keep_for_next_round,2025-01-06_2025-01-17,2025-01-21_2025-01-31,1,1,True,True,True,True,-0.014153628731211995,-258,stable_positive,confirm_layer_role
return_corr_graph,beta_context_layer,community_member_count,5m,core_weighted,24893,0.0160031002181423,0.0001085311312179,0.5058256327842507,0.0703511438159002,strong_sample,keep_for_next_round,24648,0.0085183453514903,5.571192282051507e-05,0.494724025974026,0.0374108631928787,strong_sample,keep_for_next_round,2025-01-06_2025-01-17,2025-01-21_2025-01-31,1,1,True,True,True,True,-0.0329402806230215,-245,stable_positive,confirm_layer_role
return_corr_graph,beta_context_layer,community_member_count,15m,equal_weight,24774,0.0165403442248287,6.504217885714034e-05,0.5098909971740008,0.0726784985172224,strong_sample,keep_for_next_round,24538,0.0243735034555439,0.0001113056574807,0.5258866693844272,0.106996191361634,strong_sample,keep_for_next_round,2025-01-06_2025-01-17,2025-01-21_2025-01-31,1,1,True,True,True,True,0.03431769284441161,-236,stable_positive,confirm_layer_role
return_corr_graph,beta_context_layer,community_member_count,30m,equal_weight,24605,0.0187893543994776,0.0004095879493315,0.5304878048780488,0.0825048259012443,strong_sample,keep_for_next_round,24347,0.0158419854408017,0.0001641093045351,0.5053410024650781,0.0694902876255998,strong_sample,keep_for_next_round,2025-01-06_2025-01-17,2025-01-21_2025-01-31,1,1,True,True,True,True,-0.0130145382756445,-258,stable_positive,confirm_layer_role
return_corr_graph,beta_context_layer,community_member_count,5m,equal_weight,24893,0.0156445399109428,0.0001099704736909,0.5014061872237846,0.0687748787550923,strong_sample,keep_for_next_round,24648,0.00764410830632,5.63809728139159e-05,0.4939123376623376,0.0335713895456532,strong_sample,keep_for_next_round,2025-01-06_2025-01-17,2025-01-21_2025-01-31,1,1,True,True,True,True,-0.0352034892094391,-245,stable_positive,confirm_layer_role
return_corr_graph,beta_context_layer,community_member_count,15m,member_weight,24774,0.0165403442248287,6.504217885714034e-05,0.5098909971740008,0.0726784985172224,strong_sample,keep_for_next_round,24538,0.0243735034555439,0.0001113056574807,0.5258866693844272,0.106996191361634,strong_sample,keep_for_next_round,2025-01-06_2025-01-17,2025-01-21_2025-01-31,1,1,True,True,True,True,0.03431769284441161,-236,stable_positive,confirm_layer_role
return_corr_graph,beta_context_layer,community_member_count,30m,member_weight,24605,0.0187893543994776,0.0004095879493315,0.5304878048780488,0.0825048259012443,strong_sample,keep_for_next_round,24347,0.0158419854408017,0.0001641093045351,0.5053410024650781,0.0694902876255998,strong_sample,keep_for_next_round,2025-01-06_2025-01-17,2025-01-21_2025-01-31,1,1,True,True,True,True,-0.0130145382756445,-258,stable_positive,confirm_layer_role
return_corr_graph,beta_context_layer,community_member_count,5m,member_weight,24893,0.0156445399109428,0.0001099704736909,0.5014061872237846,0.0687748787550923,strong_sample,keep_for_next_round,24648,0.00764410830632,5.63809728139159e-05,0.4939123376623376,0.0335713895456532,strong_sample,keep_for_next_round,2025-01-06_2025-01-17,2025-01-21_2025-01-31,1,1,True,True,True,True,-0.0352034892094391,-245,stable_positive,confirm_layer_role
return_corr_graph,beta_context_layer,community_member_count,30m,top10_member,24153,0.0142227034617935,0.000301772413405,0.5097308488612836,0.0623379537046049,strong_sample,keep_for_next_round,23880,0.0042060995099974,0.0002026172201148,0.4711055276381909,0.0184145245112185,strong_sample,keep_for_next_round,2025-01-06_2025-01-17,2025-01-21_2025-01-31,1,1,True,True,True,True,-0.0439234291933864,-273,stable_positive,confirm_layer_role
return_corr_graph,beta_context_layer,community_member_count,5m,top10_member,24881,0.0087984251962025,8.524809149045129e-05,0.4971864951768489,0.038676867857738,strong_sample,keep_for_next_round,24632,0.003754295231758,3.954791002321592e-05,0.4868047097036135,0.0164870524852876,strong_sample,keep_for_next_round,2025-01-06_2025-01-17,2025-01-21_2025-01-31,1,1,True,True,True,True,-0.022189815372450402,-249,stable_positive,confirm_layer_role
return_corr_graph,beta_context_layer,community_member_count,15m,top5_member,24501,0.0054660456159782,0.0002602218848772,0.4987755102040816,0.0239915758109194,strong_sample,keep_for_next_round,24239,0.0048997870601768,8.218904926301788e-05,0.4824597606273215,0.0214832761743218,strong_sample,keep_for_next_round,2025-01-06_2025-01-17,2025-01-21_2025-01-31,1,1,True,True,True,True,-0.0025082996365975996,-262,stable_positive,confirm_layer_role
return_corr_graph,beta_context_layer,community_member_count,1m,top5_member,24938,0.0012654107382219,0.0001176119237243,0.5050140393100682,0.0055638579458321,strong_sample,keep_for_next_round,24710,0.0117377141149883,3.557199454988353e-05,0.5163901254552813,0.0515624907229151,strong_sample,keep_for_next_round,2025-01-06_2025-01-17,2025-01-21_2025-01-31,1,1,True,True,True,True,0.045998632777083,-228,stable_positive,confirm_layer_role
return_corr_graph,beta_context_layer,community_member_count,30m,top5_member,23821,0.0041077788406738,0.0001570869349546,0.5113350125944585,0.0179796585194713,strong_sample,keep_for_next_round,23557,0.002731427303657,6.84761650534059e-05,0.4662420382165605,0.0119421782487808,strong_sample,keep_for_next_round,2025-01-06_2025-01-17,2025-01-21_2025-01-31,1,1,True,True,True,True,-0.006037480270690499,-264,stable_positive,confirm_layer_role
return_corr_graph,beta_context_layer,community_member_count,5m,top5_member,24848,0.0035578795679193,0.0001008289743446,0.4879227053140096,0.0156379797872095,strong_sample,keep_for_next_round,24594,0.0078797843297708,0.0001024041771904,0.5018300122000814,0.0345989260209938,strong_sample,keep_for_next_round,2025-01-06_2025-01-17,2025-01-21_2025-01-31,1,1,True,True,True,True,0.0189609462337843,-254,stable_positive,confirm_layer_role
volume_expansion_graph,theme_candidate_layer,community_quality_score,15m,core_weighted,25943,-0.0015270255580046,0.0006451616562501,0.5115651503469545,0.0067403472147366,strong_sample,prioritize_for_next_round,28023,-0.0038797032215087,0.0006408621508925,0.4971448965024982,0.017255096951041,strong_sample,prioritize_for_next_round,2025-01-06_2025-01-17,2025-01-21_2025-01-31,1,1,True,True,True,True,0.0105147497363044,2080,stable_positive,confirm_layer_role
volume_expansion_graph,theme_candidate_layer,community_quality_score,1m,core_weighted,27103,0.0036187587660803,0.0003796620241855,0.4996309963099631,0.016042078435506,strong_sample,prioritize_for_next_round,29183,0.0023696416931239,7.33536366345165e-05,0.5154215215901302,0.0105807933233659,strong_sample,prioritize_for_next_round,2025-01-06_2025-01-17,2025-01-21_2025-01-31,1,1,True,True,True,True,-0.005461285112140101,2080,stable_positive,confirm_layer_role
volume_expansion_graph,theme_candidate_layer,community_quality_score,30m,core_weighted,23969,0.004393743668804,0.0028242439532399,0.498330550918197,0.0192431386959986,strong_sample,prioritize_for_next_round,26032,-0.0027109390111672,0.0011923590469214,0.49212447176335,0.0119702168583415,strong_sample,prioritize_for_next_round,2025-01-06_2025-01-17,2025-01-21_2025-01-31,1,1,True,False,True,True,-0.007272921837657098,2063,stable_positive,confirm_layer_role
volume_expansion_graph,theme_candidate_layer,community_quality_score,5m,core_weighted,26904,0.0002760204845673,0.0002540779959355,0.4758364312267658,0.0012227246502137,strong_sample,prioritize_for_next_round,28960,-0.0048581225037701,0.0005101593578759,0.5048342541436464,0.0216760368324804,strong_sample,prioritize_for_next_round,2025-01-06_2025-01-17,2025-01-21_2025-01-31,1,1,True,False,True,True,0.0204533121822667,2056,stable_positive,confirm_layer_role
volume_expansion_graph,theme_candidate_layer,community_quality_score,15m,equal_weight,25943,-0.0002419909575387,0.000660011976442,0.5084811102544333,0.0010681570246727,strong_sample,prioritize_for_next_round,28023,-0.0029071502098267,0.0006908821285769,0.5021413276231264,0.0129296381340973,strong_sample,prioritize_for_next_round,2025-01-06_2025-01-17,2025-01-21_2025-01-31,1,1,True,True,True,True,0.0118614811094246,2080,stable_positive,confirm_layer_role
volume_expansion_graph,theme_candidate_layer,community_quality_score,1m,equal_weight,27103,0.0039328647387202,0.0004097987213108,0.5,0.0174345206997933,strong_sample,prioritize_for_next_round,29183,0.0030094255921514,8.359334630718232e-05,0.5147361206305688,0.0134375210838836,strong_sample,prioritize_for_next_round,2025-01-06_2025-01-17,2025-01-21_2025-01-31,1,1,True,True,True,True,-0.003996999615909701,2080,stable_positive,confirm_layer_role
volume_expansion_graph,theme_candidate_layer,community_quality_score,30m,equal_weight,23969,0.0053455494941029,0.0029372346835694,0.4974958263772955,0.0234117322436672,strong_sample,prioritize_for_next_round,26032,-0.0018383850379351,0.0012144434029223,0.4959661928543987,0.0081174336576974,strong_sample,prioritize_for_next_round,2025-01-06_2025-01-17,2025-01-21_2025-01-31,1,1,True,False,True,True,-0.015294298585969798,2063,stable_positive,confirm_layer_role
volume_expansion_graph,theme_candidate_layer,community_quality_score,5m,equal_weight,26904,0.0006586136855292,0.0002779635736495,0.475092936802974,0.0029175486360263,strong_sample,prioritize_for_next_round,28960,-0.0046714123770124,0.0005081293106661,0.5034530386740331,0.0208429710583143,strong_sample,prioritize_for_next_round,2025-01-06_2025-01-17,2025-01-21_2025-01-31,1,1,True,False,True,True,0.017925422422288,2056,stable_positive,confirm_layer_role
volume_expansion_graph,theme_candidate_layer,community_quality_score,15m,member_weight,25943,-0.0002419909575387,0.000660011976442,0.5084811102544333,0.0010681570246727,strong_sample,prioritize_for_next_round,28023,-0.0029071502098267,0.0006908821285769,0.5021413276231264,0.0129296381340973,strong_sample,prioritize_for_next_round,2025-01-06_2025-01-17,2025-01-21_2025-01-31,1,1,True,True,True,True,0.0118614811094246,2080,stable_positive,confirm_layer_role
volume_expansion_graph,theme_candidate_layer,community_quality_score,1m,member_weight,27103,0.0039328647387202,0.0004097987213108,0.5,0.0174345206997933,strong_sample,prioritize_for_next_round,29183,0.0030094255921514,8.359334630718232e-05,0.5147361206305688,0.0134375210838836,strong_sample,prioritize_for_next_round,2025-01-06_2025-01-17,2025-01-21_2025-01-31,1,1,True,True,True,True,-0.003996999615909701,2080,stable_positive,confirm_layer_role
volume_expansion_graph,theme_candidate_layer,community_quality_score,30m,member_weight,23969,0.0053455494941029,0.0029372346835694,0.4974958263772955,0.0234117322436672,strong_sample,prioritize_for_next_round,26032,-0.0018383850379351,0.0012144434029223,0.4959661928543987,0.0081174336576974,strong_sample,prioritize_for_next_round,2025-01-06_2025-01-17,2025-01-21_2025-01-31,1,1,True,False,True,True,-0.015294298585969798,2063,stable_positive,confirm_layer_role
volume_expansion_graph,theme_candidate_layer,community_quality_score,5m,member_weight,26904,0.0006586136855292,0.0002779635736495,0.475092936802974,0.0029175486360263,strong_sample,prioritize_for_next_round,28960,-0.0046714123770124,0.0005081293106661,0.5034530386740331,0.0208429710583143,strong_sample,prioritize_for_next_round,2025-01-06_2025-01-17,2025-01-21_2025-01-31,1,1,True,False,True,True,0.017925422422288,2056,stable_positive,confirm_layer_role
volume_expansion_graph,theme_candidate_layer,community_quality_score,15m,top10_member,25931,-0.0048201366933996,0.0004329491235386,0.5082915541843425,0.0212752929245766,strong_sample,prioritize_for_next_round,28014,-0.0042137933011432,0.0007099659302477,0.5019635844341307,0.018740384830792,strong_sample,prioritize_for_next_round,2025-01-06_2025-01-17,2025-01-21_2025-01-31,1,1,True,True,True,True,-0.0025349080937846005,2083,stable_positive,confirm_layer_role
volume_expansion_graph,theme_candidate_layer,community_quality_score,1m,top10_member,27103,0.0015762633228523,0.0003492137742197,0.5,0.0069876279395096,strong_sample,prioritize_for_next_round,29183,0.0024238374304057,3.732852182138088e-05,0.5147361206305688,0.0108227851387742,strong_sample,prioritize_for_next_round,2025-01-06_2025-01-17,2025-01-21_2025-01-31,1,1,True,True,True,True,0.0038351571992646,2080,stable_positive,confirm_layer_role
volume_expansion_graph,theme_candidate_layer,community_quality_score,30m,top10_member,23962,0.0009374648536081,0.0026166054738233,0.4974958263772955,0.0041056659384471,strong_sample,prioritize_for_next_round,26027,-0.0021350046583004,0.0012469010655775,0.4965411222136818,0.0094269866723116,strong_sample,prioritize_for_next_round,2025-01-06_2025-01-17,2025-01-21_2025-01-31,1,1,True,False,True,True,0.0053213207338645005,2065,stable_positive,confirm_layer_role
volume_expansion_graph,theme_candidate_layer,community_quality_score,5m,top10_member,26897,-0.0023577543610443,0.0001554747997127,0.4748977314986984,0.0104441916228579,strong_sample,prioritize_for_next_round,28947,-0.0056466148211391,0.0005075165795642,0.5041465100207325,0.025193041509492,strong_sample,prioritize_for_next_round,2025-01-06_2025-01-17,2025-01-21_2025-01-31,1,1,True,True,True,True,0.0147488498866341,2050,stable_positive,confirm_layer_role
volume_expansion_graph,theme_candidate_layer,community_quality_score,15m,top5_member,25904,-0.0071966557843688,0.0002257642626015,0.5077220077220077,0.0317616025892762,strong_sample,prioritize_for_next_round,27979,-0.0060530759642091,0.0008370621212662,0.5023239184840901,0.0269171069908424,strong_sample,prioritize_for_next_round,2025-01-06_2025-01-17,2025-01-21_2025-01-31,1,1,True,True,True,True,-0.004844495598433796,2075,stable_positive,confirm_layer_role
volume_expansion_graph,theme_candidate_layer,community_quality_score,1m,top5_member,27100,-0.0013357609850982,0.0001383645176786,0.5,0.0059214088329003,strong_sample,prioritize_for_next_round,29182,0.0057399689744407,0.0001617180744807,0.5147361206305688,0.0256297072945531,strong_sample,prioritize_for_next_round,2025-01-06_2025-01-17,2025-01-21_2025-01-31,1,1,True,False,True,True,0.0197082984616528,2082,stable_positive,confirm_layer_role
volume_expansion_graph,theme_candidate_layer,community_quality_score,30m,top5_member,23905,-0.0034914113861582,0.0020798143495923,0.497071129707113,0.015287168897991,strong_sample,prioritize_for_next_round,25972,-0.0026936255416849,0.0011974848062823,0.4959568733153638,0.0118910695246992,strong_sample,prioritize_for_next_round,2025-01-06_2025-01-17,2025-01-21_2025-01-31,1,1,True,True,True,True,-0.0033960993732918,2067,stable_positive,confirm_layer_role
volume_expansion_graph,theme_candidate_layer,community_quality_score,5m,top5_member,26873,-0.0058295303077713,4.122898605575373e-05,0.4748790472646074,0.0258209269608235,strong_sample,prioritize_for_next_round,28935,-0.0074101293174472,0.0006828018840195,0.5050120981679918,0.033059836195371,strong_sample,prioritize_for_next_round,2025-01-06_2025-01-17,2025-01-21_2025-01-31,1,1,True,True,True,True,0.007238909234547498,2062,stable_positive,confirm_layer_role
volume_expansion_graph,theme_candidate_layer,edge_density_feature,15m,core_weighted,25943,0.0192715863721794,0.0023505691422338,0.5019275250578258,0.0850654940556565,strong_sample,prioritize_for_next_round,28023,-0.0034759614134737,0.0003392688371925,0.5064239828693791,0.0154594430973621,strong_sample,prioritize_for_next_round,2025-01-06_2025-01-17,2025-01-21_2025-01-31,1,1,True,False,True,True,-0.06960605095829439,2080,stable_positive,confirm_layer_role
volume_expansion_graph,theme_candidate_layer,edge_density_feature,5m,core_weighted,26904,0.0125990898928128,0.0009297214804417,0.4847583643122676,0.0558118641315715,strong_sample,prioritize_for_next_round,28960,0.0006874864920173,0.0001731418855869,0.5058701657458563,0.0030674365480152,strong_sample,prioritize_for_next_round,2025-01-06_2025-01-17,2025-01-21_2025-01-31,1,1,True,True,True,True,-0.0527444275835563,2056,stable_positive,confirm_layer_role
volume_expansion_graph,theme_candidate_layer,edge_density_feature,15m,equal_weight,25943,0.0200245756750177,0.0023970047815804,0.5042405551272167,0.0883892166505453,strong_sample,prioritize_for_next_round,28023,-0.0027002403378083,0.0003671183530426,0.5067808708065668,0.0120094002452784,strong_sample,prioritize_for_next_round,2025-01-06_2025-01-17,2025-01-21_2025-01-31,1,1,True,False,True,True,-0.0763798164052669,2080,stable_positive,confirm_layer_role
volume_expansion_graph,theme_candidate_layer,edge_density_feature,5m,equal_weight,26904,0.0125691835516728,0.0009176848583276,0.4843866171003717,0.0556793840347885,strong_sample,prioritize_for_next_round,28960,0.0007722789331418,0.000178370287294,0.5079419889502762,0.0034457646110693,strong_sample,prioritize_for_next_round,2025-01-06_2025-01-17,2025-01-21_2025-01-31,1,1,True,True,True,True,-0.052233619423719194,2056,stable_positive,confirm_layer_role
volume_expansion_graph,theme_candidate_layer,edge_density_feature,15m,member_weight,25943,0.0200245756750177,0.0023970047815804,0.5042405551272167,0.0883892166505453,strong_sample,prioritize_for_next_round,28023,-0.0027002403378083,0.0003671183530426,0.5067808708065668,0.0120094002452784,strong_sample,prioritize_for_next_round,2025-01-06_2025-01-17,2025-01-21_2025-01-31,1,1,True,False,True,True,-0.0763798164052669,2080,stable_positive,confirm_layer_role
volume_expansion_graph,theme_candidate_layer,edge_density_feature,5m,member_weight,26904,0.0125691835516728,0.0009176848583276,0.4843866171003717,0.0556793840347885,strong_sample,prioritize_for_next_round,28960,0.0007722789331418,0.000178370287294,0.5079419889502762,0.0034457646110693,strong_sample,prioritize_for_next_round,2025-01-06_2025-01-17,2025-01-21_2025-01-31,1,1,True,True,True,True,-0.052233619423719194,2056,stable_positive,confirm_layer_role
volume_expansion_graph,theme_candidate_layer,edge_density_feature,15m,top10_member,25931,0.0138038789976806,0.0021232748321886,0.5044350173544158,0.0609280582381026,strong_sample,prioritize_for_next_round,28014,-0.0052945645282906,0.0003508311652948,0.5062477686540521,0.0235469966561263,strong_sample,prioritize_for_next_round,2025-01-06_2025-01-17,2025-01-21_2025-01-31,1,1,True,False,True,True,-0.0373810615819763,2083,stable_positive,confirm_layer_role
volume_expansion_graph,theme_candidate_layer,edge_density_feature,5m,top10_member,26897,0.0082357997215757,0.0007035543698533,0.484938638899219,0.0364822866541188,strong_sample,prioritize_for_next_round,28947,-0.0007103238807796,0.0001326455414694,0.5086385625431928,0.0031691942129061,strong_sample,prioritize_for_next_round,2025-01-06_2025-01-17,2025-01-21_2025-01-31,1,1,True,False,True,True,-0.0333130924412127,2050,stable_positive,confirm_layer_role
volume_expansion_graph,theme_candidate_layer,edge_density_feature,15m,top5_member,25904,0.0085512408827533,0.0017407237105439,0.5034749034749034,0.0377399062427165,strong_sample,prioritize_for_next_round,27979,-0.0064030731781407,0.0004907019150935,0.5058991776903825,0.028473491300175,strong_sample,prioritize_for_next_round,2025-01-06_2025-01-17,2025-01-21_2025-01-31,1,1,True,False,True,True,-0.009266414942541504,2075,stable_positive,confirm_layer_role
volume_expansion_graph,theme_candidate_layer,edge_density_feature,30m,top5_member,23905,0.0120219325402382,0.0015905207103972,0.501673640167364,0.05263811476112,strong_sample,prioritize_for_next_round,25972,-0.00841625906919,1.4469391922044216e-05,0.4847901424720832,0.0371537617908905,strong_sample,prioritize_for_next_round,2025-01-06_2025-01-17,2025-01-21_2025-01-31,1,1,True,False,True,True,-0.0154843529702295,2067,stable_positive,confirm_layer_role
volume_expansion_graph,theme_candidate_layer,edge_density_feature,5m,top5_member,26873,0.0042836267627622,0.0007878314344097,0.4845552660960178,0.0189736064363988,strong_sample,prioritize_for_next_round,28935,-0.0026668449149216,0.0003289014114295,0.5084687175941929,0.0118979645656358,strong_sample,prioritize_for_next_round,2025-01-06_2025-01-17,2025-01-21_2025-01-31,1,1,True,False,True,True,-0.007075641870762999,2062,stable_positive,confirm_layer_role
dtw_return_similarity_graph,weak_pair_candidate,community_avg_weight_feature,1m,core_weighted,4313,-0.0041516201572844,-3.083083705467524e-05,0.5290023201856149,-0.015090641661719,usable,downgrade,4442,0.0187779977432706,0.0009322593275589,0.5112612612612613,0.0684960575782187,usable,keep_for_next_round,2025-01-06_2025-01-17,2025-01-21_2025-01-31,-1,1,False,False,True,False,0.0835866992399377,129,unstable_direction,review_manually
dtw_return_similarity_graph,weak_pair_candidate,community_avg_weight_feature,1m,equal_weight,4313,-0.0043775477373674,-2.5454635710253106e-05,0.5243619489559165,-0.0159118613358142,usable,downgrade,4442,0.0186007089093582,0.0009051126262035,0.5180180180180181,0.0678493652981543,usable,keep_for_next_round,2025-01-06_2025-01-17,2025-01-21_2025-01-31,-1,1,False,False,True,False,0.0837612266339685,129,unstable_direction,review_manually
dtw_return_similarity_graph,weak_pair_candidate,community_avg_weight_feature,30m,equal_weight,4062,-0.007087782926488,3.653773447903196e-05,0.4926108374384236,0.0255787228915956,usable,keep_for_next_round,4207,-0.0224268059368554,-0.0005769302998623,0.4785714285714286,-0.0812764431228715,usable,downgrade,2025-01-06_2025-01-17,2025-01-21_2025-01-31,1,-1,False,True,True,False,-0.1068551660144671,145,unstable_direction,review_manually
dtw_return_similarity_graph,weak_pair_candidate,community_avg_weight_feature,5m,equal_weight,4296,0.0161737806465006,1.0108774463479532e-06,0.5221445221445221,0.0587620194829492,usable,keep_for_next_round,4431,0.0006865399492834,-3.2847743861236624e-05,0.4943566591422121,-0.0025035364086029,usable,downgrade,2025-01-06_2025-01-17,2025-01-21_2025-01-31,1,-1,False,True,True,False,-0.0612655558915521,135,unstable_direction,review_manually
dtw_return_similarity_graph,weak_pair_candidate,community_avg_weight_feature,1m,member_weight,4313,-0.0043775477373674,-2.5454635710253106e-05,0.5243619489559165,-0.0159118613358142,usable,downgrade,4442,0.0186007089093582,0.0009051126262035,0.5180180180180181,0.0678493652981543,usable,keep_for_next_round,2025-01-06_2025-01-17,2025-01-21_2025-01-31,-1,1,False,False,True,False,0.0837612266339685,129,unstable_direction,review_manually
dtw_return_similarity_graph,weak_pair_candidate,community_avg_weight_feature,30m,member_weight,4062,-0.007087782926488,3.653773447903196e-05,0.4926108374384236,0.0255787228915956,usable,keep_for_next_round,4207,-0.0224268059368554,-0.0005769302998623,0.4785714285714286,-0.0812764431228715,usable,downgrade,2025-01-06_2025-01-17,2025-01-21_2025-01-31,1,-1,False,True,True,False,-0.1068551660144671,145,unstable_direction,review_manually
dtw_return_similarity_graph,weak_pair_candidate,community_avg_weight_feature,5m,member_weight,4296,0.0161737806465006,1.0108774463479532e-06,0.5221445221445221,0.0587620194829492,usable,keep_for_next_round,4431,0.0006865399492834,-3.2847743861236624e-05,0.4943566591422121,-0.0025035364086029,usable,downgrade,2025-01-06_2025-01-17,2025-01-21_2025-01-31,1,-1,False,True,True,False,-0.0612655558915521,135,unstable_direction,review_manually
dtw_return_similarity_graph,weak_pair_candidate,community_avg_weight_feature,1m,top10_member,4313,-0.0041698115071954,-2.5454635710253106e-05,0.5243619489559165,-0.0151567650382442,usable,downgrade,4442,0.0182389825714544,0.0009051126262035,0.5180180180180181,0.0665299047035072,usable,keep_for_next_round,2025-01-06_2025-01-17,2025-01-21_2025-01-31,-1,1,False,False,True,False,0.0816866697417514,129,unstable_direction,review_manually
dtw_return_similarity_graph,weak_pair_candidate,community_avg_weight_feature,30m,top10_member,4062,-0.0068299868426121,3.653773447903196e-05,0.4926108374384236,0.0246483763134918,usable,keep_for_next_round,4207,-0.0223714099545115,-0.0005769302998623,0.4785714285714286,-0.081075683887656,usable,downgrade,2025-01-06_2025-01-17,2025-01-21_2025-01-31,1,-1,False,True,True,False,-0.1057240602011478,145,unstable_direction,review_manually
dtw_return_similarity_graph,weak_pair_candidate,community_avg_weight_feature,5m,top10_member,4296,0.016189273786324,1.0108774463479532e-06,0.5221445221445221,0.0588183086217753,usable,keep_for_next_round,4431,0.0001745359954288,-3.2847743861236624e-05,0.4943566591422121,-0.0006364629175969,usable,downgrade,2025-01-06_2025-01-17,2025-01-21_2025-01-31,1,-1,False,True,True,False,-0.059454771539372196,135,unstable_direction,review_manually
dtw_return_similarity_graph,weak_pair_candidate,community_avg_weight_feature,1m,top5_member,4313,-0.004155609648642,-2.5454635710253106e-05,0.5243619489559165,-0.0151051429846265,usable,downgrade,4442,0.0189397978905728,0.0009051126262035,0.5180180180180181,0.0690862521430118,usable,keep_for_next_round,2025-01-06_2025-01-17,2025-01-21_2025-01-31,-1,1,False,False,True,False,0.08419139512763829,129,unstable_direction,review_manually
dtw_return_similarity_graph,weak_pair_candidate,community_avg_weight_feature,30m,top5_member,4062,-0.0078464639185945,3.653773447903196e-05,0.4926108374384236,0.0283166863791186,usable,keep_for_next_round,4207,-0.0224951861042965,-0.0005769302998623,0.4785714285714286,-0.0815242580281865,usable,downgrade,2025-01-06_2025-01-17,2025-01-21_2025-01-31,1,-1,False,True,True,False,-0.1098409444073051,145,unstable_direction,review_manually
dtw_return_similarity_graph,weak_pair_candidate,community_avg_weight_feature,5m,top5_member,4296,0.014951614319469,1.0108774463479532e-06,0.5221445221445221,0.0543216871271389,usable,keep_for_next_round,4431,-0.0013379296201876,-3.2847743861236624e-05,0.4943566591422121,-0.0048788938207954,usable,downgrade,2025-01-06_2025-01-17,2025-01-21_2025-01-31,1,-1,False,False,True,False,-0.059200580947934296,135,unstable_direction,review_manually
dtw_return_similarity_graph,weak_pair_candidate,community_quality_score,15m,core_weighted,4216,0.0210020321237633,0.0006518742469896,0.4821852731591449,0.0761324420772718,usable,keep_for_next_round,4365,-0.0054998166694429,-0.0007436996353933,0.4793577981651376,-0.0200197931839738,usable,downgrade,2025-01-06_2025-01-17,2025-01-21_2025-01-31,1,-1,False,False,True,False,-0.0961522352612456,149,unstable_direction,review_manually
dtw_return_similarity_graph,weak_pair_candidate,community_quality_score,1m,core_weighted,4313,-0.0121959103645468,-0.0004094619356289,0.4849187935034802,-0.0443306723826598,usable,downgrade,4442,0.0182321854758406,0.000269950783791,0.509009009009009,0.066505111098838,usable,keep_for_next_round,2025-01-06_2025-01-17,2025-01-21_2025-01-31,-1,1,False,False,True,False,0.11083578348149781,129,unstable_direction,review_manually
dtw_return_similarity_graph,weak_pair_candidate,community_quality_score,30m,core_weighted,4062,0.0091277143704909,0.0001482821127475,0.4556650246305418,0.0329405230010492,usable,keep_for_next_round,4207,-0.0241048391800322,-0.0015469910684308,0.4619047619047619,-0.0873577626755243,usable,downgrade,2025-01-06_2025-01-17,2025-01-21_2025-01-31,1,-1,False,False,True,False,-0.1202982856765735,145,unstable_direction,review_manually
dtw_return_similarity_graph,weak_pair_candidate,community_quality_score,5m,core_weighted,4296,0.0043904216974253,2.602432832318703e-05,0.4825174825174825,0.0159511279991476,usable,keep_for_next_round,4431,0.0059800631170413,-0.0003489193332584,0.510158013544018,-0.0218068966778749,usable,downgrade,2025-01-06_2025-01-17,2025-01-21_2025-01-31,1,-1,False,True,True,False,-0.0377580246770225,135,unstable_direction,review_manually
dtw_return_similarity_graph,weak_pair_candidate,community_quality_score,15m,equal_weight,4216,0.0193615119499517,0.000680600899181,0.4893111638954869,0.0701855505396672,usable,keep_for_next_round,4365,-0.0057150466350906,-0.0007653916964543,0.481651376146789,-0.0208032482804319,usable,downgrade,2025-01-06_2025-01-17,2025-01-21_2025-01-31,1,-1,False,False,True,False,-0.0909887988200991,149,unstable_direction,review_manually
dtw_return_similarity_graph,weak_pair_candidate,community_quality_score,1m,equal_weight,4313,-0.0114438223115775,-0.0003881701327338,0.4802784222737819,-0.0415969224548139,usable,downgrade,4442,0.0181542554949676,0.0002489330441115,0.5135135135135135,0.0662208477535162,usable,keep_for_next_round,2025-01-06_2025-01-17,2025-01-21_2025-01-31,-1,1,False,False,True,False,0.1078177702083301,129,unstable_direction,review_manually
dtw_return_similarity_graph,weak_pair_candidate,community_quality_score,30m,equal_weight,4062,0.008047059670035,0.0001874438670482,0.4507389162561576,0.0290406057192768,usable,keep_for_next_round,4207,-0.0239108428313715,-0.0015706331027383,0.469047619047619,-0.0866547052164121,usable,downgrade,2025-01-06_2025-01-17,2025-01-21_2025-01-31,1,-1,False,False,True,False,-0.1156953109356889,145,unstable_direction,review_manually
dtw_return_similarity_graph,weak_pair_candidate,community_quality_score,5m,equal_weight,4296,0.0036134881957674,5.219791994671538e-05,0.4848484848484848,0.0131284001188078,usable,keep_for_next_round,4431,0.0058405515080594,-0.000337686100527,0.5079006772009029,-0.0212981536791994,usable,downgrade,2025-01-06_2025-01-17,2025-01-21_2025-01-31,1,-1,False,True,True,False,-0.0344265537980072,135,unstable_direction,review_manually
dtw_return_similarity_graph,weak_pair_candidate,community_quality_score,15m,member_weight,4216,0.0193615119499517,0.000680600899181,0.4893111638954869,0.0701855505396672,usable,keep_for_next_round,4365,-0.0057150466350906,-0.0007653916964543,0.481651376146789,-0.0208032482804319,usable,downgrade,2025-01-06_2025-01-17,2025-01-21_2025-01-31,1,-1,False,False,True,False,-0.0909887988200991,149,unstable_direction,review_manually
dtw_return_similarity_graph,weak_pair_candidate,community_quality_score,1m,member_weight,4313,-0.0114438223115775,-0.0003881701327338,0.4802784222737819,-0.0415969224548139,usable,downgrade,4442,0.0181542554949676,0.0002489330441115,0.5135135135135135,0.0662208477535162,usable,keep_for_next_round,2025-01-06_2025-01-17,2025-01-21_2025-01-31,-1,1,False,False,True,False,0.1078177702083301,129,unstable_direction,review_manually
dtw_return_similarity_graph,weak_pair_candidate,community_quality_score,30m,member_weight,4062,0.008047059670035,0.0001874438670482,0.4507389162561576,0.0290406057192768,usable,keep_for_next_round,4207,-0.0239108428313715,-0.0015706331027383,0.469047619047619,-0.0866547052164121,usable,downgrade,2025-01-06_2025-01-17,2025-01-21_2025-01-31,1,-1,False,False,True,False,-0.1156953109356889,145,unstable_direction,review_manually
dtw_return_similarity_graph,weak_pair_candidate,community_quality_score,5m,member_weight,4296,0.0036134881957674,5.219791994671538e-05,0.4848484848484848,0.0131284001188078,usable,keep_for_next_round,4431,0.0058405515080594,-0.000337686100527,0.5079006772009029,-0.0212981536791994,usable,downgrade,2025-01-06_2025-01-17,2025-01-21_2025-01-31,1,-1,False,True,True,False,-0.0344265537980072,135,unstable_direction,review_manually
dtw_return_similarity_graph,weak_pair_candidate,community_quality_score,15m,top10_member,4216,0.0197625190412341,0.0006581836640134,0.4893111638954869,0.0716392026895984,usable,keep_for_next_round,4365,-0.0032969708273534,-0.0007144901982914,0.481651376146789,-0.0120012498714608,usable,downgrade,2025-01-06_2025-01-17,2025-01-21_2025-01-31,1,-1,False,False,True,False,-0.0836404525610592,149,unstable_direction,review_manually
dtw_return_similarity_graph,weak_pair_candidate,community_quality_score,1m,top10_member,4313,-0.0117765599048313,-0.0003991868877337,0.4802784222737819,-0.0428063837246186,usable,downgrade,4442,0.0196020322617908,0.0002439029901718,0.5135135135135135,0.0715018687727176,usable,keep_for_next_round,2025-01-06_2025-01-17,2025-01-21_2025-01-31,-1,1,False,False,True,False,0.1143082524973362,129,unstable_direction,review_manually
dtw_return_similarity_graph,weak_pair_candidate,community_quality_score,30m,top10_member,4062,0.0071921949648192,0.0001268127065038,0.4507389162561576,0.0259555299443397,usable,keep_for_next_round,4207,-0.0228222548533505,-0.0015279318680654,0.469047619047619,-0.0827095799440493,usable,downgrade,2025-01-06_2025-01-17,2025-01-21_2025-01-31,1,-1,False,False,True,False,-0.10866510988838901,145,unstable_direction,review_manually
dtw_return_similarity_graph,weak_pair_candidate,community_quality_score,5m,top10_member,4296,0.0021022281141838,1.5307964881164355e-05,0.4848484848484848,0.0076377423499928,usable,keep_for_next_round,4431,0.0057123458559998,-0.0003494608441311,0.5079006772009029,-0.0208306389802297,usable,downgrade,2025-01-06_2025-01-17,2025-01-21_2025-01-31,1,-1,False,True,True,False,-0.028468381330222503,135,unstable_direction,review_manually
dtw_return_similarity_graph,weak_pair_candidate,community_quality_score,15m,top5_member,4216,0.0237499211077919,0.0007606638596618,0.4893111638954869,0.0860935495395645,usable,keep_for_next_round,4365,0.0026118865806845,-0.0005797242752954,0.481651376146789,-0.0095074858505414,usable,downgrade,2025-01-06_2025-01-17,2025-01-21_2025-01-31,1,-1,False,True,True,False,-0.09560103539010589,149,unstable_direction,review_manually
dtw_return_similarity_graph,weak_pair_candidate,community_quality_score,1m,top5_member,4313,-0.0087336161440602,-0.0003827145911264,0.4802784222737819,-0.0317456478791223,usable,downgrade,4442,0.0180529296826341,0.0002509254877337,0.5135135135135135,0.0658512439879474,usable,keep_for_next_round,2025-01-06_2025-01-17,2025-01-21_2025-01-31,-1,1,False,False,True,False,0.09759689186706969,129,unstable_direction,review_manually
dtw_return_similarity_graph,weak_pair_candidate,community_quality_score,30m,top5_member,4062,0.010169882048383,0.00034048951628,0.4507389162561576,0.0367015465137414,usable,keep_for_next_round,4207,-0.0199289590770651,-0.0014857099698285,0.469047619047619,-0.072224056938187,usable,downgrade,2025-01-06_2025-01-17,2025-01-21_2025-01-31,1,-1,False,False,True,False,-0.1089256034519284,145,unstable_direction,review_manually
dtw_return_similarity_graph,weak_pair_candidate,community_quality_score,5m,top5_member,4296,0.0042015704721475,9.757849007651747e-06,0.4848484848484848,0.0152650002704676,usable,keep_for_next_round,4431,0.0066465224181041,-0.0002760003742346,0.5079006772009029,-0.0242372069996623,usable,downgrade,2025-01-06_2025-01-17,2025-01-21_2025-01-31,1,-1,False,True,True,False,-0.0395022072701299,135,unstable_direction,review_manually
dtw_return_similarity_graph,weak_pair_candidate,edge_density_feature,15m,core_weighted,4216,0.0287648723386154,-7.636902353555584e-05,0.4560570071258907,-0.1042727658102136,usable,downgrade,4365,-0.008234994651726,0.0005141871740829,0.5389908256880734,0.0299760700596924,usable,keep_for_next_round,2025-01-06_2025-01-17,2025-01-21_2025-01-31,-1,1,False,False,True,False,0.134248835869906,149,unstable_direction,review_manually
dtw_return_similarity_graph,weak_pair_candidate,edge_density_feature,1m,core_weighted,4313,0.0124426175333771,0.0001761002523696,0.5127610208816705,0.0452274233712258,usable,keep_for_next_round,4442,0.0155975124921287,-9.970651057003318e-05,0.5022522522522522,-0.0568946768630164,usable,downgrade,2025-01-06_2025-01-17,2025-01-21_2025-01-31,1,-1,False,True,True,False,-0.1021221002342422,129,unstable_direction,review_manually
dtw_return_similarity_graph,weak_pair_candidate,edge_density_feature,30m,core_weighted,4062,0.0492231261462457,-8.388247921037187e-05,0.4482758620689655,-0.1776387223778509,usable,downgrade,4207,-0.0380680501607306,6.392302853379649e-05,0.5214285714285715,0.1379614967195402,usable,keep_for_next_round,2025-01-06_2025-01-17,2025-01-21_2025-01-31,-1,1,False,False,True,False,0.3156002190973911,145,unstable_direction,review_manually
dtw_return_similarity_graph,weak_pair_candidate,edge_density_feature,15m,equal_weight,4216,0.0260084991677631,-0.0001115998543474,0.4513064133016627,-0.0942809031401333,usable,downgrade,4365,-0.0083899740726384,0.000491738326071,0.5344036697247706,0.0305402081284533,usable,keep_for_next_round,2025-01-06_2025-01-17,2025-01-21_2025-01-31,-1,1,False,False,True,False,0.1248211112685866,149,unstable_direction,review_manually
dtw_return_similarity_graph,weak_pair_candidate,edge_density_feature,1m,equal_weight,4313,0.013729875698071,0.0001708256983416,0.5127610208816705,0.0499064525101112,usable,keep_for_next_round,4442,0.0157239252034565,-7.532912628470615e-05,0.5,-0.0573557895158194,usable,downgrade,2025-01-06_2025-01-17,2025-01-21_2025-01-31,1,-1,False,True,True,False,-0.1072622420259306,129,unstable_direction,review_manually
dtw_return_similarity_graph,weak_pair_candidate,edge_density_feature,30m,equal_weight,4062,0.0466272559348987,-0.0001060035172385,0.4408866995073892,-0.1682706244144595,usable,downgrade,4207,-0.0388310314550017,5.047735323494712e-05,0.5190476190476191,0.1407265987114263,usable,keep_for_next_round,2025-01-06_2025-01-17,2025-01-21_2025-01-31,-1,1,False,False,True,False,0.3089972231258858,145,unstable_direction,review_manually
dtw_return_similarity_graph,weak_pair_candidate,edge_density_feature,15m,member_weight,4216,0.0260084991677631,-0.0001115998543474,0.4513064133016627,-0.0942809031401333,usable,downgrade,4365,-0.0083899740726384,0.000491738326071,0.5344036697247706,0.0305402081284533,usable,keep_for_next_round,2025-01-06_2025-01-17,2025-01-21_2025-01-31,-1,1,False,False,True,False,0.1248211112685866,149,unstable_direction,review_manually
dtw_return_similarity_graph,weak_pair_candidate,edge_density_feature,1m,member_weight,4313,0.013729875698071,0.0001708256983416,0.5127610208816705,0.0499064525101112,usable,keep_for_next_round,4442,0.0157239252034565,-7.532912628470615e-05,0.5,-0.0573557895158194,usable,downgrade,2025-01-06_2025-01-17,2025-01-21_2025-01-31,1,-1,False,True,True,False,-0.1072622420259306,129,unstable_direction,review_manually
dtw_return_similarity_graph,weak_pair_candidate,edge_density_feature,30m,member_weight,4062,0.0466272559348987,-0.0001060035172385,0.4408866995073892,-0.1682706244144595,usable,downgrade,4207,-0.0388310314550017,5.047735323494712e-05,0.5190476190476191,0.1407265987114263,usable,keep_for_next_round,2025-01-06_2025-01-17,2025-01-21_2025-01-31,-1,1,False,False,True,False,0.3089972231258858,145,unstable_direction,review_manually
dtw_return_similarity_graph,weak_pair_candidate,edge_density_feature,15m,top10_member,4216,0.0267098128523262,-0.000134017089515,0.4513064133016627,-0.0968231677721155,usable,downgrade,4365,-0.0043300431255918,0.0005402291131297,0.5344036697247706,0.0157617195376107,usable,keep_for_next_round,2025-01-06_2025-01-17,2025-01-21_2025-01-31,-1,1,False,False,True,False,0.1125848873097262,149,unstable_direction,review_manually
dtw_return_similarity_graph,weak_pair_candidate,edge_density_feature,1m,top10_member,4313,0.0131584353887601,0.0001598089433417,0.5127610208816705,0.0478293354781635,usable,keep_for_next_round,4442,0.0181156655050856,-7.905254955823119e-05,0.5,-0.0660800839614954,usable,downgrade,2025-01-06_2025-01-17,2025-01-21_2025-01-31,1,-1,False,True,True,False,-0.1139094194396589,129,unstable_direction,review_manually
dtw_return_similarity_graph,weak_pair_candidate,edge_density_feature,30m,top10_member,4062,0.045091856043955,-0.0001666346777828,0.4408866995073892,-0.162729601397027,usable,downgrade,4207,-0.0372951116334664,9.025274448073811e-05,0.5190476190476191,0.1351603089612146,usable,keep_for_next_round,2025-01-06_2025-01-17,2025-01-21_2025-01-31,-1,1,False,False,True,False,0.2978899103582416,145,unstable_direction,review_manually
dtw_return_similarity_graph,weak_pair_candidate,edge_density_feature,15m,top5_member,4216,0.0337086846267668,-2.766354764864522e-05,0.4513064133016627,-0.122194103157504,usable,downgrade,4365,0.0053418203658307,0.0006819674182293,0.5344036697247706,0.0194446734095779,usable,keep_for_next_round,2025-01-06_2025-01-17,2025-01-21_2025-01-31,-1,1,False,True,True,False,0.1416387765670819,149,unstable_direction,review_manually
dtw_return_similarity_graph,weak_pair_candidate,edge_density_feature,1m,top5_member,4313,0.0183564798028542,0.0001788316299326,0.5127610208816705,0.0667236038897765,usable,keep_for_next_round,4442,0.0156950947719584,-7.034374414287988e-05,0.5,-0.0572506254337432,usable,downgrade,2025-01-06_2025-01-17,2025-01-21_2025-01-31,1,-1,False,True,True,False,-0.1239742293235197,129,unstable_direction,review_manually
flow_alignment_graph,event_alignment_layer,community_member_count,1m,core_weighted,27822,-0.0105370047981727,-1.2062653607914666e-05,0.48921639108555,-0.0468307058067507,strong_sample,downgrade,27127,0.0103855590550858,0.0002331269573292,0.5051622418879056,0.0460435221365123,strong_sample,keep_for_next_round,2025-01-06_2025-01-17,2025-01-21_2025-01-31,-1,1,False,False,True,False,0.092874227943263,-695,unstable_direction,review_manually
flow_alignment_graph,event_alignment_layer,community_member_count,1m,equal_weight,27822,-0.0097248037874634,-4.019775832035676e-06,0.4917325664989216,-0.0432209564218905,strong_sample,downgrade,27127,0.0106591787515157,0.0002194977512497,0.5051622418879056,0.047256592562739,strong_sample,keep_for_next_round,2025-01-06_2025-01-17,2025-01-21_2025-01-31,-1,1,False,False,True,False,0.09047754898462951,-695,unstable_direction,review_manually
flow_alignment_graph,event_alignment_layer,community_member_count,1m,member_weight,27822,-0.0097248037874634,-4.019775832035676e-06,0.4917325664989216,-0.0432209564218905,strong_sample,downgrade,27127,0.0106591787515157,0.0002194977512497,0.5051622418879056,0.047256592562739,strong_sample,keep_for_next_round,2025-01-06_2025-01-17,2025-01-21_2025-01-31,-1,1,False,False,True,False,0.09047754898462951,-695,unstable_direction,review_manually
flow_alignment_graph,event_alignment_layer,community_member_count,1m,top10_member,27822,-0.0108871298607481,-1.5007939972941895e-05,0.49352983465133,-0.0483868030198679,strong_sample,downgrade,27127,0.0072472818280889,0.0002501508762386,0.5014749262536873,0.0321302280899117,strong_sample,keep_for_next_round,2025-01-06_2025-01-17,2025-01-21_2025-01-31,-1,1,False,False,True,False,0.08051703110977959,-695,unstable_direction,review_manually
flow_alignment_graph,event_alignment_layer,community_member_count,1m,top5_member,27822,-0.0125063383241799,-5.3733494133373727e-05,0.49352983465133,-0.0555832195199273,strong_sample,downgrade,27127,0.0081834493491375,0.0002696964550038,0.4907817109144542,0.0362806498197633,strong_sample,keep_for_next_round,2025-01-06_2025-01-17,2025-01-21_2025-01-31,-1,1,False,False,True,False,0.0918638693396906,-695,unstable_direction,review_manually
flow_alignment_graph,event_alignment_layer,community_quality_score,1m,core_weighted,27822,0.0069688116736077,0.0001466946120922,0.5082674335010784,0.0309722141690557,strong_sample,keep_for_next_round,27127,-0.0050082986076526,-0.000263242118386,0.4988938053097345,-0.0222038800785396,strong_sample,downgrade,2025-01-06_2025-01-17,2025-01-21_2025-01-31,1,-1,False,False,True,False,-0.0531760942475953,-695,unstable_direction,review_manually
flow_alignment_graph,event_alignment_layer,community_quality_score,1m,equal_weight,27822,0.0057860177972937,0.0001521074203627,0.5064701653486701,0.0257154003863294,strong_sample,keep_for_next_round,27127,-0.0049628694435821,-0.0002518864203957,0.493362831858407,-0.0220024736149656,strong_sample,downgrade,2025-01-06_2025-01-17,2025-01-21_2025-01-31,1,-1,False,False,True,False,-0.047717874001295,-695,unstable_direction,review_manually
flow_alignment_graph,event_alignment_layer,community_quality_score,1m,member_weight,27822,0.0057860177972937,0.0001521074203627,0.5064701653486701,0.0257154003863294,strong_sample,keep_for_next_round,27127,-0.0049628694435821,-0.0002518864203957,0.493362831858407,-0.0220024736149656,strong_sample,downgrade,2025-01-06_2025-01-17,2025-01-21_2025-01-31,1,-1,False,False,True,False,-0.047717874001295,-695,unstable_direction,review_manually
flow_alignment_graph,event_alignment_layer,community_quality_score,1m,top10_member,27822,0.0114298638555417,0.0001525963483424,0.507548526240115,0.0507989321332483,strong_sample,keep_for_next_round,27127,-0.0074584134558318,-0.0002964188086976,0.4900442477876106,-0.0330662628015854,strong_sample,downgrade,2025-01-06_2025-01-17,2025-01-21_2025-01-31,1,-1,False,False,True,False,-0.0838651949348337,-695,unstable_direction,review_manually
flow_alignment_graph,event_alignment_layer,community_quality_score,1m,top5_member,27822,0.0104333252476819,0.0001882206954322,0.50862688713156,0.0463699120024191,strong_sample,keep_for_next_round,27127,-0.002193226705882,-0.0002942339768566,0.4918879056047198,-0.009723490266344,strong_sample,downgrade,2025-01-06_2025-01-17,2025-01-21_2025-01-31,1,-1,False,False,True,False,-0.056093402268763096,-695,unstable_direction,review_manually
flow_alignment_graph,event_alignment_layer,flow_breadth_expansion,30m,top5_member,26648,-0.0250263666356787,-0.001022006831569,0.4624624624624625,-0.1107587132370798,strong_sample,downgrade,25912,0.0146267113283169,0.0002319409459428,0.5082979544577383,0.0645552492677688,strong_sample,keep_for_next_round,2025-01-06_2025-01-17,2025-01-21_2025-01-31,-1,1,False,False,True,False,0.1753139625048486,-736,unstable_direction,review_manually
flow_alignment_graph,event_alignment_layer,flow_layer_participation_ratio,15m,core_weighted,27671,0.05161755904441,0.0006249904446368,0.4846404047705095,0.2292872903159963,strong_sample,keep_for_next_round,26980,-0.005296952699589,-0.0003709093499541,0.4866567828020756,-0.0234711048573003,strong_sample,downgrade,2025-01-06_2025-01-17,2025-01-21_2025-01-31,1,-1,False,False,True,False,-0.25275839517329657,-691,unstable_direction,review_manually
flow_alignment_graph,event_alignment_layer,flow_layer_participation_ratio,30m,core_weighted,27603,0.0408497612092164,0.0007230382957242,0.5202898550724637,0.181412646502094,strong_sample,keep_for_next_round,26903,-0.0106992028848746,-5.0149724963057234e-06,0.4955390334572491,-0.047395509267063,strong_sample,downgrade,2025-01-06_2025-01-17,2025-01-21_2025-01-31,1,-1,False,False,True,False,-0.22880815576915697,-700,unstable_direction,review_manually
flow_alignment_graph,event_alignment_layer,flow_layer_participation_ratio,5m,core_weighted,27746,0.0125765801311491,0.0001079173765781,0.4996395097332372,0.0558804624936931,strong_sample,keep_for_next_round,27044,-0.0040024562034246,-0.0006019975110941,0.467085798816568,-0.0177392340503449,strong_sample,downgrade,2025-01-06_2025-01-17,2025-01-21_2025-01-31,1,-1,False,False,True,False,-0.073619696544038,-702,unstable_direction,review_manually
flow_alignment_graph,event_alignment_layer,flow_layer_participation_ratio,15m,equal_weight,27671,0.0531209217698471,0.0006200081449657,0.4850018070112035,0.2359652885022525,strong_sample,keep_for_next_round,26980,-0.0048546618880277,-0.0003118467825932,0.4896219421793921,-0.0215112885998545,strong_sample,downgrade,2025-01-06_2025-01-17,2025-01-21_2025-01-31,1,-1,False,False,True,False,-0.25747657710210703,-691,unstable_direction,review_manually
flow_alignment_graph,event_alignment_layer,flow_layer_participation_ratio,5m,equal_weight,27746,0.0127240052508105,0.0001050147741828,0.5010814708002884,0.0565355041492114,strong_sample,keep_for_next_round,27044,-0.0033220443094223,-0.0005688557016435,0.4718934911242604,-0.0147235893499687,strong_sample,downgrade,2025-01-06_2025-01-17,2025-01-21_2025-01-31,1,-1,False,False,True,False,-0.0712590934991801,-702,unstable_direction,review_manually
flow_alignment_graph,event_alignment_layer,flow_layer_participation_ratio,15m,member_weight,27671,0.0531209217698471,0.0006200081449657,0.4850018070112035,0.2359652885022525,strong_sample,keep_for_next_round,26980,-0.0048546618880277,-0.0003118467825932,0.4896219421793921,-0.0215112885998545,strong_sample,downgrade,2025-01-06_2025-01-17,2025-01-21_2025-01-31,1,-1,False,False,True,False,-0.25747657710210703,-691,unstable_direction,review_manually
flow_alignment_graph,event_alignment_layer,flow_layer_participation_ratio,5m,member_weight,27746,0.0127240052508105,0.0001050147741828,0.5010814708002884,0.0565355041492114,strong_sample,keep_for_next_round,27044,-0.0033220443094223,-0.0005688557016435,0.4718934911242604,-0.0147235893499687,strong_sample,downgrade,2025-01-06_2025-01-17,2025-01-21_2025-01-31,1,-1,False,False,True,False,-0.0712590934991801,-702,unstable_direction,review_manually
flow_alignment_graph,event_alignment_layer,flow_layer_participation_ratio,15m,top10_member,27513,0.0393946342842378,0.0011295497359287,0.5096328607778989,0.1748945956945176,strong_sample,keep_for_next_round,26802,-0.0025530456551927,-0.0003842569499591,0.4455223880597015,-0.0113053544060087,strong_sample,downgrade,2025-01-06_2025-01-17,2025-01-21_2025-01-31,1,-1,False,False,True,False,-0.18619995010052628,-711,unstable_direction,review_manually
flow_alignment_graph,event_alignment_layer,flow_layer_participation_ratio,5m,top10_member,27725,0.0054803477303338,0.0003246542656886,0.5068542568542569,0.0243485668862405,strong_sample,keep_for_next_round,27025,-0.0112117364329801,-0.0006079067000303,0.4422649888971132,-0.0496879691609607,strong_sample,downgrade,2025-01-06_2025-01-17,2025-01-21_2025-01-31,1,-1,False,False,True,False,-0.0740365360472012,-700,unstable_direction,review_manually
flow_alignment_graph,event_alignment_layer,flow_layer_participation_ratio,15m,top5_member,27318,0.0349688801975023,0.0010579001272671,0.4961552544855364,0.1551382060266505,strong_sample,keep_for_next_round,26603,-0.0014419678963054,-0.0004391460677815,0.4488721804511278,-0.0063806314291266,strong_sample,downgrade,2025-01-06_2025-01-17,2025-01-21_2025-01-31,1,-1,False,False,True,False,-0.16151883745577708,-715,unstable_direction,review_manually
flow_alignment_graph,event_alignment_layer,flow_layer_participation_ratio,5m,top5_member,27677,0.004937071087712,0.0004185401649934,0.5077701481749187,0.0219311348197376,strong_sample,keep_for_next_round,26971,-0.0076960176902448,-0.000645127192893,0.4445680385613644,-0.0341003859940697,strong_sample,downgrade,2025-01-06_2025-01-17,2025-01-21_2025-01-31,1,-1,False,False,True,False,-0.0560315208138073,-706,unstable_direction,review_manually
flow_alignment_graph,event_alignment_layer,flow_member_count_z,1m,core_weighted,27822,-0.0105370047981727,-1.2062653607914666e-05,0.48921639108555,-0.0468307058067507,strong_sample,downgrade,27127,0.0103855590550858,0.0002331269573292,0.5051622418879056,0.0460435221365123,strong_sample,keep_for_next_round,2025-01-06_2025-01-17,2025-01-21_2025-01-31,-1,1,False,False,True,False,0.092874227943263,-695,unstable_direction,review_manually
flow_alignment_graph,event_alignment_layer,flow_member_count_z,1m,equal_weight,27822,-0.0097248037874634,-4.019775832035676e-06,0.4917325664989216,-0.0432209564218905,strong_sample,downgrade,27127,0.0106591787515157,0.0002194977512497,0.5051622418879056,0.047256592562739,strong_sample,keep_for_next_round,2025-01-06_2025-01-17,2025-01-21_2025-01-31,-1,1,False,False,True,False,0.09047754898462951,-695,unstable_direction,review_manually
flow_alignment_graph,event_alignment_layer,flow_member_count_z,1m,member_weight,27822,-0.0097248037874634,-4.019775832035676e-06,0.4917325664989216,-0.0432209564218905,strong_sample,downgrade,27127,0.0106591787515157,0.0002194977512497,0.5051622418879056,0.047256592562739,strong_sample,keep_for_next_round,2025-01-06_2025-01-17,2025-01-21_2025-01-31,-1,1,False,False,True,False,0.09047754898462951,-695,unstable_direction,review_manually
flow_alignment_graph,event_alignment_layer,flow_member_count_z,1m,top10_member,27822,-0.0108871298607481,-1.5007939972941895e-05,0.49352983465133,-0.0483868030198679,strong_sample,downgrade,27127,0.0072472818280889,0.0002501508762386,0.5014749262536873,0.0321302280899117,strong_sample,keep_for_next_round,2025-01-06_2025-01-17,2025-01-21_2025-01-31,-1,1,False,False,True,False,0.08051703110977959,-695,unstable_direction,review_manually
flow_alignment_graph,event_alignment_layer,flow_member_count_z,1m,top5_member,27822,-0.0125063383241799,-5.3733494133373727e-05,0.49352983465133,-0.0555832195199273,strong_sample,downgrade,27127,0.0081834493491375,0.0002696964550038,0.4907817109144542,0.0362806498197633,strong_sample,keep_for_next_round,2025-01-06_2025-01-17,2025-01-21_2025-01-31,-1,1,False,False,True,False,0.0918638693396906,-695,unstable_direction,review_manually
return_corr_graph,beta_context_layer,community_member_count,1m,core_weighted,24938,0.0100198466821348,0.0001277154670884,0.5150421179302046,0.0440560538128127,strong_sample,keep_for_next_round,24710,0.0082709234318702,-4.384782014547645e-05,0.5038445973290165,-0.0363332594871411,strong_sample,downgrade,2025-01-06_2025-01-17,2025-01-21_2025-01-31,1,-1,False,True,True,False,-0.0803893132999538,-228,unstable_direction,review_manually
return_corr_graph,beta_context_layer,community_member_count,1m,equal_weight,24938,0.0097535880769361,0.0001280527026804,0.516245487364621,0.0428853469336672,strong_sample,keep_for_next_round,24710,0.0076181690988424,-4.818303063476621e-05,0.5034399028733306,-0.0334657812957861,strong_sample,downgrade,2025-01-06_2025-01-17,2025-01-21_2025-01-31,1,-1,False,True,True,False,-0.0763511282294533,-228,unstable_direction,review_manually
return_corr_graph,beta_context_layer,community_member_count,1m,member_weight,24938,0.0097535880769361,0.0001280527026804,0.516245487364621,0.0428853469336672,strong_sample,keep_for_next_round,24710,0.0076181690988424,-4.818303063476621e-05,0.5034399028733306,-0.0334657812957861,strong_sample,downgrade,2025-01-06_2025-01-17,2025-01-21_2025-01-31,1,-1,False,True,True,False,-0.0763511282294533,-228,unstable_direction,review_manually
return_corr_graph,beta_context_layer,community_member_count,15m,top10_member,24642,0.0161702847125657,0.0003411663634417,0.5081168831168831,0.0710149355110329,strong_sample,keep_for_next_round,24405,0.0027948902011555,-3.914275546249151e-05,0.489344262295082,-0.0122625712743272,strong_sample,downgrade,2025-01-06_2025-01-17,2025-01-21_2025-01-31,1,-1,False,True,True,False,-0.0832775067853601,-237,unstable_direction,review_manually
return_corr_graph,beta_context_layer,community_member_count,1m,top10_member,24938,0.0089849118230759,0.0001301834019829,0.5090252707581228,0.0395055704281967,strong_sample,keep_for_next_round,24710,0.0071864483763252,-7.685267704449244e-06,0.5131525698097936,-0.0315692795125932,strong_sample,downgrade,2025-01-06_2025-01-17,2025-01-21_2025-01-31,1,-1,False,True,True,False,-0.0710748499407899,-228,unstable_direction,review_manually
return_corr_graph,beta_context_layer,edge_density_feature,15m,top10_member,24642,-0.0160154727484903,-0.000447617392353,0.4914772727272727,-0.0703350488027545,strong_sample,downgrade,24405,-0.0009206192550625,4.4753179490523705e-05,0.4741803278688524,0.0040392138578662,strong_sample,keep_for_next_round,2025-01-06_2025-01-17,2025-01-21_2025-01-31,-1,1,False,True,True,False,0.0743742626606207,-237,unstable_direction,review_manually
return_corr_graph,beta_context_layer,edge_density_feature,30m,top10_member,24153,-0.0143505185636933,-0.000443105975088,0.4944099378881987,-0.0628981658981856,strong_sample,downgrade,23880,-0.0038169554427842,0.0001443511255048,0.4966499162479062,0.016710831351544,strong_sample,keep_for_next_round,2025-01-06_2025-01-17,2025-01-21_2025-01-31,-1,1,False,True,True,False,0.0796089972497296,-273,unstable_direction,review_manually
return_corr_graph,beta_context_layer,edge_density_feature,5m,top10_member,24881,-0.0088298537673493,-8.122441001319102e-05,0.4923633440514469,-0.0388150242511943,strong_sample,downgrade,24632,-0.0013985117651077,8.038697663421649e-05,0.4884287454323995,0.006141588620303,strong_sample,keep_for_next_round,2025-01-06_2025-01-17,2025-01-21_2025-01-31,-1,1,False,True,True,False,0.0449566128714973,-249,unstable_direction,review_manually
return_corr_graph,beta_context_layer,edge_density_feature,15m,top5_member,24501,-0.0054091353337806,-0.0002544602871018,0.4926530612244898,-0.0237417851129103,strong_sample,downgrade,24239,-0.0020955800025881,1.1968259035347476e-05,0.483285183656624,0.009188138869725,strong_sample,keep_for_next_round,2025-01-06_2025-01-17,2025-01-21_2025-01-31,-1,1,False,True,True,False,0.0329299239826353,-262,unstable_direction,review_manually
return_corr_graph,beta_context_layer,edge_density_feature,5m,top5_member,24848,-0.0033991628178683,-0.0001062465077328,0.4923510466988728,-0.0149403706405793,strong_sample,downgrade,24594,-0.0052304883621053,2.539343396386344e-05,0.488816592110614,0.0229662732278631,strong_sample,keep_for_next_round,2025-01-06_2025-01-17,2025-01-21_2025-01-31,-1,1,False,True,True,False,0.0379066438684424,-254,unstable_direction,review_manually
volume_expansion_graph,theme_candidate_layer,community_avg_weight_feature,15m,core_weighted,25943,-0.0142982334256671,-0.0014841290182386,0.5065535851966075,-0.0631129304556532,strong_sample,downgrade,28023,0.0060808950490983,0.0003540556426487,0.4864382583868665,0.02704496391363,strong_sample,prioritize_for_next_round,2025-01-06_2025-01-17,2025-01-21_2025-01-31,-1,1,False,False,True,False,0.09015789436928319,2080,unstable_direction,review_manually
volume_expansion_graph,theme_candidate_layer,community_avg_weight_feature,1m,core_weighted,27103,0.0083363890825606,0.0002466273998838,0.5040590405904058,0.0369554911437735,strong_sample,prioritize_for_next_round,29183,-0.0075929882457327,-2.9209993839047586e-05,0.519876627827279,-0.033903792108305,strong_sample,downgrade,2025-01-06_2025-01-17,2025-01-21_2025-01-31,1,-1,False,False,True,False,-0.07085928325207849,2080,unstable_direction,review_manually
volume_expansion_graph,theme_candidate_layer,community_avg_weight_feature,5m,core_weighted,26904,-0.0127706827097327,-0.0008052972510452,0.4743494423791821,-0.0565719916539055,strong_sample,downgrade,28960,0.0019088779388551,0.0001437741500631,0.5031077348066298,0.0085170574597948,strong_sample,prioritize_for_next_round,2025-01-06_2025-01-17,2025-01-21_2025-01-31,-1,1,False,False,True,False,0.0650890491137003,2056,unstable_direction,review_manually
volume_expansion_graph,theme_candidate_layer,community_avg_weight_feature,15m,equal_weight,25943,-0.0140984254383621,-0.0014472883042718,0.5053970701619122,-0.0622309706196481,strong_sample,downgrade,28023,0.0060567373698034,0.0003438370354318,0.487152034261242,0.0269375219072325,strong_sample,prioritize_for_next_round,2025-01-06_2025-01-17,2025-01-21_2025-01-31,-1,1,False,False,True,False,0.0891684925268806,2080,unstable_direction,review_manually
volume_expansion_graph,theme_candidate_layer,community_avg_weight_feature,1m,equal_weight,27103,0.008435184468634,0.0002153629480914,0.5011070110701107,0.0373934543888816,strong_sample,prioritize_for_next_round,29183,-0.0073721002996946,-2.613327411167123e-05,0.521932830705963,-0.0329174954409928,strong_sample,downgrade,2025-01-06_2025-01-17,2025-01-21_2025-01-31,1,-1,False,False,True,False,-0.0703109498298744,2080,unstable_direction,review_manually
volume_expansion_graph,theme_candidate_layer,community_avg_weight_feature,5m,equal_weight,26904,-0.0123897639122891,-0.0007711823105618,0.4728624535315985,-0.0548845849960475,strong_sample,downgrade,28960,0.0017409830736362,0.0001585316492957,0.5006906077348067,0.0077679418745775,strong_sample,prioritize_for_next_round,2025-01-06_2025-01-17,2025-01-21_2025-01-31,-1,1,False,False,True,False,0.062652526870625,2056,unstable_direction,review_manually
volume_expansion_graph,theme_candidate_layer,community_avg_weight_feature,15m,member_weight,25943,-0.0140984254383621,-0.0014472883042718,0.5053970701619122,-0.0622309706196481,strong_sample,downgrade,28023,0.0060567373698034,0.0003438370354318,0.487152034261242,0.0269375219072325,strong_sample,prioritize_for_next_round,2025-01-06_2025-01-17,2025-01-21_2025-01-31,-1,1,False,False,True,False,0.0891684925268806,2080,unstable_direction,review_manually
volume_expansion_graph,theme_candidate_layer,community_avg_weight_feature,1m,member_weight,27103,0.008435184468634,0.0002153629480914,0.5011070110701107,0.0373934543888816,strong_sample,prioritize_for_next_round,29183,-0.0073721002996946,-2.613327411167123e-05,0.521932830705963,-0.0329174954409928,strong_sample,downgrade,2025-01-06_2025-01-17,2025-01-21_2025-01-31,1,-1,False,False,True,False,-0.0703109498298744,2080,unstable_direction,review_manually
volume_expansion_graph,theme_candidate_layer,community_avg_weight_feature,5m,member_weight,26904,-0.0123897639122891,-0.0007711823105618,0.4728624535315985,-0.0548845849960475,strong_sample,downgrade,28960,0.0017409830736362,0.0001585316492957,0.5006906077348067,0.0077679418745775,strong_sample,prioritize_for_next_round,2025-01-06_2025-01-17,2025-01-21_2025-01-31,-1,1,False,False,True,False,0.062652526870625,2056,unstable_direction,review_manually
volume_expansion_graph,theme_candidate_layer,community_avg_weight_feature,15m,top10_member,25931,-0.0110920365758203,-0.0013362195137268,0.5017354415734671,-0.048958430495102,strong_sample,downgrade,28014,0.0072822495350785,0.0003305730312218,0.4869689396644056,0.0323870083243529,strong_sample,prioritize_for_next_round,2025-01-06_2025-01-17,2025-01-21_2025-01-31,-1,1,False,False,True,False,0.0813454388194549,2083,unstable_direction,review_manually
volume_expansion_graph,theme_candidate_layer,community_avg_weight_feature,1m,top10_member,27103,0.0098703035901119,0.0002126055833841,0.5029520295202952,0.043755385371084,strong_sample,prioritize_for_next_round,29183,-0.0073867332025044,-3.6125553823766765e-05,0.5226182316655243,-0.0329828334711265,strong_sample,downgrade,2025-01-06_2025-01-17,2025-01-21_2025-01-31,1,-1,False,False,True,False,-0.07673821884221049,2080,unstable_direction,review_manually
volume_expansion_graph,theme_candidate_layer,community_avg_weight_feature,30m,top10_member,23962,-0.0020699001218348,-0.0016119153521749,0.4987479131886477,-0.0090652128381096,strong_sample,downgrade,26027,0.0098657204165363,0.0002250098880527,0.4823212913143735,0.0435615044294458,strong_sample,prioritize_for_next_round,2025-01-06_2025-01-17,2025-01-21_2025-01-31,-1,1,False,False,True,False,0.0526267172675554,2065,unstable_direction,review_manually
volume_expansion_graph,theme_candidate_layer,community_avg_weight_feature,5m,top10_member,26897,-0.0101466259352874,-0.0010476371063468,0.4793603570100409,-0.0449467117289793,strong_sample,downgrade,28947,0.0018942927733295,0.0001549042141505,0.4986178299930891,0.0084516118030508,strong_sample,prioritize_for_next_round,2025-01-06_2025-01-17,2025-01-21_2025-01-31,-1,1,False,False,True,False,0.0533983235320301,2050,unstable_direction,review_manually
volume_expansion_graph,theme_candidate_layer,community_avg_weight_feature,15m,top5_member,25904,-0.0065151804322289,-0.0014469689985643,0.4976833976833977,-0.028753990448639,strong_sample,downgrade,27979,0.0056935481429869,0.0003400648102247,0.4840900965319986,0.0253183415223031,strong_sample,prioritize_for_next_round,2025-01-06_2025-01-17,2025-01-21_2025-01-31,-1,1,False,False,True,False,0.054072331970942106,2075,unstable_direction,review_manually
volume_expansion_graph,theme_candidate_layer,community_avg_weight_feature,1m,top5_member,27100,0.0130656670534749,0.0002410629363185,0.5095940959409594,0.0579199101944825,strong_sample,prioritize_for_next_round,29182,-0.0096146757588568,-6.335368355287797e-05,0.5226182316655243,-0.0429307765475417,strong_sample,downgrade,2025-01-06_2025-01-17,2025-01-21_2025-01-31,1,-1,False,False,True,False,-0.1008506867420242,2082,unstable_direction,review_manually
volume_expansion_graph,theme_candidate_layer,community_avg_weight_feature,5m,top5_member,26873,-0.0078304575219001,-0.0008994373378181,0.4789728321548195,-0.0346836985259817,strong_sample,downgrade,28935,0.0022751432612512,0.0001373094333598,0.4977531973729692,0.0101504117291004,strong_sample,prioritize_for_next_round,2025-01-06_2025-01-17,2025-01-21_2025-01-31,-1,1,False,False,True,False,0.044834110255082105,2062,unstable_direction,review_manually
volume_expansion_graph,theme_candidate_layer,community_mean_volume_z_12,1m,core_weighted,27103,0.016551347345152,-0.0009617181394484,0.5173431734317343,-0.0733726754082125,strong_sample,downgrade,29183,0.0073694085593703,9.881012675958738e-05,0.5078821110349554,0.032905476430636,strong_sample,prioritize_for_next_round,2025-01-06_2025-01-17,2025-01-21_2025-01-31,-1,1,False,True,True,False,0.1062781518388485,2080,unstable_direction,review_manually
volume_expansion_graph,theme_candidate_layer,community_mean_volume_z_12,1m,equal_weight,27103,0.0163479887669257,-0.001022714181896,0.5132841328413285,-0.0724711800410668,strong_sample,downgrade,29183,0.0077641845193337,9.881772191281882e-05,0.5113091158327622,0.034668208262004,strong_sample,prioritize_for_next_round,2025-01-06_2025-01-17,2025-01-21_2025-01-31,-1,1,False,True,True,False,0.10713938830307079,2080,unstable_direction,review_manually
volume_expansion_graph,theme_candidate_layer,community_mean_volume_z_12,1m,member_weight,27103,0.0163479887669257,-0.001022714181896,0.5132841328413285,-0.0724711800410668,strong_sample,downgrade,29183,0.0077641845193337,9.881772191281882e-05,0.5113091158327622,0.034668208262004,strong_sample,prioritize_for_next_round,2025-01-06_2025-01-17,2025-01-21_2025-01-31,-1,1,False,True,True,False,0.10713938830307079,2080,unstable_direction,review_manually
volume_expansion_graph,theme_candidate_layer,community_mean_volume_z_12,1m,top10_member,27103,0.0176268394007259,-0.0009860738219526,0.5217712177121772,-0.0781403675998,strong_sample,downgrade,29183,0.0066326550584319,9.964727568788618e-05,0.5106237148732008,0.0296157653547734,strong_sample,prioritize_for_next_round,2025-01-06_2025-01-17,2025-01-21_2025-01-31,-1,1,False,True,True,False,0.1077561329545734,2080,unstable_direction,review_manually
volume_expansion_graph,theme_candidate_layer,community_mean_volume_z_12,1m,top5_member,27100,0.0208696444108571,-0.0008782416573988,0.5321033210332103,-0.0925148272277571,strong_sample,downgrade,29182,0.006412833502782,0.0001855401039182,0.5027416038382454,0.0286341348423441,strong_sample,prioritize_for_next_round,2025-01-06_2025-01-17,2025-01-21_2025-01-31,-1,1,False,True,True,False,0.1211489620701012,2082,unstable_direction,review_manually
volume_expansion_graph,theme_candidate_layer,edge_density_feature,1m,core_weighted,27103,0.0008112830700821,-0.0001877682737574,0.4933579335793358,-0.0035964449373209,strong_sample,downgrade,29183,0.014705879156355,0.0005191976685882,0.5328992460589445,0.0656638800892551,strong_sample,prioritize_for_next_round,2025-01-06_2025-01-17,2025-01-21_2025-01-31,-1,1,False,True,True,False,0.069260325026576,2080,unstable_direction,review_manually
volume_expansion_graph,theme_candidate_layer,edge_density_feature,30m,core_weighted,23969,0.0266517567871841,0.0028876621668324,0.501669449081803,0.1167258472516696,strong_sample,prioritize_for_next_round,26032,-0.0076710063170457,-1.0546672812051898e-05,0.4817518248175182,-0.0338715141722093,strong_sample,downgrade,2025-01-06_2025-01-17,2025-01-21_2025-01-31,1,-1,False,False,True,False,-0.1505973614238789,2063,unstable_direction,review_manually
volume_expansion_graph,theme_candidate_layer,edge_density_feature,1m,equal_weight,27103,0.001266790722817,-0.0001862899784448,0.4940959409594096,-0.0056157255706806,strong_sample,downgrade,29183,0.0147017057143117,0.0005101617481946,0.5328992460589445,0.0656452450661479,strong_sample,prioritize_for_next_round,2025-01-06_2025-01-17,2025-01-21_2025-01-31,-1,1,False,True,True,False,0.0712609706368285,2080,unstable_direction,review_manually
volume_expansion_graph,theme_candidate_layer,edge_density_feature,30m,equal_weight,23969,0.0275384206659654,0.0029538186866654,0.5012520868113522,0.1206091406985004,strong_sample,prioritize_for_next_round,26032,-0.0073097495303112,-3.181501510463795e-06,0.4852093737994621,-0.0322763760813314,strong_sample,downgrade,2025-01-06_2025-01-17,2025-01-21_2025-01-31,1,-1,False,False,True,False,-0.1528855167798318,2063,unstable_direction,review_manually
volume_expansion_graph,theme_candidate_layer,edge_density_feature,1m,member_weight,27103,0.001266790722817,-0.0001862899784448,0.4940959409594096,-0.0056157255706806,strong_sample,downgrade,29183,0.0147017057143117,0.0005101617481946,0.5328992460589445,0.0656452450661479,strong_sample,prioritize_for_next_round,2025-01-06_2025-01-17,2025-01-21_2025-01-31,-1,1,False,True,True,False,0.0712609706368285,2080,unstable_direction,review_manually
volume_expansion_graph,theme_candidate_layer,edge_density_feature,30m,member_weight,23969,0.0275384206659654,0.0029538186866654,0.5012520868113522,0.1206091406985004,strong_sample,prioritize_for_next_round,26032,-0.0073097495303112,-3.181501510463795e-06,0.4852093737994621,-0.0322763760813314,strong_sample,downgrade,2025-01-06_2025-01-17,2025-01-21_2025-01-31,1,-1,False,False,True,False,-0.1528855167798318,2063,unstable_direction,review_manually
volume_expansion_graph,theme_candidate_layer,edge_density_feature,1m,top10_member,27103,-0.0015231622857646,-0.0002578774682227,0.4940959409594096,-0.0067522292691278,strong_sample,downgrade,29183,0.0140401886984759,0.0004950933501934,0.5328992460589445,0.062691475791764,strong_sample,prioritize_for_next_round,2025-01-06_2025-01-17,2025-01-21_2025-01-31,-1,1,False,False,True,False,0.0694437050608918,2080,unstable_direction,review_manually
volume_expansion_graph,theme_candidate_layer,edge_density_feature,30m,top10_member,23962,0.0216170470100318,0.0024460692022124,0.506677796327212,0.0946727477380184,strong_sample,prioritize_for_next_round,26027,-0.0086754697564705,-0.0001338602442962,0.4846272098385857,-0.0383060231050712,strong_sample,downgrade,2025-01-06_2025-01-17,2025-01-21_2025-01-31,1,-1,False,False,True,False,-0.1329787708430896,2065,unstable_direction,review_manually
volume_expansion_graph,theme_candidate_layer,edge_density_feature,1m,top5_member,27100,-0.0055654729671678,-0.0003355792057248,0.4940959409594096,-0.0246716599411928,strong_sample,downgrade,29182,0.0176448561349221,0.0006755110201863,0.5322138450993832,0.0787865753292891,strong_sample,prioritize_for_next_round,2025-01-06_2025-01-17,2025-01-21_2025-01-31,-1,1,False,False,True,False,0.1034582352704819,2082,unstable_direction,review_manually
volume_expansion_graph,theme_candidate_layer,feature_coverage_ratio,15m,core_weighted,25943,0.0095784379801106,-0.0015044966881541,0.4876638396299151,-0.0422795790301838,strong_sample,downgrade,28023,0.0040508526904757,0.0007371259177132,0.5107066381156317,0.0180162893700314,strong_sample,prioritize_for_next_round,2025-01-06_2025-01-17,2025-01-21_2025-01-31,-1,1,False,True,True,False,0.0602958684002152,2080,unstable_direction,review_manually
volume_expansion_graph,theme_candidate_layer,feature_coverage_ratio,30m,core_weighted,23969,0.0080326984540652,-0.0020270165112845,0.4812186978297162,-0.0351805526463009,strong_sample,downgrade,26032,0.0031985629009192,0.000281494375543,0.4706108336534768,0.0141233319529988,strong_sample,prioritize_for_next_round,2025-01-06_2025-01-17,2025-01-21_2025-01-31,-1,1,False,True,True,False,0.0493038845992997,2063,unstable_direction,review_manually
volume_expansion_graph,theme_candidate_layer,feature_coverage_ratio,15m,equal_weight,25943,0.0089948142182514,-0.0014866242188551,0.4865073245952197,-0.0397034421888056,strong_sample,downgrade,28023,0.0045051848060699,0.000727776967032,0.5096359743040685,0.0200369451405779,strong_sample,prioritize_for_next_round,2025-01-06_2025-01-17,2025-01-21_2025-01-31,-1,1,False,True,True,False,0.0597403873293835,2080,unstable_direction,review_manually
volume_expansion_graph,theme_candidate_layer,feature_coverage_ratio,30m,equal_weight,23969,0.0072991151532303,-0.0020593825221536,0.4820534223706177,-0.0319677013133334,strong_sample,downgrade,26032,0.0037506999465193,0.0003116834297108,0.4733000384172109,0.0165613064497071,strong_sample,prioritize_for_next_round,2025-01-06_2025-01-17,2025-01-21_2025-01-31,-1,1,False,True,True,False,0.048529007763040505,2063,unstable_direction,review_manually
volume_expansion_graph,theme_candidate_layer,feature_coverage_ratio,15m,member_weight,25943,0.0089948142182514,-0.0014866242188551,0.4865073245952197,-0.0397034421888056,strong_sample,downgrade,28023,0.0045051848060699,0.000727776967032,0.5096359743040685,0.0200369451405779,strong_sample,prioritize_for_next_round,2025-01-06_2025-01-17,2025-01-21_2025-01-31,-1,1,False,True,True,False,0.0597403873293835,2080,unstable_direction,review_manually
volume_expansion_graph,theme_candidate_layer,feature_coverage_ratio,30m,member_weight,23969,0.0072991151532303,-0.0020593825221536,0.4820534223706177,-0.0319677013133334,strong_sample,downgrade,26032,0.0037506999465193,0.0003116834297108,0.4733000384172109,0.0165613064497071,strong_sample,prioritize_for_next_round,2025-01-06_2025-01-17,2025-01-21_2025-01-31,-1,1,False,True,True,False,0.048529007763040505,2063,unstable_direction,review_manually
volume_expansion_graph,theme_candidate_layer,feature_coverage_ratio,15m,top10_member,25931,0.0091372616369936,-0.0012454551279875,0.4882375626687235,-0.0403303744729339,strong_sample,downgrade,28014,0.0025467961378467,0.0005976204121327,0.5062477686540521,0.0113265972718389,strong_sample,prioritize_for_next_round,2025-01-06_2025-01-17,2025-01-21_2025-01-31,-1,1,False,True,True,False,0.0516569717447728,2083,unstable_direction,review_manually
volume_expansion_graph,theme_candidate_layer,feature_coverage_ratio,30m,top10_member,23962,0.0093719148109368,-0.0021322660652695,0.4862270450751252,-0.0410446869226063,strong_sample,downgrade,26027,-0.0005911380925379,0.0002946701535127,0.4727132974634896,0.0026101352510802,strong_sample,prioritize_for_next_round,2025-01-06_2025-01-17,2025-01-21_2025-01-31,-1,1,False,False,True,False,0.0436548221736865,2065,unstable_direction,review_manually
volume_expansion_graph,theme_candidate_layer,feature_coverage_ratio,15m,top5_member,25904,0.0087630801509221,-0.0013052213106918,0.4938223938223938,-0.0386748341939734,strong_sample,downgrade,27979,0.0024990876467714,0.000621799882543,0.5091169109760457,0.011113062179524,strong_sample,prioritize_for_next_round,2025-01-06_2025-01-17,2025-01-21_2025-01-31,-1,1,False,True,True,False,0.0497878963734974,2075,unstable_direction,review_manually
volume_expansion_graph,theme_candidate_layer,feature_coverage_ratio,30m,top5_member,23905,0.0023448701636077,-0.0020424632473909,0.4815899581589958,-0.0102670302265281,strong_sample,downgrade,25972,0.0036494750951621,0.0003913840377662,0.4701578744705429,0.0161106885176349,strong_sample,prioritize_for_next_round,2025-01-06_2025-01-17,2025-01-21_2025-01-31,-1,1,False,True,True,False,0.026377718744163003,2067,unstable_direction,review_manually
volume_expansion_graph,theme_candidate_layer,feature_coverage_ratio,5m,top5_member,26873,0.0155607102156407,-0.0004905520510014,0.4849274283587644,-0.0689235565686952,strong_sample,downgrade,28935,0.0119753342621842,3.2600521341555585e-05,0.5019011406844106,0.0534272172768251,strong_sample,prioritize_for_next_round,2025-01-06_2025-01-17,2025-01-21_2025-01-31,-1,1,False,True,True,False,0.12235077384552029,2062,unstable_direction,review_manually
