source_symbol,symbol,status,row_count,min_timestamp,max_timestamp,exchange_timezone,last_fetch_at,error_message
A,A,success,4680,2026-03-12 13:30:00+00:00,2026-06-05 20:00:00+00:00,America/New_York,2026-06-07 10:12:09.983866+00:00,
AA,AA,success,4681,2026-03-12 13:30:00+00:00,2026-06-05 20:00:00+00:00,America/New_York,2026-06-07 10:12:26.514024+00:00,
AACP,AACP,success,69,2026-05-28 13:50:00+00:00,2026-06-05 20:00:00+00:00,America/New_York,2026-06-07 10:15:39.241013+00:00,
AAL,AAL,success,4681,2026-03-12 13:30:00+00:00,2026-06-05 20:00:00+00:00,America/New_York,2026-06-07 10:12:50.991828+00:00,
AAMI,AAMI,success,4312,2026-03-12 13:30:00+00:00,2026-06-05 20:00:00+00:00,America/New_York,2026-06-07 10:13:47.650870+00:00,
AAOI,AAOI,success,4681,2026-03-12 13:30:00+00:00,2026-06-05 20:00:00+00:00,America/New_York,2026-06-07 10:12:33.733168+00:00,
AAON,AAON,success,4630,2026-03-12 13:30:00+00:00,2026-06-05 20:00:00+00:00,America/New_York,2026-06-07 10:12:43.225298+00:00,
AAP,AAP,success,4681,2026-03-12 13:30:00+00:00,2026-06-05 20:00:00+00:00,America/New_York,2026-06-07 10:13:34.853805+00:00,
AAPG,AAPG,success,290,2026-03-13 13:30:00+00:00,2026-06-05 20:00:00+00:00,America/New_York,2026-06-07 10:14:09.607188+00:00,
AAPL,AAPL,success,4681,2026-03-12 13:30:00+00:00,2026-06-05 20:00:00+00:00,America/New_York,2026-06-07 10:11:44.545585+00:00,
AARD,AARD,success,3707,2026-03-12 13:30:00+00:00,2026-06-05 20:00:00+00:00,America/New_York,2026-06-07 10:15:58.820660+00:00,
AAT,AAT,success,4421,2026-03-12 13:30:00+00:00,2026-06-05 20:00:00+00:00,America/New_York,2026-06-07 10:14:14.791679+00:00,
AAUC,AAUC,success,4237,2026-03-12 13:30:00+00:00,2026-06-05 20:00:00+00:00,America/New_York,2026-06-07 10:13:38.974725+00:00,
ABAT,ABAT,success,4681,2026-03-12 13:30:00+00:00,2026-06-05 20:00:00+00:00,America/New_York,2026-06-07 10:15:11.487041+00:00,
ABBV,ABBV,success,4681,2026-03-12 13:30:00+00:00,2026-06-05 20:00:00+00:00,America/New_York,2026-06-07 10:11:46.274737+00:00,
ABCB,ABCB,success,4533,2026-03-12 13:30:00+00:00,2026-06-05 20:00:00+00:00,America/New_York,2026-06-07 10:13:07.670721+00:00,
ABCL,ABCL,success,4681,2026-03-12 13:30:00+00:00,2026-06-05 20:00:00+00:00,America/New_York,2026-06-07 10:14:07.763773+00:00,
ABEO,ABEO,success,4610,2026-03-12 13:30:00+00:00,2026-06-05 20:00:00+00:00,America/New_York,2026-06-07 10:15:24.605554+00:00,
ABEV,ABEV,success,4681,2026-03-12 13:30:00+00:00,2026-06-05 20:00:00+00:00,America/New_York,2026-06-07 10:12:05.789014+00:00,
ABG,ABG,success,3977,2026-03-12 13:30:00+00:00,2026-06-05 20:00:00+00:00,America/New_York,2026-06-07 10:13:33.039719+00:00,
ABM,ABM,success,4498,2026-03-12 13:30:00+00:00,2026-06-05 20:00:00+00:00,America/New_York,2026-06-07 10:13:47.895999+00:00,
ABNB,ABNB,success,4681,2026-03-12 13:30:00+00:00,2026-06-05 20:00:00+00:00,America/New_York,2026-06-07 10:11:57.164810+00:00,
ABR,ABR,success,4681,2026-03-12 13:30:00+00:00,2026-06-05 20:00:00+00:00,America/New_York,2026-06-07 10:14:31.116892+00:00,
ABSI,ABSI,success,4681,2026-03-12 13:30:00+00:00,2026-06-05 20:00:00+00:00,America/New_York,2026-06-07 10:14:33.056810+00:00,
ABT,ABT,success,4681,2026-03-12 13:30:00+00:00,2026-06-05 20:00:00+00:00,America/New_York,2026-06-07 10:11:50.829621+00:00,
ABUS,ABUS,success,4619,2026-03-12 13:30:00+00:00,2026-06-05 20:00:00+00:00,America/New_York,2026-06-07 10:14:39.975430+00:00,
ABVX,ABVX,success,4666,2026-03-12 13:30:00+00:00,2026-06-05 20:00:00+00:00,America/New_York,2026-06-07 10:12:54.331451+00:00,
ABX,ABX,success,4582,2026-03-12 13:30:00+00:00,2026-06-05 20:00:00+00:00,America/New_York,2026-06-07 10:14:38.674522+00:00,
ACA,ACA,success,4125,2026-03-12 13:30:00+00:00,2026-06-05 20:00:00+00:00,America/New_York,2026-06-07 10:13:07.072938+00:00,
ACAD,ACAD,success,4679,2026-03-12 13:30:00+00:00,2026-06-05 20:00:00+00:00,America/New_York,2026-06-07 10:13:31.944710+00:00,
ACB,ACB,success,4473,2026-03-12 13:30:00+00:00,2026-06-05 20:00:00+00:00,America/New_York,2026-06-07 10:15:41.583993+00:00,
ACCO,ACCO,success,4632,2026-03-12 13:30:00+00:00,2026-06-05 20:00:00+00:00,America/New_York,2026-06-07 10:15:19.471203+00:00,
ACDC,ACDC,success,4677,2026-03-12 13:30:00+00:00,2026-06-05 20:00:00+00:00,America/New_York,2026-06-07 10:14:22.252249+00:00,
ACEL,ACEL,success,4297,2026-03-12 13:30:00+00:00,2026-06-05 20:00:00+00:00,America/New_York,2026-06-07 10:14:31.649450+00:00,
ACET,ACET,success,3051,2026-03-12 13:30:00+00:00,2026-06-05 20:00:00+00:00,America/New_York,2026-06-07 10:16:01.299512+00:00,
ACGC,ACGC,success,52,2026-05-28 13:50:00+00:00,2026-06-05 20:00:00+00:00,America/New_York,2026-06-07 10:15:27.022054+00:00,
ACGL,ACGL,success,4681,2026-03-12 13:30:00+00:00,2026-06-05 20:00:00+00:00,America/New_York,2026-06-07 10:12:13.082148+00:00,
ACHC,ACHC,success,4681,2026-03-12 13:30:00+00:00,2026-06-05 20:00:00+00:00,America/New_York,2026-06-07 10:13:55.088314+00:00,
ACHR,ACHR,success,4681,2026-03-12 13:30:00+00:00,2026-06-05 20:00:00+00:00,America/New_York,2026-06-07 10:13:26.038392+00:00,
ACHV,ACHV,success,4529,2026-03-12 13:30:00+00:00,2026-06-05 20:00:00+00:00,America/New_York,2026-06-07 10:14:59.650677+00:00,
ACI,ACI,success,4681,2026-03-12 13:30:00+00:00,2026-06-05 20:00:00+00:00,America/New_York,2026-06-07 10:12:53.032640+00:00,
ACIC,ACIC,success,3637,2026-03-12 13:30:00+00:00,2026-06-05 20:00:00+00:00,America/New_York,2026-06-07 10:15:01.447620+00:00,
ACIW,ACIW,success,4603,2026-03-12 13:30:00+00:00,2026-06-05 20:00:00+00:00,America/New_York,2026-06-07 10:13:21.959602+00:00,
ACLS,ACLS,success,4618,2026-03-12 13:30:00+00:00,2026-06-05 20:00:00+00:00,America/New_York,2026-06-07 10:13:21.158429+00:00,
ACM,ACM,success,4673,2026-03-12 13:30:00+00:00,2026-06-05 20:00:00+00:00,America/New_York,2026-06-07 10:12:48.302078+00:00,
ACMR,ACMR,success,4670,2026-03-12 13:30:00+00:00,2026-06-05 20:00:00+00:00,America/New_York,2026-06-07 10:13:13.112408+00:00,
ACN,ACN,success,4681,2026-03-12 13:30:00+00:00,2026-06-05 20:00:00+00:00,America/New_York,2026-06-07 10:11:53.977415+00:00,
ACNB,ACNB,success,1965,2026-03-12 13:30:00+00:00,2026-06-05 20:00:00+00:00,America/New_York,2026-06-07 10:14:55.364113+00:00,
ACNT,ACNT,success,2574,2026-03-12 13:30:00+00:00,2026-06-05 20:00:00+00:00,America/New_York,2026-06-07 10:15:51.717504+00:00,
ACOG,ACOG,success,1534,2026-03-12 13:30:00+00:00,2026-06-05 20:00:00+00:00,America/New_York,2026-06-07 10:15:52.764386+00:00,
ACR,ACR,success,1155,2026-03-12 13:30:00+00:00,2026-06-05 20:00:00+00:00,America/New_York,2026-06-07 10:15:50.270942+00:00,
ACRE,ACRE,success,4499,2026-03-12 13:30:00+00:00,2026-06-05 20:00:00+00:00,America/New_York,2026-06-07 10:15:29.129818+00:00,
ACRS,ACRS,success,4660,2026-03-12 13:30:00+00:00,2026-06-05 20:00:00+00:00,America/New_York,2026-06-07 10:14:53.343321+00:00,
ACT,ACT,success,4191,2026-03-12 13:30:00+00:00,2026-06-05 20:00:00+00:00,America/New_York,2026-06-07 10:13:08.199039+00:00,
ACTG,ACTG,success,3849,2026-03-12 13:30:00+00:00,2026-06-05 20:00:00+00:00,America/New_York,2026-06-07 10:15:06.540871+00:00,
ACU,ACU,success,1276,2026-03-12 13:30:00+00:00,2026-06-05 20:00:00+00:00,America/New_York,2026-06-07 10:15:46.062772+00:00,
ACVA,ACVA,success,4681,2026-03-12 13:30:00+00:00,2026-06-05 20:00:00+00:00,America/New_York,2026-06-07 10:14:33.403495+00:00,
AD,AD,success,3483,2026-03-12 13:30:00+00:00,2026-06-05 20:00:00+00:00,America/New_York,2026-06-07 10:13:22.534637+00:00,
ADAG,ADAG,success,2522,2026-03-12 13:30:00+00:00,2026-06-05 20:00:00+00:00,America/New_York,2026-06-07 10:15:46.868708+00:00,
ADAM,ADAM,success,4574,2026-03-12 13:30:00+00:00,2026-06-05 20:00:00+00:00,America/New_York,2026-06-07 10:14:41.618421+00:00,
ADBE,ADBE,success,4681,2026-03-12 13:30:00+00:00,2026-06-05 20:00:00+00:00,America/New_York,2026-06-07 10:11:54.524753+00:00,
ADC,ADC,success,4677,2026-03-12 13:30:00+00:00,2026-06-05 20:00:00+00:00,America/New_York,2026-06-07 10:12:51.348713+00:00,
ADEA,ADEA,success,4676,2026-03-12 13:30:00+00:00,2026-06-05 20:00:00+00:00,America/New_York,2026-06-07 10:13:38.539226+00:00,
ADI,ADI,success,4681,2026-03-12 13:30:00+00:00,2026-06-05 20:00:00+00:00,America/New_York,2026-06-07 10:11:49.078781+00:00,
ADM,ADM,success,4681,2026-03-12 13:30:00+00:00,2026-06-05 20:00:00+00:00,America/New_York,2026-06-07 10:12:09.582744+00:00,
ADMA,ADMA,success,4681,2026-03-12 13:30:00+00:00,2026-06-05 20:00:00+00:00,America/New_York,2026-06-07 10:14:02.011844+00:00,
ADNT,ADNT,success,4664,2026-03-12 13:30:00+00:00,2026-06-05 20:00:00+00:00,America/New_York,2026-06-07 10:14:04.898451+00:00,
ADP,ADP,success,4681,2026-03-12 13:30:00+00:00,2026-06-05 20:00:00+00:00,America/New_York,2026-06-07 10:11:55.736531+00:00,
ADPT,ADPT,success,4681,2026-03-12 13:30:00+00:00,2026-06-05 20:00:00+00:00,America/New_York,2026-06-07 10:13:46.710873+00:00,
ADSE,ADSE,success,305,2026-03-12 16:55:00+00:00,2026-06-05 20:00:00+00:00,America/New_York,2026-06-07 10:14:47.644327+00:00,
ADSK,ADSK,success,4681,2026-03-12 13:30:00+00:00,2026-06-05 20:00:00+00:00,America/New_York,2026-06-07 10:12:06.044257+00:00,
ADT,ADT,success,4681,2026-03-12 13:30:00+00:00,2026-06-05 20:00:00+00:00,America/New_York,2026-06-07 10:13:12.146448+00:00,
ADTN,ADTN,success,4677,2026-03-12 13:30:00+00:00,2026-06-05 20:00:00+00:00,America/New_York,2026-06-07 10:14:23.381991+00:00,
ADUR,ADUR,success,4214,2026-03-12 13:30:00+00:00,2026-06-05 20:00:00+00:00,America/New_York,2026-06-07 10:15:04.136187+00:00,
ADUS,ADUS,success,3849,2026-03-12 13:30:00+00:00,2026-06-05 20:00:00+00:00,America/New_York,2026-06-07 10:14:07.182875+00:00,
ADV,ADV,success,2938,2026-03-12 13:30:00+00:00,2026-06-05 20:00:00+00:00,America/New_York,2026-06-07 10:15:01.397437+00:00,
AEBI,AEBI,success,4049,2026-03-12 13:30:00+00:00,2026-06-05 20:00:00+00:00,America/New_York,2026-06-07 10:14:37.348892+00:00,
AEC,AEC,success,1716,2026-03-12 13:30:00+00:00,2026-06-05 20:00:00+00:00,America/New_York,2026-06-07 10:15:59.789065+00:00,
AEE,AEE,success,4681,2026-03-12 13:30:00+00:00,2026-06-05 20:00:00+00:00,America/New_York,2026-06-07 10:12:14.988200+00:00,
AEG,AEG,success,4676,2026-03-12 13:30:00+00:00,2026-06-05 20:00:00+00:00,America/New_York,2026-06-07 10:12:38.205473+00:00,
AEHR,AEHR,success,4681,2026-03-12 13:30:00+00:00,2026-06-05 20:00:00+00:00,America/New_York,2026-06-07 10:13:39.704471+00:00,
AEIS,AEIS,success,4579,2026-03-12 13:30:00+00:00,2026-06-05 20:00:00+00:00,America/New_York,2026-06-07 10:12:41.888924+00:00,
AEM,AEM,success,4681,2026-03-12 13:30:00+00:00,2026-06-05 20:00:00+00:00,America/New_York,2026-06-07 10:11:57.668322+00:00,
AENT,AENT,success,1178,2026-03-12 13:50:00+00:00,2026-06-05 20:00:00+00:00,America/New_York,2026-06-07 10:15:28.373139+00:00,
AEO,AEO,success,4681,2026-03-12 13:30:00+00:00,2026-06-05 20:00:00+00:00,America/New_York,2026-06-07 10:13:44.900263+00:00,
AEP,AEP,success,4681,2026-03-12 13:30:00+00:00,2026-06-05 20:00:00+00:00,America/New_York,2026-06-07 10:12:00.755089+00:00,
AER,AER,success,4677,2026-03-12 13:30:00+00:00,2026-06-05 20:00:00+00:00,America/New_York,2026-06-07 10:12:22.404732+00:00,
AERO,AERO,success,4133,2026-03-12 13:30:00+00:00,2026-06-05 20:00:00+00:00,America/New_York,2026-06-07 10:13:53.070490+00:00,
AES,AES,success,4681,2026-03-12 13:30:00+00:00,2026-06-05 20:00:00+00:00,America/New_York,2026-06-07 10:12:44.474818+00:00,
AESI,AESI,success,4681,2026-03-12 13:30:00+00:00,2026-06-05 20:00:00+00:00,America/New_York,2026-06-07 10:13:58.464131+00:00,
AESPU,AESPU,success,12,2026-06-04 19:40:00+00:00,2026-06-05 20:00:00+00:00,America/New_York,2026-06-07 10:15:51.248994+00:00,
AEVA,AEVA,success,4681,2026-03-12 13:30:00+00:00,2026-06-05 20:00:00+00:00,America/New_York,2026-06-07 10:14:17.615557+00:00,
AEXA,AEXA,success,2225,2026-03-12 13:30:00+00:00,2026-06-05 20:00:00+00:00,America/New_York,2026-06-07 10:14:56.237812+00:00,
AEYE,AEYE,success,3525,2026-03-12 13:30:00+00:00,2026-06-05 20:00:00+00:00,America/New_York,2026-06-07 10:15:58.357728+00:00,
AFBI,AFBI,success,486,2026-03-13 19:55:00+00:00,2026-06-05 20:00:00+00:00,America/New_York,2026-06-07 10:15:49.613110+00:00,
AFCG,AFCG,success,3480,2026-03-12 13:30:00+00:00,2026-06-05 20:00:00+00:00,America/New_York,2026-06-07 10:15:59.133807+00:00,
AFG,AFG,success,4298,2026-03-12 13:30:00+00:00,2026-06-05 20:00:00+00:00,America/New_York,2026-06-07 10:12:42.173661+00:00,
AFJK,AFJK,success,479,2026-03-12 14:50:00+00:00,2026-06-05 20:00:00+00:00,America/New_York,2026-06-07 10:15:51.613917+00:00,
AFL,AFL,success,4681,2026-03-12 13:30:00+00:00,2026-06-05 20:00:00+00:00,America/New_York,2026-06-07 10:12:02.466926+00:00,
AFRI,AFRI,success,570,2026-03-12 13:30:00+00:00,2026-06-05 20:00:00+00:00,America/New_York,2026-06-07 10:15:30.705230+00:00,
AFRM,AFRM,success,4681,2026-03-12 13:30:00+00:00,2026-06-05 20:00:00+00:00,America/New_York,2026-06-07 10:12:23.475961+00:00,
AFYA,AFYA,success,2740,2026-03-12 13:30:00+00:00,2026-06-05 20:00:00+00:00,America/New_York,2026-06-07 10:14:20.532732+00:00,
AG,AG,success,4681,2026-03-12 13:30:00+00:00,2026-06-05 20:00:00+00:00,America/New_York,2026-06-07 10:12:53.620755+00:00,
AGBK,AGBK,success,4295,2026-03-12 13:30:00+00:00,2026-06-05 20:00:00+00:00,America/New_York,2026-06-07 10:14:23.264674+00:00,
AGCC,AGCC,success,1829,2026-03-12 13:30:00+00:00,2026-06-05 20:00:00+00:00,America/New_York,2026-06-07 10:14:56.102353+00:00,
AGCO,AGCO,success,4644,2026-03-12 13:30:00+00:00,2026-06-05 20:00:00+00:00,America/New_York,2026-06-07 10:12:51.717557+00:00,
AGEN,AGEN,success,4500,2026-03-12 13:30:00+00:00,2026-06-05 20:00:00+00:00,America/New_York,2026-06-07 10:15:50.715616+00:00,
AGI,AGI,success,4681,2026-03-12 13:30:00+00:00,2026-06-05 20:00:00+00:00,America/New_York,2026-06-07 10:12:30.831830+00:00,
AGIO,AGIO,success,4631,2026-03-12 13:30:00+00:00,2026-06-05 20:00:00+00:00,America/New_York,2026-06-07 10:14:08.672829+00:00,
AGL,AGL,success,4522,2026-03-12 13:30:00+00:00,2026-06-05 20:00:00+00:00,America/New_York,2026-06-07 10:14:10.050111+00:00,
AGM,AGM,success,2494,2026-03-12 13:30:00+00:00,2026-06-05 20:00:00+00:00,America/New_York,2026-06-07 10:14:01.294758+00:00,
AGMB,AGMB,success,2428,2026-03-12 13:30:00+00:00,2026-06-05 20:00:00+00:00,America/New_York,2026-06-07 10:15:02.995311+00:00,
AGNC,AGNC,success,4681,2026-03-12 13:30:00+00:00,2026-06-05 20:00:00+00:00,America/New_York,2026-06-07 10:12:40.099900+00:00,
AGNT,AGNT,success,1556,2026-05-08 13:30:00+00:00,2026-06-05 20:00:00+00:00,America/New_York,2026-06-07 10:14:43.609592+00:00,
AGO,AGO,success,4352,2026-03-12 13:30:00+00:00,2026-06-05 20:00:00+00:00,America/New_York,2026-06-07 10:13:33.884466+00:00,
AGPU,AGPU,success,3486,2026-03-12 13:50:00+00:00,2026-06-05 20:00:00+00:00,America/New_York,2026-06-07 10:15:58.623796+00:00,
AGRO,AGRO,success,4657,2026-03-12 13:30:00+00:00,2026-06-05 20:00:00+00:00,America/New_York,2026-06-07 10:14:09.474425+00:00,
AGX,AGX,success,4508,2026-03-12 13:30:00+00:00,2026-06-05 20:00:00+00:00,America/New_York,2026-06-07 10:12:47.886668+00:00,
AGYS,AGYS,success,4002,2026-03-12 13:30:00+00:00,2026-06-05 20:00:00+00:00,America/New_York,2026-06-07 10:13:50.068121+00:00,
AHCO,AHCO,success,4655,2026-03-12 13:30:00+00:00,2026-06-05 20:00:00+00:00,America/New_York,2026-06-07 10:14:18.654378+00:00,
AHR,AHR,success,4680,2026-03-12 13:30:00+00:00,2026-06-05 20:00:00+00:00,America/New_York,2026-06-07 10:12:46.138579+00:00,
AHRT,AHRT,success,4648,2026-03-12 13:30:00+00:00,2026-06-05 20:00:00+00:00,America/New_York,2026-06-07 10:14:47.762030+00:00,
AI,AI,success,4681,2026-03-12 13:30:00+00:00,2026-06-05 20:00:00+00:00,America/New_York,2026-06-07 10:14:14.135737+00:00,
AIAI,AIAI,success,880,2026-05-14 15:45:00+00:00,2026-06-05 20:00:00+00:00,America/New_York,2026-06-07 10:14:40.948701+00:00,
AIG,AIG,success,4681,2026-03-12 13:30:00+00:00,2026-06-05 20:00:00+00:00,America/New_York,2026-06-07 10:12:07.858376+00:00,
AII,AII,success,2783,2026-03-12 13:30:00+00:00,2026-06-05 20:00:00+00:00,America/New_York,2026-06-07 10:15:21.010314+00:00,
AIIR,AIIR,success,225,2026-05-18 13:30:00+00:00,2026-06-05 20:00:00+00:00,America/New_York,2026-06-07 10:14:27.965943+00:00,
AIN,AIN,success,3904,2026-03-12 13:30:00+00:00,2026-06-05 20:00:00+00:00,America/New_York,2026-06-07 10:14:00.974483+00:00,
AIOT,AIOT,success,4649,2026-03-12 13:30:00+00:00,2026-06-05 20:00:00+00:00,America/New_York,2026-06-07 10:15:00.974734+00:00,
AIP,AIP,success,4617,2026-03-12 13:30:00+00:00,2026-06-05 20:00:00+00:00,America/New_York,2026-06-07 10:14:11.606818+00:00,
AIR,AIR,success,4490,2026-03-12 13:30:00+00:00,2026-06-05 20:00:00+00:00,America/New_York,2026-06-07 10:13:20.443076+00:00,
AIRG,AIRG,success,2327,2026-03-12 13:30:00+00:00,2026-06-05 20:00:00+00:00,America/New_York,2026-06-07 10:15:57.502992+00:00,
AIRJ,AIRJ,success,4221,2026-03-12 13:30:00+00:00,2026-06-05 20:00:00+00:00,America/New_York,2026-06-07 10:15:22.326073+00:00,
AIRO,AIRO,success,4594,2026-03-12 13:30:00+00:00,2026-06-05 20:00:00+00:00,America/New_York,2026-06-07 10:15:30.924111+00:00,
AIRS,AIRS,success,4614,2026-03-12 13:30:00+00:00,2026-06-05 20:00:00+00:00,America/New_York,2026-06-07 10:15:16.595586+00:00,
AIT,AIT,success,4582,2026-03-12 13:30:00+00:00,2026-06-05 20:00:00+00:00,America/New_York,2026-06-07 10:12:39.454527+00:00,
AIV,AIV,success,4657,2026-03-12 13:30:00+00:00,2026-06-05 20:00:00+00:00,America/New_York,2026-06-07 10:15:07.524549+00:00,
AIZ,AIZ,success,4426,2026-03-12 13:30:00+00:00,2026-06-05 20:00:00+00:00,America/New_York,2026-06-07 10:12:36.817643+00:00,
AJG,AJG,success,4681,2026-03-12 13:30:00+00:00,2026-06-05 20:00:00+00:00,America/New_York,2026-06-07 10:12:04.030347+00:00,
AKAM,AKAM,success,4681,2026-03-12 13:30:00+00:00,2026-06-05 20:00:00+00:00,America/New_York,2026-06-07 10:12:22.601149+00:00,
AKO.B,AKO-B,success,697,2026-03-12 13:30:00+00:00,2026-06-05 19:00:00+00:00,America/New_York,2026-06-07 10:13:28.172228+00:00,
AKR,AKR,success,4669,2026-03-12 13:30:00+00:00,2026-06-05 20:00:00+00:00,America/New_York,2026-06-07 10:13:41.233914+00:00,
AKTS,AKTS,success,3821,2026-03-12 13:30:00+00:00,2026-06-05 20:00:00+00:00,America/New_York,2026-06-07 10:14:30.752570+00:00,
ALAB,ALAB,success,4681,2026-03-12 13:30:00+00:00,2026-06-05 20:00:00+00:00,America/New_York,2026-06-07 10:12:04.330496+00:00,
ALAR,ALAR,success,1637,2026-03-12 13:40:00+00:00,2026-06-05 20:00:00+00:00,America/New_York,2026-06-07 10:16:00.819583+00:00,
ALB,ALB,success,4681,2026-03-12 13:30:00+00:00,2026-06-05 20:00:00+00:00,America/New_York,2026-06-07 10:12:26.991060+00:00,
ALC,ALC,success,4680,2026-03-12 13:30:00+00:00,2026-06-05 20:00:00+00:00,America/New_York,2026-06-07 10:12:12.351286+00:00,
ALCO,ALCO,success,1173,2026-03-12 13:30:00+00:00,2026-06-05 20:00:00+00:00,America/New_York,2026-06-07 10:15:24.405658+00:00,
ALG,ALG,success,3271,2026-03-12 13:30:00+00:00,2026-06-05 20:00:00+00:00,America/New_York,2026-06-07 10:14:04.636225+00:00,
ALGM,ALGM,success,4681,2026-03-12 13:30:00+00:00,2026-06-05 20:00:00+00:00,America/New_York,2026-06-07 10:12:52.225224+00:00,
ALGN,ALGN,success,4625,2026-03-12 13:30:00+00:00,2026-06-05 20:00:00+00:00,America/New_York,2026-06-07 10:12:39.105267+00:00,
ALGT,ALGT,success,4522,2026-03-12 13:30:00+00:00,2026-06-05 20:00:00+00:00,America/New_York,2026-06-07 10:13:54.823026+00:00,
ALH,ALH,success,4581,2026-03-12 13:30:00+00:00,2026-06-05 20:00:00+00:00,America/New_York,2026-06-07 10:13:15.796359+00:00,
ALHC,ALHC,success,4681,2026-03-12 13:30:00+00:00,2026-06-05 20:00:00+00:00,America/New_York,2026-06-07 10:13:39.128343+00:00,
ALK,ALK,success,4681,2026-03-12 13:30:00+00:00,2026-06-05 20:00:00+00:00,America/New_York,2026-06-07 10:13:16.008550+00:00,
ALKS,ALKS,success,4681,2026-03-12 13:30:00+00:00,2026-06-05 20:00:00+00:00,America/New_York,2026-06-07 10:12:59.425862+00:00,
ALKT,ALKT,success,4678,2026-03-12 13:30:00+00:00,2026-06-05 20:00:00+00:00,America/New_York,2026-06-07 10:14:08.074854+00:00,
ALL,ALL,success,4680,2026-03-12 13:30:00+00:00,2026-06-05 20:00:00+00:00,America/New_York,2026-06-07 10:12:03.065847+00:00,
ALLE,ALLE,success,4669,2026-03-12 13:30:00+00:00,2026-06-05 20:00:00+00:00,America/New_York,2026-06-07 10:12:41.843772+00:00,
ALLT,ALLT,success,4185,2026-03-12 13:30:00+00:00,2026-06-05 20:00:00+00:00,America/New_York,2026-06-07 10:15:17.081300+00:00,
ALLY,ALLY,success,4681,2026-03-12 13:30:00+00:00,2026-06-05 20:00:00+00:00,America/New_York,2026-06-07 10:12:36.113001+00:00,
ALM,ALM,success,4681,2026-03-12 13:30:00+00:00,2026-06-05 20:00:00+00:00,America/New_York,2026-06-07 10:13:20.001055+00:00,
ALMR,ALMR,success,2160,2026-04-17 13:35:00+00:00,2026-06-05 20:00:00+00:00,America/New_York,2026-06-07 10:14:16.008164+00:00,
ALMS,ALMS,success,4663,2026-03-12 13:30:00+00:00,2026-06-05 20:00:00+00:00,America/New_York,2026-06-07 10:13:51.651635+00:00,
ALMU,ALMU,success,4635,2026-03-12 13:30:00+00:00,2026-06-05 20:00:00+00:00,America/New_York,2026-06-07 10:15:12.273620+00:00,
ALNT,ALNT,success,3847,2026-03-12 13:30:00+00:00,2026-06-05 20:00:00+00:00,America/New_York,2026-06-07 10:14:15.220515+00:00,
ALNY,ALNY,success,4678,2026-03-12 13:30:00+00:00,2026-06-05 20:00:00+00:00,America/New_York,2026-06-07 10:12:08.576513+00:00,
ALOT,ALOT,success,1487,2026-03-12 16:20:00+00:00,2026-06-05 20:00:00+00:00,America/New_York,2026-06-07 10:15:53.478623+00:00,
ALOY,ALOY,success,4681,2026-03-12 13:30:00+00:00,2026-06-05 20:00:00+00:00,America/New_York,2026-06-07 10:14:43.580077+00:00,
ALRM,ALRM,success,4448,2026-03-12 13:30:00+00:00,2026-06-05 20:00:00+00:00,America/New_York,2026-06-07 10:13:54.654666+00:00,
ALRS,ALRS,success,3346,2026-03-12 13:30:00+00:00,2026-06-05 20:00:00+00:00,America/New_York,2026-06-07 10:14:44.893157+00:00,
ALSN,ALSN,success,4649,2026-03-12 13:30:00+00:00,2026-06-05 20:00:00+00:00,America/New_York,2026-06-07 10:12:47.646903+00:00,
ALTG,ALTG,success,4016,2026-03-12 13:30:00+00:00,2026-06-05 20:00:00+00:00,America/New_York,2026-06-07 10:15:38.777289+00:00,
ALTO,ALTO,success,4667,2026-03-12 13:30:00+00:00,2026-06-05 20:00:00+00:00,America/New_York,2026-06-07 10:15:09.429321+00:00,
ALV,ALV,success,4652,2026-03-12 13:30:00+00:00,2026-06-05 20:00:00+00:00,America/New_York,2026-06-07 10:12:46.771040+00:00,
ALVO,ALVO,success,4141,2026-03-12 13:30:00+00:00,2026-06-05 20:00:00+00:00,America/New_York,2026-06-07 10:14:28.336587+00:00,
ALX,ALX,success,1390,2026-03-12 13:30:00+00:00,2026-06-05 20:00:00+00:00,America/New_York,2026-06-07 10:14:19.410021+00:00,
AM,AM,success,4681,2026-03-12 13:30:00+00:00,2026-06-05 20:00:00+00:00,America/New_York,2026-06-07 10:12:45.142836+00:00,
AMAL,AMAL,success,3240,2026-03-12 13:30:00+00:00,2026-06-05 20:00:00+00:00,America/New_York,2026-06-07 10:14:20.632773+00:00,
AMAN,AMAN,success,237,2026-05-19 14:00:00+00:00,2026-06-05 20:00:00+00:00,America/New_York,2026-06-07 10:15:55.341958+00:00,
AMAT,AMAT,success,4681,2026-03-12 13:30:00+00:00,2026-06-05 20:00:00+00:00,America/New_York,2026-06-07 10:11:46.205537+00:00,
AMBA,AMBA,success,4657,2026-03-12 13:30:00+00:00,2026-06-05 20:00:00+00:00,America/New_York,2026-06-07 10:13:46.157125+00:00,
AMBP,AMBP,success,4659,2026-03-12 13:30:00+00:00,2026-06-05 20:00:00+00:00,America/New_York,2026-06-07 10:13:52.736035+00:00,
AMBQ,AMBQ,success,4469,2026-03-12 13:30:00+00:00,2026-06-05 20:00:00+00:00,America/New_York,2026-06-07 10:14:11.292026+00:00,
AMCI,AMCI,success,2018,2026-03-12 13:30:00+00:00,2026-06-05 20:00:00+00:00,America/New_York,2026-06-07 10:15:54.505802+00:00,
AMCR,AMCR,success,4681,2026-03-12 13:30:00+00:00,2026-06-05 20:00:00+00:00,America/New_York,2026-06-07 10:12:27.777634+00:00,
AMCX,AMCX,success,4427,2026-03-12 13:30:00+00:00,2026-06-05 20:00:00+00:00,America/New_York,2026-06-07 10:15:08.796501+00:00,
AMD,AMD,success,4681,2026-03-12 13:30:00+00:00,2026-06-05 20:00:00+00:00,America/New_York,2026-06-07 10:11:45.206908+00:00,
AME,AME,success,4672,2026-03-12 13:30:00+00:00,2026-06-05 20:00:00+00:00,America/New_York,2026-06-07 10:12:04.704364+00:00,
AMG,AMG,success,4320,2026-03-12 13:30:00+00:00,2026-06-05 20:00:00+00:00,America/New_York,2026-06-07 10:12:50.109126+00:00,
AMGN,AMGN,success,4681,2026-03-12 13:30:00+00:00,2026-06-05 20:00:00+00:00,America/New_York,2026-06-07 10:11:49.505854+00:00,
AMH,AMH,success,4681,2026-03-12 13:30:00+00:00,2026-06-05 20:00:00+00:00,America/New_York,2026-06-07 10:12:39.243596+00:00,
AMKR,AMKR,success,4681,2026-03-12 13:30:00+00:00,2026-06-05 20:00:00+00:00,America/New_York,2026-06-07 10:12:30.005001+00:00,
AMLX,AMLX,success,4652,2026-03-12 13:30:00+00:00,2026-06-05 20:00:00+00:00,America/New_York,2026-06-07 10:14:15.975576+00:00,
AMN,AMN,success,4660,2026-03-12 13:30:00+00:00,2026-06-05 20:00:00+00:00,America/New_York,2026-06-07 10:14:23.919959+00:00,
AMP,AMP,success,4678,2026-03-12 13:30:00+00:00,2026-06-05 20:00:00+00:00,America/New_York,2026-06-07 10:12:07.487222+00:00,
AMPG,AMPG,success,4346,2026-03-12 13:30:00+00:00,2026-06-05 20:00:00+00:00,America/New_York,2026-06-07 10:15:51.377141+00:00,
AMPH,AMPH,success,4575,2026-03-12 13:30:00+00:00,2026-06-05 20:00:00+00:00,America/New_York,2026-06-07 10:14:38.348140+00:00,
AMPL,AMPL,success,4676,2026-03-12 13:30:00+00:00,2026-06-05 20:00:00+00:00,America/New_York,2026-06-07 10:14:31.396134+00:00,
AMPX,AMPX,success,4681,2026-03-12 13:30:00+00:00,2026-06-05 20:00:00+00:00,America/New_York,2026-06-07 10:13:46.786165+00:00,
AMPY,AMPY,success,4660,2026-03-12 13:30:00+00:00,2026-06-05 20:00:00+00:00,America/New_York,2026-06-07 10:15:43.897768+00:00,
AMR,AMR,success,4171,2026-03-12 13:30:00+00:00,2026-06-05 20:00:00+00:00,America/New_York,2026-06-07 10:13:48.219764+00:00,
AMRC,AMRC,success,4546,2026-03-12 13:30:00+00:00,2026-06-05 20:00:00+00:00,America/New_York,2026-06-07 10:14:12.606108+00:00,
AMRN,AMRN,success,2077,2026-03-12 13:55:00+00:00,2026-06-05 20:00:00+00:00,America/New_York,2026-06-07 10:15:27.618462+00:00,
AMRX,AMRX,success,4674,2026-03-12 13:30:00+00:00,2026-06-05 20:00:00+00:00,America/New_York,2026-06-07 10:13:23.163968+00:00,
AMRZ,AMRZ,success,4681,2026-03-12 13:30:00+00:00,2026-06-05 20:00:00+00:00,America/New_York,2026-06-07 10:12:14.811920+00:00,
AMSC,AMSC,success,4671,2026-03-12 13:30:00+00:00,2026-06-05 20:00:00+00:00,America/New_York,2026-06-07 10:13:59.593931+00:00,
AMSF,AMSF,success,3845,2026-03-12 13:30:00+00:00,2026-06-05 20:00:00+00:00,America/New_York,2026-06-07 10:14:54.237032+00:00,
AMT,AMT,success,4681,2026-03-12 13:30:00+00:00,2026-06-05 20:00:00+00:00,America/New_York,2026-06-07 10:11:56.058676+00:00,
AMTB,AMTB,success,4185,2026-03-12 13:30:00+00:00,2026-06-05 20:00:00+00:00,America/New_York,2026-06-07 10:14:37.022257+00:00,
AMTM,AMTM,success,4681,2026-03-12 13:30:00+00:00,2026-06-05 20:00:00+00:00,America/New_York,2026-06-07 10:13:10.750724+00:00,
AMWL,AMWL,success,2479,2026-03-12 13:30:00+00:00,2026-06-05 20:00:00+00:00,America/New_York,2026-06-07 10:15:48.994987+00:00,
AMX,AMX,success,4678,2026-03-12 13:30:00+00:00,2026-06-05 20:00:00+00:00,America/New_York,2026-06-07 10:11:59.099329+00:00,
AMZN,AMZN,success,4681,2026-03-12 13:30:00+00:00,2026-06-05 20:00:00+00:00,America/New_York,2026-06-07 10:11:44.384387+00:00,
AN,AN,success,4362,2026-03-12 13:30:00+00:00,2026-06-05 20:00:00+00:00,America/New_York,2026-06-07 10:13:04.333542+00:00,
ANAB,ANAB,success,4530,2026-03-12 13:30:00+00:00,2026-06-05 20:00:00+00:00,America/New_York,2026-06-07 10:14:16.870862+00:00,
ANDE,ANDE,success,4090,2026-03-12 13:30:00+00:00,2026-06-05 20:00:00+00:00,America/New_York,2026-06-07 10:13:50.728958+00:00,
ANDG,ANDG,success,3958,2026-03-12 13:30:00+00:00,2026-06-05 20:00:00+00:00,America/New_York,2026-06-07 10:13:23.610160+00:00,
ANET,ANET,success,4681,2026-03-12 13:30:00+00:00,2026-06-05 20:00:00+00:00,America/New_York,2026-06-07 10:11:49.054174+00:00,
ANF,ANF,success,4679,2026-03-12 13:30:00+00:00,2026-06-05 20:00:00+00:00,America/New_York,2026-06-07 10:13:35.009358+00:00,
ANGI,ANGI,success,4651,2026-03-12 13:30:00+00:00,2026-06-05 20:00:00+00:00,America/New_York,2026-06-07 10:15:35.053993+00:00,
ANGO,ANGO,success,4256,2026-03-12 13:30:00+00:00,2026-06-05 20:00:00+00:00,America/New_York,2026-06-07 10:15:02.162245+00:00,
ANIK,ANIK,success,3002,2026-03-12 13:35:00+00:00,2026-06-05 20:00:00+00:00,America/New_York,2026-06-07 10:15:41.343423+00:00,
ANIP,ANIP,success,4015,2026-03-12 13:30:00+00:00,2026-06-05 20:00:00+00:00,America/New_York,2026-06-07 10:14:04.377350+00:00,
ANL,ANL,success,3650,2026-03-12 13:30:00+00:00,2026-06-05 20:00:00+00:00,America/New_York,2026-06-07 10:15:12.220322+00:00,
ANNA,ANNA,success,4417,2026-03-12 13:30:00+00:00,2026-06-05 20:00:00+00:00,America/New_York,2026-06-07 10:15:39.861845+00:00,
ANNX,ANNX,success,4674,2026-03-12 13:30:00+00:00,2026-06-05 20:00:00+00:00,America/New_York,2026-06-07 10:14:39.199668+00:00,
ANPA,ANPA,success,877,2026-03-12 13:30:00+00:00,2026-06-05 20:00:00+00:00,America/New_York,2026-06-07 10:15:57.270982+00:00,
ANRO,ANRO,success,4363,2026-03-12 13:30:00+00:00,2026-06-05 20:00:00+00:00,America/New_York,2026-06-07 10:14:50.490266+00:00,
ANTX,ANTX,success,3778,2026-03-12 13:30:00+00:00,2026-06-05 20:00:00+00:00,America/New_York,2026-06-07 10:15:50.054315+00:00,
AOMR,AOMR,success,3030,2026-03-12 13:30:00+00:00,2026-06-05 20:00:00+00:00,America/New_York,2026-06-07 10:15:41.141605+00:00,
AON,AON,success,4681,2026-03-12 13:30:00+00:00,2026-06-05 20:00:00+00:00,America/New_York,2026-06-07 10:12:00.667755+00:00,
AORT,AORT,success,4401,2026-03-12 13:30:00+00:00,2026-06-05 20:00:00+00:00,America/New_York,2026-06-07 10:14:34.556283+00:00,
AOS,AOS,success,4681,2026-03-12 13:30:00+00:00,2026-06-05 20:00:00+00:00,America/New_York,2026-06-07 10:12:54.597712+00:00,
AOSL,AOSL,success,4488,2026-03-12 13:30:00+00:00,2026-06-05 20:00:00+00:00,America/New_York,2026-06-07 10:14:21.869893+00:00,
AOUT,AOUT,success,1785,2026-03-12 13:30:00+00:00,2026-06-05 20:00:00+00:00,America/New_York,2026-06-07 10:15:52.559683+00:00,
AP,AP,success,3749,2026-03-12 13:30:00+00:00,2026-06-05 20:00:00+00:00,America/New_York,2026-06-07 10:15:40.655952+00:00,
APA,APA,success,4681,2026-03-12 13:30:00+00:00,2026-06-05 20:00:00+00:00,America/New_York,2026-06-07 10:12:36.633930+00:00,
APAM,APAM,success,4660,2026-03-12 13:30:00+00:00,2026-06-05 20:00:00+00:00,America/New_York,2026-06-07 10:13:41.820635+00:00,
APC,APC,success,3043,2026-03-12 13:30:00+00:00,2026-06-05 20:00:00+00:00,America/New_York,2026-06-07 10:14:36.460308+00:00,
APD,APD,success,4681,2026-03-12 13:30:00+00:00,2026-06-05 20:00:00+00:00,America/New_York,2026-06-07 10:12:02.133899+00:00,
APEI,APEI,success,4115,2026-03-12 13:30:00+00:00,2026-06-05 20:00:00+00:00,America/New_York,2026-06-07 10:14:33.713231+00:00,
APG,APG,success,4681,2026-03-12 13:30:00+00:00,2026-06-05 20:00:00+00:00,America/New_York,2026-06-07 10:12:27.930715+00:00,
APGE,APGE,success,4567,2026-03-12 13:30:00+00:00,2026-06-05 20:00:00+00:00,America/New_York,2026-06-07 10:13:03.167702+00:00,
APH,APH,success,4681,2026-03-12 13:30:00+00:00,2026-06-05 20:00:00+00:00,America/New_York,2026-06-07 10:11:50.100442+00:00,
API,API,success,4242,2026-03-12 13:30:00+00:00,2026-06-05 20:00:00+00:00,America/New_York,2026-06-07 10:15:05.828319+00:00,
APLD,APLD,success,4681,2026-03-12 13:30:00+00:00,2026-06-05 20:00:00+00:00,America/New_York,2026-06-07 10:12:41.564156+00:00,
APLE,APLE,success,4681,2026-03-12 13:30:00+00:00,2026-06-05 20:00:00+00:00,America/New_York,2026-06-07 10:13:31.052471+00:00,
APO,APO,success,4681,2026-03-12 13:30:00+00:00,2026-06-05 20:00:00+00:00,America/New_York,2026-06-07 10:11:59.596576+00:00,
APOG,APOG,success,3844,2026-03-12 13:30:00+00:00,2026-06-05 20:00:00+00:00,America/New_York,2026-06-07 10:14:42.747313+00:00,
APP,APP,success,4681,2026-03-12 13:30:00+00:00,2026-06-05 20:00:00+00:00,America/New_York,2026-06-07 10:11:49.582284+00:00,
APPF,APPF,success,4540,2026-03-12 13:30:00+00:00,2026-06-05 20:00:00+00:00,America/New_York,2026-06-07 10:13:08.799190+00:00,
APPN,APPN,success,4640,2026-03-12 13:30:00+00:00,2026-06-05 20:00:00+00:00,America/New_York,2026-06-07 10:14:03.915005+00:00,
APPS,APPS,success,4674,2026-03-12 13:30:00+00:00,2026-06-05 20:00:00+00:00,America/New_York,2026-06-07 10:14:29.203196+00:00,
APT,APT,success,2122,2026-03-12 13:30:00+00:00,2026-06-05 20:00:00+00:00,America/New_York,2026-06-07 10:16:04.414508+00:00,
APTV,APTV,success,4681,2026-03-12 13:30:00+00:00,2026-06-05 20:00:00+00:00,America/New_York,2026-06-07 10:12:32.424007+00:00,
APURU,APURU,success,202,2026-05-21 13:30:00+00:00,2026-06-05 20:00:00+00:00,America/New_York,2026-06-07 10:15:55.865253+00:00,
APXT,APXT,success,187,2026-03-16 14:10:00+00:00,2026-06-05 20:00:00+00:00,America/New_York,2026-06-07 10:15:04.810607+00:00,
APYX,APYX,success,3156,2026-03-12 13:30:00+00:00,2026-06-05 20:00:00+00:00,America/New_York,2026-06-07 10:15:43.020389+00:00,
AQN,AQN,success,4680,2026-03-12 13:30:00+00:00,2026-06-05 20:00:00+00:00,America/New_York,2026-06-07 10:13:19.692106+00:00,
AQST,AQST,success,4661,2026-03-12 13:30:00+00:00,2026-06-05 20:00:00+00:00,America/New_York,2026-06-07 10:15:03.503414+00:00,
AR,AR,success,4681,2026-03-12 13:30:00+00:00,2026-06-05 20:00:00+00:00,America/New_York,2026-06-07 10:12:42.523603+00:00,
ARCB,ARCB,success,4113,2026-03-12 13:30:00+00:00,2026-06-05 20:00:00+00:00,America/New_York,2026-06-07 10:13:33.676877+00:00,
ARCC,ARCC,success,4681,2026-03-12 13:30:00+00:00,2026-06-05 20:00:00+00:00,America/New_York,2026-06-07 10:12:35.366502+00:00,
ARCL,ARCL,success,31,2026-05-29 15:15:00+00:00,2026-06-05 20:00:00+00:00,America/New_York,2026-06-07 10:15:43.387095+00:00,
ARCO,ARCO,success,4627,2026-03-12 13:30:00+00:00,2026-06-05 20:00:00+00:00,America/New_York,2026-06-07 10:14:06.635641+00:00,
ARCT,ARCT,success,4563,2026-03-12 13:30:00+00:00,2026-06-05 20:00:00+00:00,America/New_York,2026-06-07 10:15:38.938016+00:00,
ARDT,ARDT,success,4283,2026-03-12 13:30:00+00:00,2026-06-05 20:00:00+00:00,America/New_York,2026-06-07 10:14:22.732791+00:00,
ARDX,ARDX,success,4681,2026-03-12 13:30:00+00:00,2026-06-05 20:00:00+00:00,America/New_York,2026-06-07 10:14:18.468622+00:00,
ARE,ARE,success,4681,2026-03-12 13:30:00+00:00,2026-06-05 20:00:00+00:00,America/New_York,2026-06-07 10:12:51.098848+00:00,
ARES,ARES,success,4681,2026-03-12 13:30:00+00:00,2026-06-05 20:00:00+00:00,America/New_York,2026-06-07 10:12:08.441157+00:00,
ARGX,ARGX,success,4570,2026-03-12 13:30:00+00:00,2026-06-05 20:00:00+00:00,America/New_York,2026-06-07 10:12:03.877424+00:00,
ARHS,ARHS,success,4661,2026-03-12 13:30:00+00:00,2026-06-05 20:00:00+00:00,America/New_York,2026-06-07 10:14:37.176239+00:00,
ARI,ARI,success,4668,2026-03-12 13:30:00+00:00,2026-06-05 20:00:00+00:00,America/New_York,2026-06-07 10:14:14.962170+00:00,
ARIS,ARIS,success,4677,2026-03-12 13:30:00+00:00,2026-06-05 20:00:00+00:00,America/New_York,2026-06-07 10:13:36.653802+00:00,
ARKO,ARKO,success,4545,2026-03-12 13:30:00+00:00,2026-06-05 20:00:00+00:00,America/New_York,2026-06-07 10:14:40.352533+00:00,
ARLO,ARLO,success,4674,2026-03-12 13:30:00+00:00,2026-06-05 20:00:00+00:00,America/New_York,2026-06-07 10:14:17.793923+00:00,
ARM,ARM,success,4681,2026-03-12 13:30:00+00:00,2026-06-05 20:00:00+00:00,America/New_York,2026-06-07 10:11:46.303836+00:00,
ARMK,ARMK,success,4681,2026-03-12 13:30:00+00:00,2026-06-05 20:00:00+00:00,America/New_York,2026-06-07 10:12:34.314787+00:00,
ARMP,ARMP,success,2564,2026-03-12 13:30:00+00:00,2026-06-05 20:00:00+00:00,America/New_York,2026-06-07 10:15:29.439370+00:00,
AROC,AROC,success,4681,2026-03-12 13:30:00+00:00,2026-06-05 20:00:00+00:00,America/New_York,2026-06-07 10:13:06.869145+00:00,
AROW,AROW,success,2255,2026-03-12 13:30:00+00:00,2026-06-05 20:00:00+00:00,America/New_York,2026-06-07 10:14:52.527718+00:00,
ARQQ,ARQQ,success,4391,2026-03-12 13:30:00+00:00,2026-06-05 20:00:00+00:00,America/New_York,2026-06-07 10:15:42.466066+00:00,
ARQT,ARQT,success,4675,2026-03-12 13:30:00+00:00,2026-06-05 20:00:00+00:00,America/New_York,2026-06-07 10:13:47.702710+00:00,
ARR,ARR,success,4681,2026-03-12 13:30:00+00:00,2026-06-05 20:00:00+00:00,America/New_York,2026-06-07 10:13:59.217047+00:00,
ARRY,ARRY,success,4681,2026-03-12 13:30:00+00:00,2026-06-05 20:00:00+00:00,America/New_York,2026-06-07 10:14:22.905639+00:00,
ARTC,ARTC,success,123,2026-03-12 13:50:00+00:00,2026-06-05 20:00:00+00:00,America/New_York,2026-06-07 10:15:19.071365+00:00,
ARTNA,ARTNA,success,2006,2026-03-12 13:30:00+00:00,2026-06-05 20:00:00+00:00,America/New_York,2026-06-07 10:15:20.038039+00:00,
ARTV,ARTV,success,3852,2026-03-12 13:30:00+00:00,2026-06-05 20:00:00+00:00,America/New_York,2026-06-07 10:15:45.808358+00:00,
ARVN,ARVN,success,4592,2026-03-12 13:30:00+00:00,2026-06-05 20:00:00+00:00,America/New_York,2026-06-07 10:15:03.253220+00:00,
ARW,ARW,success,4575,2026-03-12 13:30:00+00:00,2026-06-05 20:00:00+00:00,America/New_York,2026-06-07 10:12:41.477422+00:00,
ARWR,ARWR,success,4681,2026-03-12 13:30:00+00:00,2026-06-05 20:00:00+00:00,America/New_York,2026-06-07 10:12:44.936697+00:00,
ARX,ARX,success,4662,2026-03-12 13:30:00+00:00,2026-06-05 20:00:00+00:00,America/New_York,2026-06-07 10:13:37.841535+00:00,
ARXS,ARXS,success,2684,2026-04-16 13:30:00+00:00,2026-06-05 20:00:00+00:00,America/New_York,2026-06-07 10:12:29.576443+00:00,
AS,AS,success,4681,2026-03-12 13:30:00+00:00,2026-06-05 20:00:00+00:00,America/New_York,2026-06-07 10:12:25.966055+00:00,
ASAN,ASAN,success,4681,2026-03-12 13:30:00+00:00,2026-06-05 20:00:00+00:00,America/New_York,2026-06-07 10:14:04.583495+00:00,
ASB,ASB,success,4681,2026-03-12 13:30:00+00:00,2026-06-05 20:00:00+00:00,America/New_York,2026-06-07 10:13:19.952838+00:00,
ASC,ASC,success,4633,2026-03-12 13:30:00+00:00,2026-06-05 20:00:00+00:00,America/New_York,2026-06-07 10:14:48.357800+00:00,
ASH,ASH,success,4634,2026-03-12 13:30:00+00:00,2026-06-05 20:00:00+00:00,America/New_York,2026-06-07 10:13:48.774409+00:00,
ASIC,ASIC,success,2557,2026-03-12 13:30:00+00:00,2026-06-05 20:00:00+00:00,America/New_York,2026-06-07 10:14:34.010477+00:00,
ASIX,ASIX,success,4378,2026-03-12 13:30:00+00:00,2026-06-05 20:00:00+00:00,America/New_York,2026-06-07 10:14:54.714193+00:00,
ASLE,ASLE,success,3889,2026-03-12 13:30:00+00:00,2026-06-05 20:00:00+00:00,America/New_York,2026-06-07 10:15:26.313565+00:00,
ASM,ASM,success,4681,2026-03-12 13:30:00+00:00,2026-06-05 20:00:00+00:00,America/New_York,2026-06-07 10:14:32.916519+00:00,
ASMB,ASMB,success,2852,2026-03-12 13:30:00+00:00,2026-06-05 20:00:00+00:00,America/New_York,2026-06-07 10:15:05.405224+00:00,
ASML,ASML,success,4681,2026-03-12 13:30:00+00:00,2026-06-05 20:00:00+00:00,America/New_York,2026-06-07 10:11:45.161681+00:00,
ASND,ASND,success,4419,2026-03-12 13:30:00+00:00,2026-06-05 20:00:00+00:00,America/New_York,2026-06-07 10:12:36.840287+00:00,
ASO,ASO,success,4680,2026-03-12 13:30:00+00:00,2026-06-05 20:00:00+00:00,America/New_York,2026-06-07 10:13:35.978823+00:00,
ASPI,ASPI,success,4681,2026-03-12 13:30:00+00:00,2026-06-05 20:00:00+00:00,America/New_York,2026-06-07 10:14:39.895335+00:00,
ASPN,ASPN,success,4675,2026-03-12 13:30:00+00:00,2026-06-05 20:00:00+00:00,America/New_York,2026-06-07 10:15:04.851173+00:00,
ASPS,ASPS,success,968,2026-03-12 13:30:00+00:00,2026-06-05 20:00:00+00:00,America/New_York,2026-06-07 10:16:01.280694+00:00,
ASR,ASR,success,3740,2026-03-12 13:30:00+00:00,2026-06-05 20:00:00+00:00,America/New_York,2026-06-07 10:12:52.854309+00:00,
ASRT,ASRT,success,3480,2026-03-12 13:35:00+00:00,2026-06-05 20:00:00+00:00,America/New_York,2026-06-07 10:15:48.244315+00:00,
ASST,ASST,success,4681,2026-03-12 13:30:00+00:00,2026-06-05 20:00:00+00:00,America/New_York,2026-06-07 10:14:31.505454+00:00,
ASTC,ASTC,success,2171,2026-03-12 13:30:00+00:00,2026-06-05 20:00:00+00:00,America/New_York,2026-06-07 10:16:03.342271+00:00,
ASTE,ASTE,success,3712,2026-03-12 13:30:00+00:00,2026-06-05 20:00:00+00:00,America/New_York,2026-06-07 10:14:26.747829+00:00,
ASTH,ASTH,success,4381,2026-03-12 13:30:00+00:00,2026-06-05 20:00:00+00:00,America/New_York,2026-06-07 10:14:02.632515+00:00,
ASTI,ASTI,success,4551,2026-03-12 13:30:00+00:00,2026-06-05 20:00:00+00:00,America/New_York,2026-06-07 10:16:02.890313+00:00,
ASTL,ASTL,success,4630,2026-03-12 13:30:00+00:00,2026-06-05 20:00:00+00:00,America/New_York,2026-06-07 10:15:00.146016+00:00,
ASTS,ASTS,success,4681,2026-03-12 13:30:00+00:00,2026-06-05 20:00:00+00:00,America/New_York,2026-06-07 10:12:11.327168+00:00,
ASUR,ASUR,success,2318,2026-03-12 13:30:00+00:00,2026-06-05 20:00:00+00:00,America/New_York,2026-06-07 10:15:33.053256+00:00,
ASX,ASX,success,4681,2026-03-12 13:30:00+00:00,2026-06-05 20:00:00+00:00,America/New_York,2026-06-07 10:11:58.250356+00:00,
ASYS,ASYS,success,4030,2026-03-12 13:30:00+00:00,2026-06-05 20:00:00+00:00,America/New_York,2026-06-07 10:15:30.493653+00:00,
ATAI,ATAI,success,4681,2026-03-12 13:30:00+00:00,2026-06-05 20:00:00+00:00,America/New_York,2026-06-07 10:14:15.469169+00:00,
ATAT,ATAT,success,4656,2026-03-12 13:30:00+00:00,2026-06-05 20:00:00+00:00,America/New_York,2026-06-07 10:13:19.873036+00:00,
ATEC,ATEC,success,4681,2026-03-12 13:30:00+00:00,2026-06-05 20:00:00+00:00,America/New_York,2026-06-07 10:14:24.220337+00:00,
ATEN,ATEN,success,4671,2026-03-12 13:30:00+00:00,2026-06-05 20:00:00+00:00,America/New_York,2026-06-07 10:13:56.288691+00:00,
ATEX,ATEX,success,4131,2026-03-12 13:30:00+00:00,2026-06-05 20:00:00+00:00,America/New_York,2026-06-07 10:14:22.584282+00:00,
ATHM,ATHM,success,4608,2026-03-12 13:30:00+00:00,2026-06-05 20:00:00+00:00,America/New_York,2026-06-07 10:13:56.966188+00:00,
ATI,ATI,success,4679,2026-03-12 13:30:00+00:00,2026-06-05 20:00:00+00:00,America/New_York,2026-06-07 10:12:19.596457+00:00,
ATII,ATII,success,1774,2026-03-16 17:45:00+00:00,2026-06-05 20:00:00+00:00,America/New_York,2026-06-07 10:15:22.292154+00:00,
ATKR,ATKR,success,4486,2026-03-12 13:30:00+00:00,2026-06-05 20:00:00+00:00,America/New_York,2026-06-07 10:13:46.604726+00:00,
ATLC,ATLC,success,2409,2026-03-12 13:50:00+00:00,2026-06-05 20:00:00+00:00,America/New_York,2026-06-07 10:14:21.366661+00:00,
ATLO,ATLO,success,2691,2026-03-12 13:30:00+00:00,2026-06-05 20:00:00+00:00,America/New_York,2026-06-07 10:15:30.381937+00:00,
ATLX,ATLX,success,4367,2026-03-12 13:30:00+00:00,2026-06-05 20:00:00+00:00,America/New_York,2026-06-07 10:15:54.879484+00:00,
ATMU,ATMU,success,4639,2026-03-12 13:30:00+00:00,2026-06-05 20:00:00+00:00,America/New_York,2026-06-07 10:13:30.285457+00:00,
ATNI,ATNI,success,2302,2026-03-12 13:45:00+00:00,2026-06-05 20:00:00+00:00,America/New_York,2026-06-07 10:15:12.870596+00:00,
ATO,ATO,success,4659,2026-03-12 13:30:00+00:00,2026-06-05 20:00:00+00:00,America/New_York,2026-06-07 10:12:16.103200+00:00,
ATOM,ATOM,success,4640,2026-03-12 13:30:00+00:00,2026-06-05 20:00:00+00:00,America/New_York,2026-06-07 10:15:23.497451+00:00,
ATR,ATR,success,4409,2026-03-12 13:30:00+00:00,2026-06-05 20:00:00+00:00,America/New_York,2026-06-07 10:12:56.970358+00:00,
ATRA,ATRA,success,2758,2026-03-12 13:30:00+00:00,2026-06-05 20:00:00+00:00,America/New_York,2026-06-07 10:15:56.914730+00:00,
ATRC,ATRC,success,4602,2026-03-12 13:30:00+00:00,2026-06-05 20:00:00+00:00,America/New_York,2026-06-07 10:14:17.909165+00:00,
ATRO,ATRO,success,4540,2026-03-12 13:30:00+00:00,2026-06-05 20:00:00+00:00,America/New_York,2026-06-07 10:13:41.206780+00:00,
ATS,ATS,success,3755,2026-03-12 13:30:00+00:00,2026-06-05 20:00:00+00:00,America/New_York,2026-06-07 10:13:47.392922+00:00,
AU,AU,success,4680,2026-03-12 13:30:00+00:00,2026-06-05 20:00:00+00:00,America/New_York,2026-06-07 10:12:07.195587+00:00,
AUB,AUB,success,4680,2026-03-12 13:30:00+00:00,2026-06-05 20:00:00+00:00,America/New_York,2026-06-07 10:13:11.609740+00:00,
AUDC,AUDC,success,2757,2026-03-12 13:30:00+00:00,2026-06-05 20:00:00+00:00,America/New_York,2026-06-07 10:15:33.554818+00:00,
AUGO,AUGO,success,4659,2026-03-12 13:30:00+00:00,2026-06-05 20:00:00+00:00,America/New_York,2026-06-07 10:13:15.292745+00:00,
AUNA,AUNA,success,4076,2026-03-12 13:30:00+00:00,2026-06-05 20:00:00+00:00,America/New_York,2026-06-07 10:15:21.840887+00:00,
AUPH,AUPH,success,4668,2026-03-12 13:30:00+00:00,2026-06-05 20:00:00+00:00,America/New_York,2026-06-07 10:13:57.981219+00:00,
AUR,AUR,success,4681,2026-03-12 13:30:00+00:00,2026-06-05 20:00:00+00:00,America/New_York,2026-06-07 10:12:38.409429+00:00,
AURA,AURA,success,4111,2026-03-12 13:30:00+00:00,2026-06-05 20:00:00+00:00,America/New_York,2026-06-07 10:14:47.407013+00:00,
AVA,AVA,success,4611,2026-03-12 13:30:00+00:00,2026-06-05 20:00:00+00:00,America/New_York,2026-06-07 10:13:34.155713+00:00,
AVAH,AVAH,success,4653,2026-03-12 13:30:00+00:00,2026-06-05 20:00:00+00:00,America/New_York,2026-06-07 10:14:17.163267+00:00,
AVAV,AVAV,success,4681,2026-03-12 13:30:00+00:00,2026-06-05 20:00:00+00:00,America/New_York,2026-06-07 10:12:49.219868+00:00,
AVB,AVB,success,4672,2026-03-12 13:30:00+00:00,2026-06-05 20:00:00+00:00,America/New_York,2026-06-07 10:12:17.149046+00:00,
AVBC,AVBC,success,2112,2026-03-12 13:30:00+00:00,2026-06-05 20:00:00+00:00,America/New_York,2026-06-07 10:15:13.687554+00:00,
AVBH,AVBH,success,2591,2026-03-12 13:30:00+00:00,2026-06-05 20:00:00+00:00,America/New_York,2026-06-07 10:15:21.469117+00:00,
AVBP,AVBP,success,4301,2026-03-12 13:30:00+00:00,2026-06-05 20:00:00+00:00,America/New_York,2026-06-07 10:14:16.354982+00:00,
AVEX,AVEX,success,2702,2026-04-17 13:30:00+00:00,2026-06-05 20:00:00+00:00,America/New_York,2026-06-07 10:14:26.247107+00:00,
AVGO,AVGO,success,4681,2026-03-12 13:30:00+00:00,2026-06-05 20:00:00+00:00,America/New_York,2026-06-07 10:11:44.323553+00:00,
AVIR,AVIR,success,4111,2026-03-12 13:30:00+00:00,2026-06-05 20:00:00+00:00,America/New_York,2026-06-07 10:15:20.199153+00:00,
AVLN,AVLN,success,1774,2026-04-30 13:30:00+00:00,2026-06-05 20:00:00+00:00,America/New_York,2026-06-07 10:14:24.463325+00:00,
AVNS,AVNS,success,4589,2026-03-12 13:30:00+00:00,2026-06-05 20:00:00+00:00,America/New_York,2026-06-07 10:14:26.290372+00:00,
AVNT,AVNT,success,4615,2026-03-12 13:30:00+00:00,2026-06-05 20:00:00+00:00,America/New_York,2026-06-07 10:13:39.466217+00:00,
AVNW,AVNW,success,3668,2026-03-12 13:30:00+00:00,2026-06-05 20:00:00+00:00,America/New_York,2026-06-07 10:15:35.663301+00:00,
AVO,AVO,success,4660,2026-03-12 13:30:00+00:00,2026-06-05 20:00:00+00:00,America/New_York,2026-06-07 10:14:36.583966+00:00,
AVPT,AVPT,success,4675,2026-03-12 13:30:00+00:00,2026-06-05 20:00:00+00:00,America/New_York,2026-06-07 10:13:54.386415+00:00,
AVR,AVR,success,4608,2026-03-12 13:30:00+00:00,2026-06-05 20:00:00+00:00,America/New_York,2026-06-07 10:14:35.393164+00:00,
AVT,AVT,success,4648,2026-03-12 13:30:00+00:00,2026-06-05 20:00:00+00:00,America/New_York,2026-06-07 10:12:58.116953+00:00,
AVTR,AVTR,success,4681,2026-03-12 13:30:00+00:00,2026-06-05 20:00:00+00:00,America/New_York,2026-06-07 10:13:05.686259+00:00,
AVTX,AVTX,success,4543,2026-03-12 13:30:00+00:00,2026-06-05 20:00:00+00:00,America/New_York,2026-06-07 10:14:47.276767+00:00,
AVY,AVY,success,4624,2026-03-12 13:30:00+00:00,2026-06-05 20:00:00+00:00,America/New_York,2026-06-07 10:12:39.327041+00:00,
AWI,AWI,success,4366,2026-03-12 13:30:00+00:00,2026-06-05 20:00:00+00:00,America/New_York,2026-06-07 10:13:01.597607+00:00,
AWK,AWK,success,4681,2026-03-12 13:30:00+00:00,2026-06-05 20:00:00+00:00,America/New_York,2026-06-07 10:12:19.334902+00:00,
AWR,AWR,success,4283,2026-03-12 13:30:00+00:00,2026-06-05 20:00:00+00:00,America/New_York,2026-06-07 10:13:40.641836+00:00,
AX,AX,success,4364,2026-03-12 13:30:00+00:00,2026-06-05 20:00:00+00:00,America/New_York,2026-06-07 10:13:15.414791+00:00,
AXG,AXG,success,2477,2026-03-12 13:30:00+00:00,2026-06-05 20:00:00+00:00,America/New_York,2026-06-07 10:14:50.291333+00:00,
AXGN,AXGN,success,4618,2026-03-12 13:30:00+00:00,2026-06-05 20:00:00+00:00,America/New_York,2026-06-07 10:13:54.284815+00:00,
AXIA,AXIA,success,4678,2026-03-12 13:30:00+00:00,2026-06-05 20:00:00+00:00,America/New_York,2026-06-07 10:12:21.047386+00:00,
AXON,AXON,success,4681,2026-03-12 13:30:00+00:00,2026-06-05 20:00:00+00:00,America/New_York,2026-06-07 10:12:09.773847+00:00,
AXP,AXP,success,4681,2026-03-12 13:30:00+00:00,2026-06-05 20:00:00+00:00,America/New_York,2026-06-07 10:11:48.637778+00:00,
AXR,AXR,success,785,2026-03-12 13:30:00+00:00,2026-06-05 20:00:00+00:00,America/New_York,2026-06-07 10:15:50.566022+00:00,
AXS,AXS,success,4587,2026-03-12 13:30:00+00:00,2026-06-05 20:00:00+00:00,America/New_York,2026-06-07 10:12:57.878697+00:00,
AXSM,AXSM,success,4557,2026-03-12 13:30:00+00:00,2026-06-05 20:00:00+00:00,America/New_York,2026-06-07 10:12:40.876665+00:00,
AXTA,AXTA,success,4681,2026-03-12 13:30:00+00:00,2026-06-05 20:00:00+00:00,America/New_York,2026-06-07 10:13:00.486004+00:00,
AXTI,AXTI,success,4681,2026-03-12 13:30:00+00:00,2026-06-05 20:00:00+00:00,America/New_York,2026-06-07 10:13:08.483723+00:00,
AYA,AYA,success,1803,2026-05-04 14:30:00+00:00,2026-06-05 20:00:00+00:00,America/New_York,2026-06-07 10:13:49.032426+00:00,
AYI,AYI,success,4660,2026-03-12 13:30:00+00:00,2026-06-05 20:00:00+00:00,America/New_York,2026-06-07 10:12:48.951142+00:00,
AZ,AZ,success,4244,2026-03-12 13:30:00+00:00,2026-06-05 20:00:00+00:00,America/New_York,2026-06-07 10:15:28.120997+00:00,
AZN,AZN,success,4681,2026-03-12 13:30:00+00:00,2026-06-05 20:00:00+00:00,America/New_York,2026-06-07 10:11:47.294255+00:00,
AZO,AZO,success,4673,2026-03-12 13:30:00+00:00,2026-06-05 20:00:00+00:00,America/New_York,2026-06-07 10:12:04.932674+00:00,
AZTA,AZTA,success,4662,2026-03-12 13:30:00+00:00,2026-06-05 20:00:00+00:00,America/New_York,2026-06-07 10:14:30.805689+00:00,
AZZ,AZZ,success,3564,2026-03-12 13:30:00+00:00,2026-06-05 20:00:00+00:00,America/New_York,2026-06-07 10:13:25.133714+00:00,
B,B,success,4681,2026-03-12 13:30:00+00:00,2026-06-05 20:00:00+00:00,America/New_York,2026-06-07 10:12:01.375717+00:00,
BA,BA,success,4681,2026-03-12 13:30:00+00:00,2026-06-05 20:00:00+00:00,America/New_York,2026-06-07 10:11:50.235056+00:00,
BABA,BABA,success,4681,2026-03-12 13:30:00+00:00,2026-06-05 20:00:00+00:00,America/New_York,2026-06-07 10:11:47.061371+00:00,
BAC,BAC,success,4681,2026-03-12 13:30:00+00:00,2026-06-05 20:00:00+00:00,America/New_York,2026-06-07 10:11:46.047970+00:00,
BACC,BACC,success,241,2026-03-12 13:40:00+00:00,2026-06-05 20:00:00+00:00,America/New_York,2026-06-07 10:15:27.576876+00:00,
BAH,BAH,success,4681,2026-03-12 13:30:00+00:00,2026-06-05 20:00:00+00:00,America/New_York,2026-06-07 10:12:47.757323+00:00,
BALL,BALL,success,4681,2026-03-12 13:30:00+00:00,2026-06-05 20:00:00+00:00,America/New_York,2026-06-07 10:12:33.567230+00:00,
BALY,BALY,success,2008,2026-03-12 13:30:00+00:00,2026-06-05 20:00:00+00:00,America/New_York,2026-06-07 10:14:48.925599+00:00,
BAM,BAM,success,4681,2026-03-12 13:30:00+00:00,2026-06-05 20:00:00+00:00,America/New_York,2026-06-07 10:11:59.218400+00:00,
BANC,BANC,success,4681,2026-03-12 13:30:00+00:00,2026-06-05 20:00:00+00:00,America/New_York,2026-06-07 10:13:42.390304+00:00,
BAND,BAND,success,4526,2026-03-12 13:30:00+00:00,2026-06-05 20:00:00+00:00,America/New_York,2026-06-07 10:13:53.766355+00:00,
BANF,BANF,success,2673,2026-03-12 13:30:00+00:00,2026-06-05 20:00:00+00:00,America/New_York,2026-06-07 10:13:31.554560+00:00,
BANR,BANR,success,3843,2026-03-12 13:30:00+00:00,2026-06-05 20:00:00+00:00,America/New_York,2026-06-07 10:13:55.836680+00:00,
BAP,BAP,success,4615,2026-03-12 13:30:00+00:00,2026-06-05 20:00:00+00:00,America/New_York,2026-06-07 10:12:18.484752+00:00,
BARK,BARK,success,2833,2026-03-12 13:30:00+00:00,2026-06-05 20:00:00+00:00,America/New_York,2026-06-07 10:15:59.379614+00:00,
BATRK,BATRK,success,4193,2026-03-12 13:30:00+00:00,2026-06-05 20:00:00+00:00,America/New_York,2026-06-07 10:13:39.597552+00:00,
BAX,BAX,success,4681,2026-03-12 13:30:00+00:00,2026-06-05 20:00:00+00:00,America/New_York,2026-06-07 10:12:45.837977+00:00,
BB,BB,success,4681,2026-03-12 13:30:00+00:00,2026-06-05 20:00:00+00:00,America/New_York,2026-06-07 10:13:09.973017+00:00,
BBAI,BBAI,success,4681,2026-03-12 13:30:00+00:00,2026-06-05 20:00:00+00:00,America/New_York,2026-06-07 10:14:00.056512+00:00,
BBAR,BBAR,success,4613,2026-03-12 13:30:00+00:00,2026-06-05 20:00:00+00:00,America/New_York,2026-06-07 10:13:28.259612+00:00,
BBBY,BBBY,success,4680,2026-03-12 13:30:00+00:00,2026-06-05 20:00:00+00:00,America/New_York,2026-06-07 10:15:09.271166+00:00,
BBCP,BBCP,success,2630,2026-03-12 13:30:00+00:00,2026-06-05 20:00:00+00:00,America/New_York,2026-06-07 10:14:59.702934+00:00,
BBCQ,BBCQ,success,2008,2026-03-12 13:30:00+00:00,2026-06-05 20:00:00+00:00,America/New_York,2026-06-07 10:15:11.329839+00:00,
BBDC,BBDC,success,4632,2026-03-12 13:30:00+00:00,2026-06-05 20:00:00+00:00,America/New_York,2026-06-07 10:14:38.259729+00:00,
BBIO,BBIO,success,4676,2026-03-12 13:30:00+00:00,2026-06-05 20:00:00+00:00,America/New_York,2026-06-07 10:12:36.316685+00:00,
BBNX,BBNX,success,4626,2026-03-12 13:30:00+00:00,2026-06-05 20:00:00+00:00,America/New_York,2026-06-07 10:14:53.187515+00:00,
BBOT,BBOT,success,3959,2026-03-12 13:30:00+00:00,2026-06-05 20:00:00+00:00,America/New_York,2026-06-07 10:14:52.224409+00:00,
BBSI,BBSI,success,3687,2026-03-12 13:30:00+00:00,2026-06-05 20:00:00+00:00,America/New_York,2026-06-07 10:14:39.353299+00:00,
BBT,BBT,success,4632,2026-03-12 13:30:00+00:00,2026-06-05 20:00:00+00:00,America/New_York,2026-06-07 10:13:51.692023+00:00,
BBVA,BBVA,success,4681,2026-03-12 13:30:00+00:00,2026-06-05 20:00:00+00:00,America/New_York,2026-06-07 10:11:52.508316+00:00,
BBW,BBW,success,4429,2026-03-12 13:30:00+00:00,2026-06-05 20:00:00+00:00,America/New_York,2026-06-07 10:15:06.012922+00:00,
BBWI,BBWI,success,4681,2026-03-12 13:30:00+00:00,2026-06-05 20:00:00+00:00,America/New_York,2026-06-07 10:13:33.803473+00:00,
BBY,BBY,success,4681,2026-03-12 13:30:00+00:00,2026-06-05 20:00:00+00:00,America/New_York,2026-06-07 10:12:31.986426+00:00,
BC,BC,success,4593,2026-03-12 13:30:00+00:00,2026-06-05 20:00:00+00:00,America/New_York,2026-06-07 10:13:13.451997+00:00,
BCAL,BCAL,success,3324,2026-03-12 13:30:00+00:00,2026-06-05 20:00:00+00:00,America/New_York,2026-06-07 10:14:51.386017+00:00,
BCAR,BCAR,success,2428,2026-03-12 13:30:00+00:00,2026-06-05 20:00:00+00:00,America/New_York,2026-06-07 10:15:08.359722+00:00,
BCAX,BCAX,success,4421,2026-03-12 13:30:00+00:00,2026-06-05 20:00:00+00:00,America/New_York,2026-06-07 10:14:19.825528+00:00,
BCBP,BCBP,success,2884,2026-03-12 13:30:00+00:00,2026-06-05 20:00:00+00:00,America/New_York,2026-06-07 10:15:41.286246+00:00,
BCC,BCC,success,4411,2026-03-12 13:30:00+00:00,2026-06-05 20:00:00+00:00,America/New_York,2026-06-07 10:13:52.054526+00:00,
BCE,BCE,success,4681,2026-03-12 13:30:00+00:00,2026-06-05 20:00:00+00:00,America/New_York,2026-06-07 10:12:20.911303+00:00,
BCH,BCH,success,4467,2026-03-12 13:30:00+00:00,2026-06-05 20:00:00+00:00,America/New_York,2026-06-07 10:12:26.831141+00:00,
BCIC,BCIC,success,2787,2026-03-12 13:30:00+00:00,2026-06-05 20:00:00+00:00,America/New_York,2026-06-07 10:15:56.590520+00:00,
BCML,BCML,success,1361,2026-03-12 13:30:00+00:00,2026-06-05 20:00:00+00:00,America/New_York,2026-06-07 10:15:18.762028+00:00,
BCO,BCO,success,4520,2026-03-12 13:30:00+00:00,2026-06-05 20:00:00+00:00,America/New_York,2026-06-07 10:13:24.450165+00:00,
BCPC,BCPC,success,3212,2026-03-12 13:30:00+00:00,2026-06-05 20:00:00+00:00,America/New_York,2026-06-07 10:13:14.200882+00:00,
BCRX,BCRX,success,4681,2026-03-12 13:30:00+00:00,2026-06-05 20:00:00+00:00,America/New_York,2026-06-07 10:13:58.256716+00:00,
BCS,BCS,success,4681,2026-03-12 13:30:00+00:00,2026-06-05 20:00:00+00:00,America/New_York,2026-06-07 10:11:57.291990+00:00,
BCSF,BCSF,success,4486,2026-03-12 13:30:00+00:00,2026-06-05 20:00:00+00:00,America/New_York,2026-06-07 10:14:40.617222+00:00,
BCSS,BCSS,success,352,2026-03-12 13:30:00+00:00,2026-06-04 19:40:00+00:00,America/New_York,2026-06-07 10:14:53.967699+00:00,
BCYC,BCYC,success,4229,2026-03-12 13:30:00+00:00,2026-06-05 20:00:00+00:00,America/New_York,2026-06-07 10:15:27.862861+00:00,
BDC,BDC,success,4421,2026-03-12 13:30:00+00:00,2026-06-05 20:00:00+00:00,America/New_York,2026-06-07 10:13:24.360857+00:00,
BDCI,BDCI,success,119,2026-03-13 15:35:00+00:00,2026-06-05 20:00:00+00:00,America/New_York,2026-06-07 10:15:18.404999+00:00,
BDN,BDN,success,4677,2026-03-12 13:30:00+00:00,2026-06-05 20:00:00+00:00,America/New_York,2026-06-07 10:14:56.847539+00:00,
BDSX,BDSX,success,2225,2026-03-12 13:30:00+00:00,2026-06-05 20:00:00+00:00,America/New_York,2026-06-07 10:15:46.628657+00:00,
BDX,BDX,success,4681,2026-03-12 13:30:00+00:00,2026-06-05 20:00:00+00:00,America/New_York,2026-06-07 10:12:08.053759+00:00,
BE,BE,success,4681,2026-03-12 13:30:00+00:00,2026-06-05 20:00:00+00:00,America/New_York,2026-06-07 10:11:59.514964+00:00,
BEAG,BEAG,success,372,2026-03-12 15:35:00+00:00,2026-06-05 20:00:00+00:00,America/New_York,2026-06-07 10:15:20.954244+00:00,
BEAM,BEAM,success,4681,2026-03-12 13:30:00+00:00,2026-06-05 20:00:00+00:00,America/New_York,2026-06-07 10:13:42.096975+00:00,
BEKE,BEKE,success,4681,2026-03-12 13:30:00+00:00,2026-06-05 20:00:00+00:00,America/New_York,2026-06-07 10:12:25.485765+00:00,
BELFB,BELFB,success,3527,2026-03-12 13:30:00+00:00,2026-06-05 20:00:00+00:00,America/New_York,2026-06-07 10:13:31.480180+00:00,
BEN,BEN,success,4681,2026-03-12 13:30:00+00:00,2026-06-05 20:00:00+00:00,America/New_York,2026-06-07 10:12:29.307307+00:00,
BEPC,BEPC,success,4679,2026-03-12 13:30:00+00:00,2026-06-05 20:00:00+00:00,America/New_York,2026-06-07 10:13:00.051593+00:00,
BETA,BETA,success,4680,2026-03-12 13:30:00+00:00,2026-06-05 20:00:00+00:00,America/New_York,2026-06-07 10:13:27.453950+00:00,
BETR,BETR,success,4490,2026-03-12 13:30:00+00:00,2026-06-05 20:00:00+00:00,America/New_York,2026-06-07 10:15:03.627849+00:00,
BF.B,BF-B,success,4680,2026-03-12 13:30:00+00:00,2026-06-05 20:00:00+00:00,America/New_York,2026-06-07 10:12:39.026635+00:00,
BFAM,BFAM,success,4647,2026-03-12 13:30:00+00:00,2026-06-05 20:00:00+00:00,America/New_York,2026-06-07 10:13:34.511128+00:00,
BFC,BFC,success,2087,2026-03-12 13:30:00+00:00,2026-06-05 20:00:00+00:00,America/New_York,2026-06-07 10:14:10.684936+00:00,
BFH,BFH,success,4572,2026-03-12 13:30:00+00:00,2026-06-05 20:00:00+00:00,America/New_York,2026-06-07 10:13:31.384881+00:00,
BFLY,BFLY,success,4681,2026-03-12 13:30:00+00:00,2026-06-05 20:00:00+00:00,America/New_York,2026-06-07 10:14:26.644766+00:00,
BFS,BFS,success,2217,2026-03-12 13:30:00+00:00,2026-06-05 20:00:00+00:00,America/New_York,2026-06-07 10:14:37.274082+00:00,
BFST,BFST,success,3594,2026-03-12 13:30:00+00:00,2026-06-05 20:00:00+00:00,America/New_York,2026-06-07 10:14:35.622091+00:00,
BG,BG,success,4681,2026-03-12 13:30:00+00:00,2026-06-05 20:00:00+00:00,America/New_York,2026-06-07 10:12:18.826345+00:00,
BGC,BGC,success,4681,2026-03-12 13:30:00+00:00,2026-06-05 20:00:00+00:00,America/New_York,2026-06-07 10:13:12.642879+00:00,
BGS,BGS,success,4680,2026-03-12 13:30:00+00:00,2026-06-05 20:00:00+00:00,America/New_York,2026-06-07 10:15:24.595449+00:00,
BGSF,BGSF,success,932,2026-03-12 13:30:00+00:00,2026-06-05 20:00:00+00:00,America/New_York,2026-06-07 10:16:03.785759+00:00,
BGSI,BGSI,success,2103,2026-03-12 13:30:00+00:00,2026-06-05 20:00:00+00:00,America/New_York,2026-06-07 10:13:43.936288+00:00,
BH,BH,success,3419,2026-03-12 13:30:00+00:00,2026-06-05 20:00:00+00:00,America/New_York,2026-06-07 10:14:34.843016+00:00,
BHB,BHB,success,2992,2026-03-12 13:30:00+00:00,2026-06-05 20:00:00+00:00,America/New_York,2026-06-07 10:14:53.979717+00:00,
BHC,BHC,success,4673,2026-03-12 13:30:00+00:00,2026-06-05 20:00:00+00:00,America/New_York,2026-06-07 10:13:59.851732+00:00,
BHE,BHE,success,4431,2026-03-12 13:30:00+00:00,2026-06-05 20:00:00+00:00,America/New_York,2026-06-07 10:13:41.567067+00:00,
BHF,BHF,success,4458,2026-03-12 13:30:00+00:00,2026-06-05 20:00:00+00:00,America/New_York,2026-06-07 10:13:32.679295+00:00,
BHP,BHP,success,4681,2026-03-12 13:30:00+00:00,2026-06-05 20:00:00+00:00,America/New_York,2026-06-07 10:11:48.718282+00:00,
BHRB,BHRB,success,3027,2026-03-12 13:30:00+00:00,2026-06-05 20:00:00+00:00,America/New_York,2026-06-07 10:14:20.412318+00:00,
BHST,BHST,success,716,2026-03-12 14:05:00+00:00,2026-06-05 20:00:00+00:00,America/New_York,2026-06-07 10:16:00.713556+00:00,
BHVN,BHVN,success,4681,2026-03-12 13:30:00+00:00,2026-06-05 20:00:00+00:00,America/New_York,2026-06-07 10:14:11.040390+00:00,
BIDU,BIDU,success,4680,2026-03-12 13:30:00+00:00,2026-06-05 20:00:00+00:00,America/New_York,2026-06-07 10:12:07.468868+00:00,
BIDWU,BIDWU,success,109,2026-05-29 13:30:00+00:00,2026-06-05 20:00:00+00:00,America/New_York,2026-06-07 10:15:48.137319+00:00,
BIIB,BIIB,success,4656,2026-03-12 13:30:00+00:00,2026-06-05 20:00:00+00:00,America/New_York,2026-06-07 10:12:15.568000+00:00,
BILI,BILI,success,4680,2026-03-12 13:30:00+00:00,2026-06-05 20:00:00+00:00,America/New_York,2026-06-07 10:12:57.019970+00:00,
BILL,BILL,success,4681,2026-03-12 13:30:00+00:00,2026-06-05 20:00:00+00:00,America/New_York,2026-06-07 10:13:32.632591+00:00,
BIO,BIO,success,4623,2026-03-12 13:30:00+00:00,2026-06-05 20:00:00+00:00,America/New_York,2026-06-07 10:12:55.407807+00:00,
BIOA,BIOA,success,4398,2026-03-12 13:30:00+00:00,2026-06-05 20:00:00+00:00,America/New_York,2026-06-07 10:14:46.794242+00:00,
BIPC,BIPC,success,4677,2026-03-12 13:30:00+00:00,2026-06-05 20:00:00+00:00,America/New_York,2026-06-07 10:13:11.475212+00:00,
BIRK,BIRK,success,4681,2026-03-12 13:30:00+00:00,2026-06-05 20:00:00+00:00,America/New_York,2026-06-07 10:12:55.124814+00:00,
BJ,BJ,success,4681,2026-03-12 13:30:00+00:00,2026-06-05 20:00:00+00:00,America/New_York,2026-06-07 10:12:41.156342+00:00,
BJRI,BJRI,success,4284,2026-03-12 13:30:00+00:00,2026-06-05 20:00:00+00:00,America/New_York,2026-06-07 10:14:36.533620+00:00,
BKD,BKD,success,4681,2026-03-12 13:30:00+00:00,2026-06-05 20:00:00+00:00,America/New_York,2026-06-07 10:13:42.682256+00:00,
BKE,BKE,success,4453,2026-03-12 13:30:00+00:00,2026-06-05 20:00:00+00:00,America/New_York,2026-06-07 10:13:53.834473+00:00,
BKH,BKH,success,4672,2026-03-12 13:30:00+00:00,2026-06-05 20:00:00+00:00,America/New_York,2026-06-07 10:13:12.932781+00:00,
BKKT,BKKT,success,4676,2026-03-12 13:30:00+00:00,2026-06-05 20:00:00+00:00,America/New_York,2026-06-07 10:15:18.464272+00:00,
BKNG,BKNG,success,4681,2026-03-12 13:30:00+00:00,2026-06-05 20:00:00+00:00,America/New_York,2026-06-07 10:11:52.406412+00:00,
BKR,BKR,success,4681,2026-03-12 13:30:00+00:00,2026-06-05 20:00:00+00:00,America/New_York,2026-06-07 10:12:02.548742+00:00,
BKSY,BKSY,success,4680,2026-03-12 13:30:00+00:00,2026-06-05 20:00:00+00:00,America/New_York,2026-06-07 10:14:20.958694+00:00,
BKTI,BKTI,success,2157,2026-03-12 13:30:00+00:00,2026-06-05 20:00:00+00:00,America/New_York,2026-06-07 10:15:25.873100+00:00,
BKU,BKU,success,4630,2026-03-12 13:30:00+00:00,2026-06-05 20:00:00+00:00,America/New_York,2026-06-07 10:13:33.218349+00:00,
BKV,BKV,success,4658,2026-03-12 13:30:00+00:00,2026-06-05 20:00:00+00:00,America/New_York,2026-06-07 10:13:44.725791+00:00,
BL,BL,success,4661,2026-03-12 13:30:00+00:00,2026-06-05 20:00:00+00:00,America/New_York,2026-06-07 10:14:07.736123+00:00,
BLBD,BLBD,success,4417,2026-03-12 13:30:00+00:00,2026-06-05 20:00:00+00:00,America/New_York,2026-06-07 10:13:55.973526+00:00,
BLCO,BLCO,success,4466,2026-03-12 13:30:00+00:00,2026-06-05 20:00:00+00:00,America/New_York,2026-06-07 10:13:10.946800+00:00,
BLD,BLD,success,4662,2026-03-12 13:30:00+00:00,2026-06-05 20:00:00+00:00,America/New_York,2026-06-07 10:12:41.420646+00:00,
BLDP,BLDP,success,4674,2026-03-12 13:30:00+00:00,2026-06-05 20:00:00+00:00,America/New_York,2026-06-07 10:14:13.786994+00:00,
BLDR,BLDR,success,4681,2026-03-12 13:30:00+00:00,2026-06-05 20:00:00+00:00,America/New_York,2026-06-07 10:12:54.041732+00:00,
BLFS,BLFS,success,4408,2026-03-12 13:30:00+00:00,2026-06-05 20:00:00+00:00,America/New_York,2026-06-07 10:14:20.171582+00:00,
BLK,BLK,success,4681,2026-03-12 13:30:00+00:00,2026-06-05 20:00:00+00:00,America/New_York,2026-06-07 10:11:50.381905+00:00,
BLKB,BLKB,success,4619,2026-03-12 13:30:00+00:00,2026-06-05 20:00:00+00:00,America/New_York,2026-06-07 10:14:20.432338+00:00,
BLLN,BLLN,success,4379,2026-03-12 13:30:00+00:00,2026-06-05 20:00:00+00:00,America/New_York,2026-06-07 10:13:22.860354+00:00,
BLMN,BLMN,success,4680,2026-03-12 13:30:00+00:00,2026-06-05 20:00:00+00:00,America/New_York,2026-06-07 10:14:52.148094+00:00,
BLSH,BLSH,success,4681,2026-03-12 13:30:00+00:00,2026-06-05 20:00:00+00:00,America/New_York,2026-06-07 10:13:27.235028+00:00,
BLTE,BLTE,success,3324,2026-03-12 13:30:00+00:00,2026-06-05 20:00:00+00:00,America/New_York,2026-06-07 10:13:09.628999+00:00,
BLUW,BLUW,success,156,2026-03-12 18:10:00+00:00,2026-06-05 20:00:00+00:00,America/New_York,2026-06-07 10:15:20.852713+00:00,
BLX,BLX,success,3559,2026-03-12 13:30:00+00:00,2026-06-05 20:00:00+00:00,America/New_York,2026-06-07 10:14:00.494499+00:00,
BLZE,BLZE,success,4559,2026-03-12 13:30:00+00:00,2026-06-05 20:00:00+00:00,America/New_York,2026-06-07 10:15:06.171171+00:00,
BLZR,BLZR,success,216,2026-03-13 16:35:00+00:00,2026-06-05 20:00:00+00:00,America/New_York,2026-06-07 10:15:18.570087+00:00,
BMA,BMA,success,4317,2026-03-12 13:30:00+00:00,2026-06-05 20:00:00+00:00,America/New_York,2026-06-07 10:13:08.385211+00:00,
BMI,BMI,success,4434,2026-03-12 13:30:00+00:00,2026-06-05 20:00:00+00:00,America/New_York,2026-06-07 10:13:30.438387+00:00,
BMM,BMM,success,2445,2026-03-12 13:35:00+00:00,2026-06-05 20:00:00+00:00,America/New_York,2026-06-07 10:15:00.908633+00:00,
BMNR,BMNR,success,4681,2026-03-12 13:30:00+00:00,2026-06-05 20:00:00+00:00,America/New_York,2026-06-07 10:12:50.061501+00:00,
BMO,BMO,success,4676,2026-03-12 13:30:00+00:00,2026-06-05 20:00:00+00:00,America/New_York,2026-06-07 10:11:53.476974+00:00,
BMRC,BMRC,success,2754,2026-03-12 13:30:00+00:00,2026-06-05 20:00:00+00:00,America/New_York,2026-06-07 10:15:09.860085+00:00,
BMRN,BMRN,success,4680,2026-03-12 13:30:00+00:00,2026-06-05 20:00:00+00:00,America/New_York,2026-06-07 10:12:42.916967+00:00,
BMY,BMY,success,4681,2026-03-12 13:30:00+00:00,2026-06-05 20:00:00+00:00,America/New_York,2026-06-07 10:11:53.423409+00:00,
BN,BN,success,4681,2026-03-12 13:30:00+00:00,2026-06-05 20:00:00+00:00,America/New_York,2026-06-07 10:11:55.176430+00:00,
BNAI,BNAI,success,4242,2026-03-12 13:30:00+00:00,2026-06-05 20:00:00+00:00,America/New_York,2026-06-07 10:15:48.854866+00:00,
BNED,BNED,success,4137,2026-03-12 13:30:00+00:00,2026-06-05 20:00:00+00:00,America/New_York,2026-06-07 10:15:17.680442+00:00,
BNL,BNL,success,4680,2026-03-12 13:30:00+00:00,2026-06-05 20:00:00+00:00,America/New_York,2026-06-07 10:13:27.529416+00:00,
BNR,BNR,success,973,2026-03-12 14:00:00+00:00,2026-06-05 20:00:00+00:00,America/New_York,2026-06-07 10:15:55.547154+00:00,
BNS,BNS,success,4681,2026-03-12 13:30:00+00:00,2026-06-05 20:00:00+00:00,America/New_York,2026-06-07 10:11:55.294145+00:00,
BNT,BNT,success,1586,2026-03-12 13:30:00+00:00,2026-06-05 20:00:00+00:00,America/New_York,2026-06-07 10:12:31.968863+00:00,
BNTC,BNTC,success,3035,2026-03-12 13:30:00+00:00,2026-06-05 20:00:00+00:00,America/New_York,2026-06-07 10:15:17.739185+00:00,
BNTX,BNTX,success,4614,2026-03-12 13:30:00+00:00,2026-06-05 20:00:00+00:00,America/New_York,2026-06-07 10:12:21.330674+00:00,
BNY,BNY,success,781,2026-05-22 13:30:00+00:00,2026-06-05 20:00:00+00:00,America/New_York,2026-06-07 10:11:55.127761+00:00,
BOBS,BOBS,success,4649,2026-03-12 13:30:00+00:00,2026-06-05 20:00:00+00:00,America/New_York,2026-06-07 10:14:09.967613+00:00,
BOC,BOC,success,3543,2026-03-12 13:30:00+00:00,2026-06-05 20:00:00+00:00,America/New_York,2026-06-07 10:15:09.290557+00:00,
BODI,BODI,success,2617,2026-03-12 13:30:00+00:00,2026-06-05 20:00:00+00:00,America/New_York,2026-06-07 10:16:00.545187+00:00,
BOF,BOF,success,1647,2026-03-12 13:30:00+00:00,2026-06-05 20:00:00+00:00,America/New_York,2026-06-07 10:16:03.459700+00:00,
BOH,BOH,success,4438,2026-03-12 13:30:00+00:00,2026-06-05 20:00:00+00:00,America/New_York,2026-06-07 10:13:40.714174+00:00,
BOKF,BOKF,success,4115,2026-03-12 13:30:00+00:00,2026-06-05 20:00:00+00:00,America/New_York,2026-06-07 10:12:53.952750+00:00,
BOOM,BOOM,success,4168,2026-03-12 13:30:00+00:00,2026-06-05 20:00:00+00:00,America/New_York,2026-06-07 10:15:49.708320+00:00,
BOOT,BOOT,success,4636,2026-03-12 13:30:00+00:00,2026-06-05 20:00:00+00:00,America/New_York,2026-06-07 10:13:14.372508+00:00,
BORR,BORR,success,4681,2026-03-12 13:30:00+00:00,2026-06-05 20:00:00+00:00,America/New_York,2026-06-07 10:14:13.905426+00:00,
BOTJ,BOTJ,success,717,2026-03-12 14:00:00+00:00,2026-06-05 20:00:00+00:00,America/New_York,2026-06-07 10:15:54.755492+00:00,
BOW,BOW,success,3673,2026-03-12 13:30:00+00:00,2026-06-05 20:00:00+00:00,America/New_York,2026-06-07 10:14:39.411608+00:00,
BOX,BOX,success,4681,2026-03-12 13:30:00+00:00,2026-06-05 20:00:00+00:00,America/New_York,2026-06-07 10:13:31.164183+00:00,
BP,BP,success,4681,2026-03-12 13:30:00+00:00,2026-06-05 20:00:00+00:00,America/New_York,2026-06-07 10:11:53.775261+00:00,
BPOP,BPOP,success,4510,2026-03-12 13:30:00+00:00,2026-06-05 20:00:00+00:00,America/New_York,2026-06-07 10:12:45.976780+00:00,
BPRN,BPRN,success,461,2026-03-12 13:30:00+00:00,2026-06-05 20:00:00+00:00,America/New_York,2026-06-07 10:15:34.717730+00:00,
BR,BR,success,4680,2026-03-12 13:30:00+00:00,2026-06-05 20:00:00+00:00,America/New_York,2026-06-07 10:12:27.659320+00:00,
BRAI,BRAI,success,1379,2026-03-12 13:35:00+00:00,2026-06-05 20:00:00+00:00,America/New_York,2026-06-07 10:14:13.340867+00:00,
BRBR,BRBR,success,4681,2026-03-12 13:30:00+00:00,2026-06-05 20:00:00+00:00,America/New_York,2026-06-07 10:14:30.167027+00:00,
BRBS,BRBS,success,3719,2026-03-12 13:30:00+00:00,2026-06-05 20:00:00+00:00,America/New_York,2026-06-07 10:15:25.727169+00:00,
BRC,BRC,success,3964,2026-03-12 13:30:00+00:00,2026-06-05 20:00:00+00:00,America/New_York,2026-06-07 10:13:24.679530+00:00,
BRCB,BRCB,success,4382,2026-03-12 13:30:00+00:00,2026-06-05 20:00:00+00:00,America/New_York,2026-06-07 10:15:25.302292+00:00,
BRK.B,BRK-B,success,4681,2026-03-12 13:30:00+00:00,2026-06-05 20:00:00+00:00,America/New_York,2026-06-07 10:11:45.090060+00:00,
BRKHU,BRKHU,success,87,2026-05-22 14:00:00+00:00,2026-06-05 20:00:00+00:00,America/New_York,2026-06-07 10:15:58.895433+00:00,
BRKR,BRKR,success,4681,2026-03-12 13:30:00+00:00,2026-06-05 20:00:00+00:00,America/New_York,2026-06-07 10:12:52.017624+00:00,
BRO,BRO,success,4681,2026-03-12 13:30:00+00:00,2026-06-05 20:00:00+00:00,America/New_York,2026-06-07 10:12:25.395522+00:00,
BROS,BROS,success,4681,2026-03-12 13:30:00+00:00,2026-06-05 20:00:00+00:00,America/New_York,2026-06-07 10:12:49.430519+00:00,
BRSL,BRSL,success,4675,2026-03-12 13:30:00+00:00,2026-06-05 20:00:00+00:00,America/New_York,2026-06-07 10:13:57.466235+00:00,
BRSP,BRSP,success,4625,2026-03-12 13:30:00+00:00,2026-06-05 20:00:00+00:00,America/New_York,2026-06-07 10:14:45.645355+00:00,
BRT,BRT,success,1935,2026-03-12 13:30:00+00:00,2026-06-05 20:00:00+00:00,America/New_York,2026-06-07 10:15:28.880650+00:00,
BRUN,BRUN,success,1483,2026-05-11 13:30:00+00:00,2026-06-05 20:00:00+00:00,America/New_York,2026-06-07 10:14:04.820833+00:00,
BRX,BRX,success,4680,2026-03-12 13:30:00+00:00,2026-06-05 20:00:00+00:00,America/New_York,2026-06-07 10:12:47.945475+00:00,
BRZE,BRZE,success,4681,2026-03-12 13:30:00+00:00,2026-06-05 20:00:00+00:00,America/New_York,2026-06-07 10:13:48.272271+00:00,
BSAC,BSAC,success,4502,2026-03-12 13:30:00+00:00,2026-06-05 20:00:00+00:00,America/New_York,2026-06-07 10:12:33.049010+00:00,
BSBR,BSBR,success,4648,2026-03-12 13:30:00+00:00,2026-06-05 20:00:00+00:00,America/New_York,2026-06-07 10:12:24.897997+00:00,
BSET,BSET,success,1290,2026-03-12 13:30:00+00:00,2026-06-05 20:00:00+00:00,America/New_York,2026-06-07 10:15:52.402343+00:00,
BSRR,BSRR,success,1671,2026-03-12 13:30:00+00:00,2026-06-05 20:00:00+00:00,America/New_York,2026-06-07 10:14:58.948022+00:00,
BSVN,BSVN,success,558,2026-03-12 15:25:00+00:00,2026-06-05 20:00:00+00:00,America/New_York,2026-06-07 10:15:08.176623+00:00,
BSX,BSX,success,4681,2026-03-12 13:30:00+00:00,2026-06-05 20:00:00+00:00,America/New_York,2026-06-07 10:12:00.105785+00:00,
BSY,BSY,success,4681,2026-03-12 13:30:00+00:00,2026-06-05 20:00:00+00:00,America/New_York,2026-06-07 10:12:45.807934+00:00,
BTDR,BTDR,success,4681,2026-03-12 13:30:00+00:00,2026-06-05 20:00:00+00:00,America/New_York,2026-06-07 10:13:25.635277+00:00,
BTE,BTE,success,4681,2026-03-12 13:30:00+00:00,2026-06-05 20:00:00+00:00,America/New_York,2026-06-07 10:13:33.412662+00:00,
BTG,BTG,success,4681,2026-03-12 13:30:00+00:00,2026-06-05 20:00:00+00:00,America/New_York,2026-06-07 10:13:09.998066+00:00,
BTGO,BTGO,success,4637,2026-03-12 13:30:00+00:00,2026-06-05 20:00:00+00:00,America/New_York,2026-06-07 10:14:57.795479+00:00,
BTI,BTI,success,4681,2026-03-12 13:30:00+00:00,2026-06-05 20:00:00+00:00,America/New_York,2026-06-07 10:11:51.992485+00:00,
BTSG,BTSG,success,4680,2026-03-12 13:30:00+00:00,2026-06-05 20:00:00+00:00,America/New_York,2026-06-07 10:12:42.006228+00:00,
BTU,BTU,success,4681,2026-03-12 13:30:00+00:00,2026-06-05 20:00:00+00:00,America/New_York,2026-06-07 10:13:34.651986+00:00,
BUD,BUD,success,4681,2026-03-12 13:30:00+00:00,2026-06-05 20:00:00+00:00,America/New_York,2026-06-07 10:11:50.973890+00:00,
BUDA,BUDA,success,584,2026-03-12 13:55:00+00:00,2026-06-05 19:55:00+00:00,America/New_York,2026-06-07 10:15:55.103293+00:00,
BULL,BULL,success,4681,2026-03-12 13:30:00+00:00,2026-06-05 20:00:00+00:00,America/New_York,2026-06-07 10:13:42.979297+00:00,
BUR,BUR,success,4681,2026-03-12 13:30:00+00:00,2026-06-05 20:00:00+00:00,America/New_York,2026-06-07 10:14:33.436516+00:00,
BURL,BURL,success,4681,2026-03-12 13:30:00+00:00,2026-06-05 20:00:00+00:00,America/New_York,2026-06-07 10:12:24.410927+00:00,
BUSE,BUSE,success,4555,2026-03-12 13:30:00+00:00,2026-06-05 20:00:00+00:00,America/New_York,2026-06-07 10:13:52.185192+00:00,
BUUU,BUUU,success,412,2026-03-12 13:45:00+00:00,2026-06-04 19:55:00+00:00,America/New_York,2026-06-07 10:15:29.886029+00:00,
BV,BV,success,4513,2026-03-12 13:30:00+00:00,2026-06-05 20:00:00+00:00,America/New_York,2026-06-07 10:14:26.808131+00:00,
BVFL,BVFL,success,595,2026-03-12 13:30:00+00:00,2026-06-05 20:00:00+00:00,America/New_York,2026-06-07 10:15:43.490991+00:00,
BVN,BVN,success,4678,2026-03-12 13:30:00+00:00,2026-06-05 20:00:00+00:00,America/New_York,2026-06-07 10:12:51.621031+00:00,
BVS,BVS,success,4446,2026-03-12 13:30:00+00:00,2026-06-05 20:00:00+00:00,America/New_York,2026-06-07 10:14:44.102057+00:00,
BW,BW,success,4681,2026-03-12 13:30:00+00:00,2026-06-05 20:00:00+00:00,America/New_York,2026-06-07 10:13:51.387887+00:00,
BWA,BWA,success,4681,2026-03-12 13:30:00+00:00,2026-06-05 20:00:00+00:00,America/New_York,2026-06-07 10:12:32.106779+00:00,
BWAY,BWAY,success,3518,2026-03-12 13:30:00+00:00,2026-06-05 20:00:00+00:00,America/New_York,2026-06-07 10:14:54.597913+00:00,
BWB,BWB,success,2051,2026-03-12 13:30:00+00:00,2026-06-05 20:00:00+00:00,America/New_York,2026-06-07 10:14:59.203584+00:00,
BWEN,BWEN,success,3227,2026-03-12 13:30:00+00:00,2026-06-05 20:00:00+00:00,America/New_York,2026-06-07 10:15:56.981555+00:00,
BWFG,BWFG,success,1304,2026-03-12 13:30:00+00:00,2026-06-05 20:00:00+00:00,America/New_York,2026-06-07 10:15:08.935371+00:00,
BWIN,BWIN,success,4674,2026-03-12 13:30:00+00:00,2026-06-05 20:00:00+00:00,America/New_York,2026-06-07 10:13:44.293118+00:00,
BWLP,BWLP,success,4429,2026-03-12 13:30:00+00:00,2026-06-05 20:00:00+00:00,America/New_York,2026-06-07 10:13:40.821622+00:00,
BWMN,BWMN,success,3184,2026-03-12 13:30:00+00:00,2026-06-05 20:00:00+00:00,America/New_York,2026-06-07 10:14:55.285678+00:00,
BWMX,BWMX,success,2916,2026-03-12 13:30:00+00:00,2026-06-05 20:00:00+00:00,America/New_York,2026-06-07 10:14:47.807852+00:00,
BWXT,BWXT,success,4677,2026-03-12 13:30:00+00:00,2026-06-05 20:00:00+00:00,America/New_York,2026-06-07 10:12:28.513179+00:00,
BX,BX,success,4681,2026-03-12 13:30:00+00:00,2026-06-05 20:00:00+00:00,America/New_York,2026-06-07 10:11:51.673504+00:00,
BXC,BXC,success,3211,2026-03-12 13:30:00+00:00,2026-06-05 20:00:00+00:00,America/New_York,2026-06-07 10:15:12.597576+00:00,
BXMT,BXMT,success,4678,2026-03-12 13:30:00+00:00,2026-06-05 20:00:00+00:00,America/New_York,2026-06-07 10:13:40.065745+00:00,
BXP,BXP,success,4679,2026-03-12 13:30:00+00:00,2026-06-05 20:00:00+00:00,America/New_York,2026-06-07 10:12:43.247395+00:00,
BXSL,BXSL,success,4681,2026-03-12 13:30:00+00:00,2026-06-05 20:00:00+00:00,America/New_York,2026-06-07 10:13:11.232694+00:00,
BY,BY,success,3731,2026-03-12 13:30:00+00:00,2026-06-05 20:00:00+00:00,America/New_York,2026-06-07 10:14:11.671989+00:00,
BYD,BYD,success,4675,2026-03-12 13:30:00+00:00,2026-06-05 20:00:00+00:00,America/New_York,2026-06-07 10:13:00.695856+00:00,
BYRN,BYRN,success,4514,2026-03-12 13:30:00+00:00,2026-06-05 20:00:00+00:00,America/New_York,2026-06-07 10:15:50.673444+00:00,
BZ,BZ,success,4681,2026-03-12 13:30:00+00:00,2026-06-05 20:00:00+00:00,America/New_York,2026-06-07 10:13:01.802794+00:00,
BZH,BZH,success,4497,2026-03-12 13:30:00+00:00,2026-06-05 20:00:00+00:00,America/New_York,2026-06-07 10:14:45.957864+00:00,
C,C,success,4681,2026-03-12 13:30:00+00:00,2026-06-05 20:00:00+00:00,America/New_York,2026-06-07 10:11:48.199790+00:00,
CAAP,CAAP,success,4061,2026-03-12 13:30:00+00:00,2026-06-05 20:00:00+00:00,America/New_York,2026-06-07 10:13:24.978221+00:00,
CAAS,CAAS,success,1083,2026-03-12 15:50:00+00:00,2026-06-05 20:00:00+00:00,America/New_York,2026-06-07 10:15:50.753545+00:00,
CABA,CABA,success,4676,2026-03-12 13:30:00+00:00,2026-06-05 20:00:00+00:00,America/New_York,2026-06-07 10:14:59.477630+00:00,
CABO,CABO,success,3459,2026-03-12 13:30:00+00:00,2026-06-05 20:00:00+00:00,America/New_York,2026-06-07 10:15:32.654256+00:00,
CAC,CAC,success,2475,2026-03-12 13:30:00+00:00,2026-06-05 20:00:00+00:00,America/New_York,2026-06-07 10:14:38.742277+00:00,
CACC,CACC,success,3956,2026-03-12 13:30:00+00:00,2026-06-05 20:00:00+00:00,America/New_York,2026-06-07 10:13:09.474687+00:00,
CACI,CACI,success,4600,2026-03-12 13:30:00+00:00,2026-06-05 20:00:00+00:00,America/New_York,2026-06-07 10:12:39.811354+00:00,
CADL,CADL,success,4666,2026-03-12 13:30:00+00:00,2026-06-05 20:00:00+00:00,America/New_York,2026-06-07 10:14:51.602249+00:00,
CAE,CAE,success,4673,2026-03-12 13:30:00+00:00,2026-06-05 20:00:00+00:00,America/New_York,2026-06-07 10:12:52.114459+00:00,
CAG,CAG,success,4681,2026-03-12 13:30:00+00:00,2026-06-05 20:00:00+00:00,America/New_York,2026-06-07 10:13:05.751085+00:00,
CAH,CAH,success,4681,2026-03-12 13:30:00+00:00,2026-06-05 20:00:00+00:00,America/New_York,2026-06-07 10:12:06.025185+00:00,
CAI,CAI,success,4681,2026-03-12 13:30:00+00:00,2026-06-05 20:00:00+00:00,America/New_York,2026-06-07 10:13:18.500124+00:00,
CAKE,CAKE,success,4673,2026-03-12 13:30:00+00:00,2026-06-05 20:00:00+00:00,America/New_York,2026-06-07 10:13:37.203020+00:00,
CAL,CAL,success,4627,2026-03-12 13:30:00+00:00,2026-06-05 20:00:00+00:00,America/New_York,2026-06-07 10:15:09.738194+00:00,
CALM,CALM,success,4658,2026-03-12 13:30:00+00:00,2026-06-05 20:00:00+00:00,America/New_York,2026-06-07 10:13:31.689627+00:00,
CALX,CALX,success,4654,2026-03-12 13:30:00+00:00,2026-06-05 20:00:00+00:00,America/New_York,2026-06-07 10:13:51.362574+00:00,
CALY,CALY,success,4680,2026-03-12 13:30:00+00:00,2026-06-05 20:00:00+00:00,America/New_York,2026-06-07 10:13:46.438065+00:00,
CAMP,CAMP,success,2648,2026-03-12 13:30:00+00:00,2026-06-05 20:00:00+00:00,America/New_York,2026-06-07 10:15:38.225313+00:00,
CAMT,CAMT,success,4303,2026-03-12 13:30:00+00:00,2026-06-05 20:00:00+00:00,America/New_York,2026-06-07 10:12:55.025321+00:00,
CAPR,CAPR,success,4659,2026-03-12 13:30:00+00:00,2026-06-05 20:00:00+00:00,America/New_York,2026-06-07 10:14:11.909772+00:00,
CAR,CAR,success,4597,2026-03-12 13:30:00+00:00,2026-06-05 20:00:00+00:00,America/New_York,2026-06-07 10:13:05.814468+00:00,
CARE,CARE,success,4140,2026-03-12 13:30:00+00:00,2026-06-05 20:00:00+00:00,America/New_York,2026-06-07 10:14:51.128416+00:00,
CARG,CARG,success,4654,2026-03-12 13:30:00+00:00,2026-06-05 20:00:00+00:00,America/New_York,2026-06-07 10:13:50.533411+00:00,
CARL,CARL,success,2906,2026-03-12 13:30:00+00:00,2026-06-05 20:00:00+00:00,America/New_York,2026-06-07 10:15:27.326338+00:00,
CARR,CARR,success,4681,2026-03-12 13:30:00+00:00,2026-06-05 20:00:00+00:00,America/New_York,2026-06-07 10:12:03.475753+00:00,
CARS,CARS,success,4670,2026-03-12 13:30:00+00:00,2026-06-05 20:00:00+00:00,America/New_York,2026-06-07 10:15:00.507299+00:00,
CART,CART,success,4681,2026-03-12 13:30:00+00:00,2026-06-05 20:00:00+00:00,America/New_York,2026-06-07 10:12:45.892563+00:00,
CASH,CASH,success,3698,2026-03-12 13:30:00+00:00,2026-06-05 20:00:00+00:00,America/New_York,2026-06-07 10:14:07.548269+00:00,
CASS,CASS,success,2306,2026-03-12 13:30:00+00:00,2026-06-05 20:00:00+00:00,America/New_York,2026-06-07 10:14:51.715134+00:00,
CASY,CASY,success,4650,2026-03-12 13:30:00+00:00,2026-06-05 20:00:00+00:00,America/New_York,2026-06-07 10:12:16.126230+00:00,
CAT,CAT,success,4681,2026-03-12 13:30:00+00:00,2026-06-05 20:00:00+00:00,America/New_York,2026-06-07 10:11:45.942127+00:00,
CATO,CATO,success,1608,2026-03-12 13:30:00+00:00,2026-06-05 20:00:00+00:00,America/New_York,2026-06-07 10:16:02.860741+00:00,
CATX,CATX,success,4674,2026-03-12 13:30:00+00:00,2026-06-05 20:00:00+00:00,America/New_York,2026-06-07 10:15:19.256552+00:00,
CATY,CATY,success,4421,2026-03-12 13:30:00+00:00,2026-06-05 20:00:00+00:00,America/New_York,2026-06-07 10:13:26.832788+00:00,
CAVA,CAVA,success,4681,2026-03-12 13:30:00+00:00,2026-06-05 20:00:00+00:00,America/New_York,2026-06-07 10:12:53.270454+00:00,
CB,CB,success,4681,2026-03-12 13:30:00+00:00,2026-06-05 20:00:00+00:00,America/New_York,2026-06-07 10:11:52.206883+00:00,
CBAN,CBAN,success,4245,2026-03-12 13:30:00+00:00,2026-06-05 20:00:00+00:00,America/New_York,2026-06-07 10:15:08.218968+00:00,
CBC,CBC,success,4509,2026-03-12 13:30:00+00:00,2026-06-05 20:00:00+00:00,America/New_York,2026-06-07 10:13:01.238781+00:00,
CBFV,CBFV,success,118,2026-03-12 13:30:00+00:00,2026-06-05 20:00:00+00:00,America/New_York,2026-06-07 10:15:44.643365+00:00,
CBIO,CBIO,success,3772,2026-03-12 13:30:00+00:00,2026-06-05 20:00:00+00:00,America/New_York,2026-06-07 10:15:01.857976+00:00,
CBK,CBK,success,1707,2026-03-12 13:35:00+00:00,2026-06-05 20:00:00+00:00,America/New_York,2026-06-07 10:15:11.009638+00:00,
CBL,CBL,success,3716,2026-03-12 13:30:00+00:00,2026-06-05 20:00:00+00:00,America/New_York,2026-06-07 10:14:13.437507+00:00,
CBLL,CBLL,success,3936,2026-03-12 13:30:00+00:00,2026-06-05 20:00:00+00:00,America/New_York,2026-06-07 10:14:48.072487+00:00,
CBNA,CBNA,success,247,2026-03-12 13:30:00+00:00,2026-06-05 20:00:00+00:00,America/New_York,2026-06-07 10:15:34.451634+00:00,
CBNK,CBNK,success,1850,2026-03-12 13:30:00+00:00,2026-06-05 20:00:00+00:00,America/New_York,2026-06-07 10:14:58.403427+00:00,
CBOE,CBOE,success,4653,2026-03-12 13:30:00+00:00,2026-06-05 20:00:00+00:00,America/New_York,2026-06-07 10:12:15.117283+00:00,
CBRE,CBRE,success,4681,2026-03-12 13:30:00+00:00,2026-06-05 20:00:00+00:00,America/New_York,2026-06-07 10:12:09.554670+00:00,
CBRL,CBRL,success,4675,2026-03-12 13:30:00+00:00,2026-06-05 20:00:00+00:00,America/New_York,2026-06-07 10:14:44.310606+00:00,
CBRS,CBRS,success,1209,2026-05-14 13:40:00+00:00,2026-06-05 20:00:00+00:00,America/New_York,2026-06-07 10:12:06.906931+00:00,
CBSH,CBSH,success,4678,2026-03-12 13:30:00+00:00,2026-06-05 20:00:00+00:00,America/New_York,2026-06-07 10:12:54.999752+00:00,
CBT,CBT,success,4414,2026-03-12 13:30:00+00:00,2026-06-05 20:00:00+00:00,America/New_York,2026-06-07 10:13:23.453162+00:00,
CBU,CBU,success,4095,2026-03-12 13:30:00+00:00,2026-06-05 20:00:00+00:00,America/New_York,2026-06-07 10:13:35.456189+00:00,
CBZ,CBZ,success,4652,2026-03-12 13:30:00+00:00,2026-06-05 20:00:00+00:00,America/New_York,2026-06-07 10:14:02.914947+00:00,
CC,CC,success,4681,2026-03-12 13:30:00+00:00,2026-06-05 20:00:00+00:00,America/New_York,2026-06-07 10:13:40.239244+00:00,
CCAP,CCAP,success,3960,2026-03-12 13:30:00+00:00,2026-06-05 20:00:00+00:00,America/New_York,2026-06-07 10:15:10.905525+00:00,
CCB,CCB,success,3115,2026-03-12 13:30:00+00:00,2026-06-05 20:00:00+00:00,America/New_York,2026-06-07 10:14:29.430827+00:00,
CCBG,CCBG,success,2282,2026-03-12 13:30:00+00:00,2026-06-05 20:00:00+00:00,America/New_York,2026-06-07 10:14:43.409725+00:00,
CCC,CCC,success,4681,2026-03-12 13:30:00+00:00,2026-06-05 20:00:00+00:00,America/New_York,2026-06-07 10:13:44.504709+00:00,
CCCC,CCCC,success,4658,2026-03-12 13:30:00+00:00,2026-06-05 20:00:00+00:00,America/New_York,2026-06-07 10:15:08.733164+00:00,
CCEC,CCEC,success,718,2026-03-12 13:55:00+00:00,2026-06-05 20:00:00+00:00,America/New_York,2026-06-07 10:14:19.971968+00:00,
CCEP,CCEP,success,4679,2026-03-12 13:30:00+00:00,2026-06-05 20:00:00+00:00,America/New_York,2026-06-07 10:12:07.223641+00:00,
CCI,CCI,success,4681,2026-03-12 13:30:00+00:00,2026-06-05 20:00:00+00:00,America/New_York,2026-06-07 10:12:08.317312+00:00,
CCII,CCII,success,327,2026-03-13 15:00:00+00:00,2026-06-05 20:00:00+00:00,America/New_York,2026-06-07 10:15:17.485544+00:00,
CCIX,CCIX,success,617,2026-03-12 15:45:00+00:00,2026-06-05 20:00:00+00:00,America/New_York,2026-06-07 10:15:12.641229+00:00,
CCJ,CCJ,success,4681,2026-03-12 13:30:00+00:00,2026-06-05 20:00:00+00:00,America/New_York,2026-06-07 10:12:06.691655+00:00,
CCK,CCK,success,4660,2026-03-12 13:30:00+00:00,2026-06-05 20:00:00+00:00,America/New_York,2026-06-07 10:12:42.850708+00:00,
CCL,CCL,success,4681,2026-03-12 13:30:00+00:00,2026-06-05 20:00:00+00:00,America/New_York,2026-06-07 10:12:10.179837+00:00,
CCNE,CCNE,success,3244,2026-03-12 13:30:00+00:00,2026-06-05 20:00:00+00:00,America/New_York,2026-06-07 10:14:35.894200+00:00,
CCOI,CCOI,success,4666,2026-03-12 13:30:00+00:00,2026-06-05 20:00:00+00:00,America/New_York,2026-06-07 10:14:40.792582+00:00,
CCRN,CCRN,success,4365,2026-03-12 13:30:00+00:00,2026-06-05 20:00:00+00:00,America/New_York,2026-06-07 10:15:07.743492+00:00,
CCS,CCS,success,4104,2026-03-12 13:30:00+00:00,2026-06-05 20:00:00+00:00,America/New_York,2026-06-07 10:14:08.724601+00:00,
CCSI,CCSI,success,3334,2026-03-12 13:30:00+00:00,2026-06-05 20:00:00+00:00,America/New_York,2026-06-07 10:14:50.718445+00:00,
CCU,CCU,success,3754,2026-03-12 13:30:00+00:00,2026-06-05 20:00:00+00:00,America/New_York,2026-06-07 10:13:58.910839+00:00,
CD,CD,success,2966,2026-03-12 13:30:00+00:00,2026-06-05 20:00:00+00:00,America/New_York,2026-06-07 10:15:08.767244+00:00,
CDE,CDE,success,4681,2026-03-12 13:30:00+00:00,2026-06-05 20:00:00+00:00,America/New_York,2026-06-07 10:12:28.647246+00:00,
CDLR,CDLR,success,2932,2026-03-12 13:30:00+00:00,2026-06-05 20:00:00+00:00,America/New_York,2026-06-07 10:13:55.813799+00:00,
CDNA,CDNA,success,4599,2026-03-12 13:30:00+00:00,2026-06-05 20:00:00+00:00,America/New_York,2026-06-07 10:14:26.928920+00:00,
CDNL,CDNL,success,4407,2026-03-12 13:30:00+00:00,2026-06-05 20:00:00+00:00,America/New_York,2026-06-07 10:13:48.655267+00:00,
CDNS,CDNS,success,4681,2026-03-12 13:30:00+00:00,2026-06-05 20:00:00+00:00,America/New_York,2026-06-07 10:11:54.789332+00:00,
CDP,CDP,success,4657,2026-03-12 13:30:00+00:00,2026-06-05 20:00:00+00:00,America/New_York,2026-06-07 10:12:57.370885+00:00,
CDRE,CDRE,success,4417,2026-03-12 13:30:00+00:00,2026-06-05 20:00:00+00:00,America/New_York,2026-06-07 10:14:21.041571+00:00,
CDRO,CDRO,success,836,2026-03-12 13:35:00+00:00,2026-06-05 20:00:00+00:00,America/New_York,2026-06-07 10:15:07.026581+00:00,
CDW,CDW,success,4679,2026-03-12 13:30:00+00:00,2026-06-05 20:00:00+00:00,America/New_York,2026-06-07 10:12:28.352495+00:00,
CDZI,CDZI,success,4549,2026-03-12 13:30:00+00:00,2026-06-05 20:00:00+00:00,America/New_York,2026-06-07 10:15:19.616731+00:00,
CE,CE,success,4681,2026-03-12 13:30:00+00:00,2026-06-05 20:00:00+00:00,America/New_York,2026-06-07 10:13:10.378904+00:00,
CECO,CECO,success,4535,2026-03-12 13:30:00+00:00,2026-06-05 20:00:00+00:00,America/New_York,2026-06-07 10:13:20.494652+00:00,
CEG,CEG,success,4681,2026-03-12 13:30:00+00:00,2026-06-05 20:00:00+00:00,America/New_York,2026-06-07 10:11:55.901452+00:00,
CELC,CELC,success,4614,2026-03-12 13:30:00+00:00,2026-06-05 20:00:00+00:00,America/New_York,2026-06-07 10:13:23.314602+00:00,
CELH,CELH,success,4681,2026-03-12 13:30:00+00:00,2026-06-05 20:00:00+00:00,America/New_York,2026-06-07 10:12:58.585970+00:00,
CENTA,CENTA,success,4018,2026-03-12 13:30:00+00:00,2026-06-05 20:00:00+00:00,America/New_York,2026-06-07 10:13:55.260855+00:00,
CENX,CENX,success,4681,2026-03-12 13:30:00+00:00,2026-06-05 20:00:00+00:00,America/New_York,2026-06-07 10:13:07.342605+00:00,
CEPF,CEPF,success,353,2026-03-12 13:35:00+00:00,2026-06-05 20:00:00+00:00,America/New_York,2026-06-07 10:14:55.662764+00:00,
CEPO,CEPO,success,668,2026-03-12 13:30:00+00:00,2026-06-05 20:00:00+00:00,America/New_York,2026-06-07 10:15:29.943870+00:00,
CEPT,CEPT,success,4118,2026-03-12 13:30:00+00:00,2026-06-05 20:00:00+00:00,America/New_York,2026-06-07 10:15:15.537175+00:00,
CEPU,CEPU,success,4493,2026-03-12 13:30:00+00:00,2026-06-05 20:00:00+00:00,America/New_York,2026-06-07 10:13:52.068561+00:00,
CEPV,CEPV,success,234,2026-03-12 13:35:00+00:00,2026-06-03 16:15:00+00:00,America/New_York,2026-06-07 10:15:21.697789+00:00,
CERT,CERT,success,4679,2026-03-12 13:30:00+00:00,2026-06-05 20:00:00+00:00,America/New_York,2026-06-07 10:14:38.904530+00:00,
CEVA,CEVA,success,4517,2026-03-12 13:30:00+00:00,2026-06-05 20:00:00+00:00,America/New_York,2026-06-07 10:14:25.627461+00:00,
CF,CF,success,4681,2026-03-12 13:30:00+00:00,2026-06-05 20:00:00+00:00,America/New_York,2026-06-07 10:12:27.385986+00:00,
CFBK,CFBK,success,1704,2026-03-12 13:30:00+00:00,2026-06-05 20:00:00+00:00,America/New_York,2026-06-07 10:15:42.127735+00:00,
CFFI,CFFI,success,164,2026-03-12 19:55:00+00:00,2026-06-05 20:00:00+00:00,America/New_York,2026-06-07 10:15:33.791143+00:00,
CFFN,CFFN,success,4517,2026-03-12 13:30:00+00:00,2026-06-05 20:00:00+00:00,America/New_York,2026-06-07 10:14:30.962217+00:00,
CFG,CFG,success,4681,2026-03-12 13:30:00+00:00,2026-06-05 20:00:00+00:00,America/New_York,2026-06-07 10:12:16.691329+00:00,
CFR,CFR,success,4550,2026-03-12 13:30:00+00:00,2026-06-05 20:00:00+00:00,America/New_York,2026-06-07 10:12:50.561337+00:00,
CG,CG,success,4681,2026-03-12 13:30:00+00:00,2026-06-05 20:00:00+00:00,America/New_York,2026-06-07 10:12:30.856448+00:00,
CGAU,CGAU,success,4681,2026-03-12 13:30:00+00:00,2026-06-05 20:00:00+00:00,America/New_York,2026-06-07 10:13:40.998602+00:00,
CGBD,CGBD,success,4598,2026-03-12 13:30:00+00:00,2026-06-05 20:00:00+00:00,America/New_York,2026-06-07 10:14:44.277519+00:00,
CGCT,CGCT,success,1283,2026-03-12 13:30:00+00:00,2026-06-05 20:00:00+00:00,America/New_York,2026-06-07 10:15:10.809786+00:00,
CGEM,CGEM,success,4587,2026-03-12 13:30:00+00:00,2026-06-05 20:00:00+00:00,America/New_York,2026-06-07 10:14:40.504887+00:00,
CGNT,CGNT,success,4484,2026-03-12 13:30:00+00:00,2026-06-05 20:00:00+00:00,America/New_York,2026-06-07 10:14:49.535761+00:00,
CGNX,CGNX,success,4681,2026-03-12 13:30:00+00:00,2026-06-05 20:00:00+00:00,America/New_York,2026-06-07 10:12:44.987227+00:00,
CGON,CGON,success,4636,2026-03-12 13:30:00+00:00,2026-06-05 20:00:00+00:00,America/New_York,2026-06-07 10:13:17.725289+00:00,
CHA,CHA,success,4471,2026-03-12 13:30:00+00:00,2026-06-05 20:00:00+00:00,America/New_York,2026-06-07 10:13:56.069496+00:00,
CHCI,CHCI,success,1035,2026-03-12 13:30:00+00:00,2026-06-05 20:00:00+00:00,America/New_York,2026-06-07 10:15:45.753694+00:00,
CHCO,CHCO,success,2318,2026-03-12 13:30:00+00:00,2026-06-05 20:00:00+00:00,America/New_York,2026-06-07 10:14:03.968682+00:00,
CHCT,CHCT,success,3964,2026-03-12 13:30:00+00:00,2026-06-05 20:00:00+00:00,America/New_York,2026-06-07 10:15:01.796898+00:00,
CHD,CHD,success,4681,2026-03-12 13:30:00+00:00,2026-06-05 20:00:00+00:00,America/New_York,2026-06-07 10:12:20.234498+00:00,
CHDN,CHDN,success,4642,2026-03-12 13:30:00+00:00,2026-06-05 20:00:00+00:00,America/New_York,2026-06-07 10:13:06.934733+00:00,
CHE,CHE,success,4533,2026-03-12 13:30:00+00:00,2026-06-05 20:00:00+00:00,America/New_York,2026-06-07 10:13:07.491707+00:00,
CHEF,CHEF,success,4274,2026-03-12 13:30:00+00:00,2026-06-05 20:00:00+00:00,America/New_York,2026-06-07 10:13:36.844267+00:00,
CHH,CHH,success,4601,2026-03-12 13:30:00+00:00,2026-06-05 20:00:00+00:00,America/New_York,2026-06-07 10:13:14.775312+00:00,
CHKP,CHKP,success,4663,2026-03-12 13:30:00+00:00,2026-06-05 20:00:00+00:00,America/New_York,2026-06-07 10:12:33.785062+00:00,
CHMG,CHMG,success,950,2026-03-12 13:30:00+00:00,2026-06-05 20:00:00+00:00,America/New_York,2026-06-07 10:15:19.926577+00:00,
CHPT,CHPT,success,4597,2026-03-12 13:30:00+00:00,2026-06-05 20:00:00+00:00,America/New_York,2026-06-07 10:15:42.104686+00:00,
CHRD,CHRD,success,4647,2026-03-12 13:30:00+00:00,2026-06-05 20:00:00+00:00,America/New_York,2026-06-07 10:12:56.299914+00:00,
CHRN,CHRN,success,1617,2026-05-05 13:30:00+00:00,2026-06-05 20:00:00+00:00,America/New_York,2026-06-07 10:13:46.521095+00:00,
CHRW,CHRW,success,4679,2026-03-12 13:30:00+00:00,2026-06-05 20:00:00+00:00,America/New_York,2026-06-07 10:12:22.265194+00:00,
CHT,CHT,success,3741,2026-03-12 13:30:00+00:00,2026-06-05 20:00:00+00:00,America/New_York,2026-06-07 10:12:11.467644+00:00,
CHTR,CHTR,success,4681,2026-03-12 13:30:00+00:00,2026-06-05 20:00:00+00:00,America/New_York,2026-06-07 10:12:25.537954+00:00,
CHWY,CHWY,success,4681,2026-03-12 13:30:00+00:00,2026-06-05 20:00:00+00:00,America/New_York,2026-06-07 10:12:52.980841+00:00,
CHYM,CHYM,success,4681,2026-03-12 13:30:00+00:00,2026-06-05 20:00:00+00:00,America/New_York,2026-06-07 10:13:01.440745+00:00,
CI,CI,success,4681,2026-03-12 13:30:00+00:00,2026-06-05 20:00:00+00:00,America/New_York,2026-06-07 10:11:58.739906+00:00,
CIA,CIA,success,2597,2026-03-12 13:30:00+00:00,2026-06-05 20:00:00+00:00,America/New_York,2026-06-07 10:15:31.174871+00:00,
CIEN,CIEN,success,4681,2026-03-12 13:30:00+00:00,2026-06-05 20:00:00+00:00,America/New_York,2026-06-07 10:12:00.842782+00:00,
CIFR,CIFR,success,4681,2026-03-12 13:30:00+00:00,2026-06-05 20:00:00+00:00,America/New_York,2026-06-07 10:12:51.179952+00:00,
CIGI,CIGI,success,3940,2026-03-12 13:30:00+00:00,2026-06-05 20:00:00+00:00,America/New_York,2026-06-07 10:13:15.546791+00:00,
CIM,CIM,success,4648,2026-03-12 13:30:00+00:00,2026-06-05 20:00:00+00:00,America/New_York,2026-06-07 10:14:28.163953+00:00,
CINF,CINF,success,4542,2026-03-12 13:30:00+00:00,2026-06-05 20:00:00+00:00,America/New_York,2026-06-07 10:12:18.276340+00:00,
CING,CING,success,4370,2026-03-12 13:30:00+00:00,2026-06-05 20:00:00+00:00,America/New_York,2026-06-07 10:16:02.975092+00:00,
CINT,CINT,success,3531,2026-03-12 13:30:00+00:00,2026-06-05 20:00:00+00:00,America/New_York,2026-06-07 10:14:59.440474+00:00,
CION,CION,success,4582,2026-03-12 13:30:00+00:00,2026-06-05 20:00:00+00:00,America/New_York,2026-06-07 10:15:18.317226+00:00,
CITR,CITR,success,1780,2026-03-12 13:30:00+00:00,2026-06-05 20:00:00+00:00,America/New_York,2026-06-07 10:15:48.528127+00:00,
CIVB,CIVB,success,2433,2026-03-12 13:30:00+00:00,2026-06-05 20:00:00+00:00,America/New_York,2026-06-07 10:14:57.690619+00:00,
CIX,CIX,success,234,2026-03-12 14:10:00+00:00,2026-06-05 20:00:00+00:00,America/New_York,2026-06-07 10:15:26.368179+00:00,
CL,CL,success,4681,2026-03-12 13:30:00+00:00,2026-06-05 20:00:00+00:00,America/New_York,2026-06-07 10:12:00.261090+00:00,
CLB,CLB,success,4507,2026-03-12 13:30:00+00:00,2026-06-05 20:00:00+00:00,America/New_York,2026-06-07 10:14:53.717242+00:00,
CLBK,CLBK,success,4129,2026-03-12 13:30:00+00:00,2026-06-05 20:00:00+00:00,America/New_York,2026-06-07 10:13:57.724162+00:00,
CLBT,CLBT,success,4676,2026-03-12 13:30:00+00:00,2026-06-05 20:00:00+00:00,America/New_York,2026-06-07 10:13:36.387056+00:00,
CLDT,CLDT,success,4313,2026-03-12 13:30:00+00:00,2026-06-05 20:00:00+00:00,America/New_York,2026-06-07 10:14:56.592297+00:00,
CLDX,CLDX,success,4615,2026-03-12 13:30:00+00:00,2026-06-05 20:00:00+00:00,America/New_York,2026-06-07 10:13:56.097645+00:00,
CLF,CLF,success,4681,2026-03-12 13:30:00+00:00,2026-06-05 20:00:00+00:00,America/New_York,2026-06-07 10:12:55.795578+00:00,
CLFD,CLFD,success,3570,2026-03-12 13:30:00+00:00,2026-06-05 20:00:00+00:00,America/New_York,2026-06-07 10:14:57.877228+00:00,
CLH,CLH,success,4525,2026-03-12 13:30:00+00:00,2026-06-05 20:00:00+00:00,America/New_York,2026-06-07 10:12:31.616091+00:00,
CLLS,CLLS,success,1096,2026-03-12 13:30:00+00:00,2026-06-05 20:00:00+00:00,America/New_York,2026-06-07 10:15:35.652157+00:00,
CLMB,CLMB,success,3342,2026-03-12 13:30:00+00:00,2026-06-05 20:00:00+00:00,America/New_York,2026-06-07 10:15:07.177578+00:00,
CLMT,CLMT,success,4652,2026-03-12 13:30:00+00:00,2026-06-05 20:00:00+00:00,America/New_York,2026-06-07 10:13:41.109426+00:00,
CLNN,CLNN,success,2915,2026-03-12 13:30:00+00:00,2026-06-05 20:00:00+00:00,America/New_York,2026-06-07 10:16:01.239876+00:00,
CLOV,CLOV,success,4681,2026-03-12 13:30:00+00:00,2026-06-05 20:00:00+00:00,America/New_York,2026-06-07 10:14:00.451923+00:00,
CLPR,CLPR,success,2490,2026-03-12 13:30:00+00:00,2026-06-05 20:00:00+00:00,America/New_York,2026-06-07 10:16:04.578609+00:00,
CLPT,CLPT,success,4549,2026-03-12 13:30:00+00:00,2026-06-05 20:00:00+00:00,America/New_York,2026-06-07 10:15:14.129103+00:00,
CLS,CLS,success,4681,2026-03-12 13:30:00+00:00,2026-06-05 20:00:00+00:00,America/New_York,2026-06-07 10:12:07.280277+00:00,
CLSK,CLSK,success,4681,2026-03-12 13:30:00+00:00,2026-06-05 20:00:00+00:00,America/New_York,2026-06-07 10:13:26.574217+00:00,
CLW,CLW,success,3762,2026-03-12 13:30:00+00:00,2026-06-05 20:00:00+00:00,America/New_York,2026-06-07 10:15:33.156145+00:00,
CLX,CLX,success,4681,2026-03-12 13:30:00+00:00,2026-06-05 20:00:00+00:00,America/New_York,2026-06-07 10:12:40.703324+00:00,
CLYM,CLYM,success,4536,2026-03-12 13:30:00+00:00,2026-06-05 20:00:00+00:00,America/New_York,2026-06-07 10:14:53.491863+00:00,
CM,CM,success,4680,2026-03-12 13:30:00+00:00,2026-06-05 20:00:00+00:00,America/New_York,2026-06-07 10:11:55.162926+00:00,
CMBT,CMBT,success,4679,2026-03-12 13:30:00+00:00,2026-06-05 20:00:00+00:00,America/New_York,2026-06-07 10:13:22.429154+00:00,
CMC,CMC,success,4669,2026-03-12 13:30:00+00:00,2026-06-05 20:00:00+00:00,America/New_York,2026-06-07 10:12:53.821305+00:00,
CMCL,CMCL,success,4132,2026-03-12 13:30:00+00:00,2026-06-05 20:00:00+00:00,America/New_York,2026-06-07 10:15:13.980262+00:00,
CMCM,CMCM,success,880,2026-03-12 13:30:00+00:00,2026-06-05 20:00:00+00:00,America/New_York,2026-06-07 10:15:52.110724+00:00,
CMCO,CMCO,success,4196,2026-03-12 13:30:00+00:00,2026-06-05 20:00:00+00:00,America/New_York,2026-06-07 10:15:15.723354+00:00,
CMCSA,CMCSA,success,4681,2026-03-12 13:30:00+00:00,2026-06-05 20:00:00+00:00,America/New_York,2026-06-07 10:11:56.812997+00:00,
CMDB,CMDB,success,1880,2026-03-12 13:30:00+00:00,2026-06-05 20:00:00+00:00,America/New_York,2026-06-07 10:15:11.812996+00:00,
CME,CME,success,4603,2026-03-13 13:30:00+00:00,2026-06-05 20:00:00+00:00,America/New_York,2026-06-07 10:11:55.859808+00:00,
CMG,CMG,success,4681,2026-03-12 13:30:00+00:00,2026-06-05 20:00:00+00:00,America/New_York,2026-06-07 10:12:09.072753+00:00,
CMI,CMI,success,4681,2026-03-12 13:30:00+00:00,2026-06-05 20:00:00+00:00,America/New_York,2026-06-07 10:11:56.295192+00:00,
CMP,CMP,success,4594,2026-03-12 13:30:00+00:00,2026-06-05 20:00:00+00:00,America/New_York,2026-06-07 10:14:23.093084+00:00,
CMPR,CMPR,success,3051,2026-03-12 13:30:00+00:00,2026-06-05 20:00:00+00:00,America/New_York,2026-06-07 10:13:53.415859+00:00,
CMPS,CMPS,success,4681,2026-03-12 13:30:00+00:00,2026-06-05 20:00:00+00:00,America/New_York,2026-06-07 10:14:08.975060+00:00,
CMRE,CMRE,success,4466,2026-03-12 13:30:00+00:00,2026-06-05 20:00:00+00:00,America/New_York,2026-06-07 10:14:01.317379+00:00,
CMS,CMS,success,4681,2026-03-12 13:30:00+00:00,2026-06-05 20:00:00+00:00,America/New_York,2026-06-07 10:12:22.074691+00:00,
CMT,CMT,success,1700,2026-03-12 13:30:00+00:00,2026-06-05 20:00:00+00:00,America/New_York,2026-06-07 10:15:38.160694+00:00,
CMTL,CMTL,success,3805,2026-03-12 13:30:00+00:00,2026-06-05 20:00:00+00:00,America/New_York,2026-06-07 10:15:49.730917+00:00,
CMTV,CMTV,success,1261,2026-03-12 13:30:00+00:00,2026-06-05 20:00:00+00:00,America/New_York,2026-06-07 10:15:37.958301+00:00,
CNA,CNA,success,4483,2026-03-12 13:30:00+00:00,2026-06-05 20:00:00+00:00,America/New_York,2026-06-07 10:12:39.587423+00:00,
CNC,CNC,success,4681,2026-03-12 13:30:00+00:00,2026-06-05 20:00:00+00:00,America/New_York,2026-06-07 10:12:14.240810+00:00,
CNH,CNH,success,4681,2026-03-12 13:30:00+00:00,2026-06-05 20:00:00+00:00,America/New_York,2026-06-07 10:12:35.696738+00:00,
CNI,CNI,success,4680,2026-03-12 13:30:00+00:00,2026-06-05 20:00:00+00:00,America/New_York,2026-06-07 10:11:59.663037+00:00,
CNK,CNK,success,4680,2026-03-12 13:30:00+00:00,2026-06-05 20:00:00+00:00,America/New_York,2026-06-07 10:13:31.661586+00:00,
CNL,CNL,success,2875,2026-03-12 13:30:00+00:00,2026-06-05 20:00:00+00:00,America/New_York,2026-06-07 10:14:24.478862+00:00,
CNM,CNM,success,4681,2026-03-12 13:30:00+00:00,2026-06-05 20:00:00+00:00,America/New_York,2026-06-07 10:12:45.257215+00:00,
CNMD,CNMD,success,4481,2026-03-12 13:30:00+00:00,2026-06-05 20:00:00+00:00,America/New_York,2026-06-07 10:14:29.015429+00:00,
CNNE,CNNE,success,4563,2026-03-12 13:30:00+00:00,2026-06-05 20:00:00+00:00,America/New_York,2026-06-07 10:14:50.816738+00:00,
CNO,CNO,success,4632,2026-03-12 13:30:00+00:00,2026-06-05 20:00:00+00:00,America/New_York,2026-06-07 10:13:19.401804+00:00,
CNOB,CNOB,success,4314,2026-03-12 13:30:00+00:00,2026-06-05 20:00:00+00:00,America/New_York,2026-06-07 10:14:11.792100+00:00,
CNP,CNP,success,4681,2026-03-12 13:30:00+00:00,2026-06-05 20:00:00+00:00,America/New_York,2026-06-07 10:12:16.355039+00:00,
CNQ,CNQ,success,4681,2026-03-12 13:30:00+00:00,2026-06-05 20:00:00+00:00,America/New_York,2026-06-07 10:11:55.599177+00:00,
CNR,CNR,success,4663,2026-03-12 13:30:00+00:00,2026-06-05 20:00:00+00:00,America/New_York,2026-06-07 10:13:17.112133+00:00,
CNS,CNS,success,4089,2026-03-12 13:30:00+00:00,2026-06-05 20:00:00+00:00,America/New_York,2026-06-07 10:13:29.922982+00:00,
CNTA,CNTA,success,4658,2026-03-12 13:30:00+00:00,2026-06-05 20:00:00+00:00,America/New_York,2026-06-07 10:13:07.639494+00:00,
CNX,CNX,success,4681,2026-03-12 13:30:00+00:00,2026-06-05 20:00:00+00:00,America/New_York,2026-06-07 10:13:17.214461+00:00,
CNXC,CNXC,success,4680,2026-03-12 13:30:00+00:00,2026-06-05 20:00:00+00:00,America/New_York,2026-06-07 10:14:06.468986+00:00,
CNXN,CNXN,success,2188,2026-03-12 13:30:00+00:00,2026-06-05 20:00:00+00:00,America/New_York,2026-06-07 10:14:04.194401+00:00,
CNXU,CNXU,success,546,2026-05-21 14:25:00+00:00,2026-06-05 20:00:00+00:00,America/New_York,2026-06-07 10:15:23.475043+00:00,
COAG,COAG,success,1552,2026-05-01 13:35:00+00:00,2026-06-05 20:00:00+00:00,America/New_York,2026-06-07 10:14:24.999196+00:00,
COCO,COCO,success,4657,2026-03-12 13:30:00+00:00,2026-06-05 20:00:00+00:00,America/New_York,2026-06-07 10:13:24.039150+00:00,
CODA,CODA,success,3460,2026-03-12 13:30:00+00:00,2026-06-05 20:00:00+00:00,America/New_York,2026-06-07 10:15:50.820286+00:00,
CODI,CODI,success,4642,2026-03-12 13:30:00+00:00,2026-06-05 20:00:00+00:00,America/New_York,2026-06-07 10:14:42.099896+00:00,
COE,COE,success,574,2026-03-12 15:55:00+00:00,2026-06-05 18:30:00+00:00,America/New_York,2026-06-07 10:15:51.181775+00:00,
COF,COF,success,4681,2026-03-12 13:30:00+00:00,2026-06-05 20:00:00+00:00,America/New_York,2026-06-07 10:11:53.740680+00:00,
COFS,COFS,success,2034,2026-03-12 13:30:00+00:00,2026-06-05 20:00:00+00:00,America/New_York,2026-06-07 10:15:03.424080+00:00,
COGT,COGT,success,4681,2026-03-12 13:30:00+00:00,2026-06-05 20:00:00+00:00,America/New_York,2026-06-07 10:13:12.789898+00:00,
COHR,COHR,success,4681,2026-03-12 13:30:00+00:00,2026-06-05 20:00:00+00:00,America/New_York,2026-06-07 10:12:00.475928+00:00,
COHU,COHU,success,4639,2026-03-12 13:30:00+00:00,2026-06-05 20:00:00+00:00,America/New_York,2026-06-07 10:13:53.387306+00:00,
COIN,COIN,success,4681,2026-03-12 13:30:00+00:00,2026-06-05 20:00:00+00:00,America/New_York,2026-06-07 10:12:08.269236+00:00,
COKE,COKE,success,4510,2026-03-12 13:30:00+00:00,2026-06-05 20:00:00+00:00,America/New_York,2026-06-07 10:12:39.274946+00:00,
COLB,COLB,success,4681,2026-03-12 13:30:00+00:00,2026-06-05 20:00:00+00:00,America/New_York,2026-06-07 10:12:51.025431+00:00,
COLD,COLD,success,4681,2026-03-12 13:30:00+00:00,2026-06-05 20:00:00+00:00,America/New_York,2026-06-07 10:13:24.734866+00:00,
COLL,COLL,success,4373,2026-03-12 13:30:00+00:00,2026-06-05 20:00:00+00:00,America/New_York,2026-06-07 10:14:29.913923+00:00,
COLM,COLM,success,4572,2026-03-12 13:30:00+00:00,2026-06-05 20:00:00+00:00,America/New_York,2026-06-07 10:13:37.164191+00:00,
COMP,COMP,success,4681,2026-03-12 13:30:00+00:00,2026-06-05 20:00:00+00:00,America/New_York,2026-06-07 10:13:10.355682+00:00,
CON,CON,success,4587,2026-03-12 13:30:00+00:00,2026-06-05 20:00:00+00:00,America/New_York,2026-06-07 10:13:37.578863+00:00,
COO,COO,success,4679,2026-03-12 13:30:00+00:00,2026-06-05 20:00:00+00:00,America/New_York,2026-06-07 10:12:35.943789+00:00,
COOK,COOK,success,1335,2026-03-12 13:30:00+00:00,2026-06-05 20:00:00+00:00,America/New_York,2026-06-07 10:15:44.397587+00:00,
COP,COP,success,4681,2026-03-12 13:30:00+00:00,2026-06-05 20:00:00+00:00,America/New_York,2026-06-07 10:11:51.585763+00:00,
COR,COR,success,4681,2026-03-12 13:30:00+00:00,2026-06-05 20:00:00+00:00,America/New_York,2026-06-07 10:12:04.410196+00:00,
CORT,CORT,success,4666,2026-03-12 13:30:00+00:00,2026-06-05 20:00:00+00:00,America/New_York,2026-06-07 10:12:55.195567+00:00,
CORZ,CORZ,success,4681,2026-03-12 13:30:00+00:00,2026-06-05 20:00:00+00:00,America/New_York,2026-06-07 10:12:54.510582+00:00,
COSO,COSO,success,2813,2026-03-12 13:30:00+00:00,2026-06-05 20:00:00+00:00,America/New_York,2026-06-07 10:15:23.955718+00:00,
COST,COST,success,4681,2026-03-12 13:30:00+00:00,2026-06-05 20:00:00+00:00,America/New_York,2026-06-07 10:11:45.760688+00:00,
COUR,COUR,success,4681,2026-03-12 13:30:00+00:00,2026-06-05 20:00:00+00:00,America/New_York,2026-06-07 10:14:11.025361+00:00,
COYA,COYA,success,3378,2026-03-12 13:30:00+00:00,2026-06-05 20:00:00+00:00,America/New_York,2026-06-07 10:15:54.960677+00:00,
CP,CP,success,4681,2026-03-12 13:30:00+00:00,2026-06-05 20:00:00+00:00,America/New_York,2026-06-07 10:11:57.427207+00:00,
CPA,CPA,success,4499,2026-03-12 13:30:00+00:00,2026-06-05 20:00:00+00:00,America/New_York,2026-06-07 10:13:11.039602+00:00,
CPAC,CPAC,success,1037,2026-03-12 13:30:00+00:00,2026-06-05 20:00:00+00:00,America/New_York,2026-06-07 10:14:36.123008+00:00,
CPAY,CPAY,success,4679,2026-03-12 13:30:00+00:00,2026-06-05 20:00:00+00:00,America/New_York,2026-06-07 10:12:20.709416+00:00,
CPB,CPB,success,4681,2026-03-12 13:30:00+00:00,2026-06-05 20:00:00+00:00,America/New_York,2026-06-07 10:13:03.964463+00:00,
CPF,CPF,success,3375,2026-03-12 13:30:00+00:00,2026-06-05 20:00:00+00:00,America/New_York,2026-06-07 10:14:34.918800+00:00,
CPIX,CPIX,success,2313,2026-03-12 13:40:00+00:00,2026-06-05 20:00:00+00:00,America/New_York,2026-06-07 10:15:57.396124+00:00,
CPK,CPK,success,3168,2026-03-12 13:30:00+00:00,2026-06-05 20:00:00+00:00,America/New_York,2026-06-07 10:13:42.873933+00:00,
CPNG,CPNG,success,4681,2026-03-12 13:30:00+00:00,2026-06-05 20:00:00+00:00,America/New_York,2026-06-07 10:12:16.478327+00:00,
CPRI,CPRI,success,4681,2026-03-12 13:30:00+00:00,2026-06-05 20:00:00+00:00,America/New_York,2026-06-07 10:13:56.892556+00:00,
CPRT,CPRT,success,4681,2026-03-12 13:30:00+00:00,2026-06-05 20:00:00+00:00,America/New_York,2026-06-07 10:12:14.364747+00:00,
CPRX,CPRX,success,4670,2026-03-12 13:30:00+00:00,2026-06-05 20:00:00+00:00,America/New_York,2026-06-07 10:13:29.133015+00:00,
CPS,CPS,success,3816,2026-03-12 13:30:00+00:00,2026-06-05 20:00:00+00:00,America/New_York,2026-06-07 10:15:00.433264+00:00,
CPSH,CPSH,success,3882,2026-03-12 13:30:00+00:00,2026-06-05 20:00:00+00:00,America/New_York,2026-06-07 10:15:51.471852+00:00,
CPSS,CPSS,success,936,2026-03-12 13:30:00+00:00,2026-06-05 20:00:00+00:00,America/New_York,2026-06-07 10:15:38.796958+00:00,
CPT,CPT,success,4673,2026-03-12 13:30:00+00:00,2026-06-05 20:00:00+00:00,America/New_York,2026-06-07 10:12:30.149492+00:00,
CR,CR,success,4493,2026-03-12 13:30:00+00:00,2026-06-05 20:00:00+00:00,America/New_York,2026-06-07 10:12:43.107263+00:00,
CRAI,CRAI,success,2726,2026-03-12 13:30:00+00:00,2026-06-05 20:00:00+00:00,America/New_York,2026-06-07 10:14:33.990913+00:00,
CRBG,CRBG,success,4681,2026-03-12 13:30:00+00:00,2026-06-05 20:00:00+00:00,America/New_York,2026-06-07 10:12:38.801215+00:00,
CRBP,CRBP,success,4162,2026-03-12 13:30:00+00:00,2026-06-05 20:00:00+00:00,America/New_York,2026-06-07 10:15:49.394901+00:00,
CRC,CRC,success,4635,2026-03-12 13:30:00+00:00,2026-06-05 20:00:00+00:00,America/New_York,2026-06-07 10:13:13.997727+00:00,
CRCL,CRCL,success,4681,2026-03-12 13:30:00+00:00,2026-06-05 20:00:00+00:00,America/New_York,2026-06-07 10:12:24.685873+00:00,
CRCT,CRCT,success,4341,2026-03-13 13:30:00+00:00,2026-06-05 20:00:00+00:00,America/New_York,2026-06-07 10:14:37.864963+00:00,
CRD.A,CRD-A,success,2069,2026-03-12 13:30:00+00:00,2026-06-05 20:00:00+00:00,America/New_York,2026-06-07 10:14:59.218621+00:00,
CRDO,CRDO,success,4681,2026-03-12 13:30:00+00:00,2026-06-05 20:00:00+00:00,America/New_York,2026-06-07 10:12:10.429743+00:00,
CRESY,CRESY,success,4183,2026-03-12 13:30:00+00:00,2026-06-05 20:00:00+00:00,America/New_York,2026-06-07 10:14:43.817349+00:00,
CRGY,CRGY,success,4681,2026-03-12 13:30:00+00:00,2026-06-05 20:00:00+00:00,America/New_York,2026-06-07 10:13:29.657710+00:00,
CRH,CRH,success,4681,2026-03-12 13:30:00+00:00,2026-06-05 20:00:00+00:00,America/New_York,2026-06-07 10:12:00.607660+00:00,
CRI,CRI,success,4668,2026-03-12 13:30:00+00:00,2026-06-05 20:00:00+00:00,America/New_York,2026-06-07 10:14:17.475648+00:00,
CRK,CRK,success,4681,2026-03-12 13:30:00+00:00,2026-06-05 20:00:00+00:00,America/New_York,2026-06-07 10:13:29.360695+00:00,
CRL,CRL,success,4614,2026-03-12 13:30:00+00:00,2026-06-05 20:00:00+00:00,America/New_York,2026-06-07 10:12:50.751623+00:00,
CRM,CRM,success,4681,2026-03-12 13:30:00+00:00,2026-06-05 20:00:00+00:00,America/New_York,2026-06-07 10:11:51.028615+00:00,
CRMD,CRMD,success,4654,2026-03-12 13:30:00+00:00,2026-06-05 20:00:00+00:00,America/New_York,2026-06-07 10:14:49.620316+00:00,
CRML,CRML,success,4681,2026-03-12 13:30:00+00:00,2026-06-05 20:00:00+00:00,America/New_York,2026-06-07 10:14:27.124300+00:00,
CRMT,CRMT,success,3115,2026-03-12 13:30:00+00:00,2026-06-05 20:00:00+00:00,America/New_York,2026-06-07 10:16:02.418588+00:00,
CRNC,CRNC,success,4635,2026-03-12 13:30:00+00:00,2026-06-05 20:00:00+00:00,America/New_York,2026-06-07 10:15:05.072578+00:00,
CRNX,CRNX,success,4664,2026-03-12 13:30:00+00:00,2026-06-05 20:00:00+00:00,America/New_York,2026-06-07 10:13:35.241139+00:00,
CROX,CROX,success,4677,2026-03-12 13:30:00+00:00,2026-06-05 20:00:00+00:00,America/New_York,2026-06-07 10:13:05.914217+00:00,
CRS,CRS,success,4637,2026-03-12 13:30:00+00:00,2026-06-05 20:00:00+00:00,America/New_York,2026-06-07 10:12:19.805799+00:00,
CRSP,CRSP,success,4681,2026-03-12 13:30:00+00:00,2026-06-05 20:00:00+00:00,America/New_York,2026-06-07 10:13:15.269224+00:00,
CRSR,CRSR,success,4667,2026-03-12 13:30:00+00:00,2026-06-05 20:00:00+00:00,America/New_York,2026-06-07 10:14:33.786958+00:00,
CRT,CRT,success,1561,2026-03-12 13:30:00+00:00,2026-06-05 20:00:00+00:00,America/New_York,2026-06-07 10:16:02.261849+00:00,
CRTO,CRTO,success,4113,2026-03-12 13:30:00+00:00,2026-06-05 20:00:00+00:00,America/New_York,2026-06-07 10:14:35.566036+00:00,
CRUS,CRUS,success,4592,2026-03-12 13:30:00+00:00,2026-06-05 20:00:00+00:00,America/New_York,2026-06-07 10:12:53.325151+00:00,
CRVL,CRVL,success,3929,2026-03-12 13:30:00+00:00,2026-06-05 20:00:00+00:00,America/New_York,2026-06-07 10:13:40.666386+00:00,
CRVS,CRVS,success,4675,2026-03-12 13:30:00+00:00,2026-06-05 20:00:00+00:00,America/New_York,2026-06-07 10:14:35.718127+00:00,
CRWD,CRWD,success,4681,2026-03-12 13:30:00+00:00,2026-06-05 20:00:00+00:00,America/New_York,2026-06-07 10:11:50.159266+00:00,
CRWV,CRWV,success,4681,2026-03-12 13:30:00+00:00,2026-06-05 20:00:00+00:00,America/New_York,2026-06-07 10:12:04.180801+00:00,
CSCO,CSCO,success,4681,2026-03-12 13:30:00+00:00,2026-06-05 20:00:00+00:00,America/New_York,2026-06-07 10:11:45.730525+00:00,
CSGP,CSGP,success,4681,2026-03-12 13:30:00+00:00,2026-06-05 20:00:00+00:00,America/New_York,2026-06-07 10:12:33.633884+00:00,
CSIQ,CSIQ,success,4681,2026-03-12 13:30:00+00:00,2026-06-05 20:00:00+00:00,America/New_York,2026-06-07 10:14:26.196406+00:00,
CSL,CSL,success,4657,2026-03-12 13:35:00+00:00,2026-06-05 20:00:00+00:00,America/New_York,2026-06-07 10:12:33.814174+00:00,
CSPI,CSPI,success,862,2026-03-12 13:30:00+00:00,2026-06-05 20:00:00+00:00,America/New_York,2026-06-07 10:15:57.257471+00:00,
CSR,CSR,success,3052,2026-03-12 13:30:00+00:00,2026-06-05 20:00:00+00:00,America/New_York,2026-06-07 10:14:30.588980+00:00,
CSTL,CSTL,success,4176,2026-03-12 13:30:00+00:00,2026-06-05 20:00:00+00:00,America/New_York,2026-06-07 10:14:52.849170+00:00,
CSTM,CSTM,success,4681,2026-03-12 13:30:00+00:00,2026-06-05 20:00:00+00:00,America/New_York,2026-06-07 10:13:18.841331+00:00,
CSV,CSV,success,2827,2026-03-12 13:30:00+00:00,2026-06-05 20:00:00+00:00,America/New_York,2026-06-07 10:14:54.297014+00:00,
CSW,CSW,success,4121,2026-03-12 13:30:00+00:00,2026-06-05 20:00:00+00:00,America/New_York,2026-06-07 10:13:21.004506+00:00,
CSWC,CSWC,success,4663,2026-03-12 13:30:00+00:00,2026-06-05 20:00:00+00:00,America/New_York,2026-06-07 10:14:14.741545+00:00,
CSX,CSX,success,4681,2026-03-12 13:30:00+00:00,2026-06-05 20:00:00+00:00,America/New_York,2026-06-07 10:11:56.648174+00:00,
CTAS,CTAS,success,4680,2026-03-12 13:30:00+00:00,2026-06-05 20:00:00+00:00,America/New_York,2026-06-07 10:11:59.955442+00:00,
CTBI,CTBI,success,2362,2026-03-12 13:30:00+00:00,2026-06-05 20:00:00+00:00,America/New_York,2026-06-07 10:14:23.627334+00:00,
CTEV,CTEV,success,3217,2026-03-12 13:30:00+00:00,2026-06-05 20:00:00+00:00,America/New_York,2026-06-07 10:15:08.598529+00:00,
CTGO,CTGO,success,4608,2026-03-12 13:30:00+00:00,2026-06-05 20:00:00+00:00,America/New_York,2026-06-07 10:15:01.345003+00:00,
CTKB,CTKB,success,4529,2026-03-12 13:30:00+00:00,2026-06-05 20:00:00+00:00,America/New_York,2026-06-07 10:15:00.570104+00:00,
CTNM,CTNM,success,3685,2026-03-12 13:30:00+00:00,2026-06-05 20:00:00+00:00,America/New_York,2026-06-07 10:15:06.457487+00:00,
CTO,CTO,success,4136,2026-03-12 13:30:00+00:00,2026-06-05 20:00:00+00:00,America/New_York,2026-06-07 10:14:48.817743+00:00,
CTOS,CTOS,success,4648,2026-03-12 13:30:00+00:00,2026-06-05 20:00:00+00:00,America/New_York,2026-06-07 10:13:56.212287+00:00,
CTRE,CTRE,success,4681,2026-03-12 13:30:00+00:00,2026-06-05 20:00:00+00:00,America/New_York,2026-06-07 10:12:50.629648+00:00,
CTRI,CTRI,success,4668,2026-03-12 13:30:00+00:00,2026-06-05 20:00:00+00:00,America/New_York,2026-06-07 10:13:42.417686+00:00,
CTRN,CTRN,success,2729,2026-03-12 13:30:00+00:00,2026-06-05 20:00:00+00:00,America/New_York,2026-06-07 10:15:16.738379+00:00,
CTS,CTS,success,3741,2026-03-16 13:30:00+00:00,2026-06-05 20:00:00+00:00,America/New_York,2026-06-07 10:14:03.892988+00:00,
CTSH,CTSH,success,4681,2026-03-12 13:30:00+00:00,2026-06-05 20:00:00+00:00,America/New_York,2026-06-07 10:12:18.418618+00:00,
CTVA,CTVA,success,4681,2026-03-12 13:30:00+00:00,2026-06-05 20:00:00+00:00,America/New_York,2026-06-07 10:12:04.955078+00:00,
CUBE,CUBE,success,4681,2026-03-12 13:30:00+00:00,2026-06-05 20:00:00+00:00,America/New_York,2026-06-07 10:12:48.925592+00:00,
CUBI,CUBI,success,4326,2026-03-12 13:30:00+00:00,2026-06-05 20:00:00+00:00,America/New_York,2026-06-07 10:13:49.843263+00:00,
CUE,CUE,success,3827,2026-03-12 13:30:00+00:00,2026-06-05 20:00:00+00:00,America/New_York,2026-06-07 10:15:53.248609+00:00,
CURB,CURB,success,4579,2026-03-12 13:30:00+00:00,2026-06-05 20:00:00+00:00,America/New_York,2026-06-07 10:13:40.126475+00:00,
CURR,CURR,success,2441,2026-03-12 13:35:00+00:00,2026-06-05 20:00:00+00:00,America/New_York,2026-06-07 10:15:17.370336+00:00,
CUZ,CUZ,success,4680,2026-03-12 13:30:00+00:00,2026-06-05 20:00:00+00:00,America/New_York,2026-06-07 10:13:19.211856+00:00,
CV,CV,success,3098,2026-03-12 13:30:00+00:00,2026-06-05 20:00:00+00:00,America/New_York,2026-06-07 10:15:17.029250+00:00,
CVBF,CVBF,success,4675,2026-03-12 13:30:00+00:00,2026-06-05 20:00:00+00:00,America/New_York,2026-06-07 10:13:32.160286+00:00,
CVCO,CVCO,success,3717,2026-03-12 13:30:00+00:00,2026-06-05 20:00:00+00:00,America/New_York,2026-06-07 10:13:23.387993+00:00,
CVE,CVE,success,4681,2026-03-12 13:30:00+00:00,2026-06-05 20:00:00+00:00,America/New_York,2026-06-07 10:12:04.786034+00:00,
CVEO,CVEO,success,2397,2026-03-12 13:30:00+00:00,2026-06-05 20:00:00+00:00,America/New_York,2026-06-07 10:15:12.123799+00:00,
CVGI,CVGI,success,4325,2026-03-12 13:30:00+00:00,2026-06-05 20:00:00+00:00,America/New_York,2026-06-07 10:15:43.927118+00:00,
CVI,CVI,success,4668,2026-03-12 13:30:00+00:00,2026-06-05 20:00:00+00:00,America/New_York,2026-06-07 10:13:35.955265+00:00,
CVLG,CVLG,success,3722,2026-03-12 13:30:00+00:00,2026-06-05 20:00:00+00:00,America/New_York,2026-06-07 10:14:28.888297+00:00,
CVLT,CVLT,success,4633,2026-03-12 13:30:00+00:00,2026-06-05 20:00:00+00:00,America/New_York,2026-06-07 10:13:16.541873+00:00,
CVNA,CVNA,success,4681,2026-03-12 13:30:00+00:00,2026-06-05 20:00:00+00:00,America/New_York,2026-06-07 10:12:00.345176+00:00,
CVRX,CVRX,success,3909,2026-03-12 13:30:00+00:00,2026-06-05 20:00:00+00:00,America/New_York,2026-06-07 10:15:49.146102+00:00,
CVS,CVS,success,4681,2026-03-12 13:30:00+00:00,2026-06-05 20:00:00+00:00,America/New_York,2026-06-07 10:11:52.766134+00:00,
CVSA,CVSA,success,4206,2026-03-12 13:30:00+00:00,2026-06-05 20:00:00+00:00,America/New_York,2026-06-07 10:13:22.288796+00:00,
CVU,CVU,success,2180,2026-03-12 13:30:00+00:00,2026-06-05 20:00:00+00:00,America/New_York,2026-06-07 10:16:02.294319+00:00,
CVX,CVX,success,4681,2026-03-12 13:30:00+00:00,2026-06-05 20:00:00+00:00,America/New_York,2026-06-07 10:11:46.126694+00:00,
CW,CW,success,4586,2026-03-12 13:30:00+00:00,2026-06-05 20:00:00+00:00,America/New_York,2026-06-07 10:12:16.827147+00:00,
CWAN,CWAN,success,4680,2026-03-12 13:30:00+00:00,2026-06-05 20:00:00+00:00,America/New_York,2026-06-07 10:12:59.098280+00:00,
CWBC,CWBC,success,3869,2026-03-12 13:30:00+00:00,2026-06-05 20:00:00+00:00,America/New_York,2026-06-07 10:14:48.888997+00:00,
CWCO,CWCO,success,3367,2026-03-12 13:30:00+00:00,2026-06-05 20:00:00+00:00,America/New_York,2026-06-07 10:15:03.149055+00:00,
CWEN,CWEN,success,4677,2026-03-12 13:30:00+00:00,2026-06-05 20:00:00+00:00,America/New_York,2026-06-07 10:12:54.011508+00:00,
CWH,CWH,success,4681,2026-03-12 13:30:00+00:00,2026-06-05 20:00:00+00:00,America/New_York,2026-06-07 10:14:49.645349+00:00,
CWK,CWK,success,4678,2026-03-12 13:30:00+00:00,2026-06-05 20:00:00+00:00,America/New_York,2026-06-07 10:13:39.757717+00:00,
CWST,CWST,success,4590,2026-03-12 13:30:00+00:00,2026-06-05 20:00:00+00:00,America/New_York,2026-06-07 10:13:11.504960+00:00,
CWT,CWT,success,4519,2026-03-12 13:30:00+00:00,2026-06-05 20:00:00+00:00,America/New_York,2026-06-07 10:13:46.192496+00:00,
CX,CX,success,4681,2026-03-12 13:30:00+00:00,2026-06-05 20:00:00+00:00,America/New_York,2026-06-07 10:12:26.763294+00:00,
CXDO,CXDO,success,3742,2026-03-12 13:30:00+00:00,2026-06-05 20:00:00+00:00,America/New_York,2026-06-07 10:15:33.181147+00:00,
CXIIU,CXIIU,success,282,2026-04-28 13:40:00+00:00,2026-06-05 20:00:00+00:00,America/New_York,2026-06-07 10:15:09.226860+00:00,
CXM,CXM,success,4679,2026-03-12 13:30:00+00:00,2026-06-05 20:00:00+00:00,America/New_York,2026-06-07 10:14:19.483141+00:00,
CXT,CXT,success,4615,2026-03-12 13:30:00+00:00,2026-06-05 20:00:00+00:00,America/New_York,2026-06-07 10:13:58.341968+00:00,
CXW,CXW,success,4601,2026-03-12 13:30:00+00:00,2026-06-05 20:00:00+00:00,America/New_York,2026-06-07 10:13:54.685708+00:00,
CYD,CYD,success,3810,2026-03-12 13:30:00+00:00,2026-06-05 20:00:00+00:00,America/New_York,2026-06-07 10:13:57.496325+00:00,
CYRX,CYRX,success,4428,2026-03-12 13:30:00+00:00,2026-06-05 20:00:00+00:00,America/New_York,2026-06-07 10:14:42.769857+00:00,
CYTK,CYTK,success,4680,2026-03-12 13:30:00+00:00,2026-06-05 20:00:00+00:00,America/New_York,2026-06-07 10:12:50.865577+00:00,
CZFS,CZFS,success,239,2026-03-12 13:30:00+00:00,2026-06-05 20:00:00+00:00,America/New_York,2026-06-07 10:15:24.126531+00:00,
CZNC,CZNC,success,1539,2026-03-12 13:30:00+00:00,2026-06-05 20:00:00+00:00,America/New_York,2026-06-07 10:15:14.605503+00:00,
CZR,CZR,success,4681,2026-03-12 13:30:00+00:00,2026-06-05 20:00:00+00:00,America/New_York,2026-06-07 10:13:06.803618+00:00,
CZWI,CZWI,success,1251,2026-03-12 13:30:00+00:00,2026-06-05 20:00:00+00:00,America/New_York,2026-06-07 10:15:39.299378+00:00,
D,D,success,4681,2026-03-12 13:30:00+00:00,2026-06-05 20:00:00+00:00,America/New_York,2026-06-07 10:12:03.377902+00:00,
DAAQ,DAAQ,success,272,2026-03-12 14:50:00+00:00,2026-06-05 20:00:00+00:00,America/New_York,2026-06-07 10:15:34.754377+00:00,
DAC,DAC,success,2929,2026-03-12 13:30:00+00:00,2026-06-05 20:00:00+00:00,America/New_York,2026-06-07 10:13:52.794033+00:00,
DAKT,DAKT,success,4215,2026-03-12 13:30:00+00:00,2026-06-05 20:00:00+00:00,America/New_York,2026-06-07 10:14:35.919782+00:00,
DAL,DAL,success,4681,2026-03-12 13:30:00+00:00,2026-06-05 20:00:00+00:00,America/New_York,2026-06-07 10:12:04.876803+00:00,
DAN,DAN,success,4670,2026-03-12 13:30:00+00:00,2026-06-05 20:00:00+00:00,America/New_York,2026-06-07 10:13:28.714777+00:00,
DAO,DAO,success,3566,2026-03-12 14:35:00+00:00,2026-06-05 20:00:00+00:00,America/New_York,2026-06-07 10:14:17.324926+00:00,
DAR,DAR,success,4681,2026-03-12 13:30:00+00:00,2026-06-05 20:00:00+00:00,America/New_York,2026-06-07 10:12:48.605727+00:00,
DASH,DASH,success,4681,2026-03-12 13:30:00+00:00,2026-06-05 20:00:00+00:00,America/New_York,2026-06-07 10:12:01.132781+00:00,
DAVE,DAVE,success,4435,2026-03-12 13:30:00+00:00,2026-06-05 20:00:00+00:00,America/New_York,2026-06-07 10:13:36.333366+00:00,
DB,DB,success,4681,2026-03-12 13:30:00+00:00,2026-06-05 20:00:00+00:00,America/New_York,2026-06-07 10:12:02.737078+00:00,
DBCA,DBCA,success,186,2026-03-17 18:40:00+00:00,2026-06-05 20:00:00+00:00,America/New_York,2026-06-07 10:15:07.877094+00:00,
DBD,DBD,success,4273,2026-03-12 13:30:00+00:00,2026-06-05 20:00:00+00:00,America/New_York,2026-06-07 10:13:44.556883+00:00,
DBI,DBI,success,4552,2026-03-12 13:30:00+00:00,2026-06-05 20:00:00+00:00,America/New_York,2026-06-07 10:15:09.787844+00:00,
DBRG,DBRG,success,4676,2026-03-12 13:30:00+00:00,2026-06-05 20:00:00+00:00,America/New_York,2026-06-07 10:13:42.640861+00:00,
DBVT,DBVT,success,3529,2026-03-12 13:30:00+00:00,2026-06-05 20:00:00+00:00,America/New_York,2026-06-07 10:14:33.540874+00:00,
DBX,DBX,success,4681,2026-03-12 13:30:00+00:00,2026-06-05 20:00:00+00:00,America/New_York,2026-06-07 10:13:04.470081+00:00,
DC,DC,success,4679,2026-03-12 13:30:00+00:00,2026-06-05 20:00:00+00:00,America/New_York,2026-06-07 10:14:50.262165+00:00,
DCBO,DCBO,success,3394,2026-03-12 13:30:00+00:00,2026-06-05 20:00:00+00:00,America/New_York,2026-06-07 10:15:08.273346+00:00,
DCH,DCH,success,4681,2026-03-12 13:30:00+00:00,2026-06-05 20:00:00+00:00,America/New_York,2026-06-07 10:14:13.289735+00:00,
DCI,DCI,success,4585,2026-03-12 13:30:00+00:00,2026-06-05 20:00:00+00:00,America/New_York,2026-06-07 10:12:47.619320+00:00,
DCO,DCO,success,3661,2026-03-12 13:30:00+00:00,2026-06-05 20:00:00+00:00,America/New_York,2026-06-07 10:13:54.842035+00:00,
DCOM,DCOM,success,4233,2026-03-12 13:30:00+00:00,2026-06-05 20:00:00+00:00,America/New_York,2026-06-07 10:14:08.369791+00:00,
DCTH,DCTH,success,4320,2026-03-12 13:30:00+00:00,2026-06-05 20:00:00+00:00,America/New_York,2026-06-07 10:15:15.784139+00:00,
DD,DD,success,4681,2026-03-12 13:30:00+00:00,2026-06-05 20:00:00+00:00,America/New_York,2026-06-07 10:12:24.791453+00:00,
DDI,DDI,success,2413,2026-03-12 13:35:00+00:00,2026-06-05 20:00:00+00:00,America/New_York,2026-06-07 10:14:54.867320+00:00,
DDOG,DDOG,success,4681,2026-03-12 13:30:00+00:00,2026-06-05 20:00:00+00:00,America/New_York,2026-06-07 10:11:57.413691+00:00,
DDS,DDS,success,3952,2026-03-12 13:30:00+00:00,2026-06-05 20:00:00+00:00,America/New_York,2026-06-07 10:12:48.118911+00:00,
DE,DE,success,4681,2026-03-12 13:30:00+00:00,2026-06-05 20:00:00+00:00,America/New_York,2026-06-07 10:11:50.684049+00:00,
DEA,DEA,success,4493,2026-03-12 13:30:00+00:00,2026-06-05 20:00:00+00:00,America/New_York,2026-06-07 10:14:27.949416+00:00,
DEC,DEC,success,4646,2026-03-12 13:30:00+00:00,2026-06-05 20:00:00+00:00,America/New_York,2026-06-07 10:14:30.533887+00:00,
DECK,DECK,success,4681,2026-03-12 13:30:00+00:00,2026-06-05 20:00:00+00:00,America/New_York,2026-06-07 10:12:31.789443+00:00,
DEI,DEI,success,4681,2026-03-12 13:30:00+00:00,2026-06-05 20:00:00+00:00,America/New_York,2026-06-07 10:13:59.240688+00:00,
DELL,DELL,success,4681,2026-03-12 13:30:00+00:00,2026-06-05 20:00:00+00:00,America/New_York,2026-06-07 10:11:47.548807+00:00,
DEO,DEO,success,4681,2026-03-12 13:30:00+00:00,2026-06-05 20:00:00+00:00,America/New_York,2026-06-07 10:12:06.877863+00:00,
DERM,DERM,success,3764,2026-03-12 13:30:00+00:00,2026-06-05 20:00:00+00:00,America/New_York,2026-06-07 10:15:46.144769+00:00,
DFH,DFH,success,4647,2026-03-12 13:30:00+00:00,2026-06-05 20:00:00+00:00,America/New_York,2026-06-07 10:14:18.328960+00:00,
DFIN,DFIN,success,3922,2026-03-12 13:30:00+00:00,2026-06-05 20:00:00+00:00,America/New_York,2026-06-07 10:14:35.066823+00:00,
DFTX,DFTX,success,4681,2026-03-12 13:30:00+00:00,2026-06-05 20:00:00+00:00,America/New_York,2026-06-07 10:13:48.797216+00:00,
DG,DG,success,4681,2026-03-12 13:30:00+00:00,2026-06-05 20:00:00+00:00,America/New_York,2026-06-07 10:12:20.991158+00:00,
DGICA,DGICA,success,3209,2026-03-12 13:30:00+00:00,2026-06-05 20:00:00+00:00,America/New_York,2026-06-07 10:14:50.698433+00:00,
DGII,DGII,success,4212,2026-03-12 13:30:00+00:00,2026-06-05 20:00:00+00:00,America/New_York,2026-06-07 10:13:50.360166+00:00,
DGX,DGX,success,4644,2026-03-12 13:30:00+00:00,2026-06-05 20:00:00+00:00,America/New_York,2026-06-07 10:12:21.419185+00:00,
DGXX,DGXX,success,4666,2026-03-12 13:30:00+00:00,2026-06-05 20:00:00+00:00,America/New_York,2026-06-07 10:15:41.836251+00:00,
DHC,DHC,success,4663,2026-03-12 13:30:00+00:00,2026-06-05 20:00:00+00:00,America/New_York,2026-06-07 10:13:58.713595+00:00,
DHI,DHI,success,4681,2026-03-12 13:30:00+00:00,2026-06-05 20:00:00+00:00,America/New_York,2026-06-07 10:12:07.092020+00:00,
DHR,DHR,success,4681,2026-03-12 13:30:00+00:00,2026-06-05 20:00:00+00:00,America/New_York,2026-06-07 10:11:52.173649+00:00,
DHT,DHT,success,4681,2026-03-12 13:30:00+00:00,2026-06-05 20:00:00+00:00,America/New_York,2026-06-07 10:13:47.203695+00:00,
DHX,DHX,success,3909,2026-03-12 13:30:00+00:00,2026-06-05 20:00:00+00:00,America/New_York,2026-06-07 10:15:49.574567+00:00,
DIBS,DIBS,success,3188,2026-03-12 13:30:00+00:00,2026-06-05 20:00:00+00:00,America/New_York,2026-06-07 10:15:48.220251+00:00,
DIN,DIN,success,4332,2026-03-12 13:30:00+00:00,2026-06-05 20:00:00+00:00,America/New_York,2026-06-07 10:15:14.031882+00:00,
DINO,DINO,success,4681,2026-03-12 13:30:00+00:00,2026-06-05 20:00:00+00:00,America/New_York,2026-06-07 10:12:36.163604+00:00,
DIOD,DIOD,success,4572,2026-03-12 13:30:00+00:00,2026-06-05 20:00:00+00:00,America/New_York,2026-06-07 10:13:18.415811+00:00,
DIS,DIS,success,4681,2026-03-12 13:30:00+00:00,2026-06-05 20:00:00+00:00,America/New_York,2026-06-07 10:11:50.050316+00:00,
DIT,DIT,success,95,2026-03-16 14:20:00+00:00,2026-05-29 13:55:00+00:00,America/New_York,2026-06-07 10:15:59.507796+00:00,
DJCO,DJCO,success,2316,2026-03-12 13:30:00+00:00,2026-06-05 20:00:00+00:00,America/New_York,2026-06-07 10:14:45.664385+00:00,
DJT,DJT,success,4681,2026-03-12 13:30:00+00:00,2026-06-05 20:00:00+00:00,America/New_York,2026-06-07 10:13:53.965673+00:00,
DK,DK,success,4677,2026-03-12 13:30:00+00:00,2026-06-05 20:00:00+00:00,America/New_York,2026-06-07 10:13:43.499583+00:00,
DKNG,DKNG,success,4681,2026-03-12 13:30:00+00:00,2026-06-05 20:00:00+00:00,America/New_York,2026-06-07 10:12:21.716025+00:00,
DKS,DKS,success,4675,2026-03-12 13:30:00+00:00,2026-06-05 20:00:00+00:00,America/New_York,2026-06-07 10:12:25.340349+00:00,
DLB,DLB,success,4644,2026-03-12 13:30:00+00:00,2026-06-05 20:00:00+00:00,America/New_York,2026-06-07 10:13:14.468785+00:00,
DLO,DLO,success,4677,2026-03-12 13:30:00+00:00,2026-06-05 20:00:00+00:00,America/New_York,2026-06-07 10:13:36.270912+00:00,
DLR,DLR,success,4681,2026-03-12 13:30:00+00:00,2026-06-05 20:00:00+00:00,America/New_York,2026-06-07 10:12:01.474325+00:00,
DLTH,DLTH,success,2137,2026-03-12 13:30:00+00:00,2026-06-05 20:00:00+00:00,America/New_York,2026-06-07 10:15:51.843145+00:00,
DLTR,DLTR,success,4681,2026-03-12 13:30:00+00:00,2026-06-05 20:00:00+00:00,America/New_York,2026-06-07 10:12:23.000417+00:00,
DLX,DLX,success,4447,2026-03-12 13:30:00+00:00,2026-06-05 20:00:00+00:00,America/New_York,2026-06-07 10:14:30.695778+00:00,
DMAC,DMAC,success,3298,2026-03-12 13:30:00+00:00,2026-06-05 20:00:00+00:00,America/New_York,2026-06-07 10:15:27.705988+00:00,
DMII,DMII,success,265,2026-03-12 13:55:00+00:00,2026-06-05 20:00:00+00:00,America/New_York,2026-06-07 10:14:49.064250+00:00,
DMRA,DMRA,success,3824,2026-03-12 13:30:00+00:00,2026-06-05 20:00:00+00:00,America/New_York,2026-06-07 10:14:21.952902+00:00,
DMRC,DMRC,success,4076,2026-03-12 13:30:00+00:00,2026-06-05 20:00:00+00:00,America/New_York,2026-06-07 10:15:26.851969+00:00,
DNA,DNA,success,4673,2026-03-12 13:30:00+00:00,2026-06-05 20:00:00+00:00,America/New_York,2026-06-07 10:14:58.594818+00:00,
DNLI,DNLI,success,4681,2026-03-12 13:30:00+00:00,2026-06-05 20:00:00+00:00,America/New_York,2026-06-07 10:13:40.953931+00:00,
DNMX,DNMX,success,167,2026-03-12 14:20:00+00:00,2026-06-05 20:00:00+00:00,America/New_York,2026-06-07 10:15:30.098373+00:00,
DNN,DNN,success,4681,2026-03-12 13:30:00+00:00,2026-06-05 20:00:00+00:00,America/New_York,2026-06-07 10:13:46.250903+00:00,
DNOW,DNOW,success,4681,2026-03-12 13:30:00+00:00,2026-06-05 20:00:00+00:00,America/New_York,2026-06-07 10:13:51.084299+00:00,
DNTH,DNTH,success,4509,2026-03-12 13:30:00+00:00,2026-06-05 20:00:00+00:00,America/New_York,2026-06-07 10:13:22.376480+00:00,
DNUT,DNUT,success,4675,2026-03-12 13:30:00+00:00,2026-06-05 20:00:00+00:00,America/New_York,2026-06-07 10:14:54.051291+00:00,
DOC,DOC,success,4681,2026-03-12 13:30:00+00:00,2026-06-05 20:00:00+00:00,America/New_York,2026-06-07 10:12:34.113342+00:00,
DOCN,DOCN,success,4681,2026-03-12 13:30:00+00:00,2026-06-05 20:00:00+00:00,America/New_York,2026-06-07 10:12:28.109005+00:00,
DOCS,DOCS,success,4681,2026-03-12 13:30:00+00:00,2026-06-05 20:00:00+00:00,America/New_York,2026-06-07 10:13:29.546580+00:00,
DOCU,DOCU,success,4681,2026-03-12 13:30:00+00:00,2026-06-05 20:00:00+00:00,America/New_York,2026-06-07 10:12:48.188151+00:00,
DOLE,DOLE,success,4631,2026-03-12 13:30:00+00:00,2026-06-05 20:00:00+00:00,America/New_York,2026-06-07 10:14:19.191134+00:00,
DOMH,DOMH,success,2852,2026-03-12 13:30:00+00:00,2026-06-05 20:00:00+00:00,America/New_York,2026-06-07 10:16:01.037682+00:00,
DOMO,DOMO,success,4629,2026-03-12 13:30:00+00:00,2026-06-05 20:00:00+00:00,America/New_York,2026-06-07 10:15:47.745600+00:00,
DOO,DOO,success,4248,2026-03-12 13:30:00+00:00,2026-06-05 20:00:00+00:00,America/New_York,2026-06-07 10:13:21.750102+00:00,
DORM,DORM,success,3780,2026-03-12 13:30:00+00:00,2026-06-05 20:00:00+00:00,America/New_York,2026-06-07 10:13:27.673790+00:00,
DOV,DOV,success,4667,2026-03-12 13:30:00+00:00,2026-06-05 20:00:00+00:00,America/New_York,2026-06-07 10:12:15.183084+00:00,
DOW,DOW,success,4681,2026-03-12 13:30:00+00:00,2026-06-05 20:00:00+00:00,America/New_York,2026-06-07 10:12:19.254628+00:00,
DOX,DOX,success,4668,2026-03-12 13:30:00+00:00,2026-06-05 20:00:00+00:00,America/New_York,2026-06-07 10:13:03.714737+00:00,
DOYU,DOYU,success,1565,2026-03-12 13:35:00+00:00,2026-06-05 20:00:00+00:00,America/New_York,2026-06-07 10:15:48.117178+00:00,
DPRO,DPRO,success,4681,2026-03-12 13:30:00+00:00,2026-06-05 20:00:00+00:00,America/New_York,2026-06-07 10:15:36.264767+00:00,
DPZ,DPZ,success,4680,2026-03-12 13:30:00+00:00,2026-06-05 20:00:00+00:00,America/New_York,2026-06-07 10:12:43.516763+00:00,
DQ,DQ,success,4586,2026-03-12 13:30:00+00:00,2026-06-05 20:00:00+00:00,America/New_York,2026-06-07 10:14:28.808364+00:00,
DRD,DRD,success,4378,2026-03-12 13:30:00+00:00,2026-06-05 20:00:00+00:00,America/New_York,2026-06-07 10:13:58.865247+00:00,
DRDB,DRDB,success,269,2026-03-12 13:30:00+00:00,2026-06-05 20:00:00+00:00,America/New_York,2026-06-07 10:15:22.724244+00:00,
DRH,DRH,success,4675,2026-03-12 13:30:00+00:00,2026-06-05 20:00:00+00:00,America/New_York,2026-06-07 10:13:52.321025+00:00,
DRI,DRI,success,4679,2026-03-12 13:30:00+00:00,2026-06-05 20:00:00+00:00,America/New_York,2026-06-07 10:12:21.113350+00:00,
DRIO,DRIO,success,496,2026-03-12 14:30:00+00:00,2026-06-05 20:00:00+00:00,America/New_York,2026-06-07 10:16:04.053738+00:00,
DRS,DRS,success,4672,2026-03-12 13:30:00+00:00,2026-06-05 20:00:00+00:00,America/New_York,2026-06-07 10:12:38.556936+00:00,
DRTS,DRTS,success,4266,2026-03-12 13:30:00+00:00,2026-06-05 20:00:00+00:00,America/New_York,2026-06-07 10:14:41.117746+00:00,
DRUG,DRUG,success,3138,2026-03-12 13:30:00+00:00,2026-06-05 20:00:00+00:00,America/New_York,2026-06-07 10:14:48.420416+00:00,
DRVN,DRVN,success,4673,2026-03-12 13:30:00+00:00,2026-06-05 20:00:00+00:00,America/New_York,2026-06-07 10:13:57.247142+00:00,
DSGN,DSGN,success,4285,2026-03-12 13:30:00+00:00,2026-06-05 20:00:00+00:00,America/New_York,2026-06-07 10:14:49.508144+00:00,
DSGR,DSGR,success,2751,2026-03-12 13:30:00+00:00,2026-06-05 20:00:00+00:00,America/New_York,2026-06-07 10:14:21.786063+00:00,
DSGX,DSGX,success,4595,2026-03-12 13:30:00+00:00,2026-06-05 20:00:00+00:00,America/New_York,2026-06-07 10:13:02.134595+00:00,
DSP,DSP,success,3994,2026-03-12 13:30:00+00:00,2026-06-05 20:00:00+00:00,America/New_York,2026-06-07 10:14:42.491419+00:00,
DT,DT,success,4681,2026-03-12 13:30:00+00:00,2026-06-05 20:00:00+00:00,America/New_York,2026-06-07 10:12:37.243469+00:00,
DTE,DTE,success,4676,2026-03-12 13:30:00+00:00,2026-06-05 20:00:00+00:00,America/New_York,2026-06-07 10:12:14.267052+00:00,
DTIL,DTIL,success,4078,2026-03-12 13:30:00+00:00,2026-06-05 20:00:00+00:00,America/New_York,2026-06-07 10:15:45.520416+00:00,
DTM,DTM,success,4638,2026-03-12 13:30:00+00:00,2026-06-05 20:00:00+00:00,America/New_York,2026-06-07 10:12:32.894568+00:00,
DUK,DUK,success,4681,2026-03-12 13:30:00+00:00,2026-06-05 20:00:00+00:00,America/New_York,2026-06-07 10:11:55.509151+00:00,
DUOL,DUOL,success,4681,2026-03-12 13:30:00+00:00,2026-06-05 20:00:00+00:00,America/New_York,2026-06-07 10:13:14.557926+00:00,
DUOT,DUOT,success,4491,2026-03-12 13:30:00+00:00,2026-06-05 20:00:00+00:00,America/New_York,2026-06-07 10:15:18.863367+00:00,
DV,DV,success,4681,2026-03-12 13:30:00+00:00,2026-06-05 20:00:00+00:00,America/New_York,2026-06-07 10:14:09.743647+00:00,
DVA,DVA,success,4616,2026-03-12 13:30:00+00:00,2026-06-05 20:00:00+00:00,America/New_York,2026-06-07 10:12:36.978020+00:00,
DVN,DVN,success,4681,2026-03-12 13:30:00+00:00,2026-06-05 20:00:00+00:00,America/New_York,2026-06-07 10:12:05.204706+00:00,
DWSN,DWSN,success,2943,2026-03-12 13:30:00+00:00,2026-06-05 20:00:00+00:00,America/New_York,2026-06-07 10:15:52.325841+00:00,
DX,DX,success,4681,2026-03-12 13:30:00+00:00,2026-06-05 20:00:00+00:00,America/New_York,2026-06-07 10:13:45.301245+00:00,
DXC,DXC,success,4681,2026-03-12 13:30:00+00:00,2026-06-05 20:00:00+00:00,America/New_York,2026-06-07 10:14:12.142491+00:00,
DXCM,DXCM,success,4681,2026-03-12 13:30:00+00:00,2026-06-05 20:00:00+00:00,America/New_York,2026-06-07 10:12:15.463960+00:00,
DXPE,DXPE,success,3014,2026-03-12 13:30:00+00:00,2026-06-05 20:00:00+00:00,America/New_York,2026-06-07 10:13:50.638938+00:00,
DY,DY,success,4674,2026-03-12 13:30:00+00:00,2026-06-05 20:00:00+00:00,America/New_York,2026-06-07 10:12:35.340959+00:00,
DYN,DYN,success,4679,2026-03-12 13:30:00+00:00,2026-06-05 20:00:00+00:00,America/New_York,2026-06-07 10:13:45.738414+00:00,
DYNC,DYNC,success,1094,2026-05-01 13:30:00+00:00,2026-06-05 20:00:00+00:00,America/New_York,2026-06-07 10:15:34.333329+00:00,
E,E,success,4619,2026-03-12 13:30:00+00:00,2026-06-05 20:00:00+00:00,America/New_York,2026-06-07 10:11:58.798616+00:00,
EA,EA,success,4659,2026-03-12 13:30:00+00:00,2026-06-05 20:00:00+00:00,America/New_York,2026-06-07 10:12:05.176018+00:00,
EAF,EAF,success,4057,2026-03-12 13:30:00+00:00,2026-06-05 20:00:00+00:00,America/New_York,2026-06-07 10:15:36.653542+00:00,
EARN,EARN,success,4338,2026-03-12 13:30:00+00:00,2026-06-05 20:00:00+00:00,America/New_York,2026-06-07 10:15:44.046328+00:00,
EAT,EAT,success,4670,2026-03-12 13:30:00+00:00,2026-06-05 20:00:00+00:00,America/New_York,2026-06-07 10:13:05.712524+00:00,
EBAY,EBAY,success,4681,2026-03-12 13:30:00+00:00,2026-06-05 20:00:00+00:00,America/New_York,2026-06-07 10:12:06.011133+00:00,
EBC,EBC,success,4676,2026-03-12 13:30:00+00:00,2026-06-05 20:00:00+00:00,America/New_York,2026-06-07 10:13:17.719774+00:00,
EBF,EBF,success,3485,2026-03-12 13:30:00+00:00,2026-06-05 20:00:00+00:00,America/New_York,2026-06-07 10:14:59.930445+00:00,
EBMT,EBMT,success,2506,2026-03-12 13:35:00+00:00,2026-06-05 20:00:00+00:00,America/New_York,2026-06-07 10:15:43.147335+00:00,
EBS,EBS,success,4659,2026-03-12 13:30:00+00:00,2026-06-05 20:00:00+00:00,America/New_York,2026-06-07 10:15:10.044661+00:00,
EC,EC,success,4681,2026-03-12 13:30:00+00:00,2026-06-05 20:00:00+00:00,America/New_York,2026-06-07 10:12:13.884083+00:00,
ECBK,ECBK,success,538,2026-03-12 17:55:00+00:00,2026-06-05 20:00:00+00:00,America/New_York,2026-06-07 10:15:46.605626+00:00,
ECG,ECG,success,4558,2026-03-12 13:30:00+00:00,2026-06-05 20:00:00+00:00,America/New_York,2026-06-07 10:12:56.146213+00:00,
ECL,ECL,success,4681,2026-03-12 13:30:00+00:00,2026-06-05 20:00:00+00:00,America/New_York,2026-06-07 10:11:59.977469+00:00,
ECO,ECO,success,4556,2026-03-12 13:30:00+00:00,2026-06-05 20:00:00+00:00,America/New_York,2026-06-07 10:14:02.892430+00:00,
ECOR,ECOR,success,2207,2026-03-12 13:30:00+00:00,2026-06-05 20:00:00+00:00,America/New_York,2026-06-07 10:16:01.220780+00:00,
ECPG,ECPG,success,3984,2026-03-12 13:30:00+00:00,2026-06-05 20:00:00+00:00,America/New_York,2026-06-07 10:14:04.459176+00:00,
ECVT,ECVT,success,4681,2026-03-12 13:30:00+00:00,2026-06-05 20:00:00+00:00,America/New_York,2026-06-07 10:14:16.154757+00:00,
ED,ED,success,4681,2026-03-12 13:30:00+00:00,2026-06-05 20:00:00+00:00,America/New_York,2026-06-07 10:12:09.245023+00:00,
EDN,EDN,success,3832,2026-03-12 13:30:00+00:00,2026-06-05 20:00:00+00:00,America/New_York,2026-06-07 10:14:22.358996+00:00,
EDRY,EDRY,success,1070,2026-03-12 13:30:00+00:00,2026-06-05 20:00:00+00:00,America/New_York,2026-06-07 10:16:02.597016+00:00,
EDU,EDU,success,4643,2026-03-12 13:30:00+00:00,2026-06-05 20:00:00+00:00,America/New_York,2026-06-07 10:12:55.589235+00:00,
EE,EE,success,4373,2026-03-12 13:30:00+00:00,2026-06-05 20:00:00+00:00,America/New_York,2026-06-07 10:13:31.511739+00:00,
EEFT,EEFT,success,4582,2026-03-12 13:30:00+00:00,2026-06-05 20:00:00+00:00,America/New_York,2026-06-07 10:13:49.284764+00:00,
EEX,EEX,success,1655,2026-03-12 13:30:00+00:00,2026-06-05 20:00:00+00:00,America/New_York,2026-06-07 10:14:32.748769+00:00,
EFC,EFC,success,4680,2026-03-12 13:30:00+00:00,2026-06-05 20:00:00+00:00,America/New_York,2026-06-07 10:14:07.330787+00:00,
EFOR,EFOR,success,2341,2026-04-24 13:30:00+00:00,2026-06-05 20:00:00+00:00,America/New_York,2026-06-07 10:14:40.378698+00:00,
EFSC,EFSC,success,3927,2026-03-12 13:30:00+00:00,2026-06-05 20:00:00+00:00,America/New_York,2026-06-07 10:13:54.624584+00:00,
EFSI,EFSI,success,1106,2026-03-12 13:30:00+00:00,2026-06-05 20:00:00+00:00,America/New_York,2026-06-07 10:15:37.076041+00:00,
EFX,EFX,success,4681,2026-03-12 13:30:00+00:00,2026-06-05 20:00:00+00:00,America/New_York,2026-06-07 10:12:22.947888+00:00,
EFXT,EFXT,success,4621,2026-03-12 13:30:00+00:00,2026-06-05 20:00:00+00:00,America/New_York,2026-06-07 10:13:44.369773+00:00,
EG,EG,success,4678,2026-03-12 13:30:00+00:00,2026-06-05 20:00:00+00:00,America/New_York,2026-06-07 10:12:35.812103+00:00,
EGAN,EGAN,success,4006,2026-03-12 13:30:00+00:00,2026-06-05 20:00:00+00:00,America/New_York,2026-06-07 10:15:41.360937+00:00,
EGBN,EGBN,success,4016,2026-03-12 13:30:00+00:00,2026-06-05 20:00:00+00:00,America/New_York,2026-06-07 10:14:40.761442+00:00,
EGG,EGG,success,1002,2026-03-12 13:55:00+00:00,2026-06-05 20:00:00+00:00,America/New_York,2026-06-07 10:15:46.456872+00:00,
EGHA,EGHA,success,242,2026-03-12 14:45:00+00:00,2026-06-05 20:00:00+00:00,America/New_York,2026-06-07 10:15:38.445090+00:00,
EGO,EGO,success,4681,2026-03-12 13:30:00+00:00,2026-06-05 20:00:00+00:00,America/New_York,2026-06-07 10:12:55.639288+00:00,
EGP,EGP,success,4261,2026-03-12 13:30:00+00:00,2026-06-05 20:00:00+00:00,America/New_York,2026-06-07 10:12:43.910526+00:00,
EGY,EGY,success,4675,2026-03-12 13:30:00+00:00,2026-06-05 20:00:00+00:00,America/New_York,2026-06-07 10:14:57.132262+00:00,
EH,EH,success,4609,2026-03-12 13:30:00+00:00,2026-06-05 20:00:00+00:00,America/New_York,2026-06-07 10:14:54.364702+00:00,
EHC,EHC,success,4666,2026-03-12 13:30:00+00:00,2026-06-05 20:00:00+00:00,America/New_York,2026-06-07 10:12:44.299953+00:00,
EIG,EIG,success,4193,2026-03-12 13:30:00+00:00,2026-06-05 20:00:00+00:00,America/New_York,2026-06-07 10:14:39.239918+00:00,
EIKN,EIKN,success,3845,2026-03-12 13:30:00+00:00,2026-06-05 20:00:00+00:00,America/New_York,2026-06-07 10:15:02.632076+00:00,
EIX,EIX,success,4681,2026-03-12 13:30:00+00:00,2026-06-05 20:00:00+00:00,America/New_York,2026-06-07 10:12:16.027347+00:00,
EL,EL,success,4681,2026-03-12 13:30:00+00:00,2026-06-05 20:00:00+00:00,America/New_York,2026-06-07 10:12:15.346779+00:00,
ELA,ELA,success,3125,2026-03-12 13:30:00+00:00,2026-06-05 20:00:00+00:00,America/New_York,2026-06-07 10:14:53.083056+00:00,
ELAN,ELAN,success,4681,2026-03-12 13:30:00+00:00,2026-06-05 20:00:00+00:00,America/New_York,2026-06-07 10:12:39.937066+00:00,
ELDN,ELDN,success,4648,2026-03-12 13:30:00+00:00,2026-06-05 20:00:00+00:00,America/New_York,2026-06-07 10:15:31.579510+00:00,
ELE,ELE,success,4311,2026-03-12 13:30:00+00:00,2026-06-05 20:00:00+00:00,America/New_York,2026-06-07 10:14:34.397073+00:00,
ELF,ELF,success,4681,2026-03-12 13:30:00+00:00,2026-06-05 20:00:00+00:00,America/New_York,2026-06-07 10:13:42.446227+00:00,
ELLO,ELLO,success,361,2026-03-12 13:40:00+00:00,2026-06-05 20:00:00+00:00,America/New_York,2026-06-07 10:15:27.178466+00:00,
ELMD,ELMD,success,2300,2026-03-12 13:30:00+00:00,2026-06-05 20:00:00+00:00,America/New_York,2026-06-07 10:15:24.057111+00:00,
ELMT,ELMT,success,2332,2026-04-23 13:35:00+00:00,2026-06-05 20:00:00+00:00,America/New_York,2026-06-07 10:15:00.412259+00:00,
ELPC,ELPC,success,4457,2026-03-12 13:30:00+00:00,2026-06-05 20:00:00+00:00,America/New_York,2026-06-07 10:12:53.733941+00:00,
ELS,ELS,success,4677,2026-03-12 13:30:00+00:00,2026-06-05 20:00:00+00:00,America/New_York,2026-06-07 10:12:37.869936+00:00,
ELTX,ELTX,success,3107,2026-03-12 13:30:00+00:00,2026-06-05 20:00:00+00:00,America/New_York,2026-06-07 10:15:33.341252+00:00,
ELV,ELV,success,4681,2026-03-12 13:30:00+00:00,2026-06-05 20:00:00+00:00,America/New_York,2026-06-07 10:11:55.834242+00:00,
ELVA,ELVA,success,4299,2026-03-12 13:30:00+00:00,2026-06-05 20:00:00+00:00,America/New_York,2026-06-07 10:15:02.512701+00:00,
ELVN,ELVN,success,4624,2026-03-12 13:30:00+00:00,2026-06-05 20:00:00+00:00,America/New_York,2026-06-07 10:13:57.646579+00:00,
ELVR,ELVR,success,2616,2026-03-12 13:30:00+00:00,2026-06-05 20:00:00+00:00,America/New_York,2026-06-07 10:14:14.538844+00:00,
EMA,EMA,success,4376,2026-03-12 13:30:00+00:00,2026-06-05 20:00:00+00:00,America/New_York,2026-06-07 10:12:30.947704+00:00,
EMAT,EMAT,success,3098,2026-03-12 13:30:00+00:00,2026-06-05 20:00:00+00:00,America/New_York,2026-06-07 10:13:27.135126+00:00,
EMBC,EMBC,success,4607,2026-03-12 13:30:00+00:00,2026-06-05 20:00:00+00:00,America/New_York,2026-06-07 10:15:40.201124+00:00,
EMBJ,EMBJ,success,4681,2026-03-12 13:30:00+00:00,2026-06-05 20:00:00+00:00,America/New_York,2026-06-07 10:12:45.368415+00:00,
EME,EME,success,4664,2026-03-12 13:30:00+00:00,2026-06-05 20:00:00+00:00,America/New_York,2026-06-07 10:12:10.802233+00:00,
EML,EML,success,1024,2026-03-12 13:30:00+00:00,2026-06-05 20:00:00+00:00,America/New_York,2026-06-07 10:15:51.270739+00:00,
EMN,EMN,success,4678,2026-03-12 13:30:00+00:00,2026-06-05 20:00:00+00:00,America/New_York,2026-06-07 10:12:53.835880+00:00,
EMPD,EMPD,success,4128,2026-03-12 13:30:00+00:00,2026-06-05 20:00:00+00:00,America/New_York,2026-06-07 10:15:56.503137+00:00,
EMR,EMR,success,4681,2026-03-12 13:30:00+00:00,2026-06-05 20:00:00+00:00,America/New_York,2026-06-07 10:11:58.862318+00:00,
ENB,ENB,success,4681,2026-03-12 13:30:00+00:00,2026-06-05 20:00:00+00:00,America/New_York,2026-06-07 10:11:52.540913+00:00,
ENIC,ENIC,success,4560,2026-03-12 13:30:00+00:00,2026-06-05 20:00:00+00:00,America/New_York,2026-06-07 10:13:09.054966+00:00,
ENLT,ENLT,success,3778,2026-03-12 13:30:00+00:00,2026-06-05 20:00:00+00:00,America/New_York,2026-06-07 10:12:36.087956+00:00,
ENOV,ENOV,success,4652,2026-03-12 13:30:00+00:00,2026-06-05 20:00:00+00:00,America/New_York,2026-06-07 10:14:18.161485+00:00,
ENPH,ENPH,success,4681,2026-03-12 13:30:00+00:00,2026-06-05 20:00:00+00:00,America/New_York,2026-06-07 10:12:57.152529+00:00,
ENR,ENR,success,4673,2026-03-12 13:30:00+00:00,2026-06-05 20:00:00+00:00,America/New_York,2026-06-07 10:14:19.312741+00:00,
ENS,ENS,success,4405,2026-03-12 13:30:00+00:00,2026-06-05 20:00:00+00:00,America/New_York,2026-06-07 10:12:52.764542+00:00,
ENSG,ENSG,success,4329,2026-03-12 13:30:00+00:00,2026-06-05 20:00:00+00:00,America/New_York,2026-06-07 10:12:46.485423+00:00,
ENTA,ENTA,success,3300,2026-03-12 13:30:00+00:00,2026-06-05 20:00:00+00:00,America/New_York,2026-06-07 10:15:22.311361+00:00,
ENTG,ENTG,success,4681,2026-03-12 13:30:00+00:00,2026-06-05 20:00:00+00:00,America/New_York,2026-06-07 10:12:25.832966+00:00,
ENVA,ENVA,success,3810,2026-03-12 13:30:00+00:00,2026-06-05 20:00:00+00:00,America/New_York,2026-06-07 10:13:24.303657+00:00,
ENVX,ENVX,success,4681,2026-03-12 13:30:00+00:00,2026-06-05 20:00:00+00:00,America/New_York,2026-06-07 10:14:10.857957+00:00,
EOG,EOG,success,4681,2026-03-12 13:30:00+00:00,2026-06-05 20:00:00+00:00,America/New_York,2026-06-07 10:11:59.360409+00:00,
EOLS,EOLS,success,4568,2026-03-12 13:30:00+00:00,2026-06-05 20:00:00+00:00,America/New_York,2026-06-07 10:15:07.667687+00:00,
EOSE,EOSE,success,4681,2026-03-12 13:30:00+00:00,2026-06-05 20:00:00+00:00,America/New_York,2026-06-07 10:13:53.804201+00:00,
EPAC,EPAC,success,4426,2026-03-12 13:30:00+00:00,2026-06-05 20:00:00+00:00,America/New_York,2026-06-07 10:14:05.197618+00:00,
EPAM,EPAM,success,4680,2026-03-12 13:30:00+00:00,2026-06-05 20:00:00+00:00,America/New_York,2026-06-07 10:13:14.653059+00:00,
EPC,EPC,success,4585,2026-03-12 13:30:00+00:00,2026-06-05 20:00:00+00:00,America/New_York,2026-06-07 10:14:35.829620+00:00,
EPM,EPM,success,4525,2026-03-12 13:30:00+00:00,2026-06-05 20:00:00+00:00,America/New_York,2026-06-07 10:15:47.641010+00:00,
EPR,EPR,success,4651,2026-03-12 13:30:00+00:00,2026-06-05 20:00:00+00:00,America/New_York,2026-06-07 10:13:22.457707+00:00,
EPRT,EPRT,success,4677,2026-03-12 13:30:00+00:00,2026-06-05 20:00:00+00:00,America/New_York,2026-06-07 10:13:04.843349+00:00,
EPRX,EPRX,success,2898,2026-03-12 13:30:00+00:00,2026-06-05 20:00:00+00:00,America/New_York,2026-06-07 10:15:12.808731+00:00,
EPSN,EPSN,success,3720,2026-03-12 13:30:00+00:00,2026-06-05 20:00:00+00:00,America/New_York,2026-06-07 10:15:44.797829+00:00,
EQBK,EQBK,success,2833,2026-03-12 13:30:00+00:00,2026-06-05 20:00:00+00:00,America/New_York,2026-06-07 10:14:33.000474+00:00,
EQH,EQH,success,4681,2026-03-12 13:30:00+00:00,2026-06-05 20:00:00+00:00,America/New_York,2026-06-07 10:12:40.075110+00:00,
EQIX,EQIX,success,4662,2026-03-12 13:30:00+00:00,2026-06-05 20:00:00+00:00,America/New_York,2026-06-07 10:11:54.409772+00:00,
EQNR,EQNR,success,4681,2026-03-12 13:30:00+00:00,2026-06-05 20:00:00+00:00,America/New_York,2026-06-07 10:11:55.699999+00:00,
EQPT,EQPT,success,4680,2026-03-12 13:30:00+00:00,2026-06-05 20:00:00+00:00,America/New_York,2026-06-07 10:13:15.517160+00:00,
EQR,EQR,success,4681,2026-03-12 13:30:00+00:00,2026-06-05 20:00:00+00:00,America/New_York,2026-06-07 10:12:18.067399+00:00,
EQT,EQT,success,4681,2026-03-12 13:30:00+00:00,2026-06-05 20:00:00+00:00,America/New_York,2026-06-07 10:12:12.107754+00:00,
EQX,EQX,success,4681,2026-03-12 13:30:00+00:00,2026-06-05 20:00:00+00:00,America/New_York,2026-06-07 10:12:53.047013+00:00,
ERAS,ERAS,success,4680,2026-03-12 13:30:00+00:00,2026-06-05 20:00:00+00:00,America/New_York,2026-06-07 10:13:30.997883+00:00,
ERIC,ERIC,success,4681,2026-03-12 13:30:00+00:00,2026-06-05 20:00:00+00:00,America/New_York,2026-06-07 10:12:07.331493+00:00,
ERIE,ERIE,success,3991,2026-03-12 13:30:00+00:00,2026-06-05 20:00:00+00:00,America/New_York,2026-06-07 10:12:43.679527+00:00,
ERII,ERII,success,4621,2026-03-12 13:30:00+00:00,2026-06-05 20:00:00+00:00,America/New_York,2026-06-07 10:15:09.023200+00:00,
ERO,ERO,success,4680,2026-03-12 13:30:00+00:00,2026-06-05 20:00:00+00:00,America/New_York,2026-06-07 10:13:47.221778+00:00,
ES,ES,success,4681,2026-03-12 13:30:00+00:00,2026-06-05 20:00:00+00:00,America/New_York,2026-06-07 10:12:18.158874+00:00,
ESAB,ESAB,success,4545,2026-03-12 13:30:00+00:00,2026-06-05 20:00:00+00:00,America/New_York,2026-06-07 10:13:12.270556+00:00,
ESCA,ESCA,success,1844,2026-03-12 13:30:00+00:00,2026-06-05 20:00:00+00:00,America/New_York,2026-06-07 10:15:33.135986+00:00,
ESE,ESE,success,4125,2026-03-12 13:30:00+00:00,2026-06-05 20:00:00+00:00,America/New_York,2026-06-07 10:12:56.443430+00:00,
ESEA,ESEA,success,2294,2026-03-12 13:30:00+00:00,2026-06-05 20:00:00+00:00,America/New_York,2026-06-07 10:15:04.612522+00:00,
ESI,ESI,success,4681,2026-03-12 13:30:00+00:00,2026-06-05 20:00:00+00:00,America/New_York,2026-06-07 10:12:47.374539+00:00,
ESLT,ESLT,success,4174,2026-03-12 13:30:00+00:00,2026-06-05 20:00:00+00:00,America/New_York,2026-06-07 10:12:09.832709+00:00,
ESNT,ESNT,success,4610,2026-03-12 13:30:00+00:00,2026-06-05 20:00:00+00:00,America/New_York,2026-06-07 10:13:11.848766+00:00,
ESOA,ESOA,success,3329,2026-03-12 13:30:00+00:00,2026-06-05 20:00:00+00:00,America/New_York,2026-06-07 10:15:29.461443+00:00,
ESP,ESP,success,1520,2026-03-12 13:30:00+00:00,2026-06-05 20:00:00+00:00,America/New_York,2026-06-07 10:15:45.971843+00:00,
ESPR,ESPR,success,4680,2026-03-12 13:30:00+00:00,2026-06-05 20:00:00+00:00,America/New_York,2026-06-07 10:14:41.698228+00:00,
ESQ,ESQ,success,2753,2026-03-12 13:30:00+00:00,2026-06-05 20:00:00+00:00,America/New_York,2026-06-07 10:14:35.975296+00:00,
ESRT,ESRT,success,4666,2026-03-12 13:30:00+00:00,2026-06-05 20:00:00+00:00,America/New_York,2026-06-07 10:14:37.627207+00:00,
ESS,ESS,success,4561,2026-03-12 13:30:00+00:00,2026-06-05 20:00:00+00:00,America/New_York,2026-06-07 10:12:25.617889+00:00,
ESTA,ESTA,success,4341,2026-03-12 13:30:00+00:00,2026-06-05 20:00:00+00:00,America/New_York,2026-06-07 10:13:56.791698+00:00,
ESTC,ESTC,success,4681,2026-03-12 13:30:00+00:00,2026-06-05 20:00:00+00:00,America/New_York,2026-06-07 10:13:04.573931+00:00,
ETD,ETD,success,4483,2026-03-12 13:30:00+00:00,2026-06-05 20:00:00+00:00,America/New_York,2026-06-07 10:14:59.789524+00:00,
ETN,ETN,success,4681,2026-03-12 13:30:00+00:00,2026-06-05 20:00:00+00:00,America/New_York,2026-06-07 10:11:50.865693+00:00,
ETON,ETON,success,4369,2026-03-12 13:30:00+00:00,2026-06-05 20:00:00+00:00,America/New_York,2026-06-07 10:14:42.912143+00:00,
ETOR,ETOR,success,4663,2026-03-12 13:30:00+00:00,2026-06-05 20:00:00+00:00,America/New_York,2026-06-07 10:13:39.647682+00:00,
ETR,ETR,success,4681,2026-03-12 13:30:00+00:00,2026-06-05 20:00:00+00:00,America/New_York,2026-06-07 10:12:05.847525+00:00,
ETSS,ETSS,success,10,2026-06-04 13:35:00+00:00,2026-06-05 18:25:00+00:00,America/New_York,2026-06-07 10:15:40.640676+00:00,
ETSY,ETSY,success,4681,2026-03-12 13:30:00+00:00,2026-06-05 20:00:00+00:00,America/New_York,2026-06-07 10:13:02.532805+00:00,
EVAC,EVAC,success,481,2026-03-12 13:30:00+00:00,2026-06-05 19:55:00+00:00,America/New_York,2026-06-07 10:14:53.681921+00:00,
EVC,EVC,success,4281,2026-03-12 13:30:00+00:00,2026-06-05 20:00:00+00:00,America/New_York,2026-06-07 10:14:42.351289+00:00,
EVCM,EVCM,success,2791,2026-03-12 13:30:00+00:00,2026-06-05 20:00:00+00:00,America/New_York,2026-06-07 10:14:07.966562+00:00,
EVER,EVER,success,4611,2026-03-12 13:30:00+00:00,2026-06-05 20:00:00+00:00,America/New_York,2026-06-07 10:14:46.413746+00:00,
EVH,EVH,success,4677,2026-03-12 13:30:00+00:00,2026-06-05 20:00:00+00:00,America/New_York,2026-06-07 10:15:04.005348+00:00,
EVI,EVI,success,1419,2026-03-12 13:30:00+00:00,2026-06-05 20:00:00+00:00,America/New_York,2026-06-07 10:15:36.353926+00:00,
EVLV,EVLV,success,4680,2026-03-12 13:30:00+00:00,2026-06-05 20:00:00+00:00,America/New_York,2026-06-07 10:14:31.733278+00:00,
EVMN,EVMN,success,4321,2026-03-12 13:30:00+00:00,2026-06-05 20:00:00+00:00,America/New_York,2026-06-07 10:14:45.576972+00:00,
EVOX,EVOX,success,71,2026-03-16 15:05:00+00:00,2026-06-05 20:00:00+00:00,America/New_York,2026-06-07 10:15:23.337805+00:00,
EVR,EVR,success,4674,2026-03-12 13:30:00+00:00,2026-06-05 20:00:00+00:00,America/New_York,2026-06-07 10:12:35.407064+00:00,
EVRG,EVRG,success,4681,2026-03-12 13:30:00+00:00,2026-06-05 20:00:00+00:00,America/New_York,2026-06-07 10:12:25.506291+00:00,
EVTC,EVTC,success,4453,2026-03-12 13:30:00+00:00,2026-06-05 20:00:00+00:00,America/New_York,2026-06-07 10:14:15.731930+00:00,
EW,EW,success,4681,2026-03-12 13:30:00+00:00,2026-06-05 20:00:00+00:00,America/New_York,2026-06-07 10:12:05.700059+00:00,
EWBC,EWBC,success,4650,2026-03-12 13:30:00+00:00,2026-06-05 20:00:00+00:00,America/New_York,2026-06-07 10:12:28.048696+00:00,
EWTX,EWTX,success,4627,2026-03-12 13:30:00+00:00,2026-06-05 20:00:00+00:00,America/New_York,2026-06-07 10:13:29.337134+00:00,
EXC,EXC,success,4681,2026-03-12 13:30:00+00:00,2026-06-05 20:00:00+00:00,America/New_York,2026-06-07 10:12:06.380675+00:00,
EXE,EXE,success,4681,2026-03-12 13:30:00+00:00,2026-06-05 20:00:00+00:00,America/New_York,2026-06-07 10:12:22.028192+00:00,
EXEL,EXEL,success,4681,2026-03-12 13:30:00+00:00,2026-06-05 20:00:00+00:00,America/New_York,2026-06-07 10:12:34.830699+00:00,
EXK,EXK,success,4681,2026-03-12 13:30:00+00:00,2026-06-05 20:00:00+00:00,America/New_York,2026-06-07 10:13:53.541298+00:00,
EXLS,EXLS,success,4680,2026-03-12 13:30:00+00:00,2026-06-05 20:00:00+00:00,America/New_York,2026-06-07 10:13:20.849858+00:00,
EXOD,EXOD,success,2837,2026-03-12 13:30:00+00:00,2026-06-05 20:00:00+00:00,America/New_York,2026-06-07 10:15:42.618324+00:00,
EXP,EXP,success,4485,2026-03-12 13:35:00+00:00,2026-06-05 20:00:00+00:00,America/New_York,2026-06-07 10:13:01.100649+00:00,
EXPD,EXPD,success,4672,2026-03-12 13:30:00+00:00,2026-06-05 20:00:00+00:00,America/New_York,2026-06-07 10:12:22.177371+00:00,
EXPE,EXPE,success,4678,2026-03-12 13:30:00+00:00,2026-06-05 20:00:00+00:00,America/New_York,2026-06-07 10:12:15.857556+00:00,
EXPO,EXPO,success,4509,2026-03-12 13:30:00+00:00,2026-06-05 20:00:00+00:00,America/New_York,2026-06-07 10:13:41.493194+00:00,
EXR,EXR,success,4672,2026-03-12 13:30:00+00:00,2026-06-05 20:00:00+00:00,America/New_York,2026-06-07 10:12:13.488016+00:00,
EXTR,EXTR,success,4680,2026-03-12 13:30:00+00:00,2026-06-05 20:00:00+00:00,America/New_York,2026-06-07 10:13:31.109044+00:00,
EYE,EYE,success,4677,2026-03-12 13:30:00+00:00,2026-06-05 20:00:00+00:00,America/New_York,2026-06-07 10:14:23.649874+00:00,
EYPT,EYPT,success,4639,2026-03-12 13:30:00+00:00,2026-06-05 20:00:00+00:00,America/New_York,2026-06-07 10:14:33.294144+00:00,
EZPW,EZPW,success,4626,2026-03-12 13:30:00+00:00,2026-06-05 20:00:00+00:00,America/New_York,2026-06-07 10:14:00.883028+00:00,
F,F,success,4681,2026-03-12 13:30:00+00:00,2026-06-05 20:00:00+00:00,America/New_York,2026-06-07 10:12:02.890232+00:00,
FA,FA,success,4665,2026-03-12 13:30:00+00:00,2026-06-05 20:00:00+00:00,America/New_York,2026-06-07 10:13:45.426470+00:00,
FACT,FACT,success,356,2026-03-12 16:15:00+00:00,2026-06-05 20:00:00+00:00,America/New_York,2026-06-07 10:15:31.128277+00:00,
FAF,FAF,success,4655,2026-03-12 13:30:00+00:00,2026-06-05 20:00:00+00:00,America/New_York,2026-06-07 10:13:00.807698+00:00,
FANG,FANG,success,4681,2026-03-12 13:30:00+00:00,2026-06-05 20:00:00+00:00,America/New_York,2026-06-07 10:12:03.856274+00:00,
FAST,FAST,success,4681,2026-03-12 13:30:00+00:00,2026-06-05 20:00:00+00:00,America/New_York,2026-06-07 10:12:04.434350+00:00,
FATN,FATN,success,3041,2026-03-12 13:30:00+00:00,2026-06-05 20:00:00+00:00,America/New_York,2026-06-07 10:15:57.738388+00:00,
FBIN,FBIN,success,4681,2026-03-12 13:30:00+00:00,2026-06-05 20:00:00+00:00,America/New_York,2026-06-07 10:13:18.983442+00:00,
FBIZ,FBIZ,success,1201,2026-03-12 13:35:00+00:00,2026-06-05 20:00:00+00:00,America/New_York,2026-06-07 10:15:02.829295+00:00,
FBK,FBK,success,4209,2026-03-12 13:30:00+00:00,2026-06-05 20:00:00+00:00,America/New_York,2026-06-07 10:13:43.705178+00:00,
FBLA,FBLA,success,2382,2026-03-12 13:30:00+00:00,2026-06-05 20:00:00+00:00,America/New_York,2026-06-07 10:15:36.161116+00:00,
FBNC,FBNC,success,3686,2026-03-12 13:30:00+00:00,2026-06-05 20:00:00+00:00,America/New_York,2026-06-07 10:13:50.838472+00:00,
FBP,FBP,success,4675,2026-03-12 13:30:00+00:00,2026-06-05 20:00:00+00:00,America/New_York,2026-06-07 10:13:29.444115+00:00,
FBRT,FBRT,success,4632,2026-03-12 13:30:00+00:00,2026-06-05 20:00:00+00:00,America/New_York,2026-06-07 10:14:49.460917+00:00,
FBRX,FBRX,success,3725,2026-03-12 13:30:00+00:00,2026-06-05 20:00:00+00:00,America/New_York,2026-06-07 10:15:22.449193+00:00,
FBYD,FBYD,success,2523,2026-03-12 13:30:00+00:00,2026-06-05 20:00:00+00:00,America/New_York,2026-06-07 10:14:05.061499+00:00,
FC,FC,success,2971,2026-03-12 13:30:00+00:00,2026-06-05 20:00:00+00:00,America/New_York,2026-06-07 10:15:29.924676+00:00,
FCAP,FCAP,success,189,2026-03-12 16:55:00+00:00,2026-06-05 20:00:00+00:00,America/New_York,2026-06-07 10:15:37.139142+00:00,
FCBC,FCBC,success,2109,2026-03-12 13:30:00+00:00,2026-06-05 20:00:00+00:00,America/New_York,2026-06-07 10:14:41.216753+00:00,
FCCO,FCCO,success,2818,2026-03-12 13:30:00+00:00,2026-06-05 20:00:00+00:00,America/New_York,2026-06-07 10:15:26.979951+00:00,
FCEL,FCEL,success,4675,2026-03-12 13:30:00+00:00,2026-06-05 20:00:00+00:00,America/New_York,2026-06-07 10:14:36.217744+00:00,
FCF,FCF,success,4657,2026-03-12 13:30:00+00:00,2026-06-05 20:00:00+00:00,America/New_York,2026-06-07 10:14:00.074523+00:00,
FCFS,FCFS,success,4216,2026-03-12 13:30:00+00:00,2026-06-05 20:00:00+00:00,America/New_York,2026-06-07 10:12:46.083469+00:00,
FCN,FCN,success,4264,2026-03-12 13:30:00+00:00,2026-06-05 20:00:00+00:00,America/New_York,2026-06-07 10:13:16.725135+00:00,
FCNCA,FCNCA,success,4503,2026-03-12 13:30:00+00:00,2026-06-05 20:00:00+00:00,America/New_York,2026-06-07 10:12:19.646647+00:00,
FCPT,FCPT,success,4635,2026-03-12 13:30:00+00:00,2026-06-05 20:00:00+00:00,America/New_York,2026-06-07 10:13:48.038304+00:00,
FCRS,FCRS,success,989,2026-03-12 13:35:00+00:00,2026-06-05 20:00:00+00:00,America/New_York,2026-06-07 10:15:15.651909+00:00,
FCX,FCX,success,4681,2026-03-12 13:30:00+00:00,2026-06-05 20:00:00+00:00,America/New_York,2026-06-07 10:11:56.149021+00:00,
FDBC,FDBC,success,359,2026-03-12 13:30:00+00:00,2026-06-05 20:00:00+00:00,America/New_York,2026-06-07 10:15:29.654989+00:00,
FDMT,FDMT,success,4578,2026-03-12 13:30:00+00:00,2026-06-05 20:00:00+00:00,America/New_York,2026-06-07 10:15:06.975461+00:00,
FDP,FDP,success,4169,2026-03-12 13:30:00+00:00,2026-06-05 20:00:00+00:00,America/New_York,2026-06-07 10:14:16.530999+00:00,
FDS,FDS,success,4677,2026-03-12 13:30:00+00:00,2026-06-05 20:00:00+00:00,America/New_York,2026-06-07 10:12:47.818537+00:00,
FDSB,FDSB,success,341,2026-03-12 13:30:00+00:00,2026-06-05 20:00:00+00:00,America/New_York,2026-06-07 10:15:59.036597+00:00,
FDUS,FDUS,success,4257,2026-03-12 13:30:00+00:00,2026-06-05 20:00:00+00:00,America/New_York,2026-06-07 10:14:46.601159+00:00,
FDX,FDX,success,4679,2026-03-12 13:30:00+00:00,2026-06-05 20:00:00+00:00,America/New_York,2026-06-07 10:11:58.992943+00:00,
FE,FE,success,4681,2026-03-12 13:30:00+00:00,2026-06-05 20:00:00+00:00,America/New_York,2026-06-07 10:12:17.231295+00:00,
FEIM,FEIM,success,3866,2026-03-12 13:30:00+00:00,2026-06-05 20:00:00+00:00,America/New_York,2026-06-07 10:14:48.657465+00:00,
FELE,FELE,success,3900,2026-03-12 13:30:00+00:00,2026-06-05 20:00:00+00:00,America/New_York,2026-06-07 10:13:22.084617+00:00,
FENC,FENC,success,3493,2026-03-12 13:30:00+00:00,2026-06-05 20:00:00+00:00,America/New_York,2026-06-07 10:15:26.722996+00:00,
FER,FER,success,4679,2026-03-12 13:30:00+00:00,2026-06-05 20:00:00+00:00,America/New_York,2026-06-07 10:12:06.165053+00:00,
FERG,FERG,success,4679,2026-03-12 13:30:00+00:00,2026-06-05 20:00:00+00:00,America/New_York,2026-06-07 10:12:06.502494+00:00,
FET,FET,success,3844,2026-03-12 13:30:00+00:00,2026-06-05 20:00:00+00:00,America/New_York,2026-06-07 10:14:55.018653+00:00,
FF,FF,success,4350,2026-03-12 13:30:00+00:00,2026-06-05 20:00:00+00:00,America/New_York,2026-06-07 10:15:41.749075+00:00,
FFBC,FFBC,success,4633,2026-03-12 13:30:00+00:00,2026-06-05 20:00:00+00:00,America/New_York,2026-06-07 10:13:37.754367+00:00,
FFIN,FFIN,success,4648,2026-03-12 13:30:00+00:00,2026-06-05 20:00:00+00:00,America/New_York,2026-06-07 10:13:19.243562+00:00,
FFIV,FFIV,success,4678,2026-03-12 13:30:00+00:00,2026-06-05 20:00:00+00:00,America/New_York,2026-06-07 10:12:21.548755+00:00,
FG,FG,success,4607,2026-03-12 13:30:00+00:00,2026-06-05 20:00:00+00:00,America/New_York,2026-06-07 10:13:30.012180+00:00,
FGBI,FGBI,success,877,2026-03-12 13:30:00+00:00,2026-06-05 20:00:00+00:00,America/New_York,2026-06-07 10:15:47.661028+00:00,
FGMC,FGMC,success,1445,2026-03-12 14:55:00+00:00,2026-06-05 20:00:00+00:00,America/New_York,2026-06-07 10:15:54.384754+00:00,
FHB,FHB,success,4680,2026-03-12 13:30:00+00:00,2026-06-05 20:00:00+00:00,America/New_York,2026-06-07 10:13:35.088930+00:00,
FHI,FHI,success,4652,2026-03-12 13:30:00+00:00,2026-06-05 20:00:00+00:00,America/New_York,2026-06-07 10:13:23.029004+00:00,
FHN,FHN,success,4681,2026-03-12 13:30:00+00:00,2026-06-05 20:00:00+00:00,America/New_York,2026-06-07 10:12:39.871084+00:00,
FHTX,FHTX,success,3253,2026-03-12 13:30:00+00:00,2026-06-05 20:00:00+00:00,America/New_York,2026-06-07 10:15:37.551969+00:00,
FIBK,FIBK,success,4677,2026-03-12 13:30:00+00:00,2026-06-05 20:00:00+00:00,America/New_York,2026-06-07 10:13:32.413651+00:00,
FICO,FICO,success,4681,2026-03-12 13:30:00+00:00,2026-06-05 20:00:00+00:00,America/New_York,2026-06-07 10:12:17.748942+00:00,
FIG,FIG,success,4681,2026-03-12 13:30:00+00:00,2026-06-05 20:00:00+00:00,America/New_York,2026-06-07 10:12:41.289191+00:00,
FIGR,FIGR,success,4681,2026-03-12 13:30:00+00:00,2026-06-05 20:00:00+00:00,America/New_York,2026-06-07 10:13:06.680060+00:00,
FIGS,FIGS,success,4681,2026-03-12 13:30:00+00:00,2026-06-05 20:00:00+00:00,America/New_York,2026-06-07 10:14:00.324781+00:00,
FINV,FINV,success,4671,2026-03-12 13:30:00+00:00,2026-06-05 20:00:00+00:00,America/New_York,2026-06-07 10:14:22.498515+00:00,
FINW,FINW,success,818,2026-03-12 13:30:00+00:00,2026-06-05 20:00:00+00:00,America/New_York,2026-06-07 10:15:40.760732+00:00,
FIP,FIP,success,4603,2026-03-12 13:30:00+00:00,2026-06-05 20:00:00+00:00,America/New_York,2026-06-07 10:15:02.915950+00:00,
FIS,FIS,success,4681,2026-03-12 13:30:00+00:00,2026-06-05 20:00:00+00:00,America/New_York,2026-06-07 10:12:22.795387+00:00,
FISI,FISI,success,2825,2026-03-12 13:30:00+00:00,2026-06-05 20:00:00+00:00,America/New_York,2026-06-07 10:14:44.083602+00:00,
FISV,FISV,success,4681,2026-03-12 13:30:00+00:00,2026-06-05 20:00:00+00:00,America/New_York,2026-06-07 10:12:14.943469+00:00,
FITB,FITB,success,4681,2026-03-12 13:30:00+00:00,2026-06-05 20:00:00+00:00,America/New_York,2026-06-07 10:12:06.437514+00:00,
FIVE,FIVE,success,4660,2026-03-12 13:30:00+00:00,2026-06-05 20:00:00+00:00,America/New_York,2026-06-07 10:12:44.329530+00:00,
FIVN,FIVN,success,4681,2026-03-12 13:30:00+00:00,2026-06-05 20:00:00+00:00,America/New_York,2026-06-07 10:14:04.775586+00:00,
FIX,FIX,success,4670,2026-03-12 13:30:00+00:00,2026-06-05 20:00:00+00:00,America/New_York,2026-06-07 10:12:01.678283+00:00,
FIZZ,FIZZ,success,4024,2026-03-12 13:30:00+00:00,2026-06-05 20:00:00+00:00,America/New_York,2026-06-07 10:13:34.771662+00:00,
FJET,FJET,success,4667,2026-03-12 13:30:00+00:00,2026-06-05 20:00:00+00:00,America/New_York,2026-06-07 10:15:16.116771+00:00,
FLEX,FLEX,success,4681,2026-03-12 13:30:00+00:00,2026-06-05 20:00:00+00:00,America/New_York,2026-06-07 10:12:03.972511+00:00,
FLG,FLG,success,4681,2026-03-12 13:30:00+00:00,2026-06-05 20:00:00+00:00,America/New_York,2026-06-07 10:13:08.298438+00:00,
FLGT,FLGT,success,4528,2026-03-12 13:30:00+00:00,2026-06-05 20:00:00+00:00,America/New_York,2026-06-07 10:14:57.927827+00:00,
FLNC,FLNC,success,4681,2026-03-12 13:30:00+00:00,2026-06-05 20:00:00+00:00,America/New_York,2026-06-07 10:13:24.809813+00:00,
FLNG,FLNG,success,4644,2026-03-12 13:30:00+00:00,2026-06-05 20:00:00+00:00,America/New_York,2026-06-07 10:14:10.452713+00:00,
FLO,FLO,success,4681,2026-03-12 13:30:00+00:00,2026-06-05 20:00:00+00:00,America/New_York,2026-06-07 10:14:10.552276+00:00,
FLOC,FLOC,success,4604,2026-03-12 13:30:00+00:00,2026-06-05 20:00:00+00:00,America/New_York,2026-06-07 10:13:58.672385+00:00,
FLR,FLR,success,4681,2026-03-12 13:30:00+00:00,2026-06-05 20:00:00+00:00,America/New_York,2026-06-07 10:12:59.759525+00:00,
FLS,FLS,success,4681,2026-03-12 13:30:00+00:00,2026-06-05 20:00:00+00:00,America/New_York,2026-06-07 10:12:48.669905+00:00,
FLUT,FLUT,success,4681,2026-03-12 13:30:00+00:00,2026-06-05 20:00:00+00:00,America/New_York,2026-06-07 10:12:27.735064+00:00,
FLWS,FLWS,success,4351,2026-03-12 13:30:00+00:00,2026-06-05 20:00:00+00:00,America/New_York,2026-06-07 10:15:29.178439+00:00,
FLXS,FLXS,success,1848,2026-03-12 13:30:00+00:00,2026-06-05 20:00:00+00:00,America/New_York,2026-06-07 10:15:25.610650+00:00,
FLY,FLY,success,4681,2026-03-12 13:30:00+00:00,2026-06-05 20:00:00+00:00,America/New_York,2026-06-07 10:13:08.994793+00:00,
FLYW,FLYW,success,4681,2026-03-12 13:30:00+00:00,2026-06-05 20:00:00+00:00,America/New_York,2026-06-07 10:14:05.548514+00:00,
FMAC,FMAC,success,54,2026-05-18 13:50:00+00:00,2026-06-04 16:05:00+00:00,America/New_York,2026-06-07 10:15:49.215709+00:00,
FMAO,FMAO,success,1873,2026-03-12 13:30:00+00:00,2026-06-05 20:00:00+00:00,America/New_York,2026-06-07 10:15:13.782338+00:00,
FMBH,FMBH,success,2705,2026-03-12 13:30:00+00:00,2026-06-05 20:00:00+00:00,America/New_York,2026-06-07 10:14:24.896251+00:00,
FMC,FMC,success,4681,2026-03-12 13:30:00+00:00,2026-06-05 20:00:00+00:00,America/New_York,2026-06-07 10:14:14.364726+00:00,
FMNB,FMNB,success,4240,2026-03-12 13:30:00+00:00,2026-06-05 20:00:00+00:00,America/New_York,2026-06-07 10:14:39.653307+00:00,
FMS,FMS,success,4652,2026-03-12 13:30:00+00:00,2026-06-05 20:00:00+00:00,America/New_York,2026-06-07 10:12:40.045420+00:00,
FMX,FMX,success,4615,2026-03-12 13:30:00+00:00,2026-06-05 20:00:00+00:00,America/New_York,2026-06-07 10:12:19.567313+00:00,
FN,FN,success,4681,2026-03-12 13:30:00+00:00,2026-06-05 20:00:00+00:00,America/New_York,2026-06-07 10:12:21.500257+00:00,
FNB,FNB,success,4681,2026-03-12 13:30:00+00:00,2026-06-05 20:00:00+00:00,America/New_York,2026-06-07 10:13:04.996174+00:00,
FND,FND,success,4681,2026-03-12 13:30:00+00:00,2026-06-05 20:00:00+00:00,America/New_York,2026-06-07 10:13:14.533191+00:00,
FNF,FNF,success,4681,2026-03-12 13:30:00+00:00,2026-06-05 20:00:00+00:00,America/New_York,2026-06-07 10:12:37.156708+00:00,
FNKO,FNKO,success,4547,2026-03-12 13:30:00+00:00,2026-06-05 20:00:00+00:00,America/New_York,2026-06-07 10:15:28.184314+00:00,
FNLC,FNLC,success,719,2026-03-12 13:30:00+00:00,2026-06-05 20:00:00+00:00,America/New_York,2026-06-07 10:15:20.599429+00:00,
FNRN,FNRN,success,1529,2026-03-13 13:35:00+00:00,2026-06-05 20:00:00+00:00,America/New_York,2026-06-07 10:15:29.819908+00:00,
FNV,FNV,success,4677,2026-03-12 13:30:00+00:00,2026-06-05 20:00:00+00:00,America/New_York,2026-06-07 10:12:07.712549+00:00,
FNWB,FNWB,success,1617,2026-03-12 14:15:00+00:00,2026-06-05 20:00:00+00:00,America/New_York,2026-06-07 10:15:55.241241+00:00,
FNWD,FNWD,success,394,2026-03-12 13:45:00+00:00,2026-06-05 20:00:00+00:00,America/New_York,2026-06-07 10:15:49.316617+00:00,
FOA,FOA,success,2394,2026-03-12 13:30:00+00:00,2026-06-05 20:00:00+00:00,America/New_York,2026-06-07 10:15:20.823108+00:00,
FOCL,FOCL,success,109,2026-06-01 13:30:00+00:00,2026-06-05 20:00:00+00:00,America/New_York,2026-06-07 10:15:44.909286+00:00,
FOR,FOR,success,3406,2026-03-12 13:30:00+00:00,2026-06-05 20:00:00+00:00,America/New_York,2026-06-07 10:14:15.441609+00:00,
FORM,FORM,success,4678,2026-03-12 13:30:00+00:00,2026-06-05 20:00:00+00:00,America/New_York,2026-06-07 10:12:50.223982+00:00,
FORR,FORR,success,2951,2026-03-12 13:30:00+00:00,2026-06-05 20:00:00+00:00,America/New_York,2026-06-07 10:15:50.788599+00:00,
FOSL,FOSL,success,4492,2026-03-12 13:30:00+00:00,2026-06-05 20:00:00+00:00,America/New_York,2026-06-07 10:15:35.559158+00:00,
FOUR,FOUR,success,4681,2026-03-12 13:30:00+00:00,2026-06-05 20:00:00+00:00,America/New_York,2026-06-07 10:13:39.812564+00:00,
FOXA,FOXA,success,4681,2026-03-12 13:30:00+00:00,2026-06-05 20:00:00+00:00,America/New_York,2026-06-07 10:12:17.472072+00:00,
FOXF,FOXF,success,4415,2026-03-12 13:30:00+00:00,2026-06-05 20:00:00+00:00,America/New_York,2026-06-07 10:14:45.187264+00:00,
FPH,FPH,success,3656,2026-03-12 13:30:00+00:00,2026-06-05 20:00:00+00:00,America/New_York,2026-06-07 10:14:57.159787+00:00,
FPI,FPI,success,4531,2026-03-12 13:30:00+00:00,2026-06-05 20:00:00+00:00,America/New_York,2026-06-07 10:15:06.480019+00:00,
FPS,FPS,success,4681,2026-03-12 13:30:00+00:00,2026-06-05 20:00:00+00:00,America/New_York,2026-06-07 10:12:27.469250+00:00,
FR,FR,success,4656,2026-03-12 13:30:00+00:00,2026-06-05 20:00:00+00:00,America/New_York,2026-06-07 10:12:52.911462+00:00,
FRAF,FRAF,success,876,2026-03-12 13:30:00+00:00,2026-06-05 20:00:00+00:00,America/New_York,2026-06-07 10:15:30.715300+00:00,
FRBA,FRBA,success,2053,2026-03-12 13:30:00+00:00,2026-06-05 20:00:00+00:00,America/New_York,2026-06-07 10:15:11.539427+00:00,
FRD,FRD,success,1404,2026-03-12 13:30:00+00:00,2026-06-05 20:00:00+00:00,America/New_York,2026-06-07 10:15:44.423728+00:00,
FRHC,FRHC,success,2112,2026-03-12 13:30:00+00:00,2026-06-05 20:00:00+00:00,America/New_York,2026-06-07 10:12:49.616607+00:00,
FRME,FRME,success,4402,2026-03-12 13:30:00+00:00,2026-06-05 20:00:00+00:00,America/New_York,2026-06-07 10:13:49.420006+00:00,
FRMI,FRMI,success,4681,2026-03-12 13:30:00+00:00,2026-06-05 20:00:00+00:00,America/New_York,2026-06-07 10:13:31.923199+00:00,
FRMM,FRMM,success,4281,2026-03-12 13:30:00+00:00,2026-06-05 20:00:00+00:00,America/New_York,2026-06-07 10:16:00.339861+00:00,
FRO,FRO,success,4681,2026-03-12 13:30:00+00:00,2026-06-05 20:00:00+00:00,America/New_York,2026-06-07 10:12:55.321650+00:00,
FROG,FROG,success,4680,2026-03-12 13:30:00+00:00,2026-06-05 20:00:00+00:00,America/New_York,2026-06-07 10:12:45.942281+00:00,
FRPH,FRPH,success,2291,2026-03-12 13:30:00+00:00,2026-06-05 20:00:00+00:00,America/New_York,2026-06-07 10:15:05.755069+00:00,
FRPT,FRPT,success,4674,2026-03-12 13:30:00+00:00,2026-06-05 20:00:00+00:00,America/New_York,2026-06-07 10:13:51.196409+00:00,
FRSH,FRSH,success,4681,2026-03-12 13:30:00+00:00,2026-06-05 20:00:00+00:00,America/New_York,2026-06-07 10:13:46.577695+00:00,
FRST,FRST,success,3593,2026-03-12 13:30:00+00:00,2026-06-05 20:00:00+00:00,America/New_York,2026-06-07 10:15:15.481381+00:00,
FRT,FRT,success,4654,2026-03-12 13:30:00+00:00,2026-06-05 20:00:00+00:00,America/New_York,2026-06-07 10:12:43.572552+00:00,
FRVO,FRVO,success,1286,2026-05-13 13:40:00+00:00,2026-06-05 20:00:00+00:00,America/New_York,2026-06-07 10:12:42.563700+00:00,
FSBC,FSBC,success,2304,2026-03-12 13:30:00+00:00,2026-06-05 20:00:00+00:00,America/New_York,2026-06-07 10:14:36.080367+00:00,
FSBW,FSBW,success,471,2026-03-12 14:20:00+00:00,2026-06-05 20:00:00+00:00,America/New_York,2026-06-07 10:15:25.862584+00:00,
FSI,FSI,success,1103,2026-03-12 14:30:00+00:00,2026-06-05 20:00:00+00:00,America/New_York,2026-06-07 10:15:58.975482+00:00,
FSK,FSK,success,4681,2026-03-12 13:30:00+00:00,2026-06-05 20:00:00+00:00,America/New_York,2026-06-07 10:13:41.896970+00:00,
FSLR,FSLR,success,4681,2026-03-12 13:30:00+00:00,2026-06-05 20:00:00+00:00,America/New_York,2026-06-07 10:12:14.431648+00:00,
FSLY,FSLY,success,4681,2026-03-12 13:30:00+00:00,2026-06-05 20:00:00+00:00,America/New_York,2026-06-07 10:13:45.984383+00:00,
FSM,FSM,success,4681,2026-03-12 13:30:00+00:00,2026-06-05 20:00:00+00:00,America/New_York,2026-06-07 10:13:45.800105+00:00,
FSS,FSS,success,4398,2026-03-12 13:30:00+00:00,2026-06-05 20:00:00+00:00,America/New_York,2026-06-07 10:13:03.931779+00:00,
FSTR,FSTR,success,2446,2026-03-12 13:30:00+00:00,2026-06-05 20:00:00+00:00,America/New_York,2026-06-07 10:15:07.914227+00:00,
FSUN,FSUN,success,3487,2026-03-12 13:30:00+00:00,2026-06-05 20:00:00+00:00,America/New_York,2026-06-07 10:14:10.776336+00:00,
FSV,FSV,success,3771,2026-03-12 13:40:00+00:00,2026-06-05 20:00:00+00:00,America/New_York,2026-06-07 10:13:04.438912+00:00,
FTAI,FTAI,success,4670,2026-03-12 13:30:00+00:00,2026-06-05 20:00:00+00:00,America/New_York,2026-06-07 10:12:19.926116+00:00,
FTCI,FTCI,success,2991,2026-03-12 13:30:00+00:00,2026-06-05 20:00:00+00:00,America/New_York,2026-06-07 10:15:59.940477+00:00,
FTDR,FTDR,success,4563,2026-03-12 13:30:00+00:00,2026-06-05 20:00:00+00:00,America/New_York,2026-06-07 10:13:19.967358+00:00,
FTI,FTI,success,4681,2026-03-12 13:30:00+00:00,2026-06-05 20:00:00+00:00,America/New_York,2026-06-07 10:12:17.335195+00:00,
FTK,FTK,success,4147,2026-03-12 13:30:00+00:00,2026-06-05 20:00:00+00:00,America/New_York,2026-06-07 10:14:39.054743+00:00,
FTLF,FTLF,success,1377,2026-03-12 14:25:00+00:00,2026-06-05 20:00:00+00:00,America/New_York,2026-06-07 10:15:56.345813+00:00,
FTNT,FTNT,success,4681,2026-03-12 13:30:00+00:00,2026-06-05 20:00:00+00:00,America/New_York,2026-06-07 10:11:54.055320+00:00,
FTRE,FTRE,success,4512,2026-03-16 13:30:00+00:00,2026-06-05 20:00:00+00:00,America/New_York,2026-06-07 10:14:14.248813+00:00,
FTS,FTS,success,4678,2026-03-12 13:30:00+00:00,2026-06-05 20:00:00+00:00,America/New_York,2026-06-07 10:12:16.243634+00:00,
FTV,FTV,success,4681,2026-03-12 13:30:00+00:00,2026-06-05 20:00:00+00:00,America/New_York,2026-06-07 10:12:25.027692+00:00,
FTW,FTW,success,2584,2026-03-12 13:30:00+00:00,2026-06-05 20:00:00+00:00,America/New_York,2026-06-07 10:15:16.348695+00:00,
FUBO,FUBO,success,4681,2026-03-12 13:30:00+00:00,2026-06-05 20:00:00+00:00,America/New_York,2026-06-07 10:14:31.380018+00:00,
FUL,FUL,success,4568,2026-03-12 13:30:00+00:00,2026-06-05 20:00:00+00:00,America/New_York,2026-06-07 10:13:37.702136+00:00,
FULC,FULC,success,4536,2026-03-12 13:30:00+00:00,2026-06-05 20:00:00+00:00,America/New_York,2026-06-07 10:15:33.668588+00:00,
FULT,FULT,success,4678,2026-03-12 13:30:00+00:00,2026-06-05 20:00:00+00:00,America/New_York,2026-06-07 10:13:23.985582+00:00,
FUNC,FUNC,success,494,2026-03-12 13:30:00+00:00,2026-06-05 20:00:00+00:00,America/New_York,2026-06-07 10:15:31.629718+00:00,
FUSB,FUSB,success,236,2026-03-12 18:05:00+00:00,2026-06-05 20:00:00+00:00,America/New_York,2026-06-07 10:15:56.087702+00:00,
FUTU,FUTU,success,4662,2026-03-12 13:30:00+00:00,2026-06-05 20:00:00+00:00,America/New_York,2026-06-07 10:12:36.723678+00:00,
FVCB,FVCB,success,3289,2026-03-12 13:30:00+00:00,2026-06-05 20:00:00+00:00,America/New_York,2026-06-07 10:15:27.370902+00:00,
FVR,FVR,success,2955,2026-03-12 13:30:00+00:00,2026-06-05 20:00:00+00:00,America/New_York,2026-06-07 10:14:59.832976+00:00,
FVRR,FVRR,success,4662,2026-03-12 13:30:00+00:00,2026-06-05 20:00:00+00:00,America/New_York,2026-06-07 10:15:14.979884+00:00,
FWDI,FWDI,success,4619,2026-03-12 13:30:00+00:00,2026-06-05 20:00:00+00:00,America/New_York,2026-06-07 10:15:29.415720+00:00,
FWONK,FWONK,success,4678,2026-03-12 13:30:00+00:00,2026-06-05 20:00:00+00:00,America/New_York,2026-06-07 10:12:22.237608+00:00,
FWRD,FWRD,success,4584,2026-03-12 13:30:00+00:00,2026-06-05 20:00:00+00:00,America/New_York,2026-06-07 10:15:21.790256+00:00,
FWRG,FWRG,success,4674,2026-03-12 13:30:00+00:00,2026-06-05 20:00:00+00:00,America/New_York,2026-06-07 10:14:51.839893+00:00,
FXACU,FXACU,success,100,2026-05-22 13:40:00+00:00,2026-06-05 20:00:00+00:00,America/New_York,2026-06-07 10:15:53.613913+00:00,
FXNC,FXNC,success,2830,2026-03-12 13:30:00+00:00,2026-06-05 20:00:00+00:00,America/New_York,2026-06-07 10:15:31.019011+00:00,
G,G,success,4681,2026-03-12 13:30:00+00:00,2026-06-05 20:00:00+00:00,America/New_York,2026-06-07 10:13:09.607053+00:00,
GABC,GABC,success,3205,2026-03-12 13:30:00+00:00,2026-06-05 20:00:00+00:00,America/New_York,2026-06-07 10:14:08.305492+00:00,
GAIN,GAIN,success,4343,2026-03-12 13:30:00+00:00,2026-06-05 20:00:00+00:00,America/New_York,2026-06-07 10:14:53.448323+00:00,
GAP,GAP,success,4681,2026-03-12 13:30:00+00:00,2026-06-05 20:00:00+00:00,America/New_York,2026-06-07 10:12:54.440404+00:00,
GASS,GASS,success,3407,2026-03-12 13:30:00+00:00,2026-06-05 20:00:00+00:00,America/New_York,2026-06-07 10:15:17.597023+00:00,
GATX,GATX,success,3610,2026-03-12 13:30:00+00:00,2026-06-05 20:00:00+00:00,America/New_York,2026-06-07 10:13:06.350049+00:00,
GBCI,GBCI,success,4665,2026-03-12 13:30:00+00:00,2026-06-05 20:00:00+00:00,America/New_York,2026-06-07 10:13:06.202844+00:00,
GBDC,GBDC,success,4677,2026-03-12 13:30:00+00:00,2026-06-05 20:00:00+00:00,America/New_York,2026-06-07 10:13:35.056075+00:00,
GBFH,GBFH,success,1897,2026-03-12 13:30:00+00:00,2026-06-05 20:00:00+00:00,America/New_York,2026-06-07 10:15:09.004136+00:00,
GBLI,GBLI,success,213,2026-03-12 19:55:00+00:00,2026-06-05 20:00:00+00:00,America/New_York,2026-06-07 10:15:14.148136+00:00,
GBTG,GBTG,success,4671,2026-03-12 13:30:00+00:00,2026-06-05 20:00:00+00:00,America/New_York,2026-06-07 10:13:16.476729+00:00,
GBX,GBX,success,4094,2026-03-12 13:30:00+00:00,2026-06-05 20:00:00+00:00,America/New_York,2026-06-07 10:14:14.460639+00:00,
GCBC,GCBC,success,582,2026-03-12 13:30:00+00:00,2026-06-05 20:00:00+00:00,America/New_York,2026-06-07 10:15:04.153725+00:00,
GCGRU,GCGRU,success,200,2026-04-30 13:35:00+00:00,2026-06-05 20:00:00+00:00,America/New_York,2026-06-07 10:15:09.099842+00:00,
GCMG,GCMG,success,4297,2026-03-12 13:30:00+00:00,2026-06-05 20:00:00+00:00,America/New_York,2026-06-07 10:13:56.393011+00:00,
GCO,GCO,success,3837,2026-03-12 13:30:00+00:00,2026-06-05 20:00:00+00:00,America/New_York,2026-06-07 10:15:10.690476+00:00,
GCT,GCT,success,4650,2026-03-12 13:30:00+00:00,2026-06-05 20:00:00+00:00,America/New_York,2026-06-07 10:14:26.401227+00:00,
GD,GD,success,4681,2026-03-12 13:30:00+00:00,2026-06-05 20:00:00+00:00,America/New_York,2026-06-07 10:11:55.623695+00:00,
GDDY,GDDY,success,4681,2026-03-12 13:30:00+00:00,2026-06-05 20:00:00+00:00,America/New_York,2026-06-07 10:12:41.040436+00:00,
GDOT,GDOT,success,4432,2026-03-12 13:30:00+00:00,2026-06-05 20:00:00+00:00,America/New_York,2026-06-07 10:14:46.503339+00:00,
GDS,GDS,success,4672,2026-03-12 13:30:00+00:00,2026-06-05 20:00:00+00:00,America/New_York,2026-06-07 10:13:01.266552+00:00,
GDYN,GDYN,success,4674,2026-03-12 13:30:00+00:00,2026-06-05 20:00:00+00:00,America/New_York,2026-06-07 10:14:56.618127+00:00,
GE,GE,success,4681,2026-03-12 13:30:00+00:00,2026-06-05 20:00:00+00:00,America/New_York,2026-06-07 10:11:46.469362+00:00,
GECC,GECC,success,2352,2026-03-12 13:30:00+00:00,2026-06-05 20:00:00+00:00,America/New_York,2026-06-07 10:15:57.804253+00:00,
GEF,GEF,success,3837,2026-03-12 13:30:00+00:00,2026-06-05 20:00:00+00:00,America/New_York,2026-06-07 10:13:37.520608+00:00,
GEHC,GEHC,success,4681,2026-03-12 13:30:00+00:00,2026-06-05 20:00:00+00:00,America/New_York,2026-06-07 10:12:15.036801+00:00,
GEMI,GEMI,success,4678,2026-03-12 13:30:00+00:00,2026-06-05 20:00:00+00:00,America/New_York,2026-06-07 10:15:02.387308+00:00,
GEN,GEN,success,4681,2026-03-12 13:30:00+00:00,2026-06-05 20:00:00+00:00,America/New_York,2026-06-07 10:12:29.488459+00:00,
GENB,GENB,success,4312,2026-03-12 13:30:00+00:00,2026-06-05 20:00:00+00:00,America/New_York,2026-06-07 10:14:08.714554+00:00,
GENC,GENC,success,1579,2026-03-12 13:30:00+00:00,2026-06-05 20:00:00+00:00,America/New_York,2026-06-07 10:15:37.914307+00:00,
GENI,GENI,success,4681,2026-03-12 13:30:00+00:00,2026-06-05 20:00:00+00:00,America/New_York,2026-06-07 10:14:12.322857+00:00,
GEO,GEO,success,4680,2026-03-12 13:30:00+00:00,2026-06-05 20:00:00+00:00,America/New_York,2026-06-07 10:13:35.650831+00:00,
GEOS,GEOS,success,4042,2026-03-12 13:30:00+00:00,2026-06-05 20:00:00+00:00,America/New_York,2026-06-07 10:15:55.218958+00:00,
GEV,GEV,success,4681,2026-03-12 13:30:00+00:00,2026-06-05 20:00:00+00:00,America/New_York,2026-06-07 10:11:47.979958+00:00,
GFF,GFF,success,4310,2026-03-12 13:30:00+00:00,2026-06-05 20:00:00+00:00,America/New_York,2026-06-07 10:13:26.976337+00:00,
GFI,GFI,success,4681,2026-03-12 13:30:00+00:00,2026-06-05 20:00:00+00:00,America/New_York,2026-06-07 10:12:13.061066+00:00,
GFL,GFL,success,4681,2026-03-12 13:30:00+00:00,2026-06-05 20:00:00+00:00,America/New_York,2026-06-07 10:12:36.364556+00:00,
GFR,GFR,success,3593,2026-03-12 13:30:00+00:00,2026-06-05 20:00:00+00:00,America/New_York,2026-06-07 10:14:46.073582+00:00,
GFS,GFS,success,4681,2026-03-12 13:30:00+00:00,2026-06-05 20:00:00+00:00,America/New_York,2026-06-07 10:12:07.805714+00:00,
GGAL,GGAL,success,4662,2026-03-12 13:30:00+00:00,2026-06-05 20:00:00+00:00,America/New_York,2026-06-07 10:12:53.765724+00:00,
GGG,GGG,success,4674,2026-03-12 13:30:00+00:00,2026-06-05 20:00:00+00:00,America/New_York,2026-06-07 10:12:38.490928+00:00,
GH,GH,success,4681,2026-03-12 13:30:00+00:00,2026-06-05 20:00:00+00:00,America/New_York,2026-06-07 10:12:29.437271+00:00,
GHC,GHC,success,3470,2026-03-12 13:30:00+00:00,2026-06-05 20:00:00+00:00,America/New_York,2026-06-07 10:13:15.664838+00:00,
GHM,GHM,success,3440,2026-03-12 13:30:00+00:00,2026-06-05 20:00:00+00:00,America/New_York,2026-06-07 10:14:22.414570+00:00,
GHRS,GHRS,success,3657,2026-03-12 13:30:00+00:00,2026-06-05 20:00:00+00:00,America/New_York,2026-06-07 10:14:13.924448+00:00,
GIB,GIB,success,4666,2026-03-12 13:30:00+00:00,2026-06-05 20:00:00+00:00,America/New_York,2026-06-07 10:12:32.209575+00:00,
GIC,GIC,success,2824,2026-03-12 13:30:00+00:00,2026-06-05 20:00:00+00:00,America/New_York,2026-06-07 10:14:25.181328+00:00,
GIII,GIII,success,4421,2026-03-12 13:30:00+00:00,2026-06-05 20:00:00+00:00,America/New_York,2026-06-07 10:14:15.704343+00:00,
GIL,GIL,success,4679,2026-03-12 13:30:00+00:00,2026-06-05 20:00:00+00:00,America/New_York,2026-06-07 10:12:43.417564+00:00,
GILD,GILD,success,4681,2026-03-12 13:30:00+00:00,2026-06-05 20:00:00+00:00,America/New_York,2026-06-07 10:11:50.758355+00:00,
GILT,GILT,success,4596,2026-03-12 13:30:00+00:00,2026-06-05 20:00:00+00:00,America/New_York,2026-06-07 10:14:29.541928+00:00,
GIS,GIS,success,4681,2026-03-12 13:30:00+00:00,2026-06-05 20:00:00+00:00,America/New_York,2026-06-07 10:12:27.552540+00:00,
GIW,GIW,success,136,2026-03-12 13:55:00+00:00,2026-06-05 20:00:00+00:00,America/New_York,2026-06-07 10:15:16.022341+00:00,
GKOS,GKOS,success,4623,2026-03-12 13:30:00+00:00,2026-06-05 20:00:00+00:00,America/New_York,2026-06-07 10:12:59.045684+00:00,
GL,GL,success,4565,2026-03-12 13:30:00+00:00,2026-06-05 20:00:00+00:00,America/New_York,2026-06-07 10:12:37.370462+00:00,
GLAD,GLAD,success,4085,2026-03-12 13:30:00+00:00,2026-06-05 20:00:00+00:00,America/New_York,2026-06-07 10:15:07.710455+00:00,
GLBE,GLBE,success,4666,2026-03-12 13:30:00+00:00,2026-06-05 20:00:00+00:00,America/New_York,2026-06-07 10:13:11.651121+00:00,
GLIBA,GLIBA,success,2067,2026-03-12 13:40:00+00:00,2026-06-05 20:00:00+00:00,America/New_York,2026-06-07 10:14:38.965691+00:00,
GLNG,GLNG,success,4680,2026-03-12 13:30:00+00:00,2026-06-05 20:00:00+00:00,America/New_York,2026-06-07 10:13:12.699686+00:00,
GLOB,GLOB,success,4681,2026-03-12 13:30:00+00:00,2026-06-05 20:00:00+00:00,America/New_York,2026-06-07 10:14:08.466717+00:00,
GLOO,GLOO,success,2173,2026-03-12 13:30:00+00:00,2026-06-05 20:00:00+00:00,America/New_York,2026-06-07 10:15:10.171561+00:00,
GLPI,GLPI,success,4680,2026-03-12 13:30:00+00:00,2026-06-05 20:00:00+00:00,America/New_York,2026-06-07 10:12:35.666636+00:00,
GLRE,GLRE,success,3811,2026-03-12 13:30:00+00:00,2026-06-05 20:00:00+00:00,America/New_York,2026-06-07 10:14:59.418407+00:00,
GLSI,GLSI,success,3220,2026-03-12 13:30:00+00:00,2026-06-05 20:00:00+00:00,America/New_York,2026-06-07 10:15:21.737171+00:00,
GLUE,GLUE,success,4652,2026-03-12 13:30:00+00:00,2026-06-05 20:00:00+00:00,America/New_York,2026-06-07 10:14:17.641619+00:00,
GLW,GLW,success,4681,2026-03-12 13:30:00+00:00,2026-06-05 20:00:00+00:00,America/New_York,2026-06-07 10:11:51.074540+00:00,
GLXY,GLXY,success,4681,2026-03-12 13:30:00+00:00,2026-06-05 20:00:00+00:00,America/New_York,2026-06-07 10:12:46.620513+00:00,
GM,GM,success,4681,2026-03-12 13:30:00+00:00,2026-06-05 20:00:00+00:00,America/New_York,2026-06-07 10:11:59.073790+00:00,
GMAB,GMAB,success,4680,2026-03-12 13:30:00+00:00,2026-06-05 20:00:00+00:00,America/New_York,2026-06-07 10:12:31.667756+00:00,
GME,GME,success,4681,2026-03-12 13:30:00+00:00,2026-06-05 20:00:00+00:00,America/New_York,2026-06-07 10:12:47.426283+00:00,
GMED,GMED,success,4677,2026-03-12 13:30:00+00:00,2026-06-05 20:00:00+00:00,America/New_York,2026-06-07 10:12:43.443093+00:00,
GMRS,GMRS,success,1270,2026-05-13 13:40:00+00:00,2026-06-05 20:00:00+00:00,America/New_York,2026-06-07 10:13:51.553043+00:00,
GNE,GNE,success,2277,2026-03-12 13:30:00+00:00,2026-06-05 20:00:00+00:00,America/New_York,2026-06-07 10:15:15.224152+00:00,
GNK,GNK,success,4379,2026-03-12 13:30:00+00:00,2026-06-05 20:00:00+00:00,America/New_York,2026-06-07 10:14:29.574982+00:00,
GNL,GNL,success,4676,2026-03-12 13:30:00+00:00,2026-06-05 20:00:00+00:00,America/New_York,2026-06-07 10:13:58.364224+00:00,
GNRC,GNRC,success,4656,2026-03-12 13:30:00+00:00,2026-06-05 20:00:00+00:00,America/New_York,2026-06-07 10:12:30.972889+00:00,
GNTX,GNTX,success,4681,2026-03-12 13:30:00+00:00,2026-06-05 20:00:00+00:00,America/New_York,2026-06-07 10:13:12.043978+00:00,
GNW,GNW,success,4680,2026-03-12 13:30:00+00:00,2026-06-05 20:00:00+00:00,America/New_York,2026-06-07 10:13:35.726548+00:00,
GO,GO,success,4678,2026-03-12 13:30:00+00:00,2026-06-05 20:00:00+00:00,America/New_York,2026-06-07 10:14:39.858295+00:00,
GOGO,GOGO,success,4664,2026-03-12 13:30:00+00:00,2026-06-05 20:00:00+00:00,America/New_York,2026-06-07 10:15:01.612818+00:00,
GOLD,GOLD,success,4649,2026-03-12 13:30:00+00:00,2026-06-05 20:00:00+00:00,America/New_York,2026-06-07 10:14:27.728244+00:00,
GOLF,GOLF,success,4102,2026-03-12 13:30:00+00:00,2026-06-05 20:00:00+00:00,America/New_York,2026-06-07 10:13:13.151670+00:00,
GOOD,GOOD,success,4479,2026-03-12 13:30:00+00:00,2026-06-05 20:00:00+00:00,America/New_York,2026-06-07 10:14:51.690679+00:00,
GOOGL,GOOGL,success,4681,2026-03-12 13:30:00+00:00,2026-06-05 20:00:00+00:00,America/New_York,2026-06-07 10:11:44.263093+00:00,
GOOS,GOOS,success,4618,2026-03-12 13:30:00+00:00,2026-06-05 20:00:00+00:00,America/New_York,2026-06-07 10:14:34.766819+00:00,
GPC,GPC,success,4681,2026-03-12 13:30:00+00:00,2026-06-05 20:00:00+00:00,America/New_York,2026-06-07 10:12:34.980912+00:00,
GPCR,GPCR,success,4642,2026-03-12 13:30:00+00:00,2026-06-05 20:00:00+00:00,America/New_York,2026-06-07 10:13:47.324067+00:00,
GPGI,GPGI,success,4681,2026-03-12 13:30:00+00:00,2026-06-05 20:00:00+00:00,America/New_York,2026-06-07 10:13:34.434362+00:00,
GPI,GPI,success,4172,2026-03-12 13:30:00+00:00,2026-06-05 20:00:00+00:00,America/New_York,2026-06-07 10:13:30.946107+00:00,
GPK,GPK,success,4681,2026-03-12 13:30:00+00:00,2026-06-05 20:00:00+00:00,America/New_York,2026-06-07 10:13:39.333602+00:00,
GPN,GPN,success,4681,2026-03-12 13:30:00+00:00,2026-06-05 20:00:00+00:00,America/New_York,2026-06-07 10:12:26.458925+00:00,
GPOR,GPOR,success,4161,2026-03-12 13:30:00+00:00,2026-06-05 20:00:00+00:00,America/New_York,2026-06-07 10:13:41.415386+00:00,
GPRE,GPRE,success,4675,2026-03-12 13:30:00+00:00,2026-06-05 20:00:00+00:00,America/New_York,2026-06-07 10:14:30.498297+00:00,
GPRK,GPRK,success,4641,2026-03-12 13:30:00+00:00,2026-06-05 20:00:00+00:00,America/New_York,2026-06-07 10:14:47.533321+00:00,
GRAB,GRAB,success,4681,2026-03-12 13:30:00+00:00,2026-06-05 20:00:00+00:00,America/New_York,2026-06-07 10:12:35.046226+00:00,
GRAL,GRAL,success,4647,2026-03-12 13:30:00+00:00,2026-06-05 20:00:00+00:00,America/New_York,2026-06-07 10:13:50.883674+00:00,
GRBK,GRBK,success,4035,2026-03-12 13:30:00+00:00,2026-06-05 20:00:00+00:00,America/New_York,2026-06-07 10:13:41.793448+00:00,
GRC,GRC,success,3456,2026-03-12 13:30:00+00:00,2026-06-05 20:00:00+00:00,America/New_York,2026-06-07 10:13:59.486054+00:00,
GRDN,GRDN,success,4393,2026-03-12 13:30:00+00:00,2026-06-05 20:00:00+00:00,America/New_York,2026-06-07 10:13:48.860894+00:00,
GRFS,GRFS,success,4417,2026-03-12 13:30:00+00:00,2026-06-05 20:00:00+00:00,America/New_York,2026-06-07 10:13:03.113416+00:00,
GRMN,GRMN,success,4621,2026-03-12 13:30:00+00:00,2026-06-05 20:00:00+00:00,America/New_York,2026-06-07 10:12:06.529844+00:00,
GRND,GRND,success,4671,2026-03-12 13:30:00+00:00,2026-06-05 20:00:00+00:00,America/New_York,2026-06-07 10:13:59.828155+00:00,
GRNT,GRNT,success,4660,2026-03-12 13:30:00+00:00,2026-06-05 20:00:00+00:00,America/New_York,2026-06-07 10:14:51.015349+00:00,
GRPN,GRPN,success,4681,2026-03-12 13:30:00+00:00,2026-06-05 20:00:00+00:00,America/New_York,2026-06-07 10:14:51.256584+00:00,
GRRR,GRRR,success,4616,2026-03-12 13:30:00+00:00,2026-06-05 20:00:00+00:00,America/New_York,2026-06-07 10:15:03.805692+00:00,
GRVY,GRVY,success,1418,2026-03-12 13:30:00+00:00,2026-06-05 20:00:00+00:00,America/New_York,2026-06-07 10:15:11.081726+00:00,
GS,GS,success,4681,2026-03-12 13:30:00+00:00,2026-06-05 20:00:00+00:00,America/New_York,2026-06-07 10:11:46.987692+00:00,
GSAT,GSAT,success,4660,2026-03-12 13:30:00+00:00,2026-06-05 20:00:00+00:00,America/New_York,2026-06-07 10:12:44.651909+00:00,
GSBC,GSBC,success,2214,2026-03-12 13:30:00+00:00,2026-06-05 20:00:00+00:00,America/New_York,2026-06-07 10:14:42.282468+00:00,
GSBD,GSBD,success,4674,2026-03-12 13:30:00+00:00,2026-06-05 20:00:00+00:00,America/New_York,2026-06-07 10:14:31.850477+00:00,
GSHD,GSHD,success,4499,2026-03-12 13:30:00+00:00,2026-06-05 20:00:00+00:00,America/New_York,2026-06-07 10:14:17.885056+00:00,
GSIT,GSIT,success,4642,2026-03-12 13:30:00+00:00,2026-06-05 20:00:00+00:00,America/New_York,2026-06-07 10:15:28.612993+00:00,
GSK,GSK,success,4681,2026-03-12 13:30:00+00:00,2026-06-05 20:00:00+00:00,America/New_York,2026-06-07 10:11:54.580261+00:00,
GSL,GSL,success,4491,2026-03-12 13:30:00+00:00,2026-06-05 20:00:00+00:00,America/New_York,2026-06-07 10:14:18.107753+00:00,
GSM,GSM,success,4602,2026-03-12 13:30:00+00:00,2026-06-05 20:00:00+00:00,America/New_York,2026-06-07 10:14:45.314824+00:00,
GT,GT,success,4681,2026-03-12 13:30:00+00:00,2026-06-05 20:00:00+00:00,America/New_York,2026-06-07 10:14:09.150779+00:00,
GTE,GTE,success,4531,2026-03-12 13:30:00+00:00,2026-06-05 20:00:00+00:00,America/New_York,2026-06-07 10:15:30.198845+00:00,
GTES,GTES,success,4681,2026-03-12 13:30:00+00:00,2026-06-05 20:00:00+00:00,America/New_York,2026-06-07 10:13:02.719753+00:00,
GTLB,GTLB,success,4681,2026-03-12 13:30:00+00:00,2026-06-05 20:00:00+00:00,America/New_York,2026-06-07 10:13:13.707953+00:00,
GTLS,GTLS,success,4674,2026-03-12 13:30:00+00:00,2026-06-05 20:00:00+00:00,America/New_York,2026-06-07 10:12:46.105509+00:00,
GTN,GTN,success,4669,2026-03-12 13:30:00+00:00,2026-06-05 20:00:00+00:00,America/New_York,2026-06-07 10:15:06.041291+00:00,
GTX,GTX,success,4681,2026-03-12 13:30:00+00:00,2026-06-05 20:00:00+00:00,America/New_York,2026-06-07 10:13:06.860624+00:00,
GTY,GTY,success,4509,2026-03-12 13:30:00+00:00,2026-06-05 20:00:00+00:00,America/New_York,2026-06-07 10:14:01.702446+00:00,
GUACU,GUACU,success,178,2026-05-15 13:30:00+00:00,2026-06-05 20:00:00+00:00,America/New_York,2026-06-07 10:15:23.699712+00:00,
GVA,GVA,success,4509,2026-03-12 13:30:00+00:00,2026-06-05 20:00:00+00:00,America/New_York,2026-06-07 10:13:05.963801+00:00,
GWRE,GWRE,success,4681,2026-03-12 13:30:00+00:00,2026-06-05 20:00:00+00:00,America/New_York,2026-06-07 10:12:40.465574+00:00,
GWRS,GWRS,success,3050,2026-03-12 13:30:00+00:00,2026-06-05 20:00:00+00:00,America/New_York,2026-06-07 10:15:38.811594+00:00,
GWW,GWW,success,4616,2026-03-12 13:30:00+00:00,2026-06-05 20:00:00+00:00,America/New_York,2026-06-07 10:12:02.521702+00:00,
GXO,GXO,success,4674,2026-03-12 13:30:00+00:00,2026-06-05 20:00:00+00:00,America/New_York,2026-06-07 10:13:10.647437+00:00,
GYRE,GYRE,success,2855,2026-03-12 13:30:00+00:00,2026-06-05 20:00:00+00:00,America/New_York,2026-06-07 10:14:53.291580+00:00,
H,H,success,4631,2026-03-12 13:30:00+00:00,2026-06-05 20:00:00+00:00,America/New_York,2026-06-07 10:12:27.127378+00:00,
HAE,HAE,success,4617,2026-03-12 13:30:00+00:00,2026-06-05 20:00:00+00:00,America/New_York,2026-06-07 10:13:35.859918+00:00,
HAFC,HAFC,success,3874,2026-03-12 13:30:00+00:00,2026-06-05 20:00:00+00:00,America/New_York,2026-06-07 10:14:36.328719+00:00,
HAFN,HAFN,success,4679,2026-03-12 13:30:00+00:00,2026-06-05 20:00:00+00:00,America/New_York,2026-06-07 10:13:33.509831+00:00,
HAL,HAL,success,4681,2026-03-12 13:30:00+00:00,2026-06-05 20:00:00+00:00,America/New_York,2026-06-07 10:12:12.620072+00:00,
HALO,HALO,success,4676,2026-03-12 13:30:00+00:00,2026-06-05 20:00:00+00:00,America/New_York,2026-06-07 10:12:53.460573+00:00,
HAS,HAS,success,4680,2026-03-12 13:30:00+00:00,2026-06-05 20:00:00+00:00,America/New_York,2026-06-07 10:12:39.607953+00:00,
HASI,HASI,success,4667,2026-03-12 13:30:00+00:00,2026-06-05 20:00:00+00:00,America/New_York,2026-06-07 10:13:15.906151+00:00,
HAWK,HAWK,success,1597,2026-05-07 13:40:00+00:00,2026-06-05 20:00:00+00:00,America/New_York,2026-06-07 10:13:52.626388+00:00,
HAYW,HAYW,success,4681,2026-03-12 13:30:00+00:00,2026-06-05 20:00:00+00:00,America/New_York,2026-06-07 10:13:40.901807+00:00,
HBAN,HBAN,success,4681,2026-03-12 13:30:00+00:00,2026-06-05 20:00:00+00:00,America/New_York,2026-06-07 10:12:12.206355+00:00,
HBB,HBB,success,1053,2026-03-12 13:30:00+00:00,2026-06-05 20:00:00+00:00,America/New_York,2026-06-07 10:15:31.097930+00:00,
HBCP,HBCP,success,2449,2026-03-12 13:30:00+00:00,2026-06-05 20:00:00+00:00,America/New_York,2026-06-07 10:15:00.681509+00:00,
HBM,HBM,success,4681,2026-03-12 13:30:00+00:00,2026-06-05 20:00:00+00:00,America/New_York,2026-06-07 10:12:45.236638+00:00,
HBNC,HBNC,success,4195,2026-03-12 13:30:00+00:00,2026-06-05 20:00:00+00:00,America/New_York,2026-06-07 10:14:35.033216+00:00,
HBT,HBT,success,2104,2026-03-12 13:30:00+00:00,2026-06-05 20:00:00+00:00,America/New_York,2026-06-07 10:14:29.360719+00:00,
HCA,HCA,success,4681,2026-03-12 13:30:00+00:00,2026-06-05 20:00:00+00:00,America/New_York,2026-06-07 10:11:57.043758+00:00,
HCC,HCC,success,4636,2026-03-12 13:30:00+00:00,2026-06-05 20:00:00+00:00,America/New_York,2026-06-07 10:13:13.555227+00:00,
HCHL,HCHL,success,2002,2026-03-12 13:30:00+00:00,2026-06-05 20:00:00+00:00,America/New_York,2026-06-07 10:15:52.045183+00:00,
HCI,HCI,success,3453,2026-03-12 13:30:00+00:00,2026-06-05 20:00:00+00:00,America/New_York,2026-06-07 10:13:59.265050+00:00,
HCKT,HCKT,success,4267,2026-03-12 13:30:00+00:00,2026-06-05 20:00:00+00:00,America/New_York,2026-06-07 10:15:29.153901+00:00,
HCM,HCM,success,1622,2026-03-12 13:30:00+00:00,2026-06-05 20:00:00+00:00,America/New_York,2026-06-07 10:14:02.035939+00:00,
HCMA,HCMA,success,132,2026-03-13 14:15:00+00:00,2026-06-05 20:00:00+00:00,America/New_York,2026-06-07 10:15:19.037842+00:00,
HCSG,HCSG,success,4576,2026-03-12 13:30:00+00:00,2026-06-05 20:00:00+00:00,America/New_York,2026-06-07 10:14:15.285407+00:00,
HD,HD,success,4681,2026-03-12 13:30:00+00:00,2026-06-05 20:00:00+00:00,America/New_York,2026-06-07 10:11:47.075882+00:00,
HDB,HDB,success,4681,2026-03-12 13:30:00+00:00,2026-06-05 20:00:00+00:00,America/New_York,2026-06-07 10:11:53.057396+00:00,
HDSN,HDSN,success,4156,2026-03-12 13:30:00+00:00,2026-06-05 20:00:00+00:00,America/New_York,2026-06-07 10:15:35.785890+00:00,
HE,HE,success,4680,2026-03-12 13:30:00+00:00,2026-06-05 20:00:00+00:00,America/New_York,2026-06-07 10:13:53.124807+00:00,
HEI,HEI,success,4679,2026-03-12 13:30:00+00:00,2026-06-05 20:00:00+00:00,America/New_York,2026-06-07 10:12:08.691645+00:00,
HELE,HELE,success,4609,2026-03-12 13:30:00+00:00,2026-06-05 20:00:00+00:00,America/New_York,2026-06-07 10:14:55.918491+00:00,
HFWA,HFWA,success,4061,2026-03-12 13:30:00+00:00,2026-06-05 20:00:00+00:00,America/New_York,2026-06-07 10:14:27.049320+00:00,
HG,HG,success,4548,2026-03-12 13:30:00+00:00,2026-06-05 20:00:00+00:00,America/New_York,2026-06-07 10:13:40.315420+00:00,
HGTY,HGTY,success,3527,2026-03-12 13:30:00+00:00,2026-06-05 20:00:00+00:00,America/New_York,2026-06-07 10:13:32.920873+00:00,
HGV,HGV,success,4602,2026-03-12 13:30:00+00:00,2026-06-05 20:00:00+00:00,America/New_York,2026-06-07 10:13:25.855100+00:00,
HHH,HHH,success,4550,2026-03-12 13:30:00+00:00,2026-06-05 20:00:00+00:00,America/New_York,2026-06-07 10:13:28.185789+00:00,
HIFS,HIFS,success,2275,2026-03-12 13:30:00+00:00,2026-06-05 20:00:00+00:00,America/New_York,2026-06-07 10:14:51.180133+00:00,
HIG,HIG,success,4681,2026-03-12 13:30:00+00:00,2026-06-05 20:00:00+00:00,America/New_York,2026-06-07 10:12:10.938686+00:00,
HII,HII,success,4678,2026-03-12 13:30:00+00:00,2026-06-05 20:00:00+00:00,America/New_York,2026-06-07 10:12:40.548741+00:00,
HIMS,HIMS,success,4681,2026-03-12 13:30:00+00:00,2026-06-05 20:00:00+00:00,America/New_York,2026-06-07 10:13:07.716195+00:00,
HIMX,HIMX,success,4681,2026-03-12 13:30:00+00:00,2026-06-05 20:00:00+00:00,America/New_York,2026-06-07 10:13:34.625450+00:00,
HIPO,HIPO,success,3093,2026-03-12 13:30:00+00:00,2026-06-05 20:00:00+00:00,America/New_York,2026-06-07 10:14:51.864916+00:00,
HIVE,HIVE,success,4681,2026-03-12 13:30:00+00:00,2026-06-05 20:00:00+00:00,America/New_York,2026-06-07 10:14:32.379890+00:00,
HIW,HIW,success,4679,2026-03-12 13:30:00+00:00,2026-06-05 20:00:00+00:00,America/New_York,2026-06-07 10:13:40.699644+00:00,
HL,HL,success,4681,2026-03-12 13:30:00+00:00,2026-06-05 20:00:00+00:00,America/New_York,2026-06-07 10:12:46.364105+00:00,
HLF,HLF,success,4675,2026-03-12 13:30:00+00:00,2026-06-05 20:00:00+00:00,America/New_York,2026-06-07 10:14:25.335926+00:00,
HLI,HLI,success,4610,2026-03-12 13:30:00+00:00,2026-06-05 20:00:00+00:00,America/New_York,2026-06-07 10:12:47.112163+00:00,
HLIO,HLIO,success,4277,2026-03-12 13:30:00+00:00,2026-06-05 20:00:00+00:00,America/New_York,2026-06-07 10:13:46.817845+00:00,
HLIT,HLIT,success,4663,2026-03-12 13:30:00+00:00,2026-06-05 20:00:00+00:00,America/New_York,2026-06-07 10:14:13.317786+00:00,
HLMN,HLMN,success,4660,2026-03-12 13:30:00+00:00,2026-06-05 20:00:00+00:00,America/New_York,2026-06-07 10:14:15.026984+00:00,
HLN,HLN,success,4681,2026-03-12 13:30:00+00:00,2026-06-05 20:00:00+00:00,America/New_York,2026-06-07 10:12:08.986882+00:00,
HLNE,HLNE,success,4614,2026-03-12 13:30:00+00:00,2026-06-05 20:00:00+00:00,America/New_York,2026-06-07 10:13:21.462141+00:00,
HLT,HLT,success,4680,2026-03-12 13:30:00+00:00,2026-06-05 20:00:00+00:00,America/New_York,2026-06-07 10:11:58.339067+00:00,
HLX,HLX,success,4681,2026-03-12 13:30:00+00:00,2026-06-05 20:00:00+00:00,America/New_York,2026-06-07 10:14:18.236882+00:00,
HMC,HMC,success,4681,2026-03-12 13:30:00+00:00,2026-06-05 20:00:00+00:00,America/New_York,2026-06-07 10:12:11.241381+00:00,
HMN,HMN,success,3919,2026-03-12 13:30:00+00:00,2026-06-05 20:00:00+00:00,America/New_York,2026-06-07 10:14:01.435848+00:00,
HMY,HMY,success,4681,2026-03-12 13:30:00+00:00,2026-06-05 20:00:00+00:00,America/New_York,2026-06-07 10:12:46.998041+00:00,
HNGE,HNGE,success,4639,2026-03-12 13:30:00+00:00,2026-06-05 20:00:00+00:00,America/New_York,2026-06-07 10:13:15.868906+00:00,
HNI,HNI,success,4606,2026-03-12 13:30:00+00:00,2026-06-05 20:00:00+00:00,America/New_York,2026-06-07 10:13:55.661226+00:00,
HNNA,HNNA,success,438,2026-03-12 13:45:00+00:00,2026-06-05 20:00:00+00:00,America/New_York,2026-06-07 10:15:59.713252+00:00,
HNRG,HNRG,success,4625,2026-03-12 13:30:00+00:00,2026-06-05 20:00:00+00:00,America/New_York,2026-06-07 10:14:43.162360+00:00,
HNST,HNST,success,4677,2026-03-12 13:30:00+00:00,2026-06-05 20:00:00+00:00,America/New_York,2026-06-07 10:15:16.002755+00:00,
HNVR,HNVR,success,1185,2026-03-12 13:30:00+00:00,2026-06-05 20:00:00+00:00,America/New_York,2026-06-07 10:15:45.407179+00:00,
HOFT,HOFT,success,1521,2026-03-12 13:30:00+00:00,2026-06-05 20:00:00+00:00,America/New_York,2026-06-07 10:15:50.106757+00:00,
HOG,HOG,success,4681,2026-03-12 13:30:00+00:00,2026-06-05 20:00:00+00:00,America/New_York,2026-06-07 10:13:48.551637+00:00,
HOMB,HOMB,success,4681,2026-03-12 13:30:00+00:00,2026-06-05 20:00:00+00:00,America/New_York,2026-06-07 10:13:11.449648+00:00,
HON,HON,success,4681,2026-03-12 13:30:00+00:00,2026-06-05 20:00:00+00:00,America/New_York,2026-06-07 10:11:51.898746+00:00,
HOOD,HOOD,success,4681,2026-03-12 13:30:00+00:00,2026-06-05 20:00:00+00:00,America/New_York,2026-06-07 10:11:59.492439+00:00,
HOPE,HOPE,success,4617,2026-03-12 13:30:00+00:00,2026-06-05 20:00:00+00:00,America/New_York,2026-06-07 10:14:09.558052+00:00,
HOV,HOV,success,2604,2026-03-12 13:30:00+00:00,2026-06-05 20:00:00+00:00,America/New_York,2026-06-07 10:14:47.107057+00:00,
HP,HP,success,4679,2026-03-12 13:30:00+00:00,2026-06-05 20:00:00+00:00,America/New_York,2026-06-07 10:13:30.452893+00:00,
HPE,HPE,success,4681,2026-03-12 13:30:00+00:00,2026-06-05 20:00:00+00:00,America/New_York,2026-06-07 10:12:01.724860+00:00,
HPK,HPK,success,4604,2026-03-12 13:30:00+00:00,2026-06-05 20:00:00+00:00,America/New_York,2026-06-07 10:14:34.032997+00:00,
HPP,HPP,success,4672,2026-03-12 13:30:00+00:00,2026-06-05 20:00:00+00:00,America/New_York,2026-06-07 10:14:43.872076+00:00,
HPQ,HPQ,success,4681,2026-03-12 13:30:00+00:00,2026-06-05 20:00:00+00:00,America/New_York,2026-06-07 10:12:19.845950+00:00,
HQI,HQI,success,764,2026-03-12 13:30:00+00:00,2026-06-05 20:00:00+00:00,America/New_York,2026-06-07 10:15:42.984822+00:00,
HQY,HQY,success,4639,2026-03-12 13:30:00+00:00,2026-06-05 20:00:00+00:00,America/New_York,2026-06-07 10:12:56.600743+00:00,
HR,HR,success,4681,2026-03-12 13:30:00+00:00,2026-06-05 20:00:00+00:00,America/New_York,2026-06-07 10:13:00.512074+00:00,
HRB,HRB,success,4681,2026-03-12 13:30:00+00:00,2026-06-05 20:00:00+00:00,America/New_York,2026-06-07 10:13:16.764325+00:00,
HRI,HRI,success,4511,2026-03-12 13:30:00+00:00,2026-06-05 20:00:00+00:00,America/New_York,2026-06-07 10:13:20.233855+00:00,
HRL,HRL,success,4681,2026-03-12 13:30:00+00:00,2026-06-05 20:00:00+00:00,America/New_York,2026-06-07 10:12:36.469044+00:00,
HRMY,HRMY,success,4615,2026-03-12 13:30:00+00:00,2026-06-05 20:00:00+00:00,America/New_York,2026-06-07 10:14:03.393146+00:00,
HROW,HROW,success,4602,2026-03-12 13:30:00+00:00,2026-06-05 20:00:00+00:00,America/New_York,2026-06-07 10:14:23.111181+00:00,
HRTG,HRTG,success,4342,2026-03-12 13:30:00+00:00,2026-06-05 20:00:00+00:00,America/New_York,2026-06-07 10:14:47.595588+00:00,
HRZN,HRZN,success,4600,2026-03-12 13:30:00+00:00,2026-06-05 20:00:00+00:00,America/New_York,2026-06-07 10:15:24.414669+00:00,
HSAI,HSAI,success,4674,2026-03-12 13:30:00+00:00,2026-06-05 20:00:00+00:00,America/New_York,2026-06-07 10:13:42.166343+00:00,
HSBC,HSBC,success,4681,2026-03-12 13:30:00+00:00,2026-06-05 20:00:00+00:00,America/New_York,2026-06-07 10:11:46.891626+00:00,
HSHP,HSHP,success,4239,2026-03-12 13:30:00+00:00,2026-06-05 20:00:00+00:00,America/New_York,2026-06-07 10:14:47.563855+00:00,
HSIC,HSIC,success,4671,2026-03-12 13:30:00+00:00,2026-06-05 20:00:00+00:00,America/New_York,2026-06-07 10:12:50.892189+00:00,
HSLV,HSLV,success,4054,2026-03-12 13:30:00+00:00,2026-06-05 20:00:00+00:00,America/New_York,2026-06-07 10:14:33.240359+00:00,
HST,HST,success,4681,2026-03-12 13:30:00+00:00,2026-06-05 20:00:00+00:00,America/New_York,2026-06-07 10:12:28.690404+00:00,
HSTM,HSTM,success,3873,2026-03-12 13:30:00+00:00,2026-06-05 20:00:00+00:00,America/New_York,2026-06-07 10:14:43.897100+00:00,
HSY,HSY,success,4676,2026-03-12 13:30:00+00:00,2026-06-05 20:00:00+00:00,America/New_York,2026-06-07 10:12:10.218397+00:00,
HTB,HTB,success,2278,2026-03-12 13:30:00+00:00,2026-06-05 20:00:00+00:00,America/New_York,2026-06-07 10:14:41.171667+00:00,
HTFL,HTFL,success,4650,2026-03-12 13:30:00+00:00,2026-06-05 20:00:00+00:00,America/New_York,2026-06-07 10:13:51.862574+00:00,
HTGC,HTGC,success,4681,2026-03-12 13:30:00+00:00,2026-06-05 20:00:00+00:00,America/New_York,2026-06-07 10:13:44.692548+00:00,
HTH,HTH,success,4407,2026-03-12 13:30:00+00:00,2026-06-05 20:00:00+00:00,America/New_York,2026-06-07 10:13:55.689477+00:00,
HTHT,HTHT,success,4676,2026-03-12 13:30:00+00:00,2026-06-05 20:00:00+00:00,America/New_York,2026-06-07 10:12:35.104025+00:00,
HTLD,HTLD,success,4398,2026-03-12 13:30:00+00:00,2026-06-05 20:00:00+00:00,America/New_York,2026-06-07 10:14:23.866790+00:00,
HTO,HTO,success,4517,2026-03-12 13:30:00+00:00,2026-06-05 20:00:00+00:00,America/New_York,2026-06-07 10:13:53.858627+00:00,
HTZ,HTZ,success,4681,2026-03-12 13:30:00+00:00,2026-06-05 20:00:00+00:00,America/New_York,2026-06-07 10:14:10.125342+00:00,
HUBB,HUBB,success,4678,2026-03-12 13:30:00+00:00,2026-06-05 20:00:00+00:00,America/New_York,2026-06-07 10:12:18.670123+00:00,
HUBG,HUBG,success,4607,2026-03-12 13:30:00+00:00,2026-06-05 20:00:00+00:00,America/New_York,2026-06-07 10:13:48.129131+00:00,
HUBS,HUBS,success,4681,2026-03-12 13:30:00+00:00,2026-06-05 20:00:00+00:00,America/New_York,2026-06-07 10:12:41.800865+00:00,
HUHU,HUHU,success,779,2026-03-12 14:15:00+00:00,2026-06-05 20:00:00+00:00,America/New_York,2026-06-07 10:15:38.367843+00:00,
HUM,HUM,success,4678,2026-03-12 13:30:00+00:00,2026-06-05 20:00:00+00:00,America/New_York,2026-06-07 10:12:07.750820+00:00,
HUN,HUN,success,4681,2026-03-12 13:30:00+00:00,2026-06-05 20:00:00+00:00,America/New_York,2026-06-07 10:13:50.091744+00:00,
HURC,HURC,success,796,2026-03-12 13:30:00+00:00,2026-06-05 20:00:00+00:00,America/New_York,2026-06-07 10:15:50.224576+00:00,
HURN,HURN,success,3624,2026-03-12 13:30:00+00:00,2026-06-05 20:00:00+00:00,America/New_York,2026-06-07 10:14:03.130636+00:00,
HUT,HUT,success,4681,2026-03-12 13:30:00+00:00,2026-06-05 20:00:00+00:00,America/New_York,2026-06-07 10:12:38.233105+00:00,
HVII,HVII,success,249,2026-03-12 16:15:00+00:00,2026-06-05 20:00:00+00:00,America/New_York,2026-06-07 10:15:29.757140+00:00,
HVT,HVT,success,3136,2026-03-12 13:30:00+00:00,2026-06-05 20:00:00+00:00,America/New_York,2026-06-07 10:15:15.627711+00:00,
HWBK,HWBK,success,359,2026-03-12 13:30:00+00:00,2026-06-05 20:00:00+00:00,America/New_York,2026-06-07 10:15:32.498409+00:00,
HWC,HWC,success,4634,2026-03-12 13:30:00+00:00,2026-06-05 20:00:00+00:00,America/New_York,2026-06-07 10:13:07.739353+00:00,
HWKN,HWKN,success,2859,2026-03-12 13:30:00+00:00,2026-06-05 20:00:00+00:00,America/New_York,2026-06-07 10:13:37.603417+00:00,
HWM,HWM,success,4681,2026-03-12 13:30:00+00:00,2026-06-05 20:00:00+00:00,America/New_York,2026-06-07 10:11:55.265619+00:00,
HXL,HXL,success,4671,2026-03-12 13:30:00+00:00,2026-06-05 20:00:00+00:00,America/New_York,2026-06-07 10:13:01.527395+00:00,
HY,HY,success,2793,2026-03-12 13:30:00+00:00,2026-06-05 20:00:00+00:00,America/New_York,2026-06-07 10:14:53.046477+00:00,
HYLN,HYLN,success,4664,2026-03-12 13:30:00+00:00,2026-06-05 20:00:00+00:00,America/New_York,2026-06-07 10:14:23.344621+00:00,
HYMC,HYMC,success,4681,2026-03-12 13:30:00+00:00,2026-06-05 20:00:00+00:00,America/New_York,2026-06-07 10:13:51.995565+00:00,
HYNE,HYNE,success,920,2026-03-12 13:30:00+00:00,2026-06-05 20:00:00+00:00,America/New_York,2026-06-07 10:15:51.024318+00:00,
HZO,HZO,success,4270,2026-03-12 13:30:00+00:00,2026-06-05 20:00:00+00:00,America/New_York,2026-06-07 10:14:46.122222+00:00,
IACQU,IACQU,success,235,2026-04-28 13:30:00+00:00,2026-06-05 20:00:00+00:00,America/New_York,2026-06-07 10:15:36.144054+00:00,
IAG,IAG,success,4681,2026-03-12 13:30:00+00:00,2026-06-05 20:00:00+00:00,America/New_York,2026-06-07 10:12:49.544433+00:00,
IART,IART,success,4634,2026-03-12 13:30:00+00:00,2026-06-05 20:00:00+00:00,America/New_York,2026-06-07 10:14:19.378850+00:00,
IBCP,IBCP,success,3469,2026-03-12 13:30:00+00:00,2026-06-05 20:00:00+00:00,America/New_York,2026-06-07 10:14:45.985206+00:00,
IBEX,IBEX,success,3390,2026-03-12 13:30:00+00:00,2026-06-05 20:00:00+00:00,America/New_York,2026-06-07 10:15:11.821005+00:00,
IBKR,IBKR,success,4681,2026-03-12 13:30:00+00:00,2026-06-05 20:00:00+00:00,America/New_York,2026-06-07 10:12:10.611507+00:00,
IBM,IBM,success,4681,2026-03-12 13:30:00+00:00,2026-06-05 20:00:00+00:00,America/New_York,2026-06-07 10:11:47.570343+00:00,
IBN,IBN,success,4681,2026-03-12 13:30:00+00:00,2026-06-05 20:00:00+00:00,America/New_York,2026-06-07 10:11:55.247107+00:00,
IBOC,IBOC,success,4228,2026-03-12 13:30:00+00:00,2026-06-05 20:00:00+00:00,America/New_York,2026-06-07 10:13:20.764558+00:00,
IBP,IBP,success,4604,2026-03-12 13:30:00+00:00,2026-06-05 20:00:00+00:00,America/New_York,2026-06-07 10:13:12.413686+00:00,
IBRX,IBRX,success,4681,2026-03-12 13:30:00+00:00,2026-06-05 20:00:00+00:00,America/New_York,2026-06-07 10:12:58.162301+00:00,
IBTA,IBTA,success,4206,2026-03-12 13:30:00+00:00,2026-06-05 20:00:00+00:00,America/New_York,2026-06-07 10:14:42.231271+00:00,
ICCC,ICCC,success,1124,2026-03-12 17:40:00+00:00,2026-06-05 20:00:00+00:00,America/New_York,2026-06-07 10:15:57.376579+00:00,
ICE,ICE,success,4681,2026-03-12 13:30:00+00:00,2026-06-05 20:00:00+00:00,America/New_York,2026-06-07 10:11:58.055855+00:00,
ICFI,ICFI,success,4032,2026-03-12 13:30:00+00:00,2026-06-05 20:00:00+00:00,America/New_York,2026-06-07 10:14:20.918536+00:00,
ICHR,ICHR,success,4647,2026-03-12 13:30:00+00:00,2026-06-05 20:00:00+00:00,America/New_York,2026-06-07 10:13:56.639727+00:00,
ICL,ICL,success,4659,2026-03-12 13:30:00+00:00,2026-06-05 20:00:00+00:00,America/New_York,2026-06-07 10:12:58.562408+00:00,
ICLR,ICLR,success,4621,2026-03-12 13:30:00+00:00,2026-06-05 20:00:00+00:00,America/New_York,2026-06-07 10:12:41.016855+00:00,
ICUI,ICUI,success,3927,2026-03-12 13:30:00+00:00,2026-06-05 20:00:00+00:00,America/New_York,2026-06-07 10:13:35.428138+00:00,
IDA,IDA,success,4449,2026-03-12 13:30:00+00:00,2026-06-05 20:00:00+00:00,America/New_York,2026-06-07 10:12:55.152506+00:00,
IDACU,IDACU,success,58,2026-05-18 13:40:00+00:00,2026-06-05 20:00:00+00:00,America/New_York,2026-06-07 10:15:47.936440+00:00,
IDCC,IDCC,success,4568,2026-03-12 13:30:00+00:00,2026-06-05 20:00:00+00:00,America/New_York,2026-06-07 10:13:01.643810+00:00,
IDN,IDN,success,4341,2026-03-12 13:30:00+00:00,2026-06-05 20:00:00+00:00,America/New_York,2026-06-07 10:15:58.306614+00:00,
IDR,IDR,success,4459,2026-03-12 13:30:00+00:00,2026-06-05 20:00:00+00:00,America/New_York,2026-06-07 10:15:01.315927+00:00,
IDT,IDT,success,3264,2026-03-12 13:30:00+00:00,2026-06-05 20:00:00+00:00,America/New_York,2026-06-07 10:14:16.814181+00:00,
IDXX,IDXX,success,4678,2026-03-12 13:30:00+00:00,2026-06-05 20:00:00+00:00,America/New_York,2026-06-07 10:12:06.663551+00:00,
IDYA,IDYA,success,4646,2026-03-12 13:30:00+00:00,2026-06-05 20:00:00+00:00,America/New_York,2026-06-07 10:13:50.278593+00:00,
IE,IE,success,4681,2026-03-12 13:30:00+00:00,2026-06-05 20:00:00+00:00,America/New_York,2026-06-07 10:14:04.567463+00:00,
IESC,IESC,success,4319,2026-03-12 13:30:00+00:00,2026-06-05 20:00:00+00:00,America/New_York,2026-06-07 10:12:32.999744+00:00,
IEX,IEX,success,4636,2026-03-12 13:30:00+00:00,2026-06-05 20:00:00+00:00,America/New_York,2026-06-07 10:12:29.968966+00:00,
IFF,IFF,success,4681,2026-03-12 13:30:00+00:00,2026-06-05 20:00:00+00:00,America/New_York,2026-06-07 10:12:26.101224+00:00,
IFS,IFS,success,4018,2026-03-12 13:30:00+00:00,2026-06-05 20:00:00+00:00,America/New_York,2026-06-07 10:13:13.014474+00:00,
IGIC,IGIC,success,2013,2026-03-12 13:30:00+00:00,2026-06-05 20:00:00+00:00,America/New_York,2026-06-07 10:14:28.570205+00:00,
IHG,IHG,success,4059,2026-03-12 13:30:00+00:00,2026-06-05 20:00:00+00:00,America/New_York,2026-06-07 10:12:19.696984+00:00,
IHRT,IHRT,success,4537,2026-03-12 13:30:00+00:00,2026-06-05 20:00:00+00:00,America/New_York,2026-06-07 10:14:54.536102+00:00,
IHS,IHS,success,4643,2026-03-12 13:30:00+00:00,2026-06-05 20:00:00+00:00,America/New_York,2026-06-07 10:13:45.257660+00:00,
III,III,success,3869,2026-03-12 13:30:00+00:00,2026-06-05 20:00:00+00:00,America/New_York,2026-06-07 10:15:39.718708+00:00,
IIIN,IIIN,success,3812,2026-03-12 13:30:00+00:00,2026-06-05 20:00:00+00:00,America/New_York,2026-06-07 10:14:56.798586+00:00,
IIIV,IIIV,success,3954,2026-03-12 13:30:00+00:00,2026-06-05 20:00:00+00:00,America/New_York,2026-06-07 10:14:57.184046+00:00,
IIPR,IIPR,success,4378,2026-03-12 13:30:00+00:00,2026-06-05 20:00:00+00:00,America/New_York,2026-06-07 10:14:08.828068+00:00,
ILMN,ILMN,success,4675,2026-03-12 13:30:00+00:00,2026-06-05 20:00:00+00:00,America/New_York,2026-06-07 10:12:18.857444+00:00,
ILPT,ILPT,success,4163,2026-03-12 13:30:00+00:00,2026-06-05 20:00:00+00:00,America/New_York,2026-06-07 10:14:54.939991+00:00,
IMA,IMA,success,1439,2026-03-12 13:35:00+00:00,2026-06-05 20:00:00+00:00,America/New_York,2026-06-07 10:16:01.925501+00:00,
IMAX,IMAX,success,4663,2026-03-12 13:30:00+00:00,2026-06-05 20:00:00+00:00,America/New_York,2026-06-07 10:13:58.138243+00:00,
IMCR,IMCR,success,4055,2026-03-12 13:30:00+00:00,2026-06-05 20:00:00+00:00,America/New_York,2026-06-07 10:14:15.813367+00:00,
IMDX,IMDX,success,3793,2026-03-12 14:50:00+00:00,2026-06-05 20:00:00+00:00,America/New_York,2026-06-07 10:15:45.545052+00:00,
IMKTA,IMKTA,success,3175,2026-03-12 13:30:00+00:00,2026-06-05 20:00:00+00:00,America/New_York,2026-06-07 10:14:07.108839+00:00,
IMMR,IMMR,success,4454,2026-03-12 13:30:00+00:00,2026-06-05 20:00:00+00:00,America/New_York,2026-06-07 10:15:39.469092+00:00,
IMMX,IMMX,success,4561,2026-03-12 13:30:00+00:00,2026-06-05 20:00:00+00:00,America/New_York,2026-06-07 10:14:56.066992+00:00,
IMNM,IMNM,success,4667,2026-03-12 13:30:00+00:00,2026-06-05 20:00:00+00:00,America/New_York,2026-06-07 10:13:58.985096+00:00,
IMO,IMO,success,4671,2026-03-12 13:30:00+00:00,2026-06-05 20:00:00+00:00,America/New_York,2026-06-07 10:12:02.709939+00:00,
IMOS,IMOS,success,2890,2026-03-12 13:30:00+00:00,2026-06-05 20:00:00+00:00,America/New_York,2026-06-07 10:13:56.847317+00:00,
IMPP,IMPP,success,4321,2026-03-12 13:30:00+00:00,2026-06-05 20:00:00+00:00,America/New_York,2026-06-07 10:15:37.149169+00:00,
IMRX,IMRX,success,4633,2026-03-12 13:30:00+00:00,2026-06-05 20:00:00+00:00,America/New_York,2026-06-07 10:15:29.248130+00:00,
IMSR,IMSR,success,4681,2026-03-12 13:30:00+00:00,2026-06-05 20:00:00+00:00,America/New_York,2026-06-07 10:14:42.254115+00:00,
IMTX,IMTX,success,4191,2026-03-12 13:30:00+00:00,2026-06-05 20:00:00+00:00,America/New_York,2026-06-07 10:14:19.898774+00:00,
IMUX,IMUX,success,4367,2026-03-12 13:30:00+00:00,2026-06-05 20:00:00+00:00,America/New_York,2026-06-07 10:15:44.878030+00:00,
IMVT,IMVT,success,4671,2026-03-12 13:30:00+00:00,2026-06-05 20:00:00+00:00,America/New_York,2026-06-07 10:13:05.343738+00:00,
IMXI,IMXI,success,3856,2026-03-12 13:30:00+00:00,2026-06-05 20:00:00+00:00,America/New_York,2026-06-07 10:15:06.748838+00:00,
INBK,INBK,success,1957,2026-03-12 13:30:00+00:00,2026-06-05 20:00:00+00:00,America/New_York,2026-06-07 10:15:38.147687+00:00,
INBX,INBX,success,4008,2026-03-12 13:30:00+00:00,2026-06-05 20:00:00+00:00,America/New_York,2026-06-07 10:14:21.187931+00:00,
INCY,INCY,success,4678,2026-03-12 13:30:00+00:00,2026-06-05 20:00:00+00:00,America/New_York,2026-06-07 10:12:24.548263+00:00,
INDB,INDB,success,4280,2026-03-12 13:30:00+00:00,2026-06-05 20:00:00+00:00,America/New_York,2026-06-07 10:13:26.483306+00:00,
INDI,INDI,success,4678,2026-03-12 13:30:00+00:00,2026-06-05 20:00:00+00:00,America/New_York,2026-06-07 10:14:37.375951+00:00,
INDP,INDP,success,1636,2026-03-12 13:30:00+00:00,2026-06-05 20:00:00+00:00,America/New_York,2026-06-07 10:15:10.231471+00:00,
INDV,INDV,success,4675,2026-03-12 13:30:00+00:00,2026-06-05 20:00:00+00:00,America/New_York,2026-06-07 10:13:18.332429+00:00,
INFQ,INFQ,success,4681,2026-03-12 13:30:00+00:00,2026-06-05 20:00:00+00:00,America/New_York,2026-06-07 10:13:38.868852+00:00,
INFU,INFU,success,3650,2026-03-12 13:30:00+00:00,2026-06-05 20:00:00+00:00,America/New_York,2026-06-07 10:15:41.886822+00:00,
INFY,INFY,success,4681,2026-03-12 13:30:00+00:00,2026-06-05 20:00:00+00:00,America/New_York,2026-06-07 10:12:04.995887+00:00,
ING,ING,success,4681,2026-03-12 13:30:00+00:00,2026-06-05 20:00:00+00:00,America/New_York,2026-06-07 10:11:56.676281+00:00,
INGM,INGM,success,4665,2026-03-12 13:30:00+00:00,2026-06-05 20:00:00+00:00,America/New_York,2026-06-07 10:13:00.140224+00:00,
INGN,INGN,success,4058,2026-03-12 13:30:00+00:00,2026-06-05 20:00:00+00:00,America/New_York,2026-06-07 10:15:44.286097+00:00,
INGR,INGR,success,4611,2026-03-12 13:30:00+00:00,2026-06-05 20:00:00+00:00,America/New_York,2026-06-07 10:13:04.871604+00:00,
INKT,INKT,success,1799,2026-03-12 13:30:00+00:00,2026-06-05 20:00:00+00:00,America/New_York,2026-06-07 10:16:03.326861+00:00,
INMD,INMD,success,4552,2026-03-12 13:30:00+00:00,2026-06-05 20:00:00+00:00,America/New_York,2026-06-07 10:14:38.644796+00:00,
INN,INN,success,4617,2026-03-12 13:30:00+00:00,2026-06-05 20:00:00+00:00,America/New_York,2026-06-07 10:14:45.448932+00:00,
INNV,INNV,success,3897,2026-03-12 13:30:00+00:00,2026-06-05 20:00:00+00:00,America/New_York,2026-06-07 10:14:32.892504+00:00,
INOD,INOD,success,4673,2026-03-12 13:30:00+00:00,2026-06-05 20:00:00+00:00,America/New_York,2026-06-07 10:13:37.311205+00:00,
INR,INR,success,4346,2026-03-12 13:30:00+00:00,2026-06-05 20:00:00+00:00,America/New_York,2026-06-07 10:14:40.236184+00:00,
INSE,INSE,success,2760,2026-03-12 13:30:00+00:00,2026-06-05 20:00:00+00:00,America/New_York,2026-06-07 10:15:39.993076+00:00,
INSG,INSG,success,3944,2026-03-12 13:30:00+00:00,2026-06-05 20:00:00+00:00,America/New_York,2026-06-07 10:15:42.497167+00:00,
INSM,INSM,success,4681,2026-03-12 13:30:00+00:00,2026-06-05 20:00:00+00:00,America/New_York,2026-06-07 10:12:24.480032+00:00,
INSP,INSP,success,4662,2026-03-12 13:30:00+00:00,2026-06-05 20:00:00+00:00,America/New_York,2026-06-07 10:14:25.482117+00:00,
INSW,INSW,success,4628,2026-03-12 13:30:00+00:00,2026-06-05 20:00:00+00:00,America/New_York,2026-06-07 10:13:26.240167+00:00,
INTA,INTA,success,4571,2026-03-13 13:30:00+00:00,2026-06-05 20:00:00+00:00,America/New_York,2026-06-07 10:14:02.769311+00:00,
INTC,INTC,success,4681,2026-03-12 13:30:00+00:00,2026-06-05 20:00:00+00:00,America/New_York,2026-06-07 10:11:45.523303+00:00,
INTG,INTG,success,940,2026-03-12 13:40:00+00:00,2026-06-05 20:00:00+00:00,America/New_York,2026-06-07 10:16:00.952490+00:00,
INTR,INTR,success,4680,2026-03-12 13:30:00+00:00,2026-06-05 20:00:00+00:00,America/New_York,2026-06-07 10:13:49.692908+00:00,
INTT,INTT,success,4136,2026-03-12 13:30:00+00:00,2026-06-05 20:00:00+00:00,America/New_York,2026-06-07 10:15:42.945589+00:00,
INTU,INTU,success,4681,2026-03-12 13:30:00+00:00,2026-06-05 20:00:00+00:00,America/New_York,2026-06-07 10:11:57.468036+00:00,
INV,INV,success,4667,2026-03-12 13:30:00+00:00,2026-06-05 20:00:00+00:00,America/New_York,2026-06-07 10:15:02.283308+00:00,
INVA,INVA,success,4613,2026-03-12 13:30:00+00:00,2026-06-05 20:00:00+00:00,America/New_York,2026-06-07 10:14:07.803052+00:00,
INVE,INVE,success,2819,2026-03-12 13:30:00+00:00,2026-06-05 20:00:00+00:00,America/New_York,2026-06-07 10:15:55.596104+00:00,
INVH,INVH,success,4681,2026-03-12 13:30:00+00:00,2026-06-05 20:00:00+00:00,America/New_York,2026-06-07 10:12:26.722710+00:00,
INVX,INVX,success,4457,2026-03-12 13:30:00+00:00,2026-06-05 20:00:00+00:00,America/New_York,2026-06-07 10:14:03.770392+00:00,
IONQ,IONQ,success,4681,2026-03-12 13:30:00+00:00,2026-06-05 20:00:00+00:00,America/New_York,2026-06-07 10:12:22.758154+00:00,
IONR,IONR,success,2389,2026-03-12 13:30:00+00:00,2026-06-05 20:00:00+00:00,America/New_York,2026-06-07 10:15:22.218386+00:00,
IONS,IONS,success,4678,2026-03-12 13:30:00+00:00,2026-06-05 20:00:00+00:00,America/New_York,2026-06-07 10:12:39.645494+00:00,
IOSP,IOSP,success,3642,2026-03-12 13:30:00+00:00,2026-06-05 20:00:00+00:00,America/New_York,2026-06-07 10:13:59.966952+00:00,
IOT,IOT,success,4681,2026-03-12 13:30:00+00:00,2026-06-05 20:00:00+00:00,America/New_York,2026-06-07 10:12:24.247303+00:00,
IOVA,IOVA,success,4681,2026-03-12 13:30:00+00:00,2026-06-05 20:00:00+00:00,America/New_York,2026-06-07 10:14:02.354338+00:00,
IP,IP,success,4681,2026-03-12 13:30:00+00:00,2026-06-05 20:00:00+00:00,America/New_York,2026-06-07 10:12:27.518944+00:00,
IPAR,IPAR,success,3840,2026-03-12 13:30:00+00:00,2026-06-05 20:00:00+00:00,America/New_York,2026-06-07 10:13:43.001326+00:00,
IPCX,IPCX,success,136,2026-03-12 14:05:00+00:00,2026-06-05 20:00:00+00:00,America/New_York,2026-06-07 10:15:17.577848+00:00,
IPEX,IPEX,success,134,2026-03-12 13:45:00+00:00,2026-06-04 19:15:00+00:00,America/New_York,2026-06-07 10:15:46.984025+00:00,
IPGP,IPGP,success,4493,2026-03-12 13:30:00+00:00,2026-06-05 20:00:00+00:00,America/New_York,2026-06-07 10:13:20.896916+00:00,
IPI,IPI,success,4286,2026-03-12 13:30:00+00:00,2026-06-05 20:00:00+00:00,America/New_York,2026-06-07 10:15:04.640041+00:00,
IPWR,IPWR,success,3073,2026-03-12 13:30:00+00:00,2026-06-05 20:00:00+00:00,America/New_York,2026-06-07 10:15:55.499918+00:00,
IPX,IPX,success,4258,2026-03-12 13:30:00+00:00,2026-06-05 20:00:00+00:00,America/New_York,2026-06-07 10:14:20.480405+00:00,
IQV,IQV,success,4677,2026-03-12 13:30:00+00:00,2026-06-05 20:00:00+00:00,America/New_York,2026-06-07 10:12:13.853547+00:00,
IR,IR,success,4681,2026-03-12 13:30:00+00:00,2026-06-05 20:00:00+00:00,America/New_York,2026-06-07 10:12:15.982849+00:00,
IRD,IRD,success,4553,2026-03-12 13:30:00+00:00,2026-06-05 20:00:00+00:00,America/New_York,2026-06-07 10:15:21.495876+00:00,
IRDM,IRDM,success,4681,2026-03-12 13:30:00+00:00,2026-06-05 20:00:00+00:00,America/New_York,2026-06-07 10:13:15.177724+00:00,
IREN,IREN,success,4681,2026-03-12 13:30:00+00:00,2026-06-05 20:00:00+00:00,America/New_York,2026-06-07 10:12:25.175679+00:00,
IRM,IRM,success,4679,2026-03-12 13:30:00+00:00,2026-06-05 20:00:00+00:00,America/New_York,2026-06-07 10:12:10.742541+00:00,
IRMD,IRMD,success,2674,2026-03-12 13:30:00+00:00,2026-06-05 20:00:00+00:00,America/New_York,2026-06-07 10:14:25.149237+00:00,
IRON,IRON,success,4270,2026-03-12 13:30:00+00:00,2026-06-05 20:00:00+00:00,America/New_York,2026-06-07 10:13:49.636839+00:00,
IRS,IRS,success,3984,2026-03-12 13:30:00+00:00,2026-06-05 20:00:00+00:00,America/New_York,2026-06-07 10:14:18.759599+00:00,
IRT,IRT,success,4680,2026-03-12 13:30:00+00:00,2026-06-05 20:00:00+00:00,America/New_York,2026-06-07 10:13:26.319782+00:00,
IRTC,IRTC,success,4214,2026-03-12 13:30:00+00:00,2026-06-05 20:00:00+00:00,America/New_York,2026-06-07 10:13:34.115858+00:00,
IRWD,IRWD,success,4675,2026-03-12 13:30:00+00:00,2026-06-05 20:00:00+00:00,America/New_York,2026-06-07 10:14:58.511846+00:00,
ISBA,ISBA,success,991,2026-03-12 13:30:00+00:00,2026-06-05 20:00:00+00:00,America/New_York,2026-06-07 10:15:24.784017+00:00,
ISOU,ISOU,success,3400,2026-03-12 13:30:00+00:00,2026-06-05 20:00:00+00:00,America/New_York,2026-06-07 10:14:50.549446+00:00,
ISRG,ISRG,success,4681,2026-03-12 13:30:00+00:00,2026-06-05 20:00:00+00:00,America/New_York,2026-06-07 10:11:51.159592+00:00,
ISSC,ISSC,success,4604,2026-03-12 13:30:00+00:00,2026-06-05 20:00:00+00:00,America/New_York,2026-06-07 10:15:25.180854+00:00,
ISTR,ISTR,success,3493,2026-03-12 13:30:00+00:00,2026-06-05 20:00:00+00:00,America/New_York,2026-06-07 10:15:12.146429+00:00,
IT,IT,success,4681,2026-03-12 13:30:00+00:00,2026-06-05 20:00:00+00:00,America/New_York,2026-06-07 10:12:42.055463+00:00,
ITGR,ITGR,success,4415,2026-03-12 13:30:00+00:00,2026-06-05 20:00:00+00:00,America/New_York,2026-06-07 10:13:37.772980+00:00,
ITIC,ITIC,success,1048,2026-03-12 13:55:00+00:00,2026-06-05 20:00:00+00:00,America/New_York,2026-06-07 10:15:05.201696+00:00,
ITRI,ITRI,success,4590,2026-03-12 13:30:00+00:00,2026-06-05 20:00:00+00:00,America/New_York,2026-06-07 10:13:33.134311+00:00,
ITRN,ITRN,success,3612,2026-03-12 13:30:00+00:00,2026-06-05 20:00:00+00:00,America/New_York,2026-06-07 10:14:22.056128+00:00,
ITT,ITT,success,4641,2026-03-12 13:30:00+00:00,2026-06-05 20:00:00+00:00,America/New_York,2026-06-07 10:12:29.075718+00:00,
ITW,ITW,success,4681,2026-03-12 13:30:00+00:00,2026-06-05 20:00:00+00:00,America/New_York,2026-06-07 10:11:59.876637+00:00,
IVA,IVA,success,3472,2026-03-12 13:30:00+00:00,2026-06-05 20:00:00+00:00,America/New_York,2026-06-07 10:14:33.974340+00:00,
IVR,IVR,success,4681,2026-03-12 13:30:00+00:00,2026-06-05 20:00:00+00:00,America/New_York,2026-06-07 10:14:45.105547+00:00,
IVT,IVT,success,4489,2026-03-12 13:30:00+00:00,2026-06-05 20:00:00+00:00,America/New_York,2026-06-07 10:13:48.499553+00:00,
IVZ,IVZ,success,4681,2026-03-12 13:30:00+00:00,2026-06-05 20:00:00+00:00,America/New_York,2026-06-07 10:12:38.861903+00:00,
IX,IX,success,4518,2026-03-12 13:30:00+00:00,2026-06-05 20:00:00+00:00,America/New_York,2026-06-07 10:12:08.525855+00:00,
IZEA,IZEA,success,1879,2026-03-12 13:30:00+00:00,2026-06-05 20:00:00+00:00,America/New_York,2026-06-07 10:16:02.397951+00:00,
J,J,success,4673,2026-03-12 13:30:00+00:00,2026-06-05 20:00:00+00:00,America/New_York,2026-06-07 10:12:32.294136+00:00,
JACK,JACK,success,4640,2026-03-12 13:30:00+00:00,2026-06-05 20:00:00+00:00,America/New_York,2026-06-07 10:15:38.071339+00:00,
JAKK,JAKK,success,2366,2026-03-12 13:30:00+00:00,2026-06-05 20:00:00+00:00,America/New_York,2026-06-07 10:15:32.869940+00:00,
JANX,JANX,success,4663,2026-03-12 13:30:00+00:00,2026-06-05 20:00:00+00:00,America/New_York,2026-06-07 10:14:41.985358+00:00,
JAZZ,JAZZ,success,4629,2026-03-12 13:30:00+00:00,2026-06-05 20:00:00+00:00,America/New_York,2026-06-07 10:12:31.858085+00:00,
JBGS,JBGS,success,4436,2026-03-12 13:30:00+00:00,2026-06-05 20:00:00+00:00,America/New_York,2026-06-07 10:14:27.605410+00:00,
JBHT,JBHT,success,4642,2026-03-12 13:30:00+00:00,2026-06-05 20:00:00+00:00,America/New_York,2026-06-07 10:12:16.725937+00:00,
JBI,JBI,success,4670,2026-03-12 13:30:00+00:00,2026-06-05 20:00:00+00:00,America/New_York,2026-06-07 10:14:46.288493+00:00,
JBIO,JBIO,success,4357,2026-03-12 13:30:00+00:00,2026-06-05 20:00:00+00:00,America/New_York,2026-06-07 10:14:40.289776+00:00,
JBL,JBL,success,4676,2026-03-12 13:30:00+00:00,2026-06-05 20:00:00+00:00,America/New_York,2026-06-07 10:12:10.346502+00:00,
JBLU,JBLU,success,4681,2026-03-12 13:30:00+00:00,2026-06-05 20:00:00+00:00,America/New_York,2026-06-07 10:14:05.488616+00:00,
JBS,JBS,success,4681,2026-03-12 13:30:00+00:00,2026-06-05 20:00:00+00:00,America/New_York,2026-06-07 10:12:37.528059+00:00,
JBSS,JBSS,success,2370,2026-03-12 13:30:00+00:00,2026-06-05 20:00:00+00:00,America/New_York,2026-06-07 10:14:37.967828+00:00,
JBTM,JBTM,success,4489,2026-03-12 13:30:00+00:00,2026-06-05 20:00:00+00:00,America/New_York,2026-06-07 10:13:04.097693+00:00,
JCAP,JCAP,success,3789,2026-03-12 13:30:00+00:00,2026-06-05 20:00:00+00:00,America/New_York,2026-06-07 10:14:36.794232+00:00,
JCI,JCI,success,4681,2026-03-12 13:30:00+00:00,2026-06-05 20:00:00+00:00,America/New_York,2026-06-07 10:11:56.429678+00:00,
JD,JD,success,4681,2026-03-12 13:30:00+00:00,2026-06-05 20:00:00+00:00,America/New_York,2026-06-07 10:12:09.270058+00:00,
JDZG,JDZG,success,2769,2026-03-12 13:30:00+00:00,2026-06-04 19:50:00+00:00,America/New_York,2026-06-07 10:15:30.633661+00:00,
JEF,JEF,success,4681,2026-03-12 13:30:00+00:00,2026-06-05 20:00:00+00:00,America/New_York,2026-06-07 10:12:40.651171+00:00,
JFB,JFB,success,3654,2026-03-12 13:30:00+00:00,2026-06-05 20:00:00+00:00,America/New_York,2026-06-07 10:15:58.140667+00:00,
JFIN,JFIN,success,1982,2026-03-12 13:30:00+00:00,2026-06-05 20:00:00+00:00,America/New_York,2026-06-07 10:15:40.229427+00:00,
JHG,JHG,success,4677,2026-03-12 13:30:00+00:00,2026-06-05 20:00:00+00:00,America/New_York,2026-06-07 10:12:55.561382+00:00,
JHX,JHX,success,4681,2026-03-12 13:30:00+00:00,2026-06-05 20:00:00+00:00,America/New_York,2026-06-07 10:12:36.252414+00:00,
JILL,JILL,success,2370,2026-03-12 13:30:00+00:00,2026-06-05 20:00:00+00:00,America/New_York,2026-06-07 10:15:40.365835+00:00,
JJSF,JJSF,success,4076,2026-03-12 13:30:00+00:00,2026-06-05 20:00:00+00:00,America/New_York,2026-06-07 10:14:15.559596+00:00,
JKHY,JKHY,success,4659,2026-03-12 13:30:00+00:00,2026-06-05 20:00:00+00:00,America/New_York,2026-06-07 10:12:48.380387+00:00,
JKS,JKS,success,4592,2026-03-12 13:30:00+00:00,2026-06-05 20:00:00+00:00,America/New_York,2026-06-07 10:14:32.121939+00:00,
JLHL,JLHL,success,1267,2026-03-12 13:55:00+00:00,2026-06-05 20:00:00+00:00,America/New_York,2026-06-07 10:14:34.083890+00:00,
JLL,JLL,success,4672,2026-03-12 13:30:00+00:00,2026-06-05 20:00:00+00:00,America/New_York,2026-06-07 10:12:34.143418+00:00,
JMIA,JMIA,success,4681,2026-03-12 13:30:00+00:00,2026-06-05 20:00:00+00:00,America/New_York,2026-06-07 10:14:41.752850+00:00,
JMSB,JMSB,success,1473,2026-03-12 13:30:00+00:00,2026-06-05 20:00:00+00:00,America/New_York,2026-06-07 10:15:25.436205+00:00,
JNJ,JNJ,success,4681,2026-03-12 13:30:00+00:00,2026-06-05 20:00:00+00:00,America/New_York,2026-06-07 10:11:45.714496+00:00,
JOBY,JOBY,success,4681,2026-03-12 13:30:00+00:00,2026-06-05 20:00:00+00:00,America/New_York,2026-06-07 10:12:48.900558+00:00,
JOE,JOE,success,4084,2026-03-12 13:30:00+00:00,2026-06-05 20:00:00+00:00,America/New_York,2026-06-07 10:13:30.167223+00:00,
JOUT,JOUT,success,2369,2026-03-12 13:35:00+00:00,2026-06-05 20:00:00+00:00,America/New_York,2026-06-07 10:15:04.910040+00:00,
JOYY,JOYY,success,4252,2026-03-12 13:30:00+00:00,2026-06-05 20:00:00+00:00,America/New_York,2026-06-07 10:13:35.307338+00:00,
JPM,JPM,success,4681,2026-03-12 13:30:00+00:00,2026-06-05 20:00:00+00:00,America/New_York,2026-06-07 10:11:45.126562+00:00,
JRVR,JRVR,success,3806,2026-03-12 13:30:00+00:00,2026-06-05 20:00:00+00:00,America/New_York,2026-06-07 10:15:43.502505+00:00,
JXN,JXN,success,4676,2026-03-12 13:30:00+00:00,2026-06-05 20:00:00+00:00,America/New_York,2026-06-07 10:12:56.547659+00:00,
JYNT,JYNT,success,2007,2026-03-12 13:30:00+00:00,2026-06-05 20:00:00+00:00,America/New_York,2026-06-07 10:15:53.153494+00:00,
KAI,KAI,success,4151,2026-03-12 13:30:00+00:00,2026-06-05 20:00:00+00:00,America/New_York,2026-06-07 10:13:34.069695+00:00,
KALU,KALU,success,3756,2026-03-12 13:30:00+00:00,2026-06-05 20:00:00+00:00,America/New_York,2026-06-07 10:13:44.049830+00:00,
KALV,KALV,success,4637,2026-03-12 13:30:00+00:00,2026-06-05 20:00:00+00:00,America/New_York,2026-06-07 10:14:15.318066+00:00,
KARO,KARO,success,2568,2026-03-12 13:30:00+00:00,2026-06-05 20:00:00+00:00,America/New_York,2026-06-07 10:14:14.194344+00:00,
KB,KB,success,4162,2026-03-12 13:30:00+00:00,2026-06-05 20:00:00+00:00,America/New_York,2026-06-07 10:12:09.295097+00:00,
KBDC,KBDC,success,4304,2026-03-12 13:30:00+00:00,2026-06-05 20:00:00+00:00,America/New_York,2026-06-07 10:14:33.822709+00:00,
KBH,KBH,success,4680,2026-03-12 13:30:00+00:00,2026-06-05 20:00:00+00:00,America/New_York,2026-06-07 10:13:36.960539+00:00,
KBON,KBON,success,203,2026-03-12 13:30:00+00:00,2026-06-03 19:25:00+00:00,America/New_York,2026-06-07 10:15:06.331604+00:00,
KBR,KBR,success,4680,2026-03-12 13:30:00+00:00,2026-06-05 20:00:00+00:00,America/New_York,2026-06-07 10:13:21.201965+00:00,
KC,KC,success,4663,2026-03-12 13:30:00+00:00,2026-06-05 20:00:00+00:00,America/New_York,2026-06-07 10:13:32.734930+00:00,
KD,KD,success,4681,2026-03-12 13:30:00+00:00,2026-06-05 20:00:00+00:00,America/New_York,2026-06-07 10:13:47.026767+00:00,
KDK,KDK,success,4501,2026-03-12 13:30:00+00:00,2026-06-05 20:00:00+00:00,America/New_York,2026-06-07 10:14:21.582387+00:00,
KDP,KDP,success,4681,2026-03-12 13:30:00+00:00,2026-06-05 20:00:00+00:00,America/New_York,2026-06-07 10:12:08.028232+00:00,
KE,KE,success,3381,2026-03-12 13:30:00+00:00,2026-06-05 20:00:00+00:00,America/New_York,2026-06-07 10:14:54.135433+00:00,
KEEL,KEEL,success,3433,2026-04-06 13:30:00+00:00,2026-06-05 20:00:00+00:00,America/New_York,2026-06-07 10:13:39.874108+00:00,
KELYA,KELYA,success,4335,2026-03-12 13:30:00+00:00,2026-06-05 20:00:00+00:00,America/New_York,2026-06-07 10:15:07.001007+00:00,
KEN,KEN,success,1547,2026-03-12 13:30:00+00:00,2026-06-05 20:00:00+00:00,America/New_York,2026-06-07 10:13:27.335146+00:00,
KEP,KEP,success,4652,2026-03-12 13:30:00+00:00,2026-06-05 20:00:00+00:00,America/New_York,2026-06-07 10:12:30.379841+00:00,
KEQU,KEQU,success,247,2026-03-12 13:30:00+00:00,2026-06-05 20:00:00+00:00,America/New_York,2026-06-07 10:15:54.459652+00:00,
KEX,KEX,success,4617,2026-03-12 13:30:00+00:00,2026-06-05 20:00:00+00:00,America/New_York,2026-06-07 10:12:56.246873+00:00,
KEY,KEY,success,4681,2026-03-12 13:30:00+00:00,2026-06-05 20:00:00+00:00,America/New_York,2026-06-07 10:12:20.153563+00:00,
KEYS,KEYS,success,4677,2026-03-12 13:30:00+00:00,2026-06-05 20:00:00+00:00,America/New_York,2026-06-07 10:12:03.630919+00:00,
KEYYU,KEYYU,success,84,2026-06-03 13:30:00+00:00,2026-06-05 20:00:00+00:00,America/New_York,2026-06-07 10:15:32.373879+00:00,
KFRC,KFRC,success,4140,2026-03-12 13:30:00+00:00,2026-06-05 20:00:00+00:00,America/New_York,2026-06-07 10:14:37.890978+00:00,
KFY,KFY,success,4457,2026-03-12 13:30:00+00:00,2026-06-05 20:00:00+00:00,America/New_York,2026-06-07 10:13:29.796669+00:00,
KG,KG,success,527,2026-03-12 13:40:00+00:00,2026-06-05 20:00:00+00:00,America/New_York,2026-06-07 10:15:56.029663+00:00,
KGC,KGC,success,4681,2026-03-12 13:30:00+00:00,2026-06-05 20:00:00+00:00,America/New_York,2026-06-07 10:12:13.663329+00:00,
KGEI,KGEI,success,3588,2026-03-12 13:30:00+00:00,2026-06-05 20:00:00+00:00,America/New_York,2026-06-07 10:15:41.903384+00:00,
KGS,KGS,success,4676,2026-03-12 13:30:00+00:00,2026-06-05 20:00:00+00:00,America/New_York,2026-06-07 10:13:02.926705+00:00,
KHC,KHC,success,4681,2026-03-12 13:30:00+00:00,2026-06-05 20:00:00+00:00,America/New_York,2026-06-07 10:12:17.403223+00:00,
KIDS,KIDS,success,3477,2026-03-12 13:30:00+00:00,2026-06-05 20:00:00+00:00,America/New_York,2026-06-07 10:15:05.231016+00:00,
KIM,KIM,success,4681,2026-03-12 13:30:00+00:00,2026-06-05 20:00:00+00:00,America/New_York,2026-06-07 10:12:29.104750+00:00,
KINS,KINS,success,3160,2026-03-12 13:30:00+00:00,2026-06-05 20:00:00+00:00,America/New_York,2026-06-07 10:15:36.768463+00:00,
KKR,KKR,success,4681,2026-03-12 13:30:00+00:00,2026-06-05 20:00:00+00:00,America/New_York,2026-06-07 10:11:57.322557+00:00,
KLAC,KLAC,success,4680,2026-03-12 13:30:00+00:00,2026-06-05 20:00:00+00:00,America/New_York,2026-06-07 10:11:47.779984+00:00,
KLAR,KLAR,success,4681,2026-03-12 13:30:00+00:00,2026-06-05 20:00:00+00:00,America/New_York,2026-06-07 10:12:47.319357+00:00,
KLC,KLC,success,4666,2026-03-12 13:30:00+00:00,2026-06-05 20:00:00+00:00,America/New_York,2026-06-07 10:15:04.498731+00:00,
KLIC,KLIC,success,4599,2026-03-12 13:30:00+00:00,2026-06-05 20:00:00+00:00,America/New_York,2026-06-07 10:13:14.224018+00:00,
KLRA,KLRA,success,2605,2026-04-17 13:40:00+00:00,2026-06-05 20:00:00+00:00,America/New_York,2026-06-07 10:13:49.504109+00:00,
KLRS,KLRS,success,2221,2026-03-12 13:30:00+00:00,2026-06-05 20:00:00+00:00,America/New_York,2026-06-07 10:15:56.067178+00:00,
KMB,KMB,success,4681,2026-03-12 13:30:00+00:00,2026-06-05 20:00:00+00:00,America/New_York,2026-06-07 10:12:12.844560+00:00,
KMDA,KMDA,success,2135,2026-03-12 13:30:00+00:00,2026-06-05 20:00:00+00:00,America/New_York,2026-06-07 10:15:09.375256+00:00,
KMI,KMI,success,4681,2026-03-12 13:30:00+00:00,2026-06-05 20:00:00+00:00,America/New_York,2026-06-07 10:12:00.530255+00:00,
KMPR,KMPR,success,4657,2026-03-12 13:30:00+00:00,2026-06-05 20:00:00+00:00,America/New_York,2026-06-07 10:14:14.557374+00:00,
KMT,KMT,success,4671,2026-03-12 13:30:00+00:00,2026-06-05 20:00:00+00:00,America/New_York,2026-06-07 10:13:50.254942+00:00,
KMTS,KMTS,success,4036,2026-03-12 13:30:00+00:00,2026-06-05 20:00:00+00:00,America/New_York,2026-06-07 10:14:27.666600+00:00,
KMX,KMX,success,4681,2026-03-12 13:30:00+00:00,2026-06-05 20:00:00+00:00,America/New_York,2026-06-07 10:13:01.832739+00:00,
KN,KN,success,4634,2026-03-12 13:30:00+00:00,2026-06-05 20:00:00+00:00,America/New_York,2026-06-07 10:13:38.381735+00:00,
KNF,KNF,success,4497,2026-03-12 13:30:00+00:00,2026-06-05 20:00:00+00:00,America/New_York,2026-06-07 10:13:24.167003+00:00,
KNOP,KNOP,success,3022,2026-03-12 13:30:00+00:00,2026-06-05 20:00:00+00:00,America/New_York,2026-06-07 10:15:15.129994+00:00,
KNSA,KNSA,success,4561,2026-03-12 13:30:00+00:00,2026-06-05 20:00:00+00:00,America/New_York,2026-06-07 10:13:30.680389+00:00,
KNSL,KNSL,success,4617,2026-03-12 13:30:00+00:00,2026-06-05 20:00:00+00:00,America/New_York,2026-06-07 10:12:59.082767+00:00,
KNTK,KNTK,success,4674,2026-03-12 13:30:00+00:00,2026-06-05 20:00:00+00:00,America/New_York,2026-06-07 10:12:57.836859+00:00,
KNX,KNX,success,4681,2026-03-12 13:30:00+00:00,2026-06-05 20:00:00+00:00,America/New_York,2026-06-07 10:12:37.217338+00:00,
KO,KO,success,4681,2026-03-12 13:30:00+00:00,2026-06-05 20:00:00+00:00,America/New_York,2026-06-07 10:11:46.699984+00:00,
KOD,KOD,success,4565,2026-03-12 13:30:00+00:00,2026-06-05 20:00:00+00:00,America/New_York,2026-06-07 10:14:02.980612+00:00,
KODK,KODK,success,4674,2026-03-12 13:30:00+00:00,2026-06-05 20:00:00+00:00,America/New_York,2026-06-07 10:14:38.041299+00:00,
KOF,KOF,success,3785,2026-03-12 13:30:00+00:00,2026-06-05 20:00:00+00:00,America/New_York,2026-06-07 10:13:10.330892+00:00,
KOP,KOP,success,3623,2026-03-12 13:30:00+00:00,2026-06-05 20:00:00+00:00,America/New_York,2026-06-07 10:14:42.124474+00:00,
KOPN,KOPN,success,4678,2026-03-12 13:30:00+00:00,2026-06-05 20:00:00+00:00,America/New_York,2026-06-07 10:14:32.567492+00:00,
KORE,KORE,success,1830,2026-03-12 13:30:00+00:00,2026-06-05 20:00:00+00:00,America/New_York,2026-06-07 10:15:46.467328+00:00,
KOYN,KOYN,success,114,2026-03-12 15:40:00+00:00,2026-06-05 20:00:00+00:00,America/New_York,2026-06-07 10:15:24.734668+00:00,
KPTI,KPTI,success,4326,2026-03-12 13:30:00+00:00,2026-06-05 20:00:00+00:00,America/New_York,2026-06-07 10:15:39.392243+00:00,
KR,KR,success,4681,2026-03-12 13:30:00+00:00,2026-06-05 20:00:00+00:00,America/New_York,2026-06-07 10:12:09.696667+00:00,
KRC,KRC,success,4681,2026-03-12 13:30:00+00:00,2026-06-05 20:00:00+00:00,America/New_York,2026-06-07 10:13:22.656556+00:00,
KREF,KREF,success,4665,2026-03-12 13:30:00+00:00,2026-06-05 20:00:00+00:00,America/New_York,2026-06-07 10:15:06.286020+00:00,
KRG,KRG,success,4681,2026-03-12 13:30:00+00:00,2026-06-05 20:00:00+00:00,America/New_York,2026-06-07 10:13:09.332666+00:00,
KRMD,KRMD,success,2786,2026-03-12 13:30:00+00:00,2026-06-05 20:00:00+00:00,America/New_York,2026-06-07 10:15:43.469469+00:00,
KRMN,KRMN,success,4681,2026-03-12 13:30:00+00:00,2026-06-05 20:00:00+00:00,America/New_York,2026-06-07 10:13:03.350966+00:00,
KRNT,KRNT,success,4036,2026-03-12 13:30:00+00:00,2026-06-05 20:00:00+00:00,America/New_York,2026-06-07 10:14:46.237836+00:00,
KRNY,KRNY,success,4082,2026-03-12 13:30:00+00:00,2026-06-05 20:00:00+00:00,America/New_York,2026-06-07 10:14:58.750653+00:00,
KRO,KRO,success,4325,2026-03-12 13:30:00+00:00,2026-06-05 20:00:00+00:00,America/New_York,2026-06-07 10:14:44.699633+00:00,
KROS,KROS,success,4308,2026-03-12 13:30:00+00:00,2026-06-05 20:00:00+00:00,America/New_York,2026-06-07 10:15:39.553939+00:00,
KRRO,KRRO,success,3380,2026-03-12 13:30:00+00:00,2026-06-05 20:00:00+00:00,America/New_York,2026-06-07 10:15:47.366553+00:00,
KRT,KRT,success,2797,2026-03-12 13:30:00+00:00,2026-06-05 20:00:00+00:00,America/New_York,2026-06-07 10:14:55.629072+00:00,
KRUS,KRUS,success,4148,2026-03-12 13:30:00+00:00,2026-06-05 20:00:00+00:00,America/New_York,2026-06-07 10:14:56.938017+00:00,
KRYS,KRYS,success,4065,2026-03-12 13:30:00+00:00,2026-06-05 20:00:00+00:00,America/New_York,2026-06-07 10:12:51.398822+00:00,
KSPI,KSPI,success,4472,2026-03-12 13:30:00+00:00,2026-06-05 20:00:00+00:00,America/New_York,2026-06-07 10:12:30.497392+00:00,
KSS,KSS,success,4681,2026-03-12 13:30:00+00:00,2026-06-05 20:00:00+00:00,America/New_York,2026-06-07 10:14:06.218994+00:00,
KT,KT,success,4660,2026-03-12 13:30:00+00:00,2026-06-05 20:00:00+00:00,America/New_York,2026-06-07 10:12:52.166447+00:00,
KTB,KTB,success,4604,2026-03-12 13:30:00+00:00,2026-06-05 20:00:00+00:00,America/New_York,2026-06-07 10:13:27.968048+00:00,
KTOS,KTOS,success,4681,2026-03-12 13:30:00+00:00,2026-06-05 20:00:00+00:00,America/New_York,2026-06-07 10:12:42.824973+00:00,
KTWO,KTWO,success,163,2026-03-13 16:05:00+00:00,2026-06-05 20:00:00+00:00,America/New_York,2026-06-07 10:15:40.302631+00:00,
KULR,KULR,success,4680,2026-03-12 13:30:00+00:00,2026-06-05 20:00:00+00:00,America/New_York,2026-06-07 10:15:44.496515+00:00,
KURA,KURA,success,4672,2026-03-12 13:30:00+00:00,2026-06-05 20:00:00+00:00,America/New_York,2026-06-07 10:14:43.317664+00:00,
KVHI,KVHI,success,3468,2026-03-12 13:30:00+00:00,2026-06-05 20:00:00+00:00,America/New_York,2026-06-07 10:15:48.307121+00:00,
KVUE,KVUE,success,4681,2026-03-12 13:30:00+00:00,2026-06-05 20:00:00+00:00,America/New_York,2026-06-07 10:12:12.081648+00:00,
KVYO,KVYO,success,4681,2026-03-12 13:30:00+00:00,2026-06-05 20:00:00+00:00,America/New_York,2026-06-07 10:13:18.018549+00:00,
KW,KW,success,4641,2026-03-12 13:30:00+00:00,2026-06-05 20:00:00+00:00,America/New_York,2026-06-07 10:14:12.356009+00:00,
KWR,KWR,success,3373,2026-03-12 13:30:00+00:00,2026-06-05 20:00:00+00:00,America/New_York,2026-06-07 10:13:50.987309+00:00,
KWY,KWY,success,564,2026-05-19 13:30:00+00:00,2026-06-05 20:00:00+00:00,America/New_York,2026-06-07 10:15:27.313328+00:00,
KYIV,KYIV,success,4431,2026-03-12 13:30:00+00:00,2026-06-05 20:00:00+00:00,America/New_York,2026-06-07 10:13:38.327679+00:00,
KYMR,KYMR,success,4452,2026-03-12 13:30:00+00:00,2026-06-05 20:00:00+00:00,America/New_York,2026-06-07 10:13:07.842810+00:00,
KYTX,KYTX,success,4619,2026-03-12 13:30:00+00:00,2026-06-05 20:00:00+00:00,America/New_York,2026-06-07 10:15:05.642532+00:00,
KZIA,KZIA,success,3289,2026-03-12 13:30:00+00:00,2026-06-05 20:00:00+00:00,America/New_York,2026-06-07 10:15:52.132564+00:00,
L,L,success,4618,2026-03-12 13:30:00+00:00,2026-06-05 20:00:00+00:00,America/New_York,2026-06-07 10:12:21.920488+00:00,
LAC,LAC,success,4681,2026-03-12 13:30:00+00:00,2026-06-05 20:00:00+00:00,America/New_York,2026-06-07 10:14:10.395922+00:00,
LAD,LAD,success,4615,2026-03-12 13:30:00+00:00,2026-06-05 20:00:00+00:00,America/New_York,2026-06-07 10:13:02.607164+00:00,
LADR,LADR,success,4633,2026-03-12 13:30:00+00:00,2026-06-05 20:00:00+00:00,America/New_York,2026-06-07 10:14:20.328443+00:00,
LAES,LAES,success,4681,2026-03-12 13:30:00+00:00,2026-06-05 20:00:00+00:00,America/New_York,2026-06-07 10:14:45.873958+00:00,
LAKE,LAKE,success,2798,2026-03-12 13:30:00+00:00,2026-06-05 20:00:00+00:00,America/New_York,2026-06-07 10:15:56.779712+00:00,
LAMR,LAMR,success,4537,2026-03-12 13:30:00+00:00,2026-06-05 20:00:00+00:00,America/New_York,2026-06-07 10:12:31.105127+00:00,
LAND,LAND,success,4580,2026-03-12 13:30:00+00:00,2026-06-05 20:00:00+00:00,America/New_York,2026-06-07 10:15:13.925577+00:00,
LAR,LAR,success,4681,2026-03-12 13:30:00+00:00,2026-06-05 20:00:00+00:00,America/New_York,2026-06-07 10:14:16.920569+00:00,
LARK,LARK,success,410,2026-03-12 13:30:00+00:00,2026-06-05 20:00:00+00:00,America/New_York,2026-06-07 10:15:44.537152+00:00,
LASE,LASE,success,4580,2026-03-12 13:30:00+00:00,2026-06-05 20:00:00+00:00,America/New_York,2026-06-07 10:15:52.969739+00:00,
LASR,LASR,success,4678,2026-03-12 13:30:00+00:00,2026-06-05 20:00:00+00:00,America/New_York,2026-06-07 10:13:32.224367+00:00,
LAUR,LAUR,success,4675,2026-03-12 13:30:00+00:00,2026-06-05 20:00:00+00:00,America/New_York,2026-06-07 10:13:17.685732+00:00,
LAW,LAW,success,4252,2026-03-12 13:30:00+00:00,2026-06-05 20:00:00+00:00,America/New_York,2026-06-07 10:15:33.765585+00:00,
LAZ,LAZ,success,4667,2026-03-12 13:30:00+00:00,2026-06-05 20:00:00+00:00,America/New_York,2026-06-07 10:13:22.112251+00:00,
LB,LB,success,4425,2026-03-12 13:30:00+00:00,2026-06-05 20:00:00+00:00,America/New_York,2026-06-07 10:13:13.630385+00:00,
LBRDK,LBRDK,success,4669,2026-03-12 13:30:00+00:00,2026-06-05 20:00:00+00:00,America/New_York,2026-06-07 10:13:21.676144+00:00,
LBRT,LBRT,success,4681,2026-03-12 13:30:00+00:00,2026-06-05 20:00:00+00:00,America/New_York,2026-06-07 10:13:19.772795+00:00,
LBRX,LBRX,success,3546,2026-03-12 13:30:00+00:00,2026-06-05 20:00:00+00:00,America/New_York,2026-06-07 10:14:41.487138+00:00,
LBTYK,LBTYK,success,4669,2026-03-12 13:30:00+00:00,2026-06-05 20:00:00+00:00,America/New_York,2026-06-07 10:13:29.483634+00:00,
LC,LC,success,4681,2026-03-12 13:30:00+00:00,2026-06-05 20:00:00+00:00,America/New_York,2026-06-07 10:14:00.655556+00:00,
LCID,LCID,success,4681,2026-03-12 13:30:00+00:00,2026-06-05 20:00:00+00:00,America/New_York,2026-06-07 10:14:00.138907+00:00,
LCII,LCII,success,4168,2026-03-12 13:30:00+00:00,2026-06-05 20:00:00+00:00,America/New_York,2026-06-07 10:13:54.085981+00:00,
LCLN,LCLN,success,811,2026-05-20 13:40:00+00:00,2026-06-05 20:00:00+00:00,America/New_York,2026-06-07 10:13:54.727777+00:00,
LCNB,LCNB,success,1236,2026-03-12 13:30:00+00:00,2026-06-05 20:00:00+00:00,America/New_York,2026-06-07 10:15:34.270119+00:00,
LCUT,LCUT,success,3642,2026-03-12 13:30:00+00:00,2026-06-05 20:00:00+00:00,America/New_York,2026-06-07 10:15:39.948472+00:00,
LDOS,LDOS,success,4668,2026-03-12 13:30:00+00:00,2026-06-05 20:00:00+00:00,America/New_York,2026-06-07 10:12:30.027097+00:00,
LE,LE,success,4125,2026-03-12 13:30:00+00:00,2026-06-05 20:00:00+00:00,America/New_York,2026-06-07 10:15:22.110926+00:00,
LEA,LEA,success,4631,2026-03-12 13:30:00+00:00,2026-06-05 20:00:00+00:00,America/New_York,2026-06-07 10:12:59.390982+00:00,
LECO,LECO,success,4283,2026-03-12 13:30:00+00:00,2026-06-05 20:00:00+00:00,America/New_York,2026-06-07 10:12:32.975606+00:00,
LEE,LEE,success,1692,2026-03-12 13:35:00+00:00,2026-06-05 20:00:00+00:00,America/New_York,2026-06-07 10:15:35.974652+00:00,
LEG,LEG,success,4680,2026-03-12 13:30:00+00:00,2026-06-05 20:00:00+00:00,America/New_York,2026-06-07 10:14:18.356508+00:00,
LEGH,LEGH,success,2659,2026-03-12 13:30:00+00:00,2026-06-05 20:00:00+00:00,America/New_York,2026-06-07 10:14:55.427832+00:00,
LEGN,LEGN,success,4680,2026-03-12 13:30:00+00:00,2026-06-05 20:00:00+00:00,America/New_York,2026-06-07 10:13:06.767829+00:00,
LEGT,LEGT,success,1116,2026-03-12 13:30:00+00:00,2026-06-05 20:00:00+00:00,America/New_York,2026-06-07 10:15:35.194656+00:00,
LEN,LEN,success,4681,2026-03-12 13:30:00+00:00,2026-06-05 20:00:00+00:00,America/New_York,2026-06-07 10:12:21.782749+00:00,
LENZ,LENZ,success,4640,2026-03-12 13:30:00+00:00,2026-06-05 20:00:00+00:00,America/New_York,2026-06-07 10:15:37.650711+00:00,
LEU,LEU,success,4679,2026-03-12 13:30:00+00:00,2026-06-05 20:00:00+00:00,America/New_York,2026-06-07 10:13:38.496560+00:00,
LEVI,LEVI,success,4681,2026-03-12 13:30:00+00:00,2026-06-05 20:00:00+00:00,America/New_York,2026-06-07 10:12:51.466599+00:00,
LFCR,LFCR,success,3984,2026-03-12 13:30:00+00:00,2026-06-05 20:00:00+00:00,America/New_York,2026-06-07 10:15:38.551646+00:00,
LFMD,LFMD,success,4652,2026-03-12 13:30:00+00:00,2026-06-05 20:00:00+00:00,America/New_York,2026-06-07 10:15:35.008863+00:00,
LFST,LFST,success,4666,2026-03-12 13:30:00+00:00,2026-06-05 20:00:00+00:00,America/New_York,2026-06-07 10:13:43.846404+00:00,
LFTO,LFTO,success,82,2026-06-04 19:45:00+00:00,2026-06-05 20:00:00+00:00,America/New_York,2026-06-07 10:13:20.965073+00:00,
LFUS,LFUS,success,4515,2026-03-12 13:30:00+00:00,2026-06-05 20:00:00+00:00,America/New_York,2026-06-07 10:12:40.772986+00:00,
LFVN,LFVN,success,3518,2026-03-12 13:30:00+00:00,2026-06-05 20:00:00+00:00,America/New_York,2026-06-07 10:15:52.305741+00:00,
LGCY,LGCY,success,2262,2026-03-12 13:30:00+00:00,2026-06-05 20:00:00+00:00,America/New_York,2026-06-07 10:15:49.595770+00:00,
LGIH,LGIH,success,4511,2026-03-12 13:30:00+00:00,2026-06-05 20:00:00+00:00,America/New_York,2026-06-07 10:14:26.118492+00:00,
LGN,LGN,success,4668,2026-03-12 13:30:00+00:00,2026-06-05 20:00:00+00:00,America/New_York,2026-06-07 10:12:49.565549+00:00,
LGND,LGND,success,3335,2026-03-12 13:30:00+00:00,2026-06-05 20:00:00+00:00,America/New_York,2026-06-07 10:13:18.930478+00:00,
LH,LH,success,4676,2026-03-12 13:30:00+00:00,2026-06-05 20:00:00+00:00,America/New_York,2026-06-07 10:12:21.976116+00:00,
LHX,LHX,success,4681,2026-03-12 13:30:00+00:00,2026-06-05 20:00:00+00:00,America/New_York,2026-06-07 10:12:03.123248+00:00,
LI,LI,success,4681,2026-03-12 13:30:00+00:00,2026-06-05 20:00:00+00:00,America/New_York,2026-06-07 10:12:33.599756+00:00,
LIEN,LIEN,success,1693,2026-03-12 14:55:00+00:00,2026-06-05 20:00:00+00:00,America/New_York,2026-06-07 10:15:36.793527+00:00,
LIF,LIF,success,4651,2026-03-12 13:30:00+00:00,2026-06-05 20:00:00+00:00,America/New_York,2026-06-07 10:13:31.737608+00:00,
LIFE,LIFE,success,4506,2026-03-12 13:30:00+00:00,2026-06-05 20:00:00+00:00,America/New_York,2026-06-07 10:14:29.696447+00:00,
LII,LII,success,4668,2026-03-12 13:30:00+00:00,2026-06-05 20:00:00+00:00,America/New_York,2026-06-07 10:12:27.344423+00:00,
LILAK,LILAK,success,4549,2026-03-12 13:30:00+00:00,2026-06-05 20:00:00+00:00,America/New_York,2026-06-07 10:14:12.221677+00:00,
LIN,LIN,success,4681,2026-03-12 13:30:00+00:00,2026-06-05 20:00:00+00:00,America/New_York,2026-06-07 10:11:48.145329+00:00,
LINC,LINC,success,4467,2026-03-12 13:30:00+00:00,2026-06-05 20:00:00+00:00,America/New_York,2026-06-07 10:14:11.955369+00:00,
LIND,LIND,success,4582,2026-03-12 13:30:00+00:00,2026-06-05 20:00:00+00:00,America/New_York,2026-06-07 10:14:16.476553+00:00,
LINE,LINE,success,4662,2026-03-12 13:30:00+00:00,2026-06-05 20:00:00+00:00,America/New_York,2026-06-07 10:12:47.268897+00:00,
LINK,LINK,success,1324,2026-03-12 14:25:00+00:00,2026-06-05 20:00:00+00:00,America/New_York,2026-06-07 10:15:59.308378+00:00,
LION,LION,success,4676,2026-03-12 13:30:00+00:00,2026-06-05 20:00:00+00:00,America/New_York,2026-06-07 10:13:27.514030+00:00,
LITE,LITE,success,4681,2026-03-12 13:30:00+00:00,2026-06-05 20:00:00+00:00,America/New_York,2026-06-07 10:12:01.166402+00:00,
LIVN,LIVN,success,4591,2026-03-12 13:30:00+00:00,2026-06-05 20:00:00+00:00,America/New_York,2026-06-07 10:13:26.914389+00:00,
LIXT,LIXT,success,1247,2026-03-12 13:30:00+00:00,2026-06-05 20:00:00+00:00,America/New_York,2026-06-07 10:15:57.359002+00:00,
LKFN,LKFN,success,3277,2026-03-12 13:30:00+00:00,2026-06-05 20:00:00+00:00,America/New_York,2026-06-07 10:14:12.036437+00:00,
LKFT,LKFT,success,1201,2026-05-08 13:30:00+00:00,2026-06-05 20:00:00+00:00,America/New_York,2026-06-07 10:14:02.511591+00:00,
LKQ,LKQ,success,4681,2026-03-12 13:30:00+00:00,2026-06-05 20:00:00+00:00,America/New_York,2026-06-07 10:13:03.908754+00:00,
LLY,LLY,success,4681,2026-03-12 13:30:00+00:00,2026-06-05 20:00:00+00:00,America/New_York,2026-06-07 10:11:45.191400+00:00,
LLYVK,LLYVK,success,4001,2026-03-12 13:30:00+00:00,2026-06-05 20:00:00+00:00,America/New_York,2026-06-07 10:12:52.547522+00:00,
LMAT,LMAT,success,3673,2026-03-12 13:30:00+00:00,2026-06-05 20:00:00+00:00,America/New_York,2026-06-07 10:13:57.380971+00:00,
LMB,LMB,success,3686,2026-03-12 13:30:00+00:00,2026-06-05 20:00:00+00:00,America/New_York,2026-06-07 10:14:35.436015+00:00,
LMND,LMND,success,4680,2026-03-12 13:30:00+00:00,2026-06-05 20:00:00+00:00,America/New_York,2026-06-07 10:13:30.069624+00:00,
LMNR,LMNR,success,2403,2026-03-12 13:30:00+00:00,2026-06-05 20:00:00+00:00,America/New_York,2026-06-07 10:15:38.102604+00:00,
LMRI,LMRI,success,4545,2026-03-12 13:30:00+00:00,2026-06-05 20:00:00+00:00,America/New_York,2026-06-07 10:14:41.824311+00:00,
LMT,LMT,success,4681,2026-03-12 13:30:00+00:00,2026-06-05 20:00:00+00:00,America/New_York,2026-06-07 10:11:52.741936+00:00,
LNC,LNC,success,4681,2026-03-12 13:30:00+00:00,2026-06-05 20:00:00+00:00,America/New_York,2026-06-07 10:13:02.572747+00:00,
LND,LND,success,2897,2026-03-12 13:30:00+00:00,2026-06-05 20:00:00+00:00,America/New_York,2026-06-07 10:15:16.825752+00:00,
LNG,LNG,success,4681,2026-03-12 13:30:00+00:00,2026-06-05 20:00:00+00:00,America/New_York,2026-06-07 10:12:04.648777+00:00,
LNN,LNN,success,3468,2026-03-12 13:30:00+00:00,2026-06-05 20:00:00+00:00,America/New_York,2026-06-07 10:14:24.980037+00:00,
LNSR,LNSR,success,2459,2026-03-12 13:30:00+00:00,2026-06-05 20:00:00+00:00,America/New_York,2026-06-07 10:16:01.724028+00:00,
LNT,LNT,success,4681,2026-03-12 13:30:00+00:00,2026-06-05 20:00:00+00:00,America/New_York,2026-06-07 10:12:25.896126+00:00,
LNTH,LNTH,success,4582,2026-03-12 13:30:00+00:00,2026-06-05 20:00:00+00:00,America/New_York,2026-06-07 10:13:03.298220+00:00,
LNZA,LNZA,success,2121,2026-03-12 13:30:00+00:00,2026-06-05 20:00:00+00:00,America/New_York,2026-06-07 10:15:57.460312+00:00,
LOAR,LOAR,success,4646,2026-03-12 13:30:00+00:00,2026-06-05 20:00:00+00:00,America/New_York,2026-06-07 10:13:07.513242+00:00,
LOB,LOB,success,4225,2026-03-12 13:30:00+00:00,2026-06-05 20:00:00+00:00,America/New_York,2026-06-07 10:14:06.369993+00:00,
LOCO,LOCO,success,4182,2026-03-12 13:30:00+00:00,2026-06-05 20:00:00+00:00,America/New_York,2026-06-07 10:15:10.413209+00:00,
LODE,LODE,success,4663,2026-03-12 13:30:00+00:00,2026-06-05 20:00:00+00:00,America/New_York,2026-06-07 10:15:26.577751+00:00,
LOGI,LOGI,success,4664,2026-03-12 13:30:00+00:00,2026-06-05 20:00:00+00:00,America/New_York,2026-06-07 10:12:30.676510+00:00,
LOKV,LOKV,success,272,2026-03-12 13:45:00+00:00,2026-06-05 20:00:00+00:00,America/New_York,2026-06-07 10:15:25.564065+00:00,
LOMA,LOMA,success,4365,2026-03-12 13:30:00+00:00,2026-06-05 20:00:00+00:00,America/New_York,2026-06-07 10:14:17.590421+00:00,
LONA,LONA,success,1964,2026-03-12 13:50:00+00:00,2026-06-05 20:00:00+00:00,America/New_York,2026-06-07 10:15:59.769019+00:00,
LOPE,LOPE,success,3838,2026-03-12 13:30:00+00:00,2026-06-05 20:00:00+00:00,America/New_York,2026-06-07 10:13:25.665858+00:00,
LOVE,LOVE,success,3862,2026-03-12 13:30:00+00:00,2026-06-05 20:00:00+00:00,America/New_York,2026-06-07 10:15:35.507132+00:00,
LOW,LOW,success,4681,2026-03-12 13:30:00+00:00,2026-06-05 20:00:00+00:00,America/New_York,2026-06-07 10:11:53.230641+00:00,
LPG,LPG,success,4617,2026-03-12 13:30:00+00:00,2026-06-05 20:00:00+00:00,America/New_York,2026-06-07 10:14:04.976617+00:00,
LPL,LPL,success,4668,2026-03-12 13:30:00+00:00,2026-06-05 20:00:00+00:00,America/New_York,2026-06-07 10:13:16.873079+00:00,
LPLA,LPLA,success,4677,2026-03-12 13:30:00+00:00,2026-06-05 20:00:00+00:00,America/New_York,2026-06-07 10:12:20.460198+00:00,
LPTH,LPTH,success,4681,2026-03-12 13:30:00+00:00,2026-06-05 20:00:00+00:00,America/New_York,2026-06-07 10:14:35.285526+00:00,
LPX,LPX,success,4655,2026-03-12 13:30:00+00:00,2026-06-05 20:00:00+00:00,America/New_York,2026-06-07 10:13:16.244750+00:00,
LQDA,LQDA,success,4674,2026-03-12 13:30:00+00:00,2026-06-05 20:00:00+00:00,America/New_York,2026-06-07 10:13:12.466304+00:00,
LQDT,LQDT,success,3573,2026-03-12 13:30:00+00:00,2026-06-05 20:00:00+00:00,America/New_York,2026-06-07 10:14:27.020565+00:00,
LRCX,LRCX,success,4681,2026-03-12 13:30:00+00:00,2026-06-05 20:00:00+00:00,America/New_York,2026-06-07 10:11:46.339389+00:00,
LRMR,LRMR,success,4672,2026-03-12 13:30:00+00:00,2026-06-05 20:00:00+00:00,America/New_York,2026-06-07 10:15:20.661524+00:00,
LRN,LRN,success,4591,2026-03-12 13:30:00+00:00,2026-06-05 20:00:00+00:00,America/New_York,2026-06-07 10:13:22.347925+00:00,
LSAK,LSAK,success,2443,2026-03-12 13:30:00+00:00,2026-06-05 20:00:00+00:00,America/New_York,2026-06-07 10:15:12.076586+00:00,
LSBK,LSBK,success,447,2026-03-12 13:30:00+00:00,2026-06-05 20:00:00+00:00,America/New_York,2026-06-07 10:15:52.720660+00:00,
LSCC,LSCC,success,4679,2026-03-12 13:30:00+00:00,2026-06-05 20:00:00+00:00,America/New_York,2026-06-07 10:12:26.629698+00:00,
LSPD,LSPD,success,4677,2026-03-12 13:30:00+00:00,2026-06-05 20:00:00+00:00,America/New_York,2026-06-07 10:14:21.611594+00:00,
LSTR,LSTR,success,4409,2026-03-12 13:30:00+00:00,2026-06-05 20:00:00+00:00,America/New_York,2026-06-07 10:12:56.654494+00:00,
LTBR,LTBR,success,4658,2026-03-12 13:30:00+00:00,2026-06-05 20:00:00+00:00,America/New_York,2026-06-07 10:15:23.114373+00:00,
LTC,LTC,success,4524,2026-03-12 13:30:00+00:00,2026-06-05 20:00:00+00:00,America/New_York,2026-06-07 10:14:03.474507+00:00,
LTH,LTH,success,4681,2026-03-12 13:30:00+00:00,2026-06-05 20:00:00+00:00,America/New_York,2026-06-07 10:12:58.807291+00:00,
LTM,LTM,success,4664,2026-03-12 13:30:00+00:00,2026-06-05 20:00:00+00:00,America/New_York,2026-06-07 10:12:34.515680+00:00,
LTRX,LTRX,success,4587,2026-03-12 13:30:00+00:00,2026-06-05 20:00:00+00:00,America/New_York,2026-06-07 10:15:31.683440+00:00,
LUCK,LUCK,success,2477,2026-03-12 13:30:00+00:00,2026-06-05 20:00:00+00:00,America/New_York,2026-06-07 10:14:24.305532+00:00,
LULU,LULU,success,4681,2026-03-12 13:30:00+00:00,2026-06-05 20:00:00+00:00,America/New_York,2026-06-07 10:12:34.750832+00:00,
LUMN,LUMN,success,4681,2026-03-12 13:30:00+00:00,2026-06-05 20:00:00+00:00,America/New_York,2026-06-07 10:12:49.330108+00:00,
LUNR,LUNR,success,4680,2026-03-12 13:30:00+00:00,2026-06-05 20:00:00+00:00,America/New_York,2026-06-07 10:13:04.410366+00:00,
LUV,LUV,success,4681,2026-03-12 13:30:00+00:00,2026-06-05 20:00:00+00:00,America/New_York,2026-06-07 10:12:23.922159+00:00,
LUXE,LUXE,success,3984,2026-03-12 13:30:00+00:00,2026-06-05 20:00:00+00:00,America/New_York,2026-06-07 10:14:31.089864+00:00,
LVO,LVO,success,2178,2026-03-12 13:30:00+00:00,2026-06-05 20:00:00+00:00,America/New_York,2026-06-07 10:15:58.744908+00:00,
LVS,LVS,success,4681,2026-03-12 13:30:00+00:00,2026-06-05 20:00:00+00:00,America/New_York,2026-06-07 10:12:11.754090+00:00,
LW,LW,success,4680,2026-03-12 13:30:00+00:00,2026-06-05 20:00:00+00:00,America/New_York,2026-06-07 10:13:08.648238+00:00,
LWAY,LWAY,success,2568,2026-03-12 13:40:00+00:00,2026-06-05 20:00:00+00:00,America/New_York,2026-06-07 10:15:17.252667+00:00,
LWLG,LWLG,success,4681,2026-03-12 13:30:00+00:00,2026-06-05 20:00:00+00:00,America/New_York,2026-06-07 10:14:11.187386+00:00,
LXEO,LXEO,success,4599,2026-03-12 13:30:00+00:00,2026-06-05 20:00:00+00:00,America/New_York,2026-06-07 10:15:19.703781+00:00,
LXFR,LXFR,success,3790,2026-03-12 13:30:00+00:00,2026-06-05 20:00:00+00:00,America/New_York,2026-06-07 10:15:05.851114+00:00,
LXP,LXP,success,4457,2026-03-12 13:30:00+00:00,2026-06-05 20:00:00+00:00,America/New_York,2026-06-07 10:13:39.961012+00:00,
LXU,LXU,success,4673,2026-03-12 13:30:00+00:00,2026-06-05 20:00:00+00:00,America/New_York,2026-06-07 10:14:36.770595+00:00,
LYB,LYB,success,4681,2026-03-12 13:30:00+00:00,2026-06-05 20:00:00+00:00,America/New_York,2026-06-07 10:12:23.447969+00:00,
LYEL,LYEL,success,2637,2026-03-12 13:30:00+00:00,2026-06-05 20:00:00+00:00,America/New_York,2026-06-07 10:15:28.901168+00:00,
LYFT,LYFT,success,4681,2026-03-12 13:30:00+00:00,2026-06-05 20:00:00+00:00,America/New_York,2026-06-07 10:13:11.685457+00:00,
LYG,LYG,success,4681,2026-03-12 13:30:00+00:00,2026-06-05 20:00:00+00:00,America/New_York,2026-06-07 10:11:58.602095+00:00,
LYTS,LYTS,success,4141,2026-03-12 13:30:00+00:00,2026-06-05 20:00:00+00:00,America/New_York,2026-06-07 10:14:40.845653+00:00,
LYV,LYV,success,4681,2026-03-12 13:30:00+00:00,2026-06-05 20:00:00+00:00,America/New_York,2026-06-07 10:12:10.374700+00:00,
LZ,LZ,success,4680,2026-03-12 13:30:00+00:00,2026-06-05 20:00:00+00:00,America/New_York,2026-06-07 10:14:30.776604+00:00,
LZB,LZB,success,4461,2026-03-12 13:30:00+00:00,2026-06-05 20:00:00+00:00,America/New_York,2026-06-07 10:14:12.924756+00:00,
LZM,LZM,success,4439,2026-03-12 13:30:00+00:00,2026-06-05 20:00:00+00:00,America/New_York,2026-06-07 10:15:13.563041+00:00,
M,M,success,4681,2026-03-12 13:30:00+00:00,2026-06-05 20:00:00+00:00,America/New_York,2026-06-07 10:13:08.158284+00:00,
MA,MA,success,4681,2026-03-12 13:30:00+00:00,2026-06-05 20:00:00+00:00,America/New_York,2026-06-07 10:11:45.742033+00:00,
MAA,MAA,success,4664,2026-03-12 13:30:00+00:00,2026-06-05 20:00:00+00:00,America/New_York,2026-06-07 10:12:28.946786+00:00,
MAAS,MAAS,success,1549,2026-03-12 14:50:00+00:00,2026-06-05 20:00:00+00:00,America/New_York,2026-06-07 10:13:17.860095+00:00,
MAC,MAC,success,4681,2026-03-12 13:30:00+00:00,2026-06-05 20:00:00+00:00,America/New_York,2026-06-07 10:13:00.619466+00:00,
MAGN,MAGN,success,4425,2026-03-12 13:30:00+00:00,2026-06-05 20:00:00+00:00,America/New_York,2026-06-07 10:15:12.010363+00:00,
MAIN,MAIN,success,4676,2026-03-12 13:30:00+00:00,2026-06-05 20:00:00+00:00,America/New_York,2026-06-07 10:13:19.709688+00:00,
MAKO,MAKO,success,2761,2026-03-30 13:30:00+00:00,2026-06-05 20:00:00+00:00,America/New_York,2026-06-07 10:14:50.335898+00:00,
MAMA,MAMA,success,4243,2026-03-12 13:30:00+00:00,2026-06-05 20:00:00+00:00,America/New_York,2026-06-07 10:14:52.749283+00:00,
MAN,MAN,success,4667,2026-03-12 13:30:00+00:00,2026-06-05 20:00:00+00:00,America/New_York,2026-06-07 10:14:13.037660+00:00,
MANE,MANE,success,4460,2026-03-12 13:30:00+00:00,2026-06-05 20:00:00+00:00,America/New_York,2026-06-07 10:13:29.824575+00:00,
MANH,MANH,success,4594,2026-03-12 13:30:00+00:00,2026-06-05 20:00:00+00:00,America/New_York,2026-06-07 10:12:50.969632+00:00,
MANU,MANU,success,4359,2026-03-12 13:30:00+00:00,2026-06-05 20:00:00+00:00,America/New_York,2026-06-07 10:13:29.634151+00:00,
MAR,MAR,success,4681,2026-03-12 13:30:00+00:00,2026-06-05 20:00:00+00:00,America/New_York,2026-06-07 10:11:54.564531+00:00,
MARA,MARA,success,4681,2026-03-12 13:30:00+00:00,2026-06-05 20:00:00+00:00,America/New_York,2026-06-07 10:13:20.389518+00:00,
MAS,MAS,success,4681,2026-03-12 13:30:00+00:00,2026-06-05 20:00:00+00:00,America/New_York,2026-06-07 10:12:32.701642+00:00,
MASI,MASI,success,4606,2026-03-12 13:30:00+00:00,2026-06-05 20:00:00+00:00,America/New_York,2026-06-07 10:12:47.698687+00:00,
MASS,MASS,success,4108,2026-03-12 13:30:00+00:00,2026-06-05 20:00:00+00:00,America/New_York,2026-06-07 10:15:26.764304+00:00,
MAT,MAT,success,4681,2026-03-12 13:30:00+00:00,2026-06-05 20:00:00+00:00,America/New_York,2026-06-07 10:13:25.394018+00:00,
MATV,MATV,success,4473,2026-03-12 13:30:00+00:00,2026-06-05 20:00:00+00:00,America/New_York,2026-06-07 10:15:11.057207+00:00,
MATW,MATW,success,3665,2026-03-12 13:30:00+00:00,2026-06-05 20:00:00+00:00,America/New_York,2026-06-07 10:14:42.652563+00:00,
MATX,MATX,success,3918,2026-03-12 13:30:00+00:00,2026-06-05 20:00:00+00:00,America/New_York,2026-06-07 10:13:07.992169+00:00,
MAX,MAX,success,4573,2026-03-12 13:30:00+00:00,2026-06-05 20:00:00+00:00,America/New_York,2026-06-07 10:14:54.438364+00:00,
MAZE,MAZE,success,4564,2026-03-12 13:30:00+00:00,2026-06-05 20:00:00+00:00,America/New_York,2026-06-07 10:14:18.626209+00:00,
MBAV,MBAV,success,290,2026-03-12 15:15:00+00:00,2026-06-05 20:00:00+00:00,America/New_York,2026-06-07 10:15:13.227801+00:00,
MBC,MBC,success,4681,2026-03-12 13:30:00+00:00,2026-06-05 20:00:00+00:00,America/New_York,2026-06-07 10:14:06.249192+00:00,
MBI,MBI,success,4092,2026-03-12 13:30:00+00:00,2026-06-05 20:00:00+00:00,America/New_York,2026-06-07 10:15:24.843463+00:00,
MBIN,MBIN,success,3330,2026-03-12 13:30:00+00:00,2026-06-05 20:00:00+00:00,America/New_York,2026-06-07 10:13:56.498099+00:00,
MBLY,MBLY,success,4681,2026-03-12 13:30:00+00:00,2026-06-05 20:00:00+00:00,America/New_York,2026-06-07 10:12:55.964756+00:00,
MBUU,MBUU,success,4122,2026-03-12 13:30:00+00:00,2026-06-05 20:00:00+00:00,America/New_York,2026-06-07 10:15:01.094582+00:00,
MBVI,MBVI,success,113,2026-03-12 15:30:00+00:00,2026-06-05 20:00:00+00:00,America/New_York,2026-06-07 10:15:07.298935+00:00,
MBWM,MBWM,success,2516,2026-03-12 13:30:00+00:00,2026-06-05 20:00:00+00:00,America/New_York,2026-06-07 10:14:36.372012+00:00,
MBX,MBX,success,4415,2026-03-12 13:30:00+00:00,2026-06-05 20:00:00+00:00,America/New_York,2026-06-07 10:14:14.984754+00:00,
MC,MC,success,4679,2026-03-12 13:30:00+00:00,2026-06-05 20:00:00+00:00,America/New_York,2026-06-07 10:13:10.724838+00:00,
MCAHU,MCAHU,success,144,2026-04-30 13:40:00+00:00,2026-06-05 20:00:00+00:00,America/New_York,2026-06-07 10:15:56.465990+00:00,
MCB,MCB,success,3033,2026-03-12 13:30:00+00:00,2026-06-05 20:00:00+00:00,America/New_York,2026-06-07 10:14:27.649076+00:00,
MCBS,MCBS,success,2437,2026-03-12 13:30:00+00:00,2026-06-05 20:00:00+00:00,America/New_York,2026-06-07 10:14:33.475569+00:00,
MCD,MCD,success,4681,2026-03-12 13:30:00+00:00,2026-06-05 20:00:00+00:00,America/New_York,2026-06-07 10:11:48.854667+00:00,
MCFT,MCFT,success,3379,2026-03-12 13:30:00+00:00,2026-06-05 20:00:00+00:00,America/New_York,2026-06-07 10:14:58.739142+00:00,
MCGA,MCGA,success,791,2026-03-12 18:20:00+00:00,2026-06-05 20:00:00+00:00,America/New_York,2026-06-07 10:15:35.030415+00:00,
MCHB,MCHB,success,4380,2026-03-12 13:30:00+00:00,2026-06-05 20:00:00+00:00,America/New_York,2026-06-07 10:13:33.983758+00:00,
MCHP,MCHP,success,4681,2026-03-12 13:30:00+00:00,2026-06-05 20:00:00+00:00,America/New_York,2026-06-07 10:12:06.096587+00:00,
MCK,MCK,success,4680,2026-03-12 13:30:00+00:00,2026-06-05 20:00:00+00:00,America/New_York,2026-06-07 10:11:55.446924+00:00,
MCO,MCO,success,4681,2026-03-12 13:30:00+00:00,2026-06-05 20:00:00+00:00,America/New_York,2026-06-07 10:11:58.186936+00:00,
MCRB,MCRB,success,1890,2026-03-12 13:30:00+00:00,2026-06-05 20:00:00+00:00,America/New_York,2026-06-07 10:16:02.488268+00:00,
MCRI,MCRI,success,2753,2026-03-12 13:30:00+00:00,2026-06-05 20:00:00+00:00,America/New_York,2026-06-07 10:13:55.440212+00:00,
MCS,MCS,success,3556,2026-03-12 13:30:00+00:00,2026-06-05 20:00:00+00:00,America/New_York,2026-06-07 10:14:53.136643+00:00,
MCY,MCY,success,3742,2026-03-12 13:30:00+00:00,2026-06-05 20:00:00+00:00,America/New_York,2026-06-07 10:13:09.869066+00:00,
MD,MD,success,4592,2026-03-12 13:30:00+00:00,2026-06-05 20:00:00+00:00,America/New_York,2026-06-07 10:14:00.993489+00:00,
MDA,MDA,success,4592,2026-03-13 13:30:00+00:00,2026-06-05 20:00:00+00:00,America/New_York,2026-06-07 10:13:13.902983+00:00,
MDB,MDB,success,4681,2026-03-12 13:30:00+00:00,2026-06-05 20:00:00+00:00,America/New_York,2026-06-07 10:12:16.161257+00:00,
MDGL,MDGL,success,4512,2026-03-12 13:30:00+00:00,2026-06-05 20:00:00+00:00,America/New_York,2026-06-07 10:12:41.780385+00:00,
MDLN,MDLN,success,4681,2026-03-12 13:30:00+00:00,2026-06-05 20:00:00+00:00,America/New_York,2026-06-07 10:12:07.025408+00:00,
MDLZ,MDLZ,success,4681,2026-03-12 13:30:00+00:00,2026-06-05 20:00:00+00:00,America/New_York,2026-06-07 10:11:58.203604+00:00,
MDT,MDT,success,4681,2026-03-12 13:30:00+00:00,2026-06-05 20:00:00+00:00,America/New_York,2026-06-07 10:11:54.669601+00:00,
MDU,MDU,success,4681,2026-03-12 13:30:00+00:00,2026-06-05 20:00:00+00:00,America/New_York,2026-06-07 10:13:22.639359+00:00,
MDV,MDV,success,2622,2026-03-12 13:30:00+00:00,2026-06-05 20:00:00+00:00,America/New_York,2026-06-07 10:15:42.448543+00:00,
MDWD,MDWD,success,2481,2026-03-12 13:30:00+00:00,2026-06-05 20:00:00+00:00,America/New_York,2026-06-07 10:15:43.349037+00:00,
MDXG,MDXG,success,4653,2026-03-12 13:30:00+00:00,2026-06-05 20:00:00+00:00,America/New_York,2026-06-07 10:14:56.332467+00:00,
MEC,MEC,success,3767,2026-03-12 13:30:00+00:00,2026-06-05 20:00:00+00:00,America/New_York,2026-06-07 10:14:48.108039+00:00,
MED,MED,success,3787,2026-03-12 13:30:00+00:00,2026-06-05 20:00:00+00:00,America/New_York,2026-06-07 10:15:51.004711+00:00,
MEDP,MEDP,success,4608,2026-03-12 13:30:00+00:00,2026-06-05 20:00:00+00:00,America/New_York,2026-06-07 10:12:36.526117+00:00,
MEI,MEI,success,4518,2026-03-12 13:30:00+00:00,2026-06-05 20:00:00+00:00,America/New_York,2026-06-07 10:15:11.560979+00:00,
MELI,MELI,success,4681,2026-03-12 13:30:00+00:00,2026-06-05 20:00:00+00:00,America/New_York,2026-06-07 10:11:57.849061+00:00,
MEOH,MEOH,success,4668,2026-03-12 13:30:00+00:00,2026-06-05 20:00:00+00:00,America/New_York,2026-06-07 10:13:21.491757+00:00,
MESO,MESO,success,3898,2026-03-12 13:30:00+00:00,2026-06-05 20:00:00+00:00,America/New_York,2026-06-07 10:14:02.728450+00:00,
MET,MET,success,4681,2026-03-12 13:30:00+00:00,2026-06-05 20:00:00+00:00,America/New_York,2026-06-07 10:12:03.582516+00:00,
META,META,success,4681,2026-03-12 13:30:00+00:00,2026-06-05 20:00:00+00:00,America/New_York,2026-06-07 10:11:44.407625+00:00,
METC,METC,success,4679,2026-03-12 13:30:00+00:00,2026-06-05 20:00:00+00:00,America/New_York,2026-06-07 10:14:33.486602+00:00,
MFA,MFA,success,4679,2026-03-12 13:30:00+00:00,2026-06-05 20:00:00+00:00,America/New_York,2026-06-07 10:14:34.627715+00:00,
MFC,MFC,success,4681,2026-03-12 13:30:00+00:00,2026-06-05 20:00:00+00:00,America/New_York,2026-06-07 10:12:01.527453+00:00,
MFG,MFG,success,4681,2026-03-12 13:30:00+00:00,2026-06-05 20:00:00+00:00,America/New_York,2026-06-07 10:11:53.177915+00:00,
MFI,MFI,success,373,2026-03-12 13:30:00+00:00,2026-06-05 20:00:00+00:00,America/New_York,2026-06-07 10:15:07.502022+00:00,
MFIC,MFIC,success,4604,2026-03-12 13:30:00+00:00,2026-06-05 20:00:00+00:00,America/New_York,2026-06-07 10:14:38.514300+00:00,
MFIN,MFIN,success,1902,2026-03-12 13:30:00+00:00,2026-06-05 20:00:00+00:00,America/New_York,2026-06-07 10:15:36.730832+00:00,
MG,MG,success,3701,2026-03-12 13:30:00+00:00,2026-06-05 20:00:00+00:00,America/New_York,2026-06-07 10:14:56.383081+00:00,
MGA,MGA,success,4681,2026-03-12 13:30:00+00:00,2026-06-05 20:00:00+00:00,America/New_York,2026-06-07 10:12:26.396248+00:00,
MGEE,MGEE,success,3831,2026-03-12 13:30:00+00:00,2026-06-05 20:00:00+00:00,America/New_York,2026-06-07 10:13:45.526501+00:00,
MGM,MGM,success,4681,2026-03-12 13:30:00+00:00,2026-06-05 20:00:00+00:00,America/New_York,2026-06-07 10:12:38.930242+00:00,
MGNI,MGNI,success,4681,2026-03-12 13:30:00+00:00,2026-06-05 20:00:00+00:00,America/New_York,2026-06-07 10:13:57.950640+00:00,
MGNX,MGNX,success,4551,2026-03-12 13:30:00+00:00,2026-06-05 20:00:00+00:00,America/New_York,2026-06-07 10:15:32.813604+00:00,
MGPI,MGPI,success,3987,2026-03-12 13:30:00+00:00,2026-06-05 20:00:00+00:00,America/New_York,2026-06-07 10:15:18.009937+00:00,
MGRC,MGRC,success,3188,2026-03-12 13:30:00+00:00,2026-06-05 20:00:00+00:00,America/New_York,2026-06-07 10:13:47.057837+00:00,
MGRT,MGRT,success,1043,2026-03-12 13:30:00+00:00,2026-06-05 20:00:00+00:00,America/New_York,2026-06-07 10:14:30.992062+00:00,
MGTX,MGTX,success,4513,2026-03-12 13:30:00+00:00,2026-06-05 20:00:00+00:00,America/New_York,2026-06-07 10:14:40.422428+00:00,
MGY,MGY,success,4681,2026-03-12 13:30:00+00:00,2026-06-05 20:00:00+00:00,America/New_York,2026-06-07 10:13:12.851159+00:00,
MH,MH,success,4368,2026-03-12 13:30:00+00:00,2026-06-05 20:00:00+00:00,America/New_York,2026-06-07 10:13:53.331216+00:00,
MHH,MHH,success,1082,2026-03-12 13:55:00+00:00,2026-06-05 20:00:00+00:00,America/New_York,2026-06-07 10:15:59.758954+00:00,
MHK,MHK,success,4656,2026-03-12 13:30:00+00:00,2026-06-05 20:00:00+00:00,America/New_York,2026-06-07 10:13:05.129008+00:00,
MHO,MHO,success,3887,2026-03-12 13:30:00+00:00,2026-06-05 20:00:00+00:00,America/New_York,2026-06-07 10:13:32.524243+00:00,
MIAX,MIAX,success,4663,2026-03-12 13:30:00+00:00,2026-06-05 20:00:00+00:00,America/New_York,2026-06-07 10:13:32.433193+00:00,
MICC,MICC,success,4680,2026-03-12 13:30:00+00:00,2026-06-05 20:00:00+00:00,America/New_York,2026-06-07 10:12:44.157853+00:00,
MIDD,MIDD,success,4552,2026-03-12 13:30:00+00:00,2026-06-05 20:00:00+00:00,America/New_York,2026-06-07 10:12:57.684007+00:00,
MIND,MIND,success,3620,2026-03-12 13:30:00+00:00,2026-06-05 20:00:00+00:00,America/New_York,2026-06-07 10:16:03.708189+00:00,
MIR,MIR,success,4681,2026-03-12 13:30:00+00:00,2026-06-05 20:00:00+00:00,America/New_York,2026-06-07 10:13:22.929107+00:00,
MIRM,MIRM,success,4546,2026-03-12 13:30:00+00:00,2026-06-05 20:00:00+00:00,America/New_York,2026-06-07 10:13:10.116698+00:00,
MITK,MITK,success,4650,2026-03-12 13:30:00+00:00,2026-06-05 20:00:00+00:00,America/New_York,2026-06-07 10:14:48.376858+00:00,
MITT,MITT,success,4028,2026-03-12 13:30:00+00:00,2026-06-05 20:00:00+00:00,America/New_York,2026-06-07 10:15:33.318945+00:00,
MKC,MKC,success,4681,2026-03-12 13:30:00+00:00,2026-06-05 20:00:00+00:00,America/New_York,2026-06-07 10:12:37.396597+00:00,
MKL,MKL,success,4626,2026-03-12 13:30:00+00:00,2026-06-05 20:00:00+00:00,America/New_York,2026-06-07 10:12:20.742985+00:00,
MKSI,MKSI,success,4659,2026-03-12 13:30:00+00:00,2026-06-05 20:00:00+00:00,America/New_York,2026-06-07 10:12:23.886737+00:00,
MKTW,MKTW,success,1169,2026-03-12 14:20:00+00:00,2026-06-05 20:00:00+00:00,America/New_York,2026-06-07 10:15:30.225494+00:00,
MKTX,MKTX,success,4401,2026-03-12 13:30:00+00:00,2026-06-05 20:00:00+00:00,America/New_York,2026-06-07 10:13:22.731898+00:00,
MLAB,MLAB,success,2745,2026-03-12 13:30:00+00:00,2026-06-05 20:00:00+00:00,America/New_York,2026-06-07 10:14:55.699075+00:00,
MLAC,MLAC,success,387,2026-03-12 15:45:00+00:00,2026-06-05 20:00:00+00:00,America/New_York,2026-06-07 10:16:08.237106+00:00,
MLCO,MLCO,success,4628,2026-03-12 13:30:00+00:00,2026-06-05 20:00:00+00:00,America/New_York,2026-06-07 10:13:55.578657+00:00,
MLGO,MLGO,success,3114,2026-03-12 13:30:00+00:00,2026-06-05 20:00:00+00:00,America/New_York,2026-06-07 10:16:03.363561+00:00,
MLI,MLI,success,4612,2026-03-12 13:30:00+00:00,2026-06-05 20:00:00+00:00,America/New_York,2026-06-07 10:12:32.135618+00:00,
MLKN,MLKN,success,4627,2026-03-12 13:30:00+00:00,2026-06-05 20:00:00+00:00,America/New_York,2026-06-07 10:14:32.054773+00:00,
MLM,MLM,success,4679,2026-03-12 13:30:00+00:00,2026-06-05 20:00:00+00:00,America/New_York,2026-06-07 10:12:11.654723+00:00,
MLP,MLP,success,847,2026-03-12 13:30:00+00:00,2026-06-05 20:00:00+00:00,America/New_York,2026-06-07 10:15:20.131723+00:00,
MLR,MLR,success,2481,2026-03-12 13:30:00+00:00,2026-06-05 20:00:00+00:00,America/New_York,2026-06-07 10:14:58.172580+00:00,
MLTX,MLTX,success,4630,2026-03-12 13:30:00+00:00,2026-06-05 20:00:00+00:00,America/New_York,2026-06-07 10:14:21.691296+00:00,
MLYS,MLYS,success,4644,2026-03-12 13:30:00+00:00,2026-06-05 20:00:00+00:00,America/New_York,2026-06-07 10:14:00.847404+00:00,
MMED,MMED,success,4546,2026-03-12 13:30:00+00:00,2026-06-05 20:00:00+00:00,America/New_York,2026-06-07 10:13:26.279738+00:00,
MMI,MMI,success,4072,2026-03-12 13:30:00+00:00,2026-06-05 20:00:00+00:00,America/New_York,2026-06-07 10:14:25.848037+00:00,
MMM,MMM,success,4681,2026-03-12 13:30:00+00:00,2026-06-05 20:00:00+00:00,America/New_York,2026-06-07 10:11:57.824542+00:00,
MMS,MMS,success,4603,2026-03-12 13:30:00+00:00,2026-06-05 20:00:00+00:00,America/New_York,2026-06-07 10:13:36.580758+00:00,
MMSI,MMSI,success,4583,2026-03-12 13:30:00+00:00,2026-06-05 20:00:00+00:00,America/New_York,2026-06-07 10:13:29.275983+00:00,
MMYT,MMYT,success,4648,2026-03-12 13:30:00+00:00,2026-06-05 20:00:00+00:00,America/New_York,2026-06-07 10:13:24.560260+00:00,
MNDY,MNDY,success,4677,2026-03-12 13:30:00+00:00,2026-06-05 20:00:00+00:00,America/New_York,2026-06-07 10:13:22.791600+00:00,
MNKD,MNKD,success,4680,2026-03-12 13:30:00+00:00,2026-06-05 20:00:00+00:00,America/New_York,2026-06-07 10:14:30.298021+00:00,
MNPR,MNPR,success,3140,2026-03-12 13:30:00+00:00,2026-06-05 20:00:00+00:00,America/New_York,2026-06-07 10:15:12.295772+00:00,
MNRO,MNRO,success,4641,2026-03-12 13:30:00+00:00,2026-06-05 20:00:00+00:00,America/New_York,2026-06-07 10:15:07.585702+00:00,
MNSB,MNSB,success,2024,2026-03-12 13:30:00+00:00,2026-06-05 20:00:00+00:00,America/New_York,2026-06-07 10:15:45.270651+00:00,
MNSO,MNSO,success,4585,2026-03-12 13:30:00+00:00,2026-06-05 20:00:00+00:00,America/New_York,2026-06-07 10:13:25.695853+00:00,
MNST,MNST,success,4681,2026-03-12 13:30:00+00:00,2026-06-05 20:00:00+00:00,America/New_York,2026-06-07 10:11:56.484321+00:00,
MNTN,MNTN,success,4592,2026-03-12 13:30:00+00:00,2026-06-05 20:00:00+00:00,America/New_York,2026-06-07 10:14:46.926104+00:00,
MNTS,MNTS,success,4553,2026-03-12 13:30:00+00:00,2026-06-05 20:00:00+00:00,America/New_York,2026-06-07 10:15:47.057191+00:00,
MO,MO,success,4681,2026-03-12 13:30:00+00:00,2026-06-05 20:00:00+00:00,America/New_York,2026-06-07 10:11:52.864480+00:00,
MOB,MOB,success,3789,2026-03-12 13:30:00+00:00,2026-06-05 20:00:00+00:00,America/New_York,2026-06-07 10:16:00.257437+00:00,
MOBI,MOBI,success,877,2026-05-08 13:35:00+00:00,2026-06-05 20:00:00+00:00,America/New_York,2026-06-07 10:15:09.474395+00:00,
MOD,MOD,success,4666,2026-03-12 13:30:00+00:00,2026-06-05 20:00:00+00:00,America/New_York,2026-06-07 10:12:32.603668+00:00,
MOG.A,MOG-A,success,4287,2026-03-12 13:30:00+00:00,2026-06-05 20:00:00+00:00,America/New_York,2026-06-07 10:12:39.894236+00:00,
MOH,MOH,success,4660,2026-03-12 13:30:00+00:00,2026-06-05 20:00:00+00:00,America/New_York,2026-06-07 10:12:46.796660+00:00,
MOMO,MOMO,success,4504,2026-03-12 13:30:00+00:00,2026-06-05 20:00:00+00:00,America/New_York,2026-06-07 10:14:38.782513+00:00,
MORN,MORN,success,4420,2026-03-12 13:30:00+00:00,2026-06-05 20:00:00+00:00,America/New_York,2026-06-07 10:12:58.838379+00:00,
MOS,MOS,success,4681,2026-03-12 13:30:00+00:00,2026-06-05 20:00:00+00:00,America/New_York,2026-06-07 10:12:59.495959+00:00,
MOV,MOV,success,3858,2026-03-12 13:30:00+00:00,2026-06-05 20:00:00+00:00,America/New_York,2026-06-07 10:14:54.391824+00:00,
MP,MP,success,4681,2026-03-12 13:30:00+00:00,2026-06-05 20:00:00+00:00,America/New_York,2026-06-07 10:12:44.453303+00:00,
MPAA,MPAA,success,2218,2026-03-12 13:30:00+00:00,2026-06-05 20:00:00+00:00,America/New_York,2026-06-07 10:15:38.986717+00:00,
MPB,MPB,success,3555,2026-03-12 13:30:00+00:00,2026-06-05 20:00:00+00:00,America/New_York,2026-06-07 10:14:40.897944+00:00,
MPC,MPC,success,4681,2026-03-12 13:30:00+00:00,2026-06-05 20:00:00+00:00,America/New_York,2026-06-07 10:11:58.525599+00:00,
MPLT,MPLT,success,3927,2026-03-12 13:30:00+00:00,2026-06-05 20:00:00+00:00,America/New_York,2026-06-07 10:14:23.691778+00:00,
MPT,MPT,success,4681,2026-03-12 13:30:00+00:00,2026-06-05 20:00:00+00:00,America/New_York,2026-06-07 10:13:42.045841+00:00,
MPTI,MPTI,success,2897,2026-03-12 13:40:00+00:00,2026-06-05 20:00:00+00:00,America/New_York,2026-06-07 10:15:14.354770+00:00,
MPWR,MPWR,success,4674,2026-03-12 13:30:00+00:00,2026-06-05 20:00:00+00:00,America/New_York,2026-06-07 10:12:00.400086+00:00,
MQ,MQ,success,4678,2026-03-12 13:30:00+00:00,2026-06-05 20:00:00+00:00,America/New_York,2026-06-07 10:14:07.020331+00:00,
MRAM,MRAM,success,4514,2026-03-12 13:30:00+00:00,2026-06-05 20:00:00+00:00,America/New_York,2026-06-07 10:14:57.741250+00:00,
MRBK,MRBK,success,3166,2026-03-12 13:30:00+00:00,2026-06-05 20:00:00+00:00,America/New_York,2026-06-07 10:15:36.628864+00:00,
MRCY,MRCY,success,4526,2026-03-12 13:30:00+00:00,2026-06-05 20:00:00+00:00,America/New_York,2026-06-07 10:13:02.054186+00:00,
MRDN,MRDN,success,1554,2026-03-12 14:40:00+00:00,2026-06-05 20:00:00+00:00,America/New_York,2026-06-07 10:15:47.275285+00:00,
MRK,MRK,success,4681,2026-03-12 13:30:00+00:00,2026-06-05 20:00:00+00:00,America/New_York,2026-06-07 10:11:46.905282+00:00,
MRLN,MRLN,success,4435,2026-03-17 13:30:00+00:00,2026-06-05 20:00:00+00:00,America/New_York,2026-06-07 10:14:40.666316+00:00,
MRNA,MRNA,success,4681,2026-03-12 13:30:00+00:00,2026-06-05 20:00:00+00:00,America/New_York,2026-06-07 10:12:26.752294+00:00,
MRP,MRP,success,4680,2026-03-12 13:30:00+00:00,2026-06-05 20:00:00+00:00,America/New_York,2026-06-07 10:13:21.337298+00:00,
MRSH,MRSH,success,4681,2026-03-12 13:30:00+00:00,2026-06-05 20:00:00+00:00,America/New_York,2026-06-07 10:11:57.926074+00:00,
MRTN,MRTN,success,4643,2026-03-12 13:30:00+00:00,2026-06-05 20:00:00+00:00,America/New_York,2026-06-07 10:14:14.713444+00:00,
MRVI,MRVI,success,4642,2026-03-12 13:30:00+00:00,2026-06-05 20:00:00+00:00,America/New_York,2026-06-07 10:14:21.017165+00:00,
MRVL,MRVL,success,4681,2026-03-12 13:30:00+00:00,2026-06-05 20:00:00+00:00,America/New_York,2026-06-07 10:11:48.354342+00:00,
MRX,MRX,success,4635,2026-03-12 13:30:00+00:00,2026-06-05 20:00:00+00:00,America/New_York,2026-06-07 10:13:26.546693+00:00,
MS,MS,success,4681,2026-03-12 13:30:00+00:00,2026-06-05 20:00:00+00:00,America/New_York,2026-06-07 10:11:46.855971+00:00,
MSA,MSA,success,4048,2026-03-12 13:30:00+00:00,2026-06-05 20:00:00+00:00,America/New_York,2026-06-07 10:13:05.256327+00:00,
MSB,MSB,success,2090,2026-03-12 13:30:00+00:00,2026-06-05 20:00:00+00:00,America/New_York,2026-06-07 10:15:22.828989+00:00,
MSBI,MSBI,success,3163,2026-03-12 13:30:00+00:00,2026-06-05 20:00:00+00:00,America/New_York,2026-06-07 10:14:52.691114+00:00,
MSCI,MSCI,success,4676,2026-03-12 13:30:00+00:00,2026-06-05 20:00:00+00:00,America/New_York,2026-06-07 10:12:06.554711+00:00,
MSDL,MSDL,success,4654,2026-03-12 13:30:00+00:00,2026-06-05 20:00:00+00:00,America/New_York,2026-06-07 10:14:19.511935+00:00,
MSEX,MSEX,success,3325,2026-03-12 13:30:00+00:00,2026-06-05 20:00:00+00:00,America/New_York,2026-06-07 10:14:33.114477+00:00,
MSFT,MSFT,success,4681,2026-03-12 13:30:00+00:00,2026-06-05 20:00:00+00:00,America/New_York,2026-06-07 10:11:44.363165+00:00,
MSGE,MSGE,success,4192,2026-03-12 13:30:00+00:00,2026-06-05 20:00:00+00:00,America/New_York,2026-06-07 10:13:34.891074+00:00,
MSGS,MSGS,success,4184,2026-03-12 13:30:00+00:00,2026-06-05 20:00:00+00:00,America/New_York,2026-06-07 10:12:48.771140+00:00,
MSI,MSI,success,4681,2026-03-12 13:30:00+00:00,2026-06-05 20:00:00+00:00,America/New_York,2026-06-07 10:12:01.033412+00:00,
MSIF,MSIF,success,4285,2026-03-12 13:30:00+00:00,2026-06-05 20:00:00+00:00,America/New_York,2026-06-07 10:14:56.123873+00:00,
MSLE,MSLE,success,1760,2026-03-12 13:30:00+00:00,2026-06-05 20:00:00+00:00,America/New_York,2026-06-07 10:15:52.527911+00:00,
MSM,MSM,success,4557,2026-03-12 13:30:00+00:00,2026-06-05 20:00:00+00:00,America/New_York,2026-06-07 10:13:04.043931+00:00,
MSTR,MSTR,success,4681,2026-03-12 13:30:00+00:00,2026-06-05 20:00:00+00:00,America/New_York,2026-06-07 10:12:07.548529+00:00,
MT,MT,success,4681,2026-03-12 13:30:00+00:00,2026-06-05 20:00:00+00:00,America/New_York,2026-06-07 10:12:05.604847+00:00,
MTA,MTA,success,4580,2026-03-12 13:30:00+00:00,2026-06-05 20:00:00+00:00,America/New_York,2026-06-07 10:14:50.904002+00:00,
MTB,MTB,success,4672,2026-03-12 13:30:00+00:00,2026-06-05 20:00:00+00:00,America/New_York,2026-06-07 10:12:11.916401+00:00,
MTC,MTC,success,2691,2026-03-12 13:30:00+00:00,2026-06-05 20:00:00+00:00,America/New_York,2026-06-07 10:15:18.537951+00:00,
MTCH,MTCH,success,4681,2026-03-12 13:30:00+00:00,2026-06-05 20:00:00+00:00,America/New_York,2026-06-07 10:12:54.095737+00:00,
MTD,MTD,success,4672,2026-03-12 13:30:00+00:00,2026-06-05 20:00:00+00:00,America/New_York,2026-06-07 10:12:20.182103+00:00,
MTDR,MTDR,success,4681,2026-03-12 13:30:00+00:00,2026-06-05 20:00:00+00:00,America/New_York,2026-06-07 10:13:02.212804+00:00,
MTG,MTG,success,4681,2026-03-12 13:30:00+00:00,2026-06-05 20:00:00+00:00,America/New_York,2026-06-07 10:13:12.233433+00:00,
MTH,MTH,success,4657,2026-03-12 13:30:00+00:00,2026-06-05 20:00:00+00:00,America/New_York,2026-06-07 10:13:20.332764+00:00,
MTLS,MTLS,success,2917,2026-03-12 13:30:00+00:00,2026-06-05 20:00:00+00:00,America/New_York,2026-06-07 10:15:13.405128+00:00,
MTN,MTN,success,4642,2026-03-12 13:30:00+00:00,2026-06-05 20:00:00+00:00,America/New_York,2026-06-07 10:13:16.812563+00:00,
MTRN,MTRN,success,3909,2026-03-12 13:30:00+00:00,2026-06-05 20:00:00+00:00,America/New_York,2026-06-07 10:13:20.278437+00:00,
MTRX,MTRX,success,3899,2026-03-12 13:30:00+00:00,2026-06-05 20:00:00+00:00,America/New_York,2026-06-07 10:15:14.490165+00:00,
MTSI,MTSI,success,4653,2026-03-12 13:30:00+00:00,2026-06-05 20:00:00+00:00,America/New_York,2026-06-07 10:12:18.239292+00:00,
MTUS,MTUS,success,4237,2026-03-12 13:30:00+00:00,2026-06-05 20:00:00+00:00,America/New_York,2026-06-07 10:14:41.540329+00:00,
MTW,MTW,success,3997,2026-03-12 13:30:00+00:00,2026-06-05 20:00:00+00:00,America/New_York,2026-06-07 10:15:09.392781+00:00,
MTX,MTX,success,3636,2026-03-12 13:30:00+00:00,2026-06-05 20:00:00+00:00,America/New_York,2026-06-07 10:13:52.993773+00:00,
MTZ,MTZ,success,4663,2026-03-12 13:30:00+00:00,2026-06-05 20:00:00+00:00,America/New_York,2026-06-07 10:12:15.486992+00:00,
MU,MU,success,4681,2026-03-12 13:30:00+00:00,2026-06-05 20:00:00+00:00,America/New_York,2026-06-07 10:11:45.014331+00:00,
MUFG,MUFG,success,4681,2026-03-12 13:30:00+00:00,2026-06-05 20:00:00+00:00,America/New_York,2026-06-07 10:11:48.430192+00:00,
MUR,MUR,success,4681,2026-03-12 13:30:00+00:00,2026-06-05 20:00:00+00:00,America/New_York,2026-06-07 10:13:10.850493+00:00,
MUSA,MUSA,success,4631,2026-03-12 13:30:00+00:00,2026-06-05 20:00:00+00:00,America/New_York,2026-06-07 10:12:44.038589+00:00,
MUX,MUX,success,4679,2026-03-12 13:30:00+00:00,2026-06-05 20:00:00+00:00,America/New_York,2026-06-07 10:14:28.980254+00:00,
MVBF,MVBF,success,1279,2026-03-12 13:30:00+00:00,2026-06-05 20:00:00+00:00,America/New_York,2026-06-07 10:15:17.963336+00:00,
MWA,MWA,success,4666,2026-03-12 13:30:00+00:00,2026-06-05 20:00:00+00:00,America/New_York,2026-06-07 10:13:26.787290+00:00,
MWC,MWC,success,918,2026-05-14 13:30:00+00:00,2026-06-05 20:00:00+00:00,America/New_York,2026-06-07 10:15:26.229665+00:00,
MWH,MWH,success,4599,2026-03-12 13:30:00+00:00,2026-06-05 20:00:00+00:00,America/New_York,2026-06-07 10:13:02.465726+00:00,
MX,MX,success,4407,2026-03-12 13:30:00+00:00,2026-06-05 20:00:00+00:00,America/New_York,2026-06-07 10:15:32.387886+00:00,
MXL,MXL,success,4677,2026-03-12 13:30:00+00:00,2026-06-05 20:00:00+00:00,America/New_York,2026-06-07 10:12:58.143002+00:00,
MYE,MYE,success,3909,2026-03-12 13:30:00+00:00,2026-06-05 20:00:00+00:00,America/New_York,2026-06-07 10:14:37.443864+00:00,
MYFW,MYFW,success,1080,2026-03-12 13:30:00+00:00,2026-06-05 20:00:00+00:00,America/New_York,2026-06-07 10:15:28.487923+00:00,
MYGN,MYGN,success,4666,2026-03-12 13:30:00+00:00,2026-06-05 20:00:00+00:00,America/New_York,2026-06-07 10:15:08.490941+00:00,
MYRG,MYRG,success,4149,2026-03-12 13:30:00+00:00,2026-06-05 20:00:00+00:00,America/New_York,2026-06-07 10:13:00.024937+00:00,
MZTI,MZTI,success,4309,2026-03-12 13:30:00+00:00,2026-06-05 20:00:00+00:00,America/New_York,2026-06-07 10:13:42.728865+00:00,
NABL,NABL,success,4667,2026-03-12 13:30:00+00:00,2026-06-05 20:00:00+00:00,America/New_York,2026-06-07 10:14:45.741049+00:00,
NAGE,NAGE,success,4607,2026-03-12 13:30:00+00:00,2026-06-05 20:00:00+00:00,America/New_York,2026-06-07 10:15:29.528895+00:00,
NAKA,NAKA,success,4632,2026-03-12 13:30:00+00:00,2026-06-05 20:00:00+00:00,America/New_York,2026-06-07 10:16:01.750725+00:00,
NAMS,NAMS,success,4614,2026-03-12 13:30:00+00:00,2026-06-05 20:00:00+00:00,America/New_York,2026-06-07 10:13:32.031427+00:00,
NAT,NAT,success,4681,2026-03-12 13:30:00+00:00,2026-06-05 20:00:00+00:00,America/New_York,2026-06-07 10:14:27.197977+00:00,
NATH,NATH,success,927,2026-03-12 13:30:00+00:00,2026-06-05 20:00:00+00:00,America/New_York,2026-06-07 10:15:09.971966+00:00,
NATL,NATL,success,4619,2026-03-12 13:30:00+00:00,2026-06-05 20:00:00+00:00,America/New_York,2026-06-07 10:13:37.478407+00:00,
NATR,NATR,success,3008,2026-03-12 13:30:00+00:00,2026-06-05 20:00:00+00:00,America/New_York,2026-06-07 10:15:18.742504+00:00,
NAVI,NAVI,success,4629,2026-03-12 13:30:00+00:00,2026-06-05 20:00:00+00:00,America/New_York,2026-06-07 10:14:44.437153+00:00,
NAVN,NAVN,success,4680,2026-03-12 13:30:00+00:00,2026-06-05 20:00:00+00:00,America/New_York,2026-06-07 10:13:13.302844+00:00,
NB,NB,success,4681,2026-03-12 13:30:00+00:00,2026-06-05 20:00:00+00:00,America/New_York,2026-06-07 10:14:44.946231+00:00,
NBBK,NBBK,success,3925,2026-03-12 13:30:00+00:00,2026-06-05 20:00:00+00:00,America/New_York,2026-06-07 10:14:39.160939+00:00,
NBHC,NBHC,success,4308,2026-03-12 13:30:00+00:00,2026-06-05 20:00:00+00:00,America/New_York,2026-06-07 10:14:01.847367+00:00,
NBIS,NBIS,success,4681,2026-03-12 13:30:00+00:00,2026-06-05 20:00:00+00:00,America/New_York,2026-06-07 10:12:03.304701+00:00,
NBIX,NBIX,success,4662,2026-03-12 13:30:00+00:00,2026-06-05 20:00:00+00:00,America/New_York,2026-06-07 10:12:29.019087+00:00,
NBN,NBN,success,2346,2026-03-12 13:30:00+00:00,2026-06-05 20:00:00+00:00,America/New_York,2026-06-07 10:14:34.248936+00:00,
NBR,NBR,success,4486,2026-03-12 13:30:00+00:00,2026-06-05 20:00:00+00:00,America/New_York,2026-06-07 10:14:15.943395+00:00,
NBTB,NBTB,success,4074,2026-03-12 13:30:00+00:00,2026-06-05 20:00:00+00:00,America/New_York,2026-06-07 10:13:51.813831+00:00,
NBTX,NBTX,success,1927,2026-03-12 13:30:00+00:00,2026-06-05 20:00:00+00:00,America/New_York,2026-06-07 10:14:05.380204+00:00,
NC,NC,success,696,2026-03-12 13:30:00+00:00,2026-06-05 20:00:00+00:00,America/New_York,2026-06-07 10:15:12.689820+00:00,
NCDL,NCDL,success,4014,2026-03-12 13:30:00+00:00,2026-06-05 20:00:00+00:00,America/New_York,2026-06-07 10:14:51.202713+00:00,
NCEW,NCEW,success,215,2026-03-13 14:35:00+00:00,2026-06-05 20:00:00+00:00,America/New_York,2026-06-07 10:16:02.050707+00:00,
NCLH,NCLH,success,4681,2026-03-12 13:30:00+00:00,2026-06-05 20:00:00+00:00,America/New_York,2026-06-07 10:12:52.313853+00:00,
NCMI,NCMI,success,3771,2026-03-12 13:30:00+00:00,2026-06-05 20:00:00+00:00,America/New_York,2026-06-07 10:15:21.148181+00:00,
NCNO,NCNO,success,4681,2026-03-12 13:30:00+00:00,2026-06-05 20:00:00+00:00,America/New_York,2026-06-07 10:14:09.422784+00:00,
NCSM,NCSM,success,1706,2026-03-12 13:30:00+00:00,2026-06-05 20:00:00+00:00,America/New_York,2026-06-07 10:15:51.101517+00:00,
NCTY,NCTY,success,971,2026-03-12 13:30:00+00:00,2026-06-05 20:00:00+00:00,America/New_York,2026-06-07 10:16:00.806072+00:00,
NDAQ,NDAQ,success,4681,2026-03-12 13:30:00+00:00,2026-06-05 20:00:00+00:00,America/New_York,2026-06-07 10:12:05.425113+00:00,
NDLS,NDLS,success,1893,2026-03-12 13:30:00+00:00,2026-06-05 20:00:00+00:00,America/New_York,2026-06-07 10:16:00.605691+00:00,
NDSN,NDSN,success,4373,2026-03-12 13:30:00+00:00,2026-06-05 20:00:00+00:00,America/New_York,2026-06-07 10:12:30.433094+00:00,
NE,NE,success,4680,2026-03-12 13:30:00+00:00,2026-06-05 20:00:00+00:00,America/New_York,2026-06-07 10:12:58.203929+00:00,
NECB,NECB,success,1477,2026-03-12 13:30:00+00:00,2026-06-05 20:00:00+00:00,America/New_York,2026-06-07 10:15:18.061711+00:00,
NEE,NEE,success,4681,2026-03-12 13:30:00+00:00,2026-06-05 20:00:00+00:00,America/New_York,2026-06-07 10:11:49.725874+00:00,
NEGG,NEGG,success,2798,2026-03-12 13:55:00+00:00,2026-06-05 20:00:00+00:00,America/New_York,2026-06-07 10:15:16.241814+00:00,
NEM,NEM,success,4681,2026-03-12 13:30:00+00:00,2026-06-05 20:00:00+00:00,America/New_York,2026-06-07 10:11:54.246792+00:00,
NEO,NEO,success,4677,2026-03-12 13:30:00+00:00,2026-06-05 20:00:00+00:00,America/New_York,2026-06-07 10:14:16.732301+00:00,
NEOG,NEOG,success,4679,2026-03-12 13:30:00+00:00,2026-06-05 20:00:00+00:00,America/New_York,2026-06-07 10:14:01.149600+00:00,
NERV,NERV,success,3284,2026-03-12 13:30:00+00:00,2026-06-05 20:00:00+00:00,America/New_York,2026-06-07 10:15:35.716079+00:00,
NESR,NESR,success,4681,2026-03-12 13:30:00+00:00,2026-06-05 20:00:00+00:00,America/New_York,2026-06-07 10:13:52.012489+00:00,
NET,NET,success,4681,2026-03-12 13:30:00+00:00,2026-06-05 20:00:00+00:00,America/New_York,2026-06-07 10:11:56.570104+00:00,
NEU,NEU,success,3806,2026-03-12 13:30:00+00:00,2026-06-05 20:00:00+00:00,America/New_York,2026-06-07 10:12:56.936707+00:00,
NEWP,NEWP,success,4668,2026-03-12 13:30:00+00:00,2026-06-05 20:00:00+00:00,America/New_York,2026-06-07 10:14:43.632109+00:00,
NEWT,NEWT,success,3810,2026-03-12 13:30:00+00:00,2026-06-05 20:00:00+00:00,America/New_York,2026-06-07 10:15:14.212547+00:00,
NEXA,NEXA,success,4638,2026-03-12 13:30:00+00:00,2026-06-05 20:00:00+00:00,America/New_York,2026-06-07 10:14:06.610521+00:00,
NEXN,NEXN,success,3975,2026-03-12 13:30:00+00:00,2026-06-05 20:00:00+00:00,America/New_York,2026-06-07 10:15:03.535918+00:00,
NEXT,NEXT,success,4681,2026-03-12 13:30:00+00:00,2026-06-05 20:00:00+00:00,America/New_York,2026-06-07 10:13:54.889684+00:00,
NFBK,NFBK,success,3860,2026-03-12 13:30:00+00:00,2026-06-05 20:00:00+00:00,America/New_York,2026-06-07 10:14:52.960631+00:00,
NFG,NFG,success,4645,2026-03-12 13:30:00+00:00,2026-06-05 20:00:00+00:00,America/New_York,2026-06-07 10:12:57.284750+00:00,
NFLX,NFLX,success,4681,2026-03-12 13:30:00+00:00,2026-06-05 20:00:00+00:00,America/New_York,2026-06-07 10:11:46.491921+00:00,
NG,NG,success,4681,2026-03-12 13:30:00+00:00,2026-06-05 20:00:00+00:00,America/New_York,2026-06-07 10:13:38.046951+00:00,
NGG,NGG,success,4680,2026-03-12 13:30:00+00:00,2026-06-05 20:00:00+00:00,America/New_York,2026-06-07 10:11:57.642432+00:00,
NGNE,NGNE,success,3339,2026-03-12 13:40:00+00:00,2026-06-05 20:00:00+00:00,America/New_York,2026-06-07 10:15:10.588311+00:00,
NGS,NGS,success,3226,2026-03-12 13:30:00+00:00,2026-06-05 20:00:00+00:00,America/New_York,2026-06-07 10:15:01.731671+00:00,
NGVC,NGVC,success,3380,2026-03-12 13:30:00+00:00,2026-06-05 20:00:00+00:00,America/New_York,2026-06-07 10:14:46.899525+00:00,
NGVT,NGVT,success,4085,2026-03-12 13:30:00+00:00,2026-06-05 20:00:00+00:00,America/New_York,2026-06-07 10:13:52.371573+00:00,
NHC,NHC,success,2873,2026-03-12 13:30:00+00:00,2026-06-05 20:00:00+00:00,America/New_York,2026-06-07 10:13:42.074457+00:00,
NHI,NHI,success,4186,2026-03-12 13:30:00+00:00,2026-06-05 20:00:00+00:00,America/New_York,2026-06-07 10:13:35.807339+00:00,
NHP,NHP,success,2252,2026-04-22 16:30:00+00:00,2026-06-05 20:00:00+00:00,America/New_York,2026-06-07 10:15:31.871424+00:00,
NI,NI,success,4681,2026-03-12 13:30:00+00:00,2026-06-05 20:00:00+00:00,America/New_York,2026-06-07 10:12:21.527236+00:00,
NIC,NIC,success,3272,2026-03-12 13:30:00+00:00,2026-06-05 20:00:00+00:00,America/New_York,2026-06-07 10:13:42.502343+00:00,
NICE,NICE,success,4594,2026-03-12 13:30:00+00:00,2026-06-05 20:00:00+00:00,America/New_York,2026-06-07 10:13:10.213971+00:00,
NIO,NIO,success,4681,2026-03-12 13:30:00+00:00,2026-06-05 20:00:00+00:00,America/New_York,2026-06-07 10:12:34.660565+00:00,
NIQ,NIQ,success,4658,2026-03-12 13:30:00+00:00,2026-06-05 20:00:00+00:00,America/New_York,2026-06-07 10:13:50.667975+00:00,
NJR,NJR,success,4584,2026-03-12 13:30:00+00:00,2026-06-05 20:00:00+00:00,America/New_York,2026-06-07 10:13:10.487123+00:00,
NKE,NKE,success,4681,2026-03-12 13:30:00+00:00,2026-06-05 20:00:00+00:00,America/New_York,2026-06-07 10:12:01.978368+00:00,
NKLR,NKLR,success,4317,2026-03-12 13:30:00+00:00,2026-06-05 20:00:00+00:00,America/New_York,2026-06-07 10:14:52.202360+00:00,
NKSH,NKSH,success,2150,2026-03-12 13:30:00+00:00,2026-06-05 20:00:00+00:00,America/New_York,2026-06-07 10:15:37.134618+00:00,
NKTR,NKTR,success,4643,2026-03-12 13:30:00+00:00,2026-06-05 20:00:00+00:00,America/New_York,2026-06-07 10:14:01.952729+00:00,
NL,NL,success,1929,2026-03-12 13:30:00+00:00,2026-06-05 20:00:00+00:00,America/New_York,2026-06-07 10:15:27.253720+00:00,
NLOP,NLOP,success,3765,2026-03-12 13:30:00+00:00,2026-06-05 20:00:00+00:00,America/New_York,2026-06-07 10:15:43.874719+00:00,
NLY,NLY,success,4681,2026-03-12 13:30:00+00:00,2026-06-05 20:00:00+00:00,America/New_York,2026-06-07 10:12:31.237152+00:00,
NMAX,NMAX,success,4672,2026-03-12 13:30:00+00:00,2026-06-05 20:00:00+00:00,America/New_York,2026-06-07 10:14:25.528445+00:00,
NMFC,NMFC,success,4520,2026-03-12 13:30:00+00:00,2026-06-05 20:00:00+00:00,America/New_York,2026-06-07 10:14:44.648249+00:00,
NMIH,NMIH,success,4520,2026-03-12 13:30:00+00:00,2026-06-05 20:00:00+00:00,America/New_York,2026-06-07 10:13:45.138371+00:00,
NMR,NMR,success,4677,2026-03-12 13:30:00+00:00,2026-06-05 20:00:00+00:00,America/New_York,2026-06-07 10:12:19.416816+00:00,
NMRK,NMRK,success,4675,2026-03-12 13:30:00+00:00,2026-06-05 20:00:00+00:00,America/New_York,2026-06-07 10:13:46.740582+00:00,
NN,NN,success,4676,2026-03-12 13:30:00+00:00,2026-06-05 20:00:00+00:00,America/New_York,2026-06-07 10:13:43.192571+00:00,
NNE,NNE,success,4681,2026-03-12 13:30:00+00:00,2026-06-05 20:00:00+00:00,America/New_York,2026-06-07 10:14:25.020590+00:00,
NNI,NNI,success,2884,2026-03-12 13:30:00+00:00,2026-06-05 20:00:00+00:00,America/New_York,2026-06-07 10:13:19.319326+00:00,
NNN,NNN,success,4680,2026-03-12 13:30:00+00:00,2026-06-05 20:00:00+00:00,America/New_York,2026-06-07 10:12:52.722429+00:00,
NNNN,NNNN,success,891,2026-03-12 13:30:00+00:00,2026-06-05 20:00:00+00:00,America/New_York,2026-06-07 10:13:36.233620+00:00,
NOA,NOA,success,3456,2026-03-12 13:30:00+00:00,2026-06-05 20:00:00+00:00,America/New_York,2026-06-07 10:15:13.294312+00:00,
NOAH,NOAH,success,3236,2026-03-12 13:30:00+00:00,2026-06-05 20:00:00+00:00,America/New_York,2026-06-07 10:14:47.783605+00:00,
NOC,NOC,success,4681,2026-03-12 13:30:00+00:00,2026-06-05 20:00:00+00:00,America/New_York,2026-06-07 10:11:58.647779+00:00,
NODK,NODK,success,765,2026-03-12 13:30:00+00:00,2026-06-05 20:00:00+00:00,America/New_York,2026-06-07 10:15:25.316882+00:00,
NOG,NOG,success,4681,2026-03-12 13:30:00+00:00,2026-06-05 20:00:00+00:00,America/New_York,2026-06-07 10:13:56.320759+00:00,
NOK,NOK,success,4681,2026-03-12 13:30:00+00:00,2026-06-05 20:00:00+00:00,America/New_York,2026-06-07 10:11:57.074800+00:00,
NOMA,NOMA,success,671,2026-03-12 13:30:00+00:00,2026-06-05 20:00:00+00:00,America/New_York,2026-06-07 10:16:02.825187+00:00,
NOMD,NOMD,success,4673,2026-03-12 13:30:00+00:00,2026-06-05 20:00:00+00:00,America/New_York,2026-06-07 10:14:14.489841+00:00,
NOV,NOV,success,4681,2026-03-12 13:30:00+00:00,2026-06-05 20:00:00+00:00,America/New_York,2026-06-07 10:12:57.404882+00:00,
NOVT,NOVT,success,4358,2026-03-12 13:30:00+00:00,2026-06-05 20:00:00+00:00,America/New_York,2026-06-07 10:13:10.243446+00:00,
NOW,NOW,success,4681,2026-03-12 13:30:00+00:00,2026-06-05 20:00:00+00:00,America/New_York,2026-06-07 10:11:53.374306+00:00,
NP,NP,success,4298,2026-03-12 13:30:00+00:00,2026-06-05 20:00:00+00:00,America/New_York,2026-06-07 10:13:33.586416+00:00,
NPAC,NPAC,success,235,2026-03-12 13:30:00+00:00,2026-06-05 20:00:00+00:00,America/New_York,2026-06-07 10:15:12.439209+00:00,
NPB,NPB,success,3299,2026-03-12 13:30:00+00:00,2026-06-05 20:00:00+00:00,America/New_York,2026-06-07 10:14:53.637261+00:00,
NPCE,NPCE,success,3691,2026-03-12 13:30:00+00:00,2026-06-05 20:00:00+00:00,America/New_York,2026-06-07 10:14:59.398377+00:00,
NPK,NPK,success,2323,2026-03-12 13:30:00+00:00,2026-06-05 20:00:00+00:00,America/New_York,2026-06-07 10:14:34.457082+00:00,
NPKI,NPKI,success,4654,2026-03-12 13:30:00+00:00,2026-06-05 20:00:00+00:00,America/New_York,2026-06-07 10:14:24.249259+00:00,
NPO,NPO,success,3874,2026-03-12 13:30:00+00:00,2026-06-05 20:00:00+00:00,America/New_York,2026-06-07 10:13:02.847207+00:00,
NRC,NRC,success,2709,2026-03-12 13:30:00+00:00,2026-06-05 20:00:00+00:00,America/New_York,2026-06-07 10:15:08.106618+00:00,
NRDS,NRDS,success,4577,2026-03-12 13:30:00+00:00,2026-06-05 20:00:00+00:00,America/New_York,2026-06-07 10:14:58.903928+00:00,
NREF,NREF,success,2255,2026-03-12 13:30:00+00:00,2026-06-05 20:00:00+00:00,America/New_York,2026-06-07 10:15:26.741786+00:00,
NRG,NRG,success,4681,2026-03-12 13:30:00+00:00,2026-06-05 20:00:00+00:00,America/New_York,2026-06-07 10:12:16.521015+00:00,
NRGV,NRGV,success,4681,2026-03-12 13:30:00+00:00,2026-06-05 20:00:00+00:00,America/New_York,2026-06-07 10:14:34.732673+00:00,
NRIM,NRIM,success,3179,2026-03-12 13:30:00+00:00,2026-06-05 20:00:00+00:00,America/New_York,2026-06-07 10:14:57.384230+00:00,
NRIX,NRIX,success,4665,2026-03-12 13:30:00+00:00,2026-06-05 20:00:00+00:00,America/New_York,2026-06-07 10:14:13.683541+00:00,
NRT,NRT,success,2370,2026-03-12 13:30:00+00:00,2026-06-05 20:00:00+00:00,America/New_York,2026-06-07 10:16:00.320323+00:00,
NRXP,NRXP,success,4504,2026-03-12 13:30:00+00:00,2026-06-05 20:00:00+00:00,America/New_York,2026-06-07 10:15:48.091657+00:00,
NRXS,NRXS,success,3716,2026-03-12 13:30:00+00:00,2026-06-05 20:00:00+00:00,America/New_York,2026-06-07 10:15:57.898310+00:00,
NSA,NSA,success,4672,2026-03-12 13:30:00+00:00,2026-06-05 20:00:00+00:00,America/New_York,2026-06-07 10:13:08.249305+00:00,
NSC,NSC,success,4681,2026-03-12 13:30:00+00:00,2026-06-05 20:00:00+00:00,America/New_York,2026-06-07 10:12:00.628209+00:00,
NSIT,NSIT,success,4416,2026-03-12 13:30:00+00:00,2026-06-05 20:00:00+00:00,America/New_York,2026-06-07 10:13:34.386172+00:00,
NSP,NSP,success,4649,2026-03-12 13:30:00+00:00,2026-06-05 20:00:00+00:00,America/New_York,2026-06-07 10:14:19.042199+00:00,
NSSC,NSSC,success,4368,2026-03-12 13:30:00+00:00,2026-06-05 20:00:00+00:00,America/New_York,2026-06-07 10:14:22.681744+00:00,
NTAP,NTAP,success,4681,2026-03-12 13:30:00+00:00,2026-06-05 20:00:00+00:00,America/New_York,2026-06-07 10:12:12.491530+00:00,
NTB,NTB,success,3865,2026-03-12 13:30:00+00:00,2026-06-05 20:00:00+00:00,America/New_York,2026-06-07 10:13:53.607485+00:00,
NTCT,NTCT,success,4511,2026-03-12 13:30:00+00:00,2026-06-05 20:00:00+00:00,America/New_York,2026-06-07 10:13:43.288312+00:00,
NTES,NTES,success,4658,2026-03-12 13:30:00+00:00,2026-06-05 20:00:00+00:00,America/New_York,2026-06-07 10:11:59.759841+00:00,
NTGR,NTGR,success,4418,2026-03-12 13:30:00+00:00,2026-06-05 20:00:00+00:00,America/New_York,2026-06-07 10:14:50.008864+00:00,
NTHI,NTHI,success,1950,2026-03-12 13:30:00+00:00,2026-06-05 20:00:00+00:00,America/New_York,2026-06-07 10:15:53.926760+00:00,
NTIC,NTIC,success,631,2026-03-12 14:55:00+00:00,2026-06-05 20:00:00+00:00,America/New_York,2026-06-07 10:15:59.858368+00:00,
NTLA,NTLA,success,4681,2026-03-12 13:30:00+00:00,2026-06-05 20:00:00+00:00,America/New_York,2026-06-07 10:14:02.321282+00:00,
NTNX,NTNX,success,4681,2026-03-12 13:30:00+00:00,2026-06-05 20:00:00+00:00,America/New_York,2026-06-07 10:12:32.780782+00:00,
NTR,NTR,success,4681,2026-03-12 13:30:00+00:00,2026-06-05 20:00:00+00:00,America/New_York,2026-06-07 10:12:13.196287+00:00,
NTRA,NTRA,success,4669,2026-03-12 13:30:00+00:00,2026-06-05 20:00:00+00:00,America/New_York,2026-06-07 10:12:14.568283+00:00,
NTRS,NTRS,success,4658,2026-03-12 13:30:00+00:00,2026-06-05 20:00:00+00:00,America/New_York,2026-06-07 10:12:13.218330+00:00,
NTSK,NTSK,success,4681,2026-03-12 13:30:00+00:00,2026-06-05 20:00:00+00:00,America/New_York,2026-06-07 10:13:29.103151+00:00,
NTST,NTST,success,4675,2026-03-12 13:30:00+00:00,2026-06-05 20:00:00+00:00,America/New_York,2026-06-07 10:14:00.788984+00:00,
NTWK,NTWK,success,1071,2026-03-12 15:05:00+00:00,2026-06-05 20:00:00+00:00,America/New_York,2026-06-07 10:16:04.779273+00:00,
NU,NU,success,4681,2026-03-12 13:30:00+00:00,2026-06-05 20:00:00+00:00,America/New_York,2026-06-07 10:12:03.147963+00:00,
NUAI,NUAI,success,4681,2026-03-12 13:30:00+00:00,2026-06-05 20:00:00+00:00,America/New_York,2026-06-07 10:15:03.224669+00:00,
NUCL,NUCL,success,4306,2026-03-12 13:30:00+00:00,2026-06-05 20:00:00+00:00,America/New_York,2026-06-07 10:15:28.836072+00:00,
NUE,NUE,success,4681,2026-03-12 13:30:00+00:00,2026-06-05 20:00:00+00:00,America/New_York,2026-06-07 10:12:02.970654+00:00,
NUS,NUS,success,4574,2026-03-12 13:30:00+00:00,2026-06-05 20:00:00+00:00,America/New_York,2026-06-07 10:15:30.577030+00:00,
NUTX,NUTX,success,3078,2026-03-12 13:30:00+00:00,2026-06-05 20:00:00+00:00,America/New_York,2026-06-07 10:14:35.236355+00:00,
NUVB,NUVB,success,4681,2026-03-12 13:30:00+00:00,2026-06-05 20:00:00+00:00,America/New_York,2026-06-07 10:14:08.443630+00:00,
NUVL,NUVL,success,4497,2026-03-12 13:30:00+00:00,2026-06-05 20:00:00+00:00,America/New_York,2026-06-07 10:12:59.024166+00:00,
NVAX,NVAX,success,4681,2026-03-12 13:30:00+00:00,2026-06-05 20:00:00+00:00,America/New_York,2026-06-07 10:14:11.848806+00:00,
NVCR,NVCR,success,4677,2026-03-12 13:30:00+00:00,2026-06-05 20:00:00+00:00,America/New_York,2026-06-07 10:14:01.470912+00:00,
NVCT,NVCT,success,2489,2026-03-12 13:30:00+00:00,2026-06-05 20:00:00+00:00,America/New_York,2026-06-07 10:15:33.597914+00:00,
NVDA,NVDA,success,4681,2026-03-12 13:30:00+00:00,2026-06-05 20:00:00+00:00,America/New_York,2026-06-07 10:11:44.580625+00:00,
NVEC,NVEC,success,2496,2026-03-12 13:30:00+00:00,2026-06-05 20:00:00+00:00,America/New_York,2026-06-07 10:15:01.876005+00:00,
NVGS,NVGS,success,4525,2026-03-12 13:30:00+00:00,2026-06-05 20:00:00+00:00,America/New_York,2026-06-07 10:14:18.684407+00:00,
NVMI,NVMI,success,4535,2026-03-12 13:30:00+00:00,2026-06-05 20:00:00+00:00,America/New_York,2026-06-07 10:12:32.735743+00:00,
NVO,NVO,success,4681,2026-03-12 13:30:00+00:00,2026-06-05 20:00:00+00:00,America/New_York,2026-06-07 10:11:49.157944+00:00,
NVR,NVR,success,4105,2026-03-12 13:30:00+00:00,2026-06-05 20:00:00+00:00,America/New_York,2026-06-07 10:12:28.403330+00:00,
NVRI,NVRI,success,4581,2026-03-12 13:30:00+00:00,2026-06-05 20:00:00+00:00,America/New_York,2026-06-07 10:14:09.995835+00:00,
NVS,NVS,success,4681,2026-03-12 13:30:00+00:00,2026-06-05 20:00:00+00:00,America/New_York,2026-06-07 10:11:47.602582+00:00,
NVST,NVST,success,4681,2026-03-12 13:30:00+00:00,2026-06-05 20:00:00+00:00,America/New_York,2026-06-07 10:13:29.001922+00:00,
NVT,NVT,success,4681,2026-03-12 13:30:00+00:00,2026-06-05 20:00:00+00:00,America/New_York,2026-06-07 10:12:17.677295+00:00,
NVTS,NVTS,success,4681,2026-03-12 13:30:00+00:00,2026-06-05 20:00:00+00:00,America/New_York,2026-06-07 10:13:08.966710+00:00,
NWAX,NWAX,success,968,2026-03-12 13:30:00+00:00,2026-06-05 20:00:00+00:00,America/New_York,2026-06-07 10:15:01.120423+00:00,
NWBI,NWBI,success,4643,2026-03-12 13:30:00+00:00,2026-06-05 20:00:00+00:00,America/New_York,2026-06-07 10:13:58.439090+00:00,
NWE,NWE,success,4460,2026-03-12 13:30:00+00:00,2026-06-05 20:00:00+00:00,America/New_York,2026-06-07 10:13:23.056569+00:00,
NWFL,NWFL,success,1018,2026-03-12 13:30:00+00:00,2026-06-05 20:00:00+00:00,America/New_York,2026-06-07 10:15:20.206159+00:00,
NWG,NWG,success,4681,2026-03-12 13:30:00+00:00,2026-06-05 20:00:00+00:00,America/New_York,2026-06-07 10:12:02.326120+00:00,
NWL,NWL,success,4681,2026-03-12 13:30:00+00:00,2026-06-05 20:00:00+00:00,America/New_York,2026-06-07 10:14:11.439098+00:00,
NWN,NWN,success,4155,2026-03-12 13:30:00+00:00,2026-06-05 20:00:00+00:00,America/New_York,2026-06-07 10:13:58.621115+00:00,
NWPX,NWPX,success,3198,2026-03-12 13:30:00+00:00,2026-06-05 20:00:00+00:00,America/New_York,2026-06-07 10:14:27.531031+00:00,
NWSA,NWSA,success,4681,2026-03-12 13:30:00+00:00,2026-06-05 20:00:00+00:00,America/New_York,2026-06-07 10:12:29.748014+00:00,
NX,NX,success,4395,2026-03-12 13:30:00+00:00,2026-06-05 20:00:00+00:00,America/New_York,2026-06-07 10:14:46.362742+00:00,
NXDT,NXDT,success,3122,2026-03-12 13:30:00+00:00,2026-06-05 20:00:00+00:00,America/New_York,2026-06-07 10:15:31.405405+00:00,
NXE,NXE,success,4681,2026-03-12 13:30:00+00:00,2026-06-05 20:00:00+00:00,America/New_York,2026-06-07 10:13:01.351880+00:00,
NXPI,NXPI,success,4681,2026-03-12 13:30:00+00:00,2026-06-05 20:00:00+00:00,America/New_York,2026-06-07 10:11:59.411758+00:00,
NXRT,NXRT,success,3886,2026-03-12 13:30:00+00:00,2026-06-05 20:00:00+00:00,America/New_York,2026-06-07 10:14:44.756818+00:00,
NXST,NXST,success,4159,2026-03-12 13:30:00+00:00,2026-06-05 20:00:00+00:00,America/New_York,2026-06-07 10:13:10.779270+00:00,
NXT,NXT,success,4681,2026-03-12 13:30:00+00:00,2026-06-05 20:00:00+00:00,America/New_York,2026-06-07 10:12:24.982543+00:00,
NYAX,NYAX,success,740,2026-03-12 13:30:00+00:00,2026-06-05 20:00:00+00:00,America/New_York,2026-06-07 10:13:51.206441+00:00,
NYT,NYT,success,4680,2026-03-12 13:30:00+00:00,2026-06-05 20:00:00+00:00,America/New_York,2026-06-07 10:12:37.929633+00:00,
O,O,success,4681,2026-03-12 13:30:00+00:00,2026-06-05 20:00:00+00:00,America/New_York,2026-06-07 10:12:03.736036+00:00,
OBDC,OBDC,success,4681,2026-03-12 13:30:00+00:00,2026-06-05 20:00:00+00:00,America/New_York,2026-06-07 10:13:11.011910+00:00,
OBE,OBE,success,4671,2026-03-12 13:30:00+00:00,2026-06-05 20:00:00+00:00,America/New_York,2026-06-07 10:14:44.386354+00:00,
OBIO,OBIO,success,3363,2026-03-12 13:30:00+00:00,2026-06-05 20:00:00+00:00,America/New_York,2026-06-07 10:15:36.307370+00:00,
OBK,OBK,success,3704,2026-03-12 13:30:00+00:00,2026-06-05 20:00:00+00:00,America/New_York,2026-06-07 10:14:12.627146+00:00,
OBT,OBT,success,1616,2026-03-12 13:30:00+00:00,2026-06-05 20:00:00+00:00,America/New_York,2026-06-07 10:15:04.386746+00:00,
OC,OC,success,4678,2026-03-12 13:30:00+00:00,2026-06-05 20:00:00+00:00,America/New_York,2026-06-07 10:12:46.922238+00:00,
OCC,OCC,success,4003,2026-03-12 13:30:00+00:00,2026-06-05 20:00:00+00:00,America/New_York,2026-06-07 10:15:54.241350+00:00,
OCCI,OCCI,success,3504,2026-03-12 13:30:00+00:00,2026-06-05 20:00:00+00:00,America/New_York,2026-06-07 10:15:55.796475+00:00,
OCFC,OCFC,success,4621,2026-03-12 13:30:00+00:00,2026-06-05 20:00:00+00:00,America/New_York,2026-06-07 10:14:05.803474+00:00,
OCS,OCS,success,3878,2026-03-12 13:30:00+00:00,2026-06-05 20:00:00+00:00,America/New_York,2026-06-07 10:14:50.395592+00:00,
OCSL,OCSL,success,4603,2026-03-12 13:30:00+00:00,2026-06-05 20:00:00+00:00,America/New_York,2026-06-07 10:14:30.084409+00:00,
OCUL,OCUL,success,4681,2026-03-12 13:30:00+00:00,2026-06-05 20:00:00+00:00,America/New_York,2026-06-07 10:14:05.942096+00:00,
ODC,ODC,success,2262,2026-03-12 13:30:00+00:00,2026-06-05 20:00:00+00:00,America/New_York,2026-06-07 10:14:27.172437+00:00,
ODD,ODD,success,4679,2026-03-12 13:30:00+00:00,2026-06-05 20:00:00+00:00,America/New_York,2026-06-07 10:14:57.427319+00:00,
ODFL,ODFL,success,4679,2026-03-12 13:30:00+00:00,2026-06-05 20:00:00+00:00,America/New_York,2026-06-07 10:12:05.263825+00:00,
ODTX,ODTX,success,1230,2026-05-08 13:40:00+00:00,2026-06-05 20:00:00+00:00,America/New_York,2026-06-07 10:14:43.246060+00:00,
ODYS,ODYS,success,1207,2026-03-12 13:30:00+00:00,2026-06-05 20:00:00+00:00,America/New_York,2026-06-07 10:16:02.185767+00:00,
OEC,OEC,success,4563,2026-03-12 13:30:00+00:00,2026-06-05 20:00:00+00:00,America/New_York,2026-06-07 10:15:15.033725+00:00,
OFG,OFG,success,4021,2026-03-12 13:30:00+00:00,2026-06-05 20:00:00+00:00,America/New_York,2026-06-07 10:13:59.426936+00:00,
OFIX,OFIX,success,4095,2026-03-12 13:30:00+00:00,2026-06-05 20:00:00+00:00,America/New_York,2026-06-07 10:15:11.097326+00:00,
OFLX,OFLX,success,1653,2026-03-12 13:45:00+00:00,2026-06-05 20:00:00+00:00,America/New_York,2026-06-07 10:15:25.601583+00:00,
OFRM,OFRM,success,4498,2026-03-12 13:30:00+00:00,2026-06-05 20:00:00+00:00,America/New_York,2026-06-07 10:14:51.576731+00:00,
OGC,OGC,success,2519,2026-04-07 13:30:00+00:00,2026-06-05 20:00:00+00:00,America/New_York,2026-06-07 10:13:07.224190+00:00,
OGE,OGE,success,4680,2026-03-12 13:30:00+00:00,2026-06-05 20:00:00+00:00,America/New_York,2026-06-07 10:12:46.532860+00:00,
OGN,OGN,success,4681,2026-03-12 13:30:00+00:00,2026-06-05 20:00:00+00:00,America/New_York,2026-06-07 10:13:33.748221+00:00,
OGS,OGS,success,4581,2026-03-12 13:30:00+00:00,2026-06-05 20:00:00+00:00,America/New_York,2026-06-07 10:13:16.401739+00:00,
OHI,OHI,success,4681,2026-03-12 13:30:00+00:00,2026-06-05 20:00:00+00:00,America/New_York,2026-06-07 10:12:36.061599+00:00,
OI,OI,success,4681,2026-03-12 13:30:00+00:00,2026-06-05 20:00:00+00:00,America/New_York,2026-06-07 10:14:23.938104+00:00,
OII,OII,success,4678,2026-03-12 13:30:00+00:00,2026-06-05 20:00:00+00:00,America/New_York,2026-06-07 10:13:30.861734+00:00,
OIS,OIS,success,4664,2026-03-12 13:30:00+00:00,2026-06-05 20:00:00+00:00,America/New_York,2026-06-07 10:15:02.327033+00:00,
OKE,OKE,success,4681,2026-03-12 13:30:00+00:00,2026-06-05 20:00:00+00:00,America/New_York,2026-06-07 10:12:03.996536+00:00,
OKLO,OKLO,success,4681,2026-03-12 13:30:00+00:00,2026-06-05 20:00:00+00:00,America/New_York,2026-06-07 10:12:45.422020+00:00,
OKTA,OKTA,success,4681,2026-03-12 13:30:00+00:00,2026-06-05 20:00:00+00:00,America/New_York,2026-06-07 10:12:23.239740+00:00,
OKUR,OKUR,success,3541,2026-03-12 13:30:00+00:00,2026-06-05 20:00:00+00:00,America/New_York,2026-06-07 10:15:45.375152+00:00,
OLED,OLED,success,4627,2026-03-12 13:30:00+00:00,2026-06-05 20:00:00+00:00,America/New_York,2026-06-07 10:13:25.292156+00:00,
OLLI,OLLI,success,4679,2026-03-12 13:30:00+00:00,2026-06-05 20:00:00+00:00,America/New_York,2026-06-07 10:13:18.160638+00:00,
OLMA,OLMA,success,4659,2026-03-12 13:30:00+00:00,2026-06-05 20:00:00+00:00,America/New_York,2026-06-07 10:14:36.882167+00:00,
OLN,OLN,success,4681,2026-03-12 13:30:00+00:00,2026-06-05 20:00:00+00:00,America/New_York,2026-06-07 10:13:44.872139+00:00,
OLP,OLP,success,2704,2026-03-12 13:30:00+00:00,2026-06-05 20:00:00+00:00,America/New_York,2026-06-07 10:15:00.078869+00:00,
OM,OM,success,3520,2026-03-12 13:30:00+00:00,2026-06-05 20:00:00+00:00,America/New_York,2026-06-07 10:15:58.235442+00:00,
OMAB,OMAB,success,2628,2026-03-12 13:30:00+00:00,2026-06-05 20:00:00+00:00,America/New_York,2026-06-07 10:13:18.680997+00:00,
OMC,OMC,success,4681,2026-03-12 13:30:00+00:00,2026-06-05 20:00:00+00:00,America/New_York,2026-06-07 10:12:22.518082+00:00,
OMCL,OMCL,success,4460,2026-03-12 13:30:00+00:00,2026-06-05 20:00:00+00:00,America/New_York,2026-06-07 10:13:59.887388+00:00,
OMDA,OMDA,success,4640,2026-03-12 13:30:00+00:00,2026-06-05 20:00:00+00:00,America/New_York,2026-06-07 10:14:29.835713+00:00,
OMER,OMER,success,4660,2026-03-12 13:30:00+00:00,2026-06-05 20:00:00+00:00,America/New_York,2026-06-07 10:14:46.983123+00:00,
OMF,OMF,success,4679,2026-03-12 13:30:00+00:00,2026-06-05 20:00:00+00:00,America/New_York,2026-06-07 10:13:03.569986+00:00,
OMSE,OMSE,success,826,2026-03-12 13:30:00+00:00,2026-06-05 20:00:00+00:00,America/New_York,2026-06-07 10:15:41.431156+00:00,
ON,ON,success,4681,2026-03-12 13:30:00+00:00,2026-06-05 20:00:00+00:00,America/New_York,2026-06-07 10:12:06.308875+00:00,
ONB,ONB,success,4681,2026-03-12 13:30:00+00:00,2026-06-05 20:00:00+00:00,America/New_York,2026-06-07 10:12:48.500697+00:00,
ONC,ONC,success,4511,2026-03-12 13:30:00+00:00,2026-06-05 20:00:00+00:00,America/New_York,2026-06-07 10:12:13.963159+00:00,
ONCH,ONCH,success,126,2026-03-12 14:20:00+00:00,2026-06-03 16:40:00+00:00,America/New_York,2026-06-07 10:15:37.328538+00:00,
ONDS,ONDS,success,4681,2026-03-12 13:30:00+00:00,2026-06-05 20:00:00+00:00,America/New_York,2026-06-07 10:13:12.882503+00:00,
ONEW,ONEW,success,3197,2026-03-12 13:30:00+00:00,2026-06-05 20:00:00+00:00,America/New_York,2026-06-07 10:15:45.358625+00:00,
ONIT,ONIT,success,2347,2026-03-12 13:30:00+00:00,2026-06-05 20:00:00+00:00,America/New_York,2026-06-07 10:15:24.248404+00:00,
ONON,ONON,success,4681,2026-03-12 13:30:00+00:00,2026-06-05 20:00:00+00:00,America/New_York,2026-06-07 10:12:39.053194+00:00,
ONT,ONT,success,1835,2026-05-04 13:30:00+00:00,2026-06-05 20:00:00+00:00,America/New_York,2026-06-07 10:14:51.935078+00:00,
ONTO,ONTO,success,4656,2026-03-12 13:30:00+00:00,2026-06-05 20:00:00+00:00,America/New_York,2026-06-07 10:12:38.254855+00:00,
OOMA,OOMA,success,4314,2026-03-12 13:30:00+00:00,2026-06-05 20:00:00+00:00,America/New_York,2026-06-07 10:15:03.777529+00:00,
OPBK,OPBK,success,1530,2026-03-12 13:30:00+00:00,2026-06-05 20:00:00+00:00,America/New_York,2026-06-07 10:15:38.720940+00:00,
OPCH,OPCH,success,4681,2026-03-12 13:30:00+00:00,2026-06-05 20:00:00+00:00,America/New_York,2026-06-07 10:13:38.069483+00:00,
OPEN,OPEN,success,4681,2026-03-12 13:30:00+00:00,2026-06-05 20:00:00+00:00,America/New_York,2026-06-07 10:13:24.281120+00:00,
OPFI,OPFI,success,4574,2026-03-12 13:30:00+00:00,2026-06-05 20:00:00+00:00,America/New_York,2026-06-07 10:14:24.839438+00:00,
OPHC,OPHC,success,829,2026-03-12 13:30:00+00:00,2026-06-05 19:55:00+00:00,America/New_York,2026-06-07 10:16:01.772063+00:00,
OPLN,OPLN,success,4615,2026-03-12 13:30:00+00:00,2026-06-05 20:00:00+00:00,America/New_York,2026-06-07 10:13:27.771559+00:00,
OPRA,OPRA,success,4529,2026-03-12 13:30:00+00:00,2026-06-05 20:00:00+00:00,America/New_York,2026-06-07 10:14:09.391247+00:00,
OPRT,OPRT,success,4360,2026-03-12 13:30:00+00:00,2026-06-05 20:00:00+00:00,America/New_York,2026-06-07 10:15:37.636824+00:00,
OPRX,OPRX,success,4459,2026-03-12 13:30:00+00:00,2026-06-05 20:00:00+00:00,America/New_York,2026-06-07 10:15:55.736752+00:00,
OPTX,OPTX,success,4579,2026-03-12 13:30:00+00:00,2026-06-05 20:00:00+00:00,America/New_York,2026-06-07 10:15:05.616460+00:00,
OPXS,OPXS,success,1455,2026-03-12 13:30:00+00:00,2026-06-05 20:00:00+00:00,America/New_York,2026-06-07 10:15:57.917915+00:00,
OPY,OPY,success,2126,2026-03-12 13:30:00+00:00,2026-06-05 20:00:00+00:00,America/New_York,2026-06-07 10:14:31.832356+00:00,
OR,OR,success,4675,2026-03-12 13:30:00+00:00,2026-06-05 20:00:00+00:00,America/New_York,2026-06-07 10:13:02.393086+00:00,
ORA,ORA,success,4635,2026-03-12 13:30:00+00:00,2026-06-05 20:00:00+00:00,America/New_York,2026-06-07 10:12:52.518450+00:00,
ORC,ORC,success,4681,2026-03-12 13:30:00+00:00,2026-06-05 20:00:00+00:00,America/New_York,2026-06-07 10:14:18.961509+00:00,
ORCL,ORCL,success,4681,2026-03-12 13:30:00+00:00,2026-06-05 20:00:00+00:00,America/New_York,2026-06-07 10:11:45.604367+00:00,
ORI,ORI,success,4680,2026-03-12 13:30:00+00:00,2026-06-05 20:00:00+00:00,America/New_York,2026-06-07 10:12:47.996294+00:00,
ORIC,ORIC,success,4675,2026-03-12 13:30:00+00:00,2026-06-05 20:00:00+00:00,America/New_York,2026-06-07 10:14:43.128182+00:00,
ORKA,ORKA,success,4647,2026-03-12 13:30:00+00:00,2026-06-05 20:00:00+00:00,America/New_York,2026-06-07 10:13:32.321239+00:00,
ORLA,ORLA,success,4673,2026-03-12 13:30:00+00:00,2026-06-05 20:00:00+00:00,America/New_York,2026-06-07 10:13:28.493200+00:00,
ORLY,ORLY,success,4681,2026-03-12 13:30:00+00:00,2026-06-05 20:00:00+00:00,America/New_York,2026-06-07 10:11:58.937060+00:00,
ORMP,ORMP,success,3144,2026-03-12 13:30:00+00:00,2026-06-05 20:00:00+00:00,America/New_York,2026-06-07 10:15:47.767136+00:00,
ORN,ORN,success,4454,2026-03-12 13:30:00+00:00,2026-06-05 20:00:00+00:00,America/New_York,2026-06-07 10:14:58.485728+00:00,
ORRF,ORRF,success,2996,2026-03-12 13:30:00+00:00,2026-06-05 20:00:00+00:00,America/New_York,2026-06-07 10:14:44.831237+00:00,
OSBC,OSBC,success,4382,2026-03-12 13:30:00+00:00,2026-06-05 20:00:00+00:00,America/New_York,2026-06-07 10:14:27.274182+00:00,
OSCR,OSCR,success,4681,2026-03-12 13:30:00+00:00,2026-06-05 20:00:00+00:00,America/New_York,2026-06-07 10:12:57.985674+00:00,
OSG,OSG,success,4487,2026-03-12 13:30:00+00:00,2026-06-05 20:00:00+00:00,America/New_York,2026-06-07 10:15:34.432111+00:00,
OSIS,OSIS,success,3867,2026-03-12 13:30:00+00:00,2026-06-05 20:00:00+00:00,America/New_York,2026-06-07 10:13:37.230629+00:00,
OSK,OSK,success,4655,2026-03-12 13:30:00+00:00,2026-06-05 20:00:00+00:00,America/New_York,2026-06-07 10:12:53.564512+00:00,
OSPN,OSPN,success,4580,2026-03-12 13:30:00+00:00,2026-06-05 20:00:00+00:00,America/New_York,2026-06-07 10:14:59.241655+00:00,
OSS,OSS,success,4680,2026-03-12 13:30:00+00:00,2026-06-05 20:00:00+00:00,America/New_York,2026-06-07 10:15:10.437276+00:00,
OSUR,OSUR,success,4295,2026-03-12 13:30:00+00:00,2026-06-05 20:00:00+00:00,America/New_York,2026-06-07 10:15:28.725836+00:00,
OSW,OSW,success,4540,2026-03-12 13:30:00+00:00,2026-06-05 20:00:00+00:00,America/New_York,2026-06-07 10:13:51.234159+00:00,
OTEX,OTEX,success,4681,2026-03-12 13:30:00+00:00,2026-06-05 20:00:00+00:00,America/New_York,2026-06-07 10:13:09.892180+00:00,
OTF,OTF,success,4681,2026-03-12 13:30:00+00:00,2026-06-05 20:00:00+00:00,America/New_York,2026-06-07 10:13:13.409427+00:00,
OTGA,OTGA,success,90,2026-03-13 15:30:00+00:00,2026-06-04 16:50:00+00:00,America/New_York,2026-06-07 10:15:26.337084+00:00,
OTIS,OTIS,success,4681,2026-03-12 13:30:00+00:00,2026-06-05 20:00:00+00:00,America/New_York,2026-06-07 10:12:16.670784+00:00,
OTLY,OTLY,success,2334,2026-03-12 13:30:00+00:00,2026-06-05 20:00:00+00:00,America/New_York,2026-06-07 10:15:31.908587+00:00,
OTTR,OTTR,success,3836,2026-03-12 13:30:00+00:00,2026-06-05 20:00:00+00:00,America/New_York,2026-06-07 10:13:31.868894+00:00,
OUST,OUST,success,4681,2026-03-12 13:30:00+00:00,2026-06-05 20:00:00+00:00,America/New_York,2026-06-07 10:13:50.039040+00:00,
OUT,OUT,success,4679,2026-03-12 13:30:00+00:00,2026-06-05 20:00:00+00:00,America/New_York,2026-06-07 10:13:11.093226+00:00,
OVBC,OVBC,success,1188,2026-03-12 14:00:00+00:00,2026-06-05 20:00:00+00:00,America/New_York,2026-06-07 10:15:36.343914+00:00,
OVLY,OVLY,success,1913,2026-03-12 13:40:00+00:00,2026-06-05 20:00:00+00:00,America/New_York,2026-06-07 10:15:28.003821+00:00,
OVV,OVV,success,4681,2026-03-12 13:30:00+00:00,2026-06-05 20:00:00+00:00,America/New_York,2026-06-07 10:12:29.808702+00:00,
OWL,OWL,success,4681,2026-03-12 13:30:00+00:00,2026-06-05 20:00:00+00:00,America/New_York,2026-06-07 10:12:31.182029+00:00,
OWLS,OWLS,success,1420,2026-03-12 14:00:00+00:00,2026-06-05 20:00:00+00:00,America/New_York,2026-06-07 10:15:01.264261+00:00,
OWLT,OWLT,success,4245,2026-03-12 13:30:00+00:00,2026-06-05 20:00:00+00:00,America/New_York,2026-06-07 10:15:50.378796+00:00,
OXM,OXM,success,4197,2026-03-12 13:30:00+00:00,2026-06-05 20:00:00+00:00,America/New_York,2026-06-07 10:14:49.423188+00:00,
OXY,OXY,success,4681,2026-03-12 13:30:00+00:00,2026-06-05 20:00:00+00:00,America/New_York,2026-06-07 10:12:03.658332+00:00,
OZ,OZ,success,792,2026-03-12 14:15:00+00:00,2026-06-05 19:55:00+00:00,America/New_York,2026-06-07 10:15:43.075242+00:00,
OZK,OZK,success,4675,2026-03-12 13:30:00+00:00,2026-06-05 20:00:00+00:00,America/New_York,2026-06-07 10:13:09.513948+00:00,
P,P,success,2731,2026-04-17 13:30:00+00:00,2026-06-05 20:00:00+00:00,America/New_York,2026-06-07 10:12:19.874493+00:00,
PAAS,PAAS,success,4681,2026-03-12 13:30:00+00:00,2026-06-05 20:00:00+00:00,America/New_York,2026-06-07 10:12:24.035358+00:00,
PAC,PAC,success,3169,2026-03-12 13:30:00+00:00,2026-06-05 20:00:00+00:00,America/New_York,2026-06-07 10:12:41.341313+00:00,
PACK,PACK,success,4525,2026-03-12 13:30:00+00:00,2026-06-05 20:00:00+00:00,America/New_York,2026-06-07 10:14:54.646605+00:00,
PACS,PACS,success,4614,2026-03-12 13:30:00+00:00,2026-06-05 20:00:00+00:00,America/New_York,2026-06-07 10:13:09.132327+00:00,
PAG,PAG,success,4121,2026-03-12 13:30:00+00:00,2026-06-05 20:00:00+00:00,America/New_York,2026-06-07 10:12:41.262120+00:00,
PAGS,PAGS,success,4681,2026-03-12 13:30:00+00:00,2026-06-05 20:00:00+00:00,America/New_York,2026-06-07 10:13:50.343008+00:00,
PAHC,PAHC,success,4229,2026-03-12 13:30:00+00:00,2026-06-05 20:00:00+00:00,America/New_York,2026-06-07 10:14:19.705196+00:00,
PAL,PAL,success,3878,2026-03-12 13:30:00+00:00,2026-06-05 20:00:00+00:00,America/New_York,2026-06-07 10:15:44.765055+00:00,
PAM,PAM,success,4432,2026-03-12 13:30:00+00:00,2026-06-05 20:00:00+00:00,America/New_York,2026-06-07 10:13:17.473581+00:00,
PAMT,PAMT,success,652,2026-03-12 13:30:00+00:00,2026-06-05 20:00:00+00:00,America/New_York,2026-06-07 10:15:27.773260+00:00,
PANL,PANL,success,4534,2026-03-12 13:30:00+00:00,2026-06-05 20:00:00+00:00,America/New_York,2026-06-07 10:15:04.319316+00:00,
PANW,PANW,success,4681,2026-03-12 13:30:00+00:00,2026-06-05 20:00:00+00:00,America/New_York,2026-06-07 10:11:48.520471+00:00,
PAR,PAR,success,4671,2026-03-12 13:30:00+00:00,2026-06-05 20:00:00+00:00,America/New_York,2026-06-07 10:14:56.744413+00:00,
PARK,PARK,success,769,2026-03-12 13:30:00+00:00,2026-06-05 20:00:00+00:00,America/New_York,2026-06-07 10:15:57.818331+00:00,
PARR,PARR,success,4680,2026-03-12 13:30:00+00:00,2026-06-05 20:00:00+00:00,America/New_York,2026-06-07 10:13:44.963592+00:00,
PATH,PATH,success,4681,2026-03-12 13:30:00+00:00,2026-06-05 20:00:00+00:00,America/New_York,2026-06-07 10:13:07.457000+00:00,
PATK,PATK,success,4289,2026-03-12 13:30:00+00:00,2026-06-05 20:00:00+00:00,America/New_York,2026-06-07 10:13:44.436725+00:00,
PAX,PAX,success,4619,2026-03-12 13:30:00+00:00,2026-06-05 20:00:00+00:00,America/New_York,2026-06-07 10:14:05.220743+00:00,
PAY,PAY,success,4564,2026-03-12 13:30:00+00:00,2026-06-05 20:00:00+00:00,America/New_York,2026-06-07 10:13:47.727755+00:00,
PAYC,PAYC,success,4663,2026-03-12 13:30:00+00:00,2026-06-05 20:00:00+00:00,America/New_York,2026-06-07 10:13:03.193565+00:00,
PAYO,PAYO,success,4680,2026-03-12 13:30:00+00:00,2026-06-05 20:00:00+00:00,America/New_York,2026-06-07 10:14:07.387442+00:00,
PAYP,PAYP,success,4563,2026-03-13 13:30:00+00:00,2026-06-05 20:00:00+00:00,America/New_York,2026-06-07 10:12:45.648400+00:00,
PAYS,PAYS,success,4549,2026-03-12 13:30:00+00:00,2026-06-05 20:00:00+00:00,America/New_York,2026-06-07 10:15:15.151069+00:00,
PAYX,PAYX,success,4681,2026-03-12 13:30:00+00:00,2026-06-05 20:00:00+00:00,America/New_York,2026-06-07 10:12:11.009308+00:00,
PB,PB,success,4667,2026-03-12 13:30:00+00:00,2026-06-05 20:00:00+00:00,America/New_York,2026-06-07 10:12:59.675282+00:00,
PBA,PBA,success,4681,2026-03-12 13:30:00+00:00,2026-06-05 20:00:00+00:00,America/New_York,2026-06-07 10:12:15.694643+00:00,
PBF,PBF,success,4681,2026-03-12 13:30:00+00:00,2026-06-05 20:00:00+00:00,America/New_York,2026-06-07 10:13:16.225706+00:00,
PBFS,PBFS,success,553,2026-03-12 13:30:00+00:00,2026-06-05 20:00:00+00:00,America/New_York,2026-06-07 10:15:09.764296+00:00,
PBH,PBH,success,4563,2026-03-12 13:30:00+00:00,2026-06-05 20:00:00+00:00,America/New_York,2026-06-07 10:13:54.333509+00:00,
PBI,PBI,success,4681,2026-03-12 13:30:00+00:00,2026-06-05 20:00:00+00:00,America/New_York,2026-06-07 10:13:54.054934+00:00,
PBR,PBR,success,4681,2026-03-12 13:30:00+00:00,2026-06-05 20:00:00+00:00,America/New_York,2026-06-07 10:11:53.963408+00:00,
PBT,PBT,success,3648,2026-03-12 13:30:00+00:00,2026-06-05 20:00:00+00:00,America/New_York,2026-06-07 10:14:19.229293+00:00,
PBYI,PBYI,success,4031,2026-03-12 13:30:00+00:00,2026-06-05 20:00:00+00:00,America/New_York,2026-06-07 10:15:17.110372+00:00,
PCAP,PCAP,success,200,2026-03-12 16:20:00+00:00,2026-06-05 20:00:00+00:00,America/New_York,2026-06-07 10:15:21.831379+00:00,
PCAR,PCAR,success,4681,2026-03-12 13:30:00+00:00,2026-06-05 20:00:00+00:00,America/New_York,2026-06-07 10:12:02.601375+00:00,
PCB,PCB,success,999,2026-03-12 13:30:00+00:00,2026-06-05 20:00:00+00:00,America/New_York,2026-06-07 10:15:16.491145+00:00,
PCG,PCG,success,4681,2026-03-12 13:30:00+00:00,2026-06-05 20:00:00+00:00,America/New_York,2026-06-07 10:12:10.163830+00:00,
PCOR,PCOR,success,4681,2026-03-12 13:30:00+00:00,2026-06-05 20:00:00+00:00,America/New_York,2026-06-07 10:12:57.543837+00:00,
PCRX,PCRX,success,4345,2026-03-12 13:30:00+00:00,2026-06-05 20:00:00+00:00,America/New_York,2026-06-07 10:14:36.052494+00:00,
PCSC,PCSC,success,1407,2026-03-12 13:40:00+00:00,2026-06-05 20:00:00+00:00,America/New_York,2026-06-07 10:15:52.635014+00:00,
PCT,PCT,success,4680,2026-03-12 13:30:00+00:00,2026-06-05 20:00:00+00:00,America/New_York,2026-06-07 10:13:55.192018+00:00,
PCTY,PCTY,success,4626,2026-03-12 13:30:00+00:00,2026-06-05 20:00:00+00:00,America/New_York,2026-06-07 10:13:06.098464+00:00,
PCVX,PCVX,success,4663,2026-03-12 13:30:00+00:00,2026-06-05 20:00:00+00:00,America/New_York,2026-06-07 10:13:01.389957+00:00,
PCYO,PCYO,success,1799,2026-03-12 13:30:00+00:00,2026-06-05 20:00:00+00:00,America/New_York,2026-06-07 10:15:32.300657+00:00,
PD,PD,success,4681,2026-03-12 13:30:00+00:00,2026-06-05 20:00:00+00:00,America/New_York,2026-06-07 10:14:46.173845+00:00,
PDCC,PDCC,success,712,2026-03-12 13:30:00+00:00,2026-06-05 19:50:00+00:00,America/New_York,2026-06-07 10:15:58.708347+00:00,
PDD,PDD,success,4681,2026-03-12 13:30:00+00:00,2026-06-05 20:00:00+00:00,America/New_York,2026-06-07 10:11:53.118663+00:00,
PDEX,PDEX,success,1287,2026-03-12 13:35:00+00:00,2026-06-05 20:00:00+00:00,America/New_York,2026-06-07 10:15:38.889334+00:00,
PDFS,PDFS,success,4470,2026-03-12 13:30:00+00:00,2026-06-05 20:00:00+00:00,America/New_York,2026-06-07 10:13:59.542248+00:00,
PDLB,PDLB,success,1802,2026-03-12 13:30:00+00:00,2026-06-05 20:00:00+00:00,America/New_York,2026-06-07 10:15:05.343462+00:00,
PDM,PDM,success,4661,2026-03-12 13:30:00+00:00,2026-06-05 20:00:00+00:00,America/New_York,2026-06-07 10:14:28.308044+00:00,
PDS,PDS,success,3692,2026-03-12 13:30:00+00:00,2026-06-05 20:00:00+00:00,America/New_York,2026-06-07 10:14:24.504879+00:00,
PDYN,PDYN,success,4675,2026-03-12 13:30:00+00:00,2026-06-05 20:00:00+00:00,America/New_York,2026-06-07 10:15:23.621848+00:00,
PEB,PEB,success,4680,2026-03-12 13:30:00+00:00,2026-06-05 20:00:00+00:00,America/New_York,2026-06-07 10:14:01.609020+00:00,
PEBK,PEBK,success,1868,2026-03-12 13:30:00+00:00,2026-06-05 20:00:00+00:00,America/New_York,2026-06-07 10:15:35.165086+00:00,
PEBO,PEBO,success,4015,2026-03-12 13:30:00+00:00,2026-06-05 20:00:00+00:00,America/New_York,2026-06-07 10:14:22.032839+00:00,
PECE,PECE,success,30,2026-06-04 14:05:00+00:00,2026-06-05 20:00:00+00:00,America/New_York,2026-06-07 10:16:02.990103+00:00,
PECO,PECO,success,4656,2026-03-12 13:30:00+00:00,2026-06-05 20:00:00+00:00,America/New_York,2026-06-07 10:13:10.509186+00:00,
PED,PED,success,1581,2026-03-12 13:30:00+00:00,2026-06-05 20:00:00+00:00,America/New_York,2026-06-07 10:15:44.002541+00:00,
PEG,PEG,success,4681,2026-03-12 13:30:00+00:00,2026-06-05 20:00:00+00:00,America/New_York,2026-06-07 10:12:09.043445+00:00,
PEGA,PEGA,success,4681,2026-03-12 13:30:00+00:00,2026-06-05 20:00:00+00:00,America/New_York,2026-06-07 10:13:07.310894+00:00,
PEN,PEN,success,4676,2026-03-12 13:30:00+00:00,2026-06-05 20:00:00+00:00,America/New_York,2026-06-07 10:12:37.604199+00:00,
PENG,PENG,success,4652,2026-03-12 13:30:00+00:00,2026-06-05 20:00:00+00:00,America/New_York,2026-06-07 10:13:39.227173+00:00,
PENN,PENN,success,4681,2026-03-12 13:30:00+00:00,2026-06-05 20:00:00+00:00,America/New_York,2026-06-07 10:13:48.980111+00:00,
PEP,PEP,success,4681,2026-03-12 13:30:00+00:00,2026-06-05 20:00:00+00:00,America/New_York,2026-06-07 10:11:49.194168+00:00,
PERI,PERI,success,4419,2026-03-12 13:30:00+00:00,2026-06-05 20:00:00+00:00,America/New_York,2026-06-07 10:15:23.892979+00:00,
PESI,PESI,success,3345,2026-03-12 13:30:00+00:00,2026-06-05 20:00:00+00:00,America/New_York,2026-06-07 10:15:43.552652+00:00,
PFBC,PFBC,success,2336,2026-03-12 13:30:00+00:00,2026-06-05 20:00:00+00:00,America/New_York,2026-06-07 10:14:20.056040+00:00,
PFE,PFE,success,4681,2026-03-12 13:30:00+00:00,2026-06-05 20:00:00+00:00,America/New_York,2026-06-07 10:11:51.343220+00:00,
PFG,PFG,success,4678,2026-03-12 13:30:00+00:00,2026-06-05 20:00:00+00:00,America/New_York,2026-06-07 10:12:20.448120+00:00,
PFGC,PFGC,success,4672,2026-03-12 13:30:00+00:00,2026-06-05 20:00:00+00:00,America/New_York,2026-06-07 10:12:31.506764+00:00,
PFIS,PFIS,success,1577,2026-03-12 13:35:00+00:00,2026-06-05 20:00:00+00:00,America/New_York,2026-06-07 10:14:53.581381+00:00,
PFLT,PFLT,success,4678,2026-03-12 13:30:00+00:00,2026-06-05 20:00:00+00:00,America/New_York,2026-06-07 10:14:42.020914+00:00,
PFS,PFS,success,4673,2026-03-12 13:30:00+00:00,2026-06-05 20:00:00+00:00,America/New_York,2026-06-07 10:13:42.951729+00:00,
PFSI,PFSI,success,4498,2026-03-12 13:30:00+00:00,2026-06-05 20:00:00+00:00,America/New_York,2026-06-07 10:13:24.510682+00:00,
PG,PG,success,4681,2026-03-12 13:30:00+00:00,2026-06-05 20:00:00+00:00,America/New_York,2026-06-07 10:11:46.612204+00:00,
PGAC,PGAC,success,134,2026-03-12 13:45:00+00:00,2026-06-05 20:00:00+00:00,America/New_York,2026-06-07 10:15:55.997970+00:00,
PGC,PGC,success,3055,2026-03-12 13:30:00+00:00,2026-06-05 20:00:00+00:00,America/New_York,2026-06-07 10:14:42.973951+00:00,
PGEN,PGEN,success,4680,2026-03-12 13:30:00+00:00,2026-06-05 20:00:00+00:00,America/New_York,2026-06-07 10:14:21.925818+00:00,
PGNY,PGNY,success,4677,2026-03-12 13:30:00+00:00,2026-06-05 20:00:00+00:00,America/New_York,2026-06-07 10:13:59.619973+00:00,
PGR,PGR,success,4681,2026-03-12 13:30:00+00:00,2026-06-05 20:00:00+00:00,America/New_York,2026-06-07 10:11:53.025344+00:00,
PGY,PGY,success,4681,2026-03-12 13:30:00+00:00,2026-06-05 20:00:00+00:00,America/New_York,2026-06-07 10:14:25.953832+00:00,
PH,PH,success,4680,2026-03-12 13:30:00+00:00,2026-06-05 20:00:00+00:00,America/New_York,2026-06-07 10:11:53.710898+00:00,
PHAR,PHAR,success,772,2026-03-12 13:30:00+00:00,2026-06-05 20:00:00+00:00,America/New_York,2026-06-07 10:14:36.820860+00:00,
PHAT,PHAT,success,4654,2026-03-12 13:30:00+00:00,2026-06-05 20:00:00+00:00,America/New_York,2026-06-07 10:14:42.576963+00:00,
PHG,PHG,success,4681,2026-03-12 13:30:00+00:00,2026-06-05 20:00:00+00:00,America/New_York,2026-06-07 10:12:18.958418+00:00,
PHI,PHI,success,3675,2026-03-12 13:30:00+00:00,2026-06-05 20:00:00+00:00,America/New_York,2026-06-07 10:13:25.090560+00:00,
PHIN,PHIN,success,4289,2026-03-12 13:30:00+00:00,2026-06-05 20:00:00+00:00,America/New_York,2026-06-07 10:13:41.472188+00:00,
PHM,PHM,success,4680,2026-03-12 13:30:00+00:00,2026-06-05 20:00:00+00:00,America/New_York,2026-06-07 10:12:20.683390+00:00,
PHOE,PHOE,success,739,2026-03-12 13:30:00+00:00,2026-06-05 20:00:00+00:00,America/New_York,2026-06-07 10:15:21.028376+00:00,
PHR,PHR,success,4681,2026-03-12 13:30:00+00:00,2026-06-05 20:00:00+00:00,America/New_York,2026-06-07 10:14:54.962574+00:00,
PHVS,PHVS,success,3580,2026-03-12 13:30:00+00:00,2026-06-05 20:00:00+00:00,America/New_York,2026-06-07 10:13:56.914588+00:00,
PI,PI,success,4452,2026-03-12 13:30:00+00:00,2026-06-05 20:00:00+00:00,America/New_York,2026-06-07 10:13:31.409670+00:00,
PICS,PICS,success,4269,2026-03-12 13:30:00+00:00,2026-06-05 20:00:00+00:00,America/New_York,2026-06-07 10:14:25.101951+00:00,
PII,PII,success,4656,2026-03-12 13:30:00+00:00,2026-06-05 20:00:00+00:00,America/New_York,2026-06-07 10:13:30.893908+00:00,
PIII,PIII,success,1719,2026-03-12 13:30:00+00:00,2026-06-05 20:00:00+00:00,America/New_York,2026-06-07 10:15:58.210435+00:00,
PINE,PINE,success,4054,2026-03-12 13:30:00+00:00,2026-06-05 20:00:00+00:00,America/New_York,2026-06-07 10:15:22.999656+00:00,
PINS,PINS,success,4681,2026-03-12 13:30:00+00:00,2026-06-05 20:00:00+00:00,America/New_York,2026-06-07 10:12:38.462916+00:00,
PIPR,PIPR,success,4638,2026-03-12 13:30:00+00:00,2026-06-05 20:00:00+00:00,America/New_York,2026-06-07 10:13:11.886837+00:00,
PJT,PJT,success,4231,2026-03-12 13:30:00+00:00,2026-06-05 20:00:00+00:00,America/New_York,2026-06-07 10:13:25.342269+00:00,
PK,PK,success,4681,2026-03-12 13:30:00+00:00,2026-06-05 20:00:00+00:00,America/New_York,2026-06-07 10:13:44.607100+00:00,
PKBK,PKBK,success,3076,2026-03-12 13:30:00+00:00,2026-06-05 20:00:00+00:00,America/New_York,2026-06-07 10:15:16.041867+00:00,
PKE,PKE,success,4165,2026-03-12 13:30:00+00:00,2026-06-05 20:00:00+00:00,America/New_York,2026-06-07 10:14:49.983294+00:00,
PKG,PKG,success,4619,2026-03-12 13:30:00+00:00,2026-06-05 20:00:00+00:00,America/New_York,2026-06-07 10:12:24.197699+00:00,
PKOH,PKOH,success,1586,2026-03-12 13:30:00+00:00,2026-06-05 20:00:00+00:00,America/New_York,2026-06-07 10:15:04.993952+00:00,
PKX,PKX,success,4225,2026-03-12 13:30:00+00:00,2026-06-05 20:00:00+00:00,America/New_York,2026-06-07 10:12:26.649230+00:00,
PL,PL,success,4681,2026-03-12 13:30:00+00:00,2026-06-05 20:00:00+00:00,America/New_York,2026-06-07 10:12:40.733407+00:00,
PLAB,PLAB,success,4665,2026-03-12 13:30:00+00:00,2026-06-05 20:00:00+00:00,America/New_York,2026-06-07 10:14:06.981781+00:00,
PLAY,PLAY,success,4675,2026-03-12 13:30:00+00:00,2026-06-05 20:00:00+00:00,America/New_York,2026-06-07 10:15:13.114563+00:00,
PLBC,PLBC,success,1976,2026-03-12 14:20:00+00:00,2026-06-05 20:00:00+00:00,America/New_York,2026-06-07 10:15:15.087307+00:00,
PLCE,PLCE,success,3551,2026-03-12 13:30:00+00:00,2026-06-05 20:00:00+00:00,America/New_York,2026-06-07 10:15:59.396648+00:00,
PLD,PLD,success,4681,2026-03-12 13:30:00+00:00,2026-06-05 20:00:00+00:00,America/New_York,2026-06-07 10:11:51.872187+00:00,
PLGO,PLGO,success,1396,2026-05-12 13:30:00+00:00,2026-06-05 20:00:00+00:00,America/New_York,2026-06-07 10:14:02.467540+00:00,
PLMK,PLMK,success,206,2026-03-12 13:30:00+00:00,2026-06-05 20:00:00+00:00,America/New_York,2026-06-07 10:15:31.372034+00:00,
PLMR,PLMR,success,3798,2026-03-12 13:30:00+00:00,2026-06-05 20:00:00+00:00,America/New_York,2026-06-07 10:13:43.299881+00:00,
PLNT,PLNT,success,4680,2026-03-12 13:30:00+00:00,2026-06-05 20:00:00+00:00,America/New_York,2026-06-07 10:13:26.005171+00:00,
PLOW,PLOW,success,3855,2026-03-12 13:30:00+00:00,2026-06-05 20:00:00+00:00,America/New_York,2026-06-07 10:14:31.261857+00:00,
PLPC,PLPC,success,3188,2026-03-12 13:30:00+00:00,2026-06-05 20:00:00+00:00,America/New_York,2026-06-07 10:14:05.025449+00:00,
PLSE,PLSE,success,4042,2026-03-12 13:30:00+00:00,2026-06-05 20:00:00+00:00,America/New_York,2026-06-07 10:14:06.701347+00:00,
PLTK,PLTK,success,4644,2026-03-12 13:30:00+00:00,2026-06-05 20:00:00+00:00,America/New_York,2026-06-07 10:14:26.322031+00:00,
PLTR,PLTR,success,4681,2026-03-12 13:30:00+00:00,2026-06-05 20:00:00+00:00,America/New_York,2026-06-07 10:11:46.838012+00:00,
PLUG,PLUG,success,4681,2026-03-12 13:30:00+00:00,2026-06-05 20:00:00+00:00,America/New_York,2026-06-07 10:13:21.566511+00:00,
PLUS,PLUS,success,3429,2026-03-12 13:30:00+00:00,2026-06-05 20:00:00+00:00,America/New_York,2026-06-07 10:13:56.680988+00:00,
PLXS,PLXS,success,3827,2026-03-12 13:30:00+00:00,2026-06-05 20:00:00+00:00,America/New_York,2026-06-07 10:12:57.602490+00:00,
PM,PM,success,4681,2026-03-12 13:30:00+00:00,2026-06-05 20:00:00+00:00,America/New_York,2026-06-07 10:11:47.381763+00:00,
PMT,PMT,success,4672,2026-03-12 13:30:00+00:00,2026-06-05 20:00:00+00:00,America/New_York,2026-06-07 10:14:37.758691+00:00,
PMTR,PMTR,success,263,2026-03-12 13:45:00+00:00,2026-06-05 20:00:00+00:00,America/New_York,2026-06-07 10:15:22.960566+00:00,
PMTS,PMTS,success,1719,2026-03-12 13:30:00+00:00,2026-06-05 20:00:00+00:00,America/New_York,2026-06-07 10:15:41.273243+00:00,
PNC,PNC,success,4681,2026-03-12 13:30:00+00:00,2026-06-05 20:00:00+00:00,America/New_York,2026-06-07 10:11:56.210057+00:00,
PNFP,PNFP,success,4673,2026-03-12 13:30:00+00:00,2026-06-05 20:00:00+00:00,America/New_York,2026-06-07 10:12:32.451587+00:00,
PNNT,PNNT,success,4629,2026-03-12 13:30:00+00:00,2026-06-05 20:00:00+00:00,America/New_York,2026-06-07 10:15:32.512926+00:00,
PNR,PNR,success,4680,2026-03-12 13:30:00+00:00,2026-06-05 20:00:00+00:00,America/New_York,2026-06-07 10:12:39.379661+00:00,
PNRG,PNRG,success,1520,2026-03-12 13:45:00+00:00,2026-06-05 20:00:00+00:00,America/New_York,2026-06-07 10:15:26.243812+00:00,
PNTG,PNTG,success,3712,2026-03-12 13:30:00+00:00,2026-06-05 20:00:00+00:00,America/New_York,2026-06-07 10:14:28.639585+00:00,
PNW,PNW,success,4675,2026-03-12 13:30:00+00:00,2026-06-05 20:00:00+00:00,America/New_York,2026-06-07 10:12:38.041422+00:00,
POCI,POCI,success,1181,2026-03-12 18:25:00+00:00,2026-06-05 20:00:00+00:00,America/New_York,2026-06-07 10:16:02.553933+00:00,
PODC,PODC,success,2048,2026-03-12 13:55:00+00:00,2026-06-05 20:00:00+00:00,America/New_York,2026-06-07 10:15:53.721445+00:00,
PODD,PODD,success,4680,2026-03-12 13:30:00+00:00,2026-06-05 20:00:00+00:00,America/New_York,2026-06-07 10:12:43.762602+00:00,
POET,POET,success,4681,2026-03-12 13:30:00+00:00,2026-06-05 20:00:00+00:00,America/New_York,2026-06-07 10:13:59.066152+00:00,
POLE,POLE,success,82,2026-03-13 13:35:00+00:00,2026-06-05 20:00:00+00:00,America/New_York,2026-06-07 10:15:23.806272+00:00,
PONY,PONY,success,4681,2026-03-12 13:30:00+00:00,2026-06-05 20:00:00+00:00,America/New_York,2026-06-07 10:13:25.943934+00:00,
POOL,POOL,success,4673,2026-03-12 13:30:00+00:00,2026-06-05 20:00:00+00:00,America/New_York,2026-06-07 10:13:00.267499+00:00,
POR,POR,success,4678,2026-03-12 13:30:00+00:00,2026-06-05 20:00:00+00:00,America/New_York,2026-06-07 10:13:08.061764+00:00,
POST,POST,success,4650,2026-03-12 13:30:00+00:00,2026-06-05 20:00:00+00:00,America/New_York,2026-06-07 10:13:25.264547+00:00,
POWI,POWI,success,4664,2026-03-12 13:30:00+00:00,2026-06-05 20:00:00+00:00,America/New_York,2026-06-07 10:13:23.085643+00:00,
POWL,POWL,success,4616,2026-03-12 13:30:00+00:00,2026-06-05 20:00:00+00:00,America/New_York,2026-06-07 10:12:45.195820+00:00,
PPC,PPC,success,4669,2026-03-12 13:30:00+00:00,2026-06-05 20:00:00+00:00,America/New_York,2026-06-07 10:12:59.264164+00:00,
PPG,PPG,success,4681,2026-03-12 13:30:00+00:00,2026-06-05 20:00:00+00:00,America/New_York,2026-06-07 10:12:18.531656+00:00,
PPHC,PPHC,success,2339,2026-03-12 13:30:00+00:00,2026-06-05 20:00:00+00:00,America/New_York,2026-06-07 10:15:27.100804+00:00,
PPIH,PPIH,success,2810,2026-03-12 13:30:00+00:00,2026-06-05 20:00:00+00:00,America/New_York,2026-06-07 10:15:32.285649+00:00,
PPL,PPL,success,4681,2026-03-12 13:30:00+00:00,2026-06-05 20:00:00+00:00,America/New_York,2026-06-07 10:12:17.098552+00:00,
PPLI,PPLI,success,156,2026-06-04 13:30:00+00:00,2026-06-05 20:00:00+00:00,America/New_York,2026-06-07 10:13:39.051684+00:00,
PPTA,PPTA,success,4678,2026-03-12 13:30:00+00:00,2026-06-05 20:00:00+00:00,America/New_York,2026-06-07 10:13:45.627952+00:00,
PR,PR,success,4681,2026-03-12 13:30:00+00:00,2026-06-05 20:00:00+00:00,America/New_York,2026-06-07 10:12:29.619147+00:00,
PRA,PRA,success,4534,2026-03-12 13:30:00+00:00,2026-06-05 20:00:00+00:00,America/New_York,2026-06-07 10:14:21.537211+00:00,
PRAA,PRAA,success,4281,2026-03-12 13:30:00+00:00,2026-06-05 20:00:00+00:00,America/New_York,2026-06-07 10:14:52.557300+00:00,
PRAX,PRAX,success,4364,2026-03-12 13:30:00+00:00,2026-06-05 20:00:00+00:00,America/New_York,2026-06-07 10:12:59.822048+00:00,
PRCH,PRCH,success,4676,2026-03-12 13:30:00+00:00,2026-06-05 20:00:00+00:00,America/New_York,2026-06-07 10:14:31.783967+00:00,
PRCT,PRCT,success,4669,2026-03-12 13:30:00+00:00,2026-06-05 20:00:00+00:00,America/New_York,2026-06-07 10:14:10.982699+00:00,
PRDO,PRDO,success,4586,2026-03-12 13:30:00+00:00,2026-06-05 20:00:00+00:00,America/New_York,2026-06-07 10:13:57.265229+00:00,
PRE,PRE,success,3435,2026-03-12 13:30:00+00:00,2026-06-05 20:00:00+00:00,America/New_York,2026-06-07 10:15:20.710114+00:00,
PRG,PRG,success,4487,2026-03-12 13:30:00+00:00,2026-06-05 20:00:00+00:00,America/New_York,2026-06-07 10:14:17.288838+00:00,
PRGO,PRGO,success,4681,2026-03-12 13:30:00+00:00,2026-06-05 20:00:00+00:00,America/New_York,2026-06-07 10:14:13.142867+00:00,
PRGS,PRGS,success,4643,2026-03-12 13:30:00+00:00,2026-06-05 20:00:00+00:00,America/New_York,2026-06-07 10:14:19.561133+00:00,
PRI,PRI,success,4611,2026-03-12 13:30:00+00:00,2026-06-05 20:00:00+00:00,America/New_York,2026-06-07 10:12:52.061353+00:00,
PRIM,PRIM,success,4641,2026-03-12 13:30:00+00:00,2026-06-05 20:00:00+00:00,America/New_York,2026-06-07 10:13:02.769401+00:00,
PRK,PRK,success,2273,2026-03-12 13:30:00+00:00,2026-06-05 20:00:00+00:00,America/New_York,2026-06-07 10:13:39.309504+00:00,
PRKS,PRKS,success,4665,2026-03-12 13:30:00+00:00,2026-06-05 20:00:00+00:00,America/New_York,2026-06-07 10:14:00.353845+00:00,
PRLB,PRLB,success,3537,2026-03-12 13:30:00+00:00,2026-06-05 20:00:00+00:00,America/New_York,2026-06-07 10:14:06.815941+00:00,
PRLD,PRLD,success,4016,2026-03-12 13:30:00+00:00,2026-06-05 20:00:00+00:00,America/New_York,2026-06-07 10:15:25.646282+00:00,
PRM,PRM,success,4669,2026-03-12 13:30:00+00:00,2026-06-05 20:00:00+00:00,America/New_York,2026-06-07 10:13:16.203162+00:00,
PRMB,PRMB,success,4681,2026-03-12 13:30:00+00:00,2026-06-05 20:00:00+00:00,America/New_York,2026-06-07 10:12:53.297044+00:00,
PRME,PRME,success,4677,2026-03-12 13:30:00+00:00,2026-06-05 20:00:00+00:00,America/New_York,2026-06-07 10:14:57.762358+00:00,
PROF,PROF,success,2638,2026-03-12 13:30:00+00:00,2026-06-05 20:00:00+00:00,America/New_York,2026-06-07 10:15:33.801847+00:00,
PROV,PROV,success,767,2026-03-12 13:40:00+00:00,2026-06-05 20:00:00+00:00,America/New_York,2026-06-07 10:15:54.062105+00:00,
PRSU,PRSU,success,3787,2026-03-12 13:30:00+00:00,2026-06-05 20:00:00+00:00,America/New_York,2026-06-07 10:14:22.661218+00:00,
PRTA,PRTA,success,4473,2026-03-12 13:30:00+00:00,2026-06-05 20:00:00+00:00,America/New_York,2026-06-07 10:15:03.916169+00:00,
PRTH,PRTH,success,3726,2026-03-12 13:30:00+00:00,2026-06-05 20:00:00+00:00,America/New_York,2026-06-07 10:15:03.305186+00:00,
PRU,PRU,success,4681,2026-03-12 13:30:00+00:00,2026-06-05 20:00:00+00:00,America/New_York,2026-06-07 10:12:10.857313+00:00,
PRVA,PRVA,success,4634,2026-03-12 13:30:00+00:00,2026-06-05 20:00:00+00:00,America/New_York,2026-06-07 10:13:47.296290+00:00,
PS,PS,success,2015,2026-04-29 17:55:00+00:00,2026-06-05 20:00:00+00:00,America/New_York,2026-06-07 10:12:33.191851+00:00,
PSA,PSA,success,4681,2026-03-12 13:30:00+00:00,2026-06-05 20:00:00+00:00,America/New_York,2026-06-07 10:12:04.191315+00:00,
PSBD,PSBD,success,2406,2026-03-12 13:30:00+00:00,2026-06-05 20:00:00+00:00,America/New_York,2026-06-07 10:15:20.008863+00:00,
PSFE,PSFE,success,4462,2026-03-12 13:30:00+00:00,2026-06-05 20:00:00+00:00,America/New_York,2026-06-07 10:15:17.226580+00:00,
PSIG,PSIG,success,1957,2026-03-12 13:40:00+00:00,2026-06-05 20:00:00+00:00,America/New_York,2026-06-07 10:15:49.195189+00:00,
PSIX,PSIX,success,4632,2026-03-12 13:30:00+00:00,2026-06-05 20:00:00+00:00,America/New_York,2026-06-07 10:14:38.436970+00:00,
PSKY,PSKY,success,4681,2026-03-12 13:30:00+00:00,2026-06-05 20:00:00+00:00,America/New_York,2026-06-07 10:12:40.804925+00:00,
PSMT,PSMT,success,3620,2026-03-12 13:30:00+00:00,2026-06-05 20:00:00+00:00,America/New_York,2026-06-07 10:13:12.317356+00:00,
PSN,PSN,success,4677,2026-03-12 13:30:00+00:00,2026-06-05 20:00:00+00:00,America/New_York,2026-06-07 10:13:05.312418+00:00,
PSNL,PSNL,success,4673,2026-03-12 13:30:00+00:00,2026-06-05 20:00:00+00:00,America/New_York,2026-06-07 10:14:27.751857+00:00,
PSNY,PSNY,success,3286,2026-03-12 13:30:00+00:00,2026-06-05 20:00:00+00:00,America/New_York,2026-06-07 10:14:05.581973+00:00,
PSO,PSO,success,4634,2026-03-12 13:30:00+00:00,2026-06-05 20:00:00+00:00,America/New_York,2026-06-07 10:12:47.212199+00:00,
PSTL,PSTL,success,4362,2026-03-12 13:30:00+00:00,2026-06-05 20:00:00+00:00,America/New_York,2026-06-07 10:14:45.542818+00:00,
PSX,PSX,success,4681,2026-03-12 13:30:00+00:00,2026-06-05 20:00:00+00:00,America/New_York,2026-06-07 10:11:59.737304+00:00,
PTC,PTC,success,4669,2026-03-12 13:30:00+00:00,2026-06-05 20:00:00+00:00,America/New_York,2026-06-07 10:12:29.334955+00:00,
PTCT,PTCT,success,4613,2026-03-12 13:30:00+00:00,2026-06-05 20:00:00+00:00,America/New_York,2026-06-07 10:13:09.759474+00:00,
PTEN,PTEN,success,4681,2026-03-12 13:30:00+00:00,2026-06-05 20:00:00+00:00,America/New_York,2026-06-07 10:13:21.436891+00:00,
PTGX,PTGX,success,4467,2026-03-12 13:30:00+00:00,2026-06-05 20:00:00+00:00,America/New_York,2026-06-07 10:13:05.841312+00:00,
PTHS,PTHS,success,792,2026-03-13 13:30:00+00:00,2026-06-05 18:00:00+00:00,America/New_York,2026-06-07 10:15:57.043583+00:00,
PTLO,PTLO,success,4674,2026-03-12 13:30:00+00:00,2026-06-05 20:00:00+00:00,America/New_York,2026-06-07 10:15:26.138695+00:00,
PTON,PTON,success,4681,2026-03-12 13:30:00+00:00,2026-06-05 20:00:00+00:00,America/New_York,2026-06-07 10:13:49.937017+00:00,
PTRN,PTRN,success,4608,2026-03-12 13:30:00+00:00,2026-06-05 20:00:00+00:00,America/New_York,2026-06-07 10:13:34.356104+00:00,
PUBM,PUBM,success,4639,2026-03-12 13:30:00+00:00,2026-06-05 20:00:00+00:00,America/New_York,2026-06-07 10:14:58.823477+00:00,
PUK,PUK,success,4677,2026-03-12 13:30:00+00:00,2026-06-05 20:00:00+00:00,America/New_York,2026-06-07 10:12:13.008547+00:00,
PUMP,PUMP,success,4681,2026-03-12 13:30:00+00:00,2026-06-05 20:00:00+00:00,America/New_York,2026-06-07 10:14:05.914877+00:00,
PURR,PURR,success,4681,2026-03-12 13:30:00+00:00,2026-06-05 20:00:00+00:00,America/New_York,2026-06-07 10:14:23.449344+00:00,
PUSA,PUSA,success,1050,2026-05-18 13:30:00+00:00,2026-06-05 20:00:00+00:00,America/New_York,2026-06-07 10:15:53.563637+00:00,
PVH,PVH,success,4674,2026-03-12 13:30:00+00:00,2026-06-05 20:00:00+00:00,America/New_York,2026-06-07 10:13:32.577158+00:00,
PVLA,PVLA,success,3703,2026-03-12 13:30:00+00:00,2026-06-05 20:00:00+00:00,America/New_York,2026-06-07 10:14:11.634908+00:00,
PWP,PWP,success,4624,2026-03-12 13:30:00+00:00,2026-06-05 20:00:00+00:00,America/New_York,2026-06-07 10:14:15.586240+00:00,
PWR,PWR,success,4681,2026-03-12 13:30:00+00:00,2026-06-05 20:00:00+00:00,America/New_York,2026-06-07 10:11:54.603811+00:00,
PXED,PXED,success,2936,2026-03-12 13:30:00+00:00,2026-06-05 20:00:00+00:00,America/New_York,2026-06-07 10:14:29.122868+00:00,
PYPD,PYPD,success,2237,2026-03-12 13:30:00+00:00,2026-06-05 20:00:00+00:00,America/New_York,2026-06-07 10:16:33.174770+00:00,
PYPL,PYPL,success,4681,2026-03-12 13:30:00+00:00,2026-06-05 20:00:00+00:00,America/New_York,2026-06-07 10:12:10.584919+00:00,
PZZA,PZZA,success,4664,2026-03-12 13:30:00+00:00,2026-06-05 20:00:00+00:00,America/New_York,2026-06-07 10:14:30.129822+00:00,
Q,Q,success,4681,2026-03-12 13:30:00+00:00,2026-06-05 20:00:00+00:00,America/New_York,2026-06-07 10:12:14.543231+00:00,
QADR,QADR,success,32,2026-05-20 14:10:00+00:00,2026-06-05 20:00:00+00:00,America/New_York,2026-06-07 10:15:32.557058+00:00,
QBTS,QBTS,success,4681,2026-03-12 13:30:00+00:00,2026-06-05 20:00:00+00:00,America/New_York,2026-06-07 10:12:51.668614+00:00,
QCOM,QCOM,success,4681,2026-03-12 13:30:00+00:00,2026-06-05 20:00:00+00:00,America/New_York,2026-06-07 10:11:48.261589+00:00,
QCRH,QCRH,success,2692,2026-03-12 13:30:00+00:00,2026-06-05 20:00:00+00:00,America/New_York,2026-06-07 10:14:11.213483+00:00,
QDEL,QDEL,success,4679,2026-03-12 13:30:00+00:00,2026-06-05 20:00:00+00:00,America/New_York,2026-06-07 10:14:33.209674+00:00,
QFIN,QFIN,success,4667,2026-03-12 13:30:00+00:00,2026-06-05 20:00:00+00:00,America/New_York,2026-06-07 10:14:05.746733+00:00,
QGEN,QGEN,success,4681,2026-03-12 13:30:00+00:00,2026-06-05 20:00:00+00:00,America/New_York,2026-06-07 10:12:56.461458+00:00,
QLYS,QLYS,success,4648,2026-03-12 13:30:00+00:00,2026-06-05 20:00:00+00:00,America/New_York,2026-06-07 10:13:26.662953+00:00,
QMCO,QMCO,success,4341,2026-03-12 13:30:00+00:00,2026-06-05 20:00:00+00:00,America/New_York,2026-06-07 10:15:42.387843+00:00,
QNST,QNST,success,4652,2026-03-12 13:30:00+00:00,2026-06-05 20:00:00+00:00,America/New_York,2026-06-07 10:14:47.307818+00:00,
QQQ,QQQ,success,4681,2026-03-12 13:30:00+00:00,2026-06-05 20:00:00+00:00,America/New_York,2026-06-07 10:16:05.209770+00:00,
QRVO,QRVO,success,4677,2026-03-12 13:30:00+00:00,2026-06-05 20:00:00+00:00,America/New_York,2026-06-07 10:12:49.884518+00:00,
QS,QS,success,4681,2026-03-12 13:30:00+00:00,2026-06-05 20:00:00+00:00,America/New_York,2026-06-07 10:13:19.496553+00:00,
QSR,QSR,success,4681,2026-03-12 13:30:00+00:00,2026-06-05 20:00:00+00:00,America/New_York,2026-06-07 10:12:12.596031+00:00,
QTI,QTI,success,1233,2026-03-12 13:55:00+00:00,2026-06-05 20:00:00+00:00,America/New_York,2026-06-07 10:16:04.785780+00:00,
QTRX,QTRX,success,4600,2026-03-12 13:30:00+00:00,2026-06-05 20:00:00+00:00,America/New_York,2026-06-07 10:15:47.792711+00:00,
QTTB,QTTB,success,4005,2026-03-12 13:30:00+00:00,2026-06-05 20:00:00+00:00,America/New_York,2026-06-07 10:15:36.989648+00:00,
QTWO,QTWO,success,4660,2026-03-12 13:30:00+00:00,2026-06-05 20:00:00+00:00,America/New_York,2026-06-07 10:13:44.116850+00:00,
QUAD,QUAD,success,3875,2026-03-12 13:30:00+00:00,2026-06-05 20:00:00+00:00,America/New_York,2026-06-07 10:15:14.733886+00:00,
QUBT,QUBT,success,4681,2026-03-12 13:30:00+00:00,2026-06-05 20:00:00+00:00,America/New_York,2026-06-07 10:13:55.716107+00:00,
QUIK,QUIK,success,4079,2026-03-12 13:30:00+00:00,2026-06-05 20:00:00+00:00,America/New_York,2026-06-07 10:15:17.845527+00:00,
QURE,QURE,success,4675,2026-03-12 13:30:00+00:00,2026-06-05 20:00:00+00:00,America/New_York,2026-06-07 10:14:09.123310+00:00,
QXL,QXL,success,650,2026-04-30 13:30:00+00:00,2026-06-05 20:00:00+00:00,America/New_York,2026-06-07 10:16:02.917246+00:00,
QXO,QXO,success,4681,2026-03-12 13:30:00+00:00,2026-06-05 20:00:00+00:00,America/New_York,2026-06-07 10:12:41.981642+00:00,
R,R,success,4466,2026-03-12 13:30:00+00:00,2026-06-05 20:00:00+00:00,America/New_York,2026-06-07 10:12:43.372483+00:00,
RAAQ,RAAQ,success,2474,2026-03-12 13:30:00+00:00,2026-06-05 20:00:00+00:00,America/New_York,2026-06-07 10:15:32.064942+00:00,
RACC,RACC,success,129,2026-05-20 13:40:00+00:00,2026-06-05 20:00:00+00:00,America/New_York,2026-06-07 10:15:55.455287+00:00,
RACE,RACE,success,4681,2026-03-12 13:30:00+00:00,2026-06-05 20:00:00+00:00,America/New_York,2026-06-07 10:11:56.964047+00:00,
RAIL,RAIL,success,3658,2026-03-12 13:30:00+00:00,2026-06-05 20:00:00+00:00,America/New_York,2026-06-07 10:15:48.735904+00:00,
RAL,RAL,success,4673,2026-03-12 13:30:00+00:00,2026-06-05 20:00:00+00:00,America/New_York,2026-06-07 10:13:01.071598+00:00,
RAMP,RAMP,success,4645,2026-03-12 13:30:00+00:00,2026-06-05 20:00:00+00:00,America/New_York,2026-06-07 10:13:55.112889+00:00,
RAPP,RAPP,success,4068,2026-03-12 13:30:00+00:00,2026-06-05 20:00:00+00:00,America/New_York,2026-06-07 10:14:08.209100+00:00,
RARE,RARE,success,4681,2026-03-12 13:30:00+00:00,2026-06-05 20:00:00+00:00,America/New_York,2026-06-07 10:13:58.495563+00:00,
RBA,RBA,success,4675,2026-03-12 13:30:00+00:00,2026-06-05 20:00:00+00:00,America/New_York,2026-06-07 10:12:25.310297+00:00,
RBB,RBB,success,1963,2026-03-12 13:30:00+00:00,2026-06-05 20:00:00+00:00,America/New_York,2026-06-07 10:15:10.218330+00:00,
RBC,RBC,success,4497,2026-03-12 13:30:00+00:00,2026-06-05 20:00:00+00:00,America/New_York,2026-06-07 10:12:26.088690+00:00,
RBCAA,RBCAA,success,1853,2026-03-12 13:30:00+00:00,2026-06-05 20:00:00+00:00,America/New_York,2026-06-07 10:14:13.827273+00:00,
RBKB,RBKB,success,438,2026-03-12 13:30:00+00:00,2026-06-05 20:00:00+00:00,America/New_York,2026-06-07 10:15:43.037914+00:00,
RBLX,RBLX,success,4681,2026-03-12 13:30:00+00:00,2026-06-05 20:00:00+00:00,America/New_York,2026-06-07 10:12:15.403706+00:00,
RBRK,RBRK,success,4681,2026-03-12 13:30:00+00:00,2026-06-05 20:00:00+00:00,America/New_York,2026-06-07 10:12:32.667434+00:00,
RCAT,RCAT,success,4681,2026-03-12 13:30:00+00:00,2026-06-05 20:00:00+00:00,America/New_York,2026-06-07 10:14:03.315905+00:00,
RCEL,RCEL,success,3812,2026-03-12 13:30:00+00:00,2026-06-05 20:00:00+00:00,America/New_York,2026-06-07 10:15:51.696411+00:00,
RCI,RCI,success,4677,2026-03-12 13:30:00+00:00,2026-06-05 20:00:00+00:00,America/New_York,2026-06-07 10:12:23.984758+00:00,
RCKY,RCKY,success,2127,2026-03-12 13:40:00+00:00,2026-06-05 20:00:00+00:00,America/New_York,2026-06-07 10:15:28.639519+00:00,
RCL,RCL,success,4681,2026-03-12 13:30:00+00:00,2026-06-05 20:00:00+00:00,America/New_York,2026-06-07 10:11:59.050240+00:00,
RCMT,RCMT,success,2320,2026-03-12 13:30:00+00:00,2026-06-05 20:00:00+00:00,America/New_York,2026-06-07 10:15:45.982856+00:00,
RCUS,RCUS,success,4661,2026-03-12 13:30:00+00:00,2026-06-05 20:00:00+00:00,America/New_York,2026-06-07 10:13:43.822848+00:00,
RDAG,RDAG,success,147,2026-03-17 15:35:00+00:00,2026-06-05 20:00:00+00:00,America/New_York,2026-06-07 10:15:13.354043+00:00,
RDCM,RDCM,success,2894,2026-03-12 13:30:00+00:00,2026-06-05 20:00:00+00:00,America/New_York,2026-06-07 10:15:40.926290+00:00,
RDDT,RDDT,success,4681,2026-03-12 13:30:00+00:00,2026-06-05 20:00:00+00:00,America/New_York,2026-06-07 10:12:12.698717+00:00,
RDN,RDN,success,4663,2026-03-12 13:30:00+00:00,2026-06-05 20:00:00+00:00,America/New_York,2026-06-07 10:13:20.580656+00:00,
RDNT,RDNT,success,4572,2026-03-12 13:30:00+00:00,2026-06-05 20:00:00+00:00,America/New_York,2026-06-07 10:13:24.222516+00:00,
RDNW,RDNW,success,1917,2026-03-12 13:30:00+00:00,2026-06-05 20:00:00+00:00,America/New_York,2026-06-07 10:15:29.029979+00:00,
RDVT,RDVT,success,3327,2026-03-12 13:30:00+00:00,2026-06-05 20:00:00+00:00,America/New_York,2026-06-07 10:14:44.138055+00:00,
RDW,RDW,success,4681,2026-03-12 13:30:00+00:00,2026-06-05 20:00:00+00:00,America/New_York,2026-06-07 10:13:33.224190+00:00,
RDWR,RDWR,success,3837,2026-03-12 13:30:00+00:00,2026-06-05 20:00:00+00:00,America/New_York,2026-06-07 10:14:23.956167+00:00,
RDY,RDY,success,4679,2026-03-12 13:30:00+00:00,2026-06-05 20:00:00+00:00,America/New_York,2026-06-07 10:12:40.356542+00:00,
REA,REA,success,1556,2026-05-06 13:30:00+00:00,2026-06-05 20:00:00+00:00,America/New_York,2026-06-07 10:15:13.657240+00:00,
REAL,REAL,success,4681,2026-03-12 13:30:00+00:00,2026-06-05 20:00:00+00:00,America/New_York,2026-06-07 10:14:31.530549+00:00,
REFI,REFI,success,3443,2026-03-12 13:30:00+00:00,2026-06-05 20:00:00+00:00,America/New_York,2026-06-07 10:15:34.662935+00:00,
REG,REG,success,4679,2026-03-12 13:30:00+00:00,2026-06-05 20:00:00+00:00,America/New_York,2026-06-07 10:12:33.888314+00:00,
REGN,REGN,success,4680,2026-03-12 13:30:00+00:00,2026-06-05 20:00:00+00:00,America/New_York,2026-06-07 10:12:01.109726+00:00,
RELL,RELL,success,3269,2026-03-12 13:40:00+00:00,2026-06-05 20:00:00+00:00,America/New_York,2026-06-07 10:15:35.529637+00:00,
RELX,RELX,success,4681,2026-03-12 13:30:00+00:00,2026-06-05 20:00:00+00:00,America/New_York,2026-06-07 10:12:02.031290+00:00,
RELY,RELY,success,4681,2026-03-12 13:30:00+00:00,2026-06-05 20:00:00+00:00,America/New_York,2026-06-07 10:13:28.099644+00:00,
RENT,RENT,success,2371,2026-03-12 13:30:00+00:00,2026-06-05 20:00:00+00:00,America/New_York,2026-06-07 10:15:53.625072+00:00,
REPL,REPL,success,4619,2026-03-12 13:30:00+00:00,2026-06-05 20:00:00+00:00,America/New_York,2026-06-07 10:14:42.799574+00:00,
REPX,REPX,success,4591,2026-03-12 13:30:00+00:00,2026-06-05 20:00:00+00:00,America/New_York,2026-06-07 10:14:43.922154+00:00,
RERE,RERE,success,4651,2026-03-12 13:30:00+00:00,2026-06-05 20:00:00+00:00,America/New_York,2026-06-07 10:14:37.215903+00:00,
RES,RES,success,4680,2026-03-12 13:30:00+00:00,2026-06-05 20:00:00+00:00,America/New_York,2026-06-07 10:14:12.667144+00:00,
REX,REX,success,3795,2026-03-12 13:30:00+00:00,2026-06-05 20:00:00+00:00,America/New_York,2026-06-07 10:14:13.528192+00:00,
REXR,REXR,success,4681,2026-03-12 13:30:00+00:00,2026-06-05 20:00:00+00:00,America/New_York,2026-06-07 10:12:55.748916+00:00,
REYN,REYN,success,4670,2026-03-12 13:30:00+00:00,2026-06-05 20:00:00+00:00,America/New_York,2026-06-07 10:13:17.995010+00:00,
REZI,REZI,success,4670,2026-03-12 13:30:00+00:00,2026-06-05 20:00:00+00:00,America/New_York,2026-06-07 10:13:18.786065+00:00,
RF,RF,success,4681,2026-03-12 13:30:00+00:00,2026-06-05 20:00:00+00:00,America/New_York,2026-06-07 10:12:18.639089+00:00,
RFIL,RFIL,success,4013,2026-03-12 13:30:00+00:00,2026-06-05 20:00:00+00:00,America/New_York,2026-06-07 10:15:45.017936+00:00,
RGA,RGA,success,4186,2026-03-12 13:30:00+00:00,2026-06-05 20:00:00+00:00,America/New_York,2026-06-07 10:12:35.200157+00:00,
RGC,RGC,success,3052,2026-03-12 13:30:00+00:00,2026-06-05 20:00:00+00:00,America/New_York,2026-06-07 10:12:46.271862+00:00,
RGCO,RGCO,success,527,2026-03-12 13:50:00+00:00,2026-06-05 20:00:00+00:00,America/New_York,2026-06-07 10:15:34.552633+00:00,
RGEN,RGEN,success,4636,2026-03-12 13:30:00+00:00,2026-06-05 20:00:00+00:00,America/New_York,2026-06-07 10:13:00.719925+00:00,
RGLD,RGLD,success,4660,2026-03-12 13:30:00+00:00,2026-06-05 20:00:00+00:00,America/New_York,2026-06-07 10:12:28.078766+00:00,
RGNX,RGNX,success,4615,2026-03-12 13:30:00+00:00,2026-06-05 20:00:00+00:00,America/New_York,2026-06-07 10:15:24.322840+00:00,
RGP,RGP,success,4100,2026-03-12 13:30:00+00:00,2026-06-05 20:00:00+00:00,America/New_York,2026-06-07 10:15:47.921401+00:00,
RGR,RGR,success,3460,2026-03-12 13:30:00+00:00,2026-06-05 20:00:00+00:00,America/New_York,2026-06-07 10:14:52.316076+00:00,
RGS,RGS,success,476,2026-03-12 13:45:00+00:00,2026-06-05 20:00:00+00:00,America/New_York,2026-06-07 10:16:01.651140+00:00,
RGTI,RGTI,success,4681,2026-03-12 13:30:00+00:00,2026-06-05 20:00:00+00:00,America/New_York,2026-06-07 10:13:02.079419+00:00,
RH,RH,success,4667,2026-03-12 13:30:00+00:00,2026-06-05 20:00:00+00:00,America/New_York,2026-06-07 10:13:45.842361+00:00,
RHI,RHI,success,4681,2026-03-12 13:30:00+00:00,2026-06-05 20:00:00+00:00,America/New_York,2026-06-07 10:13:38.713977+00:00,
RHLD,RHLD,success,3366,2026-03-12 13:30:00+00:00,2026-06-05 20:00:00+00:00,America/New_York,2026-06-07 10:14:32.168670+00:00,
RHP,RHP,success,4556,2026-03-12 13:30:00+00:00,2026-06-05 20:00:00+00:00,America/New_York,2026-06-07 10:12:56.798866+00:00,
RICK,RICK,success,2162,2026-03-12 13:30:00+00:00,2026-06-05 20:00:00+00:00,America/New_York,2026-06-07 10:15:41.818205+00:00,
RIG,RIG,success,4681,2026-03-12 13:30:00+00:00,2026-06-05 20:00:00+00:00,America/New_York,2026-06-07 10:13:03.322770+00:00,
RIGL,RIGL,success,4261,2026-03-12 13:30:00+00:00,2026-06-05 20:00:00+00:00,America/New_York,2026-06-07 10:14:58.877936+00:00,
RILY,RILY,success,4545,2026-03-12 13:30:00+00:00,2026-06-05 20:00:00+00:00,America/New_York,2026-06-07 10:15:24.104500+00:00,
RIO,RIO,success,4681,2026-03-12 13:30:00+00:00,2026-06-05 20:00:00+00:00,America/New_York,2026-06-07 10:11:50.079858+00:00,
RIOT,RIOT,success,4681,2026-03-12 13:30:00+00:00,2026-06-05 20:00:00+00:00,America/New_York,2026-06-07 10:12:49.516365+00:00,
RITM,RITM,success,4681,2026-03-12 13:30:00+00:00,2026-06-05 20:00:00+00:00,America/New_York,2026-06-07 10:13:14.796338+00:00,
RIVN,RIVN,success,4681,2026-03-12 13:30:00+00:00,2026-06-05 20:00:00+00:00,America/New_York,2026-06-07 10:12:24.603931+00:00,
RJET,RJET,success,3426,2026-03-12 13:30:00+00:00,2026-06-05 20:00:00+00:00,America/New_York,2026-06-07 10:14:40.961337+00:00,
RJF,RJF,success,4675,2026-03-12 13:30:00+00:00,2026-06-05 20:00:00+00:00,America/New_York,2026-06-07 10:12:14.970626+00:00,
RKLB,RKLB,success,4681,2026-03-12 13:30:00+00:00,2026-06-05 20:00:00+00:00,America/New_York,2026-06-07 10:12:02.163228+00:00,
RKT,RKT,success,4681,2026-03-12 13:30:00+00:00,2026-06-05 20:00:00+00:00,America/New_York,2026-06-07 10:12:11.447623+00:00,
RL,RL,success,4673,2026-03-12 13:30:00+00:00,2026-06-05 20:00:00+00:00,America/New_York,2026-06-07 10:12:21.853230+00:00,
RLAY,RLAY,success,4681,2026-03-12 13:30:00+00:00,2026-06-05 20:00:00+00:00,America/New_York,2026-06-07 10:13:43.655528+00:00,
RLGT,RLGT,success,3467,2026-03-12 13:30:00+00:00,2026-06-05 20:00:00+00:00,America/New_York,2026-06-07 10:15:11.512339+00:00,
RLI,RLI,success,4651,2026-03-12 13:30:00+00:00,2026-06-05 20:00:00+00:00,America/New_York,2026-06-07 10:13:17.160195+00:00,
RLJ,RLJ,success,4679,2026-03-12 13:30:00+00:00,2026-06-05 20:00:00+00:00,America/New_York,2026-06-07 10:14:09.831492+00:00,
RLMD,RLMD,success,4637,2026-03-12 13:30:00+00:00,2026-06-05 20:00:00+00:00,America/New_York,2026-06-07 10:14:51.443105+00:00,
RLYB,RLYB,success,2721,2026-03-12 13:30:00+00:00,2026-06-05 20:00:00+00:00,America/New_York,2026-06-07 10:15:58.196336+00:00,
RM,RM,success,2394,2026-03-12 13:30:00+00:00,2026-06-05 20:00:00+00:00,America/New_York,2026-06-07 10:15:21.346526+00:00,
RMAX,RMAX,success,4311,2026-03-12 13:30:00+00:00,2026-06-05 20:00:00+00:00,America/New_York,2026-06-07 10:15:26.880034+00:00,
RMBI,RMBI,success,1589,2026-03-12 13:30:00+00:00,2026-06-05 20:00:00+00:00,America/New_York,2026-06-07 10:15:47.413706+00:00,
RMBS,RMBS,success,4680,2026-03-12 13:30:00+00:00,2026-06-05 20:00:00+00:00,America/New_York,2026-06-07 10:12:31.075766+00:00,
RMD,RMD,success,4681,2026-03-12 13:30:00+00:00,2026-06-05 20:00:00+00:00,America/New_York,2026-06-07 10:12:15.514683+00:00,
RMNI,RMNI,success,3889,2026-03-12 13:30:00+00:00,2026-06-05 20:00:00+00:00,America/New_York,2026-06-07 10:15:14.626530+00:00,
RMR,RMR,success,3485,2026-03-12 13:30:00+00:00,2026-06-05 20:00:00+00:00,America/New_York,2026-06-07 10:14:49.886642+00:00,
RNA,RNA,success,3767,2026-03-12 13:30:00+00:00,2026-06-05 20:00:00+00:00,America/New_York,2026-06-07 10:15:39.775394+00:00,
RNAC,RNAC,success,3673,2026-03-12 13:30:00+00:00,2026-06-05 20:00:00+00:00,America/New_York,2026-06-07 10:15:45.037973+00:00,
RNG,RNG,success,4681,2026-03-12 13:30:00+00:00,2026-06-05 20:00:00+00:00,America/New_York,2026-06-07 10:13:32.140730+00:00,
RNGR,RNGR,success,3962,2026-03-12 13:30:00+00:00,2026-06-05 20:00:00+00:00,America/New_York,2026-06-07 10:15:16.328157+00:00,
RNR,RNR,success,4308,2026-03-12 13:30:00+00:00,2026-06-05 20:00:00+00:00,America/New_York,2026-06-07 10:12:37.578609+00:00,
RNST,RNST,success,4627,2026-03-12 13:30:00+00:00,2026-06-05 20:00:00+00:00,America/New_York,2026-06-07 10:13:28.540697+00:00,
RNW,RNW,success,4567,2026-03-12 13:30:00+00:00,2026-06-05 20:00:00+00:00,America/New_York,2026-06-07 10:13:56.150241+00:00,
ROAD,ROAD,success,4507,2026-03-12 13:30:00+00:00,2026-06-05 20:00:00+00:00,America/New_York,2026-06-07 10:13:05.615052+00:00,
ROC,ROC,success,1436,2026-03-12 13:50:00+00:00,2026-06-05 20:00:00+00:00,America/New_York,2026-06-07 10:15:56.865575+00:00,
ROCK,ROCK,success,4228,2026-03-12 13:30:00+00:00,2026-06-05 20:00:00+00:00,America/New_York,2026-06-07 10:14:28.696715+00:00,
ROG,ROG,success,3753,2026-03-12 13:30:00+00:00,2026-06-05 20:00:00+00:00,America/New_York,2026-06-07 10:13:50.473950+00:00,
ROIV,ROIV,success,4681,2026-03-12 13:30:00+00:00,2026-06-05 20:00:00+00:00,America/New_York,2026-06-07 10:12:23.671957+00:00,
ROK,ROK,success,4680,2026-03-12 13:30:00+00:00,2026-06-05 20:00:00+00:00,America/New_York,2026-06-07 10:12:05.451538+00:00,
ROKU,ROKU,success,4681,2026-03-12 13:30:00+00:00,2026-06-05 20:00:00+00:00,America/New_York,2026-06-07 10:12:27.159416+00:00,
ROL,ROL,success,4681,2026-03-12 13:30:00+00:00,2026-06-05 20:00:00+00:00,America/New_York,2026-06-07 10:12:20.965388+00:00,
ROLR,ROLR,success,3788,2026-03-12 13:30:00+00:00,2026-06-05 20:00:00+00:00,America/New_York,2026-06-07 10:16:01.802768+00:00,
ROMA,ROMA,success,2121,2026-03-12 13:30:00+00:00,2026-06-05 20:00:00+00:00,America/New_York,2026-06-07 10:15:10.542780+00:00,
ROOT,ROOT,success,4247,2026-03-12 13:30:00+00:00,2026-06-05 20:00:00+00:00,America/New_York,2026-06-07 10:14:41.006969+00:00,
ROP,ROP,success,4681,2026-03-12 13:30:00+00:00,2026-06-05 20:00:00+00:00,America/New_York,2026-06-07 10:12:12.236983+00:00,
ROST,ROST,success,4681,2026-03-12 13:30:00+00:00,2026-06-05 20:00:00+00:00,America/New_York,2026-06-07 10:11:59.332294+00:00,
RPAY,RPAY,success,4547,2026-03-12 13:30:00+00:00,2026-06-05 20:00:00+00:00,America/New_York,2026-06-07 10:15:26.178266+00:00,
RPC,RPC,success,4535,2026-03-12 13:30:00+00:00,2026-06-05 20:00:00+00:00,America/New_York,2026-06-07 10:14:37.831920+00:00,
RPD,RPD,success,4679,2026-03-12 13:30:00+00:00,2026-06-05 20:00:00+00:00,America/New_York,2026-06-07 10:15:01.951197+00:00,
RPM,RPM,success,4669,2026-03-12 13:30:00+00:00,2026-06-05 20:00:00+00:00,America/New_York,2026-06-07 10:12:35.597970+00:00,
RPRX,RPRX,success,4680,2026-03-12 13:30:00+00:00,2026-06-05 20:00:00+00:00,America/New_York,2026-06-07 10:12:13.454543+00:00,
RPT,RPT,success,1420,2026-03-12 13:30:00+00:00,2026-06-05 20:00:00+00:00,America/New_York,2026-06-07 10:15:54.013620+00:00,
RRBI,RRBI,success,2076,2026-03-12 13:30:00+00:00,2026-06-05 20:00:00+00:00,America/New_York,2026-06-07 10:14:53.697138+00:00,
RRC,RRC,success,4681,2026-03-12 13:30:00+00:00,2026-06-05 20:00:00+00:00,America/New_York,2026-06-07 10:12:48.821218+00:00,
RRGB,RRGB,success,3949,2026-03-12 13:30:00+00:00,2026-06-05 20:00:00+00:00,America/New_York,2026-06-07 10:15:59.219670+00:00,
RRR,RRR,success,4634,2026-03-12 13:30:00+00:00,2026-06-05 20:00:00+00:00,America/New_York,2026-06-07 10:13:06.621214+00:00,
RRX,RRX,success,4673,2026-03-12 13:30:00+00:00,2026-06-05 20:00:00+00:00,America/New_York,2026-06-07 10:12:35.176567+00:00,
RS,RS,success,4603,2026-03-12 13:30:00+00:00,2026-06-05 20:00:00+00:00,America/New_York,2026-06-07 10:12:23.490478+00:00,
RSG,RSG,success,4679,2026-03-12 13:30:00+00:00,2026-06-05 20:00:00+00:00,America/New_York,2026-06-07 10:12:01.650211+00:00,
RSI,RSI,success,4680,2026-03-12 13:30:00+00:00,2026-06-05 20:00:00+00:00,America/New_York,2026-06-07 10:13:06.422208+00:00,
RSKD,RSKD,success,4533,2026-03-12 13:30:00+00:00,2026-06-05 20:00:00+00:00,America/New_York,2026-06-07 10:14:45.284787+00:00,
RSVR,RSVR,success,1929,2026-03-12 13:30:00+00:00,2026-06-05 20:00:00+00:00,America/New_York,2026-06-07 10:14:48.179661+00:00,
RTAC,RTAC,success,1836,2026-03-12 13:30:00+00:00,2026-06-05 20:00:00+00:00,America/New_York,2026-06-07 10:15:22.418332+00:00,
RTO,RTO,success,4677,2026-03-12 13:30:00+00:00,2026-06-05 20:00:00+00:00,America/New_York,2026-06-07 10:12:31.763896+00:00,
RTX,RTX,success,4681,2026-03-12 13:30:00+00:00,2026-06-05 20:00:00+00:00,America/New_York,2026-06-07 10:11:48.060156+00:00,
RUM,RUM,success,4678,2026-03-12 13:30:00+00:00,2026-06-05 20:00:00+00:00,America/New_York,2026-06-07 10:13:36.869833+00:00,
RUN,RUN,success,4681,2026-03-12 13:30:00+00:00,2026-06-05 20:00:00+00:00,America/New_York,2026-06-07 10:13:40.096362+00:00,
RUSHA,RUSHA,success,4305,2026-03-12 13:30:00+00:00,2026-06-05 20:00:00+00:00,America/New_York,2026-06-07 10:13:13.816764+00:00,
RVLV,RVLV,success,4659,2026-03-12 13:30:00+00:00,2026-06-05 20:00:00+00:00,America/New_York,2026-06-07 10:14:18.386720+00:00,
RVMD,RVMD,success,4681,2026-03-12 13:30:00+00:00,2026-06-05 20:00:00+00:00,America/New_York,2026-06-07 10:12:13.825967+00:00,
RVSB,RVSB,success,1462,2026-03-12 13:30:00+00:00,2026-06-05 20:00:00+00:00,America/New_York,2026-06-07 10:15:53.129423+00:00,
RVTY,RVTY,success,4661,2026-03-12 13:30:00+00:00,2026-06-05 20:00:00+00:00,America/New_York,2026-06-07 10:12:40.930495+00:00,
RWAY,RWAY,success,4533,2026-03-12 13:30:00+00:00,2026-06-05 20:00:00+00:00,America/New_York,2026-06-07 10:15:30.992363+00:00,
RWT,RWT,success,4669,2026-03-12 13:30:00+00:00,2026-06-05 20:00:00+00:00,America/New_York,2026-06-07 10:14:48.228296+00:00,
RXO,RXO,success,4681,2026-03-12 13:30:00+00:00,2026-06-05 20:00:00+00:00,America/New_York,2026-06-07 10:13:21.986677+00:00,
RXRX,RXRX,success,4681,2026-03-12 13:30:00+00:00,2026-06-05 20:00:00+00:00,America/New_York,2026-06-07 10:14:06.400554+00:00,
RXST,RXST,success,4565,2026-03-12 13:30:00+00:00,2026-06-05 20:00:00+00:00,America/New_York,2026-06-07 10:15:39.187156+00:00,
RXT,RXT,success,4681,2026-03-12 13:30:00+00:00,2026-06-05 20:00:00+00:00,America/New_York,2026-06-07 10:14:25.651227+00:00,
RY,RY,success,4677,2026-03-12 13:30:00+00:00,2026-06-05 20:00:00+00:00,America/New_York,2026-06-07 10:11:47.430281+00:00,
RYAAY,RYAAY,success,4678,2026-03-12 13:30:00+00:00,2026-06-05 20:00:00+00:00,America/New_York,2026-06-07 10:12:14.841444+00:00,
RYAM,RYAM,success,4623,2026-03-12 13:30:00+00:00,2026-06-05 20:00:00+00:00,America/New_York,2026-06-07 10:14:58.237752+00:00,
RYAN,RYAN,success,4681,2026-03-12 13:30:00+00:00,2026-06-05 20:00:00+00:00,America/New_York,2026-06-07 10:12:52.562154+00:00,
RYM,RYM,success,657,2026-03-12 14:55:00+00:00,2026-06-05 20:00:00+00:00,America/New_York,2026-06-07 10:16:04.135453+00:00,
RYN,RYN,success,4681,2026-03-12 13:30:00+00:00,2026-06-05 20:00:00+00:00,America/New_York,2026-06-07 10:13:04.742427+00:00,
RYTM,RYTM,success,4487,2026-03-12 13:30:00+00:00,2026-06-05 20:00:00+00:00,America/New_York,2026-06-07 10:13:09.291663+00:00,
RYZ,RYZ,success,4342,2026-03-12 13:30:00+00:00,2026-06-05 20:00:00+00:00,America/New_York,2026-06-07 10:14:16.696629+00:00,
RZLT,RZLT,success,4659,2026-03-12 13:30:00+00:00,2026-06-05 20:00:00+00:00,America/New_York,2026-06-07 10:15:11.174663+00:00,
S,S,success,4681,2026-03-12 13:30:00+00:00,2026-06-05 20:00:00+00:00,America/New_York,2026-06-07 10:13:11.939428+00:00,
SA,SA,success,4670,2026-03-12 13:30:00+00:00,2026-06-05 20:00:00+00:00,America/New_York,2026-06-07 10:13:38.645748+00:00,
SABS,SABS,success,4364,2026-03-12 13:30:00+00:00,2026-06-05 20:00:00+00:00,America/New_York,2026-06-07 10:15:31.552986+00:00,
SAFE,SAFE,success,4422,2026-03-12 13:30:00+00:00,2026-06-05 20:00:00+00:00,America/New_York,2026-06-07 10:14:27.893851+00:00,
SAFT,SAFT,success,2557,2026-03-12 13:30:00+00:00,2026-06-05 20:00:00+00:00,America/New_York,2026-06-07 10:14:30.350022+00:00,
SAGU,SAGU,success,57,2026-05-22 13:35:00+00:00,2026-06-05 13:35:00+00:00,America/New_York,2026-06-07 10:15:48.751403+00:00,
SAH,SAH,success,4138,2026-03-12 13:30:00+00:00,2026-06-05 20:00:00+00:00,America/New_York,2026-06-07 10:13:48.521757+00:00,
SAIA,SAIA,success,4665,2026-03-12 13:30:00+00:00,2026-06-05 20:00:00+00:00,America/New_York,2026-06-07 10:12:38.175846+00:00,
SAIC,SAIC,success,4628,2026-03-12 13:30:00+00:00,2026-06-05 20:00:00+00:00,America/New_York,2026-06-07 10:13:15.434330+00:00,
SAIL,SAIL,success,4681,2026-03-12 13:30:00+00:00,2026-06-05 20:00:00+00:00,America/New_York,2026-06-07 10:12:44.849425+00:00,
SAM,SAM,success,3814,2026-03-12 13:30:00+00:00,2026-06-05 20:00:00+00:00,America/New_York,2026-06-07 10:14:04.725409+00:00,
SAMG,SAMG,success,1535,2026-03-12 14:05:00+00:00,2026-06-05 20:00:00+00:00,America/New_York,2026-06-07 10:15:51.255991+00:00,
SAN,SAN,success,4681,2026-03-12 13:30:00+00:00,2026-06-05 20:00:00+00:00,America/New_York,2026-06-07 10:11:49.519860+00:00,
SANM,SANM,success,4626,2026-03-12 13:30:00+00:00,2026-06-05 20:00:00+00:00,America/New_York,2026-06-07 10:12:34.631537+00:00,
SAP,SAP,success,4681,2026-03-12 13:30:00+00:00,2026-06-05 20:00:00+00:00,America/New_York,2026-06-07 10:11:48.612743+00:00,
SAR,SAR,success,3410,2026-03-12 13:30:00+00:00,2026-06-05 20:00:00+00:00,America/New_York,2026-06-07 10:15:16.524407+00:00,
SARO,SARO,success,4681,2026-03-12 13:30:00+00:00,2026-06-05 20:00:00+00:00,America/New_York,2026-06-07 10:12:52.277279+00:00,
SATL,SATL,success,4681,2026-03-12 13:30:00+00:00,2026-06-05 20:00:00+00:00,America/New_York,2026-06-07 10:14:31.678537+00:00,
SATS,SATS,success,4681,2026-03-12 13:30:00+00:00,2026-06-05 20:00:00+00:00,America/New_York,2026-06-07 10:12:12.404862+00:00,
SB,SB,success,4581,2026-03-12 13:30:00+00:00,2026-06-05 20:00:00+00:00,America/New_York,2026-06-07 10:14:48.993343+00:00,
SBAC,SBAC,success,4630,2026-03-12 13:30:00+00:00,2026-06-05 20:00:00+00:00,America/New_York,2026-06-07 10:12:21.744067+00:00,
SBC,SBC,success,2538,2026-03-12 13:30:00+00:00,2026-06-05 20:00:00+00:00,America/New_York,2026-06-07 10:15:24.799772+00:00,
SBCF,SBCF,success,4618,2026-03-12 13:30:00+00:00,2026-06-05 20:00:00+00:00,America/New_York,2026-06-07 10:13:42.777042+00:00,
SBET,SBET,success,4681,2026-03-12 13:30:00+00:00,2026-06-05 20:00:00+00:00,America/New_York,2026-06-07 10:14:32.317258+00:00,
SBFG,SBFG,success,545,2026-03-12 13:30:00+00:00,2026-06-05 20:00:00+00:00,America/New_York,2026-06-07 10:15:48.264931+00:00,
SBGI,SBGI,success,4382,2026-03-12 13:30:00+00:00,2026-06-05 20:00:00+00:00,America/New_York,2026-06-07 10:14:32.493644+00:00,
SBH,SBH,success,4680,2026-03-12 13:30:00+00:00,2026-06-05 20:00:00+00:00,America/New_York,2026-06-07 10:14:25.800122+00:00,
SBLK,SBLK,success,4678,2026-03-12 13:30:00+00:00,2026-06-05 20:00:00+00:00,America/New_York,2026-06-07 10:13:39.383967+00:00,
SBMT,SBMT,success,1499,2026-04-30 13:30:00+00:00,2026-06-05 20:00:00+00:00,America/New_York,2026-06-07 10:15:39.139879+00:00,
SBR,SBR,success,2330,2026-03-12 13:30:00+00:00,2026-06-05 20:00:00+00:00,America/New_York,2026-06-07 10:14:27.413419+00:00,
SBRA,SBRA,success,4679,2026-03-12 13:30:00+00:00,2026-06-05 20:00:00+00:00,America/New_York,2026-06-07 10:13:19.168672+00:00,
SBS,SBS,success,4679,2026-03-12 13:30:00+00:00,2026-06-05 20:00:00+00:00,America/New_York,2026-06-07 10:12:26.921391+00:00,
SBSI,SBSI,success,2847,2026-03-12 13:30:00+00:00,2026-06-05 20:00:00+00:00,America/New_York,2026-06-07 10:14:32.502649+00:00,
SBSW,SBSW,success,4681,2026-03-12 13:30:00+00:00,2026-06-05 20:00:00+00:00,America/New_York,2026-06-07 10:12:57.319788+00:00,
SBUX,SBUX,success,4681,2026-03-12 13:30:00+00:00,2026-06-05 20:00:00+00:00,America/New_York,2026-06-07 10:11:54.342463+00:00,
SCCO,SCCO,success,4681,2026-03-12 13:30:00+00:00,2026-06-05 20:00:00+00:00,America/New_York,2026-06-07 10:11:52.621194+00:00,
SCHL,SCHL,success,4341,2026-03-12 13:30:00+00:00,2026-06-05 20:00:00+00:00,America/New_York,2026-06-07 10:14:35.184438+00:00,
SCHW,SCHW,success,4681,2026-03-12 13:30:00+00:00,2026-06-05 20:00:00+00:00,America/New_York,2026-06-07 10:11:50.583709+00:00,
SCI,SCI,success,4678,2026-03-12 13:30:00+00:00,2026-06-05 20:00:00+00:00,America/New_York,2026-06-07 10:12:47.148392+00:00,
SCL,SCL,success,3255,2026-03-12 13:30:00+00:00,2026-06-05 20:00:00+00:00,America/New_York,2026-06-07 10:14:26.467822+00:00,
SCLX,SCLX,success,2061,2026-03-12 13:40:00+00:00,2026-06-05 20:00:00+00:00,America/New_York,2026-06-07 10:16:03.228513+00:00,
SCM,SCM,success,3945,2026-03-12 13:30:00+00:00,2026-06-05 20:00:00+00:00,America/New_York,2026-06-07 10:15:32.187879+00:00,
SCOR,SCOR,success,857,2026-03-12 13:50:00+00:00,2026-06-05 20:00:00+00:00,America/New_York,2026-06-07 10:15:53.008421+00:00,
SCSC,SCSC,success,3780,2026-03-12 13:30:00+00:00,2026-06-05 20:00:00+00:00,America/New_York,2026-06-07 10:14:34.711555+00:00,
SCVL,SCVL,success,4415,2026-03-12 13:30:00+00:00,2026-06-05 20:00:00+00:00,America/New_York,2026-06-07 10:15:06.427450+00:00,
SCZM,SCZM,success,4514,2026-03-12 13:30:00+00:00,2026-06-05 20:00:00+00:00,America/New_York,2026-06-07 10:14:52.032249+00:00,
SD,SD,success,4527,2026-03-12 13:30:00+00:00,2026-06-05 20:00:00+00:00,America/New_York,2026-06-07 10:14:57.984501+00:00,
SDGR,SDGR,success,4680,2026-03-12 13:30:00+00:00,2026-06-05 20:00:00+00:00,America/New_York,2026-06-07 10:14:29.799857+00:00,
SDHC,SDHC,success,3003,2026-03-12 13:30:00+00:00,2026-06-05 20:00:00+00:00,America/New_York,2026-06-07 10:14:49.774048+00:00,
SDRL,SDRL,success,4628,2026-03-12 13:30:00+00:00,2026-06-05 20:00:00+00:00,America/New_York,2026-06-07 10:13:45.656052+00:00,
SE,SE,success,4681,2026-03-12 13:30:00+00:00,2026-06-05 20:00:00+00:00,America/New_York,2026-06-07 10:12:05.114666+00:00,
SEAT,SEAT,success,2847,2026-03-12 13:30:00+00:00,2026-06-05 20:00:00+00:00,America/New_York,2026-06-07 10:15:56.260166+00:00,
SEB,SEB,success,3123,2026-03-12 13:30:00+00:00,2026-06-05 20:00:00+00:00,America/New_York,2026-06-07 10:13:14.015248+00:00,
SEDG,SEDG,success,4681,2026-03-12 13:30:00+00:00,2026-06-05 20:00:00+00:00,America/New_York,2026-06-07 10:13:28.622471+00:00,
SEG,SEG,success,2348,2026-03-12 13:30:00+00:00,2026-06-05 20:00:00+00:00,America/New_York,2026-06-07 10:15:25.422691+00:00,
SEI,SEI,success,4681,2026-03-12 13:30:00+00:00,2026-06-05 20:00:00+00:00,America/New_York,2026-06-07 10:13:15.008877+00:00,
SEIC,SEIC,success,4642,2026-03-12 13:30:00+00:00,2026-06-05 20:00:00+00:00,America/New_York,2026-06-07 10:12:42.630838+00:00,
SELF,SELF,success,1004,2026-03-12 13:30:00+00:00,2026-06-05 20:00:00+00:00,America/New_York,2026-06-07 10:16:03.698680+00:00,
SEM,SEM,success,4667,2026-03-12 13:30:00+00:00,2026-06-05 20:00:00+00:00,America/New_York,2026-06-07 10:13:59.041126+00:00,
SENEA,SENEA,success,2356,2026-03-12 13:30:00+00:00,2026-06-05 20:00:00+00:00,America/New_York,2026-06-07 10:14:32.349866+00:00,
SENS,SENS,success,4381,2026-03-12 13:30:00+00:00,2026-06-05 20:00:00+00:00,America/New_York,2026-06-07 10:15:18.781653+00:00,
SEPN,SEPN,success,4162,2026-03-12 13:30:00+00:00,2026-06-05 20:00:00+00:00,America/New_York,2026-06-07 10:14:17.265795+00:00,
SERV,SERV,success,4681,2026-03-12 13:30:00+00:00,2026-06-05 20:00:00+00:00,America/New_York,2026-06-07 10:15:28.097961+00:00,
SEVN,SEVN,success,2585,2026-03-12 13:30:00+00:00,2026-06-05 20:00:00+00:00,America/New_York,2026-06-07 10:15:41.398044+00:00,
SEZL,SEZL,success,4593,2026-03-12 13:30:00+00:00,2026-06-05 20:00:00+00:00,America/New_York,2026-06-07 10:13:27.183744+00:00,
SF,SF,success,4681,2026-03-12 13:30:00+00:00,2026-06-05 20:00:00+00:00,America/New_York,2026-06-07 10:12:42.581651+00:00,
SFBC,SFBC,success,311,2026-03-12 13:30:00+00:00,2026-06-05 20:00:00+00:00,America/New_York,2026-06-07 10:15:54.175152+00:00,
SFBS,SFBS,success,4080,2026-03-12 13:30:00+00:00,2026-06-05 20:00:00+00:00,America/New_York,2026-06-07 10:13:23.659235+00:00,
SFD,SFD,success,4675,2026-03-12 13:30:00+00:00,2026-06-05 20:00:00+00:00,America/New_York,2026-06-07 10:12:43.985493+00:00,
SFIX,SFIX,success,4677,2026-03-12 13:30:00+00:00,2026-06-05 20:00:00+00:00,America/New_York,2026-06-07 10:15:06.672586+00:00,
SFL,SFL,success,4679,2026-03-12 13:30:00+00:00,2026-06-05 20:00:00+00:00,America/New_York,2026-06-07 10:14:10.201582+00:00,
SFM,SFM,success,4680,2026-03-12 13:30:00+00:00,2026-06-05 20:00:00+00:00,America/New_York,2026-06-07 10:12:54.187373+00:00,
SFNC,SFNC,success,4666,2026-03-12 13:30:00+00:00,2026-06-05 20:00:00+00:00,America/New_York,2026-06-07 10:13:40.398579+00:00,
SFST,SFST,success,2632,2026-03-12 13:30:00+00:00,2026-06-05 20:00:00+00:00,America/New_York,2026-06-07 10:14:57.402757+00:00,
SG,SG,success,4681,2026-03-12 13:30:00+00:00,2026-06-05 20:00:00+00:00,America/New_York,2026-06-07 10:14:38.122000+00:00,
SGA,SGA,success,538,2026-03-12 13:30:00+00:00,2026-06-05 20:00:00+00:00,America/New_York,2026-06-07 10:16:03.263328+00:00,
SGC,SGC,success,1723,2026-03-12 13:30:00+00:00,2026-06-05 20:00:00+00:00,America/New_York,2026-06-07 10:15:39.249018+00:00,
SGHC,SGHC,success,4681,2026-03-12 13:30:00+00:00,2026-06-05 20:00:00+00:00,America/New_York,2026-06-07 10:13:03.674486+00:00,
SGHT,SGHT,success,3664,2026-03-12 13:30:00+00:00,2026-06-05 20:00:00+00:00,America/New_York,2026-06-07 10:15:34.130548+00:00,
SGI,SGI,success,4681,2026-03-12 13:30:00+00:00,2026-06-05 20:00:00+00:00,America/New_York,2026-06-07 10:12:33.546621+00:00,
SGML,SGML,success,4680,2026-03-12 13:30:00+00:00,2026-06-05 20:00:00+00:00,America/New_York,2026-06-07 10:14:13.976588+00:00,
SGMT,SGMT,success,4458,2026-03-12 13:30:00+00:00,2026-06-05 20:00:00+00:00,America/New_York,2026-06-07 10:15:10.639171+00:00,
SGP,SGP,success,2164,2026-03-12 13:30:00+00:00,2026-06-05 20:00:00+00:00,America/New_York,2026-06-07 10:14:51.069301+00:00,
SGRY,SGRY,success,4672,2026-03-12 13:30:00+00:00,2026-06-05 20:00:00+00:00,America/New_York,2026-06-07 10:14:05.251794+00:00,
SHAK,SHAK,success,4674,2026-03-12 13:30:00+00:00,2026-06-05 20:00:00+00:00,America/New_York,2026-06-07 10:13:55.551133+00:00,
SHAZ,SHAZ,success,3895,2026-03-12 13:55:00+00:00,2026-06-05 20:00:00+00:00,America/New_York,2026-06-07 10:14:29.245216+00:00,
SHBI,SHBI,success,3825,2026-03-12 13:30:00+00:00,2026-06-05 20:00:00+00:00,America/New_York,2026-06-07 10:14:46.680845+00:00,
SHC,SHC,success,4681,2026-03-12 13:30:00+00:00,2026-06-05 20:00:00+00:00,America/New_York,2026-06-07 10:13:21.781229+00:00,
SHEL,SHEL,success,4681,2026-03-12 13:30:00+00:00,2026-06-05 20:00:00+00:00,America/New_York,2026-06-07 10:11:48.092888+00:00,
SHEN,SHEN,success,3921,2026-03-12 13:30:00+00:00,2026-06-05 20:00:00+00:00,America/New_York,2026-06-07 10:14:37.314310+00:00,
SHG,SHG,success,4348,2026-03-12 13:30:00+00:00,2026-06-05 20:00:00+00:00,America/New_York,2026-06-07 10:12:13.774108+00:00,
SHIM,SHIM,success,2820,2026-03-12 13:30:00+00:00,2026-06-05 20:00:00+00:00,America/New_York,2026-06-07 10:15:47.127023+00:00,
SHIP,SHIP,success,4137,2026-03-12 13:30:00+00:00,2026-06-05 20:00:00+00:00,America/New_York,2026-06-07 10:15:21.885031+00:00,
SHLS,SHLS,success,4681,2026-03-12 13:30:00+00:00,2026-06-05 20:00:00+00:00,America/New_York,2026-06-07 10:14:04.347799+00:00,
SHMD,SHMD,success,4504,2026-03-12 13:30:00+00:00,2026-06-05 20:00:00+00:00,America/New_York,2026-06-07 10:15:18.255262+00:00,
SHO,SHO,success,4677,2026-03-12 13:30:00+00:00,2026-06-05 20:00:00+00:00,America/New_York,2026-06-07 10:13:56.619215+00:00,
SHOO,SHOO,success,4655,2026-03-12 13:30:00+00:00,2026-06-05 20:00:00+00:00,America/New_York,2026-06-07 10:13:38.198001+00:00,
SHOP,SHOP,success,4681,2026-03-12 13:30:00+00:00,2026-06-05 20:00:00+00:00,America/New_York,2026-06-07 10:11:51.440403+00:00,
SHW,SHW,success,4681,2026-03-12 13:30:00+00:00,2026-06-05 20:00:00+00:00,America/New_York,2026-06-07 10:11:59.271517+00:00,
SI,SI,success,2469,2026-03-12 13:30:00+00:00,2026-06-05 20:00:00+00:00,America/New_York,2026-06-07 10:15:28.360068+00:00,
SIBN,SIBN,success,4506,2026-03-12 13:30:00+00:00,2026-06-05 20:00:00+00:00,America/New_York,2026-06-07 10:14:48.757487+00:00,
SIDU,SIDU,success,4681,2026-03-12 13:30:00+00:00,2026-06-05 20:00:00+00:00,America/New_York,2026-06-07 10:15:21.281494+00:00,
SIF,SIF,success,2651,2026-03-12 13:30:00+00:00,2026-06-05 20:00:00+00:00,America/New_York,2026-06-07 10:15:52.095676+00:00,
SIFY,SIFY,success,2192,2026-03-12 13:30:00+00:00,2026-06-05 20:00:00+00:00,America/New_York,2026-06-07 10:14:29.955563+00:00,
SIG,SIG,success,4653,2026-03-12 13:30:00+00:00,2026-06-05 20:00:00+00:00,America/New_York,2026-06-07 10:13:36.518229+00:00,
SIGA,SIGA,success,4460,2026-03-12 13:30:00+00:00,2026-06-05 20:00:00+00:00,America/New_York,2026-06-07 10:15:25.066573+00:00,
SIGI,SIGI,success,4471,2026-03-12 13:30:00+00:00,2026-06-05 20:00:00+00:00,America/New_York,2026-06-07 10:13:12.521961+00:00,
SII,SII,success,4172,2026-03-12 13:30:00+00:00,2026-06-05 20:00:00+00:00,America/New_York,2026-06-07 10:13:38.622692+00:00,
SILA,SILA,success,4504,2026-03-12 13:30:00+00:00,2026-06-05 20:00:00+00:00,America/New_York,2026-06-07 10:14:08.131691+00:00,
SILC,SILC,success,2664,2026-03-12 13:30:00+00:00,2026-06-05 20:00:00+00:00,America/New_York,2026-06-07 10:15:37.676268+00:00,
SIMO,SIMO,success,4600,2026-03-12 13:30:00+00:00,2026-06-05 20:00:00+00:00,America/New_York,2026-06-07 10:12:51.792373+00:00,
SION,SION,success,4279,2026-03-12 13:30:00+00:00,2026-06-05 20:00:00+00:00,America/New_York,2026-06-07 10:14:10.604496+00:00,
SIRI,SIRI,success,4681,2026-03-12 13:30:00+00:00,2026-06-05 20:00:00+00:00,America/New_York,2026-06-07 10:12:49.856465+00:00,
SITC,SITC,success,4590,2026-03-12 13:30:00+00:00,2026-06-05 20:00:00+00:00,America/New_York,2026-06-07 10:15:30.951981+00:00,
SITE,SITE,success,4643,2026-03-12 13:30:00+00:00,2026-06-05 20:00:00+00:00,America/New_York,2026-06-07 10:13:18.475588+00:00,
SITM,SITM,success,4638,2026-03-12 13:30:00+00:00,2026-06-05 20:00:00+00:00,America/New_York,2026-06-07 10:12:30.155551+00:00,
SJM,SJM,success,4681,2026-03-12 13:30:00+00:00,2026-06-05 20:00:00+00:00,America/New_York,2026-06-07 10:12:42.324606+00:00,
SJT,SJT,success,3527,2026-03-12 13:30:00+00:00,2026-06-05 20:00:00+00:00,America/New_York,2026-06-07 10:15:44.992895+00:00,
SKBL,SKBL,success,2834,2026-03-12 13:30:00+00:00,2026-06-05 20:00:00+00:00,America/New_York,2026-06-07 10:15:55.712138+00:00,
SKE,SKE,success,4667,2026-03-12 13:30:00+00:00,2026-06-05 20:00:00+00:00,America/New_York,2026-06-07 10:13:38.586059+00:00,
SKIL,SKIL,success,3195,2026-03-12 13:30:00+00:00,2026-06-05 20:00:00+00:00,America/New_York,2026-06-07 10:16:02.904333+00:00,
SKLZ,SKLZ,success,3562,2026-03-12 13:30:00+00:00,2026-06-05 20:00:00+00:00,America/New_York,2026-06-07 10:15:51.594176+00:00,
SKM,SKM,success,4679,2026-03-12 13:30:00+00:00,2026-06-05 20:00:00+00:00,America/New_York,2026-06-07 10:12:33.335879+00:00,
SKT,SKT,success,4639,2026-03-12 13:30:00+00:00,2026-06-05 20:00:00+00:00,America/New_York,2026-06-07 10:13:23.788705+00:00,
SKWD,SKWD,success,4317,2026-03-12 13:30:00+00:00,2026-06-05 20:00:00+00:00,America/New_York,2026-06-07 10:14:03.067498+00:00,
SKY,SKY,success,4534,2026-03-12 13:30:00+00:00,2026-06-05 20:00:00+00:00,America/New_York,2026-06-07 10:13:23.528427+00:00,
SKYH,SKYH,success,3350,2026-03-12 13:30:00+00:00,2026-06-05 20:00:00+00:00,America/New_York,2026-06-07 10:14:47.128608+00:00,
SKYT,SKYT,success,4672,2026-03-12 13:30:00+00:00,2026-06-05 20:00:00+00:00,America/New_York,2026-06-07 10:14:07.632781+00:00,
SKYW,SKYW,success,4439,2026-03-12 13:30:00+00:00,2026-06-05 20:00:00+00:00,America/New_York,2026-06-07 10:13:34.934873+00:00,
SLAB,SLAB,success,4376,2026-03-12 13:30:00+00:00,2026-06-05 20:00:00+00:00,America/New_York,2026-06-07 10:12:58.763464+00:00,
SLB,SLB,success,4681,2026-03-12 13:30:00+00:00,2026-06-05 20:00:00+00:00,America/New_York,2026-06-07 10:11:57.618921+00:00,
SLDB,SLDB,success,4659,2026-03-12 13:30:00+00:00,2026-06-05 20:00:00+00:00,America/New_York,2026-06-07 10:14:49.359515+00:00,
SLDE,SLDE,success,4659,2026-03-12 13:30:00+00:00,2026-06-05 20:00:00+00:00,America/New_York,2026-06-07 10:14:01.780247+00:00,
SLF,SLF,success,4657,2026-03-12 13:30:00+00:00,2026-06-05 20:00:00+00:00,America/New_York,2026-06-07 10:12:08.173885+00:00,
SLG,SLG,success,4680,2026-03-12 13:30:00+00:00,2026-06-05 20:00:00+00:00,America/New_York,2026-06-07 10:13:32.010900+00:00,
SLGL,SLGL,success,949,2026-03-12 13:30:00+00:00,2026-06-05 20:00:00+00:00,America/New_York,2026-06-07 10:15:32.051430+00:00,
SLGN,SLGN,success,4648,2026-03-12 13:30:00+00:00,2026-06-05 20:00:00+00:00,America/New_York,2026-06-07 10:13:28.068483+00:00,
SLI,SLI,success,4679,2026-03-12 13:30:00+00:00,2026-06-05 20:00:00+00:00,America/New_York,2026-06-07 10:14:41.399102+00:00,
SLM,SLM,success,4681,2026-03-12 13:30:00+00:00,2026-06-05 20:00:00+00:00,America/New_York,2026-06-07 10:13:21.722052+00:00,
SLMT,SLMT,success,3783,2026-03-12 13:30:00+00:00,2026-06-05 20:00:00+00:00,America/New_York,2026-06-07 10:16:04.367451+00:00,
SLN,SLN,success,3859,2026-03-12 13:30:00+00:00,2026-06-05 20:00:00+00:00,America/New_York,2026-06-07 10:15:27.971164+00:00,
SLNG,SLNG,success,1378,2026-03-12 13:30:00+00:00,2026-06-05 20:00:00+00:00,America/New_York,2026-06-07 10:15:56.367334+00:00,
SLP,SLP,success,4102,2026-03-12 13:30:00+00:00,2026-06-05 20:00:00+00:00,America/New_York,2026-06-07 10:15:23.599685+00:00,
SLRC,SLRC,success,4367,2026-03-12 13:30:00+00:00,2026-06-05 20:00:00+00:00,America/New_York,2026-06-07 10:14:46.820515+00:00,
SLS,SLS,success,4681,2026-03-12 13:30:00+00:00,2026-06-05 20:00:00+00:00,America/New_York,2026-06-07 10:14:13.812732+00:00,
SLSR,SLSR,success,3646,2026-03-12 13:30:00+00:00,2026-06-05 20:00:00+00:00,America/New_York,2026-06-07 10:14:12.655620+00:00,
SLVM,SLVM,success,4310,2026-03-12 13:30:00+00:00,2026-06-05 20:00:00+00:00,America/New_York,2026-06-07 10:14:11.348675+00:00,
SM,SM,success,4681,2026-03-12 13:30:00+00:00,2026-06-05 20:00:00+00:00,America/New_York,2026-06-07 10:12:56.018915+00:00,
SMA,SMA,success,4584,2026-03-12 13:30:00+00:00,2026-06-05 20:00:00+00:00,America/New_York,2026-06-07 10:14:03.934085+00:00,
SMBC,SMBC,success,2147,2026-03-12 13:30:00+00:00,2026-06-05 20:00:00+00:00,America/New_York,2026-06-07 10:14:43.333240+00:00,
SMBK,SMBK,success,2397,2026-03-12 13:30:00+00:00,2026-06-05 20:00:00+00:00,America/New_York,2026-06-07 10:14:45.464206+00:00,
SMCI,SMCI,success,4681,2026-03-12 13:30:00+00:00,2026-06-05 20:00:00+00:00,America/New_York,2026-06-07 10:12:19.123963+00:00,
SMFG,SMFG,success,4680,2026-03-12 13:30:00+00:00,2026-06-05 20:00:00+00:00,America/New_York,2026-06-07 10:11:51.192855+00:00,
SMG,SMG,success,4667,2026-03-12 13:30:00+00:00,2026-06-05 20:00:00+00:00,America/New_York,2026-06-07 10:13:35.621581+00:00,
SMHI,SMHI,success,2747,2026-03-12 13:30:00+00:00,2026-06-05 20:00:00+00:00,America/New_York,2026-06-07 10:15:40.704689+00:00,
SMID,SMID,success,623,2026-03-12 13:50:00+00:00,2026-06-05 20:00:00+00:00,America/New_York,2026-06-07 10:15:46.653410+00:00,
SMJF,SMJF,success,2405,2026-03-12 13:30:00+00:00,2026-06-05 20:00:00+00:00,America/New_York,2026-06-07 10:15:50.919869+00:00,
SMMT,SMMT,success,4681,2026-03-12 13:30:00+00:00,2026-06-05 20:00:00+00:00,America/New_York,2026-06-07 10:12:42.422128+00:00,
SMP,SMP,success,2998,2026-03-12 13:30:00+00:00,2026-06-05 20:00:00+00:00,America/New_York,2026-06-07 10:14:38.567540+00:00,
SMPL,SMPL,success,4681,2026-03-12 13:30:00+00:00,2026-06-05 20:00:00+00:00,America/New_York,2026-06-07 10:14:27.320787+00:00,
SMR,SMR,success,4681,2026-03-12 13:30:00+00:00,2026-06-05 20:00:00+00:00,America/New_York,2026-06-07 10:13:28.930230+00:00,
SMTC,SMTC,success,4681,2026-03-12 13:30:00+00:00,2026-06-05 20:00:00+00:00,America/New_York,2026-06-07 10:12:34.443559+00:00,
SMTI,SMTI,success,1946,2026-03-12 13:30:00+00:00,2026-06-05 20:00:00+00:00,America/New_York,2026-06-07 10:15:40.422444+00:00,
SMWB,SMWB,success,4563,2026-03-12 13:30:00+00:00,2026-06-05 20:00:00+00:00,America/New_York,2026-06-07 10:15:18.084117+00:00,
SN,SN,success,4680,2026-03-12 13:30:00+00:00,2026-06-05 20:00:00+00:00,America/New_York,2026-06-07 10:12:28.853155+00:00,
SNA,SNA,success,4651,2026-03-12 13:30:00+00:00,2026-06-05 20:00:00+00:00,America/New_York,2026-06-07 10:12:24.735517+00:00,
SNAP,SNAP,success,4681,2026-03-12 13:30:00+00:00,2026-06-05 20:00:00+00:00,America/New_York,2026-06-07 10:12:47.477045+00:00,
SND,SND,success,4064,2026-03-12 13:30:00+00:00,2026-06-05 20:00:00+00:00,America/New_York,2026-06-07 10:15:35.129954+00:00,
SNDA,SNDA,success,4653,2026-03-12 13:30:00+00:00,2026-06-05 20:00:00+00:00,America/New_York,2026-06-07 10:14:09.268336+00:00,
SNDK,SNDK,success,4681,2026-03-12 13:30:00+00:00,2026-06-05 20:00:00+00:00,America/New_York,2026-06-07 10:11:48.318843+00:00,
SNDR,SNDR,success,4667,2026-03-12 13:30:00+00:00,2026-06-05 20:00:00+00:00,America/New_York,2026-06-07 10:13:03.530195+00:00,
SNDX,SNDX,success,4671,2026-03-12 13:30:00+00:00,2026-06-05 20:00:00+00:00,America/New_York,2026-06-07 10:14:12.521679+00:00,
SNEX,SNEX,success,4570,2026-03-12 13:30:00+00:00,2026-06-05 20:00:00+00:00,America/New_York,2026-06-07 10:12:50.381189+00:00,
SNFCA,SNFCA,success,1431,2026-03-12 13:30:00+00:00,2026-06-05 20:00:00+00:00,America/New_York,2026-06-07 10:15:34.458155+00:00,
SNN,SNN,success,4680,2026-03-12 13:30:00+00:00,2026-06-05 20:00:00+00:00,America/New_York,2026-06-07 10:12:36.680030+00:00,
SNOW,SNOW,success,4681,2026-03-12 13:30:00+00:00,2026-06-05 20:00:00+00:00,America/New_York,2026-06-07 10:11:58.126254+00:00,
SNPS,SNPS,success,4681,2026-03-12 13:30:00+00:00,2026-06-05 20:00:00+00:00,America/New_York,2026-06-07 10:11:56.933388+00:00,
SNWV,SNWV,success,2543,2026-03-12 13:30:00+00:00,2026-06-05 20:00:00+00:00,America/New_York,2026-06-07 10:15:51.990134+00:00,
SNX,SNX,success,4644,2026-03-12 13:30:00+00:00,2026-06-05 20:00:00+00:00,America/New_York,2026-06-07 10:12:22.460798+00:00,
SNY,SNY,success,4681,2026-03-12 13:30:00+00:00,2026-06-05 20:00:00+00:00,America/New_York,2026-06-07 10:11:54.010584+00:00,
SO,SO,success,4681,2026-03-12 13:30:00+00:00,2026-06-05 20:00:00+00:00,America/New_York,2026-06-07 10:11:54.885540+00:00,
SOBO,SOBO,success,4673,2026-03-12 13:30:00+00:00,2026-06-05 20:00:00+00:00,America/New_York,2026-06-07 10:12:56.120176+00:00,
SOC,SOC,success,4681,2026-03-12 13:30:00+00:00,2026-06-05 20:00:00+00:00,America/New_York,2026-06-07 10:14:02.412913+00:00,
SOFI,SOFI,success,4681,2026-03-12 13:30:00+00:00,2026-06-05 20:00:00+00:00,America/New_York,2026-06-07 10:12:24.167977+00:00,
SOGP,SOGP,success,1114,2026-03-12 13:55:00+00:00,2026-06-05 20:00:00+00:00,America/New_York,2026-06-07 10:16:04.443114+00:00,
SOHU,SOHU,success,1630,2026-03-12 14:05:00+00:00,2026-06-05 20:00:00+00:00,America/New_York,2026-06-07 10:15:19.392778+00:00,
SOLS,SOLS,success,4681,2026-03-12 13:30:00+00:00,2026-06-05 20:00:00+00:00,America/New_York,2026-06-07 10:12:36.948948+00:00,
SOLV,SOLV,success,4680,2026-03-12 13:30:00+00:00,2026-06-05 20:00:00+00:00,America/New_York,2026-06-07 10:12:34.197608+00:00,
SON,SON,success,4677,2026-03-12 13:30:00+00:00,2026-06-05 20:00:00+00:00,America/New_York,2026-06-07 10:13:18.562212+00:00,
SONO,SONO,success,4670,2026-03-12 13:30:00+00:00,2026-06-05 20:00:00+00:00,America/New_York,2026-06-07 10:14:04.106733+00:00,
SONY,SONY,success,4681,2026-03-12 13:30:00+00:00,2026-06-05 20:00:00+00:00,America/New_York,2026-06-07 10:11:52.459237+00:00,
SOPH,SOPH,success,2697,2026-03-12 13:30:00+00:00,2026-06-05 20:00:00+00:00,America/New_York,2026-06-07 10:15:16.721368+00:00,
SOTK,SOTK,success,1225,2026-03-12 13:40:00+00:00,2026-06-05 20:00:00+00:00,America/New_York,2026-06-07 10:15:58.655071+00:00,
SOUL,SOUL,success,265,2026-03-12 13:30:00+00:00,2026-06-05 13:45:00+00:00,America/New_York,2026-06-07 10:15:30.295792+00:00,
SOUN,SOUN,success,4681,2026-03-12 13:30:00+00:00,2026-06-05 20:00:00+00:00,America/New_York,2026-06-07 10:13:39.569967+00:00,
SPAI,SPAI,success,3642,2026-03-12 13:30:00+00:00,2026-06-05 20:00:00+00:00,America/New_York,2026-06-07 10:15:53.218490+00:00,
SPB,SPB,success,4264,2026-03-12 13:30:00+00:00,2026-06-05 20:00:00+00:00,America/New_York,2026-06-07 10:14:01.648297+00:00,
SPCE,SPCE,success,4681,2026-03-12 13:30:00+00:00,2026-06-05 20:00:00+00:00,America/New_York,2026-06-07 10:15:06.885114+00:00,
SPFI,SPFI,success,2480,2026-03-12 13:30:00+00:00,2026-06-05 20:00:00+00:00,America/New_York,2026-06-07 10:14:42.560863+00:00,
SPG,SPG,success,4680,2026-03-12 13:30:00+00:00,2026-06-05 20:00:00+00:00,America/New_York,2026-06-07 10:12:00.899850+00:00,
SPGI,SPGI,success,4681,2026-03-12 13:30:00+00:00,2026-06-05 20:00:00+00:00,America/New_York,2026-06-07 10:11:52.020583+00:00,
SPHR,SPHR,success,4543,2026-03-13 13:30:00+00:00,2026-06-05 20:00:00+00:00,America/New_York,2026-06-07 10:13:15.247615+00:00,
SPIR,SPIR,success,4677,2026-03-12 13:30:00+00:00,2026-06-05 20:00:00+00:00,America/New_York,2026-06-07 10:14:47.213479+00:00,
SPNT,SPNT,success,4627,2026-03-12 13:30:00+00:00,2026-06-05 20:00:00+00:00,America/New_York,2026-06-07 10:13:49.232739+00:00,
SPOK,SPOK,success,3626,2026-03-12 13:30:00+00:00,2026-06-05 20:00:00+00:00,America/New_York,2026-06-07 10:15:37.292937+00:00,
SPOT,SPOT,success,4681,2026-03-12 13:30:00+00:00,2026-06-05 20:00:00+00:00,America/New_York,2026-06-07 10:11:55.024209+00:00,
SPRB,SPRB,success,2113,2026-03-12 13:30:00+00:00,2026-06-05 20:00:00+00:00,America/New_York,2026-06-07 10:15:50.134810+00:00,
SPRY,SPRY,success,4671,2026-03-12 13:30:00+00:00,2026-06-05 20:00:00+00:00,America/New_York,2026-06-07 10:14:39.434497+00:00,
SPSC,SPSC,success,4530,2026-03-12 13:30:00+00:00,2026-06-05 20:00:00+00:00,America/New_York,2026-06-07 10:13:58.083111+00:00,
SPT,SPT,success,4678,2026-03-12 13:30:00+00:00,2026-06-05 20:00:00+00:00,America/New_York,2026-06-07 10:15:09.542218+00:00,
SPTX,SPTX,success,1510,2026-05-01 13:30:00+00:00,2026-06-05 20:00:00+00:00,America/New_York,2026-06-07 10:14:38.244686+00:00,
SPXC,SPXC,success,4446,2026-03-12 13:30:00+00:00,2026-06-05 20:00:00+00:00,America/New_York,2026-06-07 10:12:41.667767+00:00,
SPY,SPY,success,4681,2026-03-12 13:30:00+00:00,2026-06-05 20:00:00+00:00,America/New_York,2026-06-07 10:16:05.067799+00:00,
SQM,SQM,success,4675,2026-03-12 13:30:00+00:00,2026-06-05 20:00:00+00:00,America/New_York,2026-06-07 10:12:23.050829+00:00,
SQNS,SQNS,success,3205,2026-03-12 13:30:00+00:00,2026-06-05 20:00:00+00:00,America/New_York,2026-06-07 10:16:04.546431+00:00,
SR,SR,success,4366,2026-03-12 13:30:00+00:00,2026-06-05 20:00:00+00:00,America/New_York,2026-06-07 10:13:16.698093+00:00,
SRAD,SRAD,success,4681,2026-03-12 13:30:00+00:00,2026-06-05 20:00:00+00:00,America/New_York,2026-06-07 10:13:23.213810+00:00,
SRBK,SRBK,success,1818,2026-03-12 13:30:00+00:00,2026-06-05 20:00:00+00:00,America/New_York,2026-06-07 10:15:49.827936+00:00,
SRCE,SRCE,success,3297,2026-03-12 13:30:00+00:00,2026-06-05 20:00:00+00:00,America/New_York,2026-06-07 10:14:03.452437+00:00,
SRE,SRE,success,4681,2026-03-12 13:30:00+00:00,2026-06-05 20:00:00+00:00,America/New_York,2026-06-07 10:12:02.757613+00:00,
SRI,SRI,success,3945,2026-03-12 13:30:00+00:00,2026-06-05 20:00:00+00:00,America/New_York,2026-06-07 10:15:40.313487+00:00,
SRPT,SRPT,success,4681,2026-03-12 13:30:00+00:00,2026-06-05 20:00:00+00:00,America/New_York,2026-06-07 10:14:08.653760+00:00,
SRRK,SRRK,success,4657,2026-03-12 13:30:00+00:00,2026-06-05 20:00:00+00:00,America/New_York,2026-06-07 10:13:14.923228+00:00,
SRTA,SRTA,success,4571,2026-03-12 13:30:00+00:00,2026-06-05 20:00:00+00:00,America/New_York,2026-06-07 10:15:01.662036+00:00,
SRZN,SRZN,success,2510,2026-03-12 13:30:00+00:00,2026-06-05 20:00:00+00:00,America/New_York,2026-06-07 10:15:32.946053+00:00,
SSAC,SSAC,success,234,2026-03-12 13:30:00+00:00,2026-06-05 20:00:00+00:00,America/New_York,2026-06-07 10:15:33.987826+00:00,
SSB,SSB,success,4652,2026-03-12 13:30:00+00:00,2026-06-05 20:00:00+00:00,America/New_York,2026-06-07 10:12:48.269310+00:00,
SSD,SSD,success,4147,2026-03-12 13:30:00+00:00,2026-06-05 20:00:00+00:00,America/New_York,2026-06-07 10:12:55.909485+00:00,
SSII,SSII,success,1753,2026-03-12 13:30:00+00:00,2026-06-05 20:00:00+00:00,America/New_York,2026-06-07 10:14:44.874800+00:00,
SSL,SSL,success,4680,2026-03-12 13:30:00+00:00,2026-06-05 20:00:00+00:00,America/New_York,2026-06-07 10:12:51.909249+00:00,
SSNC,SSNC,success,4681,2026-03-12 13:30:00+00:00,2026-06-05 20:00:00+00:00,America/New_York,2026-06-07 10:12:28.544706+00:00,
SSP,SSP,success,4551,2026-03-12 13:30:00+00:00,2026-06-05 20:00:00+00:00,America/New_York,2026-06-07 10:15:25.997979+00:00,
SSRM,SSRM,success,4681,2026-03-12 13:30:00+00:00,2026-06-05 20:00:00+00:00,America/New_York,2026-06-07 10:13:11.990726+00:00,
SSSS,SSSS,success,4187,2026-03-12 13:30:00+00:00,2026-06-05 20:00:00+00:00,America/New_York,2026-06-07 10:15:19.412660+00:00,
SSTI,SSTI,success,3059,2026-03-12 13:30:00+00:00,2026-06-05 20:00:00+00:00,America/New_York,2026-06-07 10:15:55.523946+00:00,
SSTK,SSTK,success,4285,2026-03-12 13:30:00+00:00,2026-06-05 20:00:00+00:00,America/New_York,2026-06-07 10:15:05.106917+00:00,
SSYS,SSYS,success,4592,2026-03-12 13:30:00+00:00,2026-06-05 20:00:00+00:00,America/New_York,2026-06-07 10:14:44.479695+00:00,
ST,ST,success,4681,2026-03-12 13:30:00+00:00,2026-06-05 20:00:00+00:00,America/New_York,2026-06-07 10:12:57.933448+00:00,
STAA,STAA,success,4647,2026-03-12 13:30:00+00:00,2026-06-05 20:00:00+00:00,America/New_York,2026-06-07 10:14:13.472544+00:00,
STAG,STAG,success,4681,2026-03-12 13:30:00+00:00,2026-06-05 20:00:00+00:00,America/New_York,2026-06-07 10:12:59.301785+00:00,
STBA,STBA,success,3910,2026-03-12 13:30:00+00:00,2026-06-05 20:00:00+00:00,America/New_York,2026-06-07 10:14:08.023320+00:00,
STC,STC,success,3546,2026-03-12 13:30:00+00:00,2026-06-05 20:00:00+00:00,America/New_York,2026-06-07 10:14:00.540612+00:00,
STE,STE,success,4616,2026-03-12 13:30:00+00:00,2026-06-05 20:00:00+00:00,America/New_York,2026-06-07 10:12:23.364325+00:00,
STEL,STEL,success,4471,2026-03-12 13:30:00+00:00,2026-06-05 20:00:00+00:00,America/New_York,2026-06-07 10:14:01.210428+00:00,
STEM,STEM,success,3683,2026-03-12 13:30:00+00:00,2026-06-05 20:00:00+00:00,America/New_York,2026-06-07 10:16:01.435932+00:00,
STEP,STEP,success,4630,2026-03-12 13:30:00+00:00,2026-06-05 20:00:00+00:00,America/New_York,2026-06-07 10:13:12.542487+00:00,
STGW,STGW,success,4644,2026-03-12 13:30:00+00:00,2026-06-05 20:00:00+00:00,America/New_York,2026-06-07 10:14:09.295352+00:00,
STHO,STHO,success,850,2026-03-12 13:35:00+00:00,2026-06-05 20:00:00+00:00,America/New_York,2026-06-07 10:15:54.224152+00:00,
STI,STI,success,2094,2026-03-12 13:30:00+00:00,2026-06-05 20:00:00+00:00,America/New_York,2026-06-07 10:15:30.428746+00:00,
STLA,STLA,success,4676,2026-03-12 13:30:00+00:00,2026-06-05 20:00:00+00:00,America/New_York,2026-06-07 10:12:17.645128+00:00,
STLD,STLD,success,4676,2026-03-12 13:30:00+00:00,2026-06-05 20:00:00+00:00,America/New_York,2026-06-07 10:12:09.751331+00:00,
STM,STM,success,4681,2026-03-12 13:30:00+00:00,2026-06-05 20:00:00+00:00,America/New_York,2026-06-07 10:12:02.004765+00:00,
STN,STN,success,4507,2026-03-12 13:30:00+00:00,2026-06-05 20:00:00+00:00,America/New_York,2026-06-07 10:12:53.004559+00:00,
STNE,STNE,success,4681,2026-03-12 13:30:00+00:00,2026-06-05 20:00:00+00:00,America/New_York,2026-06-07 10:13:49.300276+00:00,
STNG,STNG,success,4670,2026-03-12 13:30:00+00:00,2026-06-05 20:00:00+00:00,America/New_York,2026-06-07 10:13:27.796339+00:00,
STOK,STOK,success,4520,2026-03-12 13:30:00+00:00,2026-06-05 20:00:00+00:00,America/New_York,2026-06-07 10:14:02.858149+00:00,
STRA,STRA,success,3922,2026-03-12 13:30:00+00:00,2026-06-05 20:00:00+00:00,America/New_York,2026-06-07 10:14:03.525069+00:00,
STRL,STRL,success,4678,2026-03-12 13:30:00+00:00,2026-06-05 20:00:00+00:00,America/New_York,2026-06-07 10:12:16.924875+00:00,
STRO,STRO,success,3832,2026-03-12 13:30:00+00:00,2026-06-05 20:00:00+00:00,America/New_York,2026-06-07 10:15:08.449144+00:00,
STRS,STRS,success,1235,2026-03-12 13:45:00+00:00,2026-06-05 20:00:00+00:00,America/New_York,2026-06-07 10:15:37.196249+00:00,
STRT,STRT,success,2548,2026-03-12 13:30:00+00:00,2026-06-05 20:00:00+00:00,America/New_York,2026-06-07 10:15:22.580892+00:00,
STRW,STRW,success,1226,2026-03-12 13:30:00+00:00,2026-06-05 20:00:00+00:00,America/New_York,2026-06-07 10:15:45.336109+00:00,
STRZ,STRZ,success,3447,2026-03-12 13:30:00+00:00,2026-06-05 20:00:00+00:00,America/New_York,2026-06-07 10:15:07.100872+00:00,
STT,STT,success,4680,2026-03-12 13:30:00+00:00,2026-06-05 20:00:00+00:00,America/New_York,2026-06-07 10:12:06.725756+00:00,
STTK,STTK,success,4356,2026-03-12 13:30:00+00:00,2026-06-05 20:00:00+00:00,America/New_York,2026-06-07 10:15:19.050880+00:00,
STUB,STUB,success,4681,2026-03-12 13:30:00+00:00,2026-06-05 20:00:00+00:00,America/New_York,2026-06-07 10:13:33.835709+00:00,
STVN,STVN,success,4374,2026-03-12 13:30:00+00:00,2026-06-05 20:00:00+00:00,America/New_York,2026-06-07 10:13:15.042429+00:00,
STWD,STWD,success,4681,2026-03-12 13:30:00+00:00,2026-06-05 20:00:00+00:00,America/New_York,2026-06-07 10:13:05.428022+00:00,
STX,STX,success,4681,2026-03-12 13:30:00+00:00,2026-06-05 20:00:00+00:00,America/New_York,2026-06-07 10:11:49.457616+00:00,
STZ,STZ,success,4681,2026-03-12 13:30:00+00:00,2026-06-05 20:00:00+00:00,America/New_York,2026-06-07 10:12:19.147582+00:00,
SU,SU,success,4681,2026-03-12 13:30:00+00:00,2026-06-05 20:00:00+00:00,America/New_York,2026-06-07 10:12:00.189232+00:00,
SUI,SUI,success,4633,2026-03-12 13:30:00+00:00,2026-06-05 20:00:00+00:00,America/New_York,2026-06-07 10:12:30.404392+00:00,
SUMA,SUMA,success,120,2026-04-20 14:30:00+00:00,2026-06-04 19:45:00+00:00,America/New_York,2026-06-07 10:15:39.850147+00:00,
SUNB,SUNB,success,4681,2026-03-12 13:30:00+00:00,2026-06-05 20:00:00+00:00,America/New_York,2026-06-07 10:12:13.115473+00:00,
SUNC,SUNC,success,4566,2026-03-12 13:30:00+00:00,2026-06-05 20:00:00+00:00,America/New_York,2026-06-07 10:13:34.266450+00:00,
SUNS,SUNS,success,2845,2026-03-12 13:30:00+00:00,2026-06-05 20:00:00+00:00,America/New_York,2026-06-07 10:15:53.354809+00:00,
SUPN,SUPN,success,4426,2026-03-12 13:30:00+00:00,2026-06-05 20:00:00+00:00,America/New_York,2026-06-07 10:13:48.751241+00:00,
SUPV,SUPV,success,4617,2026-03-12 13:30:00+00:00,2026-06-05 20:00:00+00:00,America/New_York,2026-06-07 10:14:36.164133+00:00,
SUPX,SUPX,success,4293,2026-03-12 13:30:00+00:00,2026-06-05 20:00:00+00:00,America/New_York,2026-06-07 10:15:34.293147+00:00,
SUZ,SUZ,success,4677,2026-03-12 13:30:00+00:00,2026-06-05 20:00:00+00:00,America/New_York,2026-06-07 10:12:44.903481+00:00,
SVAC,SVAC,success,1866,2026-03-12 13:30:00+00:00,2026-06-05 20:00:00+00:00,America/New_York,2026-06-07 10:15:23.301707+00:00,
SVCO,SVCO,success,4361,2026-03-12 13:30:00+00:00,2026-06-05 20:00:00+00:00,America/New_York,2026-06-07 10:15:15.840798+00:00,
SVM,SVM,success,4681,2026-03-12 13:30:00+00:00,2026-06-05 20:00:00+00:00,America/New_York,2026-06-07 10:13:53.357259+00:00,
SVRA,SVRA,success,4658,2026-03-12 13:30:00+00:00,2026-06-05 20:00:00+00:00,America/New_York,2026-06-07 10:14:32.293581+00:00,
SVRE,SVRE,success,1136,2026-03-12 13:30:00+00:00,2026-06-05 20:00:00+00:00,America/New_York,2026-06-07 10:15:50.083747+00:00,
SVV,SVV,success,4675,2026-03-12 13:30:00+00:00,2026-06-05 20:00:00+00:00,America/New_York,2026-06-07 10:14:16.279014+00:00,
SW,SW,success,4681,2026-03-12 13:30:00+00:00,2026-06-05 20:00:00+00:00,America/New_York,2026-06-07 10:12:22.513401+00:00,
SWBI,SWBI,success,4507,2026-03-12 13:30:00+00:00,2026-06-05 20:00:00+00:00,America/New_York,2026-06-07 10:14:49.440194+00:00,
SWIM,SWIM,success,4436,2026-03-12 13:30:00+00:00,2026-06-05 20:00:00+00:00,America/New_York,2026-06-07 10:14:52.366590+00:00,
SWK,SWK,success,4681,2026-03-12 13:30:00+00:00,2026-06-05 20:00:00+00:00,America/New_York,2026-06-07 10:12:38.730501+00:00,
SWKS,SWKS,success,4681,2026-03-12 13:30:00+00:00,2026-06-05 20:00:00+00:00,America/New_York,2026-06-07 10:12:42.280953+00:00,
SWX,SWX,success,4504,2026-03-12 13:30:00+00:00,2026-06-05 20:00:00+00:00,America/New_York,2026-06-07 10:13:04.271881+00:00,
SXC,SXC,success,4671,2026-03-12 13:30:00+00:00,2026-06-05 20:00:00+00:00,America/New_York,2026-06-07 10:14:43.756673+00:00,
SXI,SXI,success,3815,2026-03-12 13:30:00+00:00,2026-06-05 20:00:00+00:00,America/New_York,2026-06-07 10:13:33.442245+00:00,
SXT,SXT,success,4227,2026-03-12 13:30:00+00:00,2026-06-05 20:00:00+00:00,America/New_York,2026-06-07 10:13:17.365452+00:00,
SYBT,SYBT,success,3491,2026-03-12 13:30:00+00:00,2026-06-05 20:00:00+00:00,America/New_York,2026-06-07 10:13:57.422638+00:00,
SYF,SYF,success,4681,2026-03-12 13:30:00+00:00,2026-06-05 20:00:00+00:00,America/New_York,2026-06-07 10:12:19.179112+00:00,
SYK,SYK,success,4681,2026-03-12 13:30:00+00:00,2026-06-05 20:00:00+00:00,America/New_York,2026-06-07 10:11:53.255877+00:00,
SYM,SYM,success,4680,2026-03-12 13:30:00+00:00,2026-06-05 20:00:00+00:00,America/New_York,2026-06-07 10:12:17.563020+00:00,
SYNA,SYNA,success,4644,2026-03-12 13:30:00+00:00,2026-06-05 20:00:00+00:00,America/New_York,2026-06-07 10:13:17.643364+00:00,
SYRE,SYRE,success,4644,2026-03-12 13:30:00+00:00,2026-06-05 20:00:00+00:00,America/New_York,2026-06-07 10:13:05.020117+00:00,
SYY,SYY,success,4681,2026-03-12 13:30:00+00:00,2026-06-05 20:00:00+00:00,America/New_York,2026-06-07 10:12:10.907647+00:00,
SZZL,SZZL,success,432,2026-03-12 13:30:00+00:00,2026-06-05 20:00:00+00:00,America/New_York,2026-06-07 10:15:37.597192+00:00,
T,T,success,4681,2026-03-12 13:30:00+00:00,2026-06-05 20:00:00+00:00,America/New_York,2026-06-07 10:11:50.298348+00:00,
TAC,TAC,success,4681,2026-03-12 13:30:00+00:00,2026-06-05 20:00:00+00:00,America/New_York,2026-06-07 10:13:30.215921+00:00,
TACO,TACO,success,630,2026-03-12 13:50:00+00:00,2026-06-05 20:00:00+00:00,America/New_York,2026-06-07 10:15:12.907166+00:00,
TAK,TAK,success,4681,2026-03-12 13:30:00+00:00,2026-06-05 20:00:00+00:00,America/New_York,2026-06-07 10:12:05.477064+00:00,
TAL,TAL,success,4681,2026-03-12 13:30:00+00:00,2026-06-05 20:00:00+00:00,America/New_York,2026-06-07 10:13:08.856286+00:00,
TALK,TALK,success,4649,2026-03-12 13:30:00+00:00,2026-06-05 20:00:00+00:00,America/New_York,2026-06-07 10:14:38.087906+00:00,
TALO,TALO,success,4681,2026-03-12 13:30:00+00:00,2026-06-05 20:00:00+00:00,America/New_York,2026-06-07 10:13:51.024881+00:00,
TAP,TAP,success,4681,2026-03-12 13:30:00+00:00,2026-06-05 20:00:00+00:00,America/New_York,2026-06-07 10:12:57.187154+00:00,
TARA,TARA,success,4574,2026-03-12 13:30:00+00:00,2026-06-05 20:00:00+00:00,America/New_York,2026-06-07 10:15:36.120013+00:00,
TARS,TARS,success,4442,2026-03-12 13:30:00+00:00,2026-06-05 20:00:00+00:00,America/New_York,2026-06-07 10:13:49.402465+00:00,
TASK,TASK,success,4510,2026-03-12 13:30:00+00:00,2026-06-05 20:00:00+00:00,America/New_York,2026-06-07 10:15:00.767069+00:00,
TATT,TATT,success,3879,2026-03-12 13:30:00+00:00,2026-06-05 20:00:00+00:00,America/New_York,2026-06-07 10:14:55.096514+00:00,
TAYD,TAYD,success,1808,2026-03-12 13:30:00+00:00,2026-06-05 20:00:00+00:00,America/New_York,2026-06-07 10:15:45.643125+00:00,
TBBB,TBBB,success,4300,2026-03-12 13:30:00+00:00,2026-06-05 20:00:00+00:00,America/New_York,2026-06-07 10:13:20.925844+00:00,
TBBK,TBBK,success,4381,2026-03-12 13:30:00+00:00,2026-06-05 20:00:00+00:00,America/New_York,2026-06-07 10:13:53.944646+00:00,
TBCH,TBCH,success,3953,2026-03-12 13:30:00+00:00,2026-06-05 20:00:00+00:00,America/New_York,2026-06-07 10:15:34.030301+00:00,
TBI,TBI,success,4150,2026-03-12 13:30:00+00:00,2026-06-05 20:00:00+00:00,America/New_York,2026-06-07 10:15:40.469010+00:00,
TBLA,TBLA,success,4662,2026-03-12 13:30:00+00:00,2026-06-05 20:00:00+00:00,America/New_York,2026-06-07 10:14:21.314820+00:00,
TBN,TBN,success,3459,2026-03-12 13:30:00+00:00,2026-06-05 20:00:00+00:00,America/New_York,2026-06-07 10:14:22.882121+00:00,
TBPH,TBPH,success,4402,2026-03-12 13:30:00+00:00,2026-06-05 20:00:00+00:00,America/New_York,2026-06-07 10:14:41.462764+00:00,
TBRG,TBRG,success,3823,2026-03-12 13:30:00+00:00,2026-06-05 20:00:00+00:00,America/New_York,2026-06-07 10:15:12.924803+00:00,
TCBI,TCBI,success,4454,2026-03-12 13:30:00+00:00,2026-06-05 20:00:00+00:00,America/New_York,2026-06-07 10:13:19.472938+00:00,
TCBK,TCBK,success,2802,2026-03-12 13:30:00+00:00,2026-06-05 20:00:00+00:00,America/New_York,2026-06-07 10:14:09.030980+00:00,
TCBX,TCBX,success,2624,2026-03-12 13:30:00+00:00,2026-06-05 20:00:00+00:00,America/New_York,2026-06-07 10:14:50.062015+00:00,
TCI,TCI,success,308,2026-03-12 14:25:00+00:00,2026-06-05 20:00:00+00:00,America/New_York,2026-06-07 10:15:23.327268+00:00,
TCMD,TCMD,success,4103,2026-03-12 13:30:00+00:00,2026-06-05 20:00:00+00:00,America/New_York,2026-06-07 10:14:55.792477+00:00,
TCOM,TCOM,success,4681,2026-03-12 13:30:00+00:00,2026-06-05 20:00:00+00:00,America/New_York,2026-06-07 10:12:13.264523+00:00,
TCPC,TCPC,success,4585,2026-03-12 13:30:00+00:00,2026-06-05 20:00:00+00:00,America/New_York,2026-06-07 10:15:24.637115+00:00,
TCX,TCX,success,1235,2026-03-12 13:30:00+00:00,2026-06-05 20:00:00+00:00,America/New_York,2026-06-07 10:15:47.851438+00:00,
TD,TD,success,4681,2026-03-12 13:30:00+00:00,2026-06-05 20:00:00+00:00,America/New_York,2026-06-07 10:11:49.350788+00:00,
TDAY,TDAY,success,4675,2026-03-12 13:30:00+00:00,2026-06-05 20:00:00+00:00,America/New_York,2026-06-07 10:14:24.706426+00:00,
TDC,TDC,success,4681,2026-03-12 13:30:00+00:00,2026-06-05 20:00:00+00:00,America/New_York,2026-06-07 10:13:38.185485+00:00,
TDG,TDG,success,4681,2026-03-12 13:30:00+00:00,2026-06-05 20:00:00+00:00,America/New_York,2026-06-07 10:12:00.806162+00:00,
TDOC,TDOC,success,4681,2026-03-12 13:30:00+00:00,2026-06-05 20:00:00+00:00,America/New_York,2026-06-07 10:14:22.176752+00:00,
TDS,TDS,success,4634,2026-03-12 13:30:00+00:00,2026-06-05 20:00:00+00:00,America/New_York,2026-06-07 10:13:23.912497+00:00,
TDUP,TDUP,success,4680,2026-03-12 13:30:00+00:00,2026-06-05 20:00:00+00:00,America/New_York,2026-06-07 10:14:52.891494+00:00,
TDW,TDW,success,4652,2026-03-12 13:30:00+00:00,2026-06-05 20:00:00+00:00,America/New_York,2026-06-07 10:13:32.460200+00:00,
TDY,TDY,success,4650,2026-03-12 13:30:00+00:00,2026-06-05 20:00:00+00:00,America/New_York,2026-06-07 10:12:16.323946+00:00,
TE,TE,success,4681,2026-03-12 13:30:00+00:00,2026-06-05 20:00:00+00:00,America/New_York,2026-06-07 10:13:49.204154+00:00,
TEAM,TEAM,success,4681,2026-03-12 13:30:00+00:00,2026-06-05 20:00:00+00:00,America/New_York,2026-06-07 10:12:17.886833+00:00,
TECH,TECH,success,4680,2026-03-12 13:30:00+00:00,2026-06-05 20:00:00+00:00,America/New_York,2026-06-07 10:12:54.358531+00:00,
TECK,TECK,success,4681,2026-03-12 13:30:00+00:00,2026-06-05 20:00:00+00:00,America/New_York,2026-06-07 10:12:14.060675+00:00,
TECX,TECX,success,3619,2026-03-12 13:30:00+00:00,2026-06-05 20:00:00+00:00,America/New_York,2026-06-07 10:14:58.145051+00:00,
TEL,TEL,success,4681,2026-03-12 13:30:00+00:00,2026-06-05 20:00:00+00:00,America/New_York,2026-06-07 10:12:02.348305+00:00,
TEM,TEM,success,4681,2026-03-12 13:30:00+00:00,2026-06-05 20:00:00+00:00,America/New_York,2026-06-07 10:12:53.489743+00:00,
TEN,TEN,success,4531,2026-03-12 13:30:00+00:00,2026-06-05 20:00:00+00:00,America/New_York,2026-06-07 10:14:28.836398+00:00,
TENB,TENB,success,4681,2026-03-12 13:30:00+00:00,2026-06-05 20:00:00+00:00,America/New_York,2026-06-07 10:13:40.372506+00:00,
TENX,TENX,success,4320,2026-03-12 13:30:00+00:00,2026-06-05 20:00:00+00:00,America/New_York,2026-06-07 10:15:28.292304+00:00,
TEO,TEO,success,4279,2026-03-12 13:30:00+00:00,2026-06-05 20:00:00+00:00,America/New_York,2026-06-07 10:13:08.546110+00:00,
TER,TER,success,4681,2026-03-12 13:30:00+00:00,2026-06-05 20:00:00+00:00,America/New_York,2026-06-07 10:12:03.413991+00:00,
TEVA,TEVA,success,4681,2026-03-12 13:30:00+00:00,2026-06-05 20:00:00+00:00,America/New_York,2026-06-07 10:12:09.615123+00:00,
TEX,TEX,success,4677,2026-03-12 13:30:00+00:00,2026-06-05 20:00:00+00:00,America/New_York,2026-06-07 10:13:00.543779+00:00,
TFC,TFC,success,4681,2026-03-12 13:30:00+00:00,2026-06-05 20:00:00+00:00,America/New_York,2026-06-07 10:12:02.189795+00:00,
TFII,TFII,success,4461,2026-03-12 13:30:00+00:00,2026-06-05 20:00:00+00:00,America/New_York,2026-06-07 10:12:35.636049+00:00,
TFIN,TFIN,success,4072,2026-03-12 13:30:00+00:00,2026-06-05 20:00:00+00:00,America/New_York,2026-06-07 10:14:06.893194+00:00,
TFPM,TFPM,success,4671,2026-03-12 13:30:00+00:00,2026-06-05 20:00:00+00:00,America/New_York,2026-06-07 10:13:08.275338+00:00,
TFSL,TFSL,success,4623,2026-03-12 13:30:00+00:00,2026-06-05 20:00:00+00:00,America/New_York,2026-06-07 10:13:19.738734+00:00,
TFX,TFX,success,4631,2026-03-12 13:30:00+00:00,2026-06-05 20:00:00+00:00,America/New_York,2026-06-07 10:13:09.170018+00:00,
TG,TG,success,3560,2026-03-12 13:30:00+00:00,2026-06-05 20:00:00+00:00,America/New_York,2026-06-07 10:15:30.141469+00:00,
TGB,TGB,success,4681,2026-03-12 13:30:00+00:00,2026-06-05 20:00:00+00:00,America/New_York,2026-06-07 10:13:51.473369+00:00,
TGEN,TGEN,success,4442,2026-03-12 13:30:00+00:00,2026-06-05 20:00:00+00:00,America/New_York,2026-06-07 10:15:45.838935+00:00,
TGLS,TGLS,success,4388,2026-03-12 13:30:00+00:00,2026-06-05 20:00:00+00:00,America/New_York,2026-06-07 10:14:02.196320+00:00,
TGS,TGS,success,4369,2026-03-12 13:30:00+00:00,2026-06-05 20:00:00+00:00,America/New_York,2026-06-07 10:13:17.506232+00:00,
TGT,TGT,success,4681,2026-03-12 13:30:00+00:00,2026-06-05 20:00:00+00:00,America/New_York,2026-06-07 10:12:04.113689+00:00,
TGTX,TGTX,success,4681,2026-03-12 13:30:00+00:00,2026-06-05 20:00:00+00:00,America/New_York,2026-06-07 10:13:04.548362+00:00,
TH,TH,success,4587,2026-03-12 13:30:00+00:00,2026-06-05 20:00:00+00:00,America/New_York,2026-06-07 10:14:09.581595+00:00,
THC,THC,success,4668,2026-03-12 13:30:00+00:00,2026-06-05 20:00:00+00:00,America/New_York,2026-06-07 10:12:33.139390+00:00,
THFF,THFF,success,2275,2026-03-12 13:30:00+00:00,2026-06-05 20:00:00+00:00,America/New_York,2026-06-07 10:14:39.630528+00:00,
THG,THG,success,4285,2026-03-12 13:30:00+00:00,2026-06-05 20:00:00+00:00,America/New_York,2026-06-07 10:13:00.098187+00:00,
THO,THO,success,4637,2026-03-12 13:30:00+00:00,2026-06-05 20:00:00+00:00,America/New_York,2026-06-07 10:13:26.101394+00:00,
THRM,THRM,success,3923,2026-03-12 13:30:00+00:00,2026-06-05 20:00:00+00:00,America/New_York,2026-06-07 10:14:28.110350+00:00,
THRY,THRY,success,4569,2026-03-12 13:30:00+00:00,2026-06-05 20:00:00+00:00,America/New_York,2026-06-07 10:15:46.491895+00:00,
TIC,TIC,success,4679,2026-03-12 13:30:00+00:00,2026-06-05 20:00:00+00:00,America/New_York,2026-06-07 10:14:03.621561+00:00,
TIGO,TIGO,success,4678,2026-03-12 13:30:00+00:00,2026-06-05 20:00:00+00:00,America/New_York,2026-06-07 10:12:34.492136+00:00,
TIGR,TIGR,success,4675,2026-03-12 13:30:00+00:00,2026-06-05 20:00:00+00:00,America/New_York,2026-06-07 10:14:39.788763+00:00,
TIL,TIL,success,1179,2026-03-12 13:30:00+00:00,2026-06-05 20:00:00+00:00,America/New_York,2026-06-07 10:16:04.106798+00:00,
TILE,TILE,success,4549,2026-03-12 13:30:00+00:00,2026-06-05 20:00:00+00:00,America/New_York,2026-06-07 10:14:05.719215+00:00,
TIMB,TIMB,success,4597,2026-03-12 13:30:00+00:00,2026-06-05 20:00:00+00:00,America/New_York,2026-06-07 10:12:44.713333+00:00,
TIPT,TIPT,success,4009,2026-03-12 13:30:00+00:00,2026-06-05 20:00:00+00:00,America/New_York,2026-06-07 10:14:49.114319+00:00,
TISI,TISI,success,678,2026-03-12 13:30:00+00:00,2026-06-05 20:00:00+00:00,America/New_York,2026-06-07 10:15:58.784480+00:00,
TITN,TITN,success,3483,2026-03-12 13:30:00+00:00,2026-06-05 20:00:00+00:00,America/New_York,2026-06-07 10:14:58.287826+00:00,
TJX,TJX,success,4681,2026-03-12 13:30:00+00:00,2026-06-05 20:00:00+00:00,America/New_York,2026-06-07 10:11:49.701311+00:00,
TK,TK,success,4571,2026-03-12 13:30:00+00:00,2026-06-05 20:00:00+00:00,America/New_York,2026-06-07 10:14:32.582071+00:00,
TKC,TKC,success,4633,2026-03-12 13:30:00+00:00,2026-06-05 20:00:00+00:00,America/New_York,2026-06-07 10:13:14.882488+00:00,
TKNO,TKNO,success,3088,2026-03-12 13:30:00+00:00,2026-06-05 20:00:00+00:00,America/New_York,2026-06-07 10:15:33.573349+00:00,
TKO,TKO,success,4673,2026-03-12 13:30:00+00:00,2026-06-05 20:00:00+00:00,America/New_York,2026-06-07 10:12:09.142666+00:00,
TKR,TKR,success,4666,2026-03-12 13:30:00+00:00,2026-06-05 20:00:00+00:00,America/New_York,2026-06-07 10:12:49.164572+00:00,
TLK,TLK,success,4666,2026-03-12 13:30:00+00:00,2026-06-05 20:00:00+00:00,America/New_York,2026-06-07 10:12:29.843793+00:00,
TLN,TLN,success,4675,2026-03-12 13:30:00+00:00,2026-06-05 20:00:00+00:00,America/New_York,2026-06-07 10:12:28.801039+00:00,
TLRY,TLRY,success,4680,2026-03-12 13:30:00+00:00,2026-06-05 20:00:00+00:00,America/New_York,2026-06-07 10:14:55.132587+00:00,
TLS,TLS,success,4573,2026-03-12 13:30:00+00:00,2026-06-05 20:00:00+00:00,America/New_York,2026-06-07 10:15:25.203372+00:00,
TLSI,TLSI,success,3374,2026-03-12 13:30:00+00:00,2026-06-05 20:00:00+00:00,America/New_York,2026-06-07 10:15:42.007703+00:00,
TLX,TLX,success,3369,2026-03-12 13:30:00+00:00,2026-06-05 20:00:00+00:00,America/New_York,2026-06-07 10:13:39.066687+00:00,
TLYS,TLYS,success,4027,2026-03-12 13:30:00+00:00,2026-06-05 20:00:00+00:00,America/New_York,2026-06-07 10:15:47.157605+00:00,
TM,TM,success,4548,2026-03-12 13:30:00+00:00,2026-06-05 20:00:00+00:00,America/New_York,2026-06-07 10:11:48.814083+00:00,
TMC,TMC,success,4681,2026-03-12 13:30:00+00:00,2026-06-05 20:00:00+00:00,America/New_York,2026-06-07 10:13:57.826618+00:00,
TMCI,TMCI,success,4398,2026-03-12 13:30:00+00:00,2026-06-05 20:00:00+00:00,America/New_York,2026-06-07 10:15:36.859737+00:00,
TMCR,TMCR,success,1385,2026-04-08 14:15:00+00:00,2026-06-05 20:00:00+00:00,America/New_York,2026-06-07 10:14:50.954073+00:00,
TMDX,TMDX,success,4666,2026-03-12 13:30:00+00:00,2026-06-05 20:00:00+00:00,America/New_York,2026-06-07 10:13:52.760080+00:00,
TME,TME,success,4681,2026-03-12 13:30:00+00:00,2026-06-05 20:00:00+00:00,America/New_York,2026-06-07 10:12:37.450786+00:00,
TMHC,TMHC,success,4676,2026-03-12 13:30:00+00:00,2026-06-05 20:00:00+00:00,America/New_York,2026-06-07 10:13:01.923688+00:00,
TMO,TMO,success,4681,2026-03-12 13:30:00+00:00,2026-06-05 20:00:00+00:00,America/New_York,2026-06-07 10:11:49.821725+00:00,
TMP,TMP,success,2174,2026-03-12 13:30:00+00:00,2026-06-05 20:00:00+00:00,America/New_York,2026-06-07 10:14:22.094251+00:00,
TMQ,TMQ,success,4681,2026-03-12 13:30:00+00:00,2026-06-05 20:00:00+00:00,America/New_York,2026-06-07 10:14:48.627569+00:00,
TMUS,TMUS,success,4681,2026-03-12 13:30:00+00:00,2026-06-05 20:00:00+00:00,America/New_York,2026-06-07 10:11:48.960978+00:00,
TNC,TNC,success,3796,2026-03-12 13:30:00+00:00,2026-06-05 20:00:00+00:00,America/New_York,2026-06-07 10:14:12.869805+00:00,
TNDM,TNDM,success,4677,2026-03-12 13:30:00+00:00,2026-06-05 20:00:00+00:00,America/New_York,2026-06-07 10:14:19.910294+00:00,
TNET,TNET,success,4497,2026-03-12 13:30:00+00:00,2026-06-05 20:00:00+00:00,America/New_York,2026-06-07 10:13:57.342651+00:00,
TNGX,TNGX,success,4679,2026-03-12 13:30:00+00:00,2026-06-05 20:00:00+00:00,America/New_York,2026-06-07 10:13:43.528282+00:00,
TNK,TNK,success,4576,2026-03-12 13:30:00+00:00,2026-06-05 20:00:00+00:00,America/New_York,2026-06-07 10:13:49.881569+00:00,
TNL,TNL,success,4644,2026-03-12 13:30:00+00:00,2026-06-05 20:00:00+00:00,America/New_York,2026-06-07 10:13:19.126505+00:00,
TNXP,TNXP,success,4567,2026-03-12 13:30:00+00:00,2026-06-05 20:00:00+00:00,America/New_York,2026-06-07 10:15:44.063341+00:00,
TOI,TOI,success,4662,2026-03-12 13:30:00+00:00,2026-06-05 20:00:00+00:00,America/New_York,2026-06-07 10:15:03.087477+00:00,
TOL,TOL,success,4676,2026-03-12 13:30:00+00:00,2026-06-05 20:00:00+00:00,America/New_York,2026-06-07 10:12:35.852781+00:00,
TONX,TONX,success,4086,2026-03-12 13:30:00+00:00,2026-06-05 20:00:00+00:00,America/New_York,2026-06-07 10:15:44.184697+00:00,
TORO,TORO,success,2147,2026-03-12 13:30:00+00:00,2026-06-05 20:00:00+00:00,America/New_York,2026-06-07 10:15:48.577415+00:00,
TOST,TOST,success,4681,2026-03-12 13:30:00+00:00,2026-06-05 20:00:00+00:00,America/New_York,2026-06-07 10:12:33.478260+00:00,
TOUR,TOUR,success,1237,2026-03-12 14:00:00+00:00,2026-06-05 20:00:00+00:00,America/New_York,2026-06-07 10:16:04.996568+00:00,
TOWN,TOWN,success,4497,2026-03-12 13:30:00+00:00,2026-06-05 20:00:00+00:00,America/New_York,2026-06-07 10:13:38.811916+00:00,
TOYO,TOYO,success,3571,2026-03-12 13:30:00+00:00,2026-06-05 20:00:00+00:00,America/New_York,2026-06-07 10:14:56.284362+00:00,
TPB,TPB,success,4408,2026-03-12 13:30:00+00:00,2026-06-05 20:00:00+00:00,America/New_York,2026-06-07 10:14:08.639752+00:00,
TPC,TPC,success,4543,2026-03-12 13:30:00+00:00,2026-06-05 20:00:00+00:00,America/New_York,2026-06-07 10:13:30.694443+00:00,
TPG,TPG,success,4681,2026-03-12 13:30:00+00:00,2026-06-05 20:00:00+00:00,America/New_York,2026-06-07 10:12:31.362348+00:00,
TPL,TPL,success,4671,2026-03-12 13:30:00+00:00,2026-06-05 20:00:00+00:00,America/New_York,2026-06-07 10:12:17.071006+00:00,
TPR,TPR,success,4681,2026-03-12 13:30:00+00:00,2026-06-05 20:00:00+00:00,America/New_York,2026-06-07 10:12:15.783586+00:00,
TPVG,TPVG,success,4396,2026-03-12 13:30:00+00:00,2026-06-05 20:00:00+00:00,America/New_York,2026-06-07 10:15:37.747298+00:00,
TR,TR,success,3390,2026-03-12 13:30:00+00:00,2026-06-05 20:00:00+00:00,America/New_York,2026-06-07 10:13:43.724392+00:00,
TRAD,TRAD,success,308,2026-04-20 13:35:00+00:00,2026-06-05 13:45:00+00:00,America/New_York,2026-06-07 10:15:48.499018+00:00,
TRAK,TRAK,success,3442,2026-03-12 13:30:00+00:00,2026-06-05 20:00:00+00:00,America/New_York,2026-06-07 10:15:42.861242+00:00,
TRC,TRC,success,2892,2026-03-12 13:30:00+00:00,2026-06-05 20:00:00+00:00,America/New_York,2026-06-07 10:15:00.461838+00:00,
TRDA,TRDA,success,3745,2026-03-12 13:30:00+00:00,2026-06-05 20:00:00+00:00,America/New_York,2026-06-07 10:15:34.080879+00:00,
TREE,TREE,success,4030,2026-03-12 13:30:00+00:00,2026-06-05 20:00:00+00:00,America/New_York,2026-06-07 10:15:02.489658+00:00,
TREX,TREX,success,4681,2026-03-12 13:30:00+00:00,2026-06-05 20:00:00+00:00,America/New_York,2026-06-07 10:13:23.736583+00:00,
TRGP,TRGP,success,4679,2026-03-12 13:30:00+00:00,2026-06-05 20:00:00+00:00,America/New_York,2026-06-07 10:12:03.555454+00:00,
TRI,TRI,success,4678,2026-03-12 13:30:00+00:00,2026-06-05 20:00:00+00:00,America/New_York,2026-06-07 10:12:10.098722+00:00,
TRIN,TRIN,success,4674,2026-03-12 13:30:00+00:00,2026-06-05 20:00:00+00:00,America/New_York,2026-06-07 10:14:12.412530+00:00,
TRIP,TRIP,success,4681,2026-03-12 13:30:00+00:00,2026-06-05 20:00:00+00:00,America/New_York,2026-06-07 10:14:17.137239+00:00,
TRMB,TRMB,success,4680,2026-03-12 13:30:00+00:00,2026-06-05 20:00:00+00:00,America/New_York,2026-06-07 10:12:36.876768+00:00,
TRMD,TRMD,success,4670,2026-03-12 13:30:00+00:00,2026-06-05 20:00:00+00:00,America/New_York,2026-06-07 10:13:44.194115+00:00,
TRMK,TRMK,success,4337,2026-03-12 13:30:00+00:00,2026-06-05 20:00:00+00:00,America/New_York,2026-06-07 10:13:47.527566+00:00,
TRN,TRN,success,4591,2026-03-12 13:30:00+00:00,2026-06-05 20:00:00+00:00,America/New_York,2026-06-07 10:13:47.977663+00:00,
TRNO,TRNO,success,4606,2026-03-12 13:30:00+00:00,2026-06-05 20:00:00+00:00,America/New_York,2026-06-07 10:13:00.682339+00:00,
TRNS,TRNS,success,2828,2026-03-12 13:30:00+00:00,2026-06-05 20:00:00+00:00,America/New_York,2026-06-07 10:14:41.561417+00:00,
TROW,TROW,success,4681,2026-03-12 13:30:00+00:00,2026-06-05 20:00:00+00:00,America/New_York,2026-06-07 10:12:20.397027+00:00,
TROX,TROX,success,4681,2026-03-12 13:30:00+00:00,2026-06-05 20:00:00+00:00,America/New_York,2026-06-07 10:14:25.712512+00:00,
TRP,TRP,success,4681,2026-03-12 13:30:00+00:00,2026-06-05 20:00:00+00:00,America/New_York,2026-06-07 10:12:00.294920+00:00,
TRS,TRS,success,4386,2026-03-12 13:30:00+00:00,2026-06-05 20:00:00+00:00,America/New_York,2026-06-07 10:14:13.954004+00:00,
TRST,TRST,success,2774,2026-03-12 13:30:00+00:00,2026-06-05 20:00:00+00:00,America/New_York,2026-06-07 10:14:35.647368+00:00,
TRT,TRT,success,3521,2026-03-12 13:30:00+00:00,2026-06-05 20:00:00+00:00,America/New_York,2026-06-07 10:15:54.737445+00:00,
TRTX,TRTX,success,4595,2026-03-12 13:30:00+00:00,2026-06-05 20:00:00+00:00,America/New_York,2026-06-07 10:14:48.842960+00:00,
TRU,TRU,success,4681,2026-03-12 13:30:00+00:00,2026-06-05 20:00:00+00:00,America/New_York,2026-06-07 10:12:34.857735+00:00,
TRUP,TRUP,success,4385,2026-03-12 13:30:00+00:00,2026-06-05 20:00:00+00:00,America/New_York,2026-06-07 10:14:34.525231+00:00,
TRV,TRV,success,4681,2026-03-12 13:30:00+00:00,2026-06-05 20:00:00+00:00,America/New_York,2026-06-07 10:12:01.849942+00:00,
TRVG,TRVG,success,1401,2026-03-12 13:30:00+00:00,2026-06-05 20:00:00+00:00,America/New_York,2026-06-07 10:13:57.284526+00:00,
TRVI,TRVI,success,4666,2026-03-12 13:30:00+00:00,2026-06-05 20:00:00+00:00,America/New_York,2026-06-07 10:14:02.251074+00:00,
TS,TS,success,4681,2026-03-12 13:30:00+00:00,2026-06-05 20:00:00+00:00,America/New_York,2026-06-07 10:12:12.430017+00:00,
TSAT,TSAT,success,3967,2026-03-12 13:35:00+00:00,2026-06-05 20:00:00+00:00,America/New_York,2026-06-07 10:14:48.551543+00:00,
TSBK,TSBK,success,1414,2026-03-12 13:30:00+00:00,2026-06-05 20:00:00+00:00,America/New_York,2026-06-07 10:15:21.306398+00:00,
TSCO,TSCO,success,4681,2026-03-12 13:30:00+00:00,2026-06-05 20:00:00+00:00,America/New_York,2026-06-07 10:12:30.546155+00:00,
TSEM,TSEM,success,4681,2026-03-12 13:30:00+00:00,2026-06-05 20:00:00+00:00,America/New_York,2026-06-07 10:12:17.806726+00:00,
TSHA,TSHA,success,4679,2026-03-12 13:30:00+00:00,2026-06-05 20:00:00+00:00,America/New_York,2026-06-07 10:14:10.521059+00:00,
TSLA,TSLA,success,4681,2026-03-12 13:30:00+00:00,2026-06-05 20:00:00+00:00,America/New_York,2026-06-07 10:11:44.986293+00:00,
TSLX,TSLX,success,4658,2026-03-12 13:30:00+00:00,2026-06-05 20:00:00+00:00,America/New_York,2026-06-07 10:14:08.912902+00:00,
TSM,TSM,success,4681,2026-03-12 13:30:00+00:00,2026-06-05 20:00:00+00:00,America/New_York,2026-06-07 10:11:44.427853+00:00,
TSN,TSN,success,4681,2026-03-12 13:30:00+00:00,2026-06-05 20:00:00+00:00,America/New_York,2026-06-07 10:12:24.087521+00:00,
TSQ,TSQ,success,3032,2026-03-12 13:30:00+00:00,2026-06-05 20:00:00+00:00,America/New_York,2026-06-07 10:15:53.752089+00:00,
TSSI,TSSI,success,4678,2026-03-12 13:30:00+00:00,2026-06-05 20:00:00+00:00,America/New_York,2026-06-07 10:15:14.579954+00:00,
TT,TT,success,4681,2026-03-12 13:30:00+00:00,2026-06-05 20:00:00+00:00,America/New_York,2026-06-07 10:11:55.050620+00:00,
TTAM,TTAM,success,3962,2026-03-12 13:30:00+00:00,2026-06-05 20:00:00+00:00,America/New_York,2026-06-07 10:13:43.588399+00:00,
TTAN,TTAN,success,4676,2026-03-12 13:30:00+00:00,2026-06-05 20:00:00+00:00,America/New_York,2026-06-07 10:12:58.787793+00:00,
TTC,TTC,success,4646,2026-03-12 13:30:00+00:00,2026-06-05 20:00:00+00:00,America/New_York,2026-06-07 10:12:52.432370+00:00,
TTD,TTD,success,4681,2026-03-12 13:30:00+00:00,2026-06-05 20:00:00+00:00,America/New_York,2026-06-07 10:12:46.742991+00:00,
TTE,TTE,success,4681,2026-03-12 13:30:00+00:00,2026-06-05 20:00:00+00:00,America/New_York,2026-06-07 10:11:48.907402+00:00,
TTEK,TTEK,success,4680,2026-03-12 13:30:00+00:00,2026-06-05 20:00:00+00:00,America/New_York,2026-06-07 10:12:57.516297+00:00,
TTGT,TTGT,success,4370,2026-03-12 13:30:00+00:00,2026-06-05 20:00:00+00:00,America/New_York,2026-06-07 10:15:28.805716+00:00,
TTI,TTI,success,4677,2026-03-12 13:30:00+00:00,2026-06-05 20:00:00+00:00,America/New_York,2026-06-07 10:14:22.544611+00:00,
TTMI,TTMI,success,4681,2026-03-12 13:30:00+00:00,2026-06-05 20:00:00+00:00,America/New_York,2026-06-07 10:12:28.306406+00:00,
TTRX,TTRX,success,1056,2026-03-12 13:30:00+00:00,2026-06-05 20:00:00+00:00,America/New_York,2026-06-07 10:15:47.209194+00:00,
TTWO,TTWO,success,4679,2026-03-12 13:30:00+00:00,2026-06-05 20:00:00+00:00,America/New_York,2026-06-07 10:12:08.805701+00:00,
TU,TU,success,4681,2026-03-12 13:30:00+00:00,2026-06-05 20:00:00+00:00,America/New_York,2026-06-07 10:12:26.026691+00:00,
TUSK,TUSK,success,3690,2026-03-12 13:30:00+00:00,2026-06-05 20:00:00+00:00,America/New_York,2026-06-07 10:15:46.665416+00:00,
TVA,TVA,success,756,2026-03-12 13:30:00+00:00,2026-06-05 20:00:00+00:00,America/New_York,2026-06-07 10:15:24.041595+00:00,
TVTX,TVTX,success,4674,2026-03-12 13:30:00+00:00,2026-06-05 20:00:00+00:00,America/New_York,2026-06-07 10:13:25.151618+00:00,
TW,TW,success,4674,2026-03-12 13:30:00+00:00,2026-06-05 20:00:00+00:00,America/New_York,2026-06-07 10:12:19.364103+00:00,
TWFG,TWFG,success,3817,2026-03-12 13:30:00+00:00,2026-06-05 20:00:00+00:00,America/New_York,2026-06-07 10:14:27.983719+00:00,
TWI,TWI,success,4597,2026-03-12 13:30:00+00:00,2026-06-05 20:00:00+00:00,America/New_York,2026-06-07 10:15:04.481668+00:00,
TWIN,TWIN,success,2170,2026-03-12 13:30:00+00:00,2026-06-05 20:00:00+00:00,America/New_York,2026-06-07 10:15:28.077375+00:00,
TWLO,TWLO,success,4681,2026-03-12 13:30:00+00:00,2026-06-05 20:00:00+00:00,America/New_York,2026-06-07 10:12:11.802646+00:00,
TWO,TWO,success,4675,2026-03-12 13:30:00+00:00,2026-06-05 20:00:00+00:00,America/New_York,2026-06-07 10:14:20.852696+00:00,
TWST,TWST,success,4671,2026-03-12 13:30:00+00:00,2026-06-05 20:00:00+00:00,America/New_York,2026-06-07 10:13:23.760653+00:00,
TX,TX,success,4136,2026-03-12 13:30:00+00:00,2026-06-05 20:00:00+00:00,America/New_York,2026-06-07 10:12:48.350246+00:00,
TXG,TXG,success,4681,2026-03-12 13:30:00+00:00,2026-06-05 20:00:00+00:00,America/New_York,2026-06-07 10:13:28.345096+00:00,
TXN,TXN,success,4681,2026-03-12 13:30:00+00:00,2026-06-05 20:00:00+00:00,America/New_York,2026-06-07 10:11:47.750797+00:00,
TXNM,TXNM,success,4656,2026-03-12 13:30:00+00:00,2026-06-05 20:00:00+00:00,America/New_York,2026-06-07 10:13:02.982880+00:00,
TXRH,TXRH,success,4644,2026-03-12 13:30:00+00:00,2026-06-05 20:00:00+00:00,America/New_York,2026-06-07 10:12:41.545629+00:00,
TXT,TXT,success,4678,2026-03-12 13:30:00+00:00,2026-06-05 20:00:00+00:00,America/New_York,2026-06-07 10:12:30.276999+00:00,
TYGO,TYGO,success,4518,2026-03-12 13:30:00+00:00,2026-06-05 20:00:00+00:00,America/New_York,2026-06-07 10:15:32.679891+00:00,
TYL,TYL,success,4677,2026-03-12 13:30:00+00:00,2026-06-05 20:00:00+00:00,America/New_York,2026-06-07 10:12:35.547406+00:00,
TYRA,TYRA,success,4602,2026-03-12 13:30:00+00:00,2026-06-05 20:00:00+00:00,America/New_York,2026-06-07 10:14:10.170024+00:00,
TZOO,TZOO,success,3032,2026-03-12 13:30:00+00:00,2026-06-05 20:00:00+00:00,America/New_York,2026-06-07 10:15:55.090262+00:00,
U,U,success,4681,2026-03-12 13:30:00+00:00,2026-06-05 20:00:00+00:00,America/New_York,2026-06-07 10:12:37.804655+00:00,
UAA,UAA,success,4681,2026-03-12 13:30:00+00:00,2026-06-05 20:00:00+00:00,America/New_York,2026-06-07 10:13:53.491703+00:00,
UAL,UAL,success,4681,2026-03-12 13:30:00+00:00,2026-06-05 20:00:00+00:00,America/New_York,2026-06-07 10:12:11.972315+00:00,
UAMY,UAMY,success,4681,2026-03-12 13:30:00+00:00,2026-06-05 20:00:00+00:00,America/New_York,2026-06-07 10:14:28.282971+00:00,
UBCP,UBCP,success,329,2026-03-12 14:20:00+00:00,2026-06-05 20:00:00+00:00,America/New_York,2026-06-07 10:15:56.430939+00:00,
UBER,UBER,success,4681,2026-03-12 13:30:00+00:00,2026-06-05 20:00:00+00:00,America/New_York,2026-06-07 10:11:51.387811+00:00,
UBS,UBS,success,4681,2026-03-12 13:30:00+00:00,2026-06-05 20:00:00+00:00,America/New_York,2026-06-07 10:11:51.496465+00:00,
UBSI,UBSI,success,4666,2026-03-12 13:30:00+00:00,2026-06-05 20:00:00+00:00,America/New_York,2026-06-07 10:13:06.169961+00:00,
UCB,UCB,success,4675,2026-03-12 13:30:00+00:00,2026-06-05 20:00:00+00:00,America/New_York,2026-06-07 10:13:26.425600+00:00,
UCTT,UCTT,success,4652,2026-03-12 13:30:00+00:00,2026-06-05 20:00:00+00:00,America/New_York,2026-06-07 10:13:30.371374+00:00,
UDR,UDR,success,4681,2026-03-12 13:30:00+00:00,2026-06-05 20:00:00+00:00,America/New_York,2026-06-07 10:12:23.616378+00:00,
UE,UE,success,4659,2026-03-12 13:30:00+00:00,2026-06-05 20:00:00+00:00,America/New_York,2026-06-07 10:13:41.589607+00:00,
UEC,UEC,success,4681,2026-03-12 13:30:00+00:00,2026-06-05 20:00:00+00:00,America/New_York,2026-06-07 10:13:06.534356+00:00,
UFCS,UFCS,success,2925,2026-03-12 13:30:00+00:00,2026-06-05 20:00:00+00:00,America/New_York,2026-06-07 10:14:26.671386+00:00,
UFI,UFI,success,1549,2026-03-12 13:30:00+00:00,2026-06-05 20:00:00+00:00,America/New_York,2026-06-07 10:16:00.129525+00:00,
UFPI,UFPI,success,4389,2026-03-12 13:30:00+00:00,2026-06-05 20:00:00+00:00,America/New_York,2026-06-07 10:13:18.902903+00:00,
UFPT,UFPT,success,3030,2026-03-12 13:30:00+00:00,2026-06-05 20:00:00+00:00,America/New_York,2026-06-07 10:14:06.588977+00:00,
UGI,UGI,success,4680,2026-03-12 13:30:00+00:00,2026-06-05 20:00:00+00:00,America/New_York,2026-06-07 10:12:56.713542+00:00,
UGP,UGP,success,4675,2026-03-12 13:30:00+00:00,2026-06-05 20:00:00+00:00,America/New_York,2026-06-07 10:13:13.274794+00:00,
UHAL,UHAL,success,4142,2026-03-12 13:30:00+00:00,2026-06-05 20:00:00+00:00,America/New_York,2026-06-07 10:12:43.933073+00:00,
UHS,UHS,success,4641,2026-03-12 13:30:00+00:00,2026-06-05 20:00:00+00:00,America/New_York,2026-06-07 10:12:49.963529+00:00,
UHT,UHT,success,2586,2026-03-12 13:30:00+00:00,2026-06-05 20:00:00+00:00,America/New_York,2026-06-07 10:14:55.112541+00:00,
UI,UI,success,4117,2026-03-12 13:30:00+00:00,2026-06-05 20:00:00+00:00,America/New_York,2026-06-07 10:12:11.704898+00:00,
UIS,UIS,success,4608,2026-03-12 13:30:00+00:00,2026-06-05 20:00:00+00:00,America/New_York,2026-06-07 10:15:26.664605+00:00,
UL,UL,success,4681,2026-03-12 13:30:00+00:00,2026-06-05 20:00:00+00:00,America/New_York,2026-06-07 10:11:52.639721+00:00,
ULBI,ULBI,success,1653,2026-03-12 13:30:00+00:00,2026-06-05 20:00:00+00:00,America/New_York,2026-06-07 10:15:53.848279+00:00,
ULCC,ULCC,success,4681,2026-03-12 13:30:00+00:00,2026-06-05 20:00:00+00:00,America/New_York,2026-06-07 10:14:18.127328+00:00,
ULH,ULH,success,2332,2026-03-12 13:50:00+00:00,2026-06-05 20:00:00+00:00,America/New_York,2026-06-07 10:15:05.489874+00:00,
ULS,ULS,success,4652,2026-03-12 13:30:00+00:00,2026-06-05 20:00:00+00:00,America/New_York,2026-06-07 10:12:25.106440+00:00,
ULTA,ULTA,success,4680,2026-03-12 13:30:00+00:00,2026-06-05 20:00:00+00:00,America/New_York,2026-06-07 10:12:23.750767+00:00,
UMAC,UMAC,success,4681,2026-03-12 13:30:00+00:00,2026-06-05 20:00:00+00:00,America/New_York,2026-06-07 10:14:21.344412+00:00,
UMBF,UMBF,success,4592,2026-03-12 13:30:00+00:00,2026-06-05 20:00:00+00:00,America/New_York,2026-06-07 10:12:46.592938+00:00,
UMC,UMC,success,4681,2026-03-12 13:30:00+00:00,2026-06-05 20:00:00+00:00,America/New_York,2026-06-07 10:12:04.732411+00:00,
UMH,UMH,success,4636,2026-03-12 13:30:00+00:00,2026-06-05 20:00:00+00:00,America/New_York,2026-06-07 10:14:20.659847+00:00,
UNB,UNB,success,369,2026-03-12 13:50:00+00:00,2026-06-05 20:00:00+00:00,America/New_York,2026-06-07 10:15:54.617462+00:00,
UNCY,UNCY,success,4455,2026-03-12 13:30:00+00:00,2026-06-05 20:00:00+00:00,America/New_York,2026-06-07 10:15:42.571188+00:00,
UNF,UNF,success,4233,2026-03-12 13:30:00+00:00,2026-06-05 20:00:00+00:00,America/New_York,2026-06-07 10:13:18.358652+00:00,
UNFI,UNFI,success,4621,2026-03-12 13:30:00+00:00,2026-06-05 20:00:00+00:00,America/New_York,2026-06-07 10:13:35.106966+00:00,
UNH,UNH,success,4681,2026-03-12 13:30:00+00:00,2026-06-05 20:00:00+00:00,America/New_York,2026-06-07 10:11:46.253154+00:00,
UNIT,UNIT,success,4679,2026-03-12 13:30:00+00:00,2026-06-05 20:00:00+00:00,America/New_York,2026-06-07 10:13:45.094625+00:00,
UNM,UNM,success,4677,2026-03-12 13:30:00+00:00,2026-06-05 20:00:00+00:00,America/New_York,2026-06-07 10:12:34.390953+00:00,
UNP,UNP,success,4681,2026-03-12 13:30:00+00:00,2026-06-05 20:00:00+00:00,America/New_York,2026-06-07 10:11:50.424400+00:00,
UNTY,UNTY,success,1475,2026-03-12 13:30:00+00:00,2026-06-05 20:00:00+00:00,America/New_York,2026-06-07 10:14:56.724037+00:00,
UP,UP,success,4342,2026-03-12 13:30:00+00:00,2026-06-05 20:00:00+00:00,America/New_York,2026-06-07 10:15:32.034912+00:00,
UPB,UPB,success,4537,2026-03-12 13:30:00+00:00,2026-06-05 20:00:00+00:00,America/New_York,2026-06-07 10:15:14.465651+00:00,
UPBD,UPBD,success,4671,2026-03-12 13:30:00+00:00,2026-06-05 20:00:00+00:00,America/New_York,2026-06-07 10:14:29.519862+00:00,
UPS,UPS,success,4681,2026-03-12 13:30:00+00:00,2026-06-05 20:00:00+00:00,America/New_York,2026-06-07 10:11:56.117957+00:00,
UPST,UPST,success,4681,2026-03-12 13:30:00+00:00,2026-06-05 20:00:00+00:00,America/New_York,2026-06-07 10:13:43.241673+00:00,
UPWK,UPWK,success,4681,2026-03-12 13:30:00+00:00,2026-06-05 20:00:00+00:00,America/New_York,2026-06-07 10:14:29.069160+00:00,
URBN,URBN,success,4674,2026-03-12 13:30:00+00:00,2026-06-05 20:00:00+00:00,America/New_York,2026-06-07 10:13:06.363606+00:00,
URGN,URGN,success,4561,2026-03-12 13:30:00+00:00,2026-06-05 20:00:00+00:00,America/New_York,2026-06-07 10:14:19.793813+00:00,
URI,URI,success,4681,2026-03-12 13:30:00+00:00,2026-06-05 20:00:00+00:00,America/New_York,2026-06-07 10:12:01.238635+00:00,
UROY,UROY,success,4675,2026-03-12 13:30:00+00:00,2026-06-05 20:00:00+00:00,America/New_York,2026-06-07 10:15:03.889163+00:00,
USAR,USAR,success,4681,2026-03-12 13:30:00+00:00,2026-06-05 20:00:00+00:00,America/New_York,2026-06-07 10:13:16.598693+00:00,
USAS,USAS,success,4681,2026-03-12 13:30:00+00:00,2026-06-05 20:00:00+00:00,America/New_York,2026-06-07 10:14:09.934523+00:00,
USAU,USAU,success,4214,2026-03-12 13:30:00+00:00,2026-06-05 20:00:00+00:00,America/New_York,2026-06-07 10:15:36.593426+00:00,
USB,USB,success,4681,2026-03-12 13:30:00+00:00,2026-06-05 20:00:00+00:00,America/New_York,2026-06-07 10:11:56.876324+00:00,
USCB,USCB,success,1434,2026-03-12 13:30:00+00:00,2026-06-05 20:00:00+00:00,America/New_York,2026-06-07 10:15:19.989302+00:00,
USFD,USFD,success,4679,2026-03-12 13:30:00+00:00,2026-06-05 20:00:00+00:00,America/New_York,2026-06-07 10:12:26.165645+00:00,
USGO,USGO,success,2374,2026-03-12 13:30:00+00:00,2026-06-05 20:00:00+00:00,America/New_York,2026-06-07 10:15:53.026646+00:00,
USLM,USLM,success,2823,2026-03-12 13:30:00+00:00,2026-06-05 20:00:00+00:00,America/New_York,2026-06-07 10:13:41.868330+00:00,
USNA,USNA,success,3341,2026-03-12 13:30:00+00:00,2026-06-05 20:00:00+00:00,America/New_York,2026-06-07 10:15:21.416516+00:00,
USPH,USPH,success,3716,2026-03-12 13:30:00+00:00,2026-06-05 20:00:00+00:00,America/New_York,2026-06-07 10:14:33.660389+00:00,
UTHR,UTHR,success,4634,2026-03-12 13:30:00+00:00,2026-06-05 20:00:00+00:00,America/New_York,2026-06-07 10:12:20.358679+00:00,
UTI,UTI,success,4597,2026-03-12 13:30:00+00:00,2026-06-05 20:00:00+00:00,America/New_York,2026-06-07 10:13:52.844832+00:00,
UTL,UTL,success,3203,2026-03-12 13:30:00+00:00,2026-06-05 20:00:00+00:00,America/New_York,2026-06-07 10:14:36.640105+00:00,
UTMD,UTMD,success,603,2026-03-12 13:55:00+00:00,2026-06-05 20:00:00+00:00,America/New_York,2026-06-07 10:15:37.666264+00:00,
UTZ,UTZ,success,4681,2026-03-12 13:30:00+00:00,2026-06-05 20:00:00+00:00,America/New_York,2026-06-07 10:14:31.961519+00:00,
UUUU,UUUU,success,4681,2026-03-12 13:30:00+00:00,2026-06-05 20:00:00+00:00,America/New_York,2026-06-07 10:13:30.513591+00:00,
UVE,UVE,success,3946,2026-03-12 13:30:00+00:00,2026-06-05 20:00:00+00:00,America/New_York,2026-06-07 10:14:30.242431+00:00,
UVSP,UVSP,success,3623,2026-03-12 13:30:00+00:00,2026-06-05 20:00:00+00:00,America/New_York,2026-06-07 10:14:26.568313+00:00,
UVV,UVV,success,3963,2026-03-12 13:30:00+00:00,2026-06-05 20:00:00+00:00,America/New_York,2026-06-07 10:14:18.780832+00:00,
V,V,success,4681,2026-03-12 13:30:00+00:00,2026-06-05 20:00:00+00:00,America/New_York,2026-06-07 10:11:45.623911+00:00,
VABK,VABK,success,253,2026-03-12 13:30:00+00:00,2026-06-05 20:00:00+00:00,America/New_York,2026-06-07 10:15:35.926814+00:00,
VAC,VAC,success,4504,2026-03-12 13:30:00+00:00,2026-06-05 20:00:00+00:00,America/New_York,2026-06-07 10:13:40.427190+00:00,
VACH,VACH,success,565,2026-03-12 13:30:00+00:00,2026-06-05 20:00:00+00:00,America/New_York,2026-06-07 10:15:20.441969+00:00,
VACI,VACI,success,1265,2026-03-12 13:30:00+00:00,2026-06-05 20:00:00+00:00,America/New_York,2026-06-07 10:15:22.714106+00:00,
VAL,VAL,success,4668,2026-03-12 13:30:00+00:00,2026-06-05 20:00:00+00:00,America/New_York,2026-06-07 10:13:06.285803+00:00,
VALE,VALE,success,4681,2026-03-12 13:30:00+00:00,2026-06-05 20:00:00+00:00,America/New_York,2026-06-07 10:12:01.914583+00:00,
VALN,VALN,success,1650,2026-03-12 13:30:00+00:00,2026-06-05 20:00:00+00:00,America/New_York,2026-06-07 10:14:59.914946+00:00,
VALU,VALU,success,139,2026-03-12 13:30:00+00:00,2026-06-05 20:00:00+00:00,America/New_York,2026-06-07 10:15:25.222170+00:00,
VATE,VATE,success,2332,2026-03-12 13:30:00+00:00,2026-06-05 20:00:00+00:00,America/New_York,2026-06-07 10:15:32.116536+00:00,
VBNK,VBNK,success,1902,2026-03-12 13:35:00+00:00,2026-06-05 20:00:00+00:00,America/New_York,2026-06-07 10:14:52.582851+00:00,
VC,VC,success,4502,2026-03-12 13:30:00+00:00,2026-06-05 20:00:00+00:00,America/New_York,2026-06-07 10:13:38.139659+00:00,
VCEL,VCEL,success,4499,2026-03-12 13:30:00+00:00,2026-06-05 20:00:00+00:00,America/New_York,2026-06-07 10:14:03.714767+00:00,
VCTR,VCTR,success,4520,2026-03-12 13:30:00+00:00,2026-06-05 20:00:00+00:00,America/New_York,2026-06-07 10:13:09.411373+00:00,
VCYT,VCYT,success,4637,2026-03-12 13:30:00+00:00,2026-06-05 20:00:00+00:00,America/New_York,2026-06-07 10:13:27.573517+00:00,
VECO,VECO,success,4671,2026-03-12 13:30:00+00:00,2026-06-05 20:00:00+00:00,America/New_York,2026-06-07 10:13:33.067764+00:00,
VEEV,VEEV,success,4681,2026-03-12 13:30:00+00:00,2026-06-05 20:00:00+00:00,America/New_York,2026-06-07 10:12:15.755766+00:00,
VEL,VEL,success,2403,2026-03-12 13:30:00+00:00,2026-06-05 20:00:00+00:00,America/New_York,2026-06-07 10:14:48.296128+00:00,
VELO,VELO,success,4680,2026-03-12 13:30:00+00:00,2026-06-05 20:00:00+00:00,America/New_York,2026-06-07 10:15:03.958265+00:00,
VENU,VENU,success,4290,2026-03-12 13:30:00+00:00,2026-06-05 20:00:00+00:00,America/New_York,2026-06-07 10:15:41.044068+00:00,
VEON,VEON,success,2813,2026-03-12 13:30:00+00:00,2026-06-05 20:00:00+00:00,America/New_York,2026-06-07 10:13:33.188419+00:00,
VERA,VERA,success,4664,2026-03-12 13:30:00+00:00,2026-06-05 20:00:00+00:00,America/New_York,2026-06-07 10:13:54.865618+00:00,
VERU,VERU,success,2226,2026-03-12 13:30:00+00:00,2026-06-05 20:00:00+00:00,America/New_York,2026-06-07 10:16:04.162985+00:00,
VERX,VERX,success,4678,2026-03-12 13:30:00+00:00,2026-06-05 20:00:00+00:00,America/New_York,2026-06-07 10:13:58.011410+00:00,
VET,VET,success,4681,2026-03-12 13:30:00+00:00,2026-06-05 20:00:00+00:00,America/New_York,2026-06-07 10:14:06.095299+00:00,
VFC,VFC,success,4681,2026-03-12 13:30:00+00:00,2026-06-05 20:00:00+00:00,America/New_York,2026-06-07 10:13:03.698222+00:00,
VFS,VFS,success,4368,2026-03-12 13:30:00+00:00,2026-06-05 20:00:00+00:00,America/New_York,2026-06-07 10:12:56.685521+00:00,
VG,VG,success,4681,2026-03-12 13:30:00+00:00,2026-06-05 20:00:00+00:00,America/New_York,2026-06-07 10:12:13.696200+00:00,
VHC,VHC,success,542,2026-03-12 14:10:00+00:00,2026-06-05 20:00:00+00:00,America/New_York,2026-06-07 10:16:02.383927+00:00,
VHI,VHI,success,809,2026-03-12 13:30:00+00:00,2026-06-05 20:00:00+00:00,America/New_York,2026-06-07 10:15:11.746175+00:00,
VIA,VIA,success,4581,2026-03-12 13:30:00+00:00,2026-06-05 20:00:00+00:00,America/New_York,2026-06-07 10:14:26.078414+00:00,
VIAV,VIAV,success,4681,2026-03-12 13:30:00+00:00,2026-06-05 20:00:00+00:00,America/New_York,2026-06-07 10:12:40.299621+00:00,
VICI,VICI,success,4681,2026-03-12 13:30:00+00:00,2026-06-05 20:00:00+00:00,America/New_York,2026-06-07 10:12:14.645467+00:00,
VICR,VICR,success,4623,2026-03-12 13:30:00+00:00,2026-06-05 20:00:00+00:00,America/New_York,2026-06-07 10:12:38.681924+00:00,
VIK,VIK,success,4681,2026-03-12 13:30:00+00:00,2026-06-05 20:00:00+00:00,America/New_York,2026-06-07 10:12:08.598040+00:00,
VINP,VINP,success,1883,2026-03-12 13:30:00+00:00,2026-06-05 20:00:00+00:00,America/New_York,2026-06-07 10:14:53.467440+00:00,
VIPS,VIPS,success,4681,2026-03-12 13:30:00+00:00,2026-06-05 20:00:00+00:00,America/New_York,2026-06-07 10:13:02.116498+00:00,
VIR,VIR,success,4679,2026-03-12 13:30:00+00:00,2026-06-05 20:00:00+00:00,America/New_York,2026-06-07 10:14:14.272309+00:00,
VIRC,VIRC,success,1544,2026-03-12 13:30:00+00:00,2026-06-05 20:00:00+00:00,America/New_York,2026-06-07 10:15:56.165266+00:00,
VIRT,VIRT,success,4675,2026-03-12 13:30:00+00:00,2026-06-05 20:00:00+00:00,America/New_York,2026-06-07 10:12:54.671544+00:00,
VISN,VISN,success,4681,2026-03-12 13:30:00+00:00,2026-06-05 20:00:00+00:00,America/New_York,2026-06-07 10:13:48.239897+00:00,
VIST,VIST,success,4677,2026-03-12 13:30:00+00:00,2026-06-05 20:00:00+00:00,America/New_York,2026-06-07 10:12:59.592252+00:00,
VITL,VITL,success,4681,2026-03-12 13:30:00+00:00,2026-06-05 20:00:00+00:00,America/New_York,2026-06-07 10:15:05.868140+00:00,
VIV,VIV,success,4676,2026-03-12 13:30:00+00:00,2026-06-05 20:00:00+00:00,America/New_York,2026-06-07 10:12:23.548138+00:00,
VIVO,VIVO,success,4092,2026-03-17 13:30:00+00:00,2026-06-05 20:00:00+00:00,America/New_York,2026-06-07 10:15:59.606884+00:00,
VKTX,VKTX,success,4681,2026-03-12 13:30:00+00:00,2026-06-05 20:00:00+00:00,America/New_York,2026-06-07 10:13:36.899925+00:00,
VLGEA,VLGEA,success,2219,2026-03-12 13:30:00+00:00,2026-06-05 20:00:00+00:00,America/New_York,2026-06-07 10:14:58.966762+00:00,
VLO,VLO,success,4681,2026-03-12 13:30:00+00:00,2026-06-05 20:00:00+00:00,America/New_York,2026-06-07 10:11:58.385040+00:00,
VLRS,VLRS,success,4593,2026-03-12 13:30:00+00:00,2026-06-05 20:00:00+00:00,America/New_York,2026-06-07 10:14:39.570658+00:00,
VLTO,VLTO,success,4681,2026-03-12 13:30:00+00:00,2026-06-05 20:00:00+00:00,America/New_York,2026-06-07 10:12:22.848516+00:00,
VLY,VLY,success,4681,2026-03-12 13:30:00+00:00,2026-06-05 20:00:00+00:00,America/New_York,2026-06-07 10:12:55.983849+00:00,
VMC,VMC,success,4673,2026-03-12 13:30:00+00:00,2026-06-05 20:00:00+00:00,America/New_York,2026-06-07 10:12:10.479322+00:00,
VMD,VMD,success,4019,2026-03-12 13:30:00+00:00,2026-06-05 20:00:00+00:00,America/New_York,2026-06-07 10:15:14.781127+00:00,
VMET,VMET,success,3677,2026-03-12 13:30:00+00:00,2026-06-05 20:00:00+00:00,America/New_York,2026-06-07 10:14:52.354974+00:00,
VMI,VMI,success,4467,2026-03-12 13:30:00+00:00,2026-06-05 20:00:00+00:00,America/New_York,2026-06-07 10:12:44.211818+00:00,
VNCE,VNCE,success,2606,2026-03-12 13:30:00+00:00,2026-06-05 20:00:00+00:00,America/New_York,2026-06-07 10:16:03.743214+00:00,
VNDA,VNDA,success,4667,2026-03-12 13:30:00+00:00,2026-06-05 20:00:00+00:00,America/New_York,2026-06-07 10:15:17.280332+00:00,
VNET,VNET,success,4680,2026-03-12 13:30:00+00:00,2026-06-05 20:00:00+00:00,America/New_York,2026-06-07 10:13:49.611248+00:00,
VNO,VNO,success,4680,2026-03-12 13:30:00+00:00,2026-06-05 20:00:00+00:00,America/New_York,2026-06-07 10:12:58.469269+00:00,
VNOM,VNOM,success,4681,2026-03-12 13:30:00+00:00,2026-06-05 20:00:00+00:00,America/New_York,2026-06-07 10:12:29.279274+00:00,
VNT,VNT,success,4667,2026-03-12 13:30:00+00:00,2026-06-05 20:00:00+00:00,America/New_York,2026-06-07 10:13:25.059946+00:00,
VOD,VOD,success,4681,2026-03-12 13:30:00+00:00,2026-06-05 20:00:00+00:00,America/New_York,2026-06-07 10:12:11.496205+00:00,
VOR,VOR,success,4621,2026-03-12 13:30:00+00:00,2026-06-05 20:00:00+00:00,America/New_York,2026-06-07 10:14:45.845791+00:00,
VOXR,VOXR,success,4447,2026-03-12 13:30:00+00:00,2026-06-05 20:00:00+00:00,America/New_York,2026-06-07 10:15:19.757956+00:00,
VOYA,VOYA,success,4673,2026-03-12 13:30:00+00:00,2026-06-05 20:00:00+00:00,America/New_York,2026-06-07 10:12:54.874241+00:00,
VOYG,VOYG,success,4679,2026-03-12 13:30:00+00:00,2026-06-05 20:00:00+00:00,America/New_York,2026-06-07 10:13:50.558110+00:00,
VPG,VPG,success,4311,2026-03-12 13:30:00+00:00,2026-06-05 20:00:00+00:00,America/New_York,2026-06-07 10:14:11.454210+00:00,
VRA,VRA,success,3320,2026-03-12 13:30:00+00:00,2026-06-05 20:00:00+00:00,America/New_York,2026-06-07 10:15:57.594881+00:00,
VRCA,VRCA,success,2252,2026-03-12 13:30:00+00:00,2026-06-05 20:00:00+00:00,America/New_York,2026-06-07 10:15:54.966676+00:00,
VRDN,VRDN,success,4678,2026-03-12 13:30:00+00:00,2026-06-05 20:00:00+00:00,America/New_York,2026-06-07 10:14:06.045154+00:00,
VREX,VREX,success,4141,2026-03-12 13:30:00+00:00,2026-06-05 20:00:00+00:00,America/New_York,2026-06-07 10:15:08.883399+00:00,
VRNS,VRNS,success,4681,2026-03-12 13:30:00+00:00,2026-06-05 20:00:00+00:00,America/New_York,2026-06-07 10:13:28.796151+00:00,
VRRM,VRRM,success,4673,2026-03-12 13:30:00+00:00,2026-06-05 20:00:00+00:00,America/New_York,2026-06-07 10:14:49.805244+00:00,
VRSK,VRSK,success,4681,2026-03-12 13:30:00+00:00,2026-06-05 20:00:00+00:00,America/New_York,2026-06-07 10:12:20.085862+00:00,
VRSN,VRSN,success,4644,2026-03-12 13:30:00+00:00,2026-06-05 20:00:00+00:00,America/New_York,2026-06-07 10:12:16.795462+00:00,
VRT,VRT,success,4681,2026-03-12 13:30:00+00:00,2026-06-05 20:00:00+00:00,America/New_York,2026-06-07 10:11:53.557661+00:00,
VRTS,VRTS,success,2821,2026-03-12 13:30:00+00:00,2026-06-05 20:00:00+00:00,America/New_York,2026-06-07 10:14:32.842446+00:00,
VRTX,VRTX,success,4681,2026-03-12 13:30:00+00:00,2026-06-05 20:00:00+00:00,America/New_York,2026-06-07 10:11:53.844687+00:00,
VSAT,VSAT,success,4679,2026-03-12 13:30:00+00:00,2026-06-05 20:00:00+00:00,America/New_York,2026-06-07 10:12:49.398445+00:00,
VSEC,VSEC,success,4427,2026-03-12 13:30:00+00:00,2026-06-05 20:00:00+00:00,America/New_York,2026-06-07 10:13:14.126105+00:00,
VSH,VSH,success,4680,2026-03-12 13:30:00+00:00,2026-06-05 20:00:00+00:00,America/New_York,2026-06-07 10:12:55.468994+00:00,
VSNT,VSNT,success,4681,2026-03-12 13:30:00+00:00,2026-06-05 20:00:00+00:00,America/New_York,2026-06-07 10:13:08.822747+00:00,
VST,VST,success,4681,2026-03-12 13:30:00+00:00,2026-06-05 20:00:00+00:00,America/New_York,2026-06-07 10:12:05.317868+00:00,
VSTM,VSTM,success,4680,2026-03-12 13:30:00+00:00,2026-06-05 20:00:00+00:00,America/New_York,2026-06-07 10:15:21.978844+00:00,
VSTS,VSTS,success,4673,2026-03-12 13:30:00+00:00,2026-06-05 20:00:00+00:00,America/New_York,2026-06-07 10:14:07.297480+00:00,
VSXY,VSXY,success,313,2026-06-02 13:30:00+00:00,2026-06-05 20:00:00+00:00,America/New_York,2026-06-07 10:13:07.008581+00:00,
VTEX,VTEX,success,4658,2026-03-12 13:30:00+00:00,2026-06-05 20:00:00+00:00,America/New_York,2026-06-07 10:14:51.953653+00:00,
VTIX,VTIX,success,3654,2026-03-12 13:30:00+00:00,2026-06-05 20:00:00+00:00,America/New_York,2026-06-07 10:15:54.474685+00:00,
VTMX,VTMX,success,3131,2026-03-12 13:30:00+00:00,2026-06-05 20:00:00+00:00,America/New_York,2026-06-07 10:13:42.269605+00:00,
VTOL,VTOL,success,3729,2026-03-12 13:30:00+00:00,2026-06-05 20:00:00+00:00,America/New_York,2026-06-07 10:14:24.384441+00:00,
VTR,VTR,success,4681,2026-03-12 13:30:00+00:00,2026-06-05 20:00:00+00:00,America/New_York,2026-06-07 10:12:08.721651+00:00,
VTRS,VTRS,success,4681,2026-03-12 13:30:00+00:00,2026-06-05 20:00:00+00:00,America/New_York,2026-06-07 10:12:27.045199+00:00,
VTS,VTS,success,4552,2026-03-12 13:30:00+00:00,2026-06-05 20:00:00+00:00,America/New_York,2026-06-07 10:14:46.626246+00:00,
VTVT,VTVT,success,1758,2026-03-12 13:30:00+00:00,2026-06-05 20:00:00+00:00,America/New_York,2026-06-07 10:15:51.708923+00:00,
VUZI,VUZI,success,4621,2026-03-12 13:30:00+00:00,2026-06-05 20:00:00+00:00,America/New_York,2026-06-07 10:15:25.815913+00:00,
VVV,VVV,success,4680,2026-03-12 13:30:00+00:00,2026-06-05 20:00:00+00:00,America/New_York,2026-06-07 10:13:20.557101+00:00,
VVX,VVX,success,4439,2026-03-12 13:30:00+00:00,2026-06-05 20:00:00+00:00,America/New_York,2026-06-07 10:13:46.939142+00:00,
VWAV,VWAV,success,4558,2026-03-12 13:30:00+00:00,2026-06-05 20:00:00+00:00,America/New_York,2026-06-07 10:15:50.804741+00:00,
VYGR,VYGR,success,4566,2026-03-12 13:30:00+00:00,2026-06-05 20:00:00+00:00,America/New_York,2026-06-07 10:15:40.781257+00:00,
VYX,VYX,success,4680,2026-03-12 13:30:00+00:00,2026-06-05 20:00:00+00:00,America/New_York,2026-06-07 10:14:34.171961+00:00,
VZ,VZ,success,4681,2026-03-12 13:30:00+00:00,2026-06-05 20:00:00+00:00,America/New_York,2026-06-07 10:11:49.308156+00:00,
VZLA,VZLA,success,4681,2026-03-12 13:30:00+00:00,2026-06-05 20:00:00+00:00,America/New_York,2026-06-07 10:14:23.831685+00:00,
W,W,success,4681,2026-03-12 13:30:00+00:00,2026-06-05 20:00:00+00:00,America/New_York,2026-06-07 10:12:50.286545+00:00,
WAB,WAB,success,4669,2026-03-12 13:30:00+00:00,2026-06-05 20:00:00+00:00,America/New_York,2026-06-07 10:12:06.934971+00:00,
WABC,WABC,success,3325,2026-03-12 13:30:00+00:00,2026-06-05 20:00:00+00:00,America/New_York,2026-06-07 10:14:19.071423+00:00,
WAFD,WAFD,success,4570,2026-03-12 13:30:00+00:00,2026-06-05 20:00:00+00:00,America/New_York,2026-06-07 10:13:46.305216+00:00,
WAL,WAL,success,4677,2026-03-12 13:30:00+00:00,2026-06-05 20:00:00+00:00,America/New_York,2026-06-07 10:12:51.271807+00:00,
WASH,WASH,success,3634,2026-03-12 13:30:00+00:00,2026-06-05 20:00:00+00:00,America/New_York,2026-06-07 10:14:50.648200+00:00,
WAT,WAT,success,4681,2026-03-12 13:30:00+00:00,2026-06-05 20:00:00+00:00,America/New_York,2026-06-07 10:12:11.260409+00:00,
WATT,WATT,success,4434,2026-03-12 13:30:00+00:00,2026-06-05 20:00:00+00:00,America/New_York,2026-06-07 10:15:49.481420+00:00,
WAVE,WAVE,success,1118,2026-03-12 13:30:00+00:00,2026-06-05 20:00:00+00:00,America/New_York,2026-06-07 10:16:04.882355+00:00,
WAY,WAY,success,4680,2026-03-12 13:30:00+00:00,2026-06-05 20:00:00+00:00,America/New_York,2026-06-07 10:13:29.055098+00:00,
WB,WB,success,4624,2026-03-12 13:30:00+00:00,2026-06-05 20:00:00+00:00,America/New_York,2026-06-07 10:14:03.652087+00:00,
WBD,WBD,success,4681,2026-03-12 13:30:00+00:00,2026-06-05 20:00:00+00:00,America/New_York,2026-06-07 10:12:01.296786+00:00,
WBI,WBI,success,4590,2026-03-12 13:30:00+00:00,2026-06-05 20:00:00+00:00,America/New_York,2026-06-07 10:14:17.726557+00:00,
WBS,WBS,success,4681,2026-03-12 13:30:00+00:00,2026-06-05 20:00:00+00:00,America/New_York,2026-06-07 10:12:40.167666+00:00,
WBTN,WBTN,success,4178,2026-03-12 13:30:00+00:00,2026-06-05 20:00:00+00:00,America/New_York,2026-06-07 10:14:13.170233+00:00,
WCC,WCC,success,4588,2026-03-12 13:30:00+00:00,2026-06-05 20:00:00+00:00,America/New_York,2026-06-07 10:12:28.260428+00:00,
WCN,WCN,success,4681,2026-03-12 13:30:00+00:00,2026-06-05 20:00:00+00:00,America/New_York,2026-06-07 10:12:08.942266+00:00,
WD,WD,success,4188,2026-03-12 13:30:00+00:00,2026-06-05 20:00:00+00:00,America/New_York,2026-06-07 10:14:06.067783+00:00,
WDAY,WDAY,success,4681,2026-03-12 13:30:00+00:00,2026-06-05 20:00:00+00:00,America/New_York,2026-06-07 10:12:11.096182+00:00,
WDC,WDC,success,4681,2026-03-12 13:30:00+00:00,2026-06-05 20:00:00+00:00,America/New_York,2026-06-07 10:11:49.760906+00:00,
WDFC,WDFC,success,3055,2026-03-12 13:30:00+00:00,2026-06-05 20:00:00+00:00,America/New_York,2026-06-07 10:13:45.914938+00:00,
WDS,WDS,success,4678,2026-03-12 13:30:00+00:00,2026-06-05 20:00:00+00:00,America/New_York,2026-06-07 10:12:08.373351+00:00,
WEAV,WEAV,success,4675,2026-03-12 13:30:00+00:00,2026-06-05 20:00:00+00:00,America/New_York,2026-06-07 10:15:07.232806+00:00,
WEC,WEC,success,4681,2026-03-12 13:30:00+00:00,2026-06-05 20:00:00+00:00,America/New_York,2026-06-07 10:12:10.710951+00:00,
WELL,WELL,success,4681,2026-03-12 13:30:00+00:00,2026-06-05 20:00:00+00:00,America/New_York,2026-06-07 10:11:51.693265+00:00,
WEN,WEN,success,4681,2026-03-12 13:30:00+00:00,2026-06-05 20:00:00+00:00,America/New_York,2026-06-07 10:14:21.124367+00:00,
WENN,WENN,success,134,2026-03-12 16:45:00+00:00,2026-06-05 20:00:00+00:00,America/New_York,2026-06-07 10:15:13.312756+00:00,
WERN,WERN,success,4673,2026-03-12 13:30:00+00:00,2026-06-05 20:00:00+00:00,America/New_York,2026-06-07 10:13:48.344284+00:00,
WEST,WEST,success,4325,2026-03-12 13:30:00+00:00,2026-06-05 20:00:00+00:00,America/New_York,2026-06-07 10:14:45.163228+00:00,
WEX,WEX,success,4533,2026-03-12 13:30:00+00:00,2026-06-05 20:00:00+00:00,America/New_York,2026-06-07 10:13:14.276808+00:00,
WEYS,WEYS,success,738,2026-03-12 13:30:00+00:00,2026-06-05 20:00:00+00:00,America/New_York,2026-06-07 10:15:20.555979+00:00,
WF,WF,success,3623,2026-03-12 13:30:00+00:00,2026-06-05 20:00:00+00:00,America/New_York,2026-06-07 10:12:32.188689+00:00,
WFC,WFC,success,4681,2026-03-12 13:30:00+00:00,2026-06-05 20:00:00+00:00,America/New_York,2026-06-07 10:11:47.677919+00:00,
WFG,WFG,success,4087,2026-03-12 13:30:00+00:00,2026-06-05 20:00:00+00:00,America/New_York,2026-06-07 10:13:14.097522+00:00,
WFRD,WFRD,success,4667,2026-03-12 13:30:00+00:00,2026-06-05 20:00:00+00:00,America/New_York,2026-06-07 10:12:59.814035+00:00,
WGO,WGO,success,4631,2026-03-12 13:30:00+00:00,2026-06-05 20:00:00+00:00,America/New_York,2026-06-07 10:14:43.348829+00:00,
WGS,WGS,success,4597,2026-03-12 13:30:00+00:00,2026-06-05 20:00:00+00:00,America/New_York,2026-06-07 10:14:12.839710+00:00,
WH,WH,success,4679,2026-03-12 13:30:00+00:00,2026-06-05 20:00:00+00:00,America/New_York,2026-06-07 10:13:05.171667+00:00,
WHD,WHD,success,4644,2026-03-12 13:30:00+00:00,2026-06-05 20:00:00+00:00,America/New_York,2026-06-07 10:13:20.818249+00:00,
WHF,WHF,success,2660,2026-03-12 13:30:00+00:00,2026-06-05 20:00:00+00:00,America/New_York,2026-06-07 10:15:48.951891+00:00,
WHG,WHG,success,806,2026-03-12 13:30:00+00:00,2026-06-05 20:00:00+00:00,America/New_York,2026-06-07 10:15:45.933753+00:00,
WHR,WHR,success,4681,2026-03-12 13:30:00+00:00,2026-06-05 20:00:00+00:00,America/New_York,2026-06-07 10:13:49.046945+00:00,
WHWK,WHWK,success,3794,2026-03-12 13:30:00+00:00,2026-06-05 20:00:00+00:00,America/New_York,2026-06-07 10:15:41.207544+00:00,
WILC,WILC,success,195,2026-03-12 15:05:00+00:00,2026-06-05 20:00:00+00:00,America/New_York,2026-06-07 10:15:04.367527+00:00,
WINA,WINA,success,2786,2026-03-12 13:30:00+00:00,2026-06-05 20:00:00+00:00,America/New_York,2026-06-07 10:14:18.922882+00:00,
WING,WING,success,4677,2026-03-12 13:30:00+00:00,2026-06-05 20:00:00+00:00,America/New_York,2026-06-07 10:13:27.082554+00:00,
WIX,WIX,success,4679,2026-03-12 13:30:00+00:00,2026-06-05 20:00:00+00:00,America/New_York,2026-06-07 10:13:43.156485+00:00,
WK,WK,success,4653,2026-03-12 13:30:00+00:00,2026-06-05 20:00:00+00:00,America/New_York,2026-06-07 10:13:46.039957+00:00,
WKC,WKC,success,4599,2026-03-12 13:30:00+00:00,2026-06-05 20:00:00+00:00,America/New_York,2026-06-07 10:14:12.088032+00:00,
WKEY,WKEY,success,2922,2026-03-12 13:30:00+00:00,2026-06-05 20:00:00+00:00,America/New_York,2026-06-07 10:15:56.757132+00:00,
WLDN,WLDN,success,4370,2026-03-12 13:30:00+00:00,2026-06-05 20:00:00+00:00,America/New_York,2026-06-07 10:14:15.173252+00:00,
WLFC,WLFC,success,2145,2026-03-12 13:30:00+00:00,2026-06-05 20:00:00+00:00,America/New_York,2026-06-07 10:14:20.901356+00:00,
WLK,WLK,success,4664,2026-03-12 13:30:00+00:00,2026-06-05 20:00:00+00:00,America/New_York,2026-06-07 10:12:43.281487+00:00,
WLTH,WLTH,success,4667,2026-03-12 13:30:00+00:00,2026-06-05 20:00:00+00:00,America/New_York,2026-06-07 10:14:15.017988+00:00,
WLY,WLY,success,4460,2026-03-12 13:30:00+00:00,2026-06-05 20:00:00+00:00,America/New_York,2026-06-07 10:13:55.404143+00:00,
WM,WM,success,4681,2026-03-12 13:30:00+00:00,2026-06-05 20:00:00+00:00,America/New_York,2026-06-07 10:11:56.374593+00:00,
WMB,WMB,success,4681,2026-03-12 13:30:00+00:00,2026-06-05 20:00:00+00:00,America/New_York,2026-06-07 10:11:56.531907+00:00,
WMG,WMG,success,4681,2026-03-12 13:30:00+00:00,2026-06-05 20:00:00+00:00,America/New_York,2026-06-07 10:12:31.053242+00:00,
WMK,WMK,success,3336,2026-03-12 13:30:00+00:00,2026-06-05 20:00:00+00:00,America/New_York,2026-06-07 10:14:01.018679+00:00,
WMS,WMS,success,4670,2026-03-12 13:30:00+00:00,2026-06-05 20:00:00+00:00,America/New_York,2026-06-07 10:12:45.469056+00:00,
WMT,WMT,success,4681,2026-03-12 13:30:00+00:00,2026-06-05 20:00:00+00:00,America/New_York,2026-06-07 10:11:44.962756+00:00,
WNC,WNC,success,4594,2026-03-12 13:30:00+00:00,2026-06-05 20:00:00+00:00,America/New_York,2026-06-07 10:15:25.123671+00:00,
WNEB,WNEB,success,1875,2026-03-12 13:30:00+00:00,2026-06-05 20:00:00+00:00,America/New_York,2026-06-07 10:15:29.668502+00:00,
WOLF,WOLF,success,4680,2026-03-12 13:30:00+00:00,2026-06-05 20:00:00+00:00,America/New_York,2026-06-07 10:13:47.374801+00:00,
WOR,WOR,success,3577,2026-03-12 13:30:00+00:00,2026-06-05 20:00:00+00:00,America/New_York,2026-06-07 10:13:44.259574+00:00,
WPC,WPC,success,4681,2026-03-12 13:30:00+00:00,2026-06-05 20:00:00+00:00,America/New_York,2026-06-07 10:12:29.219171+00:00,
WPM,WPM,success,4681,2026-03-12 13:30:00+00:00,2026-06-05 20:00:00+00:00,America/New_York,2026-06-07 10:12:04.514484+00:00,
WPP,WPP,success,4581,2026-03-12 13:30:00+00:00,2026-06-05 20:00:00+00:00,America/New_York,2026-06-07 10:13:27.746640+00:00,
WRB,WRB,success,4681,2026-03-12 13:30:00+00:00,2026-06-05 20:00:00+00:00,America/New_York,2026-06-07 10:12:18.041878+00:00,
WRBY,WRBY,success,4681,2026-03-12 13:30:00+00:00,2026-06-05 20:00:00+00:00,America/New_York,2026-06-07 10:13:45.401353+00:00,
WRD,WRD,success,4681,2026-03-12 13:30:00+00:00,2026-06-05 20:00:00+00:00,America/New_York,2026-06-07 10:13:54.464376+00:00,
WRLD,WRLD,success,2653,2026-03-12 13:30:00+00:00,2026-06-05 20:00:00+00:00,America/New_York,2026-06-07 10:14:43.190501+00:00,
WS,WS,success,4150,2026-03-12 13:30:00+00:00,2026-06-05 20:00:00+00:00,America/New_York,2026-06-07 10:13:57.763868+00:00,
WSBC,WSBC,success,4583,2026-03-12 13:30:00+00:00,2026-06-05 20:00:00+00:00,America/New_York,2026-06-07 10:13:36.477115+00:00,
WSBF,WSBF,success,2468,2026-03-12 13:30:00+00:00,2026-06-05 20:00:00+00:00,America/New_York,2026-06-07 10:15:19.345701+00:00,
WSBK,WSBK,success,349,2026-03-12 19:55:00+00:00,2026-06-05 20:00:00+00:00,America/New_York,2026-06-07 10:15:53.371907+00:00,
WSC,WSC,success,4681,2026-03-12 13:30:00+00:00,2026-06-05 20:00:00+00:00,America/New_York,2026-06-07 10:13:17.586306+00:00,
WSE,WSE,success,1448,2026-05-11 13:30:00+00:00,2026-06-05 20:00:00+00:00,America/New_York,2026-06-07 10:12:34.902816+00:00,
WSFS,WSFS,success,4346,2026-03-12 13:30:00+00:00,2026-06-05 20:00:00+00:00,America/New_York,2026-06-07 10:13:29.679734+00:00,
WSHP,WSHP,success,2745,2026-03-12 13:35:00+00:00,2026-06-05 20:00:00+00:00,America/New_York,2026-06-07 10:15:48.931844+00:00,
WSM,WSM,success,4679,2026-03-12 13:30:00+00:00,2026-06-05 20:00:00+00:00,America/New_York,2026-06-07 10:12:18.791966+00:00,
WSO,WSO,success,4673,2026-03-12 13:30:00+00:00,2026-06-05 20:00:00+00:00,America/New_York,2026-06-07 10:12:31.592070+00:00,
WSR,WSR,success,4314,2026-03-12 13:30:00+00:00,2026-06-05 20:00:00+00:00,America/New_York,2026-06-07 10:14:00.713102+00:00,
WST,WST,success,4654,2026-03-12 13:30:00+00:00,2026-06-05 20:00:00+00:00,America/New_York,2026-06-07 10:12:21.179037+00:00,
WT,WT,success,4680,2026-03-12 13:30:00+00:00,2026-06-05 20:00:00+00:00,America/New_York,2026-06-07 10:13:45.070054+00:00,
WTBA,WTBA,success,1424,2026-03-12 13:30:00+00:00,2026-06-05 20:00:00+00:00,America/New_York,2026-06-07 10:15:10.929418+00:00,
WTFC,WTFC,success,4425,2026-03-12 13:30:00+00:00,2026-06-05 20:00:00+00:00,America/New_York,2026-06-07 10:12:44.737503+00:00,
WTI,WTI,success,4681,2026-03-12 13:30:00+00:00,2026-06-05 20:00:00+00:00,America/New_York,2026-06-07 10:14:57.299761+00:00,
WTM,WTM,success,3706,2026-03-12 13:30:00+00:00,2026-06-05 20:00:00+00:00,America/New_York,2026-06-07 10:13:13.089798+00:00,
WTRG,WTRG,success,4681,2026-03-12 13:30:00+00:00,2026-06-05 20:00:00+00:00,America/New_York,2026-06-07 10:12:43.789312+00:00,
WTS,WTS,success,4530,2026-03-12 13:30:00+00:00,2026-06-05 20:00:00+00:00,America/New_York,2026-06-07 10:12:44.379602+00:00,
WTTR,WTTR,success,4681,2026-03-12 13:30:00+00:00,2026-06-05 20:00:00+00:00,America/New_York,2026-06-07 10:13:51.534523+00:00,
WTW,WTW,success,4676,2026-03-12 13:30:00+00:00,2026-06-05 20:00:00+00:00,America/New_York,2026-06-07 10:12:19.053984+00:00,
WU,WU,success,4681,2026-03-12 13:30:00+00:00,2026-06-05 20:00:00+00:00,America/New_York,2026-06-07 10:13:52.335023+00:00,
WULF,WULF,success,4681,2026-03-12 13:30:00+00:00,2026-06-05 20:00:00+00:00,America/New_York,2026-06-07 10:12:40.384819+00:00,
WVE,WVE,success,4681,2026-03-12 13:30:00+00:00,2026-06-05 20:00:00+00:00,America/New_York,2026-06-07 10:14:28.545121+00:00,
WW,WW,success,4258,2026-03-12 13:30:00+00:00,2026-06-05 20:00:00+00:00,America/New_York,2026-06-07 10:15:46.236118+00:00,
WWD,WWD,success,4606,2026-03-12 13:30:00+00:00,2026-06-05 20:00:00+00:00,America/New_York,2026-06-07 10:12:22.701378+00:00,
WWW,WWW,success,4672,2026-03-12 13:30:00+00:00,2026-06-05 20:00:00+00:00,America/New_York,2026-06-07 10:14:20.083615+00:00,
WY,WY,success,4681,2026-03-12 13:30:00+00:00,2026-06-05 20:00:00+00:00,America/New_York,2026-06-07 10:12:27.708440+00:00,
WYFI,WYFI,success,4664,2026-03-12 13:30:00+00:00,2026-06-05 20:00:00+00:00,America/New_York,2026-06-07 10:14:37.535864+00:00,
WYNN,WYNN,success,4676,2026-03-12 13:30:00+00:00,2026-06-05 20:00:00+00:00,America/New_York,2026-06-07 10:12:42.902433+00:00,
WYY,WYY,success,2135,2026-03-12 13:30:00+00:00,2026-06-05 20:00:00+00:00,America/New_York,2026-06-07 10:15:54.287914+00:00,
XE,XE,success,2303,2026-04-24 13:35:00+00:00,2026-06-05 20:00:00+00:00,America/New_York,2026-06-07 10:12:51.554367+00:00,
XEL,XEL,success,4681,2026-03-12 13:30:00+00:00,2026-06-05 20:00:00+00:00,America/New_York,2026-06-07 10:12:05.910134+00:00,
XENE,XENE,success,4652,2026-03-12 13:30:00+00:00,2026-06-05 20:00:00+00:00,America/New_York,2026-06-07 10:13:15.972937+00:00,
XERS,XERS,success,4659,2026-03-12 13:30:00+00:00,2026-06-05 20:00:00+00:00,America/New_York,2026-06-07 10:14:31.291678+00:00,
XFOR,XFOR,success,4351,2026-03-12 13:30:00+00:00,2026-06-05 20:00:00+00:00,America/New_York,2026-06-07 10:15:16.644143+00:00,
XGN,XGN,success,3814,2026-03-12 13:30:00+00:00,2026-06-05 20:00:00+00:00,America/New_York,2026-06-07 10:15:54.937865+00:00,
XHR,XHR,success,4634,2026-03-12 13:30:00+00:00,2026-06-05 20:00:00+00:00,America/New_York,2026-06-07 10:14:05.415283+00:00,
XLO,XLO,success,1613,2026-03-12 13:30:00+00:00,2026-06-05 20:00:00+00:00,America/New_York,2026-06-07 10:16:05.326763+00:00,
XMAX,XMAX,success,1092,2026-05-18 13:30:00+00:00,2026-06-05 20:00:00+00:00,America/New_York,2026-06-07 10:15:00.133010+00:00,
XMTR,XMTR,success,4596,2026-03-12 13:30:00+00:00,2026-06-05 20:00:00+00:00,America/New_York,2026-06-07 10:13:24.933348+00:00,
XNCR,XNCR,success,4587,2026-03-12 13:30:00+00:00,2026-06-05 20:00:00+00:00,America/New_York,2026-06-07 10:14:40.087820+00:00,
XNET,XNET,success,3735,2026-03-12 13:30:00+00:00,2026-06-05 20:00:00+00:00,America/New_York,2026-06-07 10:15:27.521806+00:00,
XOM,XOM,success,4681,2026-03-12 13:30:00+00:00,2026-06-05 20:00:00+00:00,America/New_York,2026-06-07 10:11:45.553651+00:00,
XOMA,XOMA,success,3379,2026-03-12 13:30:00+00:00,2026-06-05 20:00:00+00:00,America/New_York,2026-06-07 10:14:44.676098+00:00,
XOS,XOS,success,1813,2026-03-12 13:30:00+00:00,2026-06-05 20:00:00+00:00,America/New_York,2026-06-07 10:16:03.688171+00:00,
XP,XP,success,4681,2026-03-12 13:30:00+00:00,2026-06-05 20:00:00+00:00,America/New_York,2026-06-07 10:12:54.947838+00:00,
XPEL,XPEL,success,3754,2026-03-12 13:30:00+00:00,2026-06-05 20:00:00+00:00,America/New_York,2026-06-07 10:14:23.292898+00:00,
XPER,XPER,success,4327,2026-03-12 13:30:00+00:00,2026-06-05 20:00:00+00:00,America/New_York,2026-06-07 10:15:19.579338+00:00,
XPEV,XPEV,success,4681,2026-03-12 13:30:00+00:00,2026-06-05 20:00:00+00:00,America/New_York,2026-06-07 10:12:30.712812+00:00,
XPO,XPO,success,4677,2026-03-12 13:30:00+00:00,2026-06-05 20:00:00+00:00,America/New_York,2026-06-07 10:12:18.342453+00:00,
XPOF,XPOF,success,4492,2026-03-12 13:30:00+00:00,2026-06-05 20:00:00+00:00,America/New_York,2026-06-07 10:15:34.898605+00:00,
XPRO,XPRO,success,4657,2026-03-12 13:30:00+00:00,2026-06-05 20:00:00+00:00,America/New_York,2026-06-07 10:14:05.129465+00:00,
XRAY,XRAY,success,4681,2026-03-12 13:30:00+00:00,2026-06-05 20:00:00+00:00,America/New_York,2026-06-07 10:14:00.103142+00:00,
XRN,XRN,success,3441,2026-03-12 13:30:00+00:00,2026-06-05 20:00:00+00:00,America/New_York,2026-06-07 10:14:59.956709+00:00,
XRPN,XRPN,success,1722,2026-03-12 13:30:00+00:00,2026-06-05 20:00:00+00:00,America/New_York,2026-06-07 10:15:23.025209+00:00,
XRX,XRX,success,4674,2026-03-12 13:30:00+00:00,2026-06-05 20:00:00+00:00,America/New_York,2026-06-07 10:15:09.994010+00:00,
XXI,XXI,success,4679,2026-03-12 13:30:00+00:00,2026-06-05 20:00:00+00:00,America/New_York,2026-06-07 10:16:00.437298+00:00,
XYF,XYF,success,3333,2026-03-12 13:30:00+00:00,2026-06-05 20:00:00+00:00,America/New_York,2026-06-07 10:15:42.639863+00:00,
XYL,XYL,success,4681,2026-03-12 13:30:00+00:00,2026-06-05 20:00:00+00:00,America/New_York,2026-06-07 10:12:17.984686+00:00,
XYZ,XYZ,success,4681,2026-03-12 13:30:00+00:00,2026-06-05 20:00:00+00:00,America/New_York,2026-06-07 10:12:07.980177+00:00,
XZO,XZO,success,3860,2026-03-12 13:30:00+00:00,2026-06-05 20:00:00+00:00,America/New_York,2026-06-07 10:14:24.624756+00:00,
YALA,YALA,success,4028,2026-03-12 13:30:00+00:00,2026-06-05 20:00:00+00:00,America/New_York,2026-06-07 10:14:40.116371+00:00,
YB,YB,success,1629,2026-03-12 13:30:00+00:00,2026-06-05 20:00:00+00:00,America/New_York,2026-06-07 10:14:49.156388+00:00,
YDES,YDES,success,832,2026-03-12 14:05:00+00:00,2026-06-05 20:00:00+00:00,America/New_York,2026-06-07 10:15:38.332283+00:00,
YELP,YELP,success,4681,2026-03-12 13:30:00+00:00,2026-06-05 20:00:00+00:00,America/New_York,2026-06-07 10:14:20.383771+00:00,
YETI,YETI,success,4681,2026-03-12 13:30:00+00:00,2026-06-05 20:00:00+00:00,America/New_York,2026-06-07 10:13:32.857068+00:00,
YEXT,YEXT,success,4675,2026-03-12 13:30:00+00:00,2026-06-05 20:00:00+00:00,America/New_York,2026-06-07 10:15:13.208302+00:00,
YMM,YMM,success,4680,2026-03-12 13:30:00+00:00,2026-06-05 20:00:00+00:00,America/New_York,2026-06-07 10:12:50.619650+00:00,
YORW,YORW,success,3707,2026-03-12 13:30:00+00:00,2026-06-05 20:00:00+00:00,America/New_York,2026-06-07 10:15:02.973617+00:00,
YOU,YOU,success,4677,2026-03-12 13:30:00+00:00,2026-06-05 20:00:00+00:00,America/New_York,2026-06-07 10:12:58.431267+00:00,
YPF,YPF,success,4680,2026-03-12 13:30:00+00:00,2026-06-05 20:00:00+00:00,America/New_York,2026-06-07 10:12:21.259009+00:00,
YSS,YSS,success,4675,2026-03-12 13:30:00+00:00,2026-06-05 20:00:00+00:00,America/New_York,2026-06-07 10:13:31.220281+00:00,
YSWY,YSWY,success,2261,2026-04-22 13:40:00+00:00,2026-06-05 20:00:00+00:00,America/New_York,2026-06-07 10:14:16.963952+00:00,
YUM,YUM,success,4681,2026-03-12 13:30:00+00:00,2026-06-05 20:00:00+00:00,America/New_York,2026-06-07 10:12:07.910534+00:00,
YUMC,YUMC,success,4681,2026-03-12 13:30:00+00:00,2026-06-05 20:00:00+00:00,America/New_York,2026-06-07 10:12:31.482226+00:00,
Z,Z,success,4681,2026-03-12 13:30:00+00:00,2026-06-05 20:00:00+00:00,America/New_York,2026-06-07 10:12:54.304937+00:00,
ZBH,ZBH,success,4681,2026-03-12 13:30:00+00:00,2026-06-05 20:00:00+00:00,America/New_York,2026-06-07 10:12:28.229481+00:00,
ZBIO,ZBIO,success,4500,2026-03-12 13:30:00+00:00,2026-06-05 20:00:00+00:00,America/New_York,2026-06-07 10:14:28.456215+00:00,
ZBRA,ZBRA,success,4672,2026-03-12 13:30:00+00:00,2026-06-05 20:00:00+00:00,America/New_York,2026-06-07 10:12:42.252242+00:00,
ZD,ZD,success,4557,2026-03-12 13:30:00+00:00,2026-06-05 20:00:00+00:00,America/New_York,2026-06-07 10:14:07.449841+00:00,
ZEPP,ZEPP,success,3231,2026-03-12 13:30:00+00:00,2026-06-05 20:00:00+00:00,America/New_York,2026-06-07 10:15:56.931347+00:00,
ZETA,ZETA,success,4681,2026-03-12 13:30:00+00:00,2026-06-05 20:00:00+00:00,America/New_York,2026-06-07 10:13:13.657409+00:00,
ZGN,ZGN,success,4629,2026-03-12 13:30:00+00:00,2026-06-05 20:00:00+00:00,America/New_York,2026-06-07 10:13:07.152828+00:00,
ZH,ZH,success,3954,2026-03-12 13:30:00+00:00,2026-06-05 20:00:00+00:00,America/New_York,2026-06-07 10:15:39.744822+00:00,
ZIM,ZIM,success,4679,2026-03-12 13:30:00+00:00,2026-06-05 20:00:00+00:00,America/New_York,2026-06-07 10:13:41.301037+00:00,
ZION,ZION,success,4681,2026-03-12 13:30:00+00:00,2026-06-05 20:00:00+00:00,America/New_York,2026-06-07 10:12:48.721793+00:00,
ZIP,ZIP,success,4653,2026-03-12 13:30:00+00:00,2026-06-05 20:00:00+00:00,America/New_York,2026-06-07 10:15:31.527807+00:00,
ZLAB,ZLAB,success,4556,2026-03-12 13:30:00+00:00,2026-06-05 20:00:00+00:00,America/New_York,2026-06-07 10:14:03.186237+00:00,
ZM,ZM,success,4681,2026-03-12 13:30:00+00:00,2026-06-05 20:00:00+00:00,America/New_York,2026-06-07 10:12:14.399329+00:00,
ZNTL,ZNTL,success,4559,2026-03-12 13:30:00+00:00,2026-06-05 20:00:00+00:00,America/New_York,2026-06-07 10:15:30.647211+00:00,
ZS,ZS,success,4681,2026-03-12 13:30:00+00:00,2026-06-05 20:00:00+00:00,America/New_York,2026-06-07 10:12:23.079089+00:00,
ZSQR,ZSQR,success,1870,2026-04-27 16:20:00+00:00,2026-06-05 20:00:00+00:00,America/New_York,2026-06-07 10:15:00.063356+00:00,
ZTO,ZTO,success,4679,2026-03-12 13:30:00+00:00,2026-06-05 20:00:00+00:00,America/New_York,2026-06-07 10:12:28.748610+00:00,
ZTS,ZTS,success,4681,2026-03-12 13:30:00+00:00,2026-06-05 20:00:00+00:00,America/New_York,2026-06-07 10:12:11.604584+00:00,
ZUMZ,ZUMZ,success,3386,2026-03-12 13:30:00+00:00,2026-06-05 20:00:00+00:00,America/New_York,2026-06-07 10:15:27.400728+00:00,
ZURA,ZURA,success,4493,2026-03-12 13:30:00+00:00,2026-06-05 20:00:00+00:00,America/New_York,2026-06-07 10:15:22.849612+00:00,
ZVRA,ZVRA,success,4637,2026-03-12 13:30:00+00:00,2026-06-05 20:00:00+00:00,America/New_York,2026-06-07 10:14:51.519777+00:00,
ZWS,ZWS,success,4675,2026-03-12 13:30:00+00:00,2026-06-05 20:00:00+00:00,America/New_York,2026-06-07 10:12:54.637270+00:00,
ZYME,ZYME,success,4551,2026-03-12 13:30:00+00:00,2026-06-05 20:00:00+00:00,America/New_York,2026-06-07 10:14:04.143793+00:00,
