source_symbol,symbol,row_count,min_timestamp,max_timestamp,exchange_timezone,last_fetch_at
A,A,4680,2026-03-12 13:30:00+00:00,2026-06-05 20:00:00+00:00,America/New_York,2026-06-07 10:12:09.983866+00:00
AA,AA,4681,2026-03-12 13:30:00+00:00,2026-06-05 20:00:00+00:00,America/New_York,2026-06-07 10:12:26.514024+00:00
AACP,AACP,69,2026-05-28 13:50:00+00:00,2026-06-05 20:00:00+00:00,America/New_York,2026-06-07 10:15:39.241013+00:00
AAL,AAL,4681,2026-03-12 13:30:00+00:00,2026-06-05 20:00:00+00:00,America/New_York,2026-06-07 10:12:50.991828+00:00
AAMI,AAMI,4312,2026-03-12 13:30:00+00:00,2026-06-05 20:00:00+00:00,America/New_York,2026-06-07 10:13:47.650870+00:00
AAOI,AAOI,4681,2026-03-12 13:30:00+00:00,2026-06-05 20:00:00+00:00,America/New_York,2026-06-07 10:12:33.733168+00:00
AAON,AAON,4630,2026-03-12 13:30:00+00:00,2026-06-05 20:00:00+00:00,America/New_York,2026-06-07 10:12:43.225298+00:00
AAP,AAP,4681,2026-03-12 13:30:00+00:00,2026-06-05 20:00:00+00:00,America/New_York,2026-06-07 10:13:34.853805+00:00
AAPG,AAPG,290,2026-03-13 13:30:00+00:00,2026-06-05 20:00:00+00:00,America/New_York,2026-06-07 10:14:09.607188+00:00
AAPL,AAPL,4681,2026-03-12 13:30:00+00:00,2026-06-05 20:00:00+00:00,America/New_York,2026-06-07 10:11:44.545585+00:00
AARD,AARD,3707,2026-03-12 13:30:00+00:00,2026-06-05 20:00:00+00:00,America/New_York,2026-06-07 10:15:58.820660+00:00
AAT,AAT,4421,2026-03-12 13:30:00+00:00,2026-06-05 20:00:00+00:00,America/New_York,2026-06-07 10:14:14.791679+00:00
AAUC,AAUC,4237,2026-03-12 13:30:00+00:00,2026-06-05 20:00:00+00:00,America/New_York,2026-06-07 10:13:38.974725+00:00
ABAT,ABAT,4681,2026-03-12 13:30:00+00:00,2026-06-05 20:00:00+00:00,America/New_York,2026-06-07 10:15:11.487041+00:00
ABBV,ABBV,4681,2026-03-12 13:30:00+00:00,2026-06-05 20:00:00+00:00,America/New_York,2026-06-07 10:11:46.274737+00:00
ABCB,ABCB,4533,2026-03-12 13:30:00+00:00,2026-06-05 20:00:00+00:00,America/New_York,2026-06-07 10:13:07.670721+00:00
ABCL,ABCL,4681,2026-03-12 13:30:00+00:00,2026-06-05 20:00:00+00:00,America/New_York,2026-06-07 10:14:07.763773+00:00
ABEO,ABEO,4610,2026-03-12 13:30:00+00:00,2026-06-05 20:00:00+00:00,America/New_York,2026-06-07 10:15:24.605554+00:00
ABEV,ABEV,4681,2026-03-12 13:30:00+00:00,2026-06-05 20:00:00+00:00,America/New_York,2026-06-07 10:12:05.789014+00:00
ABG,ABG,3977,2026-03-12 13:30:00+00:00,2026-06-05 20:00:00+00:00,America/New_York,2026-06-07 10:13:33.039719+00:00
ABM,ABM,4498,2026-03-12 13:30:00+00:00,2026-06-05 20:00:00+00:00,America/New_York,2026-06-07 10:13:47.895999+00:00
ABNB,ABNB,4681,2026-03-12 13:30:00+00:00,2026-06-05 20:00:00+00:00,America/New_York,2026-06-07 10:11:57.164810+00:00
ABR,ABR,4681,2026-03-12 13:30:00+00:00,2026-06-05 20:00:00+00:00,America/New_York,2026-06-07 10:14:31.116892+00:00
ABSI,ABSI,4681,2026-03-12 13:30:00+00:00,2026-06-05 20:00:00+00:00,America/New_York,2026-06-07 10:14:33.056810+00:00
ABT,ABT,4681,2026-03-12 13:30:00+00:00,2026-06-05 20:00:00+00:00,America/New_York,2026-06-07 10:11:50.829621+00:00
ABUS,ABUS,4619,2026-03-12 13:30:00+00:00,2026-06-05 20:00:00+00:00,America/New_York,2026-06-07 10:14:39.975430+00:00
ABVX,ABVX,4666,2026-03-12 13:30:00+00:00,2026-06-05 20:00:00+00:00,America/New_York,2026-06-07 10:12:54.331451+00:00
ABX,ABX,4582,2026-03-12 13:30:00+00:00,2026-06-05 20:00:00+00:00,America/New_York,2026-06-07 10:14:38.674522+00:00
ACA,ACA,4125,2026-03-12 13:30:00+00:00,2026-06-05 20:00:00+00:00,America/New_York,2026-06-07 10:13:07.072938+00:00
ACAD,ACAD,4679,2026-03-12 13:30:00+00:00,2026-06-05 20:00:00+00:00,America/New_York,2026-06-07 10:13:31.944710+00:00
ACB,ACB,4473,2026-03-12 13:30:00+00:00,2026-06-05 20:00:00+00:00,America/New_York,2026-06-07 10:15:41.583993+00:00
ACCO,ACCO,4632,2026-03-12 13:30:00+00:00,2026-06-05 20:00:00+00:00,America/New_York,2026-06-07 10:15:19.471203+00:00
ACDC,ACDC,4677,2026-03-12 13:30:00+00:00,2026-06-05 20:00:00+00:00,America/New_York,2026-06-07 10:14:22.252249+00:00
ACEL,ACEL,4297,2026-03-12 13:30:00+00:00,2026-06-05 20:00:00+00:00,America/New_York,2026-06-07 10:14:31.649450+00:00
ACET,ACET,3051,2026-03-12 13:30:00+00:00,2026-06-05 20:00:00+00:00,America/New_York,2026-06-07 10:16:01.299512+00:00
ACGC,ACGC,52,2026-05-28 13:50:00+00:00,2026-06-05 20:00:00+00:00,America/New_York,2026-06-07 10:15:27.022054+00:00
ACGL,ACGL,4681,2026-03-12 13:30:00+00:00,2026-06-05 20:00:00+00:00,America/New_York,2026-06-07 10:12:13.082148+00:00
ACHC,ACHC,4681,2026-03-12 13:30:00+00:00,2026-06-05 20:00:00+00:00,America/New_York,2026-06-07 10:13:55.088314+00:00
ACHR,ACHR,4681,2026-03-12 13:30:00+00:00,2026-06-05 20:00:00+00:00,America/New_York,2026-06-07 10:13:26.038392+00:00
ACHV,ACHV,4529,2026-03-12 13:30:00+00:00,2026-06-05 20:00:00+00:00,America/New_York,2026-06-07 10:14:59.650677+00:00
ACI,ACI,4681,2026-03-12 13:30:00+00:00,2026-06-05 20:00:00+00:00,America/New_York,2026-06-07 10:12:53.032640+00:00
ACIC,ACIC,3637,2026-03-12 13:30:00+00:00,2026-06-05 20:00:00+00:00,America/New_York,2026-06-07 10:15:01.447620+00:00
ACIW,ACIW,4603,2026-03-12 13:30:00+00:00,2026-06-05 20:00:00+00:00,America/New_York,2026-06-07 10:13:21.959602+00:00
ACLS,ACLS,4618,2026-03-12 13:30:00+00:00,2026-06-05 20:00:00+00:00,America/New_York,2026-06-07 10:13:21.158429+00:00
ACM,ACM,4673,2026-03-12 13:30:00+00:00,2026-06-05 20:00:00+00:00,America/New_York,2026-06-07 10:12:48.302078+00:00
ACMR,ACMR,4670,2026-03-12 13:30:00+00:00,2026-06-05 20:00:00+00:00,America/New_York,2026-06-07 10:13:13.112408+00:00
ACN,ACN,4681,2026-03-12 13:30:00+00:00,2026-06-05 20:00:00+00:00,America/New_York,2026-06-07 10:11:53.977415+00:00
ACNB,ACNB,1965,2026-03-12 13:30:00+00:00,2026-06-05 20:00:00+00:00,America/New_York,2026-06-07 10:14:55.364113+00:00
ACNT,ACNT,2574,2026-03-12 13:30:00+00:00,2026-06-05 20:00:00+00:00,America/New_York,2026-06-07 10:15:51.717504+00:00
ACOG,ACOG,1534,2026-03-12 13:30:00+00:00,2026-06-05 20:00:00+00:00,America/New_York,2026-06-07 10:15:52.764386+00:00
ACR,ACR,1155,2026-03-12 13:30:00+00:00,2026-06-05 20:00:00+00:00,America/New_York,2026-06-07 10:15:50.270942+00:00
ACRE,ACRE,4499,2026-03-12 13:30:00+00:00,2026-06-05 20:00:00+00:00,America/New_York,2026-06-07 10:15:29.129818+00:00
ACRS,ACRS,4660,2026-03-12 13:30:00+00:00,2026-06-05 20:00:00+00:00,America/New_York,2026-06-07 10:14:53.343321+00:00
ACT,ACT,4191,2026-03-12 13:30:00+00:00,2026-06-05 20:00:00+00:00,America/New_York,2026-06-07 10:13:08.199039+00:00
ACTG,ACTG,3849,2026-03-12 13:30:00+00:00,2026-06-05 20:00:00+00:00,America/New_York,2026-06-07 10:15:06.540871+00:00
ACU,ACU,1276,2026-03-12 13:30:00+00:00,2026-06-05 20:00:00+00:00,America/New_York,2026-06-07 10:15:46.062772+00:00
ACVA,ACVA,4681,2026-03-12 13:30:00+00:00,2026-06-05 20:00:00+00:00,America/New_York,2026-06-07 10:14:33.403495+00:00
AD,AD,3483,2026-03-12 13:30:00+00:00,2026-06-05 20:00:00+00:00,America/New_York,2026-06-07 10:13:22.534637+00:00
ADAG,ADAG,2522,2026-03-12 13:30:00+00:00,2026-06-05 20:00:00+00:00,America/New_York,2026-06-07 10:15:46.868708+00:00
ADAM,ADAM,4574,2026-03-12 13:30:00+00:00,2026-06-05 20:00:00+00:00,America/New_York,2026-06-07 10:14:41.618421+00:00
ADBE,ADBE,4681,2026-03-12 13:30:00+00:00,2026-06-05 20:00:00+00:00,America/New_York,2026-06-07 10:11:54.524753+00:00
ADC,ADC,4677,2026-03-12 13:30:00+00:00,2026-06-05 20:00:00+00:00,America/New_York,2026-06-07 10:12:51.348713+00:00
ADEA,ADEA,4676,2026-03-12 13:30:00+00:00,2026-06-05 20:00:00+00:00,America/New_York,2026-06-07 10:13:38.539226+00:00
ADI,ADI,4681,2026-03-12 13:30:00+00:00,2026-06-05 20:00:00+00:00,America/New_York,2026-06-07 10:11:49.078781+00:00
ADM,ADM,4681,2026-03-12 13:30:00+00:00,2026-06-05 20:00:00+00:00,America/New_York,2026-06-07 10:12:09.582744+00:00
ADMA,ADMA,4681,2026-03-12 13:30:00+00:00,2026-06-05 20:00:00+00:00,America/New_York,2026-06-07 10:14:02.011844+00:00
ADNT,ADNT,4664,2026-03-12 13:30:00+00:00,2026-06-05 20:00:00+00:00,America/New_York,2026-06-07 10:14:04.898451+00:00
ADP,ADP,4681,2026-03-12 13:30:00+00:00,2026-06-05 20:00:00+00:00,America/New_York,2026-06-07 10:11:55.736531+00:00
ADPT,ADPT,4681,2026-03-12 13:30:00+00:00,2026-06-05 20:00:00+00:00,America/New_York,2026-06-07 10:13:46.710873+00:00
ADSE,ADSE,305,2026-03-12 16:55:00+00:00,2026-06-05 20:00:00+00:00,America/New_York,2026-06-07 10:14:47.644327+00:00
ADSK,ADSK,4681,2026-03-12 13:30:00+00:00,2026-06-05 20:00:00+00:00,America/New_York,2026-06-07 10:12:06.044257+00:00
ADT,ADT,4681,2026-03-12 13:30:00+00:00,2026-06-05 20:00:00+00:00,America/New_York,2026-06-07 10:13:12.146448+00:00
ADTN,ADTN,4677,2026-03-12 13:30:00+00:00,2026-06-05 20:00:00+00:00,America/New_York,2026-06-07 10:14:23.381991+00:00
ADUR,ADUR,4214,2026-03-12 13:30:00+00:00,2026-06-05 20:00:00+00:00,America/New_York,2026-06-07 10:15:04.136187+00:00
ADUS,ADUS,3849,2026-03-12 13:30:00+00:00,2026-06-05 20:00:00+00:00,America/New_York,2026-06-07 10:14:07.182875+00:00
ADV,ADV,2938,2026-03-12 13:30:00+00:00,2026-06-05 20:00:00+00:00,America/New_York,2026-06-07 10:15:01.397437+00:00
AEBI,AEBI,4049,2026-03-12 13:30:00+00:00,2026-06-05 20:00:00+00:00,America/New_York,2026-06-07 10:14:37.348892+00:00
AEC,AEC,1716,2026-03-12 13:30:00+00:00,2026-06-05 20:00:00+00:00,America/New_York,2026-06-07 10:15:59.789065+00:00
AEE,AEE,4681,2026-03-12 13:30:00+00:00,2026-06-05 20:00:00+00:00,America/New_York,2026-06-07 10:12:14.988200+00:00
AEG,AEG,4676,2026-03-12 13:30:00+00:00,2026-06-05 20:00:00+00:00,America/New_York,2026-06-07 10:12:38.205473+00:00
AEHR,AEHR,4681,2026-03-12 13:30:00+00:00,2026-06-05 20:00:00+00:00,America/New_York,2026-06-07 10:13:39.704471+00:00
AEIS,AEIS,4579,2026-03-12 13:30:00+00:00,2026-06-05 20:00:00+00:00,America/New_York,2026-06-07 10:12:41.888924+00:00
AEM,AEM,4681,2026-03-12 13:30:00+00:00,2026-06-05 20:00:00+00:00,America/New_York,2026-06-07 10:11:57.668322+00:00
AENT,AENT,1178,2026-03-12 13:50:00+00:00,2026-06-05 20:00:00+00:00,America/New_York,2026-06-07 10:15:28.373139+00:00
AEO,AEO,4681,2026-03-12 13:30:00+00:00,2026-06-05 20:00:00+00:00,America/New_York,2026-06-07 10:13:44.900263+00:00
AEP,AEP,4681,2026-03-12 13:30:00+00:00,2026-06-05 20:00:00+00:00,America/New_York,2026-06-07 10:12:00.755089+00:00
AER,AER,4677,2026-03-12 13:30:00+00:00,2026-06-05 20:00:00+00:00,America/New_York,2026-06-07 10:12:22.404732+00:00
AERO,AERO,4133,2026-03-12 13:30:00+00:00,2026-06-05 20:00:00+00:00,America/New_York,2026-06-07 10:13:53.070490+00:00
AES,AES,4681,2026-03-12 13:30:00+00:00,2026-06-05 20:00:00+00:00,America/New_York,2026-06-07 10:12:44.474818+00:00
AESI,AESI,4681,2026-03-12 13:30:00+00:00,2026-06-05 20:00:00+00:00,America/New_York,2026-06-07 10:13:58.464131+00:00
AESPU,AESPU,12,2026-06-04 19:40:00+00:00,2026-06-05 20:00:00+00:00,America/New_York,2026-06-07 10:15:51.248994+00:00
AEVA,AEVA,4681,2026-03-12 13:30:00+00:00,2026-06-05 20:00:00+00:00,America/New_York,2026-06-07 10:14:17.615557+00:00
AEXA,AEXA,2225,2026-03-12 13:30:00+00:00,2026-06-05 20:00:00+00:00,America/New_York,2026-06-07 10:14:56.237812+00:00
AEYE,AEYE,3525,2026-03-12 13:30:00+00:00,2026-06-05 20:00:00+00:00,America/New_York,2026-06-07 10:15:58.357728+00:00
AFBI,AFBI,486,2026-03-13 19:55:00+00:00,2026-06-05 20:00:00+00:00,America/New_York,2026-06-07 10:15:49.613110+00:00
AFCG,AFCG,3480,2026-03-12 13:30:00+00:00,2026-06-05 20:00:00+00:00,America/New_York,2026-06-07 10:15:59.133807+00:00
AFG,AFG,4298,2026-03-12 13:30:00+00:00,2026-06-05 20:00:00+00:00,America/New_York,2026-06-07 10:12:42.173661+00:00
AFJK,AFJK,479,2026-03-12 14:50:00+00:00,2026-06-05 20:00:00+00:00,America/New_York,2026-06-07 10:15:51.613917+00:00
AFL,AFL,4681,2026-03-12 13:30:00+00:00,2026-06-05 20:00:00+00:00,America/New_York,2026-06-07 10:12:02.466926+00:00
AFRI,AFRI,570,2026-03-12 13:30:00+00:00,2026-06-05 20:00:00+00:00,America/New_York,2026-06-07 10:15:30.705230+00:00
AFRM,AFRM,4681,2026-03-12 13:30:00+00:00,2026-06-05 20:00:00+00:00,America/New_York,2026-06-07 10:12:23.475961+00:00
AFYA,AFYA,2740,2026-03-12 13:30:00+00:00,2026-06-05 20:00:00+00:00,America/New_York,2026-06-07 10:14:20.532732+00:00
AG,AG,4681,2026-03-12 13:30:00+00:00,2026-06-05 20:00:00+00:00,America/New_York,2026-06-07 10:12:53.620755+00:00
AGBK,AGBK,4295,2026-03-12 13:30:00+00:00,2026-06-05 20:00:00+00:00,America/New_York,2026-06-07 10:14:23.264674+00:00
AGCC,AGCC,1829,2026-03-12 13:30:00+00:00,2026-06-05 20:00:00+00:00,America/New_York,2026-06-07 10:14:56.102353+00:00
AGCO,AGCO,4644,2026-03-12 13:30:00+00:00,2026-06-05 20:00:00+00:00,America/New_York,2026-06-07 10:12:51.717557+00:00
AGEN,AGEN,4500,2026-03-12 13:30:00+00:00,2026-06-05 20:00:00+00:00,America/New_York,2026-06-07 10:15:50.715616+00:00
AGI,AGI,4681,2026-03-12 13:30:00+00:00,2026-06-05 20:00:00+00:00,America/New_York,2026-06-07 10:12:30.831830+00:00
AGIO,AGIO,4631,2026-03-12 13:30:00+00:00,2026-06-05 20:00:00+00:00,America/New_York,2026-06-07 10:14:08.672829+00:00
AGL,AGL,4522,2026-03-12 13:30:00+00:00,2026-06-05 20:00:00+00:00,America/New_York,2026-06-07 10:14:10.050111+00:00
AGM,AGM,2494,2026-03-12 13:30:00+00:00,2026-06-05 20:00:00+00:00,America/New_York,2026-06-07 10:14:01.294758+00:00
AGMB,AGMB,2428,2026-03-12 13:30:00+00:00,2026-06-05 20:00:00+00:00,America/New_York,2026-06-07 10:15:02.995311+00:00
AGNC,AGNC,4681,2026-03-12 13:30:00+00:00,2026-06-05 20:00:00+00:00,America/New_York,2026-06-07 10:12:40.099900+00:00
AGNT,AGNT,1556,2026-05-08 13:30:00+00:00,2026-06-05 20:00:00+00:00,America/New_York,2026-06-07 10:14:43.609592+00:00
AGO,AGO,4352,2026-03-12 13:30:00+00:00,2026-06-05 20:00:00+00:00,America/New_York,2026-06-07 10:13:33.884466+00:00
AGPU,AGPU,3486,2026-03-12 13:50:00+00:00,2026-06-05 20:00:00+00:00,America/New_York,2026-06-07 10:15:58.623796+00:00
AGRO,AGRO,4657,2026-03-12 13:30:00+00:00,2026-06-05 20:00:00+00:00,America/New_York,2026-06-07 10:14:09.474425+00:00
AGX,AGX,4508,2026-03-12 13:30:00+00:00,2026-06-05 20:00:00+00:00,America/New_York,2026-06-07 10:12:47.886668+00:00
AGYS,AGYS,4002,2026-03-12 13:30:00+00:00,2026-06-05 20:00:00+00:00,America/New_York,2026-06-07 10:13:50.068121+00:00
AHCO,AHCO,4655,2026-03-12 13:30:00+00:00,2026-06-05 20:00:00+00:00,America/New_York,2026-06-07 10:14:18.654378+00:00
AHR,AHR,4680,2026-03-12 13:30:00+00:00,2026-06-05 20:00:00+00:00,America/New_York,2026-06-07 10:12:46.138579+00:00
AHRT,AHRT,4648,2026-03-12 13:30:00+00:00,2026-06-05 20:00:00+00:00,America/New_York,2026-06-07 10:14:47.762030+00:00
AI,AI,4681,2026-03-12 13:30:00+00:00,2026-06-05 20:00:00+00:00,America/New_York,2026-06-07 10:14:14.135737+00:00
AIAI,AIAI,880,2026-05-14 15:45:00+00:00,2026-06-05 20:00:00+00:00,America/New_York,2026-06-07 10:14:40.948701+00:00
AIG,AIG,4681,2026-03-12 13:30:00+00:00,2026-06-05 20:00:00+00:00,America/New_York,2026-06-07 10:12:07.858376+00:00
AII,AII,2783,2026-03-12 13:30:00+00:00,2026-06-05 20:00:00+00:00,America/New_York,2026-06-07 10:15:21.010314+00:00
AIIR,AIIR,225,2026-05-18 13:30:00+00:00,2026-06-05 20:00:00+00:00,America/New_York,2026-06-07 10:14:27.965943+00:00
AIN,AIN,3904,2026-03-12 13:30:00+00:00,2026-06-05 20:00:00+00:00,America/New_York,2026-06-07 10:14:00.974483+00:00
AIOT,AIOT,4649,2026-03-12 13:30:00+00:00,2026-06-05 20:00:00+00:00,America/New_York,2026-06-07 10:15:00.974734+00:00
AIP,AIP,4617,2026-03-12 13:30:00+00:00,2026-06-05 20:00:00+00:00,America/New_York,2026-06-07 10:14:11.606818+00:00
AIR,AIR,4490,2026-03-12 13:30:00+00:00,2026-06-05 20:00:00+00:00,America/New_York,2026-06-07 10:13:20.443076+00:00
AIRG,AIRG,2327,2026-03-12 13:30:00+00:00,2026-06-05 20:00:00+00:00,America/New_York,2026-06-07 10:15:57.502992+00:00
AIRJ,AIRJ,4221,2026-03-12 13:30:00+00:00,2026-06-05 20:00:00+00:00,America/New_York,2026-06-07 10:15:22.326073+00:00
AIRO,AIRO,4594,2026-03-12 13:30:00+00:00,2026-06-05 20:00:00+00:00,America/New_York,2026-06-07 10:15:30.924111+00:00
AIRS,AIRS,4614,2026-03-12 13:30:00+00:00,2026-06-05 20:00:00+00:00,America/New_York,2026-06-07 10:15:16.595586+00:00
AIT,AIT,4582,2026-03-12 13:30:00+00:00,2026-06-05 20:00:00+00:00,America/New_York,2026-06-07 10:12:39.454527+00:00
AIV,AIV,4657,2026-03-12 13:30:00+00:00,2026-06-05 20:00:00+00:00,America/New_York,2026-06-07 10:15:07.524549+00:00
AIZ,AIZ,4426,2026-03-12 13:30:00+00:00,2026-06-05 20:00:00+00:00,America/New_York,2026-06-07 10:12:36.817643+00:00
AJG,AJG,4681,2026-03-12 13:30:00+00:00,2026-06-05 20:00:00+00:00,America/New_York,2026-06-07 10:12:04.030347+00:00
AKAM,AKAM,4681,2026-03-12 13:30:00+00:00,2026-06-05 20:00:00+00:00,America/New_York,2026-06-07 10:12:22.601149+00:00
AKO.B,AKO-B,697,2026-03-12 13:30:00+00:00,2026-06-05 19:00:00+00:00,America/New_York,2026-06-07 10:13:28.172228+00:00
AKR,AKR,4669,2026-03-12 13:30:00+00:00,2026-06-05 20:00:00+00:00,America/New_York,2026-06-07 10:13:41.233914+00:00
AKTS,AKTS,3821,2026-03-12 13:30:00+00:00,2026-06-05 20:00:00+00:00,America/New_York,2026-06-07 10:14:30.752570+00:00
ALAB,ALAB,4681,2026-03-12 13:30:00+00:00,2026-06-05 20:00:00+00:00,America/New_York,2026-06-07 10:12:04.330496+00:00
ALAR,ALAR,1637,2026-03-12 13:40:00+00:00,2026-06-05 20:00:00+00:00,America/New_York,2026-06-07 10:16:00.819583+00:00
ALB,ALB,4681,2026-03-12 13:30:00+00:00,2026-06-05 20:00:00+00:00,America/New_York,2026-06-07 10:12:26.991060+00:00
ALC,ALC,4680,2026-03-12 13:30:00+00:00,2026-06-05 20:00:00+00:00,America/New_York,2026-06-07 10:12:12.351286+00:00
ALCO,ALCO,1173,2026-03-12 13:30:00+00:00,2026-06-05 20:00:00+00:00,America/New_York,2026-06-07 10:15:24.405658+00:00
ALG,ALG,3271,2026-03-12 13:30:00+00:00,2026-06-05 20:00:00+00:00,America/New_York,2026-06-07 10:14:04.636225+00:00
ALGM,ALGM,4681,2026-03-12 13:30:00+00:00,2026-06-05 20:00:00+00:00,America/New_York,2026-06-07 10:12:52.225224+00:00
ALGN,ALGN,4625,2026-03-12 13:30:00+00:00,2026-06-05 20:00:00+00:00,America/New_York,2026-06-07 10:12:39.105267+00:00
ALGT,ALGT,4522,2026-03-12 13:30:00+00:00,2026-06-05 20:00:00+00:00,America/New_York,2026-06-07 10:13:54.823026+00:00
ALH,ALH,4581,2026-03-12 13:30:00+00:00,2026-06-05 20:00:00+00:00,America/New_York,2026-06-07 10:13:15.796359+00:00
ALHC,ALHC,4681,2026-03-12 13:30:00+00:00,2026-06-05 20:00:00+00:00,America/New_York,2026-06-07 10:13:39.128343+00:00
ALK,ALK,4681,2026-03-12 13:30:00+00:00,2026-06-05 20:00:00+00:00,America/New_York,2026-06-07 10:13:16.008550+00:00
ALKS,ALKS,4681,2026-03-12 13:30:00+00:00,2026-06-05 20:00:00+00:00,America/New_York,2026-06-07 10:12:59.425862+00:00
ALKT,ALKT,4678,2026-03-12 13:30:00+00:00,2026-06-05 20:00:00+00:00,America/New_York,2026-06-07 10:14:08.074854+00:00
ALL,ALL,4680,2026-03-12 13:30:00+00:00,2026-06-05 20:00:00+00:00,America/New_York,2026-06-07 10:12:03.065847+00:00
ALLE,ALLE,4669,2026-03-12 13:30:00+00:00,2026-06-05 20:00:00+00:00,America/New_York,2026-06-07 10:12:41.843772+00:00
ALLT,ALLT,4185,2026-03-12 13:30:00+00:00,2026-06-05 20:00:00+00:00,America/New_York,2026-06-07 10:15:17.081300+00:00
ALLY,ALLY,4681,2026-03-12 13:30:00+00:00,2026-06-05 20:00:00+00:00,America/New_York,2026-06-07 10:12:36.113001+00:00
ALM,ALM,4681,2026-03-12 13:30:00+00:00,2026-06-05 20:00:00+00:00,America/New_York,2026-06-07 10:13:20.001055+00:00
ALMR,ALMR,2160,2026-04-17 13:35:00+00:00,2026-06-05 20:00:00+00:00,America/New_York,2026-06-07 10:14:16.008164+00:00
ALMS,ALMS,4663,2026-03-12 13:30:00+00:00,2026-06-05 20:00:00+00:00,America/New_York,2026-06-07 10:13:51.651635+00:00
ALMU,ALMU,4635,2026-03-12 13:30:00+00:00,2026-06-05 20:00:00+00:00,America/New_York,2026-06-07 10:15:12.273620+00:00
ALNT,ALNT,3847,2026-03-12 13:30:00+00:00,2026-06-05 20:00:00+00:00,America/New_York,2026-06-07 10:14:15.220515+00:00
ALNY,ALNY,4678,2026-03-12 13:30:00+00:00,2026-06-05 20:00:00+00:00,America/New_York,2026-06-07 10:12:08.576513+00:00
ALOT,ALOT,1487,2026-03-12 16:20:00+00:00,2026-06-05 20:00:00+00:00,America/New_York,2026-06-07 10:15:53.478623+00:00
ALOY,ALOY,4681,2026-03-12 13:30:00+00:00,2026-06-05 20:00:00+00:00,America/New_York,2026-06-07 10:14:43.580077+00:00
ALRM,ALRM,4448,2026-03-12 13:30:00+00:00,2026-06-05 20:00:00+00:00,America/New_York,2026-06-07 10:13:54.654666+00:00
ALRS,ALRS,3346,2026-03-12 13:30:00+00:00,2026-06-05 20:00:00+00:00,America/New_York,2026-06-07 10:14:44.893157+00:00
ALSN,ALSN,4649,2026-03-12 13:30:00+00:00,2026-06-05 20:00:00+00:00,America/New_York,2026-06-07 10:12:47.646903+00:00
ALTG,ALTG,4016,2026-03-12 13:30:00+00:00,2026-06-05 20:00:00+00:00,America/New_York,2026-06-07 10:15:38.777289+00:00
ALTO,ALTO,4667,2026-03-12 13:30:00+00:00,2026-06-05 20:00:00+00:00,America/New_York,2026-06-07 10:15:09.429321+00:00
ALV,ALV,4652,2026-03-12 13:30:00+00:00,2026-06-05 20:00:00+00:00,America/New_York,2026-06-07 10:12:46.771040+00:00
ALVO,ALVO,4141,2026-03-12 13:30:00+00:00,2026-06-05 20:00:00+00:00,America/New_York,2026-06-07 10:14:28.336587+00:00
ALX,ALX,1390,2026-03-12 13:30:00+00:00,2026-06-05 20:00:00+00:00,America/New_York,2026-06-07 10:14:19.410021+00:00
AM,AM,4681,2026-03-12 13:30:00+00:00,2026-06-05 20:00:00+00:00,America/New_York,2026-06-07 10:12:45.142836+00:00
AMAL,AMAL,3240,2026-03-12 13:30:00+00:00,2026-06-05 20:00:00+00:00,America/New_York,2026-06-07 10:14:20.632773+00:00
AMAN,AMAN,237,2026-05-19 14:00:00+00:00,2026-06-05 20:00:00+00:00,America/New_York,2026-06-07 10:15:55.341958+00:00
AMAT,AMAT,4681,2026-03-12 13:30:00+00:00,2026-06-05 20:00:00+00:00,America/New_York,2026-06-07 10:11:46.205537+00:00
AMBA,AMBA,4657,2026-03-12 13:30:00+00:00,2026-06-05 20:00:00+00:00,America/New_York,2026-06-07 10:13:46.157125+00:00
AMBP,AMBP,4659,2026-03-12 13:30:00+00:00,2026-06-05 20:00:00+00:00,America/New_York,2026-06-07 10:13:52.736035+00:00
AMBQ,AMBQ,4469,2026-03-12 13:30:00+00:00,2026-06-05 20:00:00+00:00,America/New_York,2026-06-07 10:14:11.292026+00:00
AMCI,AMCI,2018,2026-03-12 13:30:00+00:00,2026-06-05 20:00:00+00:00,America/New_York,2026-06-07 10:15:54.505802+00:00
AMCR,AMCR,4681,2026-03-12 13:30:00+00:00,2026-06-05 20:00:00+00:00,America/New_York,2026-06-07 10:12:27.777634+00:00
AMCX,AMCX,4427,2026-03-12 13:30:00+00:00,2026-06-05 20:00:00+00:00,America/New_York,2026-06-07 10:15:08.796501+00:00
AMD,AMD,4681,2026-03-12 13:30:00+00:00,2026-06-05 20:00:00+00:00,America/New_York,2026-06-07 10:11:45.206908+00:00
AME,AME,4672,2026-03-12 13:30:00+00:00,2026-06-05 20:00:00+00:00,America/New_York,2026-06-07 10:12:04.704364+00:00
AMG,AMG,4320,2026-03-12 13:30:00+00:00,2026-06-05 20:00:00+00:00,America/New_York,2026-06-07 10:12:50.109126+00:00
AMGN,AMGN,4681,2026-03-12 13:30:00+00:00,2026-06-05 20:00:00+00:00,America/New_York,2026-06-07 10:11:49.505854+00:00
AMH,AMH,4681,2026-03-12 13:30:00+00:00,2026-06-05 20:00:00+00:00,America/New_York,2026-06-07 10:12:39.243596+00:00
AMKR,AMKR,4681,2026-03-12 13:30:00+00:00,2026-06-05 20:00:00+00:00,America/New_York,2026-06-07 10:12:30.005001+00:00
AMLX,AMLX,4652,2026-03-12 13:30:00+00:00,2026-06-05 20:00:00+00:00,America/New_York,2026-06-07 10:14:15.975576+00:00
AMN,AMN,4660,2026-03-12 13:30:00+00:00,2026-06-05 20:00:00+00:00,America/New_York,2026-06-07 10:14:23.919959+00:00
AMP,AMP,4678,2026-03-12 13:30:00+00:00,2026-06-05 20:00:00+00:00,America/New_York,2026-06-07 10:12:07.487222+00:00
AMPG,AMPG,4346,2026-03-12 13:30:00+00:00,2026-06-05 20:00:00+00:00,America/New_York,2026-06-07 10:15:51.377141+00:00
AMPH,AMPH,4575,2026-03-12 13:30:00+00:00,2026-06-05 20:00:00+00:00,America/New_York,2026-06-07 10:14:38.348140+00:00
AMPL,AMPL,4676,2026-03-12 13:30:00+00:00,2026-06-05 20:00:00+00:00,America/New_York,2026-06-07 10:14:31.396134+00:00
AMPX,AMPX,4681,2026-03-12 13:30:00+00:00,2026-06-05 20:00:00+00:00,America/New_York,2026-06-07 10:13:46.786165+00:00
AMPY,AMPY,4660,2026-03-12 13:30:00+00:00,2026-06-05 20:00:00+00:00,America/New_York,2026-06-07 10:15:43.897768+00:00
AMR,AMR,4171,2026-03-12 13:30:00+00:00,2026-06-05 20:00:00+00:00,America/New_York,2026-06-07 10:13:48.219764+00:00
AMRC,AMRC,4546,2026-03-12 13:30:00+00:00,2026-06-05 20:00:00+00:00,America/New_York,2026-06-07 10:14:12.606108+00:00
AMRN,AMRN,2077,2026-03-12 13:55:00+00:00,2026-06-05 20:00:00+00:00,America/New_York,2026-06-07 10:15:27.618462+00:00
AMRX,AMRX,4674,2026-03-12 13:30:00+00:00,2026-06-05 20:00:00+00:00,America/New_York,2026-06-07 10:13:23.163968+00:00
AMRZ,AMRZ,4681,2026-03-12 13:30:00+00:00,2026-06-05 20:00:00+00:00,America/New_York,2026-06-07 10:12:14.811920+00:00
AMSC,AMSC,4671,2026-03-12 13:30:00+00:00,2026-06-05 20:00:00+00:00,America/New_York,2026-06-07 10:13:59.593931+00:00
AMSF,AMSF,3845,2026-03-12 13:30:00+00:00,2026-06-05 20:00:00+00:00,America/New_York,2026-06-07 10:14:54.237032+00:00
AMT,AMT,4681,2026-03-12 13:30:00+00:00,2026-06-05 20:00:00+00:00,America/New_York,2026-06-07 10:11:56.058676+00:00
AMTB,AMTB,4185,2026-03-12 13:30:00+00:00,2026-06-05 20:00:00+00:00,America/New_York,2026-06-07 10:14:37.022257+00:00
AMTM,AMTM,4681,2026-03-12 13:30:00+00:00,2026-06-05 20:00:00+00:00,America/New_York,2026-06-07 10:13:10.750724+00:00
AMWL,AMWL,2479,2026-03-12 13:30:00+00:00,2026-06-05 20:00:00+00:00,America/New_York,2026-06-07 10:15:48.994987+00:00
AMX,AMX,4678,2026-03-12 13:30:00+00:00,2026-06-05 20:00:00+00:00,America/New_York,2026-06-07 10:11:59.099329+00:00
AMZN,AMZN,4681,2026-03-12 13:30:00+00:00,2026-06-05 20:00:00+00:00,America/New_York,2026-06-07 10:11:44.384387+00:00
AN,AN,4362,2026-03-12 13:30:00+00:00,2026-06-05 20:00:00+00:00,America/New_York,2026-06-07 10:13:04.333542+00:00
ANAB,ANAB,4530,2026-03-12 13:30:00+00:00,2026-06-05 20:00:00+00:00,America/New_York,2026-06-07 10:14:16.870862+00:00
ANDE,ANDE,4090,2026-03-12 13:30:00+00:00,2026-06-05 20:00:00+00:00,America/New_York,2026-06-07 10:13:50.728958+00:00
ANDG,ANDG,3958,2026-03-12 13:30:00+00:00,2026-06-05 20:00:00+00:00,America/New_York,2026-06-07 10:13:23.610160+00:00
ANET,ANET,4681,2026-03-12 13:30:00+00:00,2026-06-05 20:00:00+00:00,America/New_York,2026-06-07 10:11:49.054174+00:00
ANF,ANF,4679,2026-03-12 13:30:00+00:00,2026-06-05 20:00:00+00:00,America/New_York,2026-06-07 10:13:35.009358+00:00
ANGI,ANGI,4651,2026-03-12 13:30:00+00:00,2026-06-05 20:00:00+00:00,America/New_York,2026-06-07 10:15:35.053993+00:00
ANGO,ANGO,4256,2026-03-12 13:30:00+00:00,2026-06-05 20:00:00+00:00,America/New_York,2026-06-07 10:15:02.162245+00:00
ANIK,ANIK,3002,2026-03-12 13:35:00+00:00,2026-06-05 20:00:00+00:00,America/New_York,2026-06-07 10:15:41.343423+00:00
ANIP,ANIP,4015,2026-03-12 13:30:00+00:00,2026-06-05 20:00:00+00:00,America/New_York,2026-06-07 10:14:04.377350+00:00
ANL,ANL,3650,2026-03-12 13:30:00+00:00,2026-06-05 20:00:00+00:00,America/New_York,2026-06-07 10:15:12.220322+00:00
ANNA,ANNA,4417,2026-03-12 13:30:00+00:00,2026-06-05 20:00:00+00:00,America/New_York,2026-06-07 10:15:39.861845+00:00
ANNX,ANNX,4674,2026-03-12 13:30:00+00:00,2026-06-05 20:00:00+00:00,America/New_York,2026-06-07 10:14:39.199668+00:00
ANPA,ANPA,877,2026-03-12 13:30:00+00:00,2026-06-05 20:00:00+00:00,America/New_York,2026-06-07 10:15:57.270982+00:00
ANRO,ANRO,4363,2026-03-12 13:30:00+00:00,2026-06-05 20:00:00+00:00,America/New_York,2026-06-07 10:14:50.490266+00:00
ANTX,ANTX,3778,2026-03-12 13:30:00+00:00,2026-06-05 20:00:00+00:00,America/New_York,2026-06-07 10:15:50.054315+00:00
AOMR,AOMR,3030,2026-03-12 13:30:00+00:00,2026-06-05 20:00:00+00:00,America/New_York,2026-06-07 10:15:41.141605+00:00
AON,AON,4681,2026-03-12 13:30:00+00:00,2026-06-05 20:00:00+00:00,America/New_York,2026-06-07 10:12:00.667755+00:00
AORT,AORT,4401,2026-03-12 13:30:00+00:00,2026-06-05 20:00:00+00:00,America/New_York,2026-06-07 10:14:34.556283+00:00
AOS,AOS,4681,2026-03-12 13:30:00+00:00,2026-06-05 20:00:00+00:00,America/New_York,2026-06-07 10:12:54.597712+00:00
AOSL,AOSL,4488,2026-03-12 13:30:00+00:00,2026-06-05 20:00:00+00:00,America/New_York,2026-06-07 10:14:21.869893+00:00
AOUT,AOUT,1785,2026-03-12 13:30:00+00:00,2026-06-05 20:00:00+00:00,America/New_York,2026-06-07 10:15:52.559683+00:00
AP,AP,3749,2026-03-12 13:30:00+00:00,2026-06-05 20:00:00+00:00,America/New_York,2026-06-07 10:15:40.655952+00:00
APA,APA,4681,2026-03-12 13:30:00+00:00,2026-06-05 20:00:00+00:00,America/New_York,2026-06-07 10:12:36.633930+00:00
APAM,APAM,4660,2026-03-12 13:30:00+00:00,2026-06-05 20:00:00+00:00,America/New_York,2026-06-07 10:13:41.820635+00:00
APC,APC,3043,2026-03-12 13:30:00+00:00,2026-06-05 20:00:00+00:00,America/New_York,2026-06-07 10:14:36.460308+00:00
APD,APD,4681,2026-03-12 13:30:00+00:00,2026-06-05 20:00:00+00:00,America/New_York,2026-06-07 10:12:02.133899+00:00
APEI,APEI,4115,2026-03-12 13:30:00+00:00,2026-06-05 20:00:00+00:00,America/New_York,2026-06-07 10:14:33.713231+00:00
APG,APG,4681,2026-03-12 13:30:00+00:00,2026-06-05 20:00:00+00:00,America/New_York,2026-06-07 10:12:27.930715+00:00
APGE,APGE,4567,2026-03-12 13:30:00+00:00,2026-06-05 20:00:00+00:00,America/New_York,2026-06-07 10:13:03.167702+00:00
APH,APH,4681,2026-03-12 13:30:00+00:00,2026-06-05 20:00:00+00:00,America/New_York,2026-06-07 10:11:50.100442+00:00
API,API,4242,2026-03-12 13:30:00+00:00,2026-06-05 20:00:00+00:00,America/New_York,2026-06-07 10:15:05.828319+00:00
APLD,APLD,4681,2026-03-12 13:30:00+00:00,2026-06-05 20:00:00+00:00,America/New_York,2026-06-07 10:12:41.564156+00:00
APLE,APLE,4681,2026-03-12 13:30:00+00:00,2026-06-05 20:00:00+00:00,America/New_York,2026-06-07 10:13:31.052471+00:00
APO,APO,4681,2026-03-12 13:30:00+00:00,2026-06-05 20:00:00+00:00,America/New_York,2026-06-07 10:11:59.596576+00:00
APOG,APOG,3844,2026-03-12 13:30:00+00:00,2026-06-05 20:00:00+00:00,America/New_York,2026-06-07 10:14:42.747313+00:00
APP,APP,4681,2026-03-12 13:30:00+00:00,2026-06-05 20:00:00+00:00,America/New_York,2026-06-07 10:11:49.582284+00:00
APPF,APPF,4540,2026-03-12 13:30:00+00:00,2026-06-05 20:00:00+00:00,America/New_York,2026-06-07 10:13:08.799190+00:00
APPN,APPN,4640,2026-03-12 13:30:00+00:00,2026-06-05 20:00:00+00:00,America/New_York,2026-06-07 10:14:03.915005+00:00
APPS,APPS,4674,2026-03-12 13:30:00+00:00,2026-06-05 20:00:00+00:00,America/New_York,2026-06-07 10:14:29.203196+00:00
APT,APT,2122,2026-03-12 13:30:00+00:00,2026-06-05 20:00:00+00:00,America/New_York,2026-06-07 10:16:04.414508+00:00
APTV,APTV,4681,2026-03-12 13:30:00+00:00,2026-06-05 20:00:00+00:00,America/New_York,2026-06-07 10:12:32.424007+00:00
APURU,APURU,202,2026-05-21 13:30:00+00:00,2026-06-05 20:00:00+00:00,America/New_York,2026-06-07 10:15:55.865253+00:00
APXT,APXT,187,2026-03-16 14:10:00+00:00,2026-06-05 20:00:00+00:00,America/New_York,2026-06-07 10:15:04.810607+00:00
APYX,APYX,3156,2026-03-12 13:30:00+00:00,2026-06-05 20:00:00+00:00,America/New_York,2026-06-07 10:15:43.020389+00:00
AQN,AQN,4680,2026-03-12 13:30:00+00:00,2026-06-05 20:00:00+00:00,America/New_York,2026-06-07 10:13:19.692106+00:00
AQST,AQST,4661,2026-03-12 13:30:00+00:00,2026-06-05 20:00:00+00:00,America/New_York,2026-06-07 10:15:03.503414+00:00
AR,AR,4681,2026-03-12 13:30:00+00:00,2026-06-05 20:00:00+00:00,America/New_York,2026-06-07 10:12:42.523603+00:00
ARCB,ARCB,4113,2026-03-12 13:30:00+00:00,2026-06-05 20:00:00+00:00,America/New_York,2026-06-07 10:13:33.676877+00:00
ARCC,ARCC,4681,2026-03-12 13:30:00+00:00,2026-06-05 20:00:00+00:00,America/New_York,2026-06-07 10:12:35.366502+00:00
ARCL,ARCL,31,2026-05-29 15:15:00+00:00,2026-06-05 20:00:00+00:00,America/New_York,2026-06-07 10:15:43.387095+00:00
ARCO,ARCO,4627,2026-03-12 13:30:00+00:00,2026-06-05 20:00:00+00:00,America/New_York,2026-06-07 10:14:06.635641+00:00
ARCT,ARCT,4563,2026-03-12 13:30:00+00:00,2026-06-05 20:00:00+00:00,America/New_York,2026-06-07 10:15:38.938016+00:00
ARDT,ARDT,4283,2026-03-12 13:30:00+00:00,2026-06-05 20:00:00+00:00,America/New_York,2026-06-07 10:14:22.732791+00:00
ARDX,ARDX,4681,2026-03-12 13:30:00+00:00,2026-06-05 20:00:00+00:00,America/New_York,2026-06-07 10:14:18.468622+00:00
ARE,ARE,4681,2026-03-12 13:30:00+00:00,2026-06-05 20:00:00+00:00,America/New_York,2026-06-07 10:12:51.098848+00:00
ARES,ARES,4681,2026-03-12 13:30:00+00:00,2026-06-05 20:00:00+00:00,America/New_York,2026-06-07 10:12:08.441157+00:00
ARGX,ARGX,4570,2026-03-12 13:30:00+00:00,2026-06-05 20:00:00+00:00,America/New_York,2026-06-07 10:12:03.877424+00:00
ARHS,ARHS,4661,2026-03-12 13:30:00+00:00,2026-06-05 20:00:00+00:00,America/New_York,2026-06-07 10:14:37.176239+00:00
ARI,ARI,4668,2026-03-12 13:30:00+00:00,2026-06-05 20:00:00+00:00,America/New_York,2026-06-07 10:14:14.962170+00:00
ARIS,ARIS,4677,2026-03-12 13:30:00+00:00,2026-06-05 20:00:00+00:00,America/New_York,2026-06-07 10:13:36.653802+00:00
ARKO,ARKO,4545,2026-03-12 13:30:00+00:00,2026-06-05 20:00:00+00:00,America/New_York,2026-06-07 10:14:40.352533+00:00
ARLO,ARLO,4674,2026-03-12 13:30:00+00:00,2026-06-05 20:00:00+00:00,America/New_York,2026-06-07 10:14:17.793923+00:00
ARM,ARM,4681,2026-03-12 13:30:00+00:00,2026-06-05 20:00:00+00:00,America/New_York,2026-06-07 10:11:46.303836+00:00
ARMK,ARMK,4681,2026-03-12 13:30:00+00:00,2026-06-05 20:00:00+00:00,America/New_York,2026-06-07 10:12:34.314787+00:00
ARMP,ARMP,2564,2026-03-12 13:30:00+00:00,2026-06-05 20:00:00+00:00,America/New_York,2026-06-07 10:15:29.439370+00:00
AROC,AROC,4681,2026-03-12 13:30:00+00:00,2026-06-05 20:00:00+00:00,America/New_York,2026-06-07 10:13:06.869145+00:00
AROW,AROW,2255,2026-03-12 13:30:00+00:00,2026-06-05 20:00:00+00:00,America/New_York,2026-06-07 10:14:52.527718+00:00
ARQQ,ARQQ,4391,2026-03-12 13:30:00+00:00,2026-06-05 20:00:00+00:00,America/New_York,2026-06-07 10:15:42.466066+00:00
ARQT,ARQT,4675,2026-03-12 13:30:00+00:00,2026-06-05 20:00:00+00:00,America/New_York,2026-06-07 10:13:47.702710+00:00
ARR,ARR,4681,2026-03-12 13:30:00+00:00,2026-06-05 20:00:00+00:00,America/New_York,2026-06-07 10:13:59.217047+00:00
ARRY,ARRY,4681,2026-03-12 13:30:00+00:00,2026-06-05 20:00:00+00:00,America/New_York,2026-06-07 10:14:22.905639+00:00
ARTC,ARTC,123,2026-03-12 13:50:00+00:00,2026-06-05 20:00:00+00:00,America/New_York,2026-06-07 10:15:19.071365+00:00
ARTNA,ARTNA,2006,2026-03-12 13:30:00+00:00,2026-06-05 20:00:00+00:00,America/New_York,2026-06-07 10:15:20.038039+00:00
ARTV,ARTV,3852,2026-03-12 13:30:00+00:00,2026-06-05 20:00:00+00:00,America/New_York,2026-06-07 10:15:45.808358+00:00
ARVN,ARVN,4592,2026-03-12 13:30:00+00:00,2026-06-05 20:00:00+00:00,America/New_York,2026-06-07 10:15:03.253220+00:00
ARW,ARW,4575,2026-03-12 13:30:00+00:00,2026-06-05 20:00:00+00:00,America/New_York,2026-06-07 10:12:41.477422+00:00
ARWR,ARWR,4681,2026-03-12 13:30:00+00:00,2026-06-05 20:00:00+00:00,America/New_York,2026-06-07 10:12:44.936697+00:00
ARX,ARX,4662,2026-03-12 13:30:00+00:00,2026-06-05 20:00:00+00:00,America/New_York,2026-06-07 10:13:37.841535+00:00
ARXS,ARXS,2684,2026-04-16 13:30:00+00:00,2026-06-05 20:00:00+00:00,America/New_York,2026-06-07 10:12:29.576443+00:00
AS,AS,4681,2026-03-12 13:30:00+00:00,2026-06-05 20:00:00+00:00,America/New_York,2026-06-07 10:12:25.966055+00:00
ASAN,ASAN,4681,2026-03-12 13:30:00+00:00,2026-06-05 20:00:00+00:00,America/New_York,2026-06-07 10:14:04.583495+00:00
ASB,ASB,4681,2026-03-12 13:30:00+00:00,2026-06-05 20:00:00+00:00,America/New_York,2026-06-07 10:13:19.952838+00:00
ASC,ASC,4633,2026-03-12 13:30:00+00:00,2026-06-05 20:00:00+00:00,America/New_York,2026-06-07 10:14:48.357800+00:00
ASH,ASH,4634,2026-03-12 13:30:00+00:00,2026-06-05 20:00:00+00:00,America/New_York,2026-06-07 10:13:48.774409+00:00
ASIC,ASIC,2557,2026-03-12 13:30:00+00:00,2026-06-05 20:00:00+00:00,America/New_York,2026-06-07 10:14:34.010477+00:00
ASIX,ASIX,4378,2026-03-12 13:30:00+00:00,2026-06-05 20:00:00+00:00,America/New_York,2026-06-07 10:14:54.714193+00:00
ASLE,ASLE,3889,2026-03-12 13:30:00+00:00,2026-06-05 20:00:00+00:00,America/New_York,2026-06-07 10:15:26.313565+00:00
ASM,ASM,4681,2026-03-12 13:30:00+00:00,2026-06-05 20:00:00+00:00,America/New_York,2026-06-07 10:14:32.916519+00:00
ASMB,ASMB,2852,2026-03-12 13:30:00+00:00,2026-06-05 20:00:00+00:00,America/New_York,2026-06-07 10:15:05.405224+00:00
ASML,ASML,4681,2026-03-12 13:30:00+00:00,2026-06-05 20:00:00+00:00,America/New_York,2026-06-07 10:11:45.161681+00:00
ASND,ASND,4419,2026-03-12 13:30:00+00:00,2026-06-05 20:00:00+00:00,America/New_York,2026-06-07 10:12:36.840287+00:00
ASO,ASO,4680,2026-03-12 13:30:00+00:00,2026-06-05 20:00:00+00:00,America/New_York,2026-06-07 10:13:35.978823+00:00
ASPI,ASPI,4681,2026-03-12 13:30:00+00:00,2026-06-05 20:00:00+00:00,America/New_York,2026-06-07 10:14:39.895335+00:00
ASPN,ASPN,4675,2026-03-12 13:30:00+00:00,2026-06-05 20:00:00+00:00,America/New_York,2026-06-07 10:15:04.851173+00:00
ASPS,ASPS,968,2026-03-12 13:30:00+00:00,2026-06-05 20:00:00+00:00,America/New_York,2026-06-07 10:16:01.280694+00:00
ASR,ASR,3740,2026-03-12 13:30:00+00:00,2026-06-05 20:00:00+00:00,America/New_York,2026-06-07 10:12:52.854309+00:00
ASRT,ASRT,3480,2026-03-12 13:35:00+00:00,2026-06-05 20:00:00+00:00,America/New_York,2026-06-07 10:15:48.244315+00:00
ASST,ASST,4681,2026-03-12 13:30:00+00:00,2026-06-05 20:00:00+00:00,America/New_York,2026-06-07 10:14:31.505454+00:00
ASTC,ASTC,2171,2026-03-12 13:30:00+00:00,2026-06-05 20:00:00+00:00,America/New_York,2026-06-07 10:16:03.342271+00:00
ASTE,ASTE,3712,2026-03-12 13:30:00+00:00,2026-06-05 20:00:00+00:00,America/New_York,2026-06-07 10:14:26.747829+00:00
ASTH,ASTH,4381,2026-03-12 13:30:00+00:00,2026-06-05 20:00:00+00:00,America/New_York,2026-06-07 10:14:02.632515+00:00
ASTI,ASTI,4551,2026-03-12 13:30:00+00:00,2026-06-05 20:00:00+00:00,America/New_York,2026-06-07 10:16:02.890313+00:00
ASTL,ASTL,4630,2026-03-12 13:30:00+00:00,2026-06-05 20:00:00+00:00,America/New_York,2026-06-07 10:15:00.146016+00:00
ASTS,ASTS,4681,2026-03-12 13:30:00+00:00,2026-06-05 20:00:00+00:00,America/New_York,2026-06-07 10:12:11.327168+00:00
ASUR,ASUR,2318,2026-03-12 13:30:00+00:00,2026-06-05 20:00:00+00:00,America/New_York,2026-06-07 10:15:33.053256+00:00
ASX,ASX,4681,2026-03-12 13:30:00+00:00,2026-06-05 20:00:00+00:00,America/New_York,2026-06-07 10:11:58.250356+00:00
ASYS,ASYS,4030,2026-03-12 13:30:00+00:00,2026-06-05 20:00:00+00:00,America/New_York,2026-06-07 10:15:30.493653+00:00
ATAI,ATAI,4681,2026-03-12 13:30:00+00:00,2026-06-05 20:00:00+00:00,America/New_York,2026-06-07 10:14:15.469169+00:00
ATAT,ATAT,4656,2026-03-12 13:30:00+00:00,2026-06-05 20:00:00+00:00,America/New_York,2026-06-07 10:13:19.873036+00:00
ATEC,ATEC,4681,2026-03-12 13:30:00+00:00,2026-06-05 20:00:00+00:00,America/New_York,2026-06-07 10:14:24.220337+00:00
ATEN,ATEN,4671,2026-03-12 13:30:00+00:00,2026-06-05 20:00:00+00:00,America/New_York,2026-06-07 10:13:56.288691+00:00
ATEX,ATEX,4131,2026-03-12 13:30:00+00:00,2026-06-05 20:00:00+00:00,America/New_York,2026-06-07 10:14:22.584282+00:00
ATHM,ATHM,4608,2026-03-12 13:30:00+00:00,2026-06-05 20:00:00+00:00,America/New_York,2026-06-07 10:13:56.966188+00:00
ATI,ATI,4679,2026-03-12 13:30:00+00:00,2026-06-05 20:00:00+00:00,America/New_York,2026-06-07 10:12:19.596457+00:00
ATII,ATII,1774,2026-03-16 17:45:00+00:00,2026-06-05 20:00:00+00:00,America/New_York,2026-06-07 10:15:22.292154+00:00
ATKR,ATKR,4486,2026-03-12 13:30:00+00:00,2026-06-05 20:00:00+00:00,America/New_York,2026-06-07 10:13:46.604726+00:00
ATLC,ATLC,2409,2026-03-12 13:50:00+00:00,2026-06-05 20:00:00+00:00,America/New_York,2026-06-07 10:14:21.366661+00:00
ATLO,ATLO,2691,2026-03-12 13:30:00+00:00,2026-06-05 20:00:00+00:00,America/New_York,2026-06-07 10:15:30.381937+00:00
ATLX,ATLX,4367,2026-03-12 13:30:00+00:00,2026-06-05 20:00:00+00:00,America/New_York,2026-06-07 10:15:54.879484+00:00
ATMU,ATMU,4639,2026-03-12 13:30:00+00:00,2026-06-05 20:00:00+00:00,America/New_York,2026-06-07 10:13:30.285457+00:00
ATNI,ATNI,2302,2026-03-12 13:45:00+00:00,2026-06-05 20:00:00+00:00,America/New_York,2026-06-07 10:15:12.870596+00:00
ATO,ATO,4659,2026-03-12 13:30:00+00:00,2026-06-05 20:00:00+00:00,America/New_York,2026-06-07 10:12:16.103200+00:00
ATOM,ATOM,4640,2026-03-12 13:30:00+00:00,2026-06-05 20:00:00+00:00,America/New_York,2026-06-07 10:15:23.497451+00:00
ATR,ATR,4409,2026-03-12 13:30:00+00:00,2026-06-05 20:00:00+00:00,America/New_York,2026-06-07 10:12:56.970358+00:00
ATRA,ATRA,2758,2026-03-12 13:30:00+00:00,2026-06-05 20:00:00+00:00,America/New_York,2026-06-07 10:15:56.914730+00:00
ATRC,ATRC,4602,2026-03-12 13:30:00+00:00,2026-06-05 20:00:00+00:00,America/New_York,2026-06-07 10:14:17.909165+00:00
ATRO,ATRO,4540,2026-03-12 13:30:00+00:00,2026-06-05 20:00:00+00:00,America/New_York,2026-06-07 10:13:41.206780+00:00
ATS,ATS,3755,2026-03-12 13:30:00+00:00,2026-06-05 20:00:00+00:00,America/New_York,2026-06-07 10:13:47.392922+00:00
AU,AU,4680,2026-03-12 13:30:00+00:00,2026-06-05 20:00:00+00:00,America/New_York,2026-06-07 10:12:07.195587+00:00
AUB,AUB,4680,2026-03-12 13:30:00+00:00,2026-06-05 20:00:00+00:00,America/New_York,2026-06-07 10:13:11.609740+00:00
AUDC,AUDC,2757,2026-03-12 13:30:00+00:00,2026-06-05 20:00:00+00:00,America/New_York,2026-06-07 10:15:33.554818+00:00
AUGO,AUGO,4659,2026-03-12 13:30:00+00:00,2026-06-05 20:00:00+00:00,America/New_York,2026-06-07 10:13:15.292745+00:00
AUNA,AUNA,4076,2026-03-12 13:30:00+00:00,2026-06-05 20:00:00+00:00,America/New_York,2026-06-07 10:15:21.840887+00:00
AUPH,AUPH,4668,2026-03-12 13:30:00+00:00,2026-06-05 20:00:00+00:00,America/New_York,2026-06-07 10:13:57.981219+00:00
AUR,AUR,4681,2026-03-12 13:30:00+00:00,2026-06-05 20:00:00+00:00,America/New_York,2026-06-07 10:12:38.409429+00:00
AURA,AURA,4111,2026-03-12 13:30:00+00:00,2026-06-05 20:00:00+00:00,America/New_York,2026-06-07 10:14:47.407013+00:00
AVA,AVA,4611,2026-03-12 13:30:00+00:00,2026-06-05 20:00:00+00:00,America/New_York,2026-06-07 10:13:34.155713+00:00
AVAH,AVAH,4653,2026-03-12 13:30:00+00:00,2026-06-05 20:00:00+00:00,America/New_York,2026-06-07 10:14:17.163267+00:00
AVAV,AVAV,4681,2026-03-12 13:30:00+00:00,2026-06-05 20:00:00+00:00,America/New_York,2026-06-07 10:12:49.219868+00:00
AVB,AVB,4672,2026-03-12 13:30:00+00:00,2026-06-05 20:00:00+00:00,America/New_York,2026-06-07 10:12:17.149046+00:00
AVBC,AVBC,2112,2026-03-12 13:30:00+00:00,2026-06-05 20:00:00+00:00,America/New_York,2026-06-07 10:15:13.687554+00:00
AVBH,AVBH,2591,2026-03-12 13:30:00+00:00,2026-06-05 20:00:00+00:00,America/New_York,2026-06-07 10:15:21.469117+00:00
AVBP,AVBP,4301,2026-03-12 13:30:00+00:00,2026-06-05 20:00:00+00:00,America/New_York,2026-06-07 10:14:16.354982+00:00
AVEX,AVEX,2702,2026-04-17 13:30:00+00:00,2026-06-05 20:00:00+00:00,America/New_York,2026-06-07 10:14:26.247107+00:00
AVGO,AVGO,4681,2026-03-12 13:30:00+00:00,2026-06-05 20:00:00+00:00,America/New_York,2026-06-07 10:11:44.323553+00:00
AVIR,AVIR,4111,2026-03-12 13:30:00+00:00,2026-06-05 20:00:00+00:00,America/New_York,2026-06-07 10:15:20.199153+00:00
AVLN,AVLN,1774,2026-04-30 13:30:00+00:00,2026-06-05 20:00:00+00:00,America/New_York,2026-06-07 10:14:24.463325+00:00
AVNS,AVNS,4589,2026-03-12 13:30:00+00:00,2026-06-05 20:00:00+00:00,America/New_York,2026-06-07 10:14:26.290372+00:00
AVNT,AVNT,4615,2026-03-12 13:30:00+00:00,2026-06-05 20:00:00+00:00,America/New_York,2026-06-07 10:13:39.466217+00:00
AVNW,AVNW,3668,2026-03-12 13:30:00+00:00,2026-06-05 20:00:00+00:00,America/New_York,2026-06-07 10:15:35.663301+00:00
AVO,AVO,4660,2026-03-12 13:30:00+00:00,2026-06-05 20:00:00+00:00,America/New_York,2026-06-07 10:14:36.583966+00:00
AVPT,AVPT,4675,2026-03-12 13:30:00+00:00,2026-06-05 20:00:00+00:00,America/New_York,2026-06-07 10:13:54.386415+00:00
AVR,AVR,4608,2026-03-12 13:30:00+00:00,2026-06-05 20:00:00+00:00,America/New_York,2026-06-07 10:14:35.393164+00:00
AVT,AVT,4648,2026-03-12 13:30:00+00:00,2026-06-05 20:00:00+00:00,America/New_York,2026-06-07 10:12:58.116953+00:00
AVTR,AVTR,4681,2026-03-12 13:30:00+00:00,2026-06-05 20:00:00+00:00,America/New_York,2026-06-07 10:13:05.686259+00:00
AVTX,AVTX,4543,2026-03-12 13:30:00+00:00,2026-06-05 20:00:00+00:00,America/New_York,2026-06-07 10:14:47.276767+00:00
AVY,AVY,4624,2026-03-12 13:30:00+00:00,2026-06-05 20:00:00+00:00,America/New_York,2026-06-07 10:12:39.327041+00:00
AWI,AWI,4366,2026-03-12 13:30:00+00:00,2026-06-05 20:00:00+00:00,America/New_York,2026-06-07 10:13:01.597607+00:00
AWK,AWK,4681,2026-03-12 13:30:00+00:00,2026-06-05 20:00:00+00:00,America/New_York,2026-06-07 10:12:19.334902+00:00
AWR,AWR,4283,2026-03-12 13:30:00+00:00,2026-06-05 20:00:00+00:00,America/New_York,2026-06-07 10:13:40.641836+00:00
AX,AX,4364,2026-03-12 13:30:00+00:00,2026-06-05 20:00:00+00:00,America/New_York,2026-06-07 10:13:15.414791+00:00
AXG,AXG,2477,2026-03-12 13:30:00+00:00,2026-06-05 20:00:00+00:00,America/New_York,2026-06-07 10:14:50.291333+00:00
AXGN,AXGN,4618,2026-03-12 13:30:00+00:00,2026-06-05 20:00:00+00:00,America/New_York,2026-06-07 10:13:54.284815+00:00
AXIA,AXIA,4678,2026-03-12 13:30:00+00:00,2026-06-05 20:00:00+00:00,America/New_York,2026-06-07 10:12:21.047386+00:00
AXON,AXON,4681,2026-03-12 13:30:00+00:00,2026-06-05 20:00:00+00:00,America/New_York,2026-06-07 10:12:09.773847+00:00
AXP,AXP,4681,2026-03-12 13:30:00+00:00,2026-06-05 20:00:00+00:00,America/New_York,2026-06-07 10:11:48.637778+00:00
AXR,AXR,785,2026-03-12 13:30:00+00:00,2026-06-05 20:00:00+00:00,America/New_York,2026-06-07 10:15:50.566022+00:00
AXS,AXS,4587,2026-03-12 13:30:00+00:00,2026-06-05 20:00:00+00:00,America/New_York,2026-06-07 10:12:57.878697+00:00
AXSM,AXSM,4557,2026-03-12 13:30:00+00:00,2026-06-05 20:00:00+00:00,America/New_York,2026-06-07 10:12:40.876665+00:00
AXTA,AXTA,4681,2026-03-12 13:30:00+00:00,2026-06-05 20:00:00+00:00,America/New_York,2026-06-07 10:13:00.486004+00:00
AXTI,AXTI,4681,2026-03-12 13:30:00+00:00,2026-06-05 20:00:00+00:00,America/New_York,2026-06-07 10:13:08.483723+00:00
AYA,AYA,1803,2026-05-04 14:30:00+00:00,2026-06-05 20:00:00+00:00,America/New_York,2026-06-07 10:13:49.032426+00:00
AYI,AYI,4660,2026-03-12 13:30:00+00:00,2026-06-05 20:00:00+00:00,America/New_York,2026-06-07 10:12:48.951142+00:00
AZ,AZ,4244,2026-03-12 13:30:00+00:00,2026-06-05 20:00:00+00:00,America/New_York,2026-06-07 10:15:28.120997+00:00
AZN,AZN,4681,2026-03-12 13:30:00+00:00,2026-06-05 20:00:00+00:00,America/New_York,2026-06-07 10:11:47.294255+00:00
AZO,AZO,4673,2026-03-12 13:30:00+00:00,2026-06-05 20:00:00+00:00,America/New_York,2026-06-07 10:12:04.932674+00:00
AZTA,AZTA,4662,2026-03-12 13:30:00+00:00,2026-06-05 20:00:00+00:00,America/New_York,2026-06-07 10:14:30.805689+00:00
AZZ,AZZ,3564,2026-03-12 13:30:00+00:00,2026-06-05 20:00:00+00:00,America/New_York,2026-06-07 10:13:25.133714+00:00
B,B,4681,2026-03-12 13:30:00+00:00,2026-06-05 20:00:00+00:00,America/New_York,2026-06-07 10:12:01.375717+00:00
BA,BA,4681,2026-03-12 13:30:00+00:00,2026-06-05 20:00:00+00:00,America/New_York,2026-06-07 10:11:50.235056+00:00
BABA,BABA,4681,2026-03-12 13:30:00+00:00,2026-06-05 20:00:00+00:00,America/New_York,2026-06-07 10:11:47.061371+00:00
BAC,BAC,4681,2026-03-12 13:30:00+00:00,2026-06-05 20:00:00+00:00,America/New_York,2026-06-07 10:11:46.047970+00:00
BACC,BACC,241,2026-03-12 13:40:00+00:00,2026-06-05 20:00:00+00:00,America/New_York,2026-06-07 10:15:27.576876+00:00
BAH,BAH,4681,2026-03-12 13:30:00+00:00,2026-06-05 20:00:00+00:00,America/New_York,2026-06-07 10:12:47.757323+00:00
BALL,BALL,4681,2026-03-12 13:30:00+00:00,2026-06-05 20:00:00+00:00,America/New_York,2026-06-07 10:12:33.567230+00:00
BALY,BALY,2008,2026-03-12 13:30:00+00:00,2026-06-05 20:00:00+00:00,America/New_York,2026-06-07 10:14:48.925599+00:00
BAM,BAM,4681,2026-03-12 13:30:00+00:00,2026-06-05 20:00:00+00:00,America/New_York,2026-06-07 10:11:59.218400+00:00
BANC,BANC,4681,2026-03-12 13:30:00+00:00,2026-06-05 20:00:00+00:00,America/New_York,2026-06-07 10:13:42.390304+00:00
BAND,BAND,4526,2026-03-12 13:30:00+00:00,2026-06-05 20:00:00+00:00,America/New_York,2026-06-07 10:13:53.766355+00:00
BANF,BANF,2673,2026-03-12 13:30:00+00:00,2026-06-05 20:00:00+00:00,America/New_York,2026-06-07 10:13:31.554560+00:00
BANR,BANR,3843,2026-03-12 13:30:00+00:00,2026-06-05 20:00:00+00:00,America/New_York,2026-06-07 10:13:55.836680+00:00
BAP,BAP,4615,2026-03-12 13:30:00+00:00,2026-06-05 20:00:00+00:00,America/New_York,2026-06-07 10:12:18.484752+00:00
BARK,BARK,2833,2026-03-12 13:30:00+00:00,2026-06-05 20:00:00+00:00,America/New_York,2026-06-07 10:15:59.379614+00:00
BATRK,BATRK,4193,2026-03-12 13:30:00+00:00,2026-06-05 20:00:00+00:00,America/New_York,2026-06-07 10:13:39.597552+00:00
BAX,BAX,4681,2026-03-12 13:30:00+00:00,2026-06-05 20:00:00+00:00,America/New_York,2026-06-07 10:12:45.837977+00:00
BB,BB,4681,2026-03-12 13:30:00+00:00,2026-06-05 20:00:00+00:00,America/New_York,2026-06-07 10:13:09.973017+00:00
BBAI,BBAI,4681,2026-03-12 13:30:00+00:00,2026-06-05 20:00:00+00:00,America/New_York,2026-06-07 10:14:00.056512+00:00
BBAR,BBAR,4613,2026-03-12 13:30:00+00:00,2026-06-05 20:00:00+00:00,America/New_York,2026-06-07 10:13:28.259612+00:00
BBBY,BBBY,4680,2026-03-12 13:30:00+00:00,2026-06-05 20:00:00+00:00,America/New_York,2026-06-07 10:15:09.271166+00:00
BBCP,BBCP,2630,2026-03-12 13:30:00+00:00,2026-06-05 20:00:00+00:00,America/New_York,2026-06-07 10:14:59.702934+00:00
BBCQ,BBCQ,2008,2026-03-12 13:30:00+00:00,2026-06-05 20:00:00+00:00,America/New_York,2026-06-07 10:15:11.329839+00:00
BBDC,BBDC,4632,2026-03-12 13:30:00+00:00,2026-06-05 20:00:00+00:00,America/New_York,2026-06-07 10:14:38.259729+00:00
BBIO,BBIO,4676,2026-03-12 13:30:00+00:00,2026-06-05 20:00:00+00:00,America/New_York,2026-06-07 10:12:36.316685+00:00
BBNX,BBNX,4626,2026-03-12 13:30:00+00:00,2026-06-05 20:00:00+00:00,America/New_York,2026-06-07 10:14:53.187515+00:00
BBOT,BBOT,3959,2026-03-12 13:30:00+00:00,2026-06-05 20:00:00+00:00,America/New_York,2026-06-07 10:14:52.224409+00:00
BBSI,BBSI,3687,2026-03-12 13:30:00+00:00,2026-06-05 20:00:00+00:00,America/New_York,2026-06-07 10:14:39.353299+00:00
BBT,BBT,4632,2026-03-12 13:30:00+00:00,2026-06-05 20:00:00+00:00,America/New_York,2026-06-07 10:13:51.692023+00:00
BBVA,BBVA,4681,2026-03-12 13:30:00+00:00,2026-06-05 20:00:00+00:00,America/New_York,2026-06-07 10:11:52.508316+00:00
BBW,BBW,4429,2026-03-12 13:30:00+00:00,2026-06-05 20:00:00+00:00,America/New_York,2026-06-07 10:15:06.012922+00:00
BBWI,BBWI,4681,2026-03-12 13:30:00+00:00,2026-06-05 20:00:00+00:00,America/New_York,2026-06-07 10:13:33.803473+00:00
BBY,BBY,4681,2026-03-12 13:30:00+00:00,2026-06-05 20:00:00+00:00,America/New_York,2026-06-07 10:12:31.986426+00:00
BC,BC,4593,2026-03-12 13:30:00+00:00,2026-06-05 20:00:00+00:00,America/New_York,2026-06-07 10:13:13.451997+00:00
BCAL,BCAL,3324,2026-03-12 13:30:00+00:00,2026-06-05 20:00:00+00:00,America/New_York,2026-06-07 10:14:51.386017+00:00
BCAR,BCAR,2428,2026-03-12 13:30:00+00:00,2026-06-05 20:00:00+00:00,America/New_York,2026-06-07 10:15:08.359722+00:00
BCAX,BCAX,4421,2026-03-12 13:30:00+00:00,2026-06-05 20:00:00+00:00,America/New_York,2026-06-07 10:14:19.825528+00:00
BCBP,BCBP,2884,2026-03-12 13:30:00+00:00,2026-06-05 20:00:00+00:00,America/New_York,2026-06-07 10:15:41.286246+00:00
BCC,BCC,4411,2026-03-12 13:30:00+00:00,2026-06-05 20:00:00+00:00,America/New_York,2026-06-07 10:13:52.054526+00:00
BCE,BCE,4681,2026-03-12 13:30:00+00:00,2026-06-05 20:00:00+00:00,America/New_York,2026-06-07 10:12:20.911303+00:00
BCH,BCH,4467,2026-03-12 13:30:00+00:00,2026-06-05 20:00:00+00:00,America/New_York,2026-06-07 10:12:26.831141+00:00
BCIC,BCIC,2787,2026-03-12 13:30:00+00:00,2026-06-05 20:00:00+00:00,America/New_York,2026-06-07 10:15:56.590520+00:00
BCML,BCML,1361,2026-03-12 13:30:00+00:00,2026-06-05 20:00:00+00:00,America/New_York,2026-06-07 10:15:18.762028+00:00
BCO,BCO,4520,2026-03-12 13:30:00+00:00,2026-06-05 20:00:00+00:00,America/New_York,2026-06-07 10:13:24.450165+00:00
BCPC,BCPC,3212,2026-03-12 13:30:00+00:00,2026-06-05 20:00:00+00:00,America/New_York,2026-06-07 10:13:14.200882+00:00
BCRX,BCRX,4681,2026-03-12 13:30:00+00:00,2026-06-05 20:00:00+00:00,America/New_York,2026-06-07 10:13:58.256716+00:00
BCS,BCS,4681,2026-03-12 13:30:00+00:00,2026-06-05 20:00:00+00:00,America/New_York,2026-06-07 10:11:57.291990+00:00
BCSF,BCSF,4486,2026-03-12 13:30:00+00:00,2026-06-05 20:00:00+00:00,America/New_York,2026-06-07 10:14:40.617222+00:00
BCSS,BCSS,352,2026-03-12 13:30:00+00:00,2026-06-04 19:40:00+00:00,America/New_York,2026-06-07 10:14:53.967699+00:00
BCYC,BCYC,4229,2026-03-12 13:30:00+00:00,2026-06-05 20:00:00+00:00,America/New_York,2026-06-07 10:15:27.862861+00:00
BDC,BDC,4421,2026-03-12 13:30:00+00:00,2026-06-05 20:00:00+00:00,America/New_York,2026-06-07 10:13:24.360857+00:00
BDCI,BDCI,119,2026-03-13 15:35:00+00:00,2026-06-05 20:00:00+00:00,America/New_York,2026-06-07 10:15:18.404999+00:00
BDN,BDN,4677,2026-03-12 13:30:00+00:00,2026-06-05 20:00:00+00:00,America/New_York,2026-06-07 10:14:56.847539+00:00
BDSX,BDSX,2225,2026-03-12 13:30:00+00:00,2026-06-05 20:00:00+00:00,America/New_York,2026-06-07 10:15:46.628657+00:00
BDX,BDX,4681,2026-03-12 13:30:00+00:00,2026-06-05 20:00:00+00:00,America/New_York,2026-06-07 10:12:08.053759+00:00
BE,BE,4681,2026-03-12 13:30:00+00:00,2026-06-05 20:00:00+00:00,America/New_York,2026-06-07 10:11:59.514964+00:00
BEAG,BEAG,372,2026-03-12 15:35:00+00:00,2026-06-05 20:00:00+00:00,America/New_York,2026-06-07 10:15:20.954244+00:00
BEAM,BEAM,4681,2026-03-12 13:30:00+00:00,2026-06-05 20:00:00+00:00,America/New_York,2026-06-07 10:13:42.096975+00:00
BEKE,BEKE,4681,2026-03-12 13:30:00+00:00,2026-06-05 20:00:00+00:00,America/New_York,2026-06-07 10:12:25.485765+00:00
BELFB,BELFB,3527,2026-03-12 13:30:00+00:00,2026-06-05 20:00:00+00:00,America/New_York,2026-06-07 10:13:31.480180+00:00
BEN,BEN,4681,2026-03-12 13:30:00+00:00,2026-06-05 20:00:00+00:00,America/New_York,2026-06-07 10:12:29.307307+00:00
BEPC,BEPC,4679,2026-03-12 13:30:00+00:00,2026-06-05 20:00:00+00:00,America/New_York,2026-06-07 10:13:00.051593+00:00
BETA,BETA,4680,2026-03-12 13:30:00+00:00,2026-06-05 20:00:00+00:00,America/New_York,2026-06-07 10:13:27.453950+00:00
BETR,BETR,4490,2026-03-12 13:30:00+00:00,2026-06-05 20:00:00+00:00,America/New_York,2026-06-07 10:15:03.627849+00:00
BF.B,BF-B,4680,2026-03-12 13:30:00+00:00,2026-06-05 20:00:00+00:00,America/New_York,2026-06-07 10:12:39.026635+00:00
BFAM,BFAM,4647,2026-03-12 13:30:00+00:00,2026-06-05 20:00:00+00:00,America/New_York,2026-06-07 10:13:34.511128+00:00
BFC,BFC,2087,2026-03-12 13:30:00+00:00,2026-06-05 20:00:00+00:00,America/New_York,2026-06-07 10:14:10.684936+00:00
BFH,BFH,4572,2026-03-12 13:30:00+00:00,2026-06-05 20:00:00+00:00,America/New_York,2026-06-07 10:13:31.384881+00:00
BFLY,BFLY,4681,2026-03-12 13:30:00+00:00,2026-06-05 20:00:00+00:00,America/New_York,2026-06-07 10:14:26.644766+00:00
BFS,BFS,2217,2026-03-12 13:30:00+00:00,2026-06-05 20:00:00+00:00,America/New_York,2026-06-07 10:14:37.274082+00:00
BFST,BFST,3594,2026-03-12 13:30:00+00:00,2026-06-05 20:00:00+00:00,America/New_York,2026-06-07 10:14:35.622091+00:00
BG,BG,4681,2026-03-12 13:30:00+00:00,2026-06-05 20:00:00+00:00,America/New_York,2026-06-07 10:12:18.826345+00:00
BGC,BGC,4681,2026-03-12 13:30:00+00:00,2026-06-05 20:00:00+00:00,America/New_York,2026-06-07 10:13:12.642879+00:00
BGS,BGS,4680,2026-03-12 13:30:00+00:00,2026-06-05 20:00:00+00:00,America/New_York,2026-06-07 10:15:24.595449+00:00
BGSF,BGSF,932,2026-03-12 13:30:00+00:00,2026-06-05 20:00:00+00:00,America/New_York,2026-06-07 10:16:03.785759+00:00
BGSI,BGSI,2103,2026-03-12 13:30:00+00:00,2026-06-05 20:00:00+00:00,America/New_York,2026-06-07 10:13:43.936288+00:00
BH,BH,3419,2026-03-12 13:30:00+00:00,2026-06-05 20:00:00+00:00,America/New_York,2026-06-07 10:14:34.843016+00:00
BHB,BHB,2992,2026-03-12 13:30:00+00:00,2026-06-05 20:00:00+00:00,America/New_York,2026-06-07 10:14:53.979717+00:00
BHC,BHC,4673,2026-03-12 13:30:00+00:00,2026-06-05 20:00:00+00:00,America/New_York,2026-06-07 10:13:59.851732+00:00
BHE,BHE,4431,2026-03-12 13:30:00+00:00,2026-06-05 20:00:00+00:00,America/New_York,2026-06-07 10:13:41.567067+00:00
BHF,BHF,4458,2026-03-12 13:30:00+00:00,2026-06-05 20:00:00+00:00,America/New_York,2026-06-07 10:13:32.679295+00:00
BHP,BHP,4681,2026-03-12 13:30:00+00:00,2026-06-05 20:00:00+00:00,America/New_York,2026-06-07 10:11:48.718282+00:00
BHRB,BHRB,3027,2026-03-12 13:30:00+00:00,2026-06-05 20:00:00+00:00,America/New_York,2026-06-07 10:14:20.412318+00:00
BHST,BHST,716,2026-03-12 14:05:00+00:00,2026-06-05 20:00:00+00:00,America/New_York,2026-06-07 10:16:00.713556+00:00
BHVN,BHVN,4681,2026-03-12 13:30:00+00:00,2026-06-05 20:00:00+00:00,America/New_York,2026-06-07 10:14:11.040390+00:00
BIDU,BIDU,4680,2026-03-12 13:30:00+00:00,2026-06-05 20:00:00+00:00,America/New_York,2026-06-07 10:12:07.468868+00:00
BIDWU,BIDWU,109,2026-05-29 13:30:00+00:00,2026-06-05 20:00:00+00:00,America/New_York,2026-06-07 10:15:48.137319+00:00
BIIB,BIIB,4656,2026-03-12 13:30:00+00:00,2026-06-05 20:00:00+00:00,America/New_York,2026-06-07 10:12:15.568000+00:00
BILI,BILI,4680,2026-03-12 13:30:00+00:00,2026-06-05 20:00:00+00:00,America/New_York,2026-06-07 10:12:57.019970+00:00
BILL,BILL,4681,2026-03-12 13:30:00+00:00,2026-06-05 20:00:00+00:00,America/New_York,2026-06-07 10:13:32.632591+00:00
BIO,BIO,4623,2026-03-12 13:30:00+00:00,2026-06-05 20:00:00+00:00,America/New_York,2026-06-07 10:12:55.407807+00:00
BIOA,BIOA,4398,2026-03-12 13:30:00+00:00,2026-06-05 20:00:00+00:00,America/New_York,2026-06-07 10:14:46.794242+00:00
BIPC,BIPC,4677,2026-03-12 13:30:00+00:00,2026-06-05 20:00:00+00:00,America/New_York,2026-06-07 10:13:11.475212+00:00
BIRK,BIRK,4681,2026-03-12 13:30:00+00:00,2026-06-05 20:00:00+00:00,America/New_York,2026-06-07 10:12:55.124814+00:00
BJ,BJ,4681,2026-03-12 13:30:00+00:00,2026-06-05 20:00:00+00:00,America/New_York,2026-06-07 10:12:41.156342+00:00
BJRI,BJRI,4284,2026-03-12 13:30:00+00:00,2026-06-05 20:00:00+00:00,America/New_York,2026-06-07 10:14:36.533620+00:00
BKD,BKD,4681,2026-03-12 13:30:00+00:00,2026-06-05 20:00:00+00:00,America/New_York,2026-06-07 10:13:42.682256+00:00
BKE,BKE,4453,2026-03-12 13:30:00+00:00,2026-06-05 20:00:00+00:00,America/New_York,2026-06-07 10:13:53.834473+00:00
BKH,BKH,4672,2026-03-12 13:30:00+00:00,2026-06-05 20:00:00+00:00,America/New_York,2026-06-07 10:13:12.932781+00:00
BKKT,BKKT,4676,2026-03-12 13:30:00+00:00,2026-06-05 20:00:00+00:00,America/New_York,2026-06-07 10:15:18.464272+00:00
BKNG,BKNG,4681,2026-03-12 13:30:00+00:00,2026-06-05 20:00:00+00:00,America/New_York,2026-06-07 10:11:52.406412+00:00
BKR,BKR,4681,2026-03-12 13:30:00+00:00,2026-06-05 20:00:00+00:00,America/New_York,2026-06-07 10:12:02.548742+00:00
BKSY,BKSY,4680,2026-03-12 13:30:00+00:00,2026-06-05 20:00:00+00:00,America/New_York,2026-06-07 10:14:20.958694+00:00
BKTI,BKTI,2157,2026-03-12 13:30:00+00:00,2026-06-05 20:00:00+00:00,America/New_York,2026-06-07 10:15:25.873100+00:00
BKU,BKU,4630,2026-03-12 13:30:00+00:00,2026-06-05 20:00:00+00:00,America/New_York,2026-06-07 10:13:33.218349+00:00
BKV,BKV,4658,2026-03-12 13:30:00+00:00,2026-06-05 20:00:00+00:00,America/New_York,2026-06-07 10:13:44.725791+00:00
BL,BL,4661,2026-03-12 13:30:00+00:00,2026-06-05 20:00:00+00:00,America/New_York,2026-06-07 10:14:07.736123+00:00
BLBD,BLBD,4417,2026-03-12 13:30:00+00:00,2026-06-05 20:00:00+00:00,America/New_York,2026-06-07 10:13:55.973526+00:00
BLCO,BLCO,4466,2026-03-12 13:30:00+00:00,2026-06-05 20:00:00+00:00,America/New_York,2026-06-07 10:13:10.946800+00:00
BLD,BLD,4662,2026-03-12 13:30:00+00:00,2026-06-05 20:00:00+00:00,America/New_York,2026-06-07 10:12:41.420646+00:00
BLDP,BLDP,4674,2026-03-12 13:30:00+00:00,2026-06-05 20:00:00+00:00,America/New_York,2026-06-07 10:14:13.786994+00:00
BLDR,BLDR,4681,2026-03-12 13:30:00+00:00,2026-06-05 20:00:00+00:00,America/New_York,2026-06-07 10:12:54.041732+00:00
BLFS,BLFS,4408,2026-03-12 13:30:00+00:00,2026-06-05 20:00:00+00:00,America/New_York,2026-06-07 10:14:20.171582+00:00
BLK,BLK,4681,2026-03-12 13:30:00+00:00,2026-06-05 20:00:00+00:00,America/New_York,2026-06-07 10:11:50.381905+00:00
BLKB,BLKB,4619,2026-03-12 13:30:00+00:00,2026-06-05 20:00:00+00:00,America/New_York,2026-06-07 10:14:20.432338+00:00
BLLN,BLLN,4379,2026-03-12 13:30:00+00:00,2026-06-05 20:00:00+00:00,America/New_York,2026-06-07 10:13:22.860354+00:00
BLMN,BLMN,4680,2026-03-12 13:30:00+00:00,2026-06-05 20:00:00+00:00,America/New_York,2026-06-07 10:14:52.148094+00:00
BLSH,BLSH,4681,2026-03-12 13:30:00+00:00,2026-06-05 20:00:00+00:00,America/New_York,2026-06-07 10:13:27.235028+00:00
BLTE,BLTE,3324,2026-03-12 13:30:00+00:00,2026-06-05 20:00:00+00:00,America/New_York,2026-06-07 10:13:09.628999+00:00
BLUW,BLUW,156,2026-03-12 18:10:00+00:00,2026-06-05 20:00:00+00:00,America/New_York,2026-06-07 10:15:20.852713+00:00
BLX,BLX,3559,2026-03-12 13:30:00+00:00,2026-06-05 20:00:00+00:00,America/New_York,2026-06-07 10:14:00.494499+00:00
BLZE,BLZE,4559,2026-03-12 13:30:00+00:00,2026-06-05 20:00:00+00:00,America/New_York,2026-06-07 10:15:06.171171+00:00
BLZR,BLZR,216,2026-03-13 16:35:00+00:00,2026-06-05 20:00:00+00:00,America/New_York,2026-06-07 10:15:18.570087+00:00
BMA,BMA,4317,2026-03-12 13:30:00+00:00,2026-06-05 20:00:00+00:00,America/New_York,2026-06-07 10:13:08.385211+00:00
BMI,BMI,4434,2026-03-12 13:30:00+00:00,2026-06-05 20:00:00+00:00,America/New_York,2026-06-07 10:13:30.438387+00:00
BMM,BMM,2445,2026-03-12 13:35:00+00:00,2026-06-05 20:00:00+00:00,America/New_York,2026-06-07 10:15:00.908633+00:00
BMNR,BMNR,4681,2026-03-12 13:30:00+00:00,2026-06-05 20:00:00+00:00,America/New_York,2026-06-07 10:12:50.061501+00:00
BMO,BMO,4676,2026-03-12 13:30:00+00:00,2026-06-05 20:00:00+00:00,America/New_York,2026-06-07 10:11:53.476974+00:00
BMRC,BMRC,2754,2026-03-12 13:30:00+00:00,2026-06-05 20:00:00+00:00,America/New_York,2026-06-07 10:15:09.860085+00:00
BMRN,BMRN,4680,2026-03-12 13:30:00+00:00,2026-06-05 20:00:00+00:00,America/New_York,2026-06-07 10:12:42.916967+00:00
BMY,BMY,4681,2026-03-12 13:30:00+00:00,2026-06-05 20:00:00+00:00,America/New_York,2026-06-07 10:11:53.423409+00:00
BN,BN,4681,2026-03-12 13:30:00+00:00,2026-06-05 20:00:00+00:00,America/New_York,2026-06-07 10:11:55.176430+00:00
BNAI,BNAI,4242,2026-03-12 13:30:00+00:00,2026-06-05 20:00:00+00:00,America/New_York,2026-06-07 10:15:48.854866+00:00
BNED,BNED,4137,2026-03-12 13:30:00+00:00,2026-06-05 20:00:00+00:00,America/New_York,2026-06-07 10:15:17.680442+00:00
BNL,BNL,4680,2026-03-12 13:30:00+00:00,2026-06-05 20:00:00+00:00,America/New_York,2026-06-07 10:13:27.529416+00:00
BNR,BNR,973,2026-03-12 14:00:00+00:00,2026-06-05 20:00:00+00:00,America/New_York,2026-06-07 10:15:55.547154+00:00
BNS,BNS,4681,2026-03-12 13:30:00+00:00,2026-06-05 20:00:00+00:00,America/New_York,2026-06-07 10:11:55.294145+00:00
BNT,BNT,1586,2026-03-12 13:30:00+00:00,2026-06-05 20:00:00+00:00,America/New_York,2026-06-07 10:12:31.968863+00:00
BNTC,BNTC,3035,2026-03-12 13:30:00+00:00,2026-06-05 20:00:00+00:00,America/New_York,2026-06-07 10:15:17.739185+00:00
BNTX,BNTX,4614,2026-03-12 13:30:00+00:00,2026-06-05 20:00:00+00:00,America/New_York,2026-06-07 10:12:21.330674+00:00
BNY,BNY,781,2026-05-22 13:30:00+00:00,2026-06-05 20:00:00+00:00,America/New_York,2026-06-07 10:11:55.127761+00:00
BOBS,BOBS,4649,2026-03-12 13:30:00+00:00,2026-06-05 20:00:00+00:00,America/New_York,2026-06-07 10:14:09.967613+00:00
BOC,BOC,3543,2026-03-12 13:30:00+00:00,2026-06-05 20:00:00+00:00,America/New_York,2026-06-07 10:15:09.290557+00:00
BODI,BODI,2617,2026-03-12 13:30:00+00:00,2026-06-05 20:00:00+00:00,America/New_York,2026-06-07 10:16:00.545187+00:00
BOF,BOF,1647,2026-03-12 13:30:00+00:00,2026-06-05 20:00:00+00:00,America/New_York,2026-06-07 10:16:03.459700+00:00
BOH,BOH,4438,2026-03-12 13:30:00+00:00,2026-06-05 20:00:00+00:00,America/New_York,2026-06-07 10:13:40.714174+00:00
BOKF,BOKF,4115,2026-03-12 13:30:00+00:00,2026-06-05 20:00:00+00:00,America/New_York,2026-06-07 10:12:53.952750+00:00
BOOM,BOOM,4168,2026-03-12 13:30:00+00:00,2026-06-05 20:00:00+00:00,America/New_York,2026-06-07 10:15:49.708320+00:00
BOOT,BOOT,4636,2026-03-12 13:30:00+00:00,2026-06-05 20:00:00+00:00,America/New_York,2026-06-07 10:13:14.372508+00:00
BORR,BORR,4681,2026-03-12 13:30:00+00:00,2026-06-05 20:00:00+00:00,America/New_York,2026-06-07 10:14:13.905426+00:00
BOTJ,BOTJ,717,2026-03-12 14:00:00+00:00,2026-06-05 20:00:00+00:00,America/New_York,2026-06-07 10:15:54.755492+00:00
BOW,BOW,3673,2026-03-12 13:30:00+00:00,2026-06-05 20:00:00+00:00,America/New_York,2026-06-07 10:14:39.411608+00:00
BOX,BOX,4681,2026-03-12 13:30:00+00:00,2026-06-05 20:00:00+00:00,America/New_York,2026-06-07 10:13:31.164183+00:00
BP,BP,4681,2026-03-12 13:30:00+00:00,2026-06-05 20:00:00+00:00,America/New_York,2026-06-07 10:11:53.775261+00:00
BPOP,BPOP,4510,2026-03-12 13:30:00+00:00,2026-06-05 20:00:00+00:00,America/New_York,2026-06-07 10:12:45.976780+00:00
BPRN,BPRN,461,2026-03-12 13:30:00+00:00,2026-06-05 20:00:00+00:00,America/New_York,2026-06-07 10:15:34.717730+00:00
BR,BR,4680,2026-03-12 13:30:00+00:00,2026-06-05 20:00:00+00:00,America/New_York,2026-06-07 10:12:27.659320+00:00
BRAI,BRAI,1379,2026-03-12 13:35:00+00:00,2026-06-05 20:00:00+00:00,America/New_York,2026-06-07 10:14:13.340867+00:00
BRBR,BRBR,4681,2026-03-12 13:30:00+00:00,2026-06-05 20:00:00+00:00,America/New_York,2026-06-07 10:14:30.167027+00:00
BRBS,BRBS,3719,2026-03-12 13:30:00+00:00,2026-06-05 20:00:00+00:00,America/New_York,2026-06-07 10:15:25.727169+00:00
BRC,BRC,3964,2026-03-12 13:30:00+00:00,2026-06-05 20:00:00+00:00,America/New_York,2026-06-07 10:13:24.679530+00:00
BRCB,BRCB,4382,2026-03-12 13:30:00+00:00,2026-06-05 20:00:00+00:00,America/New_York,2026-06-07 10:15:25.302292+00:00
BRK.B,BRK-B,4681,2026-03-12 13:30:00+00:00,2026-06-05 20:00:00+00:00,America/New_York,2026-06-07 10:11:45.090060+00:00
BRKHU,BRKHU,87,2026-05-22 14:00:00+00:00,2026-06-05 20:00:00+00:00,America/New_York,2026-06-07 10:15:58.895433+00:00
BRKR,BRKR,4681,2026-03-12 13:30:00+00:00,2026-06-05 20:00:00+00:00,America/New_York,2026-06-07 10:12:52.017624+00:00
BRO,BRO,4681,2026-03-12 13:30:00+00:00,2026-06-05 20:00:00+00:00,America/New_York,2026-06-07 10:12:25.395522+00:00
BROS,BROS,4681,2026-03-12 13:30:00+00:00,2026-06-05 20:00:00+00:00,America/New_York,2026-06-07 10:12:49.430519+00:00
BRSL,BRSL,4675,2026-03-12 13:30:00+00:00,2026-06-05 20:00:00+00:00,America/New_York,2026-06-07 10:13:57.466235+00:00
BRSP,BRSP,4625,2026-03-12 13:30:00+00:00,2026-06-05 20:00:00+00:00,America/New_York,2026-06-07 10:14:45.645355+00:00
BRT,BRT,1935,2026-03-12 13:30:00+00:00,2026-06-05 20:00:00+00:00,America/New_York,2026-06-07 10:15:28.880650+00:00
BRUN,BRUN,1483,2026-05-11 13:30:00+00:00,2026-06-05 20:00:00+00:00,America/New_York,2026-06-07 10:14:04.820833+00:00
BRX,BRX,4680,2026-03-12 13:30:00+00:00,2026-06-05 20:00:00+00:00,America/New_York,2026-06-07 10:12:47.945475+00:00
BRZE,BRZE,4681,2026-03-12 13:30:00+00:00,2026-06-05 20:00:00+00:00,America/New_York,2026-06-07 10:13:48.272271+00:00
BSAC,BSAC,4502,2026-03-12 13:30:00+00:00,2026-06-05 20:00:00+00:00,America/New_York,2026-06-07 10:12:33.049010+00:00
BSBR,BSBR,4648,2026-03-12 13:30:00+00:00,2026-06-05 20:00:00+00:00,America/New_York,2026-06-07 10:12:24.897997+00:00
BSET,BSET,1290,2026-03-12 13:30:00+00:00,2026-06-05 20:00:00+00:00,America/New_York,2026-06-07 10:15:52.402343+00:00
BSRR,BSRR,1671,2026-03-12 13:30:00+00:00,2026-06-05 20:00:00+00:00,America/New_York,2026-06-07 10:14:58.948022+00:00
BSVN,BSVN,558,2026-03-12 15:25:00+00:00,2026-06-05 20:00:00+00:00,America/New_York,2026-06-07 10:15:08.176623+00:00
BSX,BSX,4681,2026-03-12 13:30:00+00:00,2026-06-05 20:00:00+00:00,America/New_York,2026-06-07 10:12:00.105785+00:00
BSY,BSY,4681,2026-03-12 13:30:00+00:00,2026-06-05 20:00:00+00:00,America/New_York,2026-06-07 10:12:45.807934+00:00
BTDR,BTDR,4681,2026-03-12 13:30:00+00:00,2026-06-05 20:00:00+00:00,America/New_York,2026-06-07 10:13:25.635277+00:00
BTE,BTE,4681,2026-03-12 13:30:00+00:00,2026-06-05 20:00:00+00:00,America/New_York,2026-06-07 10:13:33.412662+00:00
BTG,BTG,4681,2026-03-12 13:30:00+00:00,2026-06-05 20:00:00+00:00,America/New_York,2026-06-07 10:13:09.998066+00:00
BTGO,BTGO,4637,2026-03-12 13:30:00+00:00,2026-06-05 20:00:00+00:00,America/New_York,2026-06-07 10:14:57.795479+00:00
BTI,BTI,4681,2026-03-12 13:30:00+00:00,2026-06-05 20:00:00+00:00,America/New_York,2026-06-07 10:11:51.992485+00:00
BTSG,BTSG,4680,2026-03-12 13:30:00+00:00,2026-06-05 20:00:00+00:00,America/New_York,2026-06-07 10:12:42.006228+00:00
BTU,BTU,4681,2026-03-12 13:30:00+00:00,2026-06-05 20:00:00+00:00,America/New_York,2026-06-07 10:13:34.651986+00:00
BUD,BUD,4681,2026-03-12 13:30:00+00:00,2026-06-05 20:00:00+00:00,America/New_York,2026-06-07 10:11:50.973890+00:00
BUDA,BUDA,584,2026-03-12 13:55:00+00:00,2026-06-05 19:55:00+00:00,America/New_York,2026-06-07 10:15:55.103293+00:00
BULL,BULL,4681,2026-03-12 13:30:00+00:00,2026-06-05 20:00:00+00:00,America/New_York,2026-06-07 10:13:42.979297+00:00
BUR,BUR,4681,2026-03-12 13:30:00+00:00,2026-06-05 20:00:00+00:00,America/New_York,2026-06-07 10:14:33.436516+00:00
BURL,BURL,4681,2026-03-12 13:30:00+00:00,2026-06-05 20:00:00+00:00,America/New_York,2026-06-07 10:12:24.410927+00:00
BUSE,BUSE,4555,2026-03-12 13:30:00+00:00,2026-06-05 20:00:00+00:00,America/New_York,2026-06-07 10:13:52.185192+00:00
BUUU,BUUU,412,2026-03-12 13:45:00+00:00,2026-06-04 19:55:00+00:00,America/New_York,2026-06-07 10:15:29.886029+00:00
BV,BV,4513,2026-03-12 13:30:00+00:00,2026-06-05 20:00:00+00:00,America/New_York,2026-06-07 10:14:26.808131+00:00
BVFL,BVFL,595,2026-03-12 13:30:00+00:00,2026-06-05 20:00:00+00:00,America/New_York,2026-06-07 10:15:43.490991+00:00
BVN,BVN,4678,2026-03-12 13:30:00+00:00,2026-06-05 20:00:00+00:00,America/New_York,2026-06-07 10:12:51.621031+00:00
BVS,BVS,4446,2026-03-12 13:30:00+00:00,2026-06-05 20:00:00+00:00,America/New_York,2026-06-07 10:14:44.102057+00:00
BW,BW,4681,2026-03-12 13:30:00+00:00,2026-06-05 20:00:00+00:00,America/New_York,2026-06-07 10:13:51.387887+00:00
BWA,BWA,4681,2026-03-12 13:30:00+00:00,2026-06-05 20:00:00+00:00,America/New_York,2026-06-07 10:12:32.106779+00:00
BWAY,BWAY,3518,2026-03-12 13:30:00+00:00,2026-06-05 20:00:00+00:00,America/New_York,2026-06-07 10:14:54.597913+00:00
BWB,BWB,2051,2026-03-12 13:30:00+00:00,2026-06-05 20:00:00+00:00,America/New_York,2026-06-07 10:14:59.203584+00:00
BWEN,BWEN,3227,2026-03-12 13:30:00+00:00,2026-06-05 20:00:00+00:00,America/New_York,2026-06-07 10:15:56.981555+00:00
BWFG,BWFG,1304,2026-03-12 13:30:00+00:00,2026-06-05 20:00:00+00:00,America/New_York,2026-06-07 10:15:08.935371+00:00
BWIN,BWIN,4674,2026-03-12 13:30:00+00:00,2026-06-05 20:00:00+00:00,America/New_York,2026-06-07 10:13:44.293118+00:00
BWLP,BWLP,4429,2026-03-12 13:30:00+00:00,2026-06-05 20:00:00+00:00,America/New_York,2026-06-07 10:13:40.821622+00:00
BWMN,BWMN,3184,2026-03-12 13:30:00+00:00,2026-06-05 20:00:00+00:00,America/New_York,2026-06-07 10:14:55.285678+00:00
BWMX,BWMX,2916,2026-03-12 13:30:00+00:00,2026-06-05 20:00:00+00:00,America/New_York,2026-06-07 10:14:47.807852+00:00
BWXT,BWXT,4677,2026-03-12 13:30:00+00:00,2026-06-05 20:00:00+00:00,America/New_York,2026-06-07 10:12:28.513179+00:00
BX,BX,4681,2026-03-12 13:30:00+00:00,2026-06-05 20:00:00+00:00,America/New_York,2026-06-07 10:11:51.673504+00:00
BXC,BXC,3211,2026-03-12 13:30:00+00:00,2026-06-05 20:00:00+00:00,America/New_York,2026-06-07 10:15:12.597576+00:00
BXMT,BXMT,4678,2026-03-12 13:30:00+00:00,2026-06-05 20:00:00+00:00,America/New_York,2026-06-07 10:13:40.065745+00:00
BXP,BXP,4679,2026-03-12 13:30:00+00:00,2026-06-05 20:00:00+00:00,America/New_York,2026-06-07 10:12:43.247395+00:00
BXSL,BXSL,4681,2026-03-12 13:30:00+00:00,2026-06-05 20:00:00+00:00,America/New_York,2026-06-07 10:13:11.232694+00:00
BY,BY,3731,2026-03-12 13:30:00+00:00,2026-06-05 20:00:00+00:00,America/New_York,2026-06-07 10:14:11.671989+00:00
BYD,BYD,4675,2026-03-12 13:30:00+00:00,2026-06-05 20:00:00+00:00,America/New_York,2026-06-07 10:13:00.695856+00:00
BYRN,BYRN,4514,2026-03-12 13:30:00+00:00,2026-06-05 20:00:00+00:00,America/New_York,2026-06-07 10:15:50.673444+00:00
BZ,BZ,4681,2026-03-12 13:30:00+00:00,2026-06-05 20:00:00+00:00,America/New_York,2026-06-07 10:13:01.802794+00:00
BZH,BZH,4497,2026-03-12 13:30:00+00:00,2026-06-05 20:00:00+00:00,America/New_York,2026-06-07 10:14:45.957864+00:00
C,C,4681,2026-03-12 13:30:00+00:00,2026-06-05 20:00:00+00:00,America/New_York,2026-06-07 10:11:48.199790+00:00
CAAP,CAAP,4061,2026-03-12 13:30:00+00:00,2026-06-05 20:00:00+00:00,America/New_York,2026-06-07 10:13:24.978221+00:00
CAAS,CAAS,1083,2026-03-12 15:50:00+00:00,2026-06-05 20:00:00+00:00,America/New_York,2026-06-07 10:15:50.753545+00:00
CABA,CABA,4676,2026-03-12 13:30:00+00:00,2026-06-05 20:00:00+00:00,America/New_York,2026-06-07 10:14:59.477630+00:00
CABO,CABO,3459,2026-03-12 13:30:00+00:00,2026-06-05 20:00:00+00:00,America/New_York,2026-06-07 10:15:32.654256+00:00
CAC,CAC,2475,2026-03-12 13:30:00+00:00,2026-06-05 20:00:00+00:00,America/New_York,2026-06-07 10:14:38.742277+00:00
CACC,CACC,3956,2026-03-12 13:30:00+00:00,2026-06-05 20:00:00+00:00,America/New_York,2026-06-07 10:13:09.474687+00:00
CACI,CACI,4600,2026-03-12 13:30:00+00:00,2026-06-05 20:00:00+00:00,America/New_York,2026-06-07 10:12:39.811354+00:00
CADL,CADL,4666,2026-03-12 13:30:00+00:00,2026-06-05 20:00:00+00:00,America/New_York,2026-06-07 10:14:51.602249+00:00
CAE,CAE,4673,2026-03-12 13:30:00+00:00,2026-06-05 20:00:00+00:00,America/New_York,2026-06-07 10:12:52.114459+00:00
CAG,CAG,4681,2026-03-12 13:30:00+00:00,2026-06-05 20:00:00+00:00,America/New_York,2026-06-07 10:13:05.751085+00:00
CAH,CAH,4681,2026-03-12 13:30:00+00:00,2026-06-05 20:00:00+00:00,America/New_York,2026-06-07 10:12:06.025185+00:00
CAI,CAI,4681,2026-03-12 13:30:00+00:00,2026-06-05 20:00:00+00:00,America/New_York,2026-06-07 10:13:18.500124+00:00
CAKE,CAKE,4673,2026-03-12 13:30:00+00:00,2026-06-05 20:00:00+00:00,America/New_York,2026-06-07 10:13:37.203020+00:00
CAL,CAL,4627,2026-03-12 13:30:00+00:00,2026-06-05 20:00:00+00:00,America/New_York,2026-06-07 10:15:09.738194+00:00
CALM,CALM,4658,2026-03-12 13:30:00+00:00,2026-06-05 20:00:00+00:00,America/New_York,2026-06-07 10:13:31.689627+00:00
CALX,CALX,4654,2026-03-12 13:30:00+00:00,2026-06-05 20:00:00+00:00,America/New_York,2026-06-07 10:13:51.362574+00:00
CALY,CALY,4680,2026-03-12 13:30:00+00:00,2026-06-05 20:00:00+00:00,America/New_York,2026-06-07 10:13:46.438065+00:00
CAMP,CAMP,2648,2026-03-12 13:30:00+00:00,2026-06-05 20:00:00+00:00,America/New_York,2026-06-07 10:15:38.225313+00:00
CAMT,CAMT,4303,2026-03-12 13:30:00+00:00,2026-06-05 20:00:00+00:00,America/New_York,2026-06-07 10:12:55.025321+00:00
CAPR,CAPR,4659,2026-03-12 13:30:00+00:00,2026-06-05 20:00:00+00:00,America/New_York,2026-06-07 10:14:11.909772+00:00
CAR,CAR,4597,2026-03-12 13:30:00+00:00,2026-06-05 20:00:00+00:00,America/New_York,2026-06-07 10:13:05.814468+00:00
CARE,CARE,4140,2026-03-12 13:30:00+00:00,2026-06-05 20:00:00+00:00,America/New_York,2026-06-07 10:14:51.128416+00:00
CARG,CARG,4654,2026-03-12 13:30:00+00:00,2026-06-05 20:00:00+00:00,America/New_York,2026-06-07 10:13:50.533411+00:00
CARL,CARL,2906,2026-03-12 13:30:00+00:00,2026-06-05 20:00:00+00:00,America/New_York,2026-06-07 10:15:27.326338+00:00
CARR,CARR,4681,2026-03-12 13:30:00+00:00,2026-06-05 20:00:00+00:00,America/New_York,2026-06-07 10:12:03.475753+00:00
CARS,CARS,4670,2026-03-12 13:30:00+00:00,2026-06-05 20:00:00+00:00,America/New_York,2026-06-07 10:15:00.507299+00:00
CART,CART,4681,2026-03-12 13:30:00+00:00,2026-06-05 20:00:00+00:00,America/New_York,2026-06-07 10:12:45.892563+00:00
CASH,CASH,3698,2026-03-12 13:30:00+00:00,2026-06-05 20:00:00+00:00,America/New_York,2026-06-07 10:14:07.548269+00:00
CASS,CASS,2306,2026-03-12 13:30:00+00:00,2026-06-05 20:00:00+00:00,America/New_York,2026-06-07 10:14:51.715134+00:00
CASY,CASY,4650,2026-03-12 13:30:00+00:00,2026-06-05 20:00:00+00:00,America/New_York,2026-06-07 10:12:16.126230+00:00
CAT,CAT,4681,2026-03-12 13:30:00+00:00,2026-06-05 20:00:00+00:00,America/New_York,2026-06-07 10:11:45.942127+00:00
CATO,CATO,1608,2026-03-12 13:30:00+00:00,2026-06-05 20:00:00+00:00,America/New_York,2026-06-07 10:16:02.860741+00:00
CATX,CATX,4674,2026-03-12 13:30:00+00:00,2026-06-05 20:00:00+00:00,America/New_York,2026-06-07 10:15:19.256552+00:00
CATY,CATY,4421,2026-03-12 13:30:00+00:00,2026-06-05 20:00:00+00:00,America/New_York,2026-06-07 10:13:26.832788+00:00
CAVA,CAVA,4681,2026-03-12 13:30:00+00:00,2026-06-05 20:00:00+00:00,America/New_York,2026-06-07 10:12:53.270454+00:00
CB,CB,4681,2026-03-12 13:30:00+00:00,2026-06-05 20:00:00+00:00,America/New_York,2026-06-07 10:11:52.206883+00:00
CBAN,CBAN,4245,2026-03-12 13:30:00+00:00,2026-06-05 20:00:00+00:00,America/New_York,2026-06-07 10:15:08.218968+00:00
CBC,CBC,4509,2026-03-12 13:30:00+00:00,2026-06-05 20:00:00+00:00,America/New_York,2026-06-07 10:13:01.238781+00:00
CBFV,CBFV,118,2026-03-12 13:30:00+00:00,2026-06-05 20:00:00+00:00,America/New_York,2026-06-07 10:15:44.643365+00:00
CBIO,CBIO,3772,2026-03-12 13:30:00+00:00,2026-06-05 20:00:00+00:00,America/New_York,2026-06-07 10:15:01.857976+00:00
CBK,CBK,1707,2026-03-12 13:35:00+00:00,2026-06-05 20:00:00+00:00,America/New_York,2026-06-07 10:15:11.009638+00:00
CBL,CBL,3716,2026-03-12 13:30:00+00:00,2026-06-05 20:00:00+00:00,America/New_York,2026-06-07 10:14:13.437507+00:00
CBLL,CBLL,3936,2026-03-12 13:30:00+00:00,2026-06-05 20:00:00+00:00,America/New_York,2026-06-07 10:14:48.072487+00:00
CBNA,CBNA,247,2026-03-12 13:30:00+00:00,2026-06-05 20:00:00+00:00,America/New_York,2026-06-07 10:15:34.451634+00:00
CBNK,CBNK,1850,2026-03-12 13:30:00+00:00,2026-06-05 20:00:00+00:00,America/New_York,2026-06-07 10:14:58.403427+00:00
CBOE,CBOE,4653,2026-03-12 13:30:00+00:00,2026-06-05 20:00:00+00:00,America/New_York,2026-06-07 10:12:15.117283+00:00
CBRE,CBRE,4681,2026-03-12 13:30:00+00:00,2026-06-05 20:00:00+00:00,America/New_York,2026-06-07 10:12:09.554670+00:00
CBRL,CBRL,4675,2026-03-12 13:30:00+00:00,2026-06-05 20:00:00+00:00,America/New_York,2026-06-07 10:14:44.310606+00:00
CBRS,CBRS,1209,2026-05-14 13:40:00+00:00,2026-06-05 20:00:00+00:00,America/New_York,2026-06-07 10:12:06.906931+00:00
CBSH,CBSH,4678,2026-03-12 13:30:00+00:00,2026-06-05 20:00:00+00:00,America/New_York,2026-06-07 10:12:54.999752+00:00
CBT,CBT,4414,2026-03-12 13:30:00+00:00,2026-06-05 20:00:00+00:00,America/New_York,2026-06-07 10:13:23.453162+00:00
CBU,CBU,4095,2026-03-12 13:30:00+00:00,2026-06-05 20:00:00+00:00,America/New_York,2026-06-07 10:13:35.456189+00:00
CBZ,CBZ,4652,2026-03-12 13:30:00+00:00,2026-06-05 20:00:00+00:00,America/New_York,2026-06-07 10:14:02.914947+00:00
CC,CC,4681,2026-03-12 13:30:00+00:00,2026-06-05 20:00:00+00:00,America/New_York,2026-06-07 10:13:40.239244+00:00
CCAP,CCAP,3960,2026-03-12 13:30:00+00:00,2026-06-05 20:00:00+00:00,America/New_York,2026-06-07 10:15:10.905525+00:00
CCB,CCB,3115,2026-03-12 13:30:00+00:00,2026-06-05 20:00:00+00:00,America/New_York,2026-06-07 10:14:29.430827+00:00
CCBG,CCBG,2282,2026-03-12 13:30:00+00:00,2026-06-05 20:00:00+00:00,America/New_York,2026-06-07 10:14:43.409725+00:00
CCC,CCC,4681,2026-03-12 13:30:00+00:00,2026-06-05 20:00:00+00:00,America/New_York,2026-06-07 10:13:44.504709+00:00
CCCC,CCCC,4658,2026-03-12 13:30:00+00:00,2026-06-05 20:00:00+00:00,America/New_York,2026-06-07 10:15:08.733164+00:00
CCEC,CCEC,718,2026-03-12 13:55:00+00:00,2026-06-05 20:00:00+00:00,America/New_York,2026-06-07 10:14:19.971968+00:00
CCEP,CCEP,4679,2026-03-12 13:30:00+00:00,2026-06-05 20:00:00+00:00,America/New_York,2026-06-07 10:12:07.223641+00:00
CCI,CCI,4681,2026-03-12 13:30:00+00:00,2026-06-05 20:00:00+00:00,America/New_York,2026-06-07 10:12:08.317312+00:00
CCII,CCII,327,2026-03-13 15:00:00+00:00,2026-06-05 20:00:00+00:00,America/New_York,2026-06-07 10:15:17.485544+00:00
CCIX,CCIX,617,2026-03-12 15:45:00+00:00,2026-06-05 20:00:00+00:00,America/New_York,2026-06-07 10:15:12.641229+00:00
CCJ,CCJ,4681,2026-03-12 13:30:00+00:00,2026-06-05 20:00:00+00:00,America/New_York,2026-06-07 10:12:06.691655+00:00
CCK,CCK,4660,2026-03-12 13:30:00+00:00,2026-06-05 20:00:00+00:00,America/New_York,2026-06-07 10:12:42.850708+00:00
CCL,CCL,4681,2026-03-12 13:30:00+00:00,2026-06-05 20:00:00+00:00,America/New_York,2026-06-07 10:12:10.179837+00:00
CCNE,CCNE,3244,2026-03-12 13:30:00+00:00,2026-06-05 20:00:00+00:00,America/New_York,2026-06-07 10:14:35.894200+00:00
CCOI,CCOI,4666,2026-03-12 13:30:00+00:00,2026-06-05 20:00:00+00:00,America/New_York,2026-06-07 10:14:40.792582+00:00
CCRN,CCRN,4365,2026-03-12 13:30:00+00:00,2026-06-05 20:00:00+00:00,America/New_York,2026-06-07 10:15:07.743492+00:00
CCS,CCS,4104,2026-03-12 13:30:00+00:00,2026-06-05 20:00:00+00:00,America/New_York,2026-06-07 10:14:08.724601+00:00
CCSI,CCSI,3334,2026-03-12 13:30:00+00:00,2026-06-05 20:00:00+00:00,America/New_York,2026-06-07 10:14:50.718445+00:00
CCU,CCU,3754,2026-03-12 13:30:00+00:00,2026-06-05 20:00:00+00:00,America/New_York,2026-06-07 10:13:58.910839+00:00
CD,CD,2966,2026-03-12 13:30:00+00:00,2026-06-05 20:00:00+00:00,America/New_York,2026-06-07 10:15:08.767244+00:00
CDE,CDE,4681,2026-03-12 13:30:00+00:00,2026-06-05 20:00:00+00:00,America/New_York,2026-06-07 10:12:28.647246+00:00
CDLR,CDLR,2932,2026-03-12 13:30:00+00:00,2026-06-05 20:00:00+00:00,America/New_York,2026-06-07 10:13:55.813799+00:00
CDNA,CDNA,4599,2026-03-12 13:30:00+00:00,2026-06-05 20:00:00+00:00,America/New_York,2026-06-07 10:14:26.928920+00:00
CDNL,CDNL,4407,2026-03-12 13:30:00+00:00,2026-06-05 20:00:00+00:00,America/New_York,2026-06-07 10:13:48.655267+00:00
CDNS,CDNS,4681,2026-03-12 13:30:00+00:00,2026-06-05 20:00:00+00:00,America/New_York,2026-06-07 10:11:54.789332+00:00
CDP,CDP,4657,2026-03-12 13:30:00+00:00,2026-06-05 20:00:00+00:00,America/New_York,2026-06-07 10:12:57.370885+00:00
CDRE,CDRE,4417,2026-03-12 13:30:00+00:00,2026-06-05 20:00:00+00:00,America/New_York,2026-06-07 10:14:21.041571+00:00
CDRO,CDRO,836,2026-03-12 13:35:00+00:00,2026-06-05 20:00:00+00:00,America/New_York,2026-06-07 10:15:07.026581+00:00
CDW,CDW,4679,2026-03-12 13:30:00+00:00,2026-06-05 20:00:00+00:00,America/New_York,2026-06-07 10:12:28.352495+00:00
CDZI,CDZI,4549,2026-03-12 13:30:00+00:00,2026-06-05 20:00:00+00:00,America/New_York,2026-06-07 10:15:19.616731+00:00
CE,CE,4681,2026-03-12 13:30:00+00:00,2026-06-05 20:00:00+00:00,America/New_York,2026-06-07 10:13:10.378904+00:00
CECO,CECO,4535,2026-03-12 13:30:00+00:00,2026-06-05 20:00:00+00:00,America/New_York,2026-06-07 10:13:20.494652+00:00
CEG,CEG,4681,2026-03-12 13:30:00+00:00,2026-06-05 20:00:00+00:00,America/New_York,2026-06-07 10:11:55.901452+00:00
CELC,CELC,4614,2026-03-12 13:30:00+00:00,2026-06-05 20:00:00+00:00,America/New_York,2026-06-07 10:13:23.314602+00:00
CELH,CELH,4681,2026-03-12 13:30:00+00:00,2026-06-05 20:00:00+00:00,America/New_York,2026-06-07 10:12:58.585970+00:00
CENTA,CENTA,4018,2026-03-12 13:30:00+00:00,2026-06-05 20:00:00+00:00,America/New_York,2026-06-07 10:13:55.260855+00:00
CENX,CENX,4681,2026-03-12 13:30:00+00:00,2026-06-05 20:00:00+00:00,America/New_York,2026-06-07 10:13:07.342605+00:00
CEPF,CEPF,353,2026-03-12 13:35:00+00:00,2026-06-05 20:00:00+00:00,America/New_York,2026-06-07 10:14:55.662764+00:00
CEPO,CEPO,668,2026-03-12 13:30:00+00:00,2026-06-05 20:00:00+00:00,America/New_York,2026-06-07 10:15:29.943870+00:00
CEPT,CEPT,4118,2026-03-12 13:30:00+00:00,2026-06-05 20:00:00+00:00,America/New_York,2026-06-07 10:15:15.537175+00:00
CEPU,CEPU,4493,2026-03-12 13:30:00+00:00,2026-06-05 20:00:00+00:00,America/New_York,2026-06-07 10:13:52.068561+00:00
CEPV,CEPV,234,2026-03-12 13:35:00+00:00,2026-06-03 16:15:00+00:00,America/New_York,2026-06-07 10:15:21.697789+00:00
CERT,CERT,4679,2026-03-12 13:30:00+00:00,2026-06-05 20:00:00+00:00,America/New_York,2026-06-07 10:14:38.904530+00:00
CEVA,CEVA,4517,2026-03-12 13:30:00+00:00,2026-06-05 20:00:00+00:00,America/New_York,2026-06-07 10:14:25.627461+00:00
CF,CF,4681,2026-03-12 13:30:00+00:00,2026-06-05 20:00:00+00:00,America/New_York,2026-06-07 10:12:27.385986+00:00
CFBK,CFBK,1704,2026-03-12 13:30:00+00:00,2026-06-05 20:00:00+00:00,America/New_York,2026-06-07 10:15:42.127735+00:00
CFFI,CFFI,164,2026-03-12 19:55:00+00:00,2026-06-05 20:00:00+00:00,America/New_York,2026-06-07 10:15:33.791143+00:00
CFFN,CFFN,4517,2026-03-12 13:30:00+00:00,2026-06-05 20:00:00+00:00,America/New_York,2026-06-07 10:14:30.962217+00:00
CFG,CFG,4681,2026-03-12 13:30:00+00:00,2026-06-05 20:00:00+00:00,America/New_York,2026-06-07 10:12:16.691329+00:00
CFR,CFR,4550,2026-03-12 13:30:00+00:00,2026-06-05 20:00:00+00:00,America/New_York,2026-06-07 10:12:50.561337+00:00
CG,CG,4681,2026-03-12 13:30:00+00:00,2026-06-05 20:00:00+00:00,America/New_York,2026-06-07 10:12:30.856448+00:00
CGAU,CGAU,4681,2026-03-12 13:30:00+00:00,2026-06-05 20:00:00+00:00,America/New_York,2026-06-07 10:13:40.998602+00:00
CGBD,CGBD,4598,2026-03-12 13:30:00+00:00,2026-06-05 20:00:00+00:00,America/New_York,2026-06-07 10:14:44.277519+00:00
CGCT,CGCT,1283,2026-03-12 13:30:00+00:00,2026-06-05 20:00:00+00:00,America/New_York,2026-06-07 10:15:10.809786+00:00
CGEM,CGEM,4587,2026-03-12 13:30:00+00:00,2026-06-05 20:00:00+00:00,America/New_York,2026-06-07 10:14:40.504887+00:00
CGNT,CGNT,4484,2026-03-12 13:30:00+00:00,2026-06-05 20:00:00+00:00,America/New_York,2026-06-07 10:14:49.535761+00:00
CGNX,CGNX,4681,2026-03-12 13:30:00+00:00,2026-06-05 20:00:00+00:00,America/New_York,2026-06-07 10:12:44.987227+00:00
CGON,CGON,4636,2026-03-12 13:30:00+00:00,2026-06-05 20:00:00+00:00,America/New_York,2026-06-07 10:13:17.725289+00:00
CHA,CHA,4471,2026-03-12 13:30:00+00:00,2026-06-05 20:00:00+00:00,America/New_York,2026-06-07 10:13:56.069496+00:00
CHCI,CHCI,1035,2026-03-12 13:30:00+00:00,2026-06-05 20:00:00+00:00,America/New_York,2026-06-07 10:15:45.753694+00:00
CHCO,CHCO,2318,2026-03-12 13:30:00+00:00,2026-06-05 20:00:00+00:00,America/New_York,2026-06-07 10:14:03.968682+00:00
CHCT,CHCT,3964,2026-03-12 13:30:00+00:00,2026-06-05 20:00:00+00:00,America/New_York,2026-06-07 10:15:01.796898+00:00
CHD,CHD,4681,2026-03-12 13:30:00+00:00,2026-06-05 20:00:00+00:00,America/New_York,2026-06-07 10:12:20.234498+00:00
CHDN,CHDN,4642,2026-03-12 13:30:00+00:00,2026-06-05 20:00:00+00:00,America/New_York,2026-06-07 10:13:06.934733+00:00
CHE,CHE,4533,2026-03-12 13:30:00+00:00,2026-06-05 20:00:00+00:00,America/New_York,2026-06-07 10:13:07.491707+00:00
CHEF,CHEF,4274,2026-03-12 13:30:00+00:00,2026-06-05 20:00:00+00:00,America/New_York,2026-06-07 10:13:36.844267+00:00
CHH,CHH,4601,2026-03-12 13:30:00+00:00,2026-06-05 20:00:00+00:00,America/New_York,2026-06-07 10:13:14.775312+00:00
CHKP,CHKP,4663,2026-03-12 13:30:00+00:00,2026-06-05 20:00:00+00:00,America/New_York,2026-06-07 10:12:33.785062+00:00
CHMG,CHMG,950,2026-03-12 13:30:00+00:00,2026-06-05 20:00:00+00:00,America/New_York,2026-06-07 10:15:19.926577+00:00
CHPT,CHPT,4597,2026-03-12 13:30:00+00:00,2026-06-05 20:00:00+00:00,America/New_York,2026-06-07 10:15:42.104686+00:00
CHRD,CHRD,4647,2026-03-12 13:30:00+00:00,2026-06-05 20:00:00+00:00,America/New_York,2026-06-07 10:12:56.299914+00:00
CHRN,CHRN,1617,2026-05-05 13:30:00+00:00,2026-06-05 20:00:00+00:00,America/New_York,2026-06-07 10:13:46.521095+00:00
CHRW,CHRW,4679,2026-03-12 13:30:00+00:00,2026-06-05 20:00:00+00:00,America/New_York,2026-06-07 10:12:22.265194+00:00
CHT,CHT,3741,2026-03-12 13:30:00+00:00,2026-06-05 20:00:00+00:00,America/New_York,2026-06-07 10:12:11.467644+00:00
CHTR,CHTR,4681,2026-03-12 13:30:00+00:00,2026-06-05 20:00:00+00:00,America/New_York,2026-06-07 10:12:25.537954+00:00
CHWY,CHWY,4681,2026-03-12 13:30:00+00:00,2026-06-05 20:00:00+00:00,America/New_York,2026-06-07 10:12:52.980841+00:00
CHYM,CHYM,4681,2026-03-12 13:30:00+00:00,2026-06-05 20:00:00+00:00,America/New_York,2026-06-07 10:13:01.440745+00:00
CI,CI,4681,2026-03-12 13:30:00+00:00,2026-06-05 20:00:00+00:00,America/New_York,2026-06-07 10:11:58.739906+00:00
CIA,CIA,2597,2026-03-12 13:30:00+00:00,2026-06-05 20:00:00+00:00,America/New_York,2026-06-07 10:15:31.174871+00:00
CIEN,CIEN,4681,2026-03-12 13:30:00+00:00,2026-06-05 20:00:00+00:00,America/New_York,2026-06-07 10:12:00.842782+00:00
CIFR,CIFR,4681,2026-03-12 13:30:00+00:00,2026-06-05 20:00:00+00:00,America/New_York,2026-06-07 10:12:51.179952+00:00
CIGI,CIGI,3940,2026-03-12 13:30:00+00:00,2026-06-05 20:00:00+00:00,America/New_York,2026-06-07 10:13:15.546791+00:00
CIM,CIM,4648,2026-03-12 13:30:00+00:00,2026-06-05 20:00:00+00:00,America/New_York,2026-06-07 10:14:28.163953+00:00
CINF,CINF,4542,2026-03-12 13:30:00+00:00,2026-06-05 20:00:00+00:00,America/New_York,2026-06-07 10:12:18.276340+00:00
CING,CING,4370,2026-03-12 13:30:00+00:00,2026-06-05 20:00:00+00:00,America/New_York,2026-06-07 10:16:02.975092+00:00
CINT,CINT,3531,2026-03-12 13:30:00+00:00,2026-06-05 20:00:00+00:00,America/New_York,2026-06-07 10:14:59.440474+00:00
CION,CION,4582,2026-03-12 13:30:00+00:00,2026-06-05 20:00:00+00:00,America/New_York,2026-06-07 10:15:18.317226+00:00
CITR,CITR,1780,2026-03-12 13:30:00+00:00,2026-06-05 20:00:00+00:00,America/New_York,2026-06-07 10:15:48.528127+00:00
CIVB,CIVB,2433,2026-03-12 13:30:00+00:00,2026-06-05 20:00:00+00:00,America/New_York,2026-06-07 10:14:57.690619+00:00
CIX,CIX,234,2026-03-12 14:10:00+00:00,2026-06-05 20:00:00+00:00,America/New_York,2026-06-07 10:15:26.368179+00:00
CL,CL,4681,2026-03-12 13:30:00+00:00,2026-06-05 20:00:00+00:00,America/New_York,2026-06-07 10:12:00.261090+00:00
CLB,CLB,4507,2026-03-12 13:30:00+00:00,2026-06-05 20:00:00+00:00,America/New_York,2026-06-07 10:14:53.717242+00:00
CLBK,CLBK,4129,2026-03-12 13:30:00+00:00,2026-06-05 20:00:00+00:00,America/New_York,2026-06-07 10:13:57.724162+00:00
CLBT,CLBT,4676,2026-03-12 13:30:00+00:00,2026-06-05 20:00:00+00:00,America/New_York,2026-06-07 10:13:36.387056+00:00
CLDT,CLDT,4313,2026-03-12 13:30:00+00:00,2026-06-05 20:00:00+00:00,America/New_York,2026-06-07 10:14:56.592297+00:00
CLDX,CLDX,4615,2026-03-12 13:30:00+00:00,2026-06-05 20:00:00+00:00,America/New_York,2026-06-07 10:13:56.097645+00:00
CLF,CLF,4681,2026-03-12 13:30:00+00:00,2026-06-05 20:00:00+00:00,America/New_York,2026-06-07 10:12:55.795578+00:00
CLFD,CLFD,3570,2026-03-12 13:30:00+00:00,2026-06-05 20:00:00+00:00,America/New_York,2026-06-07 10:14:57.877228+00:00
CLH,CLH,4525,2026-03-12 13:30:00+00:00,2026-06-05 20:00:00+00:00,America/New_York,2026-06-07 10:12:31.616091+00:00
CLLS,CLLS,1096,2026-03-12 13:30:00+00:00,2026-06-05 20:00:00+00:00,America/New_York,2026-06-07 10:15:35.652157+00:00
CLMB,CLMB,3342,2026-03-12 13:30:00+00:00,2026-06-05 20:00:00+00:00,America/New_York,2026-06-07 10:15:07.177578+00:00
CLMT,CLMT,4652,2026-03-12 13:30:00+00:00,2026-06-05 20:00:00+00:00,America/New_York,2026-06-07 10:13:41.109426+00:00
CLNN,CLNN,2915,2026-03-12 13:30:00+00:00,2026-06-05 20:00:00+00:00,America/New_York,2026-06-07 10:16:01.239876+00:00
CLOV,CLOV,4681,2026-03-12 13:30:00+00:00,2026-06-05 20:00:00+00:00,America/New_York,2026-06-07 10:14:00.451923+00:00
CLPR,CLPR,2490,2026-03-12 13:30:00+00:00,2026-06-05 20:00:00+00:00,America/New_York,2026-06-07 10:16:04.578609+00:00
CLPT,CLPT,4549,2026-03-12 13:30:00+00:00,2026-06-05 20:00:00+00:00,America/New_York,2026-06-07 10:15:14.129103+00:00
CLS,CLS,4681,2026-03-12 13:30:00+00:00,2026-06-05 20:00:00+00:00,America/New_York,2026-06-07 10:12:07.280277+00:00
CLSK,CLSK,4681,2026-03-12 13:30:00+00:00,2026-06-05 20:00:00+00:00,America/New_York,2026-06-07 10:13:26.574217+00:00
CLW,CLW,3762,2026-03-12 13:30:00+00:00,2026-06-05 20:00:00+00:00,America/New_York,2026-06-07 10:15:33.156145+00:00
CLX,CLX,4681,2026-03-12 13:30:00+00:00,2026-06-05 20:00:00+00:00,America/New_York,2026-06-07 10:12:40.703324+00:00
CLYM,CLYM,4536,2026-03-12 13:30:00+00:00,2026-06-05 20:00:00+00:00,America/New_York,2026-06-07 10:14:53.491863+00:00
CM,CM,4680,2026-03-12 13:30:00+00:00,2026-06-05 20:00:00+00:00,America/New_York,2026-06-07 10:11:55.162926+00:00
CMBT,CMBT,4679,2026-03-12 13:30:00+00:00,2026-06-05 20:00:00+00:00,America/New_York,2026-06-07 10:13:22.429154+00:00
CMC,CMC,4669,2026-03-12 13:30:00+00:00,2026-06-05 20:00:00+00:00,America/New_York,2026-06-07 10:12:53.821305+00:00
CMCL,CMCL,4132,2026-03-12 13:30:00+00:00,2026-06-05 20:00:00+00:00,America/New_York,2026-06-07 10:15:13.980262+00:00
CMCM,CMCM,880,2026-03-12 13:30:00+00:00,2026-06-05 20:00:00+00:00,America/New_York,2026-06-07 10:15:52.110724+00:00
CMCO,CMCO,4196,2026-03-12 13:30:00+00:00,2026-06-05 20:00:00+00:00,America/New_York,2026-06-07 10:15:15.723354+00:00
CMCSA,CMCSA,4681,2026-03-12 13:30:00+00:00,2026-06-05 20:00:00+00:00,America/New_York,2026-06-07 10:11:56.812997+00:00
CMDB,CMDB,1880,2026-03-12 13:30:00+00:00,2026-06-05 20:00:00+00:00,America/New_York,2026-06-07 10:15:11.812996+00:00
CME,CME,4603,2026-03-13 13:30:00+00:00,2026-06-05 20:00:00+00:00,America/New_York,2026-06-07 10:11:55.859808+00:00
CMG,CMG,4681,2026-03-12 13:30:00+00:00,2026-06-05 20:00:00+00:00,America/New_York,2026-06-07 10:12:09.072753+00:00
CMI,CMI,4681,2026-03-12 13:30:00+00:00,2026-06-05 20:00:00+00:00,America/New_York,2026-06-07 10:11:56.295192+00:00
CMP,CMP,4594,2026-03-12 13:30:00+00:00,2026-06-05 20:00:00+00:00,America/New_York,2026-06-07 10:14:23.093084+00:00
CMPR,CMPR,3051,2026-03-12 13:30:00+00:00,2026-06-05 20:00:00+00:00,America/New_York,2026-06-07 10:13:53.415859+00:00
CMPS,CMPS,4681,2026-03-12 13:30:00+00:00,2026-06-05 20:00:00+00:00,America/New_York,2026-06-07 10:14:08.975060+00:00
CMRE,CMRE,4466,2026-03-12 13:30:00+00:00,2026-06-05 20:00:00+00:00,America/New_York,2026-06-07 10:14:01.317379+00:00
CMS,CMS,4681,2026-03-12 13:30:00+00:00,2026-06-05 20:00:00+00:00,America/New_York,2026-06-07 10:12:22.074691+00:00
CMT,CMT,1700,2026-03-12 13:30:00+00:00,2026-06-05 20:00:00+00:00,America/New_York,2026-06-07 10:15:38.160694+00:00
CMTL,CMTL,3805,2026-03-12 13:30:00+00:00,2026-06-05 20:00:00+00:00,America/New_York,2026-06-07 10:15:49.730917+00:00
CMTV,CMTV,1261,2026-03-12 13:30:00+00:00,2026-06-05 20:00:00+00:00,America/New_York,2026-06-07 10:15:37.958301+00:00
CNA,CNA,4483,2026-03-12 13:30:00+00:00,2026-06-05 20:00:00+00:00,America/New_York,2026-06-07 10:12:39.587423+00:00
CNC,CNC,4681,2026-03-12 13:30:00+00:00,2026-06-05 20:00:00+00:00,America/New_York,2026-06-07 10:12:14.240810+00:00
CNH,CNH,4681,2026-03-12 13:30:00+00:00,2026-06-05 20:00:00+00:00,America/New_York,2026-06-07 10:12:35.696738+00:00
CNI,CNI,4680,2026-03-12 13:30:00+00:00,2026-06-05 20:00:00+00:00,America/New_York,2026-06-07 10:11:59.663037+00:00
CNK,CNK,4680,2026-03-12 13:30:00+00:00,2026-06-05 20:00:00+00:00,America/New_York,2026-06-07 10:13:31.661586+00:00
CNL,CNL,2875,2026-03-12 13:30:00+00:00,2026-06-05 20:00:00+00:00,America/New_York,2026-06-07 10:14:24.478862+00:00
CNM,CNM,4681,2026-03-12 13:30:00+00:00,2026-06-05 20:00:00+00:00,America/New_York,2026-06-07 10:12:45.257215+00:00
CNMD,CNMD,4481,2026-03-12 13:30:00+00:00,2026-06-05 20:00:00+00:00,America/New_York,2026-06-07 10:14:29.015429+00:00
CNNE,CNNE,4563,2026-03-12 13:30:00+00:00,2026-06-05 20:00:00+00:00,America/New_York,2026-06-07 10:14:50.816738+00:00
CNO,CNO,4632,2026-03-12 13:30:00+00:00,2026-06-05 20:00:00+00:00,America/New_York,2026-06-07 10:13:19.401804+00:00
CNOB,CNOB,4314,2026-03-12 13:30:00+00:00,2026-06-05 20:00:00+00:00,America/New_York,2026-06-07 10:14:11.792100+00:00
CNP,CNP,4681,2026-03-12 13:30:00+00:00,2026-06-05 20:00:00+00:00,America/New_York,2026-06-07 10:12:16.355039+00:00
CNQ,CNQ,4681,2026-03-12 13:30:00+00:00,2026-06-05 20:00:00+00:00,America/New_York,2026-06-07 10:11:55.599177+00:00
CNR,CNR,4663,2026-03-12 13:30:00+00:00,2026-06-05 20:00:00+00:00,America/New_York,2026-06-07 10:13:17.112133+00:00
CNS,CNS,4089,2026-03-12 13:30:00+00:00,2026-06-05 20:00:00+00:00,America/New_York,2026-06-07 10:13:29.922982+00:00
CNTA,CNTA,4658,2026-03-12 13:30:00+00:00,2026-06-05 20:00:00+00:00,America/New_York,2026-06-07 10:13:07.639494+00:00
CNX,CNX,4681,2026-03-12 13:30:00+00:00,2026-06-05 20:00:00+00:00,America/New_York,2026-06-07 10:13:17.214461+00:00
CNXC,CNXC,4680,2026-03-12 13:30:00+00:00,2026-06-05 20:00:00+00:00,America/New_York,2026-06-07 10:14:06.468986+00:00
CNXN,CNXN,2188,2026-03-12 13:30:00+00:00,2026-06-05 20:00:00+00:00,America/New_York,2026-06-07 10:14:04.194401+00:00
CNXU,CNXU,546,2026-05-21 14:25:00+00:00,2026-06-05 20:00:00+00:00,America/New_York,2026-06-07 10:15:23.475043+00:00
COAG,COAG,1552,2026-05-01 13:35:00+00:00,2026-06-05 20:00:00+00:00,America/New_York,2026-06-07 10:14:24.999196+00:00
COCO,COCO,4657,2026-03-12 13:30:00+00:00,2026-06-05 20:00:00+00:00,America/New_York,2026-06-07 10:13:24.039150+00:00
CODA,CODA,3460,2026-03-12 13:30:00+00:00,2026-06-05 20:00:00+00:00,America/New_York,2026-06-07 10:15:50.820286+00:00
CODI,CODI,4642,2026-03-12 13:30:00+00:00,2026-06-05 20:00:00+00:00,America/New_York,2026-06-07 10:14:42.099896+00:00
COE,COE,574,2026-03-12 15:55:00+00:00,2026-06-05 18:30:00+00:00,America/New_York,2026-06-07 10:15:51.181775+00:00
COF,COF,4681,2026-03-12 13:30:00+00:00,2026-06-05 20:00:00+00:00,America/New_York,2026-06-07 10:11:53.740680+00:00
COFS,COFS,2034,2026-03-12 13:30:00+00:00,2026-06-05 20:00:00+00:00,America/New_York,2026-06-07 10:15:03.424080+00:00
COGT,COGT,4681,2026-03-12 13:30:00+00:00,2026-06-05 20:00:00+00:00,America/New_York,2026-06-07 10:13:12.789898+00:00
COHR,COHR,4681,2026-03-12 13:30:00+00:00,2026-06-05 20:00:00+00:00,America/New_York,2026-06-07 10:12:00.475928+00:00
COHU,COHU,4639,2026-03-12 13:30:00+00:00,2026-06-05 20:00:00+00:00,America/New_York,2026-06-07 10:13:53.387306+00:00
COIN,COIN,4681,2026-03-12 13:30:00+00:00,2026-06-05 20:00:00+00:00,America/New_York,2026-06-07 10:12:08.269236+00:00
COKE,COKE,4510,2026-03-12 13:30:00+00:00,2026-06-05 20:00:00+00:00,America/New_York,2026-06-07 10:12:39.274946+00:00
COLB,COLB,4681,2026-03-12 13:30:00+00:00,2026-06-05 20:00:00+00:00,America/New_York,2026-06-07 10:12:51.025431+00:00
COLD,COLD,4681,2026-03-12 13:30:00+00:00,2026-06-05 20:00:00+00:00,America/New_York,2026-06-07 10:13:24.734866+00:00
COLL,COLL,4373,2026-03-12 13:30:00+00:00,2026-06-05 20:00:00+00:00,America/New_York,2026-06-07 10:14:29.913923+00:00
COLM,COLM,4572,2026-03-12 13:30:00+00:00,2026-06-05 20:00:00+00:00,America/New_York,2026-06-07 10:13:37.164191+00:00
COMP,COMP,4681,2026-03-12 13:30:00+00:00,2026-06-05 20:00:00+00:00,America/New_York,2026-06-07 10:13:10.355682+00:00
CON,CON,4587,2026-03-12 13:30:00+00:00,2026-06-05 20:00:00+00:00,America/New_York,2026-06-07 10:13:37.578863+00:00
COO,COO,4679,2026-03-12 13:30:00+00:00,2026-06-05 20:00:00+00:00,America/New_York,2026-06-07 10:12:35.943789+00:00
COOK,COOK,1335,2026-03-12 13:30:00+00:00,2026-06-05 20:00:00+00:00,America/New_York,2026-06-07 10:15:44.397587+00:00
COP,COP,4681,2026-03-12 13:30:00+00:00,2026-06-05 20:00:00+00:00,America/New_York,2026-06-07 10:11:51.585763+00:00
COR,COR,4681,2026-03-12 13:30:00+00:00,2026-06-05 20:00:00+00:00,America/New_York,2026-06-07 10:12:04.410196+00:00
CORT,CORT,4666,2026-03-12 13:30:00+00:00,2026-06-05 20:00:00+00:00,America/New_York,2026-06-07 10:12:55.195567+00:00
CORZ,CORZ,4681,2026-03-12 13:30:00+00:00,2026-06-05 20:00:00+00:00,America/New_York,2026-06-07 10:12:54.510582+00:00
COSO,COSO,2813,2026-03-12 13:30:00+00:00,2026-06-05 20:00:00+00:00,America/New_York,2026-06-07 10:15:23.955718+00:00
COST,COST,4681,2026-03-12 13:30:00+00:00,2026-06-05 20:00:00+00:00,America/New_York,2026-06-07 10:11:45.760688+00:00
COUR,COUR,4681,2026-03-12 13:30:00+00:00,2026-06-05 20:00:00+00:00,America/New_York,2026-06-07 10:14:11.025361+00:00
COYA,COYA,3378,2026-03-12 13:30:00+00:00,2026-06-05 20:00:00+00:00,America/New_York,2026-06-07 10:15:54.960677+00:00
CP,CP,4681,2026-03-12 13:30:00+00:00,2026-06-05 20:00:00+00:00,America/New_York,2026-06-07 10:11:57.427207+00:00
CPA,CPA,4499,2026-03-12 13:30:00+00:00,2026-06-05 20:00:00+00:00,America/New_York,2026-06-07 10:13:11.039602+00:00
CPAC,CPAC,1037,2026-03-12 13:30:00+00:00,2026-06-05 20:00:00+00:00,America/New_York,2026-06-07 10:14:36.123008+00:00
CPAY,CPAY,4679,2026-03-12 13:30:00+00:00,2026-06-05 20:00:00+00:00,America/New_York,2026-06-07 10:12:20.709416+00:00
CPB,CPB,4681,2026-03-12 13:30:00+00:00,2026-06-05 20:00:00+00:00,America/New_York,2026-06-07 10:13:03.964463+00:00
CPF,CPF,3375,2026-03-12 13:30:00+00:00,2026-06-05 20:00:00+00:00,America/New_York,2026-06-07 10:14:34.918800+00:00
CPIX,CPIX,2313,2026-03-12 13:40:00+00:00,2026-06-05 20:00:00+00:00,America/New_York,2026-06-07 10:15:57.396124+00:00
CPK,CPK,3168,2026-03-12 13:30:00+00:00,2026-06-05 20:00:00+00:00,America/New_York,2026-06-07 10:13:42.873933+00:00
CPNG,CPNG,4681,2026-03-12 13:30:00+00:00,2026-06-05 20:00:00+00:00,America/New_York,2026-06-07 10:12:16.478327+00:00
CPRI,CPRI,4681,2026-03-12 13:30:00+00:00,2026-06-05 20:00:00+00:00,America/New_York,2026-06-07 10:13:56.892556+00:00
CPRT,CPRT,4681,2026-03-12 13:30:00+00:00,2026-06-05 20:00:00+00:00,America/New_York,2026-06-07 10:12:14.364747+00:00
CPRX,CPRX,4670,2026-03-12 13:30:00+00:00,2026-06-05 20:00:00+00:00,America/New_York,2026-06-07 10:13:29.133015+00:00
CPS,CPS,3816,2026-03-12 13:30:00+00:00,2026-06-05 20:00:00+00:00,America/New_York,2026-06-07 10:15:00.433264+00:00
CPSH,CPSH,3882,2026-03-12 13:30:00+00:00,2026-06-05 20:00:00+00:00,America/New_York,2026-06-07 10:15:51.471852+00:00
CPSS,CPSS,936,2026-03-12 13:30:00+00:00,2026-06-05 20:00:00+00:00,America/New_York,2026-06-07 10:15:38.796958+00:00
CPT,CPT,4673,2026-03-12 13:30:00+00:00,2026-06-05 20:00:00+00:00,America/New_York,2026-06-07 10:12:30.149492+00:00
CR,CR,4493,2026-03-12 13:30:00+00:00,2026-06-05 20:00:00+00:00,America/New_York,2026-06-07 10:12:43.107263+00:00
CRAI,CRAI,2726,2026-03-12 13:30:00+00:00,2026-06-05 20:00:00+00:00,America/New_York,2026-06-07 10:14:33.990913+00:00
CRBG,CRBG,4681,2026-03-12 13:30:00+00:00,2026-06-05 20:00:00+00:00,America/New_York,2026-06-07 10:12:38.801215+00:00
CRBP,CRBP,4162,2026-03-12 13:30:00+00:00,2026-06-05 20:00:00+00:00,America/New_York,2026-06-07 10:15:49.394901+00:00
CRC,CRC,4635,2026-03-12 13:30:00+00:00,2026-06-05 20:00:00+00:00,America/New_York,2026-06-07 10:13:13.997727+00:00
CRCL,CRCL,4681,2026-03-12 13:30:00+00:00,2026-06-05 20:00:00+00:00,America/New_York,2026-06-07 10:12:24.685873+00:00
CRCT,CRCT,4341,2026-03-13 13:30:00+00:00,2026-06-05 20:00:00+00:00,America/New_York,2026-06-07 10:14:37.864963+00:00
CRD.A,CRD-A,2069,2026-03-12 13:30:00+00:00,2026-06-05 20:00:00+00:00,America/New_York,2026-06-07 10:14:59.218621+00:00
CRDO,CRDO,4681,2026-03-12 13:30:00+00:00,2026-06-05 20:00:00+00:00,America/New_York,2026-06-07 10:12:10.429743+00:00
CRESY,CRESY,4183,2026-03-12 13:30:00+00:00,2026-06-05 20:00:00+00:00,America/New_York,2026-06-07 10:14:43.817349+00:00
CRGY,CRGY,4681,2026-03-12 13:30:00+00:00,2026-06-05 20:00:00+00:00,America/New_York,2026-06-07 10:13:29.657710+00:00
CRH,CRH,4681,2026-03-12 13:30:00+00:00,2026-06-05 20:00:00+00:00,America/New_York,2026-06-07 10:12:00.607660+00:00
CRI,CRI,4668,2026-03-12 13:30:00+00:00,2026-06-05 20:00:00+00:00,America/New_York,2026-06-07 10:14:17.475648+00:00
CRK,CRK,4681,2026-03-12 13:30:00+00:00,2026-06-05 20:00:00+00:00,America/New_York,2026-06-07 10:13:29.360695+00:00
CRL,CRL,4614,2026-03-12 13:30:00+00:00,2026-06-05 20:00:00+00:00,America/New_York,2026-06-07 10:12:50.751623+00:00
CRM,CRM,4681,2026-03-12 13:30:00+00:00,2026-06-05 20:00:00+00:00,America/New_York,2026-06-07 10:11:51.028615+00:00
CRMD,CRMD,4654,2026-03-12 13:30:00+00:00,2026-06-05 20:00:00+00:00,America/New_York,2026-06-07 10:14:49.620316+00:00
CRML,CRML,4681,2026-03-12 13:30:00+00:00,2026-06-05 20:00:00+00:00,America/New_York,2026-06-07 10:14:27.124300+00:00
CRMT,CRMT,3115,2026-03-12 13:30:00+00:00,2026-06-05 20:00:00+00:00,America/New_York,2026-06-07 10:16:02.418588+00:00
CRNC,CRNC,4635,2026-03-12 13:30:00+00:00,2026-06-05 20:00:00+00:00,America/New_York,2026-06-07 10:15:05.072578+00:00
CRNX,CRNX,4664,2026-03-12 13:30:00+00:00,2026-06-05 20:00:00+00:00,America/New_York,2026-06-07 10:13:35.241139+00:00
CROX,CROX,4677,2026-03-12 13:30:00+00:00,2026-06-05 20:00:00+00:00,America/New_York,2026-06-07 10:13:05.914217+00:00
CRS,CRS,4637,2026-03-12 13:30:00+00:00,2026-06-05 20:00:00+00:00,America/New_York,2026-06-07 10:12:19.805799+00:00
CRSP,CRSP,4681,2026-03-12 13:30:00+00:00,2026-06-05 20:00:00+00:00,America/New_York,2026-06-07 10:13:15.269224+00:00
CRSR,CRSR,4667,2026-03-12 13:30:00+00:00,2026-06-05 20:00:00+00:00,America/New_York,2026-06-07 10:14:33.786958+00:00
CRT,CRT,1561,2026-03-12 13:30:00+00:00,2026-06-05 20:00:00+00:00,America/New_York,2026-06-07 10:16:02.261849+00:00
CRTO,CRTO,4113,2026-03-12 13:30:00+00:00,2026-06-05 20:00:00+00:00,America/New_York,2026-06-07 10:14:35.566036+00:00
CRUS,CRUS,4592,2026-03-12 13:30:00+00:00,2026-06-05 20:00:00+00:00,America/New_York,2026-06-07 10:12:53.325151+00:00
CRVL,CRVL,3929,2026-03-12 13:30:00+00:00,2026-06-05 20:00:00+00:00,America/New_York,2026-06-07 10:13:40.666386+00:00
CRVS,CRVS,4675,2026-03-12 13:30:00+00:00,2026-06-05 20:00:00+00:00,America/New_York,2026-06-07 10:14:35.718127+00:00
CRWD,CRWD,4681,2026-03-12 13:30:00+00:00,2026-06-05 20:00:00+00:00,America/New_York,2026-06-07 10:11:50.159266+00:00
CRWV,CRWV,4681,2026-03-12 13:30:00+00:00,2026-06-05 20:00:00+00:00,America/New_York,2026-06-07 10:12:04.180801+00:00
CSCO,CSCO,4681,2026-03-12 13:30:00+00:00,2026-06-05 20:00:00+00:00,America/New_York,2026-06-07 10:11:45.730525+00:00
CSGP,CSGP,4681,2026-03-12 13:30:00+00:00,2026-06-05 20:00:00+00:00,America/New_York,2026-06-07 10:12:33.633884+00:00
CSIQ,CSIQ,4681,2026-03-12 13:30:00+00:00,2026-06-05 20:00:00+00:00,America/New_York,2026-06-07 10:14:26.196406+00:00
CSL,CSL,4657,2026-03-12 13:35:00+00:00,2026-06-05 20:00:00+00:00,America/New_York,2026-06-07 10:12:33.814174+00:00
CSPI,CSPI,862,2026-03-12 13:30:00+00:00,2026-06-05 20:00:00+00:00,America/New_York,2026-06-07 10:15:57.257471+00:00
CSR,CSR,3052,2026-03-12 13:30:00+00:00,2026-06-05 20:00:00+00:00,America/New_York,2026-06-07 10:14:30.588980+00:00
CSTL,CSTL,4176,2026-03-12 13:30:00+00:00,2026-06-05 20:00:00+00:00,America/New_York,2026-06-07 10:14:52.849170+00:00
CSTM,CSTM,4681,2026-03-12 13:30:00+00:00,2026-06-05 20:00:00+00:00,America/New_York,2026-06-07 10:13:18.841331+00:00
CSV,CSV,2827,2026-03-12 13:30:00+00:00,2026-06-05 20:00:00+00:00,America/New_York,2026-06-07 10:14:54.297014+00:00
CSW,CSW,4121,2026-03-12 13:30:00+00:00,2026-06-05 20:00:00+00:00,America/New_York,2026-06-07 10:13:21.004506+00:00
CSWC,CSWC,4663,2026-03-12 13:30:00+00:00,2026-06-05 20:00:00+00:00,America/New_York,2026-06-07 10:14:14.741545+00:00
CSX,CSX,4681,2026-03-12 13:30:00+00:00,2026-06-05 20:00:00+00:00,America/New_York,2026-06-07 10:11:56.648174+00:00
CTAS,CTAS,4680,2026-03-12 13:30:00+00:00,2026-06-05 20:00:00+00:00,America/New_York,2026-06-07 10:11:59.955442+00:00
CTBI,CTBI,2362,2026-03-12 13:30:00+00:00,2026-06-05 20:00:00+00:00,America/New_York,2026-06-07 10:14:23.627334+00:00
CTEV,CTEV,3217,2026-03-12 13:30:00+00:00,2026-06-05 20:00:00+00:00,America/New_York,2026-06-07 10:15:08.598529+00:00
CTGO,CTGO,4608,2026-03-12 13:30:00+00:00,2026-06-05 20:00:00+00:00,America/New_York,2026-06-07 10:15:01.345003+00:00
CTKB,CTKB,4529,2026-03-12 13:30:00+00:00,2026-06-05 20:00:00+00:00,America/New_York,2026-06-07 10:15:00.570104+00:00
CTNM,CTNM,3685,2026-03-12 13:30:00+00:00,2026-06-05 20:00:00+00:00,America/New_York,2026-06-07 10:15:06.457487+00:00
CTO,CTO,4136,2026-03-12 13:30:00+00:00,2026-06-05 20:00:00+00:00,America/New_York,2026-06-07 10:14:48.817743+00:00
CTOS,CTOS,4648,2026-03-12 13:30:00+00:00,2026-06-05 20:00:00+00:00,America/New_York,2026-06-07 10:13:56.212287+00:00
CTRE,CTRE,4681,2026-03-12 13:30:00+00:00,2026-06-05 20:00:00+00:00,America/New_York,2026-06-07 10:12:50.629648+00:00
CTRI,CTRI,4668,2026-03-12 13:30:00+00:00,2026-06-05 20:00:00+00:00,America/New_York,2026-06-07 10:13:42.417686+00:00
CTRN,CTRN,2729,2026-03-12 13:30:00+00:00,2026-06-05 20:00:00+00:00,America/New_York,2026-06-07 10:15:16.738379+00:00
CTS,CTS,3741,2026-03-16 13:30:00+00:00,2026-06-05 20:00:00+00:00,America/New_York,2026-06-07 10:14:03.892988+00:00
CTSH,CTSH,4681,2026-03-12 13:30:00+00:00,2026-06-05 20:00:00+00:00,America/New_York,2026-06-07 10:12:18.418618+00:00
CTVA,CTVA,4681,2026-03-12 13:30:00+00:00,2026-06-05 20:00:00+00:00,America/New_York,2026-06-07 10:12:04.955078+00:00
CUBE,CUBE,4681,2026-03-12 13:30:00+00:00,2026-06-05 20:00:00+00:00,America/New_York,2026-06-07 10:12:48.925592+00:00
CUBI,CUBI,4326,2026-03-12 13:30:00+00:00,2026-06-05 20:00:00+00:00,America/New_York,2026-06-07 10:13:49.843263+00:00
CUE,CUE,3827,2026-03-12 13:30:00+00:00,2026-06-05 20:00:00+00:00,America/New_York,2026-06-07 10:15:53.248609+00:00
CURB,CURB,4579,2026-03-12 13:30:00+00:00,2026-06-05 20:00:00+00:00,America/New_York,2026-06-07 10:13:40.126475+00:00
CURR,CURR,2441,2026-03-12 13:35:00+00:00,2026-06-05 20:00:00+00:00,America/New_York,2026-06-07 10:15:17.370336+00:00
CUZ,CUZ,4680,2026-03-12 13:30:00+00:00,2026-06-05 20:00:00+00:00,America/New_York,2026-06-07 10:13:19.211856+00:00
CV,CV,3098,2026-03-12 13:30:00+00:00,2026-06-05 20:00:00+00:00,America/New_York,2026-06-07 10:15:17.029250+00:00
CVBF,CVBF,4675,2026-03-12 13:30:00+00:00,2026-06-05 20:00:00+00:00,America/New_York,2026-06-07 10:13:32.160286+00:00
CVCO,CVCO,3717,2026-03-12 13:30:00+00:00,2026-06-05 20:00:00+00:00,America/New_York,2026-06-07 10:13:23.387993+00:00
CVE,CVE,4681,2026-03-12 13:30:00+00:00,2026-06-05 20:00:00+00:00,America/New_York,2026-06-07 10:12:04.786034+00:00
CVEO,CVEO,2397,2026-03-12 13:30:00+00:00,2026-06-05 20:00:00+00:00,America/New_York,2026-06-07 10:15:12.123799+00:00
CVGI,CVGI,4325,2026-03-12 13:30:00+00:00,2026-06-05 20:00:00+00:00,America/New_York,2026-06-07 10:15:43.927118+00:00
CVI,CVI,4668,2026-03-12 13:30:00+00:00,2026-06-05 20:00:00+00:00,America/New_York,2026-06-07 10:13:35.955265+00:00
CVLG,CVLG,3722,2026-03-12 13:30:00+00:00,2026-06-05 20:00:00+00:00,America/New_York,2026-06-07 10:14:28.888297+00:00
CVLT,CVLT,4633,2026-03-12 13:30:00+00:00,2026-06-05 20:00:00+00:00,America/New_York,2026-06-07 10:13:16.541873+00:00
CVNA,CVNA,4681,2026-03-12 13:30:00+00:00,2026-06-05 20:00:00+00:00,America/New_York,2026-06-07 10:12:00.345176+00:00
CVRX,CVRX,3909,2026-03-12 13:30:00+00:00,2026-06-05 20:00:00+00:00,America/New_York,2026-06-07 10:15:49.146102+00:00
CVS,CVS,4681,2026-03-12 13:30:00+00:00,2026-06-05 20:00:00+00:00,America/New_York,2026-06-07 10:11:52.766134+00:00
CVSA,CVSA,4206,2026-03-12 13:30:00+00:00,2026-06-05 20:00:00+00:00,America/New_York,2026-06-07 10:13:22.288796+00:00
CVU,CVU,2180,2026-03-12 13:30:00+00:00,2026-06-05 20:00:00+00:00,America/New_York,2026-06-07 10:16:02.294319+00:00
CVX,CVX,4681,2026-03-12 13:30:00+00:00,2026-06-05 20:00:00+00:00,America/New_York,2026-06-07 10:11:46.126694+00:00
CW,CW,4586,2026-03-12 13:30:00+00:00,2026-06-05 20:00:00+00:00,America/New_York,2026-06-07 10:12:16.827147+00:00
CWAN,CWAN,4680,2026-03-12 13:30:00+00:00,2026-06-05 20:00:00+00:00,America/New_York,2026-06-07 10:12:59.098280+00:00
CWBC,CWBC,3869,2026-03-12 13:30:00+00:00,2026-06-05 20:00:00+00:00,America/New_York,2026-06-07 10:14:48.888997+00:00
CWCO,CWCO,3367,2026-03-12 13:30:00+00:00,2026-06-05 20:00:00+00:00,America/New_York,2026-06-07 10:15:03.149055+00:00
CWEN,CWEN,4677,2026-03-12 13:30:00+00:00,2026-06-05 20:00:00+00:00,America/New_York,2026-06-07 10:12:54.011508+00:00
CWH,CWH,4681,2026-03-12 13:30:00+00:00,2026-06-05 20:00:00+00:00,America/New_York,2026-06-07 10:14:49.645349+00:00
CWK,CWK,4678,2026-03-12 13:30:00+00:00,2026-06-05 20:00:00+00:00,America/New_York,2026-06-07 10:13:39.757717+00:00
CWST,CWST,4590,2026-03-12 13:30:00+00:00,2026-06-05 20:00:00+00:00,America/New_York,2026-06-07 10:13:11.504960+00:00
CWT,CWT,4519,2026-03-12 13:30:00+00:00,2026-06-05 20:00:00+00:00,America/New_York,2026-06-07 10:13:46.192496+00:00
CX,CX,4681,2026-03-12 13:30:00+00:00,2026-06-05 20:00:00+00:00,America/New_York,2026-06-07 10:12:26.763294+00:00
CXDO,CXDO,3742,2026-03-12 13:30:00+00:00,2026-06-05 20:00:00+00:00,America/New_York,2026-06-07 10:15:33.181147+00:00
CXIIU,CXIIU,282,2026-04-28 13:40:00+00:00,2026-06-05 20:00:00+00:00,America/New_York,2026-06-07 10:15:09.226860+00:00
CXM,CXM,4679,2026-03-12 13:30:00+00:00,2026-06-05 20:00:00+00:00,America/New_York,2026-06-07 10:14:19.483141+00:00
CXT,CXT,4615,2026-03-12 13:30:00+00:00,2026-06-05 20:00:00+00:00,America/New_York,2026-06-07 10:13:58.341968+00:00
CXW,CXW,4601,2026-03-12 13:30:00+00:00,2026-06-05 20:00:00+00:00,America/New_York,2026-06-07 10:13:54.685708+00:00
CYD,CYD,3810,2026-03-12 13:30:00+00:00,2026-06-05 20:00:00+00:00,America/New_York,2026-06-07 10:13:57.496325+00:00
CYRX,CYRX,4428,2026-03-12 13:30:00+00:00,2026-06-05 20:00:00+00:00,America/New_York,2026-06-07 10:14:42.769857+00:00
CYTK,CYTK,4680,2026-03-12 13:30:00+00:00,2026-06-05 20:00:00+00:00,America/New_York,2026-06-07 10:12:50.865577+00:00
CZFS,CZFS,239,2026-03-12 13:30:00+00:00,2026-06-05 20:00:00+00:00,America/New_York,2026-06-07 10:15:24.126531+00:00
CZNC,CZNC,1539,2026-03-12 13:30:00+00:00,2026-06-05 20:00:00+00:00,America/New_York,2026-06-07 10:15:14.605503+00:00
CZR,CZR,4681,2026-03-12 13:30:00+00:00,2026-06-05 20:00:00+00:00,America/New_York,2026-06-07 10:13:06.803618+00:00
CZWI,CZWI,1251,2026-03-12 13:30:00+00:00,2026-06-05 20:00:00+00:00,America/New_York,2026-06-07 10:15:39.299378+00:00
D,D,4681,2026-03-12 13:30:00+00:00,2026-06-05 20:00:00+00:00,America/New_York,2026-06-07 10:12:03.377902+00:00
DAAQ,DAAQ,272,2026-03-12 14:50:00+00:00,2026-06-05 20:00:00+00:00,America/New_York,2026-06-07 10:15:34.754377+00:00
DAC,DAC,2929,2026-03-12 13:30:00+00:00,2026-06-05 20:00:00+00:00,America/New_York,2026-06-07 10:13:52.794033+00:00
DAKT,DAKT,4215,2026-03-12 13:30:00+00:00,2026-06-05 20:00:00+00:00,America/New_York,2026-06-07 10:14:35.919782+00:00
DAL,DAL,4681,2026-03-12 13:30:00+00:00,2026-06-05 20:00:00+00:00,America/New_York,2026-06-07 10:12:04.876803+00:00
DAN,DAN,4670,2026-03-12 13:30:00+00:00,2026-06-05 20:00:00+00:00,America/New_York,2026-06-07 10:13:28.714777+00:00
DAO,DAO,3566,2026-03-12 14:35:00+00:00,2026-06-05 20:00:00+00:00,America/New_York,2026-06-07 10:14:17.324926+00:00
DAR,DAR,4681,2026-03-12 13:30:00+00:00,2026-06-05 20:00:00+00:00,America/New_York,2026-06-07 10:12:48.605727+00:00
DASH,DASH,4681,2026-03-12 13:30:00+00:00,2026-06-05 20:00:00+00:00,America/New_York,2026-06-07 10:12:01.132781+00:00
DAVE,DAVE,4435,2026-03-12 13:30:00+00:00,2026-06-05 20:00:00+00:00,America/New_York,2026-06-07 10:13:36.333366+00:00
DB,DB,4681,2026-03-12 13:30:00+00:00,2026-06-05 20:00:00+00:00,America/New_York,2026-06-07 10:12:02.737078+00:00
DBCA,DBCA,186,2026-03-17 18:40:00+00:00,2026-06-05 20:00:00+00:00,America/New_York,2026-06-07 10:15:07.877094+00:00
DBD,DBD,4273,2026-03-12 13:30:00+00:00,2026-06-05 20:00:00+00:00,America/New_York,2026-06-07 10:13:44.556883+00:00
DBI,DBI,4552,2026-03-12 13:30:00+00:00,2026-06-05 20:00:00+00:00,America/New_York,2026-06-07 10:15:09.787844+00:00
DBRG,DBRG,4676,2026-03-12 13:30:00+00:00,2026-06-05 20:00:00+00:00,America/New_York,2026-06-07 10:13:42.640861+00:00
DBVT,DBVT,3529,2026-03-12 13:30:00+00:00,2026-06-05 20:00:00+00:00,America/New_York,2026-06-07 10:14:33.540874+00:00
DBX,DBX,4681,2026-03-12 13:30:00+00:00,2026-06-05 20:00:00+00:00,America/New_York,2026-06-07 10:13:04.470081+00:00
DC,DC,4679,2026-03-12 13:30:00+00:00,2026-06-05 20:00:00+00:00,America/New_York,2026-06-07 10:14:50.262165+00:00
DCBO,DCBO,3394,2026-03-12 13:30:00+00:00,2026-06-05 20:00:00+00:00,America/New_York,2026-06-07 10:15:08.273346+00:00
DCH,DCH,4681,2026-03-12 13:30:00+00:00,2026-06-05 20:00:00+00:00,America/New_York,2026-06-07 10:14:13.289735+00:00
DCI,DCI,4585,2026-03-12 13:30:00+00:00,2026-06-05 20:00:00+00:00,America/New_York,2026-06-07 10:12:47.619320+00:00
DCO,DCO,3661,2026-03-12 13:30:00+00:00,2026-06-05 20:00:00+00:00,America/New_York,2026-06-07 10:13:54.842035+00:00
DCOM,DCOM,4233,2026-03-12 13:30:00+00:00,2026-06-05 20:00:00+00:00,America/New_York,2026-06-07 10:14:08.369791+00:00
DCTH,DCTH,4320,2026-03-12 13:30:00+00:00,2026-06-05 20:00:00+00:00,America/New_York,2026-06-07 10:15:15.784139+00:00
DD,DD,4681,2026-03-12 13:30:00+00:00,2026-06-05 20:00:00+00:00,America/New_York,2026-06-07 10:12:24.791453+00:00
DDI,DDI,2413,2026-03-12 13:35:00+00:00,2026-06-05 20:00:00+00:00,America/New_York,2026-06-07 10:14:54.867320+00:00
DDOG,DDOG,4681,2026-03-12 13:30:00+00:00,2026-06-05 20:00:00+00:00,America/New_York,2026-06-07 10:11:57.413691+00:00
DDS,DDS,3952,2026-03-12 13:30:00+00:00,2026-06-05 20:00:00+00:00,America/New_York,2026-06-07 10:12:48.118911+00:00
DE,DE,4681,2026-03-12 13:30:00+00:00,2026-06-05 20:00:00+00:00,America/New_York,2026-06-07 10:11:50.684049+00:00
DEA,DEA,4493,2026-03-12 13:30:00+00:00,2026-06-05 20:00:00+00:00,America/New_York,2026-06-07 10:14:27.949416+00:00
DEC,DEC,4646,2026-03-12 13:30:00+00:00,2026-06-05 20:00:00+00:00,America/New_York,2026-06-07 10:14:30.533887+00:00
DECK,DECK,4681,2026-03-12 13:30:00+00:00,2026-06-05 20:00:00+00:00,America/New_York,2026-06-07 10:12:31.789443+00:00
DEI,DEI,4681,2026-03-12 13:30:00+00:00,2026-06-05 20:00:00+00:00,America/New_York,2026-06-07 10:13:59.240688+00:00
DELL,DELL,4681,2026-03-12 13:30:00+00:00,2026-06-05 20:00:00+00:00,America/New_York,2026-06-07 10:11:47.548807+00:00
DEO,DEO,4681,2026-03-12 13:30:00+00:00,2026-06-05 20:00:00+00:00,America/New_York,2026-06-07 10:12:06.877863+00:00
DERM,DERM,3764,2026-03-12 13:30:00+00:00,2026-06-05 20:00:00+00:00,America/New_York,2026-06-07 10:15:46.144769+00:00
DFH,DFH,4647,2026-03-12 13:30:00+00:00,2026-06-05 20:00:00+00:00,America/New_York,2026-06-07 10:14:18.328960+00:00
DFIN,DFIN,3922,2026-03-12 13:30:00+00:00,2026-06-05 20:00:00+00:00,America/New_York,2026-06-07 10:14:35.066823+00:00
DFTX,DFTX,4681,2026-03-12 13:30:00+00:00,2026-06-05 20:00:00+00:00,America/New_York,2026-06-07 10:13:48.797216+00:00
DG,DG,4681,2026-03-12 13:30:00+00:00,2026-06-05 20:00:00+00:00,America/New_York,2026-06-07 10:12:20.991158+00:00
DGICA,DGICA,3209,2026-03-12 13:30:00+00:00,2026-06-05 20:00:00+00:00,America/New_York,2026-06-07 10:14:50.698433+00:00
DGII,DGII,4212,2026-03-12 13:30:00+00:00,2026-06-05 20:00:00+00:00,America/New_York,2026-06-07 10:13:50.360166+00:00
DGX,DGX,4644,2026-03-12 13:30:00+00:00,2026-06-05 20:00:00+00:00,America/New_York,2026-06-07 10:12:21.419185+00:00
DGXX,DGXX,4666,2026-03-12 13:30:00+00:00,2026-06-05 20:00:00+00:00,America/New_York,2026-06-07 10:15:41.836251+00:00
DHC,DHC,4663,2026-03-12 13:30:00+00:00,2026-06-05 20:00:00+00:00,America/New_York,2026-06-07 10:13:58.713595+00:00
DHI,DHI,4681,2026-03-12 13:30:00+00:00,2026-06-05 20:00:00+00:00,America/New_York,2026-06-07 10:12:07.092020+00:00
DHR,DHR,4681,2026-03-12 13:30:00+00:00,2026-06-05 20:00:00+00:00,America/New_York,2026-06-07 10:11:52.173649+00:00
DHT,DHT,4681,2026-03-12 13:30:00+00:00,2026-06-05 20:00:00+00:00,America/New_York,2026-06-07 10:13:47.203695+00:00
DHX,DHX,3909,2026-03-12 13:30:00+00:00,2026-06-05 20:00:00+00:00,America/New_York,2026-06-07 10:15:49.574567+00:00
DIBS,DIBS,3188,2026-03-12 13:30:00+00:00,2026-06-05 20:00:00+00:00,America/New_York,2026-06-07 10:15:48.220251+00:00
DIN,DIN,4332,2026-03-12 13:30:00+00:00,2026-06-05 20:00:00+00:00,America/New_York,2026-06-07 10:15:14.031882+00:00
DINO,DINO,4681,2026-03-12 13:30:00+00:00,2026-06-05 20:00:00+00:00,America/New_York,2026-06-07 10:12:36.163604+00:00
DIOD,DIOD,4572,2026-03-12 13:30:00+00:00,2026-06-05 20:00:00+00:00,America/New_York,2026-06-07 10:13:18.415811+00:00
DIS,DIS,4681,2026-03-12 13:30:00+00:00,2026-06-05 20:00:00+00:00,America/New_York,2026-06-07 10:11:50.050316+00:00
DIT,DIT,95,2026-03-16 14:20:00+00:00,2026-05-29 13:55:00+00:00,America/New_York,2026-06-07 10:15:59.507796+00:00
DJCO,DJCO,2316,2026-03-12 13:30:00+00:00,2026-06-05 20:00:00+00:00,America/New_York,2026-06-07 10:14:45.664385+00:00
DJT,DJT,4681,2026-03-12 13:30:00+00:00,2026-06-05 20:00:00+00:00,America/New_York,2026-06-07 10:13:53.965673+00:00
DK,DK,4677,2026-03-12 13:30:00+00:00,2026-06-05 20:00:00+00:00,America/New_York,2026-06-07 10:13:43.499583+00:00
DKNG,DKNG,4681,2026-03-12 13:30:00+00:00,2026-06-05 20:00:00+00:00,America/New_York,2026-06-07 10:12:21.716025+00:00
DKS,DKS,4675,2026-03-12 13:30:00+00:00,2026-06-05 20:00:00+00:00,America/New_York,2026-06-07 10:12:25.340349+00:00
DLB,DLB,4644,2026-03-12 13:30:00+00:00,2026-06-05 20:00:00+00:00,America/New_York,2026-06-07 10:13:14.468785+00:00
DLO,DLO,4677,2026-03-12 13:30:00+00:00,2026-06-05 20:00:00+00:00,America/New_York,2026-06-07 10:13:36.270912+00:00
DLR,DLR,4681,2026-03-12 13:30:00+00:00,2026-06-05 20:00:00+00:00,America/New_York,2026-06-07 10:12:01.474325+00:00
DLTH,DLTH,2137,2026-03-12 13:30:00+00:00,2026-06-05 20:00:00+00:00,America/New_York,2026-06-07 10:15:51.843145+00:00
DLTR,DLTR,4681,2026-03-12 13:30:00+00:00,2026-06-05 20:00:00+00:00,America/New_York,2026-06-07 10:12:23.000417+00:00
DLX,DLX,4447,2026-03-12 13:30:00+00:00,2026-06-05 20:00:00+00:00,America/New_York,2026-06-07 10:14:30.695778+00:00
DMAC,DMAC,3298,2026-03-12 13:30:00+00:00,2026-06-05 20:00:00+00:00,America/New_York,2026-06-07 10:15:27.705988+00:00
DMII,DMII,265,2026-03-12 13:55:00+00:00,2026-06-05 20:00:00+00:00,America/New_York,2026-06-07 10:14:49.064250+00:00
DMRA,DMRA,3824,2026-03-12 13:30:00+00:00,2026-06-05 20:00:00+00:00,America/New_York,2026-06-07 10:14:21.952902+00:00
DMRC,DMRC,4076,2026-03-12 13:30:00+00:00,2026-06-05 20:00:00+00:00,America/New_York,2026-06-07 10:15:26.851969+00:00
DNA,DNA,4673,2026-03-12 13:30:00+00:00,2026-06-05 20:00:00+00:00,America/New_York,2026-06-07 10:14:58.594818+00:00
DNLI,DNLI,4681,2026-03-12 13:30:00+00:00,2026-06-05 20:00:00+00:00,America/New_York,2026-06-07 10:13:40.953931+00:00
DNMX,DNMX,167,2026-03-12 14:20:00+00:00,2026-06-05 20:00:00+00:00,America/New_York,2026-06-07 10:15:30.098373+00:00
DNN,DNN,4681,2026-03-12 13:30:00+00:00,2026-06-05 20:00:00+00:00,America/New_York,2026-06-07 10:13:46.250903+00:00
DNOW,DNOW,4681,2026-03-12 13:30:00+00:00,2026-06-05 20:00:00+00:00,America/New_York,2026-06-07 10:13:51.084299+00:00
DNTH,DNTH,4509,2026-03-12 13:30:00+00:00,2026-06-05 20:00:00+00:00,America/New_York,2026-06-07 10:13:22.376480+00:00
DNUT,DNUT,4675,2026-03-12 13:30:00+00:00,2026-06-05 20:00:00+00:00,America/New_York,2026-06-07 10:14:54.051291+00:00
DOC,DOC,4681,2026-03-12 13:30:00+00:00,2026-06-05 20:00:00+00:00,America/New_York,2026-06-07 10:12:34.113342+00:00
DOCN,DOCN,4681,2026-03-12 13:30:00+00:00,2026-06-05 20:00:00+00:00,America/New_York,2026-06-07 10:12:28.109005+00:00
DOCS,DOCS,4681,2026-03-12 13:30:00+00:00,2026-06-05 20:00:00+00:00,America/New_York,2026-06-07 10:13:29.546580+00:00
DOCU,DOCU,4681,2026-03-12 13:30:00+00:00,2026-06-05 20:00:00+00:00,America/New_York,2026-06-07 10:12:48.188151+00:00
DOLE,DOLE,4631,2026-03-12 13:30:00+00:00,2026-06-05 20:00:00+00:00,America/New_York,2026-06-07 10:14:19.191134+00:00
DOMH,DOMH,2852,2026-03-12 13:30:00+00:00,2026-06-05 20:00:00+00:00,America/New_York,2026-06-07 10:16:01.037682+00:00
DOMO,DOMO,4629,2026-03-12 13:30:00+00:00,2026-06-05 20:00:00+00:00,America/New_York,2026-06-07 10:15:47.745600+00:00
DOO,DOO,4248,2026-03-12 13:30:00+00:00,2026-06-05 20:00:00+00:00,America/New_York,2026-06-07 10:13:21.750102+00:00
DORM,DORM,3780,2026-03-12 13:30:00+00:00,2026-06-05 20:00:00+00:00,America/New_York,2026-06-07 10:13:27.673790+00:00
DOV,DOV,4667,2026-03-12 13:30:00+00:00,2026-06-05 20:00:00+00:00,America/New_York,2026-06-07 10:12:15.183084+00:00
DOW,DOW,4681,2026-03-12 13:30:00+00:00,2026-06-05 20:00:00+00:00,America/New_York,2026-06-07 10:12:19.254628+00:00
DOX,DOX,4668,2026-03-12 13:30:00+00:00,2026-06-05 20:00:00+00:00,America/New_York,2026-06-07 10:13:03.714737+00:00
DOYU,DOYU,1565,2026-03-12 13:35:00+00:00,2026-06-05 20:00:00+00:00,America/New_York,2026-06-07 10:15:48.117178+00:00
DPRO,DPRO,4681,2026-03-12 13:30:00+00:00,2026-06-05 20:00:00+00:00,America/New_York,2026-06-07 10:15:36.264767+00:00
DPZ,DPZ,4680,2026-03-12 13:30:00+00:00,2026-06-05 20:00:00+00:00,America/New_York,2026-06-07 10:12:43.516763+00:00
DQ,DQ,4586,2026-03-12 13:30:00+00:00,2026-06-05 20:00:00+00:00,America/New_York,2026-06-07 10:14:28.808364+00:00
DRD,DRD,4378,2026-03-12 13:30:00+00:00,2026-06-05 20:00:00+00:00,America/New_York,2026-06-07 10:13:58.865247+00:00
DRDB,DRDB,269,2026-03-12 13:30:00+00:00,2026-06-05 20:00:00+00:00,America/New_York,2026-06-07 10:15:22.724244+00:00
DRH,DRH,4675,2026-03-12 13:30:00+00:00,2026-06-05 20:00:00+00:00,America/New_York,2026-06-07 10:13:52.321025+00:00
DRI,DRI,4679,2026-03-12 13:30:00+00:00,2026-06-05 20:00:00+00:00,America/New_York,2026-06-07 10:12:21.113350+00:00
DRIO,DRIO,496,2026-03-12 14:30:00+00:00,2026-06-05 20:00:00+00:00,America/New_York,2026-06-07 10:16:04.053738+00:00
DRS,DRS,4672,2026-03-12 13:30:00+00:00,2026-06-05 20:00:00+00:00,America/New_York,2026-06-07 10:12:38.556936+00:00
DRTS,DRTS,4266,2026-03-12 13:30:00+00:00,2026-06-05 20:00:00+00:00,America/New_York,2026-06-07 10:14:41.117746+00:00
DRUG,DRUG,3138,2026-03-12 13:30:00+00:00,2026-06-05 20:00:00+00:00,America/New_York,2026-06-07 10:14:48.420416+00:00
DRVN,DRVN,4673,2026-03-12 13:30:00+00:00,2026-06-05 20:00:00+00:00,America/New_York,2026-06-07 10:13:57.247142+00:00
DSGN,DSGN,4285,2026-03-12 13:30:00+00:00,2026-06-05 20:00:00+00:00,America/New_York,2026-06-07 10:14:49.508144+00:00
DSGR,DSGR,2751,2026-03-12 13:30:00+00:00,2026-06-05 20:00:00+00:00,America/New_York,2026-06-07 10:14:21.786063+00:00
DSGX,DSGX,4595,2026-03-12 13:30:00+00:00,2026-06-05 20:00:00+00:00,America/New_York,2026-06-07 10:13:02.134595+00:00
DSP,DSP,3994,2026-03-12 13:30:00+00:00,2026-06-05 20:00:00+00:00,America/New_York,2026-06-07 10:14:42.491419+00:00
DT,DT,4681,2026-03-12 13:30:00+00:00,2026-06-05 20:00:00+00:00,America/New_York,2026-06-07 10:12:37.243469+00:00
DTE,DTE,4676,2026-03-12 13:30:00+00:00,2026-06-05 20:00:00+00:00,America/New_York,2026-06-07 10:12:14.267052+00:00
DTIL,DTIL,4078,2026-03-12 13:30:00+00:00,2026-06-05 20:00:00+00:00,America/New_York,2026-06-07 10:15:45.520416+00:00
DTM,DTM,4638,2026-03-12 13:30:00+00:00,2026-06-05 20:00:00+00:00,America/New_York,2026-06-07 10:12:32.894568+00:00
DUK,DUK,4681,2026-03-12 13:30:00+00:00,2026-06-05 20:00:00+00:00,America/New_York,2026-06-07 10:11:55.509151+00:00
DUOL,DUOL,4681,2026-03-12 13:30:00+00:00,2026-06-05 20:00:00+00:00,America/New_York,2026-06-07 10:13:14.557926+00:00
DUOT,DUOT,4491,2026-03-12 13:30:00+00:00,2026-06-05 20:00:00+00:00,America/New_York,2026-06-07 10:15:18.863367+00:00
DV,DV,4681,2026-03-12 13:30:00+00:00,2026-06-05 20:00:00+00:00,America/New_York,2026-06-07 10:14:09.743647+00:00
DVA,DVA,4616,2026-03-12 13:30:00+00:00,2026-06-05 20:00:00+00:00,America/New_York,2026-06-07 10:12:36.978020+00:00
DVN,DVN,4681,2026-03-12 13:30:00+00:00,2026-06-05 20:00:00+00:00,America/New_York,2026-06-07 10:12:05.204706+00:00
DWSN,DWSN,2943,2026-03-12 13:30:00+00:00,2026-06-05 20:00:00+00:00,America/New_York,2026-06-07 10:15:52.325841+00:00
DX,DX,4681,2026-03-12 13:30:00+00:00,2026-06-05 20:00:00+00:00,America/New_York,2026-06-07 10:13:45.301245+00:00
DXC,DXC,4681,2026-03-12 13:30:00+00:00,2026-06-05 20:00:00+00:00,America/New_York,2026-06-07 10:14:12.142491+00:00
DXCM,DXCM,4681,2026-03-12 13:30:00+00:00,2026-06-05 20:00:00+00:00,America/New_York,2026-06-07 10:12:15.463960+00:00
DXPE,DXPE,3014,2026-03-12 13:30:00+00:00,2026-06-05 20:00:00+00:00,America/New_York,2026-06-07 10:13:50.638938+00:00
DY,DY,4674,2026-03-12 13:30:00+00:00,2026-06-05 20:00:00+00:00,America/New_York,2026-06-07 10:12:35.340959+00:00
DYN,DYN,4679,2026-03-12 13:30:00+00:00,2026-06-05 20:00:00+00:00,America/New_York,2026-06-07 10:13:45.738414+00:00
DYNC,DYNC,1094,2026-05-01 13:30:00+00:00,2026-06-05 20:00:00+00:00,America/New_York,2026-06-07 10:15:34.333329+00:00
E,E,4619,2026-03-12 13:30:00+00:00,2026-06-05 20:00:00+00:00,America/New_York,2026-06-07 10:11:58.798616+00:00
EA,EA,4659,2026-03-12 13:30:00+00:00,2026-06-05 20:00:00+00:00,America/New_York,2026-06-07 10:12:05.176018+00:00
EAF,EAF,4057,2026-03-12 13:30:00+00:00,2026-06-05 20:00:00+00:00,America/New_York,2026-06-07 10:15:36.653542+00:00
EARN,EARN,4338,2026-03-12 13:30:00+00:00,2026-06-05 20:00:00+00:00,America/New_York,2026-06-07 10:15:44.046328+00:00
EAT,EAT,4670,2026-03-12 13:30:00+00:00,2026-06-05 20:00:00+00:00,America/New_York,2026-06-07 10:13:05.712524+00:00
EBAY,EBAY,4681,2026-03-12 13:30:00+00:00,2026-06-05 20:00:00+00:00,America/New_York,2026-06-07 10:12:06.011133+00:00
EBC,EBC,4676,2026-03-12 13:30:00+00:00,2026-06-05 20:00:00+00:00,America/New_York,2026-06-07 10:13:17.719774+00:00
EBF,EBF,3485,2026-03-12 13:30:00+00:00,2026-06-05 20:00:00+00:00,America/New_York,2026-06-07 10:14:59.930445+00:00
EBMT,EBMT,2506,2026-03-12 13:35:00+00:00,2026-06-05 20:00:00+00:00,America/New_York,2026-06-07 10:15:43.147335+00:00
EBS,EBS,4659,2026-03-12 13:30:00+00:00,2026-06-05 20:00:00+00:00,America/New_York,2026-06-07 10:15:10.044661+00:00
EC,EC,4681,2026-03-12 13:30:00+00:00,2026-06-05 20:00:00+00:00,America/New_York,2026-06-07 10:12:13.884083+00:00
ECBK,ECBK,538,2026-03-12 17:55:00+00:00,2026-06-05 20:00:00+00:00,America/New_York,2026-06-07 10:15:46.605626+00:00
ECG,ECG,4558,2026-03-12 13:30:00+00:00,2026-06-05 20:00:00+00:00,America/New_York,2026-06-07 10:12:56.146213+00:00
ECL,ECL,4681,2026-03-12 13:30:00+00:00,2026-06-05 20:00:00+00:00,America/New_York,2026-06-07 10:11:59.977469+00:00
ECO,ECO,4556,2026-03-12 13:30:00+00:00,2026-06-05 20:00:00+00:00,America/New_York,2026-06-07 10:14:02.892430+00:00
ECOR,ECOR,2207,2026-03-12 13:30:00+00:00,2026-06-05 20:00:00+00:00,America/New_York,2026-06-07 10:16:01.220780+00:00
ECPG,ECPG,3984,2026-03-12 13:30:00+00:00,2026-06-05 20:00:00+00:00,America/New_York,2026-06-07 10:14:04.459176+00:00
ECVT,ECVT,4681,2026-03-12 13:30:00+00:00,2026-06-05 20:00:00+00:00,America/New_York,2026-06-07 10:14:16.154757+00:00
ED,ED,4681,2026-03-12 13:30:00+00:00,2026-06-05 20:00:00+00:00,America/New_York,2026-06-07 10:12:09.245023+00:00
EDN,EDN,3832,2026-03-12 13:30:00+00:00,2026-06-05 20:00:00+00:00,America/New_York,2026-06-07 10:14:22.358996+00:00
EDRY,EDRY,1070,2026-03-12 13:30:00+00:00,2026-06-05 20:00:00+00:00,America/New_York,2026-06-07 10:16:02.597016+00:00
EDU,EDU,4643,2026-03-12 13:30:00+00:00,2026-06-05 20:00:00+00:00,America/New_York,2026-06-07 10:12:55.589235+00:00
EE,EE,4373,2026-03-12 13:30:00+00:00,2026-06-05 20:00:00+00:00,America/New_York,2026-06-07 10:13:31.511739+00:00
EEFT,EEFT,4582,2026-03-12 13:30:00+00:00,2026-06-05 20:00:00+00:00,America/New_York,2026-06-07 10:13:49.284764+00:00
EEX,EEX,1655,2026-03-12 13:30:00+00:00,2026-06-05 20:00:00+00:00,America/New_York,2026-06-07 10:14:32.748769+00:00
EFC,EFC,4680,2026-03-12 13:30:00+00:00,2026-06-05 20:00:00+00:00,America/New_York,2026-06-07 10:14:07.330787+00:00
EFOR,EFOR,2341,2026-04-24 13:30:00+00:00,2026-06-05 20:00:00+00:00,America/New_York,2026-06-07 10:14:40.378698+00:00
EFSC,EFSC,3927,2026-03-12 13:30:00+00:00,2026-06-05 20:00:00+00:00,America/New_York,2026-06-07 10:13:54.624584+00:00
EFSI,EFSI,1106,2026-03-12 13:30:00+00:00,2026-06-05 20:00:00+00:00,America/New_York,2026-06-07 10:15:37.076041+00:00
EFX,EFX,4681,2026-03-12 13:30:00+00:00,2026-06-05 20:00:00+00:00,America/New_York,2026-06-07 10:12:22.947888+00:00
EFXT,EFXT,4621,2026-03-12 13:30:00+00:00,2026-06-05 20:00:00+00:00,America/New_York,2026-06-07 10:13:44.369773+00:00
EG,EG,4678,2026-03-12 13:30:00+00:00,2026-06-05 20:00:00+00:00,America/New_York,2026-06-07 10:12:35.812103+00:00
EGAN,EGAN,4006,2026-03-12 13:30:00+00:00,2026-06-05 20:00:00+00:00,America/New_York,2026-06-07 10:15:41.360937+00:00
EGBN,EGBN,4016,2026-03-12 13:30:00+00:00,2026-06-05 20:00:00+00:00,America/New_York,2026-06-07 10:14:40.761442+00:00
EGG,EGG,1002,2026-03-12 13:55:00+00:00,2026-06-05 20:00:00+00:00,America/New_York,2026-06-07 10:15:46.456872+00:00
EGHA,EGHA,242,2026-03-12 14:45:00+00:00,2026-06-05 20:00:00+00:00,America/New_York,2026-06-07 10:15:38.445090+00:00
EGO,EGO,4681,2026-03-12 13:30:00+00:00,2026-06-05 20:00:00+00:00,America/New_York,2026-06-07 10:12:55.639288+00:00
EGP,EGP,4261,2026-03-12 13:30:00+00:00,2026-06-05 20:00:00+00:00,America/New_York,2026-06-07 10:12:43.910526+00:00
EGY,EGY,4675,2026-03-12 13:30:00+00:00,2026-06-05 20:00:00+00:00,America/New_York,2026-06-07 10:14:57.132262+00:00
EH,EH,4609,2026-03-12 13:30:00+00:00,2026-06-05 20:00:00+00:00,America/New_York,2026-06-07 10:14:54.364702+00:00
EHC,EHC,4666,2026-03-12 13:30:00+00:00,2026-06-05 20:00:00+00:00,America/New_York,2026-06-07 10:12:44.299953+00:00
EIG,EIG,4193,2026-03-12 13:30:00+00:00,2026-06-05 20:00:00+00:00,America/New_York,2026-06-07 10:14:39.239918+00:00
EIKN,EIKN,3845,2026-03-12 13:30:00+00:00,2026-06-05 20:00:00+00:00,America/New_York,2026-06-07 10:15:02.632076+00:00
EIX,EIX,4681,2026-03-12 13:30:00+00:00,2026-06-05 20:00:00+00:00,America/New_York,2026-06-07 10:12:16.027347+00:00
EL,EL,4681,2026-03-12 13:30:00+00:00,2026-06-05 20:00:00+00:00,America/New_York,2026-06-07 10:12:15.346779+00:00
ELA,ELA,3125,2026-03-12 13:30:00+00:00,2026-06-05 20:00:00+00:00,America/New_York,2026-06-07 10:14:53.083056+00:00
ELAN,ELAN,4681,2026-03-12 13:30:00+00:00,2026-06-05 20:00:00+00:00,America/New_York,2026-06-07 10:12:39.937066+00:00
ELDN,ELDN,4648,2026-03-12 13:30:00+00:00,2026-06-05 20:00:00+00:00,America/New_York,2026-06-07 10:15:31.579510+00:00
ELE,ELE,4311,2026-03-12 13:30:00+00:00,2026-06-05 20:00:00+00:00,America/New_York,2026-06-07 10:14:34.397073+00:00
ELF,ELF,4681,2026-03-12 13:30:00+00:00,2026-06-05 20:00:00+00:00,America/New_York,2026-06-07 10:13:42.446227+00:00
ELLO,ELLO,361,2026-03-12 13:40:00+00:00,2026-06-05 20:00:00+00:00,America/New_York,2026-06-07 10:15:27.178466+00:00
ELMD,ELMD,2300,2026-03-12 13:30:00+00:00,2026-06-05 20:00:00+00:00,America/New_York,2026-06-07 10:15:24.057111+00:00
ELMT,ELMT,2332,2026-04-23 13:35:00+00:00,2026-06-05 20:00:00+00:00,America/New_York,2026-06-07 10:15:00.412259+00:00
ELPC,ELPC,4457,2026-03-12 13:30:00+00:00,2026-06-05 20:00:00+00:00,America/New_York,2026-06-07 10:12:53.733941+00:00
ELS,ELS,4677,2026-03-12 13:30:00+00:00,2026-06-05 20:00:00+00:00,America/New_York,2026-06-07 10:12:37.869936+00:00
ELTX,ELTX,3107,2026-03-12 13:30:00+00:00,2026-06-05 20:00:00+00:00,America/New_York,2026-06-07 10:15:33.341252+00:00
ELV,ELV,4681,2026-03-12 13:30:00+00:00,2026-06-05 20:00:00+00:00,America/New_York,2026-06-07 10:11:55.834242+00:00
ELVA,ELVA,4299,2026-03-12 13:30:00+00:00,2026-06-05 20:00:00+00:00,America/New_York,2026-06-07 10:15:02.512701+00:00
ELVN,ELVN,4624,2026-03-12 13:30:00+00:00,2026-06-05 20:00:00+00:00,America/New_York,2026-06-07 10:13:57.646579+00:00
ELVR,ELVR,2616,2026-03-12 13:30:00+00:00,2026-06-05 20:00:00+00:00,America/New_York,2026-06-07 10:14:14.538844+00:00
EMA,EMA,4376,2026-03-12 13:30:00+00:00,2026-06-05 20:00:00+00:00,America/New_York,2026-06-07 10:12:30.947704+00:00
EMAT,EMAT,3098,2026-03-12 13:30:00+00:00,2026-06-05 20:00:00+00:00,America/New_York,2026-06-07 10:13:27.135126+00:00
EMBC,EMBC,4607,2026-03-12 13:30:00+00:00,2026-06-05 20:00:00+00:00,America/New_York,2026-06-07 10:15:40.201124+00:00
EMBJ,EMBJ,4681,2026-03-12 13:30:00+00:00,2026-06-05 20:00:00+00:00,America/New_York,2026-06-07 10:12:45.368415+00:00
EME,EME,4664,2026-03-12 13:30:00+00:00,2026-06-05 20:00:00+00:00,America/New_York,2026-06-07 10:12:10.802233+00:00
EML,EML,1024,2026-03-12 13:30:00+00:00,2026-06-05 20:00:00+00:00,America/New_York,2026-06-07 10:15:51.270739+00:00
EMN,EMN,4678,2026-03-12 13:30:00+00:00,2026-06-05 20:00:00+00:00,America/New_York,2026-06-07 10:12:53.835880+00:00
EMPD,EMPD,4128,2026-03-12 13:30:00+00:00,2026-06-05 20:00:00+00:00,America/New_York,2026-06-07 10:15:56.503137+00:00
EMR,EMR,4681,2026-03-12 13:30:00+00:00,2026-06-05 20:00:00+00:00,America/New_York,2026-06-07 10:11:58.862318+00:00
ENB,ENB,4681,2026-03-12 13:30:00+00:00,2026-06-05 20:00:00+00:00,America/New_York,2026-06-07 10:11:52.540913+00:00
ENIC,ENIC,4560,2026-03-12 13:30:00+00:00,2026-06-05 20:00:00+00:00,America/New_York,2026-06-07 10:13:09.054966+00:00
ENLT,ENLT,3778,2026-03-12 13:30:00+00:00,2026-06-05 20:00:00+00:00,America/New_York,2026-06-07 10:12:36.087956+00:00
ENOV,ENOV,4652,2026-03-12 13:30:00+00:00,2026-06-05 20:00:00+00:00,America/New_York,2026-06-07 10:14:18.161485+00:00
ENPH,ENPH,4681,2026-03-12 13:30:00+00:00,2026-06-05 20:00:00+00:00,America/New_York,2026-06-07 10:12:57.152529+00:00
ENR,ENR,4673,2026-03-12 13:30:00+00:00,2026-06-05 20:00:00+00:00,America/New_York,2026-06-07 10:14:19.312741+00:00
ENS,ENS,4405,2026-03-12 13:30:00+00:00,2026-06-05 20:00:00+00:00,America/New_York,2026-06-07 10:12:52.764542+00:00
ENSG,ENSG,4329,2026-03-12 13:30:00+00:00,2026-06-05 20:00:00+00:00,America/New_York,2026-06-07 10:12:46.485423+00:00
ENTA,ENTA,3300,2026-03-12 13:30:00+00:00,2026-06-05 20:00:00+00:00,America/New_York,2026-06-07 10:15:22.311361+00:00
ENTG,ENTG,4681,2026-03-12 13:30:00+00:00,2026-06-05 20:00:00+00:00,America/New_York,2026-06-07 10:12:25.832966+00:00
ENVA,ENVA,3810,2026-03-12 13:30:00+00:00,2026-06-05 20:00:00+00:00,America/New_York,2026-06-07 10:13:24.303657+00:00
ENVX,ENVX,4681,2026-03-12 13:30:00+00:00,2026-06-05 20:00:00+00:00,America/New_York,2026-06-07 10:14:10.857957+00:00
EOG,EOG,4681,2026-03-12 13:30:00+00:00,2026-06-05 20:00:00+00:00,America/New_York,2026-06-07 10:11:59.360409+00:00
EOLS,EOLS,4568,2026-03-12 13:30:00+00:00,2026-06-05 20:00:00+00:00,America/New_York,2026-06-07 10:15:07.667687+00:00
EOSE,EOSE,4681,2026-03-12 13:30:00+00:00,2026-06-05 20:00:00+00:00,America/New_York,2026-06-07 10:13:53.804201+00:00
EPAC,EPAC,4426,2026-03-12 13:30:00+00:00,2026-06-05 20:00:00+00:00,America/New_York,2026-06-07 10:14:05.197618+00:00
EPAM,EPAM,4680,2026-03-12 13:30:00+00:00,2026-06-05 20:00:00+00:00,America/New_York,2026-06-07 10:13:14.653059+00:00
EPC,EPC,4585,2026-03-12 13:30:00+00:00,2026-06-05 20:00:00+00:00,America/New_York,2026-06-07 10:14:35.829620+00:00
EPM,EPM,4525,2026-03-12 13:30:00+00:00,2026-06-05 20:00:00+00:00,America/New_York,2026-06-07 10:15:47.641010+00:00
EPR,EPR,4651,2026-03-12 13:30:00+00:00,2026-06-05 20:00:00+00:00,America/New_York,2026-06-07 10:13:22.457707+00:00
EPRT,EPRT,4677,2026-03-12 13:30:00+00:00,2026-06-05 20:00:00+00:00,America/New_York,2026-06-07 10:13:04.843349+00:00
EPRX,EPRX,2898,2026-03-12 13:30:00+00:00,2026-06-05 20:00:00+00:00,America/New_York,2026-06-07 10:15:12.808731+00:00
EPSN,EPSN,3720,2026-03-12 13:30:00+00:00,2026-06-05 20:00:00+00:00,America/New_York,2026-06-07 10:15:44.797829+00:00
EQBK,EQBK,2833,2026-03-12 13:30:00+00:00,2026-06-05 20:00:00+00:00,America/New_York,2026-06-07 10:14:33.000474+00:00
EQH,EQH,4681,2026-03-12 13:30:00+00:00,2026-06-05 20:00:00+00:00,America/New_York,2026-06-07 10:12:40.075110+00:00
EQIX,EQIX,4662,2026-03-12 13:30:00+00:00,2026-06-05 20:00:00+00:00,America/New_York,2026-06-07 10:11:54.409772+00:00
EQNR,EQNR,4681,2026-03-12 13:30:00+00:00,2026-06-05 20:00:00+00:00,America/New_York,2026-06-07 10:11:55.699999+00:00
EQPT,EQPT,4680,2026-03-12 13:30:00+00:00,2026-06-05 20:00:00+00:00,America/New_York,2026-06-07 10:13:15.517160+00:00
EQR,EQR,4681,2026-03-12 13:30:00+00:00,2026-06-05 20:00:00+00:00,America/New_York,2026-06-07 10:12:18.067399+00:00
EQT,EQT,4681,2026-03-12 13:30:00+00:00,2026-06-05 20:00:00+00:00,America/New_York,2026-06-07 10:12:12.107754+00:00
EQX,EQX,4681,2026-03-12 13:30:00+00:00,2026-06-05 20:00:00+00:00,America/New_York,2026-06-07 10:12:53.047013+00:00
ERAS,ERAS,4680,2026-03-12 13:30:00+00:00,2026-06-05 20:00:00+00:00,America/New_York,2026-06-07 10:13:30.997883+00:00
ERIC,ERIC,4681,2026-03-12 13:30:00+00:00,2026-06-05 20:00:00+00:00,America/New_York,2026-06-07 10:12:07.331493+00:00
ERIE,ERIE,3991,2026-03-12 13:30:00+00:00,2026-06-05 20:00:00+00:00,America/New_York,2026-06-07 10:12:43.679527+00:00
ERII,ERII,4621,2026-03-12 13:30:00+00:00,2026-06-05 20:00:00+00:00,America/New_York,2026-06-07 10:15:09.023200+00:00
ERO,ERO,4680,2026-03-12 13:30:00+00:00,2026-06-05 20:00:00+00:00,America/New_York,2026-06-07 10:13:47.221778+00:00
ES,ES,4681,2026-03-12 13:30:00+00:00,2026-06-05 20:00:00+00:00,America/New_York,2026-06-07 10:12:18.158874+00:00
ESAB,ESAB,4545,2026-03-12 13:30:00+00:00,2026-06-05 20:00:00+00:00,America/New_York,2026-06-07 10:13:12.270556+00:00
ESCA,ESCA,1844,2026-03-12 13:30:00+00:00,2026-06-05 20:00:00+00:00,America/New_York,2026-06-07 10:15:33.135986+00:00
ESE,ESE,4125,2026-03-12 13:30:00+00:00,2026-06-05 20:00:00+00:00,America/New_York,2026-06-07 10:12:56.443430+00:00
ESEA,ESEA,2294,2026-03-12 13:30:00+00:00,2026-06-05 20:00:00+00:00,America/New_York,2026-06-07 10:15:04.612522+00:00
ESI,ESI,4681,2026-03-12 13:30:00+00:00,2026-06-05 20:00:00+00:00,America/New_York,2026-06-07 10:12:47.374539+00:00
ESLT,ESLT,4174,2026-03-12 13:30:00+00:00,2026-06-05 20:00:00+00:00,America/New_York,2026-06-07 10:12:09.832709+00:00
ESNT,ESNT,4610,2026-03-12 13:30:00+00:00,2026-06-05 20:00:00+00:00,America/New_York,2026-06-07 10:13:11.848766+00:00
ESOA,ESOA,3329,2026-03-12 13:30:00+00:00,2026-06-05 20:00:00+00:00,America/New_York,2026-06-07 10:15:29.461443+00:00
ESP,ESP,1520,2026-03-12 13:30:00+00:00,2026-06-05 20:00:00+00:00,America/New_York,2026-06-07 10:15:45.971843+00:00
ESPR,ESPR,4680,2026-03-12 13:30:00+00:00,2026-06-05 20:00:00+00:00,America/New_York,2026-06-07 10:14:41.698228+00:00
ESQ,ESQ,2753,2026-03-12 13:30:00+00:00,2026-06-05 20:00:00+00:00,America/New_York,2026-06-07 10:14:35.975296+00:00
ESRT,ESRT,4666,2026-03-12 13:30:00+00:00,2026-06-05 20:00:00+00:00,America/New_York,2026-06-07 10:14:37.627207+00:00
ESS,ESS,4561,2026-03-12 13:30:00+00:00,2026-06-05 20:00:00+00:00,America/New_York,2026-06-07 10:12:25.617889+00:00
ESTA,ESTA,4341,2026-03-12 13:30:00+00:00,2026-06-05 20:00:00+00:00,America/New_York,2026-06-07 10:13:56.791698+00:00
ESTC,ESTC,4681,2026-03-12 13:30:00+00:00,2026-06-05 20:00:00+00:00,America/New_York,2026-06-07 10:13:04.573931+00:00
ETD,ETD,4483,2026-03-12 13:30:00+00:00,2026-06-05 20:00:00+00:00,America/New_York,2026-06-07 10:14:59.789524+00:00
ETN,ETN,4681,2026-03-12 13:30:00+00:00,2026-06-05 20:00:00+00:00,America/New_York,2026-06-07 10:11:50.865693+00:00
ETON,ETON,4369,2026-03-12 13:30:00+00:00,2026-06-05 20:00:00+00:00,America/New_York,2026-06-07 10:14:42.912143+00:00
ETOR,ETOR,4663,2026-03-12 13:30:00+00:00,2026-06-05 20:00:00+00:00,America/New_York,2026-06-07 10:13:39.647682+00:00
ETR,ETR,4681,2026-03-12 13:30:00+00:00,2026-06-05 20:00:00+00:00,America/New_York,2026-06-07 10:12:05.847525+00:00
ETSS,ETSS,10,2026-06-04 13:35:00+00:00,2026-06-05 18:25:00+00:00,America/New_York,2026-06-07 10:15:40.640676+00:00
ETSY,ETSY,4681,2026-03-12 13:30:00+00:00,2026-06-05 20:00:00+00:00,America/New_York,2026-06-07 10:13:02.532805+00:00
EVAC,EVAC,481,2026-03-12 13:30:00+00:00,2026-06-05 19:55:00+00:00,America/New_York,2026-06-07 10:14:53.681921+00:00
EVC,EVC,4281,2026-03-12 13:30:00+00:00,2026-06-05 20:00:00+00:00,America/New_York,2026-06-07 10:14:42.351289+00:00
EVCM,EVCM,2791,2026-03-12 13:30:00+00:00,2026-06-05 20:00:00+00:00,America/New_York,2026-06-07 10:14:07.966562+00:00
EVER,EVER,4611,2026-03-12 13:30:00+00:00,2026-06-05 20:00:00+00:00,America/New_York,2026-06-07 10:14:46.413746+00:00
EVH,EVH,4677,2026-03-12 13:30:00+00:00,2026-06-05 20:00:00+00:00,America/New_York,2026-06-07 10:15:04.005348+00:00
EVI,EVI,1419,2026-03-12 13:30:00+00:00,2026-06-05 20:00:00+00:00,America/New_York,2026-06-07 10:15:36.353926+00:00
EVLV,EVLV,4680,2026-03-12 13:30:00+00:00,2026-06-05 20:00:00+00:00,America/New_York,2026-06-07 10:14:31.733278+00:00
EVMN,EVMN,4321,2026-03-12 13:30:00+00:00,2026-06-05 20:00:00+00:00,America/New_York,2026-06-07 10:14:45.576972+00:00
EVOX,EVOX,71,2026-03-16 15:05:00+00:00,2026-06-05 20:00:00+00:00,America/New_York,2026-06-07 10:15:23.337805+00:00
EVR,EVR,4674,2026-03-12 13:30:00+00:00,2026-06-05 20:00:00+00:00,America/New_York,2026-06-07 10:12:35.407064+00:00
EVRG,EVRG,4681,2026-03-12 13:30:00+00:00,2026-06-05 20:00:00+00:00,America/New_York,2026-06-07 10:12:25.506291+00:00
EVTC,EVTC,4453,2026-03-12 13:30:00+00:00,2026-06-05 20:00:00+00:00,America/New_York,2026-06-07 10:14:15.731930+00:00
EW,EW,4681,2026-03-12 13:30:00+00:00,2026-06-05 20:00:00+00:00,America/New_York,2026-06-07 10:12:05.700059+00:00
EWBC,EWBC,4650,2026-03-12 13:30:00+00:00,2026-06-05 20:00:00+00:00,America/New_York,2026-06-07 10:12:28.048696+00:00
EWTX,EWTX,4627,2026-03-12 13:30:00+00:00,2026-06-05 20:00:00+00:00,America/New_York,2026-06-07 10:13:29.337134+00:00
EXC,EXC,4681,2026-03-12 13:30:00+00:00,2026-06-05 20:00:00+00:00,America/New_York,2026-06-07 10:12:06.380675+00:00
EXE,EXE,4681,2026-03-12 13:30:00+00:00,2026-06-05 20:00:00+00:00,America/New_York,2026-06-07 10:12:22.028192+00:00
EXEL,EXEL,4681,2026-03-12 13:30:00+00:00,2026-06-05 20:00:00+00:00,America/New_York,2026-06-07 10:12:34.830699+00:00
EXK,EXK,4681,2026-03-12 13:30:00+00:00,2026-06-05 20:00:00+00:00,America/New_York,2026-06-07 10:13:53.541298+00:00
EXLS,EXLS,4680,2026-03-12 13:30:00+00:00,2026-06-05 20:00:00+00:00,America/New_York,2026-06-07 10:13:20.849858+00:00
EXOD,EXOD,2837,2026-03-12 13:30:00+00:00,2026-06-05 20:00:00+00:00,America/New_York,2026-06-07 10:15:42.618324+00:00
EXP,EXP,4485,2026-03-12 13:35:00+00:00,2026-06-05 20:00:00+00:00,America/New_York,2026-06-07 10:13:01.100649+00:00
EXPD,EXPD,4672,2026-03-12 13:30:00+00:00,2026-06-05 20:00:00+00:00,America/New_York,2026-06-07 10:12:22.177371+00:00
EXPE,EXPE,4678,2026-03-12 13:30:00+00:00,2026-06-05 20:00:00+00:00,America/New_York,2026-06-07 10:12:15.857556+00:00
EXPO,EXPO,4509,2026-03-12 13:30:00+00:00,2026-06-05 20:00:00+00:00,America/New_York,2026-06-07 10:13:41.493194+00:00
EXR,EXR,4672,2026-03-12 13:30:00+00:00,2026-06-05 20:00:00+00:00,America/New_York,2026-06-07 10:12:13.488016+00:00
EXTR,EXTR,4680,2026-03-12 13:30:00+00:00,2026-06-05 20:00:00+00:00,America/New_York,2026-06-07 10:13:31.109044+00:00
EYE,EYE,4677,2026-03-12 13:30:00+00:00,2026-06-05 20:00:00+00:00,America/New_York,2026-06-07 10:14:23.649874+00:00
EYPT,EYPT,4639,2026-03-12 13:30:00+00:00,2026-06-05 20:00:00+00:00,America/New_York,2026-06-07 10:14:33.294144+00:00
EZPW,EZPW,4626,2026-03-12 13:30:00+00:00,2026-06-05 20:00:00+00:00,America/New_York,2026-06-07 10:14:00.883028+00:00
F,F,4681,2026-03-12 13:30:00+00:00,2026-06-05 20:00:00+00:00,America/New_York,2026-06-07 10:12:02.890232+00:00
FA,FA,4665,2026-03-12 13:30:00+00:00,2026-06-05 20:00:00+00:00,America/New_York,2026-06-07 10:13:45.426470+00:00
FACT,FACT,356,2026-03-12 16:15:00+00:00,2026-06-05 20:00:00+00:00,America/New_York,2026-06-07 10:15:31.128277+00:00
FAF,FAF,4655,2026-03-12 13:30:00+00:00,2026-06-05 20:00:00+00:00,America/New_York,2026-06-07 10:13:00.807698+00:00
FANG,FANG,4681,2026-03-12 13:30:00+00:00,2026-06-05 20:00:00+00:00,America/New_York,2026-06-07 10:12:03.856274+00:00
FAST,FAST,4681,2026-03-12 13:30:00+00:00,2026-06-05 20:00:00+00:00,America/New_York,2026-06-07 10:12:04.434350+00:00
FATN,FATN,3041,2026-03-12 13:30:00+00:00,2026-06-05 20:00:00+00:00,America/New_York,2026-06-07 10:15:57.738388+00:00
FBIN,FBIN,4681,2026-03-12 13:30:00+00:00,2026-06-05 20:00:00+00:00,America/New_York,2026-06-07 10:13:18.983442+00:00
FBIZ,FBIZ,1201,2026-03-12 13:35:00+00:00,2026-06-05 20:00:00+00:00,America/New_York,2026-06-07 10:15:02.829295+00:00
FBK,FBK,4209,2026-03-12 13:30:00+00:00,2026-06-05 20:00:00+00:00,America/New_York,2026-06-07 10:13:43.705178+00:00
FBLA,FBLA,2382,2026-03-12 13:30:00+00:00,2026-06-05 20:00:00+00:00,America/New_York,2026-06-07 10:15:36.161116+00:00
FBNC,FBNC,3686,2026-03-12 13:30:00+00:00,2026-06-05 20:00:00+00:00,America/New_York,2026-06-07 10:13:50.838472+00:00
FBP,FBP,4675,2026-03-12 13:30:00+00:00,2026-06-05 20:00:00+00:00,America/New_York,2026-06-07 10:13:29.444115+00:00
FBRT,FBRT,4632,2026-03-12 13:30:00+00:00,2026-06-05 20:00:00+00:00,America/New_York,2026-06-07 10:14:49.460917+00:00
FBRX,FBRX,3725,2026-03-12 13:30:00+00:00,2026-06-05 20:00:00+00:00,America/New_York,2026-06-07 10:15:22.449193+00:00
FBYD,FBYD,2523,2026-03-12 13:30:00+00:00,2026-06-05 20:00:00+00:00,America/New_York,2026-06-07 10:14:05.061499+00:00
FC,FC,2971,2026-03-12 13:30:00+00:00,2026-06-05 20:00:00+00:00,America/New_York,2026-06-07 10:15:29.924676+00:00
FCAP,FCAP,189,2026-03-12 16:55:00+00:00,2026-06-05 20:00:00+00:00,America/New_York,2026-06-07 10:15:37.139142+00:00
FCBC,FCBC,2109,2026-03-12 13:30:00+00:00,2026-06-05 20:00:00+00:00,America/New_York,2026-06-07 10:14:41.216753+00:00
FCCO,FCCO,2818,2026-03-12 13:30:00+00:00,2026-06-05 20:00:00+00:00,America/New_York,2026-06-07 10:15:26.979951+00:00
FCEL,FCEL,4675,2026-03-12 13:30:00+00:00,2026-06-05 20:00:00+00:00,America/New_York,2026-06-07 10:14:36.217744+00:00
FCF,FCF,4657,2026-03-12 13:30:00+00:00,2026-06-05 20:00:00+00:00,America/New_York,2026-06-07 10:14:00.074523+00:00
FCFS,FCFS,4216,2026-03-12 13:30:00+00:00,2026-06-05 20:00:00+00:00,America/New_York,2026-06-07 10:12:46.083469+00:00
FCN,FCN,4264,2026-03-12 13:30:00+00:00,2026-06-05 20:00:00+00:00,America/New_York,2026-06-07 10:13:16.725135+00:00
FCNCA,FCNCA,4503,2026-03-12 13:30:00+00:00,2026-06-05 20:00:00+00:00,America/New_York,2026-06-07 10:12:19.646647+00:00
FCPT,FCPT,4635,2026-03-12 13:30:00+00:00,2026-06-05 20:00:00+00:00,America/New_York,2026-06-07 10:13:48.038304+00:00
FCRS,FCRS,989,2026-03-12 13:35:00+00:00,2026-06-05 20:00:00+00:00,America/New_York,2026-06-07 10:15:15.651909+00:00
FCX,FCX,4681,2026-03-12 13:30:00+00:00,2026-06-05 20:00:00+00:00,America/New_York,2026-06-07 10:11:56.149021+00:00
FDBC,FDBC,359,2026-03-12 13:30:00+00:00,2026-06-05 20:00:00+00:00,America/New_York,2026-06-07 10:15:29.654989+00:00
FDMT,FDMT,4578,2026-03-12 13:30:00+00:00,2026-06-05 20:00:00+00:00,America/New_York,2026-06-07 10:15:06.975461+00:00
FDP,FDP,4169,2026-03-12 13:30:00+00:00,2026-06-05 20:00:00+00:00,America/New_York,2026-06-07 10:14:16.530999+00:00
FDS,FDS,4677,2026-03-12 13:30:00+00:00,2026-06-05 20:00:00+00:00,America/New_York,2026-06-07 10:12:47.818537+00:00
FDSB,FDSB,341,2026-03-12 13:30:00+00:00,2026-06-05 20:00:00+00:00,America/New_York,2026-06-07 10:15:59.036597+00:00
FDUS,FDUS,4257,2026-03-12 13:30:00+00:00,2026-06-05 20:00:00+00:00,America/New_York,2026-06-07 10:14:46.601159+00:00
FDX,FDX,4679,2026-03-12 13:30:00+00:00,2026-06-05 20:00:00+00:00,America/New_York,2026-06-07 10:11:58.992943+00:00
FE,FE,4681,2026-03-12 13:30:00+00:00,2026-06-05 20:00:00+00:00,America/New_York,2026-06-07 10:12:17.231295+00:00
FEIM,FEIM,3866,2026-03-12 13:30:00+00:00,2026-06-05 20:00:00+00:00,America/New_York,2026-06-07 10:14:48.657465+00:00
FELE,FELE,3900,2026-03-12 13:30:00+00:00,2026-06-05 20:00:00+00:00,America/New_York,2026-06-07 10:13:22.084617+00:00
FENC,FENC,3493,2026-03-12 13:30:00+00:00,2026-06-05 20:00:00+00:00,America/New_York,2026-06-07 10:15:26.722996+00:00
FER,FER,4679,2026-03-12 13:30:00+00:00,2026-06-05 20:00:00+00:00,America/New_York,2026-06-07 10:12:06.165053+00:00
FERG,FERG,4679,2026-03-12 13:30:00+00:00,2026-06-05 20:00:00+00:00,America/New_York,2026-06-07 10:12:06.502494+00:00
FET,FET,3844,2026-03-12 13:30:00+00:00,2026-06-05 20:00:00+00:00,America/New_York,2026-06-07 10:14:55.018653+00:00
FF,FF,4350,2026-03-12 13:30:00+00:00,2026-06-05 20:00:00+00:00,America/New_York,2026-06-07 10:15:41.749075+00:00
FFBC,FFBC,4633,2026-03-12 13:30:00+00:00,2026-06-05 20:00:00+00:00,America/New_York,2026-06-07 10:13:37.754367+00:00
FFIN,FFIN,4648,2026-03-12 13:30:00+00:00,2026-06-05 20:00:00+00:00,America/New_York,2026-06-07 10:13:19.243562+00:00
FFIV,FFIV,4678,2026-03-12 13:30:00+00:00,2026-06-05 20:00:00+00:00,America/New_York,2026-06-07 10:12:21.548755+00:00
FG,FG,4607,2026-03-12 13:30:00+00:00,2026-06-05 20:00:00+00:00,America/New_York,2026-06-07 10:13:30.012180+00:00
FGBI,FGBI,877,2026-03-12 13:30:00+00:00,2026-06-05 20:00:00+00:00,America/New_York,2026-06-07 10:15:47.661028+00:00
FGMC,FGMC,1445,2026-03-12 14:55:00+00:00,2026-06-05 20:00:00+00:00,America/New_York,2026-06-07 10:15:54.384754+00:00
FHB,FHB,4680,2026-03-12 13:30:00+00:00,2026-06-05 20:00:00+00:00,America/New_York,2026-06-07 10:13:35.088930+00:00
FHI,FHI,4652,2026-03-12 13:30:00+00:00,2026-06-05 20:00:00+00:00,America/New_York,2026-06-07 10:13:23.029004+00:00
FHN,FHN,4681,2026-03-12 13:30:00+00:00,2026-06-05 20:00:00+00:00,America/New_York,2026-06-07 10:12:39.871084+00:00
FHTX,FHTX,3253,2026-03-12 13:30:00+00:00,2026-06-05 20:00:00+00:00,America/New_York,2026-06-07 10:15:37.551969+00:00
FIBK,FIBK,4677,2026-03-12 13:30:00+00:00,2026-06-05 20:00:00+00:00,America/New_York,2026-06-07 10:13:32.413651+00:00
FICO,FICO,4681,2026-03-12 13:30:00+00:00,2026-06-05 20:00:00+00:00,America/New_York,2026-06-07 10:12:17.748942+00:00
FIG,FIG,4681,2026-03-12 13:30:00+00:00,2026-06-05 20:00:00+00:00,America/New_York,2026-06-07 10:12:41.289191+00:00
FIGR,FIGR,4681,2026-03-12 13:30:00+00:00,2026-06-05 20:00:00+00:00,America/New_York,2026-06-07 10:13:06.680060+00:00
FIGS,FIGS,4681,2026-03-12 13:30:00+00:00,2026-06-05 20:00:00+00:00,America/New_York,2026-06-07 10:14:00.324781+00:00
FINV,FINV,4671,2026-03-12 13:30:00+00:00,2026-06-05 20:00:00+00:00,America/New_York,2026-06-07 10:14:22.498515+00:00
FINW,FINW,818,2026-03-12 13:30:00+00:00,2026-06-05 20:00:00+00:00,America/New_York,2026-06-07 10:15:40.760732+00:00
FIP,FIP,4603,2026-03-12 13:30:00+00:00,2026-06-05 20:00:00+00:00,America/New_York,2026-06-07 10:15:02.915950+00:00
FIS,FIS,4681,2026-03-12 13:30:00+00:00,2026-06-05 20:00:00+00:00,America/New_York,2026-06-07 10:12:22.795387+00:00
FISI,FISI,2825,2026-03-12 13:30:00+00:00,2026-06-05 20:00:00+00:00,America/New_York,2026-06-07 10:14:44.083602+00:00
FISV,FISV,4681,2026-03-12 13:30:00+00:00,2026-06-05 20:00:00+00:00,America/New_York,2026-06-07 10:12:14.943469+00:00
FITB,FITB,4681,2026-03-12 13:30:00+00:00,2026-06-05 20:00:00+00:00,America/New_York,2026-06-07 10:12:06.437514+00:00
FIVE,FIVE,4660,2026-03-12 13:30:00+00:00,2026-06-05 20:00:00+00:00,America/New_York,2026-06-07 10:12:44.329530+00:00
FIVN,FIVN,4681,2026-03-12 13:30:00+00:00,2026-06-05 20:00:00+00:00,America/New_York,2026-06-07 10:14:04.775586+00:00
FIX,FIX,4670,2026-03-12 13:30:00+00:00,2026-06-05 20:00:00+00:00,America/New_York,2026-06-07 10:12:01.678283+00:00
FIZZ,FIZZ,4024,2026-03-12 13:30:00+00:00,2026-06-05 20:00:00+00:00,America/New_York,2026-06-07 10:13:34.771662+00:00
FJET,FJET,4667,2026-03-12 13:30:00+00:00,2026-06-05 20:00:00+00:00,America/New_York,2026-06-07 10:15:16.116771+00:00
FLEX,FLEX,4681,2026-03-12 13:30:00+00:00,2026-06-05 20:00:00+00:00,America/New_York,2026-06-07 10:12:03.972511+00:00
FLG,FLG,4681,2026-03-12 13:30:00+00:00,2026-06-05 20:00:00+00:00,America/New_York,2026-06-07 10:13:08.298438+00:00
FLGT,FLGT,4528,2026-03-12 13:30:00+00:00,2026-06-05 20:00:00+00:00,America/New_York,2026-06-07 10:14:57.927827+00:00
FLNC,FLNC,4681,2026-03-12 13:30:00+00:00,2026-06-05 20:00:00+00:00,America/New_York,2026-06-07 10:13:24.809813+00:00
FLNG,FLNG,4644,2026-03-12 13:30:00+00:00,2026-06-05 20:00:00+00:00,America/New_York,2026-06-07 10:14:10.452713+00:00
FLO,FLO,4681,2026-03-12 13:30:00+00:00,2026-06-05 20:00:00+00:00,America/New_York,2026-06-07 10:14:10.552276+00:00
FLOC,FLOC,4604,2026-03-12 13:30:00+00:00,2026-06-05 20:00:00+00:00,America/New_York,2026-06-07 10:13:58.672385+00:00
FLR,FLR,4681,2026-03-12 13:30:00+00:00,2026-06-05 20:00:00+00:00,America/New_York,2026-06-07 10:12:59.759525+00:00
FLS,FLS,4681,2026-03-12 13:30:00+00:00,2026-06-05 20:00:00+00:00,America/New_York,2026-06-07 10:12:48.669905+00:00
FLUT,FLUT,4681,2026-03-12 13:30:00+00:00,2026-06-05 20:00:00+00:00,America/New_York,2026-06-07 10:12:27.735064+00:00
FLWS,FLWS,4351,2026-03-12 13:30:00+00:00,2026-06-05 20:00:00+00:00,America/New_York,2026-06-07 10:15:29.178439+00:00
FLXS,FLXS,1848,2026-03-12 13:30:00+00:00,2026-06-05 20:00:00+00:00,America/New_York,2026-06-07 10:15:25.610650+00:00
FLY,FLY,4681,2026-03-12 13:30:00+00:00,2026-06-05 20:00:00+00:00,America/New_York,2026-06-07 10:13:08.994793+00:00
FLYW,FLYW,4681,2026-03-12 13:30:00+00:00,2026-06-05 20:00:00+00:00,America/New_York,2026-06-07 10:14:05.548514+00:00
FMAC,FMAC,54,2026-05-18 13:50:00+00:00,2026-06-04 16:05:00+00:00,America/New_York,2026-06-07 10:15:49.215709+00:00
FMAO,FMAO,1873,2026-03-12 13:30:00+00:00,2026-06-05 20:00:00+00:00,America/New_York,2026-06-07 10:15:13.782338+00:00
FMBH,FMBH,2705,2026-03-12 13:30:00+00:00,2026-06-05 20:00:00+00:00,America/New_York,2026-06-07 10:14:24.896251+00:00
FMC,FMC,4681,2026-03-12 13:30:00+00:00,2026-06-05 20:00:00+00:00,America/New_York,2026-06-07 10:14:14.364726+00:00
FMNB,FMNB,4240,2026-03-12 13:30:00+00:00,2026-06-05 20:00:00+00:00,America/New_York,2026-06-07 10:14:39.653307+00:00
FMS,FMS,4652,2026-03-12 13:30:00+00:00,2026-06-05 20:00:00+00:00,America/New_York,2026-06-07 10:12:40.045420+00:00
FMX,FMX,4615,2026-03-12 13:30:00+00:00,2026-06-05 20:00:00+00:00,America/New_York,2026-06-07 10:12:19.567313+00:00
FN,FN,4681,2026-03-12 13:30:00+00:00,2026-06-05 20:00:00+00:00,America/New_York,2026-06-07 10:12:21.500257+00:00
FNB,FNB,4681,2026-03-12 13:30:00+00:00,2026-06-05 20:00:00+00:00,America/New_York,2026-06-07 10:13:04.996174+00:00
FND,FND,4681,2026-03-12 13:30:00+00:00,2026-06-05 20:00:00+00:00,America/New_York,2026-06-07 10:13:14.533191+00:00
FNF,FNF,4681,2026-03-12 13:30:00+00:00,2026-06-05 20:00:00+00:00,America/New_York,2026-06-07 10:12:37.156708+00:00
FNKO,FNKO,4547,2026-03-12 13:30:00+00:00,2026-06-05 20:00:00+00:00,America/New_York,2026-06-07 10:15:28.184314+00:00
FNLC,FNLC,719,2026-03-12 13:30:00+00:00,2026-06-05 20:00:00+00:00,America/New_York,2026-06-07 10:15:20.599429+00:00
FNRN,FNRN,1529,2026-03-13 13:35:00+00:00,2026-06-05 20:00:00+00:00,America/New_York,2026-06-07 10:15:29.819908+00:00
FNV,FNV,4677,2026-03-12 13:30:00+00:00,2026-06-05 20:00:00+00:00,America/New_York,2026-06-07 10:12:07.712549+00:00
FNWB,FNWB,1617,2026-03-12 14:15:00+00:00,2026-06-05 20:00:00+00:00,America/New_York,2026-06-07 10:15:55.241241+00:00
FNWD,FNWD,394,2026-03-12 13:45:00+00:00,2026-06-05 20:00:00+00:00,America/New_York,2026-06-07 10:15:49.316617+00:00
FOA,FOA,2394,2026-03-12 13:30:00+00:00,2026-06-05 20:00:00+00:00,America/New_York,2026-06-07 10:15:20.823108+00:00
FOCL,FOCL,109,2026-06-01 13:30:00+00:00,2026-06-05 20:00:00+00:00,America/New_York,2026-06-07 10:15:44.909286+00:00
FOR,FOR,3406,2026-03-12 13:30:00+00:00,2026-06-05 20:00:00+00:00,America/New_York,2026-06-07 10:14:15.441609+00:00
FORM,FORM,4678,2026-03-12 13:30:00+00:00,2026-06-05 20:00:00+00:00,America/New_York,2026-06-07 10:12:50.223982+00:00
FORR,FORR,2951,2026-03-12 13:30:00+00:00,2026-06-05 20:00:00+00:00,America/New_York,2026-06-07 10:15:50.788599+00:00
FOSL,FOSL,4492,2026-03-12 13:30:00+00:00,2026-06-05 20:00:00+00:00,America/New_York,2026-06-07 10:15:35.559158+00:00
FOUR,FOUR,4681,2026-03-12 13:30:00+00:00,2026-06-05 20:00:00+00:00,America/New_York,2026-06-07 10:13:39.812564+00:00
FOXA,FOXA,4681,2026-03-12 13:30:00+00:00,2026-06-05 20:00:00+00:00,America/New_York,2026-06-07 10:12:17.472072+00:00
FOXF,FOXF,4415,2026-03-12 13:30:00+00:00,2026-06-05 20:00:00+00:00,America/New_York,2026-06-07 10:14:45.187264+00:00
FPH,FPH,3656,2026-03-12 13:30:00+00:00,2026-06-05 20:00:00+00:00,America/New_York,2026-06-07 10:14:57.159787+00:00
FPI,FPI,4531,2026-03-12 13:30:00+00:00,2026-06-05 20:00:00+00:00,America/New_York,2026-06-07 10:15:06.480019+00:00
FPS,FPS,4681,2026-03-12 13:30:00+00:00,2026-06-05 20:00:00+00:00,America/New_York,2026-06-07 10:12:27.469250+00:00
FR,FR,4656,2026-03-12 13:30:00+00:00,2026-06-05 20:00:00+00:00,America/New_York,2026-06-07 10:12:52.911462+00:00
FRAF,FRAF,876,2026-03-12 13:30:00+00:00,2026-06-05 20:00:00+00:00,America/New_York,2026-06-07 10:15:30.715300+00:00
FRBA,FRBA,2053,2026-03-12 13:30:00+00:00,2026-06-05 20:00:00+00:00,America/New_York,2026-06-07 10:15:11.539427+00:00
FRD,FRD,1404,2026-03-12 13:30:00+00:00,2026-06-05 20:00:00+00:00,America/New_York,2026-06-07 10:15:44.423728+00:00
FRHC,FRHC,2112,2026-03-12 13:30:00+00:00,2026-06-05 20:00:00+00:00,America/New_York,2026-06-07 10:12:49.616607+00:00
FRME,FRME,4402,2026-03-12 13:30:00+00:00,2026-06-05 20:00:00+00:00,America/New_York,2026-06-07 10:13:49.420006+00:00
FRMI,FRMI,4681,2026-03-12 13:30:00+00:00,2026-06-05 20:00:00+00:00,America/New_York,2026-06-07 10:13:31.923199+00:00
FRMM,FRMM,4281,2026-03-12 13:30:00+00:00,2026-06-05 20:00:00+00:00,America/New_York,2026-06-07 10:16:00.339861+00:00
FRO,FRO,4681,2026-03-12 13:30:00+00:00,2026-06-05 20:00:00+00:00,America/New_York,2026-06-07 10:12:55.321650+00:00
FROG,FROG,4680,2026-03-12 13:30:00+00:00,2026-06-05 20:00:00+00:00,America/New_York,2026-06-07 10:12:45.942281+00:00
FRPH,FRPH,2291,2026-03-12 13:30:00+00:00,2026-06-05 20:00:00+00:00,America/New_York,2026-06-07 10:15:05.755069+00:00
FRPT,FRPT,4674,2026-03-12 13:30:00+00:00,2026-06-05 20:00:00+00:00,America/New_York,2026-06-07 10:13:51.196409+00:00
FRSH,FRSH,4681,2026-03-12 13:30:00+00:00,2026-06-05 20:00:00+00:00,America/New_York,2026-06-07 10:13:46.577695+00:00
FRST,FRST,3593,2026-03-12 13:30:00+00:00,2026-06-05 20:00:00+00:00,America/New_York,2026-06-07 10:15:15.481381+00:00
FRT,FRT,4654,2026-03-12 13:30:00+00:00,2026-06-05 20:00:00+00:00,America/New_York,2026-06-07 10:12:43.572552+00:00
FRVO,FRVO,1286,2026-05-13 13:40:00+00:00,2026-06-05 20:00:00+00:00,America/New_York,2026-06-07 10:12:42.563700+00:00
FSBC,FSBC,2304,2026-03-12 13:30:00+00:00,2026-06-05 20:00:00+00:00,America/New_York,2026-06-07 10:14:36.080367+00:00
FSBW,FSBW,471,2026-03-12 14:20:00+00:00,2026-06-05 20:00:00+00:00,America/New_York,2026-06-07 10:15:25.862584+00:00
FSI,FSI,1103,2026-03-12 14:30:00+00:00,2026-06-05 20:00:00+00:00,America/New_York,2026-06-07 10:15:58.975482+00:00
FSK,FSK,4681,2026-03-12 13:30:00+00:00,2026-06-05 20:00:00+00:00,America/New_York,2026-06-07 10:13:41.896970+00:00
FSLR,FSLR,4681,2026-03-12 13:30:00+00:00,2026-06-05 20:00:00+00:00,America/New_York,2026-06-07 10:12:14.431648+00:00
FSLY,FSLY,4681,2026-03-12 13:30:00+00:00,2026-06-05 20:00:00+00:00,America/New_York,2026-06-07 10:13:45.984383+00:00
FSM,FSM,4681,2026-03-12 13:30:00+00:00,2026-06-05 20:00:00+00:00,America/New_York,2026-06-07 10:13:45.800105+00:00
FSS,FSS,4398,2026-03-12 13:30:00+00:00,2026-06-05 20:00:00+00:00,America/New_York,2026-06-07 10:13:03.931779+00:00
FSTR,FSTR,2446,2026-03-12 13:30:00+00:00,2026-06-05 20:00:00+00:00,America/New_York,2026-06-07 10:15:07.914227+00:00
FSUN,FSUN,3487,2026-03-12 13:30:00+00:00,2026-06-05 20:00:00+00:00,America/New_York,2026-06-07 10:14:10.776336+00:00
FSV,FSV,3771,2026-03-12 13:40:00+00:00,2026-06-05 20:00:00+00:00,America/New_York,2026-06-07 10:13:04.438912+00:00
FTAI,FTAI,4670,2026-03-12 13:30:00+00:00,2026-06-05 20:00:00+00:00,America/New_York,2026-06-07 10:12:19.926116+00:00
FTCI,FTCI,2991,2026-03-12 13:30:00+00:00,2026-06-05 20:00:00+00:00,America/New_York,2026-06-07 10:15:59.940477+00:00
FTDR,FTDR,4563,2026-03-12 13:30:00+00:00,2026-06-05 20:00:00+00:00,America/New_York,2026-06-07 10:13:19.967358+00:00
FTI,FTI,4681,2026-03-12 13:30:00+00:00,2026-06-05 20:00:00+00:00,America/New_York,2026-06-07 10:12:17.335195+00:00
FTK,FTK,4147,2026-03-12 13:30:00+00:00,2026-06-05 20:00:00+00:00,America/New_York,2026-06-07 10:14:39.054743+00:00
FTLF,FTLF,1377,2026-03-12 14:25:00+00:00,2026-06-05 20:00:00+00:00,America/New_York,2026-06-07 10:15:56.345813+00:00
FTNT,FTNT,4681,2026-03-12 13:30:00+00:00,2026-06-05 20:00:00+00:00,America/New_York,2026-06-07 10:11:54.055320+00:00
FTRE,FTRE,4512,2026-03-16 13:30:00+00:00,2026-06-05 20:00:00+00:00,America/New_York,2026-06-07 10:14:14.248813+00:00
FTS,FTS,4678,2026-03-12 13:30:00+00:00,2026-06-05 20:00:00+00:00,America/New_York,2026-06-07 10:12:16.243634+00:00
FTV,FTV,4681,2026-03-12 13:30:00+00:00,2026-06-05 20:00:00+00:00,America/New_York,2026-06-07 10:12:25.027692+00:00
FTW,FTW,2584,2026-03-12 13:30:00+00:00,2026-06-05 20:00:00+00:00,America/New_York,2026-06-07 10:15:16.348695+00:00
FUBO,FUBO,4681,2026-03-12 13:30:00+00:00,2026-06-05 20:00:00+00:00,America/New_York,2026-06-07 10:14:31.380018+00:00
FUL,FUL,4568,2026-03-12 13:30:00+00:00,2026-06-05 20:00:00+00:00,America/New_York,2026-06-07 10:13:37.702136+00:00
FULC,FULC,4536,2026-03-12 13:30:00+00:00,2026-06-05 20:00:00+00:00,America/New_York,2026-06-07 10:15:33.668588+00:00
FULT,FULT,4678,2026-03-12 13:30:00+00:00,2026-06-05 20:00:00+00:00,America/New_York,2026-06-07 10:13:23.985582+00:00
FUNC,FUNC,494,2026-03-12 13:30:00+00:00,2026-06-05 20:00:00+00:00,America/New_York,2026-06-07 10:15:31.629718+00:00
FUSB,FUSB,236,2026-03-12 18:05:00+00:00,2026-06-05 20:00:00+00:00,America/New_York,2026-06-07 10:15:56.087702+00:00
FUTU,FUTU,4662,2026-03-12 13:30:00+00:00,2026-06-05 20:00:00+00:00,America/New_York,2026-06-07 10:12:36.723678+00:00
FVCB,FVCB,3289,2026-03-12 13:30:00+00:00,2026-06-05 20:00:00+00:00,America/New_York,2026-06-07 10:15:27.370902+00:00
FVR,FVR,2955,2026-03-12 13:30:00+00:00,2026-06-05 20:00:00+00:00,America/New_York,2026-06-07 10:14:59.832976+00:00
FVRR,FVRR,4662,2026-03-12 13:30:00+00:00,2026-06-05 20:00:00+00:00,America/New_York,2026-06-07 10:15:14.979884+00:00
FWDI,FWDI,4619,2026-03-12 13:30:00+00:00,2026-06-05 20:00:00+00:00,America/New_York,2026-06-07 10:15:29.415720+00:00
FWONK,FWONK,4678,2026-03-12 13:30:00+00:00,2026-06-05 20:00:00+00:00,America/New_York,2026-06-07 10:12:22.237608+00:00
FWRD,FWRD,4584,2026-03-12 13:30:00+00:00,2026-06-05 20:00:00+00:00,America/New_York,2026-06-07 10:15:21.790256+00:00
FWRG,FWRG,4674,2026-03-12 13:30:00+00:00,2026-06-05 20:00:00+00:00,America/New_York,2026-06-07 10:14:51.839893+00:00
FXACU,FXACU,100,2026-05-22 13:40:00+00:00,2026-06-05 20:00:00+00:00,America/New_York,2026-06-07 10:15:53.613913+00:00
FXNC,FXNC,2830,2026-03-12 13:30:00+00:00,2026-06-05 20:00:00+00:00,America/New_York,2026-06-07 10:15:31.019011+00:00
G,G,4681,2026-03-12 13:30:00+00:00,2026-06-05 20:00:00+00:00,America/New_York,2026-06-07 10:13:09.607053+00:00
GABC,GABC,3205,2026-03-12 13:30:00+00:00,2026-06-05 20:00:00+00:00,America/New_York,2026-06-07 10:14:08.305492+00:00
GAIN,GAIN,4343,2026-03-12 13:30:00+00:00,2026-06-05 20:00:00+00:00,America/New_York,2026-06-07 10:14:53.448323+00:00
GAP,GAP,4681,2026-03-12 13:30:00+00:00,2026-06-05 20:00:00+00:00,America/New_York,2026-06-07 10:12:54.440404+00:00
GASS,GASS,3407,2026-03-12 13:30:00+00:00,2026-06-05 20:00:00+00:00,America/New_York,2026-06-07 10:15:17.597023+00:00
GATX,GATX,3610,2026-03-12 13:30:00+00:00,2026-06-05 20:00:00+00:00,America/New_York,2026-06-07 10:13:06.350049+00:00
GBCI,GBCI,4665,2026-03-12 13:30:00+00:00,2026-06-05 20:00:00+00:00,America/New_York,2026-06-07 10:13:06.202844+00:00
GBDC,GBDC,4677,2026-03-12 13:30:00+00:00,2026-06-05 20:00:00+00:00,America/New_York,2026-06-07 10:13:35.056075+00:00
GBFH,GBFH,1897,2026-03-12 13:30:00+00:00,2026-06-05 20:00:00+00:00,America/New_York,2026-06-07 10:15:09.004136+00:00
GBLI,GBLI,213,2026-03-12 19:55:00+00:00,2026-06-05 20:00:00+00:00,America/New_York,2026-06-07 10:15:14.148136+00:00
GBTG,GBTG,4671,2026-03-12 13:30:00+00:00,2026-06-05 20:00:00+00:00,America/New_York,2026-06-07 10:13:16.476729+00:00
GBX,GBX,4094,2026-03-12 13:30:00+00:00,2026-06-05 20:00:00+00:00,America/New_York,2026-06-07 10:14:14.460639+00:00
GCBC,GCBC,582,2026-03-12 13:30:00+00:00,2026-06-05 20:00:00+00:00,America/New_York,2026-06-07 10:15:04.153725+00:00
GCGRU,GCGRU,200,2026-04-30 13:35:00+00:00,2026-06-05 20:00:00+00:00,America/New_York,2026-06-07 10:15:09.099842+00:00
GCMG,GCMG,4297,2026-03-12 13:30:00+00:00,2026-06-05 20:00:00+00:00,America/New_York,2026-06-07 10:13:56.393011+00:00
GCO,GCO,3837,2026-03-12 13:30:00+00:00,2026-06-05 20:00:00+00:00,America/New_York,2026-06-07 10:15:10.690476+00:00
GCT,GCT,4650,2026-03-12 13:30:00+00:00,2026-06-05 20:00:00+00:00,America/New_York,2026-06-07 10:14:26.401227+00:00
GD,GD,4681,2026-03-12 13:30:00+00:00,2026-06-05 20:00:00+00:00,America/New_York,2026-06-07 10:11:55.623695+00:00
GDDY,GDDY,4681,2026-03-12 13:30:00+00:00,2026-06-05 20:00:00+00:00,America/New_York,2026-06-07 10:12:41.040436+00:00
GDOT,GDOT,4432,2026-03-12 13:30:00+00:00,2026-06-05 20:00:00+00:00,America/New_York,2026-06-07 10:14:46.503339+00:00
GDS,GDS,4672,2026-03-12 13:30:00+00:00,2026-06-05 20:00:00+00:00,America/New_York,2026-06-07 10:13:01.266552+00:00
GDYN,GDYN,4674,2026-03-12 13:30:00+00:00,2026-06-05 20:00:00+00:00,America/New_York,2026-06-07 10:14:56.618127+00:00
GE,GE,4681,2026-03-12 13:30:00+00:00,2026-06-05 20:00:00+00:00,America/New_York,2026-06-07 10:11:46.469362+00:00
GECC,GECC,2352,2026-03-12 13:30:00+00:00,2026-06-05 20:00:00+00:00,America/New_York,2026-06-07 10:15:57.804253+00:00
GEF,GEF,3837,2026-03-12 13:30:00+00:00,2026-06-05 20:00:00+00:00,America/New_York,2026-06-07 10:13:37.520608+00:00
GEHC,GEHC,4681,2026-03-12 13:30:00+00:00,2026-06-05 20:00:00+00:00,America/New_York,2026-06-07 10:12:15.036801+00:00
GEMI,GEMI,4678,2026-03-12 13:30:00+00:00,2026-06-05 20:00:00+00:00,America/New_York,2026-06-07 10:15:02.387308+00:00
GEN,GEN,4681,2026-03-12 13:30:00+00:00,2026-06-05 20:00:00+00:00,America/New_York,2026-06-07 10:12:29.488459+00:00
GENB,GENB,4312,2026-03-12 13:30:00+00:00,2026-06-05 20:00:00+00:00,America/New_York,2026-06-07 10:14:08.714554+00:00
GENC,GENC,1579,2026-03-12 13:30:00+00:00,2026-06-05 20:00:00+00:00,America/New_York,2026-06-07 10:15:37.914307+00:00
GENI,GENI,4681,2026-03-12 13:30:00+00:00,2026-06-05 20:00:00+00:00,America/New_York,2026-06-07 10:14:12.322857+00:00
GEO,GEO,4680,2026-03-12 13:30:00+00:00,2026-06-05 20:00:00+00:00,America/New_York,2026-06-07 10:13:35.650831+00:00
GEOS,GEOS,4042,2026-03-12 13:30:00+00:00,2026-06-05 20:00:00+00:00,America/New_York,2026-06-07 10:15:55.218958+00:00
GEV,GEV,4681,2026-03-12 13:30:00+00:00,2026-06-05 20:00:00+00:00,America/New_York,2026-06-07 10:11:47.979958+00:00
GFF,GFF,4310,2026-03-12 13:30:00+00:00,2026-06-05 20:00:00+00:00,America/New_York,2026-06-07 10:13:26.976337+00:00
GFI,GFI,4681,2026-03-12 13:30:00+00:00,2026-06-05 20:00:00+00:00,America/New_York,2026-06-07 10:12:13.061066+00:00
GFL,GFL,4681,2026-03-12 13:30:00+00:00,2026-06-05 20:00:00+00:00,America/New_York,2026-06-07 10:12:36.364556+00:00
GFR,GFR,3593,2026-03-12 13:30:00+00:00,2026-06-05 20:00:00+00:00,America/New_York,2026-06-07 10:14:46.073582+00:00
GFS,GFS,4681,2026-03-12 13:30:00+00:00,2026-06-05 20:00:00+00:00,America/New_York,2026-06-07 10:12:07.805714+00:00
GGAL,GGAL,4662,2026-03-12 13:30:00+00:00,2026-06-05 20:00:00+00:00,America/New_York,2026-06-07 10:12:53.765724+00:00
GGG,GGG,4674,2026-03-12 13:30:00+00:00,2026-06-05 20:00:00+00:00,America/New_York,2026-06-07 10:12:38.490928+00:00
GH,GH,4681,2026-03-12 13:30:00+00:00,2026-06-05 20:00:00+00:00,America/New_York,2026-06-07 10:12:29.437271+00:00
GHC,GHC,3470,2026-03-12 13:30:00+00:00,2026-06-05 20:00:00+00:00,America/New_York,2026-06-07 10:13:15.664838+00:00
GHM,GHM,3440,2026-03-12 13:30:00+00:00,2026-06-05 20:00:00+00:00,America/New_York,2026-06-07 10:14:22.414570+00:00
GHRS,GHRS,3657,2026-03-12 13:30:00+00:00,2026-06-05 20:00:00+00:00,America/New_York,2026-06-07 10:14:13.924448+00:00
GIB,GIB,4666,2026-03-12 13:30:00+00:00,2026-06-05 20:00:00+00:00,America/New_York,2026-06-07 10:12:32.209575+00:00
GIC,GIC,2824,2026-03-12 13:30:00+00:00,2026-06-05 20:00:00+00:00,America/New_York,2026-06-07 10:14:25.181328+00:00
GIII,GIII,4421,2026-03-12 13:30:00+00:00,2026-06-05 20:00:00+00:00,America/New_York,2026-06-07 10:14:15.704343+00:00
GIL,GIL,4679,2026-03-12 13:30:00+00:00,2026-06-05 20:00:00+00:00,America/New_York,2026-06-07 10:12:43.417564+00:00
GILD,GILD,4681,2026-03-12 13:30:00+00:00,2026-06-05 20:00:00+00:00,America/New_York,2026-06-07 10:11:50.758355+00:00
GILT,GILT,4596,2026-03-12 13:30:00+00:00,2026-06-05 20:00:00+00:00,America/New_York,2026-06-07 10:14:29.541928+00:00
GIS,GIS,4681,2026-03-12 13:30:00+00:00,2026-06-05 20:00:00+00:00,America/New_York,2026-06-07 10:12:27.552540+00:00
GIW,GIW,136,2026-03-12 13:55:00+00:00,2026-06-05 20:00:00+00:00,America/New_York,2026-06-07 10:15:16.022341+00:00
GKOS,GKOS,4623,2026-03-12 13:30:00+00:00,2026-06-05 20:00:00+00:00,America/New_York,2026-06-07 10:12:59.045684+00:00
GL,GL,4565,2026-03-12 13:30:00+00:00,2026-06-05 20:00:00+00:00,America/New_York,2026-06-07 10:12:37.370462+00:00
GLAD,GLAD,4085,2026-03-12 13:30:00+00:00,2026-06-05 20:00:00+00:00,America/New_York,2026-06-07 10:15:07.710455+00:00
GLBE,GLBE,4666,2026-03-12 13:30:00+00:00,2026-06-05 20:00:00+00:00,America/New_York,2026-06-07 10:13:11.651121+00:00
GLIBA,GLIBA,2067,2026-03-12 13:40:00+00:00,2026-06-05 20:00:00+00:00,America/New_York,2026-06-07 10:14:38.965691+00:00
GLNG,GLNG,4680,2026-03-12 13:30:00+00:00,2026-06-05 20:00:00+00:00,America/New_York,2026-06-07 10:13:12.699686+00:00
GLOB,GLOB,4681,2026-03-12 13:30:00+00:00,2026-06-05 20:00:00+00:00,America/New_York,2026-06-07 10:14:08.466717+00:00
GLOO,GLOO,2173,2026-03-12 13:30:00+00:00,2026-06-05 20:00:00+00:00,America/New_York,2026-06-07 10:15:10.171561+00:00
GLPI,GLPI,4680,2026-03-12 13:30:00+00:00,2026-06-05 20:00:00+00:00,America/New_York,2026-06-07 10:12:35.666636+00:00
GLRE,GLRE,3811,2026-03-12 13:30:00+00:00,2026-06-05 20:00:00+00:00,America/New_York,2026-06-07 10:14:59.418407+00:00
GLSI,GLSI,3220,2026-03-12 13:30:00+00:00,2026-06-05 20:00:00+00:00,America/New_York,2026-06-07 10:15:21.737171+00:00
GLUE,GLUE,4652,2026-03-12 13:30:00+00:00,2026-06-05 20:00:00+00:00,America/New_York,2026-06-07 10:14:17.641619+00:00
GLW,GLW,4681,2026-03-12 13:30:00+00:00,2026-06-05 20:00:00+00:00,America/New_York,2026-06-07 10:11:51.074540+00:00
GLXY,GLXY,4681,2026-03-12 13:30:00+00:00,2026-06-05 20:00:00+00:00,America/New_York,2026-06-07 10:12:46.620513+00:00
GM,GM,4681,2026-03-12 13:30:00+00:00,2026-06-05 20:00:00+00:00,America/New_York,2026-06-07 10:11:59.073790+00:00
GMAB,GMAB,4680,2026-03-12 13:30:00+00:00,2026-06-05 20:00:00+00:00,America/New_York,2026-06-07 10:12:31.667756+00:00
GME,GME,4681,2026-03-12 13:30:00+00:00,2026-06-05 20:00:00+00:00,America/New_York,2026-06-07 10:12:47.426283+00:00
GMED,GMED,4677,2026-03-12 13:30:00+00:00,2026-06-05 20:00:00+00:00,America/New_York,2026-06-07 10:12:43.443093+00:00
GMRS,GMRS,1270,2026-05-13 13:40:00+00:00,2026-06-05 20:00:00+00:00,America/New_York,2026-06-07 10:13:51.553043+00:00
GNE,GNE,2277,2026-03-12 13:30:00+00:00,2026-06-05 20:00:00+00:00,America/New_York,2026-06-07 10:15:15.224152+00:00
GNK,GNK,4379,2026-03-12 13:30:00+00:00,2026-06-05 20:00:00+00:00,America/New_York,2026-06-07 10:14:29.574982+00:00
GNL,GNL,4676,2026-03-12 13:30:00+00:00,2026-06-05 20:00:00+00:00,America/New_York,2026-06-07 10:13:58.364224+00:00
GNRC,GNRC,4656,2026-03-12 13:30:00+00:00,2026-06-05 20:00:00+00:00,America/New_York,2026-06-07 10:12:30.972889+00:00
GNTX,GNTX,4681,2026-03-12 13:30:00+00:00,2026-06-05 20:00:00+00:00,America/New_York,2026-06-07 10:13:12.043978+00:00
GNW,GNW,4680,2026-03-12 13:30:00+00:00,2026-06-05 20:00:00+00:00,America/New_York,2026-06-07 10:13:35.726548+00:00
GO,GO,4678,2026-03-12 13:30:00+00:00,2026-06-05 20:00:00+00:00,America/New_York,2026-06-07 10:14:39.858295+00:00
GOGO,GOGO,4664,2026-03-12 13:30:00+00:00,2026-06-05 20:00:00+00:00,America/New_York,2026-06-07 10:15:01.612818+00:00
GOLD,GOLD,4649,2026-03-12 13:30:00+00:00,2026-06-05 20:00:00+00:00,America/New_York,2026-06-07 10:14:27.728244+00:00
GOLF,GOLF,4102,2026-03-12 13:30:00+00:00,2026-06-05 20:00:00+00:00,America/New_York,2026-06-07 10:13:13.151670+00:00
GOOD,GOOD,4479,2026-03-12 13:30:00+00:00,2026-06-05 20:00:00+00:00,America/New_York,2026-06-07 10:14:51.690679+00:00
GOOGL,GOOGL,4681,2026-03-12 13:30:00+00:00,2026-06-05 20:00:00+00:00,America/New_York,2026-06-07 10:11:44.263093+00:00
GOOS,GOOS,4618,2026-03-12 13:30:00+00:00,2026-06-05 20:00:00+00:00,America/New_York,2026-06-07 10:14:34.766819+00:00
GPC,GPC,4681,2026-03-12 13:30:00+00:00,2026-06-05 20:00:00+00:00,America/New_York,2026-06-07 10:12:34.980912+00:00
GPCR,GPCR,4642,2026-03-12 13:30:00+00:00,2026-06-05 20:00:00+00:00,America/New_York,2026-06-07 10:13:47.324067+00:00
GPGI,GPGI,4681,2026-03-12 13:30:00+00:00,2026-06-05 20:00:00+00:00,America/New_York,2026-06-07 10:13:34.434362+00:00
GPI,GPI,4172,2026-03-12 13:30:00+00:00,2026-06-05 20:00:00+00:00,America/New_York,2026-06-07 10:13:30.946107+00:00
GPK,GPK,4681,2026-03-12 13:30:00+00:00,2026-06-05 20:00:00+00:00,America/New_York,2026-06-07 10:13:39.333602+00:00
GPN,GPN,4681,2026-03-12 13:30:00+00:00,2026-06-05 20:00:00+00:00,America/New_York,2026-06-07 10:12:26.458925+00:00
GPOR,GPOR,4161,2026-03-12 13:30:00+00:00,2026-06-05 20:00:00+00:00,America/New_York,2026-06-07 10:13:41.415386+00:00
GPRE,GPRE,4675,2026-03-12 13:30:00+00:00,2026-06-05 20:00:00+00:00,America/New_York,2026-06-07 10:14:30.498297+00:00
GPRK,GPRK,4641,2026-03-12 13:30:00+00:00,2026-06-05 20:00:00+00:00,America/New_York,2026-06-07 10:14:47.533321+00:00
GRAB,GRAB,4681,2026-03-12 13:30:00+00:00,2026-06-05 20:00:00+00:00,America/New_York,2026-06-07 10:12:35.046226+00:00
GRAL,GRAL,4647,2026-03-12 13:30:00+00:00,2026-06-05 20:00:00+00:00,America/New_York,2026-06-07 10:13:50.883674+00:00
GRBK,GRBK,4035,2026-03-12 13:30:00+00:00,2026-06-05 20:00:00+00:00,America/New_York,2026-06-07 10:13:41.793448+00:00
GRC,GRC,3456,2026-03-12 13:30:00+00:00,2026-06-05 20:00:00+00:00,America/New_York,2026-06-07 10:13:59.486054+00:00
GRDN,GRDN,4393,2026-03-12 13:30:00+00:00,2026-06-05 20:00:00+00:00,America/New_York,2026-06-07 10:13:48.860894+00:00
GRFS,GRFS,4417,2026-03-12 13:30:00+00:00,2026-06-05 20:00:00+00:00,America/New_York,2026-06-07 10:13:03.113416+00:00
GRMN,GRMN,4621,2026-03-12 13:30:00+00:00,2026-06-05 20:00:00+00:00,America/New_York,2026-06-07 10:12:06.529844+00:00
GRND,GRND,4671,2026-03-12 13:30:00+00:00,2026-06-05 20:00:00+00:00,America/New_York,2026-06-07 10:13:59.828155+00:00
GRNT,GRNT,4660,2026-03-12 13:30:00+00:00,2026-06-05 20:00:00+00:00,America/New_York,2026-06-07 10:14:51.015349+00:00
GRPN,GRPN,4681,2026-03-12 13:30:00+00:00,2026-06-05 20:00:00+00:00,America/New_York,2026-06-07 10:14:51.256584+00:00
GRRR,GRRR,4616,2026-03-12 13:30:00+00:00,2026-06-05 20:00:00+00:00,America/New_York,2026-06-07 10:15:03.805692+00:00
GRVY,GRVY,1418,2026-03-12 13:30:00+00:00,2026-06-05 20:00:00+00:00,America/New_York,2026-06-07 10:15:11.081726+00:00
GS,GS,4681,2026-03-12 13:30:00+00:00,2026-06-05 20:00:00+00:00,America/New_York,2026-06-07 10:11:46.987692+00:00
GSAT,GSAT,4660,2026-03-12 13:30:00+00:00,2026-06-05 20:00:00+00:00,America/New_York,2026-06-07 10:12:44.651909+00:00
GSBC,GSBC,2214,2026-03-12 13:30:00+00:00,2026-06-05 20:00:00+00:00,America/New_York,2026-06-07 10:14:42.282468+00:00
GSBD,GSBD,4674,2026-03-12 13:30:00+00:00,2026-06-05 20:00:00+00:00,America/New_York,2026-06-07 10:14:31.850477+00:00
GSHD,GSHD,4499,2026-03-12 13:30:00+00:00,2026-06-05 20:00:00+00:00,America/New_York,2026-06-07 10:14:17.885056+00:00
GSIT,GSIT,4642,2026-03-12 13:30:00+00:00,2026-06-05 20:00:00+00:00,America/New_York,2026-06-07 10:15:28.612993+00:00
GSK,GSK,4681,2026-03-12 13:30:00+00:00,2026-06-05 20:00:00+00:00,America/New_York,2026-06-07 10:11:54.580261+00:00
GSL,GSL,4491,2026-03-12 13:30:00+00:00,2026-06-05 20:00:00+00:00,America/New_York,2026-06-07 10:14:18.107753+00:00
GSM,GSM,4602,2026-03-12 13:30:00+00:00,2026-06-05 20:00:00+00:00,America/New_York,2026-06-07 10:14:45.314824+00:00
GT,GT,4681,2026-03-12 13:30:00+00:00,2026-06-05 20:00:00+00:00,America/New_York,2026-06-07 10:14:09.150779+00:00
GTE,GTE,4531,2026-03-12 13:30:00+00:00,2026-06-05 20:00:00+00:00,America/New_York,2026-06-07 10:15:30.198845+00:00
GTES,GTES,4681,2026-03-12 13:30:00+00:00,2026-06-05 20:00:00+00:00,America/New_York,2026-06-07 10:13:02.719753+00:00
GTLB,GTLB,4681,2026-03-12 13:30:00+00:00,2026-06-05 20:00:00+00:00,America/New_York,2026-06-07 10:13:13.707953+00:00
GTLS,GTLS,4674,2026-03-12 13:30:00+00:00,2026-06-05 20:00:00+00:00,America/New_York,2026-06-07 10:12:46.105509+00:00
GTN,GTN,4669,2026-03-12 13:30:00+00:00,2026-06-05 20:00:00+00:00,America/New_York,2026-06-07 10:15:06.041291+00:00
GTX,GTX,4681,2026-03-12 13:30:00+00:00,2026-06-05 20:00:00+00:00,America/New_York,2026-06-07 10:13:06.860624+00:00
GTY,GTY,4509,2026-03-12 13:30:00+00:00,2026-06-05 20:00:00+00:00,America/New_York,2026-06-07 10:14:01.702446+00:00
GUACU,GUACU,178,2026-05-15 13:30:00+00:00,2026-06-05 20:00:00+00:00,America/New_York,2026-06-07 10:15:23.699712+00:00
GVA,GVA,4509,2026-03-12 13:30:00+00:00,2026-06-05 20:00:00+00:00,America/New_York,2026-06-07 10:13:05.963801+00:00
GWRE,GWRE,4681,2026-03-12 13:30:00+00:00,2026-06-05 20:00:00+00:00,America/New_York,2026-06-07 10:12:40.465574+00:00
GWRS,GWRS,3050,2026-03-12 13:30:00+00:00,2026-06-05 20:00:00+00:00,America/New_York,2026-06-07 10:15:38.811594+00:00
GWW,GWW,4616,2026-03-12 13:30:00+00:00,2026-06-05 20:00:00+00:00,America/New_York,2026-06-07 10:12:02.521702+00:00
GXO,GXO,4674,2026-03-12 13:30:00+00:00,2026-06-05 20:00:00+00:00,America/New_York,2026-06-07 10:13:10.647437+00:00
GYRE,GYRE,2855,2026-03-12 13:30:00+00:00,2026-06-05 20:00:00+00:00,America/New_York,2026-06-07 10:14:53.291580+00:00
H,H,4631,2026-03-12 13:30:00+00:00,2026-06-05 20:00:00+00:00,America/New_York,2026-06-07 10:12:27.127378+00:00
HAE,HAE,4617,2026-03-12 13:30:00+00:00,2026-06-05 20:00:00+00:00,America/New_York,2026-06-07 10:13:35.859918+00:00
HAFC,HAFC,3874,2026-03-12 13:30:00+00:00,2026-06-05 20:00:00+00:00,America/New_York,2026-06-07 10:14:36.328719+00:00
HAFN,HAFN,4679,2026-03-12 13:30:00+00:00,2026-06-05 20:00:00+00:00,America/New_York,2026-06-07 10:13:33.509831+00:00
HAL,HAL,4681,2026-03-12 13:30:00+00:00,2026-06-05 20:00:00+00:00,America/New_York,2026-06-07 10:12:12.620072+00:00
HALO,HALO,4676,2026-03-12 13:30:00+00:00,2026-06-05 20:00:00+00:00,America/New_York,2026-06-07 10:12:53.460573+00:00
HAS,HAS,4680,2026-03-12 13:30:00+00:00,2026-06-05 20:00:00+00:00,America/New_York,2026-06-07 10:12:39.607953+00:00
HASI,HASI,4667,2026-03-12 13:30:00+00:00,2026-06-05 20:00:00+00:00,America/New_York,2026-06-07 10:13:15.906151+00:00
HAWK,HAWK,1597,2026-05-07 13:40:00+00:00,2026-06-05 20:00:00+00:00,America/New_York,2026-06-07 10:13:52.626388+00:00
HAYW,HAYW,4681,2026-03-12 13:30:00+00:00,2026-06-05 20:00:00+00:00,America/New_York,2026-06-07 10:13:40.901807+00:00
HBAN,HBAN,4681,2026-03-12 13:30:00+00:00,2026-06-05 20:00:00+00:00,America/New_York,2026-06-07 10:12:12.206355+00:00
HBB,HBB,1053,2026-03-12 13:30:00+00:00,2026-06-05 20:00:00+00:00,America/New_York,2026-06-07 10:15:31.097930+00:00
HBCP,HBCP,2449,2026-03-12 13:30:00+00:00,2026-06-05 20:00:00+00:00,America/New_York,2026-06-07 10:15:00.681509+00:00
HBM,HBM,4681,2026-03-12 13:30:00+00:00,2026-06-05 20:00:00+00:00,America/New_York,2026-06-07 10:12:45.236638+00:00
HBNC,HBNC,4195,2026-03-12 13:30:00+00:00,2026-06-05 20:00:00+00:00,America/New_York,2026-06-07 10:14:35.033216+00:00
HBT,HBT,2104,2026-03-12 13:30:00+00:00,2026-06-05 20:00:00+00:00,America/New_York,2026-06-07 10:14:29.360719+00:00
HCA,HCA,4681,2026-03-12 13:30:00+00:00,2026-06-05 20:00:00+00:00,America/New_York,2026-06-07 10:11:57.043758+00:00
HCC,HCC,4636,2026-03-12 13:30:00+00:00,2026-06-05 20:00:00+00:00,America/New_York,2026-06-07 10:13:13.555227+00:00
HCHL,HCHL,2002,2026-03-12 13:30:00+00:00,2026-06-05 20:00:00+00:00,America/New_York,2026-06-07 10:15:52.045183+00:00
HCI,HCI,3453,2026-03-12 13:30:00+00:00,2026-06-05 20:00:00+00:00,America/New_York,2026-06-07 10:13:59.265050+00:00
HCKT,HCKT,4267,2026-03-12 13:30:00+00:00,2026-06-05 20:00:00+00:00,America/New_York,2026-06-07 10:15:29.153901+00:00
HCM,HCM,1622,2026-03-12 13:30:00+00:00,2026-06-05 20:00:00+00:00,America/New_York,2026-06-07 10:14:02.035939+00:00
HCMA,HCMA,132,2026-03-13 14:15:00+00:00,2026-06-05 20:00:00+00:00,America/New_York,2026-06-07 10:15:19.037842+00:00
HCSG,HCSG,4576,2026-03-12 13:30:00+00:00,2026-06-05 20:00:00+00:00,America/New_York,2026-06-07 10:14:15.285407+00:00
HD,HD,4681,2026-03-12 13:30:00+00:00,2026-06-05 20:00:00+00:00,America/New_York,2026-06-07 10:11:47.075882+00:00
HDB,HDB,4681,2026-03-12 13:30:00+00:00,2026-06-05 20:00:00+00:00,America/New_York,2026-06-07 10:11:53.057396+00:00
HDSN,HDSN,4156,2026-03-12 13:30:00+00:00,2026-06-05 20:00:00+00:00,America/New_York,2026-06-07 10:15:35.785890+00:00
HE,HE,4680,2026-03-12 13:30:00+00:00,2026-06-05 20:00:00+00:00,America/New_York,2026-06-07 10:13:53.124807+00:00
HEI,HEI,4679,2026-03-12 13:30:00+00:00,2026-06-05 20:00:00+00:00,America/New_York,2026-06-07 10:12:08.691645+00:00
HELE,HELE,4609,2026-03-12 13:30:00+00:00,2026-06-05 20:00:00+00:00,America/New_York,2026-06-07 10:14:55.918491+00:00
HFWA,HFWA,4061,2026-03-12 13:30:00+00:00,2026-06-05 20:00:00+00:00,America/New_York,2026-06-07 10:14:27.049320+00:00
HG,HG,4548,2026-03-12 13:30:00+00:00,2026-06-05 20:00:00+00:00,America/New_York,2026-06-07 10:13:40.315420+00:00
HGTY,HGTY,3527,2026-03-12 13:30:00+00:00,2026-06-05 20:00:00+00:00,America/New_York,2026-06-07 10:13:32.920873+00:00
HGV,HGV,4602,2026-03-12 13:30:00+00:00,2026-06-05 20:00:00+00:00,America/New_York,2026-06-07 10:13:25.855100+00:00
HHH,HHH,4550,2026-03-12 13:30:00+00:00,2026-06-05 20:00:00+00:00,America/New_York,2026-06-07 10:13:28.185789+00:00
HIFS,HIFS,2275,2026-03-12 13:30:00+00:00,2026-06-05 20:00:00+00:00,America/New_York,2026-06-07 10:14:51.180133+00:00
HIG,HIG,4681,2026-03-12 13:30:00+00:00,2026-06-05 20:00:00+00:00,America/New_York,2026-06-07 10:12:10.938686+00:00
HII,HII,4678,2026-03-12 13:30:00+00:00,2026-06-05 20:00:00+00:00,America/New_York,2026-06-07 10:12:40.548741+00:00
HIMS,HIMS,4681,2026-03-12 13:30:00+00:00,2026-06-05 20:00:00+00:00,America/New_York,2026-06-07 10:13:07.716195+00:00
HIMX,HIMX,4681,2026-03-12 13:30:00+00:00,2026-06-05 20:00:00+00:00,America/New_York,2026-06-07 10:13:34.625450+00:00
HIPO,HIPO,3093,2026-03-12 13:30:00+00:00,2026-06-05 20:00:00+00:00,America/New_York,2026-06-07 10:14:51.864916+00:00
HIVE,HIVE,4681,2026-03-12 13:30:00+00:00,2026-06-05 20:00:00+00:00,America/New_York,2026-06-07 10:14:32.379890+00:00
HIW,HIW,4679,2026-03-12 13:30:00+00:00,2026-06-05 20:00:00+00:00,America/New_York,2026-06-07 10:13:40.699644+00:00
HL,HL,4681,2026-03-12 13:30:00+00:00,2026-06-05 20:00:00+00:00,America/New_York,2026-06-07 10:12:46.364105+00:00
HLF,HLF,4675,2026-03-12 13:30:00+00:00,2026-06-05 20:00:00+00:00,America/New_York,2026-06-07 10:14:25.335926+00:00
HLI,HLI,4610,2026-03-12 13:30:00+00:00,2026-06-05 20:00:00+00:00,America/New_York,2026-06-07 10:12:47.112163+00:00
HLIO,HLIO,4277,2026-03-12 13:30:00+00:00,2026-06-05 20:00:00+00:00,America/New_York,2026-06-07 10:13:46.817845+00:00
HLIT,HLIT,4663,2026-03-12 13:30:00+00:00,2026-06-05 20:00:00+00:00,America/New_York,2026-06-07 10:14:13.317786+00:00
HLMN,HLMN,4660,2026-03-12 13:30:00+00:00,2026-06-05 20:00:00+00:00,America/New_York,2026-06-07 10:14:15.026984+00:00
HLN,HLN,4681,2026-03-12 13:30:00+00:00,2026-06-05 20:00:00+00:00,America/New_York,2026-06-07 10:12:08.986882+00:00
HLNE,HLNE,4614,2026-03-12 13:30:00+00:00,2026-06-05 20:00:00+00:00,America/New_York,2026-06-07 10:13:21.462141+00:00
HLT,HLT,4680,2026-03-12 13:30:00+00:00,2026-06-05 20:00:00+00:00,America/New_York,2026-06-07 10:11:58.339067+00:00
HLX,HLX,4681,2026-03-12 13:30:00+00:00,2026-06-05 20:00:00+00:00,America/New_York,2026-06-07 10:14:18.236882+00:00
HMC,HMC,4681,2026-03-12 13:30:00+00:00,2026-06-05 20:00:00+00:00,America/New_York,2026-06-07 10:12:11.241381+00:00
HMN,HMN,3919,2026-03-12 13:30:00+00:00,2026-06-05 20:00:00+00:00,America/New_York,2026-06-07 10:14:01.435848+00:00
HMY,HMY,4681,2026-03-12 13:30:00+00:00,2026-06-05 20:00:00+00:00,America/New_York,2026-06-07 10:12:46.998041+00:00
HNGE,HNGE,4639,2026-03-12 13:30:00+00:00,2026-06-05 20:00:00+00:00,America/New_York,2026-06-07 10:13:15.868906+00:00
HNI,HNI,4606,2026-03-12 13:30:00+00:00,2026-06-05 20:00:00+00:00,America/New_York,2026-06-07 10:13:55.661226+00:00
HNNA,HNNA,438,2026-03-12 13:45:00+00:00,2026-06-05 20:00:00+00:00,America/New_York,2026-06-07 10:15:59.713252+00:00
HNRG,HNRG,4625,2026-03-12 13:30:00+00:00,2026-06-05 20:00:00+00:00,America/New_York,2026-06-07 10:14:43.162360+00:00
HNST,HNST,4677,2026-03-12 13:30:00+00:00,2026-06-05 20:00:00+00:00,America/New_York,2026-06-07 10:15:16.002755+00:00
HNVR,HNVR,1185,2026-03-12 13:30:00+00:00,2026-06-05 20:00:00+00:00,America/New_York,2026-06-07 10:15:45.407179+00:00
HOFT,HOFT,1521,2026-03-12 13:30:00+00:00,2026-06-05 20:00:00+00:00,America/New_York,2026-06-07 10:15:50.106757+00:00
HOG,HOG,4681,2026-03-12 13:30:00+00:00,2026-06-05 20:00:00+00:00,America/New_York,2026-06-07 10:13:48.551637+00:00
HOMB,HOMB,4681,2026-03-12 13:30:00+00:00,2026-06-05 20:00:00+00:00,America/New_York,2026-06-07 10:13:11.449648+00:00
HON,HON,4681,2026-03-12 13:30:00+00:00,2026-06-05 20:00:00+00:00,America/New_York,2026-06-07 10:11:51.898746+00:00
HOOD,HOOD,4681,2026-03-12 13:30:00+00:00,2026-06-05 20:00:00+00:00,America/New_York,2026-06-07 10:11:59.492439+00:00
HOPE,HOPE,4617,2026-03-12 13:30:00+00:00,2026-06-05 20:00:00+00:00,America/New_York,2026-06-07 10:14:09.558052+00:00
HOV,HOV,2604,2026-03-12 13:30:00+00:00,2026-06-05 20:00:00+00:00,America/New_York,2026-06-07 10:14:47.107057+00:00
HP,HP,4679,2026-03-12 13:30:00+00:00,2026-06-05 20:00:00+00:00,America/New_York,2026-06-07 10:13:30.452893+00:00
HPE,HPE,4681,2026-03-12 13:30:00+00:00,2026-06-05 20:00:00+00:00,America/New_York,2026-06-07 10:12:01.724860+00:00
HPK,HPK,4604,2026-03-12 13:30:00+00:00,2026-06-05 20:00:00+00:00,America/New_York,2026-06-07 10:14:34.032997+00:00
HPP,HPP,4672,2026-03-12 13:30:00+00:00,2026-06-05 20:00:00+00:00,America/New_York,2026-06-07 10:14:43.872076+00:00
HPQ,HPQ,4681,2026-03-12 13:30:00+00:00,2026-06-05 20:00:00+00:00,America/New_York,2026-06-07 10:12:19.845950+00:00
HQI,HQI,764,2026-03-12 13:30:00+00:00,2026-06-05 20:00:00+00:00,America/New_York,2026-06-07 10:15:42.984822+00:00
HQY,HQY,4639,2026-03-12 13:30:00+00:00,2026-06-05 20:00:00+00:00,America/New_York,2026-06-07 10:12:56.600743+00:00
HR,HR,4681,2026-03-12 13:30:00+00:00,2026-06-05 20:00:00+00:00,America/New_York,2026-06-07 10:13:00.512074+00:00
HRB,HRB,4681,2026-03-12 13:30:00+00:00,2026-06-05 20:00:00+00:00,America/New_York,2026-06-07 10:13:16.764325+00:00
HRI,HRI,4511,2026-03-12 13:30:00+00:00,2026-06-05 20:00:00+00:00,America/New_York,2026-06-07 10:13:20.233855+00:00
HRL,HRL,4681,2026-03-12 13:30:00+00:00,2026-06-05 20:00:00+00:00,America/New_York,2026-06-07 10:12:36.469044+00:00
HRMY,HRMY,4615,2026-03-12 13:30:00+00:00,2026-06-05 20:00:00+00:00,America/New_York,2026-06-07 10:14:03.393146+00:00
HROW,HROW,4602,2026-03-12 13:30:00+00:00,2026-06-05 20:00:00+00:00,America/New_York,2026-06-07 10:14:23.111181+00:00
HRTG,HRTG,4342,2026-03-12 13:30:00+00:00,2026-06-05 20:00:00+00:00,America/New_York,2026-06-07 10:14:47.595588+00:00
HRZN,HRZN,4600,2026-03-12 13:30:00+00:00,2026-06-05 20:00:00+00:00,America/New_York,2026-06-07 10:15:24.414669+00:00
HSAI,HSAI,4674,2026-03-12 13:30:00+00:00,2026-06-05 20:00:00+00:00,America/New_York,2026-06-07 10:13:42.166343+00:00
HSBC,HSBC,4681,2026-03-12 13:30:00+00:00,2026-06-05 20:00:00+00:00,America/New_York,2026-06-07 10:11:46.891626+00:00
HSHP,HSHP,4239,2026-03-12 13:30:00+00:00,2026-06-05 20:00:00+00:00,America/New_York,2026-06-07 10:14:47.563855+00:00
HSIC,HSIC,4671,2026-03-12 13:30:00+00:00,2026-06-05 20:00:00+00:00,America/New_York,2026-06-07 10:12:50.892189+00:00
HSLV,HSLV,4054,2026-03-12 13:30:00+00:00,2026-06-05 20:00:00+00:00,America/New_York,2026-06-07 10:14:33.240359+00:00
HST,HST,4681,2026-03-12 13:30:00+00:00,2026-06-05 20:00:00+00:00,America/New_York,2026-06-07 10:12:28.690404+00:00
HSTM,HSTM,3873,2026-03-12 13:30:00+00:00,2026-06-05 20:00:00+00:00,America/New_York,2026-06-07 10:14:43.897100+00:00
HSY,HSY,4676,2026-03-12 13:30:00+00:00,2026-06-05 20:00:00+00:00,America/New_York,2026-06-07 10:12:10.218397+00:00
HTB,HTB,2278,2026-03-12 13:30:00+00:00,2026-06-05 20:00:00+00:00,America/New_York,2026-06-07 10:14:41.171667+00:00
HTFL,HTFL,4650,2026-03-12 13:30:00+00:00,2026-06-05 20:00:00+00:00,America/New_York,2026-06-07 10:13:51.862574+00:00
HTGC,HTGC,4681,2026-03-12 13:30:00+00:00,2026-06-05 20:00:00+00:00,America/New_York,2026-06-07 10:13:44.692548+00:00
HTH,HTH,4407,2026-03-12 13:30:00+00:00,2026-06-05 20:00:00+00:00,America/New_York,2026-06-07 10:13:55.689477+00:00
HTHT,HTHT,4676,2026-03-12 13:30:00+00:00,2026-06-05 20:00:00+00:00,America/New_York,2026-06-07 10:12:35.104025+00:00
HTLD,HTLD,4398,2026-03-12 13:30:00+00:00,2026-06-05 20:00:00+00:00,America/New_York,2026-06-07 10:14:23.866790+00:00
HTO,HTO,4517,2026-03-12 13:30:00+00:00,2026-06-05 20:00:00+00:00,America/New_York,2026-06-07 10:13:53.858627+00:00
HTZ,HTZ,4681,2026-03-12 13:30:00+00:00,2026-06-05 20:00:00+00:00,America/New_York,2026-06-07 10:14:10.125342+00:00
HUBB,HUBB,4678,2026-03-12 13:30:00+00:00,2026-06-05 20:00:00+00:00,America/New_York,2026-06-07 10:12:18.670123+00:00
HUBG,HUBG,4607,2026-03-12 13:30:00+00:00,2026-06-05 20:00:00+00:00,America/New_York,2026-06-07 10:13:48.129131+00:00
HUBS,HUBS,4681,2026-03-12 13:30:00+00:00,2026-06-05 20:00:00+00:00,America/New_York,2026-06-07 10:12:41.800865+00:00
HUHU,HUHU,779,2026-03-12 14:15:00+00:00,2026-06-05 20:00:00+00:00,America/New_York,2026-06-07 10:15:38.367843+00:00
HUM,HUM,4678,2026-03-12 13:30:00+00:00,2026-06-05 20:00:00+00:00,America/New_York,2026-06-07 10:12:07.750820+00:00
HUN,HUN,4681,2026-03-12 13:30:00+00:00,2026-06-05 20:00:00+00:00,America/New_York,2026-06-07 10:13:50.091744+00:00
HURC,HURC,796,2026-03-12 13:30:00+00:00,2026-06-05 20:00:00+00:00,America/New_York,2026-06-07 10:15:50.224576+00:00
HURN,HURN,3624,2026-03-12 13:30:00+00:00,2026-06-05 20:00:00+00:00,America/New_York,2026-06-07 10:14:03.130636+00:00
HUT,HUT,4681,2026-03-12 13:30:00+00:00,2026-06-05 20:00:00+00:00,America/New_York,2026-06-07 10:12:38.233105+00:00
HVII,HVII,249,2026-03-12 16:15:00+00:00,2026-06-05 20:00:00+00:00,America/New_York,2026-06-07 10:15:29.757140+00:00
HVT,HVT,3136,2026-03-12 13:30:00+00:00,2026-06-05 20:00:00+00:00,America/New_York,2026-06-07 10:15:15.627711+00:00
HWBK,HWBK,359,2026-03-12 13:30:00+00:00,2026-06-05 20:00:00+00:00,America/New_York,2026-06-07 10:15:32.498409+00:00
HWC,HWC,4634,2026-03-12 13:30:00+00:00,2026-06-05 20:00:00+00:00,America/New_York,2026-06-07 10:13:07.739353+00:00
HWKN,HWKN,2859,2026-03-12 13:30:00+00:00,2026-06-05 20:00:00+00:00,America/New_York,2026-06-07 10:13:37.603417+00:00
HWM,HWM,4681,2026-03-12 13:30:00+00:00,2026-06-05 20:00:00+00:00,America/New_York,2026-06-07 10:11:55.265619+00:00
HXL,HXL,4671,2026-03-12 13:30:00+00:00,2026-06-05 20:00:00+00:00,America/New_York,2026-06-07 10:13:01.527395+00:00
HY,HY,2793,2026-03-12 13:30:00+00:00,2026-06-05 20:00:00+00:00,America/New_York,2026-06-07 10:14:53.046477+00:00
HYLN,HYLN,4664,2026-03-12 13:30:00+00:00,2026-06-05 20:00:00+00:00,America/New_York,2026-06-07 10:14:23.344621+00:00
HYMC,HYMC,4681,2026-03-12 13:30:00+00:00,2026-06-05 20:00:00+00:00,America/New_York,2026-06-07 10:13:51.995565+00:00
HYNE,HYNE,920,2026-03-12 13:30:00+00:00,2026-06-05 20:00:00+00:00,America/New_York,2026-06-07 10:15:51.024318+00:00
HZO,HZO,4270,2026-03-12 13:30:00+00:00,2026-06-05 20:00:00+00:00,America/New_York,2026-06-07 10:14:46.122222+00:00
IACQU,IACQU,235,2026-04-28 13:30:00+00:00,2026-06-05 20:00:00+00:00,America/New_York,2026-06-07 10:15:36.144054+00:00
IAG,IAG,4681,2026-03-12 13:30:00+00:00,2026-06-05 20:00:00+00:00,America/New_York,2026-06-07 10:12:49.544433+00:00
IART,IART,4634,2026-03-12 13:30:00+00:00,2026-06-05 20:00:00+00:00,America/New_York,2026-06-07 10:14:19.378850+00:00
IBCP,IBCP,3469,2026-03-12 13:30:00+00:00,2026-06-05 20:00:00+00:00,America/New_York,2026-06-07 10:14:45.985206+00:00
IBEX,IBEX,3390,2026-03-12 13:30:00+00:00,2026-06-05 20:00:00+00:00,America/New_York,2026-06-07 10:15:11.821005+00:00
IBKR,IBKR,4681,2026-03-12 13:30:00+00:00,2026-06-05 20:00:00+00:00,America/New_York,2026-06-07 10:12:10.611507+00:00
IBM,IBM,4681,2026-03-12 13:30:00+00:00,2026-06-05 20:00:00+00:00,America/New_York,2026-06-07 10:11:47.570343+00:00
IBN,IBN,4681,2026-03-12 13:30:00+00:00,2026-06-05 20:00:00+00:00,America/New_York,2026-06-07 10:11:55.247107+00:00
IBOC,IBOC,4228,2026-03-12 13:30:00+00:00,2026-06-05 20:00:00+00:00,America/New_York,2026-06-07 10:13:20.764558+00:00
IBP,IBP,4604,2026-03-12 13:30:00+00:00,2026-06-05 20:00:00+00:00,America/New_York,2026-06-07 10:13:12.413686+00:00
IBRX,IBRX,4681,2026-03-12 13:30:00+00:00,2026-06-05 20:00:00+00:00,America/New_York,2026-06-07 10:12:58.162301+00:00
IBTA,IBTA,4206,2026-03-12 13:30:00+00:00,2026-06-05 20:00:00+00:00,America/New_York,2026-06-07 10:14:42.231271+00:00
ICCC,ICCC,1124,2026-03-12 17:40:00+00:00,2026-06-05 20:00:00+00:00,America/New_York,2026-06-07 10:15:57.376579+00:00
ICE,ICE,4681,2026-03-12 13:30:00+00:00,2026-06-05 20:00:00+00:00,America/New_York,2026-06-07 10:11:58.055855+00:00
ICFI,ICFI,4032,2026-03-12 13:30:00+00:00,2026-06-05 20:00:00+00:00,America/New_York,2026-06-07 10:14:20.918536+00:00
ICHR,ICHR,4647,2026-03-12 13:30:00+00:00,2026-06-05 20:00:00+00:00,America/New_York,2026-06-07 10:13:56.639727+00:00
ICL,ICL,4659,2026-03-12 13:30:00+00:00,2026-06-05 20:00:00+00:00,America/New_York,2026-06-07 10:12:58.562408+00:00
ICLR,ICLR,4621,2026-03-12 13:30:00+00:00,2026-06-05 20:00:00+00:00,America/New_York,2026-06-07 10:12:41.016855+00:00
ICUI,ICUI,3927,2026-03-12 13:30:00+00:00,2026-06-05 20:00:00+00:00,America/New_York,2026-06-07 10:13:35.428138+00:00
IDA,IDA,4449,2026-03-12 13:30:00+00:00,2026-06-05 20:00:00+00:00,America/New_York,2026-06-07 10:12:55.152506+00:00
IDACU,IDACU,58,2026-05-18 13:40:00+00:00,2026-06-05 20:00:00+00:00,America/New_York,2026-06-07 10:15:47.936440+00:00
IDCC,IDCC,4568,2026-03-12 13:30:00+00:00,2026-06-05 20:00:00+00:00,America/New_York,2026-06-07 10:13:01.643810+00:00
IDN,IDN,4341,2026-03-12 13:30:00+00:00,2026-06-05 20:00:00+00:00,America/New_York,2026-06-07 10:15:58.306614+00:00
IDR,IDR,4459,2026-03-12 13:30:00+00:00,2026-06-05 20:00:00+00:00,America/New_York,2026-06-07 10:15:01.315927+00:00
IDT,IDT,3264,2026-03-12 13:30:00+00:00,2026-06-05 20:00:00+00:00,America/New_York,2026-06-07 10:14:16.814181+00:00
IDXX,IDXX,4678,2026-03-12 13:30:00+00:00,2026-06-05 20:00:00+00:00,America/New_York,2026-06-07 10:12:06.663551+00:00
IDYA,IDYA,4646,2026-03-12 13:30:00+00:00,2026-06-05 20:00:00+00:00,America/New_York,2026-06-07 10:13:50.278593+00:00
IE,IE,4681,2026-03-12 13:30:00+00:00,2026-06-05 20:00:00+00:00,America/New_York,2026-06-07 10:14:04.567463+00:00
IESC,IESC,4319,2026-03-12 13:30:00+00:00,2026-06-05 20:00:00+00:00,America/New_York,2026-06-07 10:12:32.999744+00:00
IEX,IEX,4636,2026-03-12 13:30:00+00:00,2026-06-05 20:00:00+00:00,America/New_York,2026-06-07 10:12:29.968966+00:00
IFF,IFF,4681,2026-03-12 13:30:00+00:00,2026-06-05 20:00:00+00:00,America/New_York,2026-06-07 10:12:26.101224+00:00
IFS,IFS,4018,2026-03-12 13:30:00+00:00,2026-06-05 20:00:00+00:00,America/New_York,2026-06-07 10:13:13.014474+00:00
IGIC,IGIC,2013,2026-03-12 13:30:00+00:00,2026-06-05 20:00:00+00:00,America/New_York,2026-06-07 10:14:28.570205+00:00
IHG,IHG,4059,2026-03-12 13:30:00+00:00,2026-06-05 20:00:00+00:00,America/New_York,2026-06-07 10:12:19.696984+00:00
IHRT,IHRT,4537,2026-03-12 13:30:00+00:00,2026-06-05 20:00:00+00:00,America/New_York,2026-06-07 10:14:54.536102+00:00
IHS,IHS,4643,2026-03-12 13:30:00+00:00,2026-06-05 20:00:00+00:00,America/New_York,2026-06-07 10:13:45.257660+00:00
III,III,3869,2026-03-12 13:30:00+00:00,2026-06-05 20:00:00+00:00,America/New_York,2026-06-07 10:15:39.718708+00:00
IIIN,IIIN,3812,2026-03-12 13:30:00+00:00,2026-06-05 20:00:00+00:00,America/New_York,2026-06-07 10:14:56.798586+00:00
IIIV,IIIV,3954,2026-03-12 13:30:00+00:00,2026-06-05 20:00:00+00:00,America/New_York,2026-06-07 10:14:57.184046+00:00
IIPR,IIPR,4378,2026-03-12 13:30:00+00:00,2026-06-05 20:00:00+00:00,America/New_York,2026-06-07 10:14:08.828068+00:00
ILMN,ILMN,4675,2026-03-12 13:30:00+00:00,2026-06-05 20:00:00+00:00,America/New_York,2026-06-07 10:12:18.857444+00:00
ILPT,ILPT,4163,2026-03-12 13:30:00+00:00,2026-06-05 20:00:00+00:00,America/New_York,2026-06-07 10:14:54.939991+00:00
IMA,IMA,1439,2026-03-12 13:35:00+00:00,2026-06-05 20:00:00+00:00,America/New_York,2026-06-07 10:16:01.925501+00:00
IMAX,IMAX,4663,2026-03-12 13:30:00+00:00,2026-06-05 20:00:00+00:00,America/New_York,2026-06-07 10:13:58.138243+00:00
IMCR,IMCR,4055,2026-03-12 13:30:00+00:00,2026-06-05 20:00:00+00:00,America/New_York,2026-06-07 10:14:15.813367+00:00
IMDX,IMDX,3793,2026-03-12 14:50:00+00:00,2026-06-05 20:00:00+00:00,America/New_York,2026-06-07 10:15:45.545052+00:00
IMKTA,IMKTA,3175,2026-03-12 13:30:00+00:00,2026-06-05 20:00:00+00:00,America/New_York,2026-06-07 10:14:07.108839+00:00
IMMR,IMMR,4454,2026-03-12 13:30:00+00:00,2026-06-05 20:00:00+00:00,America/New_York,2026-06-07 10:15:39.469092+00:00
IMMX,IMMX,4561,2026-03-12 13:30:00+00:00,2026-06-05 20:00:00+00:00,America/New_York,2026-06-07 10:14:56.066992+00:00
IMNM,IMNM,4667,2026-03-12 13:30:00+00:00,2026-06-05 20:00:00+00:00,America/New_York,2026-06-07 10:13:58.985096+00:00
IMO,IMO,4671,2026-03-12 13:30:00+00:00,2026-06-05 20:00:00+00:00,America/New_York,2026-06-07 10:12:02.709939+00:00
IMOS,IMOS,2890,2026-03-12 13:30:00+00:00,2026-06-05 20:00:00+00:00,America/New_York,2026-06-07 10:13:56.847317+00:00
IMPP,IMPP,4321,2026-03-12 13:30:00+00:00,2026-06-05 20:00:00+00:00,America/New_York,2026-06-07 10:15:37.149169+00:00
IMRX,IMRX,4633,2026-03-12 13:30:00+00:00,2026-06-05 20:00:00+00:00,America/New_York,2026-06-07 10:15:29.248130+00:00
IMSR,IMSR,4681,2026-03-12 13:30:00+00:00,2026-06-05 20:00:00+00:00,America/New_York,2026-06-07 10:14:42.254115+00:00
IMTX,IMTX,4191,2026-03-12 13:30:00+00:00,2026-06-05 20:00:00+00:00,America/New_York,2026-06-07 10:14:19.898774+00:00
IMUX,IMUX,4367,2026-03-12 13:30:00+00:00,2026-06-05 20:00:00+00:00,America/New_York,2026-06-07 10:15:44.878030+00:00
IMVT,IMVT,4671,2026-03-12 13:30:00+00:00,2026-06-05 20:00:00+00:00,America/New_York,2026-06-07 10:13:05.343738+00:00
IMXI,IMXI,3856,2026-03-12 13:30:00+00:00,2026-06-05 20:00:00+00:00,America/New_York,2026-06-07 10:15:06.748838+00:00
INBK,INBK,1957,2026-03-12 13:30:00+00:00,2026-06-05 20:00:00+00:00,America/New_York,2026-06-07 10:15:38.147687+00:00
INBX,INBX,4008,2026-03-12 13:30:00+00:00,2026-06-05 20:00:00+00:00,America/New_York,2026-06-07 10:14:21.187931+00:00
INCY,INCY,4678,2026-03-12 13:30:00+00:00,2026-06-05 20:00:00+00:00,America/New_York,2026-06-07 10:12:24.548263+00:00
INDB,INDB,4280,2026-03-12 13:30:00+00:00,2026-06-05 20:00:00+00:00,America/New_York,2026-06-07 10:13:26.483306+00:00
INDI,INDI,4678,2026-03-12 13:30:00+00:00,2026-06-05 20:00:00+00:00,America/New_York,2026-06-07 10:14:37.375951+00:00
INDP,INDP,1636,2026-03-12 13:30:00+00:00,2026-06-05 20:00:00+00:00,America/New_York,2026-06-07 10:15:10.231471+00:00
INDV,INDV,4675,2026-03-12 13:30:00+00:00,2026-06-05 20:00:00+00:00,America/New_York,2026-06-07 10:13:18.332429+00:00
INFQ,INFQ,4681,2026-03-12 13:30:00+00:00,2026-06-05 20:00:00+00:00,America/New_York,2026-06-07 10:13:38.868852+00:00
INFU,INFU,3650,2026-03-12 13:30:00+00:00,2026-06-05 20:00:00+00:00,America/New_York,2026-06-07 10:15:41.886822+00:00
INFY,INFY,4681,2026-03-12 13:30:00+00:00,2026-06-05 20:00:00+00:00,America/New_York,2026-06-07 10:12:04.995887+00:00
ING,ING,4681,2026-03-12 13:30:00+00:00,2026-06-05 20:00:00+00:00,America/New_York,2026-06-07 10:11:56.676281+00:00
INGM,INGM,4665,2026-03-12 13:30:00+00:00,2026-06-05 20:00:00+00:00,America/New_York,2026-06-07 10:13:00.140224+00:00
INGN,INGN,4058,2026-03-12 13:30:00+00:00,2026-06-05 20:00:00+00:00,America/New_York,2026-06-07 10:15:44.286097+00:00
INGR,INGR,4611,2026-03-12 13:30:00+00:00,2026-06-05 20:00:00+00:00,America/New_York,2026-06-07 10:13:04.871604+00:00
INKT,INKT,1799,2026-03-12 13:30:00+00:00,2026-06-05 20:00:00+00:00,America/New_York,2026-06-07 10:16:03.326861+00:00
INMD,INMD,4552,2026-03-12 13:30:00+00:00,2026-06-05 20:00:00+00:00,America/New_York,2026-06-07 10:14:38.644796+00:00
INN,INN,4617,2026-03-12 13:30:00+00:00,2026-06-05 20:00:00+00:00,America/New_York,2026-06-07 10:14:45.448932+00:00
INNV,INNV,3897,2026-03-12 13:30:00+00:00,2026-06-05 20:00:00+00:00,America/New_York,2026-06-07 10:14:32.892504+00:00
INOD,INOD,4673,2026-03-12 13:30:00+00:00,2026-06-05 20:00:00+00:00,America/New_York,2026-06-07 10:13:37.311205+00:00
INR,INR,4346,2026-03-12 13:30:00+00:00,2026-06-05 20:00:00+00:00,America/New_York,2026-06-07 10:14:40.236184+00:00
INSE,INSE,2760,2026-03-12 13:30:00+00:00,2026-06-05 20:00:00+00:00,America/New_York,2026-06-07 10:15:39.993076+00:00
INSG,INSG,3944,2026-03-12 13:30:00+00:00,2026-06-05 20:00:00+00:00,America/New_York,2026-06-07 10:15:42.497167+00:00
INSM,INSM,4681,2026-03-12 13:30:00+00:00,2026-06-05 20:00:00+00:00,America/New_York,2026-06-07 10:12:24.480032+00:00
INSP,INSP,4662,2026-03-12 13:30:00+00:00,2026-06-05 20:00:00+00:00,America/New_York,2026-06-07 10:14:25.482117+00:00
INSW,INSW,4628,2026-03-12 13:30:00+00:00,2026-06-05 20:00:00+00:00,America/New_York,2026-06-07 10:13:26.240167+00:00
INTA,INTA,4571,2026-03-13 13:30:00+00:00,2026-06-05 20:00:00+00:00,America/New_York,2026-06-07 10:14:02.769311+00:00
INTC,INTC,4681,2026-03-12 13:30:00+00:00,2026-06-05 20:00:00+00:00,America/New_York,2026-06-07 10:11:45.523303+00:00
INTG,INTG,940,2026-03-12 13:40:00+00:00,2026-06-05 20:00:00+00:00,America/New_York,2026-06-07 10:16:00.952490+00:00
INTR,INTR,4680,2026-03-12 13:30:00+00:00,2026-06-05 20:00:00+00:00,America/New_York,2026-06-07 10:13:49.692908+00:00
INTT,INTT,4136,2026-03-12 13:30:00+00:00,2026-06-05 20:00:00+00:00,America/New_York,2026-06-07 10:15:42.945589+00:00
INTU,INTU,4681,2026-03-12 13:30:00+00:00,2026-06-05 20:00:00+00:00,America/New_York,2026-06-07 10:11:57.468036+00:00
INV,INV,4667,2026-03-12 13:30:00+00:00,2026-06-05 20:00:00+00:00,America/New_York,2026-06-07 10:15:02.283308+00:00
INVA,INVA,4613,2026-03-12 13:30:00+00:00,2026-06-05 20:00:00+00:00,America/New_York,2026-06-07 10:14:07.803052+00:00
INVE,INVE,2819,2026-03-12 13:30:00+00:00,2026-06-05 20:00:00+00:00,America/New_York,2026-06-07 10:15:55.596104+00:00
INVH,INVH,4681,2026-03-12 13:30:00+00:00,2026-06-05 20:00:00+00:00,America/New_York,2026-06-07 10:12:26.722710+00:00
INVX,INVX,4457,2026-03-12 13:30:00+00:00,2026-06-05 20:00:00+00:00,America/New_York,2026-06-07 10:14:03.770392+00:00
IONQ,IONQ,4681,2026-03-12 13:30:00+00:00,2026-06-05 20:00:00+00:00,America/New_York,2026-06-07 10:12:22.758154+00:00
IONR,IONR,2389,2026-03-12 13:30:00+00:00,2026-06-05 20:00:00+00:00,America/New_York,2026-06-07 10:15:22.218386+00:00
IONS,IONS,4678,2026-03-12 13:30:00+00:00,2026-06-05 20:00:00+00:00,America/New_York,2026-06-07 10:12:39.645494+00:00
IOSP,IOSP,3642,2026-03-12 13:30:00+00:00,2026-06-05 20:00:00+00:00,America/New_York,2026-06-07 10:13:59.966952+00:00
IOT,IOT,4681,2026-03-12 13:30:00+00:00,2026-06-05 20:00:00+00:00,America/New_York,2026-06-07 10:12:24.247303+00:00
IOVA,IOVA,4681,2026-03-12 13:30:00+00:00,2026-06-05 20:00:00+00:00,America/New_York,2026-06-07 10:14:02.354338+00:00
IP,IP,4681,2026-03-12 13:30:00+00:00,2026-06-05 20:00:00+00:00,America/New_York,2026-06-07 10:12:27.518944+00:00
IPAR,IPAR,3840,2026-03-12 13:30:00+00:00,2026-06-05 20:00:00+00:00,America/New_York,2026-06-07 10:13:43.001326+00:00
IPCX,IPCX,136,2026-03-12 14:05:00+00:00,2026-06-05 20:00:00+00:00,America/New_York,2026-06-07 10:15:17.577848+00:00
IPEX,IPEX,134,2026-03-12 13:45:00+00:00,2026-06-04 19:15:00+00:00,America/New_York,2026-06-07 10:15:46.984025+00:00
IPGP,IPGP,4493,2026-03-12 13:30:00+00:00,2026-06-05 20:00:00+00:00,America/New_York,2026-06-07 10:13:20.896916+00:00
IPI,IPI,4286,2026-03-12 13:30:00+00:00,2026-06-05 20:00:00+00:00,America/New_York,2026-06-07 10:15:04.640041+00:00
IPWR,IPWR,3073,2026-03-12 13:30:00+00:00,2026-06-05 20:00:00+00:00,America/New_York,2026-06-07 10:15:55.499918+00:00
IPX,IPX,4258,2026-03-12 13:30:00+00:00,2026-06-05 20:00:00+00:00,America/New_York,2026-06-07 10:14:20.480405+00:00
IQV,IQV,4677,2026-03-12 13:30:00+00:00,2026-06-05 20:00:00+00:00,America/New_York,2026-06-07 10:12:13.853547+00:00
IR,IR,4681,2026-03-12 13:30:00+00:00,2026-06-05 20:00:00+00:00,America/New_York,2026-06-07 10:12:15.982849+00:00
IRD,IRD,4553,2026-03-12 13:30:00+00:00,2026-06-05 20:00:00+00:00,America/New_York,2026-06-07 10:15:21.495876+00:00
IRDM,IRDM,4681,2026-03-12 13:30:00+00:00,2026-06-05 20:00:00+00:00,America/New_York,2026-06-07 10:13:15.177724+00:00
IREN,IREN,4681,2026-03-12 13:30:00+00:00,2026-06-05 20:00:00+00:00,America/New_York,2026-06-07 10:12:25.175679+00:00
IRM,IRM,4679,2026-03-12 13:30:00+00:00,2026-06-05 20:00:00+00:00,America/New_York,2026-06-07 10:12:10.742541+00:00
IRMD,IRMD,2674,2026-03-12 13:30:00+00:00,2026-06-05 20:00:00+00:00,America/New_York,2026-06-07 10:14:25.149237+00:00
IRON,IRON,4270,2026-03-12 13:30:00+00:00,2026-06-05 20:00:00+00:00,America/New_York,2026-06-07 10:13:49.636839+00:00
IRS,IRS,3984,2026-03-12 13:30:00+00:00,2026-06-05 20:00:00+00:00,America/New_York,2026-06-07 10:14:18.759599+00:00
IRT,IRT,4680,2026-03-12 13:30:00+00:00,2026-06-05 20:00:00+00:00,America/New_York,2026-06-07 10:13:26.319782+00:00
IRTC,IRTC,4214,2026-03-12 13:30:00+00:00,2026-06-05 20:00:00+00:00,America/New_York,2026-06-07 10:13:34.115858+00:00
IRWD,IRWD,4675,2026-03-12 13:30:00+00:00,2026-06-05 20:00:00+00:00,America/New_York,2026-06-07 10:14:58.511846+00:00
ISBA,ISBA,991,2026-03-12 13:30:00+00:00,2026-06-05 20:00:00+00:00,America/New_York,2026-06-07 10:15:24.784017+00:00
ISOU,ISOU,3400,2026-03-12 13:30:00+00:00,2026-06-05 20:00:00+00:00,America/New_York,2026-06-07 10:14:50.549446+00:00
ISRG,ISRG,4681,2026-03-12 13:30:00+00:00,2026-06-05 20:00:00+00:00,America/New_York,2026-06-07 10:11:51.159592+00:00
ISSC,ISSC,4604,2026-03-12 13:30:00+00:00,2026-06-05 20:00:00+00:00,America/New_York,2026-06-07 10:15:25.180854+00:00
ISTR,ISTR,3493,2026-03-12 13:30:00+00:00,2026-06-05 20:00:00+00:00,America/New_York,2026-06-07 10:15:12.146429+00:00
IT,IT,4681,2026-03-12 13:30:00+00:00,2026-06-05 20:00:00+00:00,America/New_York,2026-06-07 10:12:42.055463+00:00
ITGR,ITGR,4415,2026-03-12 13:30:00+00:00,2026-06-05 20:00:00+00:00,America/New_York,2026-06-07 10:13:37.772980+00:00
ITIC,ITIC,1048,2026-03-12 13:55:00+00:00,2026-06-05 20:00:00+00:00,America/New_York,2026-06-07 10:15:05.201696+00:00
ITRI,ITRI,4590,2026-03-12 13:30:00+00:00,2026-06-05 20:00:00+00:00,America/New_York,2026-06-07 10:13:33.134311+00:00
ITRN,ITRN,3612,2026-03-12 13:30:00+00:00,2026-06-05 20:00:00+00:00,America/New_York,2026-06-07 10:14:22.056128+00:00
ITT,ITT,4641,2026-03-12 13:30:00+00:00,2026-06-05 20:00:00+00:00,America/New_York,2026-06-07 10:12:29.075718+00:00
ITW,ITW,4681,2026-03-12 13:30:00+00:00,2026-06-05 20:00:00+00:00,America/New_York,2026-06-07 10:11:59.876637+00:00
IVA,IVA,3472,2026-03-12 13:30:00+00:00,2026-06-05 20:00:00+00:00,America/New_York,2026-06-07 10:14:33.974340+00:00
IVR,IVR,4681,2026-03-12 13:30:00+00:00,2026-06-05 20:00:00+00:00,America/New_York,2026-06-07 10:14:45.105547+00:00
IVT,IVT,4489,2026-03-12 13:30:00+00:00,2026-06-05 20:00:00+00:00,America/New_York,2026-06-07 10:13:48.499553+00:00
IVZ,IVZ,4681,2026-03-12 13:30:00+00:00,2026-06-05 20:00:00+00:00,America/New_York,2026-06-07 10:12:38.861903+00:00
IX,IX,4518,2026-03-12 13:30:00+00:00,2026-06-05 20:00:00+00:00,America/New_York,2026-06-07 10:12:08.525855+00:00
IZEA,IZEA,1879,2026-03-12 13:30:00+00:00,2026-06-05 20:00:00+00:00,America/New_York,2026-06-07 10:16:02.397951+00:00
J,J,4673,2026-03-12 13:30:00+00:00,2026-06-05 20:00:00+00:00,America/New_York,2026-06-07 10:12:32.294136+00:00
JACK,JACK,4640,2026-03-12 13:30:00+00:00,2026-06-05 20:00:00+00:00,America/New_York,2026-06-07 10:15:38.071339+00:00
JAKK,JAKK,2366,2026-03-12 13:30:00+00:00,2026-06-05 20:00:00+00:00,America/New_York,2026-06-07 10:15:32.869940+00:00
JANX,JANX,4663,2026-03-12 13:30:00+00:00,2026-06-05 20:00:00+00:00,America/New_York,2026-06-07 10:14:41.985358+00:00
JAZZ,JAZZ,4629,2026-03-12 13:30:00+00:00,2026-06-05 20:00:00+00:00,America/New_York,2026-06-07 10:12:31.858085+00:00
JBGS,JBGS,4436,2026-03-12 13:30:00+00:00,2026-06-05 20:00:00+00:00,America/New_York,2026-06-07 10:14:27.605410+00:00
JBHT,JBHT,4642,2026-03-12 13:30:00+00:00,2026-06-05 20:00:00+00:00,America/New_York,2026-06-07 10:12:16.725937+00:00
JBI,JBI,4670,2026-03-12 13:30:00+00:00,2026-06-05 20:00:00+00:00,America/New_York,2026-06-07 10:14:46.288493+00:00
JBIO,JBIO,4357,2026-03-12 13:30:00+00:00,2026-06-05 20:00:00+00:00,America/New_York,2026-06-07 10:14:40.289776+00:00
JBL,JBL,4676,2026-03-12 13:30:00+00:00,2026-06-05 20:00:00+00:00,America/New_York,2026-06-07 10:12:10.346502+00:00
JBLU,JBLU,4681,2026-03-12 13:30:00+00:00,2026-06-05 20:00:00+00:00,America/New_York,2026-06-07 10:14:05.488616+00:00
JBS,JBS,4681,2026-03-12 13:30:00+00:00,2026-06-05 20:00:00+00:00,America/New_York,2026-06-07 10:12:37.528059+00:00
JBSS,JBSS,2370,2026-03-12 13:30:00+00:00,2026-06-05 20:00:00+00:00,America/New_York,2026-06-07 10:14:37.967828+00:00
JBTM,JBTM,4489,2026-03-12 13:30:00+00:00,2026-06-05 20:00:00+00:00,America/New_York,2026-06-07 10:13:04.097693+00:00
JCAP,JCAP,3789,2026-03-12 13:30:00+00:00,2026-06-05 20:00:00+00:00,America/New_York,2026-06-07 10:14:36.794232+00:00
JCI,JCI,4681,2026-03-12 13:30:00+00:00,2026-06-05 20:00:00+00:00,America/New_York,2026-06-07 10:11:56.429678+00:00
JD,JD,4681,2026-03-12 13:30:00+00:00,2026-06-05 20:00:00+00:00,America/New_York,2026-06-07 10:12:09.270058+00:00
JDZG,JDZG,2769,2026-03-12 13:30:00+00:00,2026-06-04 19:50:00+00:00,America/New_York,2026-06-07 10:15:30.633661+00:00
JEF,JEF,4681,2026-03-12 13:30:00+00:00,2026-06-05 20:00:00+00:00,America/New_York,2026-06-07 10:12:40.651171+00:00
JFB,JFB,3654,2026-03-12 13:30:00+00:00,2026-06-05 20:00:00+00:00,America/New_York,2026-06-07 10:15:58.140667+00:00
JFIN,JFIN,1982,2026-03-12 13:30:00+00:00,2026-06-05 20:00:00+00:00,America/New_York,2026-06-07 10:15:40.229427+00:00
JHG,JHG,4677,2026-03-12 13:30:00+00:00,2026-06-05 20:00:00+00:00,America/New_York,2026-06-07 10:12:55.561382+00:00
JHX,JHX,4681,2026-03-12 13:30:00+00:00,2026-06-05 20:00:00+00:00,America/New_York,2026-06-07 10:12:36.252414+00:00
JILL,JILL,2370,2026-03-12 13:30:00+00:00,2026-06-05 20:00:00+00:00,America/New_York,2026-06-07 10:15:40.365835+00:00
JJSF,JJSF,4076,2026-03-12 13:30:00+00:00,2026-06-05 20:00:00+00:00,America/New_York,2026-06-07 10:14:15.559596+00:00
JKHY,JKHY,4659,2026-03-12 13:30:00+00:00,2026-06-05 20:00:00+00:00,America/New_York,2026-06-07 10:12:48.380387+00:00
JKS,JKS,4592,2026-03-12 13:30:00+00:00,2026-06-05 20:00:00+00:00,America/New_York,2026-06-07 10:14:32.121939+00:00
JLHL,JLHL,1267,2026-03-12 13:55:00+00:00,2026-06-05 20:00:00+00:00,America/New_York,2026-06-07 10:14:34.083890+00:00
JLL,JLL,4672,2026-03-12 13:30:00+00:00,2026-06-05 20:00:00+00:00,America/New_York,2026-06-07 10:12:34.143418+00:00
JMIA,JMIA,4681,2026-03-12 13:30:00+00:00,2026-06-05 20:00:00+00:00,America/New_York,2026-06-07 10:14:41.752850+00:00
JMSB,JMSB,1473,2026-03-12 13:30:00+00:00,2026-06-05 20:00:00+00:00,America/New_York,2026-06-07 10:15:25.436205+00:00
JNJ,JNJ,4681,2026-03-12 13:30:00+00:00,2026-06-05 20:00:00+00:00,America/New_York,2026-06-07 10:11:45.714496+00:00
JOBY,JOBY,4681,2026-03-12 13:30:00+00:00,2026-06-05 20:00:00+00:00,America/New_York,2026-06-07 10:12:48.900558+00:00
JOE,JOE,4084,2026-03-12 13:30:00+00:00,2026-06-05 20:00:00+00:00,America/New_York,2026-06-07 10:13:30.167223+00:00
JOUT,JOUT,2369,2026-03-12 13:35:00+00:00,2026-06-05 20:00:00+00:00,America/New_York,2026-06-07 10:15:04.910040+00:00
JOYY,JOYY,4252,2026-03-12 13:30:00+00:00,2026-06-05 20:00:00+00:00,America/New_York,2026-06-07 10:13:35.307338+00:00
JPM,JPM,4681,2026-03-12 13:30:00+00:00,2026-06-05 20:00:00+00:00,America/New_York,2026-06-07 10:11:45.126562+00:00
JRVR,JRVR,3806,2026-03-12 13:30:00+00:00,2026-06-05 20:00:00+00:00,America/New_York,2026-06-07 10:15:43.502505+00:00
JXN,JXN,4676,2026-03-12 13:30:00+00:00,2026-06-05 20:00:00+00:00,America/New_York,2026-06-07 10:12:56.547659+00:00
JYNT,JYNT,2007,2026-03-12 13:30:00+00:00,2026-06-05 20:00:00+00:00,America/New_York,2026-06-07 10:15:53.153494+00:00
KAI,KAI,4151,2026-03-12 13:30:00+00:00,2026-06-05 20:00:00+00:00,America/New_York,2026-06-07 10:13:34.069695+00:00
KALU,KALU,3756,2026-03-12 13:30:00+00:00,2026-06-05 20:00:00+00:00,America/New_York,2026-06-07 10:13:44.049830+00:00
KALV,KALV,4637,2026-03-12 13:30:00+00:00,2026-06-05 20:00:00+00:00,America/New_York,2026-06-07 10:14:15.318066+00:00
KARO,KARO,2568,2026-03-12 13:30:00+00:00,2026-06-05 20:00:00+00:00,America/New_York,2026-06-07 10:14:14.194344+00:00
KB,KB,4162,2026-03-12 13:30:00+00:00,2026-06-05 20:00:00+00:00,America/New_York,2026-06-07 10:12:09.295097+00:00
KBDC,KBDC,4304,2026-03-12 13:30:00+00:00,2026-06-05 20:00:00+00:00,America/New_York,2026-06-07 10:14:33.822709+00:00
KBH,KBH,4680,2026-03-12 13:30:00+00:00,2026-06-05 20:00:00+00:00,America/New_York,2026-06-07 10:13:36.960539+00:00
KBON,KBON,203,2026-03-12 13:30:00+00:00,2026-06-03 19:25:00+00:00,America/New_York,2026-06-07 10:15:06.331604+00:00
KBR,KBR,4680,2026-03-12 13:30:00+00:00,2026-06-05 20:00:00+00:00,America/New_York,2026-06-07 10:13:21.201965+00:00
KC,KC,4663,2026-03-12 13:30:00+00:00,2026-06-05 20:00:00+00:00,America/New_York,2026-06-07 10:13:32.734930+00:00
KD,KD,4681,2026-03-12 13:30:00+00:00,2026-06-05 20:00:00+00:00,America/New_York,2026-06-07 10:13:47.026767+00:00
KDK,KDK,4501,2026-03-12 13:30:00+00:00,2026-06-05 20:00:00+00:00,America/New_York,2026-06-07 10:14:21.582387+00:00
KDP,KDP,4681,2026-03-12 13:30:00+00:00,2026-06-05 20:00:00+00:00,America/New_York,2026-06-07 10:12:08.028232+00:00
KE,KE,3381,2026-03-12 13:30:00+00:00,2026-06-05 20:00:00+00:00,America/New_York,2026-06-07 10:14:54.135433+00:00
KEEL,KEEL,3433,2026-04-06 13:30:00+00:00,2026-06-05 20:00:00+00:00,America/New_York,2026-06-07 10:13:39.874108+00:00
KELYA,KELYA,4335,2026-03-12 13:30:00+00:00,2026-06-05 20:00:00+00:00,America/New_York,2026-06-07 10:15:07.001007+00:00
KEN,KEN,1547,2026-03-12 13:30:00+00:00,2026-06-05 20:00:00+00:00,America/New_York,2026-06-07 10:13:27.335146+00:00
KEP,KEP,4652,2026-03-12 13:30:00+00:00,2026-06-05 20:00:00+00:00,America/New_York,2026-06-07 10:12:30.379841+00:00
KEQU,KEQU,247,2026-03-12 13:30:00+00:00,2026-06-05 20:00:00+00:00,America/New_York,2026-06-07 10:15:54.459652+00:00
KEX,KEX,4617,2026-03-12 13:30:00+00:00,2026-06-05 20:00:00+00:00,America/New_York,2026-06-07 10:12:56.246873+00:00
KEY,KEY,4681,2026-03-12 13:30:00+00:00,2026-06-05 20:00:00+00:00,America/New_York,2026-06-07 10:12:20.153563+00:00
KEYS,KEYS,4677,2026-03-12 13:30:00+00:00,2026-06-05 20:00:00+00:00,America/New_York,2026-06-07 10:12:03.630919+00:00
KEYYU,KEYYU,84,2026-06-03 13:30:00+00:00,2026-06-05 20:00:00+00:00,America/New_York,2026-06-07 10:15:32.373879+00:00
KFRC,KFRC,4140,2026-03-12 13:30:00+00:00,2026-06-05 20:00:00+00:00,America/New_York,2026-06-07 10:14:37.890978+00:00
KFY,KFY,4457,2026-03-12 13:30:00+00:00,2026-06-05 20:00:00+00:00,America/New_York,2026-06-07 10:13:29.796669+00:00
KG,KG,527,2026-03-12 13:40:00+00:00,2026-06-05 20:00:00+00:00,America/New_York,2026-06-07 10:15:56.029663+00:00
KGC,KGC,4681,2026-03-12 13:30:00+00:00,2026-06-05 20:00:00+00:00,America/New_York,2026-06-07 10:12:13.663329+00:00
KGEI,KGEI,3588,2026-03-12 13:30:00+00:00,2026-06-05 20:00:00+00:00,America/New_York,2026-06-07 10:15:41.903384+00:00
KGS,KGS,4676,2026-03-12 13:30:00+00:00,2026-06-05 20:00:00+00:00,America/New_York,2026-06-07 10:13:02.926705+00:00
KHC,KHC,4681,2026-03-12 13:30:00+00:00,2026-06-05 20:00:00+00:00,America/New_York,2026-06-07 10:12:17.403223+00:00
KIDS,KIDS,3477,2026-03-12 13:30:00+00:00,2026-06-05 20:00:00+00:00,America/New_York,2026-06-07 10:15:05.231016+00:00
KIM,KIM,4681,2026-03-12 13:30:00+00:00,2026-06-05 20:00:00+00:00,America/New_York,2026-06-07 10:12:29.104750+00:00
KINS,KINS,3160,2026-03-12 13:30:00+00:00,2026-06-05 20:00:00+00:00,America/New_York,2026-06-07 10:15:36.768463+00:00
KKR,KKR,4681,2026-03-12 13:30:00+00:00,2026-06-05 20:00:00+00:00,America/New_York,2026-06-07 10:11:57.322557+00:00
KLAC,KLAC,4680,2026-03-12 13:30:00+00:00,2026-06-05 20:00:00+00:00,America/New_York,2026-06-07 10:11:47.779984+00:00
KLAR,KLAR,4681,2026-03-12 13:30:00+00:00,2026-06-05 20:00:00+00:00,America/New_York,2026-06-07 10:12:47.319357+00:00
KLC,KLC,4666,2026-03-12 13:30:00+00:00,2026-06-05 20:00:00+00:00,America/New_York,2026-06-07 10:15:04.498731+00:00
KLIC,KLIC,4599,2026-03-12 13:30:00+00:00,2026-06-05 20:00:00+00:00,America/New_York,2026-06-07 10:13:14.224018+00:00
KLRA,KLRA,2605,2026-04-17 13:40:00+00:00,2026-06-05 20:00:00+00:00,America/New_York,2026-06-07 10:13:49.504109+00:00
KLRS,KLRS,2221,2026-03-12 13:30:00+00:00,2026-06-05 20:00:00+00:00,America/New_York,2026-06-07 10:15:56.067178+00:00
KMB,KMB,4681,2026-03-12 13:30:00+00:00,2026-06-05 20:00:00+00:00,America/New_York,2026-06-07 10:12:12.844560+00:00
KMDA,KMDA,2135,2026-03-12 13:30:00+00:00,2026-06-05 20:00:00+00:00,America/New_York,2026-06-07 10:15:09.375256+00:00
KMI,KMI,4681,2026-03-12 13:30:00+00:00,2026-06-05 20:00:00+00:00,America/New_York,2026-06-07 10:12:00.530255+00:00
KMPR,KMPR,4657,2026-03-12 13:30:00+00:00,2026-06-05 20:00:00+00:00,America/New_York,2026-06-07 10:14:14.557374+00:00
KMT,KMT,4671,2026-03-12 13:30:00+00:00,2026-06-05 20:00:00+00:00,America/New_York,2026-06-07 10:13:50.254942+00:00
KMTS,KMTS,4036,2026-03-12 13:30:00+00:00,2026-06-05 20:00:00+00:00,America/New_York,2026-06-07 10:14:27.666600+00:00
KMX,KMX,4681,2026-03-12 13:30:00+00:00,2026-06-05 20:00:00+00:00,America/New_York,2026-06-07 10:13:01.832739+00:00
KN,KN,4634,2026-03-12 13:30:00+00:00,2026-06-05 20:00:00+00:00,America/New_York,2026-06-07 10:13:38.381735+00:00
KNF,KNF,4497,2026-03-12 13:30:00+00:00,2026-06-05 20:00:00+00:00,America/New_York,2026-06-07 10:13:24.167003+00:00
KNOP,KNOP,3022,2026-03-12 13:30:00+00:00,2026-06-05 20:00:00+00:00,America/New_York,2026-06-07 10:15:15.129994+00:00
KNSA,KNSA,4561,2026-03-12 13:30:00+00:00,2026-06-05 20:00:00+00:00,America/New_York,2026-06-07 10:13:30.680389+00:00
KNSL,KNSL,4617,2026-03-12 13:30:00+00:00,2026-06-05 20:00:00+00:00,America/New_York,2026-06-07 10:12:59.082767+00:00
KNTK,KNTK,4674,2026-03-12 13:30:00+00:00,2026-06-05 20:00:00+00:00,America/New_York,2026-06-07 10:12:57.836859+00:00
KNX,KNX,4681,2026-03-12 13:30:00+00:00,2026-06-05 20:00:00+00:00,America/New_York,2026-06-07 10:12:37.217338+00:00
KO,KO,4681,2026-03-12 13:30:00+00:00,2026-06-05 20:00:00+00:00,America/New_York,2026-06-07 10:11:46.699984+00:00
KOD,KOD,4565,2026-03-12 13:30:00+00:00,2026-06-05 20:00:00+00:00,America/New_York,2026-06-07 10:14:02.980612+00:00
KODK,KODK,4674,2026-03-12 13:30:00+00:00,2026-06-05 20:00:00+00:00,America/New_York,2026-06-07 10:14:38.041299+00:00
KOF,KOF,3785,2026-03-12 13:30:00+00:00,2026-06-05 20:00:00+00:00,America/New_York,2026-06-07 10:13:10.330892+00:00
KOP,KOP,3623,2026-03-12 13:30:00+00:00,2026-06-05 20:00:00+00:00,America/New_York,2026-06-07 10:14:42.124474+00:00
KOPN,KOPN,4678,2026-03-12 13:30:00+00:00,2026-06-05 20:00:00+00:00,America/New_York,2026-06-07 10:14:32.567492+00:00
KORE,KORE,1830,2026-03-12 13:30:00+00:00,2026-06-05 20:00:00+00:00,America/New_York,2026-06-07 10:15:46.467328+00:00
KOYN,KOYN,114,2026-03-12 15:40:00+00:00,2026-06-05 20:00:00+00:00,America/New_York,2026-06-07 10:15:24.734668+00:00
KPTI,KPTI,4326,2026-03-12 13:30:00+00:00,2026-06-05 20:00:00+00:00,America/New_York,2026-06-07 10:15:39.392243+00:00
KR,KR,4681,2026-03-12 13:30:00+00:00,2026-06-05 20:00:00+00:00,America/New_York,2026-06-07 10:12:09.696667+00:00
KRC,KRC,4681,2026-03-12 13:30:00+00:00,2026-06-05 20:00:00+00:00,America/New_York,2026-06-07 10:13:22.656556+00:00
KREF,KREF,4665,2026-03-12 13:30:00+00:00,2026-06-05 20:00:00+00:00,America/New_York,2026-06-07 10:15:06.286020+00:00
KRG,KRG,4681,2026-03-12 13:30:00+00:00,2026-06-05 20:00:00+00:00,America/New_York,2026-06-07 10:13:09.332666+00:00
KRMD,KRMD,2786,2026-03-12 13:30:00+00:00,2026-06-05 20:00:00+00:00,America/New_York,2026-06-07 10:15:43.469469+00:00
KRMN,KRMN,4681,2026-03-12 13:30:00+00:00,2026-06-05 20:00:00+00:00,America/New_York,2026-06-07 10:13:03.350966+00:00
KRNT,KRNT,4036,2026-03-12 13:30:00+00:00,2026-06-05 20:00:00+00:00,America/New_York,2026-06-07 10:14:46.237836+00:00
KRNY,KRNY,4082,2026-03-12 13:30:00+00:00,2026-06-05 20:00:00+00:00,America/New_York,2026-06-07 10:14:58.750653+00:00
KRO,KRO,4325,2026-03-12 13:30:00+00:00,2026-06-05 20:00:00+00:00,America/New_York,2026-06-07 10:14:44.699633+00:00
KROS,KROS,4308,2026-03-12 13:30:00+00:00,2026-06-05 20:00:00+00:00,America/New_York,2026-06-07 10:15:39.553939+00:00
KRRO,KRRO,3380,2026-03-12 13:30:00+00:00,2026-06-05 20:00:00+00:00,America/New_York,2026-06-07 10:15:47.366553+00:00
KRT,KRT,2797,2026-03-12 13:30:00+00:00,2026-06-05 20:00:00+00:00,America/New_York,2026-06-07 10:14:55.629072+00:00
KRUS,KRUS,4148,2026-03-12 13:30:00+00:00,2026-06-05 20:00:00+00:00,America/New_York,2026-06-07 10:14:56.938017+00:00
KRYS,KRYS,4065,2026-03-12 13:30:00+00:00,2026-06-05 20:00:00+00:00,America/New_York,2026-06-07 10:12:51.398822+00:00
KSPI,KSPI,4472,2026-03-12 13:30:00+00:00,2026-06-05 20:00:00+00:00,America/New_York,2026-06-07 10:12:30.497392+00:00
KSS,KSS,4681,2026-03-12 13:30:00+00:00,2026-06-05 20:00:00+00:00,America/New_York,2026-06-07 10:14:06.218994+00:00
KT,KT,4660,2026-03-12 13:30:00+00:00,2026-06-05 20:00:00+00:00,America/New_York,2026-06-07 10:12:52.166447+00:00
KTB,KTB,4604,2026-03-12 13:30:00+00:00,2026-06-05 20:00:00+00:00,America/New_York,2026-06-07 10:13:27.968048+00:00
KTOS,KTOS,4681,2026-03-12 13:30:00+00:00,2026-06-05 20:00:00+00:00,America/New_York,2026-06-07 10:12:42.824973+00:00
KTWO,KTWO,163,2026-03-13 16:05:00+00:00,2026-06-05 20:00:00+00:00,America/New_York,2026-06-07 10:15:40.302631+00:00
KULR,KULR,4680,2026-03-12 13:30:00+00:00,2026-06-05 20:00:00+00:00,America/New_York,2026-06-07 10:15:44.496515+00:00
KURA,KURA,4672,2026-03-12 13:30:00+00:00,2026-06-05 20:00:00+00:00,America/New_York,2026-06-07 10:14:43.317664+00:00
KVHI,KVHI,3468,2026-03-12 13:30:00+00:00,2026-06-05 20:00:00+00:00,America/New_York,2026-06-07 10:15:48.307121+00:00
KVUE,KVUE,4681,2026-03-12 13:30:00+00:00,2026-06-05 20:00:00+00:00,America/New_York,2026-06-07 10:12:12.081648+00:00
KVYO,KVYO,4681,2026-03-12 13:30:00+00:00,2026-06-05 20:00:00+00:00,America/New_York,2026-06-07 10:13:18.018549+00:00
KW,KW,4641,2026-03-12 13:30:00+00:00,2026-06-05 20:00:00+00:00,America/New_York,2026-06-07 10:14:12.356009+00:00
KWR,KWR,3373,2026-03-12 13:30:00+00:00,2026-06-05 20:00:00+00:00,America/New_York,2026-06-07 10:13:50.987309+00:00
KWY,KWY,564,2026-05-19 13:30:00+00:00,2026-06-05 20:00:00+00:00,America/New_York,2026-06-07 10:15:27.313328+00:00
KYIV,KYIV,4431,2026-03-12 13:30:00+00:00,2026-06-05 20:00:00+00:00,America/New_York,2026-06-07 10:13:38.327679+00:00
KYMR,KYMR,4452,2026-03-12 13:30:00+00:00,2026-06-05 20:00:00+00:00,America/New_York,2026-06-07 10:13:07.842810+00:00
KYTX,KYTX,4619,2026-03-12 13:30:00+00:00,2026-06-05 20:00:00+00:00,America/New_York,2026-06-07 10:15:05.642532+00:00
KZIA,KZIA,3289,2026-03-12 13:30:00+00:00,2026-06-05 20:00:00+00:00,America/New_York,2026-06-07 10:15:52.132564+00:00
L,L,4618,2026-03-12 13:30:00+00:00,2026-06-05 20:00:00+00:00,America/New_York,2026-06-07 10:12:21.920488+00:00
LAC,LAC,4681,2026-03-12 13:30:00+00:00,2026-06-05 20:00:00+00:00,America/New_York,2026-06-07 10:14:10.395922+00:00
LAD,LAD,4615,2026-03-12 13:30:00+00:00,2026-06-05 20:00:00+00:00,America/New_York,2026-06-07 10:13:02.607164+00:00
LADR,LADR,4633,2026-03-12 13:30:00+00:00,2026-06-05 20:00:00+00:00,America/New_York,2026-06-07 10:14:20.328443+00:00
LAES,LAES,4681,2026-03-12 13:30:00+00:00,2026-06-05 20:00:00+00:00,America/New_York,2026-06-07 10:14:45.873958+00:00
LAKE,LAKE,2798,2026-03-12 13:30:00+00:00,2026-06-05 20:00:00+00:00,America/New_York,2026-06-07 10:15:56.779712+00:00
LAMR,LAMR,4537,2026-03-12 13:30:00+00:00,2026-06-05 20:00:00+00:00,America/New_York,2026-06-07 10:12:31.105127+00:00
LAND,LAND,4580,2026-03-12 13:30:00+00:00,2026-06-05 20:00:00+00:00,America/New_York,2026-06-07 10:15:13.925577+00:00
LAR,LAR,4681,2026-03-12 13:30:00+00:00,2026-06-05 20:00:00+00:00,America/New_York,2026-06-07 10:14:16.920569+00:00
LARK,LARK,410,2026-03-12 13:30:00+00:00,2026-06-05 20:00:00+00:00,America/New_York,2026-06-07 10:15:44.537152+00:00
LASE,LASE,4580,2026-03-12 13:30:00+00:00,2026-06-05 20:00:00+00:00,America/New_York,2026-06-07 10:15:52.969739+00:00
LASR,LASR,4678,2026-03-12 13:30:00+00:00,2026-06-05 20:00:00+00:00,America/New_York,2026-06-07 10:13:32.224367+00:00
LAUR,LAUR,4675,2026-03-12 13:30:00+00:00,2026-06-05 20:00:00+00:00,America/New_York,2026-06-07 10:13:17.685732+00:00
LAW,LAW,4252,2026-03-12 13:30:00+00:00,2026-06-05 20:00:00+00:00,America/New_York,2026-06-07 10:15:33.765585+00:00
LAZ,LAZ,4667,2026-03-12 13:30:00+00:00,2026-06-05 20:00:00+00:00,America/New_York,2026-06-07 10:13:22.112251+00:00
LB,LB,4425,2026-03-12 13:30:00+00:00,2026-06-05 20:00:00+00:00,America/New_York,2026-06-07 10:13:13.630385+00:00
LBRDK,LBRDK,4669,2026-03-12 13:30:00+00:00,2026-06-05 20:00:00+00:00,America/New_York,2026-06-07 10:13:21.676144+00:00
LBRT,LBRT,4681,2026-03-12 13:30:00+00:00,2026-06-05 20:00:00+00:00,America/New_York,2026-06-07 10:13:19.772795+00:00
LBRX,LBRX,3546,2026-03-12 13:30:00+00:00,2026-06-05 20:00:00+00:00,America/New_York,2026-06-07 10:14:41.487138+00:00
LBTYK,LBTYK,4669,2026-03-12 13:30:00+00:00,2026-06-05 20:00:00+00:00,America/New_York,2026-06-07 10:13:29.483634+00:00
LC,LC,4681,2026-03-12 13:30:00+00:00,2026-06-05 20:00:00+00:00,America/New_York,2026-06-07 10:14:00.655556+00:00
LCID,LCID,4681,2026-03-12 13:30:00+00:00,2026-06-05 20:00:00+00:00,America/New_York,2026-06-07 10:14:00.138907+00:00
LCII,LCII,4168,2026-03-12 13:30:00+00:00,2026-06-05 20:00:00+00:00,America/New_York,2026-06-07 10:13:54.085981+00:00
LCLN,LCLN,811,2026-05-20 13:40:00+00:00,2026-06-05 20:00:00+00:00,America/New_York,2026-06-07 10:13:54.727777+00:00
LCNB,LCNB,1236,2026-03-12 13:30:00+00:00,2026-06-05 20:00:00+00:00,America/New_York,2026-06-07 10:15:34.270119+00:00
LCUT,LCUT,3642,2026-03-12 13:30:00+00:00,2026-06-05 20:00:00+00:00,America/New_York,2026-06-07 10:15:39.948472+00:00
LDOS,LDOS,4668,2026-03-12 13:30:00+00:00,2026-06-05 20:00:00+00:00,America/New_York,2026-06-07 10:12:30.027097+00:00
LE,LE,4125,2026-03-12 13:30:00+00:00,2026-06-05 20:00:00+00:00,America/New_York,2026-06-07 10:15:22.110926+00:00
LEA,LEA,4631,2026-03-12 13:30:00+00:00,2026-06-05 20:00:00+00:00,America/New_York,2026-06-07 10:12:59.390982+00:00
LECO,LECO,4283,2026-03-12 13:30:00+00:00,2026-06-05 20:00:00+00:00,America/New_York,2026-06-07 10:12:32.975606+00:00
LEE,LEE,1692,2026-03-12 13:35:00+00:00,2026-06-05 20:00:00+00:00,America/New_York,2026-06-07 10:15:35.974652+00:00
LEG,LEG,4680,2026-03-12 13:30:00+00:00,2026-06-05 20:00:00+00:00,America/New_York,2026-06-07 10:14:18.356508+00:00
LEGH,LEGH,2659,2026-03-12 13:30:00+00:00,2026-06-05 20:00:00+00:00,America/New_York,2026-06-07 10:14:55.427832+00:00
LEGN,LEGN,4680,2026-03-12 13:30:00+00:00,2026-06-05 20:00:00+00:00,America/New_York,2026-06-07 10:13:06.767829+00:00
LEGT,LEGT,1116,2026-03-12 13:30:00+00:00,2026-06-05 20:00:00+00:00,America/New_York,2026-06-07 10:15:35.194656+00:00
LEN,LEN,4681,2026-03-12 13:30:00+00:00,2026-06-05 20:00:00+00:00,America/New_York,2026-06-07 10:12:21.782749+00:00
LENZ,LENZ,4640,2026-03-12 13:30:00+00:00,2026-06-05 20:00:00+00:00,America/New_York,2026-06-07 10:15:37.650711+00:00
LEU,LEU,4679,2026-03-12 13:30:00+00:00,2026-06-05 20:00:00+00:00,America/New_York,2026-06-07 10:13:38.496560+00:00
LEVI,LEVI,4681,2026-03-12 13:30:00+00:00,2026-06-05 20:00:00+00:00,America/New_York,2026-06-07 10:12:51.466599+00:00
LFCR,LFCR,3984,2026-03-12 13:30:00+00:00,2026-06-05 20:00:00+00:00,America/New_York,2026-06-07 10:15:38.551646+00:00
LFMD,LFMD,4652,2026-03-12 13:30:00+00:00,2026-06-05 20:00:00+00:00,America/New_York,2026-06-07 10:15:35.008863+00:00
LFST,LFST,4666,2026-03-12 13:30:00+00:00,2026-06-05 20:00:00+00:00,America/New_York,2026-06-07 10:13:43.846404+00:00
LFTO,LFTO,82,2026-06-04 19:45:00+00:00,2026-06-05 20:00:00+00:00,America/New_York,2026-06-07 10:13:20.965073+00:00
LFUS,LFUS,4515,2026-03-12 13:30:00+00:00,2026-06-05 20:00:00+00:00,America/New_York,2026-06-07 10:12:40.772986+00:00
LFVN,LFVN,3518,2026-03-12 13:30:00+00:00,2026-06-05 20:00:00+00:00,America/New_York,2026-06-07 10:15:52.305741+00:00
LGCY,LGCY,2262,2026-03-12 13:30:00+00:00,2026-06-05 20:00:00+00:00,America/New_York,2026-06-07 10:15:49.595770+00:00
LGIH,LGIH,4511,2026-03-12 13:30:00+00:00,2026-06-05 20:00:00+00:00,America/New_York,2026-06-07 10:14:26.118492+00:00
LGN,LGN,4668,2026-03-12 13:30:00+00:00,2026-06-05 20:00:00+00:00,America/New_York,2026-06-07 10:12:49.565549+00:00
LGND,LGND,3335,2026-03-12 13:30:00+00:00,2026-06-05 20:00:00+00:00,America/New_York,2026-06-07 10:13:18.930478+00:00
LH,LH,4676,2026-03-12 13:30:00+00:00,2026-06-05 20:00:00+00:00,America/New_York,2026-06-07 10:12:21.976116+00:00
LHX,LHX,4681,2026-03-12 13:30:00+00:00,2026-06-05 20:00:00+00:00,America/New_York,2026-06-07 10:12:03.123248+00:00
LI,LI,4681,2026-03-12 13:30:00+00:00,2026-06-05 20:00:00+00:00,America/New_York,2026-06-07 10:12:33.599756+00:00
LIEN,LIEN,1693,2026-03-12 14:55:00+00:00,2026-06-05 20:00:00+00:00,America/New_York,2026-06-07 10:15:36.793527+00:00
LIF,LIF,4651,2026-03-12 13:30:00+00:00,2026-06-05 20:00:00+00:00,America/New_York,2026-06-07 10:13:31.737608+00:00
LIFE,LIFE,4506,2026-03-12 13:30:00+00:00,2026-06-05 20:00:00+00:00,America/New_York,2026-06-07 10:14:29.696447+00:00
LII,LII,4668,2026-03-12 13:30:00+00:00,2026-06-05 20:00:00+00:00,America/New_York,2026-06-07 10:12:27.344423+00:00
LILAK,LILAK,4549,2026-03-12 13:30:00+00:00,2026-06-05 20:00:00+00:00,America/New_York,2026-06-07 10:14:12.221677+00:00
LIN,LIN,4681,2026-03-12 13:30:00+00:00,2026-06-05 20:00:00+00:00,America/New_York,2026-06-07 10:11:48.145329+00:00
LINC,LINC,4467,2026-03-12 13:30:00+00:00,2026-06-05 20:00:00+00:00,America/New_York,2026-06-07 10:14:11.955369+00:00
LIND,LIND,4582,2026-03-12 13:30:00+00:00,2026-06-05 20:00:00+00:00,America/New_York,2026-06-07 10:14:16.476553+00:00
LINE,LINE,4662,2026-03-12 13:30:00+00:00,2026-06-05 20:00:00+00:00,America/New_York,2026-06-07 10:12:47.268897+00:00
LINK,LINK,1324,2026-03-12 14:25:00+00:00,2026-06-05 20:00:00+00:00,America/New_York,2026-06-07 10:15:59.308378+00:00
LION,LION,4676,2026-03-12 13:30:00+00:00,2026-06-05 20:00:00+00:00,America/New_York,2026-06-07 10:13:27.514030+00:00
LITE,LITE,4681,2026-03-12 13:30:00+00:00,2026-06-05 20:00:00+00:00,America/New_York,2026-06-07 10:12:01.166402+00:00
LIVN,LIVN,4591,2026-03-12 13:30:00+00:00,2026-06-05 20:00:00+00:00,America/New_York,2026-06-07 10:13:26.914389+00:00
LIXT,LIXT,1247,2026-03-12 13:30:00+00:00,2026-06-05 20:00:00+00:00,America/New_York,2026-06-07 10:15:57.359002+00:00
LKFN,LKFN,3277,2026-03-12 13:30:00+00:00,2026-06-05 20:00:00+00:00,America/New_York,2026-06-07 10:14:12.036437+00:00
LKFT,LKFT,1201,2026-05-08 13:30:00+00:00,2026-06-05 20:00:00+00:00,America/New_York,2026-06-07 10:14:02.511591+00:00
LKQ,LKQ,4681,2026-03-12 13:30:00+00:00,2026-06-05 20:00:00+00:00,America/New_York,2026-06-07 10:13:03.908754+00:00
LLY,LLY,4681,2026-03-12 13:30:00+00:00,2026-06-05 20:00:00+00:00,America/New_York,2026-06-07 10:11:45.191400+00:00
LLYVK,LLYVK,4001,2026-03-12 13:30:00+00:00,2026-06-05 20:00:00+00:00,America/New_York,2026-06-07 10:12:52.547522+00:00
LMAT,LMAT,3673,2026-03-12 13:30:00+00:00,2026-06-05 20:00:00+00:00,America/New_York,2026-06-07 10:13:57.380971+00:00
LMB,LMB,3686,2026-03-12 13:30:00+00:00,2026-06-05 20:00:00+00:00,America/New_York,2026-06-07 10:14:35.436015+00:00
LMND,LMND,4680,2026-03-12 13:30:00+00:00,2026-06-05 20:00:00+00:00,America/New_York,2026-06-07 10:13:30.069624+00:00
LMNR,LMNR,2403,2026-03-12 13:30:00+00:00,2026-06-05 20:00:00+00:00,America/New_York,2026-06-07 10:15:38.102604+00:00
LMRI,LMRI,4545,2026-03-12 13:30:00+00:00,2026-06-05 20:00:00+00:00,America/New_York,2026-06-07 10:14:41.824311+00:00
LMT,LMT,4681,2026-03-12 13:30:00+00:00,2026-06-05 20:00:00+00:00,America/New_York,2026-06-07 10:11:52.741936+00:00
LNC,LNC,4681,2026-03-12 13:30:00+00:00,2026-06-05 20:00:00+00:00,America/New_York,2026-06-07 10:13:02.572747+00:00
LND,LND,2897,2026-03-12 13:30:00+00:00,2026-06-05 20:00:00+00:00,America/New_York,2026-06-07 10:15:16.825752+00:00
LNG,LNG,4681,2026-03-12 13:30:00+00:00,2026-06-05 20:00:00+00:00,America/New_York,2026-06-07 10:12:04.648777+00:00
LNN,LNN,3468,2026-03-12 13:30:00+00:00,2026-06-05 20:00:00+00:00,America/New_York,2026-06-07 10:14:24.980037+00:00
LNSR,LNSR,2459,2026-03-12 13:30:00+00:00,2026-06-05 20:00:00+00:00,America/New_York,2026-06-07 10:16:01.724028+00:00
LNT,LNT,4681,2026-03-12 13:30:00+00:00,2026-06-05 20:00:00+00:00,America/New_York,2026-06-07 10:12:25.896126+00:00
LNTH,LNTH,4582,2026-03-12 13:30:00+00:00,2026-06-05 20:00:00+00:00,America/New_York,2026-06-07 10:13:03.298220+00:00
LNZA,LNZA,2121,2026-03-12 13:30:00+00:00,2026-06-05 20:00:00+00:00,America/New_York,2026-06-07 10:15:57.460312+00:00
LOAR,LOAR,4646,2026-03-12 13:30:00+00:00,2026-06-05 20:00:00+00:00,America/New_York,2026-06-07 10:13:07.513242+00:00
LOB,LOB,4225,2026-03-12 13:30:00+00:00,2026-06-05 20:00:00+00:00,America/New_York,2026-06-07 10:14:06.369993+00:00
LOCO,LOCO,4182,2026-03-12 13:30:00+00:00,2026-06-05 20:00:00+00:00,America/New_York,2026-06-07 10:15:10.413209+00:00
LODE,LODE,4663,2026-03-12 13:30:00+00:00,2026-06-05 20:00:00+00:00,America/New_York,2026-06-07 10:15:26.577751+00:00
LOGI,LOGI,4664,2026-03-12 13:30:00+00:00,2026-06-05 20:00:00+00:00,America/New_York,2026-06-07 10:12:30.676510+00:00
LOKV,LOKV,272,2026-03-12 13:45:00+00:00,2026-06-05 20:00:00+00:00,America/New_York,2026-06-07 10:15:25.564065+00:00
LOMA,LOMA,4365,2026-03-12 13:30:00+00:00,2026-06-05 20:00:00+00:00,America/New_York,2026-06-07 10:14:17.590421+00:00
LONA,LONA,1964,2026-03-12 13:50:00+00:00,2026-06-05 20:00:00+00:00,America/New_York,2026-06-07 10:15:59.769019+00:00
LOPE,LOPE,3838,2026-03-12 13:30:00+00:00,2026-06-05 20:00:00+00:00,America/New_York,2026-06-07 10:13:25.665858+00:00
LOVE,LOVE,3862,2026-03-12 13:30:00+00:00,2026-06-05 20:00:00+00:00,America/New_York,2026-06-07 10:15:35.507132+00:00
LOW,LOW,4681,2026-03-12 13:30:00+00:00,2026-06-05 20:00:00+00:00,America/New_York,2026-06-07 10:11:53.230641+00:00
LPG,LPG,4617,2026-03-12 13:30:00+00:00,2026-06-05 20:00:00+00:00,America/New_York,2026-06-07 10:14:04.976617+00:00
LPL,LPL,4668,2026-03-12 13:30:00+00:00,2026-06-05 20:00:00+00:00,America/New_York,2026-06-07 10:13:16.873079+00:00
LPLA,LPLA,4677,2026-03-12 13:30:00+00:00,2026-06-05 20:00:00+00:00,America/New_York,2026-06-07 10:12:20.460198+00:00
LPTH,LPTH,4681,2026-03-12 13:30:00+00:00,2026-06-05 20:00:00+00:00,America/New_York,2026-06-07 10:14:35.285526+00:00
LPX,LPX,4655,2026-03-12 13:30:00+00:00,2026-06-05 20:00:00+00:00,America/New_York,2026-06-07 10:13:16.244750+00:00
LQDA,LQDA,4674,2026-03-12 13:30:00+00:00,2026-06-05 20:00:00+00:00,America/New_York,2026-06-07 10:13:12.466304+00:00
LQDT,LQDT,3573,2026-03-12 13:30:00+00:00,2026-06-05 20:00:00+00:00,America/New_York,2026-06-07 10:14:27.020565+00:00
LRCX,LRCX,4681,2026-03-12 13:30:00+00:00,2026-06-05 20:00:00+00:00,America/New_York,2026-06-07 10:11:46.339389+00:00
LRMR,LRMR,4672,2026-03-12 13:30:00+00:00,2026-06-05 20:00:00+00:00,America/New_York,2026-06-07 10:15:20.661524+00:00
LRN,LRN,4591,2026-03-12 13:30:00+00:00,2026-06-05 20:00:00+00:00,America/New_York,2026-06-07 10:13:22.347925+00:00
LSAK,LSAK,2443,2026-03-12 13:30:00+00:00,2026-06-05 20:00:00+00:00,America/New_York,2026-06-07 10:15:12.076586+00:00
LSBK,LSBK,447,2026-03-12 13:30:00+00:00,2026-06-05 20:00:00+00:00,America/New_York,2026-06-07 10:15:52.720660+00:00
LSCC,LSCC,4679,2026-03-12 13:30:00+00:00,2026-06-05 20:00:00+00:00,America/New_York,2026-06-07 10:12:26.629698+00:00
LSPD,LSPD,4677,2026-03-12 13:30:00+00:00,2026-06-05 20:00:00+00:00,America/New_York,2026-06-07 10:14:21.611594+00:00
LSTR,LSTR,4409,2026-03-12 13:30:00+00:00,2026-06-05 20:00:00+00:00,America/New_York,2026-06-07 10:12:56.654494+00:00
LTBR,LTBR,4658,2026-03-12 13:30:00+00:00,2026-06-05 20:00:00+00:00,America/New_York,2026-06-07 10:15:23.114373+00:00
LTC,LTC,4524,2026-03-12 13:30:00+00:00,2026-06-05 20:00:00+00:00,America/New_York,2026-06-07 10:14:03.474507+00:00
LTH,LTH,4681,2026-03-12 13:30:00+00:00,2026-06-05 20:00:00+00:00,America/New_York,2026-06-07 10:12:58.807291+00:00
LTM,LTM,4664,2026-03-12 13:30:00+00:00,2026-06-05 20:00:00+00:00,America/New_York,2026-06-07 10:12:34.515680+00:00
LTRX,LTRX,4587,2026-03-12 13:30:00+00:00,2026-06-05 20:00:00+00:00,America/New_York,2026-06-07 10:15:31.683440+00:00
LUCK,LUCK,2477,2026-03-12 13:30:00+00:00,2026-06-05 20:00:00+00:00,America/New_York,2026-06-07 10:14:24.305532+00:00
LULU,LULU,4681,2026-03-12 13:30:00+00:00,2026-06-05 20:00:00+00:00,America/New_York,2026-06-07 10:12:34.750832+00:00
LUMN,LUMN,4681,2026-03-12 13:30:00+00:00,2026-06-05 20:00:00+00:00,America/New_York,2026-06-07 10:12:49.330108+00:00
LUNR,LUNR,4680,2026-03-12 13:30:00+00:00,2026-06-05 20:00:00+00:00,America/New_York,2026-06-07 10:13:04.410366+00:00
LUV,LUV,4681,2026-03-12 13:30:00+00:00,2026-06-05 20:00:00+00:00,America/New_York,2026-06-07 10:12:23.922159+00:00
LUXE,LUXE,3984,2026-03-12 13:30:00+00:00,2026-06-05 20:00:00+00:00,America/New_York,2026-06-07 10:14:31.089864+00:00
LVO,LVO,2178,2026-03-12 13:30:00+00:00,2026-06-05 20:00:00+00:00,America/New_York,2026-06-07 10:15:58.744908+00:00
LVS,LVS,4681,2026-03-12 13:30:00+00:00,2026-06-05 20:00:00+00:00,America/New_York,2026-06-07 10:12:11.754090+00:00
LW,LW,4680,2026-03-12 13:30:00+00:00,2026-06-05 20:00:00+00:00,America/New_York,2026-06-07 10:13:08.648238+00:00
LWAY,LWAY,2568,2026-03-12 13:40:00+00:00,2026-06-05 20:00:00+00:00,America/New_York,2026-06-07 10:15:17.252667+00:00
LWLG,LWLG,4681,2026-03-12 13:30:00+00:00,2026-06-05 20:00:00+00:00,America/New_York,2026-06-07 10:14:11.187386+00:00
LXEO,LXEO,4599,2026-03-12 13:30:00+00:00,2026-06-05 20:00:00+00:00,America/New_York,2026-06-07 10:15:19.703781+00:00
LXFR,LXFR,3790,2026-03-12 13:30:00+00:00,2026-06-05 20:00:00+00:00,America/New_York,2026-06-07 10:15:05.851114+00:00
LXP,LXP,4457,2026-03-12 13:30:00+00:00,2026-06-05 20:00:00+00:00,America/New_York,2026-06-07 10:13:39.961012+00:00
LXU,LXU,4673,2026-03-12 13:30:00+00:00,2026-06-05 20:00:00+00:00,America/New_York,2026-06-07 10:14:36.770595+00:00
LYB,LYB,4681,2026-03-12 13:30:00+00:00,2026-06-05 20:00:00+00:00,America/New_York,2026-06-07 10:12:23.447969+00:00
LYEL,LYEL,2637,2026-03-12 13:30:00+00:00,2026-06-05 20:00:00+00:00,America/New_York,2026-06-07 10:15:28.901168+00:00
LYFT,LYFT,4681,2026-03-12 13:30:00+00:00,2026-06-05 20:00:00+00:00,America/New_York,2026-06-07 10:13:11.685457+00:00
LYG,LYG,4681,2026-03-12 13:30:00+00:00,2026-06-05 20:00:00+00:00,America/New_York,2026-06-07 10:11:58.602095+00:00
LYTS,LYTS,4141,2026-03-12 13:30:00+00:00,2026-06-05 20:00:00+00:00,America/New_York,2026-06-07 10:14:40.845653+00:00
LYV,LYV,4681,2026-03-12 13:30:00+00:00,2026-06-05 20:00:00+00:00,America/New_York,2026-06-07 10:12:10.374700+00:00
LZ,LZ,4680,2026-03-12 13:30:00+00:00,2026-06-05 20:00:00+00:00,America/New_York,2026-06-07 10:14:30.776604+00:00
LZB,LZB,4461,2026-03-12 13:30:00+00:00,2026-06-05 20:00:00+00:00,America/New_York,2026-06-07 10:14:12.924756+00:00
LZM,LZM,4439,2026-03-12 13:30:00+00:00,2026-06-05 20:00:00+00:00,America/New_York,2026-06-07 10:15:13.563041+00:00
M,M,4681,2026-03-12 13:30:00+00:00,2026-06-05 20:00:00+00:00,America/New_York,2026-06-07 10:13:08.158284+00:00
MA,MA,4681,2026-03-12 13:30:00+00:00,2026-06-05 20:00:00+00:00,America/New_York,2026-06-07 10:11:45.742033+00:00
MAA,MAA,4664,2026-03-12 13:30:00+00:00,2026-06-05 20:00:00+00:00,America/New_York,2026-06-07 10:12:28.946786+00:00
MAAS,MAAS,1549,2026-03-12 14:50:00+00:00,2026-06-05 20:00:00+00:00,America/New_York,2026-06-07 10:13:17.860095+00:00
MAC,MAC,4681,2026-03-12 13:30:00+00:00,2026-06-05 20:00:00+00:00,America/New_York,2026-06-07 10:13:00.619466+00:00
MAGN,MAGN,4425,2026-03-12 13:30:00+00:00,2026-06-05 20:00:00+00:00,America/New_York,2026-06-07 10:15:12.010363+00:00
MAIN,MAIN,4676,2026-03-12 13:30:00+00:00,2026-06-05 20:00:00+00:00,America/New_York,2026-06-07 10:13:19.709688+00:00
MAKO,MAKO,2761,2026-03-30 13:30:00+00:00,2026-06-05 20:00:00+00:00,America/New_York,2026-06-07 10:14:50.335898+00:00
MAMA,MAMA,4243,2026-03-12 13:30:00+00:00,2026-06-05 20:00:00+00:00,America/New_York,2026-06-07 10:14:52.749283+00:00
MAN,MAN,4667,2026-03-12 13:30:00+00:00,2026-06-05 20:00:00+00:00,America/New_York,2026-06-07 10:14:13.037660+00:00
MANE,MANE,4460,2026-03-12 13:30:00+00:00,2026-06-05 20:00:00+00:00,America/New_York,2026-06-07 10:13:29.824575+00:00
MANH,MANH,4594,2026-03-12 13:30:00+00:00,2026-06-05 20:00:00+00:00,America/New_York,2026-06-07 10:12:50.969632+00:00
MANU,MANU,4359,2026-03-12 13:30:00+00:00,2026-06-05 20:00:00+00:00,America/New_York,2026-06-07 10:13:29.634151+00:00
MAR,MAR,4681,2026-03-12 13:30:00+00:00,2026-06-05 20:00:00+00:00,America/New_York,2026-06-07 10:11:54.564531+00:00
MARA,MARA,4681,2026-03-12 13:30:00+00:00,2026-06-05 20:00:00+00:00,America/New_York,2026-06-07 10:13:20.389518+00:00
MAS,MAS,4681,2026-03-12 13:30:00+00:00,2026-06-05 20:00:00+00:00,America/New_York,2026-06-07 10:12:32.701642+00:00
MASI,MASI,4606,2026-03-12 13:30:00+00:00,2026-06-05 20:00:00+00:00,America/New_York,2026-06-07 10:12:47.698687+00:00
MASS,MASS,4108,2026-03-12 13:30:00+00:00,2026-06-05 20:00:00+00:00,America/New_York,2026-06-07 10:15:26.764304+00:00
MAT,MAT,4681,2026-03-12 13:30:00+00:00,2026-06-05 20:00:00+00:00,America/New_York,2026-06-07 10:13:25.394018+00:00
MATV,MATV,4473,2026-03-12 13:30:00+00:00,2026-06-05 20:00:00+00:00,America/New_York,2026-06-07 10:15:11.057207+00:00
MATW,MATW,3665,2026-03-12 13:30:00+00:00,2026-06-05 20:00:00+00:00,America/New_York,2026-06-07 10:14:42.652563+00:00
MATX,MATX,3918,2026-03-12 13:30:00+00:00,2026-06-05 20:00:00+00:00,America/New_York,2026-06-07 10:13:07.992169+00:00
MAX,MAX,4573,2026-03-12 13:30:00+00:00,2026-06-05 20:00:00+00:00,America/New_York,2026-06-07 10:14:54.438364+00:00
MAZE,MAZE,4564,2026-03-12 13:30:00+00:00,2026-06-05 20:00:00+00:00,America/New_York,2026-06-07 10:14:18.626209+00:00
MBAV,MBAV,290,2026-03-12 15:15:00+00:00,2026-06-05 20:00:00+00:00,America/New_York,2026-06-07 10:15:13.227801+00:00
MBC,MBC,4681,2026-03-12 13:30:00+00:00,2026-06-05 20:00:00+00:00,America/New_York,2026-06-07 10:14:06.249192+00:00
MBI,MBI,4092,2026-03-12 13:30:00+00:00,2026-06-05 20:00:00+00:00,America/New_York,2026-06-07 10:15:24.843463+00:00
MBIN,MBIN,3330,2026-03-12 13:30:00+00:00,2026-06-05 20:00:00+00:00,America/New_York,2026-06-07 10:13:56.498099+00:00
MBLY,MBLY,4681,2026-03-12 13:30:00+00:00,2026-06-05 20:00:00+00:00,America/New_York,2026-06-07 10:12:55.964756+00:00
MBUU,MBUU,4122,2026-03-12 13:30:00+00:00,2026-06-05 20:00:00+00:00,America/New_York,2026-06-07 10:15:01.094582+00:00
MBVI,MBVI,113,2026-03-12 15:30:00+00:00,2026-06-05 20:00:00+00:00,America/New_York,2026-06-07 10:15:07.298935+00:00
MBWM,MBWM,2516,2026-03-12 13:30:00+00:00,2026-06-05 20:00:00+00:00,America/New_York,2026-06-07 10:14:36.372012+00:00
MBX,MBX,4415,2026-03-12 13:30:00+00:00,2026-06-05 20:00:00+00:00,America/New_York,2026-06-07 10:14:14.984754+00:00
MC,MC,4679,2026-03-12 13:30:00+00:00,2026-06-05 20:00:00+00:00,America/New_York,2026-06-07 10:13:10.724838+00:00
MCAHU,MCAHU,144,2026-04-30 13:40:00+00:00,2026-06-05 20:00:00+00:00,America/New_York,2026-06-07 10:15:56.465990+00:00
MCB,MCB,3033,2026-03-12 13:30:00+00:00,2026-06-05 20:00:00+00:00,America/New_York,2026-06-07 10:14:27.649076+00:00
MCBS,MCBS,2437,2026-03-12 13:30:00+00:00,2026-06-05 20:00:00+00:00,America/New_York,2026-06-07 10:14:33.475569+00:00
MCD,MCD,4681,2026-03-12 13:30:00+00:00,2026-06-05 20:00:00+00:00,America/New_York,2026-06-07 10:11:48.854667+00:00
MCFT,MCFT,3379,2026-03-12 13:30:00+00:00,2026-06-05 20:00:00+00:00,America/New_York,2026-06-07 10:14:58.739142+00:00
MCGA,MCGA,791,2026-03-12 18:20:00+00:00,2026-06-05 20:00:00+00:00,America/New_York,2026-06-07 10:15:35.030415+00:00
MCHB,MCHB,4380,2026-03-12 13:30:00+00:00,2026-06-05 20:00:00+00:00,America/New_York,2026-06-07 10:13:33.983758+00:00
MCHP,MCHP,4681,2026-03-12 13:30:00+00:00,2026-06-05 20:00:00+00:00,America/New_York,2026-06-07 10:12:06.096587+00:00
MCK,MCK,4680,2026-03-12 13:30:00+00:00,2026-06-05 20:00:00+00:00,America/New_York,2026-06-07 10:11:55.446924+00:00
MCO,MCO,4681,2026-03-12 13:30:00+00:00,2026-06-05 20:00:00+00:00,America/New_York,2026-06-07 10:11:58.186936+00:00
MCRB,MCRB,1890,2026-03-12 13:30:00+00:00,2026-06-05 20:00:00+00:00,America/New_York,2026-06-07 10:16:02.488268+00:00
MCRI,MCRI,2753,2026-03-12 13:30:00+00:00,2026-06-05 20:00:00+00:00,America/New_York,2026-06-07 10:13:55.440212+00:00
MCS,MCS,3556,2026-03-12 13:30:00+00:00,2026-06-05 20:00:00+00:00,America/New_York,2026-06-07 10:14:53.136643+00:00
MCY,MCY,3742,2026-03-12 13:30:00+00:00,2026-06-05 20:00:00+00:00,America/New_York,2026-06-07 10:13:09.869066+00:00
MD,MD,4592,2026-03-12 13:30:00+00:00,2026-06-05 20:00:00+00:00,America/New_York,2026-06-07 10:14:00.993489+00:00
MDA,MDA,4592,2026-03-13 13:30:00+00:00,2026-06-05 20:00:00+00:00,America/New_York,2026-06-07 10:13:13.902983+00:00
MDB,MDB,4681,2026-03-12 13:30:00+00:00,2026-06-05 20:00:00+00:00,America/New_York,2026-06-07 10:12:16.161257+00:00
MDGL,MDGL,4512,2026-03-12 13:30:00+00:00,2026-06-05 20:00:00+00:00,America/New_York,2026-06-07 10:12:41.780385+00:00
MDLN,MDLN,4681,2026-03-12 13:30:00+00:00,2026-06-05 20:00:00+00:00,America/New_York,2026-06-07 10:12:07.025408+00:00
MDLZ,MDLZ,4681,2026-03-12 13:30:00+00:00,2026-06-05 20:00:00+00:00,America/New_York,2026-06-07 10:11:58.203604+00:00
MDT,MDT,4681,2026-03-12 13:30:00+00:00,2026-06-05 20:00:00+00:00,America/New_York,2026-06-07 10:11:54.669601+00:00
MDU,MDU,4681,2026-03-12 13:30:00+00:00,2026-06-05 20:00:00+00:00,America/New_York,2026-06-07 10:13:22.639359+00:00
MDV,MDV,2622,2026-03-12 13:30:00+00:00,2026-06-05 20:00:00+00:00,America/New_York,2026-06-07 10:15:42.448543+00:00
MDWD,MDWD,2481,2026-03-12 13:30:00+00:00,2026-06-05 20:00:00+00:00,America/New_York,2026-06-07 10:15:43.349037+00:00
MDXG,MDXG,4653,2026-03-12 13:30:00+00:00,2026-06-05 20:00:00+00:00,America/New_York,2026-06-07 10:14:56.332467+00:00
MEC,MEC,3767,2026-03-12 13:30:00+00:00,2026-06-05 20:00:00+00:00,America/New_York,2026-06-07 10:14:48.108039+00:00
MED,MED,3787,2026-03-12 13:30:00+00:00,2026-06-05 20:00:00+00:00,America/New_York,2026-06-07 10:15:51.004711+00:00
MEDP,MEDP,4608,2026-03-12 13:30:00+00:00,2026-06-05 20:00:00+00:00,America/New_York,2026-06-07 10:12:36.526117+00:00
MEI,MEI,4518,2026-03-12 13:30:00+00:00,2026-06-05 20:00:00+00:00,America/New_York,2026-06-07 10:15:11.560979+00:00
MELI,MELI,4681,2026-03-12 13:30:00+00:00,2026-06-05 20:00:00+00:00,America/New_York,2026-06-07 10:11:57.849061+00:00
MEOH,MEOH,4668,2026-03-12 13:30:00+00:00,2026-06-05 20:00:00+00:00,America/New_York,2026-06-07 10:13:21.491757+00:00
MESO,MESO,3898,2026-03-12 13:30:00+00:00,2026-06-05 20:00:00+00:00,America/New_York,2026-06-07 10:14:02.728450+00:00
MET,MET,4681,2026-03-12 13:30:00+00:00,2026-06-05 20:00:00+00:00,America/New_York,2026-06-07 10:12:03.582516+00:00
META,META,4681,2026-03-12 13:30:00+00:00,2026-06-05 20:00:00+00:00,America/New_York,2026-06-07 10:11:44.407625+00:00
METC,METC,4679,2026-03-12 13:30:00+00:00,2026-06-05 20:00:00+00:00,America/New_York,2026-06-07 10:14:33.486602+00:00
MFA,MFA,4679,2026-03-12 13:30:00+00:00,2026-06-05 20:00:00+00:00,America/New_York,2026-06-07 10:14:34.627715+00:00
MFC,MFC,4681,2026-03-12 13:30:00+00:00,2026-06-05 20:00:00+00:00,America/New_York,2026-06-07 10:12:01.527453+00:00
MFG,MFG,4681,2026-03-12 13:30:00+00:00,2026-06-05 20:00:00+00:00,America/New_York,2026-06-07 10:11:53.177915+00:00
MFI,MFI,373,2026-03-12 13:30:00+00:00,2026-06-05 20:00:00+00:00,America/New_York,2026-06-07 10:15:07.502022+00:00
MFIC,MFIC,4604,2026-03-12 13:30:00+00:00,2026-06-05 20:00:00+00:00,America/New_York,2026-06-07 10:14:38.514300+00:00
MFIN,MFIN,1902,2026-03-12 13:30:00+00:00,2026-06-05 20:00:00+00:00,America/New_York,2026-06-07 10:15:36.730832+00:00
MG,MG,3701,2026-03-12 13:30:00+00:00,2026-06-05 20:00:00+00:00,America/New_York,2026-06-07 10:14:56.383081+00:00
MGA,MGA,4681,2026-03-12 13:30:00+00:00,2026-06-05 20:00:00+00:00,America/New_York,2026-06-07 10:12:26.396248+00:00
MGEE,MGEE,3831,2026-03-12 13:30:00+00:00,2026-06-05 20:00:00+00:00,America/New_York,2026-06-07 10:13:45.526501+00:00
MGM,MGM,4681,2026-03-12 13:30:00+00:00,2026-06-05 20:00:00+00:00,America/New_York,2026-06-07 10:12:38.930242+00:00
MGNI,MGNI,4681,2026-03-12 13:30:00+00:00,2026-06-05 20:00:00+00:00,America/New_York,2026-06-07 10:13:57.950640+00:00
MGNX,MGNX,4551,2026-03-12 13:30:00+00:00,2026-06-05 20:00:00+00:00,America/New_York,2026-06-07 10:15:32.813604+00:00
MGPI,MGPI,3987,2026-03-12 13:30:00+00:00,2026-06-05 20:00:00+00:00,America/New_York,2026-06-07 10:15:18.009937+00:00
MGRC,MGRC,3188,2026-03-12 13:30:00+00:00,2026-06-05 20:00:00+00:00,America/New_York,2026-06-07 10:13:47.057837+00:00
MGRT,MGRT,1043,2026-03-12 13:30:00+00:00,2026-06-05 20:00:00+00:00,America/New_York,2026-06-07 10:14:30.992062+00:00
MGTX,MGTX,4513,2026-03-12 13:30:00+00:00,2026-06-05 20:00:00+00:00,America/New_York,2026-06-07 10:14:40.422428+00:00
MGY,MGY,4681,2026-03-12 13:30:00+00:00,2026-06-05 20:00:00+00:00,America/New_York,2026-06-07 10:13:12.851159+00:00
MH,MH,4368,2026-03-12 13:30:00+00:00,2026-06-05 20:00:00+00:00,America/New_York,2026-06-07 10:13:53.331216+00:00
MHH,MHH,1082,2026-03-12 13:55:00+00:00,2026-06-05 20:00:00+00:00,America/New_York,2026-06-07 10:15:59.758954+00:00
MHK,MHK,4656,2026-03-12 13:30:00+00:00,2026-06-05 20:00:00+00:00,America/New_York,2026-06-07 10:13:05.129008+00:00
MHO,MHO,3887,2026-03-12 13:30:00+00:00,2026-06-05 20:00:00+00:00,America/New_York,2026-06-07 10:13:32.524243+00:00
MIAX,MIAX,4663,2026-03-12 13:30:00+00:00,2026-06-05 20:00:00+00:00,America/New_York,2026-06-07 10:13:32.433193+00:00
MICC,MICC,4680,2026-03-12 13:30:00+00:00,2026-06-05 20:00:00+00:00,America/New_York,2026-06-07 10:12:44.157853+00:00
MIDD,MIDD,4552,2026-03-12 13:30:00+00:00,2026-06-05 20:00:00+00:00,America/New_York,2026-06-07 10:12:57.684007+00:00
MIND,MIND,3620,2026-03-12 13:30:00+00:00,2026-06-05 20:00:00+00:00,America/New_York,2026-06-07 10:16:03.708189+00:00
MIR,MIR,4681,2026-03-12 13:30:00+00:00,2026-06-05 20:00:00+00:00,America/New_York,2026-06-07 10:13:22.929107+00:00
MIRM,MIRM,4546,2026-03-12 13:30:00+00:00,2026-06-05 20:00:00+00:00,America/New_York,2026-06-07 10:13:10.116698+00:00
MITK,MITK,4650,2026-03-12 13:30:00+00:00,2026-06-05 20:00:00+00:00,America/New_York,2026-06-07 10:14:48.376858+00:00
MITT,MITT,4028,2026-03-12 13:30:00+00:00,2026-06-05 20:00:00+00:00,America/New_York,2026-06-07 10:15:33.318945+00:00
MKC,MKC,4681,2026-03-12 13:30:00+00:00,2026-06-05 20:00:00+00:00,America/New_York,2026-06-07 10:12:37.396597+00:00
MKL,MKL,4626,2026-03-12 13:30:00+00:00,2026-06-05 20:00:00+00:00,America/New_York,2026-06-07 10:12:20.742985+00:00
MKSI,MKSI,4659,2026-03-12 13:30:00+00:00,2026-06-05 20:00:00+00:00,America/New_York,2026-06-07 10:12:23.886737+00:00
MKTW,MKTW,1169,2026-03-12 14:20:00+00:00,2026-06-05 20:00:00+00:00,America/New_York,2026-06-07 10:15:30.225494+00:00
MKTX,MKTX,4401,2026-03-12 13:30:00+00:00,2026-06-05 20:00:00+00:00,America/New_York,2026-06-07 10:13:22.731898+00:00
MLAB,MLAB,2745,2026-03-12 13:30:00+00:00,2026-06-05 20:00:00+00:00,America/New_York,2026-06-07 10:14:55.699075+00:00
MLAC,MLAC,387,2026-03-12 15:45:00+00:00,2026-06-05 20:00:00+00:00,America/New_York,2026-06-07 10:16:08.237106+00:00
MLCO,MLCO,4628,2026-03-12 13:30:00+00:00,2026-06-05 20:00:00+00:00,America/New_York,2026-06-07 10:13:55.578657+00:00
MLGO,MLGO,3114,2026-03-12 13:30:00+00:00,2026-06-05 20:00:00+00:00,America/New_York,2026-06-07 10:16:03.363561+00:00
MLI,MLI,4612,2026-03-12 13:30:00+00:00,2026-06-05 20:00:00+00:00,America/New_York,2026-06-07 10:12:32.135618+00:00
MLKN,MLKN,4627,2026-03-12 13:30:00+00:00,2026-06-05 20:00:00+00:00,America/New_York,2026-06-07 10:14:32.054773+00:00
MLM,MLM,4679,2026-03-12 13:30:00+00:00,2026-06-05 20:00:00+00:00,America/New_York,2026-06-07 10:12:11.654723+00:00
MLP,MLP,847,2026-03-12 13:30:00+00:00,2026-06-05 20:00:00+00:00,America/New_York,2026-06-07 10:15:20.131723+00:00
MLR,MLR,2481,2026-03-12 13:30:00+00:00,2026-06-05 20:00:00+00:00,America/New_York,2026-06-07 10:14:58.172580+00:00
MLTX,MLTX,4630,2026-03-12 13:30:00+00:00,2026-06-05 20:00:00+00:00,America/New_York,2026-06-07 10:14:21.691296+00:00
MLYS,MLYS,4644,2026-03-12 13:30:00+00:00,2026-06-05 20:00:00+00:00,America/New_York,2026-06-07 10:14:00.847404+00:00
MMED,MMED,4546,2026-03-12 13:30:00+00:00,2026-06-05 20:00:00+00:00,America/New_York,2026-06-07 10:13:26.279738+00:00
MMI,MMI,4072,2026-03-12 13:30:00+00:00,2026-06-05 20:00:00+00:00,America/New_York,2026-06-07 10:14:25.848037+00:00
MMM,MMM,4681,2026-03-12 13:30:00+00:00,2026-06-05 20:00:00+00:00,America/New_York,2026-06-07 10:11:57.824542+00:00
MMS,MMS,4603,2026-03-12 13:30:00+00:00,2026-06-05 20:00:00+00:00,America/New_York,2026-06-07 10:13:36.580758+00:00
MMSI,MMSI,4583,2026-03-12 13:30:00+00:00,2026-06-05 20:00:00+00:00,America/New_York,2026-06-07 10:13:29.275983+00:00
MMYT,MMYT,4648,2026-03-12 13:30:00+00:00,2026-06-05 20:00:00+00:00,America/New_York,2026-06-07 10:13:24.560260+00:00
MNDY,MNDY,4677,2026-03-12 13:30:00+00:00,2026-06-05 20:00:00+00:00,America/New_York,2026-06-07 10:13:22.791600+00:00
MNKD,MNKD,4680,2026-03-12 13:30:00+00:00,2026-06-05 20:00:00+00:00,America/New_York,2026-06-07 10:14:30.298021+00:00
MNPR,MNPR,3140,2026-03-12 13:30:00+00:00,2026-06-05 20:00:00+00:00,America/New_York,2026-06-07 10:15:12.295772+00:00
MNRO,MNRO,4641,2026-03-12 13:30:00+00:00,2026-06-05 20:00:00+00:00,America/New_York,2026-06-07 10:15:07.585702+00:00
MNSB,MNSB,2024,2026-03-12 13:30:00+00:00,2026-06-05 20:00:00+00:00,America/New_York,2026-06-07 10:15:45.270651+00:00
MNSO,MNSO,4585,2026-03-12 13:30:00+00:00,2026-06-05 20:00:00+00:00,America/New_York,2026-06-07 10:13:25.695853+00:00
MNST,MNST,4681,2026-03-12 13:30:00+00:00,2026-06-05 20:00:00+00:00,America/New_York,2026-06-07 10:11:56.484321+00:00
MNTN,MNTN,4592,2026-03-12 13:30:00+00:00,2026-06-05 20:00:00+00:00,America/New_York,2026-06-07 10:14:46.926104+00:00
MNTS,MNTS,4553,2026-03-12 13:30:00+00:00,2026-06-05 20:00:00+00:00,America/New_York,2026-06-07 10:15:47.057191+00:00
MO,MO,4681,2026-03-12 13:30:00+00:00,2026-06-05 20:00:00+00:00,America/New_York,2026-06-07 10:11:52.864480+00:00
MOB,MOB,3789,2026-03-12 13:30:00+00:00,2026-06-05 20:00:00+00:00,America/New_York,2026-06-07 10:16:00.257437+00:00
MOBI,MOBI,877,2026-05-08 13:35:00+00:00,2026-06-05 20:00:00+00:00,America/New_York,2026-06-07 10:15:09.474395+00:00
MOD,MOD,4666,2026-03-12 13:30:00+00:00,2026-06-05 20:00:00+00:00,America/New_York,2026-06-07 10:12:32.603668+00:00
MOG.A,MOG-A,4287,2026-03-12 13:30:00+00:00,2026-06-05 20:00:00+00:00,America/New_York,2026-06-07 10:12:39.894236+00:00
MOH,MOH,4660,2026-03-12 13:30:00+00:00,2026-06-05 20:00:00+00:00,America/New_York,2026-06-07 10:12:46.796660+00:00
MOMO,MOMO,4504,2026-03-12 13:30:00+00:00,2026-06-05 20:00:00+00:00,America/New_York,2026-06-07 10:14:38.782513+00:00
MORN,MORN,4420,2026-03-12 13:30:00+00:00,2026-06-05 20:00:00+00:00,America/New_York,2026-06-07 10:12:58.838379+00:00
MOS,MOS,4681,2026-03-12 13:30:00+00:00,2026-06-05 20:00:00+00:00,America/New_York,2026-06-07 10:12:59.495959+00:00
MOV,MOV,3858,2026-03-12 13:30:00+00:00,2026-06-05 20:00:00+00:00,America/New_York,2026-06-07 10:14:54.391824+00:00
MP,MP,4681,2026-03-12 13:30:00+00:00,2026-06-05 20:00:00+00:00,America/New_York,2026-06-07 10:12:44.453303+00:00
MPAA,MPAA,2218,2026-03-12 13:30:00+00:00,2026-06-05 20:00:00+00:00,America/New_York,2026-06-07 10:15:38.986717+00:00
MPB,MPB,3555,2026-03-12 13:30:00+00:00,2026-06-05 20:00:00+00:00,America/New_York,2026-06-07 10:14:40.897944+00:00
MPC,MPC,4681,2026-03-12 13:30:00+00:00,2026-06-05 20:00:00+00:00,America/New_York,2026-06-07 10:11:58.525599+00:00
MPLT,MPLT,3927,2026-03-12 13:30:00+00:00,2026-06-05 20:00:00+00:00,America/New_York,2026-06-07 10:14:23.691778+00:00
MPT,MPT,4681,2026-03-12 13:30:00+00:00,2026-06-05 20:00:00+00:00,America/New_York,2026-06-07 10:13:42.045841+00:00
MPTI,MPTI,2897,2026-03-12 13:40:00+00:00,2026-06-05 20:00:00+00:00,America/New_York,2026-06-07 10:15:14.354770+00:00
MPWR,MPWR,4674,2026-03-12 13:30:00+00:00,2026-06-05 20:00:00+00:00,America/New_York,2026-06-07 10:12:00.400086+00:00
MQ,MQ,4678,2026-03-12 13:30:00+00:00,2026-06-05 20:00:00+00:00,America/New_York,2026-06-07 10:14:07.020331+00:00
MRAM,MRAM,4514,2026-03-12 13:30:00+00:00,2026-06-05 20:00:00+00:00,America/New_York,2026-06-07 10:14:57.741250+00:00
MRBK,MRBK,3166,2026-03-12 13:30:00+00:00,2026-06-05 20:00:00+00:00,America/New_York,2026-06-07 10:15:36.628864+00:00
MRCY,MRCY,4526,2026-03-12 13:30:00+00:00,2026-06-05 20:00:00+00:00,America/New_York,2026-06-07 10:13:02.054186+00:00
MRDN,MRDN,1554,2026-03-12 14:40:00+00:00,2026-06-05 20:00:00+00:00,America/New_York,2026-06-07 10:15:47.275285+00:00
MRK,MRK,4681,2026-03-12 13:30:00+00:00,2026-06-05 20:00:00+00:00,America/New_York,2026-06-07 10:11:46.905282+00:00
MRLN,MRLN,4435,2026-03-17 13:30:00+00:00,2026-06-05 20:00:00+00:00,America/New_York,2026-06-07 10:14:40.666316+00:00
MRNA,MRNA,4681,2026-03-12 13:30:00+00:00,2026-06-05 20:00:00+00:00,America/New_York,2026-06-07 10:12:26.752294+00:00
MRP,MRP,4680,2026-03-12 13:30:00+00:00,2026-06-05 20:00:00+00:00,America/New_York,2026-06-07 10:13:21.337298+00:00
MRSH,MRSH,4681,2026-03-12 13:30:00+00:00,2026-06-05 20:00:00+00:00,America/New_York,2026-06-07 10:11:57.926074+00:00
MRTN,MRTN,4643,2026-03-12 13:30:00+00:00,2026-06-05 20:00:00+00:00,America/New_York,2026-06-07 10:14:14.713444+00:00
MRVI,MRVI,4642,2026-03-12 13:30:00+00:00,2026-06-05 20:00:00+00:00,America/New_York,2026-06-07 10:14:21.017165+00:00
MRVL,MRVL,4681,2026-03-12 13:30:00+00:00,2026-06-05 20:00:00+00:00,America/New_York,2026-06-07 10:11:48.354342+00:00
MRX,MRX,4635,2026-03-12 13:30:00+00:00,2026-06-05 20:00:00+00:00,America/New_York,2026-06-07 10:13:26.546693+00:00
MS,MS,4681,2026-03-12 13:30:00+00:00,2026-06-05 20:00:00+00:00,America/New_York,2026-06-07 10:11:46.855971+00:00
MSA,MSA,4048,2026-03-12 13:30:00+00:00,2026-06-05 20:00:00+00:00,America/New_York,2026-06-07 10:13:05.256327+00:00
MSB,MSB,2090,2026-03-12 13:30:00+00:00,2026-06-05 20:00:00+00:00,America/New_York,2026-06-07 10:15:22.828989+00:00
MSBI,MSBI,3163,2026-03-12 13:30:00+00:00,2026-06-05 20:00:00+00:00,America/New_York,2026-06-07 10:14:52.691114+00:00
MSCI,MSCI,4676,2026-03-12 13:30:00+00:00,2026-06-05 20:00:00+00:00,America/New_York,2026-06-07 10:12:06.554711+00:00
MSDL,MSDL,4654,2026-03-12 13:30:00+00:00,2026-06-05 20:00:00+00:00,America/New_York,2026-06-07 10:14:19.511935+00:00
MSEX,MSEX,3325,2026-03-12 13:30:00+00:00,2026-06-05 20:00:00+00:00,America/New_York,2026-06-07 10:14:33.114477+00:00
MSFT,MSFT,4681,2026-03-12 13:30:00+00:00,2026-06-05 20:00:00+00:00,America/New_York,2026-06-07 10:11:44.363165+00:00
MSGE,MSGE,4192,2026-03-12 13:30:00+00:00,2026-06-05 20:00:00+00:00,America/New_York,2026-06-07 10:13:34.891074+00:00
MSGS,MSGS,4184,2026-03-12 13:30:00+00:00,2026-06-05 20:00:00+00:00,America/New_York,2026-06-07 10:12:48.771140+00:00
MSI,MSI,4681,2026-03-12 13:30:00+00:00,2026-06-05 20:00:00+00:00,America/New_York,2026-06-07 10:12:01.033412+00:00
MSIF,MSIF,4285,2026-03-12 13:30:00+00:00,2026-06-05 20:00:00+00:00,America/New_York,2026-06-07 10:14:56.123873+00:00
MSLE,MSLE,1760,2026-03-12 13:30:00+00:00,2026-06-05 20:00:00+00:00,America/New_York,2026-06-07 10:15:52.527911+00:00
MSM,MSM,4557,2026-03-12 13:30:00+00:00,2026-06-05 20:00:00+00:00,America/New_York,2026-06-07 10:13:04.043931+00:00
MSTR,MSTR,4681,2026-03-12 13:30:00+00:00,2026-06-05 20:00:00+00:00,America/New_York,2026-06-07 10:12:07.548529+00:00
MT,MT,4681,2026-03-12 13:30:00+00:00,2026-06-05 20:00:00+00:00,America/New_York,2026-06-07 10:12:05.604847+00:00
MTA,MTA,4580,2026-03-12 13:30:00+00:00,2026-06-05 20:00:00+00:00,America/New_York,2026-06-07 10:14:50.904002+00:00
MTB,MTB,4672,2026-03-12 13:30:00+00:00,2026-06-05 20:00:00+00:00,America/New_York,2026-06-07 10:12:11.916401+00:00
MTC,MTC,2691,2026-03-12 13:30:00+00:00,2026-06-05 20:00:00+00:00,America/New_York,2026-06-07 10:15:18.537951+00:00
MTCH,MTCH,4681,2026-03-12 13:30:00+00:00,2026-06-05 20:00:00+00:00,America/New_York,2026-06-07 10:12:54.095737+00:00
MTD,MTD,4672,2026-03-12 13:30:00+00:00,2026-06-05 20:00:00+00:00,America/New_York,2026-06-07 10:12:20.182103+00:00
MTDR,MTDR,4681,2026-03-12 13:30:00+00:00,2026-06-05 20:00:00+00:00,America/New_York,2026-06-07 10:13:02.212804+00:00
MTG,MTG,4681,2026-03-12 13:30:00+00:00,2026-06-05 20:00:00+00:00,America/New_York,2026-06-07 10:13:12.233433+00:00
MTH,MTH,4657,2026-03-12 13:30:00+00:00,2026-06-05 20:00:00+00:00,America/New_York,2026-06-07 10:13:20.332764+00:00
MTLS,MTLS,2917,2026-03-12 13:30:00+00:00,2026-06-05 20:00:00+00:00,America/New_York,2026-06-07 10:15:13.405128+00:00
MTN,MTN,4642,2026-03-12 13:30:00+00:00,2026-06-05 20:00:00+00:00,America/New_York,2026-06-07 10:13:16.812563+00:00
MTRN,MTRN,3909,2026-03-12 13:30:00+00:00,2026-06-05 20:00:00+00:00,America/New_York,2026-06-07 10:13:20.278437+00:00
MTRX,MTRX,3899,2026-03-12 13:30:00+00:00,2026-06-05 20:00:00+00:00,America/New_York,2026-06-07 10:15:14.490165+00:00
MTSI,MTSI,4653,2026-03-12 13:30:00+00:00,2026-06-05 20:00:00+00:00,America/New_York,2026-06-07 10:12:18.239292+00:00
MTUS,MTUS,4237,2026-03-12 13:30:00+00:00,2026-06-05 20:00:00+00:00,America/New_York,2026-06-07 10:14:41.540329+00:00
MTW,MTW,3997,2026-03-12 13:30:00+00:00,2026-06-05 20:00:00+00:00,America/New_York,2026-06-07 10:15:09.392781+00:00
MTX,MTX,3636,2026-03-12 13:30:00+00:00,2026-06-05 20:00:00+00:00,America/New_York,2026-06-07 10:13:52.993773+00:00
MTZ,MTZ,4663,2026-03-12 13:30:00+00:00,2026-06-05 20:00:00+00:00,America/New_York,2026-06-07 10:12:15.486992+00:00
MU,MU,4681,2026-03-12 13:30:00+00:00,2026-06-05 20:00:00+00:00,America/New_York,2026-06-07 10:11:45.014331+00:00
MUFG,MUFG,4681,2026-03-12 13:30:00+00:00,2026-06-05 20:00:00+00:00,America/New_York,2026-06-07 10:11:48.430192+00:00
MUR,MUR,4681,2026-03-12 13:30:00+00:00,2026-06-05 20:00:00+00:00,America/New_York,2026-06-07 10:13:10.850493+00:00
MUSA,MUSA,4631,2026-03-12 13:30:00+00:00,2026-06-05 20:00:00+00:00,America/New_York,2026-06-07 10:12:44.038589+00:00
MUX,MUX,4679,2026-03-12 13:30:00+00:00,2026-06-05 20:00:00+00:00,America/New_York,2026-06-07 10:14:28.980254+00:00
MVBF,MVBF,1279,2026-03-12 13:30:00+00:00,2026-06-05 20:00:00+00:00,America/New_York,2026-06-07 10:15:17.963336+00:00
MWA,MWA,4666,2026-03-12 13:30:00+00:00,2026-06-05 20:00:00+00:00,America/New_York,2026-06-07 10:13:26.787290+00:00
MWC,MWC,918,2026-05-14 13:30:00+00:00,2026-06-05 20:00:00+00:00,America/New_York,2026-06-07 10:15:26.229665+00:00
MWH,MWH,4599,2026-03-12 13:30:00+00:00,2026-06-05 20:00:00+00:00,America/New_York,2026-06-07 10:13:02.465726+00:00
MX,MX,4407,2026-03-12 13:30:00+00:00,2026-06-05 20:00:00+00:00,America/New_York,2026-06-07 10:15:32.387886+00:00
MXL,MXL,4677,2026-03-12 13:30:00+00:00,2026-06-05 20:00:00+00:00,America/New_York,2026-06-07 10:12:58.143002+00:00
MYE,MYE,3909,2026-03-12 13:30:00+00:00,2026-06-05 20:00:00+00:00,America/New_York,2026-06-07 10:14:37.443864+00:00
MYFW,MYFW,1080,2026-03-12 13:30:00+00:00,2026-06-05 20:00:00+00:00,America/New_York,2026-06-07 10:15:28.487923+00:00
MYGN,MYGN,4666,2026-03-12 13:30:00+00:00,2026-06-05 20:00:00+00:00,America/New_York,2026-06-07 10:15:08.490941+00:00
MYRG,MYRG,4149,2026-03-12 13:30:00+00:00,2026-06-05 20:00:00+00:00,America/New_York,2026-06-07 10:13:00.024937+00:00
MZTI,MZTI,4309,2026-03-12 13:30:00+00:00,2026-06-05 20:00:00+00:00,America/New_York,2026-06-07 10:13:42.728865+00:00
NABL,NABL,4667,2026-03-12 13:30:00+00:00,2026-06-05 20:00:00+00:00,America/New_York,2026-06-07 10:14:45.741049+00:00
NAGE,NAGE,4607,2026-03-12 13:30:00+00:00,2026-06-05 20:00:00+00:00,America/New_York,2026-06-07 10:15:29.528895+00:00
NAKA,NAKA,4632,2026-03-12 13:30:00+00:00,2026-06-05 20:00:00+00:00,America/New_York,2026-06-07 10:16:01.750725+00:00
NAMS,NAMS,4614,2026-03-12 13:30:00+00:00,2026-06-05 20:00:00+00:00,America/New_York,2026-06-07 10:13:32.031427+00:00
NAT,NAT,4681,2026-03-12 13:30:00+00:00,2026-06-05 20:00:00+00:00,America/New_York,2026-06-07 10:14:27.197977+00:00
NATH,NATH,927,2026-03-12 13:30:00+00:00,2026-06-05 20:00:00+00:00,America/New_York,2026-06-07 10:15:09.971966+00:00
NATL,NATL,4619,2026-03-12 13:30:00+00:00,2026-06-05 20:00:00+00:00,America/New_York,2026-06-07 10:13:37.478407+00:00
NATR,NATR,3008,2026-03-12 13:30:00+00:00,2026-06-05 20:00:00+00:00,America/New_York,2026-06-07 10:15:18.742504+00:00
NAVI,NAVI,4629,2026-03-12 13:30:00+00:00,2026-06-05 20:00:00+00:00,America/New_York,2026-06-07 10:14:44.437153+00:00
NAVN,NAVN,4680,2026-03-12 13:30:00+00:00,2026-06-05 20:00:00+00:00,America/New_York,2026-06-07 10:13:13.302844+00:00
NB,NB,4681,2026-03-12 13:30:00+00:00,2026-06-05 20:00:00+00:00,America/New_York,2026-06-07 10:14:44.946231+00:00
NBBK,NBBK,3925,2026-03-12 13:30:00+00:00,2026-06-05 20:00:00+00:00,America/New_York,2026-06-07 10:14:39.160939+00:00
NBHC,NBHC,4308,2026-03-12 13:30:00+00:00,2026-06-05 20:00:00+00:00,America/New_York,2026-06-07 10:14:01.847367+00:00
NBIS,NBIS,4681,2026-03-12 13:30:00+00:00,2026-06-05 20:00:00+00:00,America/New_York,2026-06-07 10:12:03.304701+00:00
NBIX,NBIX,4662,2026-03-12 13:30:00+00:00,2026-06-05 20:00:00+00:00,America/New_York,2026-06-07 10:12:29.019087+00:00
NBN,NBN,2346,2026-03-12 13:30:00+00:00,2026-06-05 20:00:00+00:00,America/New_York,2026-06-07 10:14:34.248936+00:00
NBR,NBR,4486,2026-03-12 13:30:00+00:00,2026-06-05 20:00:00+00:00,America/New_York,2026-06-07 10:14:15.943395+00:00
NBTB,NBTB,4074,2026-03-12 13:30:00+00:00,2026-06-05 20:00:00+00:00,America/New_York,2026-06-07 10:13:51.813831+00:00
NBTX,NBTX,1927,2026-03-12 13:30:00+00:00,2026-06-05 20:00:00+00:00,America/New_York,2026-06-07 10:14:05.380204+00:00
NC,NC,696,2026-03-12 13:30:00+00:00,2026-06-05 20:00:00+00:00,America/New_York,2026-06-07 10:15:12.689820+00:00
NCDL,NCDL,4014,2026-03-12 13:30:00+00:00,2026-06-05 20:00:00+00:00,America/New_York,2026-06-07 10:14:51.202713+00:00
NCEW,NCEW,215,2026-03-13 14:35:00+00:00,2026-06-05 20:00:00+00:00,America/New_York,2026-06-07 10:16:02.050707+00:00
NCLH,NCLH,4681,2026-03-12 13:30:00+00:00,2026-06-05 20:00:00+00:00,America/New_York,2026-06-07 10:12:52.313853+00:00
NCMI,NCMI,3771,2026-03-12 13:30:00+00:00,2026-06-05 20:00:00+00:00,America/New_York,2026-06-07 10:15:21.148181+00:00
NCNO,NCNO,4681,2026-03-12 13:30:00+00:00,2026-06-05 20:00:00+00:00,America/New_York,2026-06-07 10:14:09.422784+00:00
NCSM,NCSM,1706,2026-03-12 13:30:00+00:00,2026-06-05 20:00:00+00:00,America/New_York,2026-06-07 10:15:51.101517+00:00
NCTY,NCTY,971,2026-03-12 13:30:00+00:00,2026-06-05 20:00:00+00:00,America/New_York,2026-06-07 10:16:00.806072+00:00
NDAQ,NDAQ,4681,2026-03-12 13:30:00+00:00,2026-06-05 20:00:00+00:00,America/New_York,2026-06-07 10:12:05.425113+00:00
NDLS,NDLS,1893,2026-03-12 13:30:00+00:00,2026-06-05 20:00:00+00:00,America/New_York,2026-06-07 10:16:00.605691+00:00
NDSN,NDSN,4373,2026-03-12 13:30:00+00:00,2026-06-05 20:00:00+00:00,America/New_York,2026-06-07 10:12:30.433094+00:00
NE,NE,4680,2026-03-12 13:30:00+00:00,2026-06-05 20:00:00+00:00,America/New_York,2026-06-07 10:12:58.203929+00:00
NECB,NECB,1477,2026-03-12 13:30:00+00:00,2026-06-05 20:00:00+00:00,America/New_York,2026-06-07 10:15:18.061711+00:00
NEE,NEE,4681,2026-03-12 13:30:00+00:00,2026-06-05 20:00:00+00:00,America/New_York,2026-06-07 10:11:49.725874+00:00
NEGG,NEGG,2798,2026-03-12 13:55:00+00:00,2026-06-05 20:00:00+00:00,America/New_York,2026-06-07 10:15:16.241814+00:00
NEM,NEM,4681,2026-03-12 13:30:00+00:00,2026-06-05 20:00:00+00:00,America/New_York,2026-06-07 10:11:54.246792+00:00
NEO,NEO,4677,2026-03-12 13:30:00+00:00,2026-06-05 20:00:00+00:00,America/New_York,2026-06-07 10:14:16.732301+00:00
NEOG,NEOG,4679,2026-03-12 13:30:00+00:00,2026-06-05 20:00:00+00:00,America/New_York,2026-06-07 10:14:01.149600+00:00
NERV,NERV,3284,2026-03-12 13:30:00+00:00,2026-06-05 20:00:00+00:00,America/New_York,2026-06-07 10:15:35.716079+00:00
NESR,NESR,4681,2026-03-12 13:30:00+00:00,2026-06-05 20:00:00+00:00,America/New_York,2026-06-07 10:13:52.012489+00:00
NET,NET,4681,2026-03-12 13:30:00+00:00,2026-06-05 20:00:00+00:00,America/New_York,2026-06-07 10:11:56.570104+00:00
NEU,NEU,3806,2026-03-12 13:30:00+00:00,2026-06-05 20:00:00+00:00,America/New_York,2026-06-07 10:12:56.936707+00:00
NEWP,NEWP,4668,2026-03-12 13:30:00+00:00,2026-06-05 20:00:00+00:00,America/New_York,2026-06-07 10:14:43.632109+00:00
NEWT,NEWT,3810,2026-03-12 13:30:00+00:00,2026-06-05 20:00:00+00:00,America/New_York,2026-06-07 10:15:14.212547+00:00
NEXA,NEXA,4638,2026-03-12 13:30:00+00:00,2026-06-05 20:00:00+00:00,America/New_York,2026-06-07 10:14:06.610521+00:00
NEXN,NEXN,3975,2026-03-12 13:30:00+00:00,2026-06-05 20:00:00+00:00,America/New_York,2026-06-07 10:15:03.535918+00:00
NEXT,NEXT,4681,2026-03-12 13:30:00+00:00,2026-06-05 20:00:00+00:00,America/New_York,2026-06-07 10:13:54.889684+00:00
NFBK,NFBK,3860,2026-03-12 13:30:00+00:00,2026-06-05 20:00:00+00:00,America/New_York,2026-06-07 10:14:52.960631+00:00
NFG,NFG,4645,2026-03-12 13:30:00+00:00,2026-06-05 20:00:00+00:00,America/New_York,2026-06-07 10:12:57.284750+00:00
NFLX,NFLX,4681,2026-03-12 13:30:00+00:00,2026-06-05 20:00:00+00:00,America/New_York,2026-06-07 10:11:46.491921+00:00
NG,NG,4681,2026-03-12 13:30:00+00:00,2026-06-05 20:00:00+00:00,America/New_York,2026-06-07 10:13:38.046951+00:00
NGG,NGG,4680,2026-03-12 13:30:00+00:00,2026-06-05 20:00:00+00:00,America/New_York,2026-06-07 10:11:57.642432+00:00
NGNE,NGNE,3339,2026-03-12 13:40:00+00:00,2026-06-05 20:00:00+00:00,America/New_York,2026-06-07 10:15:10.588311+00:00
NGS,NGS,3226,2026-03-12 13:30:00+00:00,2026-06-05 20:00:00+00:00,America/New_York,2026-06-07 10:15:01.731671+00:00
NGVC,NGVC,3380,2026-03-12 13:30:00+00:00,2026-06-05 20:00:00+00:00,America/New_York,2026-06-07 10:14:46.899525+00:00
NGVT,NGVT,4085,2026-03-12 13:30:00+00:00,2026-06-05 20:00:00+00:00,America/New_York,2026-06-07 10:13:52.371573+00:00
NHC,NHC,2873,2026-03-12 13:30:00+00:00,2026-06-05 20:00:00+00:00,America/New_York,2026-06-07 10:13:42.074457+00:00
NHI,NHI,4186,2026-03-12 13:30:00+00:00,2026-06-05 20:00:00+00:00,America/New_York,2026-06-07 10:13:35.807339+00:00
NHP,NHP,2252,2026-04-22 16:30:00+00:00,2026-06-05 20:00:00+00:00,America/New_York,2026-06-07 10:15:31.871424+00:00
NI,NI,4681,2026-03-12 13:30:00+00:00,2026-06-05 20:00:00+00:00,America/New_York,2026-06-07 10:12:21.527236+00:00
NIC,NIC,3272,2026-03-12 13:30:00+00:00,2026-06-05 20:00:00+00:00,America/New_York,2026-06-07 10:13:42.502343+00:00
NICE,NICE,4594,2026-03-12 13:30:00+00:00,2026-06-05 20:00:00+00:00,America/New_York,2026-06-07 10:13:10.213971+00:00
NIO,NIO,4681,2026-03-12 13:30:00+00:00,2026-06-05 20:00:00+00:00,America/New_York,2026-06-07 10:12:34.660565+00:00
NIQ,NIQ,4658,2026-03-12 13:30:00+00:00,2026-06-05 20:00:00+00:00,America/New_York,2026-06-07 10:13:50.667975+00:00
NJR,NJR,4584,2026-03-12 13:30:00+00:00,2026-06-05 20:00:00+00:00,America/New_York,2026-06-07 10:13:10.487123+00:00
NKE,NKE,4681,2026-03-12 13:30:00+00:00,2026-06-05 20:00:00+00:00,America/New_York,2026-06-07 10:12:01.978368+00:00
NKLR,NKLR,4317,2026-03-12 13:30:00+00:00,2026-06-05 20:00:00+00:00,America/New_York,2026-06-07 10:14:52.202360+00:00
NKSH,NKSH,2150,2026-03-12 13:30:00+00:00,2026-06-05 20:00:00+00:00,America/New_York,2026-06-07 10:15:37.134618+00:00
NKTR,NKTR,4643,2026-03-12 13:30:00+00:00,2026-06-05 20:00:00+00:00,America/New_York,2026-06-07 10:14:01.952729+00:00
NL,NL,1929,2026-03-12 13:30:00+00:00,2026-06-05 20:00:00+00:00,America/New_York,2026-06-07 10:15:27.253720+00:00
NLOP,NLOP,3765,2026-03-12 13:30:00+00:00,2026-06-05 20:00:00+00:00,America/New_York,2026-06-07 10:15:43.874719+00:00
NLY,NLY,4681,2026-03-12 13:30:00+00:00,2026-06-05 20:00:00+00:00,America/New_York,2026-06-07 10:12:31.237152+00:00
NMAX,NMAX,4672,2026-03-12 13:30:00+00:00,2026-06-05 20:00:00+00:00,America/New_York,2026-06-07 10:14:25.528445+00:00
NMFC,NMFC,4520,2026-03-12 13:30:00+00:00,2026-06-05 20:00:00+00:00,America/New_York,2026-06-07 10:14:44.648249+00:00
NMIH,NMIH,4520,2026-03-12 13:30:00+00:00,2026-06-05 20:00:00+00:00,America/New_York,2026-06-07 10:13:45.138371+00:00
NMR,NMR,4677,2026-03-12 13:30:00+00:00,2026-06-05 20:00:00+00:00,America/New_York,2026-06-07 10:12:19.416816+00:00
NMRK,NMRK,4675,2026-03-12 13:30:00+00:00,2026-06-05 20:00:00+00:00,America/New_York,2026-06-07 10:13:46.740582+00:00
NN,NN,4676,2026-03-12 13:30:00+00:00,2026-06-05 20:00:00+00:00,America/New_York,2026-06-07 10:13:43.192571+00:00
NNE,NNE,4681,2026-03-12 13:30:00+00:00,2026-06-05 20:00:00+00:00,America/New_York,2026-06-07 10:14:25.020590+00:00
NNI,NNI,2884,2026-03-12 13:30:00+00:00,2026-06-05 20:00:00+00:00,America/New_York,2026-06-07 10:13:19.319326+00:00
NNN,NNN,4680,2026-03-12 13:30:00+00:00,2026-06-05 20:00:00+00:00,America/New_York,2026-06-07 10:12:52.722429+00:00
NNNN,NNNN,891,2026-03-12 13:30:00+00:00,2026-06-05 20:00:00+00:00,America/New_York,2026-06-07 10:13:36.233620+00:00
NOA,NOA,3456,2026-03-12 13:30:00+00:00,2026-06-05 20:00:00+00:00,America/New_York,2026-06-07 10:15:13.294312+00:00
NOAH,NOAH,3236,2026-03-12 13:30:00+00:00,2026-06-05 20:00:00+00:00,America/New_York,2026-06-07 10:14:47.783605+00:00
NOC,NOC,4681,2026-03-12 13:30:00+00:00,2026-06-05 20:00:00+00:00,America/New_York,2026-06-07 10:11:58.647779+00:00
NODK,NODK,765,2026-03-12 13:30:00+00:00,2026-06-05 20:00:00+00:00,America/New_York,2026-06-07 10:15:25.316882+00:00
NOG,NOG,4681,2026-03-12 13:30:00+00:00,2026-06-05 20:00:00+00:00,America/New_York,2026-06-07 10:13:56.320759+00:00
NOK,NOK,4681,2026-03-12 13:30:00+00:00,2026-06-05 20:00:00+00:00,America/New_York,2026-06-07 10:11:57.074800+00:00
NOMA,NOMA,671,2026-03-12 13:30:00+00:00,2026-06-05 20:00:00+00:00,America/New_York,2026-06-07 10:16:02.825187+00:00
NOMD,NOMD,4673,2026-03-12 13:30:00+00:00,2026-06-05 20:00:00+00:00,America/New_York,2026-06-07 10:14:14.489841+00:00
NOV,NOV,4681,2026-03-12 13:30:00+00:00,2026-06-05 20:00:00+00:00,America/New_York,2026-06-07 10:12:57.404882+00:00
NOVT,NOVT,4358,2026-03-12 13:30:00+00:00,2026-06-05 20:00:00+00:00,America/New_York,2026-06-07 10:13:10.243446+00:00
NOW,NOW,4681,2026-03-12 13:30:00+00:00,2026-06-05 20:00:00+00:00,America/New_York,2026-06-07 10:11:53.374306+00:00
NP,NP,4298,2026-03-12 13:30:00+00:00,2026-06-05 20:00:00+00:00,America/New_York,2026-06-07 10:13:33.586416+00:00
NPAC,NPAC,235,2026-03-12 13:30:00+00:00,2026-06-05 20:00:00+00:00,America/New_York,2026-06-07 10:15:12.439209+00:00
NPB,NPB,3299,2026-03-12 13:30:00+00:00,2026-06-05 20:00:00+00:00,America/New_York,2026-06-07 10:14:53.637261+00:00
NPCE,NPCE,3691,2026-03-12 13:30:00+00:00,2026-06-05 20:00:00+00:00,America/New_York,2026-06-07 10:14:59.398377+00:00
NPK,NPK,2323,2026-03-12 13:30:00+00:00,2026-06-05 20:00:00+00:00,America/New_York,2026-06-07 10:14:34.457082+00:00
NPKI,NPKI,4654,2026-03-12 13:30:00+00:00,2026-06-05 20:00:00+00:00,America/New_York,2026-06-07 10:14:24.249259+00:00
NPO,NPO,3874,2026-03-12 13:30:00+00:00,2026-06-05 20:00:00+00:00,America/New_York,2026-06-07 10:13:02.847207+00:00
NRC,NRC,2709,2026-03-12 13:30:00+00:00,2026-06-05 20:00:00+00:00,America/New_York,2026-06-07 10:15:08.106618+00:00
NRDS,NRDS,4577,2026-03-12 13:30:00+00:00,2026-06-05 20:00:00+00:00,America/New_York,2026-06-07 10:14:58.903928+00:00
NREF,NREF,2255,2026-03-12 13:30:00+00:00,2026-06-05 20:00:00+00:00,America/New_York,2026-06-07 10:15:26.741786+00:00
NRG,NRG,4681,2026-03-12 13:30:00+00:00,2026-06-05 20:00:00+00:00,America/New_York,2026-06-07 10:12:16.521015+00:00
NRGV,NRGV,4681,2026-03-12 13:30:00+00:00,2026-06-05 20:00:00+00:00,America/New_York,2026-06-07 10:14:34.732673+00:00
NRIM,NRIM,3179,2026-03-12 13:30:00+00:00,2026-06-05 20:00:00+00:00,America/New_York,2026-06-07 10:14:57.384230+00:00
NRIX,NRIX,4665,2026-03-12 13:30:00+00:00,2026-06-05 20:00:00+00:00,America/New_York,2026-06-07 10:14:13.683541+00:00
NRT,NRT,2370,2026-03-12 13:30:00+00:00,2026-06-05 20:00:00+00:00,America/New_York,2026-06-07 10:16:00.320323+00:00
NRXP,NRXP,4504,2026-03-12 13:30:00+00:00,2026-06-05 20:00:00+00:00,America/New_York,2026-06-07 10:15:48.091657+00:00
NRXS,NRXS,3716,2026-03-12 13:30:00+00:00,2026-06-05 20:00:00+00:00,America/New_York,2026-06-07 10:15:57.898310+00:00
NSA,NSA,4672,2026-03-12 13:30:00+00:00,2026-06-05 20:00:00+00:00,America/New_York,2026-06-07 10:13:08.249305+00:00
NSC,NSC,4681,2026-03-12 13:30:00+00:00,2026-06-05 20:00:00+00:00,America/New_York,2026-06-07 10:12:00.628209+00:00
NSIT,NSIT,4416,2026-03-12 13:30:00+00:00,2026-06-05 20:00:00+00:00,America/New_York,2026-06-07 10:13:34.386172+00:00
NSP,NSP,4649,2026-03-12 13:30:00+00:00,2026-06-05 20:00:00+00:00,America/New_York,2026-06-07 10:14:19.042199+00:00
NSSC,NSSC,4368,2026-03-12 13:30:00+00:00,2026-06-05 20:00:00+00:00,America/New_York,2026-06-07 10:14:22.681744+00:00
NTAP,NTAP,4681,2026-03-12 13:30:00+00:00,2026-06-05 20:00:00+00:00,America/New_York,2026-06-07 10:12:12.491530+00:00
NTB,NTB,3865,2026-03-12 13:30:00+00:00,2026-06-05 20:00:00+00:00,America/New_York,2026-06-07 10:13:53.607485+00:00
NTCT,NTCT,4511,2026-03-12 13:30:00+00:00,2026-06-05 20:00:00+00:00,America/New_York,2026-06-07 10:13:43.288312+00:00
NTES,NTES,4658,2026-03-12 13:30:00+00:00,2026-06-05 20:00:00+00:00,America/New_York,2026-06-07 10:11:59.759841+00:00
NTGR,NTGR,4418,2026-03-12 13:30:00+00:00,2026-06-05 20:00:00+00:00,America/New_York,2026-06-07 10:14:50.008864+00:00
NTHI,NTHI,1950,2026-03-12 13:30:00+00:00,2026-06-05 20:00:00+00:00,America/New_York,2026-06-07 10:15:53.926760+00:00
NTIC,NTIC,631,2026-03-12 14:55:00+00:00,2026-06-05 20:00:00+00:00,America/New_York,2026-06-07 10:15:59.858368+00:00
NTLA,NTLA,4681,2026-03-12 13:30:00+00:00,2026-06-05 20:00:00+00:00,America/New_York,2026-06-07 10:14:02.321282+00:00
NTNX,NTNX,4681,2026-03-12 13:30:00+00:00,2026-06-05 20:00:00+00:00,America/New_York,2026-06-07 10:12:32.780782+00:00
NTR,NTR,4681,2026-03-12 13:30:00+00:00,2026-06-05 20:00:00+00:00,America/New_York,2026-06-07 10:12:13.196287+00:00
NTRA,NTRA,4669,2026-03-12 13:30:00+00:00,2026-06-05 20:00:00+00:00,America/New_York,2026-06-07 10:12:14.568283+00:00
NTRS,NTRS,4658,2026-03-12 13:30:00+00:00,2026-06-05 20:00:00+00:00,America/New_York,2026-06-07 10:12:13.218330+00:00
NTSK,NTSK,4681,2026-03-12 13:30:00+00:00,2026-06-05 20:00:00+00:00,America/New_York,2026-06-07 10:13:29.103151+00:00
NTST,NTST,4675,2026-03-12 13:30:00+00:00,2026-06-05 20:00:00+00:00,America/New_York,2026-06-07 10:14:00.788984+00:00
NTWK,NTWK,1071,2026-03-12 15:05:00+00:00,2026-06-05 20:00:00+00:00,America/New_York,2026-06-07 10:16:04.779273+00:00
NU,NU,4681,2026-03-12 13:30:00+00:00,2026-06-05 20:00:00+00:00,America/New_York,2026-06-07 10:12:03.147963+00:00
NUAI,NUAI,4681,2026-03-12 13:30:00+00:00,2026-06-05 20:00:00+00:00,America/New_York,2026-06-07 10:15:03.224669+00:00
NUCL,NUCL,4306,2026-03-12 13:30:00+00:00,2026-06-05 20:00:00+00:00,America/New_York,2026-06-07 10:15:28.836072+00:00
NUE,NUE,4681,2026-03-12 13:30:00+00:00,2026-06-05 20:00:00+00:00,America/New_York,2026-06-07 10:12:02.970654+00:00
NUS,NUS,4574,2026-03-12 13:30:00+00:00,2026-06-05 20:00:00+00:00,America/New_York,2026-06-07 10:15:30.577030+00:00
NUTX,NUTX,3078,2026-03-12 13:30:00+00:00,2026-06-05 20:00:00+00:00,America/New_York,2026-06-07 10:14:35.236355+00:00
NUVB,NUVB,4681,2026-03-12 13:30:00+00:00,2026-06-05 20:00:00+00:00,America/New_York,2026-06-07 10:14:08.443630+00:00
NUVL,NUVL,4497,2026-03-12 13:30:00+00:00,2026-06-05 20:00:00+00:00,America/New_York,2026-06-07 10:12:59.024166+00:00
NVAX,NVAX,4681,2026-03-12 13:30:00+00:00,2026-06-05 20:00:00+00:00,America/New_York,2026-06-07 10:14:11.848806+00:00
NVCR,NVCR,4677,2026-03-12 13:30:00+00:00,2026-06-05 20:00:00+00:00,America/New_York,2026-06-07 10:14:01.470912+00:00
NVCT,NVCT,2489,2026-03-12 13:30:00+00:00,2026-06-05 20:00:00+00:00,America/New_York,2026-06-07 10:15:33.597914+00:00
NVDA,NVDA,4681,2026-03-12 13:30:00+00:00,2026-06-05 20:00:00+00:00,America/New_York,2026-06-07 10:11:44.580625+00:00
NVEC,NVEC,2496,2026-03-12 13:30:00+00:00,2026-06-05 20:00:00+00:00,America/New_York,2026-06-07 10:15:01.876005+00:00
NVGS,NVGS,4525,2026-03-12 13:30:00+00:00,2026-06-05 20:00:00+00:00,America/New_York,2026-06-07 10:14:18.684407+00:00
NVMI,NVMI,4535,2026-03-12 13:30:00+00:00,2026-06-05 20:00:00+00:00,America/New_York,2026-06-07 10:12:32.735743+00:00
NVO,NVO,4681,2026-03-12 13:30:00+00:00,2026-06-05 20:00:00+00:00,America/New_York,2026-06-07 10:11:49.157944+00:00
NVR,NVR,4105,2026-03-12 13:30:00+00:00,2026-06-05 20:00:00+00:00,America/New_York,2026-06-07 10:12:28.403330+00:00
NVRI,NVRI,4581,2026-03-12 13:30:00+00:00,2026-06-05 20:00:00+00:00,America/New_York,2026-06-07 10:14:09.995835+00:00
NVS,NVS,4681,2026-03-12 13:30:00+00:00,2026-06-05 20:00:00+00:00,America/New_York,2026-06-07 10:11:47.602582+00:00
NVST,NVST,4681,2026-03-12 13:30:00+00:00,2026-06-05 20:00:00+00:00,America/New_York,2026-06-07 10:13:29.001922+00:00
NVT,NVT,4681,2026-03-12 13:30:00+00:00,2026-06-05 20:00:00+00:00,America/New_York,2026-06-07 10:12:17.677295+00:00
NVTS,NVTS,4681,2026-03-12 13:30:00+00:00,2026-06-05 20:00:00+00:00,America/New_York,2026-06-07 10:13:08.966710+00:00
NWAX,NWAX,968,2026-03-12 13:30:00+00:00,2026-06-05 20:00:00+00:00,America/New_York,2026-06-07 10:15:01.120423+00:00
NWBI,NWBI,4643,2026-03-12 13:30:00+00:00,2026-06-05 20:00:00+00:00,America/New_York,2026-06-07 10:13:58.439090+00:00
NWE,NWE,4460,2026-03-12 13:30:00+00:00,2026-06-05 20:00:00+00:00,America/New_York,2026-06-07 10:13:23.056569+00:00
NWFL,NWFL,1018,2026-03-12 13:30:00+00:00,2026-06-05 20:00:00+00:00,America/New_York,2026-06-07 10:15:20.206159+00:00
NWG,NWG,4681,2026-03-12 13:30:00+00:00,2026-06-05 20:00:00+00:00,America/New_York,2026-06-07 10:12:02.326120+00:00
NWL,NWL,4681,2026-03-12 13:30:00+00:00,2026-06-05 20:00:00+00:00,America/New_York,2026-06-07 10:14:11.439098+00:00
NWN,NWN,4155,2026-03-12 13:30:00+00:00,2026-06-05 20:00:00+00:00,America/New_York,2026-06-07 10:13:58.621115+00:00
NWPX,NWPX,3198,2026-03-12 13:30:00+00:00,2026-06-05 20:00:00+00:00,America/New_York,2026-06-07 10:14:27.531031+00:00
NWSA,NWSA,4681,2026-03-12 13:30:00+00:00,2026-06-05 20:00:00+00:00,America/New_York,2026-06-07 10:12:29.748014+00:00
NX,NX,4395,2026-03-12 13:30:00+00:00,2026-06-05 20:00:00+00:00,America/New_York,2026-06-07 10:14:46.362742+00:00
NXDT,NXDT,3122,2026-03-12 13:30:00+00:00,2026-06-05 20:00:00+00:00,America/New_York,2026-06-07 10:15:31.405405+00:00
NXE,NXE,4681,2026-03-12 13:30:00+00:00,2026-06-05 20:00:00+00:00,America/New_York,2026-06-07 10:13:01.351880+00:00
NXPI,NXPI,4681,2026-03-12 13:30:00+00:00,2026-06-05 20:00:00+00:00,America/New_York,2026-06-07 10:11:59.411758+00:00
NXRT,NXRT,3886,2026-03-12 13:30:00+00:00,2026-06-05 20:00:00+00:00,America/New_York,2026-06-07 10:14:44.756818+00:00
NXST,NXST,4159,2026-03-12 13:30:00+00:00,2026-06-05 20:00:00+00:00,America/New_York,2026-06-07 10:13:10.779270+00:00
NXT,NXT,4681,2026-03-12 13:30:00+00:00,2026-06-05 20:00:00+00:00,America/New_York,2026-06-07 10:12:24.982543+00:00
NYAX,NYAX,740,2026-03-12 13:30:00+00:00,2026-06-05 20:00:00+00:00,America/New_York,2026-06-07 10:13:51.206441+00:00
NYT,NYT,4680,2026-03-12 13:30:00+00:00,2026-06-05 20:00:00+00:00,America/New_York,2026-06-07 10:12:37.929633+00:00
O,O,4681,2026-03-12 13:30:00+00:00,2026-06-05 20:00:00+00:00,America/New_York,2026-06-07 10:12:03.736036+00:00
OBDC,OBDC,4681,2026-03-12 13:30:00+00:00,2026-06-05 20:00:00+00:00,America/New_York,2026-06-07 10:13:11.011910+00:00
OBE,OBE,4671,2026-03-12 13:30:00+00:00,2026-06-05 20:00:00+00:00,America/New_York,2026-06-07 10:14:44.386354+00:00
OBIO,OBIO,3363,2026-03-12 13:30:00+00:00,2026-06-05 20:00:00+00:00,America/New_York,2026-06-07 10:15:36.307370+00:00
OBK,OBK,3704,2026-03-12 13:30:00+00:00,2026-06-05 20:00:00+00:00,America/New_York,2026-06-07 10:14:12.627146+00:00
OBT,OBT,1616,2026-03-12 13:30:00+00:00,2026-06-05 20:00:00+00:00,America/New_York,2026-06-07 10:15:04.386746+00:00
OC,OC,4678,2026-03-12 13:30:00+00:00,2026-06-05 20:00:00+00:00,America/New_York,2026-06-07 10:12:46.922238+00:00
OCC,OCC,4003,2026-03-12 13:30:00+00:00,2026-06-05 20:00:00+00:00,America/New_York,2026-06-07 10:15:54.241350+00:00
OCCI,OCCI,3504,2026-03-12 13:30:00+00:00,2026-06-05 20:00:00+00:00,America/New_York,2026-06-07 10:15:55.796475+00:00
OCFC,OCFC,4621,2026-03-12 13:30:00+00:00,2026-06-05 20:00:00+00:00,America/New_York,2026-06-07 10:14:05.803474+00:00
OCS,OCS,3878,2026-03-12 13:30:00+00:00,2026-06-05 20:00:00+00:00,America/New_York,2026-06-07 10:14:50.395592+00:00
OCSL,OCSL,4603,2026-03-12 13:30:00+00:00,2026-06-05 20:00:00+00:00,America/New_York,2026-06-07 10:14:30.084409+00:00
OCUL,OCUL,4681,2026-03-12 13:30:00+00:00,2026-06-05 20:00:00+00:00,America/New_York,2026-06-07 10:14:05.942096+00:00
ODC,ODC,2262,2026-03-12 13:30:00+00:00,2026-06-05 20:00:00+00:00,America/New_York,2026-06-07 10:14:27.172437+00:00
ODD,ODD,4679,2026-03-12 13:30:00+00:00,2026-06-05 20:00:00+00:00,America/New_York,2026-06-07 10:14:57.427319+00:00
ODFL,ODFL,4679,2026-03-12 13:30:00+00:00,2026-06-05 20:00:00+00:00,America/New_York,2026-06-07 10:12:05.263825+00:00
ODTX,ODTX,1230,2026-05-08 13:40:00+00:00,2026-06-05 20:00:00+00:00,America/New_York,2026-06-07 10:14:43.246060+00:00
ODYS,ODYS,1207,2026-03-12 13:30:00+00:00,2026-06-05 20:00:00+00:00,America/New_York,2026-06-07 10:16:02.185767+00:00
OEC,OEC,4563,2026-03-12 13:30:00+00:00,2026-06-05 20:00:00+00:00,America/New_York,2026-06-07 10:15:15.033725+00:00
OFG,OFG,4021,2026-03-12 13:30:00+00:00,2026-06-05 20:00:00+00:00,America/New_York,2026-06-07 10:13:59.426936+00:00
OFIX,OFIX,4095,2026-03-12 13:30:00+00:00,2026-06-05 20:00:00+00:00,America/New_York,2026-06-07 10:15:11.097326+00:00
OFLX,OFLX,1653,2026-03-12 13:45:00+00:00,2026-06-05 20:00:00+00:00,America/New_York,2026-06-07 10:15:25.601583+00:00
OFRM,OFRM,4498,2026-03-12 13:30:00+00:00,2026-06-05 20:00:00+00:00,America/New_York,2026-06-07 10:14:51.576731+00:00
OGC,OGC,2519,2026-04-07 13:30:00+00:00,2026-06-05 20:00:00+00:00,America/New_York,2026-06-07 10:13:07.224190+00:00
OGE,OGE,4680,2026-03-12 13:30:00+00:00,2026-06-05 20:00:00+00:00,America/New_York,2026-06-07 10:12:46.532860+00:00
OGN,OGN,4681,2026-03-12 13:30:00+00:00,2026-06-05 20:00:00+00:00,America/New_York,2026-06-07 10:13:33.748221+00:00
OGS,OGS,4581,2026-03-12 13:30:00+00:00,2026-06-05 20:00:00+00:00,America/New_York,2026-06-07 10:13:16.401739+00:00
OHI,OHI,4681,2026-03-12 13:30:00+00:00,2026-06-05 20:00:00+00:00,America/New_York,2026-06-07 10:12:36.061599+00:00
OI,OI,4681,2026-03-12 13:30:00+00:00,2026-06-05 20:00:00+00:00,America/New_York,2026-06-07 10:14:23.938104+00:00
OII,OII,4678,2026-03-12 13:30:00+00:00,2026-06-05 20:00:00+00:00,America/New_York,2026-06-07 10:13:30.861734+00:00
OIS,OIS,4664,2026-03-12 13:30:00+00:00,2026-06-05 20:00:00+00:00,America/New_York,2026-06-07 10:15:02.327033+00:00
OKE,OKE,4681,2026-03-12 13:30:00+00:00,2026-06-05 20:00:00+00:00,America/New_York,2026-06-07 10:12:03.996536+00:00
OKLO,OKLO,4681,2026-03-12 13:30:00+00:00,2026-06-05 20:00:00+00:00,America/New_York,2026-06-07 10:12:45.422020+00:00
OKTA,OKTA,4681,2026-03-12 13:30:00+00:00,2026-06-05 20:00:00+00:00,America/New_York,2026-06-07 10:12:23.239740+00:00
OKUR,OKUR,3541,2026-03-12 13:30:00+00:00,2026-06-05 20:00:00+00:00,America/New_York,2026-06-07 10:15:45.375152+00:00
OLED,OLED,4627,2026-03-12 13:30:00+00:00,2026-06-05 20:00:00+00:00,America/New_York,2026-06-07 10:13:25.292156+00:00
OLLI,OLLI,4679,2026-03-12 13:30:00+00:00,2026-06-05 20:00:00+00:00,America/New_York,2026-06-07 10:13:18.160638+00:00
OLMA,OLMA,4659,2026-03-12 13:30:00+00:00,2026-06-05 20:00:00+00:00,America/New_York,2026-06-07 10:14:36.882167+00:00
OLN,OLN,4681,2026-03-12 13:30:00+00:00,2026-06-05 20:00:00+00:00,America/New_York,2026-06-07 10:13:44.872139+00:00
OLP,OLP,2704,2026-03-12 13:30:00+00:00,2026-06-05 20:00:00+00:00,America/New_York,2026-06-07 10:15:00.078869+00:00
OM,OM,3520,2026-03-12 13:30:00+00:00,2026-06-05 20:00:00+00:00,America/New_York,2026-06-07 10:15:58.235442+00:00
OMAB,OMAB,2628,2026-03-12 13:30:00+00:00,2026-06-05 20:00:00+00:00,America/New_York,2026-06-07 10:13:18.680997+00:00
OMC,OMC,4681,2026-03-12 13:30:00+00:00,2026-06-05 20:00:00+00:00,America/New_York,2026-06-07 10:12:22.518082+00:00
OMCL,OMCL,4460,2026-03-12 13:30:00+00:00,2026-06-05 20:00:00+00:00,America/New_York,2026-06-07 10:13:59.887388+00:00
OMDA,OMDA,4640,2026-03-12 13:30:00+00:00,2026-06-05 20:00:00+00:00,America/New_York,2026-06-07 10:14:29.835713+00:00
OMER,OMER,4660,2026-03-12 13:30:00+00:00,2026-06-05 20:00:00+00:00,America/New_York,2026-06-07 10:14:46.983123+00:00
OMF,OMF,4679,2026-03-12 13:30:00+00:00,2026-06-05 20:00:00+00:00,America/New_York,2026-06-07 10:13:03.569986+00:00
OMSE,OMSE,826,2026-03-12 13:30:00+00:00,2026-06-05 20:00:00+00:00,America/New_York,2026-06-07 10:15:41.431156+00:00
ON,ON,4681,2026-03-12 13:30:00+00:00,2026-06-05 20:00:00+00:00,America/New_York,2026-06-07 10:12:06.308875+00:00
ONB,ONB,4681,2026-03-12 13:30:00+00:00,2026-06-05 20:00:00+00:00,America/New_York,2026-06-07 10:12:48.500697+00:00
ONC,ONC,4511,2026-03-12 13:30:00+00:00,2026-06-05 20:00:00+00:00,America/New_York,2026-06-07 10:12:13.963159+00:00
ONCH,ONCH,126,2026-03-12 14:20:00+00:00,2026-06-03 16:40:00+00:00,America/New_York,2026-06-07 10:15:37.328538+00:00
ONDS,ONDS,4681,2026-03-12 13:30:00+00:00,2026-06-05 20:00:00+00:00,America/New_York,2026-06-07 10:13:12.882503+00:00
ONEW,ONEW,3197,2026-03-12 13:30:00+00:00,2026-06-05 20:00:00+00:00,America/New_York,2026-06-07 10:15:45.358625+00:00
ONIT,ONIT,2347,2026-03-12 13:30:00+00:00,2026-06-05 20:00:00+00:00,America/New_York,2026-06-07 10:15:24.248404+00:00
ONON,ONON,4681,2026-03-12 13:30:00+00:00,2026-06-05 20:00:00+00:00,America/New_York,2026-06-07 10:12:39.053194+00:00
ONT,ONT,1835,2026-05-04 13:30:00+00:00,2026-06-05 20:00:00+00:00,America/New_York,2026-06-07 10:14:51.935078+00:00
ONTO,ONTO,4656,2026-03-12 13:30:00+00:00,2026-06-05 20:00:00+00:00,America/New_York,2026-06-07 10:12:38.254855+00:00
OOMA,OOMA,4314,2026-03-12 13:30:00+00:00,2026-06-05 20:00:00+00:00,America/New_York,2026-06-07 10:15:03.777529+00:00
OPBK,OPBK,1530,2026-03-12 13:30:00+00:00,2026-06-05 20:00:00+00:00,America/New_York,2026-06-07 10:15:38.720940+00:00
OPCH,OPCH,4681,2026-03-12 13:30:00+00:00,2026-06-05 20:00:00+00:00,America/New_York,2026-06-07 10:13:38.069483+00:00
OPEN,OPEN,4681,2026-03-12 13:30:00+00:00,2026-06-05 20:00:00+00:00,America/New_York,2026-06-07 10:13:24.281120+00:00
OPFI,OPFI,4574,2026-03-12 13:30:00+00:00,2026-06-05 20:00:00+00:00,America/New_York,2026-06-07 10:14:24.839438+00:00
OPHC,OPHC,829,2026-03-12 13:30:00+00:00,2026-06-05 19:55:00+00:00,America/New_York,2026-06-07 10:16:01.772063+00:00
OPLN,OPLN,4615,2026-03-12 13:30:00+00:00,2026-06-05 20:00:00+00:00,America/New_York,2026-06-07 10:13:27.771559+00:00
OPRA,OPRA,4529,2026-03-12 13:30:00+00:00,2026-06-05 20:00:00+00:00,America/New_York,2026-06-07 10:14:09.391247+00:00
OPRT,OPRT,4360,2026-03-12 13:30:00+00:00,2026-06-05 20:00:00+00:00,America/New_York,2026-06-07 10:15:37.636824+00:00
OPRX,OPRX,4459,2026-03-12 13:30:00+00:00,2026-06-05 20:00:00+00:00,America/New_York,2026-06-07 10:15:55.736752+00:00
OPTX,OPTX,4579,2026-03-12 13:30:00+00:00,2026-06-05 20:00:00+00:00,America/New_York,2026-06-07 10:15:05.616460+00:00
OPXS,OPXS,1455,2026-03-12 13:30:00+00:00,2026-06-05 20:00:00+00:00,America/New_York,2026-06-07 10:15:57.917915+00:00
OPY,OPY,2126,2026-03-12 13:30:00+00:00,2026-06-05 20:00:00+00:00,America/New_York,2026-06-07 10:14:31.832356+00:00
OR,OR,4675,2026-03-12 13:30:00+00:00,2026-06-05 20:00:00+00:00,America/New_York,2026-06-07 10:13:02.393086+00:00
ORA,ORA,4635,2026-03-12 13:30:00+00:00,2026-06-05 20:00:00+00:00,America/New_York,2026-06-07 10:12:52.518450+00:00
ORC,ORC,4681,2026-03-12 13:30:00+00:00,2026-06-05 20:00:00+00:00,America/New_York,2026-06-07 10:14:18.961509+00:00
ORCL,ORCL,4681,2026-03-12 13:30:00+00:00,2026-06-05 20:00:00+00:00,America/New_York,2026-06-07 10:11:45.604367+00:00
ORI,ORI,4680,2026-03-12 13:30:00+00:00,2026-06-05 20:00:00+00:00,America/New_York,2026-06-07 10:12:47.996294+00:00
ORIC,ORIC,4675,2026-03-12 13:30:00+00:00,2026-06-05 20:00:00+00:00,America/New_York,2026-06-07 10:14:43.128182+00:00
ORKA,ORKA,4647,2026-03-12 13:30:00+00:00,2026-06-05 20:00:00+00:00,America/New_York,2026-06-07 10:13:32.321239+00:00
ORLA,ORLA,4673,2026-03-12 13:30:00+00:00,2026-06-05 20:00:00+00:00,America/New_York,2026-06-07 10:13:28.493200+00:00
ORLY,ORLY,4681,2026-03-12 13:30:00+00:00,2026-06-05 20:00:00+00:00,America/New_York,2026-06-07 10:11:58.937060+00:00
ORMP,ORMP,3144,2026-03-12 13:30:00+00:00,2026-06-05 20:00:00+00:00,America/New_York,2026-06-07 10:15:47.767136+00:00
ORN,ORN,4454,2026-03-12 13:30:00+00:00,2026-06-05 20:00:00+00:00,America/New_York,2026-06-07 10:14:58.485728+00:00
ORRF,ORRF,2996,2026-03-12 13:30:00+00:00,2026-06-05 20:00:00+00:00,America/New_York,2026-06-07 10:14:44.831237+00:00
OSBC,OSBC,4382,2026-03-12 13:30:00+00:00,2026-06-05 20:00:00+00:00,America/New_York,2026-06-07 10:14:27.274182+00:00
OSCR,OSCR,4681,2026-03-12 13:30:00+00:00,2026-06-05 20:00:00+00:00,America/New_York,2026-06-07 10:12:57.985674+00:00
OSG,OSG,4487,2026-03-12 13:30:00+00:00,2026-06-05 20:00:00+00:00,America/New_York,2026-06-07 10:15:34.432111+00:00
OSIS,OSIS,3867,2026-03-12 13:30:00+00:00,2026-06-05 20:00:00+00:00,America/New_York,2026-06-07 10:13:37.230629+00:00
OSK,OSK,4655,2026-03-12 13:30:00+00:00,2026-06-05 20:00:00+00:00,America/New_York,2026-06-07 10:12:53.564512+00:00
OSPN,OSPN,4580,2026-03-12 13:30:00+00:00,2026-06-05 20:00:00+00:00,America/New_York,2026-06-07 10:14:59.241655+00:00
OSS,OSS,4680,2026-03-12 13:30:00+00:00,2026-06-05 20:00:00+00:00,America/New_York,2026-06-07 10:15:10.437276+00:00
OSUR,OSUR,4295,2026-03-12 13:30:00+00:00,2026-06-05 20:00:00+00:00,America/New_York,2026-06-07 10:15:28.725836+00:00
OSW,OSW,4540,2026-03-12 13:30:00+00:00,2026-06-05 20:00:00+00:00,America/New_York,2026-06-07 10:13:51.234159+00:00
OTEX,OTEX,4681,2026-03-12 13:30:00+00:00,2026-06-05 20:00:00+00:00,America/New_York,2026-06-07 10:13:09.892180+00:00
OTF,OTF,4681,2026-03-12 13:30:00+00:00,2026-06-05 20:00:00+00:00,America/New_York,2026-06-07 10:13:13.409427+00:00
OTGA,OTGA,90,2026-03-13 15:30:00+00:00,2026-06-04 16:50:00+00:00,America/New_York,2026-06-07 10:15:26.337084+00:00
OTIS,OTIS,4681,2026-03-12 13:30:00+00:00,2026-06-05 20:00:00+00:00,America/New_York,2026-06-07 10:12:16.670784+00:00
OTLY,OTLY,2334,2026-03-12 13:30:00+00:00,2026-06-05 20:00:00+00:00,America/New_York,2026-06-07 10:15:31.908587+00:00
OTTR,OTTR,3836,2026-03-12 13:30:00+00:00,2026-06-05 20:00:00+00:00,America/New_York,2026-06-07 10:13:31.868894+00:00
OUST,OUST,4681,2026-03-12 13:30:00+00:00,2026-06-05 20:00:00+00:00,America/New_York,2026-06-07 10:13:50.039040+00:00
OUT,OUT,4679,2026-03-12 13:30:00+00:00,2026-06-05 20:00:00+00:00,America/New_York,2026-06-07 10:13:11.093226+00:00
OVBC,OVBC,1188,2026-03-12 14:00:00+00:00,2026-06-05 20:00:00+00:00,America/New_York,2026-06-07 10:15:36.343914+00:00
OVLY,OVLY,1913,2026-03-12 13:40:00+00:00,2026-06-05 20:00:00+00:00,America/New_York,2026-06-07 10:15:28.003821+00:00
OVV,OVV,4681,2026-03-12 13:30:00+00:00,2026-06-05 20:00:00+00:00,America/New_York,2026-06-07 10:12:29.808702+00:00
OWL,OWL,4681,2026-03-12 13:30:00+00:00,2026-06-05 20:00:00+00:00,America/New_York,2026-06-07 10:12:31.182029+00:00
OWLS,OWLS,1420,2026-03-12 14:00:00+00:00,2026-06-05 20:00:00+00:00,America/New_York,2026-06-07 10:15:01.264261+00:00
OWLT,OWLT,4245,2026-03-12 13:30:00+00:00,2026-06-05 20:00:00+00:00,America/New_York,2026-06-07 10:15:50.378796+00:00
OXM,OXM,4197,2026-03-12 13:30:00+00:00,2026-06-05 20:00:00+00:00,America/New_York,2026-06-07 10:14:49.423188+00:00
OXY,OXY,4681,2026-03-12 13:30:00+00:00,2026-06-05 20:00:00+00:00,America/New_York,2026-06-07 10:12:03.658332+00:00
OZ,OZ,792,2026-03-12 14:15:00+00:00,2026-06-05 19:55:00+00:00,America/New_York,2026-06-07 10:15:43.075242+00:00
OZK,OZK,4675,2026-03-12 13:30:00+00:00,2026-06-05 20:00:00+00:00,America/New_York,2026-06-07 10:13:09.513948+00:00
P,P,2731,2026-04-17 13:30:00+00:00,2026-06-05 20:00:00+00:00,America/New_York,2026-06-07 10:12:19.874493+00:00
PAAS,PAAS,4681,2026-03-12 13:30:00+00:00,2026-06-05 20:00:00+00:00,America/New_York,2026-06-07 10:12:24.035358+00:00
PAC,PAC,3169,2026-03-12 13:30:00+00:00,2026-06-05 20:00:00+00:00,America/New_York,2026-06-07 10:12:41.341313+00:00
PACK,PACK,4525,2026-03-12 13:30:00+00:00,2026-06-05 20:00:00+00:00,America/New_York,2026-06-07 10:14:54.646605+00:00
PACS,PACS,4614,2026-03-12 13:30:00+00:00,2026-06-05 20:00:00+00:00,America/New_York,2026-06-07 10:13:09.132327+00:00
PAG,PAG,4121,2026-03-12 13:30:00+00:00,2026-06-05 20:00:00+00:00,America/New_York,2026-06-07 10:12:41.262120+00:00
PAGS,PAGS,4681,2026-03-12 13:30:00+00:00,2026-06-05 20:00:00+00:00,America/New_York,2026-06-07 10:13:50.343008+00:00
PAHC,PAHC,4229,2026-03-12 13:30:00+00:00,2026-06-05 20:00:00+00:00,America/New_York,2026-06-07 10:14:19.705196+00:00
PAL,PAL,3878,2026-03-12 13:30:00+00:00,2026-06-05 20:00:00+00:00,America/New_York,2026-06-07 10:15:44.765055+00:00
PAM,PAM,4432,2026-03-12 13:30:00+00:00,2026-06-05 20:00:00+00:00,America/New_York,2026-06-07 10:13:17.473581+00:00
PAMT,PAMT,652,2026-03-12 13:30:00+00:00,2026-06-05 20:00:00+00:00,America/New_York,2026-06-07 10:15:27.773260+00:00
PANL,PANL,4534,2026-03-12 13:30:00+00:00,2026-06-05 20:00:00+00:00,America/New_York,2026-06-07 10:15:04.319316+00:00
PANW,PANW,4681,2026-03-12 13:30:00+00:00,2026-06-05 20:00:00+00:00,America/New_York,2026-06-07 10:11:48.520471+00:00
PAR,PAR,4671,2026-03-12 13:30:00+00:00,2026-06-05 20:00:00+00:00,America/New_York,2026-06-07 10:14:56.744413+00:00
PARK,PARK,769,2026-03-12 13:30:00+00:00,2026-06-05 20:00:00+00:00,America/New_York,2026-06-07 10:15:57.818331+00:00
PARR,PARR,4680,2026-03-12 13:30:00+00:00,2026-06-05 20:00:00+00:00,America/New_York,2026-06-07 10:13:44.963592+00:00
PATH,PATH,4681,2026-03-12 13:30:00+00:00,2026-06-05 20:00:00+00:00,America/New_York,2026-06-07 10:13:07.457000+00:00
PATK,PATK,4289,2026-03-12 13:30:00+00:00,2026-06-05 20:00:00+00:00,America/New_York,2026-06-07 10:13:44.436725+00:00
PAX,PAX,4619,2026-03-12 13:30:00+00:00,2026-06-05 20:00:00+00:00,America/New_York,2026-06-07 10:14:05.220743+00:00
PAY,PAY,4564,2026-03-12 13:30:00+00:00,2026-06-05 20:00:00+00:00,America/New_York,2026-06-07 10:13:47.727755+00:00
PAYC,PAYC,4663,2026-03-12 13:30:00+00:00,2026-06-05 20:00:00+00:00,America/New_York,2026-06-07 10:13:03.193565+00:00
PAYO,PAYO,4680,2026-03-12 13:30:00+00:00,2026-06-05 20:00:00+00:00,America/New_York,2026-06-07 10:14:07.387442+00:00
PAYP,PAYP,4563,2026-03-13 13:30:00+00:00,2026-06-05 20:00:00+00:00,America/New_York,2026-06-07 10:12:45.648400+00:00
PAYS,PAYS,4549,2026-03-12 13:30:00+00:00,2026-06-05 20:00:00+00:00,America/New_York,2026-06-07 10:15:15.151069+00:00
PAYX,PAYX,4681,2026-03-12 13:30:00+00:00,2026-06-05 20:00:00+00:00,America/New_York,2026-06-07 10:12:11.009308+00:00
PB,PB,4667,2026-03-12 13:30:00+00:00,2026-06-05 20:00:00+00:00,America/New_York,2026-06-07 10:12:59.675282+00:00
PBA,PBA,4681,2026-03-12 13:30:00+00:00,2026-06-05 20:00:00+00:00,America/New_York,2026-06-07 10:12:15.694643+00:00
PBF,PBF,4681,2026-03-12 13:30:00+00:00,2026-06-05 20:00:00+00:00,America/New_York,2026-06-07 10:13:16.225706+00:00
PBFS,PBFS,553,2026-03-12 13:30:00+00:00,2026-06-05 20:00:00+00:00,America/New_York,2026-06-07 10:15:09.764296+00:00
PBH,PBH,4563,2026-03-12 13:30:00+00:00,2026-06-05 20:00:00+00:00,America/New_York,2026-06-07 10:13:54.333509+00:00
PBI,PBI,4681,2026-03-12 13:30:00+00:00,2026-06-05 20:00:00+00:00,America/New_York,2026-06-07 10:13:54.054934+00:00
PBR,PBR,4681,2026-03-12 13:30:00+00:00,2026-06-05 20:00:00+00:00,America/New_York,2026-06-07 10:11:53.963408+00:00
PBT,PBT,3648,2026-03-12 13:30:00+00:00,2026-06-05 20:00:00+00:00,America/New_York,2026-06-07 10:14:19.229293+00:00
PBYI,PBYI,4031,2026-03-12 13:30:00+00:00,2026-06-05 20:00:00+00:00,America/New_York,2026-06-07 10:15:17.110372+00:00
PCAP,PCAP,200,2026-03-12 16:20:00+00:00,2026-06-05 20:00:00+00:00,America/New_York,2026-06-07 10:15:21.831379+00:00
PCAR,PCAR,4681,2026-03-12 13:30:00+00:00,2026-06-05 20:00:00+00:00,America/New_York,2026-06-07 10:12:02.601375+00:00
PCB,PCB,999,2026-03-12 13:30:00+00:00,2026-06-05 20:00:00+00:00,America/New_York,2026-06-07 10:15:16.491145+00:00
PCG,PCG,4681,2026-03-12 13:30:00+00:00,2026-06-05 20:00:00+00:00,America/New_York,2026-06-07 10:12:10.163830+00:00
PCOR,PCOR,4681,2026-03-12 13:30:00+00:00,2026-06-05 20:00:00+00:00,America/New_York,2026-06-07 10:12:57.543837+00:00
PCRX,PCRX,4345,2026-03-12 13:30:00+00:00,2026-06-05 20:00:00+00:00,America/New_York,2026-06-07 10:14:36.052494+00:00
PCSC,PCSC,1407,2026-03-12 13:40:00+00:00,2026-06-05 20:00:00+00:00,America/New_York,2026-06-07 10:15:52.635014+00:00
PCT,PCT,4680,2026-03-12 13:30:00+00:00,2026-06-05 20:00:00+00:00,America/New_York,2026-06-07 10:13:55.192018+00:00
PCTY,PCTY,4626,2026-03-12 13:30:00+00:00,2026-06-05 20:00:00+00:00,America/New_York,2026-06-07 10:13:06.098464+00:00
PCVX,PCVX,4663,2026-03-12 13:30:00+00:00,2026-06-05 20:00:00+00:00,America/New_York,2026-06-07 10:13:01.389957+00:00
PCYO,PCYO,1799,2026-03-12 13:30:00+00:00,2026-06-05 20:00:00+00:00,America/New_York,2026-06-07 10:15:32.300657+00:00
PD,PD,4681,2026-03-12 13:30:00+00:00,2026-06-05 20:00:00+00:00,America/New_York,2026-06-07 10:14:46.173845+00:00
PDCC,PDCC,712,2026-03-12 13:30:00+00:00,2026-06-05 19:50:00+00:00,America/New_York,2026-06-07 10:15:58.708347+00:00
PDD,PDD,4681,2026-03-12 13:30:00+00:00,2026-06-05 20:00:00+00:00,America/New_York,2026-06-07 10:11:53.118663+00:00
PDEX,PDEX,1287,2026-03-12 13:35:00+00:00,2026-06-05 20:00:00+00:00,America/New_York,2026-06-07 10:15:38.889334+00:00
PDFS,PDFS,4470,2026-03-12 13:30:00+00:00,2026-06-05 20:00:00+00:00,America/New_York,2026-06-07 10:13:59.542248+00:00
PDLB,PDLB,1802,2026-03-12 13:30:00+00:00,2026-06-05 20:00:00+00:00,America/New_York,2026-06-07 10:15:05.343462+00:00
PDM,PDM,4661,2026-03-12 13:30:00+00:00,2026-06-05 20:00:00+00:00,America/New_York,2026-06-07 10:14:28.308044+00:00
PDS,PDS,3692,2026-03-12 13:30:00+00:00,2026-06-05 20:00:00+00:00,America/New_York,2026-06-07 10:14:24.504879+00:00
PDYN,PDYN,4675,2026-03-12 13:30:00+00:00,2026-06-05 20:00:00+00:00,America/New_York,2026-06-07 10:15:23.621848+00:00
PEB,PEB,4680,2026-03-12 13:30:00+00:00,2026-06-05 20:00:00+00:00,America/New_York,2026-06-07 10:14:01.609020+00:00
PEBK,PEBK,1868,2026-03-12 13:30:00+00:00,2026-06-05 20:00:00+00:00,America/New_York,2026-06-07 10:15:35.165086+00:00
PEBO,PEBO,4015,2026-03-12 13:30:00+00:00,2026-06-05 20:00:00+00:00,America/New_York,2026-06-07 10:14:22.032839+00:00
PECE,PECE,30,2026-06-04 14:05:00+00:00,2026-06-05 20:00:00+00:00,America/New_York,2026-06-07 10:16:02.990103+00:00
PECO,PECO,4656,2026-03-12 13:30:00+00:00,2026-06-05 20:00:00+00:00,America/New_York,2026-06-07 10:13:10.509186+00:00
PED,PED,1581,2026-03-12 13:30:00+00:00,2026-06-05 20:00:00+00:00,America/New_York,2026-06-07 10:15:44.002541+00:00
PEG,PEG,4681,2026-03-12 13:30:00+00:00,2026-06-05 20:00:00+00:00,America/New_York,2026-06-07 10:12:09.043445+00:00
PEGA,PEGA,4681,2026-03-12 13:30:00+00:00,2026-06-05 20:00:00+00:00,America/New_York,2026-06-07 10:13:07.310894+00:00
PEN,PEN,4676,2026-03-12 13:30:00+00:00,2026-06-05 20:00:00+00:00,America/New_York,2026-06-07 10:12:37.604199+00:00
PENG,PENG,4652,2026-03-12 13:30:00+00:00,2026-06-05 20:00:00+00:00,America/New_York,2026-06-07 10:13:39.227173+00:00
PENN,PENN,4681,2026-03-12 13:30:00+00:00,2026-06-05 20:00:00+00:00,America/New_York,2026-06-07 10:13:48.980111+00:00
PEP,PEP,4681,2026-03-12 13:30:00+00:00,2026-06-05 20:00:00+00:00,America/New_York,2026-06-07 10:11:49.194168+00:00
PERI,PERI,4419,2026-03-12 13:30:00+00:00,2026-06-05 20:00:00+00:00,America/New_York,2026-06-07 10:15:23.892979+00:00
PESI,PESI,3345,2026-03-12 13:30:00+00:00,2026-06-05 20:00:00+00:00,America/New_York,2026-06-07 10:15:43.552652+00:00
PFBC,PFBC,2336,2026-03-12 13:30:00+00:00,2026-06-05 20:00:00+00:00,America/New_York,2026-06-07 10:14:20.056040+00:00
PFE,PFE,4681,2026-03-12 13:30:00+00:00,2026-06-05 20:00:00+00:00,America/New_York,2026-06-07 10:11:51.343220+00:00
PFG,PFG,4678,2026-03-12 13:30:00+00:00,2026-06-05 20:00:00+00:00,America/New_York,2026-06-07 10:12:20.448120+00:00
PFGC,PFGC,4672,2026-03-12 13:30:00+00:00,2026-06-05 20:00:00+00:00,America/New_York,2026-06-07 10:12:31.506764+00:00
PFIS,PFIS,1577,2026-03-12 13:35:00+00:00,2026-06-05 20:00:00+00:00,America/New_York,2026-06-07 10:14:53.581381+00:00
PFLT,PFLT,4678,2026-03-12 13:30:00+00:00,2026-06-05 20:00:00+00:00,America/New_York,2026-06-07 10:14:42.020914+00:00
PFS,PFS,4673,2026-03-12 13:30:00+00:00,2026-06-05 20:00:00+00:00,America/New_York,2026-06-07 10:13:42.951729+00:00
PFSI,PFSI,4498,2026-03-12 13:30:00+00:00,2026-06-05 20:00:00+00:00,America/New_York,2026-06-07 10:13:24.510682+00:00
PG,PG,4681,2026-03-12 13:30:00+00:00,2026-06-05 20:00:00+00:00,America/New_York,2026-06-07 10:11:46.612204+00:00
PGAC,PGAC,134,2026-03-12 13:45:00+00:00,2026-06-05 20:00:00+00:00,America/New_York,2026-06-07 10:15:55.997970+00:00
PGC,PGC,3055,2026-03-12 13:30:00+00:00,2026-06-05 20:00:00+00:00,America/New_York,2026-06-07 10:14:42.973951+00:00
PGEN,PGEN,4680,2026-03-12 13:30:00+00:00,2026-06-05 20:00:00+00:00,America/New_York,2026-06-07 10:14:21.925818+00:00
PGNY,PGNY,4677,2026-03-12 13:30:00+00:00,2026-06-05 20:00:00+00:00,America/New_York,2026-06-07 10:13:59.619973+00:00
PGR,PGR,4681,2026-03-12 13:30:00+00:00,2026-06-05 20:00:00+00:00,America/New_York,2026-06-07 10:11:53.025344+00:00
PGY,PGY,4681,2026-03-12 13:30:00+00:00,2026-06-05 20:00:00+00:00,America/New_York,2026-06-07 10:14:25.953832+00:00
PH,PH,4680,2026-03-12 13:30:00+00:00,2026-06-05 20:00:00+00:00,America/New_York,2026-06-07 10:11:53.710898+00:00
PHAR,PHAR,772,2026-03-12 13:30:00+00:00,2026-06-05 20:00:00+00:00,America/New_York,2026-06-07 10:14:36.820860+00:00
PHAT,PHAT,4654,2026-03-12 13:30:00+00:00,2026-06-05 20:00:00+00:00,America/New_York,2026-06-07 10:14:42.576963+00:00
PHG,PHG,4681,2026-03-12 13:30:00+00:00,2026-06-05 20:00:00+00:00,America/New_York,2026-06-07 10:12:18.958418+00:00
PHI,PHI,3675,2026-03-12 13:30:00+00:00,2026-06-05 20:00:00+00:00,America/New_York,2026-06-07 10:13:25.090560+00:00
PHIN,PHIN,4289,2026-03-12 13:30:00+00:00,2026-06-05 20:00:00+00:00,America/New_York,2026-06-07 10:13:41.472188+00:00
PHM,PHM,4680,2026-03-12 13:30:00+00:00,2026-06-05 20:00:00+00:00,America/New_York,2026-06-07 10:12:20.683390+00:00
PHOE,PHOE,739,2026-03-12 13:30:00+00:00,2026-06-05 20:00:00+00:00,America/New_York,2026-06-07 10:15:21.028376+00:00
PHR,PHR,4681,2026-03-12 13:30:00+00:00,2026-06-05 20:00:00+00:00,America/New_York,2026-06-07 10:14:54.962574+00:00
PHVS,PHVS,3580,2026-03-12 13:30:00+00:00,2026-06-05 20:00:00+00:00,America/New_York,2026-06-07 10:13:56.914588+00:00
PI,PI,4452,2026-03-12 13:30:00+00:00,2026-06-05 20:00:00+00:00,America/New_York,2026-06-07 10:13:31.409670+00:00
PICS,PICS,4269,2026-03-12 13:30:00+00:00,2026-06-05 20:00:00+00:00,America/New_York,2026-06-07 10:14:25.101951+00:00
PII,PII,4656,2026-03-12 13:30:00+00:00,2026-06-05 20:00:00+00:00,America/New_York,2026-06-07 10:13:30.893908+00:00
PIII,PIII,1719,2026-03-12 13:30:00+00:00,2026-06-05 20:00:00+00:00,America/New_York,2026-06-07 10:15:58.210435+00:00
PINE,PINE,4054,2026-03-12 13:30:00+00:00,2026-06-05 20:00:00+00:00,America/New_York,2026-06-07 10:15:22.999656+00:00
PINS,PINS,4681,2026-03-12 13:30:00+00:00,2026-06-05 20:00:00+00:00,America/New_York,2026-06-07 10:12:38.462916+00:00
PIPR,PIPR,4638,2026-03-12 13:30:00+00:00,2026-06-05 20:00:00+00:00,America/New_York,2026-06-07 10:13:11.886837+00:00
PJT,PJT,4231,2026-03-12 13:30:00+00:00,2026-06-05 20:00:00+00:00,America/New_York,2026-06-07 10:13:25.342269+00:00
PK,PK,4681,2026-03-12 13:30:00+00:00,2026-06-05 20:00:00+00:00,America/New_York,2026-06-07 10:13:44.607100+00:00
PKBK,PKBK,3076,2026-03-12 13:30:00+00:00,2026-06-05 20:00:00+00:00,America/New_York,2026-06-07 10:15:16.041867+00:00
PKE,PKE,4165,2026-03-12 13:30:00+00:00,2026-06-05 20:00:00+00:00,America/New_York,2026-06-07 10:14:49.983294+00:00
PKG,PKG,4619,2026-03-12 13:30:00+00:00,2026-06-05 20:00:00+00:00,America/New_York,2026-06-07 10:12:24.197699+00:00
PKOH,PKOH,1586,2026-03-12 13:30:00+00:00,2026-06-05 20:00:00+00:00,America/New_York,2026-06-07 10:15:04.993952+00:00
PKX,PKX,4225,2026-03-12 13:30:00+00:00,2026-06-05 20:00:00+00:00,America/New_York,2026-06-07 10:12:26.649230+00:00
PL,PL,4681,2026-03-12 13:30:00+00:00,2026-06-05 20:00:00+00:00,America/New_York,2026-06-07 10:12:40.733407+00:00
PLAB,PLAB,4665,2026-03-12 13:30:00+00:00,2026-06-05 20:00:00+00:00,America/New_York,2026-06-07 10:14:06.981781+00:00
PLAY,PLAY,4675,2026-03-12 13:30:00+00:00,2026-06-05 20:00:00+00:00,America/New_York,2026-06-07 10:15:13.114563+00:00
PLBC,PLBC,1976,2026-03-12 14:20:00+00:00,2026-06-05 20:00:00+00:00,America/New_York,2026-06-07 10:15:15.087307+00:00
PLCE,PLCE,3551,2026-03-12 13:30:00+00:00,2026-06-05 20:00:00+00:00,America/New_York,2026-06-07 10:15:59.396648+00:00
PLD,PLD,4681,2026-03-12 13:30:00+00:00,2026-06-05 20:00:00+00:00,America/New_York,2026-06-07 10:11:51.872187+00:00
PLGO,PLGO,1396,2026-05-12 13:30:00+00:00,2026-06-05 20:00:00+00:00,America/New_York,2026-06-07 10:14:02.467540+00:00
PLMK,PLMK,206,2026-03-12 13:30:00+00:00,2026-06-05 20:00:00+00:00,America/New_York,2026-06-07 10:15:31.372034+00:00
PLMR,PLMR,3798,2026-03-12 13:30:00+00:00,2026-06-05 20:00:00+00:00,America/New_York,2026-06-07 10:13:43.299881+00:00
PLNT,PLNT,4680,2026-03-12 13:30:00+00:00,2026-06-05 20:00:00+00:00,America/New_York,2026-06-07 10:13:26.005171+00:00
PLOW,PLOW,3855,2026-03-12 13:30:00+00:00,2026-06-05 20:00:00+00:00,America/New_York,2026-06-07 10:14:31.261857+00:00
PLPC,PLPC,3188,2026-03-12 13:30:00+00:00,2026-06-05 20:00:00+00:00,America/New_York,2026-06-07 10:14:05.025449+00:00
PLSE,PLSE,4042,2026-03-12 13:30:00+00:00,2026-06-05 20:00:00+00:00,America/New_York,2026-06-07 10:14:06.701347+00:00
PLTK,PLTK,4644,2026-03-12 13:30:00+00:00,2026-06-05 20:00:00+00:00,America/New_York,2026-06-07 10:14:26.322031+00:00
PLTR,PLTR,4681,2026-03-12 13:30:00+00:00,2026-06-05 20:00:00+00:00,America/New_York,2026-06-07 10:11:46.838012+00:00
PLUG,PLUG,4681,2026-03-12 13:30:00+00:00,2026-06-05 20:00:00+00:00,America/New_York,2026-06-07 10:13:21.566511+00:00
PLUS,PLUS,3429,2026-03-12 13:30:00+00:00,2026-06-05 20:00:00+00:00,America/New_York,2026-06-07 10:13:56.680988+00:00
PLXS,PLXS,3827,2026-03-12 13:30:00+00:00,2026-06-05 20:00:00+00:00,America/New_York,2026-06-07 10:12:57.602490+00:00
PM,PM,4681,2026-03-12 13:30:00+00:00,2026-06-05 20:00:00+00:00,America/New_York,2026-06-07 10:11:47.381763+00:00
PMT,PMT,4672,2026-03-12 13:30:00+00:00,2026-06-05 20:00:00+00:00,America/New_York,2026-06-07 10:14:37.758691+00:00
PMTR,PMTR,263,2026-03-12 13:45:00+00:00,2026-06-05 20:00:00+00:00,America/New_York,2026-06-07 10:15:22.960566+00:00
PMTS,PMTS,1719,2026-03-12 13:30:00+00:00,2026-06-05 20:00:00+00:00,America/New_York,2026-06-07 10:15:41.273243+00:00
PNC,PNC,4681,2026-03-12 13:30:00+00:00,2026-06-05 20:00:00+00:00,America/New_York,2026-06-07 10:11:56.210057+00:00
PNFP,PNFP,4673,2026-03-12 13:30:00+00:00,2026-06-05 20:00:00+00:00,America/New_York,2026-06-07 10:12:32.451587+00:00
PNNT,PNNT,4629,2026-03-12 13:30:00+00:00,2026-06-05 20:00:00+00:00,America/New_York,2026-06-07 10:15:32.512926+00:00
PNR,PNR,4680,2026-03-12 13:30:00+00:00,2026-06-05 20:00:00+00:00,America/New_York,2026-06-07 10:12:39.379661+00:00
PNRG,PNRG,1520,2026-03-12 13:45:00+00:00,2026-06-05 20:00:00+00:00,America/New_York,2026-06-07 10:15:26.243812+00:00
PNTG,PNTG,3712,2026-03-12 13:30:00+00:00,2026-06-05 20:00:00+00:00,America/New_York,2026-06-07 10:14:28.639585+00:00
PNW,PNW,4675,2026-03-12 13:30:00+00:00,2026-06-05 20:00:00+00:00,America/New_York,2026-06-07 10:12:38.041422+00:00
POCI,POCI,1181,2026-03-12 18:25:00+00:00,2026-06-05 20:00:00+00:00,America/New_York,2026-06-07 10:16:02.553933+00:00
PODC,PODC,2048,2026-03-12 13:55:00+00:00,2026-06-05 20:00:00+00:00,America/New_York,2026-06-07 10:15:53.721445+00:00
PODD,PODD,4680,2026-03-12 13:30:00+00:00,2026-06-05 20:00:00+00:00,America/New_York,2026-06-07 10:12:43.762602+00:00
POET,POET,4681,2026-03-12 13:30:00+00:00,2026-06-05 20:00:00+00:00,America/New_York,2026-06-07 10:13:59.066152+00:00
POLE,POLE,82,2026-03-13 13:35:00+00:00,2026-06-05 20:00:00+00:00,America/New_York,2026-06-07 10:15:23.806272+00:00
PONY,PONY,4681,2026-03-12 13:30:00+00:00,2026-06-05 20:00:00+00:00,America/New_York,2026-06-07 10:13:25.943934+00:00
POOL,POOL,4673,2026-03-12 13:30:00+00:00,2026-06-05 20:00:00+00:00,America/New_York,2026-06-07 10:13:00.267499+00:00
POR,POR,4678,2026-03-12 13:30:00+00:00,2026-06-05 20:00:00+00:00,America/New_York,2026-06-07 10:13:08.061764+00:00
POST,POST,4650,2026-03-12 13:30:00+00:00,2026-06-05 20:00:00+00:00,America/New_York,2026-06-07 10:13:25.264547+00:00
POWI,POWI,4664,2026-03-12 13:30:00+00:00,2026-06-05 20:00:00+00:00,America/New_York,2026-06-07 10:13:23.085643+00:00
POWL,POWL,4616,2026-03-12 13:30:00+00:00,2026-06-05 20:00:00+00:00,America/New_York,2026-06-07 10:12:45.195820+00:00
PPC,PPC,4669,2026-03-12 13:30:00+00:00,2026-06-05 20:00:00+00:00,America/New_York,2026-06-07 10:12:59.264164+00:00
PPG,PPG,4681,2026-03-12 13:30:00+00:00,2026-06-05 20:00:00+00:00,America/New_York,2026-06-07 10:12:18.531656+00:00
PPHC,PPHC,2339,2026-03-12 13:30:00+00:00,2026-06-05 20:00:00+00:00,America/New_York,2026-06-07 10:15:27.100804+00:00
PPIH,PPIH,2810,2026-03-12 13:30:00+00:00,2026-06-05 20:00:00+00:00,America/New_York,2026-06-07 10:15:32.285649+00:00
PPL,PPL,4681,2026-03-12 13:30:00+00:00,2026-06-05 20:00:00+00:00,America/New_York,2026-06-07 10:12:17.098552+00:00
PPLI,PPLI,156,2026-06-04 13:30:00+00:00,2026-06-05 20:00:00+00:00,America/New_York,2026-06-07 10:13:39.051684+00:00
PPTA,PPTA,4678,2026-03-12 13:30:00+00:00,2026-06-05 20:00:00+00:00,America/New_York,2026-06-07 10:13:45.627952+00:00
PR,PR,4681,2026-03-12 13:30:00+00:00,2026-06-05 20:00:00+00:00,America/New_York,2026-06-07 10:12:29.619147+00:00
PRA,PRA,4534,2026-03-12 13:30:00+00:00,2026-06-05 20:00:00+00:00,America/New_York,2026-06-07 10:14:21.537211+00:00
PRAA,PRAA,4281,2026-03-12 13:30:00+00:00,2026-06-05 20:00:00+00:00,America/New_York,2026-06-07 10:14:52.557300+00:00
PRAX,PRAX,4364,2026-03-12 13:30:00+00:00,2026-06-05 20:00:00+00:00,America/New_York,2026-06-07 10:12:59.822048+00:00
PRCH,PRCH,4676,2026-03-12 13:30:00+00:00,2026-06-05 20:00:00+00:00,America/New_York,2026-06-07 10:14:31.783967+00:00
PRCT,PRCT,4669,2026-03-12 13:30:00+00:00,2026-06-05 20:00:00+00:00,America/New_York,2026-06-07 10:14:10.982699+00:00
PRDO,PRDO,4586,2026-03-12 13:30:00+00:00,2026-06-05 20:00:00+00:00,America/New_York,2026-06-07 10:13:57.265229+00:00
PRE,PRE,3435,2026-03-12 13:30:00+00:00,2026-06-05 20:00:00+00:00,America/New_York,2026-06-07 10:15:20.710114+00:00
PRG,PRG,4487,2026-03-12 13:30:00+00:00,2026-06-05 20:00:00+00:00,America/New_York,2026-06-07 10:14:17.288838+00:00
PRGO,PRGO,4681,2026-03-12 13:30:00+00:00,2026-06-05 20:00:00+00:00,America/New_York,2026-06-07 10:14:13.142867+00:00
PRGS,PRGS,4643,2026-03-12 13:30:00+00:00,2026-06-05 20:00:00+00:00,America/New_York,2026-06-07 10:14:19.561133+00:00
PRI,PRI,4611,2026-03-12 13:30:00+00:00,2026-06-05 20:00:00+00:00,America/New_York,2026-06-07 10:12:52.061353+00:00
PRIM,PRIM,4641,2026-03-12 13:30:00+00:00,2026-06-05 20:00:00+00:00,America/New_York,2026-06-07 10:13:02.769401+00:00
PRK,PRK,2273,2026-03-12 13:30:00+00:00,2026-06-05 20:00:00+00:00,America/New_York,2026-06-07 10:13:39.309504+00:00
PRKS,PRKS,4665,2026-03-12 13:30:00+00:00,2026-06-05 20:00:00+00:00,America/New_York,2026-06-07 10:14:00.353845+00:00
PRLB,PRLB,3537,2026-03-12 13:30:00+00:00,2026-06-05 20:00:00+00:00,America/New_York,2026-06-07 10:14:06.815941+00:00
PRLD,PRLD,4016,2026-03-12 13:30:00+00:00,2026-06-05 20:00:00+00:00,America/New_York,2026-06-07 10:15:25.646282+00:00
PRM,PRM,4669,2026-03-12 13:30:00+00:00,2026-06-05 20:00:00+00:00,America/New_York,2026-06-07 10:13:16.203162+00:00
PRMB,PRMB,4681,2026-03-12 13:30:00+00:00,2026-06-05 20:00:00+00:00,America/New_York,2026-06-07 10:12:53.297044+00:00
PRME,PRME,4677,2026-03-12 13:30:00+00:00,2026-06-05 20:00:00+00:00,America/New_York,2026-06-07 10:14:57.762358+00:00
PROF,PROF,2638,2026-03-12 13:30:00+00:00,2026-06-05 20:00:00+00:00,America/New_York,2026-06-07 10:15:33.801847+00:00
PROV,PROV,767,2026-03-12 13:40:00+00:00,2026-06-05 20:00:00+00:00,America/New_York,2026-06-07 10:15:54.062105+00:00
PRSU,PRSU,3787,2026-03-12 13:30:00+00:00,2026-06-05 20:00:00+00:00,America/New_York,2026-06-07 10:14:22.661218+00:00
PRTA,PRTA,4473,2026-03-12 13:30:00+00:00,2026-06-05 20:00:00+00:00,America/New_York,2026-06-07 10:15:03.916169+00:00
PRTH,PRTH,3726,2026-03-12 13:30:00+00:00,2026-06-05 20:00:00+00:00,America/New_York,2026-06-07 10:15:03.305186+00:00
PRU,PRU,4681,2026-03-12 13:30:00+00:00,2026-06-05 20:00:00+00:00,America/New_York,2026-06-07 10:12:10.857313+00:00
PRVA,PRVA,4634,2026-03-12 13:30:00+00:00,2026-06-05 20:00:00+00:00,America/New_York,2026-06-07 10:13:47.296290+00:00
PS,PS,2015,2026-04-29 17:55:00+00:00,2026-06-05 20:00:00+00:00,America/New_York,2026-06-07 10:12:33.191851+00:00
PSA,PSA,4681,2026-03-12 13:30:00+00:00,2026-06-05 20:00:00+00:00,America/New_York,2026-06-07 10:12:04.191315+00:00
PSBD,PSBD,2406,2026-03-12 13:30:00+00:00,2026-06-05 20:00:00+00:00,America/New_York,2026-06-07 10:15:20.008863+00:00
PSFE,PSFE,4462,2026-03-12 13:30:00+00:00,2026-06-05 20:00:00+00:00,America/New_York,2026-06-07 10:15:17.226580+00:00
PSIG,PSIG,1957,2026-03-12 13:40:00+00:00,2026-06-05 20:00:00+00:00,America/New_York,2026-06-07 10:15:49.195189+00:00
PSIX,PSIX,4632,2026-03-12 13:30:00+00:00,2026-06-05 20:00:00+00:00,America/New_York,2026-06-07 10:14:38.436970+00:00
PSKY,PSKY,4681,2026-03-12 13:30:00+00:00,2026-06-05 20:00:00+00:00,America/New_York,2026-06-07 10:12:40.804925+00:00
PSMT,PSMT,3620,2026-03-12 13:30:00+00:00,2026-06-05 20:00:00+00:00,America/New_York,2026-06-07 10:13:12.317356+00:00
PSN,PSN,4677,2026-03-12 13:30:00+00:00,2026-06-05 20:00:00+00:00,America/New_York,2026-06-07 10:13:05.312418+00:00
PSNL,PSNL,4673,2026-03-12 13:30:00+00:00,2026-06-05 20:00:00+00:00,America/New_York,2026-06-07 10:14:27.751857+00:00
PSNY,PSNY,3286,2026-03-12 13:30:00+00:00,2026-06-05 20:00:00+00:00,America/New_York,2026-06-07 10:14:05.581973+00:00
PSO,PSO,4634,2026-03-12 13:30:00+00:00,2026-06-05 20:00:00+00:00,America/New_York,2026-06-07 10:12:47.212199+00:00
PSTL,PSTL,4362,2026-03-12 13:30:00+00:00,2026-06-05 20:00:00+00:00,America/New_York,2026-06-07 10:14:45.542818+00:00
PSX,PSX,4681,2026-03-12 13:30:00+00:00,2026-06-05 20:00:00+00:00,America/New_York,2026-06-07 10:11:59.737304+00:00
PTC,PTC,4669,2026-03-12 13:30:00+00:00,2026-06-05 20:00:00+00:00,America/New_York,2026-06-07 10:12:29.334955+00:00
PTCT,PTCT,4613,2026-03-12 13:30:00+00:00,2026-06-05 20:00:00+00:00,America/New_York,2026-06-07 10:13:09.759474+00:00
PTEN,PTEN,4681,2026-03-12 13:30:00+00:00,2026-06-05 20:00:00+00:00,America/New_York,2026-06-07 10:13:21.436891+00:00
PTGX,PTGX,4467,2026-03-12 13:30:00+00:00,2026-06-05 20:00:00+00:00,America/New_York,2026-06-07 10:13:05.841312+00:00
PTHS,PTHS,792,2026-03-13 13:30:00+00:00,2026-06-05 18:00:00+00:00,America/New_York,2026-06-07 10:15:57.043583+00:00
PTLO,PTLO,4674,2026-03-12 13:30:00+00:00,2026-06-05 20:00:00+00:00,America/New_York,2026-06-07 10:15:26.138695+00:00
PTON,PTON,4681,2026-03-12 13:30:00+00:00,2026-06-05 20:00:00+00:00,America/New_York,2026-06-07 10:13:49.937017+00:00
PTRN,PTRN,4608,2026-03-12 13:30:00+00:00,2026-06-05 20:00:00+00:00,America/New_York,2026-06-07 10:13:34.356104+00:00
PUBM,PUBM,4639,2026-03-12 13:30:00+00:00,2026-06-05 20:00:00+00:00,America/New_York,2026-06-07 10:14:58.823477+00:00
PUK,PUK,4677,2026-03-12 13:30:00+00:00,2026-06-05 20:00:00+00:00,America/New_York,2026-06-07 10:12:13.008547+00:00
PUMP,PUMP,4681,2026-03-12 13:30:00+00:00,2026-06-05 20:00:00+00:00,America/New_York,2026-06-07 10:14:05.914877+00:00
PURR,PURR,4681,2026-03-12 13:30:00+00:00,2026-06-05 20:00:00+00:00,America/New_York,2026-06-07 10:14:23.449344+00:00
PUSA,PUSA,1050,2026-05-18 13:30:00+00:00,2026-06-05 20:00:00+00:00,America/New_York,2026-06-07 10:15:53.563637+00:00
PVH,PVH,4674,2026-03-12 13:30:00+00:00,2026-06-05 20:00:00+00:00,America/New_York,2026-06-07 10:13:32.577158+00:00
PVLA,PVLA,3703,2026-03-12 13:30:00+00:00,2026-06-05 20:00:00+00:00,America/New_York,2026-06-07 10:14:11.634908+00:00
PWP,PWP,4624,2026-03-12 13:30:00+00:00,2026-06-05 20:00:00+00:00,America/New_York,2026-06-07 10:14:15.586240+00:00
PWR,PWR,4681,2026-03-12 13:30:00+00:00,2026-06-05 20:00:00+00:00,America/New_York,2026-06-07 10:11:54.603811+00:00
PXED,PXED,2936,2026-03-12 13:30:00+00:00,2026-06-05 20:00:00+00:00,America/New_York,2026-06-07 10:14:29.122868+00:00
PYPD,PYPD,2237,2026-03-12 13:30:00+00:00,2026-06-05 20:00:00+00:00,America/New_York,2026-06-07 10:16:33.174770+00:00
PYPL,PYPL,4681,2026-03-12 13:30:00+00:00,2026-06-05 20:00:00+00:00,America/New_York,2026-06-07 10:12:10.584919+00:00
PZZA,PZZA,4664,2026-03-12 13:30:00+00:00,2026-06-05 20:00:00+00:00,America/New_York,2026-06-07 10:14:30.129822+00:00
Q,Q,4681,2026-03-12 13:30:00+00:00,2026-06-05 20:00:00+00:00,America/New_York,2026-06-07 10:12:14.543231+00:00
QADR,QADR,32,2026-05-20 14:10:00+00:00,2026-06-05 20:00:00+00:00,America/New_York,2026-06-07 10:15:32.557058+00:00
QBTS,QBTS,4681,2026-03-12 13:30:00+00:00,2026-06-05 20:00:00+00:00,America/New_York,2026-06-07 10:12:51.668614+00:00
QCOM,QCOM,4681,2026-03-12 13:30:00+00:00,2026-06-05 20:00:00+00:00,America/New_York,2026-06-07 10:11:48.261589+00:00
QCRH,QCRH,2692,2026-03-12 13:30:00+00:00,2026-06-05 20:00:00+00:00,America/New_York,2026-06-07 10:14:11.213483+00:00
QDEL,QDEL,4679,2026-03-12 13:30:00+00:00,2026-06-05 20:00:00+00:00,America/New_York,2026-06-07 10:14:33.209674+00:00
QFIN,QFIN,4667,2026-03-12 13:30:00+00:00,2026-06-05 20:00:00+00:00,America/New_York,2026-06-07 10:14:05.746733+00:00
QGEN,QGEN,4681,2026-03-12 13:30:00+00:00,2026-06-05 20:00:00+00:00,America/New_York,2026-06-07 10:12:56.461458+00:00
QLYS,QLYS,4648,2026-03-12 13:30:00+00:00,2026-06-05 20:00:00+00:00,America/New_York,2026-06-07 10:13:26.662953+00:00
QMCO,QMCO,4341,2026-03-12 13:30:00+00:00,2026-06-05 20:00:00+00:00,America/New_York,2026-06-07 10:15:42.387843+00:00
QNST,QNST,4652,2026-03-12 13:30:00+00:00,2026-06-05 20:00:00+00:00,America/New_York,2026-06-07 10:14:47.307818+00:00
QQQ,QQQ,4681,2026-03-12 13:30:00+00:00,2026-06-05 20:00:00+00:00,America/New_York,2026-06-07 10:16:05.209770+00:00
QRVO,QRVO,4677,2026-03-12 13:30:00+00:00,2026-06-05 20:00:00+00:00,America/New_York,2026-06-07 10:12:49.884518+00:00
QS,QS,4681,2026-03-12 13:30:00+00:00,2026-06-05 20:00:00+00:00,America/New_York,2026-06-07 10:13:19.496553+00:00
QSR,QSR,4681,2026-03-12 13:30:00+00:00,2026-06-05 20:00:00+00:00,America/New_York,2026-06-07 10:12:12.596031+00:00
QTI,QTI,1233,2026-03-12 13:55:00+00:00,2026-06-05 20:00:00+00:00,America/New_York,2026-06-07 10:16:04.785780+00:00
QTRX,QTRX,4600,2026-03-12 13:30:00+00:00,2026-06-05 20:00:00+00:00,America/New_York,2026-06-07 10:15:47.792711+00:00
QTTB,QTTB,4005,2026-03-12 13:30:00+00:00,2026-06-05 20:00:00+00:00,America/New_York,2026-06-07 10:15:36.989648+00:00
QTWO,QTWO,4660,2026-03-12 13:30:00+00:00,2026-06-05 20:00:00+00:00,America/New_York,2026-06-07 10:13:44.116850+00:00
QUAD,QUAD,3875,2026-03-12 13:30:00+00:00,2026-06-05 20:00:00+00:00,America/New_York,2026-06-07 10:15:14.733886+00:00
QUBT,QUBT,4681,2026-03-12 13:30:00+00:00,2026-06-05 20:00:00+00:00,America/New_York,2026-06-07 10:13:55.716107+00:00
QUIK,QUIK,4079,2026-03-12 13:30:00+00:00,2026-06-05 20:00:00+00:00,America/New_York,2026-06-07 10:15:17.845527+00:00
QURE,QURE,4675,2026-03-12 13:30:00+00:00,2026-06-05 20:00:00+00:00,America/New_York,2026-06-07 10:14:09.123310+00:00
QXL,QXL,650,2026-04-30 13:30:00+00:00,2026-06-05 20:00:00+00:00,America/New_York,2026-06-07 10:16:02.917246+00:00
QXO,QXO,4681,2026-03-12 13:30:00+00:00,2026-06-05 20:00:00+00:00,America/New_York,2026-06-07 10:12:41.981642+00:00
R,R,4466,2026-03-12 13:30:00+00:00,2026-06-05 20:00:00+00:00,America/New_York,2026-06-07 10:12:43.372483+00:00
RAAQ,RAAQ,2474,2026-03-12 13:30:00+00:00,2026-06-05 20:00:00+00:00,America/New_York,2026-06-07 10:15:32.064942+00:00
RACC,RACC,129,2026-05-20 13:40:00+00:00,2026-06-05 20:00:00+00:00,America/New_York,2026-06-07 10:15:55.455287+00:00
RACE,RACE,4681,2026-03-12 13:30:00+00:00,2026-06-05 20:00:00+00:00,America/New_York,2026-06-07 10:11:56.964047+00:00
RAIL,RAIL,3658,2026-03-12 13:30:00+00:00,2026-06-05 20:00:00+00:00,America/New_York,2026-06-07 10:15:48.735904+00:00
RAL,RAL,4673,2026-03-12 13:30:00+00:00,2026-06-05 20:00:00+00:00,America/New_York,2026-06-07 10:13:01.071598+00:00
RAMP,RAMP,4645,2026-03-12 13:30:00+00:00,2026-06-05 20:00:00+00:00,America/New_York,2026-06-07 10:13:55.112889+00:00
RAPP,RAPP,4068,2026-03-12 13:30:00+00:00,2026-06-05 20:00:00+00:00,America/New_York,2026-06-07 10:14:08.209100+00:00
RARE,RARE,4681,2026-03-12 13:30:00+00:00,2026-06-05 20:00:00+00:00,America/New_York,2026-06-07 10:13:58.495563+00:00
RBA,RBA,4675,2026-03-12 13:30:00+00:00,2026-06-05 20:00:00+00:00,America/New_York,2026-06-07 10:12:25.310297+00:00
RBB,RBB,1963,2026-03-12 13:30:00+00:00,2026-06-05 20:00:00+00:00,America/New_York,2026-06-07 10:15:10.218330+00:00
RBC,RBC,4497,2026-03-12 13:30:00+00:00,2026-06-05 20:00:00+00:00,America/New_York,2026-06-07 10:12:26.088690+00:00
RBCAA,RBCAA,1853,2026-03-12 13:30:00+00:00,2026-06-05 20:00:00+00:00,America/New_York,2026-06-07 10:14:13.827273+00:00
RBKB,RBKB,438,2026-03-12 13:30:00+00:00,2026-06-05 20:00:00+00:00,America/New_York,2026-06-07 10:15:43.037914+00:00
RBLX,RBLX,4681,2026-03-12 13:30:00+00:00,2026-06-05 20:00:00+00:00,America/New_York,2026-06-07 10:12:15.403706+00:00
RBRK,RBRK,4681,2026-03-12 13:30:00+00:00,2026-06-05 20:00:00+00:00,America/New_York,2026-06-07 10:12:32.667434+00:00
RCAT,RCAT,4681,2026-03-12 13:30:00+00:00,2026-06-05 20:00:00+00:00,America/New_York,2026-06-07 10:14:03.315905+00:00
RCEL,RCEL,3812,2026-03-12 13:30:00+00:00,2026-06-05 20:00:00+00:00,America/New_York,2026-06-07 10:15:51.696411+00:00
RCI,RCI,4677,2026-03-12 13:30:00+00:00,2026-06-05 20:00:00+00:00,America/New_York,2026-06-07 10:12:23.984758+00:00
RCKY,RCKY,2127,2026-03-12 13:40:00+00:00,2026-06-05 20:00:00+00:00,America/New_York,2026-06-07 10:15:28.639519+00:00
RCL,RCL,4681,2026-03-12 13:30:00+00:00,2026-06-05 20:00:00+00:00,America/New_York,2026-06-07 10:11:59.050240+00:00
RCMT,RCMT,2320,2026-03-12 13:30:00+00:00,2026-06-05 20:00:00+00:00,America/New_York,2026-06-07 10:15:45.982856+00:00
RCUS,RCUS,4661,2026-03-12 13:30:00+00:00,2026-06-05 20:00:00+00:00,America/New_York,2026-06-07 10:13:43.822848+00:00
RDAG,RDAG,147,2026-03-17 15:35:00+00:00,2026-06-05 20:00:00+00:00,America/New_York,2026-06-07 10:15:13.354043+00:00
RDCM,RDCM,2894,2026-03-12 13:30:00+00:00,2026-06-05 20:00:00+00:00,America/New_York,2026-06-07 10:15:40.926290+00:00
RDDT,RDDT,4681,2026-03-12 13:30:00+00:00,2026-06-05 20:00:00+00:00,America/New_York,2026-06-07 10:12:12.698717+00:00
RDN,RDN,4663,2026-03-12 13:30:00+00:00,2026-06-05 20:00:00+00:00,America/New_York,2026-06-07 10:13:20.580656+00:00
RDNT,RDNT,4572,2026-03-12 13:30:00+00:00,2026-06-05 20:00:00+00:00,America/New_York,2026-06-07 10:13:24.222516+00:00
RDNW,RDNW,1917,2026-03-12 13:30:00+00:00,2026-06-05 20:00:00+00:00,America/New_York,2026-06-07 10:15:29.029979+00:00
RDVT,RDVT,3327,2026-03-12 13:30:00+00:00,2026-06-05 20:00:00+00:00,America/New_York,2026-06-07 10:14:44.138055+00:00
RDW,RDW,4681,2026-03-12 13:30:00+00:00,2026-06-05 20:00:00+00:00,America/New_York,2026-06-07 10:13:33.224190+00:00
RDWR,RDWR,3837,2026-03-12 13:30:00+00:00,2026-06-05 20:00:00+00:00,America/New_York,2026-06-07 10:14:23.956167+00:00
RDY,RDY,4679,2026-03-12 13:30:00+00:00,2026-06-05 20:00:00+00:00,America/New_York,2026-06-07 10:12:40.356542+00:00
REA,REA,1556,2026-05-06 13:30:00+00:00,2026-06-05 20:00:00+00:00,America/New_York,2026-06-07 10:15:13.657240+00:00
REAL,REAL,4681,2026-03-12 13:30:00+00:00,2026-06-05 20:00:00+00:00,America/New_York,2026-06-07 10:14:31.530549+00:00
REFI,REFI,3443,2026-03-12 13:30:00+00:00,2026-06-05 20:00:00+00:00,America/New_York,2026-06-07 10:15:34.662935+00:00
REG,REG,4679,2026-03-12 13:30:00+00:00,2026-06-05 20:00:00+00:00,America/New_York,2026-06-07 10:12:33.888314+00:00
REGN,REGN,4680,2026-03-12 13:30:00+00:00,2026-06-05 20:00:00+00:00,America/New_York,2026-06-07 10:12:01.109726+00:00
RELL,RELL,3269,2026-03-12 13:40:00+00:00,2026-06-05 20:00:00+00:00,America/New_York,2026-06-07 10:15:35.529637+00:00
RELX,RELX,4681,2026-03-12 13:30:00+00:00,2026-06-05 20:00:00+00:00,America/New_York,2026-06-07 10:12:02.031290+00:00
RELY,RELY,4681,2026-03-12 13:30:00+00:00,2026-06-05 20:00:00+00:00,America/New_York,2026-06-07 10:13:28.099644+00:00
RENT,RENT,2371,2026-03-12 13:30:00+00:00,2026-06-05 20:00:00+00:00,America/New_York,2026-06-07 10:15:53.625072+00:00
REPL,REPL,4619,2026-03-12 13:30:00+00:00,2026-06-05 20:00:00+00:00,America/New_York,2026-06-07 10:14:42.799574+00:00
REPX,REPX,4591,2026-03-12 13:30:00+00:00,2026-06-05 20:00:00+00:00,America/New_York,2026-06-07 10:14:43.922154+00:00
RERE,RERE,4651,2026-03-12 13:30:00+00:00,2026-06-05 20:00:00+00:00,America/New_York,2026-06-07 10:14:37.215903+00:00
RES,RES,4680,2026-03-12 13:30:00+00:00,2026-06-05 20:00:00+00:00,America/New_York,2026-06-07 10:14:12.667144+00:00
REX,REX,3795,2026-03-12 13:30:00+00:00,2026-06-05 20:00:00+00:00,America/New_York,2026-06-07 10:14:13.528192+00:00
REXR,REXR,4681,2026-03-12 13:30:00+00:00,2026-06-05 20:00:00+00:00,America/New_York,2026-06-07 10:12:55.748916+00:00
REYN,REYN,4670,2026-03-12 13:30:00+00:00,2026-06-05 20:00:00+00:00,America/New_York,2026-06-07 10:13:17.995010+00:00
REZI,REZI,4670,2026-03-12 13:30:00+00:00,2026-06-05 20:00:00+00:00,America/New_York,2026-06-07 10:13:18.786065+00:00
RF,RF,4681,2026-03-12 13:30:00+00:00,2026-06-05 20:00:00+00:00,America/New_York,2026-06-07 10:12:18.639089+00:00
RFIL,RFIL,4013,2026-03-12 13:30:00+00:00,2026-06-05 20:00:00+00:00,America/New_York,2026-06-07 10:15:45.017936+00:00
RGA,RGA,4186,2026-03-12 13:30:00+00:00,2026-06-05 20:00:00+00:00,America/New_York,2026-06-07 10:12:35.200157+00:00
RGC,RGC,3052,2026-03-12 13:30:00+00:00,2026-06-05 20:00:00+00:00,America/New_York,2026-06-07 10:12:46.271862+00:00
RGCO,RGCO,527,2026-03-12 13:50:00+00:00,2026-06-05 20:00:00+00:00,America/New_York,2026-06-07 10:15:34.552633+00:00
RGEN,RGEN,4636,2026-03-12 13:30:00+00:00,2026-06-05 20:00:00+00:00,America/New_York,2026-06-07 10:13:00.719925+00:00
RGLD,RGLD,4660,2026-03-12 13:30:00+00:00,2026-06-05 20:00:00+00:00,America/New_York,2026-06-07 10:12:28.078766+00:00
RGNX,RGNX,4615,2026-03-12 13:30:00+00:00,2026-06-05 20:00:00+00:00,America/New_York,2026-06-07 10:15:24.322840+00:00
RGP,RGP,4100,2026-03-12 13:30:00+00:00,2026-06-05 20:00:00+00:00,America/New_York,2026-06-07 10:15:47.921401+00:00
RGR,RGR,3460,2026-03-12 13:30:00+00:00,2026-06-05 20:00:00+00:00,America/New_York,2026-06-07 10:14:52.316076+00:00
RGS,RGS,476,2026-03-12 13:45:00+00:00,2026-06-05 20:00:00+00:00,America/New_York,2026-06-07 10:16:01.651140+00:00
RGTI,RGTI,4681,2026-03-12 13:30:00+00:00,2026-06-05 20:00:00+00:00,America/New_York,2026-06-07 10:13:02.079419+00:00
RH,RH,4667,2026-03-12 13:30:00+00:00,2026-06-05 20:00:00+00:00,America/New_York,2026-06-07 10:13:45.842361+00:00
RHI,RHI,4681,2026-03-12 13:30:00+00:00,2026-06-05 20:00:00+00:00,America/New_York,2026-06-07 10:13:38.713977+00:00
RHLD,RHLD,3366,2026-03-12 13:30:00+00:00,2026-06-05 20:00:00+00:00,America/New_York,2026-06-07 10:14:32.168670+00:00
RHP,RHP,4556,2026-03-12 13:30:00+00:00,2026-06-05 20:00:00+00:00,America/New_York,2026-06-07 10:12:56.798866+00:00
RICK,RICK,2162,2026-03-12 13:30:00+00:00,2026-06-05 20:00:00+00:00,America/New_York,2026-06-07 10:15:41.818205+00:00
RIG,RIG,4681,2026-03-12 13:30:00+00:00,2026-06-05 20:00:00+00:00,America/New_York,2026-06-07 10:13:03.322770+00:00
RIGL,RIGL,4261,2026-03-12 13:30:00+00:00,2026-06-05 20:00:00+00:00,America/New_York,2026-06-07 10:14:58.877936+00:00
RILY,RILY,4545,2026-03-12 13:30:00+00:00,2026-06-05 20:00:00+00:00,America/New_York,2026-06-07 10:15:24.104500+00:00
RIO,RIO,4681,2026-03-12 13:30:00+00:00,2026-06-05 20:00:00+00:00,America/New_York,2026-06-07 10:11:50.079858+00:00
RIOT,RIOT,4681,2026-03-12 13:30:00+00:00,2026-06-05 20:00:00+00:00,America/New_York,2026-06-07 10:12:49.516365+00:00
RITM,RITM,4681,2026-03-12 13:30:00+00:00,2026-06-05 20:00:00+00:00,America/New_York,2026-06-07 10:13:14.796338+00:00
RIVN,RIVN,4681,2026-03-12 13:30:00+00:00,2026-06-05 20:00:00+00:00,America/New_York,2026-06-07 10:12:24.603931+00:00
RJET,RJET,3426,2026-03-12 13:30:00+00:00,2026-06-05 20:00:00+00:00,America/New_York,2026-06-07 10:14:40.961337+00:00
RJF,RJF,4675,2026-03-12 13:30:00+00:00,2026-06-05 20:00:00+00:00,America/New_York,2026-06-07 10:12:14.970626+00:00
RKLB,RKLB,4681,2026-03-12 13:30:00+00:00,2026-06-05 20:00:00+00:00,America/New_York,2026-06-07 10:12:02.163228+00:00
RKT,RKT,4681,2026-03-12 13:30:00+00:00,2026-06-05 20:00:00+00:00,America/New_York,2026-06-07 10:12:11.447623+00:00
RL,RL,4673,2026-03-12 13:30:00+00:00,2026-06-05 20:00:00+00:00,America/New_York,2026-06-07 10:12:21.853230+00:00
RLAY,RLAY,4681,2026-03-12 13:30:00+00:00,2026-06-05 20:00:00+00:00,America/New_York,2026-06-07 10:13:43.655528+00:00
RLGT,RLGT,3467,2026-03-12 13:30:00+00:00,2026-06-05 20:00:00+00:00,America/New_York,2026-06-07 10:15:11.512339+00:00
RLI,RLI,4651,2026-03-12 13:30:00+00:00,2026-06-05 20:00:00+00:00,America/New_York,2026-06-07 10:13:17.160195+00:00
RLJ,RLJ,4679,2026-03-12 13:30:00+00:00,2026-06-05 20:00:00+00:00,America/New_York,2026-06-07 10:14:09.831492+00:00
RLMD,RLMD,4637,2026-03-12 13:30:00+00:00,2026-06-05 20:00:00+00:00,America/New_York,2026-06-07 10:14:51.443105+00:00
RLYB,RLYB,2721,2026-03-12 13:30:00+00:00,2026-06-05 20:00:00+00:00,America/New_York,2026-06-07 10:15:58.196336+00:00
RM,RM,2394,2026-03-12 13:30:00+00:00,2026-06-05 20:00:00+00:00,America/New_York,2026-06-07 10:15:21.346526+00:00
RMAX,RMAX,4311,2026-03-12 13:30:00+00:00,2026-06-05 20:00:00+00:00,America/New_York,2026-06-07 10:15:26.880034+00:00
RMBI,RMBI,1589,2026-03-12 13:30:00+00:00,2026-06-05 20:00:00+00:00,America/New_York,2026-06-07 10:15:47.413706+00:00
RMBS,RMBS,4680,2026-03-12 13:30:00+00:00,2026-06-05 20:00:00+00:00,America/New_York,2026-06-07 10:12:31.075766+00:00
RMD,RMD,4681,2026-03-12 13:30:00+00:00,2026-06-05 20:00:00+00:00,America/New_York,2026-06-07 10:12:15.514683+00:00
RMNI,RMNI,3889,2026-03-12 13:30:00+00:00,2026-06-05 20:00:00+00:00,America/New_York,2026-06-07 10:15:14.626530+00:00
RMR,RMR,3485,2026-03-12 13:30:00+00:00,2026-06-05 20:00:00+00:00,America/New_York,2026-06-07 10:14:49.886642+00:00
RNA,RNA,3767,2026-03-12 13:30:00+00:00,2026-06-05 20:00:00+00:00,America/New_York,2026-06-07 10:15:39.775394+00:00
RNAC,RNAC,3673,2026-03-12 13:30:00+00:00,2026-06-05 20:00:00+00:00,America/New_York,2026-06-07 10:15:45.037973+00:00
RNG,RNG,4681,2026-03-12 13:30:00+00:00,2026-06-05 20:00:00+00:00,America/New_York,2026-06-07 10:13:32.140730+00:00
RNGR,RNGR,3962,2026-03-12 13:30:00+00:00,2026-06-05 20:00:00+00:00,America/New_York,2026-06-07 10:15:16.328157+00:00
RNR,RNR,4308,2026-03-12 13:30:00+00:00,2026-06-05 20:00:00+00:00,America/New_York,2026-06-07 10:12:37.578609+00:00
RNST,RNST,4627,2026-03-12 13:30:00+00:00,2026-06-05 20:00:00+00:00,America/New_York,2026-06-07 10:13:28.540697+00:00
RNW,RNW,4567,2026-03-12 13:30:00+00:00,2026-06-05 20:00:00+00:00,America/New_York,2026-06-07 10:13:56.150241+00:00
ROAD,ROAD,4507,2026-03-12 13:30:00+00:00,2026-06-05 20:00:00+00:00,America/New_York,2026-06-07 10:13:05.615052+00:00
ROC,ROC,1436,2026-03-12 13:50:00+00:00,2026-06-05 20:00:00+00:00,America/New_York,2026-06-07 10:15:56.865575+00:00
ROCK,ROCK,4228,2026-03-12 13:30:00+00:00,2026-06-05 20:00:00+00:00,America/New_York,2026-06-07 10:14:28.696715+00:00
ROG,ROG,3753,2026-03-12 13:30:00+00:00,2026-06-05 20:00:00+00:00,America/New_York,2026-06-07 10:13:50.473950+00:00
ROIV,ROIV,4681,2026-03-12 13:30:00+00:00,2026-06-05 20:00:00+00:00,America/New_York,2026-06-07 10:12:23.671957+00:00
ROK,ROK,4680,2026-03-12 13:30:00+00:00,2026-06-05 20:00:00+00:00,America/New_York,2026-06-07 10:12:05.451538+00:00
ROKU,ROKU,4681,2026-03-12 13:30:00+00:00,2026-06-05 20:00:00+00:00,America/New_York,2026-06-07 10:12:27.159416+00:00
ROL,ROL,4681,2026-03-12 13:30:00+00:00,2026-06-05 20:00:00+00:00,America/New_York,2026-06-07 10:12:20.965388+00:00
ROLR,ROLR,3788,2026-03-12 13:30:00+00:00,2026-06-05 20:00:00+00:00,America/New_York,2026-06-07 10:16:01.802768+00:00
ROMA,ROMA,2121,2026-03-12 13:30:00+00:00,2026-06-05 20:00:00+00:00,America/New_York,2026-06-07 10:15:10.542780+00:00
ROOT,ROOT,4247,2026-03-12 13:30:00+00:00,2026-06-05 20:00:00+00:00,America/New_York,2026-06-07 10:14:41.006969+00:00
ROP,ROP,4681,2026-03-12 13:30:00+00:00,2026-06-05 20:00:00+00:00,America/New_York,2026-06-07 10:12:12.236983+00:00
ROST,ROST,4681,2026-03-12 13:30:00+00:00,2026-06-05 20:00:00+00:00,America/New_York,2026-06-07 10:11:59.332294+00:00
RPAY,RPAY,4547,2026-03-12 13:30:00+00:00,2026-06-05 20:00:00+00:00,America/New_York,2026-06-07 10:15:26.178266+00:00
RPC,RPC,4535,2026-03-12 13:30:00+00:00,2026-06-05 20:00:00+00:00,America/New_York,2026-06-07 10:14:37.831920+00:00
RPD,RPD,4679,2026-03-12 13:30:00+00:00,2026-06-05 20:00:00+00:00,America/New_York,2026-06-07 10:15:01.951197+00:00
RPM,RPM,4669,2026-03-12 13:30:00+00:00,2026-06-05 20:00:00+00:00,America/New_York,2026-06-07 10:12:35.597970+00:00
RPRX,RPRX,4680,2026-03-12 13:30:00+00:00,2026-06-05 20:00:00+00:00,America/New_York,2026-06-07 10:12:13.454543+00:00
RPT,RPT,1420,2026-03-12 13:30:00+00:00,2026-06-05 20:00:00+00:00,America/New_York,2026-06-07 10:15:54.013620+00:00
RRBI,RRBI,2076,2026-03-12 13:30:00+00:00,2026-06-05 20:00:00+00:00,America/New_York,2026-06-07 10:14:53.697138+00:00
RRC,RRC,4681,2026-03-12 13:30:00+00:00,2026-06-05 20:00:00+00:00,America/New_York,2026-06-07 10:12:48.821218+00:00
RRGB,RRGB,3949,2026-03-12 13:30:00+00:00,2026-06-05 20:00:00+00:00,America/New_York,2026-06-07 10:15:59.219670+00:00
RRR,RRR,4634,2026-03-12 13:30:00+00:00,2026-06-05 20:00:00+00:00,America/New_York,2026-06-07 10:13:06.621214+00:00
RRX,RRX,4673,2026-03-12 13:30:00+00:00,2026-06-05 20:00:00+00:00,America/New_York,2026-06-07 10:12:35.176567+00:00
RS,RS,4603,2026-03-12 13:30:00+00:00,2026-06-05 20:00:00+00:00,America/New_York,2026-06-07 10:12:23.490478+00:00
RSG,RSG,4679,2026-03-12 13:30:00+00:00,2026-06-05 20:00:00+00:00,America/New_York,2026-06-07 10:12:01.650211+00:00
RSI,RSI,4680,2026-03-12 13:30:00+00:00,2026-06-05 20:00:00+00:00,America/New_York,2026-06-07 10:13:06.422208+00:00
RSKD,RSKD,4533,2026-03-12 13:30:00+00:00,2026-06-05 20:00:00+00:00,America/New_York,2026-06-07 10:14:45.284787+00:00
RSVR,RSVR,1929,2026-03-12 13:30:00+00:00,2026-06-05 20:00:00+00:00,America/New_York,2026-06-07 10:14:48.179661+00:00
RTAC,RTAC,1836,2026-03-12 13:30:00+00:00,2026-06-05 20:00:00+00:00,America/New_York,2026-06-07 10:15:22.418332+00:00
RTO,RTO,4677,2026-03-12 13:30:00+00:00,2026-06-05 20:00:00+00:00,America/New_York,2026-06-07 10:12:31.763896+00:00
RTX,RTX,4681,2026-03-12 13:30:00+00:00,2026-06-05 20:00:00+00:00,America/New_York,2026-06-07 10:11:48.060156+00:00
RUM,RUM,4678,2026-03-12 13:30:00+00:00,2026-06-05 20:00:00+00:00,America/New_York,2026-06-07 10:13:36.869833+00:00
RUN,RUN,4681,2026-03-12 13:30:00+00:00,2026-06-05 20:00:00+00:00,America/New_York,2026-06-07 10:13:40.096362+00:00
RUSHA,RUSHA,4305,2026-03-12 13:30:00+00:00,2026-06-05 20:00:00+00:00,America/New_York,2026-06-07 10:13:13.816764+00:00
RVLV,RVLV,4659,2026-03-12 13:30:00+00:00,2026-06-05 20:00:00+00:00,America/New_York,2026-06-07 10:14:18.386720+00:00
RVMD,RVMD,4681,2026-03-12 13:30:00+00:00,2026-06-05 20:00:00+00:00,America/New_York,2026-06-07 10:12:13.825967+00:00
RVSB,RVSB,1462,2026-03-12 13:30:00+00:00,2026-06-05 20:00:00+00:00,America/New_York,2026-06-07 10:15:53.129423+00:00
RVTY,RVTY,4661,2026-03-12 13:30:00+00:00,2026-06-05 20:00:00+00:00,America/New_York,2026-06-07 10:12:40.930495+00:00
RWAY,RWAY,4533,2026-03-12 13:30:00+00:00,2026-06-05 20:00:00+00:00,America/New_York,2026-06-07 10:15:30.992363+00:00
RWT,RWT,4669,2026-03-12 13:30:00+00:00,2026-06-05 20:00:00+00:00,America/New_York,2026-06-07 10:14:48.228296+00:00
RXO,RXO,4681,2026-03-12 13:30:00+00:00,2026-06-05 20:00:00+00:00,America/New_York,2026-06-07 10:13:21.986677+00:00
RXRX,RXRX,4681,2026-03-12 13:30:00+00:00,2026-06-05 20:00:00+00:00,America/New_York,2026-06-07 10:14:06.400554+00:00
RXST,RXST,4565,2026-03-12 13:30:00+00:00,2026-06-05 20:00:00+00:00,America/New_York,2026-06-07 10:15:39.187156+00:00
RXT,RXT,4681,2026-03-12 13:30:00+00:00,2026-06-05 20:00:00+00:00,America/New_York,2026-06-07 10:14:25.651227+00:00
RY,RY,4677,2026-03-12 13:30:00+00:00,2026-06-05 20:00:00+00:00,America/New_York,2026-06-07 10:11:47.430281+00:00
RYAAY,RYAAY,4678,2026-03-12 13:30:00+00:00,2026-06-05 20:00:00+00:00,America/New_York,2026-06-07 10:12:14.841444+00:00
RYAM,RYAM,4623,2026-03-12 13:30:00+00:00,2026-06-05 20:00:00+00:00,America/New_York,2026-06-07 10:14:58.237752+00:00
RYAN,RYAN,4681,2026-03-12 13:30:00+00:00,2026-06-05 20:00:00+00:00,America/New_York,2026-06-07 10:12:52.562154+00:00
RYM,RYM,657,2026-03-12 14:55:00+00:00,2026-06-05 20:00:00+00:00,America/New_York,2026-06-07 10:16:04.135453+00:00
RYN,RYN,4681,2026-03-12 13:30:00+00:00,2026-06-05 20:00:00+00:00,America/New_York,2026-06-07 10:13:04.742427+00:00
RYTM,RYTM,4487,2026-03-12 13:30:00+00:00,2026-06-05 20:00:00+00:00,America/New_York,2026-06-07 10:13:09.291663+00:00
RYZ,RYZ,4342,2026-03-12 13:30:00+00:00,2026-06-05 20:00:00+00:00,America/New_York,2026-06-07 10:14:16.696629+00:00
RZLT,RZLT,4659,2026-03-12 13:30:00+00:00,2026-06-05 20:00:00+00:00,America/New_York,2026-06-07 10:15:11.174663+00:00
S,S,4681,2026-03-12 13:30:00+00:00,2026-06-05 20:00:00+00:00,America/New_York,2026-06-07 10:13:11.939428+00:00
SA,SA,4670,2026-03-12 13:30:00+00:00,2026-06-05 20:00:00+00:00,America/New_York,2026-06-07 10:13:38.645748+00:00
SABS,SABS,4364,2026-03-12 13:30:00+00:00,2026-06-05 20:00:00+00:00,America/New_York,2026-06-07 10:15:31.552986+00:00
SAFE,SAFE,4422,2026-03-12 13:30:00+00:00,2026-06-05 20:00:00+00:00,America/New_York,2026-06-07 10:14:27.893851+00:00
SAFT,SAFT,2557,2026-03-12 13:30:00+00:00,2026-06-05 20:00:00+00:00,America/New_York,2026-06-07 10:14:30.350022+00:00
SAGU,SAGU,57,2026-05-22 13:35:00+00:00,2026-06-05 13:35:00+00:00,America/New_York,2026-06-07 10:15:48.751403+00:00
SAH,SAH,4138,2026-03-12 13:30:00+00:00,2026-06-05 20:00:00+00:00,America/New_York,2026-06-07 10:13:48.521757+00:00
SAIA,SAIA,4665,2026-03-12 13:30:00+00:00,2026-06-05 20:00:00+00:00,America/New_York,2026-06-07 10:12:38.175846+00:00
SAIC,SAIC,4628,2026-03-12 13:30:00+00:00,2026-06-05 20:00:00+00:00,America/New_York,2026-06-07 10:13:15.434330+00:00
SAIL,SAIL,4681,2026-03-12 13:30:00+00:00,2026-06-05 20:00:00+00:00,America/New_York,2026-06-07 10:12:44.849425+00:00
SAM,SAM,3814,2026-03-12 13:30:00+00:00,2026-06-05 20:00:00+00:00,America/New_York,2026-06-07 10:14:04.725409+00:00
SAMG,SAMG,1535,2026-03-12 14:05:00+00:00,2026-06-05 20:00:00+00:00,America/New_York,2026-06-07 10:15:51.255991+00:00
SAN,SAN,4681,2026-03-12 13:30:00+00:00,2026-06-05 20:00:00+00:00,America/New_York,2026-06-07 10:11:49.519860+00:00
SANM,SANM,4626,2026-03-12 13:30:00+00:00,2026-06-05 20:00:00+00:00,America/New_York,2026-06-07 10:12:34.631537+00:00
SAP,SAP,4681,2026-03-12 13:30:00+00:00,2026-06-05 20:00:00+00:00,America/New_York,2026-06-07 10:11:48.612743+00:00
SAR,SAR,3410,2026-03-12 13:30:00+00:00,2026-06-05 20:00:00+00:00,America/New_York,2026-06-07 10:15:16.524407+00:00
SARO,SARO,4681,2026-03-12 13:30:00+00:00,2026-06-05 20:00:00+00:00,America/New_York,2026-06-07 10:12:52.277279+00:00
SATL,SATL,4681,2026-03-12 13:30:00+00:00,2026-06-05 20:00:00+00:00,America/New_York,2026-06-07 10:14:31.678537+00:00
SATS,SATS,4681,2026-03-12 13:30:00+00:00,2026-06-05 20:00:00+00:00,America/New_York,2026-06-07 10:12:12.404862+00:00
SB,SB,4581,2026-03-12 13:30:00+00:00,2026-06-05 20:00:00+00:00,America/New_York,2026-06-07 10:14:48.993343+00:00
SBAC,SBAC,4630,2026-03-12 13:30:00+00:00,2026-06-05 20:00:00+00:00,America/New_York,2026-06-07 10:12:21.744067+00:00
SBC,SBC,2538,2026-03-12 13:30:00+00:00,2026-06-05 20:00:00+00:00,America/New_York,2026-06-07 10:15:24.799772+00:00
SBCF,SBCF,4618,2026-03-12 13:30:00+00:00,2026-06-05 20:00:00+00:00,America/New_York,2026-06-07 10:13:42.777042+00:00
SBET,SBET,4681,2026-03-12 13:30:00+00:00,2026-06-05 20:00:00+00:00,America/New_York,2026-06-07 10:14:32.317258+00:00
SBFG,SBFG,545,2026-03-12 13:30:00+00:00,2026-06-05 20:00:00+00:00,America/New_York,2026-06-07 10:15:48.264931+00:00
SBGI,SBGI,4382,2026-03-12 13:30:00+00:00,2026-06-05 20:00:00+00:00,America/New_York,2026-06-07 10:14:32.493644+00:00
SBH,SBH,4680,2026-03-12 13:30:00+00:00,2026-06-05 20:00:00+00:00,America/New_York,2026-06-07 10:14:25.800122+00:00
SBLK,SBLK,4678,2026-03-12 13:30:00+00:00,2026-06-05 20:00:00+00:00,America/New_York,2026-06-07 10:13:39.383967+00:00
SBMT,SBMT,1499,2026-04-30 13:30:00+00:00,2026-06-05 20:00:00+00:00,America/New_York,2026-06-07 10:15:39.139879+00:00
SBR,SBR,2330,2026-03-12 13:30:00+00:00,2026-06-05 20:00:00+00:00,America/New_York,2026-06-07 10:14:27.413419+00:00
SBRA,SBRA,4679,2026-03-12 13:30:00+00:00,2026-06-05 20:00:00+00:00,America/New_York,2026-06-07 10:13:19.168672+00:00
SBS,SBS,4679,2026-03-12 13:30:00+00:00,2026-06-05 20:00:00+00:00,America/New_York,2026-06-07 10:12:26.921391+00:00
SBSI,SBSI,2847,2026-03-12 13:30:00+00:00,2026-06-05 20:00:00+00:00,America/New_York,2026-06-07 10:14:32.502649+00:00
SBSW,SBSW,4681,2026-03-12 13:30:00+00:00,2026-06-05 20:00:00+00:00,America/New_York,2026-06-07 10:12:57.319788+00:00
SBUX,SBUX,4681,2026-03-12 13:30:00+00:00,2026-06-05 20:00:00+00:00,America/New_York,2026-06-07 10:11:54.342463+00:00
SCCO,SCCO,4681,2026-03-12 13:30:00+00:00,2026-06-05 20:00:00+00:00,America/New_York,2026-06-07 10:11:52.621194+00:00
SCHL,SCHL,4341,2026-03-12 13:30:00+00:00,2026-06-05 20:00:00+00:00,America/New_York,2026-06-07 10:14:35.184438+00:00
SCHW,SCHW,4681,2026-03-12 13:30:00+00:00,2026-06-05 20:00:00+00:00,America/New_York,2026-06-07 10:11:50.583709+00:00
SCI,SCI,4678,2026-03-12 13:30:00+00:00,2026-06-05 20:00:00+00:00,America/New_York,2026-06-07 10:12:47.148392+00:00
SCL,SCL,3255,2026-03-12 13:30:00+00:00,2026-06-05 20:00:00+00:00,America/New_York,2026-06-07 10:14:26.467822+00:00
SCLX,SCLX,2061,2026-03-12 13:40:00+00:00,2026-06-05 20:00:00+00:00,America/New_York,2026-06-07 10:16:03.228513+00:00
SCM,SCM,3945,2026-03-12 13:30:00+00:00,2026-06-05 20:00:00+00:00,America/New_York,2026-06-07 10:15:32.187879+00:00
SCOR,SCOR,857,2026-03-12 13:50:00+00:00,2026-06-05 20:00:00+00:00,America/New_York,2026-06-07 10:15:53.008421+00:00
SCSC,SCSC,3780,2026-03-12 13:30:00+00:00,2026-06-05 20:00:00+00:00,America/New_York,2026-06-07 10:14:34.711555+00:00
SCVL,SCVL,4415,2026-03-12 13:30:00+00:00,2026-06-05 20:00:00+00:00,America/New_York,2026-06-07 10:15:06.427450+00:00
SCZM,SCZM,4514,2026-03-12 13:30:00+00:00,2026-06-05 20:00:00+00:00,America/New_York,2026-06-07 10:14:52.032249+00:00
SD,SD,4527,2026-03-12 13:30:00+00:00,2026-06-05 20:00:00+00:00,America/New_York,2026-06-07 10:14:57.984501+00:00
SDGR,SDGR,4680,2026-03-12 13:30:00+00:00,2026-06-05 20:00:00+00:00,America/New_York,2026-06-07 10:14:29.799857+00:00
SDHC,SDHC,3003,2026-03-12 13:30:00+00:00,2026-06-05 20:00:00+00:00,America/New_York,2026-06-07 10:14:49.774048+00:00
SDRL,SDRL,4628,2026-03-12 13:30:00+00:00,2026-06-05 20:00:00+00:00,America/New_York,2026-06-07 10:13:45.656052+00:00
SE,SE,4681,2026-03-12 13:30:00+00:00,2026-06-05 20:00:00+00:00,America/New_York,2026-06-07 10:12:05.114666+00:00
SEAT,SEAT,2847,2026-03-12 13:30:00+00:00,2026-06-05 20:00:00+00:00,America/New_York,2026-06-07 10:15:56.260166+00:00
SEB,SEB,3123,2026-03-12 13:30:00+00:00,2026-06-05 20:00:00+00:00,America/New_York,2026-06-07 10:13:14.015248+00:00
SEDG,SEDG,4681,2026-03-12 13:30:00+00:00,2026-06-05 20:00:00+00:00,America/New_York,2026-06-07 10:13:28.622471+00:00
SEG,SEG,2348,2026-03-12 13:30:00+00:00,2026-06-05 20:00:00+00:00,America/New_York,2026-06-07 10:15:25.422691+00:00
SEI,SEI,4681,2026-03-12 13:30:00+00:00,2026-06-05 20:00:00+00:00,America/New_York,2026-06-07 10:13:15.008877+00:00
SEIC,SEIC,4642,2026-03-12 13:30:00+00:00,2026-06-05 20:00:00+00:00,America/New_York,2026-06-07 10:12:42.630838+00:00
SELF,SELF,1004,2026-03-12 13:30:00+00:00,2026-06-05 20:00:00+00:00,America/New_York,2026-06-07 10:16:03.698680+00:00
SEM,SEM,4667,2026-03-12 13:30:00+00:00,2026-06-05 20:00:00+00:00,America/New_York,2026-06-07 10:13:59.041126+00:00
SENEA,SENEA,2356,2026-03-12 13:30:00+00:00,2026-06-05 20:00:00+00:00,America/New_York,2026-06-07 10:14:32.349866+00:00
SENS,SENS,4381,2026-03-12 13:30:00+00:00,2026-06-05 20:00:00+00:00,America/New_York,2026-06-07 10:15:18.781653+00:00
SEPN,SEPN,4162,2026-03-12 13:30:00+00:00,2026-06-05 20:00:00+00:00,America/New_York,2026-06-07 10:14:17.265795+00:00
SERV,SERV,4681,2026-03-12 13:30:00+00:00,2026-06-05 20:00:00+00:00,America/New_York,2026-06-07 10:15:28.097961+00:00
SEVN,SEVN,2585,2026-03-12 13:30:00+00:00,2026-06-05 20:00:00+00:00,America/New_York,2026-06-07 10:15:41.398044+00:00
SEZL,SEZL,4593,2026-03-12 13:30:00+00:00,2026-06-05 20:00:00+00:00,America/New_York,2026-06-07 10:13:27.183744+00:00
SF,SF,4681,2026-03-12 13:30:00+00:00,2026-06-05 20:00:00+00:00,America/New_York,2026-06-07 10:12:42.581651+00:00
SFBC,SFBC,311,2026-03-12 13:30:00+00:00,2026-06-05 20:00:00+00:00,America/New_York,2026-06-07 10:15:54.175152+00:00
SFBS,SFBS,4080,2026-03-12 13:30:00+00:00,2026-06-05 20:00:00+00:00,America/New_York,2026-06-07 10:13:23.659235+00:00
SFD,SFD,4675,2026-03-12 13:30:00+00:00,2026-06-05 20:00:00+00:00,America/New_York,2026-06-07 10:12:43.985493+00:00
SFIX,SFIX,4677,2026-03-12 13:30:00+00:00,2026-06-05 20:00:00+00:00,America/New_York,2026-06-07 10:15:06.672586+00:00
SFL,SFL,4679,2026-03-12 13:30:00+00:00,2026-06-05 20:00:00+00:00,America/New_York,2026-06-07 10:14:10.201582+00:00
SFM,SFM,4680,2026-03-12 13:30:00+00:00,2026-06-05 20:00:00+00:00,America/New_York,2026-06-07 10:12:54.187373+00:00
SFNC,SFNC,4666,2026-03-12 13:30:00+00:00,2026-06-05 20:00:00+00:00,America/New_York,2026-06-07 10:13:40.398579+00:00
SFST,SFST,2632,2026-03-12 13:30:00+00:00,2026-06-05 20:00:00+00:00,America/New_York,2026-06-07 10:14:57.402757+00:00
SG,SG,4681,2026-03-12 13:30:00+00:00,2026-06-05 20:00:00+00:00,America/New_York,2026-06-07 10:14:38.122000+00:00
SGA,SGA,538,2026-03-12 13:30:00+00:00,2026-06-05 20:00:00+00:00,America/New_York,2026-06-07 10:16:03.263328+00:00
SGC,SGC,1723,2026-03-12 13:30:00+00:00,2026-06-05 20:00:00+00:00,America/New_York,2026-06-07 10:15:39.249018+00:00
SGHC,SGHC,4681,2026-03-12 13:30:00+00:00,2026-06-05 20:00:00+00:00,America/New_York,2026-06-07 10:13:03.674486+00:00
SGHT,SGHT,3664,2026-03-12 13:30:00+00:00,2026-06-05 20:00:00+00:00,America/New_York,2026-06-07 10:15:34.130548+00:00
SGI,SGI,4681,2026-03-12 13:30:00+00:00,2026-06-05 20:00:00+00:00,America/New_York,2026-06-07 10:12:33.546621+00:00
SGML,SGML,4680,2026-03-12 13:30:00+00:00,2026-06-05 20:00:00+00:00,America/New_York,2026-06-07 10:14:13.976588+00:00
SGMT,SGMT,4458,2026-03-12 13:30:00+00:00,2026-06-05 20:00:00+00:00,America/New_York,2026-06-07 10:15:10.639171+00:00
SGP,SGP,2164,2026-03-12 13:30:00+00:00,2026-06-05 20:00:00+00:00,America/New_York,2026-06-07 10:14:51.069301+00:00
SGRY,SGRY,4672,2026-03-12 13:30:00+00:00,2026-06-05 20:00:00+00:00,America/New_York,2026-06-07 10:14:05.251794+00:00
SHAK,SHAK,4674,2026-03-12 13:30:00+00:00,2026-06-05 20:00:00+00:00,America/New_York,2026-06-07 10:13:55.551133+00:00
SHAZ,SHAZ,3895,2026-03-12 13:55:00+00:00,2026-06-05 20:00:00+00:00,America/New_York,2026-06-07 10:14:29.245216+00:00
SHBI,SHBI,3825,2026-03-12 13:30:00+00:00,2026-06-05 20:00:00+00:00,America/New_York,2026-06-07 10:14:46.680845+00:00
SHC,SHC,4681,2026-03-12 13:30:00+00:00,2026-06-05 20:00:00+00:00,America/New_York,2026-06-07 10:13:21.781229+00:00
SHEL,SHEL,4681,2026-03-12 13:30:00+00:00,2026-06-05 20:00:00+00:00,America/New_York,2026-06-07 10:11:48.092888+00:00
SHEN,SHEN,3921,2026-03-12 13:30:00+00:00,2026-06-05 20:00:00+00:00,America/New_York,2026-06-07 10:14:37.314310+00:00
SHG,SHG,4348,2026-03-12 13:30:00+00:00,2026-06-05 20:00:00+00:00,America/New_York,2026-06-07 10:12:13.774108+00:00
SHIM,SHIM,2820,2026-03-12 13:30:00+00:00,2026-06-05 20:00:00+00:00,America/New_York,2026-06-07 10:15:47.127023+00:00
SHIP,SHIP,4137,2026-03-12 13:30:00+00:00,2026-06-05 20:00:00+00:00,America/New_York,2026-06-07 10:15:21.885031+00:00
SHLS,SHLS,4681,2026-03-12 13:30:00+00:00,2026-06-05 20:00:00+00:00,America/New_York,2026-06-07 10:14:04.347799+00:00
SHMD,SHMD,4504,2026-03-12 13:30:00+00:00,2026-06-05 20:00:00+00:00,America/New_York,2026-06-07 10:15:18.255262+00:00
SHO,SHO,4677,2026-03-12 13:30:00+00:00,2026-06-05 20:00:00+00:00,America/New_York,2026-06-07 10:13:56.619215+00:00
SHOO,SHOO,4655,2026-03-12 13:30:00+00:00,2026-06-05 20:00:00+00:00,America/New_York,2026-06-07 10:13:38.198001+00:00
SHOP,SHOP,4681,2026-03-12 13:30:00+00:00,2026-06-05 20:00:00+00:00,America/New_York,2026-06-07 10:11:51.440403+00:00
SHW,SHW,4681,2026-03-12 13:30:00+00:00,2026-06-05 20:00:00+00:00,America/New_York,2026-06-07 10:11:59.271517+00:00
SI,SI,2469,2026-03-12 13:30:00+00:00,2026-06-05 20:00:00+00:00,America/New_York,2026-06-07 10:15:28.360068+00:00
SIBN,SIBN,4506,2026-03-12 13:30:00+00:00,2026-06-05 20:00:00+00:00,America/New_York,2026-06-07 10:14:48.757487+00:00
SIDU,SIDU,4681,2026-03-12 13:30:00+00:00,2026-06-05 20:00:00+00:00,America/New_York,2026-06-07 10:15:21.281494+00:00
SIF,SIF,2651,2026-03-12 13:30:00+00:00,2026-06-05 20:00:00+00:00,America/New_York,2026-06-07 10:15:52.095676+00:00
SIFY,SIFY,2192,2026-03-12 13:30:00+00:00,2026-06-05 20:00:00+00:00,America/New_York,2026-06-07 10:14:29.955563+00:00
SIG,SIG,4653,2026-03-12 13:30:00+00:00,2026-06-05 20:00:00+00:00,America/New_York,2026-06-07 10:13:36.518229+00:00
SIGA,SIGA,4460,2026-03-12 13:30:00+00:00,2026-06-05 20:00:00+00:00,America/New_York,2026-06-07 10:15:25.066573+00:00
SIGI,SIGI,4471,2026-03-12 13:30:00+00:00,2026-06-05 20:00:00+00:00,America/New_York,2026-06-07 10:13:12.521961+00:00
SII,SII,4172,2026-03-12 13:30:00+00:00,2026-06-05 20:00:00+00:00,America/New_York,2026-06-07 10:13:38.622692+00:00
SILA,SILA,4504,2026-03-12 13:30:00+00:00,2026-06-05 20:00:00+00:00,America/New_York,2026-06-07 10:14:08.131691+00:00
SILC,SILC,2664,2026-03-12 13:30:00+00:00,2026-06-05 20:00:00+00:00,America/New_York,2026-06-07 10:15:37.676268+00:00
SIMO,SIMO,4600,2026-03-12 13:30:00+00:00,2026-06-05 20:00:00+00:00,America/New_York,2026-06-07 10:12:51.792373+00:00
SION,SION,4279,2026-03-12 13:30:00+00:00,2026-06-05 20:00:00+00:00,America/New_York,2026-06-07 10:14:10.604496+00:00
SIRI,SIRI,4681,2026-03-12 13:30:00+00:00,2026-06-05 20:00:00+00:00,America/New_York,2026-06-07 10:12:49.856465+00:00
SITC,SITC,4590,2026-03-12 13:30:00+00:00,2026-06-05 20:00:00+00:00,America/New_York,2026-06-07 10:15:30.951981+00:00
SITE,SITE,4643,2026-03-12 13:30:00+00:00,2026-06-05 20:00:00+00:00,America/New_York,2026-06-07 10:13:18.475588+00:00
SITM,SITM,4638,2026-03-12 13:30:00+00:00,2026-06-05 20:00:00+00:00,America/New_York,2026-06-07 10:12:30.155551+00:00
SJM,SJM,4681,2026-03-12 13:30:00+00:00,2026-06-05 20:00:00+00:00,America/New_York,2026-06-07 10:12:42.324606+00:00
SJT,SJT,3527,2026-03-12 13:30:00+00:00,2026-06-05 20:00:00+00:00,America/New_York,2026-06-07 10:15:44.992895+00:00
SKBL,SKBL,2834,2026-03-12 13:30:00+00:00,2026-06-05 20:00:00+00:00,America/New_York,2026-06-07 10:15:55.712138+00:00
SKE,SKE,4667,2026-03-12 13:30:00+00:00,2026-06-05 20:00:00+00:00,America/New_York,2026-06-07 10:13:38.586059+00:00
SKIL,SKIL,3195,2026-03-12 13:30:00+00:00,2026-06-05 20:00:00+00:00,America/New_York,2026-06-07 10:16:02.904333+00:00
SKLZ,SKLZ,3562,2026-03-12 13:30:00+00:00,2026-06-05 20:00:00+00:00,America/New_York,2026-06-07 10:15:51.594176+00:00
SKM,SKM,4679,2026-03-12 13:30:00+00:00,2026-06-05 20:00:00+00:00,America/New_York,2026-06-07 10:12:33.335879+00:00
SKT,SKT,4639,2026-03-12 13:30:00+00:00,2026-06-05 20:00:00+00:00,America/New_York,2026-06-07 10:13:23.788705+00:00
SKWD,SKWD,4317,2026-03-12 13:30:00+00:00,2026-06-05 20:00:00+00:00,America/New_York,2026-06-07 10:14:03.067498+00:00
SKY,SKY,4534,2026-03-12 13:30:00+00:00,2026-06-05 20:00:00+00:00,America/New_York,2026-06-07 10:13:23.528427+00:00
SKYH,SKYH,3350,2026-03-12 13:30:00+00:00,2026-06-05 20:00:00+00:00,America/New_York,2026-06-07 10:14:47.128608+00:00
SKYT,SKYT,4672,2026-03-12 13:30:00+00:00,2026-06-05 20:00:00+00:00,America/New_York,2026-06-07 10:14:07.632781+00:00
SKYW,SKYW,4439,2026-03-12 13:30:00+00:00,2026-06-05 20:00:00+00:00,America/New_York,2026-06-07 10:13:34.934873+00:00
SLAB,SLAB,4376,2026-03-12 13:30:00+00:00,2026-06-05 20:00:00+00:00,America/New_York,2026-06-07 10:12:58.763464+00:00
SLB,SLB,4681,2026-03-12 13:30:00+00:00,2026-06-05 20:00:00+00:00,America/New_York,2026-06-07 10:11:57.618921+00:00
SLDB,SLDB,4659,2026-03-12 13:30:00+00:00,2026-06-05 20:00:00+00:00,America/New_York,2026-06-07 10:14:49.359515+00:00
SLDE,SLDE,4659,2026-03-12 13:30:00+00:00,2026-06-05 20:00:00+00:00,America/New_York,2026-06-07 10:14:01.780247+00:00
SLF,SLF,4657,2026-03-12 13:30:00+00:00,2026-06-05 20:00:00+00:00,America/New_York,2026-06-07 10:12:08.173885+00:00
SLG,SLG,4680,2026-03-12 13:30:00+00:00,2026-06-05 20:00:00+00:00,America/New_York,2026-06-07 10:13:32.010900+00:00
SLGL,SLGL,949,2026-03-12 13:30:00+00:00,2026-06-05 20:00:00+00:00,America/New_York,2026-06-07 10:15:32.051430+00:00
SLGN,SLGN,4648,2026-03-12 13:30:00+00:00,2026-06-05 20:00:00+00:00,America/New_York,2026-06-07 10:13:28.068483+00:00
SLI,SLI,4679,2026-03-12 13:30:00+00:00,2026-06-05 20:00:00+00:00,America/New_York,2026-06-07 10:14:41.399102+00:00
SLM,SLM,4681,2026-03-12 13:30:00+00:00,2026-06-05 20:00:00+00:00,America/New_York,2026-06-07 10:13:21.722052+00:00
SLMT,SLMT,3783,2026-03-12 13:30:00+00:00,2026-06-05 20:00:00+00:00,America/New_York,2026-06-07 10:16:04.367451+00:00
SLN,SLN,3859,2026-03-12 13:30:00+00:00,2026-06-05 20:00:00+00:00,America/New_York,2026-06-07 10:15:27.971164+00:00
SLNG,SLNG,1378,2026-03-12 13:30:00+00:00,2026-06-05 20:00:00+00:00,America/New_York,2026-06-07 10:15:56.367334+00:00
SLP,SLP,4102,2026-03-12 13:30:00+00:00,2026-06-05 20:00:00+00:00,America/New_York,2026-06-07 10:15:23.599685+00:00
SLRC,SLRC,4367,2026-03-12 13:30:00+00:00,2026-06-05 20:00:00+00:00,America/New_York,2026-06-07 10:14:46.820515+00:00
SLS,SLS,4681,2026-03-12 13:30:00+00:00,2026-06-05 20:00:00+00:00,America/New_York,2026-06-07 10:14:13.812732+00:00
SLSR,SLSR,3646,2026-03-12 13:30:00+00:00,2026-06-05 20:00:00+00:00,America/New_York,2026-06-07 10:14:12.655620+00:00
SLVM,SLVM,4310,2026-03-12 13:30:00+00:00,2026-06-05 20:00:00+00:00,America/New_York,2026-06-07 10:14:11.348675+00:00
SM,SM,4681,2026-03-12 13:30:00+00:00,2026-06-05 20:00:00+00:00,America/New_York,2026-06-07 10:12:56.018915+00:00
SMA,SMA,4584,2026-03-12 13:30:00+00:00,2026-06-05 20:00:00+00:00,America/New_York,2026-06-07 10:14:03.934085+00:00
SMBC,SMBC,2147,2026-03-12 13:30:00+00:00,2026-06-05 20:00:00+00:00,America/New_York,2026-06-07 10:14:43.333240+00:00
SMBK,SMBK,2397,2026-03-12 13:30:00+00:00,2026-06-05 20:00:00+00:00,America/New_York,2026-06-07 10:14:45.464206+00:00
SMCI,SMCI,4681,2026-03-12 13:30:00+00:00,2026-06-05 20:00:00+00:00,America/New_York,2026-06-07 10:12:19.123963+00:00
SMFG,SMFG,4680,2026-03-12 13:30:00+00:00,2026-06-05 20:00:00+00:00,America/New_York,2026-06-07 10:11:51.192855+00:00
SMG,SMG,4667,2026-03-12 13:30:00+00:00,2026-06-05 20:00:00+00:00,America/New_York,2026-06-07 10:13:35.621581+00:00
SMHI,SMHI,2747,2026-03-12 13:30:00+00:00,2026-06-05 20:00:00+00:00,America/New_York,2026-06-07 10:15:40.704689+00:00
SMID,SMID,623,2026-03-12 13:50:00+00:00,2026-06-05 20:00:00+00:00,America/New_York,2026-06-07 10:15:46.653410+00:00
SMJF,SMJF,2405,2026-03-12 13:30:00+00:00,2026-06-05 20:00:00+00:00,America/New_York,2026-06-07 10:15:50.919869+00:00
SMMT,SMMT,4681,2026-03-12 13:30:00+00:00,2026-06-05 20:00:00+00:00,America/New_York,2026-06-07 10:12:42.422128+00:00
SMP,SMP,2998,2026-03-12 13:30:00+00:00,2026-06-05 20:00:00+00:00,America/New_York,2026-06-07 10:14:38.567540+00:00
SMPL,SMPL,4681,2026-03-12 13:30:00+00:00,2026-06-05 20:00:00+00:00,America/New_York,2026-06-07 10:14:27.320787+00:00
SMR,SMR,4681,2026-03-12 13:30:00+00:00,2026-06-05 20:00:00+00:00,America/New_York,2026-06-07 10:13:28.930230+00:00
SMTC,SMTC,4681,2026-03-12 13:30:00+00:00,2026-06-05 20:00:00+00:00,America/New_York,2026-06-07 10:12:34.443559+00:00
SMTI,SMTI,1946,2026-03-12 13:30:00+00:00,2026-06-05 20:00:00+00:00,America/New_York,2026-06-07 10:15:40.422444+00:00
SMWB,SMWB,4563,2026-03-12 13:30:00+00:00,2026-06-05 20:00:00+00:00,America/New_York,2026-06-07 10:15:18.084117+00:00
SN,SN,4680,2026-03-12 13:30:00+00:00,2026-06-05 20:00:00+00:00,America/New_York,2026-06-07 10:12:28.853155+00:00
SNA,SNA,4651,2026-03-12 13:30:00+00:00,2026-06-05 20:00:00+00:00,America/New_York,2026-06-07 10:12:24.735517+00:00
SNAP,SNAP,4681,2026-03-12 13:30:00+00:00,2026-06-05 20:00:00+00:00,America/New_York,2026-06-07 10:12:47.477045+00:00
SND,SND,4064,2026-03-12 13:30:00+00:00,2026-06-05 20:00:00+00:00,America/New_York,2026-06-07 10:15:35.129954+00:00
SNDA,SNDA,4653,2026-03-12 13:30:00+00:00,2026-06-05 20:00:00+00:00,America/New_York,2026-06-07 10:14:09.268336+00:00
SNDK,SNDK,4681,2026-03-12 13:30:00+00:00,2026-06-05 20:00:00+00:00,America/New_York,2026-06-07 10:11:48.318843+00:00
SNDR,SNDR,4667,2026-03-12 13:30:00+00:00,2026-06-05 20:00:00+00:00,America/New_York,2026-06-07 10:13:03.530195+00:00
SNDX,SNDX,4671,2026-03-12 13:30:00+00:00,2026-06-05 20:00:00+00:00,America/New_York,2026-06-07 10:14:12.521679+00:00
SNEX,SNEX,4570,2026-03-12 13:30:00+00:00,2026-06-05 20:00:00+00:00,America/New_York,2026-06-07 10:12:50.381189+00:00
SNFCA,SNFCA,1431,2026-03-12 13:30:00+00:00,2026-06-05 20:00:00+00:00,America/New_York,2026-06-07 10:15:34.458155+00:00
SNN,SNN,4680,2026-03-12 13:30:00+00:00,2026-06-05 20:00:00+00:00,America/New_York,2026-06-07 10:12:36.680030+00:00
SNOW,SNOW,4681,2026-03-12 13:30:00+00:00,2026-06-05 20:00:00+00:00,America/New_York,2026-06-07 10:11:58.126254+00:00
SNPS,SNPS,4681,2026-03-12 13:30:00+00:00,2026-06-05 20:00:00+00:00,America/New_York,2026-06-07 10:11:56.933388+00:00
SNWV,SNWV,2543,2026-03-12 13:30:00+00:00,2026-06-05 20:00:00+00:00,America/New_York,2026-06-07 10:15:51.990134+00:00
SNX,SNX,4644,2026-03-12 13:30:00+00:00,2026-06-05 20:00:00+00:00,America/New_York,2026-06-07 10:12:22.460798+00:00
SNY,SNY,4681,2026-03-12 13:30:00+00:00,2026-06-05 20:00:00+00:00,America/New_York,2026-06-07 10:11:54.010584+00:00
SO,SO,4681,2026-03-12 13:30:00+00:00,2026-06-05 20:00:00+00:00,America/New_York,2026-06-07 10:11:54.885540+00:00
SOBO,SOBO,4673,2026-03-12 13:30:00+00:00,2026-06-05 20:00:00+00:00,America/New_York,2026-06-07 10:12:56.120176+00:00
SOC,SOC,4681,2026-03-12 13:30:00+00:00,2026-06-05 20:00:00+00:00,America/New_York,2026-06-07 10:14:02.412913+00:00
SOFI,SOFI,4681,2026-03-12 13:30:00+00:00,2026-06-05 20:00:00+00:00,America/New_York,2026-06-07 10:12:24.167977+00:00
SOGP,SOGP,1114,2026-03-12 13:55:00+00:00,2026-06-05 20:00:00+00:00,America/New_York,2026-06-07 10:16:04.443114+00:00
SOHU,SOHU,1630,2026-03-12 14:05:00+00:00,2026-06-05 20:00:00+00:00,America/New_York,2026-06-07 10:15:19.392778+00:00
SOLS,SOLS,4681,2026-03-12 13:30:00+00:00,2026-06-05 20:00:00+00:00,America/New_York,2026-06-07 10:12:36.948948+00:00
SOLV,SOLV,4680,2026-03-12 13:30:00+00:00,2026-06-05 20:00:00+00:00,America/New_York,2026-06-07 10:12:34.197608+00:00
SON,SON,4677,2026-03-12 13:30:00+00:00,2026-06-05 20:00:00+00:00,America/New_York,2026-06-07 10:13:18.562212+00:00
SONO,SONO,4670,2026-03-12 13:30:00+00:00,2026-06-05 20:00:00+00:00,America/New_York,2026-06-07 10:14:04.106733+00:00
SONY,SONY,4681,2026-03-12 13:30:00+00:00,2026-06-05 20:00:00+00:00,America/New_York,2026-06-07 10:11:52.459237+00:00
SOPH,SOPH,2697,2026-03-12 13:30:00+00:00,2026-06-05 20:00:00+00:00,America/New_York,2026-06-07 10:15:16.721368+00:00
SOTK,SOTK,1225,2026-03-12 13:40:00+00:00,2026-06-05 20:00:00+00:00,America/New_York,2026-06-07 10:15:58.655071+00:00
SOUL,SOUL,265,2026-03-12 13:30:00+00:00,2026-06-05 13:45:00+00:00,America/New_York,2026-06-07 10:15:30.295792+00:00
SOUN,SOUN,4681,2026-03-12 13:30:00+00:00,2026-06-05 20:00:00+00:00,America/New_York,2026-06-07 10:13:39.569967+00:00
SPAI,SPAI,3642,2026-03-12 13:30:00+00:00,2026-06-05 20:00:00+00:00,America/New_York,2026-06-07 10:15:53.218490+00:00
SPB,SPB,4264,2026-03-12 13:30:00+00:00,2026-06-05 20:00:00+00:00,America/New_York,2026-06-07 10:14:01.648297+00:00
SPCE,SPCE,4681,2026-03-12 13:30:00+00:00,2026-06-05 20:00:00+00:00,America/New_York,2026-06-07 10:15:06.885114+00:00
SPFI,SPFI,2480,2026-03-12 13:30:00+00:00,2026-06-05 20:00:00+00:00,America/New_York,2026-06-07 10:14:42.560863+00:00
SPG,SPG,4680,2026-03-12 13:30:00+00:00,2026-06-05 20:00:00+00:00,America/New_York,2026-06-07 10:12:00.899850+00:00
SPGI,SPGI,4681,2026-03-12 13:30:00+00:00,2026-06-05 20:00:00+00:00,America/New_York,2026-06-07 10:11:52.020583+00:00
SPHR,SPHR,4543,2026-03-13 13:30:00+00:00,2026-06-05 20:00:00+00:00,America/New_York,2026-06-07 10:13:15.247615+00:00
SPIR,SPIR,4677,2026-03-12 13:30:00+00:00,2026-06-05 20:00:00+00:00,America/New_York,2026-06-07 10:14:47.213479+00:00
SPNT,SPNT,4627,2026-03-12 13:30:00+00:00,2026-06-05 20:00:00+00:00,America/New_York,2026-06-07 10:13:49.232739+00:00
SPOK,SPOK,3626,2026-03-12 13:30:00+00:00,2026-06-05 20:00:00+00:00,America/New_York,2026-06-07 10:15:37.292937+00:00
SPOT,SPOT,4681,2026-03-12 13:30:00+00:00,2026-06-05 20:00:00+00:00,America/New_York,2026-06-07 10:11:55.024209+00:00
SPRB,SPRB,2113,2026-03-12 13:30:00+00:00,2026-06-05 20:00:00+00:00,America/New_York,2026-06-07 10:15:50.134810+00:00
SPRY,SPRY,4671,2026-03-12 13:30:00+00:00,2026-06-05 20:00:00+00:00,America/New_York,2026-06-07 10:14:39.434497+00:00
SPSC,SPSC,4530,2026-03-12 13:30:00+00:00,2026-06-05 20:00:00+00:00,America/New_York,2026-06-07 10:13:58.083111+00:00
SPT,SPT,4678,2026-03-12 13:30:00+00:00,2026-06-05 20:00:00+00:00,America/New_York,2026-06-07 10:15:09.542218+00:00
SPTX,SPTX,1510,2026-05-01 13:30:00+00:00,2026-06-05 20:00:00+00:00,America/New_York,2026-06-07 10:14:38.244686+00:00
SPXC,SPXC,4446,2026-03-12 13:30:00+00:00,2026-06-05 20:00:00+00:00,America/New_York,2026-06-07 10:12:41.667767+00:00
SPY,SPY,4681,2026-03-12 13:30:00+00:00,2026-06-05 20:00:00+00:00,America/New_York,2026-06-07 10:16:05.067799+00:00
SQM,SQM,4675,2026-03-12 13:30:00+00:00,2026-06-05 20:00:00+00:00,America/New_York,2026-06-07 10:12:23.050829+00:00
SQNS,SQNS,3205,2026-03-12 13:30:00+00:00,2026-06-05 20:00:00+00:00,America/New_York,2026-06-07 10:16:04.546431+00:00
SR,SR,4366,2026-03-12 13:30:00+00:00,2026-06-05 20:00:00+00:00,America/New_York,2026-06-07 10:13:16.698093+00:00
SRAD,SRAD,4681,2026-03-12 13:30:00+00:00,2026-06-05 20:00:00+00:00,America/New_York,2026-06-07 10:13:23.213810+00:00
SRBK,SRBK,1818,2026-03-12 13:30:00+00:00,2026-06-05 20:00:00+00:00,America/New_York,2026-06-07 10:15:49.827936+00:00
SRCE,SRCE,3297,2026-03-12 13:30:00+00:00,2026-06-05 20:00:00+00:00,America/New_York,2026-06-07 10:14:03.452437+00:00
SRE,SRE,4681,2026-03-12 13:30:00+00:00,2026-06-05 20:00:00+00:00,America/New_York,2026-06-07 10:12:02.757613+00:00
SRI,SRI,3945,2026-03-12 13:30:00+00:00,2026-06-05 20:00:00+00:00,America/New_York,2026-06-07 10:15:40.313487+00:00
SRPT,SRPT,4681,2026-03-12 13:30:00+00:00,2026-06-05 20:00:00+00:00,America/New_York,2026-06-07 10:14:08.653760+00:00
SRRK,SRRK,4657,2026-03-12 13:30:00+00:00,2026-06-05 20:00:00+00:00,America/New_York,2026-06-07 10:13:14.923228+00:00
SRTA,SRTA,4571,2026-03-12 13:30:00+00:00,2026-06-05 20:00:00+00:00,America/New_York,2026-06-07 10:15:01.662036+00:00
SRZN,SRZN,2510,2026-03-12 13:30:00+00:00,2026-06-05 20:00:00+00:00,America/New_York,2026-06-07 10:15:32.946053+00:00
SSAC,SSAC,234,2026-03-12 13:30:00+00:00,2026-06-05 20:00:00+00:00,America/New_York,2026-06-07 10:15:33.987826+00:00
SSB,SSB,4652,2026-03-12 13:30:00+00:00,2026-06-05 20:00:00+00:00,America/New_York,2026-06-07 10:12:48.269310+00:00
SSD,SSD,4147,2026-03-12 13:30:00+00:00,2026-06-05 20:00:00+00:00,America/New_York,2026-06-07 10:12:55.909485+00:00
SSII,SSII,1753,2026-03-12 13:30:00+00:00,2026-06-05 20:00:00+00:00,America/New_York,2026-06-07 10:14:44.874800+00:00
SSL,SSL,4680,2026-03-12 13:30:00+00:00,2026-06-05 20:00:00+00:00,America/New_York,2026-06-07 10:12:51.909249+00:00
SSNC,SSNC,4681,2026-03-12 13:30:00+00:00,2026-06-05 20:00:00+00:00,America/New_York,2026-06-07 10:12:28.544706+00:00
SSP,SSP,4551,2026-03-12 13:30:00+00:00,2026-06-05 20:00:00+00:00,America/New_York,2026-06-07 10:15:25.997979+00:00
SSRM,SSRM,4681,2026-03-12 13:30:00+00:00,2026-06-05 20:00:00+00:00,America/New_York,2026-06-07 10:13:11.990726+00:00
SSSS,SSSS,4187,2026-03-12 13:30:00+00:00,2026-06-05 20:00:00+00:00,America/New_York,2026-06-07 10:15:19.412660+00:00
SSTI,SSTI,3059,2026-03-12 13:30:00+00:00,2026-06-05 20:00:00+00:00,America/New_York,2026-06-07 10:15:55.523946+00:00
SSTK,SSTK,4285,2026-03-12 13:30:00+00:00,2026-06-05 20:00:00+00:00,America/New_York,2026-06-07 10:15:05.106917+00:00
SSYS,SSYS,4592,2026-03-12 13:30:00+00:00,2026-06-05 20:00:00+00:00,America/New_York,2026-06-07 10:14:44.479695+00:00
ST,ST,4681,2026-03-12 13:30:00+00:00,2026-06-05 20:00:00+00:00,America/New_York,2026-06-07 10:12:57.933448+00:00
STAA,STAA,4647,2026-03-12 13:30:00+00:00,2026-06-05 20:00:00+00:00,America/New_York,2026-06-07 10:14:13.472544+00:00
STAG,STAG,4681,2026-03-12 13:30:00+00:00,2026-06-05 20:00:00+00:00,America/New_York,2026-06-07 10:12:59.301785+00:00
STBA,STBA,3910,2026-03-12 13:30:00+00:00,2026-06-05 20:00:00+00:00,America/New_York,2026-06-07 10:14:08.023320+00:00
STC,STC,3546,2026-03-12 13:30:00+00:00,2026-06-05 20:00:00+00:00,America/New_York,2026-06-07 10:14:00.540612+00:00
STE,STE,4616,2026-03-12 13:30:00+00:00,2026-06-05 20:00:00+00:00,America/New_York,2026-06-07 10:12:23.364325+00:00
STEL,STEL,4471,2026-03-12 13:30:00+00:00,2026-06-05 20:00:00+00:00,America/New_York,2026-06-07 10:14:01.210428+00:00
STEM,STEM,3683,2026-03-12 13:30:00+00:00,2026-06-05 20:00:00+00:00,America/New_York,2026-06-07 10:16:01.435932+00:00
STEP,STEP,4630,2026-03-12 13:30:00+00:00,2026-06-05 20:00:00+00:00,America/New_York,2026-06-07 10:13:12.542487+00:00
STGW,STGW,4644,2026-03-12 13:30:00+00:00,2026-06-05 20:00:00+00:00,America/New_York,2026-06-07 10:14:09.295352+00:00
STHO,STHO,850,2026-03-12 13:35:00+00:00,2026-06-05 20:00:00+00:00,America/New_York,2026-06-07 10:15:54.224152+00:00
STI,STI,2094,2026-03-12 13:30:00+00:00,2026-06-05 20:00:00+00:00,America/New_York,2026-06-07 10:15:30.428746+00:00
STLA,STLA,4676,2026-03-12 13:30:00+00:00,2026-06-05 20:00:00+00:00,America/New_York,2026-06-07 10:12:17.645128+00:00
STLD,STLD,4676,2026-03-12 13:30:00+00:00,2026-06-05 20:00:00+00:00,America/New_York,2026-06-07 10:12:09.751331+00:00
STM,STM,4681,2026-03-12 13:30:00+00:00,2026-06-05 20:00:00+00:00,America/New_York,2026-06-07 10:12:02.004765+00:00
STN,STN,4507,2026-03-12 13:30:00+00:00,2026-06-05 20:00:00+00:00,America/New_York,2026-06-07 10:12:53.004559+00:00
STNE,STNE,4681,2026-03-12 13:30:00+00:00,2026-06-05 20:00:00+00:00,America/New_York,2026-06-07 10:13:49.300276+00:00
STNG,STNG,4670,2026-03-12 13:30:00+00:00,2026-06-05 20:00:00+00:00,America/New_York,2026-06-07 10:13:27.796339+00:00
STOK,STOK,4520,2026-03-12 13:30:00+00:00,2026-06-05 20:00:00+00:00,America/New_York,2026-06-07 10:14:02.858149+00:00
STRA,STRA,3922,2026-03-12 13:30:00+00:00,2026-06-05 20:00:00+00:00,America/New_York,2026-06-07 10:14:03.525069+00:00
STRL,STRL,4678,2026-03-12 13:30:00+00:00,2026-06-05 20:00:00+00:00,America/New_York,2026-06-07 10:12:16.924875+00:00
STRO,STRO,3832,2026-03-12 13:30:00+00:00,2026-06-05 20:00:00+00:00,America/New_York,2026-06-07 10:15:08.449144+00:00
STRS,STRS,1235,2026-03-12 13:45:00+00:00,2026-06-05 20:00:00+00:00,America/New_York,2026-06-07 10:15:37.196249+00:00
STRT,STRT,2548,2026-03-12 13:30:00+00:00,2026-06-05 20:00:00+00:00,America/New_York,2026-06-07 10:15:22.580892+00:00
STRW,STRW,1226,2026-03-12 13:30:00+00:00,2026-06-05 20:00:00+00:00,America/New_York,2026-06-07 10:15:45.336109+00:00
STRZ,STRZ,3447,2026-03-12 13:30:00+00:00,2026-06-05 20:00:00+00:00,America/New_York,2026-06-07 10:15:07.100872+00:00
STT,STT,4680,2026-03-12 13:30:00+00:00,2026-06-05 20:00:00+00:00,America/New_York,2026-06-07 10:12:06.725756+00:00
STTK,STTK,4356,2026-03-12 13:30:00+00:00,2026-06-05 20:00:00+00:00,America/New_York,2026-06-07 10:15:19.050880+00:00
STUB,STUB,4681,2026-03-12 13:30:00+00:00,2026-06-05 20:00:00+00:00,America/New_York,2026-06-07 10:13:33.835709+00:00
STVN,STVN,4374,2026-03-12 13:30:00+00:00,2026-06-05 20:00:00+00:00,America/New_York,2026-06-07 10:13:15.042429+00:00
STWD,STWD,4681,2026-03-12 13:30:00+00:00,2026-06-05 20:00:00+00:00,America/New_York,2026-06-07 10:13:05.428022+00:00
STX,STX,4681,2026-03-12 13:30:00+00:00,2026-06-05 20:00:00+00:00,America/New_York,2026-06-07 10:11:49.457616+00:00
STZ,STZ,4681,2026-03-12 13:30:00+00:00,2026-06-05 20:00:00+00:00,America/New_York,2026-06-07 10:12:19.147582+00:00
SU,SU,4681,2026-03-12 13:30:00+00:00,2026-06-05 20:00:00+00:00,America/New_York,2026-06-07 10:12:00.189232+00:00
SUI,SUI,4633,2026-03-12 13:30:00+00:00,2026-06-05 20:00:00+00:00,America/New_York,2026-06-07 10:12:30.404392+00:00
SUMA,SUMA,120,2026-04-20 14:30:00+00:00,2026-06-04 19:45:00+00:00,America/New_York,2026-06-07 10:15:39.850147+00:00
SUNB,SUNB,4681,2026-03-12 13:30:00+00:00,2026-06-05 20:00:00+00:00,America/New_York,2026-06-07 10:12:13.115473+00:00
SUNC,SUNC,4566,2026-03-12 13:30:00+00:00,2026-06-05 20:00:00+00:00,America/New_York,2026-06-07 10:13:34.266450+00:00
SUNS,SUNS,2845,2026-03-12 13:30:00+00:00,2026-06-05 20:00:00+00:00,America/New_York,2026-06-07 10:15:53.354809+00:00
SUPN,SUPN,4426,2026-03-12 13:30:00+00:00,2026-06-05 20:00:00+00:00,America/New_York,2026-06-07 10:13:48.751241+00:00
SUPV,SUPV,4617,2026-03-12 13:30:00+00:00,2026-06-05 20:00:00+00:00,America/New_York,2026-06-07 10:14:36.164133+00:00
SUPX,SUPX,4293,2026-03-12 13:30:00+00:00,2026-06-05 20:00:00+00:00,America/New_York,2026-06-07 10:15:34.293147+00:00
SUZ,SUZ,4677,2026-03-12 13:30:00+00:00,2026-06-05 20:00:00+00:00,America/New_York,2026-06-07 10:12:44.903481+00:00
SVAC,SVAC,1866,2026-03-12 13:30:00+00:00,2026-06-05 20:00:00+00:00,America/New_York,2026-06-07 10:15:23.301707+00:00
SVCO,SVCO,4361,2026-03-12 13:30:00+00:00,2026-06-05 20:00:00+00:00,America/New_York,2026-06-07 10:15:15.840798+00:00
SVM,SVM,4681,2026-03-12 13:30:00+00:00,2026-06-05 20:00:00+00:00,America/New_York,2026-06-07 10:13:53.357259+00:00
SVRA,SVRA,4658,2026-03-12 13:30:00+00:00,2026-06-05 20:00:00+00:00,America/New_York,2026-06-07 10:14:32.293581+00:00
SVRE,SVRE,1136,2026-03-12 13:30:00+00:00,2026-06-05 20:00:00+00:00,America/New_York,2026-06-07 10:15:50.083747+00:00
SVV,SVV,4675,2026-03-12 13:30:00+00:00,2026-06-05 20:00:00+00:00,America/New_York,2026-06-07 10:14:16.279014+00:00
SW,SW,4681,2026-03-12 13:30:00+00:00,2026-06-05 20:00:00+00:00,America/New_York,2026-06-07 10:12:22.513401+00:00
SWBI,SWBI,4507,2026-03-12 13:30:00+00:00,2026-06-05 20:00:00+00:00,America/New_York,2026-06-07 10:14:49.440194+00:00
SWIM,SWIM,4436,2026-03-12 13:30:00+00:00,2026-06-05 20:00:00+00:00,America/New_York,2026-06-07 10:14:52.366590+00:00
SWK,SWK,4681,2026-03-12 13:30:00+00:00,2026-06-05 20:00:00+00:00,America/New_York,2026-06-07 10:12:38.730501+00:00
SWKS,SWKS,4681,2026-03-12 13:30:00+00:00,2026-06-05 20:00:00+00:00,America/New_York,2026-06-07 10:12:42.280953+00:00
SWX,SWX,4504,2026-03-12 13:30:00+00:00,2026-06-05 20:00:00+00:00,America/New_York,2026-06-07 10:13:04.271881+00:00
SXC,SXC,4671,2026-03-12 13:30:00+00:00,2026-06-05 20:00:00+00:00,America/New_York,2026-06-07 10:14:43.756673+00:00
SXI,SXI,3815,2026-03-12 13:30:00+00:00,2026-06-05 20:00:00+00:00,America/New_York,2026-06-07 10:13:33.442245+00:00
SXT,SXT,4227,2026-03-12 13:30:00+00:00,2026-06-05 20:00:00+00:00,America/New_York,2026-06-07 10:13:17.365452+00:00
SYBT,SYBT,3491,2026-03-12 13:30:00+00:00,2026-06-05 20:00:00+00:00,America/New_York,2026-06-07 10:13:57.422638+00:00
SYF,SYF,4681,2026-03-12 13:30:00+00:00,2026-06-05 20:00:00+00:00,America/New_York,2026-06-07 10:12:19.179112+00:00
SYK,SYK,4681,2026-03-12 13:30:00+00:00,2026-06-05 20:00:00+00:00,America/New_York,2026-06-07 10:11:53.255877+00:00
SYM,SYM,4680,2026-03-12 13:30:00+00:00,2026-06-05 20:00:00+00:00,America/New_York,2026-06-07 10:12:17.563020+00:00
SYNA,SYNA,4644,2026-03-12 13:30:00+00:00,2026-06-05 20:00:00+00:00,America/New_York,2026-06-07 10:13:17.643364+00:00
SYRE,SYRE,4644,2026-03-12 13:30:00+00:00,2026-06-05 20:00:00+00:00,America/New_York,2026-06-07 10:13:05.020117+00:00
SYY,SYY,4681,2026-03-12 13:30:00+00:00,2026-06-05 20:00:00+00:00,America/New_York,2026-06-07 10:12:10.907647+00:00
SZZL,SZZL,432,2026-03-12 13:30:00+00:00,2026-06-05 20:00:00+00:00,America/New_York,2026-06-07 10:15:37.597192+00:00
T,T,4681,2026-03-12 13:30:00+00:00,2026-06-05 20:00:00+00:00,America/New_York,2026-06-07 10:11:50.298348+00:00
TAC,TAC,4681,2026-03-12 13:30:00+00:00,2026-06-05 20:00:00+00:00,America/New_York,2026-06-07 10:13:30.215921+00:00
TACO,TACO,630,2026-03-12 13:50:00+00:00,2026-06-05 20:00:00+00:00,America/New_York,2026-06-07 10:15:12.907166+00:00
TAK,TAK,4681,2026-03-12 13:30:00+00:00,2026-06-05 20:00:00+00:00,America/New_York,2026-06-07 10:12:05.477064+00:00
TAL,TAL,4681,2026-03-12 13:30:00+00:00,2026-06-05 20:00:00+00:00,America/New_York,2026-06-07 10:13:08.856286+00:00
TALK,TALK,4649,2026-03-12 13:30:00+00:00,2026-06-05 20:00:00+00:00,America/New_York,2026-06-07 10:14:38.087906+00:00
TALO,TALO,4681,2026-03-12 13:30:00+00:00,2026-06-05 20:00:00+00:00,America/New_York,2026-06-07 10:13:51.024881+00:00
TAP,TAP,4681,2026-03-12 13:30:00+00:00,2026-06-05 20:00:00+00:00,America/New_York,2026-06-07 10:12:57.187154+00:00
TARA,TARA,4574,2026-03-12 13:30:00+00:00,2026-06-05 20:00:00+00:00,America/New_York,2026-06-07 10:15:36.120013+00:00
TARS,TARS,4442,2026-03-12 13:30:00+00:00,2026-06-05 20:00:00+00:00,America/New_York,2026-06-07 10:13:49.402465+00:00
TASK,TASK,4510,2026-03-12 13:30:00+00:00,2026-06-05 20:00:00+00:00,America/New_York,2026-06-07 10:15:00.767069+00:00
TATT,TATT,3879,2026-03-12 13:30:00+00:00,2026-06-05 20:00:00+00:00,America/New_York,2026-06-07 10:14:55.096514+00:00
TAYD,TAYD,1808,2026-03-12 13:30:00+00:00,2026-06-05 20:00:00+00:00,America/New_York,2026-06-07 10:15:45.643125+00:00
TBBB,TBBB,4300,2026-03-12 13:30:00+00:00,2026-06-05 20:00:00+00:00,America/New_York,2026-06-07 10:13:20.925844+00:00
TBBK,TBBK,4381,2026-03-12 13:30:00+00:00,2026-06-05 20:00:00+00:00,America/New_York,2026-06-07 10:13:53.944646+00:00
TBCH,TBCH,3953,2026-03-12 13:30:00+00:00,2026-06-05 20:00:00+00:00,America/New_York,2026-06-07 10:15:34.030301+00:00
TBI,TBI,4150,2026-03-12 13:30:00+00:00,2026-06-05 20:00:00+00:00,America/New_York,2026-06-07 10:15:40.469010+00:00
TBLA,TBLA,4662,2026-03-12 13:30:00+00:00,2026-06-05 20:00:00+00:00,America/New_York,2026-06-07 10:14:21.314820+00:00
TBN,TBN,3459,2026-03-12 13:30:00+00:00,2026-06-05 20:00:00+00:00,America/New_York,2026-06-07 10:14:22.882121+00:00
TBPH,TBPH,4402,2026-03-12 13:30:00+00:00,2026-06-05 20:00:00+00:00,America/New_York,2026-06-07 10:14:41.462764+00:00
TBRG,TBRG,3823,2026-03-12 13:30:00+00:00,2026-06-05 20:00:00+00:00,America/New_York,2026-06-07 10:15:12.924803+00:00
TCBI,TCBI,4454,2026-03-12 13:30:00+00:00,2026-06-05 20:00:00+00:00,America/New_York,2026-06-07 10:13:19.472938+00:00
TCBK,TCBK,2802,2026-03-12 13:30:00+00:00,2026-06-05 20:00:00+00:00,America/New_York,2026-06-07 10:14:09.030980+00:00
TCBX,TCBX,2624,2026-03-12 13:30:00+00:00,2026-06-05 20:00:00+00:00,America/New_York,2026-06-07 10:14:50.062015+00:00
TCI,TCI,308,2026-03-12 14:25:00+00:00,2026-06-05 20:00:00+00:00,America/New_York,2026-06-07 10:15:23.327268+00:00
TCMD,TCMD,4103,2026-03-12 13:30:00+00:00,2026-06-05 20:00:00+00:00,America/New_York,2026-06-07 10:14:55.792477+00:00
TCOM,TCOM,4681,2026-03-12 13:30:00+00:00,2026-06-05 20:00:00+00:00,America/New_York,2026-06-07 10:12:13.264523+00:00
TCPC,TCPC,4585,2026-03-12 13:30:00+00:00,2026-06-05 20:00:00+00:00,America/New_York,2026-06-07 10:15:24.637115+00:00
TCX,TCX,1235,2026-03-12 13:30:00+00:00,2026-06-05 20:00:00+00:00,America/New_York,2026-06-07 10:15:47.851438+00:00
TD,TD,4681,2026-03-12 13:30:00+00:00,2026-06-05 20:00:00+00:00,America/New_York,2026-06-07 10:11:49.350788+00:00
TDAY,TDAY,4675,2026-03-12 13:30:00+00:00,2026-06-05 20:00:00+00:00,America/New_York,2026-06-07 10:14:24.706426+00:00
TDC,TDC,4681,2026-03-12 13:30:00+00:00,2026-06-05 20:00:00+00:00,America/New_York,2026-06-07 10:13:38.185485+00:00
TDG,TDG,4681,2026-03-12 13:30:00+00:00,2026-06-05 20:00:00+00:00,America/New_York,2026-06-07 10:12:00.806162+00:00
TDOC,TDOC,4681,2026-03-12 13:30:00+00:00,2026-06-05 20:00:00+00:00,America/New_York,2026-06-07 10:14:22.176752+00:00
TDS,TDS,4634,2026-03-12 13:30:00+00:00,2026-06-05 20:00:00+00:00,America/New_York,2026-06-07 10:13:23.912497+00:00
TDUP,TDUP,4680,2026-03-12 13:30:00+00:00,2026-06-05 20:00:00+00:00,America/New_York,2026-06-07 10:14:52.891494+00:00
TDW,TDW,4652,2026-03-12 13:30:00+00:00,2026-06-05 20:00:00+00:00,America/New_York,2026-06-07 10:13:32.460200+00:00
TDY,TDY,4650,2026-03-12 13:30:00+00:00,2026-06-05 20:00:00+00:00,America/New_York,2026-06-07 10:12:16.323946+00:00
TE,TE,4681,2026-03-12 13:30:00+00:00,2026-06-05 20:00:00+00:00,America/New_York,2026-06-07 10:13:49.204154+00:00
TEAM,TEAM,4681,2026-03-12 13:30:00+00:00,2026-06-05 20:00:00+00:00,America/New_York,2026-06-07 10:12:17.886833+00:00
TECH,TECH,4680,2026-03-12 13:30:00+00:00,2026-06-05 20:00:00+00:00,America/New_York,2026-06-07 10:12:54.358531+00:00
TECK,TECK,4681,2026-03-12 13:30:00+00:00,2026-06-05 20:00:00+00:00,America/New_York,2026-06-07 10:12:14.060675+00:00
TECX,TECX,3619,2026-03-12 13:30:00+00:00,2026-06-05 20:00:00+00:00,America/New_York,2026-06-07 10:14:58.145051+00:00
TEL,TEL,4681,2026-03-12 13:30:00+00:00,2026-06-05 20:00:00+00:00,America/New_York,2026-06-07 10:12:02.348305+00:00
TEM,TEM,4681,2026-03-12 13:30:00+00:00,2026-06-05 20:00:00+00:00,America/New_York,2026-06-07 10:12:53.489743+00:00
TEN,TEN,4531,2026-03-12 13:30:00+00:00,2026-06-05 20:00:00+00:00,America/New_York,2026-06-07 10:14:28.836398+00:00
TENB,TENB,4681,2026-03-12 13:30:00+00:00,2026-06-05 20:00:00+00:00,America/New_York,2026-06-07 10:13:40.372506+00:00
TENX,TENX,4320,2026-03-12 13:30:00+00:00,2026-06-05 20:00:00+00:00,America/New_York,2026-06-07 10:15:28.292304+00:00
TEO,TEO,4279,2026-03-12 13:30:00+00:00,2026-06-05 20:00:00+00:00,America/New_York,2026-06-07 10:13:08.546110+00:00
TER,TER,4681,2026-03-12 13:30:00+00:00,2026-06-05 20:00:00+00:00,America/New_York,2026-06-07 10:12:03.413991+00:00
TEVA,TEVA,4681,2026-03-12 13:30:00+00:00,2026-06-05 20:00:00+00:00,America/New_York,2026-06-07 10:12:09.615123+00:00
TEX,TEX,4677,2026-03-12 13:30:00+00:00,2026-06-05 20:00:00+00:00,America/New_York,2026-06-07 10:13:00.543779+00:00
TFC,TFC,4681,2026-03-12 13:30:00+00:00,2026-06-05 20:00:00+00:00,America/New_York,2026-06-07 10:12:02.189795+00:00
TFII,TFII,4461,2026-03-12 13:30:00+00:00,2026-06-05 20:00:00+00:00,America/New_York,2026-06-07 10:12:35.636049+00:00
TFIN,TFIN,4072,2026-03-12 13:30:00+00:00,2026-06-05 20:00:00+00:00,America/New_York,2026-06-07 10:14:06.893194+00:00
TFPM,TFPM,4671,2026-03-12 13:30:00+00:00,2026-06-05 20:00:00+00:00,America/New_York,2026-06-07 10:13:08.275338+00:00
TFSL,TFSL,4623,2026-03-12 13:30:00+00:00,2026-06-05 20:00:00+00:00,America/New_York,2026-06-07 10:13:19.738734+00:00
TFX,TFX,4631,2026-03-12 13:30:00+00:00,2026-06-05 20:00:00+00:00,America/New_York,2026-06-07 10:13:09.170018+00:00
TG,TG,3560,2026-03-12 13:30:00+00:00,2026-06-05 20:00:00+00:00,America/New_York,2026-06-07 10:15:30.141469+00:00
TGB,TGB,4681,2026-03-12 13:30:00+00:00,2026-06-05 20:00:00+00:00,America/New_York,2026-06-07 10:13:51.473369+00:00
TGEN,TGEN,4442,2026-03-12 13:30:00+00:00,2026-06-05 20:00:00+00:00,America/New_York,2026-06-07 10:15:45.838935+00:00
TGLS,TGLS,4388,2026-03-12 13:30:00+00:00,2026-06-05 20:00:00+00:00,America/New_York,2026-06-07 10:14:02.196320+00:00
TGS,TGS,4369,2026-03-12 13:30:00+00:00,2026-06-05 20:00:00+00:00,America/New_York,2026-06-07 10:13:17.506232+00:00
TGT,TGT,4681,2026-03-12 13:30:00+00:00,2026-06-05 20:00:00+00:00,America/New_York,2026-06-07 10:12:04.113689+00:00
TGTX,TGTX,4681,2026-03-12 13:30:00+00:00,2026-06-05 20:00:00+00:00,America/New_York,2026-06-07 10:13:04.548362+00:00
TH,TH,4587,2026-03-12 13:30:00+00:00,2026-06-05 20:00:00+00:00,America/New_York,2026-06-07 10:14:09.581595+00:00
THC,THC,4668,2026-03-12 13:30:00+00:00,2026-06-05 20:00:00+00:00,America/New_York,2026-06-07 10:12:33.139390+00:00
THFF,THFF,2275,2026-03-12 13:30:00+00:00,2026-06-05 20:00:00+00:00,America/New_York,2026-06-07 10:14:39.630528+00:00
THG,THG,4285,2026-03-12 13:30:00+00:00,2026-06-05 20:00:00+00:00,America/New_York,2026-06-07 10:13:00.098187+00:00
THO,THO,4637,2026-03-12 13:30:00+00:00,2026-06-05 20:00:00+00:00,America/New_York,2026-06-07 10:13:26.101394+00:00
THRM,THRM,3923,2026-03-12 13:30:00+00:00,2026-06-05 20:00:00+00:00,America/New_York,2026-06-07 10:14:28.110350+00:00
THRY,THRY,4569,2026-03-12 13:30:00+00:00,2026-06-05 20:00:00+00:00,America/New_York,2026-06-07 10:15:46.491895+00:00
TIC,TIC,4679,2026-03-12 13:30:00+00:00,2026-06-05 20:00:00+00:00,America/New_York,2026-06-07 10:14:03.621561+00:00
TIGO,TIGO,4678,2026-03-12 13:30:00+00:00,2026-06-05 20:00:00+00:00,America/New_York,2026-06-07 10:12:34.492136+00:00
TIGR,TIGR,4675,2026-03-12 13:30:00+00:00,2026-06-05 20:00:00+00:00,America/New_York,2026-06-07 10:14:39.788763+00:00
TIL,TIL,1179,2026-03-12 13:30:00+00:00,2026-06-05 20:00:00+00:00,America/New_York,2026-06-07 10:16:04.106798+00:00
TILE,TILE,4549,2026-03-12 13:30:00+00:00,2026-06-05 20:00:00+00:00,America/New_York,2026-06-07 10:14:05.719215+00:00
TIMB,TIMB,4597,2026-03-12 13:30:00+00:00,2026-06-05 20:00:00+00:00,America/New_York,2026-06-07 10:12:44.713333+00:00
TIPT,TIPT,4009,2026-03-12 13:30:00+00:00,2026-06-05 20:00:00+00:00,America/New_York,2026-06-07 10:14:49.114319+00:00
TISI,TISI,678,2026-03-12 13:30:00+00:00,2026-06-05 20:00:00+00:00,America/New_York,2026-06-07 10:15:58.784480+00:00
TITN,TITN,3483,2026-03-12 13:30:00+00:00,2026-06-05 20:00:00+00:00,America/New_York,2026-06-07 10:14:58.287826+00:00
TJX,TJX,4681,2026-03-12 13:30:00+00:00,2026-06-05 20:00:00+00:00,America/New_York,2026-06-07 10:11:49.701311+00:00
TK,TK,4571,2026-03-12 13:30:00+00:00,2026-06-05 20:00:00+00:00,America/New_York,2026-06-07 10:14:32.582071+00:00
TKC,TKC,4633,2026-03-12 13:30:00+00:00,2026-06-05 20:00:00+00:00,America/New_York,2026-06-07 10:13:14.882488+00:00
TKNO,TKNO,3088,2026-03-12 13:30:00+00:00,2026-06-05 20:00:00+00:00,America/New_York,2026-06-07 10:15:33.573349+00:00
TKO,TKO,4673,2026-03-12 13:30:00+00:00,2026-06-05 20:00:00+00:00,America/New_York,2026-06-07 10:12:09.142666+00:00
TKR,TKR,4666,2026-03-12 13:30:00+00:00,2026-06-05 20:00:00+00:00,America/New_York,2026-06-07 10:12:49.164572+00:00
TLK,TLK,4666,2026-03-12 13:30:00+00:00,2026-06-05 20:00:00+00:00,America/New_York,2026-06-07 10:12:29.843793+00:00
TLN,TLN,4675,2026-03-12 13:30:00+00:00,2026-06-05 20:00:00+00:00,America/New_York,2026-06-07 10:12:28.801039+00:00
TLRY,TLRY,4680,2026-03-12 13:30:00+00:00,2026-06-05 20:00:00+00:00,America/New_York,2026-06-07 10:14:55.132587+00:00
TLS,TLS,4573,2026-03-12 13:30:00+00:00,2026-06-05 20:00:00+00:00,America/New_York,2026-06-07 10:15:25.203372+00:00
TLSI,TLSI,3374,2026-03-12 13:30:00+00:00,2026-06-05 20:00:00+00:00,America/New_York,2026-06-07 10:15:42.007703+00:00
TLX,TLX,3369,2026-03-12 13:30:00+00:00,2026-06-05 20:00:00+00:00,America/New_York,2026-06-07 10:13:39.066687+00:00
TLYS,TLYS,4027,2026-03-12 13:30:00+00:00,2026-06-05 20:00:00+00:00,America/New_York,2026-06-07 10:15:47.157605+00:00
TM,TM,4548,2026-03-12 13:30:00+00:00,2026-06-05 20:00:00+00:00,America/New_York,2026-06-07 10:11:48.814083+00:00
TMC,TMC,4681,2026-03-12 13:30:00+00:00,2026-06-05 20:00:00+00:00,America/New_York,2026-06-07 10:13:57.826618+00:00
TMCI,TMCI,4398,2026-03-12 13:30:00+00:00,2026-06-05 20:00:00+00:00,America/New_York,2026-06-07 10:15:36.859737+00:00
TMCR,TMCR,1385,2026-04-08 14:15:00+00:00,2026-06-05 20:00:00+00:00,America/New_York,2026-06-07 10:14:50.954073+00:00
TMDX,TMDX,4666,2026-03-12 13:30:00+00:00,2026-06-05 20:00:00+00:00,America/New_York,2026-06-07 10:13:52.760080+00:00
TME,TME,4681,2026-03-12 13:30:00+00:00,2026-06-05 20:00:00+00:00,America/New_York,2026-06-07 10:12:37.450786+00:00
TMHC,TMHC,4676,2026-03-12 13:30:00+00:00,2026-06-05 20:00:00+00:00,America/New_York,2026-06-07 10:13:01.923688+00:00
TMO,TMO,4681,2026-03-12 13:30:00+00:00,2026-06-05 20:00:00+00:00,America/New_York,2026-06-07 10:11:49.821725+00:00
TMP,TMP,2174,2026-03-12 13:30:00+00:00,2026-06-05 20:00:00+00:00,America/New_York,2026-06-07 10:14:22.094251+00:00
TMQ,TMQ,4681,2026-03-12 13:30:00+00:00,2026-06-05 20:00:00+00:00,America/New_York,2026-06-07 10:14:48.627569+00:00
TMUS,TMUS,4681,2026-03-12 13:30:00+00:00,2026-06-05 20:00:00+00:00,America/New_York,2026-06-07 10:11:48.960978+00:00
TNC,TNC,3796,2026-03-12 13:30:00+00:00,2026-06-05 20:00:00+00:00,America/New_York,2026-06-07 10:14:12.869805+00:00
TNDM,TNDM,4677,2026-03-12 13:30:00+00:00,2026-06-05 20:00:00+00:00,America/New_York,2026-06-07 10:14:19.910294+00:00
TNET,TNET,4497,2026-03-12 13:30:00+00:00,2026-06-05 20:00:00+00:00,America/New_York,2026-06-07 10:13:57.342651+00:00
TNGX,TNGX,4679,2026-03-12 13:30:00+00:00,2026-06-05 20:00:00+00:00,America/New_York,2026-06-07 10:13:43.528282+00:00
TNK,TNK,4576,2026-03-12 13:30:00+00:00,2026-06-05 20:00:00+00:00,America/New_York,2026-06-07 10:13:49.881569+00:00
TNL,TNL,4644,2026-03-12 13:30:00+00:00,2026-06-05 20:00:00+00:00,America/New_York,2026-06-07 10:13:19.126505+00:00
TNXP,TNXP,4567,2026-03-12 13:30:00+00:00,2026-06-05 20:00:00+00:00,America/New_York,2026-06-07 10:15:44.063341+00:00
TOI,TOI,4662,2026-03-12 13:30:00+00:00,2026-06-05 20:00:00+00:00,America/New_York,2026-06-07 10:15:03.087477+00:00
TOL,TOL,4676,2026-03-12 13:30:00+00:00,2026-06-05 20:00:00+00:00,America/New_York,2026-06-07 10:12:35.852781+00:00
TONX,TONX,4086,2026-03-12 13:30:00+00:00,2026-06-05 20:00:00+00:00,America/New_York,2026-06-07 10:15:44.184697+00:00
TORO,TORO,2147,2026-03-12 13:30:00+00:00,2026-06-05 20:00:00+00:00,America/New_York,2026-06-07 10:15:48.577415+00:00
TOST,TOST,4681,2026-03-12 13:30:00+00:00,2026-06-05 20:00:00+00:00,America/New_York,2026-06-07 10:12:33.478260+00:00
TOUR,TOUR,1237,2026-03-12 14:00:00+00:00,2026-06-05 20:00:00+00:00,America/New_York,2026-06-07 10:16:04.996568+00:00
TOWN,TOWN,4497,2026-03-12 13:30:00+00:00,2026-06-05 20:00:00+00:00,America/New_York,2026-06-07 10:13:38.811916+00:00
TOYO,TOYO,3571,2026-03-12 13:30:00+00:00,2026-06-05 20:00:00+00:00,America/New_York,2026-06-07 10:14:56.284362+00:00
TPB,TPB,4408,2026-03-12 13:30:00+00:00,2026-06-05 20:00:00+00:00,America/New_York,2026-06-07 10:14:08.639752+00:00
TPC,TPC,4543,2026-03-12 13:30:00+00:00,2026-06-05 20:00:00+00:00,America/New_York,2026-06-07 10:13:30.694443+00:00
TPG,TPG,4681,2026-03-12 13:30:00+00:00,2026-06-05 20:00:00+00:00,America/New_York,2026-06-07 10:12:31.362348+00:00
TPL,TPL,4671,2026-03-12 13:30:00+00:00,2026-06-05 20:00:00+00:00,America/New_York,2026-06-07 10:12:17.071006+00:00
TPR,TPR,4681,2026-03-12 13:30:00+00:00,2026-06-05 20:00:00+00:00,America/New_York,2026-06-07 10:12:15.783586+00:00
TPVG,TPVG,4396,2026-03-12 13:30:00+00:00,2026-06-05 20:00:00+00:00,America/New_York,2026-06-07 10:15:37.747298+00:00
TR,TR,3390,2026-03-12 13:30:00+00:00,2026-06-05 20:00:00+00:00,America/New_York,2026-06-07 10:13:43.724392+00:00
TRAD,TRAD,308,2026-04-20 13:35:00+00:00,2026-06-05 13:45:00+00:00,America/New_York,2026-06-07 10:15:48.499018+00:00
TRAK,TRAK,3442,2026-03-12 13:30:00+00:00,2026-06-05 20:00:00+00:00,America/New_York,2026-06-07 10:15:42.861242+00:00
TRC,TRC,2892,2026-03-12 13:30:00+00:00,2026-06-05 20:00:00+00:00,America/New_York,2026-06-07 10:15:00.461838+00:00
TRDA,TRDA,3745,2026-03-12 13:30:00+00:00,2026-06-05 20:00:00+00:00,America/New_York,2026-06-07 10:15:34.080879+00:00
TREE,TREE,4030,2026-03-12 13:30:00+00:00,2026-06-05 20:00:00+00:00,America/New_York,2026-06-07 10:15:02.489658+00:00
TREX,TREX,4681,2026-03-12 13:30:00+00:00,2026-06-05 20:00:00+00:00,America/New_York,2026-06-07 10:13:23.736583+00:00
TRGP,TRGP,4679,2026-03-12 13:30:00+00:00,2026-06-05 20:00:00+00:00,America/New_York,2026-06-07 10:12:03.555454+00:00
TRI,TRI,4678,2026-03-12 13:30:00+00:00,2026-06-05 20:00:00+00:00,America/New_York,2026-06-07 10:12:10.098722+00:00
TRIN,TRIN,4674,2026-03-12 13:30:00+00:00,2026-06-05 20:00:00+00:00,America/New_York,2026-06-07 10:14:12.412530+00:00
TRIP,TRIP,4681,2026-03-12 13:30:00+00:00,2026-06-05 20:00:00+00:00,America/New_York,2026-06-07 10:14:17.137239+00:00
TRMB,TRMB,4680,2026-03-12 13:30:00+00:00,2026-06-05 20:00:00+00:00,America/New_York,2026-06-07 10:12:36.876768+00:00
TRMD,TRMD,4670,2026-03-12 13:30:00+00:00,2026-06-05 20:00:00+00:00,America/New_York,2026-06-07 10:13:44.194115+00:00
TRMK,TRMK,4337,2026-03-12 13:30:00+00:00,2026-06-05 20:00:00+00:00,America/New_York,2026-06-07 10:13:47.527566+00:00
TRN,TRN,4591,2026-03-12 13:30:00+00:00,2026-06-05 20:00:00+00:00,America/New_York,2026-06-07 10:13:47.977663+00:00
TRNO,TRNO,4606,2026-03-12 13:30:00+00:00,2026-06-05 20:00:00+00:00,America/New_York,2026-06-07 10:13:00.682339+00:00
TRNS,TRNS,2828,2026-03-12 13:30:00+00:00,2026-06-05 20:00:00+00:00,America/New_York,2026-06-07 10:14:41.561417+00:00
TROW,TROW,4681,2026-03-12 13:30:00+00:00,2026-06-05 20:00:00+00:00,America/New_York,2026-06-07 10:12:20.397027+00:00
TROX,TROX,4681,2026-03-12 13:30:00+00:00,2026-06-05 20:00:00+00:00,America/New_York,2026-06-07 10:14:25.712512+00:00
TRP,TRP,4681,2026-03-12 13:30:00+00:00,2026-06-05 20:00:00+00:00,America/New_York,2026-06-07 10:12:00.294920+00:00
TRS,TRS,4386,2026-03-12 13:30:00+00:00,2026-06-05 20:00:00+00:00,America/New_York,2026-06-07 10:14:13.954004+00:00
TRST,TRST,2774,2026-03-12 13:30:00+00:00,2026-06-05 20:00:00+00:00,America/New_York,2026-06-07 10:14:35.647368+00:00
TRT,TRT,3521,2026-03-12 13:30:00+00:00,2026-06-05 20:00:00+00:00,America/New_York,2026-06-07 10:15:54.737445+00:00
TRTX,TRTX,4595,2026-03-12 13:30:00+00:00,2026-06-05 20:00:00+00:00,America/New_York,2026-06-07 10:14:48.842960+00:00
TRU,TRU,4681,2026-03-12 13:30:00+00:00,2026-06-05 20:00:00+00:00,America/New_York,2026-06-07 10:12:34.857735+00:00
TRUP,TRUP,4385,2026-03-12 13:30:00+00:00,2026-06-05 20:00:00+00:00,America/New_York,2026-06-07 10:14:34.525231+00:00
TRV,TRV,4681,2026-03-12 13:30:00+00:00,2026-06-05 20:00:00+00:00,America/New_York,2026-06-07 10:12:01.849942+00:00
TRVG,TRVG,1401,2026-03-12 13:30:00+00:00,2026-06-05 20:00:00+00:00,America/New_York,2026-06-07 10:13:57.284526+00:00
TRVI,TRVI,4666,2026-03-12 13:30:00+00:00,2026-06-05 20:00:00+00:00,America/New_York,2026-06-07 10:14:02.251074+00:00
TS,TS,4681,2026-03-12 13:30:00+00:00,2026-06-05 20:00:00+00:00,America/New_York,2026-06-07 10:12:12.430017+00:00
TSAT,TSAT,3967,2026-03-12 13:35:00+00:00,2026-06-05 20:00:00+00:00,America/New_York,2026-06-07 10:14:48.551543+00:00
TSBK,TSBK,1414,2026-03-12 13:30:00+00:00,2026-06-05 20:00:00+00:00,America/New_York,2026-06-07 10:15:21.306398+00:00
TSCO,TSCO,4681,2026-03-12 13:30:00+00:00,2026-06-05 20:00:00+00:00,America/New_York,2026-06-07 10:12:30.546155+00:00
TSEM,TSEM,4681,2026-03-12 13:30:00+00:00,2026-06-05 20:00:00+00:00,America/New_York,2026-06-07 10:12:17.806726+00:00
TSHA,TSHA,4679,2026-03-12 13:30:00+00:00,2026-06-05 20:00:00+00:00,America/New_York,2026-06-07 10:14:10.521059+00:00
TSLA,TSLA,4681,2026-03-12 13:30:00+00:00,2026-06-05 20:00:00+00:00,America/New_York,2026-06-07 10:11:44.986293+00:00
TSLX,TSLX,4658,2026-03-12 13:30:00+00:00,2026-06-05 20:00:00+00:00,America/New_York,2026-06-07 10:14:08.912902+00:00
TSM,TSM,4681,2026-03-12 13:30:00+00:00,2026-06-05 20:00:00+00:00,America/New_York,2026-06-07 10:11:44.427853+00:00
TSN,TSN,4681,2026-03-12 13:30:00+00:00,2026-06-05 20:00:00+00:00,America/New_York,2026-06-07 10:12:24.087521+00:00
TSQ,TSQ,3032,2026-03-12 13:30:00+00:00,2026-06-05 20:00:00+00:00,America/New_York,2026-06-07 10:15:53.752089+00:00
TSSI,TSSI,4678,2026-03-12 13:30:00+00:00,2026-06-05 20:00:00+00:00,America/New_York,2026-06-07 10:15:14.579954+00:00
TT,TT,4681,2026-03-12 13:30:00+00:00,2026-06-05 20:00:00+00:00,America/New_York,2026-06-07 10:11:55.050620+00:00
TTAM,TTAM,3962,2026-03-12 13:30:00+00:00,2026-06-05 20:00:00+00:00,America/New_York,2026-06-07 10:13:43.588399+00:00
TTAN,TTAN,4676,2026-03-12 13:30:00+00:00,2026-06-05 20:00:00+00:00,America/New_York,2026-06-07 10:12:58.787793+00:00
TTC,TTC,4646,2026-03-12 13:30:00+00:00,2026-06-05 20:00:00+00:00,America/New_York,2026-06-07 10:12:52.432370+00:00
TTD,TTD,4681,2026-03-12 13:30:00+00:00,2026-06-05 20:00:00+00:00,America/New_York,2026-06-07 10:12:46.742991+00:00
TTE,TTE,4681,2026-03-12 13:30:00+00:00,2026-06-05 20:00:00+00:00,America/New_York,2026-06-07 10:11:48.907402+00:00
TTEK,TTEK,4680,2026-03-12 13:30:00+00:00,2026-06-05 20:00:00+00:00,America/New_York,2026-06-07 10:12:57.516297+00:00
TTGT,TTGT,4370,2026-03-12 13:30:00+00:00,2026-06-05 20:00:00+00:00,America/New_York,2026-06-07 10:15:28.805716+00:00
TTI,TTI,4677,2026-03-12 13:30:00+00:00,2026-06-05 20:00:00+00:00,America/New_York,2026-06-07 10:14:22.544611+00:00
TTMI,TTMI,4681,2026-03-12 13:30:00+00:00,2026-06-05 20:00:00+00:00,America/New_York,2026-06-07 10:12:28.306406+00:00
TTRX,TTRX,1056,2026-03-12 13:30:00+00:00,2026-06-05 20:00:00+00:00,America/New_York,2026-06-07 10:15:47.209194+00:00
TTWO,TTWO,4679,2026-03-12 13:30:00+00:00,2026-06-05 20:00:00+00:00,America/New_York,2026-06-07 10:12:08.805701+00:00
TU,TU,4681,2026-03-12 13:30:00+00:00,2026-06-05 20:00:00+00:00,America/New_York,2026-06-07 10:12:26.026691+00:00
TUSK,TUSK,3690,2026-03-12 13:30:00+00:00,2026-06-05 20:00:00+00:00,America/New_York,2026-06-07 10:15:46.665416+00:00
TVA,TVA,756,2026-03-12 13:30:00+00:00,2026-06-05 20:00:00+00:00,America/New_York,2026-06-07 10:15:24.041595+00:00
TVTX,TVTX,4674,2026-03-12 13:30:00+00:00,2026-06-05 20:00:00+00:00,America/New_York,2026-06-07 10:13:25.151618+00:00
TW,TW,4674,2026-03-12 13:30:00+00:00,2026-06-05 20:00:00+00:00,America/New_York,2026-06-07 10:12:19.364103+00:00
TWFG,TWFG,3817,2026-03-12 13:30:00+00:00,2026-06-05 20:00:00+00:00,America/New_York,2026-06-07 10:14:27.983719+00:00
TWI,TWI,4597,2026-03-12 13:30:00+00:00,2026-06-05 20:00:00+00:00,America/New_York,2026-06-07 10:15:04.481668+00:00
TWIN,TWIN,2170,2026-03-12 13:30:00+00:00,2026-06-05 20:00:00+00:00,America/New_York,2026-06-07 10:15:28.077375+00:00
TWLO,TWLO,4681,2026-03-12 13:30:00+00:00,2026-06-05 20:00:00+00:00,America/New_York,2026-06-07 10:12:11.802646+00:00
TWO,TWO,4675,2026-03-12 13:30:00+00:00,2026-06-05 20:00:00+00:00,America/New_York,2026-06-07 10:14:20.852696+00:00
TWST,TWST,4671,2026-03-12 13:30:00+00:00,2026-06-05 20:00:00+00:00,America/New_York,2026-06-07 10:13:23.760653+00:00
TX,TX,4136,2026-03-12 13:30:00+00:00,2026-06-05 20:00:00+00:00,America/New_York,2026-06-07 10:12:48.350246+00:00
TXG,TXG,4681,2026-03-12 13:30:00+00:00,2026-06-05 20:00:00+00:00,America/New_York,2026-06-07 10:13:28.345096+00:00
TXN,TXN,4681,2026-03-12 13:30:00+00:00,2026-06-05 20:00:00+00:00,America/New_York,2026-06-07 10:11:47.750797+00:00
TXNM,TXNM,4656,2026-03-12 13:30:00+00:00,2026-06-05 20:00:00+00:00,America/New_York,2026-06-07 10:13:02.982880+00:00
TXRH,TXRH,4644,2026-03-12 13:30:00+00:00,2026-06-05 20:00:00+00:00,America/New_York,2026-06-07 10:12:41.545629+00:00
TXT,TXT,4678,2026-03-12 13:30:00+00:00,2026-06-05 20:00:00+00:00,America/New_York,2026-06-07 10:12:30.276999+00:00
TYGO,TYGO,4518,2026-03-12 13:30:00+00:00,2026-06-05 20:00:00+00:00,America/New_York,2026-06-07 10:15:32.679891+00:00
TYL,TYL,4677,2026-03-12 13:30:00+00:00,2026-06-05 20:00:00+00:00,America/New_York,2026-06-07 10:12:35.547406+00:00
TYRA,TYRA,4602,2026-03-12 13:30:00+00:00,2026-06-05 20:00:00+00:00,America/New_York,2026-06-07 10:14:10.170024+00:00
TZOO,TZOO,3032,2026-03-12 13:30:00+00:00,2026-06-05 20:00:00+00:00,America/New_York,2026-06-07 10:15:55.090262+00:00
U,U,4681,2026-03-12 13:30:00+00:00,2026-06-05 20:00:00+00:00,America/New_York,2026-06-07 10:12:37.804655+00:00
UAA,UAA,4681,2026-03-12 13:30:00+00:00,2026-06-05 20:00:00+00:00,America/New_York,2026-06-07 10:13:53.491703+00:00
UAL,UAL,4681,2026-03-12 13:30:00+00:00,2026-06-05 20:00:00+00:00,America/New_York,2026-06-07 10:12:11.972315+00:00
UAMY,UAMY,4681,2026-03-12 13:30:00+00:00,2026-06-05 20:00:00+00:00,America/New_York,2026-06-07 10:14:28.282971+00:00
UBCP,UBCP,329,2026-03-12 14:20:00+00:00,2026-06-05 20:00:00+00:00,America/New_York,2026-06-07 10:15:56.430939+00:00
UBER,UBER,4681,2026-03-12 13:30:00+00:00,2026-06-05 20:00:00+00:00,America/New_York,2026-06-07 10:11:51.387811+00:00
UBS,UBS,4681,2026-03-12 13:30:00+00:00,2026-06-05 20:00:00+00:00,America/New_York,2026-06-07 10:11:51.496465+00:00
UBSI,UBSI,4666,2026-03-12 13:30:00+00:00,2026-06-05 20:00:00+00:00,America/New_York,2026-06-07 10:13:06.169961+00:00
UCB,UCB,4675,2026-03-12 13:30:00+00:00,2026-06-05 20:00:00+00:00,America/New_York,2026-06-07 10:13:26.425600+00:00
UCTT,UCTT,4652,2026-03-12 13:30:00+00:00,2026-06-05 20:00:00+00:00,America/New_York,2026-06-07 10:13:30.371374+00:00
UDR,UDR,4681,2026-03-12 13:30:00+00:00,2026-06-05 20:00:00+00:00,America/New_York,2026-06-07 10:12:23.616378+00:00
UE,UE,4659,2026-03-12 13:30:00+00:00,2026-06-05 20:00:00+00:00,America/New_York,2026-06-07 10:13:41.589607+00:00
UEC,UEC,4681,2026-03-12 13:30:00+00:00,2026-06-05 20:00:00+00:00,America/New_York,2026-06-07 10:13:06.534356+00:00
UFCS,UFCS,2925,2026-03-12 13:30:00+00:00,2026-06-05 20:00:00+00:00,America/New_York,2026-06-07 10:14:26.671386+00:00
UFI,UFI,1549,2026-03-12 13:30:00+00:00,2026-06-05 20:00:00+00:00,America/New_York,2026-06-07 10:16:00.129525+00:00
UFPI,UFPI,4389,2026-03-12 13:30:00+00:00,2026-06-05 20:00:00+00:00,America/New_York,2026-06-07 10:13:18.902903+00:00
UFPT,UFPT,3030,2026-03-12 13:30:00+00:00,2026-06-05 20:00:00+00:00,America/New_York,2026-06-07 10:14:06.588977+00:00
UGI,UGI,4680,2026-03-12 13:30:00+00:00,2026-06-05 20:00:00+00:00,America/New_York,2026-06-07 10:12:56.713542+00:00
UGP,UGP,4675,2026-03-12 13:30:00+00:00,2026-06-05 20:00:00+00:00,America/New_York,2026-06-07 10:13:13.274794+00:00
UHAL,UHAL,4142,2026-03-12 13:30:00+00:00,2026-06-05 20:00:00+00:00,America/New_York,2026-06-07 10:12:43.933073+00:00
UHS,UHS,4641,2026-03-12 13:30:00+00:00,2026-06-05 20:00:00+00:00,America/New_York,2026-06-07 10:12:49.963529+00:00
UHT,UHT,2586,2026-03-12 13:30:00+00:00,2026-06-05 20:00:00+00:00,America/New_York,2026-06-07 10:14:55.112541+00:00
UI,UI,4117,2026-03-12 13:30:00+00:00,2026-06-05 20:00:00+00:00,America/New_York,2026-06-07 10:12:11.704898+00:00
UIS,UIS,4608,2026-03-12 13:30:00+00:00,2026-06-05 20:00:00+00:00,America/New_York,2026-06-07 10:15:26.664605+00:00
UL,UL,4681,2026-03-12 13:30:00+00:00,2026-06-05 20:00:00+00:00,America/New_York,2026-06-07 10:11:52.639721+00:00
ULBI,ULBI,1653,2026-03-12 13:30:00+00:00,2026-06-05 20:00:00+00:00,America/New_York,2026-06-07 10:15:53.848279+00:00
ULCC,ULCC,4681,2026-03-12 13:30:00+00:00,2026-06-05 20:00:00+00:00,America/New_York,2026-06-07 10:14:18.127328+00:00
ULH,ULH,2332,2026-03-12 13:50:00+00:00,2026-06-05 20:00:00+00:00,America/New_York,2026-06-07 10:15:05.489874+00:00
ULS,ULS,4652,2026-03-12 13:30:00+00:00,2026-06-05 20:00:00+00:00,America/New_York,2026-06-07 10:12:25.106440+00:00
ULTA,ULTA,4680,2026-03-12 13:30:00+00:00,2026-06-05 20:00:00+00:00,America/New_York,2026-06-07 10:12:23.750767+00:00
UMAC,UMAC,4681,2026-03-12 13:30:00+00:00,2026-06-05 20:00:00+00:00,America/New_York,2026-06-07 10:14:21.344412+00:00
UMBF,UMBF,4592,2026-03-12 13:30:00+00:00,2026-06-05 20:00:00+00:00,America/New_York,2026-06-07 10:12:46.592938+00:00
UMC,UMC,4681,2026-03-12 13:30:00+00:00,2026-06-05 20:00:00+00:00,America/New_York,2026-06-07 10:12:04.732411+00:00
UMH,UMH,4636,2026-03-12 13:30:00+00:00,2026-06-05 20:00:00+00:00,America/New_York,2026-06-07 10:14:20.659847+00:00
UNB,UNB,369,2026-03-12 13:50:00+00:00,2026-06-05 20:00:00+00:00,America/New_York,2026-06-07 10:15:54.617462+00:00
UNCY,UNCY,4455,2026-03-12 13:30:00+00:00,2026-06-05 20:00:00+00:00,America/New_York,2026-06-07 10:15:42.571188+00:00
UNF,UNF,4233,2026-03-12 13:30:00+00:00,2026-06-05 20:00:00+00:00,America/New_York,2026-06-07 10:13:18.358652+00:00
UNFI,UNFI,4621,2026-03-12 13:30:00+00:00,2026-06-05 20:00:00+00:00,America/New_York,2026-06-07 10:13:35.106966+00:00
UNH,UNH,4681,2026-03-12 13:30:00+00:00,2026-06-05 20:00:00+00:00,America/New_York,2026-06-07 10:11:46.253154+00:00
UNIT,UNIT,4679,2026-03-12 13:30:00+00:00,2026-06-05 20:00:00+00:00,America/New_York,2026-06-07 10:13:45.094625+00:00
UNM,UNM,4677,2026-03-12 13:30:00+00:00,2026-06-05 20:00:00+00:00,America/New_York,2026-06-07 10:12:34.390953+00:00
UNP,UNP,4681,2026-03-12 13:30:00+00:00,2026-06-05 20:00:00+00:00,America/New_York,2026-06-07 10:11:50.424400+00:00
UNTY,UNTY,1475,2026-03-12 13:30:00+00:00,2026-06-05 20:00:00+00:00,America/New_York,2026-06-07 10:14:56.724037+00:00
UP,UP,4342,2026-03-12 13:30:00+00:00,2026-06-05 20:00:00+00:00,America/New_York,2026-06-07 10:15:32.034912+00:00
UPB,UPB,4537,2026-03-12 13:30:00+00:00,2026-06-05 20:00:00+00:00,America/New_York,2026-06-07 10:15:14.465651+00:00
UPBD,UPBD,4671,2026-03-12 13:30:00+00:00,2026-06-05 20:00:00+00:00,America/New_York,2026-06-07 10:14:29.519862+00:00
UPS,UPS,4681,2026-03-12 13:30:00+00:00,2026-06-05 20:00:00+00:00,America/New_York,2026-06-07 10:11:56.117957+00:00
UPST,UPST,4681,2026-03-12 13:30:00+00:00,2026-06-05 20:00:00+00:00,America/New_York,2026-06-07 10:13:43.241673+00:00
UPWK,UPWK,4681,2026-03-12 13:30:00+00:00,2026-06-05 20:00:00+00:00,America/New_York,2026-06-07 10:14:29.069160+00:00
URBN,URBN,4674,2026-03-12 13:30:00+00:00,2026-06-05 20:00:00+00:00,America/New_York,2026-06-07 10:13:06.363606+00:00
URGN,URGN,4561,2026-03-12 13:30:00+00:00,2026-06-05 20:00:00+00:00,America/New_York,2026-06-07 10:14:19.793813+00:00
URI,URI,4681,2026-03-12 13:30:00+00:00,2026-06-05 20:00:00+00:00,America/New_York,2026-06-07 10:12:01.238635+00:00
UROY,UROY,4675,2026-03-12 13:30:00+00:00,2026-06-05 20:00:00+00:00,America/New_York,2026-06-07 10:15:03.889163+00:00
USAR,USAR,4681,2026-03-12 13:30:00+00:00,2026-06-05 20:00:00+00:00,America/New_York,2026-06-07 10:13:16.598693+00:00
USAS,USAS,4681,2026-03-12 13:30:00+00:00,2026-06-05 20:00:00+00:00,America/New_York,2026-06-07 10:14:09.934523+00:00
USAU,USAU,4214,2026-03-12 13:30:00+00:00,2026-06-05 20:00:00+00:00,America/New_York,2026-06-07 10:15:36.593426+00:00
USB,USB,4681,2026-03-12 13:30:00+00:00,2026-06-05 20:00:00+00:00,America/New_York,2026-06-07 10:11:56.876324+00:00
USCB,USCB,1434,2026-03-12 13:30:00+00:00,2026-06-05 20:00:00+00:00,America/New_York,2026-06-07 10:15:19.989302+00:00
USFD,USFD,4679,2026-03-12 13:30:00+00:00,2026-06-05 20:00:00+00:00,America/New_York,2026-06-07 10:12:26.165645+00:00
USGO,USGO,2374,2026-03-12 13:30:00+00:00,2026-06-05 20:00:00+00:00,America/New_York,2026-06-07 10:15:53.026646+00:00
USLM,USLM,2823,2026-03-12 13:30:00+00:00,2026-06-05 20:00:00+00:00,America/New_York,2026-06-07 10:13:41.868330+00:00
USNA,USNA,3341,2026-03-12 13:30:00+00:00,2026-06-05 20:00:00+00:00,America/New_York,2026-06-07 10:15:21.416516+00:00
USPH,USPH,3716,2026-03-12 13:30:00+00:00,2026-06-05 20:00:00+00:00,America/New_York,2026-06-07 10:14:33.660389+00:00
UTHR,UTHR,4634,2026-03-12 13:30:00+00:00,2026-06-05 20:00:00+00:00,America/New_York,2026-06-07 10:12:20.358679+00:00
UTI,UTI,4597,2026-03-12 13:30:00+00:00,2026-06-05 20:00:00+00:00,America/New_York,2026-06-07 10:13:52.844832+00:00
UTL,UTL,3203,2026-03-12 13:30:00+00:00,2026-06-05 20:00:00+00:00,America/New_York,2026-06-07 10:14:36.640105+00:00
UTMD,UTMD,603,2026-03-12 13:55:00+00:00,2026-06-05 20:00:00+00:00,America/New_York,2026-06-07 10:15:37.666264+00:00
UTZ,UTZ,4681,2026-03-12 13:30:00+00:00,2026-06-05 20:00:00+00:00,America/New_York,2026-06-07 10:14:31.961519+00:00
UUUU,UUUU,4681,2026-03-12 13:30:00+00:00,2026-06-05 20:00:00+00:00,America/New_York,2026-06-07 10:13:30.513591+00:00
UVE,UVE,3946,2026-03-12 13:30:00+00:00,2026-06-05 20:00:00+00:00,America/New_York,2026-06-07 10:14:30.242431+00:00
UVSP,UVSP,3623,2026-03-12 13:30:00+00:00,2026-06-05 20:00:00+00:00,America/New_York,2026-06-07 10:14:26.568313+00:00
UVV,UVV,3963,2026-03-12 13:30:00+00:00,2026-06-05 20:00:00+00:00,America/New_York,2026-06-07 10:14:18.780832+00:00
V,V,4681,2026-03-12 13:30:00+00:00,2026-06-05 20:00:00+00:00,America/New_York,2026-06-07 10:11:45.623911+00:00
VABK,VABK,253,2026-03-12 13:30:00+00:00,2026-06-05 20:00:00+00:00,America/New_York,2026-06-07 10:15:35.926814+00:00
VAC,VAC,4504,2026-03-12 13:30:00+00:00,2026-06-05 20:00:00+00:00,America/New_York,2026-06-07 10:13:40.427190+00:00
VACH,VACH,565,2026-03-12 13:30:00+00:00,2026-06-05 20:00:00+00:00,America/New_York,2026-06-07 10:15:20.441969+00:00
VACI,VACI,1265,2026-03-12 13:30:00+00:00,2026-06-05 20:00:00+00:00,America/New_York,2026-06-07 10:15:22.714106+00:00
VAL,VAL,4668,2026-03-12 13:30:00+00:00,2026-06-05 20:00:00+00:00,America/New_York,2026-06-07 10:13:06.285803+00:00
VALE,VALE,4681,2026-03-12 13:30:00+00:00,2026-06-05 20:00:00+00:00,America/New_York,2026-06-07 10:12:01.914583+00:00
VALN,VALN,1650,2026-03-12 13:30:00+00:00,2026-06-05 20:00:00+00:00,America/New_York,2026-06-07 10:14:59.914946+00:00
VALU,VALU,139,2026-03-12 13:30:00+00:00,2026-06-05 20:00:00+00:00,America/New_York,2026-06-07 10:15:25.222170+00:00
VATE,VATE,2332,2026-03-12 13:30:00+00:00,2026-06-05 20:00:00+00:00,America/New_York,2026-06-07 10:15:32.116536+00:00
VBNK,VBNK,1902,2026-03-12 13:35:00+00:00,2026-06-05 20:00:00+00:00,America/New_York,2026-06-07 10:14:52.582851+00:00
VC,VC,4502,2026-03-12 13:30:00+00:00,2026-06-05 20:00:00+00:00,America/New_York,2026-06-07 10:13:38.139659+00:00
VCEL,VCEL,4499,2026-03-12 13:30:00+00:00,2026-06-05 20:00:00+00:00,America/New_York,2026-06-07 10:14:03.714767+00:00
VCTR,VCTR,4520,2026-03-12 13:30:00+00:00,2026-06-05 20:00:00+00:00,America/New_York,2026-06-07 10:13:09.411373+00:00
VCYT,VCYT,4637,2026-03-12 13:30:00+00:00,2026-06-05 20:00:00+00:00,America/New_York,2026-06-07 10:13:27.573517+00:00
VECO,VECO,4671,2026-03-12 13:30:00+00:00,2026-06-05 20:00:00+00:00,America/New_York,2026-06-07 10:13:33.067764+00:00
VEEV,VEEV,4681,2026-03-12 13:30:00+00:00,2026-06-05 20:00:00+00:00,America/New_York,2026-06-07 10:12:15.755766+00:00
VEL,VEL,2403,2026-03-12 13:30:00+00:00,2026-06-05 20:00:00+00:00,America/New_York,2026-06-07 10:14:48.296128+00:00
VELO,VELO,4680,2026-03-12 13:30:00+00:00,2026-06-05 20:00:00+00:00,America/New_York,2026-06-07 10:15:03.958265+00:00
VENU,VENU,4290,2026-03-12 13:30:00+00:00,2026-06-05 20:00:00+00:00,America/New_York,2026-06-07 10:15:41.044068+00:00
VEON,VEON,2813,2026-03-12 13:30:00+00:00,2026-06-05 20:00:00+00:00,America/New_York,2026-06-07 10:13:33.188419+00:00
VERA,VERA,4664,2026-03-12 13:30:00+00:00,2026-06-05 20:00:00+00:00,America/New_York,2026-06-07 10:13:54.865618+00:00
VERU,VERU,2226,2026-03-12 13:30:00+00:00,2026-06-05 20:00:00+00:00,America/New_York,2026-06-07 10:16:04.162985+00:00
VERX,VERX,4678,2026-03-12 13:30:00+00:00,2026-06-05 20:00:00+00:00,America/New_York,2026-06-07 10:13:58.011410+00:00
VET,VET,4681,2026-03-12 13:30:00+00:00,2026-06-05 20:00:00+00:00,America/New_York,2026-06-07 10:14:06.095299+00:00
VFC,VFC,4681,2026-03-12 13:30:00+00:00,2026-06-05 20:00:00+00:00,America/New_York,2026-06-07 10:13:03.698222+00:00
VFS,VFS,4368,2026-03-12 13:30:00+00:00,2026-06-05 20:00:00+00:00,America/New_York,2026-06-07 10:12:56.685521+00:00
VG,VG,4681,2026-03-12 13:30:00+00:00,2026-06-05 20:00:00+00:00,America/New_York,2026-06-07 10:12:13.696200+00:00
VHC,VHC,542,2026-03-12 14:10:00+00:00,2026-06-05 20:00:00+00:00,America/New_York,2026-06-07 10:16:02.383927+00:00
VHI,VHI,809,2026-03-12 13:30:00+00:00,2026-06-05 20:00:00+00:00,America/New_York,2026-06-07 10:15:11.746175+00:00
VIA,VIA,4581,2026-03-12 13:30:00+00:00,2026-06-05 20:00:00+00:00,America/New_York,2026-06-07 10:14:26.078414+00:00
VIAV,VIAV,4681,2026-03-12 13:30:00+00:00,2026-06-05 20:00:00+00:00,America/New_York,2026-06-07 10:12:40.299621+00:00
VICI,VICI,4681,2026-03-12 13:30:00+00:00,2026-06-05 20:00:00+00:00,America/New_York,2026-06-07 10:12:14.645467+00:00
VICR,VICR,4623,2026-03-12 13:30:00+00:00,2026-06-05 20:00:00+00:00,America/New_York,2026-06-07 10:12:38.681924+00:00
VIK,VIK,4681,2026-03-12 13:30:00+00:00,2026-06-05 20:00:00+00:00,America/New_York,2026-06-07 10:12:08.598040+00:00
VINP,VINP,1883,2026-03-12 13:30:00+00:00,2026-06-05 20:00:00+00:00,America/New_York,2026-06-07 10:14:53.467440+00:00
VIPS,VIPS,4681,2026-03-12 13:30:00+00:00,2026-06-05 20:00:00+00:00,America/New_York,2026-06-07 10:13:02.116498+00:00
VIR,VIR,4679,2026-03-12 13:30:00+00:00,2026-06-05 20:00:00+00:00,America/New_York,2026-06-07 10:14:14.272309+00:00
VIRC,VIRC,1544,2026-03-12 13:30:00+00:00,2026-06-05 20:00:00+00:00,America/New_York,2026-06-07 10:15:56.165266+00:00
VIRT,VIRT,4675,2026-03-12 13:30:00+00:00,2026-06-05 20:00:00+00:00,America/New_York,2026-06-07 10:12:54.671544+00:00
VISN,VISN,4681,2026-03-12 13:30:00+00:00,2026-06-05 20:00:00+00:00,America/New_York,2026-06-07 10:13:48.239897+00:00
VIST,VIST,4677,2026-03-12 13:30:00+00:00,2026-06-05 20:00:00+00:00,America/New_York,2026-06-07 10:12:59.592252+00:00
VITL,VITL,4681,2026-03-12 13:30:00+00:00,2026-06-05 20:00:00+00:00,America/New_York,2026-06-07 10:15:05.868140+00:00
VIV,VIV,4676,2026-03-12 13:30:00+00:00,2026-06-05 20:00:00+00:00,America/New_York,2026-06-07 10:12:23.548138+00:00
VIVO,VIVO,4092,2026-03-17 13:30:00+00:00,2026-06-05 20:00:00+00:00,America/New_York,2026-06-07 10:15:59.606884+00:00
VKTX,VKTX,4681,2026-03-12 13:30:00+00:00,2026-06-05 20:00:00+00:00,America/New_York,2026-06-07 10:13:36.899925+00:00
VLGEA,VLGEA,2219,2026-03-12 13:30:00+00:00,2026-06-05 20:00:00+00:00,America/New_York,2026-06-07 10:14:58.966762+00:00
VLO,VLO,4681,2026-03-12 13:30:00+00:00,2026-06-05 20:00:00+00:00,America/New_York,2026-06-07 10:11:58.385040+00:00
VLRS,VLRS,4593,2026-03-12 13:30:00+00:00,2026-06-05 20:00:00+00:00,America/New_York,2026-06-07 10:14:39.570658+00:00
VLTO,VLTO,4681,2026-03-12 13:30:00+00:00,2026-06-05 20:00:00+00:00,America/New_York,2026-06-07 10:12:22.848516+00:00
VLY,VLY,4681,2026-03-12 13:30:00+00:00,2026-06-05 20:00:00+00:00,America/New_York,2026-06-07 10:12:55.983849+00:00
VMC,VMC,4673,2026-03-12 13:30:00+00:00,2026-06-05 20:00:00+00:00,America/New_York,2026-06-07 10:12:10.479322+00:00
VMD,VMD,4019,2026-03-12 13:30:00+00:00,2026-06-05 20:00:00+00:00,America/New_York,2026-06-07 10:15:14.781127+00:00
VMET,VMET,3677,2026-03-12 13:30:00+00:00,2026-06-05 20:00:00+00:00,America/New_York,2026-06-07 10:14:52.354974+00:00
VMI,VMI,4467,2026-03-12 13:30:00+00:00,2026-06-05 20:00:00+00:00,America/New_York,2026-06-07 10:12:44.211818+00:00
VNCE,VNCE,2606,2026-03-12 13:30:00+00:00,2026-06-05 20:00:00+00:00,America/New_York,2026-06-07 10:16:03.743214+00:00
VNDA,VNDA,4667,2026-03-12 13:30:00+00:00,2026-06-05 20:00:00+00:00,America/New_York,2026-06-07 10:15:17.280332+00:00
VNET,VNET,4680,2026-03-12 13:30:00+00:00,2026-06-05 20:00:00+00:00,America/New_York,2026-06-07 10:13:49.611248+00:00
VNO,VNO,4680,2026-03-12 13:30:00+00:00,2026-06-05 20:00:00+00:00,America/New_York,2026-06-07 10:12:58.469269+00:00
VNOM,VNOM,4681,2026-03-12 13:30:00+00:00,2026-06-05 20:00:00+00:00,America/New_York,2026-06-07 10:12:29.279274+00:00
VNT,VNT,4667,2026-03-12 13:30:00+00:00,2026-06-05 20:00:00+00:00,America/New_York,2026-06-07 10:13:25.059946+00:00
VOD,VOD,4681,2026-03-12 13:30:00+00:00,2026-06-05 20:00:00+00:00,America/New_York,2026-06-07 10:12:11.496205+00:00
VOR,VOR,4621,2026-03-12 13:30:00+00:00,2026-06-05 20:00:00+00:00,America/New_York,2026-06-07 10:14:45.845791+00:00
VOXR,VOXR,4447,2026-03-12 13:30:00+00:00,2026-06-05 20:00:00+00:00,America/New_York,2026-06-07 10:15:19.757956+00:00
VOYA,VOYA,4673,2026-03-12 13:30:00+00:00,2026-06-05 20:00:00+00:00,America/New_York,2026-06-07 10:12:54.874241+00:00
VOYG,VOYG,4679,2026-03-12 13:30:00+00:00,2026-06-05 20:00:00+00:00,America/New_York,2026-06-07 10:13:50.558110+00:00
VPG,VPG,4311,2026-03-12 13:30:00+00:00,2026-06-05 20:00:00+00:00,America/New_York,2026-06-07 10:14:11.454210+00:00
VRA,VRA,3320,2026-03-12 13:30:00+00:00,2026-06-05 20:00:00+00:00,America/New_York,2026-06-07 10:15:57.594881+00:00
VRCA,VRCA,2252,2026-03-12 13:30:00+00:00,2026-06-05 20:00:00+00:00,America/New_York,2026-06-07 10:15:54.966676+00:00
VRDN,VRDN,4678,2026-03-12 13:30:00+00:00,2026-06-05 20:00:00+00:00,America/New_York,2026-06-07 10:14:06.045154+00:00
VREX,VREX,4141,2026-03-12 13:30:00+00:00,2026-06-05 20:00:00+00:00,America/New_York,2026-06-07 10:15:08.883399+00:00
VRNS,VRNS,4681,2026-03-12 13:30:00+00:00,2026-06-05 20:00:00+00:00,America/New_York,2026-06-07 10:13:28.796151+00:00
VRRM,VRRM,4673,2026-03-12 13:30:00+00:00,2026-06-05 20:00:00+00:00,America/New_York,2026-06-07 10:14:49.805244+00:00
VRSK,VRSK,4681,2026-03-12 13:30:00+00:00,2026-06-05 20:00:00+00:00,America/New_York,2026-06-07 10:12:20.085862+00:00
VRSN,VRSN,4644,2026-03-12 13:30:00+00:00,2026-06-05 20:00:00+00:00,America/New_York,2026-06-07 10:12:16.795462+00:00
VRT,VRT,4681,2026-03-12 13:30:00+00:00,2026-06-05 20:00:00+00:00,America/New_York,2026-06-07 10:11:53.557661+00:00
VRTS,VRTS,2821,2026-03-12 13:30:00+00:00,2026-06-05 20:00:00+00:00,America/New_York,2026-06-07 10:14:32.842446+00:00
VRTX,VRTX,4681,2026-03-12 13:30:00+00:00,2026-06-05 20:00:00+00:00,America/New_York,2026-06-07 10:11:53.844687+00:00
VSAT,VSAT,4679,2026-03-12 13:30:00+00:00,2026-06-05 20:00:00+00:00,America/New_York,2026-06-07 10:12:49.398445+00:00
VSEC,VSEC,4427,2026-03-12 13:30:00+00:00,2026-06-05 20:00:00+00:00,America/New_York,2026-06-07 10:13:14.126105+00:00
VSH,VSH,4680,2026-03-12 13:30:00+00:00,2026-06-05 20:00:00+00:00,America/New_York,2026-06-07 10:12:55.468994+00:00
VSNT,VSNT,4681,2026-03-12 13:30:00+00:00,2026-06-05 20:00:00+00:00,America/New_York,2026-06-07 10:13:08.822747+00:00
VST,VST,4681,2026-03-12 13:30:00+00:00,2026-06-05 20:00:00+00:00,America/New_York,2026-06-07 10:12:05.317868+00:00
VSTM,VSTM,4680,2026-03-12 13:30:00+00:00,2026-06-05 20:00:00+00:00,America/New_York,2026-06-07 10:15:21.978844+00:00
VSTS,VSTS,4673,2026-03-12 13:30:00+00:00,2026-06-05 20:00:00+00:00,America/New_York,2026-06-07 10:14:07.297480+00:00
VSXY,VSXY,313,2026-06-02 13:30:00+00:00,2026-06-05 20:00:00+00:00,America/New_York,2026-06-07 10:13:07.008581+00:00
VTEX,VTEX,4658,2026-03-12 13:30:00+00:00,2026-06-05 20:00:00+00:00,America/New_York,2026-06-07 10:14:51.953653+00:00
VTIX,VTIX,3654,2026-03-12 13:30:00+00:00,2026-06-05 20:00:00+00:00,America/New_York,2026-06-07 10:15:54.474685+00:00
VTMX,VTMX,3131,2026-03-12 13:30:00+00:00,2026-06-05 20:00:00+00:00,America/New_York,2026-06-07 10:13:42.269605+00:00
VTOL,VTOL,3729,2026-03-12 13:30:00+00:00,2026-06-05 20:00:00+00:00,America/New_York,2026-06-07 10:14:24.384441+00:00
VTR,VTR,4681,2026-03-12 13:30:00+00:00,2026-06-05 20:00:00+00:00,America/New_York,2026-06-07 10:12:08.721651+00:00
VTRS,VTRS,4681,2026-03-12 13:30:00+00:00,2026-06-05 20:00:00+00:00,America/New_York,2026-06-07 10:12:27.045199+00:00
VTS,VTS,4552,2026-03-12 13:30:00+00:00,2026-06-05 20:00:00+00:00,America/New_York,2026-06-07 10:14:46.626246+00:00
VTVT,VTVT,1758,2026-03-12 13:30:00+00:00,2026-06-05 20:00:00+00:00,America/New_York,2026-06-07 10:15:51.708923+00:00
VUZI,VUZI,4621,2026-03-12 13:30:00+00:00,2026-06-05 20:00:00+00:00,America/New_York,2026-06-07 10:15:25.815913+00:00
VVV,VVV,4680,2026-03-12 13:30:00+00:00,2026-06-05 20:00:00+00:00,America/New_York,2026-06-07 10:13:20.557101+00:00
VVX,VVX,4439,2026-03-12 13:30:00+00:00,2026-06-05 20:00:00+00:00,America/New_York,2026-06-07 10:13:46.939142+00:00
VWAV,VWAV,4558,2026-03-12 13:30:00+00:00,2026-06-05 20:00:00+00:00,America/New_York,2026-06-07 10:15:50.804741+00:00
VYGR,VYGR,4566,2026-03-12 13:30:00+00:00,2026-06-05 20:00:00+00:00,America/New_York,2026-06-07 10:15:40.781257+00:00
VYX,VYX,4680,2026-03-12 13:30:00+00:00,2026-06-05 20:00:00+00:00,America/New_York,2026-06-07 10:14:34.171961+00:00
VZ,VZ,4681,2026-03-12 13:30:00+00:00,2026-06-05 20:00:00+00:00,America/New_York,2026-06-07 10:11:49.308156+00:00
VZLA,VZLA,4681,2026-03-12 13:30:00+00:00,2026-06-05 20:00:00+00:00,America/New_York,2026-06-07 10:14:23.831685+00:00
W,W,4681,2026-03-12 13:30:00+00:00,2026-06-05 20:00:00+00:00,America/New_York,2026-06-07 10:12:50.286545+00:00
WAB,WAB,4669,2026-03-12 13:30:00+00:00,2026-06-05 20:00:00+00:00,America/New_York,2026-06-07 10:12:06.934971+00:00
WABC,WABC,3325,2026-03-12 13:30:00+00:00,2026-06-05 20:00:00+00:00,America/New_York,2026-06-07 10:14:19.071423+00:00
WAFD,WAFD,4570,2026-03-12 13:30:00+00:00,2026-06-05 20:00:00+00:00,America/New_York,2026-06-07 10:13:46.305216+00:00
WAL,WAL,4677,2026-03-12 13:30:00+00:00,2026-06-05 20:00:00+00:00,America/New_York,2026-06-07 10:12:51.271807+00:00
WASH,WASH,3634,2026-03-12 13:30:00+00:00,2026-06-05 20:00:00+00:00,America/New_York,2026-06-07 10:14:50.648200+00:00
WAT,WAT,4681,2026-03-12 13:30:00+00:00,2026-06-05 20:00:00+00:00,America/New_York,2026-06-07 10:12:11.260409+00:00
WATT,WATT,4434,2026-03-12 13:30:00+00:00,2026-06-05 20:00:00+00:00,America/New_York,2026-06-07 10:15:49.481420+00:00
WAVE,WAVE,1118,2026-03-12 13:30:00+00:00,2026-06-05 20:00:00+00:00,America/New_York,2026-06-07 10:16:04.882355+00:00
WAY,WAY,4680,2026-03-12 13:30:00+00:00,2026-06-05 20:00:00+00:00,America/New_York,2026-06-07 10:13:29.055098+00:00
WB,WB,4624,2026-03-12 13:30:00+00:00,2026-06-05 20:00:00+00:00,America/New_York,2026-06-07 10:14:03.652087+00:00
WBD,WBD,4681,2026-03-12 13:30:00+00:00,2026-06-05 20:00:00+00:00,America/New_York,2026-06-07 10:12:01.296786+00:00
WBI,WBI,4590,2026-03-12 13:30:00+00:00,2026-06-05 20:00:00+00:00,America/New_York,2026-06-07 10:14:17.726557+00:00
WBS,WBS,4681,2026-03-12 13:30:00+00:00,2026-06-05 20:00:00+00:00,America/New_York,2026-06-07 10:12:40.167666+00:00
WBTN,WBTN,4178,2026-03-12 13:30:00+00:00,2026-06-05 20:00:00+00:00,America/New_York,2026-06-07 10:14:13.170233+00:00
WCC,WCC,4588,2026-03-12 13:30:00+00:00,2026-06-05 20:00:00+00:00,America/New_York,2026-06-07 10:12:28.260428+00:00
WCN,WCN,4681,2026-03-12 13:30:00+00:00,2026-06-05 20:00:00+00:00,America/New_York,2026-06-07 10:12:08.942266+00:00
WD,WD,4188,2026-03-12 13:30:00+00:00,2026-06-05 20:00:00+00:00,America/New_York,2026-06-07 10:14:06.067783+00:00
WDAY,WDAY,4681,2026-03-12 13:30:00+00:00,2026-06-05 20:00:00+00:00,America/New_York,2026-06-07 10:12:11.096182+00:00
WDC,WDC,4681,2026-03-12 13:30:00+00:00,2026-06-05 20:00:00+00:00,America/New_York,2026-06-07 10:11:49.760906+00:00
WDFC,WDFC,3055,2026-03-12 13:30:00+00:00,2026-06-05 20:00:00+00:00,America/New_York,2026-06-07 10:13:45.914938+00:00
WDS,WDS,4678,2026-03-12 13:30:00+00:00,2026-06-05 20:00:00+00:00,America/New_York,2026-06-07 10:12:08.373351+00:00
WEAV,WEAV,4675,2026-03-12 13:30:00+00:00,2026-06-05 20:00:00+00:00,America/New_York,2026-06-07 10:15:07.232806+00:00
WEC,WEC,4681,2026-03-12 13:30:00+00:00,2026-06-05 20:00:00+00:00,America/New_York,2026-06-07 10:12:10.710951+00:00
WELL,WELL,4681,2026-03-12 13:30:00+00:00,2026-06-05 20:00:00+00:00,America/New_York,2026-06-07 10:11:51.693265+00:00
WEN,WEN,4681,2026-03-12 13:30:00+00:00,2026-06-05 20:00:00+00:00,America/New_York,2026-06-07 10:14:21.124367+00:00
WENN,WENN,134,2026-03-12 16:45:00+00:00,2026-06-05 20:00:00+00:00,America/New_York,2026-06-07 10:15:13.312756+00:00
WERN,WERN,4673,2026-03-12 13:30:00+00:00,2026-06-05 20:00:00+00:00,America/New_York,2026-06-07 10:13:48.344284+00:00
WEST,WEST,4325,2026-03-12 13:30:00+00:00,2026-06-05 20:00:00+00:00,America/New_York,2026-06-07 10:14:45.163228+00:00
WEX,WEX,4533,2026-03-12 13:30:00+00:00,2026-06-05 20:00:00+00:00,America/New_York,2026-06-07 10:13:14.276808+00:00
WEYS,WEYS,738,2026-03-12 13:30:00+00:00,2026-06-05 20:00:00+00:00,America/New_York,2026-06-07 10:15:20.555979+00:00
WF,WF,3623,2026-03-12 13:30:00+00:00,2026-06-05 20:00:00+00:00,America/New_York,2026-06-07 10:12:32.188689+00:00
WFC,WFC,4681,2026-03-12 13:30:00+00:00,2026-06-05 20:00:00+00:00,America/New_York,2026-06-07 10:11:47.677919+00:00
WFG,WFG,4087,2026-03-12 13:30:00+00:00,2026-06-05 20:00:00+00:00,America/New_York,2026-06-07 10:13:14.097522+00:00
WFRD,WFRD,4667,2026-03-12 13:30:00+00:00,2026-06-05 20:00:00+00:00,America/New_York,2026-06-07 10:12:59.814035+00:00
WGO,WGO,4631,2026-03-12 13:30:00+00:00,2026-06-05 20:00:00+00:00,America/New_York,2026-06-07 10:14:43.348829+00:00
WGS,WGS,4597,2026-03-12 13:30:00+00:00,2026-06-05 20:00:00+00:00,America/New_York,2026-06-07 10:14:12.839710+00:00
WH,WH,4679,2026-03-12 13:30:00+00:00,2026-06-05 20:00:00+00:00,America/New_York,2026-06-07 10:13:05.171667+00:00
WHD,WHD,4644,2026-03-12 13:30:00+00:00,2026-06-05 20:00:00+00:00,America/New_York,2026-06-07 10:13:20.818249+00:00
WHF,WHF,2660,2026-03-12 13:30:00+00:00,2026-06-05 20:00:00+00:00,America/New_York,2026-06-07 10:15:48.951891+00:00
WHG,WHG,806,2026-03-12 13:30:00+00:00,2026-06-05 20:00:00+00:00,America/New_York,2026-06-07 10:15:45.933753+00:00
WHR,WHR,4681,2026-03-12 13:30:00+00:00,2026-06-05 20:00:00+00:00,America/New_York,2026-06-07 10:13:49.046945+00:00
WHWK,WHWK,3794,2026-03-12 13:30:00+00:00,2026-06-05 20:00:00+00:00,America/New_York,2026-06-07 10:15:41.207544+00:00
WILC,WILC,195,2026-03-12 15:05:00+00:00,2026-06-05 20:00:00+00:00,America/New_York,2026-06-07 10:15:04.367527+00:00
WINA,WINA,2786,2026-03-12 13:30:00+00:00,2026-06-05 20:00:00+00:00,America/New_York,2026-06-07 10:14:18.922882+00:00
WING,WING,4677,2026-03-12 13:30:00+00:00,2026-06-05 20:00:00+00:00,America/New_York,2026-06-07 10:13:27.082554+00:00
WIX,WIX,4679,2026-03-12 13:30:00+00:00,2026-06-05 20:00:00+00:00,America/New_York,2026-06-07 10:13:43.156485+00:00
WK,WK,4653,2026-03-12 13:30:00+00:00,2026-06-05 20:00:00+00:00,America/New_York,2026-06-07 10:13:46.039957+00:00
WKC,WKC,4599,2026-03-12 13:30:00+00:00,2026-06-05 20:00:00+00:00,America/New_York,2026-06-07 10:14:12.088032+00:00
WKEY,WKEY,2922,2026-03-12 13:30:00+00:00,2026-06-05 20:00:00+00:00,America/New_York,2026-06-07 10:15:56.757132+00:00
WLDN,WLDN,4370,2026-03-12 13:30:00+00:00,2026-06-05 20:00:00+00:00,America/New_York,2026-06-07 10:14:15.173252+00:00
WLFC,WLFC,2145,2026-03-12 13:30:00+00:00,2026-06-05 20:00:00+00:00,America/New_York,2026-06-07 10:14:20.901356+00:00
WLK,WLK,4664,2026-03-12 13:30:00+00:00,2026-06-05 20:00:00+00:00,America/New_York,2026-06-07 10:12:43.281487+00:00
WLTH,WLTH,4667,2026-03-12 13:30:00+00:00,2026-06-05 20:00:00+00:00,America/New_York,2026-06-07 10:14:15.017988+00:00
WLY,WLY,4460,2026-03-12 13:30:00+00:00,2026-06-05 20:00:00+00:00,America/New_York,2026-06-07 10:13:55.404143+00:00
WM,WM,4681,2026-03-12 13:30:00+00:00,2026-06-05 20:00:00+00:00,America/New_York,2026-06-07 10:11:56.374593+00:00
WMB,WMB,4681,2026-03-12 13:30:00+00:00,2026-06-05 20:00:00+00:00,America/New_York,2026-06-07 10:11:56.531907+00:00
WMG,WMG,4681,2026-03-12 13:30:00+00:00,2026-06-05 20:00:00+00:00,America/New_York,2026-06-07 10:12:31.053242+00:00
WMK,WMK,3336,2026-03-12 13:30:00+00:00,2026-06-05 20:00:00+00:00,America/New_York,2026-06-07 10:14:01.018679+00:00
WMS,WMS,4670,2026-03-12 13:30:00+00:00,2026-06-05 20:00:00+00:00,America/New_York,2026-06-07 10:12:45.469056+00:00
WMT,WMT,4681,2026-03-12 13:30:00+00:00,2026-06-05 20:00:00+00:00,America/New_York,2026-06-07 10:11:44.962756+00:00
WNC,WNC,4594,2026-03-12 13:30:00+00:00,2026-06-05 20:00:00+00:00,America/New_York,2026-06-07 10:15:25.123671+00:00
WNEB,WNEB,1875,2026-03-12 13:30:00+00:00,2026-06-05 20:00:00+00:00,America/New_York,2026-06-07 10:15:29.668502+00:00
WOLF,WOLF,4680,2026-03-12 13:30:00+00:00,2026-06-05 20:00:00+00:00,America/New_York,2026-06-07 10:13:47.374801+00:00
WOR,WOR,3577,2026-03-12 13:30:00+00:00,2026-06-05 20:00:00+00:00,America/New_York,2026-06-07 10:13:44.259574+00:00
WPC,WPC,4681,2026-03-12 13:30:00+00:00,2026-06-05 20:00:00+00:00,America/New_York,2026-06-07 10:12:29.219171+00:00
WPM,WPM,4681,2026-03-12 13:30:00+00:00,2026-06-05 20:00:00+00:00,America/New_York,2026-06-07 10:12:04.514484+00:00
WPP,WPP,4581,2026-03-12 13:30:00+00:00,2026-06-05 20:00:00+00:00,America/New_York,2026-06-07 10:13:27.746640+00:00
WRB,WRB,4681,2026-03-12 13:30:00+00:00,2026-06-05 20:00:00+00:00,America/New_York,2026-06-07 10:12:18.041878+00:00
WRBY,WRBY,4681,2026-03-12 13:30:00+00:00,2026-06-05 20:00:00+00:00,America/New_York,2026-06-07 10:13:45.401353+00:00
WRD,WRD,4681,2026-03-12 13:30:00+00:00,2026-06-05 20:00:00+00:00,America/New_York,2026-06-07 10:13:54.464376+00:00
WRLD,WRLD,2653,2026-03-12 13:30:00+00:00,2026-06-05 20:00:00+00:00,America/New_York,2026-06-07 10:14:43.190501+00:00
WS,WS,4150,2026-03-12 13:30:00+00:00,2026-06-05 20:00:00+00:00,America/New_York,2026-06-07 10:13:57.763868+00:00
WSBC,WSBC,4583,2026-03-12 13:30:00+00:00,2026-06-05 20:00:00+00:00,America/New_York,2026-06-07 10:13:36.477115+00:00
WSBF,WSBF,2468,2026-03-12 13:30:00+00:00,2026-06-05 20:00:00+00:00,America/New_York,2026-06-07 10:15:19.345701+00:00
WSBK,WSBK,349,2026-03-12 19:55:00+00:00,2026-06-05 20:00:00+00:00,America/New_York,2026-06-07 10:15:53.371907+00:00
WSC,WSC,4681,2026-03-12 13:30:00+00:00,2026-06-05 20:00:00+00:00,America/New_York,2026-06-07 10:13:17.586306+00:00
WSE,WSE,1448,2026-05-11 13:30:00+00:00,2026-06-05 20:00:00+00:00,America/New_York,2026-06-07 10:12:34.902816+00:00
WSFS,WSFS,4346,2026-03-12 13:30:00+00:00,2026-06-05 20:00:00+00:00,America/New_York,2026-06-07 10:13:29.679734+00:00
WSHP,WSHP,2745,2026-03-12 13:35:00+00:00,2026-06-05 20:00:00+00:00,America/New_York,2026-06-07 10:15:48.931844+00:00
WSM,WSM,4679,2026-03-12 13:30:00+00:00,2026-06-05 20:00:00+00:00,America/New_York,2026-06-07 10:12:18.791966+00:00
WSO,WSO,4673,2026-03-12 13:30:00+00:00,2026-06-05 20:00:00+00:00,America/New_York,2026-06-07 10:12:31.592070+00:00
WSR,WSR,4314,2026-03-12 13:30:00+00:00,2026-06-05 20:00:00+00:00,America/New_York,2026-06-07 10:14:00.713102+00:00
WST,WST,4654,2026-03-12 13:30:00+00:00,2026-06-05 20:00:00+00:00,America/New_York,2026-06-07 10:12:21.179037+00:00
WT,WT,4680,2026-03-12 13:30:00+00:00,2026-06-05 20:00:00+00:00,America/New_York,2026-06-07 10:13:45.070054+00:00
WTBA,WTBA,1424,2026-03-12 13:30:00+00:00,2026-06-05 20:00:00+00:00,America/New_York,2026-06-07 10:15:10.929418+00:00
WTFC,WTFC,4425,2026-03-12 13:30:00+00:00,2026-06-05 20:00:00+00:00,America/New_York,2026-06-07 10:12:44.737503+00:00
WTI,WTI,4681,2026-03-12 13:30:00+00:00,2026-06-05 20:00:00+00:00,America/New_York,2026-06-07 10:14:57.299761+00:00
WTM,WTM,3706,2026-03-12 13:30:00+00:00,2026-06-05 20:00:00+00:00,America/New_York,2026-06-07 10:13:13.089798+00:00
WTRG,WTRG,4681,2026-03-12 13:30:00+00:00,2026-06-05 20:00:00+00:00,America/New_York,2026-06-07 10:12:43.789312+00:00
WTS,WTS,4530,2026-03-12 13:30:00+00:00,2026-06-05 20:00:00+00:00,America/New_York,2026-06-07 10:12:44.379602+00:00
WTTR,WTTR,4681,2026-03-12 13:30:00+00:00,2026-06-05 20:00:00+00:00,America/New_York,2026-06-07 10:13:51.534523+00:00
WTW,WTW,4676,2026-03-12 13:30:00+00:00,2026-06-05 20:00:00+00:00,America/New_York,2026-06-07 10:12:19.053984+00:00
WU,WU,4681,2026-03-12 13:30:00+00:00,2026-06-05 20:00:00+00:00,America/New_York,2026-06-07 10:13:52.335023+00:00
WULF,WULF,4681,2026-03-12 13:30:00+00:00,2026-06-05 20:00:00+00:00,America/New_York,2026-06-07 10:12:40.384819+00:00
WVE,WVE,4681,2026-03-12 13:30:00+00:00,2026-06-05 20:00:00+00:00,America/New_York,2026-06-07 10:14:28.545121+00:00
WW,WW,4258,2026-03-12 13:30:00+00:00,2026-06-05 20:00:00+00:00,America/New_York,2026-06-07 10:15:46.236118+00:00
WWD,WWD,4606,2026-03-12 13:30:00+00:00,2026-06-05 20:00:00+00:00,America/New_York,2026-06-07 10:12:22.701378+00:00
WWW,WWW,4672,2026-03-12 13:30:00+00:00,2026-06-05 20:00:00+00:00,America/New_York,2026-06-07 10:14:20.083615+00:00
WY,WY,4681,2026-03-12 13:30:00+00:00,2026-06-05 20:00:00+00:00,America/New_York,2026-06-07 10:12:27.708440+00:00
WYFI,WYFI,4664,2026-03-12 13:30:00+00:00,2026-06-05 20:00:00+00:00,America/New_York,2026-06-07 10:14:37.535864+00:00
WYNN,WYNN,4676,2026-03-12 13:30:00+00:00,2026-06-05 20:00:00+00:00,America/New_York,2026-06-07 10:12:42.902433+00:00
WYY,WYY,2135,2026-03-12 13:30:00+00:00,2026-06-05 20:00:00+00:00,America/New_York,2026-06-07 10:15:54.287914+00:00
XE,XE,2303,2026-04-24 13:35:00+00:00,2026-06-05 20:00:00+00:00,America/New_York,2026-06-07 10:12:51.554367+00:00
XEL,XEL,4681,2026-03-12 13:30:00+00:00,2026-06-05 20:00:00+00:00,America/New_York,2026-06-07 10:12:05.910134+00:00
XENE,XENE,4652,2026-03-12 13:30:00+00:00,2026-06-05 20:00:00+00:00,America/New_York,2026-06-07 10:13:15.972937+00:00
XERS,XERS,4659,2026-03-12 13:30:00+00:00,2026-06-05 20:00:00+00:00,America/New_York,2026-06-07 10:14:31.291678+00:00
XFOR,XFOR,4351,2026-03-12 13:30:00+00:00,2026-06-05 20:00:00+00:00,America/New_York,2026-06-07 10:15:16.644143+00:00
XGN,XGN,3814,2026-03-12 13:30:00+00:00,2026-06-05 20:00:00+00:00,America/New_York,2026-06-07 10:15:54.937865+00:00
XHR,XHR,4634,2026-03-12 13:30:00+00:00,2026-06-05 20:00:00+00:00,America/New_York,2026-06-07 10:14:05.415283+00:00
XLO,XLO,1613,2026-03-12 13:30:00+00:00,2026-06-05 20:00:00+00:00,America/New_York,2026-06-07 10:16:05.326763+00:00
XMAX,XMAX,1092,2026-05-18 13:30:00+00:00,2026-06-05 20:00:00+00:00,America/New_York,2026-06-07 10:15:00.133010+00:00
XMTR,XMTR,4596,2026-03-12 13:30:00+00:00,2026-06-05 20:00:00+00:00,America/New_York,2026-06-07 10:13:24.933348+00:00
XNCR,XNCR,4587,2026-03-12 13:30:00+00:00,2026-06-05 20:00:00+00:00,America/New_York,2026-06-07 10:14:40.087820+00:00
XNET,XNET,3735,2026-03-12 13:30:00+00:00,2026-06-05 20:00:00+00:00,America/New_York,2026-06-07 10:15:27.521806+00:00
XOM,XOM,4681,2026-03-12 13:30:00+00:00,2026-06-05 20:00:00+00:00,America/New_York,2026-06-07 10:11:45.553651+00:00
XOMA,XOMA,3379,2026-03-12 13:30:00+00:00,2026-06-05 20:00:00+00:00,America/New_York,2026-06-07 10:14:44.676098+00:00
XOS,XOS,1813,2026-03-12 13:30:00+00:00,2026-06-05 20:00:00+00:00,America/New_York,2026-06-07 10:16:03.688171+00:00
XP,XP,4681,2026-03-12 13:30:00+00:00,2026-06-05 20:00:00+00:00,America/New_York,2026-06-07 10:12:54.947838+00:00
XPEL,XPEL,3754,2026-03-12 13:30:00+00:00,2026-06-05 20:00:00+00:00,America/New_York,2026-06-07 10:14:23.292898+00:00
XPER,XPER,4327,2026-03-12 13:30:00+00:00,2026-06-05 20:00:00+00:00,America/New_York,2026-06-07 10:15:19.579338+00:00
XPEV,XPEV,4681,2026-03-12 13:30:00+00:00,2026-06-05 20:00:00+00:00,America/New_York,2026-06-07 10:12:30.712812+00:00
XPO,XPO,4677,2026-03-12 13:30:00+00:00,2026-06-05 20:00:00+00:00,America/New_York,2026-06-07 10:12:18.342453+00:00
XPOF,XPOF,4492,2026-03-12 13:30:00+00:00,2026-06-05 20:00:00+00:00,America/New_York,2026-06-07 10:15:34.898605+00:00
XPRO,XPRO,4657,2026-03-12 13:30:00+00:00,2026-06-05 20:00:00+00:00,America/New_York,2026-06-07 10:14:05.129465+00:00
XRAY,XRAY,4681,2026-03-12 13:30:00+00:00,2026-06-05 20:00:00+00:00,America/New_York,2026-06-07 10:14:00.103142+00:00
XRN,XRN,3441,2026-03-12 13:30:00+00:00,2026-06-05 20:00:00+00:00,America/New_York,2026-06-07 10:14:59.956709+00:00
XRPN,XRPN,1722,2026-03-12 13:30:00+00:00,2026-06-05 20:00:00+00:00,America/New_York,2026-06-07 10:15:23.025209+00:00
XRX,XRX,4674,2026-03-12 13:30:00+00:00,2026-06-05 20:00:00+00:00,America/New_York,2026-06-07 10:15:09.994010+00:00
XXI,XXI,4679,2026-03-12 13:30:00+00:00,2026-06-05 20:00:00+00:00,America/New_York,2026-06-07 10:16:00.437298+00:00
XYF,XYF,3333,2026-03-12 13:30:00+00:00,2026-06-05 20:00:00+00:00,America/New_York,2026-06-07 10:15:42.639863+00:00
XYL,XYL,4681,2026-03-12 13:30:00+00:00,2026-06-05 20:00:00+00:00,America/New_York,2026-06-07 10:12:17.984686+00:00
XYZ,XYZ,4681,2026-03-12 13:30:00+00:00,2026-06-05 20:00:00+00:00,America/New_York,2026-06-07 10:12:07.980177+00:00
XZO,XZO,3860,2026-03-12 13:30:00+00:00,2026-06-05 20:00:00+00:00,America/New_York,2026-06-07 10:14:24.624756+00:00
YALA,YALA,4028,2026-03-12 13:30:00+00:00,2026-06-05 20:00:00+00:00,America/New_York,2026-06-07 10:14:40.116371+00:00
YB,YB,1629,2026-03-12 13:30:00+00:00,2026-06-05 20:00:00+00:00,America/New_York,2026-06-07 10:14:49.156388+00:00
YDES,YDES,832,2026-03-12 14:05:00+00:00,2026-06-05 20:00:00+00:00,America/New_York,2026-06-07 10:15:38.332283+00:00
YELP,YELP,4681,2026-03-12 13:30:00+00:00,2026-06-05 20:00:00+00:00,America/New_York,2026-06-07 10:14:20.383771+00:00
YETI,YETI,4681,2026-03-12 13:30:00+00:00,2026-06-05 20:00:00+00:00,America/New_York,2026-06-07 10:13:32.857068+00:00
YEXT,YEXT,4675,2026-03-12 13:30:00+00:00,2026-06-05 20:00:00+00:00,America/New_York,2026-06-07 10:15:13.208302+00:00
YMM,YMM,4680,2026-03-12 13:30:00+00:00,2026-06-05 20:00:00+00:00,America/New_York,2026-06-07 10:12:50.619650+00:00
YORW,YORW,3707,2026-03-12 13:30:00+00:00,2026-06-05 20:00:00+00:00,America/New_York,2026-06-07 10:15:02.973617+00:00
YOU,YOU,4677,2026-03-12 13:30:00+00:00,2026-06-05 20:00:00+00:00,America/New_York,2026-06-07 10:12:58.431267+00:00
YPF,YPF,4680,2026-03-12 13:30:00+00:00,2026-06-05 20:00:00+00:00,America/New_York,2026-06-07 10:12:21.259009+00:00
YSS,YSS,4675,2026-03-12 13:30:00+00:00,2026-06-05 20:00:00+00:00,America/New_York,2026-06-07 10:13:31.220281+00:00
YSWY,YSWY,2261,2026-04-22 13:40:00+00:00,2026-06-05 20:00:00+00:00,America/New_York,2026-06-07 10:14:16.963952+00:00
YUM,YUM,4681,2026-03-12 13:30:00+00:00,2026-06-05 20:00:00+00:00,America/New_York,2026-06-07 10:12:07.910534+00:00
YUMC,YUMC,4681,2026-03-12 13:30:00+00:00,2026-06-05 20:00:00+00:00,America/New_York,2026-06-07 10:12:31.482226+00:00
Z,Z,4681,2026-03-12 13:30:00+00:00,2026-06-05 20:00:00+00:00,America/New_York,2026-06-07 10:12:54.304937+00:00
ZBH,ZBH,4681,2026-03-12 13:30:00+00:00,2026-06-05 20:00:00+00:00,America/New_York,2026-06-07 10:12:28.229481+00:00
ZBIO,ZBIO,4500,2026-03-12 13:30:00+00:00,2026-06-05 20:00:00+00:00,America/New_York,2026-06-07 10:14:28.456215+00:00
ZBRA,ZBRA,4672,2026-03-12 13:30:00+00:00,2026-06-05 20:00:00+00:00,America/New_York,2026-06-07 10:12:42.252242+00:00
ZD,ZD,4557,2026-03-12 13:30:00+00:00,2026-06-05 20:00:00+00:00,America/New_York,2026-06-07 10:14:07.449841+00:00
ZEPP,ZEPP,3231,2026-03-12 13:30:00+00:00,2026-06-05 20:00:00+00:00,America/New_York,2026-06-07 10:15:56.931347+00:00
ZETA,ZETA,4681,2026-03-12 13:30:00+00:00,2026-06-05 20:00:00+00:00,America/New_York,2026-06-07 10:13:13.657409+00:00
ZGN,ZGN,4629,2026-03-12 13:30:00+00:00,2026-06-05 20:00:00+00:00,America/New_York,2026-06-07 10:13:07.152828+00:00
ZH,ZH,3954,2026-03-12 13:30:00+00:00,2026-06-05 20:00:00+00:00,America/New_York,2026-06-07 10:15:39.744822+00:00
ZIM,ZIM,4679,2026-03-12 13:30:00+00:00,2026-06-05 20:00:00+00:00,America/New_York,2026-06-07 10:13:41.301037+00:00
ZION,ZION,4681,2026-03-12 13:30:00+00:00,2026-06-05 20:00:00+00:00,America/New_York,2026-06-07 10:12:48.721793+00:00
ZIP,ZIP,4653,2026-03-12 13:30:00+00:00,2026-06-05 20:00:00+00:00,America/New_York,2026-06-07 10:15:31.527807+00:00
ZLAB,ZLAB,4556,2026-03-12 13:30:00+00:00,2026-06-05 20:00:00+00:00,America/New_York,2026-06-07 10:14:03.186237+00:00
ZM,ZM,4681,2026-03-12 13:30:00+00:00,2026-06-05 20:00:00+00:00,America/New_York,2026-06-07 10:12:14.399329+00:00
ZNTL,ZNTL,4559,2026-03-12 13:30:00+00:00,2026-06-05 20:00:00+00:00,America/New_York,2026-06-07 10:15:30.647211+00:00
ZS,ZS,4681,2026-03-12 13:30:00+00:00,2026-06-05 20:00:00+00:00,America/New_York,2026-06-07 10:12:23.079089+00:00
ZSQR,ZSQR,1870,2026-04-27 16:20:00+00:00,2026-06-05 20:00:00+00:00,America/New_York,2026-06-07 10:15:00.063356+00:00
ZTO,ZTO,4679,2026-03-12 13:30:00+00:00,2026-06-05 20:00:00+00:00,America/New_York,2026-06-07 10:12:28.748610+00:00
ZTS,ZTS,4681,2026-03-12 13:30:00+00:00,2026-06-05 20:00:00+00:00,America/New_York,2026-06-07 10:12:11.604584+00:00
ZUMZ,ZUMZ,3386,2026-03-12 13:30:00+00:00,2026-06-05 20:00:00+00:00,America/New_York,2026-06-07 10:15:27.400728+00:00
ZURA,ZURA,4493,2026-03-12 13:30:00+00:00,2026-06-05 20:00:00+00:00,America/New_York,2026-06-07 10:15:22.849612+00:00
ZVRA,ZVRA,4637,2026-03-12 13:30:00+00:00,2026-06-05 20:00:00+00:00,America/New_York,2026-06-07 10:14:51.519777+00:00
ZWS,ZWS,4675,2026-03-12 13:30:00+00:00,2026-06-05 20:00:00+00:00,America/New_York,2026-06-07 10:12:54.637270+00:00
ZYME,ZYME,4551,2026-03-12 13:30:00+00:00,2026-06-05 20:00:00+00:00,America/New_York,2026-06-07 10:14:04.143793+00:00
