source_symbol,symbol,status,row_count,min_timestamp,max_timestamp,exchange_timezone,last_fetch_at,error_message
META,META,success,755,2026-03-16 13:30:00+00:00,2026-06-05 20:00:00+00:00,America/New_York,2026-06-07 10:33:43.655619+00:00,
AMZN,AMZN,success,755,2026-03-16 13:30:00+00:00,2026-06-05 20:00:00+00:00,America/New_York,2026-06-07 10:33:43.491768+00:00,
AAPL,AAPL,success,755,2026-03-16 13:30:00+00:00,2026-06-05 20:00:00+00:00,America/New_York,2026-06-07 10:33:43.490261+00:00,
TSM,TSM,success,755,2026-03-16 13:30:00+00:00,2026-06-05 20:00:00+00:00,America/New_York,2026-06-07 10:33:43.492779+00:00,
MSFT,MSFT,success,755,2026-03-16 13:30:00+00:00,2026-06-05 20:00:00+00:00,America/New_York,2026-06-07 10:33:43.490261+00:00,
NVDA,NVDA,success,755,2026-03-16 13:30:00+00:00,2026-06-05 20:00:00+00:00,America/New_York,2026-06-07 10:33:43.488255+00:00,
GOOGL,GOOGL,success,755,2026-03-16 13:30:00+00:00,2026-06-05 20:00:00+00:00,America/New_York,2026-06-07 10:33:43.490261+00:00,
AVGO,AVGO,success,755,2026-03-16 13:30:00+00:00,2026-06-05 20:00:00+00:00,America/New_York,2026-06-07 10:33:43.591020+00:00,
TSLA,TSLA,success,755,2026-03-16 13:30:00+00:00,2026-06-05 20:00:00+00:00,America/New_York,2026-06-07 10:33:44.048739+00:00,
JPM,JPM,success,755,2026-03-16 13:30:00+00:00,2026-06-05 20:00:00+00:00,America/New_York,2026-06-07 10:33:44.113889+00:00,
AMD,AMD,success,755,2026-03-16 13:30:00+00:00,2026-06-05 20:00:00+00:00,America/New_York,2026-06-07 10:33:44.153453+00:00,
WMT,WMT,success,755,2026-03-16 13:30:00+00:00,2026-06-05 20:00:00+00:00,America/New_York,2026-06-07 10:33:44.112889+00:00,
BRK.B,BRK-B,success,755,2026-03-16 13:30:00+00:00,2026-06-05 20:00:00+00:00,America/New_York,2026-06-07 10:33:44.072274+00:00,
MU,MU,success,755,2026-03-16 13:30:00+00:00,2026-06-05 20:00:00+00:00,America/New_York,2026-06-07 10:33:44.072274+00:00,
ASML,ASML,success,755,2026-03-16 13:30:00+00:00,2026-06-05 20:00:00+00:00,America/New_York,2026-06-07 10:33:44.213130+00:00,
LLY,LLY,success,755,2026-03-16 13:30:00+00:00,2026-06-05 20:00:00+00:00,America/New_York,2026-06-07 10:33:44.061754+00:00,
XOM,XOM,success,755,2026-03-16 13:30:00+00:00,2026-06-05 20:00:00+00:00,America/New_York,2026-06-07 10:33:44.393367+00:00,
V,V,success,755,2026-03-16 13:30:00+00:00,2026-06-05 20:00:00+00:00,America/New_York,2026-06-07 10:33:44.331664+00:00,
JNJ,JNJ,success,755,2026-03-16 13:30:00+00:00,2026-06-05 20:00:00+00:00,America/New_York,2026-06-07 10:33:44.448985+00:00,
CSCO,CSCO,success,755,2026-03-16 13:30:00+00:00,2026-06-05 20:00:00+00:00,America/New_York,2026-06-07 10:33:44.513379+00:00,
ORCL,ORCL,success,755,2026-03-16 13:30:00+00:00,2026-06-05 20:00:00+00:00,America/New_York,2026-06-07 10:33:44.447984+00:00,
MA,MA,success,755,2026-03-16 13:30:00+00:00,2026-06-05 20:00:00+00:00,America/New_York,2026-06-07 10:33:44.543913+00:00,
CAT,CAT,success,755,2026-03-16 13:30:00+00:00,2026-06-05 20:00:00+00:00,America/New_York,2026-06-07 10:33:44.597127+00:00,
COST,COST,success,755,2026-03-16 13:30:00+00:00,2026-06-05 20:00:00+00:00,America/New_York,2026-06-07 10:33:44.572503+00:00,
INTC,INTC,success,755,2026-03-16 13:30:00+00:00,2026-06-05 20:00:00+00:00,America/New_York,2026-06-07 10:33:44.491276+00:00,
BAC,BAC,success,755,2026-03-16 13:30:00+00:00,2026-06-05 20:00:00+00:00,America/New_York,2026-06-07 10:33:44.706623+00:00,
ABBV,ABBV,success,755,2026-03-16 13:30:00+00:00,2026-06-05 20:00:00+00:00,America/New_York,2026-06-07 10:33:44.647411+00:00,
CVX,CVX,success,755,2026-03-16 13:30:00+00:00,2026-06-05 20:00:00+00:00,America/New_York,2026-06-07 10:33:44.740236+00:00,
LRCX,LRCX,success,755,2026-03-16 13:30:00+00:00,2026-06-05 20:00:00+00:00,America/New_York,2026-06-07 10:33:44.775557+00:00,
GE,GE,success,755,2026-03-16 13:30:00+00:00,2026-06-05 20:00:00+00:00,America/New_York,2026-06-07 10:33:44.924848+00:00,
ARM,ARM,success,755,2026-03-16 13:30:00+00:00,2026-06-05 20:00:00+00:00,America/New_York,2026-06-07 10:33:44.859731+00:00,
KO,KO,success,755,2026-03-16 13:30:00+00:00,2026-06-05 20:00:00+00:00,America/New_York,2026-06-07 10:33:44.994789+00:00,
AMAT,AMAT,success,755,2026-03-16 13:30:00+00:00,2026-06-05 20:00:00+00:00,America/New_York,2026-06-07 10:33:44.879281+00:00,
UNH,UNH,success,755,2026-03-16 13:30:00+00:00,2026-06-05 20:00:00+00:00,America/New_York,2026-06-07 10:33:44.879281+00:00,
PG,PG,success,755,2026-03-16 13:30:00+00:00,2026-06-05 20:00:00+00:00,America/New_York,2026-06-07 10:33:44.955231+00:00,
NFLX,NFLX,success,755,2026-03-16 13:30:00+00:00,2026-06-05 20:00:00+00:00,America/New_York,2026-06-07 10:33:44.954232+00:00,
MS,MS,success,755,2026-03-16 13:30:00+00:00,2026-06-05 20:00:00+00:00,America/New_York,2026-06-07 10:33:45.053126+00:00,
HSBC,HSBC,success,755,2026-03-16 13:30:00+00:00,2026-06-05 20:00:00+00:00,America/New_York,2026-06-07 10:33:45.153516+00:00,
PLTR,PLTR,success,755,2026-03-16 13:30:00+00:00,2026-06-05 20:00:00+00:00,America/New_York,2026-06-07 10:33:45.150518+00:00,
MRK,MRK,success,755,2026-03-16 13:30:00+00:00,2026-06-05 20:00:00+00:00,America/New_York,2026-06-07 10:33:45.279391+00:00,
HD,HD,success,755,2026-03-16 13:30:00+00:00,2026-06-05 20:00:00+00:00,America/New_York,2026-06-07 10:33:45.253307+00:00,
BABA,BABA,success,755,2026-03-16 13:30:00+00:00,2026-06-05 20:00:00+00:00,America/New_York,2026-06-07 10:33:45.301914+00:00,
PM,PM,success,755,2026-03-16 13:30:00+00:00,2026-06-05 20:00:00+00:00,America/New_York,2026-06-07 10:33:45.356151+00:00,
RY,RY,success,755,2026-03-16 13:30:00+00:00,2026-06-05 20:00:00+00:00,America/New_York,2026-06-07 10:33:45.388741+00:00,
GS,GS,success,755,2026-03-16 13:30:00+00:00,2026-06-05 20:00:00+00:00,America/New_York,2026-06-07 10:33:45.231272+00:00,
AZN,AZN,success,755,2026-03-16 13:30:00+00:00,2026-06-05 20:00:00+00:00,America/New_York,2026-06-07 10:33:45.328068+00:00,
NVS,NVS,success,755,2026-03-16 13:30:00+00:00,2026-06-05 20:00:00+00:00,America/New_York,2026-06-07 10:33:45.419289+00:00,
DELL,DELL,success,755,2026-03-16 13:30:00+00:00,2026-06-05 20:00:00+00:00,America/New_York,2026-06-07 10:33:45.462025+00:00,
TXN,TXN,success,755,2026-03-16 13:30:00+00:00,2026-06-05 20:00:00+00:00,America/New_York,2026-06-07 10:33:45.590361+00:00,
IBM,IBM,success,755,2026-03-16 13:30:00+00:00,2026-06-05 20:00:00+00:00,America/New_York,2026-06-07 10:33:45.496695+00:00,
WFC,WFC,success,755,2026-03-16 13:30:00+00:00,2026-06-05 20:00:00+00:00,America/New_York,2026-06-07 10:33:45.556873+00:00,
KLAC,KLAC,success,755,2026-03-16 13:30:00+00:00,2026-06-05 20:00:00+00:00,America/New_York,2026-06-07 10:33:45.635894+00:00,
GEV,GEV,success,755,2026-03-16 13:30:00+00:00,2026-06-05 20:00:00+00:00,America/New_York,2026-06-07 10:33:45.636895+00:00,
RTX,RTX,success,755,2026-03-16 13:30:00+00:00,2026-06-05 20:00:00+00:00,America/New_York,2026-06-07 10:33:45.693364+00:00,
QCOM,QCOM,success,755,2026-03-16 13:30:00+00:00,2026-06-05 20:00:00+00:00,America/New_York,2026-06-07 10:33:45.820703+00:00,
C,C,success,755,2026-03-16 13:30:00+00:00,2026-06-05 20:00:00+00:00,America/New_York,2026-06-07 10:33:45.819693+00:00,
LIN,LIN,success,755,2026-03-16 13:30:00+00:00,2026-06-05 20:00:00+00:00,America/New_York,2026-06-07 10:33:45.743224+00:00,
SNDK,SNDK,success,755,2026-03-16 13:30:00+00:00,2026-06-05 20:00:00+00:00,America/New_York,2026-06-07 10:33:45.905846+00:00,
MRVL,MRVL,success,755,2026-03-16 13:30:00+00:00,2026-06-05 20:00:00+00:00,America/New_York,2026-06-07 10:33:45.867765+00:00,
SHEL,SHEL,success,755,2026-03-16 13:30:00+00:00,2026-06-05 20:00:00+00:00,America/New_York,2026-06-07 10:33:45.716297+00:00,
PANW,PANW,success,755,2026-03-16 13:30:00+00:00,2026-06-05 20:00:00+00:00,America/New_York,2026-06-07 10:33:45.978999+00:00,
MUFG,MUFG,success,755,2026-03-16 13:30:00+00:00,2026-06-05 20:00:00+00:00,America/New_York,2026-06-07 10:33:45.905846+00:00,
SAP,SAP,success,755,2026-03-16 13:30:00+00:00,2026-06-05 20:00:00+00:00,America/New_York,2026-06-07 10:33:46.038555+00:00,
MCD,MCD,success,755,2026-03-16 13:30:00+00:00,2026-06-05 20:00:00+00:00,America/New_York,2026-06-07 10:33:46.274106+00:00,
TM,TM,success,755,2026-03-16 13:30:00+00:00,2026-06-05 20:00:00+00:00,America/New_York,2026-06-07 10:33:46.241947+00:00,
BHP,BHP,success,755,2026-03-16 13:30:00+00:00,2026-06-05 20:00:00+00:00,America/New_York,2026-06-07 10:33:46.180243+00:00,
AXP,AXP,success,755,2026-03-16 13:30:00+00:00,2026-06-05 20:00:00+00:00,America/New_York,2026-06-07 10:33:46.222411+00:00,
TMUS,TMUS,success,755,2026-03-16 13:30:00+00:00,2026-06-05 20:00:00+00:00,America/New_York,2026-06-07 10:33:46.370511+00:00,
TTE,TTE,success,755,2026-03-16 13:30:00+00:00,2026-06-05 20:00:00+00:00,America/New_York,2026-06-07 10:33:46.275105+00:00,
ADI,ADI,success,755,2026-03-16 13:30:00+00:00,2026-06-05 20:00:00+00:00,America/New_York,2026-06-07 10:33:46.395142+00:00,
NVO,NVO,success,755,2026-03-16 13:30:00+00:00,2026-06-05 20:00:00+00:00,America/New_York,2026-06-07 10:33:46.424082+00:00,
ANET,ANET,success,755,2026-03-16 13:30:00+00:00,2026-06-05 20:00:00+00:00,America/New_York,2026-06-07 10:33:46.532481+00:00,
TD,TD,success,755,2026-03-16 13:30:00+00:00,2026-06-05 20:00:00+00:00,America/New_York,2026-06-07 10:33:46.604287+00:00,
PEP,PEP,success,755,2026-03-16 13:30:00+00:00,2026-06-05 20:00:00+00:00,America/New_York,2026-06-07 10:33:46.578207+00:00,
VZ,VZ,success,755,2026-03-16 13:30:00+00:00,2026-06-05 20:00:00+00:00,America/New_York,2026-06-07 10:33:46.646012+00:00,
STX,STX,success,755,2026-03-16 13:30:00+00:00,2026-06-05 20:00:00+00:00,America/New_York,2026-06-07 10:33:46.682093+00:00,
SAN,SAN,success,755,2026-03-16 13:30:00+00:00,2026-06-05 20:00:00+00:00,America/New_York,2026-06-07 10:33:46.805583+00:00,
APP,APP,success,755,2026-03-16 13:30:00+00:00,2026-06-05 20:00:00+00:00,America/New_York,2026-06-07 10:33:46.781856+00:00,
AMGN,AMGN,success,755,2026-03-16 13:30:00+00:00,2026-06-05 20:00:00+00:00,America/New_York,2026-06-07 10:33:46.702709+00:00,
WDC,WDC,success,755,2026-03-16 13:30:00+00:00,2026-06-05 20:00:00+00:00,America/New_York,2026-06-07 10:33:46.949998+00:00,
TJX,TJX,success,755,2026-03-16 13:30:00+00:00,2026-06-05 20:00:00+00:00,America/New_York,2026-06-07 10:33:46.872695+00:00,
TMO,TMO,success,755,2026-03-16 13:30:00+00:00,2026-06-05 20:00:00+00:00,America/New_York,2026-06-07 10:33:47.027437+00:00,
NEE,NEE,success,755,2026-03-16 13:30:00+00:00,2026-06-05 20:00:00+00:00,America/New_York,2026-06-07 10:33:46.873695+00:00,
CRWD,CRWD,success,755,2026-03-16 13:30:00+00:00,2026-06-05 20:00:00+00:00,America/New_York,2026-06-07 10:33:47.177736+00:00,
DIS,DIS,success,755,2026-03-16 13:30:00+00:00,2026-06-05 20:00:00+00:00,America/New_York,2026-06-07 10:33:47.119309+00:00,
RIO,RIO,success,755,2026-03-16 13:30:00+00:00,2026-06-05 20:00:00+00:00,America/New_York,2026-06-07 10:33:47.120827+00:00,
APH,APH,success,755,2026-03-16 13:30:00+00:00,2026-06-05 20:00:00+00:00,America/New_York,2026-06-07 10:33:47.191427+00:00,
SCHW,SCHW,success,755,2026-03-16 13:30:00+00:00,2026-06-05 20:00:00+00:00,America/New_York,2026-06-07 10:33:47.476269+00:00,
BLK,BLK,success,755,2026-03-16 13:30:00+00:00,2026-06-05 20:00:00+00:00,America/New_York,2026-06-07 10:33:47.387458+00:00,
BA,BA,success,755,2026-03-16 13:30:00+00:00,2026-06-05 20:00:00+00:00,America/New_York,2026-06-07 10:33:47.348386+00:00,
UNP,UNP,success,755,2026-03-16 13:30:00+00:00,2026-06-05 20:00:00+00:00,America/New_York,2026-06-07 10:33:47.386459+00:00,
T,T,success,755,2026-03-16 13:30:00+00:00,2026-06-05 20:00:00+00:00,America/New_York,2026-06-07 10:33:47.370445+00:00,
GILD,GILD,success,755,2026-03-16 13:30:00+00:00,2026-06-05 20:00:00+00:00,America/New_York,2026-06-07 10:33:47.570907+00:00,
DE,DE,success,755,2026-03-16 13:30:00+00:00,2026-06-05 20:00:00+00:00,America/New_York,2026-06-07 10:33:47.637558+00:00,
ABT,ABT,success,755,2026-03-16 13:30:00+00:00,2026-06-05 20:00:00+00:00,America/New_York,2026-06-07 10:33:47.615000+00:00,
BUD,BUD,success,755,2026-03-16 13:30:00+00:00,2026-06-05 20:00:00+00:00,America/New_York,2026-06-07 10:33:47.687731+00:00,
ISRG,ISRG,success,755,2026-03-16 13:30:00+00:00,2026-06-05 20:00:00+00:00,America/New_York,2026-06-07 10:33:47.801651+00:00,
ETN,ETN,success,755,2026-03-16 13:30:00+00:00,2026-06-05 20:00:00+00:00,America/New_York,2026-06-07 10:33:47.720282+00:00,
GLW,GLW,success,755,2026-03-16 13:30:00+00:00,2026-06-05 20:00:00+00:00,America/New_York,2026-06-07 10:33:47.744679+00:00,
CRM,CRM,success,755,2026-03-16 13:30:00+00:00,2026-06-05 20:00:00+00:00,America/New_York,2026-06-07 10:33:47.775014+00:00,
PFE,PFE,success,755,2026-03-16 13:30:00+00:00,2026-06-05 20:00:00+00:00,America/New_York,2026-06-07 10:33:47.921910+00:00,
SMFG,SMFG,success,755,2026-03-16 13:30:00+00:00,2026-06-05 20:00:00+00:00,America/New_York,2026-06-07 10:33:47.875784+00:00,
UBER,UBER,success,755,2026-03-16 13:30:00+00:00,2026-06-05 20:00:00+00:00,America/New_York,2026-06-07 10:33:47.982349+00:00,
SCCO,SCCO,success,755,2026-03-16 13:30:00+00:00,2026-06-05 20:00:00+00:00,America/New_York,2026-06-07 10:33:48.035263+00:00,
UBS,UBS,success,755,2026-03-16 13:30:00+00:00,2026-06-05 20:00:00+00:00,America/New_York,2026-06-07 10:33:48.104014+00:00,
SHOP,SHOP,success,755,2026-03-16 13:30:00+00:00,2026-06-05 20:00:00+00:00,America/New_York,2026-06-07 10:33:48.068321+00:00,
COP,COP,success,755,2026-03-16 13:30:00+00:00,2026-06-05 20:00:00+00:00,America/New_York,2026-06-07 10:33:47.982349+00:00,
BX,BX,success,755,2026-03-16 13:30:00+00:00,2026-06-05 20:00:00+00:00,America/New_York,2026-06-07 10:33:48.161619+00:00,
PLD,PLD,success,755,2026-03-16 13:30:00+00:00,2026-06-05 20:00:00+00:00,America/New_York,2026-06-07 10:33:48.193178+00:00,
HON,HON,success,755,2026-03-16 13:30:00+00:00,2026-06-05 20:00:00+00:00,America/New_York,2026-06-07 10:33:48.303242+00:00,
WELL,WELL,success,755,2026-03-16 13:30:00+00:00,2026-06-05 20:00:00+00:00,America/New_York,2026-06-07 10:33:48.135571+00:00,
BTI,BTI,success,755,2026-03-16 13:30:00+00:00,2026-06-05 20:00:00+00:00,America/New_York,2026-06-07 10:33:48.267569+00:00,
DHR,DHR,success,755,2026-03-16 13:30:00+00:00,2026-06-05 20:00:00+00:00,America/New_York,2026-06-07 10:33:48.343171+00:00,
BKNG,BKNG,success,755,2026-03-16 13:30:00+00:00,2026-06-05 20:00:00+00:00,America/New_York,2026-06-07 10:33:48.405524+00:00,
SONY,SONY,success,755,2026-03-16 13:30:00+00:00,2026-06-05 20:00:00+00:00,America/New_York,2026-06-07 10:33:48.499804+00:00,
CB,CB,success,755,2026-03-16 13:30:00+00:00,2026-06-05 20:00:00+00:00,America/New_York,2026-06-07 10:33:48.498802+00:00,
SPGI,SPGI,success,755,2026-03-16 13:30:00+00:00,2026-06-05 20:00:00+00:00,America/New_York,2026-06-07 10:33:48.343171+00:00,
BBVA,BBVA,success,755,2026-03-16 13:30:00+00:00,2026-06-05 20:00:00+00:00,America/New_York,2026-06-07 10:33:48.565491+00:00,
UL,UL,success,755,2026-03-16 13:30:00+00:00,2026-06-05 20:00:00+00:00,America/New_York,2026-06-07 10:33:48.595822+00:00,
ENB,ENB,success,755,2026-03-16 13:30:00+00:00,2026-06-05 20:00:00+00:00,America/New_York,2026-06-07 10:33:48.596825+00:00,
LMT,LMT,success,755,2026-03-16 13:30:00+00:00,2026-06-05 20:00:00+00:00,America/New_York,2026-06-07 10:33:48.669694+00:00,
CVS,CVS,success,755,2026-03-16 13:30:00+00:00,2026-06-05 20:00:00+00:00,America/New_York,2026-06-07 10:33:48.731883+00:00,
MO,MO,success,755,2026-03-16 13:30:00+00:00,2026-06-05 20:00:00+00:00,America/New_York,2026-06-07 10:33:48.804112+00:00,
PDD,PDD,success,755,2026-03-16 13:30:00+00:00,2026-06-05 20:00:00+00:00,America/New_York,2026-06-07 10:33:48.804112+00:00,
PGR,PGR,success,755,2026-03-16 13:30:00+00:00,2026-06-05 20:00:00+00:00,America/New_York,2026-06-07 10:33:48.852686+00:00,
HDB,HDB,success,755,2026-03-16 13:30:00+00:00,2026-06-05 20:00:00+00:00,America/New_York,2026-06-07 10:33:48.902268+00:00,
SYK,SYK,success,755,2026-03-16 13:30:00+00:00,2026-06-05 20:00:00+00:00,America/New_York,2026-06-07 10:33:49.047220+00:00,
MFG,MFG,success,755,2026-03-16 13:30:00+00:00,2026-06-05 20:00:00+00:00,America/New_York,2026-06-07 10:33:48.988474+00:00,
LOW,LOW,success,755,2026-03-16 13:30:00+00:00,2026-06-05 20:00:00+00:00,America/New_York,2026-06-07 10:33:49.012560+00:00,
NOW,NOW,success,755,2026-03-16 13:30:00+00:00,2026-06-05 20:00:00+00:00,America/New_York,2026-06-07 10:33:49.069260+00:00,
VRT,VRT,success,755,2026-03-16 13:30:00+00:00,2026-06-05 20:00:00+00:00,America/New_York,2026-06-07 10:33:49.171073+00:00,
BMO,BMO,success,755,2026-03-16 13:30:00+00:00,2026-06-05 20:00:00+00:00,America/New_York,2026-06-07 10:33:49.135466+00:00,
BMY,BMY,success,755,2026-03-16 13:30:00+00:00,2026-06-05 20:00:00+00:00,America/New_York,2026-06-07 10:33:49.101828+00:00,
VRTX,VRTX,success,755,2026-03-16 13:30:00+00:00,2026-06-05 20:00:00+00:00,America/New_York,2026-06-07 10:33:49.222391+00:00,
PH,PH,success,755,2026-03-16 13:30:00+00:00,2026-06-05 20:00:00+00:00,America/New_York,2026-06-07 10:33:49.345501+00:00,
COF,COF,success,755,2026-03-16 13:30:00+00:00,2026-06-05 20:00:00+00:00,America/New_York,2026-06-07 10:33:49.270996+00:00,
BP,BP,success,755,2026-03-16 13:30:00+00:00,2026-06-05 20:00:00+00:00,America/New_York,2026-06-07 10:33:49.303697+00:00,
FTNT,FTNT,success,755,2026-03-16 13:30:00+00:00,2026-06-05 20:00:00+00:00,America/New_York,2026-06-07 10:33:49.378851+00:00,
PBR,PBR,success,755,2026-03-16 13:30:00+00:00,2026-06-05 20:00:00+00:00,America/New_York,2026-06-07 10:33:49.499939+00:00,
ACN,ACN,success,755,2026-03-16 13:30:00+00:00,2026-06-05 20:00:00+00:00,America/New_York,2026-06-07 10:33:49.497927+00:00,
SNY,SNY,success,755,2026-03-16 13:30:00+00:00,2026-06-05 20:00:00+00:00,America/New_York,2026-06-07 10:33:49.572362+00:00,
NEM,NEM,success,755,2026-03-16 13:30:00+00:00,2026-06-05 20:00:00+00:00,America/New_York,2026-06-07 10:33:49.608936+00:00,
EQIX,EQIX,success,755,2026-03-16 13:30:00+00:00,2026-06-05 20:00:00+00:00,America/New_York,2026-06-07 10:33:49.675552+00:00,
ADBE,ADBE,success,755,2026-03-16 13:30:00+00:00,2026-06-05 20:00:00+00:00,America/New_York,2026-06-07 10:33:49.675552+00:00,
MDT,MDT,success,755,2026-03-16 13:30:00+00:00,2026-06-05 20:00:00+00:00,America/New_York,2026-06-07 10:33:49.830982+00:00,
GSK,GSK,success,755,2026-03-16 13:30:00+00:00,2026-06-05 20:00:00+00:00,America/New_York,2026-06-07 10:33:49.906856+00:00,
CDNS,CDNS,success,755,2026-03-16 13:30:00+00:00,2026-06-05 20:00:00+00:00,America/New_York,2026-06-07 10:33:49.958318+00:00,
MAR,MAR,success,755,2026-03-16 13:30:00+00:00,2026-06-05 20:00:00+00:00,America/New_York,2026-06-07 10:33:49.883813+00:00,
SBUX,SBUX,success,755,2026-03-16 13:30:00+00:00,2026-06-05 20:00:00+00:00,America/New_York,2026-06-07 10:33:49.674553+00:00,
PWR,PWR,success,755,2026-03-16 13:30:00+00:00,2026-06-05 20:00:00+00:00,America/New_York,2026-06-07 10:33:49.906856+00:00,
SPOT,SPOT,success,755,2026-03-16 13:30:00+00:00,2026-06-05 20:00:00+00:00,America/New_York,2026-06-07 10:33:50.051147+00:00,
SO,SO,success,755,2026-03-16 13:30:00+00:00,2026-06-05 20:00:00+00:00,America/New_York,2026-06-07 10:33:50.079307+00:00,
CM,CM,success,755,2026-03-16 13:30:00+00:00,2026-06-05 20:00:00+00:00,America/New_York,2026-06-07 10:33:50.213375+00:00,
TT,TT,success,755,2026-03-16 13:30:00+00:00,2026-06-05 20:00:00+00:00,America/New_York,2026-06-07 10:33:50.112267+00:00,
HWM,HWM,success,755,2026-03-16 13:30:00+00:00,2026-06-05 20:00:00+00:00,America/New_York,2026-06-07 10:33:50.179002+00:00,
BN,BN,success,755,2026-03-16 13:30:00+00:00,2026-06-05 20:00:00+00:00,America/New_York,2026-06-07 10:33:50.250951+00:00,
BNY,BNY,success,131,2026-05-22 13:30:00+00:00,2026-06-05 20:00:00+00:00,America/New_York,2026-06-07 10:33:50.341828+00:00,
IBN,IBN,success,755,2026-03-16 13:30:00+00:00,2026-06-05 20:00:00+00:00,America/New_York,2026-06-07 10:33:50.381177+00:00,
DUK,DUK,success,755,2026-03-16 13:30:00+00:00,2026-06-05 20:00:00+00:00,America/New_York,2026-06-07 10:33:50.419506+00:00,
CNQ,CNQ,success,755,2026-03-16 13:30:00+00:00,2026-06-05 20:00:00+00:00,America/New_York,2026-06-07 10:33:50.463588+00:00,
MCK,MCK,success,755,2026-03-16 13:30:00+00:00,2026-06-05 20:00:00+00:00,America/New_York,2026-06-07 10:33:50.462083+00:00,
BNS,BNS,success,755,2026-03-16 13:30:00+00:00,2026-06-05 20:00:00+00:00,America/New_York,2026-06-07 10:33:50.311448+00:00,
EQNR,EQNR,success,755,2026-03-16 13:30:00+00:00,2026-06-05 20:00:00+00:00,America/New_York,2026-06-07 10:33:50.590100+00:00,
ADP,ADP,success,755,2026-03-16 13:30:00+00:00,2026-06-05 20:00:00+00:00,America/New_York,2026-06-07 10:33:50.522395+00:00,
CME,CME,success,755,2026-03-16 13:30:00+00:00,2026-06-05 20:00:00+00:00,America/New_York,2026-06-07 10:33:50.643702+00:00,
GD,GD,success,755,2026-03-16 13:30:00+00:00,2026-06-05 20:00:00+00:00,America/New_York,2026-06-07 10:33:50.545951+00:00,
UPS,UPS,success,755,2026-03-16 13:30:00+00:00,2026-06-05 20:00:00+00:00,America/New_York,2026-06-07 10:33:50.745677+00:00,
ELV,ELV,success,755,2026-03-16 13:30:00+00:00,2026-06-05 20:00:00+00:00,America/New_York,2026-06-07 10:33:50.670154+00:00,
CEG,CEG,success,755,2026-03-16 13:30:00+00:00,2026-06-05 20:00:00+00:00,America/New_York,2026-06-07 10:33:50.708185+00:00,
FCX,FCX,success,755,2026-03-16 13:30:00+00:00,2026-06-05 20:00:00+00:00,America/New_York,2026-06-07 10:33:50.770767+00:00,
AMT,AMT,success,755,2026-03-16 13:30:00+00:00,2026-06-05 20:00:00+00:00,America/New_York,2026-06-07 10:33:50.805361+00:00,
CMI,CMI,success,755,2026-03-16 13:30:00+00:00,2026-06-05 20:00:00+00:00,America/New_York,2026-06-07 10:33:50.850591+00:00,
JCI,JCI,success,755,2026-03-16 13:30:00+00:00,2026-06-05 20:00:00+00:00,America/New_York,2026-06-07 10:33:50.986449+00:00,
PNC,PNC,success,755,2026-03-16 13:30:00+00:00,2026-06-05 20:00:00+00:00,America/New_York,2026-06-07 10:33:50.900005+00:00,
WMB,WMB,success,755,2026-03-16 13:30:00+00:00,2026-06-05 20:00:00+00:00,America/New_York,2026-06-07 10:33:50.986449+00:00,
WM,WM,success,755,2026-03-16 13:30:00+00:00,2026-06-05 20:00:00+00:00,America/New_York,2026-06-07 10:33:50.948692+00:00,
MNST,MNST,success,755,2026-03-16 13:30:00+00:00,2026-06-05 20:00:00+00:00,America/New_York,2026-06-07 10:33:51.098020+00:00,
ING,ING,success,755,2026-03-16 13:30:00+00:00,2026-06-05 20:00:00+00:00,America/New_York,2026-06-07 10:33:51.153117+00:00,
CSX,CSX,success,755,2026-03-16 13:30:00+00:00,2026-06-05 20:00:00+00:00,America/New_York,2026-06-07 10:33:51.126577+00:00,
USB,USB,success,755,2026-03-16 13:30:00+00:00,2026-06-05 20:00:00+00:00,America/New_York,2026-06-07 10:33:51.220261+00:00,
RACE,RACE,success,755,2026-03-16 13:30:00+00:00,2026-06-05 20:00:00+00:00,America/New_York,2026-06-07 10:33:51.280092+00:00,
CMCSA,CMCSA,success,755,2026-03-16 13:30:00+00:00,2026-06-05 20:00:00+00:00,America/New_York,2026-06-07 10:33:51.195729+00:00,
SNPS,SNPS,success,755,2026-03-16 13:30:00+00:00,2026-06-05 20:00:00+00:00,America/New_York,2026-06-07 10:33:51.252523+00:00,
NET,NET,success,755,2026-03-16 13:30:00+00:00,2026-06-05 20:00:00+00:00,America/New_York,2026-06-07 10:33:51.073502+00:00,
HCA,HCA,success,755,2026-03-16 13:30:00+00:00,2026-06-05 20:00:00+00:00,America/New_York,2026-06-07 10:33:51.350676+00:00,
BCS,BCS,success,755,2026-03-16 13:30:00+00:00,2026-06-05 20:00:00+00:00,America/New_York,2026-06-07 10:33:51.426331+00:00,
NOK,NOK,success,755,2026-03-16 13:30:00+00:00,2026-06-05 20:00:00+00:00,America/New_York,2026-06-07 10:33:51.391276+00:00,
ABNB,ABNB,success,755,2026-03-16 13:30:00+00:00,2026-06-05 20:00:00+00:00,America/New_York,2026-06-07 10:33:51.459384+00:00,
DDOG,DDOG,success,755,2026-03-16 13:30:00+00:00,2026-06-05 20:00:00+00:00,America/New_York,2026-06-07 10:33:51.551268+00:00,
NGG,NGG,success,755,2026-03-16 13:30:00+00:00,2026-06-05 20:00:00+00:00,America/New_York,2026-06-07 10:33:51.675026+00:00,
INTU,INTU,success,755,2026-03-16 13:30:00+00:00,2026-06-05 20:00:00+00:00,America/New_York,2026-06-07 10:33:51.581340+00:00,
CP,CP,success,755,2026-03-16 13:30:00+00:00,2026-06-05 20:00:00+00:00,America/New_York,2026-06-07 10:33:51.608385+00:00,
KKR,KKR,success,755,2026-03-16 13:30:00+00:00,2026-06-05 20:00:00+00:00,America/New_York,2026-06-07 10:33:51.503992+00:00,
MMM,MMM,success,755,2026-03-16 13:30:00+00:00,2026-06-05 20:00:00+00:00,America/New_York,2026-06-07 10:33:51.727599+00:00,
SLB,SLB,success,755,2026-03-16 13:30:00+00:00,2026-06-05 20:00:00+00:00,America/New_York,2026-06-07 10:33:51.647957+00:00,
MELI,MELI,success,755,2026-03-16 13:30:00+00:00,2026-06-05 20:00:00+00:00,America/New_York,2026-06-07 10:33:51.761149+00:00,
AEM,AEM,success,755,2026-03-16 13:30:00+00:00,2026-06-05 20:00:00+00:00,America/New_York,2026-06-07 10:33:51.674012+00:00,
MRSH,MRSH,success,755,2026-03-16 13:30:00+00:00,2026-06-05 20:00:00+00:00,America/New_York,2026-06-07 10:33:51.876971+00:00,
MCO,MCO,success,755,2026-03-16 13:30:00+00:00,2026-06-05 20:00:00+00:00,America/New_York,2026-06-07 10:33:51.973910+00:00,
SNOW,SNOW,success,755,2026-03-16 13:30:00+00:00,2026-06-05 20:00:00+00:00,America/New_York,2026-06-07 10:33:51.927340+00:00,
ASX,ASX,success,755,2026-03-16 13:30:00+00:00,2026-06-05 20:00:00+00:00,America/New_York,2026-06-07 10:33:52.022351+00:00,
VLO,VLO,success,755,2026-03-16 13:30:00+00:00,2026-06-05 20:00:00+00:00,America/New_York,2026-06-07 10:33:52.113848+00:00,
ICE,ICE,success,755,2026-03-16 13:30:00+00:00,2026-06-05 20:00:00+00:00,America/New_York,2026-06-07 10:33:51.955371+00:00,
MPC,MPC,success,755,2026-03-16 13:30:00+00:00,2026-06-05 20:00:00+00:00,America/New_York,2026-06-07 10:33:52.140900+00:00,
HLT,HLT,success,755,2026-03-16 13:30:00+00:00,2026-06-05 20:00:00+00:00,America/New_York,2026-06-07 10:33:52.090044+00:00,
MDLZ,MDLZ,success,755,2026-03-16 13:30:00+00:00,2026-06-05 20:00:00+00:00,America/New_York,2026-06-07 10:33:52.022351+00:00,
NOC,NOC,success,755,2026-03-16 13:30:00+00:00,2026-06-05 20:00:00+00:00,America/New_York,2026-06-07 10:33:52.243343+00:00,
FDX,FDX,success,755,2026-03-16 13:30:00+00:00,2026-06-05 20:00:00+00:00,America/New_York,2026-06-07 10:33:52.195175+00:00,
EMR,EMR,success,755,2026-03-16 13:30:00+00:00,2026-06-05 20:00:00+00:00,America/New_York,2026-06-07 10:33:52.275447+00:00,
LYG,LYG,success,755,2026-03-16 13:30:00+00:00,2026-06-05 20:00:00+00:00,America/New_York,2026-06-07 10:33:52.308489+00:00,
ORLY,ORLY,success,755,2026-03-16 13:30:00+00:00,2026-06-05 20:00:00+00:00,America/New_York,2026-06-07 10:33:52.417718+00:00,
GM,GM,success,755,2026-03-16 13:30:00+00:00,2026-06-05 20:00:00+00:00,America/New_York,2026-06-07 10:33:52.441279+00:00,
CI,CI,success,755,2026-03-16 13:30:00+00:00,2026-06-05 20:00:00+00:00,America/New_York,2026-06-07 10:33:52.371087+00:00,
E,E,success,755,2026-03-16 13:30:00+00:00,2026-06-05 20:00:00+00:00,America/New_York,2026-06-07 10:33:52.441279+00:00,
RCL,RCL,success,755,2026-03-16 13:30:00+00:00,2026-06-05 20:00:00+00:00,America/New_York,2026-06-07 10:33:52.526961+00:00,
AMX,AMX,success,755,2026-03-16 13:30:00+00:00,2026-06-05 20:00:00+00:00,America/New_York,2026-06-07 10:33:52.503427+00:00,
BAM,BAM,success,755,2026-03-16 13:30:00+00:00,2026-06-05 20:00:00+00:00,America/New_York,2026-06-07 10:33:52.574993+00:00,
SHW,SHW,success,755,2026-03-16 13:30:00+00:00,2026-06-05 20:00:00+00:00,America/New_York,2026-06-07 10:33:52.616658+00:00,
NXPI,NXPI,success,755,2026-03-16 13:30:00+00:00,2026-06-05 20:00:00+00:00,America/New_York,2026-06-07 10:33:52.666170+00:00,
EOG,EOG,success,755,2026-03-16 13:30:00+00:00,2026-06-05 20:00:00+00:00,America/New_York,2026-06-07 10:33:52.768727+00:00,
ROST,ROST,success,755,2026-03-16 13:30:00+00:00,2026-06-05 20:00:00+00:00,America/New_York,2026-06-07 10:33:52.820077+00:00,
APO,APO,success,755,2026-03-16 13:30:00+00:00,2026-06-05 20:00:00+00:00,America/New_York,2026-06-07 10:33:52.912280+00:00,
HOOD,HOOD,success,755,2026-03-16 13:30:00+00:00,2026-06-05 20:00:00+00:00,America/New_York,2026-06-07 10:33:52.943389+00:00,
BE,BE,success,755,2026-03-16 13:30:00+00:00,2026-06-05 20:00:00+00:00,America/New_York,2026-06-07 10:33:52.986474+00:00,
PSX,PSX,success,755,2026-03-16 13:30:00+00:00,2026-06-05 20:00:00+00:00,America/New_York,2026-06-07 10:33:53.022516+00:00,
CNI,CNI,success,755,2026-03-16 13:30:00+00:00,2026-06-05 20:00:00+00:00,America/New_York,2026-06-07 10:33:53.062120+00:00,
NTES,NTES,success,755,2026-03-16 13:30:00+00:00,2026-06-05 20:00:00+00:00,America/New_York,2026-06-07 10:33:53.063635+00:00,
ITW,ITW,success,755,2026-03-16 13:30:00+00:00,2026-06-05 20:00:00+00:00,America/New_York,2026-06-07 10:33:53.135902+00:00,
ECL,ECL,success,755,2026-03-16 13:30:00+00:00,2026-06-05 20:00:00+00:00,America/New_York,2026-06-07 10:33:53.159470+00:00,
CTAS,CTAS,success,755,2026-03-16 13:30:00+00:00,2026-06-05 20:00:00+00:00,America/New_York,2026-06-07 10:33:53.255235+00:00,
CVNA,CVNA,success,755,2026-03-16 13:30:00+00:00,2026-06-05 20:00:00+00:00,America/New_York,2026-06-07 10:33:53.195131+00:00,
SU,SU,success,755,2026-03-16 13:30:00+00:00,2026-06-05 20:00:00+00:00,America/New_York,2026-06-07 10:33:53.324518+00:00,
BSX,BSX,success,755,2026-03-16 13:30:00+00:00,2026-06-05 20:00:00+00:00,America/New_York,2026-06-07 10:33:53.288362+00:00,
TRP,TRP,success,755,2026-03-16 13:30:00+00:00,2026-06-05 20:00:00+00:00,America/New_York,2026-06-07 10:33:53.366169+00:00,
MPWR,MPWR,success,755,2026-03-16 13:30:00+00:00,2026-06-05 20:00:00+00:00,America/New_York,2026-06-07 10:33:53.443445+00:00,
KMI,KMI,success,755,2026-03-16 13:30:00+00:00,2026-06-05 20:00:00+00:00,America/New_York,2026-06-07 10:33:53.503901+00:00,
CL,CL,success,755,2026-03-16 13:30:00+00:00,2026-06-05 20:00:00+00:00,America/New_York,2026-06-07 10:33:53.365164+00:00,
CRH,CRH,success,755,2026-03-16 13:30:00+00:00,2026-06-05 20:00:00+00:00,America/New_York,2026-06-07 10:33:53.527065+00:00,
COHR,COHR,success,755,2026-03-16 13:30:00+00:00,2026-06-05 20:00:00+00:00,America/New_York,2026-06-07 10:33:53.477103+00:00,
NSC,NSC,success,755,2026-03-16 13:30:00+00:00,2026-06-05 20:00:00+00:00,America/New_York,2026-06-07 10:33:53.576444+00:00,
AON,AON,success,755,2026-03-16 13:30:00+00:00,2026-06-05 20:00:00+00:00,America/New_York,2026-06-07 10:33:53.607576+00:00,
AEP,AEP,success,755,2026-03-16 13:30:00+00:00,2026-06-05 20:00:00+00:00,America/New_York,2026-06-07 10:33:53.639643+00:00,
CIEN,CIEN,success,755,2026-03-16 13:30:00+00:00,2026-06-05 20:00:00+00:00,America/New_York,2026-06-07 10:33:53.744514+00:00,
TDG,TDG,success,755,2026-03-16 13:30:00+00:00,2026-06-05 20:00:00+00:00,America/New_York,2026-06-07 10:33:53.687501+00:00,
SPG,SPG,success,755,2026-03-16 13:30:00+00:00,2026-06-05 20:00:00+00:00,America/New_York,2026-06-07 10:33:53.767095+00:00,
MSI,MSI,success,755,2026-03-16 13:30:00+00:00,2026-06-05 20:00:00+00:00,America/New_York,2026-06-07 10:33:53.850493+00:00,
DASH,DASH,success,755,2026-03-16 13:30:00+00:00,2026-06-05 20:00:00+00:00,America/New_York,2026-06-07 10:33:53.884032+00:00,
LITE,LITE,success,755,2026-03-16 13:30:00+00:00,2026-06-05 20:00:00+00:00,America/New_York,2026-06-07 10:33:53.929682+00:00,
URI,URI,success,755,2026-03-16 13:30:00+00:00,2026-06-05 20:00:00+00:00,America/New_York,2026-06-07 10:33:53.991916+00:00,
REGN,REGN,success,755,2026-03-16 13:30:00+00:00,2026-06-05 20:00:00+00:00,America/New_York,2026-06-07 10:33:54.017452+00:00,
WBD,WBD,success,755,2026-03-16 13:30:00+00:00,2026-06-05 20:00:00+00:00,America/New_York,2026-06-07 10:33:54.081722+00:00,
B,B,success,755,2026-03-16 13:30:00+00:00,2026-06-05 20:00:00+00:00,America/New_York,2026-06-07 10:33:54.053119+00:00,
DLR,DLR,success,755,2026-03-16 13:30:00+00:00,2026-06-05 20:00:00+00:00,America/New_York,2026-06-07 10:33:54.104748+00:00,
MFC,MFC,success,755,2026-03-16 13:30:00+00:00,2026-06-05 20:00:00+00:00,America/New_York,2026-06-07 10:33:54.176991+00:00,
RSG,RSG,success,755,2026-03-16 13:30:00+00:00,2026-06-05 20:00:00+00:00,America/New_York,2026-06-07 10:33:54.301996+00:00,
FIX,FIX,success,755,2026-03-16 13:30:00+00:00,2026-06-05 20:00:00+00:00,America/New_York,2026-06-07 10:33:54.300994+00:00,
HPE,HPE,success,755,2026-03-16 13:30:00+00:00,2026-06-05 20:00:00+00:00,America/New_York,2026-06-07 10:33:54.361592+00:00,
TRV,TRV,success,755,2026-03-16 13:30:00+00:00,2026-06-05 20:00:00+00:00,America/New_York,2026-06-07 10:33:54.390653+00:00,
NKE,NKE,success,755,2026-03-16 13:30:00+00:00,2026-06-05 20:00:00+00:00,America/New_York,2026-06-07 10:33:54.416205+00:00,
VALE,VALE,success,755,2026-03-16 13:30:00+00:00,2026-06-05 20:00:00+00:00,America/New_York,2026-06-07 10:33:54.448735+00:00,
RELX,RELX,success,755,2026-03-16 13:30:00+00:00,2026-06-05 20:00:00+00:00,America/New_York,2026-06-07 10:33:54.487106+00:00,
STM,STM,success,755,2026-03-16 13:30:00+00:00,2026-06-05 20:00:00+00:00,America/New_York,2026-06-07 10:33:54.560467+00:00,
TFC,TFC,success,755,2026-03-16 13:30:00+00:00,2026-06-05 20:00:00+00:00,America/New_York,2026-06-07 10:33:54.600593+00:00,
APD,APD,success,755,2026-03-16 13:30:00+00:00,2026-06-05 20:00:00+00:00,America/New_York,2026-06-07 10:33:54.629625+00:00,
RKLB,RKLB,success,755,2026-03-16 13:30:00+00:00,2026-06-05 20:00:00+00:00,America/New_York,2026-06-07 10:33:54.631133+00:00,
TEL,TEL,success,755,2026-03-16 13:30:00+00:00,2026-06-05 20:00:00+00:00,America/New_York,2026-06-07 10:33:54.684958+00:00,
NWG,NWG,success,755,2026-03-16 13:30:00+00:00,2026-06-05 20:00:00+00:00,America/New_York,2026-06-07 10:33:54.747876+00:00,
GWW,GWW,success,755,2026-03-16 13:30:00+00:00,2026-06-05 20:00:00+00:00,America/New_York,2026-06-07 10:33:54.780963+00:00,
BKR,BKR,success,755,2026-03-16 13:30:00+00:00,2026-06-05 20:00:00+00:00,America/New_York,2026-06-07 10:33:54.845111+00:00,
AFL,AFL,success,755,2026-03-16 13:30:00+00:00,2026-06-05 20:00:00+00:00,America/New_York,2026-06-07 10:33:54.810557+00:00,
PCAR,PCAR,success,755,2026-03-16 13:30:00+00:00,2026-06-05 20:00:00+00:00,America/New_York,2026-06-07 10:33:54.845111+00:00,
SRE,SRE,success,755,2026-03-16 13:30:00+00:00,2026-06-05 20:00:00+00:00,America/New_York,2026-06-07 10:33:54.939469+00:00,
DB,DB,success,755,2026-03-16 13:30:00+00:00,2026-06-05 20:00:00+00:00,America/New_York,2026-06-07 10:33:54.898717+00:00,
IMO,IMO,success,755,2026-03-16 13:30:00+00:00,2026-06-05 20:00:00+00:00,America/New_York,2026-06-07 10:33:55.003651+00:00,
F,F,success,755,2026-03-16 13:30:00+00:00,2026-06-05 20:00:00+00:00,America/New_York,2026-06-07 10:33:54.962503+00:00,
ALL,ALL,success,755,2026-03-16 13:30:00+00:00,2026-06-05 20:00:00+00:00,America/New_York,2026-06-07 10:33:55.019182+00:00,
NUE,NUE,success,755,2026-03-16 13:30:00+00:00,2026-06-05 20:00:00+00:00,America/New_York,2026-06-07 10:33:55.084383+00:00,
NU,NU,success,755,2026-03-16 13:30:00+00:00,2026-06-05 20:00:00+00:00,America/New_York,2026-06-07 10:33:55.121966+00:00,
LHX,LHX,success,755,2026-03-16 13:30:00+00:00,2026-06-05 20:00:00+00:00,America/New_York,2026-06-07 10:33:55.167595+00:00,
NBIS,NBIS,success,755,2026-03-16 13:30:00+00:00,2026-06-05 20:00:00+00:00,America/New_York,2026-06-07 10:33:55.192138+00:00,
CARR,CARR,success,755,2026-03-16 13:30:00+00:00,2026-06-05 20:00:00+00:00,America/New_York,2026-06-07 10:33:55.204237+00:00,
TRGP,TRGP,success,755,2026-03-16 13:30:00+00:00,2026-06-05 20:00:00+00:00,America/New_York,2026-06-07 10:33:55.375094+00:00,
D,D,success,755,2026-03-16 13:30:00+00:00,2026-06-05 20:00:00+00:00,America/New_York,2026-06-07 10:33:55.311416+00:00,
TER,TER,success,755,2026-03-16 13:30:00+00:00,2026-06-05 20:00:00+00:00,America/New_York,2026-06-07 10:33:55.342967+00:00,
MET,MET,success,755,2026-03-16 13:30:00+00:00,2026-06-05 20:00:00+00:00,America/New_York,2026-06-07 10:33:55.425024+00:00,
KEYS,KEYS,success,755,2026-03-16 13:30:00+00:00,2026-06-05 20:00:00+00:00,America/New_York,2026-06-07 10:33:55.455665+00:00,
OXY,OXY,success,755,2026-03-16 13:30:00+00:00,2026-06-05 20:00:00+00:00,America/New_York,2026-06-07 10:33:55.504262+00:00,
FANG,FANG,success,755,2026-03-16 13:30:00+00:00,2026-06-05 20:00:00+00:00,America/New_York,2026-06-07 10:33:55.596903+00:00,
O,O,success,755,2026-03-16 13:30:00+00:00,2026-06-05 20:00:00+00:00,America/New_York,2026-06-07 10:33:55.595903+00:00,
ARGX,ARGX,success,755,2026-03-16 13:30:00+00:00,2026-06-05 20:00:00+00:00,America/New_York,2026-06-07 10:33:55.664762+00:00,
TGT,TGT,success,755,2026-03-16 13:30:00+00:00,2026-06-05 20:00:00+00:00,America/New_York,2026-06-07 10:33:55.759581+00:00,
FLEX,FLEX,success,755,2026-03-16 13:30:00+00:00,2026-06-05 20:00:00+00:00,America/New_York,2026-06-07 10:33:55.663755+00:00,
OKE,OKE,success,755,2026-03-16 13:30:00+00:00,2026-06-05 20:00:00+00:00,America/New_York,2026-06-07 10:33:55.728246+00:00,
AJG,AJG,success,755,2026-03-16 13:30:00+00:00,2026-06-05 20:00:00+00:00,America/New_York,2026-06-07 10:33:55.760582+00:00,
PSA,PSA,success,755,2026-03-16 13:30:00+00:00,2026-06-05 20:00:00+00:00,America/New_York,2026-06-07 10:33:55.871722+00:00,
ALAB,ALAB,success,755,2026-03-16 13:30:00+00:00,2026-06-05 20:00:00+00:00,America/New_York,2026-06-07 10:33:55.902788+00:00,
CRWV,CRWV,success,755,2026-03-16 13:30:00+00:00,2026-06-05 20:00:00+00:00,America/New_York,2026-06-07 10:33:55.818122+00:00,
COR,COR,success,755,2026-03-16 13:30:00+00:00,2026-06-05 20:00:00+00:00,America/New_York,2026-06-07 10:33:55.989147+00:00,
WPM,WPM,success,755,2026-03-16 13:30:00+00:00,2026-06-05 20:00:00+00:00,America/New_York,2026-06-07 10:33:55.989147+00:00,
FAST,FAST,success,755,2026-03-16 13:30:00+00:00,2026-06-05 20:00:00+00:00,America/New_York,2026-06-07 10:33:55.936471+00:00,
LNG,LNG,success,755,2026-03-16 13:30:00+00:00,2026-06-05 20:00:00+00:00,America/New_York,2026-06-07 10:33:56.047830+00:00,
UMC,UMC,success,755,2026-03-16 13:30:00+00:00,2026-06-05 20:00:00+00:00,America/New_York,2026-06-07 10:33:56.096934+00:00,
CVE,CVE,success,755,2026-03-16 13:30:00+00:00,2026-06-05 20:00:00+00:00,America/New_York,2026-06-07 10:33:56.151464+00:00,
DAL,DAL,success,755,2026-03-16 13:30:00+00:00,2026-06-05 20:00:00+00:00,America/New_York,2026-06-07 10:33:56.186638+00:00,
AME,AME,success,755,2026-03-16 13:30:00+00:00,2026-06-05 20:00:00+00:00,America/New_York,2026-06-07 10:33:56.119896+00:00,
AZO,AZO,success,755,2026-03-16 13:30:00+00:00,2026-06-05 20:00:00+00:00,America/New_York,2026-06-07 10:33:56.221715+00:00,
INFY,INFY,success,755,2026-03-16 13:30:00+00:00,2026-06-05 20:00:00+00:00,America/New_York,2026-06-07 10:33:56.361271+00:00,
SE,SE,success,755,2026-03-16 13:30:00+00:00,2026-06-05 20:00:00+00:00,America/New_York,2026-06-07 10:33:56.389360+00:00,
DVN,DVN,success,755,2026-03-16 13:30:00+00:00,2026-06-05 20:00:00+00:00,America/New_York,2026-06-07 10:33:56.411439+00:00,
CTVA,CTVA,success,755,2026-03-16 13:30:00+00:00,2026-06-05 20:00:00+00:00,America/New_York,2026-06-07 10:33:56.337246+00:00,
EA,EA,success,755,2026-03-16 13:30:00+00:00,2026-06-05 20:00:00+00:00,America/New_York,2026-06-07 10:33:56.506956+00:00,
ODFL,ODFL,success,755,2026-03-16 13:30:00+00:00,2026-06-05 20:00:00+00:00,America/New_York,2026-06-07 10:33:56.520519+00:00,
VST,VST,success,755,2026-03-16 13:30:00+00:00,2026-06-05 20:00:00+00:00,America/New_York,2026-06-07 10:33:56.584147+00:00,
TAK,TAK,success,755,2026-03-16 13:30:00+00:00,2026-06-05 20:00:00+00:00,America/New_York,2026-06-07 10:33:56.675635+00:00,
ROK,ROK,success,755,2026-03-16 13:30:00+00:00,2026-06-05 20:00:00+00:00,America/New_York,2026-06-07 10:33:56.609670+00:00,
NDAQ,NDAQ,success,755,2026-03-16 13:30:00+00:00,2026-06-05 20:00:00+00:00,America/New_York,2026-06-07 10:33:56.730315+00:00,
MT,MT,success,755,2026-03-16 13:30:00+00:00,2026-06-05 20:00:00+00:00,America/New_York,2026-06-07 10:33:56.751068+00:00,
XEL,XEL,success,755,2026-03-16 13:30:00+00:00,2026-06-05 20:00:00+00:00,America/New_York,2026-06-07 10:33:56.935073+00:00,
ETR,ETR,success,755,2026-03-16 13:30:00+00:00,2026-06-05 20:00:00+00:00,America/New_York,2026-06-07 10:33:56.876983+00:00,
EW,EW,success,755,2026-03-16 13:30:00+00:00,2026-06-05 20:00:00+00:00,America/New_York,2026-06-07 10:33:56.873986+00:00,
ABEV,ABEV,success,755,2026-03-16 13:30:00+00:00,2026-06-05 20:00:00+00:00,America/New_York,2026-06-07 10:33:56.972141+00:00,
CAH,CAH,success,755,2026-03-16 13:30:00+00:00,2026-06-05 20:00:00+00:00,America/New_York,2026-06-07 10:33:57.022129+00:00,
ADSK,ADSK,success,755,2026-03-16 13:30:00+00:00,2026-06-05 20:00:00+00:00,America/New_York,2026-06-07 10:33:57.115891+00:00,
EBAY,EBAY,success,755,2026-03-16 13:30:00+00:00,2026-06-05 20:00:00+00:00,America/New_York,2026-06-07 10:33:57.000085+00:00,
MCHP,MCHP,success,755,2026-03-16 13:30:00+00:00,2026-06-05 20:00:00+00:00,America/New_York,2026-06-07 10:33:57.155560+00:00,
EXC,EXC,success,755,2026-03-16 13:30:00+00:00,2026-06-05 20:00:00+00:00,America/New_York,2026-06-07 10:33:57.418244+00:00,
FER,FER,success,755,2026-03-16 13:30:00+00:00,2026-06-05 20:00:00+00:00,America/New_York,2026-06-07 10:33:57.341188+00:00,
FITB,FITB,success,755,2026-03-16 13:30:00+00:00,2026-06-05 20:00:00+00:00,America/New_York,2026-06-07 10:33:57.365081+00:00,
ON,ON,success,755,2026-03-16 13:30:00+00:00,2026-06-05 20:00:00+00:00,America/New_York,2026-06-07 10:33:57.365081+00:00,
GRMN,GRMN,success,755,2026-03-16 13:30:00+00:00,2026-06-05 20:00:00+00:00,America/New_York,2026-06-07 10:33:57.447455+00:00,
MSCI,MSCI,success,755,2026-03-16 13:30:00+00:00,2026-06-05 20:00:00+00:00,America/New_York,2026-06-07 10:33:57.495043+00:00,
FERG,FERG,success,755,2026-03-16 13:30:00+00:00,2026-06-05 20:00:00+00:00,America/New_York,2026-06-07 10:33:57.494043+00:00,
STT,STT,success,755,2026-03-16 13:30:00+00:00,2026-06-05 20:00:00+00:00,America/New_York,2026-06-07 10:33:57.616095+00:00,
DEO,DEO,success,755,2026-03-16 13:30:00+00:00,2026-06-05 20:00:00+00:00,America/New_York,2026-06-07 10:33:57.715833+00:00,
IDXX,IDXX,success,755,2026-03-16 13:30:00+00:00,2026-06-05 20:00:00+00:00,America/New_York,2026-06-07 10:33:57.671479+00:00,
CCJ,CCJ,success,755,2026-03-16 13:30:00+00:00,2026-06-05 20:00:00+00:00,America/New_York,2026-06-07 10:33:57.672480+00:00,
CBRS,CBRS,success,204,2026-05-14 13:30:00+00:00,2026-06-05 20:00:00+00:00,America/New_York,2026-06-07 10:33:57.836572+00:00,
WAB,WAB,success,755,2026-03-16 13:30:00+00:00,2026-06-05 20:00:00+00:00,America/New_York,2026-06-07 10:33:57.716722+00:00,
MDLN,MDLN,success,755,2026-03-16 13:30:00+00:00,2026-06-05 20:00:00+00:00,America/New_York,2026-06-07 10:33:57.781144+00:00,
DHI,DHI,success,755,2026-03-16 13:30:00+00:00,2026-06-05 20:00:00+00:00,America/New_York,2026-06-07 10:33:57.811946+00:00,
CLS,CLS,success,755,2026-03-16 13:30:00+00:00,2026-06-05 20:00:00+00:00,America/New_York,2026-06-07 10:33:57.869677+00:00,
CCEP,CCEP,success,755,2026-03-16 13:30:00+00:00,2026-06-05 20:00:00+00:00,America/New_York,2026-06-07 10:33:57.916007+00:00,
ERIC,ERIC,success,755,2026-03-16 13:30:00+00:00,2026-06-05 20:00:00+00:00,America/New_York,2026-06-07 10:33:57.998639+00:00,
AMP,AMP,success,755,2026-03-16 13:30:00+00:00,2026-06-05 20:00:00+00:00,America/New_York,2026-06-07 10:33:58.071352+00:00,
BIDU,BIDU,success,755,2026-03-16 13:30:00+00:00,2026-06-05 20:00:00+00:00,America/New_York,2026-06-07 10:33:58.114940+00:00,
AU,AU,success,755,2026-03-16 13:30:00+00:00,2026-06-05 20:00:00+00:00,America/New_York,2026-06-07 10:33:57.997131+00:00,
FNV,FNV,success,755,2026-03-16 13:30:00+00:00,2026-06-05 20:00:00+00:00,America/New_York,2026-06-07 10:33:58.197434+00:00,
MSTR,MSTR,success,755,2026-03-16 13:30:00+00:00,2026-06-05 20:00:00+00:00,America/New_York,2026-06-07 10:33:58.152545+00:00,
HUM,HUM,success,755,2026-03-16 13:30:00+00:00,2026-06-05 20:00:00+00:00,America/New_York,2026-06-07 10:33:58.210440+00:00,
YUM,YUM,success,755,2026-03-16 13:30:00+00:00,2026-06-05 20:00:00+00:00,America/New_York,2026-06-07 10:33:58.240924+00:00,
AIG,AIG,success,755,2026-03-16 13:30:00+00:00,2026-06-05 20:00:00+00:00,America/New_York,2026-06-07 10:33:58.290094+00:00,
KDP,KDP,success,755,2026-03-16 13:30:00+00:00,2026-06-05 20:00:00+00:00,America/New_York,2026-06-07 10:33:58.434454+00:00,
BDX,BDX,success,755,2026-03-16 13:30:00+00:00,2026-06-05 20:00:00+00:00,America/New_York,2026-06-07 10:33:58.410255+00:00,
GFS,GFS,success,755,2026-03-16 13:30:00+00:00,2026-06-05 20:00:00+00:00,America/New_York,2026-06-07 10:33:58.364188+00:00,
XYZ,XYZ,success,755,2026-03-16 13:30:00+00:00,2026-06-05 20:00:00+00:00,America/New_York,2026-06-07 10:33:58.483546+00:00,
SLF,SLF,success,755,2026-03-16 13:30:00+00:00,2026-06-05 20:00:00+00:00,America/New_York,2026-06-07 10:33:58.523608+00:00,
WDS,WDS,success,755,2026-03-16 13:30:00+00:00,2026-06-05 20:00:00+00:00,America/New_York,2026-06-07 10:33:58.575889+00:00,
CCI,CCI,success,755,2026-03-16 13:30:00+00:00,2026-06-05 20:00:00+00:00,America/New_York,2026-06-07 10:33:58.574889+00:00,
COIN,COIN,success,755,2026-03-16 13:30:00+00:00,2026-06-05 20:00:00+00:00,America/New_York,2026-06-07 10:33:58.575889+00:00,
ALNY,ALNY,success,755,2026-03-16 13:30:00+00:00,2026-06-05 20:00:00+00:00,America/New_York,2026-06-07 10:33:58.749760+00:00,
IX,IX,success,755,2026-03-16 13:30:00+00:00,2026-06-05 20:00:00+00:00,America/New_York,2026-06-07 10:33:58.690972+00:00,
VIK,VIK,success,755,2026-03-16 13:30:00+00:00,2026-06-05 20:00:00+00:00,America/New_York,2026-06-07 10:33:58.716027+00:00,
ARES,ARES,success,755,2026-03-16 13:30:00+00:00,2026-06-05 20:00:00+00:00,America/New_York,2026-06-07 10:33:58.665913+00:00,
VTR,VTR,success,755,2026-03-16 13:30:00+00:00,2026-06-05 20:00:00+00:00,America/New_York,2026-06-07 10:33:58.789366+00:00,
HEI,HEI,success,755,2026-03-16 13:30:00+00:00,2026-06-05 20:00:00+00:00,America/New_York,2026-06-07 10:33:58.811567+00:00,
TTWO,TTWO,success,755,2026-03-16 13:30:00+00:00,2026-06-05 20:00:00+00:00,America/New_York,2026-06-07 10:33:58.844140+00:00,
WCN,WCN,success,755,2026-03-16 13:30:00+00:00,2026-06-05 20:00:00+00:00,America/New_York,2026-06-07 10:33:58.876745+00:00,
HLN,HLN,success,755,2026-03-16 13:30:00+00:00,2026-06-05 20:00:00+00:00,America/New_York,2026-06-07 10:33:58.911785+00:00,
PEG,PEG,success,755,2026-03-16 13:30:00+00:00,2026-06-05 20:00:00+00:00,America/New_York,2026-06-07 10:33:58.966561+00:00,
CMG,CMG,success,755,2026-03-16 13:30:00+00:00,2026-06-05 20:00:00+00:00,America/New_York,2026-06-07 10:33:59.016758+00:00,
TKO,TKO,success,755,2026-03-16 13:30:00+00:00,2026-06-05 20:00:00+00:00,America/New_York,2026-06-07 10:33:59.144800+00:00,
JD,JD,success,755,2026-03-16 13:30:00+00:00,2026-06-05 20:00:00+00:00,America/New_York,2026-06-07 10:33:59.190487+00:00,
ED,ED,success,755,2026-03-16 13:30:00+00:00,2026-06-05 20:00:00+00:00,America/New_York,2026-06-07 10:33:59.263716+00:00,
KB,KB,success,755,2026-03-16 13:30:00+00:00,2026-06-05 20:00:00+00:00,America/New_York,2026-06-07 10:33:59.320040+00:00,
ADM,ADM,success,755,2026-03-16 13:30:00+00:00,2026-06-05 20:00:00+00:00,America/New_York,2026-06-07 10:33:59.375594+00:00,
TEVA,TEVA,success,755,2026-03-16 13:30:00+00:00,2026-06-05 20:00:00+00:00,America/New_York,2026-06-07 10:33:59.353564+00:00,
CBRE,CBRE,success,755,2026-03-16 13:30:00+00:00,2026-06-05 20:00:00+00:00,America/New_York,2026-06-07 10:33:59.399621+00:00,
KR,KR,success,755,2026-03-16 13:30:00+00:00,2026-06-05 20:00:00+00:00,America/New_York,2026-06-07 10:33:59.426746+00:00,
STLD,STLD,success,755,2026-03-16 13:30:00+00:00,2026-06-05 20:00:00+00:00,America/New_York,2026-06-07 10:33:59.481499+00:00,
ESLT,ESLT,success,755,2026-03-16 13:30:00+00:00,2026-06-05 20:00:00+00:00,America/New_York,2026-06-07 10:33:59.520706+00:00,
A,A,success,755,2026-03-16 13:30:00+00:00,2026-06-05 20:00:00+00:00,America/New_York,2026-06-07 10:33:59.575206+00:00,
AXON,AXON,success,755,2026-03-16 13:30:00+00:00,2026-06-05 20:00:00+00:00,America/New_York,2026-06-07 10:33:59.671712+00:00,
TRI,TRI,success,755,2026-03-16 13:30:00+00:00,2026-06-05 20:00:00+00:00,America/New_York,2026-06-07 10:33:59.695775+00:00,
CCL,CCL,success,755,2026-03-16 13:30:00+00:00,2026-06-05 20:00:00+00:00,America/New_York,2026-06-07 10:33:59.719810+00:00,
PCG,PCG,success,755,2026-03-16 13:30:00+00:00,2026-06-05 20:00:00+00:00,America/New_York,2026-06-07 10:33:59.789034+00:00,
HSY,HSY,success,755,2026-03-16 13:30:00+00:00,2026-06-05 20:00:00+00:00,America/New_York,2026-06-07 10:33:59.908912+00:00,
JBL,JBL,success,755,2026-03-16 13:30:00+00:00,2026-06-05 20:00:00+00:00,America/New_York,2026-06-07 10:34:00.022483+00:00,
CRDO,CRDO,success,755,2026-03-16 13:30:00+00:00,2026-06-05 20:00:00+00:00,America/New_York,2026-06-07 10:33:59.971187+00:00,
VMC,VMC,success,755,2026-03-16 13:30:00+00:00,2026-06-05 20:00:00+00:00,America/New_York,2026-06-07 10:34:00.057081+00:00,
PYPL,PYPL,success,755,2026-03-16 13:30:00+00:00,2026-06-05 20:00:00+00:00,America/New_York,2026-06-07 10:34:00.086175+00:00,
LYV,LYV,success,755,2026-03-16 13:30:00+00:00,2026-06-05 20:00:00+00:00,America/New_York,2026-06-07 10:34:00.086175+00:00,
WEC,WEC,success,755,2026-03-16 13:30:00+00:00,2026-06-05 20:00:00+00:00,America/New_York,2026-06-07 10:34:00.224164+00:00,
IRM,IRM,success,755,2026-03-16 13:30:00+00:00,2026-06-05 20:00:00+00:00,America/New_York,2026-06-07 10:34:00.167295+00:00,
IBKR,IBKR,success,755,2026-03-16 13:30:00+00:00,2026-06-05 20:00:00+00:00,America/New_York,2026-06-07 10:34:00.197826+00:00,
EME,EME,success,755,2026-03-16 13:30:00+00:00,2026-06-05 20:00:00+00:00,America/New_York,2026-06-07 10:34:00.305374+00:00,
PRU,PRU,success,755,2026-03-16 13:30:00+00:00,2026-06-05 20:00:00+00:00,America/New_York,2026-06-07 10:34:00.280337+00:00,
SYY,SYY,success,755,2026-03-16 13:30:00+00:00,2026-06-05 20:00:00+00:00,America/New_York,2026-06-07 10:34:00.343408+00:00,
PAYX,PAYX,success,755,2026-03-16 13:30:00+00:00,2026-06-05 20:00:00+00:00,America/New_York,2026-06-07 10:34:00.407281+00:00,
HIG,HIG,success,755,2026-03-16 13:30:00+00:00,2026-06-05 20:00:00+00:00,America/New_York,2026-06-07 10:34:00.384533+00:00,
WDAY,WDAY,success,755,2026-03-16 13:30:00+00:00,2026-06-05 20:00:00+00:00,America/New_York,2026-06-07 10:34:00.445331+00:00,
WAT,WAT,success,755,2026-03-16 13:30:00+00:00,2026-06-05 20:00:00+00:00,America/New_York,2026-06-07 10:34:00.484386+00:00,
ASTS,ASTS,success,755,2026-03-16 13:30:00+00:00,2026-06-05 20:00:00+00:00,America/New_York,2026-06-07 10:34:00.528929+00:00,
HMC,HMC,success,755,2026-03-16 13:30:00+00:00,2026-06-05 20:00:00+00:00,America/New_York,2026-06-07 10:34:00.576494+00:00,
RKT,RKT,success,755,2026-03-16 13:30:00+00:00,2026-06-05 20:00:00+00:00,America/New_York,2026-06-07 10:34:00.645158+00:00,
ZTS,ZTS,success,755,2026-03-16 13:30:00+00:00,2026-06-05 20:00:00+00:00,America/New_York,2026-06-07 10:34:00.646157+00:00,
CHT,CHT,success,753,2026-03-16 13:30:00+00:00,2026-06-05 20:00:00+00:00,America/New_York,2026-06-07 10:34:00.699776+00:00,
MLM,MLM,success,755,2026-03-16 13:30:00+00:00,2026-06-05 20:00:00+00:00,America/New_York,2026-06-07 10:34:00.732618+00:00,
TWLO,TWLO,success,755,2026-03-16 13:30:00+00:00,2026-06-05 20:00:00+00:00,America/New_York,2026-06-07 10:34:00.814993+00:00,
VOD,VOD,success,755,2026-03-16 13:30:00+00:00,2026-06-05 20:00:00+00:00,America/New_York,2026-06-07 10:34:00.778253+00:00,
LVS,LVS,success,755,2026-03-16 13:30:00+00:00,2026-06-05 20:00:00+00:00,America/New_York,2026-06-07 10:34:00.852046+00:00,
UI,UI,success,754,2026-03-16 13:30:00+00:00,2026-06-05 20:00:00+00:00,America/New_York,2026-06-07 10:34:00.879475+00:00,
MTB,MTB,success,755,2026-03-16 13:30:00+00:00,2026-06-05 20:00:00+00:00,America/New_York,2026-06-07 10:34:01.012998+00:00,
UAL,UAL,success,755,2026-03-16 13:30:00+00:00,2026-06-05 20:00:00+00:00,America/New_York,2026-06-07 10:34:00.980407+00:00,
KVUE,KVUE,success,755,2026-03-16 13:30:00+00:00,2026-06-05 20:00:00+00:00,America/New_York,2026-06-07 10:34:01.038517+00:00,
HBAN,HBAN,success,755,2026-03-16 13:30:00+00:00,2026-06-05 20:00:00+00:00,America/New_York,2026-06-07 10:34:01.103814+00:00,
EQT,EQT,success,755,2026-03-16 13:30:00+00:00,2026-06-05 20:00:00+00:00,America/New_York,2026-06-07 10:34:01.043519+00:00,
ROP,ROP,success,755,2026-03-16 13:30:00+00:00,2026-06-05 20:00:00+00:00,America/New_York,2026-06-07 10:34:01.104813+00:00,
SATS,SATS,success,755,2026-03-16 13:30:00+00:00,2026-06-05 20:00:00+00:00,America/New_York,2026-06-07 10:34:01.274873+00:00,
ALC,ALC,success,755,2026-03-16 13:30:00+00:00,2026-06-05 20:00:00+00:00,America/New_York,2026-06-07 10:34:01.315150+00:00,
NTAP,NTAP,success,755,2026-03-16 13:30:00+00:00,2026-06-05 20:00:00+00:00,America/New_York,2026-06-07 10:34:01.363307+00:00,
TS,TS,success,755,2026-03-16 13:30:00+00:00,2026-06-05 20:00:00+00:00,America/New_York,2026-06-07 10:34:01.251314+00:00,
HAL,HAL,success,755,2026-03-16 13:30:00+00:00,2026-06-05 20:00:00+00:00,America/New_York,2026-06-07 10:34:01.456013+00:00,
RDDT,RDDT,success,755,2026-03-16 13:30:00+00:00,2026-06-05 20:00:00+00:00,America/New_York,2026-06-07 10:34:01.479562+00:00,
QSR,QSR,success,755,2026-03-16 13:30:00+00:00,2026-06-05 20:00:00+00:00,America/New_York,2026-06-07 10:34:01.389859+00:00,
KMB,KMB,success,755,2026-03-16 13:30:00+00:00,2026-06-05 20:00:00+00:00,America/New_York,2026-06-07 10:34:01.563265+00:00,
PUK,PUK,success,755,2026-03-16 13:30:00+00:00,2026-06-05 20:00:00+00:00,America/New_York,2026-06-07 10:34:01.607753+00:00,
SUNB,SUNB,success,755,2026-03-16 13:30:00+00:00,2026-06-05 20:00:00+00:00,America/New_York,2026-06-07 10:34:01.607753+00:00,
GFI,GFI,success,755,2026-03-16 13:30:00+00:00,2026-06-05 20:00:00+00:00,America/New_York,2026-06-07 10:34:01.663479+00:00,
ACGL,ACGL,success,755,2026-03-16 13:30:00+00:00,2026-06-05 20:00:00+00:00,America/New_York,2026-06-07 10:34:01.697750+00:00,
NTRS,NTRS,success,755,2026-03-16 13:30:00+00:00,2026-06-05 20:00:00+00:00,America/New_York,2026-06-07 10:34:01.766970+00:00,
NTR,NTR,success,755,2026-03-16 13:30:00+00:00,2026-06-05 20:00:00+00:00,America/New_York,2026-06-07 10:34:01.742869+00:00,
EXR,EXR,success,755,2026-03-16 13:30:00+00:00,2026-06-05 20:00:00+00:00,America/New_York,2026-06-07 10:34:01.821276+00:00,
TCOM,TCOM,success,755,2026-03-16 13:30:00+00:00,2026-06-05 20:00:00+00:00,America/New_York,2026-06-07 10:34:01.789518+00:00,
RPRX,RPRX,success,755,2026-03-16 13:30:00+00:00,2026-06-05 20:00:00+00:00,America/New_York,2026-06-07 10:34:01.855365+00:00,
KGC,KGC,success,755,2026-03-16 13:30:00+00:00,2026-06-05 20:00:00+00:00,America/New_York,2026-06-07 10:34:01.913013+00:00,
SHG,SHG,success,755,2026-03-16 13:30:00+00:00,2026-06-05 20:00:00+00:00,America/New_York,2026-06-07 10:34:01.984149+00:00,
VG,VG,success,755,2026-03-16 13:30:00+00:00,2026-06-05 20:00:00+00:00,America/New_York,2026-06-07 10:34:01.961056+00:00,
EC,EC,success,755,2026-03-16 13:30:00+00:00,2026-06-05 20:00:00+00:00,America/New_York,2026-06-07 10:34:02.017307+00:00,
RVMD,RVMD,success,755,2026-03-16 13:30:00+00:00,2026-06-05 20:00:00+00:00,America/New_York,2026-06-07 10:34:02.087048+00:00,
ONC,ONC,success,755,2026-03-16 13:30:00+00:00,2026-06-05 20:00:00+00:00,America/New_York,2026-06-07 10:34:02.088053+00:00,
IQV,IQV,success,755,2026-03-16 13:30:00+00:00,2026-06-05 20:00:00+00:00,America/New_York,2026-06-07 10:34:02.063958+00:00,
CNC,CNC,success,755,2026-03-16 13:30:00+00:00,2026-06-05 20:00:00+00:00,America/New_York,2026-06-07 10:34:02.229589+00:00,
TECK,TECK,success,755,2026-03-16 13:30:00+00:00,2026-06-05 20:00:00+00:00,America/New_York,2026-06-07 10:34:02.194444+00:00,
DTE,DTE,success,755,2026-03-16 13:30:00+00:00,2026-06-05 20:00:00+00:00,America/New_York,2026-06-07 10:34:02.280893+00:00,
FSLR,FSLR,success,755,2026-03-16 13:30:00+00:00,2026-06-05 20:00:00+00:00,America/New_York,2026-06-07 10:34:02.329938+00:00,
ZM,ZM,success,755,2026-03-16 13:30:00+00:00,2026-06-05 20:00:00+00:00,America/New_York,2026-06-07 10:34:02.280893+00:00,
CPRT,CPRT,success,755,2026-03-16 13:30:00+00:00,2026-06-05 20:00:00+00:00,America/New_York,2026-06-07 10:34:02.375871+00:00,
VICI,VICI,success,755,2026-03-16 13:30:00+00:00,2026-06-05 20:00:00+00:00,America/New_York,2026-06-07 10:34:02.377402+00:00,
NTRA,NTRA,success,755,2026-03-16 13:30:00+00:00,2026-06-05 20:00:00+00:00,America/New_York,2026-06-07 10:34:02.445795+00:00,
Q,Q,success,755,2026-03-16 13:30:00+00:00,2026-06-05 20:00:00+00:00,America/New_York,2026-06-07 10:34:02.445795+00:00,
RYAAY,RYAAY,success,755,2026-03-16 13:30:00+00:00,2026-06-05 20:00:00+00:00,America/New_York,2026-06-07 10:34:02.501964+00:00,
AMRZ,AMRZ,success,755,2026-03-16 13:30:00+00:00,2026-06-05 20:00:00+00:00,America/New_York,2026-06-07 10:34:02.542587+00:00,
FISV,FISV,success,755,2026-03-16 13:30:00+00:00,2026-06-05 20:00:00+00:00,America/New_York,2026-06-07 10:34:02.564390+00:00,
AEE,AEE,success,755,2026-03-16 13:30:00+00:00,2026-06-05 20:00:00+00:00,America/New_York,2026-06-07 10:34:02.607435+00:00,
GEHC,GEHC,success,755,2026-03-16 13:30:00+00:00,2026-06-05 20:00:00+00:00,America/New_York,2026-06-07 10:34:02.714690+00:00,
RJF,RJF,success,755,2026-03-16 13:30:00+00:00,2026-06-05 20:00:00+00:00,America/New_York,2026-06-07 10:34:02.638390+00:00,
CBOE,CBOE,success,755,2026-03-16 13:30:00+00:00,2026-06-05 20:00:00+00:00,America/New_York,2026-06-07 10:34:02.713690+00:00,
DOV,DOV,success,755,2026-03-16 13:30:00+00:00,2026-06-05 20:00:00+00:00,America/New_York,2026-06-07 10:34:02.798909+00:00,
MTZ,MTZ,success,755,2026-03-16 13:30:00+00:00,2026-06-05 20:00:00+00:00,America/New_York,2026-06-07 10:34:02.894524+00:00,
RBLX,RBLX,success,755,2026-03-16 13:30:00+00:00,2026-06-05 20:00:00+00:00,America/New_York,2026-06-07 10:34:02.894524+00:00,
EL,EL,success,755,2026-03-16 13:30:00+00:00,2026-06-05 20:00:00+00:00,America/New_York,2026-06-07 10:34:02.861058+00:00,
BIIB,BIIB,success,755,2026-03-16 13:30:00+00:00,2026-06-05 20:00:00+00:00,America/New_York,2026-06-07 10:34:03.018696+00:00,
DXCM,DXCM,success,755,2026-03-16 13:30:00+00:00,2026-06-05 20:00:00+00:00,America/New_York,2026-06-07 10:34:03.090892+00:00,
RMD,RMD,success,755,2026-03-16 13:30:00+00:00,2026-06-05 20:00:00+00:00,America/New_York,2026-06-07 10:34:03.069356+00:00,
PBA,PBA,success,755,2026-03-16 13:30:00+00:00,2026-06-05 20:00:00+00:00,America/New_York,2026-06-07 10:34:03.123933+00:00,
TPR,TPR,success,755,2026-03-16 13:30:00+00:00,2026-06-05 20:00:00+00:00,America/New_York,2026-06-07 10:34:03.202115+00:00,
IR,IR,success,755,2026-03-16 13:30:00+00:00,2026-06-05 20:00:00+00:00,America/New_York,2026-06-07 10:34:03.248919+00:00,
EXPE,EXPE,success,755,2026-03-16 13:30:00+00:00,2026-06-05 20:00:00+00:00,America/New_York,2026-06-07 10:34:03.225652+00:00,
CASY,CASY,success,755,2026-03-16 13:30:00+00:00,2026-06-05 20:00:00+00:00,America/New_York,2026-06-07 10:34:03.292578+00:00,
VEEV,VEEV,success,755,2026-03-16 13:30:00+00:00,2026-06-05 20:00:00+00:00,America/New_York,2026-06-07 10:34:03.176568+00:00,
EIX,EIX,success,755,2026-03-16 13:30:00+00:00,2026-06-05 20:00:00+00:00,America/New_York,2026-06-07 10:34:03.325207+00:00,
MDB,MDB,success,755,2026-03-16 13:30:00+00:00,2026-06-05 20:00:00+00:00,America/New_York,2026-06-07 10:34:03.365276+00:00,
ATO,ATO,success,755,2026-03-16 13:30:00+00:00,2026-06-05 20:00:00+00:00,America/New_York,2026-06-07 10:34:03.398356+00:00,
FTS,FTS,success,755,2026-03-16 13:30:00+00:00,2026-06-05 20:00:00+00:00,America/New_York,2026-06-07 10:34:03.507991+00:00,
TDY,TDY,success,755,2026-03-16 13:30:00+00:00,2026-06-05 20:00:00+00:00,America/New_York,2026-06-07 10:34:03.540073+00:00,
CNP,CNP,success,755,2026-03-16 13:30:00+00:00,2026-06-05 20:00:00+00:00,America/New_York,2026-06-07 10:34:03.599923+00:00,
NRG,NRG,success,755,2026-03-16 13:30:00+00:00,2026-06-05 20:00:00+00:00,America/New_York,2026-06-07 10:34:03.670103+00:00,
CFG,CFG,success,755,2026-03-16 13:30:00+00:00,2026-06-05 20:00:00+00:00,America/New_York,2026-06-07 10:34:03.740906+00:00,
CPNG,CPNG,success,755,2026-03-16 13:30:00+00:00,2026-06-05 20:00:00+00:00,America/New_York,2026-06-07 10:34:03.738904+00:00,
JBHT,JBHT,success,755,2026-03-16 13:30:00+00:00,2026-06-05 20:00:00+00:00,America/New_York,2026-06-07 10:34:03.870848+00:00,
STRL,STRL,success,755,2026-03-16 13:30:00+00:00,2026-06-05 20:00:00+00:00,America/New_York,2026-06-07 10:34:03.929133+00:00,
OTIS,OTIS,success,755,2026-03-16 13:30:00+00:00,2026-06-05 20:00:00+00:00,America/New_York,2026-06-07 10:34:03.837223+00:00,
CW,CW,success,755,2026-03-16 13:30:00+00:00,2026-06-05 20:00:00+00:00,America/New_York,2026-06-07 10:34:03.930132+00:00,
VRSN,VRSN,success,755,2026-03-16 13:30:00+00:00,2026-06-05 20:00:00+00:00,America/New_York,2026-06-07 10:34:03.907087+00:00,
TPL,TPL,success,755,2026-03-16 13:30:00+00:00,2026-06-05 20:00:00+00:00,America/New_York,2026-06-07 10:34:04.041849+00:00,
AVB,AVB,success,755,2026-03-16 13:30:00+00:00,2026-06-05 20:00:00+00:00,America/New_York,2026-06-07 10:34:04.104585+00:00,
PPL,PPL,success,755,2026-03-16 13:30:00+00:00,2026-06-05 20:00:00+00:00,America/New_York,2026-06-07 10:34:04.126642+00:00,
KHC,KHC,success,755,2026-03-16 13:30:00+00:00,2026-06-05 20:00:00+00:00,America/New_York,2026-06-07 10:34:04.301513+00:00,
FE,FE,success,755,2026-03-16 13:30:00+00:00,2026-06-05 20:00:00+00:00,America/New_York,2026-06-07 10:34:04.232606+00:00,
FTI,FTI,success,755,2026-03-16 13:30:00+00:00,2026-06-05 20:00:00+00:00,America/New_York,2026-06-07 10:34:04.270164+00:00,
SYM,SYM,success,755,2026-03-16 13:30:00+00:00,2026-06-05 20:00:00+00:00,America/New_York,2026-06-07 10:34:04.331120+00:00,
FICO,FICO,success,755,2026-03-16 13:30:00+00:00,2026-06-05 20:00:00+00:00,America/New_York,2026-06-07 10:34:04.426806+00:00,
STLA,STLA,success,755,2026-03-16 13:30:00+00:00,2026-06-05 20:00:00+00:00,America/New_York,2026-06-07 10:34:04.398742+00:00,
FOXA,FOXA,success,755,2026-03-16 13:30:00+00:00,2026-06-05 20:00:00+00:00,America/New_York,2026-06-07 10:34:04.330112+00:00,
NVT,NVT,success,755,2026-03-16 13:30:00+00:00,2026-06-05 20:00:00+00:00,America/New_York,2026-06-07 10:34:04.449887+00:00,
TSEM,TSEM,success,755,2026-03-16 13:30:00+00:00,2026-06-05 20:00:00+00:00,America/New_York,2026-06-07 10:34:04.553436+00:00,
TEAM,TEAM,success,755,2026-03-16 13:30:00+00:00,2026-06-05 20:00:00+00:00,America/New_York,2026-06-07 10:34:04.586773+00:00,
XYL,XYL,success,755,2026-03-16 13:30:00+00:00,2026-06-05 20:00:00+00:00,America/New_York,2026-06-07 10:34:04.620961+00:00,
WRB,WRB,success,755,2026-03-16 13:30:00+00:00,2026-06-05 20:00:00+00:00,America/New_York,2026-06-07 10:34:04.656369+00:00,
EQR,EQR,success,755,2026-03-16 13:30:00+00:00,2026-06-05 20:00:00+00:00,America/New_York,2026-06-07 10:34:04.678898+00:00,
CINF,CINF,success,755,2026-03-16 13:30:00+00:00,2026-06-05 20:00:00+00:00,America/New_York,2026-06-07 10:34:04.770998+00:00,
ES,ES,success,755,2026-03-16 13:30:00+00:00,2026-06-05 20:00:00+00:00,America/New_York,2026-06-07 10:34:04.722844+00:00,
MTSI,MTSI,success,755,2026-03-16 13:30:00+00:00,2026-06-05 20:00:00+00:00,America/New_York,2026-06-07 10:34:04.745856+00:00,
XPO,XPO,success,755,2026-03-16 13:30:00+00:00,2026-06-05 20:00:00+00:00,America/New_York,2026-06-07 10:34:04.816898+00:00,
CTSH,CTSH,success,755,2026-03-16 13:30:00+00:00,2026-06-05 20:00:00+00:00,America/New_York,2026-06-07 10:34:04.818232+00:00,
PPG,PPG,success,755,2026-03-16 13:30:00+00:00,2026-06-05 20:00:00+00:00,America/New_York,2026-06-07 10:34:04.956047+00:00,
BAP,BAP,success,755,2026-03-16 13:30:00+00:00,2026-06-05 20:00:00+00:00,America/New_York,2026-06-07 10:34:04.901069+00:00,
RF,RF,success,755,2026-03-16 13:30:00+00:00,2026-06-05 20:00:00+00:00,America/New_York,2026-06-07 10:34:04.991727+00:00,
HUBB,HUBB,success,755,2026-03-16 13:30:00+00:00,2026-06-05 20:00:00+00:00,America/New_York,2026-06-07 10:34:05.022273+00:00,
BG,BG,success,755,2026-03-16 13:30:00+00:00,2026-06-05 20:00:00+00:00,America/New_York,2026-06-07 10:34:05.045283+00:00,
WSM,WSM,success,755,2026-03-16 13:30:00+00:00,2026-06-05 20:00:00+00:00,America/New_York,2026-06-07 10:34:05.076361+00:00,
PHG,PHG,success,755,2026-03-16 13:30:00+00:00,2026-06-05 20:00:00+00:00,America/New_York,2026-06-07 10:34:05.178279+00:00,
ILMN,ILMN,success,755,2026-03-16 13:30:00+00:00,2026-06-05 20:00:00+00:00,America/New_York,2026-06-07 10:34:05.179280+00:00,
WTW,WTW,success,755,2026-03-16 13:30:00+00:00,2026-06-05 20:00:00+00:00,America/New_York,2026-06-07 10:34:05.270764+00:00,
SMCI,SMCI,success,755,2026-03-16 13:30:00+00:00,2026-06-05 20:00:00+00:00,America/New_York,2026-06-07 10:34:05.271764+00:00,
SYF,SYF,success,755,2026-03-16 13:30:00+00:00,2026-06-05 20:00:00+00:00,America/New_York,2026-06-07 10:34:05.317474+00:00,
DOW,DOW,success,755,2026-03-16 13:30:00+00:00,2026-06-05 20:00:00+00:00,America/New_York,2026-06-07 10:34:05.361057+00:00,
STZ,STZ,success,755,2026-03-16 13:30:00+00:00,2026-06-05 20:00:00+00:00,America/New_York,2026-06-07 10:34:05.360058+00:00,
TW,TW,success,755,2026-03-16 13:30:00+00:00,2026-06-05 20:00:00+00:00,America/New_York,2026-06-07 10:34:05.570561+00:00,
AWK,AWK,success,755,2026-03-16 13:30:00+00:00,2026-06-05 20:00:00+00:00,America/New_York,2026-06-07 10:34:05.543450+00:00,
NMR,NMR,success,755,2026-03-16 13:30:00+00:00,2026-06-05 20:00:00+00:00,America/New_York,2026-06-07 10:34:05.497999+00:00,
FCNCA,FCNCA,success,755,2026-03-16 13:30:00+00:00,2026-06-05 20:00:00+00:00,America/New_York,2026-06-07 10:34:05.656886+00:00,
FMX,FMX,success,755,2026-03-16 13:30:00+00:00,2026-06-05 20:00:00+00:00,America/New_York,2026-06-07 10:34:05.623295+00:00,
IHG,IHG,success,754,2026-03-16 13:30:00+00:00,2026-06-05 20:00:00+00:00,America/New_York,2026-06-07 10:34:05.722545+00:00,
ATI,ATI,success,755,2026-03-16 13:30:00+00:00,2026-06-05 20:00:00+00:00,America/New_York,2026-06-07 10:34:05.691417+00:00,
HPQ,HPQ,success,755,2026-03-16 13:30:00+00:00,2026-06-05 20:00:00+00:00,America/New_York,2026-06-07 10:34:05.817430+00:00,
CRS,CRS,success,755,2026-03-16 13:30:00+00:00,2026-06-05 20:00:00+00:00,America/New_York,2026-06-07 10:34:05.784190+00:00,
FTAI,FTAI,success,755,2026-03-16 13:30:00+00:00,2026-06-05 20:00:00+00:00,America/New_York,2026-06-07 10:34:05.840962+00:00,
KEY,KEY,success,755,2026-03-16 13:30:00+00:00,2026-06-05 20:00:00+00:00,America/New_York,2026-06-07 10:34:05.975640+00:00,
P,P,success,456,2026-04-17 13:30:00+00:00,2026-06-05 20:00:00+00:00,America/New_York,2026-06-07 10:34:05.866502+00:00,
VRSK,VRSK,success,755,2026-03-16 13:30:00+00:00,2026-06-05 20:00:00+00:00,America/New_York,2026-06-07 10:34:05.943525+00:00,
MTD,MTD,success,755,2026-03-16 13:30:00+00:00,2026-06-05 20:00:00+00:00,America/New_York,2026-06-07 10:34:06.005703+00:00,
CHD,CHD,success,755,2026-03-16 13:30:00+00:00,2026-06-05 20:00:00+00:00,America/New_York,2026-06-07 10:34:06.042003+00:00,
UTHR,UTHR,success,755,2026-03-16 13:30:00+00:00,2026-06-05 20:00:00+00:00,America/New_York,2026-06-07 10:34:06.085939+00:00,
TROW,TROW,success,755,2026-03-16 13:30:00+00:00,2026-06-05 20:00:00+00:00,America/New_York,2026-06-07 10:34:06.158086+00:00,
LPLA,LPLA,success,755,2026-03-16 13:30:00+00:00,2026-06-05 20:00:00+00:00,America/New_York,2026-06-07 10:34:06.108945+00:00,
PFG,PFG,success,755,2026-03-16 13:30:00+00:00,2026-06-05 20:00:00+00:00,America/New_York,2026-06-07 10:34:06.223004+00:00,
PHM,PHM,success,755,2026-03-16 13:30:00+00:00,2026-06-05 20:00:00+00:00,America/New_York,2026-06-07 10:34:06.224007+00:00,
CPAY,CPAY,success,755,2026-03-16 13:30:00+00:00,2026-06-05 20:00:00+00:00,America/New_York,2026-06-07 10:34:06.299272+00:00,
MKL,MKL,success,755,2026-03-16 13:30:00+00:00,2026-06-05 20:00:00+00:00,America/New_York,2026-06-07 10:34:06.301273+00:00,
ROL,ROL,success,755,2026-03-16 13:30:00+00:00,2026-06-05 20:00:00+00:00,America/New_York,2026-06-07 10:34:06.360430+00:00,
DG,DG,success,755,2026-03-16 13:30:00+00:00,2026-06-05 20:00:00+00:00,America/New_York,2026-06-07 10:34:06.392088+00:00,
DRI,DRI,success,755,2026-03-16 13:30:00+00:00,2026-06-05 20:00:00+00:00,America/New_York,2026-06-07 10:34:06.490590+00:00,
BCE,BCE,success,755,2026-03-16 13:30:00+00:00,2026-06-05 20:00:00+00:00,America/New_York,2026-06-07 10:34:06.423372+00:00,
AXIA,AXIA,success,755,2026-03-16 13:30:00+00:00,2026-06-05 20:00:00+00:00,America/New_York,2026-06-07 10:34:06.518123+00:00,
WST,WST,success,755,2026-03-16 13:30:00+00:00,2026-06-05 20:00:00+00:00,America/New_York,2026-06-07 10:34:06.557301+00:00,
DGX,DGX,success,755,2026-03-16 13:30:00+00:00,2026-06-05 20:00:00+00:00,America/New_York,2026-06-07 10:34:06.699230+00:00,
YPF,YPF,success,755,2026-03-16 13:30:00+00:00,2026-06-05 20:00:00+00:00,America/New_York,2026-06-07 10:34:06.669661+00:00,
BNTX,BNTX,success,755,2026-03-16 13:30:00+00:00,2026-06-05 20:00:00+00:00,America/New_York,2026-06-07 10:34:06.735812+00:00,
FN,FN,success,755,2026-03-16 13:30:00+00:00,2026-06-05 20:00:00+00:00,America/New_York,2026-06-07 10:34:06.781503+00:00,
FFIV,FFIV,success,755,2026-03-16 13:30:00+00:00,2026-06-05 20:00:00+00:00,America/New_York,2026-06-07 10:34:06.838245+00:00,
NI,NI,success,755,2026-03-16 13:30:00+00:00,2026-06-05 20:00:00+00:00,America/New_York,2026-06-07 10:34:06.809688+00:00,
RL,RL,success,755,2026-03-16 13:30:00+00:00,2026-06-05 20:00:00+00:00,America/New_York,2026-06-07 10:34:06.886751+00:00,
DKNG,DKNG,success,755,2026-03-16 13:30:00+00:00,2026-06-05 20:00:00+00:00,America/New_York,2026-06-07 10:34:06.923819+00:00,
SBAC,SBAC,success,755,2026-03-16 13:30:00+00:00,2026-06-05 20:00:00+00:00,America/New_York,2026-06-07 10:34:06.959433+00:00,
L,L,success,755,2026-03-16 13:30:00+00:00,2026-06-05 20:00:00+00:00,America/New_York,2026-06-07 10:34:07.039721+00:00,
LEN,LEN,success,755,2026-03-16 13:30:00+00:00,2026-06-05 20:00:00+00:00,America/New_York,2026-06-07 10:34:07.002688+00:00,
LH,LH,success,755,2026-03-16 13:30:00+00:00,2026-06-05 20:00:00+00:00,America/New_York,2026-06-07 10:34:07.062753+00:00,
EXE,EXE,success,755,2026-03-16 13:30:00+00:00,2026-06-05 20:00:00+00:00,America/New_York,2026-06-07 10:34:07.102330+00:00,
CMS,CMS,success,755,2026-03-16 13:30:00+00:00,2026-06-05 20:00:00+00:00,America/New_York,2026-06-07 10:34:07.102330+00:00,
CHRW,CHRW,success,755,2026-03-16 13:30:00+00:00,2026-06-05 20:00:00+00:00,America/New_York,2026-06-07 10:34:07.286660+00:00,
FWONK,FWONK,success,755,2026-03-16 13:30:00+00:00,2026-06-05 20:00:00+00:00,America/New_York,2026-06-07 10:34:07.304617+00:00,
AER,AER,success,755,2026-03-16 13:30:00+00:00,2026-06-05 20:00:00+00:00,America/New_York,2026-06-07 10:34:07.396774+00:00,
SNX,SNX,success,755,2026-03-16 13:30:00+00:00,2026-06-05 20:00:00+00:00,America/New_York,2026-06-07 10:34:07.364449+00:00,
EXPD,EXPD,success,755,2026-03-16 13:30:00+00:00,2026-06-05 20:00:00+00:00,America/New_York,2026-06-07 10:34:07.253032+00:00,
AKAM,AKAM,success,755,2026-03-16 13:30:00+00:00,2026-06-05 20:00:00+00:00,America/New_York,2026-06-07 10:34:07.430337+00:00,
SW,SW,success,755,2026-03-16 13:30:00+00:00,2026-06-05 20:00:00+00:00,America/New_York,2026-06-07 10:34:07.470401+00:00,
OMC,OMC,success,755,2026-03-16 13:30:00+00:00,2026-06-05 20:00:00+00:00,America/New_York,2026-06-07 10:34:07.510208+00:00,
WWD,WWD,success,755,2026-03-16 13:30:00+00:00,2026-06-05 20:00:00+00:00,America/New_York,2026-06-07 10:34:07.615825+00:00,
VLTO,VLTO,success,755,2026-03-16 13:30:00+00:00,2026-06-05 20:00:00+00:00,America/New_York,2026-06-07 10:34:07.644915+00:00,
IONQ,IONQ,success,755,2026-03-16 13:30:00+00:00,2026-06-05 20:00:00+00:00,America/New_York,2026-06-07 10:34:07.712691+00:00,
FIS,FIS,success,755,2026-03-16 13:30:00+00:00,2026-06-05 20:00:00+00:00,America/New_York,2026-06-07 10:34:07.691160+00:00,
ZS,ZS,success,755,2026-03-16 13:30:00+00:00,2026-06-05 20:00:00+00:00,America/New_York,2026-06-07 10:34:07.824559+00:00,
EFX,EFX,success,755,2026-03-16 13:30:00+00:00,2026-06-05 20:00:00+00:00,America/New_York,2026-06-07 10:34:07.742976+00:00,
LYB,LYB,success,755,2026-03-16 13:30:00+00:00,2026-06-05 20:00:00+00:00,America/New_York,2026-06-07 10:34:07.958701+00:00,
OKTA,OKTA,success,755,2026-03-16 13:30:00+00:00,2026-06-05 20:00:00+00:00,America/New_York,2026-06-07 10:34:07.927132+00:00,
DLTR,DLTR,success,755,2026-03-16 13:30:00+00:00,2026-06-05 20:00:00+00:00,America/New_York,2026-06-07 10:34:07.862416+00:00,
SQM,SQM,success,755,2026-03-16 13:30:00+00:00,2026-06-05 20:00:00+00:00,America/New_York,2026-06-07 10:34:07.894096+00:00,
UDR,UDR,success,755,2026-03-16 13:30:00+00:00,2026-06-05 20:00:00+00:00,America/New_York,2026-06-07 10:34:08.270057+00:00,
STE,STE,success,755,2026-03-16 13:30:00+00:00,2026-06-05 20:00:00+00:00,America/New_York,2026-06-07 10:34:08.078846+00:00,
AFRM,AFRM,success,755,2026-03-16 13:30:00+00:00,2026-06-05 20:00:00+00:00,America/New_York,2026-06-07 10:34:08.155324+00:00,
RS,RS,success,755,2026-03-16 13:30:00+00:00,2026-06-05 20:00:00+00:00,America/New_York,2026-06-07 10:34:08.194893+00:00,
VIV,VIV,success,755,2026-03-16 13:30:00+00:00,2026-06-05 20:00:00+00:00,America/New_York,2026-06-07 10:34:08.372484+00:00,
ULTA,ULTA,success,755,2026-03-16 13:30:00+00:00,2026-06-05 20:00:00+00:00,America/New_York,2026-06-07 10:34:08.432554+00:00,
LUV,LUV,success,755,2026-03-16 13:30:00+00:00,2026-06-05 20:00:00+00:00,America/New_York,2026-06-07 10:34:08.518985+00:00,
ROIV,ROIV,success,755,2026-03-16 13:30:00+00:00,2026-06-05 20:00:00+00:00,America/New_York,2026-06-07 10:34:08.397043+00:00,
RCI,RCI,success,755,2026-03-16 13:30:00+00:00,2026-06-05 20:00:00+00:00,America/New_York,2026-06-07 10:34:08.657551+00:00,
MKSI,MKSI,success,755,2026-03-16 13:30:00+00:00,2026-06-05 20:00:00+00:00,America/New_York,2026-06-07 10:34:08.738632+00:00,
TSN,TSN,success,755,2026-03-16 13:30:00+00:00,2026-06-05 20:00:00+00:00,America/New_York,2026-06-07 10:34:08.724778+00:00,
SOFI,SOFI,success,755,2026-03-16 13:30:00+00:00,2026-06-05 20:00:00+00:00,America/New_York,2026-06-07 10:34:08.828424+00:00,
PKG,PKG,success,755,2026-03-16 13:30:00+00:00,2026-06-05 20:00:00+00:00,America/New_York,2026-06-07 10:34:08.927530+00:00,
PAAS,PAAS,success,755,2026-03-16 13:30:00+00:00,2026-06-05 20:00:00+00:00,America/New_York,2026-06-07 10:34:08.883066+00:00,
BURL,BURL,success,755,2026-03-16 13:30:00+00:00,2026-06-05 20:00:00+00:00,America/New_York,2026-06-07 10:34:08.953624+00:00,
INSM,INSM,success,755,2026-03-16 13:30:00+00:00,2026-06-05 20:00:00+00:00,America/New_York,2026-06-07 10:34:09.031604+00:00,
RIVN,RIVN,success,755,2026-03-16 13:30:00+00:00,2026-06-05 20:00:00+00:00,America/New_York,2026-06-07 10:34:09.105627+00:00,
IOT,IOT,success,755,2026-03-16 13:30:00+00:00,2026-06-05 20:00:00+00:00,America/New_York,2026-06-07 10:34:08.953624+00:00,
INCY,INCY,success,755,2026-03-16 13:30:00+00:00,2026-06-05 20:00:00+00:00,America/New_York,2026-06-07 10:34:09.179137+00:00,
CRCL,CRCL,success,755,2026-03-16 13:30:00+00:00,2026-06-05 20:00:00+00:00,America/New_York,2026-06-07 10:34:09.144351+00:00,
SNA,SNA,success,755,2026-03-16 13:30:00+00:00,2026-06-05 20:00:00+00:00,America/New_York,2026-06-07 10:34:09.203739+00:00,
DD,DD,success,755,2026-03-16 13:30:00+00:00,2026-06-05 20:00:00+00:00,America/New_York,2026-06-07 10:34:09.242810+00:00,
BSBR,BSBR,success,755,2026-03-16 13:30:00+00:00,2026-06-05 20:00:00+00:00,America/New_York,2026-06-07 10:34:09.243324+00:00,
NXT,NXT,success,755,2026-03-16 13:30:00+00:00,2026-06-05 20:00:00+00:00,America/New_York,2026-06-07 10:34:09.325197+00:00,
ULS,ULS,success,755,2026-03-16 13:30:00+00:00,2026-06-05 20:00:00+00:00,America/New_York,2026-06-07 10:34:09.399033+00:00,
FTV,FTV,success,755,2026-03-16 13:30:00+00:00,2026-06-05 20:00:00+00:00,America/New_York,2026-06-07 10:34:09.377306+00:00,
DKS,DKS,success,755,2026-03-16 13:30:00+00:00,2026-06-05 20:00:00+00:00,America/New_York,2026-06-07 10:34:09.537527+00:00,
RBA,RBA,success,755,2026-03-16 13:30:00+00:00,2026-06-05 20:00:00+00:00,America/New_York,2026-06-07 10:34:09.483779+00:00,
IREN,IREN,success,755,2026-03-16 13:30:00+00:00,2026-06-05 20:00:00+00:00,America/New_York,2026-06-07 10:34:09.456344+00:00,
BRO,BRO,success,755,2026-03-16 13:30:00+00:00,2026-06-05 20:00:00+00:00,America/New_York,2026-06-07 10:34:09.564074+00:00,
EVRG,EVRG,success,755,2026-03-16 13:30:00+00:00,2026-06-05 20:00:00+00:00,America/New_York,2026-06-07 10:34:09.601816+00:00,
CHTR,CHTR,success,755,2026-03-16 13:30:00+00:00,2026-06-05 20:00:00+00:00,America/New_York,2026-06-07 10:34:09.628885+00:00,
SBS,SBS,success,755,2026-03-16 13:30:00+00:00,2026-06-05 20:00:00+00:00,America/New_York,2026-06-07 10:34:09.706821+00:00,
BEKE,BEKE,success,755,2026-03-16 13:30:00+00:00,2026-06-05 20:00:00+00:00,America/New_York,2026-06-07 10:34:09.706821+00:00,
ESS,ESS,success,755,2026-03-16 13:30:00+00:00,2026-06-05 20:00:00+00:00,America/New_York,2026-06-07 10:34:09.786860+00:00,
ENTG,ENTG,success,755,2026-03-16 13:30:00+00:00,2026-06-05 20:00:00+00:00,America/New_York,2026-06-07 10:34:09.810022+00:00,
IFF,IFF,success,755,2026-03-16 13:30:00+00:00,2026-06-05 20:00:00+00:00,America/New_York,2026-06-07 10:34:09.938717+00:00,
TU,TU,success,755,2026-03-16 13:30:00+00:00,2026-06-05 20:00:00+00:00,America/New_York,2026-06-07 10:34:09.894684+00:00,
AS,AS,success,755,2026-03-16 13:30:00+00:00,2026-06-05 20:00:00+00:00,America/New_York,2026-06-07 10:34:09.816060+00:00,
LNT,LNT,success,755,2026-03-16 13:30:00+00:00,2026-06-05 20:00:00+00:00,America/New_York,2026-06-07 10:34:09.872583+00:00,
RBC,RBC,success,755,2026-03-16 13:30:00+00:00,2026-06-05 20:00:00+00:00,America/New_York,2026-06-07 10:34:09.991438+00:00,
USFD,USFD,success,755,2026-03-16 13:30:00+00:00,2026-06-05 20:00:00+00:00,America/New_York,2026-06-07 10:34:09.960796+00:00,
MGA,MGA,success,755,2026-03-16 13:30:00+00:00,2026-06-05 20:00:00+00:00,America/New_York,2026-06-07 10:34:10.132699+00:00,
AA,AA,success,755,2026-03-16 13:30:00+00:00,2026-06-05 20:00:00+00:00,America/New_York,2026-06-07 10:34:10.192226+00:00,
INVH,INVH,success,755,2026-03-16 13:30:00+00:00,2026-06-05 20:00:00+00:00,America/New_York,2026-06-07 10:34:10.385296+00:00,
LSCC,LSCC,success,755,2026-03-16 13:30:00+00:00,2026-06-05 20:00:00+00:00,America/New_York,2026-06-07 10:34:10.272194+00:00,
GPN,GPN,success,755,2026-03-16 13:30:00+00:00,2026-06-05 20:00:00+00:00,America/New_York,2026-06-07 10:34:10.268194+00:00,
CX,CX,success,755,2026-03-16 13:30:00+00:00,2026-06-05 20:00:00+00:00,America/New_York,2026-06-07 10:34:10.410848+00:00,
MRNA,MRNA,success,755,2026-03-16 13:30:00+00:00,2026-06-05 20:00:00+00:00,America/New_York,2026-06-07 10:34:10.357483+00:00,
PKX,PKX,success,753,2026-03-16 13:30:00+00:00,2026-06-05 20:00:00+00:00,America/New_York,2026-06-07 10:34:10.333920+00:00,
ALB,ALB,success,755,2026-03-16 13:30:00+00:00,2026-06-05 20:00:00+00:00,America/New_York,2026-06-07 10:34:10.492376+00:00,
BCH,BCH,success,755,2026-03-16 13:30:00+00:00,2026-06-05 20:00:00+00:00,America/New_York,2026-06-07 10:34:10.464251+00:00,
H,H,success,755,2026-03-16 13:30:00+00:00,2026-06-05 20:00:00+00:00,America/New_York,2026-06-07 10:34:10.661968+00:00,
ROKU,ROKU,success,755,2026-03-16 13:30:00+00:00,2026-06-05 20:00:00+00:00,America/New_York,2026-06-07 10:34:10.694751+00:00,
VTRS,VTRS,success,755,2026-03-16 13:30:00+00:00,2026-06-05 20:00:00+00:00,America/New_York,2026-06-07 10:34:10.631859+00:00,
CF,CF,success,755,2026-03-16 13:30:00+00:00,2026-06-05 20:00:00+00:00,America/New_York,2026-06-07 10:34:10.742134+00:00,
LII,LII,success,755,2026-03-16 13:30:00+00:00,2026-06-05 20:00:00+00:00,America/New_York,2026-06-07 10:34:10.765204+00:00,
FPS,FPS,success,755,2026-03-16 13:30:00+00:00,2026-06-05 20:00:00+00:00,America/New_York,2026-06-07 10:34:10.765204+00:00,
GIS,GIS,success,755,2026-03-16 13:30:00+00:00,2026-06-05 20:00:00+00:00,America/New_York,2026-06-07 10:34:10.916685+00:00,
IP,IP,success,755,2026-03-16 13:30:00+00:00,2026-06-05 20:00:00+00:00,America/New_York,2026-06-07 10:34:10.858865+00:00,
BR,BR,success,755,2026-03-16 13:30:00+00:00,2026-06-05 20:00:00+00:00,America/New_York,2026-06-07 10:34:11.029433+00:00,
FLUT,FLUT,success,755,2026-03-16 13:30:00+00:00,2026-06-05 20:00:00+00:00,America/New_York,2026-06-07 10:34:11.088815+00:00,
WY,WY,success,755,2026-03-16 13:30:00+00:00,2026-06-05 20:00:00+00:00,America/New_York,2026-06-07 10:34:11.057230+00:00,
APG,APG,success,755,2026-03-16 13:30:00+00:00,2026-06-05 20:00:00+00:00,America/New_York,2026-06-07 10:34:11.181064+00:00,
AMCR,AMCR,success,755,2026-03-16 13:30:00+00:00,2026-06-05 20:00:00+00:00,America/New_York,2026-06-07 10:34:11.158030+00:00,
RGLD,RGLD,success,755,2026-03-16 13:30:00+00:00,2026-06-05 20:00:00+00:00,America/New_York,2026-06-07 10:34:11.182065+00:00,
EWBC,EWBC,success,755,2026-03-16 13:30:00+00:00,2026-06-05 20:00:00+00:00,America/New_York,2026-06-07 10:34:11.251517+00:00,
DOCN,DOCN,success,755,2026-03-16 13:30:00+00:00,2026-06-05 20:00:00+00:00,America/New_York,2026-06-07 10:34:11.251517+00:00,
CDW,CDW,success,755,2026-03-16 13:30:00+00:00,2026-06-05 20:00:00+00:00,America/New_York,2026-06-07 10:34:11.313351+00:00,
ZBH,ZBH,success,755,2026-03-16 13:30:00+00:00,2026-06-05 20:00:00+00:00,America/New_York,2026-06-07 10:34:11.358894+00:00,
SSNC,SSNC,success,755,2026-03-16 13:30:00+00:00,2026-06-05 20:00:00+00:00,America/New_York,2026-06-07 10:34:11.548303+00:00,
WCC,WCC,success,755,2026-03-16 13:30:00+00:00,2026-06-05 20:00:00+00:00,America/New_York,2026-06-07 10:34:11.458932+00:00,
TTMI,TTMI,success,755,2026-03-16 13:30:00+00:00,2026-06-05 20:00:00+00:00,America/New_York,2026-06-07 10:34:11.358894+00:00,
CDE,CDE,success,755,2026-03-16 13:30:00+00:00,2026-06-05 20:00:00+00:00,America/New_York,2026-06-07 10:34:11.653219+00:00,
NVR,NVR,success,754,2026-03-16 13:30:00+00:00,2026-06-05 20:00:00+00:00,America/New_York,2026-06-07 10:34:11.517865+00:00,
HST,HST,success,755,2026-03-16 13:30:00+00:00,2026-06-05 20:00:00+00:00,America/New_York,2026-06-07 10:34:11.734088+00:00,
BWXT,BWXT,success,755,2026-03-16 13:30:00+00:00,2026-06-05 20:00:00+00:00,America/New_York,2026-06-07 10:34:11.605005+00:00,
ZTO,ZTO,success,755,2026-03-16 13:30:00+00:00,2026-06-05 20:00:00+00:00,America/New_York,2026-06-07 10:34:11.828883+00:00,
SN,SN,success,755,2026-03-16 13:30:00+00:00,2026-06-05 20:00:00+00:00,America/New_York,2026-06-07 10:34:11.787766+00:00,
TLN,TLN,success,755,2026-03-16 13:30:00+00:00,2026-06-05 20:00:00+00:00,America/New_York,2026-06-07 10:34:11.872164+00:00,
MAA,MAA,success,755,2026-03-16 13:30:00+00:00,2026-06-05 20:00:00+00:00,America/New_York,2026-06-07 10:34:11.872678+00:00,
ITT,ITT,success,755,2026-03-16 13:30:00+00:00,2026-06-05 20:00:00+00:00,America/New_York,2026-06-07 10:34:12.010251+00:00,
NBIX,NBIX,success,755,2026-03-16 13:30:00+00:00,2026-06-05 20:00:00+00:00,America/New_York,2026-06-07 10:34:12.087072+00:00,
KIM,KIM,success,755,2026-03-16 13:30:00+00:00,2026-06-05 20:00:00+00:00,America/New_York,2026-06-07 10:34:12.048863+00:00,
VNOM,VNOM,success,755,2026-03-16 13:30:00+00:00,2026-06-05 20:00:00+00:00,America/New_York,2026-06-07 10:34:12.118646+00:00,
WPC,WPC,success,755,2026-03-16 13:30:00+00:00,2026-06-05 20:00:00+00:00,America/New_York,2026-06-07 10:34:12.171960+00:00,
BEN,BEN,success,755,2026-03-16 13:30:00+00:00,2026-06-05 20:00:00+00:00,America/New_York,2026-06-07 10:34:12.171960+00:00,
PTC,PTC,success,755,2026-03-16 13:30:00+00:00,2026-06-05 20:00:00+00:00,America/New_York,2026-06-07 10:34:12.238454+00:00,
ARXS,ARXS,success,465,2026-04-16 13:30:00+00:00,2026-06-05 20:00:00+00:00,America/New_York,2026-06-07 10:34:12.338743+00:00,
GH,GH,success,755,2026-03-16 13:30:00+00:00,2026-06-05 20:00:00+00:00,America/New_York,2026-06-07 10:34:12.264011+00:00,
GEN,GEN,success,755,2026-03-16 13:30:00+00:00,2026-06-05 20:00:00+00:00,America/New_York,2026-06-07 10:34:12.338743+00:00,
PR,PR,success,755,2026-03-16 13:30:00+00:00,2026-06-05 20:00:00+00:00,America/New_York,2026-06-07 10:34:12.410461+00:00,
NWSA,NWSA,success,755,2026-03-16 13:30:00+00:00,2026-06-05 20:00:00+00:00,America/New_York,2026-06-07 10:34:12.451107+00:00,
IEX,IEX,success,755,2026-03-16 13:30:00+00:00,2026-06-05 20:00:00+00:00,America/New_York,2026-06-07 10:34:12.477731+00:00,
TLK,TLK,success,755,2026-03-16 13:30:00+00:00,2026-06-05 20:00:00+00:00,America/New_York,2026-06-07 10:34:12.504329+00:00,
LDOS,LDOS,success,755,2026-03-16 13:30:00+00:00,2026-06-05 20:00:00+00:00,America/New_York,2026-06-07 10:34:12.663233+00:00,
OVV,OVV,success,755,2026-03-16 13:30:00+00:00,2026-06-05 20:00:00+00:00,America/New_York,2026-06-07 10:34:12.616670+00:00,
AMKR,AMKR,success,755,2026-03-16 13:30:00+00:00,2026-06-05 20:00:00+00:00,America/New_York,2026-06-07 10:34:12.662233+00:00,
SITM,SITM,success,755,2026-03-16 13:30:00+00:00,2026-06-05 20:00:00+00:00,America/New_York,2026-06-07 10:34:12.738040+00:00,
CPT,CPT,success,755,2026-03-16 13:30:00+00:00,2026-06-05 20:00:00+00:00,America/New_York,2026-06-07 10:34:12.766147+00:00,
KEP,KEP,success,755,2026-03-16 13:30:00+00:00,2026-06-05 20:00:00+00:00,America/New_York,2026-06-07 10:34:12.808247+00:00,
TXT,TXT,success,755,2026-03-16 13:30:00+00:00,2026-06-05 20:00:00+00:00,America/New_York,2026-06-07 10:34:12.833905+00:00,
SUI,SUI,success,755,2026-03-16 13:30:00+00:00,2026-06-05 20:00:00+00:00,America/New_York,2026-06-07 10:34:12.914857+00:00,
NDSN,NDSN,success,755,2026-03-16 13:30:00+00:00,2026-06-05 20:00:00+00:00,America/New_York,2026-06-07 10:34:12.991668+00:00,
KSPI,KSPI,success,755,2026-03-16 13:30:00+00:00,2026-06-05 20:00:00+00:00,America/New_York,2026-06-07 10:34:13.134902+00:00,
TSCO,TSCO,success,755,2026-03-16 13:30:00+00:00,2026-06-05 20:00:00+00:00,America/New_York,2026-06-07 10:34:13.062489+00:00,
XPEV,XPEV,success,755,2026-03-16 13:30:00+00:00,2026-06-05 20:00:00+00:00,America/New_York,2026-06-07 10:34:13.183687+00:00,
CG,CG,success,755,2026-03-16 13:30:00+00:00,2026-06-05 20:00:00+00:00,America/New_York,2026-06-07 10:34:13.264171+00:00,
LOGI,LOGI,success,755,2026-03-16 13:30:00+00:00,2026-06-05 20:00:00+00:00,America/New_York,2026-06-07 10:34:13.264171+00:00,
RMBS,RMBS,success,755,2026-03-16 13:30:00+00:00,2026-06-05 20:00:00+00:00,America/New_York,2026-06-07 10:34:13.289286+00:00,
EMA,EMA,success,755,2026-03-16 13:30:00+00:00,2026-06-05 20:00:00+00:00,America/New_York,2026-06-07 10:34:13.361308+00:00,
AGI,AGI,success,755,2026-03-16 13:30:00+00:00,2026-06-05 20:00:00+00:00,America/New_York,2026-06-07 10:34:13.239094+00:00,
WMG,WMG,success,755,2026-03-16 13:30:00+00:00,2026-06-05 20:00:00+00:00,America/New_York,2026-06-07 10:34:13.407912+00:00,
GNRC,GNRC,success,755,2026-03-16 13:30:00+00:00,2026-06-05 20:00:00+00:00,America/New_York,2026-06-07 10:34:13.408912+00:00,
LAMR,LAMR,success,755,2026-03-16 13:30:00+00:00,2026-06-05 20:00:00+00:00,America/New_York,2026-06-07 10:34:13.483884+00:00,
OWL,OWL,success,755,2026-03-16 13:30:00+00:00,2026-06-05 20:00:00+00:00,America/New_York,2026-06-07 10:34:13.575865+00:00,
NLY,NLY,success,755,2026-03-16 13:30:00+00:00,2026-06-05 20:00:00+00:00,America/New_York,2026-06-07 10:34:13.608972+00:00,
TPG,TPG,success,755,2026-03-16 13:30:00+00:00,2026-06-05 20:00:00+00:00,America/New_York,2026-06-07 10:34:13.647485+00:00,
PFGC,PFGC,success,755,2026-03-16 13:30:00+00:00,2026-06-05 20:00:00+00:00,America/New_York,2026-06-07 10:34:13.709518+00:00,
YUMC,YUMC,success,755,2026-03-16 13:30:00+00:00,2026-06-05 20:00:00+00:00,America/New_York,2026-06-07 10:34:13.758620+00:00,
WSO,WSO,success,755,2026-03-16 13:30:00+00:00,2026-06-05 20:00:00+00:00,America/New_York,2026-06-07 10:34:13.844512+00:00,
CLH,CLH,success,755,2026-03-16 13:30:00+00:00,2026-06-05 20:00:00+00:00,America/New_York,2026-06-07 10:34:13.803031+00:00,
GMAB,GMAB,success,755,2026-03-16 13:30:00+00:00,2026-06-05 20:00:00+00:00,America/New_York,2026-06-07 10:34:13.931225+00:00,
JAZZ,JAZZ,success,755,2026-03-16 13:30:00+00:00,2026-06-05 20:00:00+00:00,America/New_York,2026-06-07 10:34:14.056906+00:00,
BBY,BBY,success,755,2026-03-16 13:30:00+00:00,2026-06-05 20:00:00+00:00,America/New_York,2026-06-07 10:34:14.105213+00:00,
RTO,RTO,success,755,2026-03-16 13:30:00+00:00,2026-06-05 20:00:00+00:00,America/New_York,2026-06-07 10:34:14.035122+00:00,
DECK,DECK,success,755,2026-03-16 13:30:00+00:00,2026-06-05 20:00:00+00:00,America/New_York,2026-06-07 10:34:14.035122+00:00,
BNT,BNT,success,612,2026-03-16 13:30:00+00:00,2026-06-05 20:00:00+00:00,America/New_York,2026-06-07 10:34:14.136889+00:00,
BWA,BWA,success,755,2026-03-16 13:30:00+00:00,2026-06-05 20:00:00+00:00,America/New_York,2026-06-07 10:34:14.190797+00:00,
MLI,MLI,success,755,2026-03-16 13:30:00+00:00,2026-06-05 20:00:00+00:00,America/New_York,2026-06-07 10:34:14.250190+00:00,
WF,WF,success,751,2026-03-16 13:30:00+00:00,2026-06-05 20:00:00+00:00,America/New_York,2026-06-07 10:34:14.298206+00:00,
GIB,GIB,success,755,2026-03-16 13:30:00+00:00,2026-06-05 20:00:00+00:00,America/New_York,2026-06-07 10:34:14.351506+00:00,
PNFP,PNFP,success,755,2026-03-16 13:30:00+00:00,2026-06-05 20:00:00+00:00,America/New_York,2026-06-07 10:34:14.434419+00:00,
J,J,success,755,2026-03-16 13:30:00+00:00,2026-06-05 20:00:00+00:00,America/New_York,2026-06-07 10:34:14.350506+00:00,
MOD,MOD,success,755,2026-03-16 13:30:00+00:00,2026-06-05 20:00:00+00:00,America/New_York,2026-06-07 10:34:14.446263+00:00,
APTV,APTV,success,755,2026-03-16 13:30:00+00:00,2026-06-05 20:00:00+00:00,America/New_York,2026-06-07 10:34:14.412356+00:00,
NVMI,NVMI,success,755,2026-03-16 13:30:00+00:00,2026-06-05 20:00:00+00:00,America/New_York,2026-06-07 10:34:14.600559+00:00,
MAS,MAS,success,755,2026-03-16 13:30:00+00:00,2026-06-05 20:00:00+00:00,America/New_York,2026-06-07 10:34:14.555612+00:00,
RBRK,RBRK,success,755,2026-03-16 13:30:00+00:00,2026-06-05 20:00:00+00:00,America/New_York,2026-06-07 10:34:14.719791+00:00,
NTNX,NTNX,success,755,2026-03-16 13:30:00+00:00,2026-06-05 20:00:00+00:00,America/New_York,2026-06-07 10:34:14.843398+00:00,
DTM,DTM,success,755,2026-03-16 13:30:00+00:00,2026-06-05 20:00:00+00:00,America/New_York,2026-06-07 10:34:14.840868+00:00,
LECO,LECO,success,755,2026-03-16 13:30:00+00:00,2026-06-05 20:00:00+00:00,America/New_York,2026-06-07 10:34:15.069536+00:00,
IESC,IESC,success,755,2026-03-16 13:30:00+00:00,2026-06-05 20:00:00+00:00,America/New_York,2026-06-07 10:34:14.881496+00:00,
BSAC,BSAC,success,755,2026-03-16 13:30:00+00:00,2026-06-05 20:00:00+00:00,America/New_York,2026-06-07 10:34:15.104263+00:00,
THC,THC,success,755,2026-03-16 13:30:00+00:00,2026-06-05 20:00:00+00:00,America/New_York,2026-06-07 10:34:15.130727+00:00,
PS,PS,success,344,2026-04-29 17:30:00+00:00,2026-06-05 20:00:00+00:00,America/New_York,2026-06-07 10:34:15.199208+00:00,
SKM,SKM,success,755,2026-03-16 13:30:00+00:00,2026-06-05 20:00:00+00:00,America/New_York,2026-06-07 10:34:15.132241+00:00,
CSGP,CSGP,success,755,2026-03-16 13:30:00+00:00,2026-06-05 20:00:00+00:00,America/New_York,2026-06-07 10:34:15.278682+00:00,
SGI,SGI,success,755,2026-03-16 13:30:00+00:00,2026-06-05 20:00:00+00:00,America/New_York,2026-06-07 10:34:15.343360+00:00,
TOST,TOST,success,755,2026-03-16 13:30:00+00:00,2026-06-05 20:00:00+00:00,America/New_York,2026-06-07 10:34:15.311958+00:00,
LI,LI,success,755,2026-03-16 13:30:00+00:00,2026-06-05 20:00:00+00:00,America/New_York,2026-06-07 10:34:15.386240+00:00,
CHKP,CHKP,success,755,2026-03-16 13:30:00+00:00,2026-06-05 20:00:00+00:00,America/New_York,2026-06-07 10:34:15.480727+00:00,
BALL,BALL,success,755,2026-03-16 13:30:00+00:00,2026-06-05 20:00:00+00:00,America/New_York,2026-06-07 10:34:15.479590+00:00,
CSL,CSL,success,755,2026-03-16 13:30:00+00:00,2026-06-05 20:00:00+00:00,America/New_York,2026-06-07 10:34:15.600774+00:00,
REG,REG,success,755,2026-03-16 13:30:00+00:00,2026-06-05 20:00:00+00:00,America/New_York,2026-06-07 10:34:15.650479+00:00,
AAOI,AAOI,success,755,2026-03-16 13:30:00+00:00,2026-06-05 20:00:00+00:00,America/New_York,2026-06-07 10:34:15.478594+00:00,
SOLV,SOLV,success,755,2026-03-16 13:30:00+00:00,2026-06-05 20:00:00+00:00,America/New_York,2026-06-07 10:34:15.724818+00:00,
DOC,DOC,success,755,2026-03-16 13:30:00+00:00,2026-06-05 20:00:00+00:00,America/New_York,2026-06-07 10:34:15.690365+00:00,
JLL,JLL,success,755,2026-03-16 13:30:00+00:00,2026-06-05 20:00:00+00:00,America/New_York,2026-06-07 10:34:15.752678+00:00,
ARMK,ARMK,success,755,2026-03-16 13:30:00+00:00,2026-06-05 20:00:00+00:00,America/New_York,2026-06-07 10:34:15.812852+00:00,
SMTC,SMTC,success,755,2026-03-16 13:30:00+00:00,2026-06-05 20:00:00+00:00,America/New_York,2026-06-07 10:34:15.869350+00:00,
UNM,UNM,success,755,2026-03-16 13:30:00+00:00,2026-06-05 20:00:00+00:00,America/New_York,2026-06-07 10:34:15.867839+00:00,
TIGO,TIGO,success,755,2026-03-16 13:30:00+00:00,2026-06-05 20:00:00+00:00,America/New_York,2026-06-07 10:34:16.030187+00:00,
LTM,LTM,success,755,2026-03-16 13:30:00+00:00,2026-06-05 20:00:00+00:00,America/New_York,2026-06-07 10:34:16.002658+00:00,
NIO,NIO,success,755,2026-03-16 13:30:00+00:00,2026-06-05 20:00:00+00:00,America/New_York,2026-06-07 10:34:16.061596+00:00,
SANM,SANM,success,755,2026-03-16 13:30:00+00:00,2026-06-05 20:00:00+00:00,America/New_York,2026-06-07 10:34:16.098942+00:00,
TRU,TRU,success,755,2026-03-16 13:30:00+00:00,2026-06-05 20:00:00+00:00,America/New_York,2026-06-07 10:34:16.143620+00:00,
LULU,LULU,success,755,2026-03-16 13:30:00+00:00,2026-06-05 20:00:00+00:00,America/New_York,2026-06-07 10:34:16.120480+00:00,
GPC,GPC,success,755,2026-03-16 13:30:00+00:00,2026-06-05 20:00:00+00:00,America/New_York,2026-06-07 10:34:16.221623+00:00,
WSE,WSE,success,248,2026-05-11 13:30:00+00:00,2026-06-05 20:00:00+00:00,America/New_York,2026-06-07 10:34:16.394914+00:00,
EXEL,EXEL,success,755,2026-03-16 13:30:00+00:00,2026-06-05 20:00:00+00:00,America/New_York,2026-06-07 10:34:16.220113+00:00,
RGA,RGA,success,755,2026-03-16 13:30:00+00:00,2026-06-05 20:00:00+00:00,America/New_York,2026-06-07 10:34:16.410554+00:00,
GRAB,GRAB,success,755,2026-03-16 13:30:00+00:00,2026-06-05 20:00:00+00:00,America/New_York,2026-06-07 10:34:16.363671+00:00,
RRX,RRX,success,755,2026-03-16 13:30:00+00:00,2026-06-05 20:00:00+00:00,America/New_York,2026-06-07 10:34:16.409551+00:00,
HTHT,HTHT,success,755,2026-03-16 13:30:00+00:00,2026-06-05 20:00:00+00:00,America/New_York,2026-06-07 10:34:16.510718+00:00,
DY,DY,success,755,2026-03-16 13:30:00+00:00,2026-06-05 20:00:00+00:00,America/New_York,2026-06-07 10:34:16.549627+00:00,
ARCC,ARCC,success,755,2026-03-16 13:30:00+00:00,2026-06-05 20:00:00+00:00,America/New_York,2026-06-07 10:34:16.575765+00:00,
RPM,RPM,success,755,2026-03-16 13:30:00+00:00,2026-06-05 20:00:00+00:00,America/New_York,2026-06-07 10:34:16.711165+00:00,
EVR,EVR,success,755,2026-03-16 13:30:00+00:00,2026-06-05 20:00:00+00:00,America/New_York,2026-06-07 10:34:16.683065+00:00,
TFII,TFII,success,755,2026-03-16 13:30:00+00:00,2026-06-05 20:00:00+00:00,America/New_York,2026-06-07 10:34:16.790553+00:00,
TYL,TYL,success,755,2026-03-16 13:30:00+00:00,2026-06-05 20:00:00+00:00,America/New_York,2026-06-07 10:34:16.789554+00:00,
GLPI,GLPI,success,755,2026-03-16 13:30:00+00:00,2026-06-05 20:00:00+00:00,America/New_York,2026-06-07 10:34:16.871254+00:00,
TOL,TOL,success,755,2026-03-16 13:30:00+00:00,2026-06-05 20:00:00+00:00,America/New_York,2026-06-07 10:34:16.953051+00:00,
ENLT,ENLT,success,754,2026-03-16 13:30:00+00:00,2026-06-05 20:00:00+00:00,America/New_York,2026-06-07 10:34:17.057293+00:00,
COO,COO,success,755,2026-03-16 13:30:00+00:00,2026-06-05 20:00:00+00:00,America/New_York,2026-06-07 10:34:17.034742+00:00,
EG,EG,success,755,2026-03-16 13:30:00+00:00,2026-06-05 20:00:00+00:00,America/New_York,2026-06-07 10:34:17.008154+00:00,
CNH,CNH,success,755,2026-03-16 13:30:00+00:00,2026-06-05 20:00:00+00:00,America/New_York,2026-06-07 10:34:16.929839+00:00,
ALLY,ALLY,success,755,2026-03-16 13:30:00+00:00,2026-06-05 20:00:00+00:00,America/New_York,2026-06-07 10:34:17.095569+00:00,
DINO,DINO,success,755,2026-03-16 13:30:00+00:00,2026-06-05 20:00:00+00:00,America/New_York,2026-06-07 10:34:17.118623+00:00,
JHX,JHX,success,755,2026-03-16 13:30:00+00:00,2026-06-05 20:00:00+00:00,America/New_York,2026-06-07 10:34:17.343100+00:00,
OHI,OHI,success,755,2026-03-16 13:30:00+00:00,2026-06-05 20:00:00+00:00,America/New_York,2026-06-07 10:34:17.261069+00:00,
BBIO,BBIO,success,755,2026-03-16 13:30:00+00:00,2026-06-05 20:00:00+00:00,America/New_York,2026-06-07 10:34:17.409245+00:00,
GFL,GFL,success,755,2026-03-16 13:30:00+00:00,2026-06-05 20:00:00+00:00,America/New_York,2026-06-07 10:34:17.476499+00:00,
FUTU,FUTU,success,755,2026-03-16 13:30:00+00:00,2026-06-05 20:00:00+00:00,America/New_York,2026-06-07 10:34:17.593357+00:00,
SNN,SNN,success,755,2026-03-16 13:30:00+00:00,2026-06-05 20:00:00+00:00,America/New_York,2026-06-07 10:34:17.569826+00:00,
HRL,HRL,success,755,2026-03-16 13:30:00+00:00,2026-06-05 20:00:00+00:00,America/New_York,2026-06-07 10:34:17.509595+00:00,
MEDP,MEDP,success,755,2026-03-16 13:30:00+00:00,2026-06-05 20:00:00+00:00,America/New_York,2026-06-07 10:34:17.548220+00:00,
APA,APA,success,755,2026-03-16 13:30:00+00:00,2026-06-05 20:00:00+00:00,America/New_York,2026-06-07 10:34:17.632975+00:00,
ASND,ASND,success,755,2026-03-16 13:30:00+00:00,2026-06-05 20:00:00+00:00,America/New_York,2026-06-07 10:34:17.632975+00:00,
TRMB,TRMB,success,755,2026-03-16 13:30:00+00:00,2026-06-05 20:00:00+00:00,America/New_York,2026-06-07 10:34:17.743886+00:00,
AIZ,AIZ,success,755,2026-03-16 13:30:00+00:00,2026-06-05 20:00:00+00:00,America/New_York,2026-06-07 10:34:17.844068+00:00,
SOLS,SOLS,success,755,2026-03-16 13:30:00+00:00,2026-06-05 20:00:00+00:00,America/New_York,2026-06-07 10:34:17.891552+00:00,
DVA,DVA,success,755,2026-03-16 13:30:00+00:00,2026-06-05 20:00:00+00:00,America/New_York,2026-06-07 10:34:17.974631+00:00,
KNX,KNX,success,755,2026-03-16 13:30:00+00:00,2026-06-05 20:00:00+00:00,America/New_York,2026-06-07 10:34:18.008946+00:00,
FNF,FNF,success,755,2026-03-16 13:30:00+00:00,2026-06-05 20:00:00+00:00,America/New_York,2026-06-07 10:34:18.007947+00:00,
DT,DT,success,755,2026-03-16 13:30:00+00:00,2026-06-05 20:00:00+00:00,America/New_York,2026-06-07 10:34:18.071593+00:00,
MKC,MKC,success,755,2026-03-16 13:30:00+00:00,2026-06-05 20:00:00+00:00,America/New_York,2026-06-07 10:34:18.096169+00:00,
GL,GL,success,755,2026-03-16 13:30:00+00:00,2026-06-05 20:00:00+00:00,America/New_York,2026-06-07 10:34:18.131940+00:00,
PEN,PEN,success,755,2026-03-16 13:30:00+00:00,2026-06-05 20:00:00+00:00,America/New_York,2026-06-07 10:34:18.250535+00:00,
JBS,JBS,success,755,2026-03-16 13:30:00+00:00,2026-06-05 20:00:00+00:00,America/New_York,2026-06-07 10:34:18.204075+00:00,
TME,TME,success,755,2026-03-16 13:30:00+00:00,2026-06-05 20:00:00+00:00,America/New_York,2026-06-07 10:34:18.317979+00:00,
ELS,ELS,success,755,2026-03-16 13:30:00+00:00,2026-06-05 20:00:00+00:00,America/New_York,2026-06-07 10:34:18.375188+00:00,
RNR,RNR,success,755,2026-03-16 13:30:00+00:00,2026-06-05 20:00:00+00:00,America/New_York,2026-06-07 10:34:18.348100+00:00,
U,U,success,755,2026-03-16 13:30:00+00:00,2026-06-05 20:00:00+00:00,America/New_York,2026-06-07 10:34:18.459960+00:00,
NYT,NYT,success,755,2026-03-16 13:30:00+00:00,2026-06-05 20:00:00+00:00,America/New_York,2026-06-07 10:34:18.499632+00:00,
PNW,PNW,success,755,2026-03-16 13:30:00+00:00,2026-06-05 20:00:00+00:00,America/New_York,2026-06-07 10:34:18.542280+00:00,
SAIA,SAIA,success,755,2026-03-16 13:30:00+00:00,2026-06-05 20:00:00+00:00,America/New_York,2026-06-07 10:34:18.574911+00:00,
HUT,HUT,success,755,2026-03-16 13:30:00+00:00,2026-06-05 20:00:00+00:00,America/New_York,2026-06-07 10:34:18.572867+00:00,
ONTO,ONTO,success,755,2026-03-16 13:30:00+00:00,2026-06-05 20:00:00+00:00,America/New_York,2026-06-07 10:34:18.685677+00:00,
AEG,AEG,success,755,2026-03-16 13:30:00+00:00,2026-06-05 20:00:00+00:00,America/New_York,2026-06-07 10:34:18.684676+00:00,
AUR,AUR,success,755,2026-03-16 13:30:00+00:00,2026-06-05 20:00:00+00:00,America/New_York,2026-06-07 10:34:18.863037+00:00,
GGG,GGG,success,755,2026-03-16 13:30:00+00:00,2026-06-05 20:00:00+00:00,America/New_York,2026-06-07 10:34:18.935439+00:00,
PINS,PINS,success,755,2026-03-16 13:30:00+00:00,2026-06-05 20:00:00+00:00,America/New_York,2026-06-07 10:34:18.909341+00:00,
DRS,DRS,success,755,2026-03-16 13:30:00+00:00,2026-06-05 20:00:00+00:00,America/New_York,2026-06-07 10:34:18.968877+00:00,
CRBG,CRBG,success,755,2026-03-16 13:30:00+00:00,2026-06-05 20:00:00+00:00,America/New_York,2026-06-07 10:34:18.968877+00:00,
VICR,VICR,success,755,2026-03-16 13:30:00+00:00,2026-06-05 20:00:00+00:00,America/New_York,2026-06-07 10:34:19.014222+00:00,
SWK,SWK,success,755,2026-03-16 13:30:00+00:00,2026-06-05 20:00:00+00:00,America/New_York,2026-06-07 10:34:19.062387+00:00,
IVZ,IVZ,success,755,2026-03-16 13:30:00+00:00,2026-06-05 20:00:00+00:00,America/New_York,2026-06-07 10:34:19.062387+00:00,
MGM,MGM,success,755,2026-03-16 13:30:00+00:00,2026-06-05 20:00:00+00:00,America/New_York,2026-06-07 10:34:19.215070+00:00,
BF.B,BF-B,success,755,2026-03-16 13:30:00+00:00,2026-06-05 20:00:00+00:00,America/New_York,2026-06-07 10:34:19.277348+00:00,
AMH,AMH,success,755,2026-03-16 13:30:00+00:00,2026-06-05 20:00:00+00:00,America/New_York,2026-06-07 10:34:19.414824+00:00,
ONON,ONON,success,755,2026-03-16 13:30:00+00:00,2026-06-05 20:00:00+00:00,America/New_York,2026-06-07 10:34:19.355534+00:00,
ALGN,ALGN,success,755,2026-03-16 13:30:00+00:00,2026-06-05 20:00:00+00:00,America/New_York,2026-06-07 10:34:19.393721+00:00,
AVY,AVY,success,755,2026-03-16 13:30:00+00:00,2026-06-05 20:00:00+00:00,America/New_York,2026-06-07 10:34:19.450546+00:00,
PNR,PNR,success,755,2026-03-16 13:30:00+00:00,2026-06-05 20:00:00+00:00,America/New_York,2026-06-07 10:34:19.510089+00:00,
COKE,COKE,success,755,2026-03-16 13:30:00+00:00,2026-06-05 20:00:00+00:00,America/New_York,2026-06-07 10:34:19.485008+00:00,
IONS,IONS,success,755,2026-03-16 13:30:00+00:00,2026-06-05 20:00:00+00:00,America/New_York,2026-06-07 10:34:19.612618+00:00,
AIT,AIT,success,755,2026-03-16 13:30:00+00:00,2026-06-05 20:00:00+00:00,America/New_York,2026-06-07 10:34:19.604576+00:00,
HAS,HAS,success,755,2026-03-16 13:30:00+00:00,2026-06-05 20:00:00+00:00,America/New_York,2026-06-07 10:34:19.818206+00:00,
CNA,CNA,success,755,2026-03-16 13:30:00+00:00,2026-06-05 20:00:00+00:00,America/New_York,2026-06-07 10:34:19.792268+00:00,
ELAN,ELAN,success,755,2026-03-16 13:30:00+00:00,2026-06-05 20:00:00+00:00,America/New_York,2026-06-07 10:34:19.932892+00:00,
FHN,FHN,success,755,2026-03-16 13:30:00+00:00,2026-06-05 20:00:00+00:00,America/New_York,2026-06-07 10:34:20.062706+00:00,
EQH,EQH,success,755,2026-03-16 13:30:00+00:00,2026-06-05 20:00:00+00:00,America/New_York,2026-06-07 10:34:20.159356+00:00,
CACI,CACI,success,755,2026-03-16 13:30:00+00:00,2026-06-05 20:00:00+00:00,America/New_York,2026-06-07 10:34:19.992699+00:00,
MOG.A,MOG-A,success,754,2026-03-16 13:30:00+00:00,2026-06-05 20:00:00+00:00,America/New_York,2026-06-07 10:34:20.110219+00:00,
FMS,FMS,success,755,2026-03-16 13:30:00+00:00,2026-06-05 20:00:00+00:00,America/New_York,2026-06-07 10:34:20.134301+00:00,
WBS,WBS,success,755,2026-03-16 13:30:00+00:00,2026-06-05 20:00:00+00:00,America/New_York,2026-06-07 10:34:20.204973+00:00,
AGNC,AGNC,success,755,2026-03-16 13:30:00+00:00,2026-06-05 20:00:00+00:00,America/New_York,2026-06-07 10:34:20.204464+00:00,
VIAV,VIAV,success,755,2026-03-16 13:30:00+00:00,2026-06-05 20:00:00+00:00,America/New_York,2026-06-07 10:34:20.285827+00:00,
WULF,WULF,success,755,2026-03-16 13:30:00+00:00,2026-06-05 20:00:00+00:00,America/New_York,2026-06-07 10:34:20.358398+00:00,
GWRE,GWRE,success,755,2026-03-16 13:30:00+00:00,2026-06-05 20:00:00+00:00,America/New_York,2026-06-07 10:34:20.444578+00:00,
RDY,RDY,success,755,2026-03-16 13:30:00+00:00,2026-06-05 20:00:00+00:00,America/New_York,2026-06-07 10:34:20.416406+00:00,
HII,HII,success,755,2026-03-16 13:30:00+00:00,2026-06-05 20:00:00+00:00,America/New_York,2026-06-07 10:34:20.476978+00:00,
JEF,JEF,success,755,2026-03-16 13:30:00+00:00,2026-06-05 20:00:00+00:00,America/New_York,2026-06-07 10:34:20.548457+00:00,
CLX,CLX,success,755,2026-03-16 13:30:00+00:00,2026-06-05 20:00:00+00:00,America/New_York,2026-06-07 10:34:20.573025+00:00,
LFUS,LFUS,success,755,2026-03-16 13:30:00+00:00,2026-06-05 20:00:00+00:00,America/New_York,2026-06-07 10:34:20.603132+00:00,
AXSM,AXSM,success,755,2026-03-16 13:30:00+00:00,2026-06-05 20:00:00+00:00,America/New_York,2026-06-07 10:34:20.681335+00:00,
ICLR,ICLR,success,755,2026-03-16 13:30:00+00:00,2026-06-05 20:00:00+00:00,America/New_York,2026-06-07 10:34:20.802774+00:00,
PL,PL,success,755,2026-03-16 13:30:00+00:00,2026-06-05 20:00:00+00:00,America/New_York,2026-06-07 10:34:20.603132+00:00,
RVTY,RVTY,success,755,2026-03-16 13:30:00+00:00,2026-06-05 20:00:00+00:00,America/New_York,2026-06-07 10:34:20.759126+00:00,
PSKY,PSKY,success,755,2026-03-16 13:30:00+00:00,2026-06-05 20:00:00+00:00,America/New_York,2026-06-07 10:34:20.758119+00:00,
PAC,PAC,success,750,2026-03-16 13:30:00+00:00,2026-06-05 20:00:00+00:00,America/New_York,2026-06-07 10:34:20.984077+00:00,
GDDY,GDDY,success,755,2026-03-16 13:30:00+00:00,2026-06-05 20:00:00+00:00,America/New_York,2026-06-07 10:34:20.922977+00:00,
BJ,BJ,success,755,2026-03-16 13:30:00+00:00,2026-06-05 20:00:00+00:00,America/New_York,2026-06-07 10:34:20.957827+00:00,
TXRH,TXRH,success,755,2026-03-16 13:30:00+00:00,2026-06-05 20:00:00+00:00,America/New_York,2026-06-07 10:34:21.150841+00:00,
PAG,PAG,success,755,2026-03-16 13:30:00+00:00,2026-06-05 20:00:00+00:00,America/New_York,2026-06-07 10:34:21.097047+00:00,
ARW,ARW,success,755,2026-03-16 13:30:00+00:00,2026-06-05 20:00:00+00:00,America/New_York,2026-06-07 10:34:21.149840+00:00,
FIG,FIG,success,755,2026-03-16 13:30:00+00:00,2026-06-05 20:00:00+00:00,America/New_York,2026-06-07 10:34:21.064152+00:00,
BLD,BLD,success,755,2026-03-16 13:30:00+00:00,2026-06-05 20:00:00+00:00,America/New_York,2026-06-07 10:34:21.119138+00:00,
SPXC,SPXC,success,755,2026-03-16 13:30:00+00:00,2026-06-05 20:00:00+00:00,America/New_York,2026-06-07 10:34:21.220755+00:00,
APLD,APLD,success,755,2026-03-16 13:30:00+00:00,2026-06-05 20:00:00+00:00,America/New_York,2026-06-07 10:34:21.220755+00:00,
HUBS,HUBS,success,755,2026-03-16 13:30:00+00:00,2026-06-05 20:00:00+00:00,America/New_York,2026-06-07 10:34:21.282984+00:00,
ALLE,ALLE,success,755,2026-03-16 13:30:00+00:00,2026-06-05 20:00:00+00:00,America/New_York,2026-06-07 10:34:21.340974+00:00,
MDGL,MDGL,success,755,2026-03-16 13:30:00+00:00,2026-06-05 20:00:00+00:00,America/New_York,2026-06-07 10:34:21.380296+00:00,
BTSG,BTSG,success,755,2026-03-16 13:30:00+00:00,2026-06-05 20:00:00+00:00,America/New_York,2026-06-07 10:34:21.484339+00:00,
QXO,QXO,success,755,2026-03-16 13:30:00+00:00,2026-06-05 20:00:00+00:00,America/New_York,2026-06-07 10:34:21.404958+00:00,
AEIS,AEIS,success,755,2026-03-16 13:30:00+00:00,2026-06-05 20:00:00+00:00,America/New_York,2026-06-07 10:34:21.460667+00:00,
IT,IT,success,755,2026-03-16 13:30:00+00:00,2026-06-05 20:00:00+00:00,America/New_York,2026-06-07 10:34:21.520360+00:00,
SWKS,SWKS,success,755,2026-03-16 13:30:00+00:00,2026-06-05 20:00:00+00:00,America/New_York,2026-06-07 10:34:21.584910+00:00,
ZBRA,ZBRA,success,755,2026-03-16 13:30:00+00:00,2026-06-05 20:00:00+00:00,America/New_York,2026-06-07 10:34:21.585915+00:00,
AFG,AFG,success,755,2026-03-16 13:30:00+00:00,2026-06-05 20:00:00+00:00,America/New_York,2026-06-07 10:34:21.654678+00:00,
SJM,SJM,success,755,2026-03-16 13:30:00+00:00,2026-06-05 20:00:00+00:00,America/New_York,2026-06-07 10:34:21.678726+00:00,
SMMT,SMMT,success,755,2026-03-16 13:30:00+00:00,2026-06-05 20:00:00+00:00,America/New_York,2026-06-07 10:34:21.743989+00:00,
AR,AR,success,755,2026-03-16 13:30:00+00:00,2026-06-05 20:00:00+00:00,America/New_York,2026-06-07 10:34:21.815043+00:00,
SEIC,SEIC,success,755,2026-03-16 13:30:00+00:00,2026-06-05 20:00:00+00:00,America/New_York,2026-06-07 10:34:21.941069+00:00,
SF,SF,success,755,2026-03-16 13:30:00+00:00,2026-06-05 20:00:00+00:00,America/New_York,2026-06-07 10:34:21.980549+00:00,
FRVO,FRVO,success,216,2026-05-13 13:30:00+00:00,2026-06-05 20:00:00+00:00,America/New_York,2026-06-07 10:34:22.057461+00:00,
CCK,CCK,success,755,2026-03-16 13:30:00+00:00,2026-06-05 20:00:00+00:00,America/New_York,2026-06-07 10:34:22.147026+00:00,
KTOS,KTOS,success,755,2026-03-16 13:30:00+00:00,2026-06-05 20:00:00+00:00,America/New_York,2026-06-07 10:34:22.093713+00:00,
WYNN,WYNN,success,755,2026-03-16 13:30:00+00:00,2026-06-05 20:00:00+00:00,America/New_York,2026-06-07 10:34:22.186201+00:00,
WLK,WLK,success,755,2026-03-16 13:30:00+00:00,2026-06-05 20:00:00+00:00,America/New_York,2026-06-07 10:34:22.309311+00:00,
BMRN,BMRN,success,755,2026-03-16 13:30:00+00:00,2026-06-05 20:00:00+00:00,America/New_York,2026-06-07 10:34:22.124937+00:00,
CR,CR,success,755,2026-03-16 13:30:00+00:00,2026-06-05 20:00:00+00:00,America/New_York,2026-06-07 10:34:22.258408+00:00,
BXP,BXP,success,755,2026-03-16 13:30:00+00:00,2026-06-05 20:00:00+00:00,America/New_York,2026-06-07 10:34:22.341989+00:00,
AAON,AAON,success,755,2026-03-16 13:30:00+00:00,2026-06-05 20:00:00+00:00,America/New_York,2026-06-07 10:34:22.355081+00:00,
DPZ,DPZ,success,755,2026-03-16 13:30:00+00:00,2026-06-05 20:00:00+00:00,America/New_York,2026-06-07 10:34:22.444514+00:00,
GMED,GMED,success,755,2026-03-16 13:30:00+00:00,2026-06-05 20:00:00+00:00,America/New_York,2026-06-07 10:34:22.404322+00:00,
GIL,GIL,success,755,2026-03-16 13:30:00+00:00,2026-06-05 20:00:00+00:00,America/New_York,2026-06-07 10:34:22.602216+00:00,
R,R,success,755,2026-03-16 13:30:00+00:00,2026-06-05 20:00:00+00:00,America/New_York,2026-06-07 10:34:22.567052+00:00,
FRT,FRT,success,755,2026-03-16 13:30:00+00:00,2026-06-05 20:00:00+00:00,America/New_York,2026-06-07 10:34:22.603216+00:00,
PODD,PODD,success,755,2026-03-16 13:30:00+00:00,2026-06-05 20:00:00+00:00,America/New_York,2026-06-07 10:34:22.645426+00:00,
ERIE,ERIE,success,754,2026-03-16 13:30:00+00:00,2026-06-05 20:00:00+00:00,America/New_York,2026-06-07 10:34:22.712562+00:00,
WTRG,WTRG,success,755,2026-03-16 13:30:00+00:00,2026-06-05 20:00:00+00:00,America/New_York,2026-06-07 10:34:22.691478+00:00,
UHAL,UHAL,success,754,2026-03-16 13:30:00+00:00,2026-06-05 20:00:00+00:00,America/New_York,2026-06-07 10:34:22.747139+00:00,
MUSA,MUSA,success,755,2026-03-16 13:30:00+00:00,2026-06-05 20:00:00+00:00,America/New_York,2026-06-07 10:34:22.850970+00:00,
EGP,EGP,success,755,2026-03-16 13:30:00+00:00,2026-06-05 20:00:00+00:00,America/New_York,2026-06-07 10:34:22.746143+00:00,
VMI,VMI,success,755,2026-03-16 13:30:00+00:00,2026-06-05 20:00:00+00:00,America/New_York,2026-06-07 10:34:22.940827+00:00,
SFD,SFD,success,755,2026-03-16 13:30:00+00:00,2026-06-05 20:00:00+00:00,America/New_York,2026-06-07 10:34:22.812262+00:00,
MICC,MICC,success,755,2026-03-16 13:30:00+00:00,2026-06-05 20:00:00+00:00,America/New_York,2026-06-07 10:34:22.940319+00:00,
EHC,EHC,success,755,2026-03-16 13:30:00+00:00,2026-06-05 20:00:00+00:00,America/New_York,2026-06-07 10:34:23.017171+00:00,
FIVE,FIVE,success,755,2026-03-16 13:30:00+00:00,2026-06-05 20:00:00+00:00,America/New_York,2026-06-07 10:34:23.016163+00:00,
WTS,WTS,success,755,2026-03-16 13:30:00+00:00,2026-06-05 20:00:00+00:00,America/New_York,2026-06-07 10:34:23.123169+00:00,
AES,AES,success,755,2026-03-16 13:30:00+00:00,2026-06-05 20:00:00+00:00,America/New_York,2026-06-07 10:34:23.186959+00:00,
MP,MP,success,755,2026-03-16 13:30:00+00:00,2026-06-05 20:00:00+00:00,America/New_York,2026-06-07 10:34:23.082069+00:00,
GSAT,GSAT,success,755,2026-03-16 13:30:00+00:00,2026-06-05 20:00:00+00:00,America/New_York,2026-06-07 10:34:23.259555+00:00,
TIMB,TIMB,success,755,2026-03-16 13:30:00+00:00,2026-06-05 20:00:00+00:00,America/New_York,2026-06-07 10:34:23.293063+00:00,
SAIL,SAIL,success,755,2026-03-16 13:30:00+00:00,2026-06-05 20:00:00+00:00,America/New_York,2026-06-07 10:34:23.321154+00:00,
ARWR,ARWR,success,755,2026-03-16 13:30:00+00:00,2026-06-05 20:00:00+00:00,America/New_York,2026-06-07 10:34:23.385003+00:00,
POWL,POWL,success,755,2026-03-16 13:30:00+00:00,2026-06-05 20:00:00+00:00,America/New_York,2026-06-07 10:34:23.235149+00:00,
WTFC,WTFC,success,755,2026-03-16 13:30:00+00:00,2026-06-05 20:00:00+00:00,America/New_York,2026-06-07 10:34:23.360916+00:00,
CGNX,CGNX,success,755,2026-03-16 13:30:00+00:00,2026-06-05 20:00:00+00:00,America/New_York,2026-06-07 10:34:23.456806+00:00,
SUZ,SUZ,success,755,2026-03-16 13:30:00+00:00,2026-06-05 20:00:00+00:00,America/New_York,2026-06-07 10:34:23.431172+00:00,
AM,AM,success,755,2026-03-16 13:30:00+00:00,2026-06-05 20:00:00+00:00,America/New_York,2026-06-07 10:34:23.609813+00:00,
HBM,HBM,success,755,2026-03-16 13:30:00+00:00,2026-06-05 20:00:00+00:00,America/New_York,2026-06-07 10:34:23.650652+00:00,
EMBJ,EMBJ,success,755,2026-03-16 13:30:00+00:00,2026-06-05 20:00:00+00:00,America/New_York,2026-06-07 10:34:23.742357+00:00,
CNM,CNM,success,755,2026-03-16 13:30:00+00:00,2026-06-05 20:00:00+00:00,America/New_York,2026-06-07 10:34:23.693004+00:00,
OKLO,OKLO,success,755,2026-03-16 13:30:00+00:00,2026-06-05 20:00:00+00:00,America/New_York,2026-06-07 10:34:23.814974+00:00,
WMS,WMS,success,755,2026-03-16 13:30:00+00:00,2026-06-05 20:00:00+00:00,America/New_York,2026-06-07 10:34:23.786017+00:00,
PAYP,PAYP,success,755,2026-03-16 13:30:00+00:00,2026-06-05 20:00:00+00:00,America/New_York,2026-06-07 10:34:23.813972+00:00,
BSY,BSY,success,755,2026-03-16 13:30:00+00:00,2026-06-05 20:00:00+00:00,America/New_York,2026-06-07 10:34:23.897986+00:00,
BAX,BAX,success,755,2026-03-16 13:30:00+00:00,2026-06-05 20:00:00+00:00,America/New_York,2026-06-07 10:34:23.947414+00:00,
BPOP,BPOP,success,755,2026-03-16 13:30:00+00:00,2026-06-05 20:00:00+00:00,America/New_York,2026-06-07 10:34:24.041785+00:00,
CART,CART,success,755,2026-03-16 13:30:00+00:00,2026-06-05 20:00:00+00:00,America/New_York,2026-06-07 10:34:24.137658+00:00,
FROG,FROG,success,755,2026-03-16 13:30:00+00:00,2026-06-05 20:00:00+00:00,America/New_York,2026-06-07 10:34:24.093655+00:00,
GTLS,GTLS,success,755,2026-03-16 13:30:00+00:00,2026-06-05 20:00:00+00:00,America/New_York,2026-06-07 10:34:24.160773+00:00,
FCFS,FCFS,success,755,2026-03-16 13:30:00+00:00,2026-06-05 20:00:00+00:00,America/New_York,2026-06-07 10:34:24.211987+00:00,
AHR,AHR,success,755,2026-03-16 13:30:00+00:00,2026-06-05 20:00:00+00:00,America/New_York,2026-06-07 10:34:24.213493+00:00,
RGC,RGC,success,746,2026-03-16 13:30:00+00:00,2026-06-05 20:00:00+00:00,America/New_York,2026-06-07 10:34:24.302452+00:00,
HL,HL,success,755,2026-03-16 13:30:00+00:00,2026-06-05 20:00:00+00:00,America/New_York,2026-06-07 10:34:24.266769+00:00,
GLXY,GLXY,success,755,2026-03-16 13:30:00+00:00,2026-06-05 20:00:00+00:00,America/New_York,2026-06-07 10:34:24.326661+00:00,
ENSG,ENSG,success,755,2026-03-16 13:30:00+00:00,2026-06-05 20:00:00+00:00,America/New_York,2026-06-07 10:34:24.393206+00:00,
UMBF,UMBF,success,755,2026-03-16 13:30:00+00:00,2026-06-05 20:00:00+00:00,America/New_York,2026-06-07 10:34:24.359926+00:00,
TTD,TTD,success,755,2026-03-16 13:30:00+00:00,2026-06-05 20:00:00+00:00,America/New_York,2026-06-07 10:34:24.509163+00:00,
OGE,OGE,success,755,2026-03-16 13:30:00+00:00,2026-06-05 20:00:00+00:00,America/New_York,2026-06-07 10:34:24.481670+00:00,
MOH,MOH,success,755,2026-03-16 13:30:00+00:00,2026-06-05 20:00:00+00:00,America/New_York,2026-06-07 10:34:24.509163+00:00,
HLI,HLI,success,755,2026-03-16 13:30:00+00:00,2026-06-05 20:00:00+00:00,America/New_York,2026-06-07 10:34:24.660519+00:00,
ALV,ALV,success,755,2026-03-16 13:30:00+00:00,2026-06-05 20:00:00+00:00,America/New_York,2026-06-07 10:34:24.604649+00:00,
HMY,HMY,success,755,2026-03-16 13:30:00+00:00,2026-06-05 20:00:00+00:00,America/New_York,2026-06-07 10:34:24.659342+00:00,
PSO,PSO,success,755,2026-03-16 13:30:00+00:00,2026-06-05 20:00:00+00:00,America/New_York,2026-06-07 10:34:24.708818+00:00,
OC,OC,success,755,2026-03-16 13:30:00+00:00,2026-06-05 20:00:00+00:00,America/New_York,2026-06-07 10:34:24.630246+00:00,
LINE,LINE,success,755,2026-03-16 13:30:00+00:00,2026-06-05 20:00:00+00:00,America/New_York,2026-06-07 10:34:24.927117+00:00,
SCI,SCI,success,755,2026-03-16 13:30:00+00:00,2026-06-05 20:00:00+00:00,America/New_York,2026-06-07 10:34:24.829699+00:00,
GME,GME,success,755,2026-03-16 13:30:00+00:00,2026-06-05 20:00:00+00:00,America/New_York,2026-06-07 10:34:24.871918+00:00,
ESI,ESI,success,755,2026-03-16 13:30:00+00:00,2026-06-05 20:00:00+00:00,America/New_York,2026-06-07 10:34:25.016936+00:00,
KLAR,KLAR,success,755,2026-03-16 13:30:00+00:00,2026-06-05 20:00:00+00:00,America/New_York,2026-06-07 10:34:24.988705+00:00,
ALSN,ALSN,success,755,2026-03-16 13:30:00+00:00,2026-06-05 20:00:00+00:00,America/New_York,2026-06-07 10:34:25.054491+00:00,
DCI,DCI,success,755,2026-03-16 13:30:00+00:00,2026-06-05 20:00:00+00:00,America/New_York,2026-06-07 10:34:25.117026+00:00,
SNAP,SNAP,success,755,2026-03-16 13:30:00+00:00,2026-06-05 20:00:00+00:00,America/New_York,2026-06-07 10:34:25.053446+00:00,
MASI,MASI,success,755,2026-03-16 13:30:00+00:00,2026-06-05 20:00:00+00:00,America/New_York,2026-06-07 10:34:25.200124+00:00,
BAH,BAH,success,755,2026-03-16 13:30:00+00:00,2026-06-05 20:00:00+00:00,America/New_York,2026-06-07 10:34:25.147139+00:00,
AGX,AGX,success,755,2026-03-16 13:30:00+00:00,2026-06-05 20:00:00+00:00,America/New_York,2026-06-07 10:34:25.227456+00:00,
FDS,FDS,success,755,2026-03-16 13:30:00+00:00,2026-06-05 20:00:00+00:00,America/New_York,2026-06-07 10:34:25.279504+00:00,
DDS,DDS,success,755,2026-03-16 13:30:00+00:00,2026-06-05 20:00:00+00:00,America/New_York,2026-06-07 10:34:25.520699+00:00,
BRX,BRX,success,755,2026-03-16 13:30:00+00:00,2026-06-05 20:00:00+00:00,America/New_York,2026-06-07 10:34:25.384800+00:00,
ORI,ORI,success,755,2026-03-16 13:30:00+00:00,2026-06-05 20:00:00+00:00,America/New_York,2026-06-07 10:34:25.442439+00:00,
DOCU,DOCU,success,755,2026-03-16 13:30:00+00:00,2026-06-05 20:00:00+00:00,America/New_York,2026-06-07 10:34:25.604211+00:00,
ACM,ACM,success,755,2026-03-16 13:30:00+00:00,2026-06-05 20:00:00+00:00,America/New_York,2026-06-07 10:34:25.880883+00:00,
SSB,SSB,success,755,2026-03-16 13:30:00+00:00,2026-06-05 20:00:00+00:00,America/New_York,2026-06-07 10:34:25.715126+00:00,
TX,TX,success,755,2026-03-16 13:30:00+00:00,2026-06-05 20:00:00+00:00,America/New_York,2026-06-07 10:34:25.804376+00:00,
JKHY,JKHY,success,755,2026-03-16 13:30:00+00:00,2026-06-05 20:00:00+00:00,America/New_York,2026-06-07 10:34:25.945984+00:00,
ONB,ONB,success,755,2026-03-16 13:30:00+00:00,2026-06-05 20:00:00+00:00,America/New_York,2026-06-07 10:34:26.084682+00:00,
DAR,DAR,success,755,2026-03-16 13:30:00+00:00,2026-06-05 20:00:00+00:00,America/New_York,2026-06-07 10:34:26.052436+00:00,
FLS,FLS,success,755,2026-03-16 13:30:00+00:00,2026-06-05 20:00:00+00:00,America/New_York,2026-06-07 10:34:26.133434+00:00,
ZION,ZION,success,755,2026-03-16 13:30:00+00:00,2026-06-05 20:00:00+00:00,America/New_York,2026-06-07 10:34:26.176869+00:00,
MSGS,MSGS,success,755,2026-03-16 13:30:00+00:00,2026-06-05 20:00:00+00:00,America/New_York,2026-06-07 10:34:26.247175+00:00,
CUBE,CUBE,success,755,2026-03-16 13:30:00+00:00,2026-06-05 20:00:00+00:00,America/New_York,2026-06-07 10:34:26.278705+00:00,
AYI,AYI,success,755,2026-03-16 13:30:00+00:00,2026-06-05 20:00:00+00:00,America/New_York,2026-06-07 10:34:26.278705+00:00,
RRC,RRC,success,755,2026-03-16 13:30:00+00:00,2026-06-05 20:00:00+00:00,America/New_York,2026-06-07 10:34:26.225031+00:00,
TKR,TKR,success,755,2026-03-16 13:30:00+00:00,2026-06-05 20:00:00+00:00,America/New_York,2026-06-07 10:34:26.447908+00:00,
JOBY,JOBY,success,755,2026-03-16 13:30:00+00:00,2026-06-05 20:00:00+00:00,America/New_York,2026-06-07 10:34:26.410380+00:00,
VSAT,VSAT,success,755,2026-03-16 13:30:00+00:00,2026-06-05 20:00:00+00:00,America/New_York,2026-06-07 10:34:26.447908+00:00,
LUMN,LUMN,success,755,2026-03-16 13:30:00+00:00,2026-06-05 20:00:00+00:00,America/New_York,2026-06-07 10:34:26.579130+00:00,
IAG,IAG,success,755,2026-03-16 13:30:00+00:00,2026-06-05 20:00:00+00:00,America/New_York,2026-06-07 10:34:26.645941+00:00,
AVAV,AVAV,success,755,2026-03-16 13:30:00+00:00,2026-06-05 20:00:00+00:00,America/New_York,2026-06-07 10:34:26.547533+00:00,
RIOT,RIOT,success,755,2026-03-16 13:30:00+00:00,2026-06-05 20:00:00+00:00,America/New_York,2026-06-07 10:34:26.603188+00:00,
BROS,BROS,success,755,2026-03-16 13:30:00+00:00,2026-06-05 20:00:00+00:00,America/New_York,2026-06-07 10:34:26.602186+00:00,
LGN,LGN,success,755,2026-03-16 13:30:00+00:00,2026-06-05 20:00:00+00:00,America/New_York,2026-06-07 10:34:26.686919+00:00,
SIRI,SIRI,success,755,2026-03-16 13:30:00+00:00,2026-06-05 20:00:00+00:00,America/New_York,2026-06-07 10:34:26.793028+00:00,
FRHC,FRHC,success,716,2026-03-16 13:30:00+00:00,2026-06-05 20:00:00+00:00,America/New_York,2026-06-07 10:34:26.741113+00:00,
QRVO,QRVO,success,755,2026-03-16 13:30:00+00:00,2026-06-05 20:00:00+00:00,America/New_York,2026-06-07 10:34:26.956766+00:00,
SNEX,SNEX,success,755,2026-03-16 13:30:00+00:00,2026-06-05 20:00:00+00:00,America/New_York,2026-06-07 10:34:26.882339+00:00,
BMNR,BMNR,success,755,2026-03-16 13:30:00+00:00,2026-06-05 20:00:00+00:00,America/New_York,2026-06-07 10:34:27.104836+00:00,
UHS,UHS,success,755,2026-03-16 13:30:00+00:00,2026-06-05 20:00:00+00:00,America/New_York,2026-06-07 10:34:27.060053+00:00,
FORM,FORM,success,755,2026-03-16 13:30:00+00:00,2026-06-05 20:00:00+00:00,America/New_York,2026-06-07 10:34:27.154992+00:00,
AMG,AMG,success,754,2026-03-16 13:30:00+00:00,2026-06-05 20:00:00+00:00,America/New_York,2026-06-07 10:34:27.188131+00:00,
CFR,CFR,success,755,2026-03-16 13:30:00+00:00,2026-06-05 20:00:00+00:00,America/New_York,2026-06-07 10:34:27.278379+00:00,
CTRE,CTRE,success,755,2026-03-16 13:30:00+00:00,2026-06-05 20:00:00+00:00,America/New_York,2026-06-07 10:34:27.254149+00:00,
YMM,YMM,success,755,2026-03-16 13:30:00+00:00,2026-06-05 20:00:00+00:00,America/New_York,2026-06-07 10:34:27.188131+00:00,
W,W,success,755,2026-03-16 13:30:00+00:00,2026-06-05 20:00:00+00:00,America/New_York,2026-06-07 10:34:27.117423+00:00,
CRL,CRL,success,755,2026-03-16 13:30:00+00:00,2026-06-05 20:00:00+00:00,America/New_York,2026-06-07 10:34:27.347195+00:00,
MANH,MANH,success,755,2026-03-16 13:30:00+00:00,2026-06-05 20:00:00+00:00,America/New_York,2026-06-07 10:34:27.445582+00:00,
AAL,AAL,success,755,2026-03-16 13:30:00+00:00,2026-06-05 20:00:00+00:00,America/New_York,2026-06-07 10:34:27.416789+00:00,
HSIC,HSIC,success,755,2026-03-16 13:30:00+00:00,2026-06-05 20:00:00+00:00,America/New_York,2026-06-07 10:34:27.605631+00:00,
CYTK,CYTK,success,755,2026-03-16 13:30:00+00:00,2026-06-05 20:00:00+00:00,America/New_York,2026-06-07 10:34:27.562480+00:00,
ARE,ARE,success,755,2026-03-16 13:30:00+00:00,2026-06-05 20:00:00+00:00,America/New_York,2026-06-07 10:34:27.673694+00:00,
COLB,COLB,success,755,2026-03-16 13:30:00+00:00,2026-06-05 20:00:00+00:00,America/New_York,2026-06-07 10:34:27.669694+00:00,
CIFR,CIFR,success,755,2026-03-16 13:30:00+00:00,2026-06-05 20:00:00+00:00,America/New_York,2026-06-07 10:34:27.793070+00:00,
WAL,WAL,success,755,2026-03-16 13:30:00+00:00,2026-06-05 20:00:00+00:00,America/New_York,2026-06-07 10:34:27.838667+00:00,
LEVI,LEVI,success,755,2026-03-16 13:30:00+00:00,2026-06-05 20:00:00+00:00,America/New_York,2026-06-07 10:34:27.905489+00:00,
KRYS,KRYS,success,753,2026-03-16 13:30:00+00:00,2026-06-05 20:00:00+00:00,America/New_York,2026-06-07 10:34:27.980598+00:00,
ADC,ADC,success,755,2026-03-16 13:30:00+00:00,2026-06-05 20:00:00+00:00,America/New_York,2026-06-07 10:34:27.863058+00:00,
QBTS,QBTS,success,755,2026-03-16 13:30:00+00:00,2026-06-05 20:00:00+00:00,America/New_York,2026-06-07 10:34:27.954467+00:00,
XE,XE,success,386,2026-04-24 13:30:00+00:00,2026-06-05 20:00:00+00:00,America/New_York,2026-06-07 10:34:28.163242+00:00,
BVN,BVN,success,755,2026-03-16 13:30:00+00:00,2026-06-05 20:00:00+00:00,America/New_York,2026-06-07 10:34:28.065308+00:00,
AGCO,AGCO,success,755,2026-03-16 13:30:00+00:00,2026-06-05 20:00:00+00:00,America/New_York,2026-06-07 10:34:28.217535+00:00,
CAE,CAE,success,755,2026-03-16 13:30:00+00:00,2026-06-05 20:00:00+00:00,America/New_York,2026-06-07 10:34:28.351655+00:00,
ALGM,ALGM,success,755,2026-03-16 13:30:00+00:00,2026-06-05 20:00:00+00:00,America/New_York,2026-06-07 10:34:28.352651+00:00,
SIMO,SIMO,success,755,2026-03-16 13:30:00+00:00,2026-06-05 20:00:00+00:00,America/New_York,2026-06-07 10:34:28.281298+00:00,
PRI,PRI,success,755,2026-03-16 13:30:00+00:00,2026-06-05 20:00:00+00:00,America/New_York,2026-06-07 10:34:28.351655+00:00,
SSL,SSL,success,755,2026-03-16 13:30:00+00:00,2026-06-05 20:00:00+00:00,America/New_York,2026-06-07 10:34:28.316517+00:00,
KT,KT,success,755,2026-03-16 13:30:00+00:00,2026-06-05 20:00:00+00:00,America/New_York,2026-06-07 10:34:28.525668+00:00,
SARO,SARO,success,755,2026-03-16 13:30:00+00:00,2026-06-05 20:00:00+00:00,America/New_York,2026-06-07 10:34:28.526678+00:00,
BRKR,BRKR,success,755,2026-03-16 13:30:00+00:00,2026-06-05 20:00:00+00:00,America/New_York,2026-06-07 10:34:28.500810+00:00,
NCLH,NCLH,success,755,2026-03-16 13:30:00+00:00,2026-06-05 20:00:00+00:00,America/New_York,2026-06-07 10:34:28.677251+00:00,
TTC,TTC,success,755,2026-03-16 13:30:00+00:00,2026-06-05 20:00:00+00:00,America/New_York,2026-06-07 10:34:28.708603+00:00,
RYAN,RYAN,success,755,2026-03-16 13:30:00+00:00,2026-06-05 20:00:00+00:00,America/New_York,2026-06-07 10:34:28.774662+00:00,
ORA,ORA,success,755,2026-03-16 13:30:00+00:00,2026-06-05 20:00:00+00:00,America/New_York,2026-06-07 10:34:28.807109+00:00,
ENS,ENS,success,755,2026-03-16 13:30:00+00:00,2026-06-05 20:00:00+00:00,America/New_York,2026-06-07 10:34:28.882917+00:00,
LLYVK,LLYVK,success,754,2026-03-16 13:30:00+00:00,2026-06-05 20:00:00+00:00,America/New_York,2026-06-07 10:34:28.833766+00:00,
NNN,NNN,success,755,2026-03-16 13:30:00+00:00,2026-06-05 20:00:00+00:00,America/New_York,2026-06-07 10:34:28.908141+00:00,
ASR,ASR,success,754,2026-03-16 13:30:00+00:00,2026-06-05 20:00:00+00:00,America/New_York,2026-06-07 10:34:28.930819+00:00,
EQX,EQX,success,755,2026-03-16 13:30:00+00:00,2026-06-05 20:00:00+00:00,America/New_York,2026-06-07 10:34:29.059897+00:00,
FR,FR,success,755,2026-03-16 13:30:00+00:00,2026-06-05 20:00:00+00:00,America/New_York,2026-06-07 10:34:29.025431+00:00,
CHWY,CHWY,success,755,2026-03-16 13:30:00+00:00,2026-06-05 20:00:00+00:00,America/New_York,2026-06-07 10:34:29.000840+00:00,
CAVA,CAVA,success,755,2026-03-16 13:30:00+00:00,2026-06-05 20:00:00+00:00,America/New_York,2026-06-07 10:34:29.161908+00:00,
STN,STN,success,755,2026-03-16 13:30:00+00:00,2026-06-05 20:00:00+00:00,America/New_York,2026-06-07 10:34:29.112755+00:00,
ACI,ACI,success,755,2026-03-16 13:30:00+00:00,2026-06-05 20:00:00+00:00,America/New_York,2026-06-07 10:34:29.138849+00:00,
PRMB,PRMB,success,755,2026-03-16 13:30:00+00:00,2026-06-05 20:00:00+00:00,America/New_York,2026-06-07 10:34:29.232252+00:00,
CRUS,CRUS,success,755,2026-03-16 13:30:00+00:00,2026-06-05 20:00:00+00:00,America/New_York,2026-06-07 10:34:29.259316+00:00,
TEM,TEM,success,755,2026-03-16 13:30:00+00:00,2026-06-05 20:00:00+00:00,America/New_York,2026-06-07 10:34:29.333916+00:00,
AG,AG,success,755,2026-03-16 13:30:00+00:00,2026-06-05 20:00:00+00:00,America/New_York,2026-06-07 10:34:29.334917+00:00,
HALO,HALO,success,755,2026-03-16 13:30:00+00:00,2026-06-05 20:00:00+00:00,America/New_York,2026-06-07 10:34:29.333916+00:00,
ELPC,ELPC,success,755,2026-03-16 13:30:00+00:00,2026-06-05 20:00:00+00:00,America/New_York,2026-06-07 10:34:29.418900+00:00,
GGAL,GGAL,success,755,2026-03-16 13:30:00+00:00,2026-06-05 20:00:00+00:00,America/New_York,2026-06-07 10:34:29.541139+00:00,
OSK,OSK,success,755,2026-03-16 13:30:00+00:00,2026-06-05 20:00:00+00:00,America/New_York,2026-06-07 10:34:29.461790+00:00,
CMC,CMC,success,755,2026-03-16 13:30:00+00:00,2026-06-05 20:00:00+00:00,America/New_York,2026-06-07 10:34:29.502840+00:00,
EMN,EMN,success,755,2026-03-16 13:30:00+00:00,2026-06-05 20:00:00+00:00,America/New_York,2026-06-07 10:34:29.582294+00:00,
BOKF,BOKF,success,755,2026-03-16 13:30:00+00:00,2026-06-05 20:00:00+00:00,America/New_York,2026-06-07 10:34:29.645005+00:00,
MTCH,MTCH,success,755,2026-03-16 13:30:00+00:00,2026-06-05 20:00:00+00:00,America/New_York,2026-06-07 10:34:29.752076+00:00,
CWEN,CWEN,success,755,2026-03-16 13:30:00+00:00,2026-06-05 20:00:00+00:00,America/New_York,2026-06-07 10:34:29.645005+00:00,
BLDR,BLDR,success,755,2026-03-16 13:30:00+00:00,2026-06-05 20:00:00+00:00,America/New_York,2026-06-07 10:34:29.669620+00:00,
TECH,TECH,success,755,2026-03-16 13:30:00+00:00,2026-06-05 20:00:00+00:00,America/New_York,2026-06-07 10:34:29.793310+00:00,
SFM,SFM,success,755,2026-03-16 13:30:00+00:00,2026-06-05 20:00:00+00:00,America/New_York,2026-06-07 10:34:29.835724+00:00,
GAP,GAP,success,755,2026-03-16 13:30:00+00:00,2026-06-05 20:00:00+00:00,America/New_York,2026-06-07 10:34:29.931412+00:00,
ABVX,ABVX,success,755,2026-03-16 13:30:00+00:00,2026-06-05 20:00:00+00:00,America/New_York,2026-06-07 10:34:29.836725+00:00,
Z,Z,success,755,2026-03-16 13:30:00+00:00,2026-06-05 20:00:00+00:00,America/New_York,2026-06-07 10:34:29.905557+00:00,
CORZ,CORZ,success,755,2026-03-16 13:30:00+00:00,2026-06-05 20:00:00+00:00,America/New_York,2026-06-07 10:34:29.977565+00:00,
VIRT,VIRT,success,755,2026-03-16 13:30:00+00:00,2026-06-05 20:00:00+00:00,America/New_York,2026-06-07 10:34:30.001221+00:00,
ZWS,ZWS,success,755,2026-03-16 13:30:00+00:00,2026-06-05 20:00:00+00:00,America/New_York,2026-06-07 10:34:30.039353+00:00,
XP,XP,success,755,2026-03-16 13:30:00+00:00,2026-06-05 20:00:00+00:00,America/New_York,2026-06-07 10:34:30.204214+00:00,
CBSH,CBSH,success,755,2026-03-16 13:30:00+00:00,2026-06-05 20:00:00+00:00,America/New_York,2026-06-07 10:34:30.297770+00:00,
CAMT,CAMT,success,755,2026-03-16 13:30:00+00:00,2026-06-05 20:00:00+00:00,America/New_York,2026-06-07 10:34:30.350586+00:00,
VOYA,VOYA,success,755,2026-03-16 13:30:00+00:00,2026-06-05 20:00:00+00:00,America/New_York,2026-06-07 10:34:30.326541+00:00,
AOS,AOS,success,755,2026-03-16 13:30:00+00:00,2026-06-05 20:00:00+00:00,America/New_York,2026-06-07 10:34:30.098801+00:00,
IDA,IDA,success,755,2026-03-16 13:30:00+00:00,2026-06-05 20:00:00+00:00,America/New_York,2026-06-07 10:34:30.382881+00:00,
FRO,FRO,success,755,2026-03-16 13:30:00+00:00,2026-06-05 20:00:00+00:00,America/New_York,2026-06-07 10:34:30.383876+00:00,
BIRK,BIRK,success,755,2026-03-16 13:30:00+00:00,2026-06-05 20:00:00+00:00,America/New_York,2026-06-07 10:34:30.534104+00:00,
CORT,CORT,success,755,2026-03-16 13:30:00+00:00,2026-06-05 20:00:00+00:00,America/New_York,2026-06-07 10:34:30.488100+00:00,
EDU,EDU,success,755,2026-03-16 13:30:00+00:00,2026-06-05 20:00:00+00:00,America/New_York,2026-06-07 10:34:30.634922+00:00,
BIO,BIO,success,755,2026-03-16 13:30:00+00:00,2026-06-05 20:00:00+00:00,America/New_York,2026-06-07 10:34:30.673312+00:00,
VSH,VSH,success,755,2026-03-16 13:30:00+00:00,2026-06-05 20:00:00+00:00,America/New_York,2026-06-07 10:34:30.606262+00:00,
JHG,JHG,success,755,2026-03-16 13:30:00+00:00,2026-06-05 20:00:00+00:00,America/New_York,2026-06-07 10:34:30.713072+00:00,
REXR,REXR,success,755,2026-03-16 13:30:00+00:00,2026-06-05 20:00:00+00:00,America/New_York,2026-06-07 10:34:30.786587+00:00,
EGO,EGO,success,755,2026-03-16 13:30:00+00:00,2026-06-05 20:00:00+00:00,America/New_York,2026-06-07 10:34:30.714072+00:00,
CLF,CLF,success,755,2026-03-16 13:30:00+00:00,2026-06-05 20:00:00+00:00,America/New_York,2026-06-07 10:34:30.814829+00:00,
MBLY,MBLY,success,755,2026-03-16 13:30:00+00:00,2026-06-05 20:00:00+00:00,America/New_York,2026-06-07 10:34:30.840286+00:00,
VLY,VLY,success,755,2026-03-16 13:30:00+00:00,2026-06-05 20:00:00+00:00,America/New_York,2026-06-07 10:34:30.928344+00:00,
SM,SM,success,755,2026-03-16 13:30:00+00:00,2026-06-05 20:00:00+00:00,America/New_York,2026-06-07 10:34:30.929347+00:00,
SSD,SSD,success,755,2026-03-16 13:30:00+00:00,2026-06-05 20:00:00+00:00,America/New_York,2026-06-07 10:34:30.882506+00:00,
SOBO,SOBO,success,755,2026-03-16 13:30:00+00:00,2026-06-05 20:00:00+00:00,America/New_York,2026-06-07 10:34:30.996727+00:00,
ECG,ECG,success,755,2026-03-16 13:30:00+00:00,2026-06-05 20:00:00+00:00,America/New_York,2026-06-07 10:34:31.031850+00:00,
CHRD,CHRD,success,755,2026-03-16 13:30:00+00:00,2026-06-05 20:00:00+00:00,America/New_York,2026-06-07 10:34:31.106759+00:00,
QGEN,QGEN,success,755,2026-03-16 13:30:00+00:00,2026-06-05 20:00:00+00:00,America/New_York,2026-06-07 10:34:31.142904+00:00,
KEX,KEX,success,755,2026-03-16 13:30:00+00:00,2026-06-05 20:00:00+00:00,America/New_York,2026-06-07 10:34:31.033356+00:00,
HQY,HQY,success,755,2026-03-16 13:30:00+00:00,2026-06-05 20:00:00+00:00,America/New_York,2026-06-07 10:34:31.171625+00:00,
ESE,ESE,success,755,2026-03-16 13:30:00+00:00,2026-06-05 20:00:00+00:00,America/New_York,2026-06-07 10:34:31.280613+00:00,
JXN,JXN,success,755,2026-03-16 13:30:00+00:00,2026-06-05 20:00:00+00:00,America/New_York,2026-06-07 10:34:31.330820+00:00,
VFS,VFS,success,755,2026-03-16 13:30:00+00:00,2026-06-05 20:00:00+00:00,America/New_York,2026-06-07 10:34:31.365242+00:00,
ATR,ATR,success,755,2026-03-16 13:30:00+00:00,2026-06-05 20:00:00+00:00,America/New_York,2026-06-07 10:34:31.495495+00:00,
UGI,UGI,success,755,2026-03-16 13:30:00+00:00,2026-06-05 20:00:00+00:00,America/New_York,2026-06-07 10:34:31.394346+00:00,
LSTR,LSTR,success,754,2026-03-16 13:30:00+00:00,2026-06-05 20:00:00+00:00,America/New_York,2026-06-07 10:34:31.427927+00:00,
RHP,RHP,success,755,2026-03-16 13:30:00+00:00,2026-06-05 20:00:00+00:00,America/New_York,2026-06-07 10:34:31.494496+00:00,
BILI,BILI,success,755,2026-03-16 13:30:00+00:00,2026-06-05 20:00:00+00:00,America/New_York,2026-06-07 10:34:31.644231+00:00,
NEU,NEU,success,753,2026-03-16 13:30:00+00:00,2026-06-05 20:00:00+00:00,America/New_York,2026-06-07 10:34:31.606540+00:00,
SBSW,SBSW,success,755,2026-03-16 13:30:00+00:00,2026-06-05 20:00:00+00:00,America/New_York,2026-06-07 10:34:31.856179+00:00,
NFG,NFG,success,755,2026-03-16 13:30:00+00:00,2026-06-05 20:00:00+00:00,America/New_York,2026-06-07 10:34:31.830626+00:00,
CDP,CDP,success,755,2026-03-16 13:30:00+00:00,2026-06-05 20:00:00+00:00,America/New_York,2026-06-07 10:34:31.789956+00:00,
ENPH,ENPH,success,755,2026-03-16 13:30:00+00:00,2026-06-05 20:00:00+00:00,America/New_York,2026-06-07 10:34:31.692851+00:00,
NOV,NOV,success,755,2026-03-16 13:30:00+00:00,2026-06-05 20:00:00+00:00,America/New_York,2026-06-07 10:34:31.950314+00:00,
TTEK,TTEK,success,755,2026-03-16 13:30:00+00:00,2026-06-05 20:00:00+00:00,America/New_York,2026-06-07 10:34:31.987912+00:00,
PCOR,PCOR,success,755,2026-03-16 13:30:00+00:00,2026-06-05 20:00:00+00:00,America/New_York,2026-06-07 10:34:31.988911+00:00,
TAP,TAP,success,755,2026-03-16 13:30:00+00:00,2026-06-05 20:00:00+00:00,America/New_York,2026-06-07 10:34:31.830626+00:00,
PLXS,PLXS,success,755,2026-03-16 13:30:00+00:00,2026-06-05 20:00:00+00:00,America/New_York,2026-06-07 10:34:32.147530+00:00,
AXS,AXS,success,755,2026-03-16 13:30:00+00:00,2026-06-05 20:00:00+00:00,America/New_York,2026-06-07 10:34:32.219941+00:00,
MIDD,MIDD,success,755,2026-03-16 13:30:00+00:00,2026-06-05 20:00:00+00:00,America/New_York,2026-06-07 10:34:32.189813+00:00,
ST,ST,success,755,2026-03-16 13:30:00+00:00,2026-06-05 20:00:00+00:00,America/New_York,2026-06-07 10:34:32.363327+00:00,
KNTK,KNTK,success,755,2026-03-16 13:30:00+00:00,2026-06-05 20:00:00+00:00,America/New_York,2026-06-07 10:34:32.302190+00:00,
IBRX,IBRX,success,755,2026-03-16 13:30:00+00:00,2026-06-05 20:00:00+00:00,America/New_York,2026-06-07 10:34:32.386386+00:00,
OSCR,OSCR,success,755,2026-03-16 13:30:00+00:00,2026-06-05 20:00:00+00:00,America/New_York,2026-06-07 10:34:32.337301+00:00,
MXL,MXL,success,755,2026-03-16 13:30:00+00:00,2026-06-05 20:00:00+00:00,America/New_York,2026-06-07 10:34:32.412570+00:00,
AVT,AVT,success,755,2026-03-16 13:30:00+00:00,2026-06-05 20:00:00+00:00,America/New_York,2026-06-07 10:34:32.465397+00:00,
YOU,YOU,success,755,2026-03-16 13:30:00+00:00,2026-06-05 20:00:00+00:00,America/New_York,2026-06-07 10:34:32.653323+00:00,
NE,NE,success,755,2026-03-16 13:30:00+00:00,2026-06-05 20:00:00+00:00,America/New_York,2026-06-07 10:34:32.605563+00:00,
ICL,ICL,success,755,2026-03-16 13:30:00+00:00,2026-06-05 20:00:00+00:00,America/New_York,2026-06-07 10:34:32.723357+00:00,
CELH,CELH,success,755,2026-03-16 13:30:00+00:00,2026-06-05 20:00:00+00:00,America/New_York,2026-06-07 10:34:32.767550+00:00,
LTH,LTH,success,755,2026-03-16 13:30:00+00:00,2026-06-05 20:00:00+00:00,America/New_York,2026-06-07 10:34:32.831777+00:00,
VNO,VNO,success,755,2026-03-16 13:30:00+00:00,2026-06-05 20:00:00+00:00,America/New_York,2026-06-07 10:34:32.831777+00:00,
TTAN,TTAN,success,755,2026-03-16 13:30:00+00:00,2026-06-05 20:00:00+00:00,America/New_York,2026-06-07 10:34:32.878322+00:00,
SLAB,SLAB,success,755,2026-03-16 13:30:00+00:00,2026-06-05 20:00:00+00:00,America/New_York,2026-06-07 10:34:32.959349+00:00,
MORN,MORN,success,755,2026-03-16 13:30:00+00:00,2026-06-05 20:00:00+00:00,America/New_York,2026-06-07 10:34:32.988472+00:00,
NUVL,NUVL,success,755,2026-03-16 13:30:00+00:00,2026-06-05 20:00:00+00:00,America/New_York,2026-06-07 10:34:33.020743+00:00,
KNSL,KNSL,success,755,2026-03-16 13:30:00+00:00,2026-06-05 20:00:00+00:00,America/New_York,2026-06-07 10:34:33.095935+00:00,
GKOS,GKOS,success,755,2026-03-16 13:30:00+00:00,2026-06-05 20:00:00+00:00,America/New_York,2026-06-07 10:34:33.056832+00:00,
CWAN,CWAN,success,755,2026-03-16 13:30:00+00:00,2026-06-05 20:00:00+00:00,America/New_York,2026-06-07 10:34:33.142489+00:00,
PPC,PPC,success,755,2026-03-16 13:30:00+00:00,2026-06-05 20:00:00+00:00,America/New_York,2026-06-07 10:34:33.214624+00:00,
STAG,STAG,success,755,2026-03-16 13:30:00+00:00,2026-06-05 20:00:00+00:00,America/New_York,2026-06-07 10:34:33.190247+00:00,
ALKS,ALKS,success,755,2026-03-16 13:30:00+00:00,2026-06-05 20:00:00+00:00,America/New_York,2026-06-07 10:34:33.283074+00:00,
MOS,MOS,success,755,2026-03-16 13:30:00+00:00,2026-06-05 20:00:00+00:00,America/New_York,2026-06-07 10:34:33.318036+00:00,
LEA,LEA,success,755,2026-03-16 13:30:00+00:00,2026-06-05 20:00:00+00:00,America/New_York,2026-06-07 10:34:33.256353+00:00,
PB,PB,success,755,2026-03-16 13:30:00+00:00,2026-06-05 20:00:00+00:00,America/New_York,2026-06-07 10:34:33.359785+00:00,
VIST,VIST,success,755,2026-03-16 13:30:00+00:00,2026-06-05 20:00:00+00:00,America/New_York,2026-06-07 10:34:33.360784+00:00,
WFRD,WFRD,success,755,2026-03-16 13:30:00+00:00,2026-06-05 20:00:00+00:00,America/New_York,2026-06-07 10:34:33.433929+00:00,
PRAX,PRAX,success,755,2026-03-16 13:30:00+00:00,2026-06-05 20:00:00+00:00,America/New_York,2026-06-07 10:34:33.492644+00:00,
FLR,FLR,success,755,2026-03-16 13:30:00+00:00,2026-06-05 20:00:00+00:00,America/New_York,2026-06-07 10:34:33.433929+00:00,
BEPC,BEPC,success,755,2026-03-16 13:30:00+00:00,2026-06-05 20:00:00+00:00,America/New_York,2026-06-07 10:34:33.624677+00:00,
INGM,INGM,success,755,2026-03-16 13:30:00+00:00,2026-06-05 20:00:00+00:00,America/New_York,2026-06-07 10:34:33.625677+00:00,
MYRG,MYRG,success,754,2026-03-16 13:30:00+00:00,2026-06-05 20:00:00+00:00,America/New_York,2026-06-07 10:34:33.624677+00:00,
THG,THG,success,755,2026-03-16 13:30:00+00:00,2026-06-05 20:00:00+00:00,America/New_York,2026-06-07 10:34:33.725554+00:00,
POOL,POOL,success,755,2026-03-16 13:30:00+00:00,2026-06-05 20:00:00+00:00,America/New_York,2026-06-07 10:34:33.775020+00:00,
MAC,MAC,success,755,2026-03-16 13:30:00+00:00,2026-06-05 20:00:00+00:00,America/New_York,2026-06-07 10:34:33.873532+00:00,
HR,HR,success,755,2026-03-16 13:30:00+00:00,2026-06-05 20:00:00+00:00,America/New_York,2026-06-07 10:34:33.848927+00:00,
TEX,TEX,success,755,2026-03-16 13:30:00+00:00,2026-06-05 20:00:00+00:00,America/New_York,2026-06-07 10:34:33.936163+00:00,
RGEN,RGEN,success,755,2026-03-16 13:30:00+00:00,2026-06-05 20:00:00+00:00,America/New_York,2026-06-07 10:34:33.897633+00:00,
AXTA,AXTA,success,755,2026-03-16 13:30:00+00:00,2026-06-05 20:00:00+00:00,America/New_York,2026-06-07 10:34:33.988658+00:00,
TRNO,TRNO,success,755,2026-03-16 13:30:00+00:00,2026-06-05 20:00:00+00:00,America/New_York,2026-06-07 10:34:34.121438+00:00,
BYD,BYD,success,755,2026-03-16 13:30:00+00:00,2026-06-05 20:00:00+00:00,America/New_York,2026-06-07 10:34:34.075017+00:00,
FAF,FAF,success,755,2026-03-16 13:30:00+00:00,2026-06-05 20:00:00+00:00,America/New_York,2026-06-07 10:34:34.167623+00:00,
RAL,RAL,success,755,2026-03-16 13:30:00+00:00,2026-06-05 20:00:00+00:00,America/New_York,2026-06-07 10:34:34.259523+00:00,
EXP,EXP,success,755,2026-03-16 13:30:00+00:00,2026-06-05 20:00:00+00:00,America/New_York,2026-06-07 10:34:34.235650+00:00,
CBC,CBC,success,755,2026-03-16 13:30:00+00:00,2026-06-05 20:00:00+00:00,America/New_York,2026-06-07 10:34:34.284680+00:00,
GDS,GDS,success,755,2026-03-16 13:30:00+00:00,2026-06-05 20:00:00+00:00,America/New_York,2026-06-07 10:34:34.285680+00:00,
HXL,HXL,success,755,2026-03-16 13:30:00+00:00,2026-06-05 20:00:00+00:00,America/New_York,2026-06-07 10:34:34.365527+00:00,
PCVX,PCVX,success,755,2026-03-16 13:30:00+00:00,2026-06-05 20:00:00+00:00,America/New_York,2026-06-07 10:34:34.402082+00:00,
NXE,NXE,success,755,2026-03-16 13:30:00+00:00,2026-06-05 20:00:00+00:00,America/New_York,2026-06-07 10:34:34.403082+00:00,
CHYM,CHYM,success,755,2026-03-16 13:30:00+00:00,2026-06-05 20:00:00+00:00,America/New_York,2026-06-07 10:34:34.506767+00:00,
IDCC,IDCC,success,755,2026-03-16 13:30:00+00:00,2026-06-05 20:00:00+00:00,America/New_York,2026-06-07 10:34:34.560473+00:00,
AWI,AWI,success,755,2026-03-16 13:30:00+00:00,2026-06-05 20:00:00+00:00,America/New_York,2026-06-07 10:34:34.603261+00:00,
BZ,BZ,success,755,2026-03-16 13:30:00+00:00,2026-06-05 20:00:00+00:00,America/New_York,2026-06-07 10:34:34.647172+00:00,
KMX,KMX,success,755,2026-03-16 13:30:00+00:00,2026-06-05 20:00:00+00:00,America/New_York,2026-06-07 10:34:34.683265+00:00,
TMHC,TMHC,success,755,2026-03-16 13:30:00+00:00,2026-06-05 20:00:00+00:00,America/New_York,2026-06-07 10:34:34.750504+00:00,
MRCY,MRCY,success,755,2026-03-16 13:30:00+00:00,2026-06-05 20:00:00+00:00,America/New_York,2026-06-07 10:34:34.779466+00:00,
RGTI,RGTI,success,755,2026-03-16 13:30:00+00:00,2026-06-05 20:00:00+00:00,America/New_York,2026-06-07 10:34:34.817473+00:00,
VIPS,VIPS,success,755,2026-03-16 13:30:00+00:00,2026-06-05 20:00:00+00:00,America/New_York,2026-06-07 10:34:34.889963+00:00,
DSGX,DSGX,success,755,2026-03-16 13:30:00+00:00,2026-06-05 20:00:00+00:00,America/New_York,2026-06-07 10:34:34.905543+00:00,
OR,OR,success,755,2026-03-16 13:30:00+00:00,2026-06-05 20:00:00+00:00,America/New_York,2026-06-07 10:34:34.974687+00:00,
MTDR,MTDR,success,755,2026-03-16 13:30:00+00:00,2026-06-05 20:00:00+00:00,America/New_York,2026-06-07 10:34:34.950263+00:00,
MWH,MWH,success,755,2026-03-16 13:30:00+00:00,2026-06-05 20:00:00+00:00,America/New_York,2026-06-07 10:34:35.012144+00:00,
ETSY,ETSY,success,755,2026-03-16 13:30:00+00:00,2026-06-05 20:00:00+00:00,America/New_York,2026-06-07 10:34:35.046777+00:00,
PRIM,PRIM,success,755,2026-03-16 13:30:00+00:00,2026-06-05 20:00:00+00:00,America/New_York,2026-06-07 10:34:35.072223+00:00,
LAD,LAD,success,755,2026-03-16 13:30:00+00:00,2026-06-05 20:00:00+00:00,America/New_York,2026-06-07 10:34:35.142199+00:00,
GTES,GTES,success,755,2026-03-16 13:30:00+00:00,2026-06-05 20:00:00+00:00,America/New_York,2026-06-07 10:34:35.105482+00:00,
NPO,NPO,success,754,2026-03-16 13:30:00+00:00,2026-06-05 20:00:00+00:00,America/New_York,2026-06-07 10:34:35.228775+00:00,
LNC,LNC,success,755,2026-03-16 13:30:00+00:00,2026-06-05 20:00:00+00:00,America/New_York,2026-06-07 10:34:35.208712+00:00,
KGS,KGS,success,755,2026-03-16 13:30:00+00:00,2026-06-05 20:00:00+00:00,America/New_York,2026-06-07 10:34:35.256344+00:00,
PAYC,PAYC,success,755,2026-03-16 13:30:00+00:00,2026-06-05 20:00:00+00:00,America/New_York,2026-06-07 10:34:35.380763+00:00,
GRFS,GRFS,success,755,2026-03-16 13:30:00+00:00,2026-06-05 20:00:00+00:00,America/New_York,2026-06-07 10:34:35.317004+00:00,
TXNM,TXNM,success,755,2026-03-16 13:30:00+00:00,2026-06-05 20:00:00+00:00,America/New_York,2026-06-07 10:34:35.315995+00:00,
APGE,APGE,success,755,2026-03-16 13:30:00+00:00,2026-06-05 20:00:00+00:00,America/New_York,2026-06-07 10:34:35.467877+00:00,
KRMN,KRMN,success,755,2026-03-16 13:30:00+00:00,2026-06-05 20:00:00+00:00,America/New_York,2026-06-07 10:34:35.512627+00:00,
LNTH,LNTH,success,755,2026-03-16 13:30:00+00:00,2026-06-05 20:00:00+00:00,America/New_York,2026-06-07 10:34:35.554746+00:00,
RIG,RIG,success,755,2026-03-16 13:30:00+00:00,2026-06-05 20:00:00+00:00,America/New_York,2026-06-07 10:34:35.443309+00:00,
OMF,OMF,success,755,2026-03-16 13:30:00+00:00,2026-06-05 20:00:00+00:00,America/New_York,2026-06-07 10:34:35.613463+00:00,
SNDR,SNDR,success,755,2026-03-16 13:30:00+00:00,2026-06-05 20:00:00+00:00,America/New_York,2026-06-07 10:34:35.639198+00:00,
VFC,VFC,success,755,2026-03-16 13:30:00+00:00,2026-06-05 20:00:00+00:00,America/New_York,2026-06-07 10:34:35.787496+00:00,
SGHC,SGHC,success,755,2026-03-16 13:30:00+00:00,2026-06-05 20:00:00+00:00,America/New_York,2026-06-07 10:34:35.697037+00:00,
FSS,FSS,success,755,2026-03-16 13:30:00+00:00,2026-06-05 20:00:00+00:00,America/New_York,2026-06-07 10:34:35.833949+00:00,
DOX,DOX,success,755,2026-03-16 13:30:00+00:00,2026-06-05 20:00:00+00:00,America/New_York,2026-06-07 10:34:35.735199+00:00,
JBTM,JBTM,success,755,2026-03-16 13:30:00+00:00,2026-06-05 20:00:00+00:00,America/New_York,2026-06-07 10:34:35.928436+00:00,
LKQ,LKQ,success,755,2026-03-16 13:30:00+00:00,2026-06-05 20:00:00+00:00,America/New_York,2026-06-07 10:34:35.898243+00:00,
CPB,CPB,success,755,2026-03-16 13:30:00+00:00,2026-06-05 20:00:00+00:00,America/New_York,2026-06-07 10:34:35.873701+00:00,
MSM,MSM,success,755,2026-03-16 13:30:00+00:00,2026-06-05 20:00:00+00:00,America/New_York,2026-06-07 10:34:35.928436+00:00,
AN,AN,success,755,2026-03-16 13:30:00+00:00,2026-06-05 20:00:00+00:00,America/New_York,2026-06-07 10:34:36.009113+00:00,
SWX,SWX,success,755,2026-03-16 13:30:00+00:00,2026-06-05 20:00:00+00:00,America/New_York,2026-06-07 10:34:36.104142+00:00,
FSV,FSV,success,755,2026-03-16 13:30:00+00:00,2026-06-05 20:00:00+00:00,America/New_York,2026-06-07 10:34:36.048337+00:00,
DBX,DBX,success,755,2026-03-16 13:30:00+00:00,2026-06-05 20:00:00+00:00,America/New_York,2026-06-07 10:34:36.189909+00:00,
LUNR,LUNR,success,755,2026-03-16 13:30:00+00:00,2026-06-05 20:00:00+00:00,America/New_York,2026-06-07 10:34:36.218374+00:00,
RYN,RYN,success,755,2026-03-16 13:30:00+00:00,2026-06-05 20:00:00+00:00,America/New_York,2026-06-07 10:34:36.321808+00:00,
ESTC,ESTC,success,755,2026-03-16 13:30:00+00:00,2026-06-05 20:00:00+00:00,America/New_York,2026-06-07 10:34:36.260475+00:00,
TGTX,TGTX,success,755,2026-03-16 13:30:00+00:00,2026-06-05 20:00:00+00:00,America/New_York,2026-06-07 10:34:36.288689+00:00,
EPRT,EPRT,success,755,2026-03-16 13:30:00+00:00,2026-06-05 20:00:00+00:00,America/New_York,2026-06-07 10:34:36.365941+00:00,
INGR,INGR,success,755,2026-03-16 13:30:00+00:00,2026-06-05 20:00:00+00:00,America/New_York,2026-06-07 10:34:36.389025+00:00,
FNB,FNB,success,755,2026-03-16 13:30:00+00:00,2026-06-05 20:00:00+00:00,America/New_York,2026-06-07 10:34:36.390019+00:00,
SYRE,SYRE,success,755,2026-03-16 13:30:00+00:00,2026-06-05 20:00:00+00:00,America/New_York,2026-06-07 10:34:36.444157+00:00,
MHK,MHK,success,755,2026-03-16 13:30:00+00:00,2026-06-05 20:00:00+00:00,America/New_York,2026-06-07 10:34:36.483465+00:00,
WH,WH,success,755,2026-03-16 13:30:00+00:00,2026-06-05 20:00:00+00:00,America/New_York,2026-06-07 10:34:36.549155+00:00,
MSA,MSA,success,754,2026-03-16 13:30:00+00:00,2026-06-05 20:00:00+00:00,America/New_York,2026-06-07 10:34:36.548151+00:00,
IMVT,IMVT,success,755,2026-03-16 13:30:00+00:00,2026-06-05 20:00:00+00:00,America/New_York,2026-06-07 10:34:36.626008+00:00,
PSN,PSN,success,755,2026-03-16 13:30:00+00:00,2026-06-05 20:00:00+00:00,America/New_York,2026-06-07 10:34:36.626008+00:00,
AVTR,AVTR,success,755,2026-03-16 13:30:00+00:00,2026-06-05 20:00:00+00:00,America/New_York,2026-06-07 10:34:36.735156+00:00,
STWD,STWD,success,755,2026-03-16 13:30:00+00:00,2026-06-05 20:00:00+00:00,America/New_York,2026-06-07 10:34:36.706936+00:00,
EAT,EAT,success,755,2026-03-16 13:30:00+00:00,2026-06-05 20:00:00+00:00,America/New_York,2026-06-07 10:34:36.789527+00:00,
ROAD,ROAD,success,755,2026-03-16 13:30:00+00:00,2026-06-05 20:00:00+00:00,America/New_York,2026-06-07 10:34:36.821649+00:00,
CAG,CAG,success,755,2026-03-16 13:30:00+00:00,2026-06-05 20:00:00+00:00,America/New_York,2026-06-07 10:34:36.849742+00:00,
CAR,CAR,success,755,2026-03-16 13:30:00+00:00,2026-06-05 20:00:00+00:00,America/New_York,2026-06-07 10:34:36.850742+00:00,
PTGX,PTGX,success,755,2026-03-16 13:30:00+00:00,2026-06-05 20:00:00+00:00,America/New_York,2026-06-07 10:34:36.921661+00:00,
CROX,CROX,success,755,2026-03-16 13:30:00+00:00,2026-06-05 20:00:00+00:00,America/New_York,2026-06-07 10:34:36.945820+00:00,
GVA,GVA,success,755,2026-03-16 13:30:00+00:00,2026-06-05 20:00:00+00:00,America/New_York,2026-06-07 10:34:36.979216+00:00,
PCTY,PCTY,success,755,2026-03-16 13:30:00+00:00,2026-06-05 20:00:00+00:00,America/New_York,2026-06-07 10:34:37.022979+00:00,
VAL,VAL,success,755,2026-03-16 13:30:00+00:00,2026-06-05 20:00:00+00:00,America/New_York,2026-06-07 10:34:37.138638+00:00,
GBCI,GBCI,success,755,2026-03-16 13:30:00+00:00,2026-06-05 20:00:00+00:00,America/New_York,2026-06-07 10:34:37.169314+00:00,
GATX,GATX,success,754,2026-03-16 13:30:00+00:00,2026-06-05 20:00:00+00:00,America/New_York,2026-06-07 10:34:37.281549+00:00,
UBSI,UBSI,success,755,2026-03-16 13:30:00+00:00,2026-06-05 20:00:00+00:00,America/New_York,2026-06-07 10:34:37.224190+00:00,
URBN,URBN,success,755,2026-03-16 13:30:00+00:00,2026-06-05 20:00:00+00:00,America/New_York,2026-06-07 10:34:37.254964+00:00,
RSI,RSI,success,755,2026-03-16 13:30:00+00:00,2026-06-05 20:00:00+00:00,America/New_York,2026-06-07 10:34:37.317142+00:00,
RRR,RRR,success,755,2026-03-16 13:30:00+00:00,2026-06-05 20:00:00+00:00,America/New_York,2026-06-07 10:34:37.459707+00:00,
FIGR,FIGR,success,755,2026-03-16 13:30:00+00:00,2026-06-05 20:00:00+00:00,America/New_York,2026-06-07 10:34:37.385873+00:00,
UEC,UEC,success,755,2026-03-16 13:30:00+00:00,2026-06-05 20:00:00+00:00,America/New_York,2026-06-07 10:34:37.341747+00:00,
GTX,GTX,success,755,2026-03-16 13:30:00+00:00,2026-06-05 20:00:00+00:00,America/New_York,2026-06-07 10:34:37.577213+00:00,
CZR,CZR,success,755,2026-03-16 13:30:00+00:00,2026-06-05 20:00:00+00:00,America/New_York,2026-06-07 10:34:37.531605+00:00,
CHDN,CHDN,success,755,2026-03-16 13:30:00+00:00,2026-06-05 20:00:00+00:00,America/New_York,2026-06-07 10:34:37.577213+00:00,
VSXY,VSXY,success,53,2026-06-02 13:30:00+00:00,2026-06-05 20:00:00+00:00,America/New_York,2026-06-07 10:34:37.813146+00:00,
AROC,AROC,success,755,2026-03-16 13:30:00+00:00,2026-06-05 20:00:00+00:00,America/New_York,2026-06-07 10:34:37.742026+00:00,
LEGN,LEGN,success,755,2026-03-16 13:30:00+00:00,2026-06-05 20:00:00+00:00,America/New_York,2026-06-07 10:34:37.646480+00:00,
ACA,ACA,success,755,2026-03-16 13:30:00+00:00,2026-06-05 20:00:00+00:00,America/New_York,2026-06-07 10:34:37.765585+00:00,
ZGN,ZGN,success,755,2026-03-16 13:30:00+00:00,2026-06-05 20:00:00+00:00,America/New_York,2026-06-07 10:34:37.789925+00:00,
OGC,OGC,success,557,2026-04-07 13:30:00+00:00,2026-06-05 20:00:00+00:00,America/New_York,2026-06-07 10:34:37.862546+00:00,
PEGA,PEGA,success,755,2026-03-16 13:30:00+00:00,2026-06-05 20:00:00+00:00,America/New_York,2026-06-07 10:34:37.955664+00:00,
CENX,CENX,success,755,2026-03-16 13:30:00+00:00,2026-06-05 20:00:00+00:00,America/New_York,2026-06-07 10:34:37.931595+00:00,
PATH,PATH,success,755,2026-03-16 13:30:00+00:00,2026-06-05 20:00:00+00:00,America/New_York,2026-06-07 10:34:37.988762+00:00,
LOAR,LOAR,success,755,2026-03-16 13:30:00+00:00,2026-06-05 20:00:00+00:00,America/New_York,2026-06-07 10:34:38.060012+00:00,
ABCB,ABCB,success,755,2026-03-16 13:30:00+00:00,2026-06-05 20:00:00+00:00,America/New_York,2026-06-07 10:34:38.178276+00:00,
CHE,CHE,success,755,2026-03-16 13:30:00+00:00,2026-06-05 20:00:00+00:00,America/New_York,2026-06-07 10:34:38.099604+00:00,
CNTA,CNTA,success,755,2026-03-16 13:30:00+00:00,2026-06-05 20:00:00+00:00,America/New_York,2026-06-07 10:34:38.153667+00:00,
HIMS,HIMS,success,755,2026-03-16 13:30:00+00:00,2026-06-05 20:00:00+00:00,America/New_York,2026-06-07 10:34:38.127185+00:00,
M,M,success,755,2026-03-16 13:30:00+00:00,2026-06-05 20:00:00+00:00,America/New_York,2026-06-07 10:34:38.354219+00:00,
POR,POR,success,755,2026-03-16 13:30:00+00:00,2026-06-05 20:00:00+00:00,America/New_York,2026-06-07 10:34:38.284016+00:00,
HWC,HWC,success,755,2026-03-16 13:30:00+00:00,2026-06-05 20:00:00+00:00,America/New_York,2026-06-07 10:34:38.225797+00:00,
KYMR,KYMR,success,755,2026-03-16 13:30:00+00:00,2026-06-05 20:00:00+00:00,America/New_York,2026-06-07 10:34:38.251365+00:00,
MATX,MATX,success,754,2026-03-16 13:30:00+00:00,2026-06-05 20:00:00+00:00,America/New_York,2026-06-07 10:34:38.398236+00:00,
TFPM,TFPM,success,755,2026-03-16 13:30:00+00:00,2026-06-05 20:00:00+00:00,America/New_York,2026-06-07 10:34:38.449134+00:00,
ACT,ACT,success,755,2026-03-16 13:30:00+00:00,2026-06-05 20:00:00+00:00,America/New_York,2026-06-07 10:34:38.578165+00:00,
NSA,NSA,success,755,2026-03-16 13:30:00+00:00,2026-06-05 20:00:00+00:00,America/New_York,2026-06-07 10:34:38.645806+00:00,
TEO,TEO,success,755,2026-03-16 13:30:00+00:00,2026-06-05 20:00:00+00:00,America/New_York,2026-06-07 10:34:38.820867+00:00,
FLG,FLG,success,755,2026-03-16 13:30:00+00:00,2026-06-05 20:00:00+00:00,America/New_York,2026-06-07 10:34:38.725567+00:00,
BMA,BMA,success,755,2026-03-16 13:30:00+00:00,2026-06-05 20:00:00+00:00,America/New_York,2026-06-07 10:34:38.758315+00:00,
APPF,APPF,success,755,2026-03-16 13:30:00+00:00,2026-06-05 20:00:00+00:00,America/New_York,2026-06-07 10:34:38.880188+00:00,
VSNT,VSNT,success,755,2026-03-16 13:30:00+00:00,2026-06-05 20:00:00+00:00,America/New_York,2026-06-07 10:34:38.921833+00:00,
LW,LW,success,755,2026-03-16 13:30:00+00:00,2026-06-05 20:00:00+00:00,America/New_York,2026-06-07 10:34:38.856961+00:00,
AXTI,AXTI,success,755,2026-03-16 13:30:00+00:00,2026-06-05 20:00:00+00:00,America/New_York,2026-06-07 10:34:38.757317+00:00,
TAL,TAL,success,755,2026-03-16 13:30:00+00:00,2026-06-05 20:00:00+00:00,America/New_York,2026-06-07 10:34:39.016581+00:00,
NVTS,NVTS,success,755,2026-03-16 13:30:00+00:00,2026-06-05 20:00:00+00:00,America/New_York,2026-06-07 10:34:39.142982+00:00,
ENIC,ENIC,success,755,2026-03-16 13:30:00+00:00,2026-06-05 20:00:00+00:00,America/New_York,2026-06-07 10:34:39.183631+00:00,
FLY,FLY,success,755,2026-03-16 13:30:00+00:00,2026-06-05 20:00:00+00:00,America/New_York,2026-06-07 10:34:39.228304+00:00,
PACS,PACS,success,755,2026-03-16 13:30:00+00:00,2026-06-05 20:00:00+00:00,America/New_York,2026-06-07 10:34:39.321612+00:00,
RYTM,RYTM,success,755,2026-03-16 13:30:00+00:00,2026-06-05 20:00:00+00:00,America/New_York,2026-06-07 10:34:39.380806+00:00,
TFX,TFX,success,755,2026-03-16 13:30:00+00:00,2026-06-05 20:00:00+00:00,America/New_York,2026-06-07 10:34:39.354707+00:00,
KRG,KRG,success,755,2026-03-16 13:30:00+00:00,2026-06-05 20:00:00+00:00,America/New_York,2026-06-07 10:34:39.421779+00:00,
VCTR,VCTR,success,755,2026-03-16 13:30:00+00:00,2026-06-05 20:00:00+00:00,America/New_York,2026-06-07 10:34:39.485499+00:00,
BLTE,BLTE,success,745,2026-03-16 13:30:00+00:00,2026-06-05 20:00:00+00:00,America/New_York,2026-06-07 10:34:39.607385+00:00,
PTCT,PTCT,success,755,2026-03-16 13:30:00+00:00,2026-06-05 20:00:00+00:00,America/New_York,2026-06-07 10:34:39.696469+00:00,
CACC,CACC,success,753,2026-03-16 13:30:00+00:00,2026-06-05 20:00:00+00:00,America/New_York,2026-06-07 10:34:39.560711+00:00,
OZK,OZK,success,755,2026-03-16 13:30:00+00:00,2026-06-05 20:00:00+00:00,America/New_York,2026-06-07 10:34:39.659757+00:00,
MCY,MCY,success,755,2026-03-16 13:30:00+00:00,2026-06-05 20:00:00+00:00,America/New_York,2026-06-07 10:34:39.781473+00:00,
G,G,success,755,2026-03-16 13:30:00+00:00,2026-06-05 20:00:00+00:00,America/New_York,2026-06-07 10:34:39.751467+00:00,
BB,BB,success,755,2026-03-16 13:30:00+00:00,2026-06-05 20:00:00+00:00,America/New_York,2026-06-07 10:34:39.859967+00:00,
OTEX,OTEX,success,755,2026-03-16 13:30:00+00:00,2026-06-05 20:00:00+00:00,America/New_York,2026-06-07 10:34:39.822213+00:00,
NOVT,NOVT,success,755,2026-03-16 13:30:00+00:00,2026-06-05 20:00:00+00:00,America/New_York,2026-06-07 10:34:40.034440+00:00,
BTG,BTG,success,755,2026-03-16 13:30:00+00:00,2026-06-05 20:00:00+00:00,America/New_York,2026-06-07 10:34:39.894709+00:00,
MIRM,MIRM,success,755,2026-03-16 13:30:00+00:00,2026-06-05 20:00:00+00:00,America/New_York,2026-06-07 10:34:39.942964+00:00,
NICE,NICE,success,755,2026-03-16 13:30:00+00:00,2026-06-05 20:00:00+00:00,America/New_York,2026-06-07 10:34:39.944751+00:00,
CE,CE,success,755,2026-03-16 13:30:00+00:00,2026-06-05 20:00:00+00:00,America/New_York,2026-06-07 10:34:40.099371+00:00,
NJR,NJR,success,755,2026-03-16 13:30:00+00:00,2026-06-05 20:00:00+00:00,America/New_York,2026-06-07 10:34:40.166568+00:00,
COMP,COMP,success,755,2026-03-16 13:30:00+00:00,2026-06-05 20:00:00+00:00,America/New_York,2026-06-07 10:34:40.133873+00:00,
PECO,PECO,success,755,2026-03-16 13:30:00+00:00,2026-06-05 20:00:00+00:00,America/New_York,2026-06-07 10:34:40.236808+00:00,
AMTM,AMTM,success,755,2026-03-16 13:30:00+00:00,2026-06-05 20:00:00+00:00,America/New_York,2026-06-07 10:34:40.306691+00:00,
KOF,KOF,success,752,2026-03-16 13:30:00+00:00,2026-06-05 20:00:00+00:00,America/New_York,2026-06-07 10:34:40.201689+00:00,
GXO,GXO,success,755,2026-03-16 13:30:00+00:00,2026-06-05 20:00:00+00:00,America/New_York,2026-06-07 10:34:40.305687+00:00,
MC,MC,success,755,2026-03-16 13:30:00+00:00,2026-06-05 20:00:00+00:00,America/New_York,2026-06-07 10:34:40.357985+00:00,
NXST,NXST,success,755,2026-03-16 13:30:00+00:00,2026-06-05 20:00:00+00:00,America/New_York,2026-06-07 10:34:40.413689+00:00,
BLCO,BLCO,success,755,2026-03-16 13:30:00+00:00,2026-06-05 20:00:00+00:00,America/New_York,2026-06-07 10:34:40.539487+00:00,
MUR,MUR,success,755,2026-03-16 13:30:00+00:00,2026-06-05 20:00:00+00:00,America/New_York,2026-06-07 10:34:40.487704+00:00,
CPA,CPA,success,755,2026-03-16 13:30:00+00:00,2026-06-05 20:00:00+00:00,America/New_York,2026-06-07 10:34:40.645045+00:00,
PIPR,PIPR,success,755,2026-03-16 13:30:00+00:00,2026-06-05 20:00:00+00:00,America/New_York,2026-06-07 10:34:40.737581+00:00,
OUT,OUT,success,755,2026-03-16 13:30:00+00:00,2026-06-05 20:00:00+00:00,America/New_York,2026-06-07 10:34:40.673303+00:00,
OBDC,OBDC,success,755,2026-03-16 13:30:00+00:00,2026-06-05 20:00:00+00:00,America/New_York,2026-06-07 10:34:40.615397+00:00,
BXSL,BXSL,success,755,2026-03-16 13:30:00+00:00,2026-06-05 20:00:00+00:00,America/New_York,2026-06-07 10:34:40.705439+00:00,
HOMB,HOMB,success,755,2026-03-16 13:30:00+00:00,2026-06-05 20:00:00+00:00,America/New_York,2026-06-07 10:34:40.761723+00:00,
BIPC,BIPC,success,755,2026-03-16 13:30:00+00:00,2026-06-05 20:00:00+00:00,America/New_York,2026-06-07 10:34:40.802271+00:00,
CWST,CWST,success,755,2026-03-16 13:30:00+00:00,2026-06-05 20:00:00+00:00,America/New_York,2026-06-07 10:34:40.860593+00:00,
LYFT,LYFT,success,755,2026-03-16 13:30:00+00:00,2026-06-05 20:00:00+00:00,America/New_York,2026-06-07 10:34:40.992912+00:00,
GLBE,GLBE,success,755,2026-03-16 13:30:00+00:00,2026-06-05 20:00:00+00:00,America/New_York,2026-06-07 10:34:40.931665+00:00,
AUB,AUB,success,755,2026-03-16 13:30:00+00:00,2026-06-05 20:00:00+00:00,America/New_York,2026-06-07 10:34:41.032747+00:00,
ESNT,ESNT,success,755,2026-03-16 13:30:00+00:00,2026-06-05 20:00:00+00:00,America/New_York,2026-06-07 10:34:41.060839+00:00,
S,S,success,755,2026-03-16 13:30:00+00:00,2026-06-05 20:00:00+00:00,America/New_York,2026-06-07 10:34:41.092919+00:00,
SSRM,SSRM,success,755,2026-03-16 13:30:00+00:00,2026-06-05 20:00:00+00:00,America/New_York,2026-06-07 10:34:41.172266+00:00,
GNTX,GNTX,success,755,2026-03-16 13:30:00+00:00,2026-06-05 20:00:00+00:00,America/New_York,2026-06-07 10:34:41.202895+00:00,
MTG,MTG,success,755,2026-03-16 13:30:00+00:00,2026-06-05 20:00:00+00:00,America/New_York,2026-06-07 10:34:41.230701+00:00,
PSMT,PSMT,success,752,2026-03-16 13:30:00+00:00,2026-06-05 20:00:00+00:00,America/New_York,2026-06-07 10:34:41.303065+00:00,
ESAB,ESAB,success,755,2026-03-16 13:30:00+00:00,2026-06-05 20:00:00+00:00,America/New_York,2026-06-07 10:34:41.348698+00:00,
ADT,ADT,success,755,2026-03-16 13:30:00+00:00,2026-06-05 20:00:00+00:00,America/New_York,2026-06-07 10:34:41.295550+00:00,
LQDA,LQDA,success,755,2026-03-16 13:30:00+00:00,2026-06-05 20:00:00+00:00,America/New_York,2026-06-07 10:34:41.423629+00:00,
SIGI,SIGI,success,755,2026-03-16 13:30:00+00:00,2026-06-05 20:00:00+00:00,America/New_York,2026-06-07 10:34:41.371758+00:00,
BGC,BGC,success,755,2026-03-16 13:30:00+00:00,2026-06-05 20:00:00+00:00,America/New_York,2026-06-07 10:34:41.611692+00:00,
STEP,STEP,success,755,2026-03-16 13:30:00+00:00,2026-06-05 20:00:00+00:00,America/New_York,2026-06-07 10:34:41.555055+00:00,
IBP,IBP,success,755,2026-03-16 13:30:00+00:00,2026-06-05 20:00:00+00:00,America/New_York,2026-06-07 10:34:41.513597+00:00,
COGT,COGT,success,755,2026-03-16 13:30:00+00:00,2026-06-05 20:00:00+00:00,America/New_York,2026-06-07 10:34:41.695589+00:00,
GLNG,GLNG,success,755,2026-03-16 13:30:00+00:00,2026-06-05 20:00:00+00:00,America/New_York,2026-06-07 10:34:41.657567+00:00,
MGY,MGY,success,755,2026-03-16 13:30:00+00:00,2026-06-05 20:00:00+00:00,America/New_York,2026-06-07 10:34:41.695589+00:00,
IFS,IFS,success,754,2026-03-16 13:30:00+00:00,2026-06-05 20:00:00+00:00,America/New_York,2026-06-07 10:34:41.753971+00:00,
ONDS,ONDS,success,755,2026-03-16 13:30:00+00:00,2026-06-05 20:00:00+00:00,America/New_York,2026-06-07 10:34:41.753971+00:00,
BKH,BKH,success,755,2026-03-16 13:30:00+00:00,2026-06-05 20:00:00+00:00,America/New_York,2026-06-07 10:34:41.847819+00:00,
WTM,WTM,success,754,2026-03-16 13:30:00+00:00,2026-06-05 20:00:00+00:00,America/New_York,2026-06-07 10:34:41.894804+00:00,
ACMR,ACMR,success,755,2026-03-16 13:30:00+00:00,2026-06-05 20:00:00+00:00,America/New_York,2026-06-07 10:34:41.895803+00:00,
GOLF,GOLF,success,754,2026-03-16 13:30:00+00:00,2026-06-05 20:00:00+00:00,America/New_York,2026-06-07 10:34:41.966570+00:00,
UGP,UGP,success,755,2026-03-16 13:30:00+00:00,2026-06-05 20:00:00+00:00,America/New_York,2026-06-07 10:34:41.988780+00:00,
NAVN,NAVN,success,755,2026-03-16 13:30:00+00:00,2026-06-05 20:00:00+00:00,America/New_York,2026-06-07 10:34:42.026257+00:00,
BC,BC,success,755,2026-03-16 13:30:00+00:00,2026-06-05 20:00:00+00:00,America/New_York,2026-06-07 10:34:42.077213+00:00,
OTF,OTF,success,755,2026-03-16 13:30:00+00:00,2026-06-05 20:00:00+00:00,America/New_York,2026-06-07 10:34:42.114680+00:00,
GTLB,GTLB,success,755,2026-03-16 13:30:00+00:00,2026-06-05 20:00:00+00:00,America/New_York,2026-06-07 10:34:42.211526+00:00,
HCC,HCC,success,755,2026-03-16 13:30:00+00:00,2026-06-05 20:00:00+00:00,America/New_York,2026-06-07 10:34:42.114680+00:00,
ZETA,ZETA,success,755,2026-03-16 13:30:00+00:00,2026-06-05 20:00:00+00:00,America/New_York,2026-06-07 10:34:42.241830+00:00,
MDA,MDA,success,755,2026-03-16 13:30:00+00:00,2026-06-05 20:00:00+00:00,America/New_York,2026-06-07 10:34:42.350762+00:00,
LB,LB,success,755,2026-03-16 13:30:00+00:00,2026-06-05 20:00:00+00:00,America/New_York,2026-06-07 10:34:42.278270+00:00,
RUSHA,RUSHA,success,755,2026-03-16 13:30:00+00:00,2026-06-05 20:00:00+00:00,America/New_York,2026-06-07 10:34:42.374273+00:00,
WFG,WFG,success,755,2026-03-16 13:30:00+00:00,2026-06-05 20:00:00+00:00,America/New_York,2026-06-07 10:34:42.405979+00:00,
SEB,SEB,success,741,2026-03-16 13:30:00+00:00,2026-06-05 20:00:00+00:00,America/New_York,2026-06-07 10:34:42.497884+00:00,
CRC,CRC,success,755,2026-03-16 13:30:00+00:00,2026-06-05 20:00:00+00:00,America/New_York,2026-06-07 10:34:42.434875+00:00,
VSEC,VSEC,success,755,2026-03-16 13:30:00+00:00,2026-06-05 20:00:00+00:00,America/New_York,2026-06-07 10:34:42.535176+00:00,
BCPC,BCPC,success,752,2026-03-16 13:30:00+00:00,2026-06-05 20:00:00+00:00,America/New_York,2026-06-07 10:34:42.675341+00:00,
EPAM,EPAM,success,755,2026-03-16 13:30:00+00:00,2026-06-05 20:00:00+00:00,America/New_York,2026-06-07 10:34:42.848080+00:00,
DLB,DLB,success,755,2026-03-16 13:30:00+00:00,2026-06-05 20:00:00+00:00,America/New_York,2026-06-07 10:34:42.779184+00:00,
KLIC,KLIC,success,755,2026-03-16 13:30:00+00:00,2026-06-05 20:00:00+00:00,America/New_York,2026-06-07 10:34:42.673804+00:00,
WEX,WEX,success,755,2026-03-16 13:30:00+00:00,2026-06-05 20:00:00+00:00,America/New_York,2026-06-07 10:34:42.740323+00:00,
BOOT,BOOT,success,755,2026-03-16 13:30:00+00:00,2026-06-05 20:00:00+00:00,America/New_York,2026-06-07 10:34:42.915485+00:00,
FND,FND,success,755,2026-03-16 13:30:00+00:00,2026-06-05 20:00:00+00:00,America/New_York,2026-06-07 10:34:42.916482+00:00,
DUOL,DUOL,success,755,2026-03-16 13:30:00+00:00,2026-06-05 20:00:00+00:00,America/New_York,2026-06-07 10:34:42.992566+00:00,
SEI,SEI,success,755,2026-03-16 13:30:00+00:00,2026-06-05 20:00:00+00:00,America/New_York,2026-06-07 10:34:43.043287+00:00,
RITM,RITM,success,755,2026-03-16 13:30:00+00:00,2026-06-05 20:00:00+00:00,America/New_York,2026-06-07 10:34:43.095429+00:00,
CHH,CHH,success,755,2026-03-16 13:30:00+00:00,2026-06-05 20:00:00+00:00,America/New_York,2026-06-07 10:34:43.174190+00:00,
SRRK,SRRK,success,755,2026-03-16 13:30:00+00:00,2026-06-05 20:00:00+00:00,America/New_York,2026-06-07 10:34:43.203270+00:00,
TKC,TKC,success,754,2026-03-16 13:30:00+00:00,2026-06-05 20:00:00+00:00,America/New_York,2026-06-07 10:34:43.249155+00:00,
STVN,STVN,success,755,2026-03-16 13:30:00+00:00,2026-06-05 20:00:00+00:00,America/New_York,2026-06-07 10:34:43.314906+00:00,
SPHR,SPHR,success,755,2026-03-16 13:30:00+00:00,2026-06-05 20:00:00+00:00,America/New_York,2026-06-07 10:34:43.364958+00:00,
IRDM,IRDM,success,755,2026-03-16 13:30:00+00:00,2026-06-05 20:00:00+00:00,America/New_York,2026-06-07 10:34:43.315904+00:00,
AUGO,AUGO,success,755,2026-03-16 13:30:00+00:00,2026-06-05 20:00:00+00:00,America/New_York,2026-06-07 10:34:43.364958+00:00,
CRSP,CRSP,success,755,2026-03-16 13:30:00+00:00,2026-06-05 20:00:00+00:00,America/New_York,2026-06-07 10:34:43.422095+00:00,
AX,AX,success,755,2026-03-16 13:30:00+00:00,2026-06-05 20:00:00+00:00,America/New_York,2026-06-07 10:34:43.487614+00:00,
CIGI,CIGI,success,754,2026-03-16 13:30:00+00:00,2026-06-05 20:00:00+00:00,America/New_York,2026-06-07 10:34:43.741430+00:00,
EQPT,EQPT,success,755,2026-03-16 13:30:00+00:00,2026-06-05 20:00:00+00:00,America/New_York,2026-06-07 10:34:43.815057+00:00,
SAIC,SAIC,success,755,2026-03-16 13:30:00+00:00,2026-06-05 20:00:00+00:00,America/New_York,2026-06-07 10:34:43.650636+00:00,
HASI,HASI,success,755,2026-03-16 13:30:00+00:00,2026-06-05 20:00:00+00:00,America/New_York,2026-06-07 10:34:43.872642+00:00,
ALH,ALH,success,755,2026-03-16 13:30:00+00:00,2026-06-05 20:00:00+00:00,America/New_York,2026-06-07 10:34:43.871254+00:00,
XENE,XENE,success,755,2026-03-16 13:30:00+00:00,2026-06-05 20:00:00+00:00,America/New_York,2026-06-07 10:34:43.951219+00:00,
GHC,GHC,success,747,2026-03-16 13:30:00+00:00,2026-06-05 20:00:00+00:00,America/New_York,2026-06-07 10:34:43.839115+00:00,
ALK,ALK,success,755,2026-03-16 13:30:00+00:00,2026-06-05 20:00:00+00:00,America/New_York,2026-06-07 10:34:43.988220+00:00,
HNGE,HNGE,success,755,2026-03-16 13:30:00+00:00,2026-06-05 20:00:00+00:00,America/New_York,2026-06-07 10:34:44.027974+00:00,
PBF,PBF,success,755,2026-03-16 13:30:00+00:00,2026-06-05 20:00:00+00:00,America/New_York,2026-06-07 10:34:44.080685+00:00,
LPX,LPX,success,755,2026-03-16 13:30:00+00:00,2026-06-05 20:00:00+00:00,America/New_York,2026-06-07 10:34:44.158592+00:00,
PRM,PRM,success,755,2026-03-16 13:30:00+00:00,2026-06-05 20:00:00+00:00,America/New_York,2026-06-07 10:34:44.056566+00:00,
OGS,OGS,success,755,2026-03-16 13:30:00+00:00,2026-06-05 20:00:00+00:00,America/New_York,2026-06-07 10:34:44.190950+00:00,
USAR,USAR,success,755,2026-03-16 13:30:00+00:00,2026-06-05 20:00:00+00:00,America/New_York,2026-06-07 10:34:44.239571+00:00,
GBTG,GBTG,success,755,2026-03-16 13:30:00+00:00,2026-06-05 20:00:00+00:00,America/New_York,2026-06-07 10:34:44.283546+00:00,
CVLT,CVLT,success,755,2026-03-16 13:30:00+00:00,2026-06-05 20:00:00+00:00,America/New_York,2026-06-07 10:34:44.324582+00:00,
HRB,HRB,success,755,2026-03-16 13:30:00+00:00,2026-06-05 20:00:00+00:00,America/New_York,2026-06-07 10:34:44.376470+00:00,
FCN,FCN,success,755,2026-03-16 13:30:00+00:00,2026-06-05 20:00:00+00:00,America/New_York,2026-06-07 10:34:44.349176+00:00,
SR,SR,success,755,2026-03-16 13:30:00+00:00,2026-06-05 20:00:00+00:00,America/New_York,2026-06-07 10:34:44.488981+00:00,
MTN,MTN,success,755,2026-03-16 13:30:00+00:00,2026-06-05 20:00:00+00:00,America/New_York,2026-06-07 10:34:44.516567+00:00,
LPL,LPL,success,755,2026-03-16 13:30:00+00:00,2026-06-05 20:00:00+00:00,America/New_York,2026-06-07 10:34:44.523593+00:00,
RLI,RLI,success,755,2026-03-16 13:30:00+00:00,2026-06-05 20:00:00+00:00,America/New_York,2026-06-07 10:34:44.591099+00:00,
CNR,CNR,success,755,2026-03-16 13:30:00+00:00,2026-06-05 20:00:00+00:00,America/New_York,2026-06-07 10:34:44.651150+00:00,
CNX,CNX,success,755,2026-03-16 13:30:00+00:00,2026-06-05 20:00:00+00:00,America/New_York,2026-06-07 10:34:44.679366+00:00,
SXT,SXT,success,755,2026-03-16 13:30:00+00:00,2026-06-05 20:00:00+00:00,America/New_York,2026-06-07 10:34:44.781017+00:00,
WSC,WSC,success,755,2026-03-16 13:30:00+00:00,2026-06-05 20:00:00+00:00,America/New_York,2026-06-07 10:34:44.737867+00:00,
PAM,PAM,success,755,2026-03-16 13:30:00+00:00,2026-06-05 20:00:00+00:00,America/New_York,2026-06-07 10:34:44.937714+00:00,
CGON,CGON,success,755,2026-03-16 13:30:00+00:00,2026-06-05 20:00:00+00:00,America/New_York,2026-06-07 10:34:45.022267+00:00,
SYNA,SYNA,success,755,2026-03-16 13:30:00+00:00,2026-06-05 20:00:00+00:00,America/New_York,2026-06-07 10:34:44.973495+00:00,
TGS,TGS,success,755,2026-03-16 13:30:00+00:00,2026-06-05 20:00:00+00:00,America/New_York,2026-06-07 10:34:44.847133+00:00,
REYN,REYN,success,755,2026-03-16 13:30:00+00:00,2026-06-05 20:00:00+00:00,America/New_York,2026-06-07 10:34:45.120402+00:00,
LAUR,LAUR,success,755,2026-03-16 13:30:00+00:00,2026-06-05 20:00:00+00:00,America/New_York,2026-06-07 10:34:45.118880+00:00,
EBC,EBC,success,755,2026-03-16 13:30:00+00:00,2026-06-05 20:00:00+00:00,America/New_York,2026-06-07 10:34:45.118880+00:00,
MAAS,MAAS,success,533,2026-03-16 19:30:00+00:00,2026-06-05 20:00:00+00:00,America/New_York,2026-06-07 10:34:45.243214+00:00,
UNF,UNF,success,754,2026-03-16 13:30:00+00:00,2026-06-05 20:00:00+00:00,America/New_York,2026-06-07 10:34:45.332186+00:00,
OLLI,OLLI,success,755,2026-03-16 13:30:00+00:00,2026-06-05 20:00:00+00:00,America/New_York,2026-06-07 10:34:45.330678+00:00,
KVYO,KVYO,success,755,2026-03-16 13:30:00+00:00,2026-06-05 20:00:00+00:00,America/New_York,2026-06-07 10:34:45.286915+00:00,
INDV,INDV,success,755,2026-03-16 13:30:00+00:00,2026-06-05 20:00:00+00:00,America/New_York,2026-06-07 10:34:45.330678+00:00,
DIOD,DIOD,success,755,2026-03-16 13:30:00+00:00,2026-06-05 20:00:00+00:00,America/New_York,2026-06-07 10:34:45.458856+00:00,
SITE,SITE,success,755,2026-03-16 13:30:00+00:00,2026-06-05 20:00:00+00:00,America/New_York,2026-06-07 10:34:45.503047+00:00,
OMAB,OMAB,success,735,2026-03-16 13:30:00+00:00,2026-06-05 20:00:00+00:00,America/New_York,2026-06-07 10:34:45.634781+00:00,
SON,SON,success,755,2026-03-16 13:30:00+00:00,2026-06-05 20:00:00+00:00,America/New_York,2026-06-07 10:34:45.553461+00:00,
CAI,CAI,success,755,2026-03-16 13:30:00+00:00,2026-06-05 20:00:00+00:00,America/New_York,2026-06-07 10:34:45.595917+00:00,
UFPI,UFPI,success,755,2026-03-16 13:30:00+00:00,2026-06-05 20:00:00+00:00,America/New_York,2026-06-07 10:34:45.809938+00:00,
CSTM,CSTM,success,755,2026-03-16 13:30:00+00:00,2026-06-05 20:00:00+00:00,America/New_York,2026-06-07 10:34:45.749286+00:00,
REZI,REZI,success,755,2026-03-16 13:30:00+00:00,2026-06-05 20:00:00+00:00,America/New_York,2026-06-07 10:34:45.708152+00:00,
FBIN,FBIN,success,755,2026-03-16 13:30:00+00:00,2026-06-05 20:00:00+00:00,America/New_York,2026-06-07 10:34:45.993682+00:00,
LGND,LGND,success,751,2026-03-16 13:30:00+00:00,2026-06-05 20:00:00+00:00,America/New_York,2026-06-07 10:34:45.991676+00:00,
TNL,TNL,success,755,2026-03-16 13:30:00+00:00,2026-06-05 20:00:00+00:00,America/New_York,2026-06-07 10:34:46.167393+00:00,
CUZ,CUZ,success,755,2026-03-16 13:30:00+00:00,2026-06-05 20:00:00+00:00,America/New_York,2026-06-07 10:34:46.304231+00:00,
FFIN,FFIN,success,755,2026-03-16 13:30:00+00:00,2026-06-05 20:00:00+00:00,America/New_York,2026-06-07 10:34:46.258290+00:00,
NNI,NNI,success,734,2026-03-16 13:30:00+00:00,2026-06-05 20:00:00+00:00,America/New_York,2026-06-07 10:34:46.331551+00:00,
CNO,CNO,success,755,2026-03-16 13:30:00+00:00,2026-06-05 20:00:00+00:00,America/New_York,2026-06-07 10:34:46.332548+00:00,
SBRA,SBRA,success,755,2026-03-16 13:30:00+00:00,2026-06-05 20:00:00+00:00,America/New_York,2026-06-07 10:34:46.204576+00:00,
QS,QS,success,755,2026-03-16 13:30:00+00:00,2026-06-05 20:00:00+00:00,America/New_York,2026-06-07 10:34:46.452347+00:00,
TCBI,TCBI,success,755,2026-03-16 13:30:00+00:00,2026-06-05 20:00:00+00:00,America/New_York,2026-06-07 10:34:46.414014+00:00,
MAIN,MAIN,success,755,2026-03-16 13:30:00+00:00,2026-06-05 20:00:00+00:00,America/New_York,2026-06-07 10:34:46.517206+00:00,
ATAT,ATAT,success,755,2026-03-16 13:30:00+00:00,2026-06-05 20:00:00+00:00,America/New_York,2026-06-07 10:34:46.631353+00:00,
AQN,AQN,success,755,2026-03-16 13:30:00+00:00,2026-06-05 20:00:00+00:00,America/New_York,2026-06-07 10:34:46.600096+00:00,
TFSL,TFSL,success,755,2026-03-16 13:30:00+00:00,2026-06-05 20:00:00+00:00,America/New_York,2026-06-07 10:34:46.702193+00:00,
LBRT,LBRT,success,755,2026-03-16 13:30:00+00:00,2026-06-05 20:00:00+00:00,America/New_York,2026-06-07 10:34:46.746233+00:00,
MTRN,MTRN,success,755,2026-03-16 13:30:00+00:00,2026-06-05 20:00:00+00:00,America/New_York,2026-06-07 10:34:46.898883+00:00,
ALM,ALM,success,755,2026-03-16 13:30:00+00:00,2026-06-05 20:00:00+00:00,America/New_York,2026-06-07 10:34:46.870756+00:00,
ASB,ASB,success,755,2026-03-16 13:30:00+00:00,2026-06-05 20:00:00+00:00,America/New_York,2026-06-07 10:34:46.812063+00:00,
FTDR,FTDR,success,755,2026-03-16 13:30:00+00:00,2026-06-05 20:00:00+00:00,America/New_York,2026-06-07 10:34:46.813063+00:00,
HRI,HRI,success,755,2026-03-16 13:30:00+00:00,2026-06-05 20:00:00+00:00,America/New_York,2026-06-07 10:34:46.995557+00:00,
MTH,MTH,success,755,2026-03-16 13:30:00+00:00,2026-06-05 20:00:00+00:00,America/New_York,2026-06-07 10:34:46.949363+00:00,
MARA,MARA,success,755,2026-03-16 13:30:00+00:00,2026-06-05 20:00:00+00:00,America/New_York,2026-06-07 10:34:47.055899+00:00,
AIR,AIR,success,755,2026-03-16 13:30:00+00:00,2026-06-05 20:00:00+00:00,America/New_York,2026-06-07 10:34:47.193215+00:00,
VVV,VVV,success,755,2026-03-16 13:30:00+00:00,2026-06-05 20:00:00+00:00,America/New_York,2026-06-07 10:34:47.330588+00:00,
RDN,RDN,success,755,2026-03-16 13:30:00+00:00,2026-06-05 20:00:00+00:00,America/New_York,2026-06-07 10:34:47.252795+00:00,
CECO,CECO,success,755,2026-03-16 13:30:00+00:00,2026-06-05 20:00:00+00:00,America/New_York,2026-06-07 10:34:47.294491+00:00,
WHD,WHD,success,755,2026-03-16 13:30:00+00:00,2026-06-05 20:00:00+00:00,America/New_York,2026-06-07 10:34:47.362713+00:00,
IPGP,IPGP,success,755,2026-03-16 13:30:00+00:00,2026-06-05 20:00:00+00:00,America/New_York,2026-06-07 10:34:47.447095+00:00,
IBOC,IBOC,success,755,2026-03-16 13:30:00+00:00,2026-06-05 20:00:00+00:00,America/New_York,2026-06-07 10:34:47.402326+00:00,
TBBB,TBBB,success,754,2026-03-16 13:30:00+00:00,2026-06-05 20:00:00+00:00,America/New_York,2026-06-07 10:34:47.522588+00:00,
EXLS,EXLS,success,755,2026-03-16 13:30:00+00:00,2026-06-05 20:00:00+00:00,America/New_York,2026-06-07 10:34:47.492975+00:00,
LFTO,LFTO,success,15,2026-06-04 19:30:00+00:00,2026-06-05 20:00:00+00:00,America/New_York,2026-06-07 10:34:47.672230+00:00,
KBR,KBR,success,755,2026-03-16 13:30:00+00:00,2026-06-05 20:00:00+00:00,America/New_York,2026-06-07 10:34:47.591438+00:00,
ACLS,ACLS,success,755,2026-03-16 13:30:00+00:00,2026-06-05 20:00:00+00:00,America/New_York,2026-06-07 10:34:47.558394+00:00,
CSW,CSW,success,755,2026-03-16 13:30:00+00:00,2026-06-05 20:00:00+00:00,America/New_York,2026-06-07 10:34:47.628000+00:00,
MEOH,MEOH,success,755,2026-03-16 13:30:00+00:00,2026-06-05 20:00:00+00:00,America/New_York,2026-06-07 10:34:47.794412+00:00,
MRP,MRP,success,755,2026-03-16 13:30:00+00:00,2026-06-05 20:00:00+00:00,America/New_York,2026-06-07 10:34:47.775724+00:00,
PLUG,PLUG,success,755,2026-03-16 13:30:00+00:00,2026-06-05 20:00:00+00:00,America/New_York,2026-06-07 10:34:47.736607+00:00,
HLNE,HLNE,success,755,2026-03-16 13:30:00+00:00,2026-06-05 20:00:00+00:00,America/New_York,2026-06-07 10:34:47.752689+00:00,
PTEN,PTEN,success,755,2026-03-16 13:30:00+00:00,2026-06-05 20:00:00+00:00,America/New_York,2026-06-07 10:34:47.822546+00:00,
LBRDK,LBRDK,success,755,2026-03-16 13:30:00+00:00,2026-06-05 20:00:00+00:00,America/New_York,2026-06-07 10:34:47.850018+00:00,
SHC,SHC,success,755,2026-03-16 13:30:00+00:00,2026-06-05 20:00:00+00:00,America/New_York,2026-06-07 10:34:47.879608+00:00,
SLM,SLM,success,755,2026-03-16 13:30:00+00:00,2026-06-05 20:00:00+00:00,America/New_York,2026-06-07 10:34:47.920255+00:00,
DOO,DOO,success,755,2026-03-16 13:30:00+00:00,2026-06-05 20:00:00+00:00,America/New_York,2026-06-07 10:34:47.978328+00:00,
RXO,RXO,success,755,2026-03-16 13:30:00+00:00,2026-06-05 20:00:00+00:00,America/New_York,2026-06-07 10:34:48.055491+00:00,
FELE,FELE,success,755,2026-03-16 13:30:00+00:00,2026-06-05 20:00:00+00:00,America/New_York,2026-06-07 10:34:48.129176+00:00,
ACIW,ACIW,success,755,2026-03-16 13:30:00+00:00,2026-06-05 20:00:00+00:00,America/New_York,2026-06-07 10:34:48.033424+00:00,
LAZ,LAZ,success,755,2026-03-16 13:30:00+00:00,2026-06-05 20:00:00+00:00,America/New_York,2026-06-07 10:34:48.081599+00:00,
LRN,LRN,success,755,2026-03-16 13:30:00+00:00,2026-06-05 20:00:00+00:00,America/New_York,2026-06-07 10:34:48.154207+00:00,
CVSA,CVSA,success,755,2026-03-16 13:30:00+00:00,2026-06-05 20:00:00+00:00,America/New_York,2026-06-07 10:34:48.206328+00:00,
CMBT,CMBT,success,755,2026-03-16 13:30:00+00:00,2026-06-05 20:00:00+00:00,America/New_York,2026-06-07 10:34:48.233413+00:00,
DNTH,DNTH,success,755,2026-03-16 13:30:00+00:00,2026-06-05 20:00:00+00:00,America/New_York,2026-06-07 10:34:48.182257+00:00,
MDU,MDU,success,755,2026-03-16 13:30:00+00:00,2026-06-05 20:00:00+00:00,America/New_York,2026-06-07 10:34:48.327789+00:00,
EPR,EPR,success,755,2026-03-16 13:30:00+00:00,2026-06-05 20:00:00+00:00,America/New_York,2026-06-07 10:34:48.285160+00:00,
AD,AD,success,753,2026-03-16 13:30:00+00:00,2026-06-05 20:00:00+00:00,America/New_York,2026-06-07 10:34:48.349646+00:00,
KRC,KRC,success,755,2026-03-16 13:30:00+00:00,2026-06-05 20:00:00+00:00,America/New_York,2026-06-07 10:34:48.382744+00:00,
MNDY,MNDY,success,755,2026-03-16 13:30:00+00:00,2026-06-05 20:00:00+00:00,America/New_York,2026-06-07 10:34:48.423091+00:00,
FHI,FHI,success,755,2026-03-16 13:30:00+00:00,2026-06-05 20:00:00+00:00,America/New_York,2026-06-07 10:34:48.633925+00:00,
POWI,POWI,success,755,2026-03-16 13:30:00+00:00,2026-06-05 20:00:00+00:00,America/New_York,2026-06-07 10:34:48.593195+00:00,
MKTX,MKTX,success,755,2026-03-16 13:30:00+00:00,2026-06-05 20:00:00+00:00,America/New_York,2026-06-07 10:34:48.424090+00:00,
MIR,MIR,success,755,2026-03-16 13:30:00+00:00,2026-06-05 20:00:00+00:00,America/New_York,2026-06-07 10:34:48.560193+00:00,
BLLN,BLLN,success,755,2026-03-16 13:30:00+00:00,2026-06-05 20:00:00+00:00,America/New_York,2026-06-07 10:34:48.534126+00:00,
NWE,NWE,success,755,2026-03-16 13:30:00+00:00,2026-06-05 20:00:00+00:00,America/New_York,2026-06-07 10:34:48.704067+00:00,
SRAD,SRAD,success,755,2026-03-16 13:30:00+00:00,2026-06-05 20:00:00+00:00,America/New_York,2026-06-07 10:34:48.769694+00:00,
AMRX,AMRX,success,755,2026-03-16 13:30:00+00:00,2026-06-05 20:00:00+00:00,America/New_York,2026-06-07 10:34:48.704067+00:00,
CVCO,CVCO,success,753,2026-03-16 13:30:00+00:00,2026-06-05 20:00:00+00:00,America/New_York,2026-06-07 10:34:48.886175+00:00,
CELC,CELC,success,755,2026-03-16 13:30:00+00:00,2026-06-05 20:00:00+00:00,America/New_York,2026-06-07 10:34:48.846030+00:00,
SKY,SKY,success,755,2026-03-16 13:30:00+00:00,2026-06-05 20:00:00+00:00,America/New_York,2026-06-07 10:34:48.911657+00:00,
CBT,CBT,success,755,2026-03-16 13:30:00+00:00,2026-06-05 20:00:00+00:00,America/New_York,2026-06-07 10:34:48.933204+00:00,
SFBS,SFBS,success,755,2026-03-16 13:30:00+00:00,2026-06-05 20:00:00+00:00,America/New_York,2026-06-07 10:34:48.993296+00:00,
ANDG,ANDG,success,753,2026-03-16 13:30:00+00:00,2026-06-05 20:00:00+00:00,America/New_York,2026-06-07 10:34:49.043939+00:00,
TREX,TREX,success,755,2026-03-16 13:30:00+00:00,2026-06-05 20:00:00+00:00,America/New_York,2026-06-07 10:34:49.065999+00:00,
SKT,SKT,success,755,2026-03-16 13:30:00+00:00,2026-06-05 20:00:00+00:00,America/New_York,2026-06-07 10:34:49.090549+00:00,
TWST,TWST,success,755,2026-03-16 13:30:00+00:00,2026-06-05 20:00:00+00:00,America/New_York,2026-06-07 10:34:49.135379+00:00,
FULT,FULT,success,755,2026-03-16 13:30:00+00:00,2026-06-05 20:00:00+00:00,America/New_York,2026-06-07 10:34:49.215033+00:00,
TDS,TDS,success,755,2026-03-16 13:30:00+00:00,2026-06-05 20:00:00+00:00,America/New_York,2026-06-07 10:34:49.137378+00:00,
COCO,COCO,success,755,2026-03-16 13:30:00+00:00,2026-06-05 20:00:00+00:00,America/New_York,2026-06-07 10:34:49.242242+00:00,
RDNT,RDNT,success,755,2026-03-16 13:30:00+00:00,2026-06-05 20:00:00+00:00,America/New_York,2026-06-07 10:34:49.264259+00:00,
OPEN,OPEN,success,755,2026-03-16 13:30:00+00:00,2026-06-05 20:00:00+00:00,America/New_York,2026-06-07 10:34:49.310518+00:00,
KNF,KNF,success,755,2026-03-16 13:30:00+00:00,2026-06-05 20:00:00+00:00,America/New_York,2026-06-07 10:34:49.373325+00:00,
ENVA,ENVA,success,754,2026-03-16 13:30:00+00:00,2026-06-05 20:00:00+00:00,America/New_York,2026-06-07 10:34:49.351779+00:00,
BCO,BCO,success,755,2026-03-16 13:30:00+00:00,2026-06-05 20:00:00+00:00,America/New_York,2026-06-07 10:34:49.509059+00:00,
PFSI,PFSI,success,755,2026-03-16 13:30:00+00:00,2026-06-05 20:00:00+00:00,America/New_York,2026-06-07 10:34:49.550117+00:00,
COLD,COLD,success,755,2026-03-16 13:30:00+00:00,2026-06-05 20:00:00+00:00,America/New_York,2026-06-07 10:34:49.622907+00:00,
MMYT,MMYT,success,755,2026-03-16 13:30:00+00:00,2026-06-05 20:00:00+00:00,America/New_York,2026-06-07 10:34:49.591228+00:00,
BDC,BDC,success,755,2026-03-16 13:30:00+00:00,2026-06-05 20:00:00+00:00,America/New_York,2026-06-07 10:34:49.449086+00:00,
BRC,BRC,success,755,2026-03-16 13:30:00+00:00,2026-06-05 20:00:00+00:00,America/New_York,2026-06-07 10:34:49.655034+00:00,
XMTR,XMTR,success,755,2026-03-16 13:30:00+00:00,2026-06-05 20:00:00+00:00,America/New_York,2026-06-07 10:34:49.682510+00:00,
FLNC,FLNC,success,755,2026-03-16 13:30:00+00:00,2026-06-05 20:00:00+00:00,America/New_York,2026-06-07 10:34:49.683514+00:00,
CAAP,CAAP,success,754,2026-03-16 13:30:00+00:00,2026-06-05 20:00:00+00:00,America/New_York,2026-06-07 10:34:49.739432+00:00,
VNT,VNT,success,755,2026-03-16 13:30:00+00:00,2026-06-05 20:00:00+00:00,America/New_York,2026-06-07 10:34:49.858369+00:00,
AZZ,AZZ,success,754,2026-03-16 13:30:00+00:00,2026-06-05 20:00:00+00:00,America/New_York,2026-06-07 10:34:50.008845+00:00,
PHI,PHI,success,747,2026-03-16 13:30:00+00:00,2026-06-05 20:00:00+00:00,America/New_York,2026-06-07 10:34:50.070682+00:00,
TVTX,TVTX,success,755,2026-03-16 13:30:00+00:00,2026-06-05 20:00:00+00:00,America/New_York,2026-06-07 10:34:50.071682+00:00,
MAT,MAT,success,755,2026-03-16 13:30:00+00:00,2026-06-05 20:00:00+00:00,America/New_York,2026-06-07 10:34:50.198120+00:00,
PJT,PJT,success,755,2026-03-16 13:30:00+00:00,2026-06-05 20:00:00+00:00,America/New_York,2026-06-07 10:34:50.226703+00:00,
OLED,OLED,success,755,2026-03-16 13:30:00+00:00,2026-06-05 20:00:00+00:00,America/New_York,2026-06-07 10:34:50.147416+00:00,
POST,POST,success,755,2026-03-16 13:30:00+00:00,2026-06-05 20:00:00+00:00,America/New_York,2026-06-07 10:34:50.145093+00:00,
BTDR,BTDR,success,755,2026-03-16 13:30:00+00:00,2026-06-05 20:00:00+00:00,America/New_York,2026-06-07 10:34:50.269280+00:00,
ACHR,ACHR,success,755,2026-03-16 13:30:00+00:00,2026-06-05 20:00:00+00:00,America/New_York,2026-06-07 10:34:50.308170+00:00,
HGV,HGV,success,755,2026-03-16 13:30:00+00:00,2026-06-05 20:00:00+00:00,America/New_York,2026-06-07 10:34:50.470774+00:00,
LOPE,LOPE,success,755,2026-03-16 13:30:00+00:00,2026-06-05 20:00:00+00:00,America/New_York,2026-06-07 10:34:50.393257+00:00,
PONY,PONY,success,755,2026-03-16 13:30:00+00:00,2026-06-05 20:00:00+00:00,America/New_York,2026-06-07 10:34:50.600486+00:00,
THO,THO,success,755,2026-03-16 13:30:00+00:00,2026-06-05 20:00:00+00:00,America/New_York,2026-06-07 10:34:50.766026+00:00,
MNSO,MNSO,success,755,2026-03-16 13:30:00+00:00,2026-06-05 20:00:00+00:00,America/New_York,2026-06-07 10:34:50.599487+00:00,
PLNT,PLNT,success,755,2026-03-16 13:30:00+00:00,2026-06-05 20:00:00+00:00,America/New_York,2026-06-07 10:34:50.709504+00:00,
INSW,INSW,success,755,2026-03-16 13:30:00+00:00,2026-06-05 20:00:00+00:00,America/New_York,2026-06-07 10:34:50.851363+00:00,
MMED,MMED,success,755,2026-03-16 13:30:00+00:00,2026-06-05 20:00:00+00:00,America/New_York,2026-06-07 10:34:50.967447+00:00,
IRT,IRT,success,755,2026-03-16 13:30:00+00:00,2026-06-05 20:00:00+00:00,America/New_York,2026-06-07 10:34:51.068924+00:00,
UCB,UCB,success,755,2026-03-16 13:30:00+00:00,2026-06-05 20:00:00+00:00,America/New_York,2026-06-07 10:34:51.041247+00:00,
CLSK,CLSK,success,755,2026-03-16 13:30:00+00:00,2026-06-05 20:00:00+00:00,America/New_York,2026-06-07 10:34:51.129983+00:00,
INDB,INDB,success,755,2026-03-16 13:30:00+00:00,2026-06-05 20:00:00+00:00,America/New_York,2026-06-07 10:34:51.160045+00:00,
QLYS,QLYS,success,755,2026-03-16 13:30:00+00:00,2026-06-05 20:00:00+00:00,America/New_York,2026-06-07 10:34:51.161045+00:00,
MRX,MRX,success,755,2026-03-16 13:30:00+00:00,2026-06-05 20:00:00+00:00,America/New_York,2026-06-07 10:34:51.209628+00:00,
CATY,CATY,success,755,2026-03-16 13:30:00+00:00,2026-06-05 20:00:00+00:00,America/New_York,2026-06-07 10:34:51.240262+00:00,
GFF,GFF,success,755,2026-03-16 13:30:00+00:00,2026-06-05 20:00:00+00:00,America/New_York,2026-06-07 10:34:51.302547+00:00,
MWA,MWA,success,755,2026-03-16 13:30:00+00:00,2026-06-05 20:00:00+00:00,America/New_York,2026-06-07 10:34:51.302547+00:00,
WING,WING,success,755,2026-03-16 13:30:00+00:00,2026-06-05 20:00:00+00:00,America/New_York,2026-06-07 10:34:51.361851+00:00,
LIVN,LIVN,success,755,2026-03-16 13:30:00+00:00,2026-06-05 20:00:00+00:00,America/New_York,2026-06-07 10:34:51.436927+00:00,
BLSH,BLSH,success,755,2026-03-16 13:30:00+00:00,2026-06-05 20:00:00+00:00,America/New_York,2026-06-07 10:34:51.526951+00:00,
KEN,KEN,success,630,2026-03-16 13:30:00+00:00,2026-06-05 20:00:00+00:00,America/New_York,2026-06-07 10:34:51.666573+00:00,
EMAT,EMAT,success,742,2026-03-16 13:30:00+00:00,2026-06-05 20:00:00+00:00,America/New_York,2026-06-07 10:34:51.581938+00:00,
SEZL,SEZL,success,755,2026-03-16 13:30:00+00:00,2026-06-05 20:00:00+00:00,America/New_York,2026-06-07 10:34:51.641025+00:00,
BETA,BETA,success,755,2026-03-16 13:30:00+00:00,2026-06-05 20:00:00+00:00,America/New_York,2026-06-07 10:34:51.706010+00:00,
LION,LION,success,755,2026-03-16 13:30:00+00:00,2026-06-05 20:00:00+00:00,America/New_York,2026-06-07 10:34:51.758173+00:00,
DORM,DORM,success,754,2026-03-16 13:30:00+00:00,2026-06-05 20:00:00+00:00,America/New_York,2026-06-07 10:34:51.830528+00:00,
VCYT,VCYT,success,755,2026-03-16 13:30:00+00:00,2026-06-05 20:00:00+00:00,America/New_York,2026-06-07 10:34:51.791824+00:00,
BNL,BNL,success,755,2026-03-16 13:30:00+00:00,2026-06-05 20:00:00+00:00,America/New_York,2026-06-07 10:34:51.733699+00:00,
WPP,WPP,success,755,2026-03-16 13:30:00+00:00,2026-06-05 20:00:00+00:00,America/New_York,2026-06-07 10:34:51.915761+00:00,
OPLN,OPLN,success,755,2026-03-16 13:30:00+00:00,2026-06-05 20:00:00+00:00,America/New_York,2026-06-07 10:34:51.890686+00:00,
STNG,STNG,success,755,2026-03-16 13:30:00+00:00,2026-06-05 20:00:00+00:00,America/New_York,2026-06-07 10:34:51.915761+00:00,
KTB,KTB,success,755,2026-03-16 13:30:00+00:00,2026-06-05 20:00:00+00:00,America/New_York,2026-06-07 10:34:51.997973+00:00,
RELY,RELY,success,755,2026-03-16 13:30:00+00:00,2026-06-05 20:00:00+00:00,America/New_York,2026-06-07 10:34:52.099170+00:00,
SLGN,SLGN,success,755,2026-03-16 13:30:00+00:00,2026-06-05 20:00:00+00:00,America/New_York,2026-06-07 10:34:52.072602+00:00,
TXG,TXG,success,755,2026-03-16 13:30:00+00:00,2026-06-05 20:00:00+00:00,America/New_York,2026-06-07 10:34:52.248829+00:00,
HHH,HHH,success,755,2026-03-16 13:30:00+00:00,2026-06-05 20:00:00+00:00,America/New_York,2026-06-07 10:34:52.164548+00:00,
AKO.B,AKO-B,success,385,2026-03-16 13:30:00+00:00,2026-06-05 19:00:00+00:00,America/New_York,2026-06-07 10:34:52.280003+00:00,
BBAR,BBAR,success,755,2026-03-16 13:30:00+00:00,2026-06-05 20:00:00+00:00,America/New_York,2026-06-07 10:34:52.216237+00:00,
ORLA,ORLA,success,754,2026-03-16 13:30:00+00:00,2026-06-05 20:00:00+00:00,America/New_York,2026-06-07 10:34:52.304566+00:00,
RNST,RNST,success,755,2026-03-16 13:30:00+00:00,2026-06-05 20:00:00+00:00,America/New_York,2026-06-07 10:34:52.339671+00:00,
VRNS,VRNS,success,755,2026-03-16 13:30:00+00:00,2026-06-05 20:00:00+00:00,America/New_York,2026-06-07 10:34:52.427345+00:00,
SEDG,SEDG,success,755,2026-03-16 13:30:00+00:00,2026-06-05 20:00:00+00:00,America/New_York,2026-06-07 10:34:52.387979+00:00,
DAN,DAN,success,755,2026-03-16 13:30:00+00:00,2026-06-05 20:00:00+00:00,America/New_York,2026-06-07 10:34:52.365920+00:00,
NVST,NVST,success,755,2026-03-16 13:30:00+00:00,2026-06-05 20:00:00+00:00,America/New_York,2026-06-07 10:34:52.502841+00:00,
NTSK,NTSK,success,755,2026-03-16 13:30:00+00:00,2026-06-05 20:00:00+00:00,America/New_York,2026-06-07 10:34:52.570944+00:00,
SMR,SMR,success,755,2026-03-16 13:30:00+00:00,2026-06-05 20:00:00+00:00,America/New_York,2026-06-07 10:34:52.503838+00:00,
WAY,WAY,success,755,2026-03-16 13:30:00+00:00,2026-06-05 20:00:00+00:00,America/New_York,2026-06-07 10:34:52.618177+00:00,
EWTX,EWTX,success,755,2026-03-16 13:30:00+00:00,2026-06-05 20:00:00+00:00,America/New_York,2026-06-07 10:34:52.717614+00:00,
FBP,FBP,success,755,2026-03-16 13:30:00+00:00,2026-06-05 20:00:00+00:00,America/New_York,2026-06-07 10:34:52.826752+00:00,
CPRX,CPRX,success,755,2026-03-16 13:30:00+00:00,2026-06-05 20:00:00+00:00,America/New_York,2026-06-07 10:34:52.679445+00:00,
CRK,CRK,success,755,2026-03-16 13:30:00+00:00,2026-06-05 20:00:00+00:00,America/New_York,2026-06-07 10:34:52.801165+00:00,
MMSI,MMSI,success,755,2026-03-16 13:30:00+00:00,2026-06-05 20:00:00+00:00,America/New_York,2026-06-07 10:34:52.715730+00:00,
CRGY,CRGY,success,755,2026-03-16 13:30:00+00:00,2026-06-05 20:00:00+00:00,America/New_York,2026-06-07 10:34:52.925527+00:00,
LBTYK,LBTYK,success,755,2026-03-16 13:30:00+00:00,2026-06-05 20:00:00+00:00,America/New_York,2026-06-07 10:34:52.870187+00:00,
MANU,MANU,success,755,2026-03-16 13:30:00+00:00,2026-06-05 20:00:00+00:00,America/New_York,2026-06-07 10:34:52.959951+00:00,
DOCS,DOCS,success,755,2026-03-16 13:30:00+00:00,2026-06-05 20:00:00+00:00,America/New_York,2026-06-07 10:34:52.899815+00:00,
MANE,MANE,success,755,2026-03-16 13:30:00+00:00,2026-06-05 20:00:00+00:00,America/New_York,2026-06-07 10:34:53.070512+00:00,
WSFS,WSFS,success,755,2026-03-16 13:30:00+00:00,2026-06-05 20:00:00+00:00,America/New_York,2026-06-07 10:34:53.047092+00:00,
KFY,KFY,success,755,2026-03-16 13:30:00+00:00,2026-06-05 20:00:00+00:00,America/New_York,2026-06-07 10:34:53.081590+00:00,
FG,FG,success,755,2026-03-16 13:30:00+00:00,2026-06-05 20:00:00+00:00,America/New_York,2026-06-07 10:34:53.169684+00:00,
LMND,LMND,success,755,2026-03-16 13:30:00+00:00,2026-06-05 20:00:00+00:00,America/New_York,2026-06-07 10:34:53.193329+00:00,
CNS,CNS,success,755,2026-03-16 13:30:00+00:00,2026-06-05 20:00:00+00:00,America/New_York,2026-06-07 10:34:53.121335+00:00,
JOE,JOE,success,755,2026-03-16 13:30:00+00:00,2026-06-05 20:00:00+00:00,America/New_York,2026-06-07 10:34:53.247616+00:00,
ATMU,ATMU,success,755,2026-03-16 13:30:00+00:00,2026-06-05 20:00:00+00:00,America/New_York,2026-06-07 10:34:53.309905+00:00,
TAC,TAC,success,755,2026-03-16 13:30:00+00:00,2026-06-05 20:00:00+00:00,America/New_York,2026-06-07 10:34:53.246617+00:00,
UCTT,UCTT,success,755,2026-03-16 13:30:00+00:00,2026-06-05 20:00:00+00:00,America/New_York,2026-06-07 10:34:53.346507+00:00,
UUUU,UUUU,success,755,2026-03-16 13:30:00+00:00,2026-06-05 20:00:00+00:00,America/New_York,2026-06-07 10:34:53.379755+00:00,
BMI,BMI,success,755,2026-03-16 13:30:00+00:00,2026-06-05 20:00:00+00:00,America/New_York,2026-06-07 10:34:53.449424+00:00,
HP,HP,success,755,2026-03-16 13:30:00+00:00,2026-06-05 20:00:00+00:00,America/New_York,2026-06-07 10:34:53.548829+00:00,
TPC,TPC,success,755,2026-03-16 13:30:00+00:00,2026-06-05 20:00:00+00:00,America/New_York,2026-06-07 10:34:53.642767+00:00,
PII,PII,success,755,2026-03-16 13:30:00+00:00,2026-06-05 20:00:00+00:00,America/New_York,2026-06-07 10:34:53.676102+00:00,
KNSA,KNSA,success,755,2026-03-16 13:30:00+00:00,2026-06-05 20:00:00+00:00,America/New_York,2026-06-07 10:34:53.592088+00:00,
GPI,GPI,success,755,2026-03-16 13:30:00+00:00,2026-06-05 20:00:00+00:00,America/New_York,2026-06-07 10:34:53.677610+00:00,
OII,OII,success,755,2026-03-16 13:30:00+00:00,2026-06-05 20:00:00+00:00,America/New_York,2026-06-07 10:34:53.758675+00:00,
ERAS,ERAS,success,755,2026-03-16 13:30:00+00:00,2026-06-05 20:00:00+00:00,America/New_York,2026-06-07 10:34:53.795672+00:00,
EXTR,EXTR,success,755,2026-03-16 13:30:00+00:00,2026-06-05 20:00:00+00:00,America/New_York,2026-06-07 10:34:53.829030+00:00,
APLE,APLE,success,755,2026-03-16 13:30:00+00:00,2026-06-05 20:00:00+00:00,America/New_York,2026-06-07 10:34:53.859669+00:00,
YSS,YSS,success,755,2026-03-16 13:30:00+00:00,2026-06-05 20:00:00+00:00,America/New_York,2026-06-07 10:34:53.898996+00:00,
BOX,BOX,success,755,2026-03-16 13:30:00+00:00,2026-06-05 20:00:00+00:00,America/New_York,2026-06-07 10:34:53.951011+00:00,
BFH,BFH,success,755,2026-03-16 13:30:00+00:00,2026-06-05 20:00:00+00:00,America/New_York,2026-06-07 10:34:53.998374+00:00,
PI,PI,success,755,2026-03-16 13:30:00+00:00,2026-06-05 20:00:00+00:00,America/New_York,2026-06-07 10:34:53.974210+00:00,
BELFB,BELFB,success,753,2026-03-16 13:30:00+00:00,2026-06-05 20:00:00+00:00,America/New_York,2026-06-07 10:34:54.068675+00:00,
BANF,BANF,success,734,2026-03-16 13:30:00+00:00,2026-06-05 20:00:00+00:00,America/New_York,2026-06-07 10:34:54.139667+00:00,
EE,EE,success,755,2026-03-16 13:30:00+00:00,2026-06-05 20:00:00+00:00,America/New_York,2026-06-07 10:34:54.110525+00:00,
CALM,CALM,success,755,2026-03-16 13:30:00+00:00,2026-06-05 20:00:00+00:00,America/New_York,2026-06-07 10:34:54.187916+00:00,
LIF,LIF,success,755,2026-03-16 13:30:00+00:00,2026-06-05 20:00:00+00:00,America/New_York,2026-06-07 10:34:54.215856+00:00,
ACAD,ACAD,success,755,2026-03-16 13:30:00+00:00,2026-06-05 20:00:00+00:00,America/New_York,2026-06-07 10:34:54.382857+00:00,
CNK,CNK,success,755,2026-03-16 13:30:00+00:00,2026-06-05 20:00:00+00:00,America/New_York,2026-06-07 10:34:54.272261+00:00,
NAMS,NAMS,success,755,2026-03-16 13:30:00+00:00,2026-06-05 20:00:00+00:00,America/New_York,2026-06-07 10:34:54.450882+00:00,
OTTR,OTTR,success,755,2026-03-16 13:30:00+00:00,2026-06-05 20:00:00+00:00,America/New_York,2026-06-07 10:34:54.382857+00:00,
FRMI,FRMI,success,755,2026-03-16 13:30:00+00:00,2026-06-05 20:00:00+00:00,America/New_York,2026-06-07 10:34:54.337178+00:00,
SLG,SLG,success,755,2026-03-16 13:30:00+00:00,2026-06-05 20:00:00+00:00,America/New_York,2026-06-07 10:34:54.449885+00:00,
RNG,RNG,success,755,2026-03-16 13:30:00+00:00,2026-06-05 20:00:00+00:00,America/New_York,2026-06-07 10:34:54.555764+00:00,
LASR,LASR,success,755,2026-03-16 13:30:00+00:00,2026-06-05 20:00:00+00:00,America/New_York,2026-06-07 10:34:54.599260+00:00,
FIBK,FIBK,success,755,2026-03-16 13:30:00+00:00,2026-06-05 20:00:00+00:00,America/New_York,2026-06-07 10:34:54.732466+00:00,
CVBF,CVBF,success,755,2026-03-16 13:30:00+00:00,2026-06-05 20:00:00+00:00,America/New_York,2026-06-07 10:34:54.670394+00:00,
ORKA,ORKA,success,755,2026-03-16 13:30:00+00:00,2026-06-05 20:00:00+00:00,America/New_York,2026-06-07 10:34:54.692980+00:00,
TDW,TDW,success,755,2026-03-16 13:30:00+00:00,2026-06-05 20:00:00+00:00,America/New_York,2026-06-07 10:34:54.820894+00:00,
PVH,PVH,success,755,2026-03-16 13:30:00+00:00,2026-06-05 20:00:00+00:00,America/New_York,2026-06-07 10:34:54.935039+00:00,
MHO,MHO,success,755,2026-03-16 13:30:00+00:00,2026-06-05 20:00:00+00:00,America/New_York,2026-06-07 10:34:54.820894+00:00,
MIAX,MIAX,success,755,2026-03-16 13:30:00+00:00,2026-06-05 20:00:00+00:00,America/New_York,2026-06-07 10:34:54.819898+00:00,
BHF,BHF,success,755,2026-03-16 13:30:00+00:00,2026-06-05 20:00:00+00:00,America/New_York,2026-06-07 10:34:54.971714+00:00,
HGTY,HGTY,success,753,2026-03-16 13:30:00+00:00,2026-06-05 20:00:00+00:00,America/New_York,2026-06-07 10:34:55.216678+00:00,
BILL,BILL,success,755,2026-03-16 13:30:00+00:00,2026-06-05 20:00:00+00:00,America/New_York,2026-06-07 10:34:55.067765+00:00,
KC,KC,success,755,2026-03-16 13:30:00+00:00,2026-06-05 20:00:00+00:00,America/New_York,2026-06-07 10:34:55.067765+00:00,
VECO,VECO,success,755,2026-03-16 13:30:00+00:00,2026-06-05 20:00:00+00:00,America/New_York,2026-06-07 10:34:55.325453+00:00,
YETI,YETI,success,755,2026-03-16 13:30:00+00:00,2026-06-05 20:00:00+00:00,America/New_York,2026-06-07 10:34:55.349024+00:00,
ABG,ABG,success,755,2026-03-16 13:30:00+00:00,2026-06-05 20:00:00+00:00,America/New_York,2026-06-07 10:34:55.376338+00:00,
BKU,BKU,success,755,2026-03-16 13:30:00+00:00,2026-06-05 20:00:00+00:00,America/New_York,2026-06-07 10:34:55.408589+00:00,
ITRI,ITRI,success,755,2026-03-16 13:30:00+00:00,2026-06-05 20:00:00+00:00,America/New_York,2026-06-07 10:34:55.407489+00:00,
VEON,VEON,success,732,2026-03-16 13:30:00+00:00,2026-06-05 20:00:00+00:00,America/New_York,2026-06-07 10:34:55.549280+00:00,
SXI,SXI,success,752,2026-03-16 13:30:00+00:00,2026-06-05 20:00:00+00:00,America/New_York,2026-06-07 10:34:55.629167+00:00,
BTE,BTE,success,755,2026-03-16 13:30:00+00:00,2026-06-05 20:00:00+00:00,America/New_York,2026-06-07 10:34:55.560803+00:00,
RDW,RDW,success,755,2026-03-16 13:30:00+00:00,2026-06-05 20:00:00+00:00,America/New_York,2026-06-07 10:34:55.547762+00:00,
OGN,OGN,success,755,2026-03-16 13:30:00+00:00,2026-06-05 20:00:00+00:00,America/New_York,2026-06-07 10:34:55.800720+00:00,
HAFN,HAFN,success,755,2026-03-16 13:30:00+00:00,2026-06-05 20:00:00+00:00,America/New_York,2026-06-07 10:34:55.686939+00:00,
ARCB,ARCB,success,755,2026-03-16 13:30:00+00:00,2026-06-05 20:00:00+00:00,America/New_York,2026-06-07 10:34:55.856290+00:00,
NP,NP,success,755,2026-03-16 13:30:00+00:00,2026-06-05 20:00:00+00:00,America/New_York,2026-06-07 10:34:55.687447+00:00,
BBWI,BBWI,success,755,2026-03-16 13:30:00+00:00,2026-06-05 20:00:00+00:00,America/New_York,2026-06-07 10:34:55.855290+00:00,
IRTC,IRTC,success,755,2026-03-16 13:30:00+00:00,2026-06-05 20:00:00+00:00,America/New_York,2026-06-07 10:34:56.000072+00:00,
AGO,AGO,success,755,2026-03-16 13:30:00+00:00,2026-06-05 20:00:00+00:00,America/New_York,2026-06-07 10:34:55.982457+00:00,
STUB,STUB,success,755,2026-03-16 13:30:00+00:00,2026-06-05 20:00:00+00:00,America/New_York,2026-06-07 10:34:56.033155+00:00,
MCHB,MCHB,success,755,2026-03-16 13:30:00+00:00,2026-06-05 20:00:00+00:00,America/New_York,2026-06-07 10:34:56.098676+00:00,
KAI,KAI,success,755,2026-03-16 13:30:00+00:00,2026-06-05 20:00:00+00:00,America/New_York,2026-06-07 10:34:56.124757+00:00,
SUNC,SUNC,success,755,2026-03-16 13:30:00+00:00,2026-06-05 20:00:00+00:00,America/New_York,2026-06-07 10:34:56.181355+00:00,
AVA,AVA,success,755,2026-03-16 13:30:00+00:00,2026-06-05 20:00:00+00:00,America/New_York,2026-06-07 10:34:56.153277+00:00,
PTRN,PTRN,success,755,2026-03-16 13:30:00+00:00,2026-06-05 20:00:00+00:00,America/New_York,2026-06-07 10:34:56.221490+00:00,
GPGI,GPGI,success,755,2026-03-16 13:30:00+00:00,2026-06-05 20:00:00+00:00,America/New_York,2026-06-07 10:34:56.268607+00:00,
BFAM,BFAM,success,755,2026-03-16 13:30:00+00:00,2026-06-05 20:00:00+00:00,America/New_York,2026-06-07 10:34:56.317246+00:00,
NSIT,NSIT,success,755,2026-03-16 13:30:00+00:00,2026-06-05 20:00:00+00:00,America/New_York,2026-06-07 10:34:56.316238+00:00,
HIMX,HIMX,success,755,2026-03-16 13:30:00+00:00,2026-06-05 20:00:00+00:00,America/New_York,2026-06-07 10:34:56.371790+00:00,
BTU,BTU,success,755,2026-03-16 13:30:00+00:00,2026-06-05 20:00:00+00:00,America/New_York,2026-06-07 10:34:56.417353+00:00,
MSGE,MSGE,success,755,2026-03-16 13:30:00+00:00,2026-06-05 20:00:00+00:00,America/New_York,2026-06-07 10:34:56.490661+00:00,
FIZZ,FIZZ,success,755,2026-03-16 13:30:00+00:00,2026-06-05 20:00:00+00:00,America/New_York,2026-06-07 10:34:56.549901+00:00,
ANF,ANF,success,755,2026-03-16 13:30:00+00:00,2026-06-05 20:00:00+00:00,America/New_York,2026-06-07 10:34:56.795780+00:00,
SKYW,SKYW,success,755,2026-03-16 13:30:00+00:00,2026-06-05 20:00:00+00:00,America/New_York,2026-06-07 10:34:56.679667+00:00,
AAP,AAP,success,755,2026-03-16 13:30:00+00:00,2026-06-05 20:00:00+00:00,America/New_York,2026-06-07 10:34:56.679667+00:00,
GBDC,GBDC,success,755,2026-03-16 13:30:00+00:00,2026-06-05 20:00:00+00:00,America/New_York,2026-06-07 10:34:56.748427+00:00,
FHB,FHB,success,755,2026-03-16 13:30:00+00:00,2026-06-05 20:00:00+00:00,America/New_York,2026-06-07 10:34:56.845975+00:00,
CRNX,CRNX,success,755,2026-03-16 13:30:00+00:00,2026-06-05 20:00:00+00:00,America/New_York,2026-06-07 10:34:56.936039+00:00,
UNFI,UNFI,success,755,2026-03-16 13:30:00+00:00,2026-06-05 20:00:00+00:00,America/New_York,2026-06-07 10:34:56.905450+00:00,
ICUI,ICUI,success,755,2026-03-16 13:30:00+00:00,2026-06-05 20:00:00+00:00,America/New_York,2026-06-07 10:34:56.969785+00:00,
JOYY,JOYY,success,755,2026-03-16 13:30:00+00:00,2026-06-05 20:00:00+00:00,America/New_York,2026-06-07 10:34:57.222251+00:00,
CBU,CBU,success,755,2026-03-16 13:30:00+00:00,2026-06-05 20:00:00+00:00,America/New_York,2026-06-07 10:34:57.271418+00:00,
GEO,GEO,success,755,2026-03-16 13:30:00+00:00,2026-06-05 20:00:00+00:00,America/New_York,2026-06-07 10:34:57.318350+00:00,
NHI,NHI,success,755,2026-03-16 13:30:00+00:00,2026-06-05 20:00:00+00:00,America/New_York,2026-06-07 10:34:57.423948+00:00,
GNW,GNW,success,755,2026-03-16 13:30:00+00:00,2026-06-05 20:00:00+00:00,America/New_York,2026-06-07 10:34:57.344473+00:00,
SMG,SMG,success,755,2026-03-16 13:30:00+00:00,2026-06-05 20:00:00+00:00,America/New_York,2026-06-07 10:34:57.344979+00:00,
HAE,HAE,success,755,2026-03-16 13:30:00+00:00,2026-06-05 20:00:00+00:00,America/New_York,2026-06-07 10:34:57.451147+00:00,
CVI,CVI,success,755,2026-03-16 13:30:00+00:00,2026-06-05 20:00:00+00:00,America/New_York,2026-06-07 10:34:57.476819+00:00,
ASO,ASO,success,755,2026-03-16 13:30:00+00:00,2026-06-05 20:00:00+00:00,America/New_York,2026-06-07 10:34:57.531025+00:00,
DLO,DLO,success,755,2026-03-16 13:30:00+00:00,2026-06-05 20:00:00+00:00,America/New_York,2026-06-07 10:34:57.624229+00:00,
NNNN,NNNN,success,442,2026-03-16 15:00:00+00:00,2026-06-05 20:00:00+00:00,America/New_York,2026-06-07 10:34:57.720419+00:00,
DAVE,DAVE,success,755,2026-03-16 13:30:00+00:00,2026-06-05 20:00:00+00:00,America/New_York,2026-06-07 10:34:57.696025+00:00,
WSBC,WSBC,success,755,2026-03-16 13:30:00+00:00,2026-06-05 20:00:00+00:00,America/New_York,2026-06-07 10:34:57.769713+00:00,
CLBT,CLBT,success,755,2026-03-16 13:30:00+00:00,2026-06-05 20:00:00+00:00,America/New_York,2026-06-07 10:34:57.746570+00:00,
SIG,SIG,success,755,2026-03-16 13:30:00+00:00,2026-06-05 20:00:00+00:00,America/New_York,2026-06-07 10:34:57.802905+00:00,
MMS,MMS,success,755,2026-03-16 13:30:00+00:00,2026-06-05 20:00:00+00:00,America/New_York,2026-06-07 10:34:57.836135+00:00,
ARIS,ARIS,success,755,2026-03-16 13:30:00+00:00,2026-06-05 20:00:00+00:00,America/New_York,2026-06-07 10:34:57.882504+00:00,
RUM,RUM,success,755,2026-03-16 13:30:00+00:00,2026-06-05 20:00:00+00:00,America/New_York,2026-06-07 10:34:57.882504+00:00,
CHEF,CHEF,success,755,2026-03-16 13:30:00+00:00,2026-06-05 20:00:00+00:00,America/New_York,2026-06-07 10:34:57.964475+00:00,
KBH,KBH,success,755,2026-03-16 13:30:00+00:00,2026-06-05 20:00:00+00:00,America/New_York,2026-06-07 10:34:57.965479+00:00,
VKTX,VKTX,success,755,2026-03-16 13:30:00+00:00,2026-06-05 20:00:00+00:00,America/New_York,2026-06-07 10:34:58.055299+00:00,
COLM,COLM,success,755,2026-03-16 13:30:00+00:00,2026-06-05 20:00:00+00:00,America/New_York,2026-06-07 10:34:58.056302+00:00,
OSIS,OSIS,success,752,2026-03-16 13:30:00+00:00,2026-06-05 20:00:00+00:00,America/New_York,2026-06-07 10:34:58.205027+00:00,
CAKE,CAKE,success,755,2026-03-16 13:30:00+00:00,2026-06-05 20:00:00+00:00,America/New_York,2026-06-07 10:34:58.183383+00:00,
INOD,INOD,success,755,2026-03-16 13:30:00+00:00,2026-06-05 20:00:00+00:00,America/New_York,2026-06-07 10:34:58.273596+00:00,
NATL,NATL,success,755,2026-03-16 13:30:00+00:00,2026-06-05 20:00:00+00:00,America/New_York,2026-06-07 10:34:58.301154+00:00,
CON,CON,success,755,2026-03-16 13:30:00+00:00,2026-06-05 20:00:00+00:00,America/New_York,2026-06-07 10:34:58.335328+00:00,
HWKN,HWKN,success,747,2026-03-16 13:30:00+00:00,2026-06-05 20:00:00+00:00,America/New_York,2026-06-07 10:34:58.433187+00:00,
GEF,GEF,success,755,2026-03-16 13:30:00+00:00,2026-06-05 20:00:00+00:00,America/New_York,2026-06-07 10:34:58.360400+00:00,
FUL,FUL,success,755,2026-03-16 13:30:00+00:00,2026-06-05 20:00:00+00:00,America/New_York,2026-06-07 10:34:58.552594+00:00,
ITGR,ITGR,success,755,2026-03-16 13:30:00+00:00,2026-06-05 20:00:00+00:00,America/New_York,2026-06-07 10:34:58.666623+00:00,
FFBC,FFBC,success,755,2026-03-16 13:30:00+00:00,2026-06-05 20:00:00+00:00,America/New_York,2026-06-07 10:34:58.602750+00:00,
ARX,ARX,success,755,2026-03-16 13:30:00+00:00,2026-06-05 20:00:00+00:00,America/New_York,2026-06-07 10:34:58.741418+00:00,
NG,NG,success,755,2026-03-16 13:30:00+00:00,2026-06-05 20:00:00+00:00,America/New_York,2026-06-07 10:34:58.802664+00:00,
OPCH,OPCH,success,755,2026-03-16 13:30:00+00:00,2026-06-05 20:00:00+00:00,America/New_York,2026-06-07 10:34:58.842875+00:00,
SHOO,SHOO,success,755,2026-03-16 13:30:00+00:00,2026-06-05 20:00:00+00:00,America/New_York,2026-06-07 10:34:58.940922+00:00,
VC,VC,success,755,2026-03-16 13:30:00+00:00,2026-06-05 20:00:00+00:00,America/New_York,2026-06-07 10:34:58.918285+00:00,
TDC,TDC,success,755,2026-03-16 13:30:00+00:00,2026-06-05 20:00:00+00:00,America/New_York,2026-06-07 10:34:59.124380+00:00,
LEU,LEU,success,755,2026-03-16 13:30:00+00:00,2026-06-05 20:00:00+00:00,America/New_York,2026-06-07 10:34:59.176587+00:00,
SII,SII,success,755,2026-03-16 13:30:00+00:00,2026-06-05 20:00:00+00:00,America/New_York,2026-06-07 10:34:59.354393+00:00,
KYIV,KYIV,success,755,2026-03-16 13:30:00+00:00,2026-06-05 20:00:00+00:00,America/New_York,2026-06-07 10:34:59.304133+00:00,
KN,KN,success,755,2026-03-16 13:30:00+00:00,2026-06-05 20:00:00+00:00,America/New_York,2026-06-07 10:34:59.223635+00:00,
ADEA,ADEA,success,755,2026-03-16 13:30:00+00:00,2026-06-05 20:00:00+00:00,America/New_York,2026-06-07 10:34:59.305131+00:00,
SKE,SKE,success,755,2026-03-16 13:30:00+00:00,2026-06-05 20:00:00+00:00,America/New_York,2026-06-07 10:34:59.421601+00:00,
RHI,RHI,success,755,2026-03-16 13:30:00+00:00,2026-06-05 20:00:00+00:00,America/New_York,2026-06-07 10:34:59.470862+00:00,
SA,SA,success,755,2026-03-16 13:30:00+00:00,2026-06-05 20:00:00+00:00,America/New_York,2026-06-07 10:34:59.532304+00:00,
TOWN,TOWN,success,755,2026-03-16 13:30:00+00:00,2026-06-05 20:00:00+00:00,America/New_York,2026-06-07 10:34:59.590792+00:00,
INFQ,INFQ,success,755,2026-03-16 13:30:00+00:00,2026-06-05 20:00:00+00:00,America/New_York,2026-06-07 10:34:59.533304+00:00,
ALHC,ALHC,success,755,2026-03-16 13:30:00+00:00,2026-06-05 20:00:00+00:00,America/New_York,2026-06-07 10:34:59.694067+00:00,
AAUC,AAUC,success,754,2026-03-16 13:30:00+00:00,2026-06-05 20:00:00+00:00,America/New_York,2026-06-07 10:34:59.637784+00:00,
TLX,TLX,success,747,2026-03-16 13:30:00+00:00,2026-06-05 20:00:00+00:00,America/New_York,2026-06-07 10:34:59.637784+00:00,
PPLI,PPLI,success,27,2026-06-04 13:30:00+00:00,2026-06-05 20:00:00+00:00,America/New_York,2026-06-07 10:34:59.849554+00:00,
PENG,PENG,success,755,2026-03-16 13:30:00+00:00,2026-06-05 20:00:00+00:00,America/New_York,2026-06-07 10:34:59.769029+00:00,
PRK,PRK,success,719,2026-03-16 13:30:00+00:00,2026-06-05 20:00:00+00:00,America/New_York,2026-06-07 10:34:59.810645+00:00,
GPK,GPK,success,755,2026-03-16 13:30:00+00:00,2026-06-05 20:00:00+00:00,America/New_York,2026-06-07 10:34:59.933743+00:00,
AVNT,AVNT,success,755,2026-03-16 13:30:00+00:00,2026-06-05 20:00:00+00:00,America/New_York,2026-06-07 10:34:59.997928+00:00,
SOUN,SOUN,success,755,2026-03-16 13:30:00+00:00,2026-06-05 20:00:00+00:00,America/New_York,2026-06-07 10:35:00.025030+00:00,
ETOR,ETOR,success,755,2026-03-16 13:30:00+00:00,2026-06-05 20:00:00+00:00,America/New_York,2026-06-07 10:35:00.079635+00:00,
BATRK,BATRK,success,755,2026-03-16 13:30:00+00:00,2026-06-05 20:00:00+00:00,America/New_York,2026-06-07 10:35:00.056596+00:00,
SBLK,SBLK,success,755,2026-03-16 13:30:00+00:00,2026-06-05 20:00:00+00:00,America/New_York,2026-06-07 10:34:59.974393+00:00,
CWK,CWK,success,755,2026-03-16 13:30:00+00:00,2026-06-05 20:00:00+00:00,America/New_York,2026-06-07 10:35:00.138335+00:00,
AEHR,AEHR,success,755,2026-03-16 13:30:00+00:00,2026-06-05 20:00:00+00:00,America/New_York,2026-06-07 10:35:00.104743+00:00,
KEEL,KEEL,success,573,2026-04-06 13:30:00+00:00,2026-06-05 20:00:00+00:00,America/New_York,2026-06-07 10:35:00.301999+00:00,
FOUR,FOUR,success,755,2026-03-16 13:30:00+00:00,2026-06-05 20:00:00+00:00,America/New_York,2026-06-07 10:35:00.260352+00:00,
RUN,RUN,success,755,2026-03-16 13:30:00+00:00,2026-06-05 20:00:00+00:00,America/New_York,2026-06-07 10:35:00.381887+00:00,
LXP,LXP,success,755,2026-03-16 13:30:00+00:00,2026-06-05 20:00:00+00:00,America/New_York,2026-06-07 10:35:00.352318+00:00,
CURB,CURB,success,755,2026-03-16 13:30:00+00:00,2026-06-05 20:00:00+00:00,America/New_York,2026-06-07 10:35:00.406950+00:00,
HG,HG,success,755,2026-03-16 13:30:00+00:00,2026-06-05 20:00:00+00:00,America/New_York,2026-06-07 10:35:00.477115+00:00,
CC,CC,success,755,2026-03-16 13:30:00+00:00,2026-06-05 20:00:00+00:00,America/New_York,2026-06-07 10:35:00.476101+00:00,
TENB,TENB,success,755,2026-03-16 13:30:00+00:00,2026-06-05 20:00:00+00:00,America/New_York,2026-06-07 10:35:00.533236+00:00,
BXMT,BXMT,success,755,2026-03-16 13:30:00+00:00,2026-06-05 20:00:00+00:00,America/New_York,2026-06-07 10:35:00.428999+00:00,
VAC,VAC,success,755,2026-03-16 13:30:00+00:00,2026-06-05 20:00:00+00:00,America/New_York,2026-06-07 10:35:00.612752+00:00,
CRVL,CRVL,success,755,2026-03-16 13:30:00+00:00,2026-06-05 20:00:00+00:00,America/New_York,2026-06-07 10:35:00.643815+00:00,
SFNC,SFNC,success,755,2026-03-16 13:30:00+00:00,2026-06-05 20:00:00+00:00,America/New_York,2026-06-07 10:35:00.642816+00:00,
BOH,BOH,success,755,2026-03-16 13:30:00+00:00,2026-06-05 20:00:00+00:00,America/New_York,2026-06-07 10:35:00.727309+00:00,
HIW,HIW,success,755,2026-03-16 13:30:00+00:00,2026-06-05 20:00:00+00:00,America/New_York,2026-06-07 10:35:00.756897+00:00,
AWR,AWR,success,755,2026-03-16 13:30:00+00:00,2026-06-05 20:00:00+00:00,America/New_York,2026-06-07 10:35:00.807449+00:00,
BWLP,BWLP,success,755,2026-03-16 13:30:00+00:00,2026-06-05 20:00:00+00:00,America/New_York,2026-06-07 10:35:00.844566+00:00,
CLMT,CLMT,success,755,2026-03-16 13:30:00+00:00,2026-06-05 20:00:00+00:00,America/New_York,2026-06-07 10:35:00.998087+00:00,
HAYW,HAYW,success,755,2026-03-16 13:30:00+00:00,2026-06-05 20:00:00+00:00,America/New_York,2026-06-07 10:35:00.917820+00:00,
CGAU,CGAU,success,755,2026-03-16 13:30:00+00:00,2026-06-05 20:00:00+00:00,America/New_York,2026-06-07 10:35:00.870148+00:00,
DNLI,DNLI,success,755,2026-03-16 13:30:00+00:00,2026-06-05 20:00:00+00:00,America/New_York,2026-06-07 10:35:00.964864+00:00,
ZIM,ZIM,success,755,2026-03-16 13:30:00+00:00,2026-06-05 20:00:00+00:00,America/New_York,2026-06-07 10:35:01.097218+00:00,
AKR,AKR,success,755,2026-03-16 13:30:00+00:00,2026-06-05 20:00:00+00:00,America/New_York,2026-06-07 10:35:01.074356+00:00,
ATRO,ATRO,success,755,2026-03-16 13:30:00+00:00,2026-06-05 20:00:00+00:00,America/New_York,2026-06-07 10:35:01.027655+00:00,
GPOR,GPOR,success,755,2026-03-16 13:30:00+00:00,2026-06-05 20:00:00+00:00,America/New_York,2026-06-07 10:35:01.155568+00:00,
UE,UE,success,755,2026-03-16 13:30:00+00:00,2026-06-05 20:00:00+00:00,America/New_York,2026-06-07 10:35:01.255571+00:00,
PHIN,PHIN,success,755,2026-03-16 13:30:00+00:00,2026-06-05 20:00:00+00:00,America/New_York,2026-06-07 10:35:01.327893+00:00,
EXPO,EXPO,success,755,2026-03-16 13:30:00+00:00,2026-06-05 20:00:00+00:00,America/New_York,2026-06-07 10:35:01.289159+00:00,
BHE,BHE,success,755,2026-03-16 13:30:00+00:00,2026-06-05 20:00:00+00:00,America/New_York,2026-06-07 10:35:01.351457+00:00,
APAM,APAM,success,755,2026-03-16 13:30:00+00:00,2026-06-05 20:00:00+00:00,America/New_York,2026-06-07 10:35:01.435249+00:00,
GRBK,GRBK,success,755,2026-03-16 13:30:00+00:00,2026-06-05 20:00:00+00:00,America/New_York,2026-06-07 10:35:01.403862+00:00,
FSK,FSK,success,755,2026-03-16 13:30:00+00:00,2026-06-05 20:00:00+00:00,America/New_York,2026-06-07 10:35:01.469837+00:00,
USLM,USLM,success,736,2026-03-16 13:30:00+00:00,2026-06-05 20:00:00+00:00,America/New_York,2026-06-07 10:35:01.504753+00:00,
MPT,MPT,success,755,2026-03-16 13:30:00+00:00,2026-06-05 20:00:00+00:00,America/New_York,2026-06-07 10:35:01.570765+00:00,
HSAI,HSAI,success,755,2026-03-16 13:30:00+00:00,2026-06-05 20:00:00+00:00,America/New_York,2026-06-07 10:35:01.713850+00:00,
NHC,NHC,success,748,2026-03-16 13:30:00+00:00,2026-06-05 20:00:00+00:00,America/New_York,2026-06-07 10:35:01.787314+00:00,
BEAM,BEAM,success,755,2026-03-16 13:30:00+00:00,2026-06-05 20:00:00+00:00,America/New_York,2026-06-07 10:35:01.663471+00:00,
VTMX,VTMX,success,742,2026-03-16 13:30:00+00:00,2026-06-05 20:00:00+00:00,America/New_York,2026-06-07 10:35:01.850544+00:00,
BANC,BANC,success,755,2026-03-16 13:30:00+00:00,2026-06-05 20:00:00+00:00,America/New_York,2026-06-07 10:35:01.898462+00:00,
CTRI,CTRI,success,755,2026-03-16 13:30:00+00:00,2026-06-05 20:00:00+00:00,America/New_York,2026-06-07 10:35:01.994112+00:00,
ELF,ELF,success,755,2026-03-16 13:30:00+00:00,2026-06-05 20:00:00+00:00,America/New_York,2026-06-07 10:35:02.036333+00:00,
NIC,NIC,success,748,2026-03-16 13:30:00+00:00,2026-06-05 20:00:00+00:00,America/New_York,2026-06-07 10:35:02.076282+00:00,
MZTI,MZTI,success,755,2026-03-16 13:30:00+00:00,2026-06-05 20:00:00+00:00,America/New_York,2026-06-07 10:35:02.103326+00:00,
SBCF,SBCF,success,755,2026-03-16 13:30:00+00:00,2026-06-05 20:00:00+00:00,America/New_York,2026-06-07 10:35:02.182017+00:00,
DBRG,DBRG,success,755,2026-03-16 13:30:00+00:00,2026-06-05 20:00:00+00:00,America/New_York,2026-06-07 10:35:02.232634+00:00,
BKD,BKD,success,755,2026-03-16 13:30:00+00:00,2026-06-05 20:00:00+00:00,America/New_York,2026-06-07 10:35:02.231635+00:00,
BULL,BULL,success,755,2026-03-16 13:30:00+00:00,2026-06-05 20:00:00+00:00,America/New_York,2026-06-07 10:35:02.390741+00:00,
PFS,PFS,success,755,2026-03-16 13:30:00+00:00,2026-06-05 20:00:00+00:00,America/New_York,2026-06-07 10:35:02.354430+00:00,
IPAR,IPAR,success,755,2026-03-16 13:30:00+00:00,2026-06-05 20:00:00+00:00,America/New_York,2026-06-07 10:35:02.478007+00:00,
CPK,CPK,success,751,2026-03-16 13:30:00+00:00,2026-06-05 20:00:00+00:00,America/New_York,2026-06-07 10:35:02.391740+00:00,
WIX,WIX,success,755,2026-03-16 13:30:00+00:00,2026-06-05 20:00:00+00:00,America/New_York,2026-06-07 10:35:02.507619+00:00,
NN,NN,success,755,2026-03-16 13:30:00+00:00,2026-06-05 20:00:00+00:00,America/New_York,2026-06-07 10:35:02.625804+00:00,
PLMR,PLMR,success,754,2026-03-16 13:30:00+00:00,2026-06-05 20:00:00+00:00,America/New_York,2026-06-07 10:35:02.626803+00:00,
UPST,UPST,success,755,2026-03-16 13:30:00+00:00,2026-06-05 20:00:00+00:00,America/New_York,2026-06-07 10:35:02.592449+00:00,
NTCT,NTCT,success,755,2026-03-16 13:30:00+00:00,2026-06-05 20:00:00+00:00,America/New_York,2026-06-07 10:35:02.707322+00:00,
RLAY,RLAY,success,755,2026-03-16 13:30:00+00:00,2026-06-05 20:00:00+00:00,America/New_York,2026-06-07 10:35:02.755504+00:00,
TTAM,TTAM,success,755,2026-03-16 13:30:00+00:00,2026-06-05 20:00:00+00:00,America/New_York,2026-06-07 10:35:02.815886+00:00,
DK,DK,success,755,2026-03-16 13:30:00+00:00,2026-06-05 20:00:00+00:00,America/New_York,2026-06-07 10:35:02.847482+00:00,
TNGX,TNGX,success,755,2026-03-16 13:30:00+00:00,2026-06-05 20:00:00+00:00,America/New_York,2026-06-07 10:35:02.932157+00:00,
TR,TR,success,751,2026-03-16 13:30:00+00:00,2026-06-05 20:00:00+00:00,America/New_York,2026-06-07 10:35:03.060583+00:00,
LFST,LFST,success,755,2026-03-16 13:30:00+00:00,2026-06-05 20:00:00+00:00,America/New_York,2026-06-07 10:35:03.001824+00:00,
RCUS,RCUS,success,755,2026-03-16 13:30:00+00:00,2026-06-05 20:00:00+00:00,America/New_York,2026-06-07 10:35:03.103378+00:00,
FBK,FBK,success,755,2026-03-16 13:30:00+00:00,2026-06-05 20:00:00+00:00,America/New_York,2026-06-07 10:35:03.182869+00:00,
QTWO,QTWO,success,755,2026-03-16 13:30:00+00:00,2026-06-05 20:00:00+00:00,America/New_York,2026-06-07 10:35:03.274040+00:00,
KALU,KALU,success,752,2026-03-16 13:30:00+00:00,2026-06-05 20:00:00+00:00,America/New_York,2026-06-07 10:35:03.227582+00:00,
WOR,WOR,success,753,2026-03-16 13:30:00+00:00,2026-06-05 20:00:00+00:00,America/New_York,2026-06-07 10:35:03.336874+00:00,
BGSI,BGSI,success,686,2026-03-16 13:30:00+00:00,2026-06-05 20:00:00+00:00,America/New_York,2026-06-07 10:35:03.251785+00:00,
TRMD,TRMD,success,755,2026-03-16 13:30:00+00:00,2026-06-05 20:00:00+00:00,America/New_York,2026-06-07 10:35:03.313281+00:00,
BWIN,BWIN,success,755,2026-03-16 13:30:00+00:00,2026-06-05 20:00:00+00:00,America/New_York,2026-06-07 10:35:03.369002+00:00,
EFXT,EFXT,success,755,2026-03-16 13:30:00+00:00,2026-06-05 20:00:00+00:00,America/New_York,2026-06-07 10:35:03.405139+00:00,
PATK,PATK,success,755,2026-03-16 13:30:00+00:00,2026-06-05 20:00:00+00:00,America/New_York,2026-06-07 10:35:03.438477+00:00,
DBD,DBD,success,755,2026-03-16 13:30:00+00:00,2026-06-05 20:00:00+00:00,America/New_York,2026-06-07 10:35:03.512875+00:00,
CCC,CCC,success,755,2026-03-16 13:30:00+00:00,2026-06-05 20:00:00+00:00,America/New_York,2026-06-07 10:35:03.489279+00:00,
PK,PK,success,755,2026-03-16 13:30:00+00:00,2026-06-05 20:00:00+00:00,America/New_York,2026-06-07 10:35:03.549137+00:00,
BKV,BKV,success,755,2026-03-16 13:30:00+00:00,2026-06-05 20:00:00+00:00,America/New_York,2026-06-07 10:35:03.612071+00:00,
HTGC,HTGC,success,755,2026-03-16 13:30:00+00:00,2026-06-05 20:00:00+00:00,America/New_York,2026-06-07 10:35:03.612071+00:00,
OLN,OLN,success,755,2026-03-16 13:30:00+00:00,2026-06-05 20:00:00+00:00,America/New_York,2026-06-07 10:35:03.749120+00:00,
AEO,AEO,success,755,2026-03-16 13:30:00+00:00,2026-06-05 20:00:00+00:00,America/New_York,2026-06-07 10:35:03.885695+00:00,
PARR,PARR,success,755,2026-03-16 13:30:00+00:00,2026-06-05 20:00:00+00:00,America/New_York,2026-06-07 10:35:03.857132+00:00,
UNIT,UNIT,success,755,2026-03-16 13:30:00+00:00,2026-06-05 20:00:00+00:00,America/New_York,2026-06-07 10:35:03.910167+00:00,
WT,WT,success,755,2026-03-16 13:30:00+00:00,2026-06-05 20:00:00+00:00,America/New_York,2026-06-07 10:35:03.910167+00:00,
NMIH,NMIH,success,755,2026-03-16 13:30:00+00:00,2026-06-05 20:00:00+00:00,America/New_York,2026-06-07 10:35:03.972493+00:00,
DX,DX,success,755,2026-03-16 13:30:00+00:00,2026-06-05 20:00:00+00:00,America/New_York,2026-06-07 10:35:04.042856+00:00,
IHS,IHS,success,755,2026-03-16 13:30:00+00:00,2026-06-05 20:00:00+00:00,America/New_York,2026-06-07 10:35:04.074419+00:00,
WRBY,WRBY,success,755,2026-03-16 13:30:00+00:00,2026-06-05 20:00:00+00:00,America/New_York,2026-06-07 10:35:04.156699+00:00,
FA,FA,success,755,2026-03-16 13:30:00+00:00,2026-06-05 20:00:00+00:00,America/New_York,2026-06-07 10:35:04.210185+00:00,
MGEE,MGEE,success,755,2026-03-16 13:30:00+00:00,2026-06-05 20:00:00+00:00,America/New_York,2026-06-07 10:35:04.258429+00:00,
PPTA,PPTA,success,755,2026-03-16 13:30:00+00:00,2026-06-05 20:00:00+00:00,America/New_York,2026-06-07 10:35:04.351558+00:00,
SDRL,SDRL,success,755,2026-03-16 13:30:00+00:00,2026-06-05 20:00:00+00:00,America/New_York,2026-06-07 10:35:04.324331+00:00,
DYN,DYN,success,755,2026-03-16 13:30:00+00:00,2026-06-05 20:00:00+00:00,America/New_York,2026-06-07 10:35:04.380899+00:00,
WDFC,WDFC,success,739,2026-03-16 13:30:00+00:00,2026-06-05 20:00:00+00:00,America/New_York,2026-06-07 10:35:04.463672+00:00,
FSM,FSM,success,755,2026-03-16 13:30:00+00:00,2026-06-05 20:00:00+00:00,America/New_York,2026-06-07 10:35:04.382109+00:00,
WK,WK,success,755,2026-03-16 13:30:00+00:00,2026-06-05 20:00:00+00:00,America/New_York,2026-06-07 10:35:04.427279+00:00,
RH,RH,success,755,2026-03-16 13:30:00+00:00,2026-06-05 20:00:00+00:00,America/New_York,2026-06-07 10:35:04.520556+00:00,
AMBA,AMBA,success,755,2026-03-16 13:30:00+00:00,2026-06-05 20:00:00+00:00,America/New_York,2026-06-07 10:35:04.674769+00:00,
FSLY,FSLY,success,755,2026-03-16 13:30:00+00:00,2026-06-05 20:00:00+00:00,America/New_York,2026-06-07 10:35:04.628665+00:00,
WAFD,WAFD,success,755,2026-03-16 13:30:00+00:00,2026-06-05 20:00:00+00:00,America/New_York,2026-06-07 10:35:04.730551+00:00,
CWT,CWT,success,755,2026-03-16 13:30:00+00:00,2026-06-05 20:00:00+00:00,America/New_York,2026-06-07 10:35:04.729551+00:00,
CHRN,CHRN,success,300,2026-05-05 13:30:00+00:00,2026-06-05 20:00:00+00:00,America/New_York,2026-06-07 10:35:04.836649+00:00,
DNN,DNN,success,755,2026-03-16 13:30:00+00:00,2026-06-05 20:00:00+00:00,America/New_York,2026-06-07 10:35:04.701452+00:00,
CALY,CALY,success,755,2026-03-16 13:30:00+00:00,2026-06-05 20:00:00+00:00,America/New_York,2026-06-07 10:35:04.787066+00:00,
ATKR,ATKR,success,755,2026-03-16 13:30:00+00:00,2026-06-05 20:00:00+00:00,America/New_York,2026-06-07 10:35:04.871273+00:00,
FRSH,FRSH,success,755,2026-03-16 13:30:00+00:00,2026-06-05 20:00:00+00:00,America/New_York,2026-06-07 10:35:04.919728+00:00,
ADPT,ADPT,success,755,2026-03-16 13:30:00+00:00,2026-06-05 20:00:00+00:00,America/New_York,2026-06-07 10:35:04.956093+00:00,
AMPX,AMPX,success,755,2026-03-16 13:30:00+00:00,2026-06-05 20:00:00+00:00,America/New_York,2026-06-07 10:35:05.000369+00:00,
NMRK,NMRK,success,755,2026-03-16 13:30:00+00:00,2026-06-05 20:00:00+00:00,America/New_York,2026-06-07 10:35:05.115304+00:00,
VVX,VVX,success,755,2026-03-16 13:30:00+00:00,2026-06-05 20:00:00+00:00,America/New_York,2026-06-07 10:35:05.186645+00:00,
ERO,ERO,success,755,2026-03-16 13:30:00+00:00,2026-06-05 20:00:00+00:00,America/New_York,2026-06-07 10:35:05.264587+00:00,
HLIO,HLIO,success,755,2026-03-16 13:30:00+00:00,2026-06-05 20:00:00+00:00,America/New_York,2026-06-07 10:35:05.153310+00:00,
KD,KD,success,755,2026-03-16 13:30:00+00:00,2026-06-05 20:00:00+00:00,America/New_York,2026-06-07 10:35:05.230904+00:00,
DHT,DHT,success,755,2026-03-16 13:30:00+00:00,2026-06-05 20:00:00+00:00,America/New_York,2026-06-07 10:35:05.327323+00:00,
GPCR,GPCR,success,755,2026-03-16 13:30:00+00:00,2026-06-05 20:00:00+00:00,America/New_York,2026-06-07 10:35:05.352944+00:00,
MGRC,MGRC,success,752,2026-03-16 13:30:00+00:00,2026-06-05 20:00:00+00:00,America/New_York,2026-06-07 10:35:05.289000+00:00,
PRVA,PRVA,success,755,2026-03-16 13:30:00+00:00,2026-06-05 20:00:00+00:00,America/New_York,2026-06-07 10:35:05.427372+00:00,
WOLF,WOLF,success,755,2026-03-16 13:30:00+00:00,2026-06-05 20:00:00+00:00,America/New_York,2026-06-07 10:35:05.387703+00:00,
ATS,ATS,success,751,2026-03-16 13:30:00+00:00,2026-06-05 20:00:00+00:00,America/New_York,2026-06-07 10:35:05.469005+00:00,
TRMK,TRMK,success,755,2026-03-16 13:30:00+00:00,2026-06-05 20:00:00+00:00,America/New_York,2026-06-07 10:35:05.516918+00:00,
AAMI,AAMI,success,755,2026-03-16 13:30:00+00:00,2026-06-05 20:00:00+00:00,America/New_York,2026-06-07 10:35:05.553734+00:00,
ARQT,ARQT,success,755,2026-03-16 13:30:00+00:00,2026-06-05 20:00:00+00:00,America/New_York,2026-06-07 10:35:05.605074+00:00,
PAY,PAY,success,755,2026-03-16 13:30:00+00:00,2026-06-05 20:00:00+00:00,America/New_York,2026-06-07 10:35:05.648236+00:00,
FCPT,FCPT,success,755,2026-03-16 13:30:00+00:00,2026-06-05 20:00:00+00:00,America/New_York,2026-06-07 10:35:05.748096+00:00,
HUBG,HUBG,success,755,2026-03-16 13:30:00+00:00,2026-06-05 20:00:00+00:00,America/New_York,2026-06-07 10:35:05.717850+00:00,
TRN,TRN,success,755,2026-03-16 13:30:00+00:00,2026-06-05 20:00:00+00:00,America/New_York,2026-06-07 10:35:05.675287+00:00,
VISN,VISN,success,755,2026-03-16 13:30:00+00:00,2026-06-05 20:00:00+00:00,America/New_York,2026-06-07 10:35:05.839875+00:00,
ABM,ABM,success,755,2026-03-16 13:30:00+00:00,2026-06-05 20:00:00+00:00,America/New_York,2026-06-07 10:35:05.815275+00:00,
WERN,WERN,success,755,2026-03-16 13:30:00+00:00,2026-06-05 20:00:00+00:00,America/New_York,2026-06-07 10:35:05.906303+00:00,
AMR,AMR,success,755,2026-03-16 13:30:00+00:00,2026-06-05 20:00:00+00:00,America/New_York,2026-06-07 10:35:05.867541+00:00,
BRZE,BRZE,success,755,2026-03-16 13:30:00+00:00,2026-06-05 20:00:00+00:00,America/New_York,2026-06-07 10:35:05.959994+00:00,
IVT,IVT,success,755,2026-03-16 13:30:00+00:00,2026-06-05 20:00:00+00:00,America/New_York,2026-06-07 10:35:06.073582+00:00,
SAH,SAH,success,755,2026-03-16 13:30:00+00:00,2026-06-05 20:00:00+00:00,America/New_York,2026-06-07 10:35:06.025125+00:00,
CDNL,CDNL,success,755,2026-03-16 13:30:00+00:00,2026-06-05 20:00:00+00:00,America/New_York,2026-06-07 10:35:06.109193+00:00,
ASH,ASH,success,755,2026-03-16 13:30:00+00:00,2026-06-05 20:00:00+00:00,America/New_York,2026-06-07 10:35:06.179502+00:00,
HOG,HOG,success,755,2026-03-16 13:30:00+00:00,2026-06-05 20:00:00+00:00,America/New_York,2026-06-07 10:35:06.148450+00:00,
SUPN,SUPN,success,755,2026-03-16 13:30:00+00:00,2026-06-05 20:00:00+00:00,America/New_York,2026-06-07 10:35:06.254006+00:00,
DFTX,DFTX,success,755,2026-03-16 13:30:00+00:00,2026-06-05 20:00:00+00:00,America/New_York,2026-06-07 10:35:06.217679+00:00,
GRDN,GRDN,success,755,2026-03-16 13:30:00+00:00,2026-06-05 20:00:00+00:00,America/New_York,2026-06-07 10:35:06.326825+00:00,
PENN,PENN,success,755,2026-03-16 13:30:00+00:00,2026-06-05 20:00:00+00:00,America/New_York,2026-06-07 10:35:06.380547+00:00,
AYA,AYA,success,311,2026-05-04 14:30:00+00:00,2026-06-05 20:00:00+00:00,America/New_York,2026-06-07 10:35:06.433860+00:00,
WHR,WHR,success,755,2026-03-16 13:30:00+00:00,2026-06-05 20:00:00+00:00,America/New_York,2026-06-07 10:35:06.353438+00:00,
STNE,STNE,success,755,2026-03-16 13:30:00+00:00,2026-06-05 20:00:00+00:00,America/New_York,2026-06-07 10:35:06.570069+00:00,
EEFT,EEFT,success,755,2026-03-16 13:30:00+00:00,2026-06-05 20:00:00+00:00,America/New_York,2026-06-07 10:35:06.549028+00:00,
SPNT,SPNT,success,755,2026-03-16 13:30:00+00:00,2026-06-05 20:00:00+00:00,America/New_York,2026-06-07 10:35:06.460431+00:00,
TE,TE,success,755,2026-03-16 13:30:00+00:00,2026-06-05 20:00:00+00:00,America/New_York,2026-06-07 10:35:06.460431+00:00,
TARS,TARS,success,755,2026-03-16 13:30:00+00:00,2026-06-05 20:00:00+00:00,America/New_York,2026-06-07 10:35:06.621642+00:00,
FRME,FRME,success,755,2026-03-16 13:30:00+00:00,2026-06-05 20:00:00+00:00,America/New_York,2026-06-07 10:35:06.652468+00:00,
KLRA,KLRA,success,450,2026-04-17 13:30:00+00:00,2026-06-05 20:00:00+00:00,America/New_York,2026-06-07 10:35:06.800113+00:00,
VNET,VNET,success,755,2026-03-16 13:30:00+00:00,2026-06-05 20:00:00+00:00,America/New_York,2026-06-07 10:35:06.760140+00:00,
IRON,IRON,success,755,2026-03-16 13:30:00+00:00,2026-06-05 20:00:00+00:00,America/New_York,2026-06-07 10:35:06.887481+00:00,
CUBI,CUBI,success,755,2026-03-16 13:30:00+00:00,2026-06-05 20:00:00+00:00,America/New_York,2026-06-07 10:35:06.969315+00:00,
PTON,PTON,success,755,2026-03-16 13:30:00+00:00,2026-06-05 20:00:00+00:00,America/New_York,2026-06-07 10:35:06.997091+00:00,
TNK,TNK,success,755,2026-03-16 13:30:00+00:00,2026-06-05 20:00:00+00:00,America/New_York,2026-06-07 10:35:07.046744+00:00,
INTR,INTR,success,755,2026-03-16 13:30:00+00:00,2026-06-05 20:00:00+00:00,America/New_York,2026-06-07 10:35:06.926827+00:00,
OUST,OUST,success,755,2026-03-16 13:30:00+00:00,2026-06-05 20:00:00+00:00,America/New_York,2026-06-07 10:35:07.093339+00:00,
AGYS,AGYS,success,755,2026-03-16 13:30:00+00:00,2026-06-05 20:00:00+00:00,America/New_York,2026-06-07 10:35:07.143497+00:00,
HUN,HUN,success,755,2026-03-16 13:30:00+00:00,2026-06-05 20:00:00+00:00,America/New_York,2026-06-07 10:35:07.094340+00:00,
IDYA,IDYA,success,755,2026-03-16 13:30:00+00:00,2026-06-05 20:00:00+00:00,America/New_York,2026-06-07 10:35:07.182684+00:00,
KMT,KMT,success,755,2026-03-16 13:30:00+00:00,2026-06-05 20:00:00+00:00,America/New_York,2026-06-07 10:35:07.257183+00:00,
PAGS,PAGS,success,755,2026-03-16 13:30:00+00:00,2026-06-05 20:00:00+00:00,America/New_York,2026-06-07 10:35:07.315007+00:00,
ROG,ROG,success,753,2026-03-16 13:30:00+00:00,2026-06-05 20:00:00+00:00,America/New_York,2026-06-07 10:35:07.387237+00:00,
DGII,DGII,success,755,2026-03-16 13:30:00+00:00,2026-06-05 20:00:00+00:00,America/New_York,2026-06-07 10:35:07.358267+00:00,
ANDE,ANDE,success,755,2026-03-16 13:30:00+00:00,2026-06-05 20:00:00+00:00,America/New_York,2026-06-07 10:35:07.529832+00:00,
VOYG,VOYG,success,755,2026-03-16 13:30:00+00:00,2026-06-05 20:00:00+00:00,America/New_York,2026-06-07 10:35:07.462968+00:00,
DXPE,DXPE,success,743,2026-03-16 13:30:00+00:00,2026-06-05 20:00:00+00:00,America/New_York,2026-06-07 10:35:07.528835+00:00,
CARG,CARG,success,755,2026-03-16 13:30:00+00:00,2026-06-05 20:00:00+00:00,America/New_York,2026-06-07 10:35:07.501178+00:00,
NIQ,NIQ,success,755,2026-03-16 13:30:00+00:00,2026-06-05 20:00:00+00:00,America/New_York,2026-06-07 10:35:07.644163+00:00,
FBNC,FBNC,success,754,2026-03-16 13:30:00+00:00,2026-06-05 20:00:00+00:00,America/New_York,2026-06-07 10:35:07.671911+00:00,
GRAL,GRAL,success,755,2026-03-16 13:30:00+00:00,2026-06-05 20:00:00+00:00,America/New_York,2026-06-07 10:35:07.671911+00:00,
DNOW,DNOW,success,755,2026-03-16 13:30:00+00:00,2026-06-05 20:00:00+00:00,America/New_York,2026-06-07 10:35:07.728303+00:00,
TALO,TALO,success,755,2026-03-16 13:30:00+00:00,2026-06-05 20:00:00+00:00,America/New_York,2026-06-07 10:35:07.792723+00:00,
NYAX,NYAX,success,370,2026-03-16 13:30:00+00:00,2026-06-05 20:00:00+00:00,America/New_York,2026-06-07 10:35:07.939610+00:00,
KWR,KWR,success,752,2026-03-16 13:30:00+00:00,2026-06-05 20:00:00+00:00,America/New_York,2026-06-07 10:35:07.854875+00:00,
FRPT,FRPT,success,755,2026-03-16 13:30:00+00:00,2026-06-05 20:00:00+00:00,America/New_York,2026-06-07 10:35:07.855885+00:00,
OSW,OSW,success,755,2026-03-16 13:30:00+00:00,2026-06-05 20:00:00+00:00,America/New_York,2026-06-07 10:35:07.879050+00:00,
WTTR,WTTR,success,755,2026-03-16 13:30:00+00:00,2026-06-05 20:00:00+00:00,America/New_York,2026-06-07 10:35:08.196786+00:00,
GMRS,GMRS,success,215,2026-05-13 13:30:00+00:00,2026-06-05 20:00:00+00:00,America/New_York,2026-06-07 10:35:08.333454+00:00,
BW,BW,success,755,2026-03-16 13:30:00+00:00,2026-06-05 20:00:00+00:00,America/New_York,2026-06-07 10:35:08.084065+00:00,
BBT,BBT,success,755,2026-03-16 13:30:00+00:00,2026-06-05 20:00:00+00:00,America/New_York,2026-06-07 10:35:08.392162+00:00,
NBTB,NBTB,success,755,2026-03-16 13:30:00+00:00,2026-06-05 20:00:00+00:00,America/New_York,2026-06-07 10:35:08.394163+00:00,
TGB,TGB,success,755,2026-03-16 13:30:00+00:00,2026-06-05 20:00:00+00:00,America/New_York,2026-06-07 10:35:08.367002+00:00,
CALX,CALX,success,755,2026-03-16 13:30:00+00:00,2026-06-05 20:00:00+00:00,America/New_York,2026-06-07 10:35:08.106836+00:00,
ALMS,ALMS,success,755,2026-03-16 13:30:00+00:00,2026-06-05 20:00:00+00:00,America/New_York,2026-06-07 10:35:08.393164+00:00,
HTFL,HTFL,success,755,2026-03-16 13:30:00+00:00,2026-06-05 20:00:00+00:00,America/New_York,2026-06-07 10:35:08.564229+00:00,
NESR,NESR,success,755,2026-03-16 13:30:00+00:00,2026-06-05 20:00:00+00:00,America/New_York,2026-06-07 10:35:08.495811+00:00,
HYMC,HYMC,success,755,2026-03-16 13:30:00+00:00,2026-06-05 20:00:00+00:00,America/New_York,2026-06-07 10:35:08.727306+00:00,
BUSE,BUSE,success,755,2026-03-16 13:30:00+00:00,2026-06-05 20:00:00+00:00,America/New_York,2026-06-07 10:35:08.818836+00:00,
BCC,BCC,success,755,2026-03-16 13:30:00+00:00,2026-06-05 20:00:00+00:00,America/New_York,2026-06-07 10:35:08.758573+00:00,
NGVT,NGVT,success,755,2026-03-16 13:30:00+00:00,2026-06-05 20:00:00+00:00,America/New_York,2026-06-07 10:35:08.915661+00:00,
WU,WU,success,755,2026-03-16 13:30:00+00:00,2026-06-05 20:00:00+00:00,America/New_York,2026-06-07 10:35:08.851941+00:00,
CEPU,CEPU,success,755,2026-03-16 13:30:00+00:00,2026-06-05 20:00:00+00:00,America/New_York,2026-06-07 10:35:08.792325+00:00,
TMDX,TMDX,success,755,2026-03-16 13:30:00+00:00,2026-06-05 20:00:00+00:00,America/New_York,2026-06-07 10:35:08.981407+00:00,
DRH,DRH,success,755,2026-03-16 13:30:00+00:00,2026-06-05 20:00:00+00:00,America/New_York,2026-06-07 10:35:08.881580+00:00,
UTI,UTI,success,755,2026-03-16 13:30:00+00:00,2026-06-05 20:00:00+00:00,America/New_York,2026-06-07 10:35:08.945745+00:00,
MTX,MTX,success,753,2026-03-16 13:30:00+00:00,2026-06-05 20:00:00+00:00,America/New_York,2026-06-07 10:35:09.260240+00:00,
DAC,DAC,success,737,2026-03-16 13:30:00+00:00,2026-06-05 20:00:00+00:00,America/New_York,2026-06-07 10:35:09.236190+00:00,
HAWK,HAWK,success,270,2026-05-07 13:30:00+00:00,2026-06-05 20:00:00+00:00,America/New_York,2026-06-07 10:35:09.363991+00:00,
AMBP,AMBP,success,755,2026-03-16 13:30:00+00:00,2026-06-05 20:00:00+00:00,America/New_York,2026-06-07 10:35:09.288407+00:00,
AERO,AERO,success,750,2026-03-16 13:30:00+00:00,2026-06-05 20:00:00+00:00,America/New_York,2026-06-07 10:35:09.332358+00:00,
HE,HE,success,755,2026-03-16 13:30:00+00:00,2026-06-05 20:00:00+00:00,America/New_York,2026-06-07 10:35:09.386625+00:00,
COHU,COHU,success,755,2026-03-16 13:30:00+00:00,2026-06-05 20:00:00+00:00,America/New_York,2026-06-07 10:35:09.409201+00:00,
SVM,SVM,success,755,2026-03-16 13:30:00+00:00,2026-06-05 20:00:00+00:00,America/New_York,2026-06-07 10:35:09.420781+00:00,
MH,MH,success,755,2026-03-16 13:30:00+00:00,2026-06-05 20:00:00+00:00,America/New_York,2026-06-07 10:35:09.482749+00:00,
EXK,EXK,success,755,2026-03-16 13:30:00+00:00,2026-06-05 20:00:00+00:00,America/New_York,2026-06-07 10:35:09.538502+00:00,
NTB,NTB,success,755,2026-03-16 13:30:00+00:00,2026-06-05 20:00:00+00:00,America/New_York,2026-06-07 10:35:09.683294+00:00,
UAA,UAA,success,755,2026-03-16 13:30:00+00:00,2026-06-05 20:00:00+00:00,America/New_York,2026-06-07 10:35:09.607054+00:00,
CMPR,CMPR,success,747,2026-03-16 13:30:00+00:00,2026-06-05 20:00:00+00:00,America/New_York,2026-06-07 10:35:09.639123+00:00,
BAND,BAND,success,755,2026-03-16 13:30:00+00:00,2026-06-05 20:00:00+00:00,America/New_York,2026-06-07 10:35:09.777348+00:00,
EOSE,EOSE,success,755,2026-03-16 13:30:00+00:00,2026-06-05 20:00:00+00:00,America/New_York,2026-06-07 10:35:09.900186+00:00,
HTO,HTO,success,755,2026-03-16 13:30:00+00:00,2026-06-05 20:00:00+00:00,America/New_York,2026-06-07 10:35:09.837352+00:00,
PBI,PBI,success,755,2026-03-16 13:30:00+00:00,2026-06-05 20:00:00+00:00,America/New_York,2026-06-07 10:35:10.058078+00:00,
TBBK,TBBK,success,755,2026-03-16 13:30:00+00:00,2026-06-05 20:00:00+00:00,America/New_York,2026-06-07 10:35:10.060076+00:00,
DJT,DJT,success,755,2026-03-16 13:30:00+00:00,2026-06-05 20:00:00+00:00,America/New_York,2026-06-07 10:35:10.027899+00:00,
LCII,LCII,success,755,2026-03-16 13:30:00+00:00,2026-06-05 20:00:00+00:00,America/New_York,2026-06-07 10:35:10.114020+00:00,
BKE,BKE,success,755,2026-03-16 13:30:00+00:00,2026-06-05 20:00:00+00:00,America/New_York,2026-06-07 10:35:09.991675+00:00,
AXGN,AXGN,success,755,2026-03-16 13:30:00+00:00,2026-06-05 20:00:00+00:00,America/New_York,2026-06-07 10:35:10.293019+00:00,
WRD,WRD,success,755,2026-03-16 13:30:00+00:00,2026-06-05 20:00:00+00:00,America/New_York,2026-06-07 10:35:10.311055+00:00,
AVPT,AVPT,success,755,2026-03-16 13:30:00+00:00,2026-06-05 20:00:00+00:00,America/New_York,2026-06-07 10:35:10.260901+00:00,
EFSC,EFSC,success,755,2026-03-16 13:30:00+00:00,2026-06-05 20:00:00+00:00,America/New_York,2026-06-07 10:35:10.610995+00:00,
PBH,PBH,success,755,2026-03-16 13:30:00+00:00,2026-06-05 20:00:00+00:00,America/New_York,2026-06-07 10:35:10.507340+00:00,
CXW,CXW,success,755,2026-03-16 13:30:00+00:00,2026-06-05 20:00:00+00:00,America/New_York,2026-06-07 10:35:10.560835+00:00,
ALRM,ALRM,success,755,2026-03-16 13:30:00+00:00,2026-06-05 20:00:00+00:00,America/New_York,2026-06-07 10:35:10.658294+00:00,
DCO,DCO,success,755,2026-03-16 13:30:00+00:00,2026-06-05 20:00:00+00:00,America/New_York,2026-06-07 10:35:10.728688+00:00,
LCLN,LCLN,success,149,2026-05-20 13:30:00+00:00,2026-06-05 20:00:00+00:00,America/New_York,2026-06-07 10:35:10.775897+00:00,
VERA,VERA,success,755,2026-03-16 13:30:00+00:00,2026-06-05 20:00:00+00:00,America/New_York,2026-06-07 10:35:10.697788+00:00,
ALGT,ALGT,success,755,2026-03-16 13:30:00+00:00,2026-06-05 20:00:00+00:00,America/New_York,2026-06-07 10:35:10.750771+00:00,
NEXT,NEXT,success,755,2026-03-16 13:30:00+00:00,2026-06-05 20:00:00+00:00,America/New_York,2026-06-07 10:35:10.825089+00:00,
ACHC,ACHC,success,755,2026-03-16 13:30:00+00:00,2026-06-05 20:00:00+00:00,America/New_York,2026-06-07 10:35:10.826622+00:00,
PCT,PCT,success,755,2026-03-16 13:30:00+00:00,2026-06-05 20:00:00+00:00,America/New_York,2026-06-07 10:35:10.886860+00:00,
CENTA,CENTA,success,755,2026-03-16 13:30:00+00:00,2026-06-05 20:00:00+00:00,America/New_York,2026-06-07 10:35:10.973133+00:00,
MCRI,MCRI,success,738,2026-03-16 13:30:00+00:00,2026-06-05 20:00:00+00:00,America/New_York,2026-06-07 10:35:11.075051+00:00,
RAMP,RAMP,success,755,2026-03-16 13:30:00+00:00,2026-06-05 20:00:00+00:00,America/New_York,2026-06-07 10:35:11.014458+00:00,
WLY,WLY,success,755,2026-03-16 13:30:00+00:00,2026-06-05 20:00:00+00:00,America/New_York,2026-06-07 10:35:11.113029+00:00,
HNI,HNI,success,755,2026-03-16 13:30:00+00:00,2026-06-05 20:00:00+00:00,America/New_York,2026-06-07 10:35:11.302022+00:00,
SHAK,SHAK,success,755,2026-03-16 13:30:00+00:00,2026-06-05 20:00:00+00:00,America/New_York,2026-06-07 10:35:11.187035+00:00,
MLCO,MLCO,success,755,2026-03-16 13:30:00+00:00,2026-06-05 20:00:00+00:00,America/New_York,2026-06-07 10:35:11.344310+00:00,
HTH,HTH,success,755,2026-03-16 13:30:00+00:00,2026-06-05 20:00:00+00:00,America/New_York,2026-06-07 10:35:11.381974+00:00,
QUBT,QUBT,success,755,2026-03-16 13:30:00+00:00,2026-06-05 20:00:00+00:00,America/New_York,2026-06-07 10:35:11.188591+00:00,
CDLR,CDLR,success,730,2026-03-16 13:30:00+00:00,2026-06-05 20:00:00+00:00,America/New_York,2026-06-07 10:35:11.453747+00:00,
BLBD,BLBD,success,755,2026-03-16 13:30:00+00:00,2026-06-05 20:00:00+00:00,America/New_York,2026-06-07 10:35:11.519075+00:00,
CHA,CHA,success,755,2026-03-16 13:30:00+00:00,2026-06-05 20:00:00+00:00,America/New_York,2026-06-07 10:35:11.579850+00:00,
CLDX,CLDX,success,755,2026-03-16 13:30:00+00:00,2026-06-05 20:00:00+00:00,America/New_York,2026-06-07 10:35:11.607927+00:00,
BANR,BANR,success,753,2026-03-16 13:30:00+00:00,2026-06-05 20:00:00+00:00,America/New_York,2026-06-07 10:35:11.489980+00:00,
RNW,RNW,success,755,2026-03-16 13:30:00+00:00,2026-06-05 20:00:00+00:00,America/New_York,2026-06-07 10:35:11.663748+00:00,
CTOS,CTOS,success,755,2026-03-16 13:30:00+00:00,2026-06-05 20:00:00+00:00,America/New_York,2026-06-07 10:35:11.696114+00:00,
MBIN,MBIN,success,752,2026-03-16 13:30:00+00:00,2026-06-05 20:00:00+00:00,America/New_York,2026-06-07 10:35:11.846464+00:00,
NOG,NOG,success,755,2026-03-16 13:30:00+00:00,2026-06-05 20:00:00+00:00,America/New_York,2026-06-07 10:35:11.771643+00:00,
ATEN,ATEN,success,755,2026-03-16 13:30:00+00:00,2026-06-05 20:00:00+00:00,America/New_York,2026-06-07 10:35:11.747522+00:00,
GCMG,GCMG,success,755,2026-03-16 13:30:00+00:00,2026-06-05 20:00:00+00:00,America/New_York,2026-06-07 10:35:11.806894+00:00,
SHO,SHO,success,755,2026-03-16 13:30:00+00:00,2026-06-05 20:00:00+00:00,America/New_York,2026-06-07 10:35:11.903418+00:00,
PLUS,PLUS,success,752,2026-03-16 13:30:00+00:00,2026-06-05 20:00:00+00:00,America/New_York,2026-06-07 10:35:11.965469+00:00,
CPRI,CPRI,success,755,2026-03-16 13:30:00+00:00,2026-06-05 20:00:00+00:00,America/New_York,2026-06-07 10:35:12.026126+00:00,
PHVS,PHVS,success,751,2026-03-16 13:30:00+00:00,2026-06-05 20:00:00+00:00,America/New_York,2026-06-07 10:35:12.144593+00:00,
ICHR,ICHR,success,755,2026-03-16 13:30:00+00:00,2026-06-05 20:00:00+00:00,America/New_York,2026-06-07 10:35:11.941814+00:00,
ESTA,ESTA,success,755,2026-03-16 13:30:00+00:00,2026-06-05 20:00:00+00:00,America/New_York,2026-06-07 10:35:12.027126+00:00,
IMOS,IMOS,success,736,2026-03-16 13:30:00+00:00,2026-06-05 20:00:00+00:00,America/New_York,2026-06-07 10:35:12.118461+00:00,
ATHM,ATHM,success,755,2026-03-16 13:30:00+00:00,2026-06-05 20:00:00+00:00,America/New_York,2026-06-07 10:35:12.179721+00:00,
TNET,TNET,success,755,2026-03-16 13:30:00+00:00,2026-06-05 20:00:00+00:00,America/New_York,2026-06-07 10:35:12.208324+00:00,
PRDO,PRDO,success,755,2026-03-16 13:30:00+00:00,2026-06-05 20:00:00+00:00,America/New_York,2026-06-07 10:35:12.268176+00:00,
TRVG,TRVG,success,577,2026-03-16 13:30:00+00:00,2026-06-05 20:00:00+00:00,America/New_York,2026-06-07 10:35:12.367964+00:00,
DRVN,DRVN,success,755,2026-03-16 13:30:00+00:00,2026-06-05 20:00:00+00:00,America/New_York,2026-06-07 10:35:12.339924+00:00,
CYD,CYD,success,755,2026-03-16 13:30:00+00:00,2026-06-05 20:00:00+00:00,America/New_York,2026-06-07 10:35:12.395023+00:00,
LMAT,LMAT,success,752,2026-03-16 13:30:00+00:00,2026-06-05 20:00:00+00:00,America/New_York,2026-06-07 10:35:12.394024+00:00,
SYBT,SYBT,success,753,2026-03-16 13:30:00+00:00,2026-06-05 20:00:00+00:00,America/New_York,2026-06-07 10:35:12.506004+00:00,
TMC,TMC,success,755,2026-03-16 13:30:00+00:00,2026-06-05 20:00:00+00:00,America/New_York,2026-06-07 10:35:12.533172+00:00,
BRSL,BRSL,success,755,2026-03-16 13:30:00+00:00,2026-06-05 20:00:00+00:00,America/New_York,2026-06-07 10:35:12.477915+00:00,
ELVN,ELVN,success,755,2026-03-16 13:30:00+00:00,2026-06-05 20:00:00+00:00,America/New_York,2026-06-07 10:35:12.539172+00:00,
WS,WS,success,755,2026-03-16 13:30:00+00:00,2026-06-05 20:00:00+00:00,America/New_York,2026-06-07 10:35:12.653238+00:00,
AUPH,AUPH,success,755,2026-03-16 13:30:00+00:00,2026-06-05 20:00:00+00:00,America/New_York,2026-06-07 10:35:12.715031+00:00,
CLBK,CLBK,success,755,2026-03-16 13:30:00+00:00,2026-06-05 20:00:00+00:00,America/New_York,2026-06-07 10:35:12.651727+00:00,
SPSC,SPSC,success,755,2026-03-16 13:30:00+00:00,2026-06-05 20:00:00+00:00,America/New_York,2026-06-07 10:35:12.716032+00:00,
MGNI,MGNI,success,755,2026-03-16 13:30:00+00:00,2026-06-05 20:00:00+00:00,America/New_York,2026-06-07 10:35:12.799792+00:00,
IMAX,IMAX,success,755,2026-03-16 13:30:00+00:00,2026-06-05 20:00:00+00:00,America/New_York,2026-06-07 10:35:12.822869+00:00,
BCRX,BCRX,success,755,2026-03-16 13:30:00+00:00,2026-06-05 20:00:00+00:00,America/New_York,2026-06-07 10:35:12.888757+00:00,
VERX,VERX,success,755,2026-03-16 13:30:00+00:00,2026-06-05 20:00:00+00:00,America/New_York,2026-06-07 10:35:12.822869+00:00,
GNL,GNL,success,755,2026-03-16 13:30:00+00:00,2026-06-05 20:00:00+00:00,America/New_York,2026-06-07 10:35:12.935084+00:00,
RARE,RARE,success,755,2026-03-16 13:30:00+00:00,2026-06-05 20:00:00+00:00,America/New_York,2026-06-07 10:35:13.068063+00:00,
CXT,CXT,success,755,2026-03-16 13:30:00+00:00,2026-06-05 20:00:00+00:00,America/New_York,2026-06-07 10:35:13.026950+00:00,
NWBI,NWBI,success,755,2026-03-16 13:30:00+00:00,2026-06-05 20:00:00+00:00,America/New_York,2026-06-07 10:35:13.104634+00:00,
NWN,NWN,success,755,2026-03-16 13:30:00+00:00,2026-06-05 20:00:00+00:00,America/New_York,2026-06-07 10:35:13.195088+00:00,
AESI,AESI,success,755,2026-03-16 13:30:00+00:00,2026-06-05 20:00:00+00:00,America/New_York,2026-06-07 10:35:13.151960+00:00,
FLOC,FLOC,success,755,2026-03-16 13:30:00+00:00,2026-06-05 20:00:00+00:00,America/New_York,2026-06-07 10:35:13.183532+00:00,
DHC,DHC,success,755,2026-03-16 13:30:00+00:00,2026-06-05 20:00:00+00:00,America/New_York,2026-06-07 10:35:13.228693+00:00,
CCU,CCU,success,752,2026-03-16 13:30:00+00:00,2026-06-05 20:00:00+00:00,America/New_York,2026-06-07 10:35:13.259777+00:00,
DRD,DRD,success,755,2026-03-16 13:30:00+00:00,2026-06-05 20:00:00+00:00,America/New_York,2026-06-07 10:35:13.347192+00:00,
SEM,SEM,success,755,2026-03-16 13:30:00+00:00,2026-06-05 20:00:00+00:00,America/New_York,2026-06-07 10:35:13.372264+00:00,
IMNM,IMNM,success,755,2026-03-16 13:30:00+00:00,2026-06-05 20:00:00+00:00,America/New_York,2026-06-07 10:35:13.445551+00:00,
DEI,DEI,success,755,2026-03-16 13:30:00+00:00,2026-06-05 20:00:00+00:00,America/New_York,2026-06-07 10:35:13.563459+00:00,
POET,POET,success,755,2026-03-16 13:30:00+00:00,2026-06-05 20:00:00+00:00,America/New_York,2026-06-07 10:35:13.524071+00:00,
ARR,ARR,success,755,2026-03-16 13:30:00+00:00,2026-06-05 20:00:00+00:00,America/New_York,2026-06-07 10:35:13.640734+00:00,
HCI,HCI,success,753,2026-03-16 13:30:00+00:00,2026-06-05 20:00:00+00:00,America/New_York,2026-06-07 10:35:13.658307+00:00,
OFG,OFG,success,755,2026-03-16 13:30:00+00:00,2026-06-05 20:00:00+00:00,America/New_York,2026-06-07 10:35:13.672318+00:00,
PDFS,PDFS,success,755,2026-03-16 13:30:00+00:00,2026-06-05 20:00:00+00:00,America/New_York,2026-06-07 10:35:13.770251+00:00,
PGNY,PGNY,success,755,2026-03-16 13:30:00+00:00,2026-06-05 20:00:00+00:00,America/New_York,2026-06-07 10:35:13.825741+00:00,
GRC,GRC,success,750,2026-03-16 13:30:00+00:00,2026-06-05 20:00:00+00:00,America/New_York,2026-06-07 10:35:13.798664+00:00,
AMSC,AMSC,success,755,2026-03-16 13:30:00+00:00,2026-06-05 20:00:00+00:00,America/New_York,2026-06-07 10:35:13.872140+00:00,
OMCL,OMCL,success,755,2026-03-16 13:30:00+00:00,2026-06-05 20:00:00+00:00,America/New_York,2026-06-07 10:35:13.911869+00:00,
BHC,BHC,success,755,2026-03-16 13:30:00+00:00,2026-06-05 20:00:00+00:00,America/New_York,2026-06-07 10:35:14.005451+00:00,
GRND,GRND,success,755,2026-03-16 13:30:00+00:00,2026-06-05 20:00:00+00:00,America/New_York,2026-06-07 10:35:13.981396+00:00,
BBAI,BBAI,success,755,2026-03-16 13:30:00+00:00,2026-06-05 20:00:00+00:00,America/New_York,2026-06-07 10:35:14.037656+00:00,
IOSP,IOSP,success,754,2026-03-16 13:30:00+00:00,2026-06-05 20:00:00+00:00,America/New_York,2026-06-07 10:35:14.096048+00:00,
LCID,LCID,success,755,2026-03-16 13:30:00+00:00,2026-06-05 20:00:00+00:00,America/New_York,2026-06-07 10:35:14.155363+00:00,
XRAY,XRAY,success,755,2026-03-16 13:30:00+00:00,2026-06-05 20:00:00+00:00,America/New_York,2026-06-07 10:35:14.143788+00:00,
FCF,FCF,success,755,2026-03-16 13:30:00+00:00,2026-06-05 20:00:00+00:00,America/New_York,2026-06-07 10:35:14.228864+00:00,
FIGS,FIGS,success,755,2026-03-16 13:30:00+00:00,2026-06-05 20:00:00+00:00,America/New_York,2026-06-07 10:35:14.252410+00:00,
PRKS,PRKS,success,755,2026-03-16 13:30:00+00:00,2026-06-05 20:00:00+00:00,America/New_York,2026-06-07 10:35:14.297397+00:00,
STC,STC,success,754,2026-03-16 13:30:00+00:00,2026-06-05 20:00:00+00:00,America/New_York,2026-06-07 10:35:14.414556+00:00,
BLX,BLX,success,754,2026-03-16 13:30:00+00:00,2026-06-05 20:00:00+00:00,America/New_York,2026-06-07 10:35:14.357614+00:00,
CLOV,CLOV,success,755,2026-03-16 13:30:00+00:00,2026-06-05 20:00:00+00:00,America/New_York,2026-06-07 10:35:14.298393+00:00,
WSR,WSR,success,755,2026-03-16 13:30:00+00:00,2026-06-05 20:00:00+00:00,America/New_York,2026-06-07 10:35:14.512563+00:00,
LC,LC,success,755,2026-03-16 13:30:00+00:00,2026-06-05 20:00:00+00:00,America/New_York,2026-06-07 10:35:14.464992+00:00,
MLYS,MLYS,success,755,2026-03-16 13:30:00+00:00,2026-06-05 20:00:00+00:00,America/New_York,2026-06-07 10:35:14.570102+00:00,
NTST,NTST,success,755,2026-03-16 13:30:00+00:00,2026-06-05 20:00:00+00:00,America/New_York,2026-06-07 10:35:14.569101+00:00,
WMK,WMK,success,754,2026-03-16 13:30:00+00:00,2026-06-05 20:00:00+00:00,America/New_York,2026-06-07 10:35:14.700658+00:00,
EZPW,EZPW,success,755,2026-03-16 13:30:00+00:00,2026-06-05 20:00:00+00:00,America/New_York,2026-06-07 10:35:14.654646+00:00,
MD,MD,success,755,2026-03-16 13:30:00+00:00,2026-06-05 20:00:00+00:00,America/New_York,2026-06-07 10:35:14.699657+00:00,
AIN,AIN,success,755,2026-03-16 13:30:00+00:00,2026-06-05 20:00:00+00:00,America/New_York,2026-06-07 10:35:14.654646+00:00,
NEOG,NEOG,success,755,2026-03-16 13:30:00+00:00,2026-06-05 20:00:00+00:00,America/New_York,2026-06-07 10:35:14.783676+00:00,
AGM,AGM,success,724,2026-03-16 13:30:00+00:00,2026-06-05 20:00:00+00:00,America/New_York,2026-06-07 10:35:14.783676+00:00,
STEL,STEL,success,755,2026-03-16 13:30:00+00:00,2026-06-05 20:00:00+00:00,America/New_York,2026-06-07 10:35:14.830093+00:00,
CMRE,CMRE,success,755,2026-03-16 13:30:00+00:00,2026-06-05 20:00:00+00:00,America/New_York,2026-06-07 10:35:14.877218+00:00,
NVCR,NVCR,success,755,2026-03-16 13:30:00+00:00,2026-06-05 20:00:00+00:00,America/New_York,2026-06-07 10:35:14.920871+00:00,
SLDE,SLDE,success,755,2026-03-16 13:30:00+00:00,2026-06-05 20:00:00+00:00,America/New_York,2026-06-07 10:35:15.025760+00:00,
HMN,HMN,success,753,2026-03-16 13:30:00+00:00,2026-06-05 20:00:00+00:00,America/New_York,2026-06-07 10:35:15.107529+00:00,
PEB,PEB,success,755,2026-03-16 13:30:00+00:00,2026-06-05 20:00:00+00:00,America/New_York,2026-06-07 10:35:15.025760+00:00,
SPB,SPB,success,755,2026-03-16 13:30:00+00:00,2026-06-05 20:00:00+00:00,America/New_York,2026-06-07 10:35:15.181852+00:00,
NKTR,NKTR,success,755,2026-03-16 13:30:00+00:00,2026-06-05 20:00:00+00:00,America/New_York,2026-06-07 10:35:15.291875+00:00,
NBHC,NBHC,success,755,2026-03-16 13:30:00+00:00,2026-06-05 20:00:00+00:00,America/New_York,2026-06-07 10:35:15.334571+00:00,
GTY,GTY,success,755,2026-03-16 13:30:00+00:00,2026-06-05 20:00:00+00:00,America/New_York,2026-06-07 10:35:15.231646+00:00,
HCM,HCM,success,616,2026-03-16 13:30:00+00:00,2026-06-05 20:00:00+00:00,America/New_York,2026-06-07 10:35:15.427309+00:00,
ADMA,ADMA,success,755,2026-03-16 13:30:00+00:00,2026-06-05 20:00:00+00:00,America/New_York,2026-06-07 10:35:15.365224+00:00,
TRVI,TRVI,success,755,2026-03-16 13:30:00+00:00,2026-06-05 20:00:00+00:00,America/New_York,2026-06-07 10:35:15.464927+00:00,
NTLA,NTLA,success,755,2026-03-16 13:30:00+00:00,2026-06-05 20:00:00+00:00,America/New_York,2026-06-07 10:35:15.540156+00:00,
PLGO,PLGO,success,235,2026-05-12 13:30:00+00:00,2026-06-05 20:00:00+00:00,America/New_York,2026-06-07 10:35:15.633106+00:00,
TGLS,TGLS,success,755,2026-03-16 13:30:00+00:00,2026-06-05 20:00:00+00:00,America/New_York,2026-06-07 10:35:15.464391+00:00,
IOVA,IOVA,success,755,2026-03-16 13:30:00+00:00,2026-06-05 20:00:00+00:00,America/New_York,2026-06-07 10:35:15.605882+00:00,
SOC,SOC,success,755,2026-03-16 13:30:00+00:00,2026-06-05 20:00:00+00:00,America/New_York,2026-06-07 10:35:15.574190+00:00,
ASTH,ASTH,success,755,2026-03-16 13:30:00+00:00,2026-06-05 20:00:00+00:00,America/New_York,2026-06-07 10:35:15.680824+00:00,
LKFT,LKFT,success,260,2026-05-08 13:30:00+00:00,2026-06-05 20:00:00+00:00,America/New_York,2026-06-07 10:35:15.723621+00:00,
INTA,INTA,success,755,2026-03-16 13:30:00+00:00,2026-06-05 20:00:00+00:00,America/New_York,2026-06-07 10:35:15.722547+00:00,
STOK,STOK,success,755,2026-03-16 13:30:00+00:00,2026-06-05 20:00:00+00:00,America/New_York,2026-06-07 10:35:15.833397+00:00,
MESO,MESO,success,754,2026-03-16 13:30:00+00:00,2026-06-05 20:00:00+00:00,America/New_York,2026-06-07 10:35:15.792645+00:00,
CBZ,CBZ,success,755,2026-03-16 13:30:00+00:00,2026-06-05 20:00:00+00:00,America/New_York,2026-06-07 10:35:15.858453+00:00,
ECO,ECO,success,755,2026-03-16 13:30:00+00:00,2026-06-05 20:00:00+00:00,America/New_York,2026-06-07 10:35:15.909643+00:00,
KOD,KOD,success,755,2026-03-16 13:30:00+00:00,2026-06-05 20:00:00+00:00,America/New_York,2026-06-07 10:35:15.982260+00:00,
SKWD,SKWD,success,755,2026-03-16 13:30:00+00:00,2026-06-05 20:00:00+00:00,America/New_York,2026-06-07 10:35:15.936228+00:00,
RCAT,RCAT,success,755,2026-03-16 13:30:00+00:00,2026-06-05 20:00:00+00:00,America/New_York,2026-06-07 10:35:16.027343+00:00,
HURN,HURN,success,751,2026-03-16 13:30:00+00:00,2026-06-05 20:00:00+00:00,America/New_York,2026-06-07 10:35:16.026341+00:00,
ZLAB,ZLAB,success,755,2026-03-16 13:30:00+00:00,2026-06-05 20:00:00+00:00,America/New_York,2026-06-07 10:35:16.116135+00:00,
HRMY,HRMY,success,755,2026-03-16 13:30:00+00:00,2026-06-05 20:00:00+00:00,America/New_York,2026-06-07 10:35:16.139218+00:00,
SRCE,SRCE,success,751,2026-03-16 13:30:00+00:00,2026-06-05 20:00:00+00:00,America/New_York,2026-06-07 10:35:16.227468+00:00,
LTC,LTC,success,755,2026-03-16 13:30:00+00:00,2026-06-05 20:00:00+00:00,America/New_York,2026-06-07 10:35:16.316875+00:00,
WB,WB,success,755,2026-03-16 13:30:00+00:00,2026-06-05 20:00:00+00:00,America/New_York,2026-06-07 10:35:16.402587+00:00,
STRA,STRA,success,754,2026-03-16 13:30:00+00:00,2026-06-05 20:00:00+00:00,America/New_York,2026-06-07 10:35:16.318398+00:00,
TIC,TIC,success,755,2026-03-16 13:30:00+00:00,2026-06-05 20:00:00+00:00,America/New_York,2026-06-07 10:35:16.379026+00:00,
INVX,INVX,success,755,2026-03-16 13:30:00+00:00,2026-06-05 20:00:00+00:00,America/New_York,2026-06-07 10:35:16.474089+00:00,
VCEL,VCEL,success,755,2026-03-16 13:30:00+00:00,2026-06-05 20:00:00+00:00,America/New_York,2026-06-07 10:35:16.403593+00:00,
SMA,SMA,success,755,2026-03-16 13:30:00+00:00,2026-06-05 20:00:00+00:00,America/New_York,2026-06-07 10:35:16.501145+00:00,
APPN,APPN,success,755,2026-03-16 13:30:00+00:00,2026-06-05 20:00:00+00:00,America/New_York,2026-06-07 10:35:16.536882+00:00,
CHCO,CHCO,success,722,2026-03-16 13:30:00+00:00,2026-06-05 20:00:00+00:00,America/New_York,2026-06-07 10:35:16.598809+00:00,
CTS,CTS,success,755,2026-03-16 13:30:00+00:00,2026-06-05 20:00:00+00:00,America/New_York,2026-06-07 10:35:16.703568+00:00,
SONO,SONO,success,755,2026-03-16 13:30:00+00:00,2026-06-05 20:00:00+00:00,America/New_York,2026-06-07 10:35:16.740822+00:00,
CNXN,CNXN,success,696,2026-03-16 13:30:00+00:00,2026-06-05 20:00:00+00:00,America/New_York,2026-06-07 10:35:16.768836+00:00,
ZYME,ZYME,success,755,2026-03-16 13:30:00+00:00,2026-06-05 20:00:00+00:00,America/New_York,2026-06-07 10:35:16.806904+00:00,
ECPG,ECPG,success,754,2026-03-16 13:30:00+00:00,2026-06-05 20:00:00+00:00,America/New_York,2026-06-07 10:35:16.868627+00:00,
SHLS,SHLS,success,755,2026-03-16 13:30:00+00:00,2026-06-05 20:00:00+00:00,America/New_York,2026-06-07 10:35:16.924247+00:00,
ANIP,ANIP,success,755,2026-03-16 13:30:00+00:00,2026-06-05 20:00:00+00:00,America/New_York,2026-06-07 10:35:16.829938+00:00,
ALG,ALG,success,747,2026-03-16 13:30:00+00:00,2026-06-05 20:00:00+00:00,America/New_York,2026-06-07 10:35:16.983889+00:00,
IE,IE,success,755,2026-03-16 13:30:00+00:00,2026-06-05 20:00:00+00:00,America/New_York,2026-06-07 10:35:17.078462+00:00,
FIVN,FIVN,success,755,2026-03-16 13:30:00+00:00,2026-06-05 20:00:00+00:00,America/New_York,2026-06-07 10:35:17.181307+00:00,
ASAN,ASAN,success,755,2026-03-16 13:30:00+00:00,2026-06-05 20:00:00+00:00,America/New_York,2026-06-07 10:35:17.132872+00:00,
FBYD,FBYD,success,723,2026-03-16 13:30:00+00:00,2026-06-05 20:00:00+00:00,America/New_York,2026-06-07 10:35:17.410941+00:00,
BRUN,BRUN,success,248,2026-05-11 13:30:00+00:00,2026-06-05 20:00:00+00:00,America/New_York,2026-06-07 10:35:17.350501+00:00,
ADNT,ADNT,success,755,2026-03-16 13:30:00+00:00,2026-06-05 20:00:00+00:00,America/New_York,2026-06-07 10:35:17.246862+00:00,
LPG,LPG,success,755,2026-03-16 13:30:00+00:00,2026-06-05 20:00:00+00:00,America/New_York,2026-06-07 10:35:17.350501+00:00,
SAM,SAM,success,753,2026-03-16 13:30:00+00:00,2026-06-05 20:00:00+00:00,America/New_York,2026-06-07 10:35:17.246862+00:00,
PLPC,PLPC,success,745,2026-03-16 13:30:00+00:00,2026-06-05 20:00:00+00:00,America/New_York,2026-06-07 10:35:17.411941+00:00,
XPRO,XPRO,success,755,2026-03-16 13:30:00+00:00,2026-06-05 20:00:00+00:00,America/New_York,2026-06-07 10:35:17.498211+00:00,
PAX,PAX,success,755,2026-03-16 13:30:00+00:00,2026-06-05 20:00:00+00:00,America/New_York,2026-06-07 10:35:17.476203+00:00,
SGRY,SGRY,success,755,2026-03-16 13:30:00+00:00,2026-06-05 20:00:00+00:00,America/New_York,2026-06-07 10:35:17.650984+00:00,
EPAC,EPAC,success,755,2026-03-16 13:30:00+00:00,2026-06-05 20:00:00+00:00,America/New_York,2026-06-07 10:35:17.688643+00:00,
NBTX,NBTX,success,661,2026-03-16 13:30:00+00:00,2026-06-05 20:00:00+00:00,America/New_York,2026-06-07 10:35:17.715907+00:00,
JBLU,JBLU,success,755,2026-03-16 13:30:00+00:00,2026-06-05 20:00:00+00:00,America/New_York,2026-06-07 10:35:17.792219+00:00,
PSNY,PSNY,success,748,2026-03-16 13:30:00+00:00,2026-06-05 20:00:00+00:00,America/New_York,2026-06-07 10:35:17.750609+00:00,
XHR,XHR,success,755,2026-03-16 13:30:00+00:00,2026-06-05 20:00:00+00:00,America/New_York,2026-06-07 10:35:17.843418+00:00,
TILE,TILE,success,755,2026-03-16 13:30:00+00:00,2026-06-05 20:00:00+00:00,America/New_York,2026-06-07 10:35:17.886982+00:00,
FLYW,FLYW,success,755,2026-03-16 13:30:00+00:00,2026-06-05 20:00:00+00:00,America/New_York,2026-06-07 10:35:17.865447+00:00,
QFIN,QFIN,success,755,2026-03-16 13:30:00+00:00,2026-06-05 20:00:00+00:00,America/New_York,2026-06-07 10:35:17.961346+00:00,
OCFC,OCFC,success,755,2026-03-16 13:30:00+00:00,2026-06-05 20:00:00+00:00,America/New_York,2026-06-07 10:35:17.999443+00:00,
PUMP,PUMP,success,755,2026-03-16 13:30:00+00:00,2026-06-05 20:00:00+00:00,America/New_York,2026-06-07 10:35:18.035816+00:00,
VRDN,VRDN,success,755,2026-03-16 13:30:00+00:00,2026-06-05 20:00:00+00:00,America/New_York,2026-06-07 10:35:18.171423+00:00,
OCUL,OCUL,success,755,2026-03-16 13:30:00+00:00,2026-06-05 20:00:00+00:00,America/New_York,2026-06-07 10:35:18.093847+00:00,
WD,WD,success,755,2026-03-16 13:30:00+00:00,2026-06-05 20:00:00+00:00,America/New_York,2026-06-07 10:35:18.121720+00:00,
MBC,MBC,success,755,2026-03-16 13:30:00+00:00,2026-06-05 20:00:00+00:00,America/New_York,2026-06-07 10:35:18.293515+00:00,
VET,VET,success,755,2026-03-16 13:30:00+00:00,2026-06-05 20:00:00+00:00,America/New_York,2026-06-07 10:35:18.258901+00:00,
CNXC,CNXC,success,755,2026-03-16 13:30:00+00:00,2026-06-05 20:00:00+00:00,America/New_York,2026-06-07 10:35:18.369974+00:00,
KSS,KSS,success,755,2026-03-16 13:30:00+00:00,2026-06-05 20:00:00+00:00,America/New_York,2026-06-07 10:35:18.368964+00:00,
ARCO,ARCO,success,755,2026-03-16 13:30:00+00:00,2026-06-05 20:00:00+00:00,America/New_York,2026-06-07 10:35:18.562076+00:00,
LOB,LOB,success,755,2026-03-16 13:30:00+00:00,2026-06-05 20:00:00+00:00,America/New_York,2026-06-07 10:35:18.471955+00:00,
NEXA,NEXA,success,755,2026-03-16 13:30:00+00:00,2026-06-05 20:00:00+00:00,America/New_York,2026-06-07 10:35:18.501032+00:00,
RXRX,RXRX,success,755,2026-03-16 13:30:00+00:00,2026-06-05 20:00:00+00:00,America/New_York,2026-06-07 10:35:18.500520+00:00,
UFPT,UFPT,success,740,2026-03-16 13:30:00+00:00,2026-06-05 20:00:00+00:00,America/New_York,2026-06-07 10:35:18.647380+00:00,
PRLB,PRLB,success,754,2026-03-16 13:30:00+00:00,2026-06-05 20:00:00+00:00,America/New_York,2026-06-07 10:35:18.715432+00:00,
PLSE,PLSE,success,754,2026-03-16 13:30:00+00:00,2026-06-05 20:00:00+00:00,America/New_York,2026-06-07 10:35:18.684373+00:00,
TFIN,TFIN,success,755,2026-03-16 13:30:00+00:00,2026-06-05 20:00:00+00:00,America/New_York,2026-06-07 10:35:18.808247+00:00,
MQ,MQ,success,755,2026-03-16 13:30:00+00:00,2026-06-05 20:00:00+00:00,America/New_York,2026-06-07 10:35:18.806735+00:00,
PLAB,PLAB,success,755,2026-03-16 13:30:00+00:00,2026-06-05 20:00:00+00:00,America/New_York,2026-06-07 10:35:18.744277+00:00,
ADUS,ADUS,success,754,2026-03-16 13:30:00+00:00,2026-06-05 20:00:00+00:00,America/New_York,2026-06-07 10:35:18.952607+00:00,
IMKTA,IMKTA,success,753,2026-03-16 13:30:00+00:00,2026-06-05 20:00:00+00:00,America/New_York,2026-06-07 10:35:18.952607+00:00,
VSTS,VSTS,success,755,2026-03-16 13:30:00+00:00,2026-06-05 20:00:00+00:00,America/New_York,2026-06-07 10:35:19.013875+00:00,
PAYO,PAYO,success,755,2026-03-16 13:30:00+00:00,2026-06-05 20:00:00+00:00,America/New_York,2026-06-07 10:35:19.187402+00:00,
EFC,EFC,success,755,2026-03-16 13:30:00+00:00,2026-06-05 20:00:00+00:00,America/New_York,2026-06-07 10:35:19.107834+00:00,
SKYT,SKYT,success,755,2026-03-16 13:30:00+00:00,2026-06-05 20:00:00+00:00,America/New_York,2026-06-07 10:35:19.238604+00:00,
CASH,CASH,success,754,2026-03-16 13:30:00+00:00,2026-06-05 20:00:00+00:00,America/New_York,2026-06-07 10:35:19.215019+00:00,
ZD,ZD,success,755,2026-03-16 13:30:00+00:00,2026-06-05 20:00:00+00:00,America/New_York,2026-06-07 10:35:19.153956+00:00,
INVA,INVA,success,755,2026-03-16 13:30:00+00:00,2026-06-05 20:00:00+00:00,America/New_York,2026-06-07 10:35:19.281293+00:00,
BL,BL,success,755,2026-03-16 13:30:00+00:00,2026-06-05 20:00:00+00:00,America/New_York,2026-06-07 10:35:19.308800+00:00,
ABCL,ABCL,success,755,2026-03-16 13:30:00+00:00,2026-06-05 20:00:00+00:00,America/New_York,2026-06-07 10:35:19.351483+00:00,
STBA,STBA,success,754,2026-03-16 13:30:00+00:00,2026-06-05 20:00:00+00:00,America/New_York,2026-06-07 10:35:19.491873+00:00,
RAPP,RAPP,success,754,2026-03-16 13:30:00+00:00,2026-06-05 20:00:00+00:00,America/New_York,2026-06-07 10:35:19.597301+00:00,
EVCM,EVCM,success,734,2026-03-16 13:30:00+00:00,2026-06-05 20:00:00+00:00,America/New_York,2026-06-07 10:35:19.457793+00:00,
ALKT,ALKT,success,755,2026-03-16 13:30:00+00:00,2026-06-05 20:00:00+00:00,America/New_York,2026-06-07 10:35:19.492871+00:00,
SILA,SILA,success,755,2026-03-16 13:30:00+00:00,2026-06-05 20:00:00+00:00,America/New_York,2026-06-07 10:35:19.568728+00:00,
GABC,GABC,success,751,2026-03-16 13:30:00+00:00,2026-06-05 20:00:00+00:00,America/New_York,2026-06-07 10:35:19.657747+00:00,
NUVB,NUVB,success,755,2026-03-16 13:30:00+00:00,2026-06-05 20:00:00+00:00,America/New_York,2026-06-07 10:35:19.714658+00:00,
DCOM,DCOM,success,755,2026-03-16 13:30:00+00:00,2026-06-05 20:00:00+00:00,America/New_York,2026-06-07 10:35:19.683318+00:00,
TPB,TPB,success,755,2026-03-16 13:30:00+00:00,2026-06-05 20:00:00+00:00,America/New_York,2026-06-07 10:35:19.800206+00:00,
GLOB,GLOB,success,755,2026-03-16 13:30:00+00:00,2026-06-05 20:00:00+00:00,America/New_York,2026-06-07 10:35:19.765836+00:00,
GENB,GENB,success,755,2026-03-16 13:30:00+00:00,2026-06-05 20:00:00+00:00,America/New_York,2026-06-07 10:35:19.865516+00:00,
SRPT,SRPT,success,755,2026-03-16 13:30:00+00:00,2026-06-05 20:00:00+00:00,America/New_York,2026-06-07 10:35:19.829262+00:00,
AGIO,AGIO,success,755,2026-03-16 13:30:00+00:00,2026-06-05 20:00:00+00:00,America/New_York,2026-06-07 10:35:19.867035+00:00,
CCS,CCS,success,755,2026-03-16 13:30:00+00:00,2026-06-05 20:00:00+00:00,America/New_York,2026-06-07 10:35:19.927153+00:00,
IIPR,IIPR,success,755,2026-03-16 13:30:00+00:00,2026-06-05 20:00:00+00:00,America/New_York,2026-06-07 10:35:19.964764+00:00,
TSLX,TSLX,success,755,2026-03-16 13:30:00+00:00,2026-06-05 20:00:00+00:00,America/New_York,2026-06-07 10:35:19.989196+00:00,
GT,GT,success,755,2026-03-16 13:30:00+00:00,2026-06-05 20:00:00+00:00,America/New_York,2026-06-07 10:35:20.078643+00:00,
CMPS,CMPS,success,755,2026-03-16 13:30:00+00:00,2026-06-05 20:00:00+00:00,America/New_York,2026-06-07 10:35:20.046439+00:00,
QURE,QURE,success,755,2026-03-16 13:30:00+00:00,2026-06-05 20:00:00+00:00,America/New_York,2026-06-07 10:35:20.151082+00:00,
TCBK,TCBK,success,736,2026-03-16 13:30:00+00:00,2026-06-05 20:00:00+00:00,America/New_York,2026-06-07 10:35:20.127417+00:00,
SNDA,SNDA,success,755,2026-03-16 13:30:00+00:00,2026-06-05 20:00:00+00:00,America/New_York,2026-06-07 10:35:20.198683+00:00,
OPRA,OPRA,success,755,2026-03-16 13:30:00+00:00,2026-06-05 20:00:00+00:00,America/New_York,2026-06-07 10:35:20.222985+00:00,
STGW,STGW,success,755,2026-03-16 13:30:00+00:00,2026-06-05 20:00:00+00:00,America/New_York,2026-06-07 10:35:20.253399+00:00,
TH,TH,success,755,2026-03-16 13:30:00+00:00,2026-06-05 20:00:00+00:00,America/New_York,2026-06-07 10:35:20.389533+00:00,
NCNO,NCNO,success,755,2026-03-16 13:30:00+00:00,2026-06-05 20:00:00+00:00,America/New_York,2026-06-07 10:35:20.298733+00:00,
AGRO,AGRO,success,755,2026-03-16 13:30:00+00:00,2026-06-05 20:00:00+00:00,America/New_York,2026-06-07 10:35:20.299743+00:00,
DV,DV,success,755,2026-03-16 13:30:00+00:00,2026-06-05 20:00:00+00:00,America/New_York,2026-06-07 10:35:20.507783+00:00,
AAPG,AAPG,success,203,2026-03-16 14:00:00+00:00,2026-06-05 20:00:00+00:00,America/New_York,2026-06-07 10:35:20.413658+00:00,
RLJ,RLJ,success,755,2026-03-16 13:30:00+00:00,2026-06-05 20:00:00+00:00,America/New_York,2026-06-07 10:35:20.538759+00:00,
HOPE,HOPE,success,755,2026-03-16 13:30:00+00:00,2026-06-05 20:00:00+00:00,America/New_York,2026-06-07 10:35:20.412659+00:00,
AGL,AGL,success,755,2026-03-16 13:30:00+00:00,2026-06-05 20:00:00+00:00,America/New_York,2026-06-07 10:35:20.622202+00:00,
BOBS,BOBS,success,755,2026-03-16 13:30:00+00:00,2026-06-05 20:00:00+00:00,America/New_York,2026-06-07 10:35:20.661561+00:00,
NVRI,NVRI,success,742,2026-03-16 13:30:00+00:00,2026-06-05 20:00:00+00:00,America/New_York,2026-06-07 10:35:20.727584+00:00,
USAS,USAS,success,755,2026-03-16 13:30:00+00:00,2026-06-05 20:00:00+00:00,America/New_York,2026-06-07 10:35:20.704372+00:00,
TYRA,TYRA,success,755,2026-03-16 13:30:00+00:00,2026-06-05 20:00:00+00:00,America/New_York,2026-06-07 10:35:20.814558+00:00,
HTZ,HTZ,success,755,2026-03-16 13:30:00+00:00,2026-06-05 20:00:00+00:00,America/New_York,2026-06-07 10:35:20.769275+00:00,
SFL,SFL,success,755,2026-03-16 13:30:00+00:00,2026-06-05 20:00:00+00:00,America/New_York,2026-06-07 10:35:20.837326+00:00,
FLNG,FLNG,success,755,2026-03-16 13:30:00+00:00,2026-06-05 20:00:00+00:00,America/New_York,2026-06-07 10:35:20.928629+00:00,
LAC,LAC,success,755,2026-03-16 13:30:00+00:00,2026-06-05 20:00:00+00:00,America/New_York,2026-06-07 10:35:20.893014+00:00,
TSHA,TSHA,success,755,2026-03-16 13:30:00+00:00,2026-06-05 20:00:00+00:00,America/New_York,2026-06-07 10:35:21.007198+00:00,
SION,SION,success,754,2026-03-16 13:30:00+00:00,2026-06-05 20:00:00+00:00,America/New_York,2026-06-07 10:35:21.079762+00:00,
FLO,FLO,success,755,2026-03-16 13:30:00+00:00,2026-06-05 20:00:00+00:00,America/New_York,2026-06-07 10:35:21.044010+00:00,
ENVX,ENVX,success,755,2026-03-16 13:30:00+00:00,2026-06-05 20:00:00+00:00,America/New_York,2026-06-07 10:35:21.173271+00:00,
BFC,BFC,success,691,2026-03-16 13:30:00+00:00,2026-06-05 20:00:00+00:00,America/New_York,2026-06-07 10:35:21.121549+00:00,
FSUN,FSUN,success,750,2026-03-16 13:30:00+00:00,2026-06-05 20:00:00+00:00,America/New_York,2026-06-07 10:35:21.127552+00:00,
PRCT,PRCT,success,755,2026-03-16 13:30:00+00:00,2026-06-05 20:00:00+00:00,America/New_York,2026-06-07 10:35:21.218481+00:00,
COUR,COUR,success,755,2026-03-16 13:30:00+00:00,2026-06-05 20:00:00+00:00,America/New_York,2026-06-07 10:35:21.270229+00:00,
BHVN,BHVN,success,755,2026-03-16 13:30:00+00:00,2026-06-05 20:00:00+00:00,America/New_York,2026-06-07 10:35:21.247119+00:00,
LWLG,LWLG,success,755,2026-03-16 13:30:00+00:00,2026-06-05 20:00:00+00:00,America/New_York,2026-06-07 10:35:21.317561+00:00,
QCRH,QCRH,success,736,2026-03-16 13:30:00+00:00,2026-06-05 20:00:00+00:00,America/New_York,2026-06-07 10:35:21.316563+00:00,
VPG,VPG,success,755,2026-03-16 13:30:00+00:00,2026-06-05 20:00:00+00:00,America/New_York,2026-06-07 10:35:21.414149+00:00,
SLVM,SLVM,success,755,2026-03-16 13:30:00+00:00,2026-06-05 20:00:00+00:00,America/New_York,2026-06-07 10:35:21.449284+00:00,
AIP,AIP,success,755,2026-03-16 13:30:00+00:00,2026-06-05 20:00:00+00:00,America/New_York,2026-06-07 10:35:21.497138+00:00,
AMBQ,AMBQ,success,755,2026-03-16 13:30:00+00:00,2026-06-05 20:00:00+00:00,America/New_York,2026-06-07 10:35:21.392436+00:00,
NWL,NWL,success,755,2026-03-16 13:30:00+00:00,2026-06-05 20:00:00+00:00,America/New_York,2026-06-07 10:35:21.496136+00:00,
PVLA,PVLA,success,753,2026-03-16 13:30:00+00:00,2026-06-05 20:00:00+00:00,America/New_York,2026-06-07 10:35:21.571521+00:00,
CNOB,CNOB,success,755,2026-03-16 13:30:00+00:00,2026-06-05 20:00:00+00:00,America/New_York,2026-06-07 10:35:21.678023+00:00,
BY,BY,success,754,2026-03-16 13:30:00+00:00,2026-06-05 20:00:00+00:00,America/New_York,2026-06-07 10:35:21.653914+00:00,
NVAX,NVAX,success,755,2026-03-16 13:30:00+00:00,2026-06-05 20:00:00+00:00,America/New_York,2026-06-07 10:35:21.700095+00:00,
CAPR,CAPR,success,755,2026-03-16 13:30:00+00:00,2026-06-05 20:00:00+00:00,America/New_York,2026-06-07 10:35:21.736045+00:00,
LKFN,LKFN,success,749,2026-03-16 13:30:00+00:00,2026-06-05 20:00:00+00:00,America/New_York,2026-06-07 10:35:21.795470+00:00,
LINC,LINC,success,755,2026-03-16 13:30:00+00:00,2026-06-05 20:00:00+00:00,America/New_York,2026-06-07 10:35:21.828068+00:00,
DXC,DXC,success,755,2026-03-16 13:30:00+00:00,2026-06-05 20:00:00+00:00,America/New_York,2026-06-07 10:35:21.877024+00:00,
WKC,WKC,success,755,2026-03-16 13:30:00+00:00,2026-06-05 20:00:00+00:00,America/New_York,2026-06-07 10:35:21.876026+00:00,
LILAK,LILAK,success,755,2026-03-16 13:30:00+00:00,2026-06-05 20:00:00+00:00,America/New_York,2026-06-07 10:35:21.955367+00:00,
GENI,GENI,success,755,2026-03-16 13:30:00+00:00,2026-06-05 20:00:00+00:00,America/New_York,2026-06-07 10:35:21.979994+00:00,
TRIN,TRIN,success,755,2026-03-16 13:30:00+00:00,2026-06-05 20:00:00+00:00,America/New_York,2026-06-07 10:35:22.047848+00:00,
KW,KW,success,755,2026-03-16 13:30:00+00:00,2026-06-05 20:00:00+00:00,America/New_York,2026-06-07 10:35:22.007161+00:00,
SNDX,SNDX,success,755,2026-03-16 13:30:00+00:00,2026-06-05 20:00:00+00:00,America/New_York,2026-06-07 10:35:22.068911+00:00,
AMRC,AMRC,success,755,2026-03-16 13:30:00+00:00,2026-06-05 20:00:00+00:00,America/New_York,2026-06-07 10:35:22.119593+00:00,
RES,RES,success,755,2026-03-16 13:30:00+00:00,2026-06-05 20:00:00+00:00,America/New_York,2026-06-07 10:35:22.141659+00:00,
OBK,OBK,success,754,2026-03-16 13:30:00+00:00,2026-06-05 20:00:00+00:00,America/New_York,2026-06-07 10:35:22.228792+00:00,
SLSR,SLSR,success,752,2026-03-16 13:30:00+00:00,2026-06-05 20:00:00+00:00,America/New_York,2026-06-07 10:35:22.256989+00:00,
WGS,WGS,success,755,2026-03-16 13:30:00+00:00,2026-06-05 20:00:00+00:00,America/New_York,2026-06-07 10:35:22.308195+00:00,
LZB,LZB,success,755,2026-03-16 13:30:00+00:00,2026-06-05 20:00:00+00:00,America/New_York,2026-06-07 10:35:22.409094+00:00,
WBTN,WBTN,success,755,2026-03-16 13:30:00+00:00,2026-06-05 20:00:00+00:00,America/New_York,2026-06-07 10:35:22.470652+00:00,
BRAI,BRAI,success,490,2026-03-16 13:30:00+00:00,2026-06-05 20:00:00+00:00,America/New_York,2026-06-07 10:35:22.440323+00:00,
TNC,TNC,success,755,2026-03-16 13:30:00+00:00,2026-06-05 20:00:00+00:00,America/New_York,2026-06-07 10:35:22.380049+00:00,
MAN,MAN,success,755,2026-03-16 13:30:00+00:00,2026-06-05 20:00:00+00:00,America/New_York,2026-06-07 10:35:22.470652+00:00,
DCH,DCH,success,755,2026-03-16 13:30:00+00:00,2026-06-05 20:00:00+00:00,America/New_York,2026-06-07 10:35:22.537028+00:00,
HLIT,HLIT,success,755,2026-03-16 13:30:00+00:00,2026-06-05 20:00:00+00:00,America/New_York,2026-06-07 10:35:22.630415+00:00,
PRGO,PRGO,success,755,2026-03-16 13:30:00+00:00,2026-06-05 20:00:00+00:00,America/New_York,2026-06-07 10:35:22.578228+00:00,
CBL,CBL,success,755,2026-03-16 13:30:00+00:00,2026-06-05 20:00:00+00:00,America/New_York,2026-06-07 10:35:22.712283+00:00,
STAA,STAA,success,755,2026-03-16 13:30:00+00:00,2026-06-05 20:00:00+00:00,America/New_York,2026-06-07 10:35:22.671225+00:00,
REX,REX,success,754,2026-03-16 13:30:00+00:00,2026-06-05 20:00:00+00:00,America/New_York,2026-06-07 10:35:22.783353+00:00,
NRIX,NRIX,success,755,2026-03-16 13:30:00+00:00,2026-06-05 20:00:00+00:00,America/New_York,2026-06-07 10:35:22.861048+00:00,
BLDP,BLDP,success,755,2026-03-16 13:30:00+00:00,2026-06-05 20:00:00+00:00,America/New_York,2026-06-07 10:35:22.902184+00:00,
SLS,SLS,success,755,2026-03-16 13:30:00+00:00,2026-06-05 20:00:00+00:00,America/New_York,2026-06-07 10:35:22.954305+00:00,
TRS,TRS,success,755,2026-03-16 13:30:00+00:00,2026-06-05 20:00:00+00:00,America/New_York,2026-06-07 10:35:23.091178+00:00,
BORR,BORR,success,755,2026-03-16 13:30:00+00:00,2026-06-05 20:00:00+00:00,America/New_York,2026-06-07 10:35:23.018832+00:00,
RBCAA,RBCAA,success,668,2026-03-16 13:30:00+00:00,2026-06-05 20:00:00+00:00,America/New_York,2026-06-07 10:35:23.051721+00:00,
SGML,SGML,success,755,2026-03-16 13:30:00+00:00,2026-06-05 20:00:00+00:00,America/New_York,2026-06-07 10:35:23.126842+00:00,
GHRS,GHRS,success,751,2026-03-16 13:30:00+00:00,2026-06-05 20:00:00+00:00,America/New_York,2026-06-07 10:35:23.190010+00:00,
AI,AI,success,755,2026-03-16 13:30:00+00:00,2026-06-05 20:00:00+00:00,America/New_York,2026-06-07 10:35:23.221150+00:00,
VIR,VIR,success,755,2026-03-16 13:30:00+00:00,2026-06-05 20:00:00+00:00,America/New_York,2026-06-07 10:35:23.275403+00:00,
KARO,KARO,success,722,2026-03-16 13:30:00+00:00,2026-06-05 20:00:00+00:00,America/New_York,2026-06-07 10:35:23.276403+00:00,
FTRE,FTRE,success,755,2026-03-16 13:30:00+00:00,2026-06-05 20:00:00+00:00,America/New_York,2026-06-07 10:35:23.350197+00:00,
FMC,FMC,success,755,2026-03-16 13:30:00+00:00,2026-06-05 20:00:00+00:00,America/New_York,2026-06-07 10:35:23.372743+00:00,
ELVR,ELVR,success,711,2026-03-16 13:30:00+00:00,2026-06-05 20:00:00+00:00,America/New_York,2026-06-07 10:35:23.467086+00:00,
NOMD,NOMD,success,755,2026-03-16 13:30:00+00:00,2026-06-05 20:00:00+00:00,America/New_York,2026-06-07 10:35:23.434395+00:00,
GBX,GBX,success,755,2026-03-16 13:30:00+00:00,2026-06-05 20:00:00+00:00,America/New_York,2026-06-07 10:35:23.511467+00:00,
KMPR,KMPR,success,755,2026-03-16 13:30:00+00:00,2026-06-05 20:00:00+00:00,America/New_York,2026-06-07 10:35:23.534491+00:00,
MRTN,MRTN,success,755,2026-03-16 13:30:00+00:00,2026-06-05 20:00:00+00:00,America/New_York,2026-06-07 10:35:23.588614+00:00,
CSWC,CSWC,success,755,2026-03-16 13:30:00+00:00,2026-06-05 20:00:00+00:00,America/New_York,2026-06-07 10:35:23.612208+00:00,
WLTH,WLTH,success,755,2026-03-16 13:30:00+00:00,2026-06-05 20:00:00+00:00,America/New_York,2026-06-07 10:35:23.706899+00:00,
HLMN,HLMN,success,755,2026-03-16 13:30:00+00:00,2026-06-05 20:00:00+00:00,America/New_York,2026-06-07 10:35:23.676422+00:00,
MBX,MBX,success,755,2026-03-16 13:30:00+00:00,2026-06-05 20:00:00+00:00,America/New_York,2026-06-07 10:35:23.770477+00:00,
AAT,AAT,success,755,2026-03-16 13:30:00+00:00,2026-06-05 20:00:00+00:00,America/New_York,2026-06-07 10:35:23.611208+00:00,
WLDN,WLDN,success,755,2026-03-16 13:30:00+00:00,2026-06-05 20:00:00+00:00,America/New_York,2026-06-07 10:35:23.796027+00:00,
ALNT,ALNT,success,755,2026-03-16 13:30:00+00:00,2026-06-05 20:00:00+00:00,America/New_York,2026-06-07 10:35:23.865291+00:00,
HCSG,HCSG,success,755,2026-03-16 13:30:00+00:00,2026-06-05 20:00:00+00:00,America/New_York,2026-06-07 10:35:23.905064+00:00,
KALV,KALV,success,755,2026-03-16 13:30:00+00:00,2026-06-05 20:00:00+00:00,America/New_York,2026-06-07 10:35:23.952182+00:00,
ARI,ARI,success,755,2026-03-16 13:30:00+00:00,2026-06-05 20:00:00+00:00,America/New_York,2026-06-07 10:35:23.836612+00:00,
ATAI,ATAI,success,755,2026-03-16 13:30:00+00:00,2026-06-05 20:00:00+00:00,America/New_York,2026-06-07 10:35:23.999716+00:00,
JJSF,JJSF,success,755,2026-03-16 13:30:00+00:00,2026-06-05 20:00:00+00:00,America/New_York,2026-06-07 10:35:24.041310+00:00,
PWP,PWP,success,755,2026-03-16 13:30:00+00:00,2026-06-05 20:00:00+00:00,America/New_York,2026-06-07 10:35:24.087626+00:00,
FOR,FOR,success,748,2026-03-16 13:30:00+00:00,2026-06-05 20:00:00+00:00,America/New_York,2026-06-07 10:35:24.086615+00:00,
EVTC,EVTC,success,755,2026-03-16 13:30:00+00:00,2026-06-05 20:00:00+00:00,America/New_York,2026-06-07 10:35:24.165627+00:00,
IMCR,IMCR,success,754,2026-03-16 13:30:00+00:00,2026-06-05 20:00:00+00:00,America/New_York,2026-06-07 10:35:24.262680+00:00,
GIII,GIII,success,755,2026-03-16 13:30:00+00:00,2026-06-05 20:00:00+00:00,America/New_York,2026-06-07 10:35:24.330036+00:00,
NBR,NBR,success,755,2026-03-16 13:30:00+00:00,2026-06-05 20:00:00+00:00,America/New_York,2026-06-07 10:35:24.469629+00:00,
ECVT,ECVT,success,755,2026-03-16 13:30:00+00:00,2026-06-05 20:00:00+00:00,America/New_York,2026-06-07 10:35:24.376113+00:00,
ALMR,ALMR,success,447,2026-04-17 13:30:00+00:00,2026-06-05 20:00:00+00:00,America/New_York,2026-06-07 10:35:24.546959+00:00,
AMLX,AMLX,success,755,2026-03-16 13:30:00+00:00,2026-06-05 20:00:00+00:00,America/New_York,2026-06-07 10:35:24.436367+00:00,
SVV,SVV,success,755,2026-03-16 13:30:00+00:00,2026-06-05 20:00:00+00:00,America/New_York,2026-06-07 10:35:24.513330+00:00,
LIND,LIND,success,755,2026-03-16 13:30:00+00:00,2026-06-05 20:00:00+00:00,America/New_York,2026-06-07 10:35:24.629928+00:00,
AVBP,AVBP,success,755,2026-03-16 13:30:00+00:00,2026-06-05 20:00:00+00:00,America/New_York,2026-06-07 10:35:24.583027+00:00,
FDP,FDP,success,754,2026-03-16 13:30:00+00:00,2026-06-05 20:00:00+00:00,America/New_York,2026-06-07 10:35:24.638106+00:00,
NEO,NEO,success,755,2026-03-16 13:30:00+00:00,2026-06-05 20:00:00+00:00,America/New_York,2026-06-07 10:35:24.821611+00:00,
ANAB,ANAB,success,755,2026-03-16 13:30:00+00:00,2026-06-05 20:00:00+00:00,America/New_York,2026-06-07 10:35:24.786985+00:00,
LAR,LAR,success,755,2026-03-16 13:30:00+00:00,2026-06-05 20:00:00+00:00,America/New_York,2026-06-07 10:35:24.935273+00:00,
YSWY,YSWY,success,413,2026-04-22 13:30:00+00:00,2026-06-05 20:00:00+00:00,America/New_York,2026-06-07 10:35:24.983258+00:00,
IDT,IDT,success,751,2026-03-16 13:30:00+00:00,2026-06-05 20:00:00+00:00,America/New_York,2026-06-07 10:35:24.877973+00:00,
RYZ,RYZ,success,755,2026-03-16 13:30:00+00:00,2026-06-05 20:00:00+00:00,America/New_York,2026-06-07 10:35:24.821611+00:00,
AVAH,AVAH,success,755,2026-03-16 13:30:00+00:00,2026-06-05 20:00:00+00:00,America/New_York,2026-06-07 10:35:25.035145+00:00,
TRIP,TRIP,success,755,2026-03-16 13:30:00+00:00,2026-06-05 20:00:00+00:00,America/New_York,2026-06-07 10:35:25.004551+00:00,
PRG,PRG,success,755,2026-03-16 13:30:00+00:00,2026-06-05 20:00:00+00:00,America/New_York,2026-06-07 10:35:25.089308+00:00,
SEPN,SEPN,success,755,2026-03-16 13:30:00+00:00,2026-06-05 20:00:00+00:00,America/New_York,2026-06-07 10:35:25.149568+00:00,
DAO,DAO,success,720,2026-03-16 13:30:00+00:00,2026-06-05 20:00:00+00:00,America/New_York,2026-06-07 10:35:25.267393+00:00,
CRI,CRI,success,755,2026-03-16 13:30:00+00:00,2026-06-05 20:00:00+00:00,America/New_York,2026-06-07 10:35:25.300040+00:00,
WBI,WBI,success,755,2026-03-16 13:30:00+00:00,2026-06-05 20:00:00+00:00,America/New_York,2026-06-07 10:35:25.324640+00:00,
AEVA,AEVA,success,755,2026-03-16 13:30:00+00:00,2026-06-05 20:00:00+00:00,America/New_York,2026-06-07 10:35:25.389260+00:00,
GLUE,GLUE,success,755,2026-03-16 13:30:00+00:00,2026-06-05 20:00:00+00:00,America/New_York,2026-06-07 10:35:25.363173+00:00,
LOMA,LOMA,success,755,2026-03-16 13:30:00+00:00,2026-06-05 20:00:00+00:00,America/New_York,2026-06-07 10:35:25.422832+00:00,
ARLO,ARLO,success,755,2026-03-16 13:30:00+00:00,2026-06-05 20:00:00+00:00,America/New_York,2026-06-07 10:35:25.453890+00:00,
ATRC,ATRC,success,755,2026-03-16 13:30:00+00:00,2026-06-05 20:00:00+00:00,America/New_York,2026-06-07 10:35:25.452888+00:00,
GSHD,GSHD,success,755,2026-03-16 13:30:00+00:00,2026-06-05 20:00:00+00:00,America/New_York,2026-06-07 10:35:25.554841+00:00,
ULCC,ULCC,success,755,2026-03-16 13:30:00+00:00,2026-06-05 20:00:00+00:00,America/New_York,2026-06-07 10:35:25.587954+00:00,
GSL,GSL,success,755,2026-03-16 13:30:00+00:00,2026-06-05 20:00:00+00:00,America/New_York,2026-06-07 10:35:25.609601+00:00,
ENOV,ENOV,success,755,2026-03-16 13:30:00+00:00,2026-06-05 20:00:00+00:00,America/New_York,2026-06-07 10:35:25.659223+00:00,
HLX,HLX,success,755,2026-03-16 13:30:00+00:00,2026-06-05 20:00:00+00:00,America/New_York,2026-06-07 10:35:25.713248+00:00,
LEG,LEG,success,755,2026-03-16 13:30:00+00:00,2026-06-05 20:00:00+00:00,America/New_York,2026-06-07 10:35:25.752931+00:00,
DFH,DFH,success,755,2026-03-16 13:30:00+00:00,2026-06-05 20:00:00+00:00,America/New_York,2026-06-07 10:35:25.793655+00:00,
ARDX,ARDX,success,755,2026-03-16 13:30:00+00:00,2026-06-05 20:00:00+00:00,America/New_York,2026-06-07 10:35:25.824077+00:00,
RVLV,RVLV,success,755,2026-03-16 13:30:00+00:00,2026-06-05 20:00:00+00:00,America/New_York,2026-06-07 10:35:25.866263+00:00,
NVGS,NVGS,success,755,2026-03-16 13:30:00+00:00,2026-06-05 20:00:00+00:00,America/New_York,2026-06-07 10:35:25.897956+00:00,
MAZE,MAZE,success,755,2026-03-16 13:30:00+00:00,2026-06-05 20:00:00+00:00,America/New_York,2026-06-07 10:35:25.991522+00:00,
AHCO,AHCO,success,755,2026-03-16 13:30:00+00:00,2026-06-05 20:00:00+00:00,America/New_York,2026-06-07 10:35:25.974469+00:00,
IRS,IRS,success,754,2026-03-16 13:30:00+00:00,2026-06-05 20:00:00+00:00,America/New_York,2026-06-07 10:35:26.062229+00:00,
WINA,WINA,success,736,2026-03-16 13:30:00+00:00,2026-06-05 20:00:00+00:00,America/New_York,2026-06-07 10:35:26.162345+00:00,
UVV,UVV,success,754,2026-03-16 13:30:00+00:00,2026-06-05 20:00:00+00:00,America/New_York,2026-06-07 10:35:26.133163+00:00,
NSP,NSP,success,755,2026-03-16 13:30:00+00:00,2026-06-05 20:00:00+00:00,America/New_York,2026-06-07 10:35:26.248569+00:00,
DOLE,DOLE,success,755,2026-03-16 13:30:00+00:00,2026-06-05 20:00:00+00:00,America/New_York,2026-06-07 10:35:26.249583+00:00,
ORC,ORC,success,755,2026-03-16 13:30:00+00:00,2026-06-05 20:00:00+00:00,America/New_York,2026-06-07 10:35:26.219485+00:00,
WABC,WABC,success,753,2026-03-16 13:30:00+00:00,2026-06-05 20:00:00+00:00,America/New_York,2026-06-07 10:35:26.356005+00:00,
ENR,ENR,success,755,2026-03-16 13:30:00+00:00,2026-06-05 20:00:00+00:00,America/New_York,2026-06-07 10:35:26.405544+00:00,
ALX,ALX,success,577,2026-03-16 13:30:00+00:00,2026-06-05 20:00:00+00:00,America/New_York,2026-06-07 10:35:26.498886+00:00,
IART,IART,success,755,2026-03-16 13:30:00+00:00,2026-06-05 20:00:00+00:00,America/New_York,2026-06-07 10:35:26.448693+00:00,
MSDL,MSDL,success,755,2026-03-16 13:30:00+00:00,2026-06-05 20:00:00+00:00,America/New_York,2026-06-07 10:35:26.604036+00:00,
PRGS,PRGS,success,755,2026-03-16 13:30:00+00:00,2026-06-05 20:00:00+00:00,America/New_York,2026-06-07 10:35:26.554362+00:00,
CXM,CXM,success,755,2026-03-16 13:30:00+00:00,2026-06-05 20:00:00+00:00,America/New_York,2026-06-07 10:35:26.581455+00:00,
IMTX,IMTX,success,755,2026-03-16 13:30:00+00:00,2026-06-05 20:00:00+00:00,America/New_York,2026-06-07 10:35:26.632818+00:00,
PBT,PBT,success,748,2026-03-16 13:30:00+00:00,2026-06-05 20:00:00+00:00,America/New_York,2026-06-07 10:35:26.447142+00:00,
PAHC,PAHC,success,755,2026-03-16 13:30:00+00:00,2026-06-05 20:00:00+00:00,America/New_York,2026-06-07 10:35:26.704087+00:00,
BCAX,BCAX,success,755,2026-03-16 13:30:00+00:00,2026-06-05 20:00:00+00:00,America/New_York,2026-06-07 10:35:26.759842+00:00,
URGN,URGN,success,755,2026-03-16 13:30:00+00:00,2026-06-05 20:00:00+00:00,America/New_York,2026-06-07 10:35:26.808735+00:00,
TNDM,TNDM,success,755,2026-03-16 13:30:00+00:00,2026-06-05 20:00:00+00:00,America/New_York,2026-06-07 10:35:26.909464+00:00,
CCEC,CCEC,success,415,2026-03-16 14:30:00+00:00,2026-06-05 20:00:00+00:00,America/New_York,2026-06-07 10:35:26.957129+00:00,
WWW,WWW,success,755,2026-03-16 13:30:00+00:00,2026-06-05 20:00:00+00:00,America/New_York,2026-06-07 10:35:27.013325+00:00,
PFBC,PFBC,success,728,2026-03-16 13:30:00+00:00,2026-06-05 20:00:00+00:00,America/New_York,2026-06-07 10:35:27.071765+00:00,
BLFS,BLFS,success,755,2026-03-16 13:30:00+00:00,2026-06-05 20:00:00+00:00,America/New_York,2026-06-07 10:35:27.137486+00:00,
LADR,LADR,success,755,2026-03-16 13:30:00+00:00,2026-06-05 20:00:00+00:00,America/New_York,2026-06-07 10:35:27.194302+00:00,
BHRB,BHRB,success,750,2026-03-16 13:30:00+00:00,2026-06-05 20:00:00+00:00,America/New_York,2026-06-07 10:35:27.265495+00:00,
IPX,IPX,success,755,2026-03-16 13:30:00+00:00,2026-06-05 20:00:00+00:00,America/New_York,2026-06-07 10:35:27.348747+00:00,
AFYA,AFYA,success,736,2026-03-16 13:30:00+00:00,2026-06-05 20:00:00+00:00,America/New_York,2026-06-07 10:35:27.398897+00:00,
YELP,YELP,success,755,2026-03-16 13:30:00+00:00,2026-06-05 20:00:00+00:00,America/New_York,2026-06-07 10:35:27.376858+00:00,
BLKB,BLKB,success,755,2026-03-16 13:30:00+00:00,2026-06-05 20:00:00+00:00,America/New_York,2026-06-07 10:35:27.231392+00:00,
AMAL,AMAL,success,754,2026-03-16 13:30:00+00:00,2026-06-05 20:00:00+00:00,America/New_York,2026-06-07 10:35:27.421468+00:00,
WLFC,WLFC,success,696,2026-03-16 13:30:00+00:00,2026-06-05 20:00:00+00:00,America/New_York,2026-06-07 10:35:27.540270+00:00,
UMH,UMH,success,755,2026-03-16 13:30:00+00:00,2026-06-05 20:00:00+00:00,America/New_York,2026-06-07 10:35:27.455021+00:00,
TWO,TWO,success,755,2026-03-16 13:30:00+00:00,2026-06-05 20:00:00+00:00,America/New_York,2026-06-07 10:35:27.491065+00:00,
ICFI,ICFI,success,754,2026-03-16 13:30:00+00:00,2026-06-05 20:00:00+00:00,America/New_York,2026-06-07 10:35:27.594459+00:00,
CDRE,CDRE,success,755,2026-03-16 13:30:00+00:00,2026-06-05 20:00:00+00:00,America/New_York,2026-06-07 10:35:27.727218+00:00,
MRVI,MRVI,success,755,2026-03-16 13:30:00+00:00,2026-06-05 20:00:00+00:00,America/New_York,2026-06-07 10:35:27.699399+00:00,
BKSY,BKSY,success,755,2026-03-16 13:30:00+00:00,2026-06-05 20:00:00+00:00,America/New_York,2026-06-07 10:35:27.665458+00:00,
WEN,WEN,success,755,2026-03-16 13:30:00+00:00,2026-06-05 20:00:00+00:00,America/New_York,2026-06-07 10:35:27.797596+00:00,
INBX,INBX,success,755,2026-03-16 13:30:00+00:00,2026-06-05 20:00:00+00:00,America/New_York,2026-06-07 10:35:27.832336+00:00,
ATLC,ATLC,success,712,2026-03-16 13:30:00+00:00,2026-06-05 20:00:00+00:00,America/New_York,2026-06-07 10:35:27.912818+00:00,
UMAC,UMAC,success,755,2026-03-16 13:30:00+00:00,2026-06-05 20:00:00+00:00,America/New_York,2026-06-07 10:35:27.878983+00:00,
TBLA,TBLA,success,755,2026-03-16 13:30:00+00:00,2026-06-05 20:00:00+00:00,America/New_York,2026-06-07 10:35:27.979624+00:00,
KDK,KDK,success,755,2026-03-16 13:30:00+00:00,2026-06-05 20:00:00+00:00,America/New_York,2026-06-07 10:35:27.911819+00:00,
PRA,PRA,success,755,2026-03-16 13:30:00+00:00,2026-06-05 20:00:00+00:00,America/New_York,2026-06-07 10:35:28.074411+00:00,
LSPD,LSPD,success,755,2026-03-16 13:30:00+00:00,2026-06-05 20:00:00+00:00,America/New_York,2026-06-07 10:35:28.271969+00:00,
MLTX,MLTX,success,755,2026-03-16 13:30:00+00:00,2026-06-05 20:00:00+00:00,America/New_York,2026-06-07 10:35:28.384037+00:00,
DSGR,DSGR,success,718,2026-03-16 13:30:00+00:00,2026-06-05 20:00:00+00:00,America/New_York,2026-06-07 10:35:28.359978+00:00,
DMRA,DMRA,success,754,2026-03-16 13:30:00+00:00,2026-06-05 20:00:00+00:00,America/New_York,2026-06-07 10:35:28.445694+00:00,
PGEN,PGEN,success,755,2026-03-16 13:30:00+00:00,2026-06-05 20:00:00+00:00,America/New_York,2026-06-07 10:35:28.384542+00:00,
AOSL,AOSL,success,755,2026-03-16 13:30:00+00:00,2026-06-05 20:00:00+00:00,America/New_York,2026-06-07 10:35:28.480381+00:00,
TMP,TMP,success,720,2026-03-16 13:30:00+00:00,2026-06-05 20:00:00+00:00,America/New_York,2026-06-07 10:35:28.518449+00:00,
PEBO,PEBO,success,755,2026-03-16 13:30:00+00:00,2026-06-05 20:00:00+00:00,America/New_York,2026-06-07 10:35:28.517450+00:00,
ITRN,ITRN,success,752,2026-03-16 13:30:00+00:00,2026-06-05 20:00:00+00:00,America/New_York,2026-06-07 10:35:28.592748+00:00,
ACDC,ACDC,success,755,2026-03-16 13:30:00+00:00,2026-06-05 20:00:00+00:00,America/New_York,2026-06-07 10:35:28.656405+00:00,
GHM,GHM,success,755,2026-03-16 13:30:00+00:00,2026-06-05 20:00:00+00:00,America/New_York,2026-06-07 10:35:28.781315+00:00,
EDN,EDN,success,754,2026-03-16 13:30:00+00:00,2026-06-05 20:00:00+00:00,America/New_York,2026-06-07 10:35:28.757742+00:00,
TDOC,TDOC,success,755,2026-03-16 13:30:00+00:00,2026-06-05 20:00:00+00:00,America/New_York,2026-06-07 10:35:28.729214+00:00,
FINV,FINV,success,755,2026-03-16 13:30:00+00:00,2026-06-05 20:00:00+00:00,America/New_York,2026-06-07 10:35:28.843091+00:00,
ATEX,ATEX,success,755,2026-03-16 13:30:00+00:00,2026-06-05 20:00:00+00:00,America/New_York,2026-06-07 10:35:28.878883+00:00,
NSSC,NSSC,success,755,2026-03-16 13:30:00+00:00,2026-06-05 20:00:00+00:00,America/New_York,2026-06-07 10:35:28.906515+00:00,
PRSU,PRSU,success,754,2026-03-16 13:30:00+00:00,2026-06-05 20:00:00+00:00,America/New_York,2026-06-07 10:35:29.015470+00:00,
ARDT,ARDT,success,755,2026-03-16 13:30:00+00:00,2026-06-05 20:00:00+00:00,America/New_York,2026-06-07 10:35:29.039604+00:00,
TBN,TBN,success,741,2026-03-16 13:30:00+00:00,2026-06-05 20:00:00+00:00,America/New_York,2026-06-07 10:35:29.084375+00:00,
TTI,TTI,success,755,2026-03-16 13:30:00+00:00,2026-06-05 20:00:00+00:00,America/New_York,2026-06-07 10:35:28.952267+00:00,
ARRY,ARRY,success,755,2026-03-16 13:30:00+00:00,2026-06-05 20:00:00+00:00,America/New_York,2026-06-07 10:35:29.215379+00:00,
HROW,HROW,success,755,2026-03-16 13:30:00+00:00,2026-06-05 20:00:00+00:00,America/New_York,2026-06-07 10:35:29.216378+00:00,
XPEL,XPEL,success,754,2026-03-16 13:30:00+00:00,2026-06-05 20:00:00+00:00,America/New_York,2026-06-07 10:35:29.308493+00:00,
PURR,PURR,success,755,2026-03-16 13:30:00+00:00,2026-06-05 20:00:00+00:00,America/New_York,2026-06-07 10:35:29.337035+00:00,
CMP,CMP,success,755,2026-03-16 13:30:00+00:00,2026-06-05 20:00:00+00:00,America/New_York,2026-06-07 10:35:29.273884+00:00,
AGBK,AGBK,success,755,2026-03-16 13:30:00+00:00,2026-06-05 20:00:00+00:00,America/New_York,2026-06-07 10:35:29.379489+00:00,
HYLN,HYLN,success,755,2026-03-16 13:30:00+00:00,2026-06-05 20:00:00+00:00,America/New_York,2026-06-07 10:35:29.404036+00:00,
ADTN,ADTN,success,755,2026-03-16 13:30:00+00:00,2026-06-05 20:00:00+00:00,America/New_York,2026-06-07 10:35:29.435726+00:00,
CTBI,CTBI,success,738,2026-03-16 13:30:00+00:00,2026-06-05 20:00:00+00:00,America/New_York,2026-06-07 10:35:29.523940+00:00,
MPLT,MPLT,success,752,2026-03-16 13:30:00+00:00,2026-06-05 20:00:00+00:00,America/New_York,2026-06-07 10:35:29.544985+00:00,
EYE,EYE,success,755,2026-03-16 13:30:00+00:00,2026-06-05 20:00:00+00:00,America/New_York,2026-06-07 10:35:29.474569+00:00,
VZLA,VZLA,success,755,2026-03-16 13:30:00+00:00,2026-06-05 20:00:00+00:00,America/New_York,2026-06-07 10:35:29.586203+00:00,
HTLD,HTLD,success,755,2026-03-16 13:30:00+00:00,2026-06-05 20:00:00+00:00,America/New_York,2026-06-07 10:35:29.673189+00:00,
OI,OI,success,755,2026-03-16 13:30:00+00:00,2026-06-05 20:00:00+00:00,America/New_York,2026-06-07 10:35:29.744622+00:00,
RDWR,RDWR,success,755,2026-03-16 13:30:00+00:00,2026-06-05 20:00:00+00:00,America/New_York,2026-06-07 10:35:29.798865+00:00,
AMN,AMN,success,755,2026-03-16 13:30:00+00:00,2026-06-05 20:00:00+00:00,America/New_York,2026-06-07 10:35:29.899887+00:00,
VTOL,VTOL,success,755,2026-03-16 13:30:00+00:00,2026-06-05 20:00:00+00:00,America/New_York,2026-06-07 10:35:29.952259+00:00,
ATEC,ATEC,success,755,2026-03-16 13:30:00+00:00,2026-06-05 20:00:00+00:00,America/New_York,2026-06-07 10:35:29.944044+00:00,
NPKI,NPKI,success,755,2026-03-16 13:30:00+00:00,2026-06-05 20:00:00+00:00,America/New_York,2026-06-07 10:35:29.950044+00:00,
CNL,CNL,success,738,2026-03-16 13:30:00+00:00,2026-06-05 20:00:00+00:00,America/New_York,2026-06-07 10:35:30.094808+00:00,
PDS,PDS,success,754,2026-03-16 13:30:00+00:00,2026-06-05 20:00:00+00:00,America/New_York,2026-06-07 10:35:30.221343+00:00,
LUCK,LUCK,success,700,2026-03-16 13:30:00+00:00,2026-06-05 20:00:00+00:00,America/New_York,2026-06-07 10:35:30.308255+00:00,
AVLN,AVLN,success,335,2026-04-30 13:30:00+00:00,2026-06-05 20:00:00+00:00,America/New_York,2026-06-07 10:35:30.372047+00:00,
XZO,XZO,success,755,2026-03-16 13:30:00+00:00,2026-06-05 20:00:00+00:00,America/New_York,2026-06-07 10:35:30.309247+00:00,
TDAY,TDAY,success,755,2026-03-16 13:30:00+00:00,2026-06-05 20:00:00+00:00,America/New_York,2026-06-07 10:35:30.399613+00:00,
FMBH,FMBH,success,739,2026-03-16 13:30:00+00:00,2026-06-05 20:00:00+00:00,America/New_York,2026-06-07 10:35:30.421491+00:00,
PICS,PICS,success,754,2026-03-16 13:30:00+00:00,2026-06-05 20:00:00+00:00,America/New_York,2026-06-07 10:35:30.512666+00:00,
LNN,LNN,success,750,2026-03-16 13:30:00+00:00,2026-06-05 20:00:00+00:00,America/New_York,2026-06-07 10:35:30.511158+00:00,
OPFI,OPFI,success,755,2026-03-16 13:30:00+00:00,2026-06-05 20:00:00+00:00,America/New_York,2026-06-07 10:35:30.472024+00:00,
IRMD,IRMD,success,742,2026-03-16 13:30:00+00:00,2026-06-05 20:00:00+00:00,America/New_York,2026-06-07 10:35:30.678775+00:00,
NNE,NNE,success,755,2026-03-16 13:30:00+00:00,2026-06-05 20:00:00+00:00,America/New_York,2026-06-07 10:35:30.593898+00:00,
COAG,COAG,success,319,2026-05-01 13:30:00+00:00,2026-06-05 20:00:00+00:00,America/New_York,2026-06-07 10:35:30.816220+00:00,
GIC,GIC,success,739,2026-03-16 13:30:00+00:00,2026-06-05 20:00:00+00:00,America/New_York,2026-06-07 10:35:30.592896+00:00,
HLF,HLF,success,755,2026-03-16 13:30:00+00:00,2026-06-05 20:00:00+00:00,America/New_York,2026-06-07 10:35:30.846840+00:00,
NMAX,NMAX,success,755,2026-03-16 13:30:00+00:00,2026-06-05 20:00:00+00:00,America/New_York,2026-06-07 10:35:30.980184+00:00,
CEVA,CEVA,success,755,2026-03-16 13:30:00+00:00,2026-06-05 20:00:00+00:00,America/New_York,2026-06-07 10:35:30.956085+00:00,
RXT,RXT,success,755,2026-03-16 13:30:00+00:00,2026-06-05 20:00:00+00:00,America/New_York,2026-06-07 10:35:31.015264+00:00,
SBH,SBH,success,755,2026-03-16 13:30:00+00:00,2026-06-05 20:00:00+00:00,America/New_York,2026-06-07 10:35:31.043376+00:00,
INSP,INSP,success,755,2026-03-16 13:30:00+00:00,2026-06-05 20:00:00+00:00,America/New_York,2026-06-07 10:35:30.896702+00:00,
MMI,MMI,success,755,2026-03-16 13:30:00+00:00,2026-06-05 20:00:00+00:00,America/New_York,2026-06-07 10:35:31.112312+00:00,
TROX,TROX,success,755,2026-03-16 13:30:00+00:00,2026-06-05 20:00:00+00:00,America/New_York,2026-06-07 10:35:31.113312+00:00,
PGY,PGY,success,755,2026-03-16 13:30:00+00:00,2026-06-05 20:00:00+00:00,America/New_York,2026-06-07 10:35:31.180309+00:00,
CSIQ,CSIQ,success,755,2026-03-16 13:30:00+00:00,2026-06-05 20:00:00+00:00,America/New_York,2026-06-07 10:35:31.299808+00:00,
VIA,VIA,success,755,2026-03-16 13:30:00+00:00,2026-06-05 20:00:00+00:00,America/New_York,2026-06-07 10:35:31.296807+00:00,
AVEX,AVEX,success,452,2026-04-17 13:30:00+00:00,2026-06-05 20:00:00+00:00,America/New_York,2026-06-07 10:35:31.470919+00:00,
AVNS,AVNS,success,755,2026-03-16 13:30:00+00:00,2026-06-05 20:00:00+00:00,America/New_York,2026-06-07 10:35:31.375453+00:00,
LGIH,LGIH,success,755,2026-03-16 13:30:00+00:00,2026-06-05 20:00:00+00:00,America/New_York,2026-06-07 10:35:31.399536+00:00,
PLTK,PLTK,success,755,2026-03-16 13:30:00+00:00,2026-06-05 20:00:00+00:00,America/New_York,2026-06-07 10:35:31.400536+00:00,
GCT,GCT,success,755,2026-03-16 13:30:00+00:00,2026-06-05 20:00:00+00:00,America/New_York,2026-06-07 10:35:31.511001+00:00,
SCL,SCL,success,753,2026-03-16 13:30:00+00:00,2026-06-05 20:00:00+00:00,America/New_York,2026-06-07 10:35:31.580330+00:00,
UVSP,UVSP,success,755,2026-03-16 13:30:00+00:00,2026-06-05 20:00:00+00:00,America/New_York,2026-06-07 10:35:31.650119+00:00,
UFCS,UFCS,success,744,2026-03-16 13:30:00+00:00,2026-06-05 20:00:00+00:00,America/New_York,2026-06-07 10:35:31.650119+00:00,
BV,BV,success,755,2026-03-16 13:30:00+00:00,2026-06-05 20:00:00+00:00,America/New_York,2026-06-07 10:35:31.871027+00:00,
ASTE,ASTE,success,755,2026-03-16 13:30:00+00:00,2026-06-05 20:00:00+00:00,America/New_York,2026-06-07 10:35:31.845153+00:00,
BFLY,BFLY,success,755,2026-03-16 13:30:00+00:00,2026-06-05 20:00:00+00:00,America/New_York,2026-06-07 10:35:31.800097+00:00,
LQDT,LQDT,success,753,2026-03-16 13:30:00+00:00,2026-06-05 20:00:00+00:00,America/New_York,2026-06-07 10:35:31.894578+00:00,
CDNA,CDNA,success,755,2026-03-16 13:30:00+00:00,2026-06-05 20:00:00+00:00,America/New_York,2026-06-07 10:35:31.963366+00:00,
HFWA,HFWA,success,755,2026-03-16 13:30:00+00:00,2026-06-05 20:00:00+00:00,America/New_York,2026-06-07 10:35:31.999534+00:00,
CRML,CRML,success,755,2026-03-16 13:30:00+00:00,2026-06-05 20:00:00+00:00,America/New_York,2026-06-07 10:35:31.934638+00:00,
ODC,ODC,success,718,2026-03-16 13:30:00+00:00,2026-06-05 20:00:00+00:00,America/New_York,2026-06-07 10:35:32.205150+00:00,
OSBC,OSBC,success,755,2026-03-16 13:30:00+00:00,2026-06-05 20:00:00+00:00,America/New_York,2026-06-07 10:35:32.248797+00:00,
NAT,NAT,success,755,2026-03-16 13:30:00+00:00,2026-06-05 20:00:00+00:00,America/New_York,2026-06-07 10:35:32.158762+00:00,
NWPX,NWPX,success,746,2026-03-16 13:30:00+00:00,2026-06-05 20:00:00+00:00,America/New_York,2026-06-07 10:35:32.368109+00:00,
SMPL,SMPL,success,755,2026-03-16 13:30:00+00:00,2026-06-05 20:00:00+00:00,America/New_York,2026-06-07 10:35:32.315976+00:00,
GOLD,GOLD,success,755,2026-03-16 13:30:00+00:00,2026-06-05 20:00:00+00:00,America/New_York,2026-06-07 10:35:32.433502+00:00,
SBR,SBR,success,709,2026-03-16 13:30:00+00:00,2026-06-05 20:00:00+00:00,America/New_York,2026-06-07 10:35:32.356574+00:00,
JBGS,JBGS,success,755,2026-03-16 13:30:00+00:00,2026-06-05 20:00:00+00:00,America/New_York,2026-06-07 10:35:32.404253+00:00,
PSNL,PSNL,success,755,2026-03-16 13:30:00+00:00,2026-06-05 20:00:00+00:00,America/New_York,2026-06-07 10:35:32.585972+00:00,
KMTS,KMTS,success,755,2026-03-16 13:30:00+00:00,2026-06-05 20:00:00+00:00,America/New_York,2026-06-07 10:35:32.635882+00:00,
MCB,MCB,success,749,2026-03-16 13:30:00+00:00,2026-06-05 20:00:00+00:00,America/New_York,2026-06-07 10:35:32.634878+00:00,
AIIR,AIIR,success,105,2026-05-18 13:30:00+00:00,2026-06-05 20:00:00+00:00,America/New_York,2026-06-07 10:35:32.897628+00:00,
SAFE,SAFE,success,755,2026-03-16 13:30:00+00:00,2026-06-05 20:00:00+00:00,America/New_York,2026-06-07 10:35:32.832851+00:00,
DEA,DEA,success,755,2026-03-16 13:30:00+00:00,2026-06-05 20:00:00+00:00,America/New_York,2026-06-07 10:35:32.888021+00:00,
TWFG,TWFG,success,754,2026-03-16 13:30:00+00:00,2026-06-05 20:00:00+00:00,America/New_York,2026-06-07 10:35:32.831853+00:00,
CIM,CIM,success,755,2026-03-16 13:30:00+00:00,2026-06-05 20:00:00+00:00,America/New_York,2026-06-07 10:35:32.920177+00:00,
UAMY,UAMY,success,755,2026-03-16 13:30:00+00:00,2026-06-05 20:00:00+00:00,America/New_York,2026-06-07 10:35:32.999568+00:00,
PDM,PDM,success,755,2026-03-16 13:30:00+00:00,2026-06-05 20:00:00+00:00,America/New_York,2026-06-07 10:35:33.072917+00:00,
ALVO,ALVO,success,755,2026-03-16 13:30:00+00:00,2026-06-05 20:00:00+00:00,America/New_York,2026-06-07 10:35:33.135281+00:00,
THRM,THRM,success,755,2026-03-16 13:30:00+00:00,2026-06-05 20:00:00+00:00,America/New_York,2026-06-07 10:35:32.998569+00:00,
ZBIO,ZBIO,success,755,2026-03-16 13:30:00+00:00,2026-06-05 20:00:00+00:00,America/New_York,2026-06-07 10:35:33.262612+00:00,
IGIC,IGIC,success,669,2026-03-16 13:30:00+00:00,2026-06-05 20:00:00+00:00,America/New_York,2026-06-07 10:35:33.287847+00:00,
WVE,WVE,success,755,2026-03-16 13:30:00+00:00,2026-06-05 20:00:00+00:00,America/New_York,2026-06-07 10:35:33.286849+00:00,
PNTG,PNTG,success,752,2026-03-16 13:30:00+00:00,2026-06-05 20:00:00+00:00,America/New_York,2026-06-07 10:35:33.359993+00:00,
ROCK,ROCK,success,755,2026-03-16 13:30:00+00:00,2026-06-05 20:00:00+00:00,America/New_York,2026-06-07 10:35:33.407222+00:00,
TEN,TEN,success,755,2026-03-16 13:30:00+00:00,2026-06-05 20:00:00+00:00,America/New_York,2026-06-07 10:35:33.433298+00:00,
CVLG,CVLG,success,752,2026-03-16 13:30:00+00:00,2026-06-05 20:00:00+00:00,America/New_York,2026-06-07 10:35:33.528779+00:00,
CNMD,CNMD,success,755,2026-03-16 13:30:00+00:00,2026-06-05 20:00:00+00:00,America/New_York,2026-06-07 10:35:33.563415+00:00,
MUX,MUX,success,755,2026-03-16 13:30:00+00:00,2026-06-05 20:00:00+00:00,America/New_York,2026-06-07 10:35:33.637342+00:00,
DQ,DQ,success,755,2026-03-16 13:30:00+00:00,2026-06-05 20:00:00+00:00,America/New_York,2026-06-07 10:35:33.505687+00:00,
UPWK,UPWK,success,755,2026-03-16 13:30:00+00:00,2026-06-05 20:00:00+00:00,America/New_York,2026-06-07 10:35:33.638340+00:00,
PXED,PXED,success,734,2026-03-16 13:30:00+00:00,2026-06-05 20:00:00+00:00,America/New_York,2026-06-07 10:35:33.761518+00:00,
SHAZ,SHAZ,success,741,2026-03-16 13:30:00+00:00,2026-06-05 20:00:00+00:00,America/New_York,2026-06-07 10:35:33.793670+00:00,
APPS,APPS,success,755,2026-03-16 13:30:00+00:00,2026-06-05 20:00:00+00:00,America/New_York,2026-06-07 10:35:33.739555+00:00,
HBT,HBT,success,695,2026-03-16 13:30:00+00:00,2026-06-05 20:00:00+00:00,America/New_York,2026-06-07 10:35:33.883614+00:00,
CCB,CCB,success,748,2026-03-16 13:30:00+00:00,2026-06-05 20:00:00+00:00,America/New_York,2026-06-07 10:35:33.939911+00:00,
GILT,GILT,success,755,2026-03-16 13:30:00+00:00,2026-06-05 20:00:00+00:00,America/New_York,2026-06-07 10:35:34.011928+00:00,
UPBD,UPBD,success,755,2026-03-16 13:30:00+00:00,2026-06-05 20:00:00+00:00,America/New_York,2026-06-07 10:35:34.039984+00:00,
LIFE,LIFE,success,755,2026-03-16 13:30:00+00:00,2026-06-05 20:00:00+00:00,America/New_York,2026-06-07 10:35:34.093743+00:00,
GNK,GNK,success,755,2026-03-16 13:30:00+00:00,2026-06-05 20:00:00+00:00,America/New_York,2026-06-07 10:35:34.064583+00:00,
OMDA,OMDA,success,755,2026-03-16 13:30:00+00:00,2026-06-05 20:00:00+00:00,America/New_York,2026-06-07 10:35:34.166985+00:00,
SDGR,SDGR,success,755,2026-03-16 13:30:00+00:00,2026-06-05 20:00:00+00:00,America/New_York,2026-06-07 10:35:34.147767+00:00,
COLL,COLL,success,755,2026-03-16 13:30:00+00:00,2026-06-05 20:00:00+00:00,America/New_York,2026-06-07 10:35:34.228781+00:00,
PZZA,PZZA,success,755,2026-03-16 13:30:00+00:00,2026-06-05 20:00:00+00:00,America/New_York,2026-06-07 10:35:34.349704+00:00,
SIFY,SIFY,success,700,2026-03-16 13:30:00+00:00,2026-06-05 20:00:00+00:00,America/New_York,2026-06-07 10:35:34.295548+00:00,
BRBR,BRBR,success,755,2026-03-16 13:30:00+00:00,2026-06-05 20:00:00+00:00,America/New_York,2026-06-07 10:35:34.373851+00:00,
OCSL,OCSL,success,755,2026-03-16 13:30:00+00:00,2026-06-05 20:00:00+00:00,America/New_York,2026-06-07 10:35:34.325104+00:00,
SAFT,SAFT,success,730,2026-03-16 13:30:00+00:00,2026-06-05 20:00:00+00:00,America/New_York,2026-06-07 10:35:34.514048+00:00,
UVE,UVE,success,754,2026-03-16 13:30:00+00:00,2026-06-05 20:00:00+00:00,America/New_York,2026-06-07 10:35:34.514048+00:00,
MNKD,MNKD,success,755,2026-03-16 13:30:00+00:00,2026-06-05 20:00:00+00:00,America/New_York,2026-06-07 10:35:34.480841+00:00,
GPRE,GPRE,success,755,2026-03-16 13:30:00+00:00,2026-06-05 20:00:00+00:00,America/New_York,2026-06-07 10:35:34.606543+00:00,
DEC,DEC,success,755,2026-03-16 13:30:00+00:00,2026-06-05 20:00:00+00:00,America/New_York,2026-06-07 10:35:34.640399+00:00,
CSR,CSR,success,751,2026-03-16 13:30:00+00:00,2026-06-05 20:00:00+00:00,America/New_York,2026-06-07 10:35:34.674949+00:00,
MGRT,MGRT,success,417,2026-03-16 13:30:00+00:00,2026-06-05 20:00:00+00:00,America/New_York,2026-06-07 10:35:34.915436+00:00,
AZTA,AZTA,success,755,2026-03-16 13:30:00+00:00,2026-06-05 20:00:00+00:00,America/New_York,2026-06-07 10:35:34.828911+00:00,
AKTS,AKTS,success,754,2026-03-16 13:30:00+00:00,2026-06-05 20:00:00+00:00,America/New_York,2026-06-07 10:35:34.751314+00:00,
FUBO,FUBO,success,755,2026-03-16 13:30:00+00:00,2026-06-05 20:00:00+00:00,America/New_York,2026-06-07 10:35:34.861680+00:00,
DLX,DLX,success,755,2026-03-16 13:30:00+00:00,2026-06-05 20:00:00+00:00,America/New_York,2026-06-07 10:35:34.750314+00:00,
LZ,LZ,success,755,2026-03-16 13:30:00+00:00,2026-06-05 20:00:00+00:00,America/New_York,2026-06-07 10:35:34.860673+00:00,
CFFN,CFFN,success,755,2026-03-16 13:30:00+00:00,2026-06-05 20:00:00+00:00,America/New_York,2026-06-07 10:35:34.991363+00:00,
ABR,ABR,success,755,2026-03-16 13:30:00+00:00,2026-06-05 20:00:00+00:00,America/New_York,2026-06-07 10:35:35.010980+00:00,
LUXE,LUXE,success,754,2026-03-16 13:30:00+00:00,2026-06-05 20:00:00+00:00,America/New_York,2026-06-07 10:35:35.085568+00:00,
XERS,XERS,success,755,2026-03-16 13:30:00+00:00,2026-06-05 20:00:00+00:00,America/New_York,2026-06-07 10:35:35.086567+00:00,
REAL,REAL,success,755,2026-03-16 13:30:00+00:00,2026-06-05 20:00:00+00:00,America/New_York,2026-06-07 10:35:35.268498+00:00,
AMPL,AMPL,success,755,2026-03-16 13:30:00+00:00,2026-06-05 20:00:00+00:00,America/New_York,2026-06-07 10:35:35.216648+00:00,
PLOW,PLOW,success,755,2026-03-16 13:30:00+00:00,2026-06-05 20:00:00+00:00,America/New_York,2026-06-07 10:35:35.178402+00:00,
ASST,ASST,success,755,2026-03-16 13:30:00+00:00,2026-06-05 20:00:00+00:00,America/New_York,2026-06-07 10:35:35.328472+00:00,
EVLV,EVLV,success,755,2026-03-16 13:30:00+00:00,2026-06-05 20:00:00+00:00,America/New_York,2026-06-07 10:35:35.438087+00:00,
SATL,SATL,success,755,2026-03-16 13:30:00+00:00,2026-06-05 20:00:00+00:00,America/New_York,2026-06-07 10:35:35.392408+00:00,
ACEL,ACEL,success,755,2026-03-16 13:30:00+00:00,2026-06-05 20:00:00+00:00,America/New_York,2026-06-07 10:35:35.393919+00:00,
OPY,OPY,success,683,2026-03-16 13:30:00+00:00,2026-06-05 20:00:00+00:00,America/New_York,2026-06-07 10:35:35.478204+00:00,
GSBD,GSBD,success,755,2026-03-16 13:30:00+00:00,2026-06-05 20:00:00+00:00,America/New_York,2026-06-07 10:35:35.564954+00:00,
PRCH,PRCH,success,755,2026-03-16 13:30:00+00:00,2026-06-05 20:00:00+00:00,America/New_York,2026-06-07 10:35:35.537396+00:00,
MLKN,MLKN,success,755,2026-03-16 13:30:00+00:00,2026-06-05 20:00:00+00:00,America/New_York,2026-06-07 10:35:35.598069+00:00,
UTZ,UTZ,success,755,2026-03-16 13:30:00+00:00,2026-06-05 20:00:00+00:00,America/New_York,2026-06-07 10:35:35.632264+00:00,
RHLD,RHLD,success,749,2026-03-16 13:30:00+00:00,2026-06-05 20:00:00+00:00,America/New_York,2026-06-07 10:35:35.667889+00:00,
JKS,JKS,success,755,2026-03-16 13:30:00+00:00,2026-06-05 20:00:00+00:00,America/New_York,2026-06-07 10:35:35.705582+00:00,
SBET,SBET,success,755,2026-03-16 13:30:00+00:00,2026-06-05 20:00:00+00:00,America/New_York,2026-06-07 10:35:35.739446+00:00,
SENEA,SENEA,success,715,2026-03-16 13:30:00+00:00,2026-06-05 20:00:00+00:00,America/New_York,2026-06-07 10:35:35.832183+00:00,
SBGI,SBGI,success,755,2026-03-16 13:30:00+00:00,2026-06-05 20:00:00+00:00,America/New_York,2026-06-07 10:35:35.860310+00:00,
SVRA,SVRA,success,755,2026-03-16 13:30:00+00:00,2026-06-05 20:00:00+00:00,America/New_York,2026-06-07 10:35:35.860310+00:00,
HIVE,HIVE,success,755,2026-03-16 13:30:00+00:00,2026-06-05 20:00:00+00:00,America/New_York,2026-06-07 10:35:35.756976+00:00,
KOPN,KOPN,success,755,2026-03-16 13:30:00+00:00,2026-06-05 20:00:00+00:00,America/New_York,2026-06-07 10:35:35.951373+00:00,
SBSI,SBSI,success,746,2026-03-16 13:30:00+00:00,2026-06-05 20:00:00+00:00,America/New_York,2026-06-07 10:35:35.923106+00:00,
TK,TK,success,755,2026-03-16 13:30:00+00:00,2026-06-05 20:00:00+00:00,America/New_York,2026-06-07 10:35:35.987794+00:00,
EEX,EEX,success,617,2026-03-16 13:30:00+00:00,2026-06-05 20:00:00+00:00,America/New_York,2026-06-07 10:35:36.114261+00:00,
VRTS,VRTS,success,748,2026-03-16 13:30:00+00:00,2026-06-05 20:00:00+00:00,America/New_York,2026-06-07 10:35:36.078671+00:00,
INNV,INNV,success,754,2026-03-16 13:30:00+00:00,2026-06-05 20:00:00+00:00,America/New_York,2026-06-07 10:35:36.031740+00:00,
ABSI,ABSI,success,755,2026-03-16 13:30:00+00:00,2026-06-05 20:00:00+00:00,America/New_York,2026-06-07 10:35:36.164082+00:00,
ASM,ASM,success,755,2026-03-16 13:30:00+00:00,2026-06-05 20:00:00+00:00,America/New_York,2026-06-07 10:35:36.164082+00:00,
EQBK,EQBK,success,740,2026-03-16 13:30:00+00:00,2026-06-05 20:00:00+00:00,America/New_York,2026-06-07 10:35:36.284222+00:00,
HSLV,HSLV,success,751,2026-03-16 13:30:00+00:00,2026-06-05 20:00:00+00:00,America/New_York,2026-06-07 10:35:36.328339+00:00,
QDEL,QDEL,success,755,2026-03-16 13:30:00+00:00,2026-06-05 20:00:00+00:00,America/New_York,2026-06-07 10:35:36.402027+00:00,
MSEX,MSEX,success,754,2026-03-16 13:30:00+00:00,2026-06-05 20:00:00+00:00,America/New_York,2026-06-07 10:35:36.375390+00:00,
EYPT,EYPT,success,755,2026-03-16 13:30:00+00:00,2026-06-05 20:00:00+00:00,America/New_York,2026-06-07 10:35:36.426194+00:00,
MCBS,MCBS,success,724,2026-03-16 13:30:00+00:00,2026-06-05 20:00:00+00:00,America/New_York,2026-06-07 10:35:36.539408+00:00,
DBVT,DBVT,success,747,2026-03-16 13:30:00+00:00,2026-06-05 20:00:00+00:00,America/New_York,2026-06-07 10:35:36.619720+00:00,
METC,METC,success,755,2026-03-16 13:30:00+00:00,2026-06-05 20:00:00+00:00,America/New_York,2026-06-07 10:35:36.580059+00:00,
BUR,BUR,success,755,2026-03-16 13:30:00+00:00,2026-06-05 20:00:00+00:00,America/New_York,2026-06-07 10:35:36.447767+00:00,
ACVA,ACVA,success,755,2026-03-16 13:30:00+00:00,2026-06-05 20:00:00+00:00,America/New_York,2026-06-07 10:35:36.511047+00:00,
APEI,APEI,success,755,2026-03-16 13:30:00+00:00,2026-06-05 20:00:00+00:00,America/New_York,2026-06-07 10:35:36.693451+00:00,
USPH,USPH,success,753,2026-03-16 13:30:00+00:00,2026-06-05 20:00:00+00:00,America/New_York,2026-06-07 10:35:36.721000+00:00,
CRSR,CRSR,success,755,2026-03-16 13:30:00+00:00,2026-06-05 20:00:00+00:00,America/New_York,2026-06-07 10:35:36.760959+00:00,
KBDC,KBDC,success,755,2026-03-16 13:30:00+00:00,2026-06-05 20:00:00+00:00,America/New_York,2026-06-07 10:35:36.829995+00:00,
ASIC,ASIC,success,717,2026-03-16 13:30:00+00:00,2026-06-05 20:00:00+00:00,America/New_York,2026-06-07 10:35:36.888038+00:00,
CRAI,CRAI,success,740,2026-03-16 13:30:00+00:00,2026-06-05 20:00:00+00:00,America/New_York,2026-06-07 10:35:36.888038+00:00,
IVA,IVA,success,745,2026-03-16 13:30:00+00:00,2026-06-05 20:00:00+00:00,America/New_York,2026-06-07 10:35:36.988962+00:00,
JLHL,JLHL,success,458,2026-03-16 15:30:00+00:00,2026-06-05 20:00:00+00:00,America/New_York,2026-06-07 10:35:37.022163+00:00,
VYX,VYX,success,755,2026-03-16 13:30:00+00:00,2026-06-05 20:00:00+00:00,America/New_York,2026-06-07 10:35:37.073507+00:00,
HPK,HPK,success,755,2026-03-16 13:30:00+00:00,2026-06-05 20:00:00+00:00,America/New_York,2026-06-07 10:35:36.950256+00:00,
NBN,NBN,success,709,2026-03-16 13:30:00+00:00,2026-06-05 20:00:00+00:00,America/New_York,2026-06-07 10:35:37.098535+00:00,
ELE,ELE,success,755,2026-03-16 13:30:00+00:00,2026-06-05 20:00:00+00:00,America/New_York,2026-06-07 10:35:37.139511+00:00,
TRUP,TRUP,success,755,2026-03-16 13:30:00+00:00,2026-06-05 20:00:00+00:00,America/New_York,2026-06-07 10:35:37.168216+00:00,
SCSC,SCSC,success,755,2026-03-16 13:30:00+00:00,2026-06-05 20:00:00+00:00,America/New_York,2026-06-07 10:35:37.220677+00:00,
AORT,AORT,success,754,2026-03-16 13:30:00+00:00,2026-06-05 20:00:00+00:00,America/New_York,2026-06-07 10:35:37.256942+00:00,
NPK,NPK,success,706,2026-03-16 13:30:00+00:00,2026-06-05 20:00:00+00:00,America/New_York,2026-06-07 10:35:37.311728+00:00,
GOOS,GOOS,success,755,2026-03-16 13:30:00+00:00,2026-06-05 20:00:00+00:00,America/New_York,2026-06-07 10:35:37.387562+00:00,
BH,BH,success,750,2026-03-16 13:30:00+00:00,2026-06-05 20:00:00+00:00,America/New_York,2026-06-07 10:35:37.440544+00:00,
NRGV,NRGV,success,755,2026-03-16 13:30:00+00:00,2026-06-05 20:00:00+00:00,America/New_York,2026-06-07 10:35:37.412914+00:00,
MFA,MFA,success,755,2026-03-16 13:30:00+00:00,2026-06-05 20:00:00+00:00,America/New_York,2026-06-07 10:35:37.340440+00:00,
HBNC,HBNC,success,755,2026-03-16 13:30:00+00:00,2026-06-05 20:00:00+00:00,America/New_York,2026-06-07 10:35:37.525804+00:00,
CPF,CPF,success,747,2026-03-16 13:30:00+00:00,2026-06-05 20:00:00+00:00,America/New_York,2026-06-07 10:35:37.476646+00:00,
DFIN,DFIN,success,754,2026-03-16 13:30:00+00:00,2026-06-05 20:00:00+00:00,America/New_York,2026-06-07 10:35:37.577662+00:00,
SCHL,SCHL,success,755,2026-03-16 13:30:00+00:00,2026-06-05 20:00:00+00:00,America/New_York,2026-06-07 10:35:37.600700+00:00,
NUTX,NUTX,success,746,2026-03-16 13:30:00+00:00,2026-06-05 20:00:00+00:00,America/New_York,2026-06-07 10:35:37.687848+00:00,
LPTH,LPTH,success,755,2026-03-16 13:30:00+00:00,2026-06-05 20:00:00+00:00,America/New_York,2026-06-07 10:35:37.767579+00:00,
AVR,AVR,success,755,2026-03-16 13:30:00+00:00,2026-06-05 20:00:00+00:00,America/New_York,2026-06-07 10:35:37.802809+00:00,
LMB,LMB,success,754,2026-03-16 13:30:00+00:00,2026-06-05 20:00:00+00:00,America/New_York,2026-06-07 10:35:37.829840+00:00,
CRTO,CRTO,success,755,2026-03-16 13:30:00+00:00,2026-06-05 20:00:00+00:00,America/New_York,2026-06-07 10:35:37.860187+00:00,
CRVS,CRVS,success,755,2026-03-16 13:30:00+00:00,2026-06-05 20:00:00+00:00,America/New_York,2026-06-07 10:35:37.873798+00:00,
BFST,BFST,success,754,2026-03-16 13:30:00+00:00,2026-06-05 20:00:00+00:00,America/New_York,2026-06-07 10:35:37.920617+00:00,
TRST,TRST,success,737,2026-03-16 13:30:00+00:00,2026-06-05 20:00:00+00:00,America/New_York,2026-06-07 10:35:37.943205+00:00,
CCNE,CCNE,success,752,2026-03-16 13:30:00+00:00,2026-06-05 20:00:00+00:00,America/New_York,2026-06-07 10:35:37.975793+00:00,
DAKT,DAKT,success,755,2026-03-16 13:30:00+00:00,2026-06-05 20:00:00+00:00,America/New_York,2026-06-07 10:35:38.173979+00:00,
EPC,EPC,success,755,2026-03-16 13:30:00+00:00,2026-06-05 20:00:00+00:00,America/New_York,2026-06-07 10:35:38.177088+00:00,
ESQ,ESQ,success,734,2026-03-16 13:30:00+00:00,2026-06-05 20:00:00+00:00,America/New_York,2026-06-07 10:35:38.319170+00:00,
CPAC,CPAC,success,486,2026-03-16 13:30:00+00:00,2026-06-05 20:00:00+00:00,America/New_York,2026-06-07 10:35:38.463836+00:00,
FSBC,FSBC,success,715,2026-03-16 13:30:00+00:00,2026-06-05 20:00:00+00:00,America/New_York,2026-06-07 10:35:38.428289+00:00,
PCRX,PCRX,success,755,2026-03-16 13:30:00+00:00,2026-06-05 20:00:00+00:00,America/New_York,2026-06-07 10:35:38.392634+00:00,
SUPV,SUPV,success,755,2026-03-16 13:30:00+00:00,2026-06-05 20:00:00+00:00,America/New_York,2026-06-07 10:35:38.415257+00:00,
FCEL,FCEL,success,755,2026-03-16 13:30:00+00:00,2026-06-05 20:00:00+00:00,America/New_York,2026-06-07 10:35:38.494200+00:00,
APC,APC,success,733,2026-03-16 13:30:00+00:00,2026-06-05 20:00:00+00:00,America/New_York,2026-06-07 10:35:38.567331+00:00,
HAFC,HAFC,success,755,2026-03-16 13:30:00+00:00,2026-06-05 20:00:00+00:00,America/New_York,2026-06-07 10:35:38.535280+00:00,
MBWM,MBWM,success,738,2026-03-16 13:30:00+00:00,2026-06-05 20:00:00+00:00,America/New_York,2026-06-07 10:35:38.656618+00:00,
UTL,UTL,success,751,2026-03-16 13:30:00+00:00,2026-06-05 20:00:00+00:00,America/New_York,2026-06-07 10:35:38.658138+00:00,
BJRI,BJRI,success,755,2026-03-16 13:30:00+00:00,2026-06-05 20:00:00+00:00,America/New_York,2026-06-07 10:35:38.744561+00:00,
AVO,AVO,success,755,2026-03-16 13:30:00+00:00,2026-06-05 20:00:00+00:00,America/New_York,2026-06-07 10:35:38.809587+00:00,
OLMA,OLMA,success,755,2026-03-16 13:30:00+00:00,2026-06-05 20:00:00+00:00,America/New_York,2026-06-07 10:35:38.977634+00:00,
LXU,LXU,success,755,2026-03-16 13:30:00+00:00,2026-06-05 20:00:00+00:00,America/New_York,2026-06-07 10:35:38.864260+00:00,
PHAR,PHAR,success,382,2026-03-16 13:30:00+00:00,2026-06-05 20:00:00+00:00,America/New_York,2026-06-07 10:35:39.014373+00:00,
JCAP,JCAP,success,753,2026-03-16 13:30:00+00:00,2026-06-05 20:00:00+00:00,America/New_York,2026-06-07 10:35:38.918182+00:00,
AEBI,AEBI,success,755,2026-03-16 13:30:00+00:00,2026-06-05 20:00:00+00:00,America/New_York,2026-06-07 10:35:39.066542+00:00,
AMTB,AMTB,success,755,2026-03-16 13:30:00+00:00,2026-06-05 20:00:00+00:00,America/New_York,2026-06-07 10:35:39.043963+00:00,
ARHS,ARHS,success,755,2026-03-16 13:30:00+00:00,2026-06-05 20:00:00+00:00,America/New_York,2026-06-07 10:35:39.066542+00:00,
RERE,RERE,success,755,2026-03-16 13:30:00+00:00,2026-06-05 20:00:00+00:00,America/New_York,2026-06-07 10:35:39.126569+00:00,
BFS,BFS,success,701,2026-03-16 13:30:00+00:00,2026-06-05 20:00:00+00:00,America/New_York,2026-06-07 10:35:39.162491+00:00,
SHEN,SHEN,success,754,2026-03-16 13:30:00+00:00,2026-06-05 20:00:00+00:00,America/New_York,2026-06-07 10:35:39.206580+00:00,
MYE,MYE,success,755,2026-03-16 13:30:00+00:00,2026-06-05 20:00:00+00:00,America/New_York,2026-06-07 10:35:39.263375+00:00,
INDI,INDI,success,755,2026-03-16 13:30:00+00:00,2026-06-05 20:00:00+00:00,America/New_York,2026-06-07 10:35:39.283390+00:00,
WYFI,WYFI,success,755,2026-03-16 13:30:00+00:00,2026-06-05 20:00:00+00:00,America/New_York,2026-06-07 10:35:39.354851+00:00,
ESRT,ESRT,success,755,2026-03-16 13:30:00+00:00,2026-06-05 20:00:00+00:00,America/New_York,2026-06-07 10:35:39.378952+00:00,
PMT,PMT,success,755,2026-03-16 13:30:00+00:00,2026-06-05 20:00:00+00:00,America/New_York,2026-06-07 10:35:39.391481+00:00,
KFRC,KFRC,success,755,2026-03-16 13:30:00+00:00,2026-06-05 20:00:00+00:00,America/New_York,2026-06-07 10:35:39.450113+00:00,
RPC,RPC,success,755,2026-03-16 13:30:00+00:00,2026-06-05 20:00:00+00:00,America/New_York,2026-06-07 10:35:39.489278+00:00,
CRCT,CRCT,success,755,2026-03-16 13:30:00+00:00,2026-06-05 20:00:00+00:00,America/New_York,2026-06-07 10:35:39.515491+00:00,
SG,SG,success,755,2026-03-16 13:30:00+00:00,2026-06-05 20:00:00+00:00,America/New_York,2026-06-07 10:35:39.603468+00:00,
JBSS,JBSS,success,715,2026-03-16 13:30:00+00:00,2026-06-05 20:00:00+00:00,America/New_York,2026-06-07 10:35:39.610518+00:00,
TALK,TALK,success,755,2026-03-16 13:30:00+00:00,2026-06-05 20:00:00+00:00,America/New_York,2026-06-07 10:35:39.750722+00:00,
KODK,KODK,success,755,2026-03-16 13:30:00+00:00,2026-06-05 20:00:00+00:00,America/New_York,2026-06-07 10:35:39.782480+00:00,
BBDC,BBDC,success,755,2026-03-16 13:30:00+00:00,2026-06-05 20:00:00+00:00,America/New_York,2026-06-07 10:35:39.806147+00:00,
SPTX,SPTX,success,318,2026-05-01 13:30:00+00:00,2026-06-05 20:00:00+00:00,America/New_York,2026-06-07 10:35:39.855335+00:00,
PSIX,PSIX,success,755,2026-03-16 13:30:00+00:00,2026-06-05 20:00:00+00:00,America/New_York,2026-06-07 10:35:39.904046+00:00,
AMPH,AMPH,success,755,2026-03-16 13:30:00+00:00,2026-06-05 20:00:00+00:00,America/New_York,2026-06-07 10:35:39.890479+00:00,
SMP,SMP,success,747,2026-03-16 13:30:00+00:00,2026-06-05 20:00:00+00:00,America/New_York,2026-06-07 10:35:40.008379+00:00,
MFIC,MFIC,success,755,2026-03-16 13:30:00+00:00,2026-06-05 20:00:00+00:00,America/New_York,2026-06-07 10:35:39.963942+00:00,
INMD,INMD,success,755,2026-03-16 13:30:00+00:00,2026-06-05 20:00:00+00:00,America/New_York,2026-06-07 10:35:40.048028+00:00,
ABX,ABX,success,755,2026-03-16 13:30:00+00:00,2026-06-05 20:00:00+00:00,America/New_York,2026-06-07 10:35:40.075612+00:00,
CAC,CAC,success,734,2026-03-16 13:30:00+00:00,2026-06-05 20:00:00+00:00,America/New_York,2026-06-07 10:35:40.127254+00:00,
CERT,CERT,success,755,2026-03-16 13:30:00+00:00,2026-06-05 20:00:00+00:00,America/New_York,2026-06-07 10:35:40.126254+00:00,
MOMO,MOMO,success,755,2026-03-16 13:30:00+00:00,2026-06-05 20:00:00+00:00,America/New_York,2026-06-07 10:35:40.214185+00:00,
FTK,FTK,success,754,2026-03-16 13:30:00+00:00,2026-06-05 20:00:00+00:00,America/New_York,2026-06-07 10:35:40.284172+00:00,
NBBK,NBBK,success,755,2026-03-16 13:30:00+00:00,2026-06-05 20:00:00+00:00,America/New_York,2026-06-07 10:35:40.285176+00:00,
GLIBA,GLIBA,success,660,2026-03-16 13:30:00+00:00,2026-06-05 20:00:00+00:00,America/New_York,2026-06-07 10:35:40.215183+00:00,
ANNX,ANNX,success,755,2026-03-16 13:30:00+00:00,2026-06-05 20:00:00+00:00,America/New_York,2026-06-07 10:35:40.351591+00:00,
BBSI,BBSI,success,754,2026-03-16 13:30:00+00:00,2026-06-05 20:00:00+00:00,America/New_York,2026-06-07 10:35:40.409214+00:00,
EIG,EIG,success,755,2026-03-16 13:30:00+00:00,2026-06-05 20:00:00+00:00,America/New_York,2026-06-07 10:35:40.373192+00:00,
VLRS,VLRS,success,755,2026-03-16 13:30:00+00:00,2026-06-05 20:00:00+00:00,America/New_York,2026-06-07 10:35:40.569239+00:00,
THFF,THFF,success,722,2026-03-16 13:30:00+00:00,2026-06-05 20:00:00+00:00,America/New_York,2026-06-07 10:35:40.599280+00:00,
SPRY,SPRY,success,755,2026-03-16 13:30:00+00:00,2026-06-05 20:00:00+00:00,America/New_York,2026-06-07 10:35:40.483169+00:00,
FMNB,FMNB,success,755,2026-03-16 13:30:00+00:00,2026-06-05 20:00:00+00:00,America/New_York,2026-06-07 10:35:40.623941+00:00,
BOW,BOW,success,755,2026-03-16 13:30:00+00:00,2026-06-05 20:00:00+00:00,America/New_York,2026-06-07 10:35:40.543469+00:00,
GO,GO,success,755,2026-03-16 13:30:00+00:00,2026-06-05 20:00:00+00:00,America/New_York,2026-06-07 10:35:40.698799+00:00,
ASPI,ASPI,success,755,2026-03-16 13:30:00+00:00,2026-06-05 20:00:00+00:00,America/New_York,2026-06-07 10:35:40.850698+00:00,
TIGR,TIGR,success,755,2026-03-16 13:30:00+00:00,2026-06-05 20:00:00+00:00,America/New_York,2026-06-07 10:35:40.697800+00:00,
YALA,YALA,success,755,2026-03-16 13:30:00+00:00,2026-06-05 20:00:00+00:00,America/New_York,2026-06-07 10:35:40.966038+00:00,
INR,INR,success,755,2026-03-16 13:30:00+00:00,2026-06-05 20:00:00+00:00,America/New_York,2026-06-07 10:35:41.129220+00:00,
JBIO,JBIO,success,755,2026-03-16 13:30:00+00:00,2026-06-05 20:00:00+00:00,America/New_York,2026-06-07 10:35:41.161660+00:00,
XNCR,XNCR,success,755,2026-03-16 13:30:00+00:00,2026-06-05 20:00:00+00:00,America/New_York,2026-06-07 10:35:40.963565+00:00,
ABUS,ABUS,success,755,2026-03-16 13:30:00+00:00,2026-06-05 20:00:00+00:00,America/New_York,2026-06-07 10:35:40.965039+00:00,
EFOR,EFOR,success,391,2026-04-24 13:30:00+00:00,2026-06-05 20:00:00+00:00,America/New_York,2026-06-07 10:35:41.276541+00:00,
MGTX,MGTX,success,755,2026-03-16 13:30:00+00:00,2026-06-05 20:00:00+00:00,America/New_York,2026-06-07 10:35:41.273533+00:00,
ARKO,ARKO,success,755,2026-03-16 13:30:00+00:00,2026-06-05 20:00:00+00:00,America/New_York,2026-06-07 10:35:41.220666+00:00,
BCSF,BCSF,success,755,2026-03-16 13:30:00+00:00,2026-06-05 20:00:00+00:00,America/New_York,2026-06-07 10:35:41.531914+00:00,
EGBN,EGBN,success,755,2026-03-16 13:30:00+00:00,2026-06-05 20:00:00+00:00,America/New_York,2026-06-07 10:35:41.667825+00:00,
MRLN,MRLN,success,742,2026-03-17 13:30:00+00:00,2026-06-05 20:00:00+00:00,America/New_York,2026-06-07 10:35:41.531914+00:00,
CGEM,CGEM,success,755,2026-03-16 13:30:00+00:00,2026-06-05 20:00:00+00:00,America/New_York,2026-06-07 10:35:41.529912+00:00,
LYTS,LYTS,success,755,2026-03-16 13:30:00+00:00,2026-06-05 20:00:00+00:00,America/New_York,2026-06-07 10:35:41.668825+00:00,
CCOI,CCOI,success,755,2026-03-16 13:30:00+00:00,2026-06-05 20:00:00+00:00,America/New_York,2026-06-07 10:35:41.795784+00:00,
MPB,MPB,success,750,2026-03-16 13:30:00+00:00,2026-06-05 20:00:00+00:00,America/New_York,2026-06-07 10:35:41.872816+00:00,
RJET,RJET,success,749,2026-03-16 13:30:00+00:00,2026-06-05 20:00:00+00:00,America/New_York,2026-06-07 10:35:41.911531+00:00,
AIAI,AIAI,success,200,2026-05-14 15:30:00+00:00,2026-06-05 20:00:00+00:00,America/New_York,2026-06-07 10:35:42.061862+00:00,
ROOT,ROOT,success,755,2026-03-16 13:30:00+00:00,2026-06-05 20:00:00+00:00,America/New_York,2026-06-07 10:35:42.003801+00:00,
HTB,HTB,success,723,2026-03-16 13:30:00+00:00,2026-06-05 20:00:00+00:00,America/New_York,2026-06-07 10:35:42.110775+00:00,
DRTS,DRTS,success,754,2026-03-16 13:30:00+00:00,2026-06-05 20:00:00+00:00,America/New_York,2026-06-07 10:35:42.176701+00:00,
FCBC,FCBC,success,706,2026-03-16 13:30:00+00:00,2026-06-05 20:00:00+00:00,America/New_York,2026-06-07 10:35:42.220966+00:00,
SLI,SLI,success,755,2026-03-16 13:30:00+00:00,2026-06-05 20:00:00+00:00,America/New_York,2026-06-07 10:35:42.261892+00:00,
TBPH,TBPH,success,755,2026-03-16 13:30:00+00:00,2026-06-05 20:00:00+00:00,America/New_York,2026-06-07 10:35:42.262893+00:00,
LBRX,LBRX,success,749,2026-03-16 13:30:00+00:00,2026-06-05 20:00:00+00:00,America/New_York,2026-06-07 10:35:42.374844+00:00,
TRNS,TRNS,success,740,2026-03-16 13:30:00+00:00,2026-06-05 20:00:00+00:00,America/New_York,2026-06-07 10:35:42.404428+00:00,
MTUS,MTUS,success,755,2026-03-16 13:30:00+00:00,2026-06-05 20:00:00+00:00,America/New_York,2026-06-07 10:35:42.318830+00:00,
ADAM,ADAM,success,755,2026-03-16 13:30:00+00:00,2026-06-05 20:00:00+00:00,America/New_York,2026-06-07 10:35:42.441001+00:00,
JMIA,JMIA,success,755,2026-03-16 13:30:00+00:00,2026-06-05 20:00:00+00:00,America/New_York,2026-06-07 10:35:42.478205+00:00,
LMRI,LMRI,success,755,2026-03-16 13:30:00+00:00,2026-06-05 20:00:00+00:00,America/New_York,2026-06-07 10:35:42.635937+00:00,
ESPR,ESPR,success,755,2026-03-16 13:30:00+00:00,2026-06-05 20:00:00+00:00,America/New_York,2026-06-07 10:35:42.606847+00:00,
JANX,JANX,success,755,2026-03-16 13:30:00+00:00,2026-06-05 20:00:00+00:00,America/New_York,2026-06-07 10:35:42.662757+00:00,
IBTA,IBTA,success,753,2026-03-16 13:30:00+00:00,2026-06-05 20:00:00+00:00,America/New_York,2026-06-07 10:35:42.826822+00:00,
PFLT,PFLT,success,755,2026-03-16 13:30:00+00:00,2026-06-05 20:00:00+00:00,America/New_York,2026-06-07 10:35:42.731649+00:00,
CODI,CODI,success,755,2026-03-16 13:30:00+00:00,2026-06-05 20:00:00+00:00,America/New_York,2026-06-07 10:35:42.757901+00:00,
KOP,KOP,success,752,2026-03-16 13:30:00+00:00,2026-06-05 20:00:00+00:00,America/New_York,2026-06-07 10:35:42.758912+00:00,
DSP,DSP,success,754,2026-03-16 13:30:00+00:00,2026-06-05 20:00:00+00:00,America/New_York,2026-06-07 10:35:42.968078+00:00,
IMSR,IMSR,success,755,2026-03-16 13:30:00+00:00,2026-06-05 20:00:00+00:00,America/New_York,2026-06-07 10:35:42.886222+00:00,
GSBC,GSBC,success,717,2026-03-16 13:30:00+00:00,2026-06-05 20:00:00+00:00,America/New_York,2026-06-07 10:35:42.914443+00:00,
EVC,EVC,success,753,2026-03-16 13:30:00+00:00,2026-06-05 20:00:00+00:00,America/New_York,2026-06-07 10:35:42.915444+00:00,
MATW,MATW,success,755,2026-03-16 13:30:00+00:00,2026-06-05 20:00:00+00:00,America/New_York,2026-06-07 10:35:43.078592+00:00,
PHAT,PHAT,success,755,2026-03-16 13:30:00+00:00,2026-06-05 20:00:00+00:00,America/New_York,2026-06-07 10:35:43.048920+00:00,
SPFI,SPFI,success,730,2026-03-16 13:30:00+00:00,2026-06-05 20:00:00+00:00,America/New_York,2026-06-07 10:35:43.179022+00:00,
CYRX,CYRX,success,755,2026-03-16 13:30:00+00:00,2026-06-05 20:00:00+00:00,America/New_York,2026-06-07 10:35:43.251270+00:00,
APOG,APOG,success,754,2026-03-16 13:30:00+00:00,2026-06-05 20:00:00+00:00,America/New_York,2026-06-07 10:35:43.330237+00:00,
PGC,PGC,success,748,2026-03-16 13:30:00+00:00,2026-06-05 20:00:00+00:00,America/New_York,2026-06-07 10:35:43.385554+00:00,
HNRG,HNRG,success,755,2026-03-16 13:30:00+00:00,2026-06-05 20:00:00+00:00,America/New_York,2026-06-07 10:35:43.480267+00:00,
WRLD,WRLD,success,733,2026-03-16 13:30:00+00:00,2026-06-05 20:00:00+00:00,America/New_York,2026-06-07 10:35:43.559848+00:00,
ODTX,ODTX,success,257,2026-05-08 13:30:00+00:00,2026-06-05 20:00:00+00:00,America/New_York,2026-06-07 10:35:43.668155+00:00,
ORIC,ORIC,success,755,2026-03-16 13:30:00+00:00,2026-06-05 20:00:00+00:00,America/New_York,2026-06-07 10:35:43.505873+00:00,
ETON,ETON,success,755,2026-03-16 13:30:00+00:00,2026-06-05 20:00:00+00:00,America/New_York,2026-06-07 10:35:43.385554+00:00,
REPL,REPL,success,746,2026-03-16 13:30:00+00:00,2026-06-05 20:00:00+00:00,America/New_York,2026-06-07 10:35:43.361348+00:00,
WGO,WGO,success,755,2026-03-16 13:30:00+00:00,2026-06-05 20:00:00+00:00,America/New_York,2026-06-07 10:35:43.586473+00:00,
KURA,KURA,success,755,2026-03-16 13:30:00+00:00,2026-06-05 20:00:00+00:00,America/New_York,2026-06-07 10:35:43.629126+00:00,
SMBC,SMBC,success,706,2026-03-16 13:30:00+00:00,2026-06-05 20:00:00+00:00,America/New_York,2026-06-07 10:35:43.704518+00:00,
CCBG,CCBG,success,730,2026-03-16 13:30:00+00:00,2026-06-05 20:00:00+00:00,America/New_York,2026-06-07 10:35:43.777551+00:00,
AGNT,AGNT,success,261,2026-05-08 13:30:00+00:00,2026-06-05 20:00:00+00:00,America/New_York,2026-06-07 10:35:43.885444+00:00,
SXC,SXC,success,755,2026-03-16 13:30:00+00:00,2026-06-05 20:00:00+00:00,America/New_York,2026-06-07 10:35:43.886444+00:00,
NEWP,NEWP,success,755,2026-03-16 13:30:00+00:00,2026-06-05 20:00:00+00:00,America/New_York,2026-06-07 10:35:43.858040+00:00,
HPP,HPP,success,755,2026-03-16 13:30:00+00:00,2026-06-05 20:00:00+00:00,America/New_York,2026-06-07 10:35:43.946188+00:00,
CRESY,CRESY,success,754,2026-03-16 13:30:00+00:00,2026-06-05 20:00:00+00:00,America/New_York,2026-06-07 10:35:44.032618+00:00,
ALOY,ALOY,success,755,2026-03-16 13:30:00+00:00,2026-06-05 20:00:00+00:00,America/New_York,2026-06-07 10:35:43.946188+00:00,
REPX,REPX,success,755,2026-03-16 13:30:00+00:00,2026-06-05 20:00:00+00:00,America/New_York,2026-06-07 10:35:44.048670+00:00,
HSTM,HSTM,success,755,2026-03-16 13:30:00+00:00,2026-06-05 20:00:00+00:00,America/New_York,2026-06-07 10:35:44.104819+00:00,
BVS,BVS,success,755,2026-03-16 13:30:00+00:00,2026-06-05 20:00:00+00:00,America/New_York,2026-06-07 10:35:44.150179+00:00,
RDVT,RDVT,success,752,2026-03-16 13:30:00+00:00,2026-06-05 20:00:00+00:00,America/New_York,2026-06-07 10:35:44.222509+00:00,
CBRL,CBRL,success,755,2026-03-16 13:30:00+00:00,2026-06-05 20:00:00+00:00,America/New_York,2026-06-07 10:35:44.292673+00:00,
CGBD,CGBD,success,755,2026-03-16 13:30:00+00:00,2026-06-05 20:00:00+00:00,America/New_York,2026-06-07 10:35:44.330786+00:00,
FISI,FISI,success,740,2026-03-16 13:30:00+00:00,2026-06-05 20:00:00+00:00,America/New_York,2026-06-07 10:35:44.262532+00:00,
SSYS,SSYS,success,755,2026-03-16 13:30:00+00:00,2026-06-05 20:00:00+00:00,America/New_York,2026-06-07 10:35:44.399671+00:00,
OBE,OBE,success,755,2026-03-16 13:30:00+00:00,2026-06-05 20:00:00+00:00,America/New_York,2026-06-07 10:35:44.361406+00:00,
NAVI,NAVI,success,755,2026-03-16 13:30:00+00:00,2026-06-05 20:00:00+00:00,America/New_York,2026-06-07 10:35:44.434471+00:00,
KRO,KRO,success,755,2026-03-16 13:30:00+00:00,2026-06-05 20:00:00+00:00,America/New_York,2026-06-07 10:35:44.505856+00:00,
NMFC,NMFC,success,755,2026-03-16 13:30:00+00:00,2026-06-05 20:00:00+00:00,America/New_York,2026-06-07 10:35:44.601265+00:00,
XOMA,XOMA,success,751,2026-03-16 13:30:00+00:00,2026-06-05 20:00:00+00:00,America/New_York,2026-06-07 10:35:44.642952+00:00,
NXRT,NXRT,success,755,2026-03-16 13:30:00+00:00,2026-06-05 20:00:00+00:00,America/New_York,2026-06-07 10:35:44.672484+00:00,
ORRF,ORRF,success,748,2026-03-16 13:30:00+00:00,2026-06-05 20:00:00+00:00,America/New_York,2026-06-07 10:35:44.725838+00:00,
NB,NB,success,755,2026-03-16 13:30:00+00:00,2026-06-05 20:00:00+00:00,America/New_York,2026-06-07 10:35:44.837768+00:00,
SSII,SSII,success,662,2026-03-16 13:30:00+00:00,2026-06-05 20:00:00+00:00,America/New_York,2026-06-07 10:35:44.873347+00:00,
ALRS,ALRS,success,752,2026-03-16 13:30:00+00:00,2026-06-05 20:00:00+00:00,America/New_York,2026-06-07 10:35:44.786071+00:00,
IVR,IVR,success,755,2026-03-16 13:30:00+00:00,2026-06-05 20:00:00+00:00,America/New_York,2026-06-07 10:35:44.979949+00:00,
WEST,WEST,success,755,2026-03-16 13:30:00+00:00,2026-06-05 20:00:00+00:00,America/New_York,2026-06-07 10:35:44.922669+00:00,
FOXF,FOXF,success,755,2026-03-16 13:30:00+00:00,2026-06-05 20:00:00+00:00,America/New_York,2026-06-07 10:35:44.954133+00:00,
RSKD,RSKD,success,755,2026-03-16 13:30:00+00:00,2026-06-05 20:00:00+00:00,America/New_York,2026-06-07 10:35:44.980950+00:00,
GSM,GSM,success,755,2026-03-16 13:30:00+00:00,2026-06-05 20:00:00+00:00,America/New_York,2026-06-07 10:35:45.052911+00:00,
SMBK,SMBK,success,713,2026-03-16 13:30:00+00:00,2026-06-05 20:00:00+00:00,America/New_York,2026-06-07 10:35:45.076496+00:00,
PSTL,PSTL,success,755,2026-03-16 13:30:00+00:00,2026-06-05 20:00:00+00:00,America/New_York,2026-06-07 10:35:45.129509+00:00,
INN,INN,success,755,2026-03-16 13:30:00+00:00,2026-06-05 20:00:00+00:00,America/New_York,2026-06-07 10:35:45.127495+00:00,
DJCO,DJCO,success,689,2026-03-16 13:30:00+00:00,2026-06-05 20:00:00+00:00,America/New_York,2026-06-07 10:35:45.238377+00:00,
EVMN,EVMN,success,755,2026-03-16 13:30:00+00:00,2026-06-05 20:00:00+00:00,America/New_York,2026-06-07 10:35:45.209759+00:00,
NABL,NABL,success,755,2026-03-16 13:30:00+00:00,2026-06-05 20:00:00+00:00,America/New_York,2026-06-07 10:35:45.243412+00:00,
VOR,VOR,success,755,2026-03-16 13:30:00+00:00,2026-06-05 20:00:00+00:00,America/New_York,2026-06-07 10:35:45.356763+00:00,
BRSP,BRSP,success,755,2026-03-16 13:30:00+00:00,2026-06-05 20:00:00+00:00,America/New_York,2026-06-07 10:35:45.317026+00:00,
IBCP,IBCP,success,750,2026-03-16 13:30:00+00:00,2026-06-05 20:00:00+00:00,America/New_York,2026-06-07 10:35:45.469342+00:00,
LAES,LAES,success,755,2026-03-16 13:30:00+00:00,2026-06-05 20:00:00+00:00,America/New_York,2026-06-07 10:35:45.409524+00:00,
GFR,GFR,success,750,2026-03-16 13:30:00+00:00,2026-06-05 20:00:00+00:00,America/New_York,2026-06-07 10:35:45.497833+00:00,
BZH,BZH,success,755,2026-03-16 13:30:00+00:00,2026-06-05 20:00:00+00:00,America/New_York,2026-06-07 10:35:45.529393+00:00,
HZO,HZO,success,755,2026-03-16 13:30:00+00:00,2026-06-05 20:00:00+00:00,America/New_York,2026-06-07 10:35:45.565462+00:00,
PD,PD,success,755,2026-03-16 13:30:00+00:00,2026-06-05 20:00:00+00:00,America/New_York,2026-06-07 10:35:45.593049+00:00,
JBI,JBI,success,755,2026-03-16 13:30:00+00:00,2026-06-05 20:00:00+00:00,America/New_York,2026-06-07 10:35:45.640275+00:00,
KRNT,KRNT,success,753,2026-03-16 13:30:00+00:00,2026-06-05 20:00:00+00:00,America/New_York,2026-06-07 10:35:45.718756+00:00,
NX,NX,success,755,2026-03-16 13:30:00+00:00,2026-06-05 20:00:00+00:00,America/New_York,2026-06-07 10:35:45.680687+00:00,
GDOT,GDOT,success,755,2026-03-16 13:30:00+00:00,2026-06-05 20:00:00+00:00,America/New_York,2026-06-07 10:35:45.878738+00:00,
EVER,EVER,success,755,2026-03-16 13:30:00+00:00,2026-06-05 20:00:00+00:00,America/New_York,2026-06-07 10:35:45.822752+00:00,
FDUS,FDUS,success,755,2026-03-16 13:30:00+00:00,2026-06-05 20:00:00+00:00,America/New_York,2026-06-07 10:35:45.909329+00:00,
VTS,VTS,success,755,2026-03-16 13:30:00+00:00,2026-06-05 20:00:00+00:00,America/New_York,2026-06-07 10:35:45.910335+00:00,
SHBI,SHBI,success,755,2026-03-16 13:30:00+00:00,2026-06-05 20:00:00+00:00,America/New_York,2026-06-07 10:35:45.980343+00:00,
BIOA,BIOA,success,755,2026-03-16 13:30:00+00:00,2026-06-05 20:00:00+00:00,America/New_York,2026-06-07 10:35:46.025057+00:00,
OMER,OMER,success,755,2026-03-16 13:30:00+00:00,2026-06-05 20:00:00+00:00,America/New_York,2026-06-07 10:35:46.063745+00:00,
SLRC,SLRC,success,755,2026-03-16 13:30:00+00:00,2026-06-05 20:00:00+00:00,America/New_York,2026-06-07 10:35:46.025057+00:00,
NGVC,NGVC,success,752,2026-03-16 13:30:00+00:00,2026-06-05 20:00:00+00:00,America/New_York,2026-06-07 10:35:46.131807+00:00,
MNTN,MNTN,success,755,2026-03-16 13:30:00+00:00,2026-06-05 20:00:00+00:00,America/New_York,2026-06-07 10:35:46.139330+00:00,
SPIR,SPIR,success,755,2026-03-16 13:30:00+00:00,2026-06-05 20:00:00+00:00,America/New_York,2026-06-07 10:35:46.253112+00:00,
HOV,HOV,success,733,2026-03-16 13:30:00+00:00,2026-06-05 20:00:00+00:00,America/New_York,2026-06-07 10:35:46.208796+00:00,
AVTX,AVTX,success,755,2026-03-16 13:30:00+00:00,2026-06-05 20:00:00+00:00,America/New_York,2026-06-07 10:35:46.377790+00:00,
QNST,QNST,success,755,2026-03-16 13:30:00+00:00,2026-06-05 20:00:00+00:00,America/New_York,2026-06-07 10:35:46.379293+00:00,
SKYH,SKYH,success,749,2026-03-16 13:30:00+00:00,2026-06-05 20:00:00+00:00,America/New_York,2026-06-07 10:35:46.353927+00:00,
AURA,AURA,success,755,2026-03-16 13:30:00+00:00,2026-06-05 20:00:00+00:00,America/New_York,2026-06-07 10:35:46.452126+00:00,
HRTG,HRTG,success,755,2026-03-16 13:30:00+00:00,2026-06-05 20:00:00+00:00,America/New_York,2026-06-07 10:35:46.519115+00:00,
GPRK,GPRK,success,755,2026-03-16 13:30:00+00:00,2026-06-05 20:00:00+00:00,America/New_York,2026-06-07 10:35:46.566348+00:00,
HSHP,HSHP,success,755,2026-03-16 13:30:00+00:00,2026-06-05 20:00:00+00:00,America/New_York,2026-06-07 10:35:46.542180+00:00,
ADSE,ADSE,success,193,2026-03-16 13:30:00+00:00,2026-06-05 20:00:00+00:00,America/New_York,2026-06-07 10:35:46.591416+00:00,
AHRT,AHRT,success,755,2026-03-16 13:30:00+00:00,2026-06-05 20:00:00+00:00,America/New_York,2026-06-07 10:35:46.633579+00:00,
NOAH,NOAH,success,732,2026-03-16 13:30:00+00:00,2026-06-05 20:00:00+00:00,America/New_York,2026-06-07 10:35:46.668375+00:00,
BWMX,BWMX,success,738,2026-03-16 13:30:00+00:00,2026-06-05 20:00:00+00:00,America/New_York,2026-06-07 10:35:46.709391+00:00,
CBLL,CBLL,success,755,2026-03-16 13:30:00+00:00,2026-06-05 20:00:00+00:00,America/New_York,2026-06-07 10:35:46.730946+00:00,
RSVR,RSVR,success,669,2026-03-16 13:30:00+00:00,2026-06-05 20:00:00+00:00,America/New_York,2026-06-07 10:35:46.865059+00:00,
MEC,MEC,success,751,2026-03-16 13:30:00+00:00,2026-06-05 20:00:00+00:00,America/New_York,2026-06-07 10:35:46.919334+00:00,
RWT,RWT,success,755,2026-03-16 13:30:00+00:00,2026-06-05 20:00:00+00:00,America/New_York,2026-06-07 10:35:46.944880+00:00,
MITK,MITK,success,755,2026-03-16 13:30:00+00:00,2026-06-05 20:00:00+00:00,America/New_York,2026-06-07 10:35:46.945891+00:00,
DRUG,DRUG,success,749,2026-03-16 13:30:00+00:00,2026-06-05 20:00:00+00:00,America/New_York,2026-06-07 10:35:47.073422+00:00,
ASC,ASC,success,755,2026-03-16 13:30:00+00:00,2026-06-05 20:00:00+00:00,America/New_York,2026-06-07 10:35:47.121649+00:00,
TMQ,TMQ,success,755,2026-03-16 13:30:00+00:00,2026-06-05 20:00:00+00:00,America/New_York,2026-06-07 10:35:47.146804+00:00,
VEL,VEL,success,700,2026-03-16 13:30:00+00:00,2026-06-05 20:00:00+00:00,America/New_York,2026-06-07 10:35:47.097557+00:00,
TSAT,TSAT,success,754,2026-03-16 13:30:00+00:00,2026-06-05 20:00:00+00:00,America/New_York,2026-06-07 10:35:47.188521+00:00,
CTO,CTO,success,755,2026-03-16 13:30:00+00:00,2026-06-05 20:00:00+00:00,America/New_York,2026-06-07 10:35:47.214193+00:00,
FEIM,FEIM,success,755,2026-03-16 13:30:00+00:00,2026-06-05 20:00:00+00:00,America/New_York,2026-06-07 10:35:47.246441+00:00,
SIBN,SIBN,success,755,2026-03-16 13:30:00+00:00,2026-06-05 20:00:00+00:00,America/New_York,2026-06-07 10:35:47.313992+00:00,
TRTX,TRTX,success,755,2026-03-16 13:30:00+00:00,2026-06-05 20:00:00+00:00,America/New_York,2026-06-07 10:35:47.315004+00:00,
SB,SB,success,755,2026-03-16 13:30:00+00:00,2026-06-05 20:00:00+00:00,America/New_York,2026-06-07 10:35:47.380044+00:00,
BALY,BALY,success,690,2026-03-16 13:30:00+00:00,2026-06-05 20:00:00+00:00,America/New_York,2026-06-07 10:35:47.470423+00:00,
DMII,DMII,success,175,2026-03-16 13:30:00+00:00,2026-06-05 20:00:00+00:00,America/New_York,2026-06-07 10:35:47.519313+00:00,
YB,YB,success,585,2026-03-16 13:30:00+00:00,2026-06-05 20:00:00+00:00,America/New_York,2026-06-07 10:35:47.566533+00:00,
CWBC,CWBC,success,752,2026-03-16 13:30:00+00:00,2026-06-05 20:00:00+00:00,America/New_York,2026-06-07 10:35:47.418708+00:00,
TIPT,TIPT,success,755,2026-03-16 13:30:00+00:00,2026-06-05 20:00:00+00:00,America/New_York,2026-06-07 10:35:47.519313+00:00,
FBRT,FBRT,success,755,2026-03-16 13:30:00+00:00,2026-06-05 20:00:00+00:00,America/New_York,2026-06-07 10:35:47.623985+00:00,
SLDB,SLDB,success,755,2026-03-16 13:30:00+00:00,2026-06-05 20:00:00+00:00,America/New_York,2026-06-07 10:35:47.721721+00:00,
SWBI,SWBI,success,755,2026-03-16 13:30:00+00:00,2026-06-05 20:00:00+00:00,America/New_York,2026-06-07 10:35:47.684927+00:00,
OXM,OXM,success,755,2026-03-16 13:30:00+00:00,2026-06-05 20:00:00+00:00,America/New_York,2026-06-07 10:35:47.769958+00:00,
CWH,CWH,success,755,2026-03-16 13:30:00+00:00,2026-06-05 20:00:00+00:00,America/New_York,2026-06-07 10:35:47.884641+00:00,
CGNT,CGNT,success,755,2026-03-16 13:30:00+00:00,2026-06-05 20:00:00+00:00,America/New_York,2026-06-07 10:35:47.852449+00:00,
CRMD,CRMD,success,755,2026-03-16 13:30:00+00:00,2026-06-05 20:00:00+00:00,America/New_York,2026-06-07 10:35:47.912717+00:00,
DSGN,DSGN,success,755,2026-03-16 13:30:00+00:00,2026-06-05 20:00:00+00:00,America/New_York,2026-06-07 10:35:47.817751+00:00,
MTA,MTA,success,755,2026-03-16 13:30:00+00:00,2026-06-05 20:00:00+00:00,America/New_York,2026-06-07 10:35:47.997672+00:00,
VRRM,VRRM,success,755,2026-03-16 13:30:00+00:00,2026-06-05 20:00:00+00:00,America/New_York,2026-06-07 10:35:48.084848+00:00,
SDHC,SDHC,success,734,2026-03-16 13:30:00+00:00,2026-06-05 20:00:00+00:00,America/New_York,2026-06-07 10:35:48.078736+00:00,
RMR,RMR,success,752,2026-03-16 13:30:00+00:00,2026-06-05 20:00:00+00:00,America/New_York,2026-06-07 10:35:48.270785+00:00,
PKE,PKE,success,755,2026-03-16 13:30:00+00:00,2026-06-05 20:00:00+00:00,America/New_York,2026-06-07 10:35:48.321878+00:00,
NTGR,NTGR,success,755,2026-03-16 13:30:00+00:00,2026-06-05 20:00:00+00:00,America/New_York,2026-06-07 10:35:48.348566+00:00,
DC,DC,success,755,2026-03-16 13:30:00+00:00,2026-06-05 20:00:00+00:00,America/New_York,2026-06-07 10:35:48.390194+00:00,
TCBX,TCBX,success,729,2026-03-16 13:30:00+00:00,2026-06-05 20:00:00+00:00,America/New_York,2026-06-07 10:35:48.348566+00:00,
AXG,AXG,success,704,2026-03-16 13:30:00+00:00,2026-06-05 20:00:00+00:00,America/New_York,2026-06-07 10:35:48.443130+00:00,
ANRO,ANRO,success,755,2026-03-16 13:30:00+00:00,2026-06-05 20:00:00+00:00,America/New_York,2026-06-07 10:35:48.515687+00:00,
OCS,OCS,success,751,2026-03-16 13:30:00+00:00,2026-06-05 20:00:00+00:00,America/New_York,2026-06-07 10:35:48.473289+00:00,
ISOU,ISOU,success,747,2026-03-16 13:30:00+00:00,2026-06-05 20:00:00+00:00,America/New_York,2026-06-07 10:35:48.588260+00:00,
WASH,WASH,success,755,2026-03-16 13:30:00+00:00,2026-06-05 20:00:00+00:00,America/New_York,2026-06-07 10:35:48.613317+00:00,
MAKO,MAKO,success,621,2026-03-30 13:30:00+00:00,2026-06-05 20:00:00+00:00,America/New_York,2026-06-07 10:35:48.543750+00:00,
CCSI,CCSI,success,750,2026-03-16 13:30:00+00:00,2026-06-05 20:00:00+00:00,America/New_York,2026-06-07 10:35:48.671520+00:00,
TMCR,TMCR,success,467,2026-04-08 14:00:00+00:00,2026-06-05 20:00:00+00:00,America/New_York,2026-06-07 10:35:48.818024+00:00,
DGICA,DGICA,success,751,2026-03-16 13:30:00+00:00,2026-06-05 20:00:00+00:00,America/New_York,2026-06-07 10:35:48.685049+00:00,
CARE,CARE,success,755,2026-03-16 13:30:00+00:00,2026-06-05 20:00:00+00:00,America/New_York,2026-06-07 10:35:48.793780+00:00,
NCDL,NCDL,success,755,2026-03-16 13:30:00+00:00,2026-06-05 20:00:00+00:00,America/New_York,2026-06-07 10:35:48.889214+00:00,
CNNE,CNNE,success,755,2026-03-16 13:30:00+00:00,2026-06-05 20:00:00+00:00,America/New_York,2026-06-07 10:35:48.765154+00:00,
GRNT,GRNT,success,755,2026-03-16 13:30:00+00:00,2026-06-05 20:00:00+00:00,America/New_York,2026-06-07 10:35:48.849585+00:00,
SGP,SGP,success,661,2026-03-16 13:30:00+00:00,2026-06-05 20:00:00+00:00,America/New_York,2026-06-07 10:35:48.961705+00:00,
HIFS,HIFS,success,704,2026-03-16 13:30:00+00:00,2026-06-05 20:00:00+00:00,America/New_York,2026-06-07 10:35:49.016434+00:00,
RLMD,RLMD,success,755,2026-03-16 13:30:00+00:00,2026-06-05 20:00:00+00:00,America/New_York,2026-06-07 10:35:49.121470+00:00,
GRPN,GRPN,success,755,2026-03-16 13:30:00+00:00,2026-06-05 20:00:00+00:00,America/New_York,2026-06-07 10:35:49.046584+00:00,
BCAL,BCAL,success,748,2026-03-16 13:30:00+00:00,2026-06-05 20:00:00+00:00,America/New_York,2026-06-07 10:35:49.098355+00:00,
CADL,CADL,success,755,2026-03-16 13:30:00+00:00,2026-06-05 20:00:00+00:00,America/New_York,2026-06-07 10:35:49.250940+00:00,
GOOD,GOOD,success,755,2026-03-16 13:30:00+00:00,2026-06-05 20:00:00+00:00,America/New_York,2026-06-07 10:35:49.391848+00:00,
ZVRA,ZVRA,success,755,2026-03-16 13:30:00+00:00,2026-06-05 20:00:00+00:00,America/New_York,2026-06-07 10:35:49.332260+00:00,
OFRM,OFRM,success,755,2026-03-16 13:30:00+00:00,2026-06-05 20:00:00+00:00,America/New_York,2026-06-07 10:35:49.355893+00:00,
CASS,CASS,success,717,2026-03-16 13:30:00+00:00,2026-06-05 20:00:00+00:00,America/New_York,2026-06-07 10:35:49.441935+00:00,
ONT,ONT,success,313,2026-05-04 13:30:00+00:00,2026-06-05 20:00:00+00:00,America/New_York,2026-06-07 10:35:49.655802+00:00,
HIPO,HIPO,success,745,2026-03-16 13:30:00+00:00,2026-06-05 20:00:00+00:00,America/New_York,2026-06-07 10:35:49.523139+00:00,
VTEX,VTEX,success,755,2026-03-16 13:30:00+00:00,2026-06-05 20:00:00+00:00,America/New_York,2026-06-07 10:35:49.602973+00:00,
FWRG,FWRG,success,755,2026-03-16 13:30:00+00:00,2026-06-05 20:00:00+00:00,America/New_York,2026-06-07 10:35:49.522130+00:00,
SCZM,SCZM,success,755,2026-03-16 13:30:00+00:00,2026-06-05 20:00:00+00:00,America/New_York,2026-06-07 10:35:49.749192+00:00,
NKLR,NKLR,success,755,2026-03-16 13:30:00+00:00,2026-06-05 20:00:00+00:00,America/New_York,2026-06-07 10:35:49.742198+00:00,
BBOT,BBOT,success,753,2026-03-16 13:30:00+00:00,2026-06-05 20:00:00+00:00,America/New_York,2026-06-07 10:35:49.843371+00:00,
BLMN,BLMN,success,755,2026-03-16 13:30:00+00:00,2026-06-05 20:00:00+00:00,America/New_York,2026-06-07 10:35:49.871082+00:00,
RGR,RGR,success,752,2026-03-16 13:30:00+00:00,2026-06-05 20:00:00+00:00,America/New_York,2026-06-07 10:35:49.903740+00:00,
SWIM,SWIM,success,755,2026-03-16 13:30:00+00:00,2026-06-05 20:00:00+00:00,America/New_York,2026-06-07 10:35:49.939854+00:00,
AROW,AROW,success,721,2026-03-16 13:30:00+00:00,2026-06-05 20:00:00+00:00,America/New_York,2026-06-07 10:35:49.963097+00:00,
VMET,VMET,success,754,2026-03-16 13:30:00+00:00,2026-06-05 20:00:00+00:00,America/New_York,2026-06-07 10:35:49.963097+00:00,
PRAA,PRAA,success,755,2026-03-16 13:30:00+00:00,2026-06-05 20:00:00+00:00,America/New_York,2026-06-07 10:35:50.140690+00:00,
VBNK,VBNK,success,638,2026-03-16 13:30:00+00:00,2026-06-05 20:00:00+00:00,America/New_York,2026-06-07 10:35:50.214557+00:00,
MSBI,MSBI,success,751,2026-03-16 13:30:00+00:00,2026-06-05 20:00:00+00:00,America/New_York,2026-06-07 10:35:50.271247+00:00,
CSTL,CSTL,success,754,2026-03-16 13:30:00+00:00,2026-06-05 20:00:00+00:00,America/New_York,2026-06-07 10:35:50.376000+00:00,
MAMA,MAMA,success,755,2026-03-16 13:30:00+00:00,2026-06-05 20:00:00+00:00,America/New_York,2026-06-07 10:35:50.344257+00:00,
HY,HY,success,738,2026-03-16 13:30:00+00:00,2026-06-05 20:00:00+00:00,America/New_York,2026-06-07 10:35:50.458915+00:00,
TDUP,TDUP,success,755,2026-03-16 13:30:00+00:00,2026-06-05 20:00:00+00:00,America/New_York,2026-06-07 10:35:50.407744+00:00,
NFBK,NFBK,success,754,2026-03-16 13:30:00+00:00,2026-06-05 20:00:00+00:00,America/New_York,2026-06-07 10:35:50.435325+00:00,
BBNX,BBNX,success,755,2026-03-16 13:30:00+00:00,2026-06-05 20:00:00+00:00,America/New_York,2026-06-07 10:35:50.487009+00:00,
ELA,ELA,success,743,2026-03-16 13:30:00+00:00,2026-06-05 20:00:00+00:00,America/New_York,2026-06-07 10:35:50.528322+00:00,
GYRE,GYRE,success,736,2026-03-16 13:30:00+00:00,2026-06-05 20:00:00+00:00,America/New_York,2026-06-07 10:35:50.615715+00:00,
MCS,MCS,success,753,2026-03-16 13:30:00+00:00,2026-06-05 20:00:00+00:00,America/New_York,2026-06-07 10:35:50.568390+00:00,
GAIN,GAIN,success,755,2026-03-16 13:30:00+00:00,2026-06-05 20:00:00+00:00,America/New_York,2026-06-07 10:35:50.710311+00:00,
ACRS,ACRS,success,755,2026-03-16 13:30:00+00:00,2026-06-05 20:00:00+00:00,America/New_York,2026-06-07 10:35:50.674860+00:00,
VINP,VINP,success,625,2026-03-16 13:30:00+00:00,2026-06-05 20:00:00+00:00,America/New_York,2026-06-07 10:35:50.777541+00:00,
CLYM,CLYM,success,755,2026-03-16 13:30:00+00:00,2026-06-05 20:00:00+00:00,America/New_York,2026-06-07 10:35:50.812551+00:00,
NPB,NPB,success,748,2026-03-16 13:30:00+00:00,2026-06-05 20:00:00+00:00,America/New_York,2026-06-07 10:35:50.854834+00:00,
CLB,CLB,success,755,2026-03-16 13:30:00+00:00,2026-06-05 20:00:00+00:00,America/New_York,2026-06-07 10:35:50.895544+00:00,
PFIS,PFIS,success,616,2026-03-16 13:30:00+00:00,2026-06-05 20:00:00+00:00,America/New_York,2026-06-07 10:35:50.995225+00:00,
RRBI,RRBI,success,688,2026-03-16 13:30:00+00:00,2026-06-05 20:00:00+00:00,America/New_York,2026-06-07 10:35:51.065444+00:00,
EVAC,EVAC,success,274,2026-03-16 13:30:00+00:00,2026-06-05 19:30:00+00:00,America/New_York,2026-06-07 10:35:51.134807+00:00,
BHB,BHB,success,742,2026-03-16 13:30:00+00:00,2026-06-05 20:00:00+00:00,America/New_York,2026-06-07 10:35:51.180408+00:00,
DNUT,DNUT,success,755,2026-03-16 13:30:00+00:00,2026-06-05 20:00:00+00:00,America/New_York,2026-06-07 10:35:51.251959+00:00,
BCSS,BCSS,success,214,2026-03-17 18:00:00+00:00,2026-06-04 19:30:00+00:00,America/New_York,2026-06-07 10:35:51.303895+00:00,
AMSF,AMSF,success,755,2026-03-16 13:30:00+00:00,2026-06-05 20:00:00+00:00,America/New_York,2026-06-07 10:35:51.328936+00:00,
CSV,CSV,success,736,2026-03-16 13:30:00+00:00,2026-06-05 20:00:00+00:00,America/New_York,2026-06-07 10:35:51.410654+00:00,
KE,KE,success,751,2026-03-16 13:30:00+00:00,2026-06-05 20:00:00+00:00,America/New_York,2026-06-07 10:35:51.353498+00:00,
EH,EH,success,755,2026-03-16 13:30:00+00:00,2026-06-05 20:00:00+00:00,America/New_York,2026-06-07 10:35:51.377045+00:00,
MAX,MAX,success,755,2026-03-16 13:30:00+00:00,2026-06-05 20:00:00+00:00,America/New_York,2026-06-07 10:35:51.454808+00:00,
MOV,MOV,success,754,2026-03-16 13:30:00+00:00,2026-06-05 20:00:00+00:00,America/New_York,2026-06-07 10:35:51.488060+00:00,
IHRT,IHRT,success,755,2026-03-16 13:30:00+00:00,2026-06-05 20:00:00+00:00,America/New_York,2026-06-07 10:35:51.536019+00:00,
PACK,PACK,success,755,2026-03-16 13:30:00+00:00,2026-06-05 20:00:00+00:00,America/New_York,2026-06-07 10:35:51.728159+00:00,
BWAY,BWAY,success,754,2026-03-16 13:30:00+00:00,2026-06-05 20:00:00+00:00,America/New_York,2026-06-07 10:35:51.663131+00:00,
SERV,SERV,success,755,2026-03-16 13:30:00+00:00,2026-06-05 20:00:00+00:00,America/New_York,2026-06-07 10:35:51.772322+00:00,
ASIX,ASIX,success,755,2026-03-16 13:30:00+00:00,2026-06-05 20:00:00+00:00,America/New_York,2026-06-07 10:35:51.772322+00:00,
DDI,DDI,success,669,2026-03-16 13:30:00+00:00,2026-06-05 20:00:00+00:00,America/New_York,2026-06-07 10:35:51.825544+00:00,
PHR,PHR,success,755,2026-03-16 13:30:00+00:00,2026-06-05 20:00:00+00:00,America/New_York,2026-06-07 10:35:51.895553+00:00,
ILPT,ILPT,success,755,2026-03-16 13:30:00+00:00,2026-06-05 20:00:00+00:00,America/New_York,2026-06-07 10:35:51.919607+00:00,
FET,FET,success,755,2026-03-16 13:30:00+00:00,2026-06-05 20:00:00+00:00,America/New_York,2026-06-07 10:35:51.960879+00:00,
UHT,UHT,success,733,2026-03-16 13:30:00+00:00,2026-06-05 20:00:00+00:00,America/New_York,2026-06-07 10:35:52.034417+00:00,
ACNB,ACNB,success,689,2026-03-16 13:30:00+00:00,2026-06-05 20:00:00+00:00,America/New_York,2026-06-07 10:35:52.164727+00:00,
TLRY,TLRY,success,755,2026-03-16 13:30:00+00:00,2026-06-05 20:00:00+00:00,America/New_York,2026-06-07 10:35:51.983567+00:00,
TATT,TATT,success,755,2026-03-16 13:30:00+00:00,2026-06-05 20:00:00+00:00,America/New_York,2026-06-07 10:35:52.129638+00:00,
BWMN,BWMN,success,744,2026-03-16 13:30:00+00:00,2026-06-05 20:00:00+00:00,America/New_York,2026-06-07 10:35:52.245429+00:00,
KRT,KRT,success,744,2026-03-16 13:30:00+00:00,2026-06-05 20:00:00+00:00,America/New_York,2026-06-07 10:35:52.215003+00:00,
CEPF,CEPF,success,249,2026-03-16 13:30:00+00:00,2026-06-05 20:00:00+00:00,America/New_York,2026-06-07 10:35:52.326697+00:00,
TCMD,TCMD,success,755,2026-03-16 13:30:00+00:00,2026-06-05 20:00:00+00:00,America/New_York,2026-06-07 10:35:52.383222+00:00,
MLAB,MLAB,success,744,2026-03-16 13:30:00+00:00,2026-06-05 20:00:00+00:00,America/New_York,2026-06-07 10:35:52.326697+00:00,
HELE,HELE,success,755,2026-03-16 13:30:00+00:00,2026-06-05 20:00:00+00:00,America/New_York,2026-06-07 10:35:52.418339+00:00,
LEGH,LEGH,success,733,2026-03-16 13:30:00+00:00,2026-06-05 20:00:00+00:00,America/New_York,2026-06-07 10:35:52.284011+00:00,
AGCC,AGCC,success,574,2026-03-16 13:30:00+00:00,2026-06-05 20:00:00+00:00,America/New_York,2026-06-07 10:35:52.486309+00:00,
IMMX,IMMX,success,755,2026-03-16 13:30:00+00:00,2026-06-05 20:00:00+00:00,America/New_York,2026-06-07 10:35:52.449703+00:00,
AEXA,AEXA,success,688,2026-03-16 13:30:00+00:00,2026-06-05 20:00:00+00:00,America/New_York,2026-06-07 10:35:52.538526+00:00,
TOYO,TOYO,success,737,2026-03-16 13:30:00+00:00,2026-06-05 20:00:00+00:00,America/New_York,2026-06-07 10:35:52.585969+00:00,
MSIF,MSIF,success,755,2026-03-16 13:30:00+00:00,2026-06-05 20:00:00+00:00,America/New_York,2026-06-07 10:35:52.623086+00:00,
MDXG,MDXG,success,755,2026-03-16 13:30:00+00:00,2026-06-05 20:00:00+00:00,America/New_York,2026-06-07 10:35:52.700847+00:00,
GDYN,GDYN,success,755,2026-03-16 13:30:00+00:00,2026-06-05 20:00:00+00:00,America/New_York,2026-06-07 10:35:52.773544+00:00,
MG,MG,success,755,2026-03-16 13:30:00+00:00,2026-06-05 20:00:00+00:00,America/New_York,2026-06-07 10:35:52.737008+00:00,
CLDT,CLDT,success,754,2026-03-16 13:30:00+00:00,2026-06-05 20:00:00+00:00,America/New_York,2026-06-07 10:35:52.809426+00:00,
PAR,PAR,success,755,2026-03-16 13:30:00+00:00,2026-06-05 20:00:00+00:00,America/New_York,2026-06-07 10:35:52.839981+00:00,
UNTY,UNTY,success,603,2026-03-16 13:30:00+00:00,2026-06-05 20:00:00+00:00,America/New_York,2026-06-07 10:35:52.881229+00:00,
BDN,BDN,success,755,2026-03-16 13:30:00+00:00,2026-06-05 20:00:00+00:00,America/New_York,2026-06-07 10:35:52.904857+00:00,
KRUS,KRUS,success,755,2026-03-16 13:30:00+00:00,2026-06-05 20:00:00+00:00,America/New_York,2026-06-07 10:35:52.938940+00:00,
EGY,EGY,success,755,2026-03-16 13:30:00+00:00,2026-06-05 20:00:00+00:00,America/New_York,2026-06-07 10:35:53.029355+00:00,
IIIN,IIIN,success,754,2026-03-16 13:30:00+00:00,2026-06-05 20:00:00+00:00,America/New_York,2026-06-07 10:35:52.984095+00:00,
FPH,FPH,success,754,2026-03-16 13:30:00+00:00,2026-06-05 20:00:00+00:00,America/New_York,2026-06-07 10:35:53.066471+00:00,
IIIV,IIIV,success,754,2026-03-16 13:30:00+00:00,2026-06-05 20:00:00+00:00,America/New_York,2026-06-07 10:35:53.067476+00:00,
NRIM,NRIM,success,752,2026-03-16 13:30:00+00:00,2026-06-05 20:00:00+00:00,America/New_York,2026-06-07 10:35:53.229778+00:00,
WTI,WTI,success,755,2026-03-16 13:30:00+00:00,2026-06-05 20:00:00+00:00,America/New_York,2026-06-07 10:35:53.179974+00:00,
SFST,SFST,success,716,2026-03-16 13:30:00+00:00,2026-06-05 20:00:00+00:00,America/New_York,2026-06-07 10:35:53.180968+00:00,
ODD,ODD,success,755,2026-03-16 13:30:00+00:00,2026-06-05 20:00:00+00:00,America/New_York,2026-06-07 10:35:53.276388+00:00,
CIVB,CIVB,success,727,2026-03-16 13:30:00+00:00,2026-06-05 20:00:00+00:00,America/New_York,2026-06-07 10:35:53.314043+00:00,
MRAM,MRAM,success,755,2026-03-16 13:30:00+00:00,2026-06-05 20:00:00+00:00,America/New_York,2026-06-07 10:35:53.327505+00:00,
SD,SD,success,755,2026-03-16 13:30:00+00:00,2026-06-05 20:00:00+00:00,America/New_York,2026-06-07 10:35:53.426728+00:00,
BTGO,BTGO,success,755,2026-03-16 13:30:00+00:00,2026-06-05 20:00:00+00:00,America/New_York,2026-06-07 10:35:53.399662+00:00,
PRME,PRME,success,755,2026-03-16 13:30:00+00:00,2026-06-05 20:00:00+00:00,America/New_York,2026-06-07 10:35:53.371380+00:00,
CLFD,CLFD,success,755,2026-03-16 13:30:00+00:00,2026-06-05 20:00:00+00:00,America/New_York,2026-06-07 10:35:53.524812+00:00,
FLGT,FLGT,success,755,2026-03-16 13:30:00+00:00,2026-06-05 20:00:00+00:00,America/New_York,2026-06-07 10:35:53.574071+00:00,
TECX,TECX,success,755,2026-03-16 13:30:00+00:00,2026-06-05 20:00:00+00:00,America/New_York,2026-06-07 10:35:53.643856+00:00,
RYAM,RYAM,success,755,2026-03-16 13:30:00+00:00,2026-06-05 20:00:00+00:00,America/New_York,2026-06-07 10:35:53.725301+00:00,
ORN,ORN,success,755,2026-03-16 13:30:00+00:00,2026-06-05 20:00:00+00:00,America/New_York,2026-06-07 10:35:53.820305+00:00,
TITN,TITN,success,752,2026-03-16 13:30:00+00:00,2026-06-05 20:00:00+00:00,America/New_York,2026-06-07 10:35:53.763514+00:00,
MLR,MLR,success,731,2026-03-16 13:30:00+00:00,2026-06-05 20:00:00+00:00,America/New_York,2026-06-07 10:35:53.689203+00:00,
CBNK,CBNK,success,669,2026-03-16 13:30:00+00:00,2026-06-05 20:00:00+00:00,America/New_York,2026-06-07 10:35:53.793620+00:00,
IRWD,IRWD,success,755,2026-03-16 13:30:00+00:00,2026-06-05 20:00:00+00:00,America/New_York,2026-06-07 10:35:53.908662+00:00,
DNA,DNA,success,755,2026-03-16 13:30:00+00:00,2026-06-05 20:00:00+00:00,America/New_York,2026-06-07 10:35:53.955862+00:00,
MCFT,MCFT,success,754,2026-03-16 13:30:00+00:00,2026-06-05 20:00:00+00:00,America/New_York,2026-06-07 10:35:54.012188+00:00,
RIGL,RIGL,success,755,2026-03-16 13:30:00+00:00,2026-06-05 20:00:00+00:00,America/New_York,2026-06-07 10:35:54.140756+00:00,
VLGEA,VLGEA,success,714,2026-03-16 13:30:00+00:00,2026-06-05 20:00:00+00:00,America/New_York,2026-06-07 10:35:54.181067+00:00,
PUBM,PUBM,success,755,2026-03-16 13:30:00+00:00,2026-06-05 20:00:00+00:00,America/New_York,2026-06-07 10:35:54.132757+00:00,
NRDS,NRDS,success,755,2026-03-16 13:30:00+00:00,2026-06-05 20:00:00+00:00,America/New_York,2026-06-07 10:35:54.229239+00:00,
BSRR,BSRR,success,637,2026-03-16 13:30:00+00:00,2026-06-05 20:00:00+00:00,America/New_York,2026-06-07 10:35:54.256800+00:00,
KRNY,KRNY,success,754,2026-03-16 13:30:00+00:00,2026-06-05 20:00:00+00:00,America/New_York,2026-06-07 10:35:54.083395+00:00,
BWB,BWB,success,698,2026-03-16 13:30:00+00:00,2026-06-05 20:00:00+00:00,America/New_York,2026-06-07 10:35:54.288975+00:00,
CRD.A,CRD-A,success,689,2026-03-16 13:30:00+00:00,2026-06-05 20:00:00+00:00,America/New_York,2026-06-07 10:35:54.365053+00:00,
OSPN,OSPN,success,755,2026-03-16 13:30:00+00:00,2026-06-05 20:00:00+00:00,America/New_York,2026-06-07 10:35:54.330574+00:00,
GLRE,GLRE,success,755,2026-03-16 13:30:00+00:00,2026-06-05 20:00:00+00:00,America/New_York,2026-06-07 10:35:54.499887+00:00,
NPCE,NPCE,success,755,2026-03-16 13:30:00+00:00,2026-06-05 20:00:00+00:00,America/New_York,2026-06-07 10:35:54.453200+00:00,
CABA,CABA,success,755,2026-03-16 13:30:00+00:00,2026-06-05 20:00:00+00:00,America/New_York,2026-06-07 10:35:54.476754+00:00,
ACHV,ACHV,success,755,2026-03-16 13:30:00+00:00,2026-06-05 20:00:00+00:00,America/New_York,2026-06-07 10:35:54.642261+00:00,
CINT,CINT,success,741,2026-03-16 13:30:00+00:00,2026-06-05 20:00:00+00:00,America/New_York,2026-06-07 10:35:54.579981+00:00,
BBCP,BBCP,success,732,2026-03-16 13:30:00+00:00,2026-06-05 20:00:00+00:00,America/New_York,2026-06-07 10:35:54.580983+00:00,
FVR,FVR,success,736,2026-03-16 13:30:00+00:00,2026-06-05 20:00:00+00:00,America/New_York,2026-06-07 10:35:54.734832+00:00,
ETD,ETD,success,755,2026-03-16 13:30:00+00:00,2026-06-05 20:00:00+00:00,America/New_York,2026-06-07 10:35:54.711039+00:00,
XRN,XRN,success,749,2026-03-16 13:30:00+00:00,2026-06-05 20:00:00+00:00,America/New_York,2026-06-07 10:35:54.816507+00:00,
VALN,VALN,success,610,2026-03-16 13:30:00+00:00,2026-06-05 20:00:00+00:00,America/New_York,2026-06-07 10:35:54.787923+00:00,
EBF,EBF,success,753,2026-03-16 13:30:00+00:00,2026-06-05 20:00:00+00:00,America/New_York,2026-06-07 10:35:54.873615+00:00,
XMAX,XMAX,success,183,2026-05-18 13:30:00+00:00,2026-06-05 20:00:00+00:00,America/New_York,2026-06-07 10:35:55.015779+00:00,
ZSQR,ZSQR,success,372,2026-04-27 16:00:00+00:00,2026-06-05 20:00:00+00:00,America/New_York,2026-06-07 10:35:54.949571+00:00,
ASTL,ASTL,success,755,2026-03-16 13:30:00+00:00,2026-06-05 20:00:00+00:00,America/New_York,2026-06-07 10:35:55.082318+00:00,
OLP,OLP,success,741,2026-03-16 13:30:00+00:00,2026-06-05 20:00:00+00:00,America/New_York,2026-06-07 10:35:54.949571+00:00,
CPS,CPS,success,755,2026-03-16 13:30:00+00:00,2026-06-05 20:00:00+00:00,America/New_York,2026-06-07 10:35:55.254844+00:00,
TRC,TRC,success,746,2026-03-16 13:30:00+00:00,2026-06-05 20:00:00+00:00,America/New_York,2026-06-07 10:35:55.192946+00:00,
CTKB,CTKB,success,755,2026-03-16 13:30:00+00:00,2026-06-05 20:00:00+00:00,America/New_York,2026-06-07 10:35:55.169689+00:00,
ELMT,ELMT,success,402,2026-04-23 13:30:00+00:00,2026-06-05 20:00:00+00:00,America/New_York,2026-06-07 10:35:55.377003+00:00,
CARS,CARS,success,755,2026-03-16 13:30:00+00:00,2026-06-05 20:00:00+00:00,America/New_York,2026-06-07 10:35:55.329808+00:00,
TASK,TASK,success,755,2026-03-16 13:30:00+00:00,2026-06-05 20:00:00+00:00,America/New_York,2026-06-07 10:35:55.377003+00:00,
HBCP,HBCP,success,716,2026-03-16 13:30:00+00:00,2026-06-05 20:00:00+00:00,America/New_York,2026-06-07 10:35:55.480418+00:00,
AIOT,AIOT,success,755,2026-03-16 13:30:00+00:00,2026-06-05 20:00:00+00:00,America/New_York,2026-06-07 10:35:55.480418+00:00,
NWAX,NWAX,success,387,2026-03-16 13:30:00+00:00,2026-06-05 20:00:00+00:00,America/New_York,2026-06-07 10:35:55.565013+00:00,
BMM,BMM,success,712,2026-03-16 13:30:00+00:00,2026-06-05 20:00:00+00:00,America/New_York,2026-06-07 10:35:55.541928+00:00,
MBUU,MBUU,success,755,2026-03-16 13:30:00+00:00,2026-06-05 20:00:00+00:00,America/New_York,2026-06-07 10:35:55.593246+00:00,
OWLS,OWLS,success,549,2026-03-16 13:30:00+00:00,2026-06-05 20:00:00+00:00,America/New_York,2026-06-07 10:35:55.696790+00:00,
ADV,ADV,success,731,2026-03-16 13:30:00+00:00,2026-06-05 20:00:00+00:00,America/New_York,2026-06-07 10:35:55.645869+00:00,
IDR,IDR,success,755,2026-03-16 13:30:00+00:00,2026-06-05 20:00:00+00:00,America/New_York,2026-06-07 10:35:55.782334+00:00,
CTGO,CTGO,success,755,2026-03-16 13:30:00+00:00,2026-06-05 20:00:00+00:00,America/New_York,2026-06-07 10:35:55.865206+00:00,
ACIC,ACIC,success,755,2026-03-16 13:30:00+00:00,2026-06-05 20:00:00+00:00,America/New_York,2026-06-07 10:35:55.891290+00:00,
NGS,NGS,success,753,2026-03-16 13:30:00+00:00,2026-06-05 20:00:00+00:00,America/New_York,2026-06-07 10:35:56.010146+00:00,
GOGO,GOGO,success,755,2026-03-16 13:30:00+00:00,2026-06-05 20:00:00+00:00,America/New_York,2026-06-07 10:35:55.928401+00:00,
SRTA,SRTA,success,755,2026-03-16 13:30:00+00:00,2026-06-05 20:00:00+00:00,America/New_York,2026-06-07 10:35:55.982784+00:00,
CHCT,CHCT,success,755,2026-03-16 13:30:00+00:00,2026-06-05 20:00:00+00:00,America/New_York,2026-06-07 10:35:56.036196+00:00,
CBIO,CBIO,success,753,2026-03-16 13:30:00+00:00,2026-06-05 20:00:00+00:00,America/New_York,2026-06-07 10:35:56.037702+00:00,
NVEC,NVEC,success,698,2026-03-16 13:30:00+00:00,2026-06-05 20:00:00+00:00,America/New_York,2026-06-07 10:35:56.145827+00:00,
RPD,RPD,success,755,2026-03-16 13:30:00+00:00,2026-06-05 20:00:00+00:00,America/New_York,2026-06-07 10:35:56.109254+00:00,
ANGO,ANGO,success,755,2026-03-16 13:30:00+00:00,2026-06-05 20:00:00+00:00,America/New_York,2026-06-07 10:35:56.230940+00:00,
GEMI,GEMI,success,755,2026-03-16 13:30:00+00:00,2026-06-05 20:00:00+00:00,America/New_York,2026-06-07 10:35:56.370874+00:00,
OIS,OIS,success,755,2026-03-16 13:30:00+00:00,2026-06-05 20:00:00+00:00,America/New_York,2026-06-07 10:35:56.402011+00:00,
INV,INV,success,755,2026-03-16 13:30:00+00:00,2026-06-05 20:00:00+00:00,America/New_York,2026-06-07 10:35:56.285048+00:00,
FBIZ,FBIZ,success,558,2026-03-16 13:30:00+00:00,2026-06-05 20:00:00+00:00,America/New_York,2026-06-07 10:35:56.597363+00:00,
TREE,TREE,success,755,2026-03-16 13:30:00+00:00,2026-06-05 20:00:00+00:00,America/New_York,2026-06-07 10:35:56.466968+00:00,
EIKN,EIKN,success,753,2026-03-16 13:30:00+00:00,2026-06-05 20:00:00+00:00,America/New_York,2026-06-07 10:35:56.594368+00:00,
ELVA,ELVA,success,754,2026-03-16 13:30:00+00:00,2026-06-05 20:00:00+00:00,America/New_York,2026-06-07 10:35:56.519781+00:00,
FIP,FIP,success,755,2026-03-16 13:30:00+00:00,2026-06-05 20:00:00+00:00,America/New_York,2026-06-07 10:35:56.729825+00:00,
AGMB,AGMB,success,715,2026-03-16 13:30:00+00:00,2026-06-05 20:00:00+00:00,America/New_York,2026-06-07 10:35:56.783195+00:00,
YORW,YORW,success,755,2026-03-16 13:30:00+00:00,2026-06-05 20:00:00+00:00,America/New_York,2026-06-07 10:35:56.760553+00:00,
NUAI,NUAI,success,755,2026-03-16 13:30:00+00:00,2026-06-05 20:00:00+00:00,America/New_York,2026-06-07 10:35:56.784196+00:00,
TOI,TOI,success,755,2026-03-16 13:30:00+00:00,2026-06-05 20:00:00+00:00,America/New_York,2026-06-07 10:35:56.860185+00:00,
CWCO,CWCO,success,754,2026-03-16 13:30:00+00:00,2026-06-05 20:00:00+00:00,America/New_York,2026-06-07 10:35:56.861187+00:00,
PRTH,PRTH,success,754,2026-03-16 13:30:00+00:00,2026-06-05 20:00:00+00:00,America/New_York,2026-06-07 10:35:56.980507+00:00,
ARVN,ARVN,success,752,2026-03-16 13:30:00+00:00,2026-06-05 20:00:00+00:00,America/New_York,2026-06-07 10:35:56.953308+00:00,
AQST,AQST,success,755,2026-03-16 13:30:00+00:00,2026-06-05 20:00:00+00:00,America/New_York,2026-06-07 10:35:57.060250+00:00,
COFS,COFS,success,711,2026-03-16 13:30:00+00:00,2026-06-05 20:00:00+00:00,America/New_York,2026-06-07 10:35:57.029100+00:00,
GRRR,GRRR,success,755,2026-03-16 13:30:00+00:00,2026-06-05 20:00:00+00:00,America/New_York,2026-06-07 10:35:57.205033+00:00,
BETR,BETR,success,755,2026-03-16 13:30:00+00:00,2026-06-05 20:00:00+00:00,America/New_York,2026-06-07 10:35:57.148766+00:00,
NEXN,NEXN,success,755,2026-03-16 13:30:00+00:00,2026-06-05 20:00:00+00:00,America/New_York,2026-06-07 10:35:57.112673+00:00,
PRTA,PRTA,success,755,2026-03-16 13:30:00+00:00,2026-06-05 20:00:00+00:00,America/New_York,2026-06-07 10:35:57.227539+00:00,
VELO,VELO,success,755,2026-03-16 13:30:00+00:00,2026-06-05 20:00:00+00:00,America/New_York,2026-06-07 10:35:57.272219+00:00,
OOMA,OOMA,success,755,2026-03-16 13:30:00+00:00,2026-06-05 20:00:00+00:00,America/New_York,2026-06-07 10:35:57.271220+00:00,
UROY,UROY,success,755,2026-03-16 13:30:00+00:00,2026-06-05 20:00:00+00:00,America/New_York,2026-06-07 10:35:57.354443+00:00,
EVH,EVH,success,755,2026-03-16 13:30:00+00:00,2026-06-05 20:00:00+00:00,America/New_York,2026-06-07 10:35:57.416292+00:00,
GCBC,GCBC,success,348,2026-03-16 13:30:00+00:00,2026-06-05 20:00:00+00:00,America/New_York,2026-06-07 10:35:57.471045+00:00,
ADUR,ADUR,success,755,2026-03-16 13:30:00+00:00,2026-06-05 20:00:00+00:00,America/New_York,2026-06-07 10:35:57.470041+00:00,
OBT,OBT,success,635,2026-03-16 13:30:00+00:00,2026-06-05 20:00:00+00:00,America/New_York,2026-06-07 10:35:57.615265+00:00,
WILC,WILC,success,154,2026-03-16 13:30:00+00:00,2026-06-05 20:00:00+00:00,America/New_York,2026-06-07 10:35:57.665285+00:00,
PANL,PANL,success,755,2026-03-16 13:30:00+00:00,2026-06-05 20:00:00+00:00,America/New_York,2026-06-07 10:35:57.581258+00:00,
KLC,KLC,success,755,2026-03-16 13:30:00+00:00,2026-06-05 20:00:00+00:00,America/New_York,2026-06-07 10:35:57.643817+00:00,
TWI,TWI,success,755,2026-03-16 13:30:00+00:00,2026-06-05 20:00:00+00:00,America/New_York,2026-06-07 10:35:57.707121+00:00,
IPI,IPI,success,755,2026-03-16 13:30:00+00:00,2026-06-05 20:00:00+00:00,America/New_York,2026-06-07 10:35:57.707121+00:00,
ESEA,ESEA,success,708,2026-03-16 13:30:00+00:00,2026-06-05 20:00:00+00:00,America/New_York,2026-06-07 10:35:57.771876+00:00,
JOUT,JOUT,success,719,2026-03-16 13:30:00+00:00,2026-06-05 20:00:00+00:00,America/New_York,2026-06-07 10:35:57.835351+00:00,
APXT,APXT,success,120,2026-03-16 14:00:00+00:00,2026-06-05 20:00:00+00:00,America/New_York,2026-06-07 10:35:57.884431+00:00,
PKOH,PKOH,success,601,2026-03-16 13:30:00+00:00,2026-06-05 20:00:00+00:00,America/New_York,2026-06-07 10:35:57.912694+00:00,
ASPN,ASPN,success,755,2026-03-16 13:30:00+00:00,2026-06-05 20:00:00+00:00,America/New_York,2026-06-07 10:35:57.804596+00:00,
CRNC,CRNC,success,755,2026-03-16 13:30:00+00:00,2026-06-05 20:00:00+00:00,America/New_York,2026-06-07 10:35:57.997915+00:00,
SSTK,SSTK,success,755,2026-03-16 13:30:00+00:00,2026-06-05 20:00:00+00:00,America/New_York,2026-06-07 10:35:57.949053+00:00,
ITIC,ITIC,success,514,2026-03-16 14:30:00+00:00,2026-06-05 20:00:00+00:00,America/New_York,2026-06-07 10:35:58.070201+00:00,
KIDS,KIDS,success,753,2026-03-16 13:30:00+00:00,2026-06-05 20:00:00+00:00,America/New_York,2026-06-07 10:35:58.023070+00:00,
ULH,ULH,success,703,2026-03-16 13:30:00+00:00,2026-06-05 20:00:00+00:00,America/New_York,2026-06-07 10:35:58.162480+00:00,
OPTX,OPTX,success,755,2026-03-16 13:30:00+00:00,2026-06-05 20:00:00+00:00,America/New_York,2026-06-07 10:35:58.163513+00:00,
ASMB,ASMB,success,740,2026-03-16 13:30:00+00:00,2026-06-05 20:00:00+00:00,America/New_York,2026-06-07 10:35:58.139409+00:00,
PDLB,PDLB,success,652,2026-03-16 13:30:00+00:00,2026-06-05 20:00:00+00:00,America/New_York,2026-06-07 10:35:58.093322+00:00,
KYTX,KYTX,success,755,2026-03-16 13:30:00+00:00,2026-06-05 20:00:00+00:00,America/New_York,2026-06-07 10:35:58.237517+00:00,
LXFR,LXFR,success,755,2026-03-16 13:30:00+00:00,2026-06-05 20:00:00+00:00,America/New_York,2026-06-07 10:35:58.259943+00:00,
FRPH,FRPH,success,707,2026-03-16 13:30:00+00:00,2026-06-05 20:00:00+00:00,America/New_York,2026-06-07 10:35:58.346222+00:00,
API,API,success,755,2026-03-16 13:30:00+00:00,2026-06-05 20:00:00+00:00,America/New_York,2026-06-07 10:35:58.368744+00:00,
VITL,VITL,success,755,2026-03-16 13:30:00+00:00,2026-06-05 20:00:00+00:00,America/New_York,2026-06-07 10:35:58.402919+00:00,
BBW,BBW,success,755,2026-03-16 13:30:00+00:00,2026-06-05 20:00:00+00:00,America/New_York,2026-06-07 10:35:58.439236+00:00,
GTN,GTN,success,755,2026-03-16 13:30:00+00:00,2026-06-05 20:00:00+00:00,America/New_York,2026-06-07 10:35:58.439236+00:00,
KREF,KREF,success,755,2026-03-16 13:30:00+00:00,2026-06-05 20:00:00+00:00,America/New_York,2026-06-07 10:35:58.557707+00:00,
ACTG,ACTG,success,753,2026-03-16 13:30:00+00:00,2026-06-05 20:00:00+00:00,America/New_York,2026-06-07 10:35:58.608420+00:00,
BLZE,BLZE,success,755,2026-03-16 13:30:00+00:00,2026-06-05 20:00:00+00:00,America/New_York,2026-06-07 10:35:58.497463+00:00,
SCVL,SCVL,success,755,2026-03-16 13:30:00+00:00,2026-06-05 20:00:00+00:00,America/New_York,2026-06-07 10:35:58.583292+00:00,
KBON,KBON,success,103,2026-03-16 13:30:00+00:00,2026-06-03 19:00:00+00:00,America/New_York,2026-06-07 10:35:58.654858+00:00,
CTNM,CTNM,success,753,2026-03-16 13:30:00+00:00,2026-06-05 20:00:00+00:00,America/New_York,2026-06-07 10:35:58.685712+00:00,
FPI,FPI,success,755,2026-03-16 13:30:00+00:00,2026-06-05 20:00:00+00:00,America/New_York,2026-06-07 10:35:58.710303+00:00,
SFIX,SFIX,success,755,2026-03-16 13:30:00+00:00,2026-06-05 20:00:00+00:00,America/New_York,2026-06-07 10:35:58.735868+00:00,
IMXI,IMXI,success,753,2026-03-16 13:30:00+00:00,2026-06-05 20:00:00+00:00,America/New_York,2026-06-07 10:35:58.768497+00:00,
SPCE,SPCE,success,755,2026-03-16 13:30:00+00:00,2026-06-05 20:00:00+00:00,America/New_York,2026-06-07 10:35:58.806257+00:00,
FDMT,FDMT,success,755,2026-03-16 13:30:00+00:00,2026-06-05 20:00:00+00:00,America/New_York,2026-06-07 10:35:58.846656+00:00,
KELYA,KELYA,success,755,2026-03-16 13:30:00+00:00,2026-06-05 20:00:00+00:00,America/New_York,2026-06-07 10:35:58.899375+00:00,
CLMB,CLMB,success,754,2026-03-16 13:30:00+00:00,2026-06-05 20:00:00+00:00,America/New_York,2026-06-07 10:35:58.870206+00:00,
CDRO,CDRO,success,435,2026-03-16 13:30:00+00:00,2026-06-05 20:00:00+00:00,America/New_York,2026-06-07 10:35:58.965677+00:00,
MBVI,MBVI,success,89,2026-03-17 14:00:00+00:00,2026-06-05 20:00:00+00:00,America/New_York,2026-06-07 10:35:59.093587+00:00,
WEAV,WEAV,success,755,2026-03-16 13:30:00+00:00,2026-06-05 20:00:00+00:00,America/New_York,2026-06-07 10:35:59.019067+00:00,
MNRO,MNRO,success,755,2026-03-16 13:30:00+00:00,2026-06-05 20:00:00+00:00,America/New_York,2026-06-07 10:35:59.162741+00:00,
STRZ,STRZ,success,749,2026-03-16 13:30:00+00:00,2026-06-05 20:00:00+00:00,America/New_York,2026-06-07 10:35:59.018067+00:00,
AIV,AIV,success,755,2026-03-16 13:30:00+00:00,2026-06-05 20:00:00+00:00,America/New_York,2026-06-07 10:35:59.128018+00:00,
MFI,MFI,success,225,2026-03-16 13:30:00+00:00,2026-06-05 20:00:00+00:00,America/New_York,2026-06-07 10:35:59.245308+00:00,
EOLS,EOLS,success,755,2026-03-16 13:30:00+00:00,2026-06-05 20:00:00+00:00,America/New_York,2026-06-07 10:35:59.247320+00:00,
GLAD,GLAD,success,754,2026-03-16 13:30:00+00:00,2026-06-05 20:00:00+00:00,America/New_York,2026-06-07 10:35:59.464396+00:00,
CCRN,CCRN,success,755,2026-03-16 13:30:00+00:00,2026-06-05 20:00:00+00:00,America/New_York,2026-06-07 10:35:59.544823+00:00,
NRC,NRC,success,739,2026-03-16 13:30:00+00:00,2026-06-05 20:00:00+00:00,America/New_York,2026-06-07 10:35:59.692812+00:00,
CBAN,CBAN,success,755,2026-03-16 13:30:00+00:00,2026-06-05 20:00:00+00:00,America/New_York,2026-06-07 10:35:59.728631+00:00,
DBCA,DBCA,success,117,2026-03-17 18:30:00+00:00,2026-06-05 20:00:00+00:00,America/New_York,2026-06-07 10:35:59.598691+00:00,
FSTR,FSTR,success,703,2026-03-16 13:30:00+00:00,2026-06-05 20:00:00+00:00,America/New_York,2026-06-07 10:35:59.658498+00:00,
BSVN,BSVN,success,351,2026-03-16 14:00:00+00:00,2026-06-05 20:00:00+00:00,America/New_York,2026-06-07 10:35:59.832066+00:00,
DCBO,DCBO,success,753,2026-03-16 13:30:00+00:00,2026-06-05 20:00:00+00:00,America/New_York,2026-06-07 10:35:59.764238+00:00,
BCAR,BCAR,success,633,2026-03-16 13:30:00+00:00,2026-06-05 20:00:00+00:00,America/New_York,2026-06-07 10:35:59.868714+00:00,
STRO,STRO,success,752,2026-03-16 13:30:00+00:00,2026-06-05 20:00:00+00:00,America/New_York,2026-06-07 10:35:59.890788+00:00,
MYGN,MYGN,success,755,2026-03-16 13:30:00+00:00,2026-06-05 20:00:00+00:00,America/New_York,2026-06-07 10:35:59.948675+00:00,
CTEV,CTEV,success,749,2026-03-16 13:30:00+00:00,2026-06-05 20:00:00+00:00,America/New_York,2026-06-07 10:36:00.030225+00:00,
CCCC,CCCC,success,755,2026-03-16 13:30:00+00:00,2026-06-05 20:00:00+00:00,America/New_York,2026-06-07 10:36:00.031224+00:00,
AMCX,AMCX,success,755,2026-03-16 13:30:00+00:00,2026-06-05 20:00:00+00:00,America/New_York,2026-06-07 10:36:00.116955+00:00,
VREX,VREX,success,755,2026-03-16 13:30:00+00:00,2026-06-05 20:00:00+00:00,America/New_York,2026-06-07 10:36:00.294434+00:00,
CD,CD,success,746,2026-03-16 13:30:00+00:00,2026-06-05 20:00:00+00:00,America/New_York,2026-06-07 10:36:00.221607+00:00,
ERII,ERII,success,755,2026-03-16 13:30:00+00:00,2026-06-05 20:00:00+00:00,America/New_York,2026-06-07 10:36:00.279916+00:00,
GBFH,GBFH,success,664,2026-03-16 13:30:00+00:00,2026-06-05 20:00:00+00:00,America/New_York,2026-06-07 10:36:00.347189+00:00,
BWFG,BWFG,success,565,2026-03-16 13:30:00+00:00,2026-06-05 20:00:00+00:00,America/New_York,2026-06-07 10:36:00.383826+00:00,
GCGRU,GCGRU,success,88,2026-04-30 13:30:00+00:00,2026-06-05 20:00:00+00:00,America/New_York,2026-06-07 10:36:00.506413+00:00,
BBBY,BBBY,success,755,2026-03-16 13:30:00+00:00,2026-06-05 20:00:00+00:00,America/New_York,2026-06-07 10:36:00.434340+00:00,
BOC,BOC,success,754,2026-03-16 13:30:00+00:00,2026-06-05 20:00:00+00:00,America/New_York,2026-06-07 10:36:00.505418+00:00,
CXIIU,CXIIU,success,93,2026-04-28 13:30:00+00:00,2026-06-05 20:00:00+00:00,America/New_York,2026-06-07 10:36:00.654981+00:00,
KMDA,KMDA,success,702,2026-03-16 13:30:00+00:00,2026-06-05 20:00:00+00:00,America/New_York,2026-06-07 10:36:00.590974+00:00,
MTW,MTW,success,755,2026-03-16 13:30:00+00:00,2026-06-05 20:00:00+00:00,America/New_York,2026-06-07 10:36:00.622133+00:00,
SPT,SPT,success,755,2026-03-16 13:30:00+00:00,2026-06-05 20:00:00+00:00,America/New_York,2026-06-07 10:36:00.682210+00:00,
MOBI,MOBI,success,243,2026-05-08 13:30:00+00:00,2026-06-05 20:00:00+00:00,America/New_York,2026-06-07 10:36:00.753871+00:00,
PBFS,PBFS,success,324,2026-03-16 14:00:00+00:00,2026-06-05 20:00:00+00:00,America/New_York,2026-06-07 10:36:00.815322+00:00,
ALTO,ALTO,success,755,2026-03-16 13:30:00+00:00,2026-06-05 20:00:00+00:00,America/New_York,2026-06-07 10:36:00.708246+00:00,
DBI,DBI,success,755,2026-03-16 13:30:00+00:00,2026-06-05 20:00:00+00:00,America/New_York,2026-06-07 10:36:00.754869+00:00,
BMRC,BMRC,success,743,2026-03-16 13:30:00+00:00,2026-06-05 20:00:00+00:00,America/New_York,2026-06-07 10:36:00.959069+00:00,
EBS,EBS,success,755,2026-03-16 13:30:00+00:00,2026-06-05 20:00:00+00:00,America/New_York,2026-06-07 10:36:00.987888+00:00,
CAL,CAL,success,755,2026-03-16 13:30:00+00:00,2026-06-05 20:00:00+00:00,America/New_York,2026-06-07 10:36:00.888301+00:00,
XRX,XRX,success,755,2026-03-16 13:30:00+00:00,2026-06-05 20:00:00+00:00,America/New_York,2026-06-07 10:36:01.088631+00:00,
NATH,NATH,success,481,2026-03-16 13:30:00+00:00,2026-06-05 20:00:00+00:00,America/New_York,2026-06-07 10:36:01.134956+00:00,
GLOO,GLOO,success,677,2026-03-16 13:30:00+00:00,2026-06-05 20:00:00+00:00,America/New_York,2026-06-07 10:36:01.222392+00:00,
INDP,INDP,success,574,2026-03-16 13:30:00+00:00,2026-06-05 20:00:00+00:00,America/New_York,2026-06-07 10:36:01.222392+00:00,
RBB,RBB,success,665,2026-03-16 13:30:00+00:00,2026-06-05 20:00:00+00:00,America/New_York,2026-06-07 10:36:01.390096+00:00,
SGMT,SGMT,success,755,2026-03-16 13:30:00+00:00,2026-06-05 20:00:00+00:00,America/New_York,2026-06-07 10:36:01.446006+00:00,
OSS,OSS,success,755,2026-03-16 13:30:00+00:00,2026-06-05 20:00:00+00:00,America/New_York,2026-06-07 10:36:01.539893+00:00,
NGNE,NGNE,success,749,2026-03-16 13:30:00+00:00,2026-06-05 20:00:00+00:00,America/New_York,2026-06-07 10:36:01.616984+00:00,
LOCO,LOCO,success,755,2026-03-16 13:30:00+00:00,2026-06-05 20:00:00+00:00,America/New_York,2026-06-07 10:36:01.443005+00:00,
CGCT,CGCT,success,522,2026-03-16 13:30:00+00:00,2026-06-05 20:00:00+00:00,America/New_York,2026-06-07 10:36:01.711732+00:00,
ROMA,ROMA,success,613,2026-03-16 13:30:00+00:00,2026-06-05 20:00:00+00:00,America/New_York,2026-06-07 10:36:01.614983+00:00,
GCO,GCO,success,754,2026-03-16 13:30:00+00:00,2026-06-05 20:00:00+00:00,America/New_York,2026-06-07 10:36:01.683777+00:00,
OFIX,OFIX,success,755,2026-03-16 13:30:00+00:00,2026-06-05 20:00:00+00:00,America/New_York,2026-06-07 10:36:01.833361+00:00,
CCAP,CCAP,success,755,2026-03-16 13:30:00+00:00,2026-06-05 20:00:00+00:00,America/New_York,2026-06-07 10:36:01.768913+00:00,
WTBA,WTBA,success,602,2026-03-16 13:30:00+00:00,2026-06-05 20:00:00+00:00,America/New_York,2026-06-07 10:36:01.795081+00:00,
CBK,CBK,success,633,2026-03-16 13:30:00+00:00,2026-06-05 20:00:00+00:00,America/New_York,2026-06-07 10:36:01.936063+00:00,
GRVY,GRVY,success,596,2026-03-16 14:00:00+00:00,2026-06-05 20:00:00+00:00,America/New_York,2026-06-07 10:36:02.046326+00:00,
MATV,MATV,success,755,2026-03-16 13:30:00+00:00,2026-06-05 20:00:00+00:00,America/New_York,2026-06-07 10:36:02.012238+00:00,
RZLT,RZLT,success,755,2026-03-16 13:30:00+00:00,2026-06-05 20:00:00+00:00,America/New_York,2026-06-07 10:36:01.957094+00:00,
ABAT,ABAT,success,755,2026-03-16 13:30:00+00:00,2026-06-05 20:00:00+00:00,America/New_York,2026-06-07 10:36:02.104898+00:00,
BBCQ,BBCQ,success,561,2026-03-16 13:30:00+00:00,2026-06-05 20:00:00+00:00,America/New_York,2026-06-07 10:36:02.130955+00:00,
MEI,MEI,success,755,2026-03-16 13:30:00+00:00,2026-06-05 20:00:00+00:00,America/New_York,2026-06-07 10:36:02.188087+00:00,
FRBA,FRBA,success,685,2026-03-16 13:30:00+00:00,2026-06-05 20:00:00+00:00,America/New_York,2026-06-07 10:36:02.271918+00:00,
RLGT,RLGT,success,755,2026-03-16 13:30:00+00:00,2026-06-05 20:00:00+00:00,America/New_York,2026-06-07 10:36:02.220165+00:00,
VHI,VHI,success,458,2026-03-16 13:30:00+00:00,2026-06-05 20:00:00+00:00,America/New_York,2026-06-07 10:36:02.331526+00:00,
IBEX,IBEX,success,753,2026-03-16 13:30:00+00:00,2026-06-05 20:00:00+00:00,America/New_York,2026-06-07 10:36:02.331526+00:00,
CMDB,CMDB,success,666,2026-03-16 13:30:00+00:00,2026-06-05 20:00:00+00:00,America/New_York,2026-06-07 10:36:02.400521+00:00,
ISTR,ISTR,success,751,2026-03-16 13:30:00+00:00,2026-06-05 20:00:00+00:00,America/New_York,2026-06-07 10:36:02.444906+00:00,
MAGN,MAGN,success,755,2026-03-16 13:30:00+00:00,2026-06-05 20:00:00+00:00,America/New_York,2026-06-07 10:36:02.445905+00:00,
LSAK,LSAK,success,700,2026-03-16 13:30:00+00:00,2026-06-05 20:00:00+00:00,America/New_York,2026-06-07 10:36:02.568362+00:00,
CVEO,CVEO,success,699,2026-03-16 13:30:00+00:00,2026-06-05 20:00:00+00:00,America/New_York,2026-06-07 10:36:02.554839+00:00,
MNPR,MNPR,success,746,2026-03-16 13:30:00+00:00,2026-06-05 20:00:00+00:00,America/New_York,2026-06-07 10:36:02.670076+00:00,
ANL,ANL,success,745,2026-03-16 13:30:00+00:00,2026-06-05 20:00:00+00:00,America/New_York,2026-06-07 10:36:02.618815+00:00,
NC,NC,success,419,2026-03-16 13:30:00+00:00,2026-06-05 20:00:00+00:00,America/New_York,2026-06-07 10:36:02.786903+00:00,
CCIX,CCIX,success,327,2026-03-16 13:30:00+00:00,2026-06-05 20:00:00+00:00,America/New_York,2026-06-07 10:36:02.816095+00:00,
NPAC,NPAC,success,162,2026-03-16 13:30:00+00:00,2026-06-05 20:00:00+00:00,America/New_York,2026-06-07 10:36:02.763829+00:00,
ALMU,ALMU,success,755,2026-03-16 13:30:00+00:00,2026-06-05 20:00:00+00:00,America/New_York,2026-06-07 10:36:02.725249+00:00,
EPRX,EPRX,success,726,2026-03-16 13:30:00+00:00,2026-06-05 20:00:00+00:00,America/New_York,2026-06-07 10:36:02.880383+00:00,
BXC,BXC,success,749,2026-03-16 13:30:00+00:00,2026-06-05 20:00:00+00:00,America/New_York,2026-06-07 10:36:02.879383+00:00,
TBRG,TBRG,success,753,2026-03-16 13:30:00+00:00,2026-06-05 20:00:00+00:00,America/New_York,2026-06-07 10:36:03.019908+00:00,
TACO,TACO,success,302,2026-03-16 17:00:00+00:00,2026-06-05 20:00:00+00:00,America/New_York,2026-06-07 10:36:03.042530+00:00,
YEXT,YEXT,success,755,2026-03-16 13:30:00+00:00,2026-06-05 20:00:00+00:00,America/New_York,2026-06-07 10:36:03.068623+00:00,
ATNI,ATNI,success,725,2026-03-16 13:30:00+00:00,2026-06-05 20:00:00+00:00,America/New_York,2026-06-07 10:36:02.995316+00:00,
MBAV,MBAV,success,167,2026-03-16 15:30:00+00:00,2026-06-05 20:00:00+00:00,America/New_York,2026-06-07 10:36:03.176768+00:00,
NOA,NOA,success,749,2026-03-16 13:30:00+00:00,2026-06-05 20:00:00+00:00,America/New_York,2026-06-07 10:36:03.105265+00:00,
RDAG,RDAG,success,111,2026-03-17 15:30:00+00:00,2026-06-05 20:00:00+00:00,America/New_York,2026-06-07 10:36:03.210393+00:00,
PLAY,PLAY,success,755,2026-03-16 13:30:00+00:00,2026-06-05 20:00:00+00:00,America/New_York,2026-06-07 10:36:03.104258+00:00,
WENN,WENN,success,107,2026-03-16 18:00:00+00:00,2026-06-05 20:00:00+00:00,America/New_York,2026-06-07 10:36:03.381563+00:00,
MTLS,MTLS,success,731,2026-03-16 13:30:00+00:00,2026-06-05 20:00:00+00:00,America/New_York,2026-06-07 10:36:03.351488+00:00,
AVBC,AVBC,success,676,2026-03-16 13:30:00+00:00,2026-06-05 20:00:00+00:00,America/New_York,2026-06-07 10:36:03.464468+00:00,
LZM,LZM,success,755,2026-03-16 13:30:00+00:00,2026-06-05 20:00:00+00:00,America/New_York,2026-06-07 10:36:03.423381+00:00,
REA,REA,success,282,2026-05-06 13:30:00+00:00,2026-06-05 20:00:00+00:00,America/New_York,2026-06-07 10:36:03.539113+00:00,
FMAO,FMAO,success,642,2026-03-16 13:30:00+00:00,2026-06-05 20:00:00+00:00,America/New_York,2026-06-07 10:36:03.507652+00:00,
CMCL,CMCL,success,755,2026-03-16 13:30:00+00:00,2026-06-05 20:00:00+00:00,America/New_York,2026-06-07 10:36:03.537826+00:00,
CLPT,CLPT,success,755,2026-03-16 13:30:00+00:00,2026-06-05 20:00:00+00:00,America/New_York,2026-06-07 10:36:03.688018+00:00,
LAND,LAND,success,755,2026-03-16 13:30:00+00:00,2026-06-05 20:00:00+00:00,America/New_York,2026-06-07 10:36:03.598424+00:00,
DIN,DIN,success,749,2026-03-16 13:30:00+00:00,2026-06-05 20:00:00+00:00,America/New_York,2026-06-07 10:36:03.666174+00:00,
GBLI,GBLI,success,141,2026-03-16 19:30:00+00:00,2026-06-05 20:00:00+00:00,America/New_York,2026-06-07 10:36:03.801761+00:00,
MPTI,MPTI,success,740,2026-03-16 13:30:00+00:00,2026-06-05 20:00:00+00:00,America/New_York,2026-06-07 10:36:03.871631+00:00,
MTRX,MTRX,success,755,2026-03-16 13:30:00+00:00,2026-06-05 20:00:00+00:00,America/New_York,2026-06-07 10:36:03.966003+00:00,
NEWT,NEWT,success,755,2026-03-16 13:30:00+00:00,2026-06-05 20:00:00+00:00,America/New_York,2026-06-07 10:36:03.868103+00:00,
RMNI,RMNI,success,754,2026-03-16 13:30:00+00:00,2026-06-05 20:00:00+00:00,America/New_York,2026-06-07 10:36:04.019298+00:00,
VMD,VMD,success,755,2026-03-16 13:30:00+00:00,2026-06-05 20:00:00+00:00,America/New_York,2026-06-07 10:36:04.130968+00:00,
CZNC,CZNC,success,640,2026-03-16 13:30:00+00:00,2026-06-05 20:00:00+00:00,America/New_York,2026-06-07 10:36:04.072557+00:00,
QUAD,QUAD,success,753,2026-03-16 13:30:00+00:00,2026-06-05 20:00:00+00:00,America/New_York,2026-06-07 10:36:04.129460+00:00,
FVRR,FVRR,success,755,2026-03-16 13:30:00+00:00,2026-06-05 20:00:00+00:00,America/New_York,2026-06-07 10:36:04.193155+00:00,
TSSI,TSSI,success,755,2026-03-16 13:30:00+00:00,2026-06-05 20:00:00+00:00,America/New_York,2026-06-07 10:36:04.072557+00:00,
PLBC,PLBC,success,659,2026-03-16 13:30:00+00:00,2026-06-05 20:00:00+00:00,America/New_York,2026-06-07 10:36:04.270242+00:00,
UPB,UPB,success,755,2026-03-16 13:30:00+00:00,2026-06-05 20:00:00+00:00,America/New_York,2026-06-07 10:36:04.049517+00:00,
OEC,OEC,success,755,2026-03-16 13:30:00+00:00,2026-06-05 20:00:00+00:00,America/New_York,2026-06-07 10:36:04.226247+00:00,
GNE,GNE,success,693,2026-03-16 13:30:00+00:00,2026-06-05 20:00:00+00:00,America/New_York,2026-06-07 10:36:04.390693+00:00,
PAYS,PAYS,success,755,2026-03-16 13:30:00+00:00,2026-06-05 20:00:00+00:00,America/New_York,2026-06-07 10:36:04.389697+00:00,
FRST,FRST,success,751,2026-03-16 13:30:00+00:00,2026-06-05 20:00:00+00:00,America/New_York,2026-06-07 10:36:04.495750+00:00,
KNOP,KNOP,success,738,2026-03-16 13:30:00+00:00,2026-06-05 20:00:00+00:00,America/New_York,2026-06-07 10:36:04.366052+00:00,
SVCO,SVCO,success,755,2026-03-16 13:30:00+00:00,2026-06-05 20:00:00+00:00,America/New_York,2026-06-07 10:36:04.600996+00:00,
CEPT,CEPT,success,755,2026-03-16 13:30:00+00:00,2026-06-05 20:00:00+00:00,America/New_York,2026-06-07 10:36:04.495750+00:00,
HVT,HVT,success,744,2026-03-16 13:30:00+00:00,2026-06-05 20:00:00+00:00,America/New_York,2026-06-07 10:36:04.538996+00:00,
CMCO,CMCO,success,755,2026-03-16 13:30:00+00:00,2026-06-05 20:00:00+00:00,America/New_York,2026-06-07 10:36:04.538996+00:00,
DCTH,DCTH,success,755,2026-03-16 13:30:00+00:00,2026-06-05 20:00:00+00:00,America/New_York,2026-06-07 10:36:04.633088+00:00,
FCRS,FCRS,success,456,2026-03-16 13:30:00+00:00,2026-06-05 20:00:00+00:00,America/New_York,2026-06-07 10:36:04.681021+00:00,
GIW,GIW,success,105,2026-03-17 15:00:00+00:00,2026-06-05 20:00:00+00:00,America/New_York,2026-06-07 10:36:04.797296+00:00,
PKBK,PKBK,success,748,2026-03-16 13:30:00+00:00,2026-06-05 20:00:00+00:00,America/New_York,2026-06-07 10:36:04.851042+00:00,
NEGG,NEGG,success,733,2026-03-16 13:30:00+00:00,2026-06-05 20:00:00+00:00,America/New_York,2026-06-07 10:36:04.995736+00:00,
HNST,HNST,success,755,2026-03-16 13:30:00+00:00,2026-06-05 20:00:00+00:00,America/New_York,2026-06-07 10:36:04.908368+00:00,
FTW,FTW,success,701,2026-03-16 13:30:00+00:00,2026-06-05 20:00:00+00:00,America/New_York,2026-06-07 10:36:05.027515+00:00,
FJET,FJET,success,755,2026-03-16 13:30:00+00:00,2026-06-05 20:00:00+00:00,America/New_York,2026-06-07 10:36:04.956609+00:00,
RNGR,RNGR,success,754,2026-03-16 13:30:00+00:00,2026-06-05 20:00:00+00:00,America/New_York,2026-06-07 10:36:05.054485+00:00,
SAR,SAR,success,751,2026-03-16 13:30:00+00:00,2026-06-05 20:00:00+00:00,America/New_York,2026-06-07 10:36:05.080031+00:00,
PCB,PCB,success,510,2026-03-16 13:30:00+00:00,2026-06-05 20:00:00+00:00,America/New_York,2026-06-07 10:36:05.111940+00:00,
XFOR,XFOR,success,755,2026-03-16 13:30:00+00:00,2026-06-05 20:00:00+00:00,America/New_York,2026-06-07 10:36:05.144713+00:00,
AIRS,AIRS,success,755,2026-03-16 13:30:00+00:00,2026-06-05 20:00:00+00:00,America/New_York,2026-06-07 10:36:05.213144+00:00,
SOPH,SOPH,success,714,2026-03-16 13:30:00+00:00,2026-06-05 20:00:00+00:00,America/New_York,2026-06-07 10:36:05.280321+00:00,
LND,LND,success,737,2026-03-16 13:30:00+00:00,2026-06-05 20:00:00+00:00,America/New_York,2026-06-07 10:36:05.279318+00:00,
CTRN,CTRN,success,719,2026-03-16 13:30:00+00:00,2026-06-05 20:00:00+00:00,America/New_York,2026-06-07 10:36:05.214134+00:00,
ALLT,ALLT,success,753,2026-03-16 13:30:00+00:00,2026-06-05 20:00:00+00:00,America/New_York,2026-06-07 10:36:05.394816+00:00,
CV,CV,success,740,2026-03-16 13:30:00+00:00,2026-06-05 20:00:00+00:00,America/New_York,2026-06-07 10:36:05.371127+00:00,
LWAY,LWAY,success,723,2026-03-16 13:30:00+00:00,2026-06-05 20:00:00+00:00,America/New_York,2026-06-07 10:36:05.565814+00:00,
PBYI,PBYI,success,755,2026-03-16 13:30:00+00:00,2026-06-05 20:00:00+00:00,America/New_York,2026-06-07 10:36:05.440977+00:00,
CCII,CCII,success,185,2026-03-16 13:30:00+00:00,2026-06-05 20:00:00+00:00,America/New_York,2026-06-07 10:36:05.735610+00:00,
CURR,CURR,success,696,2026-03-16 13:30:00+00:00,2026-06-05 20:00:00+00:00,America/New_York,2026-06-07 10:36:05.646624+00:00,
VNDA,VNDA,success,755,2026-03-16 13:30:00+00:00,2026-06-05 20:00:00+00:00,America/New_York,2026-06-07 10:36:05.715186+00:00,
PSFE,PSFE,success,755,2026-03-16 13:30:00+00:00,2026-06-05 20:00:00+00:00,America/New_York,2026-06-07 10:36:05.675881+00:00,
IPCX,IPCX,success,104,2026-03-16 13:30:00+00:00,2026-06-05 20:00:00+00:00,America/New_York,2026-06-07 10:36:05.843608+00:00,
GASS,GASS,success,754,2026-03-16 13:30:00+00:00,2026-06-05 20:00:00+00:00,America/New_York,2026-06-07 10:36:05.864631+00:00,
BNED,BNED,success,755,2026-03-16 13:30:00+00:00,2026-06-05 20:00:00+00:00,America/New_York,2026-06-07 10:36:05.892211+00:00,
BNTC,BNTC,success,736,2026-03-16 13:30:00+00:00,2026-06-05 20:00:00+00:00,America/New_York,2026-06-07 10:36:05.946863+00:00,
MVBF,MVBF,success,551,2026-03-16 13:30:00+00:00,2026-06-05 20:00:00+00:00,America/New_York,2026-06-07 10:36:06.010224+00:00,
QUIK,QUIK,success,754,2026-03-16 13:30:00+00:00,2026-06-05 20:00:00+00:00,America/New_York,2026-06-07 10:36:06.011222+00:00,
NECB,NECB,success,614,2026-03-16 13:30:00+00:00,2026-06-05 20:00:00+00:00,America/New_York,2026-06-07 10:36:06.072456+00:00,
MGPI,MGPI,success,754,2026-03-16 13:30:00+00:00,2026-06-05 20:00:00+00:00,America/New_York,2026-06-07 10:36:06.072456+00:00,
SHMD,SHMD,success,755,2026-03-16 13:30:00+00:00,2026-06-05 20:00:00+00:00,America/New_York,2026-06-07 10:36:06.205585+00:00,
SMWB,SMWB,success,755,2026-03-16 13:30:00+00:00,2026-06-05 20:00:00+00:00,America/New_York,2026-06-07 10:36:06.169794+00:00,
CION,CION,success,755,2026-03-16 13:30:00+00:00,2026-06-05 20:00:00+00:00,America/New_York,2026-06-07 10:36:06.207095+00:00,
BDCI,BDCI,success,92,2026-03-16 14:00:00+00:00,2026-06-05 20:00:00+00:00,America/New_York,2026-06-07 10:36:06.343433+00:00,
MTC,MTC,success,711,2026-03-16 13:30:00+00:00,2026-06-05 20:00:00+00:00,America/New_York,2026-06-07 10:36:06.365978+00:00,
SENS,SENS,success,755,2026-03-16 13:30:00+00:00,2026-06-05 20:00:00+00:00,America/New_York,2026-06-07 10:36:06.406119+00:00,
BLZR,BLZR,success,144,2026-03-16 19:30:00+00:00,2026-06-05 20:00:00+00:00,America/New_York,2026-06-07 10:36:06.430250+00:00,
DUOT,DUOT,success,755,2026-03-16 13:30:00+00:00,2026-06-05 20:00:00+00:00,America/New_York,2026-06-07 10:36:06.467756+00:00,
NATR,NATR,success,745,2026-03-16 13:30:00+00:00,2026-06-05 20:00:00+00:00,America/New_York,2026-06-07 10:36:06.469263+00:00,
BKKT,BKKT,success,755,2026-03-16 13:30:00+00:00,2026-06-05 20:00:00+00:00,America/New_York,2026-06-07 10:36:06.315882+00:00,
BCML,BCML,success,580,2026-03-16 13:30:00+00:00,2026-06-05 20:00:00+00:00,America/New_York,2026-06-07 10:36:06.531952+00:00,
HCMA,HCMA,success,104,2026-03-16 13:30:00+00:00,2026-06-05 20:00:00+00:00,America/New_York,2026-06-07 10:36:06.677360+00:00,
ARTC,ARTC,success,78,2026-03-16 16:00:00+00:00,2026-06-05 20:00:00+00:00,America/New_York,2026-06-07 10:36:06.757927+00:00,
CATX,CATX,success,755,2026-03-16 13:30:00+00:00,2026-06-05 20:00:00+00:00,America/New_York,2026-06-07 10:36:06.767971+00:00,
STTK,STTK,success,755,2026-03-16 13:30:00+00:00,2026-06-05 20:00:00+00:00,America/New_York,2026-06-07 10:36:06.627322+00:00,
WSBF,WSBF,success,722,2026-03-16 13:30:00+00:00,2026-06-05 20:00:00+00:00,America/New_York,2026-06-07 10:36:06.910917+00:00,
SOHU,SOHU,success,647,2026-03-16 13:30:00+00:00,2026-06-05 20:00:00+00:00,America/New_York,2026-06-07 10:36:06.864117+00:00,
SSSS,SSSS,success,755,2026-03-16 13:30:00+00:00,2026-06-05 20:00:00+00:00,America/New_York,2026-06-07 10:36:06.910917+00:00,
ACCO,ACCO,success,755,2026-03-16 13:30:00+00:00,2026-06-05 20:00:00+00:00,America/New_York,2026-06-07 10:36:06.988357+00:00,
CDZI,CDZI,success,755,2026-03-16 13:30:00+00:00,2026-06-05 20:00:00+00:00,America/New_York,2026-06-07 10:36:07.044840+00:00,
LXEO,LXEO,success,755,2026-03-16 13:30:00+00:00,2026-06-05 20:00:00+00:00,America/New_York,2026-06-07 10:36:07.183611+00:00,
XPER,XPER,success,755,2026-03-16 13:30:00+00:00,2026-06-05 20:00:00+00:00,America/New_York,2026-06-07 10:36:07.119782+00:00,
VOXR,VOXR,success,755,2026-03-16 13:30:00+00:00,2026-06-05 20:00:00+00:00,America/New_York,2026-06-07 10:36:07.220139+00:00,
CHMG,CHMG,success,406,2026-03-16 15:00:00+00:00,2026-06-05 20:00:00+00:00,America/New_York,2026-06-07 10:36:07.272514+00:00,
ARTNA,ARTNA,success,686,2026-03-16 13:30:00+00:00,2026-06-05 20:00:00+00:00,America/New_York,2026-06-07 10:36:07.298876+00:00,
USCB,USCB,success,558,2026-03-16 13:30:00+00:00,2026-06-05 20:00:00+00:00,America/New_York,2026-06-07 10:36:07.335544+00:00,
AVIR,AVIR,success,755,2026-03-16 13:30:00+00:00,2026-06-05 20:00:00+00:00,America/New_York,2026-06-07 10:36:07.398292+00:00,
MLP,MLP,success,451,2026-03-16 13:30:00+00:00,2026-06-05 20:00:00+00:00,America/New_York,2026-06-07 10:36:07.450984+00:00,
PSBD,PSBD,success,705,2026-03-16 13:30:00+00:00,2026-06-05 20:00:00+00:00,America/New_York,2026-06-07 10:36:07.370659+00:00,
NWFL,NWFL,success,527,2026-03-16 13:30:00+00:00,2026-06-05 20:00:00+00:00,America/New_York,2026-06-07 10:36:07.553134+00:00,
VACH,VACH,success,303,2026-03-16 14:00:00+00:00,2026-06-05 20:00:00+00:00,America/New_York,2026-06-07 10:36:07.593100+00:00,
WEYS,WEYS,success,417,2026-03-16 13:30:00+00:00,2026-06-05 20:00:00+00:00,America/New_York,2026-06-07 10:36:07.594102+00:00,
LRMR,LRMR,success,755,2026-03-16 13:30:00+00:00,2026-06-05 20:00:00+00:00,America/New_York,2026-06-07 10:36:07.680868+00:00,
FNLC,FNLC,success,417,2026-03-16 13:30:00+00:00,2026-06-05 20:00:00+00:00,America/New_York,2026-06-07 10:36:07.719974+00:00,
BLUW,BLUW,success,123,2026-03-17 14:00:00+00:00,2026-06-05 20:00:00+00:00,America/New_York,2026-06-07 10:36:07.855671+00:00,
BEAG,BEAG,success,254,2026-03-16 13:30:00+00:00,2026-06-05 20:00:00+00:00,America/New_York,2026-06-07 10:36:07.926607+00:00,
PRE,PRE,success,746,2026-03-16 13:30:00+00:00,2026-06-05 20:00:00+00:00,America/New_York,2026-06-07 10:36:07.776704+00:00,
FOA,FOA,success,707,2026-03-16 13:30:00+00:00,2026-06-05 20:00:00+00:00,America/New_York,2026-06-07 10:36:07.854670+00:00,
AII,AII,success,729,2026-03-16 13:30:00+00:00,2026-06-05 20:00:00+00:00,America/New_York,2026-06-07 10:36:07.957198+00:00,
PHOE,PHOE,success,312,2026-03-16 13:30:00+00:00,2026-06-05 20:00:00+00:00,America/New_York,2026-06-07 10:36:08.080655+00:00,
NCMI,NCMI,success,755,2026-03-16 13:30:00+00:00,2026-06-05 20:00:00+00:00,America/New_York,2026-06-07 10:36:07.990983+00:00,
RM,RM,success,718,2026-03-16 13:30:00+00:00,2026-06-05 20:00:00+00:00,America/New_York,2026-06-07 10:36:08.249688+00:00,
SIDU,SIDU,success,755,2026-03-16 13:30:00+00:00,2026-06-05 20:00:00+00:00,America/New_York,2026-06-07 10:36:08.248690+00:00,
TSBK,TSBK,success,577,2026-03-16 13:30:00+00:00,2026-06-05 20:00:00+00:00,America/New_York,2026-06-07 10:36:08.419316+00:00,
USNA,USNA,success,753,2026-03-16 13:30:00+00:00,2026-06-05 20:00:00+00:00,America/New_York,2026-06-07 10:36:08.378938+00:00,
AVBH,AVBH,success,713,2026-03-16 13:30:00+00:00,2026-06-05 20:00:00+00:00,America/New_York,2026-06-07 10:36:08.569806+00:00,
CEPV,CEPV,success,160,2026-03-16 13:30:00+00:00,2026-06-03 16:00:00+00:00,America/New_York,2026-06-07 10:36:08.660842+00:00,
IRD,IRD,success,755,2026-03-16 13:30:00+00:00,2026-06-05 20:00:00+00:00,America/New_York,2026-06-07 10:36:08.660842+00:00,
GLSI,GLSI,success,742,2026-03-16 13:30:00+00:00,2026-06-05 20:00:00+00:00,America/New_York,2026-06-07 10:36:08.777100+00:00,
PCAP,PCAP,success,114,2026-03-16 13:30:00+00:00,2026-06-05 20:00:00+00:00,America/New_York,2026-06-07 10:36:08.822160+00:00,
FWRD,FWRD,success,755,2026-03-16 13:30:00+00:00,2026-06-05 20:00:00+00:00,America/New_York,2026-06-07 10:36:08.742224+00:00,
AUNA,AUNA,success,754,2026-03-16 13:30:00+00:00,2026-06-05 20:00:00+00:00,America/New_York,2026-06-07 10:36:08.823160+00:00,
SHIP,SHIP,success,755,2026-03-16 13:30:00+00:00,2026-06-05 20:00:00+00:00,America/New_York,2026-06-07 10:36:08.864739+00:00,
VSTM,VSTM,success,755,2026-03-16 13:30:00+00:00,2026-06-05 20:00:00+00:00,America/New_York,2026-06-07 10:36:08.905926+00:00,
LE,LE,success,755,2026-03-16 13:30:00+00:00,2026-06-05 20:00:00+00:00,America/New_York,2026-06-07 10:36:08.997330+00:00,
ATII,ATII,success,433,2026-03-16 17:30:00+00:00,2026-06-05 20:00:00+00:00,America/New_York,2026-06-07 10:36:09.035323+00:00,
ENTA,ENTA,success,752,2026-03-16 13:30:00+00:00,2026-06-05 20:00:00+00:00,America/New_York,2026-06-07 10:36:09.091526+00:00,
IONR,IONR,success,701,2026-03-16 13:30:00+00:00,2026-06-05 20:00:00+00:00,America/New_York,2026-06-07 10:36:09.115651+00:00,
AIRJ,AIRJ,success,755,2026-03-16 13:30:00+00:00,2026-06-05 20:00:00+00:00,America/New_York,2026-06-07 10:36:09.067465+00:00,
RTAC,RTAC,success,656,2026-03-16 13:30:00+00:00,2026-06-05 20:00:00+00:00,America/New_York,2026-06-07 10:36:09.153433+00:00,
VACI,VACI,success,403,2026-03-20 14:00:00+00:00,2026-06-05 20:00:00+00:00,America/New_York,2026-06-07 10:36:09.307088+00:00,
FBRX,FBRX,success,750,2026-03-16 13:30:00+00:00,2026-06-05 20:00:00+00:00,America/New_York,2026-06-07 10:36:09.232536+00:00,
STRT,STRT,success,738,2026-03-16 13:30:00+00:00,2026-06-05 20:00:00+00:00,America/New_York,2026-06-07 10:36:09.264290+00:00,
DRDB,DRDB,success,153,2026-03-16 13:30:00+00:00,2026-06-05 20:00:00+00:00,America/New_York,2026-06-07 10:36:09.306082+00:00,
MSB,MSB,success,687,2026-03-16 13:30:00+00:00,2026-06-05 20:00:00+00:00,America/New_York,2026-06-07 10:36:09.388821+00:00,
ZURA,ZURA,success,755,2026-03-16 13:30:00+00:00,2026-06-05 20:00:00+00:00,America/New_York,2026-06-07 10:36:09.413563+00:00,
PINE,PINE,success,755,2026-03-16 13:30:00+00:00,2026-06-05 20:00:00+00:00,America/New_York,2026-06-07 10:36:09.434719+00:00,
PMTR,PMTR,success,193,2026-03-16 13:30:00+00:00,2026-06-05 20:00:00+00:00,America/New_York,2026-06-07 10:36:09.456867+00:00,
XRPN,XRPN,success,667,2026-03-16 13:30:00+00:00,2026-06-05 20:00:00+00:00,America/New_York,2026-06-07 10:36:09.565031+00:00,
EVOX,EVOX,success,60,2026-03-16 15:00:00+00:00,2026-06-05 20:00:00+00:00,America/New_York,2026-06-07 10:36:09.590837+00:00,
LTBR,LTBR,success,755,2026-03-16 13:30:00+00:00,2026-06-05 20:00:00+00:00,America/New_York,2026-06-07 10:36:09.538446+00:00,
TCI,TCI,success,198,2026-03-16 13:30:00+00:00,2026-06-05 20:00:00+00:00,America/New_York,2026-06-07 10:36:09.653770+00:00,
SVAC,SVAC,success,651,2026-03-16 13:30:00+00:00,2026-06-05 20:00:00+00:00,America/New_York,2026-06-07 10:36:09.629856+00:00,
ATOM,ATOM,success,755,2026-03-16 13:30:00+00:00,2026-06-05 20:00:00+00:00,America/New_York,2026-06-07 10:36:09.694644+00:00,
CNXU,CNXU,success,139,2026-05-21 14:00:00+00:00,2026-06-05 20:00:00+00:00,America/New_York,2026-06-07 10:36:09.816519+00:00,
SLP,SLP,success,755,2026-03-16 13:30:00+00:00,2026-06-05 20:00:00+00:00,America/New_York,2026-06-07 10:36:09.695638+00:00,
POLE,POLE,success,69,2026-03-18 15:30:00+00:00,2026-06-05 20:00:00+00:00,America/New_York,2026-06-07 10:36:09.847328+00:00,
PDYN,PDYN,success,755,2026-03-16 13:30:00+00:00,2026-06-05 20:00:00+00:00,America/New_York,2026-06-07 10:36:09.764672+00:00,
GUACU,GUACU,success,78,2026-05-15 13:30:00+00:00,2026-06-05 20:00:00+00:00,America/New_York,2026-06-07 10:36:09.921288+00:00,
PERI,PERI,success,755,2026-03-16 13:30:00+00:00,2026-06-05 20:00:00+00:00,America/New_York,2026-06-07 10:36:09.846804+00:00,
TVA,TVA,success,394,2026-03-16 13:30:00+00:00,2026-06-05 20:00:00+00:00,America/New_York,2026-06-07 10:36:10.015507+00:00,
RILY,RILY,success,755,2026-03-16 13:30:00+00:00,2026-06-05 20:00:00+00:00,America/New_York,2026-06-07 10:36:10.092360+00:00,
COSO,COSO,success,730,2026-03-16 13:30:00+00:00,2026-06-05 20:00:00+00:00,America/New_York,2026-06-07 10:36:10.050839+00:00,
ELMD,ELMD,success,704,2026-03-16 13:30:00+00:00,2026-06-05 20:00:00+00:00,America/New_York,2026-06-07 10:36:10.133971+00:00,
ONIT,ONIT,success,701,2026-03-16 13:30:00+00:00,2026-06-05 20:00:00+00:00,America/New_York,2026-06-07 10:36:10.217730+00:00,
CZFS,CZFS,success,185,2026-03-16 15:00:00+00:00,2026-06-05 20:00:00+00:00,America/New_York,2026-06-07 10:36:10.190830+00:00,
ALCO,ALCO,success,566,2026-03-16 14:00:00+00:00,2026-06-05 20:00:00+00:00,America/New_York,2026-06-07 10:36:10.266614+00:00,
RGNX,RGNX,success,755,2026-03-16 13:30:00+00:00,2026-06-05 20:00:00+00:00,America/New_York,2026-06-07 10:36:10.239256+00:00,
HRZN,HRZN,success,755,2026-03-16 13:30:00+00:00,2026-06-05 20:00:00+00:00,America/New_York,2026-06-07 10:36:10.295593+00:00,
BGS,BGS,success,755,2026-03-16 13:30:00+00:00,2026-06-05 20:00:00+00:00,America/New_York,2026-06-07 10:36:10.344732+00:00,
KOYN,KOYN,success,90,2026-03-17 15:00:00+00:00,2026-06-05 20:00:00+00:00,America/New_York,2026-06-07 10:36:10.414674+00:00,
ABEO,ABEO,success,755,2026-03-16 13:30:00+00:00,2026-06-05 20:00:00+00:00,America/New_York,2026-06-07 10:36:10.379800+00:00,
TCPC,TCPC,success,755,2026-03-16 13:30:00+00:00,2026-06-05 20:00:00+00:00,America/New_York,2026-06-07 10:36:10.451308+00:00,
ISBA,ISBA,success,465,2026-03-16 13:30:00+00:00,2026-06-05 20:00:00+00:00,America/New_York,2026-06-07 10:36:10.529471+00:00,
WNC,WNC,success,755,2026-03-16 13:30:00+00:00,2026-06-05 20:00:00+00:00,America/New_York,2026-06-07 10:36:10.716889+00:00,
SIGA,SIGA,success,755,2026-03-16 13:30:00+00:00,2026-06-05 20:00:00+00:00,America/New_York,2026-06-07 10:36:10.697209+00:00,
MBI,MBI,success,754,2026-03-16 13:30:00+00:00,2026-06-05 20:00:00+00:00,America/New_York,2026-06-07 10:36:10.639574+00:00,
TLS,TLS,success,755,2026-03-16 13:30:00+00:00,2026-06-05 20:00:00+00:00,America/New_York,2026-06-07 10:36:10.786834+00:00,
BRCB,BRCB,success,755,2026-03-16 13:30:00+00:00,2026-06-05 20:00:00+00:00,America/New_York,2026-06-07 10:36:10.815090+00:00,
ISSC,ISSC,success,755,2026-03-16 13:30:00+00:00,2026-06-05 20:00:00+00:00,America/New_York,2026-06-07 10:36:10.758827+00:00,
NODK,NODK,success,414,2026-03-16 13:30:00+00:00,2026-06-05 20:00:00+00:00,America/New_York,2026-06-07 10:36:10.969410+00:00,
SEG,SEG,success,708,2026-03-16 13:30:00+00:00,2026-06-05 20:00:00+00:00,America/New_York,2026-06-07 10:36:11.032624+00:00,
VALU,VALU,success,114,2026-03-16 13:30:00+00:00,2026-06-05 20:00:00+00:00,America/New_York,2026-06-07 10:36:11.031117+00:00,
JMSB,JMSB,success,590,2026-03-16 13:30:00+00:00,2026-06-05 20:00:00+00:00,America/New_York,2026-06-07 10:36:11.075897+00:00,
FLXS,FLXS,success,672,2026-03-16 13:30:00+00:00,2026-06-05 20:00:00+00:00,America/New_York,2026-06-07 10:36:11.147556+00:00,
OFLX,OFLX,success,661,2026-03-16 13:30:00+00:00,2026-06-05 20:00:00+00:00,America/New_York,2026-06-07 10:36:11.125542+00:00,
FSBW,FSBW,success,294,2026-03-16 13:30:00+00:00,2026-06-05 20:00:00+00:00,America/New_York,2026-06-07 10:36:11.264664+00:00,
PRLD,PRLD,success,755,2026-03-16 13:30:00+00:00,2026-06-05 20:00:00+00:00,America/New_York,2026-06-07 10:36:11.147556+00:00,
LOKV,LOKV,success,154,2026-03-17 13:30:00+00:00,2026-06-05 20:00:00+00:00,America/New_York,2026-06-07 10:36:11.230102+00:00,
BRBS,BRBS,success,755,2026-03-16 13:30:00+00:00,2026-06-05 20:00:00+00:00,America/New_York,2026-06-07 10:36:11.263669+00:00,
BKTI,BKTI,success,695,2026-03-16 13:30:00+00:00,2026-06-05 20:00:00+00:00,America/New_York,2026-06-07 10:36:11.373525+00:00,
VUZI,VUZI,success,755,2026-03-16 13:30:00+00:00,2026-06-05 20:00:00+00:00,America/New_York,2026-06-07 10:36:11.367007+00:00,
SSP,SSP,success,755,2026-03-16 13:30:00+00:00,2026-06-05 20:00:00+00:00,America/New_York,2026-06-07 10:36:11.474761+00:00,
PTLO,PTLO,success,755,2026-03-16 13:30:00+00:00,2026-06-05 20:00:00+00:00,America/New_York,2026-06-07 10:36:11.500382+00:00,
RPAY,RPAY,success,755,2026-03-16 13:30:00+00:00,2026-06-05 20:00:00+00:00,America/New_York,2026-06-07 10:36:11.475761+00:00,
ASLE,ASLE,success,754,2026-03-16 13:30:00+00:00,2026-06-05 20:00:00+00:00,America/New_York,2026-06-07 10:36:11.688981+00:00,
OTGA,OTGA,success,68,2026-03-16 14:30:00+00:00,2026-06-04 16:30:00+00:00,America/New_York,2026-06-07 10:36:11.719655+00:00,
MWC,MWC,success,204,2026-05-14 13:30:00+00:00,2026-06-05 20:00:00+00:00,America/New_York,2026-06-07 10:36:11.828971+00:00,
PNRG,PNRG,success,606,2026-03-16 13:30:00+00:00,2026-06-05 20:00:00+00:00,America/New_York,2026-06-07 10:36:11.717655+00:00,
CIX,CIX,success,185,2026-03-16 13:30:00+00:00,2026-06-05 20:00:00+00:00,America/New_York,2026-06-07 10:36:11.867057+00:00,
LODE,LODE,success,755,2026-03-16 13:30:00+00:00,2026-06-05 20:00:00+00:00,America/New_York,2026-06-07 10:36:11.893161+00:00,
NREF,NREF,success,707,2026-03-16 13:30:00+00:00,2026-06-05 20:00:00+00:00,America/New_York,2026-06-07 10:36:11.930493+00:00,
FENC,FENC,success,752,2026-03-16 13:30:00+00:00,2026-06-05 20:00:00+00:00,America/New_York,2026-06-07 10:36:11.976194+00:00,
UIS,UIS,success,755,2026-03-16 13:30:00+00:00,2026-06-05 20:00:00+00:00,America/New_York,2026-06-07 10:36:11.977193+00:00,
DMRC,DMRC,success,754,2026-03-16 13:30:00+00:00,2026-06-05 20:00:00+00:00,America/New_York,2026-06-07 10:36:12.050355+00:00,
PPHC,PPHC,success,676,2026-03-16 13:30:00+00:00,2026-06-05 20:00:00+00:00,America/New_York,2026-06-07 10:36:12.147686+00:00,
RMAX,RMAX,success,755,2026-03-16 13:30:00+00:00,2026-06-05 20:00:00+00:00,America/New_York,2026-06-07 10:36:12.113092+00:00,
MASS,MASS,success,755,2026-03-16 13:30:00+00:00,2026-06-05 20:00:00+00:00,America/New_York,2026-06-07 10:36:12.082425+00:00,
FCCO,FCCO,success,731,2026-03-16 13:30:00+00:00,2026-06-05 20:00:00+00:00,America/New_York,2026-06-07 10:36:12.189987+00:00,
ELLO,ELLO,success,188,2026-03-16 15:00:00+00:00,2026-06-05 20:00:00+00:00,America/New_York,2026-06-07 10:36:12.284391+00:00,
ACGC,ACGC,success,32,2026-05-28 13:30:00+00:00,2026-06-05 20:00:00+00:00,America/New_York,2026-06-07 10:36:12.386844+00:00,
NL,NL,success,646,2026-03-16 13:30:00+00:00,2026-06-05 20:00:00+00:00,America/New_York,2026-06-07 10:36:12.386844+00:00,
FVCB,FVCB,success,743,2026-03-16 13:30:00+00:00,2026-06-05 20:00:00+00:00,America/New_York,2026-06-07 10:36:12.513762+00:00,
ZUMZ,ZUMZ,success,751,2026-03-16 13:30:00+00:00,2026-06-05 20:00:00+00:00,America/New_York,2026-06-07 10:36:12.451329+00:00,
CARL,CARL,success,733,2026-03-16 13:30:00+00:00,2026-06-05 20:00:00+00:00,America/New_York,2026-06-07 10:36:12.451329+00:00,
BACC,BACC,success,164,2026-03-16 13:30:00+00:00,2026-06-05 20:00:00+00:00,America/New_York,2026-06-07 10:36:12.721655+00:00,
KWY,KWY,success,165,2026-05-19 13:30:00+00:00,2026-06-05 20:00:00+00:00,America/New_York,2026-06-07 10:36:12.627017+00:00,
XNET,XNET,success,755,2026-03-16 13:30:00+00:00,2026-06-05 20:00:00+00:00,America/New_York,2026-06-07 10:36:12.658060+00:00,
AMRN,AMRN,success,685,2026-03-16 13:30:00+00:00,2026-06-05 20:00:00+00:00,America/New_York,2026-06-07 10:36:12.748108+00:00,
DMAC,DMAC,success,749,2026-03-16 13:30:00+00:00,2026-06-05 20:00:00+00:00,America/New_York,2026-06-07 10:36:12.859062+00:00,
PAMT,PAMT,success,380,2026-03-16 13:30:00+00:00,2026-06-05 20:00:00+00:00,America/New_York,2026-06-07 10:36:12.994108+00:00,
SLN,SLN,success,752,2026-03-16 13:30:00+00:00,2026-06-05 20:00:00+00:00,America/New_York,2026-06-07 10:36:12.902687+00:00,
BCYC,BCYC,success,755,2026-03-16 13:30:00+00:00,2026-06-05 20:00:00+00:00,America/New_York,2026-06-07 10:36:12.903687+00:00,
OVLY,OVLY,success,661,2026-03-16 13:30:00+00:00,2026-06-05 20:00:00+00:00,America/New_York,2026-06-07 10:36:13.015207+00:00,
TWIN,TWIN,success,670,2026-03-16 13:30:00+00:00,2026-06-05 20:00:00+00:00,America/New_York,2026-06-07 10:36:13.016205+00:00,
AZ,AZ,success,755,2026-03-16 13:30:00+00:00,2026-06-05 20:00:00+00:00,America/New_York,2026-06-07 10:36:13.071909+00:00,
FNKO,FNKO,success,755,2026-03-16 13:30:00+00:00,2026-06-05 20:00:00+00:00,America/New_York,2026-06-07 10:36:13.141996+00:00,
AENT,AENT,success,515,2026-03-16 13:30:00+00:00,2026-06-05 20:00:00+00:00,America/New_York,2026-06-07 10:36:13.362264+00:00,
SI,SI,success,692,2026-03-16 13:30:00+00:00,2026-06-05 20:00:00+00:00,America/New_York,2026-06-07 10:36:13.264103+00:00,
TENX,TENX,success,755,2026-03-16 13:30:00+00:00,2026-06-05 20:00:00+00:00,America/New_York,2026-06-07 10:36:13.263104+00:00,
MYFW,MYFW,success,474,2026-03-16 14:00:00+00:00,2026-06-05 20:00:00+00:00,America/New_York,2026-06-07 10:36:13.409575+00:00,
GSIT,GSIT,success,755,2026-03-16 13:30:00+00:00,2026-06-05 20:00:00+00:00,America/New_York,2026-06-07 10:36:13.461456+00:00,
RCKY,RCKY,success,711,2026-03-16 13:30:00+00:00,2026-06-05 20:00:00+00:00,America/New_York,2026-06-07 10:36:13.569402+00:00,
OSUR,OSUR,success,755,2026-03-16 13:30:00+00:00,2026-06-05 20:00:00+00:00,America/New_York,2026-06-07 10:36:13.569402+00:00,
TTGT,TTGT,success,755,2026-03-16 13:30:00+00:00,2026-06-05 20:00:00+00:00,America/New_York,2026-06-07 10:36:13.660805+00:00,
LYEL,LYEL,success,729,2026-03-16 13:30:00+00:00,2026-06-05 20:00:00+00:00,America/New_York,2026-06-07 10:36:13.691082+00:00,
BRT,BRT,success,649,2026-03-16 13:30:00+00:00,2026-06-05 20:00:00+00:00,America/New_York,2026-06-07 10:36:13.797175+00:00,
NUCL,NUCL,success,755,2026-03-16 13:30:00+00:00,2026-06-05 20:00:00+00:00,America/New_York,2026-06-07 10:36:13.795553+00:00,
ACRE,ACRE,success,755,2026-03-16 13:30:00+00:00,2026-06-05 20:00:00+00:00,America/New_York,2026-06-07 10:36:13.942629+00:00,
IMRX,IMRX,success,755,2026-03-16 13:30:00+00:00,2026-06-05 20:00:00+00:00,America/New_York,2026-06-07 10:36:14.001997+00:00,
HCKT,HCKT,success,755,2026-03-16 13:30:00+00:00,2026-06-05 20:00:00+00:00,America/New_York,2026-06-07 10:36:13.894884+00:00,
FLWS,FLWS,success,755,2026-03-16 13:30:00+00:00,2026-06-05 20:00:00+00:00,America/New_York,2026-06-07 10:36:14.001001+00:00,
RDNW,RDNW,success,672,2026-03-16 13:30:00+00:00,2026-06-05 20:00:00+00:00,America/New_York,2026-06-07 10:36:13.894884+00:00,
FWDI,FWDI,success,755,2026-03-16 13:30:00+00:00,2026-06-05 20:00:00+00:00,America/New_York,2026-06-07 10:36:14.121170+00:00,
NAGE,NAGE,success,755,2026-03-16 13:30:00+00:00,2026-06-05 20:00:00+00:00,America/New_York,2026-06-07 10:36:14.177804+00:00,
ARMP,ARMP,success,715,2026-03-16 13:30:00+00:00,2026-06-05 20:00:00+00:00,America/New_York,2026-06-07 10:36:14.285446+00:00,
ESOA,ESOA,success,752,2026-03-16 13:30:00+00:00,2026-06-05 20:00:00+00:00,America/New_York,2026-06-07 10:36:14.326799+00:00,
FDBC,FDBC,success,240,2026-03-16 13:30:00+00:00,2026-06-05 20:00:00+00:00,America/New_York,2026-06-07 10:36:14.372373+00:00,
HVII,HVII,success,158,2026-03-16 19:00:00+00:00,2026-06-05 20:00:00+00:00,America/New_York,2026-06-07 10:36:14.453118+00:00,
JDZG,JDZG,success,688,2026-03-16 13:30:00+00:00,2026-06-04 19:30:00+00:00,America/New_York,2026-06-07 10:36:14.394429+00:00,
FNRN,FNRN,success,490,2026-03-16 13:30:00+00:00,2026-06-05 20:00:00+00:00,America/New_York,2026-06-07 10:36:14.496789+00:00,
WNEB,WNEB,success,658,2026-03-16 13:30:00+00:00,2026-06-05 20:00:00+00:00,America/New_York,2026-06-07 10:36:14.394429+00:00,
CEPO,CEPO,success,410,2026-03-16 13:30:00+00:00,2026-06-05 20:00:00+00:00,America/New_York,2026-06-07 10:36:14.659301+00:00,
BUUU,BUUU,success,221,2026-03-16 14:30:00+00:00,2026-06-04 19:30:00+00:00,America/New_York,2026-06-07 10:36:14.593531+00:00,
FC,FC,success,739,2026-03-16 13:30:00+00:00,2026-06-05 20:00:00+00:00,America/New_York,2026-06-07 10:36:14.744677+00:00,
SOUL,SOUL,success,201,2026-03-16 13:30:00+00:00,2026-06-05 13:30:00+00:00,America/New_York,2026-06-07 10:36:14.890067+00:00,
DNMX,DNMX,success,114,2026-03-17 15:30:00+00:00,2026-06-05 20:00:00+00:00,America/New_York,2026-06-07 10:36:14.831436+00:00,
MKTW,MKTW,success,558,2026-03-16 13:30:00+00:00,2026-06-05 20:00:00+00:00,America/New_York,2026-06-07 10:36:14.856833+00:00,
TG,TG,success,754,2026-03-16 13:30:00+00:00,2026-06-05 20:00:00+00:00,America/New_York,2026-06-07 10:36:14.782242+00:00,
GTE,GTE,success,755,2026-03-16 13:30:00+00:00,2026-06-05 20:00:00+00:00,America/New_York,2026-06-07 10:36:14.807905+00:00,
ATLO,ATLO,success,726,2026-03-16 13:30:00+00:00,2026-06-05 20:00:00+00:00,America/New_York,2026-06-07 10:36:14.955501+00:00,
STI,STI,success,677,2026-03-16 13:30:00+00:00,2026-06-05 20:00:00+00:00,America/New_York,2026-06-07 10:36:14.919223+00:00,
ASYS,ASYS,success,755,2026-03-16 13:30:00+00:00,2026-06-05 20:00:00+00:00,America/New_York,2026-06-07 10:36:15.074903+00:00,
FRAF,FRAF,success,448,2026-03-16 13:30:00+00:00,2026-06-05 20:00:00+00:00,America/New_York,2026-06-07 10:36:15.233387+00:00,
AFRI,AFRI,success,334,2026-03-16 13:30:00+00:00,2026-06-05 20:00:00+00:00,America/New_York,2026-06-07 10:36:15.198779+00:00,
NUS,NUS,success,755,2026-03-16 13:30:00+00:00,2026-06-05 20:00:00+00:00,America/New_York,2026-06-07 10:36:15.136314+00:00,
ZNTL,ZNTL,success,755,2026-03-16 13:30:00+00:00,2026-06-05 20:00:00+00:00,America/New_York,2026-06-07 10:36:15.160918+00:00,
SITC,SITC,success,755,2026-03-16 13:30:00+00:00,2026-06-05 20:00:00+00:00,America/New_York,2026-06-07 10:36:15.291102+00:00,
AIRO,AIRO,success,755,2026-03-16 13:30:00+00:00,2026-06-05 20:00:00+00:00,America/New_York,2026-06-07 10:36:15.261458+00:00,
FXNC,FXNC,success,734,2026-03-16 13:30:00+00:00,2026-06-05 20:00:00+00:00,America/New_York,2026-06-07 10:36:15.396463+00:00,
RWAY,RWAY,success,755,2026-03-16 13:30:00+00:00,2026-06-05 20:00:00+00:00,America/New_York,2026-06-07 10:36:15.317146+00:00,
HBB,HBB,success,518,2026-03-16 13:30:00+00:00,2026-06-05 20:00:00+00:00,America/New_York,2026-06-07 10:36:15.454398+00:00,
UP,UP,success,755,2026-03-16 13:30:00+00:00,2026-06-05 20:00:00+00:00,America/New_York,2026-06-07 10:36:15.491154+00:00,
FACT,FACT,success,212,2026-03-16 14:00:00+00:00,2026-06-05 20:00:00+00:00,America/New_York,2026-06-07 10:36:15.643227+00:00,
CIA,CIA,success,720,2026-03-16 13:30:00+00:00,2026-06-05 20:00:00+00:00,America/New_York,2026-06-07 10:36:15.580380+00:00,
SABS,SABS,success,755,2026-03-16 13:30:00+00:00,2026-06-05 20:00:00+00:00,America/New_York,2026-06-07 10:36:15.735468+00:00,
NXDT,NXDT,success,745,2026-03-16 13:30:00+00:00,2026-06-05 20:00:00+00:00,America/New_York,2026-06-07 10:36:15.692753+00:00,
PLMK,PLMK,success,162,2026-03-16 13:30:00+00:00,2026-06-05 20:00:00+00:00,America/New_York,2026-06-07 10:36:15.947536+00:00,
ZIP,ZIP,success,755,2026-03-16 13:30:00+00:00,2026-06-05 20:00:00+00:00,America/New_York,2026-06-07 10:36:15.734059+00:00,
FUNC,FUNC,success,324,2026-03-16 13:30:00+00:00,2026-06-05 20:00:00+00:00,America/New_York,2026-06-07 10:36:16.011056+00:00,
LTRX,LTRX,success,755,2026-03-16 13:30:00+00:00,2026-06-05 20:00:00+00:00,America/New_York,2026-06-07 10:36:16.011056+00:00,
ELDN,ELDN,success,755,2026-03-16 13:30:00+00:00,2026-06-05 20:00:00+00:00,America/New_York,2026-06-07 10:36:16.064009+00:00,
NHP,NHP,success,411,2026-04-22 16:30:00+00:00,2026-06-05 20:00:00+00:00,America/New_York,2026-06-07 10:36:16.161826+00:00,
RAAQ,RAAQ,success,644,2026-03-16 13:30:00+00:00,2026-06-05 20:00:00+00:00,America/New_York,2026-06-07 10:36:16.197715+00:00,
SLGL,SLGL,success,463,2026-03-16 14:00:00+00:00,2026-06-05 20:00:00+00:00,America/New_York,2026-06-07 10:36:16.227453+00:00,
OTLY,OTLY,success,711,2026-03-16 13:30:00+00:00,2026-06-05 20:00:00+00:00,America/New_York,2026-06-07 10:36:16.117724+00:00,
PCYO,PCYO,success,654,2026-03-16 13:30:00+00:00,2026-06-05 20:00:00+00:00,America/New_York,2026-06-07 10:36:16.406273+00:00,
SCM,SCM,success,755,2026-03-16 13:30:00+00:00,2026-06-05 20:00:00+00:00,America/New_York,2026-06-07 10:36:16.322450+00:00,
MX,MX,success,755,2026-03-16 13:30:00+00:00,2026-06-05 20:00:00+00:00,America/New_York,2026-06-07 10:36:16.351483+00:00,
VATE,VATE,success,687,2026-03-16 13:30:00+00:00,2026-06-05 20:00:00+00:00,America/New_York,2026-06-07 10:36:16.286657+00:00,
PNNT,PNNT,success,755,2026-03-16 13:30:00+00:00,2026-06-05 20:00:00+00:00,America/New_York,2026-06-07 10:36:16.481439+00:00,
KEYYU,KEYYU,success,30,2026-06-03 13:30:00+00:00,2026-06-05 20:00:00+00:00,America/New_York,2026-06-07 10:36:16.639027+00:00,
PPIH,PPIH,success,738,2026-03-16 13:30:00+00:00,2026-06-05 20:00:00+00:00,America/New_York,2026-06-07 10:36:16.480440+00:00,
HWBK,HWBK,success,250,2026-03-16 13:30:00+00:00,2026-06-05 20:00:00+00:00,America/New_York,2026-06-07 10:36:16.599292+00:00,
QADR,QADR,success,25,2026-05-20 14:00:00+00:00,2026-06-05 20:00:00+00:00,America/New_York,2026-06-07 10:36:16.776622+00:00,
CABO,CABO,success,753,2026-03-16 13:30:00+00:00,2026-06-05 20:00:00+00:00,America/New_York,2026-06-07 10:36:16.640024+00:00,
TYGO,TYGO,success,755,2026-03-16 13:30:00+00:00,2026-06-05 20:00:00+00:00,America/New_York,2026-06-07 10:36:16.710347+00:00,
MLAC,MLAC,success,213,2026-03-16 15:00:00+00:00,2026-06-05 20:00:00+00:00,America/New_York,2026-06-07 10:36:16.942282+00:00,
MGNX,MGNX,success,755,2026-03-16 13:30:00+00:00,2026-06-05 20:00:00+00:00,America/New_York,2026-06-07 10:36:16.775625+00:00,
JAKK,JAKK,success,711,2026-03-16 13:30:00+00:00,2026-06-05 20:00:00+00:00,America/New_York,2026-06-07 10:36:16.875589+00:00,
ASUR,ASUR,success,710,2026-03-16 13:30:00+00:00,2026-06-05 20:00:00+00:00,America/New_York,2026-06-07 10:36:17.029254+00:00,
SRZN,SRZN,success,712,2026-03-16 13:30:00+00:00,2026-06-05 20:00:00+00:00,America/New_York,2026-06-07 10:36:16.906118+00:00,
CLW,CLW,success,754,2026-03-16 13:30:00+00:00,2026-06-05 20:00:00+00:00,America/New_York,2026-06-07 10:36:16.993550+00:00,
ESCA,ESCA,success,667,2026-03-16 13:30:00+00:00,2026-06-05 20:00:00+00:00,America/New_York,2026-06-07 10:36:17.120612+00:00,
CXDO,CXDO,success,751,2026-03-16 13:30:00+00:00,2026-06-05 20:00:00+00:00,America/New_York,2026-06-07 10:36:17.068700+00:00,
ELTX,ELTX,success,742,2026-03-16 13:30:00+00:00,2026-06-05 20:00:00+00:00,America/New_York,2026-06-07 10:36:17.147066+00:00,
MITT,MITT,success,755,2026-03-16 13:30:00+00:00,2026-06-05 20:00:00+00:00,America/New_York,2026-06-07 10:36:17.147066+00:00,
TKNO,TKNO,success,744,2026-03-16 13:30:00+00:00,2026-06-05 20:00:00+00:00,America/New_York,2026-06-07 10:36:17.219382+00:00,
AUDC,AUDC,success,730,2026-03-16 13:30:00+00:00,2026-06-05 20:00:00+00:00,America/New_York,2026-06-07 10:36:17.250476+00:00,
FULC,FULC,success,755,2026-03-16 13:30:00+00:00,2026-06-05 20:00:00+00:00,America/New_York,2026-06-07 10:36:17.295015+00:00,
NVCT,NVCT,success,695,2026-03-16 13:30:00+00:00,2026-06-05 20:00:00+00:00,America/New_York,2026-06-07 10:36:17.369368+00:00,
CFFI,CFFI,success,136,2026-03-16 14:00:00+00:00,2026-06-05 20:00:00+00:00,America/New_York,2026-06-07 10:36:17.412819+00:00,
PROF,PROF,success,702,2026-03-16 13:30:00+00:00,2026-06-05 20:00:00+00:00,America/New_York,2026-06-07 10:36:17.445914+00:00,
LAW,LAW,success,755,2026-03-16 13:30:00+00:00,2026-06-05 20:00:00+00:00,America/New_York,2026-06-07 10:36:17.485671+00:00,
TRDA,TRDA,success,752,2026-03-16 13:30:00+00:00,2026-06-05 20:00:00+00:00,America/New_York,2026-06-07 10:36:17.522441+00:00,
SSAC,SSAC,success,157,2026-03-16 13:30:00+00:00,2026-06-05 20:00:00+00:00,America/New_York,2026-06-07 10:36:17.610061+00:00,
TBCH,TBCH,success,755,2026-03-16 13:30:00+00:00,2026-06-05 20:00:00+00:00,America/New_York,2026-06-07 10:36:17.584619+00:00,
SGHT,SGHT,success,753,2026-03-16 13:30:00+00:00,2026-06-05 20:00:00+00:00,America/New_York,2026-06-07 10:36:17.635146+00:00,
DYNC,DYNC,success,308,2026-05-01 13:30:00+00:00,2026-06-05 20:00:00+00:00,America/New_York,2026-06-07 10:36:17.792087+00:00,
SUPX,SUPX,success,755,2026-03-16 13:30:00+00:00,2026-06-05 20:00:00+00:00,America/New_York,2026-06-07 10:36:17.736967+00:00,
OSG,OSG,success,755,2026-03-16 13:30:00+00:00,2026-06-05 20:00:00+00:00,America/New_York,2026-06-07 10:36:17.759476+00:00,
CBNA,CBNA,success,186,2026-03-16 13:30:00+00:00,2026-06-05 20:00:00+00:00,America/New_York,2026-06-07 10:36:17.880767+00:00,
LCNB,LCNB,success,590,2026-03-16 13:30:00+00:00,2026-06-05 20:00:00+00:00,America/New_York,2026-06-07 10:36:17.707415+00:00,
SNFCA,SNFCA,success,629,2026-03-16 13:30:00+00:00,2026-06-05 20:00:00+00:00,America/New_York,2026-06-07 10:36:17.839204+00:00,
DAAQ,DAAQ,success,214,2026-03-16 13:30:00+00:00,2026-06-05 20:00:00+00:00,America/New_York,2026-06-07 10:36:18.042358+00:00,
BPRN,BPRN,success,294,2026-03-16 14:30:00+00:00,2026-06-05 20:00:00+00:00,America/New_York,2026-06-07 10:36:17.971479+00:00,
RGCO,RGCO,success,349,2026-03-16 13:30:00+00:00,2026-06-05 20:00:00+00:00,America/New_York,2026-06-07 10:36:17.925183+00:00,
REFI,REFI,success,752,2026-03-16 13:30:00+00:00,2026-06-05 20:00:00+00:00,America/New_York,2026-06-07 10:36:17.970477+00:00,
ANGI,ANGI,success,755,2026-03-16 13:30:00+00:00,2026-06-05 20:00:00+00:00,America/New_York,2026-06-07 10:36:18.200702+00:00,
XPOF,XPOF,success,755,2026-03-16 13:30:00+00:00,2026-06-05 20:00:00+00:00,America/New_York,2026-06-07 10:36:18.133452+00:00,
LFMD,LFMD,success,755,2026-03-16 13:30:00+00:00,2026-06-05 20:00:00+00:00,America/New_York,2026-06-07 10:36:18.209342+00:00,
LEGT,LEGT,success,460,2026-03-16 13:30:00+00:00,2026-06-05 20:00:00+00:00,America/New_York,2026-06-07 10:36:18.498274+00:00,
PEBK,PEBK,success,668,2026-03-16 13:30:00+00:00,2026-06-05 20:00:00+00:00,America/New_York,2026-06-07 10:36:18.394589+00:00,
SND,SND,success,754,2026-03-16 13:30:00+00:00,2026-06-05 20:00:00+00:00,America/New_York,2026-06-07 10:36:18.459026+00:00,
MCGA,MCGA,success,439,2026-03-16 13:30:00+00:00,2026-06-05 20:00:00+00:00,America/New_York,2026-06-07 10:36:18.393583+00:00,
AVNW,AVNW,success,753,2026-03-16 13:30:00+00:00,2026-06-05 20:00:00+00:00,America/New_York,2026-06-07 10:36:18.551895+00:00,
RELL,RELL,success,743,2026-03-16 13:30:00+00:00,2026-06-05 20:00:00+00:00,America/New_York,2026-06-07 10:36:18.618160+00:00,
FOSL,FOSL,success,755,2026-03-16 13:30:00+00:00,2026-06-05 20:00:00+00:00,America/New_York,2026-06-07 10:36:18.761213+00:00,
LOVE,LOVE,success,754,2026-03-16 13:30:00+00:00,2026-06-05 20:00:00+00:00,America/New_York,2026-06-07 10:36:18.617160+00:00,
NERV,NERV,success,746,2026-03-16 13:30:00+00:00,2026-06-05 20:00:00+00:00,America/New_York,2026-06-07 10:36:18.797896+00:00,
VABK,VABK,success,191,2026-03-16 14:00:00+00:00,2026-06-05 20:00:00+00:00,America/New_York,2026-06-07 10:36:18.925454+00:00,
CLLS,CLLS,success,507,2026-03-16 13:30:00+00:00,2026-06-05 20:00:00+00:00,America/New_York,2026-06-07 10:36:18.831641+00:00,
HDSN,HDSN,success,755,2026-03-16 13:30:00+00:00,2026-06-05 20:00:00+00:00,America/New_York,2026-06-07 10:36:18.866716+00:00,
LEE,LEE,success,635,2026-03-16 13:30:00+00:00,2026-06-05 20:00:00+00:00,America/New_York,2026-06-07 10:36:18.867712+00:00,
DPRO,DPRO,success,755,2026-03-16 13:30:00+00:00,2026-06-05 20:00:00+00:00,America/New_York,2026-06-07 10:36:18.976675+00:00,
TARA,TARA,success,755,2026-03-16 13:30:00+00:00,2026-06-05 20:00:00+00:00,America/New_York,2026-06-07 10:36:18.975677+00:00,
OBIO,OBIO,success,750,2026-03-16 13:30:00+00:00,2026-06-05 20:00:00+00:00,America/New_York,2026-06-07 10:36:19.039062+00:00,
IACQU,IACQU,success,113,2026-04-28 13:30:00+00:00,2026-06-05 20:00:00+00:00,America/New_York,2026-06-07 10:36:19.121515+00:00,
OVBC,OVBC,success,548,2026-03-16 13:30:00+00:00,2026-06-05 20:00:00+00:00,America/New_York,2026-06-07 10:36:19.150693+00:00,
FBLA,FBLA,success,726,2026-03-16 13:30:00+00:00,2026-06-05 20:00:00+00:00,America/New_York,2026-06-07 10:36:19.099851+00:00,
EVI,EVI,success,599,2026-03-16 13:30:00+00:00,2026-06-05 20:00:00+00:00,America/New_York,2026-06-07 10:36:19.219707+00:00,
USAU,USAU,success,755,2026-03-16 13:30:00+00:00,2026-06-05 20:00:00+00:00,America/New_York,2026-06-07 10:36:19.357114+00:00,
EAF,EAF,success,755,2026-03-16 13:30:00+00:00,2026-06-05 20:00:00+00:00,America/New_York,2026-06-07 10:36:19.380626+00:00,
LIEN,LIEN,success,666,2026-03-16 13:30:00+00:00,2026-06-05 20:00:00+00:00,America/New_York,2026-06-07 10:36:19.478503+00:00,
TMCI,TMCI,success,755,2026-03-16 13:30:00+00:00,2026-06-05 20:00:00+00:00,America/New_York,2026-06-07 10:36:19.429884+00:00,
MFIN,MFIN,success,669,2026-03-16 13:30:00+00:00,2026-06-05 20:00:00+00:00,America/New_York,2026-06-07 10:36:19.566342+00:00,
MRBK,MRBK,success,749,2026-03-16 13:30:00+00:00,2026-06-05 20:00:00+00:00,America/New_York,2026-06-07 10:36:19.403949+00:00,
KINS,KINS,success,747,2026-03-16 13:30:00+00:00,2026-06-05 20:00:00+00:00,America/New_York,2026-06-07 10:36:19.533216+00:00,
EFSI,EFSI,success,517,2026-03-16 13:30:00+00:00,2026-06-05 20:00:00+00:00,America/New_York,2026-06-07 10:36:19.747907+00:00,
QTTB,QTTB,success,754,2026-03-16 13:30:00+00:00,2026-06-05 20:00:00+00:00,America/New_York,2026-06-07 10:36:19.656021+00:00,
IMPP,IMPP,success,755,2026-03-16 13:30:00+00:00,2026-06-05 20:00:00+00:00,America/New_York,2026-06-07 10:36:19.805411+00:00,
NKSH,NKSH,success,675,2026-03-16 13:30:00+00:00,2026-06-05 20:00:00+00:00,America/New_York,2026-06-07 10:36:19.807414+00:00,
FCAP,FCAP,success,148,2026-03-16 19:00:00+00:00,2026-06-05 20:00:00+00:00,America/New_York,2026-06-07 10:36:19.943254+00:00,
STRS,STRS,success,481,2026-03-16 14:00:00+00:00,2026-06-05 20:00:00+00:00,America/New_York,2026-06-07 10:36:20.004245+00:00,
ONCH,ONCH,success,104,2026-03-16 13:30:00+00:00,2026-06-03 16:30:00+00:00,America/New_York,2026-06-07 10:36:20.114537+00:00,
SPOK,SPOK,success,755,2026-03-16 13:30:00+00:00,2026-06-05 20:00:00+00:00,America/New_York,2026-06-07 10:36:20.063535+00:00,
UTMD,UTMD,success,374,2026-03-16 14:00:00+00:00,2026-06-05 20:00:00+00:00,America/New_York,2026-06-07 10:36:20.267754+00:00,
FHTX,FHTX,success,749,2026-03-16 13:30:00+00:00,2026-06-05 20:00:00+00:00,America/New_York,2026-06-07 10:36:20.196195+00:00,
LENZ,LENZ,success,755,2026-03-16 13:30:00+00:00,2026-06-05 20:00:00+00:00,America/New_York,2026-06-07 10:36:20.115549+00:00,
SZZL,SZZL,success,263,2026-03-16 16:00:00+00:00,2026-06-05 20:00:00+00:00,America/New_York,2026-06-07 10:36:20.266755+00:00,
OPRT,OPRT,success,755,2026-03-16 13:30:00+00:00,2026-06-05 20:00:00+00:00,America/New_York,2026-06-07 10:36:20.225634+00:00,
SILC,SILC,success,694,2026-03-16 13:30:00+00:00,2026-06-05 20:00:00+00:00,America/New_York,2026-06-07 10:36:20.335983+00:00,
TPVG,TPVG,success,755,2026-03-16 13:30:00+00:00,2026-06-05 20:00:00+00:00,America/New_York,2026-06-07 10:36:20.442940+00:00,
CMTV,CMTV,success,529,2026-03-16 14:00:00+00:00,2026-06-05 20:00:00+00:00,America/New_York,2026-06-07 10:36:20.510852+00:00,
INBK,INBK,success,701,2026-03-16 13:30:00+00:00,2026-06-05 20:00:00+00:00,America/New_York,2026-06-07 10:36:20.566061+00:00,
LMNR,LMNR,success,717,2026-03-16 13:30:00+00:00,2026-06-05 20:00:00+00:00,America/New_York,2026-06-07 10:36:20.599101+00:00,
GENC,GENC,success,619,2026-03-16 15:00:00+00:00,2026-06-05 20:00:00+00:00,America/New_York,2026-06-07 10:36:20.541976+00:00,
CAMP,CAMP,success,740,2026-03-16 13:30:00+00:00,2026-06-05 20:00:00+00:00,America/New_York,2026-06-07 10:36:20.648603+00:00,
JACK,JACK,success,755,2026-03-16 13:30:00+00:00,2026-06-05 20:00:00+00:00,America/New_York,2026-06-07 10:36:20.647589+00:00,
HUHU,HUHU,success,382,2026-03-16 13:30:00+00:00,2026-06-05 20:00:00+00:00,America/New_York,2026-06-07 10:36:20.829182+00:00,
YDES,YDES,success,400,2026-03-16 14:30:00+00:00,2026-06-05 20:00:00+00:00,America/New_York,2026-06-07 10:36:20.828183+00:00,
CMT,CMT,success,636,2026-03-16 13:30:00+00:00,2026-06-05 20:00:00+00:00,America/New_York,2026-06-07 10:36:20.792745+00:00,
EGHA,EGHA,success,163,2026-03-17 14:00:00+00:00,2026-06-05 20:00:00+00:00,America/New_York,2026-06-07 10:36:20.926878+00:00,
OPBK,OPBK,success,619,2026-03-16 13:30:00+00:00,2026-06-05 20:00:00+00:00,America/New_York,2026-06-07 10:36:20.985400+00:00,
LFCR,LFCR,success,755,2026-03-16 13:30:00+00:00,2026-06-05 20:00:00+00:00,America/New_York,2026-06-07 10:36:20.952224+00:00,
GWRS,GWRS,success,745,2026-03-16 13:30:00+00:00,2026-06-05 20:00:00+00:00,America/New_York,2026-06-07 10:36:21.061234+00:00,
ALTG,ALTG,success,754,2026-03-16 13:30:00+00:00,2026-06-05 20:00:00+00:00,America/New_York,2026-06-07 10:36:21.027616+00:00,
PDEX,PDEX,success,580,2026-03-16 14:30:00+00:00,2026-06-05 20:00:00+00:00,America/New_York,2026-06-07 10:36:21.140425+00:00,
CPSS,CPSS,success,471,2026-03-16 13:30:00+00:00,2026-06-05 20:00:00+00:00,America/New_York,2026-06-07 10:36:21.189831+00:00,
ARCT,ARCT,success,755,2026-03-16 13:30:00+00:00,2026-06-05 20:00:00+00:00,America/New_York,2026-06-07 10:36:21.267343+00:00,
RXST,RXST,success,755,2026-03-16 13:30:00+00:00,2026-06-05 20:00:00+00:00,America/New_York,2026-06-07 10:36:21.374419+00:00,
MPAA,MPAA,success,701,2026-03-16 13:30:00+00:00,2026-06-05 20:00:00+00:00,America/New_York,2026-06-07 10:36:21.347888+00:00,
SBMT,SBMT,success,328,2026-04-30 13:30:00+00:00,2026-06-05 20:00:00+00:00,America/New_York,2026-06-07 10:36:21.396847+00:00,
CZWI,CZWI,success,509,2026-03-16 13:30:00+00:00,2026-06-05 20:00:00+00:00,America/New_York,2026-06-07 10:36:21.497361+00:00,
IMMR,IMMR,success,755,2026-03-16 13:30:00+00:00,2026-06-05 20:00:00+00:00,America/New_York,2026-06-07 10:36:21.423128+00:00,
AACP,AACP,success,37,2026-05-28 13:30:00+00:00,2026-06-05 20:00:00+00:00,America/New_York,2026-06-07 10:36:21.642133+00:00,
KPTI,KPTI,success,755,2026-03-16 13:30:00+00:00,2026-06-05 20:00:00+00:00,America/New_York,2026-06-07 10:36:21.594389+00:00,
SGC,SGC,success,647,2026-03-16 13:30:00+00:00,2026-06-05 20:00:00+00:00,America/New_York,2026-06-07 10:36:21.560295+00:00,
III,III,success,755,2026-03-16 13:30:00+00:00,2026-06-05 20:00:00+00:00,America/New_York,2026-06-07 10:36:21.705586+00:00,
ANNA,ANNA,success,755,2026-03-16 13:30:00+00:00,2026-06-05 20:00:00+00:00,America/New_York,2026-06-07 10:36:21.779803+00:00,
KROS,KROS,success,755,2026-03-16 13:30:00+00:00,2026-06-05 20:00:00+00:00,America/New_York,2026-06-07 10:36:21.674747+00:00,
LCUT,LCUT,success,749,2026-03-16 13:30:00+00:00,2026-06-05 20:00:00+00:00,America/New_York,2026-06-07 10:36:21.939752+00:00,
SUMA,SUMA,success,77,2026-04-20 14:30:00+00:00,2026-06-04 19:30:00+00:00,America/New_York,2026-06-07 10:36:22.003332+00:00,
ZH,ZH,success,753,2026-03-16 13:30:00+00:00,2026-06-05 20:00:00+00:00,America/New_York,2026-06-07 10:36:21.873280+00:00,
RNA,RNA,success,754,2026-03-16 13:30:00+00:00,2026-06-05 20:00:00+00:00,America/New_York,2026-06-07 10:36:21.905475+00:00,
INSE,INSE,success,728,2026-03-16 13:30:00+00:00,2026-06-05 20:00:00+00:00,America/New_York,2026-06-07 10:36:22.053779+00:00,
EMBC,EMBC,success,755,2026-03-16 13:30:00+00:00,2026-06-05 20:00:00+00:00,America/New_York,2026-06-07 10:36:22.163073+00:00,
JFIN,JFIN,success,684,2026-03-16 13:30:00+00:00,2026-06-05 20:00:00+00:00,America/New_York,2026-06-07 10:36:22.124952+00:00,
KTWO,KTWO,success,115,2026-03-16 13:30:00+00:00,2026-06-05 20:00:00+00:00,America/New_York,2026-06-07 10:36:22.250776+00:00,
SMTI,SMTI,success,644,2026-03-16 13:30:00+00:00,2026-06-05 20:00:00+00:00,America/New_York,2026-06-07 10:36:22.313254+00:00,
JILL,JILL,success,696,2026-03-16 13:30:00+00:00,2026-06-05 20:00:00+00:00,America/New_York,2026-06-07 10:36:22.380673+00:00,
SRI,SRI,success,754,2026-03-16 13:30:00+00:00,2026-06-05 20:00:00+00:00,America/New_York,2026-06-07 10:36:22.404321+00:00,
TBI,TBI,success,755,2026-03-16 13:30:00+00:00,2026-06-05 20:00:00+00:00,America/New_York,2026-06-07 10:36:22.449351+00:00,
FINW,FINW,success,415,2026-03-16 16:00:00+00:00,2026-06-05 20:00:00+00:00,America/New_York,2026-06-07 10:36:22.605574+00:00,
VYGR,VYGR,success,755,2026-03-16 13:30:00+00:00,2026-06-05 20:00:00+00:00,America/New_York,2026-06-07 10:36:22.543043+00:00,
AP,AP,success,755,2026-03-16 13:30:00+00:00,2026-06-05 20:00:00+00:00,America/New_York,2026-06-07 10:36:22.576491+00:00,
ETSS,ETSS,success,8,2026-06-04 13:30:00+00:00,2026-06-05 18:00:00+00:00,America/New_York,2026-06-07 10:36:22.806473+00:00,
SMHI,SMHI,success,738,2026-03-16 13:30:00+00:00,2026-06-05 20:00:00+00:00,America/New_York,2026-06-07 10:36:22.696497+00:00,
RDCM,RDCM,success,700,2026-03-16 13:30:00+00:00,2026-06-05 20:00:00+00:00,America/New_York,2026-06-07 10:36:22.748397+00:00,
VENU,VENU,success,755,2026-03-16 13:30:00+00:00,2026-06-05 20:00:00+00:00,America/New_York,2026-06-07 10:36:22.887282+00:00,
AOMR,AOMR,success,737,2026-03-16 13:30:00+00:00,2026-06-05 20:00:00+00:00,America/New_York,2026-06-07 10:36:22.917388+00:00,
WHWK,WHWK,success,751,2026-03-16 13:30:00+00:00,2026-06-05 20:00:00+00:00,America/New_York,2026-06-07 10:36:22.944691+00:00,
PMTS,PMTS,success,646,2026-03-16 13:30:00+00:00,2026-06-05 20:00:00+00:00,America/New_York,2026-06-07 10:36:23.000445+00:00,
EGAN,EGAN,success,755,2026-03-16 13:30:00+00:00,2026-06-05 20:00:00+00:00,America/New_York,2026-06-07 10:36:23.107870+00:00,
BCBP,BCBP,success,743,2026-03-16 13:30:00+00:00,2026-06-05 20:00:00+00:00,America/New_York,2026-06-07 10:36:23.080754+00:00,
ANIK,ANIK,success,746,2026-03-16 13:30:00+00:00,2026-06-05 20:00:00+00:00,America/New_York,2026-06-07 10:36:23.039638+00:00,
SEVN,SEVN,success,733,2026-03-16 13:30:00+00:00,2026-06-05 20:00:00+00:00,America/New_York,2026-06-07 10:36:23.218219+00:00,
ACB,ACB,success,755,2026-03-16 13:30:00+00:00,2026-06-05 20:00:00+00:00,America/New_York,2026-06-07 10:36:23.283038+00:00,
OMSE,OMSE,success,419,2026-03-16 13:30:00+00:00,2026-06-05 20:00:00+00:00,America/New_York,2026-06-07 10:36:23.242850+00:00,
FF,FF,success,754,2026-03-16 13:30:00+00:00,2026-06-05 20:00:00+00:00,America/New_York,2026-06-07 10:36:23.357138+00:00,
KGEI,KGEI,success,753,2026-03-16 13:30:00+00:00,2026-06-05 20:00:00+00:00,America/New_York,2026-06-07 10:36:23.394771+00:00,
DGXX,DGXX,success,755,2026-03-16 13:30:00+00:00,2026-06-05 20:00:00+00:00,America/New_York,2026-06-07 10:36:23.393768+00:00,
RICK,RICK,success,698,2026-03-16 13:30:00+00:00,2026-06-05 20:00:00+00:00,America/New_York,2026-06-07 10:36:23.497820+00:00,
TLSI,TLSI,success,742,2026-03-16 13:30:00+00:00,2026-06-05 20:00:00+00:00,America/New_York,2026-06-07 10:36:23.534229+00:00,
CFBK,CFBK,success,632,2026-03-16 13:30:00+00:00,2026-06-05 20:00:00+00:00,America/New_York,2026-06-07 10:36:23.634307+00:00,
INFU,INFU,success,753,2026-03-16 13:30:00+00:00,2026-06-05 20:00:00+00:00,America/New_York,2026-06-07 10:36:23.561976+00:00,
CHPT,CHPT,success,755,2026-03-16 13:30:00+00:00,2026-06-05 20:00:00+00:00,America/New_York,2026-06-07 10:36:23.595578+00:00,
ARQQ,ARQQ,success,754,2026-03-16 13:30:00+00:00,2026-06-05 20:00:00+00:00,America/New_York,2026-06-07 10:36:23.770573+00:00,
QMCO,QMCO,success,755,2026-03-16 13:30:00+00:00,2026-06-05 20:00:00+00:00,America/New_York,2026-06-07 10:36:23.716909+00:00,
MDV,MDV,success,728,2026-03-16 13:30:00+00:00,2026-06-05 20:00:00+00:00,America/New_York,2026-06-07 10:36:23.875868+00:00,
EXOD,EXOD,success,738,2026-03-16 13:30:00+00:00,2026-06-05 20:00:00+00:00,America/New_York,2026-06-07 10:36:23.968043+00:00,
XYF,XYF,success,738,2026-03-16 13:30:00+00:00,2026-06-05 20:00:00+00:00,America/New_York,2026-06-07 10:36:23.969043+00:00,
INSG,INSG,success,754,2026-03-16 13:30:00+00:00,2026-06-05 20:00:00+00:00,America/New_York,2026-06-07 10:36:23.909351+00:00,
OZ,OZ,success,382,2026-03-16 14:30:00+00:00,2026-06-05 19:30:00+00:00,America/New_York,2026-06-07 10:36:24.091082+00:00,
TRAK,TRAK,success,753,2026-03-16 13:30:00+00:00,2026-06-05 20:00:00+00:00,America/New_York,2026-06-07 10:36:24.039130+00:00,
UNCY,UNCY,success,755,2026-03-16 13:30:00+00:00,2026-06-05 20:00:00+00:00,America/New_York,2026-06-07 10:36:23.936428+00:00,
APYX,APYX,success,737,2026-03-16 13:30:00+00:00,2026-06-05 20:00:00+00:00,America/New_York,2026-06-07 10:36:24.149709+00:00,
EBMT,EBMT,success,719,2026-03-16 13:30:00+00:00,2026-06-05 20:00:00+00:00,America/New_York,2026-06-07 10:36:24.246307+00:00,
INTT,INTT,success,755,2026-03-16 13:30:00+00:00,2026-06-05 20:00:00+00:00,America/New_York,2026-06-07 10:36:24.245295+00:00,
RBKB,RBKB,success,281,2026-03-16 13:30:00+00:00,2026-06-05 20:00:00+00:00,America/New_York,2026-06-07 10:36:24.351469+00:00,
HQI,HQI,success,444,2026-03-16 13:30:00+00:00,2026-06-05 20:00:00+00:00,America/New_York,2026-06-07 10:36:24.317556+00:00,
BVFL,BVFL,success,344,2026-03-16 14:00:00+00:00,2026-06-05 20:00:00+00:00,America/New_York,2026-06-07 10:36:24.497376+00:00,
JRVR,JRVR,success,753,2026-03-16 13:30:00+00:00,2026-06-05 20:00:00+00:00,America/New_York,2026-06-07 10:36:24.383579+00:00,
MDWD,MDWD,success,724,2026-03-16 13:30:00+00:00,2026-06-05 20:00:00+00:00,America/New_York,2026-06-07 10:36:24.415666+00:00,
ARCL,ARCL,success,24,2026-05-29 15:00:00+00:00,2026-06-05 20:00:00+00:00,America/New_York,2026-06-07 10:36:24.630313+00:00,
KRMD,KRMD,success,735,2026-03-16 13:30:00+00:00,2026-06-05 20:00:00+00:00,America/New_York,2026-06-07 10:36:24.416673+00:00,
PESI,PESI,success,748,2026-03-16 13:30:00+00:00,2026-06-05 20:00:00+00:00,America/New_York,2026-06-07 10:36:24.569020+00:00,
PED,PED,success,627,2026-03-16 13:30:00+00:00,2026-06-05 20:00:00+00:00,America/New_York,2026-06-07 10:36:24.570530+00:00,
AMPY,AMPY,success,755,2026-03-16 13:30:00+00:00,2026-06-05 20:00:00+00:00,America/New_York,2026-06-07 10:36:24.720105+00:00,
NLOP,NLOP,success,755,2026-03-16 13:30:00+00:00,2026-06-05 20:00:00+00:00,America/New_York,2026-06-07 10:36:24.746265+00:00,
TNXP,TNXP,success,755,2026-03-16 13:30:00+00:00,2026-06-05 20:00:00+00:00,America/New_York,2026-06-07 10:36:24.747820+00:00,
CVGI,CVGI,success,755,2026-03-16 13:30:00+00:00,2026-06-05 20:00:00+00:00,America/New_York,2026-06-07 10:36:24.847547+00:00,
TONX,TONX,success,755,2026-03-16 13:30:00+00:00,2026-06-05 20:00:00+00:00,America/New_York,2026-06-07 10:36:24.938432+00:00,
KULR,KULR,success,755,2026-03-16 13:30:00+00:00,2026-06-05 20:00:00+00:00,America/New_York,2026-06-07 10:36:25.148413+00:00,
INGN,INGN,success,754,2026-03-16 13:30:00+00:00,2026-06-05 20:00:00+00:00,America/New_York,2026-06-07 10:36:25.088000+00:00,
COOK,COOK,success,523,2026-03-16 13:30:00+00:00,2026-06-05 20:00:00+00:00,America/New_York,2026-06-07 10:36:24.982151+00:00,
EARN,EARN,success,754,2026-03-16 13:30:00+00:00,2026-06-05 20:00:00+00:00,America/New_York,2026-06-07 10:36:24.981152+00:00,
LARK,LARK,success,274,2026-03-16 14:00:00+00:00,2026-06-05 20:00:00+00:00,America/New_York,2026-06-07 10:36:25.243836+00:00,
IMUX,IMUX,success,755,2026-03-16 13:30:00+00:00,2026-06-05 20:00:00+00:00,America/New_York,2026-06-07 10:36:25.181037+00:00,
CBFV,CBFV,success,89,2026-03-17 19:30:00+00:00,2026-06-05 20:00:00+00:00,America/New_York,2026-06-07 10:36:25.372851+00:00,
FRD,FRD,success,600,2026-03-16 13:30:00+00:00,2026-06-05 20:00:00+00:00,America/New_York,2026-06-07 10:36:25.299684+00:00,
EPSN,EPSN,success,753,2026-03-16 13:30:00+00:00,2026-06-05 20:00:00+00:00,America/New_York,2026-06-07 10:36:25.399778+00:00,
PAL,PAL,success,755,2026-03-16 13:30:00+00:00,2026-06-05 20:00:00+00:00,America/New_York,2026-06-07 10:36:25.443947+00:00,
FOCL,FOCL,success,52,2026-06-01 13:30:00+00:00,2026-06-05 20:00:00+00:00,America/New_York,2026-06-07 10:36:25.637943+00:00,
SJT,SJT,success,748,2026-03-16 13:30:00+00:00,2026-06-05 20:00:00+00:00,America/New_York,2026-06-07 10:36:25.488349+00:00,
RFIL,RFIL,success,755,2026-03-16 13:30:00+00:00,2026-06-05 20:00:00+00:00,America/New_York,2026-06-07 10:36:25.540738+00:00,
STRW,STRW,success,555,2026-03-16 13:30:00+00:00,2026-06-05 20:00:00+00:00,America/New_York,2026-06-07 10:36:25.698880+00:00,
RNAC,RNAC,success,753,2026-03-16 13:30:00+00:00,2026-06-05 20:00:00+00:00,America/New_York,2026-06-07 10:36:25.581880+00:00,
MNSB,MNSB,success,695,2026-03-16 13:30:00+00:00,2026-06-05 20:00:00+00:00,America/New_York,2026-06-07 10:36:25.662488+00:00,
OKUR,OKUR,success,752,2026-03-16 13:30:00+00:00,2026-06-05 20:00:00+00:00,America/New_York,2026-06-07 10:36:25.739500+00:00,
HNVR,HNVR,success,471,2026-03-16 14:00:00+00:00,2026-06-05 20:00:00+00:00,America/New_York,2026-06-07 10:36:25.831122+00:00,
ONEW,ONEW,success,753,2026-03-16 13:30:00+00:00,2026-06-05 20:00:00+00:00,America/New_York,2026-06-07 10:36:25.829612+00:00,
TAYD,TAYD,success,641,2026-03-16 13:30:00+00:00,2026-06-05 20:00:00+00:00,America/New_York,2026-06-07 10:36:25.977799+00:00,
DTIL,DTIL,success,755,2026-03-16 13:30:00+00:00,2026-06-05 20:00:00+00:00,America/New_York,2026-06-07 10:36:25.931580+00:00,
IMDX,IMDX,success,750,2026-03-16 13:30:00+00:00,2026-06-05 20:00:00+00:00,America/New_York,2026-06-07 10:36:25.907698+00:00,
RCMT,RCMT,success,705,2026-03-16 13:30:00+00:00,2026-06-05 20:00:00+00:00,America/New_York,2026-06-07 10:36:26.065038+00:00,
ARTV,ARTV,success,753,2026-03-16 13:30:00+00:00,2026-06-05 20:00:00+00:00,America/New_York,2026-06-07 10:36:26.029753+00:00,
TGEN,TGEN,success,755,2026-03-16 13:30:00+00:00,2026-06-05 20:00:00+00:00,America/New_York,2026-06-07 10:36:26.186280+00:00,
WHG,WHG,success,469,2026-03-16 13:30:00+00:00,2026-06-05 20:00:00+00:00,America/New_York,2026-06-07 10:36:26.353520+00:00,
ACU,ACU,success,579,2026-03-16 13:30:00+00:00,2026-06-05 20:00:00+00:00,America/New_York,2026-06-07 10:36:26.318791+00:00,
CHCI,CHCI,success,499,2026-03-16 13:30:00+00:00,2026-06-05 20:00:00+00:00,America/New_York,2026-06-07 10:36:26.261170+00:00,
ESP,ESP,success,620,2026-03-16 13:30:00+00:00,2026-06-05 20:00:00+00:00,America/New_York,2026-06-07 10:36:26.376554+00:00,
THRY,THRY,success,755,2026-03-16 13:30:00+00:00,2026-06-05 20:00:00+00:00,America/New_York,2026-06-07 10:36:26.511150+00:00,
WW,WW,success,754,2026-03-16 13:30:00+00:00,2026-06-05 20:00:00+00:00,America/New_York,2026-06-07 10:36:26.447126+00:00,
DERM,DERM,success,754,2026-03-16 13:30:00+00:00,2026-06-05 20:00:00+00:00,America/New_York,2026-06-07 10:36:26.429560+00:00,
EGG,EGG,success,402,2026-03-16 13:30:00+00:00,2026-06-05 20:00:00+00:00,America/New_York,2026-06-07 10:36:26.660114+00:00,
KORE,KORE,success,592,2026-03-16 13:30:00+00:00,2026-06-05 20:00:00+00:00,America/New_York,2026-06-07 10:36:26.609926+00:00,
BDSX,BDSX,success,692,2026-03-16 13:30:00+00:00,2026-06-05 20:00:00+00:00,America/New_York,2026-06-07 10:36:26.681233+00:00,
TUSK,TUSK,success,754,2026-03-16 13:30:00+00:00,2026-06-05 20:00:00+00:00,America/New_York,2026-06-07 10:36:26.756300+00:00,
SMID,SMID,success,404,2026-03-16 13:30:00+00:00,2026-06-05 20:00:00+00:00,America/New_York,2026-06-07 10:36:26.878751+00:00,
ADAG,ADAG,success,682,2026-03-16 13:30:00+00:00,2026-06-05 20:00:00+00:00,America/New_York,2026-06-07 10:36:26.878751+00:00,
ECBK,ECBK,success,339,2026-03-16 15:00:00+00:00,2026-06-05 20:00:00+00:00,America/New_York,2026-06-07 10:36:26.834576+00:00,
MNTS,MNTS,success,755,2026-03-16 13:30:00+00:00,2026-06-05 20:00:00+00:00,America/New_York,2026-06-07 10:36:26.985715+00:00,
IPEX,IPEX,success,102,2026-03-16 13:30:00+00:00,2026-06-04 19:00:00+00:00,America/New_York,2026-06-07 10:36:26.986714+00:00,
TLYS,TLYS,success,754,2026-03-16 13:30:00+00:00,2026-06-05 20:00:00+00:00,America/New_York,2026-06-07 10:36:27.054705+00:00,
SHIM,SHIM,success,691,2026-03-16 13:30:00+00:00,2026-06-05 20:00:00+00:00,America/New_York,2026-06-07 10:36:27.138729+00:00,
TTRX,TTRX,success,495,2026-03-16 13:30:00+00:00,2026-06-05 20:00:00+00:00,America/New_York,2026-06-07 10:36:27.171957+00:00,
KRRO,KRRO,success,752,2026-03-16 13:30:00+00:00,2026-06-05 20:00:00+00:00,America/New_York,2026-06-07 10:36:27.210615+00:00,
RMBI,RMBI,success,587,2026-03-16 13:30:00+00:00,2026-06-05 20:00:00+00:00,America/New_York,2026-06-07 10:36:27.270571+00:00,
MRDN,MRDN,success,596,2026-03-16 13:30:00+00:00,2026-06-05 20:00:00+00:00,America/New_York,2026-06-07 10:36:27.209613+00:00,
FGBI,FGBI,success,409,2026-03-16 14:00:00+00:00,2026-06-05 20:00:00+00:00,America/New_York,2026-06-07 10:36:27.349701+00:00,
DOMO,DOMO,success,755,2026-03-16 13:30:00+00:00,2026-06-05 20:00:00+00:00,America/New_York,2026-06-07 10:36:27.315528+00:00,
EPM,EPM,success,755,2026-03-16 13:30:00+00:00,2026-06-05 20:00:00+00:00,America/New_York,2026-06-07 10:36:27.400119+00:00,
QTRX,QTRX,success,755,2026-03-16 13:30:00+00:00,2026-06-05 20:00:00+00:00,America/New_York,2026-06-07 10:36:27.483355+00:00,
ORMP,ORMP,success,740,2026-03-16 13:30:00+00:00,2026-06-05 20:00:00+00:00,America/New_York,2026-06-07 10:36:27.554954+00:00,
RGP,RGP,success,755,2026-03-16 13:30:00+00:00,2026-06-05 20:00:00+00:00,America/New_York,2026-06-07 10:36:27.568051+00:00,
IDACU,IDACU,success,44,2026-05-18 13:30:00+00:00,2026-06-05 20:00:00+00:00,America/New_York,2026-06-07 10:36:27.684712+00:00,
TCX,TCX,success,544,2026-03-16 13:30:00+00:00,2026-06-05 20:00:00+00:00,America/New_York,2026-06-07 10:36:27.568051+00:00,
DOYU,DOYU,success,581,2026-03-16 13:30:00+00:00,2026-06-05 20:00:00+00:00,America/New_York,2026-06-07 10:36:27.716488+00:00,
BIDWU,BIDWU,success,38,2026-05-29 13:30:00+00:00,2026-06-05 20:00:00+00:00,America/New_York,2026-06-07 10:36:27.939491+00:00,
ASRT,ASRT,success,750,2026-03-16 13:30:00+00:00,2026-06-05 20:00:00+00:00,America/New_York,2026-06-07 10:36:27.761642+00:00,
NRXP,NRXP,success,755,2026-03-16 13:30:00+00:00,2026-06-05 20:00:00+00:00,America/New_York,2026-06-07 10:36:27.840541+00:00,
TRAD,TRAD,success,154,2026-04-20 13:30:00+00:00,2026-06-05 13:30:00+00:00,America/New_York,2026-06-07 10:36:27.998101+00:00,
DIBS,DIBS,success,749,2026-03-16 13:30:00+00:00,2026-06-05 20:00:00+00:00,America/New_York,2026-06-07 10:36:27.886334+00:00,
KVHI,KVHI,success,747,2026-03-16 13:30:00+00:00,2026-06-05 20:00:00+00:00,America/New_York,2026-06-07 10:36:27.908388+00:00,
SBFG,SBFG,success,351,2026-03-16 13:30:00+00:00,2026-06-05 20:00:00+00:00,America/New_York,2026-06-07 10:36:27.997099+00:00,
TORO,TORO,success,672,2026-03-16 13:30:00+00:00,2026-06-05 20:00:00+00:00,America/New_York,2026-06-07 10:36:28.169084+00:00,
CITR,CITR,success,621,2026-03-16 13:30:00+00:00,2026-06-05 20:00:00+00:00,America/New_York,2026-06-07 10:36:28.210385+00:00,
RAIL,RAIL,success,753,2026-03-16 13:30:00+00:00,2026-06-05 20:00:00+00:00,America/New_York,2026-06-07 10:36:28.263601+00:00,
SAGU,SAGU,success,35,2026-05-22 13:30:00+00:00,2026-06-05 13:30:00+00:00,America/New_York,2026-06-07 10:36:28.459481+00:00,
WSHP,WSHP,success,722,2026-03-16 13:30:00+00:00,2026-06-05 20:00:00+00:00,America/New_York,2026-06-07 10:36:28.408390+00:00,
BNAI,BNAI,success,755,2026-03-16 13:30:00+00:00,2026-06-05 20:00:00+00:00,America/New_York,2026-06-07 10:36:28.340143+00:00,
WHF,WHF,success,727,2026-03-16 13:30:00+00:00,2026-06-05 20:00:00+00:00,America/New_York,2026-06-07 10:36:28.367257+00:00,
AMWL,AMWL,success,705,2026-03-16 13:30:00+00:00,2026-06-05 20:00:00+00:00,America/New_York,2026-06-07 10:36:28.511688+00:00,
PSIG,PSIG,success,599,2026-03-16 13:30:00+00:00,2026-06-05 20:00:00+00:00,America/New_York,2026-06-07 10:36:28.568522+00:00,
FMAC,FMAC,success,34,2026-05-18 13:30:00+00:00,2026-06-04 16:00:00+00:00,America/New_York,2026-06-07 10:36:28.678266+00:00,
CVRX,CVRX,success,754,2026-03-16 13:30:00+00:00,2026-06-05 20:00:00+00:00,America/New_York,2026-06-07 10:36:28.602178+00:00,
FNWD,FNWD,success,275,2026-03-16 13:30:00+00:00,2026-06-05 20:00:00+00:00,America/New_York,2026-06-07 10:36:28.734659+00:00,
WATT,WATT,success,755,2026-03-16 13:30:00+00:00,2026-06-05 20:00:00+00:00,America/New_York,2026-06-07 10:36:28.735658+00:00,
DHX,DHX,success,755,2026-03-16 13:30:00+00:00,2026-06-05 20:00:00+00:00,America/New_York,2026-06-07 10:36:28.821957+00:00,
CRBP,CRBP,success,754,2026-03-16 13:30:00+00:00,2026-06-05 20:00:00+00:00,America/New_York,2026-06-07 10:36:28.782006+00:00,
LGCY,LGCY,success,709,2026-03-16 13:30:00+00:00,2026-06-05 20:00:00+00:00,America/New_York,2026-06-07 10:36:28.876935+00:00,
AFBI,AFBI,success,271,2026-03-16 13:30:00+00:00,2026-06-05 20:00:00+00:00,America/New_York,2026-06-07 10:36:28.933733+00:00,
BOOM,BOOM,success,755,2026-03-16 13:30:00+00:00,2026-06-05 20:00:00+00:00,America/New_York,2026-06-07 10:36:29.068317+00:00,
CMTL,CMTL,success,753,2026-03-16 13:30:00+00:00,2026-06-05 20:00:00+00:00,America/New_York,2026-06-07 10:36:29.017664+00:00,
SRBK,SRBK,success,655,2026-03-16 13:30:00+00:00,2026-06-05 20:00:00+00:00,America/New_York,2026-06-07 10:36:29.125210+00:00,
HOFT,HOFT,success,615,2026-03-16 13:30:00+00:00,2026-06-05 20:00:00+00:00,America/New_York,2026-06-07 10:36:29.100958+00:00,
ANTX,ANTX,success,752,2026-03-16 13:30:00+00:00,2026-06-05 20:00:00+00:00,America/New_York,2026-06-07 10:36:29.149246+00:00,
SVRE,SVRE,success,523,2026-03-16 13:30:00+00:00,2026-06-05 20:00:00+00:00,America/New_York,2026-06-07 10:36:29.193842+00:00,
SPRB,SPRB,success,686,2026-03-16 13:30:00+00:00,2026-06-05 20:00:00+00:00,America/New_York,2026-06-07 10:36:29.219394+00:00,
ACR,ACR,success,545,2026-03-16 13:30:00+00:00,2026-06-05 20:00:00+00:00,America/New_York,2026-06-07 10:36:29.328443+00:00,
OWLT,OWLT,success,755,2026-03-16 13:30:00+00:00,2026-06-05 20:00:00+00:00,America/New_York,2026-06-07 10:36:29.396627+00:00,
HURC,HURC,success,406,2026-03-16 14:00:00+00:00,2026-06-05 20:00:00+00:00,America/New_York,2026-06-07 10:36:29.327444+00:00,
AXR,AXR,success,388,2026-03-16 13:30:00+00:00,2026-06-05 20:00:00+00:00,America/New_York,2026-06-07 10:36:29.417706+00:00,
AGEN,AGEN,success,755,2026-03-16 13:30:00+00:00,2026-06-05 20:00:00+00:00,America/New_York,2026-06-07 10:36:29.439655+00:00,
BYRN,BYRN,success,755,2026-03-16 13:30:00+00:00,2026-06-05 20:00:00+00:00,America/New_York,2026-06-07 10:36:29.474248+00:00,
CAAS,CAAS,success,523,2026-03-16 13:30:00+00:00,2026-06-05 20:00:00+00:00,America/New_York,2026-06-07 10:36:29.580423+00:00,
VWAV,VWAV,success,755,2026-03-16 13:30:00+00:00,2026-06-05 20:00:00+00:00,America/New_York,2026-06-07 10:36:29.608084+00:00,
CODA,CODA,success,752,2026-03-16 13:30:00+00:00,2026-06-05 20:00:00+00:00,America/New_York,2026-06-07 10:36:29.647954+00:00,
SMJF,SMJF,success,682,2026-03-16 13:30:00+00:00,2026-06-05 20:00:00+00:00,America/New_York,2026-06-07 10:36:29.772459+00:00,
FORR,FORR,success,738,2026-03-16 13:30:00+00:00,2026-06-05 20:00:00+00:00,America/New_York,2026-06-07 10:36:29.646953+00:00,
MED,MED,success,750,2026-03-16 13:30:00+00:00,2026-06-05 20:00:00+00:00,America/New_York,2026-06-07 10:36:29.742171+00:00,
NCSM,NCSM,success,628,2026-03-16 13:30:00+00:00,2026-06-05 20:00:00+00:00,America/New_York,2026-06-07 10:36:29.804326+00:00,
COE,COE,success,286,2026-03-16 14:30:00+00:00,2026-06-05 18:30:00+00:00,America/New_York,2026-06-07 10:36:29.979354+00:00,
HYNE,HYNE,success,447,2026-03-16 13:30:00+00:00,2026-06-05 20:00:00+00:00,America/New_York,2026-06-07 10:36:29.907959+00:00,
SAMG,SAMG,success,629,2026-03-16 13:30:00+00:00,2026-06-05 20:00:00+00:00,America/New_York,2026-06-07 10:36:29.981111+00:00,
EML,EML,success,507,2026-03-16 13:30:00+00:00,2026-06-05 20:00:00+00:00,America/New_York,2026-06-07 10:36:30.100163+00:00,
CPSH,CPSH,success,750,2026-03-16 13:30:00+00:00,2026-06-05 20:00:00+00:00,America/New_York,2026-06-07 10:36:30.154813+00:00,
AESPU,AESPU,success,7,2026-06-04 19:30:00+00:00,2026-06-05 20:00:00+00:00,America/New_York,2026-06-07 10:36:30.240836+00:00,
SKLZ,SKLZ,success,740,2026-03-16 13:30:00+00:00,2026-06-05 20:00:00+00:00,America/New_York,2026-06-07 10:36:30.170398+00:00,
AMPG,AMPG,success,755,2026-03-16 13:30:00+00:00,2026-06-05 20:00:00+00:00,America/New_York,2026-06-07 10:36:30.131255+00:00,
AFJK,AFJK,success,208,2026-03-16 13:30:00+00:00,2026-06-05 20:00:00+00:00,America/New_York,2026-06-07 10:36:30.241839+00:00,
RCEL,RCEL,success,753,2026-03-16 13:30:00+00:00,2026-06-05 20:00:00+00:00,America/New_York,2026-06-07 10:36:30.283943+00:00,
ACNT,ACNT,success,726,2026-03-16 13:30:00+00:00,2026-06-05 20:00:00+00:00,America/New_York,2026-06-07 10:36:30.348975+00:00,
VTVT,VTVT,success,617,2026-03-16 13:30:00+00:00,2026-06-05 20:00:00+00:00,America/New_York,2026-06-07 10:36:30.382221+00:00,
SNWV,SNWV,success,724,2026-03-16 13:30:00+00:00,2026-06-05 20:00:00+00:00,America/New_York,2026-06-07 10:36:30.503692+00:00,
DLTH,DLTH,success,695,2026-03-16 14:00:00+00:00,2026-06-05 20:00:00+00:00,America/New_York,2026-06-07 10:36:30.475554+00:00,
SIF,SIF,success,727,2026-03-16 13:30:00+00:00,2026-06-05 20:00:00+00:00,America/New_York,2026-06-07 10:36:30.576143+00:00,
HCHL,HCHL,success,599,2026-03-16 13:30:00+00:00,2026-06-05 20:00:00+00:00,America/New_York,2026-06-07 10:36:30.534967+00:00,
CMCM,CMCM,success,449,2026-03-16 13:30:00+00:00,2026-06-05 20:00:00+00:00,America/New_York,2026-06-07 10:36:30.667112+00:00,
LFVN,LFVN,success,751,2026-03-16 13:30:00+00:00,2026-06-05 20:00:00+00:00,America/New_York,2026-06-07 10:36:30.627687+00:00,
SBC,SBC,success,701,2026-03-16 13:30:00+00:00,2026-06-05 20:00:00+00:00,America/New_York,2026-06-07 10:36:10.598905+00:00,
KZIA,KZIA,success,729,2026-03-16 13:30:00+00:00,2026-06-05 20:00:00+00:00,America/New_York,2026-06-07 10:36:30.655284+00:00,
DWSN,DWSN,success,730,2026-03-16 13:30:00+00:00,2026-06-05 20:00:00+00:00,America/New_York,2026-06-07 10:36:30.919656+00:00,
AOUT,AOUT,success,679,2026-03-16 13:30:00+00:00,2026-06-05 20:00:00+00:00,America/New_York,2026-06-07 10:36:30.969526+00:00,
BSET,BSET,success,580,2026-03-16 13:30:00+00:00,2026-06-05 20:00:00+00:00,America/New_York,2026-06-07 10:36:30.968528+00:00,
CUE,CUE,success,748,2026-03-16 13:30:00+00:00,2026-06-05 20:00:00+00:00,America/New_York,2026-06-07 10:36:30.831012+00:00,
MSLE,MSLE,success,596,2026-03-16 13:30:00+00:00,2026-06-05 20:00:00+00:00,America/New_York,2026-06-07 10:36:31.112522+00:00,
LSBK,LSBK,success,268,2026-03-16 18:30:00+00:00,2026-06-05 20:00:00+00:00,America/New_York,2026-06-07 10:36:31.114029+00:00,
ACOG,ACOG,success,580,2026-03-16 13:30:00+00:00,2026-06-05 20:00:00+00:00,America/New_York,2026-06-07 10:36:31.115042+00:00,
PCSC,PCSC,success,486,2026-03-16 13:30:00+00:00,2026-06-05 20:00:00+00:00,America/New_York,2026-06-07 10:36:31.087844+00:00,
SCOR,SCOR,success,458,2026-03-16 13:30:00+00:00,2026-06-05 20:00:00+00:00,America/New_York,2026-06-07 10:36:31.230837+00:00,
LASE,LASE,success,755,2026-03-16 13:30:00+00:00,2026-06-05 20:00:00+00:00,America/New_York,2026-06-07 10:36:31.203235+00:00,
RVSB,RVSB,success,613,2026-03-16 13:30:00+00:00,2026-06-05 20:00:00+00:00,America/New_York,2026-06-07 10:36:31.326695+00:00,
WSBK,WSBK,success,219,2026-03-16 13:30:00+00:00,2026-06-05 20:00:00+00:00,America/New_York,2026-06-07 10:36:31.426679+00:00,
PUSA,PUSA,success,183,2026-05-18 13:30:00+00:00,2026-06-05 20:00:00+00:00,America/New_York,2026-06-07 10:36:31.522239+00:00,
USGO,USGO,success,724,2026-03-16 13:30:00+00:00,2026-06-05 20:00:00+00:00,America/New_York,2026-06-07 10:36:31.284855+00:00,
JYNT,JYNT,success,671,2026-03-16 13:30:00+00:00,2026-06-05 20:00:00+00:00,America/New_York,2026-06-07 10:36:31.374682+00:00,
SPAI,SPAI,success,754,2026-03-16 13:30:00+00:00,2026-06-05 20:00:00+00:00,America/New_York,2026-06-07 10:36:31.399095+00:00,
SUNS,SUNS,success,747,2026-03-16 13:30:00+00:00,2026-06-05 20:00:00+00:00,America/New_York,2026-06-07 10:36:31.458259+00:00,
ALOT,ALOT,success,564,2026-03-16 13:30:00+00:00,2026-06-05 20:00:00+00:00,America/New_York,2026-06-07 10:36:31.488080+00:00,
FXACU,FXACU,success,46,2026-05-22 13:30:00+00:00,2026-06-05 20:00:00+00:00,America/New_York,2026-06-07 10:36:31.851466+00:00,
RENT,RENT,success,708,2026-03-16 13:30:00+00:00,2026-06-05 20:00:00+00:00,America/New_York,2026-06-07 10:36:31.609404+00:00,
ULBI,ULBI,success,623,2026-03-16 13:30:00+00:00,2026-06-05 20:00:00+00:00,America/New_York,2026-06-07 10:36:31.570051+00:00,
TSQ,TSQ,success,734,2026-03-16 13:30:00+00:00,2026-06-05 20:00:00+00:00,America/New_York,2026-06-07 10:36:31.800306+00:00,
PODC,PODC,success,655,2026-03-16 13:30:00+00:00,2026-06-05 20:00:00+00:00,America/New_York,2026-06-07 10:36:31.752361+00:00,
NTHI,NTHI,success,655,2026-03-16 13:30:00+00:00,2026-06-05 20:00:00+00:00,America/New_York,2026-06-07 10:36:31.896473+00:00,
PROV,PROV,success,438,2026-03-16 13:30:00+00:00,2026-06-05 20:00:00+00:00,America/New_York,2026-06-07 10:36:32.001386+00:00,
RPT,RPT,success,643,2026-03-16 13:30:00+00:00,2026-06-05 20:00:00+00:00,America/New_York,2026-06-07 10:36:31.947604+00:00,
OCC,OCC,success,755,2026-03-16 13:30:00+00:00,2026-06-05 20:00:00+00:00,America/New_York,2026-06-07 10:36:32.161140+00:00,
SFBC,SFBC,success,210,2026-03-16 16:30:00+00:00,2026-06-05 20:00:00+00:00,America/New_York,2026-06-07 10:36:32.238889+00:00,
STHO,STHO,success,438,2026-03-16 13:30:00+00:00,2026-06-05 20:00:00+00:00,America/New_York,2026-06-07 10:36:32.193758+00:00,
WYY,WYY,success,654,2026-03-16 13:30:00+00:00,2026-06-05 20:00:00+00:00,America/New_York,2026-06-07 10:36:32.284132+00:00,
AMCI,AMCI,success,675,2026-03-16 13:30:00+00:00,2026-06-05 20:00:00+00:00,America/New_York,2026-06-07 10:36:32.362823+00:00,
VTIX,VTIX,success,750,2026-03-16 13:30:00+00:00,2026-06-05 20:00:00+00:00,America/New_York,2026-06-07 10:36:32.285129+00:00,
KEQU,KEQU,success,162,2026-03-16 14:00:00+00:00,2026-06-05 20:00:00+00:00,America/New_York,2026-06-07 10:36:32.405508+00:00,
FGMC,FGMC,success,590,2026-03-16 13:30:00+00:00,2026-06-05 20:00:00+00:00,America/New_York,2026-06-07 10:36:32.363821+00:00,
UNB,UNB,success,280,2026-03-16 14:00:00+00:00,2026-06-05 20:00:00+00:00,America/New_York,2026-06-07 10:36:32.441637+00:00,
TRT,TRT,success,735,2026-03-16 13:30:00+00:00,2026-06-05 20:00:00+00:00,America/New_York,2026-06-07 10:36:32.491786+00:00,
BOTJ,BOTJ,success,400,2026-03-16 13:30:00+00:00,2026-06-05 20:00:00+00:00,America/New_York,2026-06-07 10:36:32.571710+00:00,
ATLX,ATLX,success,755,2026-03-16 13:30:00+00:00,2026-06-05 20:00:00+00:00,America/New_York,2026-06-07 10:36:32.617317+00:00,
VRCA,VRCA,success,676,2026-03-16 13:30:00+00:00,2026-06-05 20:00:00+00:00,America/New_York,2026-06-07 10:36:32.653484+00:00,
TZOO,TZOO,success,747,2026-03-16 13:30:00+00:00,2026-06-05 20:00:00+00:00,America/New_York,2026-06-07 10:36:32.748336+00:00,
BUDA,BUDA,success,329,2026-03-16 13:30:00+00:00,2026-06-05 19:30:00+00:00,America/New_York,2026-06-07 10:36:32.783815+00:00,
XGN,XGN,success,755,2026-03-16 13:30:00+00:00,2026-06-05 20:00:00+00:00,America/New_York,2026-06-07 10:36:32.710694+00:00,
AMAN,AMAN,success,94,2026-05-19 14:00:00+00:00,2026-06-05 20:00:00+00:00,America/New_York,2026-06-07 10:36:32.902193+00:00,
COYA,COYA,success,752,2026-03-16 13:30:00+00:00,2026-06-05 20:00:00+00:00,America/New_York,2026-06-07 10:36:32.683071+00:00,
FNWB,FNWB,success,637,2026-03-16 13:30:00+00:00,2026-06-05 20:00:00+00:00,America/New_York,2026-06-07 10:36:32.871999+00:00,
GEOS,GEOS,success,754,2026-03-16 13:30:00+00:00,2026-06-05 20:00:00+00:00,America/New_York,2026-06-07 10:36:32.829686+00:00,
BNR,BNR,success,428,2026-03-16 13:30:00+00:00,2026-06-05 20:00:00+00:00,America/New_York,2026-06-07 10:36:32.939480+00:00,
IPWR,IPWR,success,709,2026-03-16 13:30:00+00:00,2026-06-05 20:00:00+00:00,America/New_York,2026-06-07 10:36:32.966036+00:00,
RACC,RACC,success,63,2026-05-20 13:30:00+00:00,2026-06-05 20:00:00+00:00,America/New_York,2026-06-07 10:36:33.119499+00:00,
SSTI,SSTI,success,748,2026-03-16 13:30:00+00:00,2026-06-05 20:00:00+00:00,America/New_York,2026-06-07 10:36:33.011723+00:00,
INVE,INVE,success,708,2026-03-16 13:30:00+00:00,2026-06-05 20:00:00+00:00,America/New_York,2026-06-07 10:36:33.056616+00:00,
OPRX,OPRX,success,755,2026-03-16 13:30:00+00:00,2026-06-05 20:00:00+00:00,America/New_York,2026-06-07 10:36:33.147974+00:00,
PGAC,PGAC,success,102,2026-03-16 13:30:00+00:00,2026-06-05 20:00:00+00:00,America/New_York,2026-06-07 10:36:33.262256+00:00,
APURU,APURU,success,95,2026-05-21 13:30:00+00:00,2026-06-05 20:00:00+00:00,America/New_York,2026-06-07 10:36:33.364044+00:00,
KG,KG,success,327,2026-03-16 17:30:00+00:00,2026-06-05 20:00:00+00:00,America/New_York,2026-06-07 10:36:33.293429+00:00,
FUSB,FUSB,success,167,2026-03-16 13:30:00+00:00,2026-06-05 20:00:00+00:00,America/New_York,2026-06-07 10:36:33.406783+00:00,
SKBL,SKBL,success,719,2026-03-16 13:30:00+00:00,2026-06-05 20:00:00+00:00,America/New_York,2026-06-07 10:36:33.177863+00:00,
OCCI,OCCI,success,750,2026-03-16 13:30:00+00:00,2026-06-05 20:00:00+00:00,America/New_York,2026-06-07 10:36:33.189893+00:00,
KLRS,KLRS,success,692,2026-03-16 13:30:00+00:00,2026-06-05 20:00:00+00:00,America/New_York,2026-06-07 10:36:33.365044+00:00,
FTLF,FTLF,success,587,2026-03-16 13:30:00+00:00,2026-06-05 20:00:00+00:00,America/New_York,2026-06-07 10:36:33.473580+00:00,
SEAT,SEAT,success,740,2026-03-16 13:30:00+00:00,2026-06-05 20:00:00+00:00,America/New_York,2026-06-07 10:36:33.570749+00:00,
VIRC,VIRC,success,623,2026-03-16 14:00:00+00:00,2026-06-05 20:00:00+00:00,America/New_York,2026-06-07 10:36:33.658784+00:00,
SLNG,SLNG,success,551,2026-03-16 13:30:00+00:00,2026-06-05 20:00:00+00:00,America/New_York,2026-06-07 10:36:33.743449+00:00,
UBCP,UBCP,success,223,2026-03-16 13:30:00+00:00,2026-06-05 20:00:00+00:00,America/New_York,2026-06-07 10:36:33.851378+00:00,
MCAHU,MCAHU,success,78,2026-04-30 13:30:00+00:00,2026-06-05 20:00:00+00:00,America/New_York,2026-06-07 10:36:33.911278+00:00,
WKEY,WKEY,success,737,2026-03-16 13:30:00+00:00,2026-06-05 20:00:00+00:00,America/New_York,2026-06-07 10:36:33.936994+00:00,
BCIC,BCIC,success,742,2026-03-16 13:30:00+00:00,2026-06-05 20:00:00+00:00,America/New_York,2026-06-07 10:36:33.881973+00:00,
EMPD,EMPD,success,755,2026-03-16 13:30:00+00:00,2026-06-05 20:00:00+00:00,America/New_York,2026-06-07 10:36:33.826340+00:00,
LAKE,LAKE,success,742,2026-03-16 13:30:00+00:00,2026-06-05 20:00:00+00:00,America/New_York,2026-06-07 10:36:33.987584+00:00,
ATRA,ATRA,success,723,2026-03-16 13:30:00+00:00,2026-06-05 20:00:00+00:00,America/New_York,2026-06-07 10:36:34.028308+00:00,
ROC,ROC,success,596,2026-03-16 13:30:00+00:00,2026-06-05 20:00:00+00:00,America/New_York,2026-06-07 10:36:34.026790+00:00,
BWEN,BWEN,success,743,2026-03-16 13:30:00+00:00,2026-06-05 20:00:00+00:00,America/New_York,2026-06-07 10:36:34.108811+00:00,
ANPA,ANPA,success,453,2026-03-16 13:30:00+00:00,2026-06-05 20:00:00+00:00,America/New_York,2026-06-07 10:36:34.264338+00:00,
PTHS,PTHS,success,378,2026-03-16 13:30:00+00:00,2026-06-05 18:00:00+00:00,America/New_York,2026-06-07 10:36:34.201170+00:00,
ZEPP,ZEPP,success,727,2026-03-16 13:30:00+00:00,2026-06-05 20:00:00+00:00,America/New_York,2026-06-07 10:36:34.174592+00:00,
CSPI,CSPI,success,484,2026-03-16 14:00:00+00:00,2026-06-05 20:00:00+00:00,America/New_York,2026-06-07 10:36:34.308530+00:00,
ICCC,ICCC,success,510,2026-03-16 13:30:00+00:00,2026-06-05 20:00:00+00:00,America/New_York,2026-06-07 10:36:34.336671+00:00,
CPIX,CPIX,success,680,2026-03-16 13:30:00+00:00,2026-06-05 20:00:00+00:00,America/New_York,2026-06-07 10:36:34.338178+00:00,
LIXT,LIXT,success,526,2026-03-16 13:30:00+00:00,2026-06-05 20:00:00+00:00,America/New_York,2026-06-07 10:36:34.392349+00:00,
LNZA,LNZA,success,655,2026-03-16 13:30:00+00:00,2026-06-05 20:00:00+00:00,America/New_York,2026-06-07 10:36:34.424948+00:00,
AIRG,AIRG,success,709,2026-03-16 13:30:00+00:00,2026-06-05 20:00:00+00:00,America/New_York,2026-06-07 10:36:34.464412+00:00,
VRA,VRA,success,743,2026-03-16 13:30:00+00:00,2026-06-05 20:00:00+00:00,America/New_York,2026-06-07 10:36:34.520723+00:00,
FATN,FATN,success,716,2026-03-16 13:30:00+00:00,2026-06-05 20:00:00+00:00,America/New_York,2026-06-07 10:36:34.545834+00:00,
PYPD,PYPD,success,672,2026-03-16 13:30:00+00:00,2026-06-05 20:00:00+00:00,America/New_York,2026-06-07 10:36:34.605044+00:00,
PARK,PARK,success,386,2026-03-16 13:30:00+00:00,2026-06-05 20:00:00+00:00,America/New_York,2026-06-07 10:36:34.629028+00:00,
GECC,GECC,success,711,2026-03-16 13:30:00+00:00,2026-06-05 20:00:00+00:00,America/New_York,2026-06-07 10:36:34.651082+00:00,
OPXS,OPXS,success,593,2026-03-16 13:30:00+00:00,2026-06-05 20:00:00+00:00,America/New_York,2026-06-07 10:36:34.751541+00:00,
JFB,JFB,success,752,2026-03-16 13:30:00+00:00,2026-06-05 20:00:00+00:00,America/New_York,2026-06-07 10:36:34.702406+00:00,
NRXS,NRXS,success,752,2026-03-16 13:30:00+00:00,2026-06-05 20:00:00+00:00,America/New_York,2026-06-07 10:36:34.725989+00:00,
RLYB,RLYB,success,719,2026-03-16 13:30:00+00:00,2026-06-05 20:00:00+00:00,America/New_York,2026-06-07 10:36:34.802106+00:00,
OM,OM,success,755,2026-03-16 13:30:00+00:00,2026-06-05 20:00:00+00:00,America/New_York,2026-06-07 10:36:34.864898+00:00,
PIII,PIII,success,534,2026-03-16 13:30:00+00:00,2026-06-05 20:00:00+00:00,America/New_York,2026-06-07 10:36:34.829811+00:00,
IDN,IDN,success,754,2026-03-16 13:30:00+00:00,2026-06-05 20:00:00+00:00,America/New_York,2026-06-07 10:36:34.930625+00:00,
AEYE,AEYE,success,755,2026-03-16 13:30:00+00:00,2026-06-05 20:00:00+00:00,America/New_York,2026-06-07 10:36:34.908018+00:00,
PDCC,PDCC,success,422,2026-03-16 13:30:00+00:00,2026-06-05 19:30:00+00:00,America/New_York,2026-06-07 10:36:34.966208+00:00,
SOTK,SOTK,success,551,2026-03-16 13:30:00+00:00,2026-06-05 20:00:00+00:00,America/New_York,2026-06-07 10:36:35.074983+00:00,
AGPU,AGPU,success,720,2026-03-16 13:30:00+00:00,2026-06-05 20:00:00+00:00,America/New_York,2026-06-07 10:36:34.995825+00:00,
LVO,LVO,success,678,2026-03-16 13:30:00+00:00,2026-06-05 20:00:00+00:00,America/New_York,2026-06-07 10:36:34.994814+00:00,
TISI,TISI,success,356,2026-03-16 13:30:00+00:00,2026-06-05 20:00:00+00:00,America/New_York,2026-06-07 10:36:35.140928+00:00,
AARD,AARD,success,753,2026-03-16 13:30:00+00:00,2026-06-05 20:00:00+00:00,America/New_York,2026-06-07 10:36:35.141928+00:00,
BRKHU,BRKHU,success,35,2026-05-22 14:00:00+00:00,2026-06-05 20:00:00+00:00,America/New_York,2026-06-07 10:36:35.241606+00:00,
FDSB,FDSB,success,257,2026-03-16 17:00:00+00:00,2026-06-05 20:00:00+00:00,America/New_York,2026-06-07 10:36:35.305538+00:00,
FSI,FSI,success,518,2026-03-16 13:30:00+00:00,2026-06-05 20:00:00+00:00,America/New_York,2026-06-07 10:36:35.242601+00:00,
DIT,DIT,success,73,2026-03-16 14:00:00+00:00,2026-05-29 13:30:00+00:00,America/New_York,2026-06-07 10:36:35.372832+00:00,
BARK,BARK,success,718,2026-03-16 13:30:00+00:00,2026-06-05 20:00:00+00:00,America/New_York,2026-06-07 10:36:35.402466+00:00,
AFCG,AFCG,success,750,2026-03-16 13:30:00+00:00,2026-06-05 20:00:00+00:00,America/New_York,2026-06-07 10:36:35.399949+00:00,
RRGB,RRGB,success,755,2026-03-16 13:30:00+00:00,2026-06-05 20:00:00+00:00,America/New_York,2026-06-07 10:36:35.474873+00:00,
LINK,LINK,success,574,2026-03-16 13:30:00+00:00,2026-06-05 20:00:00+00:00,America/New_York,2026-06-07 10:36:35.532481+00:00,
PLCE,PLCE,success,747,2026-03-16 13:30:00+00:00,2026-06-05 20:00:00+00:00,America/New_York,2026-06-07 10:36:35.503391+00:00,
AEC,AEC,success,648,2026-03-16 13:30:00+00:00,2026-06-05 20:00:00+00:00,America/New_York,2026-06-07 10:36:35.594666+00:00,
LONA,LONA,success,636,2026-03-16 13:30:00+00:00,2026-06-05 20:00:00+00:00,America/New_York,2026-06-07 10:36:35.632196+00:00,
VIVO,VIVO,success,742,2026-03-17 13:30:00+00:00,2026-06-05 20:00:00+00:00,America/New_York,2026-06-07 10:36:35.567786+00:00,
MHH,MHH,success,499,2026-03-16 13:30:00+00:00,2026-06-05 20:00:00+00:00,America/New_York,2026-06-07 10:36:35.738071+00:00,
HNNA,HNNA,success,280,2026-03-16 13:30:00+00:00,2026-06-05 20:00:00+00:00,America/New_York,2026-06-07 10:36:35.672981+00:00,
FTCI,FTCI,success,742,2026-03-16 13:30:00+00:00,2026-06-05 20:00:00+00:00,America/New_York,2026-06-07 10:36:35.762723+00:00,
NTIC,NTIC,success,341,2026-03-16 13:30:00+00:00,2026-06-05 20:00:00+00:00,America/New_York,2026-06-07 10:36:35.796315+00:00,
UFI,UFI,success,585,2026-03-16 13:30:00+00:00,2026-06-05 20:00:00+00:00,America/New_York,2026-06-07 10:36:35.829345+00:00,
FRMM,FRMM,success,754,2026-03-16 13:30:00+00:00,2026-06-05 20:00:00+00:00,America/New_York,2026-06-07 10:36:35.952934+00:00,
MOB,MOB,success,754,2026-03-16 13:30:00+00:00,2026-06-05 20:00:00+00:00,America/New_York,2026-06-07 10:36:35.949934+00:00,
NAKA,NAKA,success,755,2026-03-16 13:30:00+00:00,2026-06-05 20:00:00+00:00,America/New_York,2026-06-07 10:36:35.912914+00:00,
XXI,XXI,success,755,2026-03-16 13:30:00+00:00,2026-06-05 20:00:00+00:00,America/New_York,2026-06-07 10:36:36.037673+00:00,
NRT,NRT,success,706,2026-03-16 13:30:00+00:00,2026-06-05 20:00:00+00:00,America/New_York,2026-06-07 10:36:36.012573+00:00,
BODI,BODI,success,723,2026-03-16 13:30:00+00:00,2026-06-05 20:00:00+00:00,America/New_York,2026-06-07 10:36:36.074776+00:00,
NDLS,NDLS,success,670,2026-03-16 13:30:00+00:00,2026-06-05 20:00:00+00:00,America/New_York,2026-06-07 10:36:36.075776+00:00,
NCTY,NCTY,success,467,2026-03-16 13:30:00+00:00,2026-06-05 20:00:00+00:00,America/New_York,2026-06-07 10:36:36.228542+00:00,
BHST,BHST,success,419,2026-03-16 13:30:00+00:00,2026-06-05 20:00:00+00:00,America/New_York,2026-06-07 10:36:36.342276+00:00,
INTG,INTG,success,448,2026-03-16 13:30:00+00:00,2026-06-05 20:00:00+00:00,America/New_York,2026-06-07 10:36:36.431846+00:00,
ALAR,ALAR,success,620,2026-03-16 13:30:00+00:00,2026-06-05 20:00:00+00:00,America/New_York,2026-06-07 10:36:36.374732+00:00,
DOMH,DOMH,success,740,2026-03-16 13:30:00+00:00,2026-06-05 20:00:00+00:00,America/New_York,2026-06-07 10:36:36.399069+00:00,
ECOR,ECOR,success,669,2026-03-16 13:30:00+00:00,2026-06-05 20:00:00+00:00,America/New_York,2026-06-07 10:36:36.531633+00:00,
CLNN,CLNN,success,736,2026-03-16 13:30:00+00:00,2026-06-05 20:00:00+00:00,America/New_York,2026-06-07 10:36:36.633334+00:00,
ASPS,ASPS,success,481,2026-03-16 13:30:00+00:00,2026-06-05 20:00:00+00:00,America/New_York,2026-06-07 10:36:36.714501+00:00,
ACET,ACET,success,743,2026-03-16 13:30:00+00:00,2026-06-05 20:00:00+00:00,America/New_York,2026-06-07 10:36:36.685155+00:00,
STEM,STEM,success,754,2026-03-16 13:30:00+00:00,2026-06-05 20:00:00+00:00,America/New_York,2026-06-07 10:36:36.778249+00:00,
RGS,RGS,success,306,2026-03-16 13:30:00+00:00,2026-06-05 20:00:00+00:00,America/New_York,2026-06-07 10:36:36.910396+00:00,
OPHC,OPHC,success,411,2026-03-16 13:30:00+00:00,2026-06-05 19:30:00+00:00,America/New_York,2026-06-07 10:36:36.912397+00:00,
LNSR,LNSR,success,717,2026-03-16 13:30:00+00:00,2026-06-05 20:00:00+00:00,America/New_York,2026-06-07 10:36:36.986312+00:00,
ROLR,ROLR,success,749,2026-03-16 13:30:00+00:00,2026-06-05 20:00:00+00:00,America/New_York,2026-06-07 10:36:36.877590+00:00,
NCEW,NCEW,success,153,2026-03-16 16:00:00+00:00,2026-06-05 20:00:00+00:00,America/New_York,2026-06-07 10:36:37.078622+00:00,
CVU,CVU,success,690,2026-03-16 13:30:00+00:00,2026-06-05 20:00:00+00:00,America/New_York,2026-06-07 10:36:37.177044+00:00,
ODYS,ODYS,success,455,2026-03-16 13:30:00+00:00,2026-06-05 20:00:00+00:00,America/New_York,2026-06-07 10:36:37.255543+00:00,
IMA,IMA,success,524,2026-03-16 13:30:00+00:00,2026-06-05 20:00:00+00:00,America/New_York,2026-06-07 10:36:37.077623+00:00,
VHC,VHC,success,307,2026-03-16 18:30:00+00:00,2026-06-05 20:00:00+00:00,America/New_York,2026-06-07 10:36:37.429146+00:00,
MCRB,MCRB,success,679,2026-03-16 13:30:00+00:00,2026-06-05 20:00:00+00:00,America/New_York,2026-06-07 10:36:37.458359+00:00,
CRMT,CRMT,success,744,2026-03-16 13:30:00+00:00,2026-06-05 20:00:00+00:00,America/New_York,2026-06-07 10:36:37.405002+00:00,
IZEA,IZEA,success,697,2026-03-16 13:30:00+00:00,2026-06-05 20:00:00+00:00,America/New_York,2026-06-07 10:36:37.377028+00:00,
POCI,POCI,success,510,2026-03-16 13:30:00+00:00,2026-06-05 20:00:00+00:00,America/New_York,2026-06-07 10:36:37.505563+00:00,
CATO,CATO,success,610,2026-03-16 13:30:00+00:00,2026-06-05 20:00:00+00:00,America/New_York,2026-06-07 10:36:37.555469+00:00,
EDRY,EDRY,success,521,2026-03-16 13:30:00+00:00,2026-06-05 20:00:00+00:00,America/New_York,2026-06-07 10:36:37.529633+00:00,
CRT,CRT,success,636,2026-03-16 13:30:00+00:00,2026-06-05 20:00:00+00:00,America/New_York,2026-06-07 10:36:37.349548+00:00,
SKIL,SKIL,success,740,2026-03-16 13:30:00+00:00,2026-06-05 20:00:00+00:00,America/New_York,2026-06-07 10:36:37.704977+00:00,
NOMA,NOMA,success,367,2026-03-16 13:30:00+00:00,2026-06-05 20:00:00+00:00,America/New_York,2026-06-07 10:36:37.788115+00:00,
ASTI,ASTI,success,755,2026-03-16 13:30:00+00:00,2026-06-05 20:00:00+00:00,America/New_York,2026-06-07 10:36:37.720578+00:00,
QXL,QXL,success,266,2026-04-30 13:30:00+00:00,2026-06-05 20:00:00+00:00,America/New_York,2026-06-07 10:36:37.825967+00:00,
PECE,PECE,success,17,2026-06-04 14:00:00+00:00,2026-06-05 20:00:00+00:00,America/New_York,2026-06-07 10:36:37.897171+00:00,
INKT,INKT,success,609,2026-03-16 13:30:00+00:00,2026-06-05 20:00:00+00:00,America/New_York,2026-06-07 10:36:37.959197+00:00,
CING,CING,success,755,2026-03-16 13:30:00+00:00,2026-06-05 20:00:00+00:00,America/New_York,2026-06-07 10:36:37.873597+00:00,
ASTC,ASTC,success,603,2026-03-16 13:30:00+00:00,2026-06-05 20:00:00+00:00,America/New_York,2026-06-07 10:36:37.992509+00:00,
SGA,SGA,success,327,2026-03-17 13:30:00+00:00,2026-06-05 20:00:00+00:00,America/New_York,2026-06-07 10:36:38.088414+00:00,
SCLX,SCLX,success,667,2026-03-16 13:30:00+00:00,2026-06-05 20:00:00+00:00,America/New_York,2026-06-07 10:36:37.896171+00:00,
MLGO,MLGO,success,744,2026-03-16 13:30:00+00:00,2026-06-05 20:00:00+00:00,America/New_York,2026-06-07 10:36:38.041402+00:00,
BOF,BOF,success,646,2026-03-16 13:30:00+00:00,2026-06-05 20:00:00+00:00,America/New_York,2026-06-07 10:36:38.117051+00:00,
SELF,SELF,success,526,2026-03-16 13:30:00+00:00,2026-06-05 20:00:00+00:00,America/New_York,2026-06-07 10:36:38.259186+00:00,
VNCE,VNCE,success,696,2026-03-16 13:30:00+00:00,2026-06-05 20:00:00+00:00,America/New_York,2026-06-07 10:36:38.282432+00:00,
XOS,XOS,success,650,2026-03-16 13:30:00+00:00,2026-06-05 20:00:00+00:00,America/New_York,2026-06-07 10:36:38.338399+00:00,
MIND,MIND,success,755,2026-03-16 13:30:00+00:00,2026-06-05 20:00:00+00:00,America/New_York,2026-06-07 10:36:38.376569+00:00,
BGSF,BGSF,success,466,2026-03-16 13:30:00+00:00,2026-06-05 20:00:00+00:00,America/New_York,2026-06-07 10:36:38.408569+00:00,
DRIO,DRIO,success,304,2026-03-16 13:30:00+00:00,2026-06-05 20:00:00+00:00,America/New_York,2026-06-07 10:36:38.457070+00:00,
SLMT,SLMT,success,750,2026-03-16 13:30:00+00:00,2026-06-05 20:00:00+00:00,America/New_York,2026-06-07 10:36:38.432248+00:00,
VERU,VERU,success,711,2026-03-16 13:30:00+00:00,2026-06-05 20:00:00+00:00,America/New_York,2026-06-07 10:36:38.542417+00:00,
TOUR,TOUR,success,531,2026-03-16 13:30:00+00:00,2026-06-05 20:00:00+00:00,America/New_York,2026-06-07 10:36:38.456070+00:00,
TIL,TIL,success,528,2026-03-16 13:30:00+00:00,2026-06-05 20:00:00+00:00,America/New_York,2026-06-07 10:36:38.515600+00:00,
RYM,RYM,success,358,2026-03-16 15:00:00+00:00,2026-06-05 20:00:00+00:00,America/New_York,2026-06-07 10:36:38.602852+00:00,
SQNS,SQNS,success,738,2026-03-16 13:30:00+00:00,2026-06-05 20:00:00+00:00,America/New_York,2026-06-07 10:36:38.731686+00:00,
APT,APT,success,675,2026-03-16 13:30:00+00:00,2026-06-05 20:00:00+00:00,America/New_York,2026-06-07 10:36:38.805957+00:00,
SOGP,SOGP,success,509,2026-03-16 13:30:00+00:00,2026-06-05 20:00:00+00:00,America/New_York,2026-06-07 10:36:38.870219+00:00,
NTWK,NTWK,success,481,2026-03-16 13:30:00+00:00,2026-06-05 20:00:00+00:00,America/New_York,2026-06-07 10:36:38.951657+00:00,
CLPR,CLPR,success,717,2026-03-16 13:30:00+00:00,2026-06-05 20:00:00+00:00,America/New_York,2026-06-07 10:36:38.920225+00:00,
XLO,XLO,success,611,2026-03-16 13:30:00+00:00,2026-06-05 20:00:00+00:00,America/New_York,2026-06-07 10:36:39.004000+00:00,
QTI,QTI,success,497,2026-03-16 13:30:00+00:00,2026-06-05 20:00:00+00:00,America/New_York,2026-06-07 10:36:38.951657+00:00,
SPY,SPY,success,755,2026-03-16 13:30:00+00:00,2026-06-05 20:00:00+00:00,America/New_York,2026-06-07 10:36:39.089667+00:00,
WAVE,WAVE,success,555,2026-03-16 13:30:00+00:00,2026-06-05 20:00:00+00:00,America/New_York,2026-06-07 10:36:39.058074+00:00,
QQQ,QQQ,success,755,2026-03-16 13:30:00+00:00,2026-06-05 20:00:00+00:00,America/New_York,2026-06-07 10:36:39.090668+00:00,
