source_symbol,symbol,row_count,min_timestamp,max_timestamp,exchange_timezone,last_fetch_at
META,META,755,2026-03-16 13:30:00+00:00,2026-06-05 20:00:00+00:00,America/New_York,2026-06-07 10:33:43.655619+00:00
AMZN,AMZN,755,2026-03-16 13:30:00+00:00,2026-06-05 20:00:00+00:00,America/New_York,2026-06-07 10:33:43.491768+00:00
AAPL,AAPL,755,2026-03-16 13:30:00+00:00,2026-06-05 20:00:00+00:00,America/New_York,2026-06-07 10:33:43.490261+00:00
TSM,TSM,755,2026-03-16 13:30:00+00:00,2026-06-05 20:00:00+00:00,America/New_York,2026-06-07 10:33:43.492779+00:00
MSFT,MSFT,755,2026-03-16 13:30:00+00:00,2026-06-05 20:00:00+00:00,America/New_York,2026-06-07 10:33:43.490261+00:00
NVDA,NVDA,755,2026-03-16 13:30:00+00:00,2026-06-05 20:00:00+00:00,America/New_York,2026-06-07 10:33:43.488255+00:00
GOOGL,GOOGL,755,2026-03-16 13:30:00+00:00,2026-06-05 20:00:00+00:00,America/New_York,2026-06-07 10:33:43.490261+00:00
AVGO,AVGO,755,2026-03-16 13:30:00+00:00,2026-06-05 20:00:00+00:00,America/New_York,2026-06-07 10:33:43.591020+00:00
TSLA,TSLA,755,2026-03-16 13:30:00+00:00,2026-06-05 20:00:00+00:00,America/New_York,2026-06-07 10:33:44.048739+00:00
JPM,JPM,755,2026-03-16 13:30:00+00:00,2026-06-05 20:00:00+00:00,America/New_York,2026-06-07 10:33:44.113889+00:00
AMD,AMD,755,2026-03-16 13:30:00+00:00,2026-06-05 20:00:00+00:00,America/New_York,2026-06-07 10:33:44.153453+00:00
WMT,WMT,755,2026-03-16 13:30:00+00:00,2026-06-05 20:00:00+00:00,America/New_York,2026-06-07 10:33:44.112889+00:00
BRK.B,BRK-B,755,2026-03-16 13:30:00+00:00,2026-06-05 20:00:00+00:00,America/New_York,2026-06-07 10:33:44.072274+00:00
MU,MU,755,2026-03-16 13:30:00+00:00,2026-06-05 20:00:00+00:00,America/New_York,2026-06-07 10:33:44.072274+00:00
ASML,ASML,755,2026-03-16 13:30:00+00:00,2026-06-05 20:00:00+00:00,America/New_York,2026-06-07 10:33:44.213130+00:00
LLY,LLY,755,2026-03-16 13:30:00+00:00,2026-06-05 20:00:00+00:00,America/New_York,2026-06-07 10:33:44.061754+00:00
XOM,XOM,755,2026-03-16 13:30:00+00:00,2026-06-05 20:00:00+00:00,America/New_York,2026-06-07 10:33:44.393367+00:00
V,V,755,2026-03-16 13:30:00+00:00,2026-06-05 20:00:00+00:00,America/New_York,2026-06-07 10:33:44.331664+00:00
JNJ,JNJ,755,2026-03-16 13:30:00+00:00,2026-06-05 20:00:00+00:00,America/New_York,2026-06-07 10:33:44.448985+00:00
CSCO,CSCO,755,2026-03-16 13:30:00+00:00,2026-06-05 20:00:00+00:00,America/New_York,2026-06-07 10:33:44.513379+00:00
ORCL,ORCL,755,2026-03-16 13:30:00+00:00,2026-06-05 20:00:00+00:00,America/New_York,2026-06-07 10:33:44.447984+00:00
MA,MA,755,2026-03-16 13:30:00+00:00,2026-06-05 20:00:00+00:00,America/New_York,2026-06-07 10:33:44.543913+00:00
CAT,CAT,755,2026-03-16 13:30:00+00:00,2026-06-05 20:00:00+00:00,America/New_York,2026-06-07 10:33:44.597127+00:00
COST,COST,755,2026-03-16 13:30:00+00:00,2026-06-05 20:00:00+00:00,America/New_York,2026-06-07 10:33:44.572503+00:00
INTC,INTC,755,2026-03-16 13:30:00+00:00,2026-06-05 20:00:00+00:00,America/New_York,2026-06-07 10:33:44.491276+00:00
BAC,BAC,755,2026-03-16 13:30:00+00:00,2026-06-05 20:00:00+00:00,America/New_York,2026-06-07 10:33:44.706623+00:00
ABBV,ABBV,755,2026-03-16 13:30:00+00:00,2026-06-05 20:00:00+00:00,America/New_York,2026-06-07 10:33:44.647411+00:00
CVX,CVX,755,2026-03-16 13:30:00+00:00,2026-06-05 20:00:00+00:00,America/New_York,2026-06-07 10:33:44.740236+00:00
LRCX,LRCX,755,2026-03-16 13:30:00+00:00,2026-06-05 20:00:00+00:00,America/New_York,2026-06-07 10:33:44.775557+00:00
GE,GE,755,2026-03-16 13:30:00+00:00,2026-06-05 20:00:00+00:00,America/New_York,2026-06-07 10:33:44.924848+00:00
ARM,ARM,755,2026-03-16 13:30:00+00:00,2026-06-05 20:00:00+00:00,America/New_York,2026-06-07 10:33:44.859731+00:00
KO,KO,755,2026-03-16 13:30:00+00:00,2026-06-05 20:00:00+00:00,America/New_York,2026-06-07 10:33:44.994789+00:00
AMAT,AMAT,755,2026-03-16 13:30:00+00:00,2026-06-05 20:00:00+00:00,America/New_York,2026-06-07 10:33:44.879281+00:00
UNH,UNH,755,2026-03-16 13:30:00+00:00,2026-06-05 20:00:00+00:00,America/New_York,2026-06-07 10:33:44.879281+00:00
PG,PG,755,2026-03-16 13:30:00+00:00,2026-06-05 20:00:00+00:00,America/New_York,2026-06-07 10:33:44.955231+00:00
NFLX,NFLX,755,2026-03-16 13:30:00+00:00,2026-06-05 20:00:00+00:00,America/New_York,2026-06-07 10:33:44.954232+00:00
MS,MS,755,2026-03-16 13:30:00+00:00,2026-06-05 20:00:00+00:00,America/New_York,2026-06-07 10:33:45.053126+00:00
HSBC,HSBC,755,2026-03-16 13:30:00+00:00,2026-06-05 20:00:00+00:00,America/New_York,2026-06-07 10:33:45.153516+00:00
PLTR,PLTR,755,2026-03-16 13:30:00+00:00,2026-06-05 20:00:00+00:00,America/New_York,2026-06-07 10:33:45.150518+00:00
MRK,MRK,755,2026-03-16 13:30:00+00:00,2026-06-05 20:00:00+00:00,America/New_York,2026-06-07 10:33:45.279391+00:00
HD,HD,755,2026-03-16 13:30:00+00:00,2026-06-05 20:00:00+00:00,America/New_York,2026-06-07 10:33:45.253307+00:00
BABA,BABA,755,2026-03-16 13:30:00+00:00,2026-06-05 20:00:00+00:00,America/New_York,2026-06-07 10:33:45.301914+00:00
PM,PM,755,2026-03-16 13:30:00+00:00,2026-06-05 20:00:00+00:00,America/New_York,2026-06-07 10:33:45.356151+00:00
RY,RY,755,2026-03-16 13:30:00+00:00,2026-06-05 20:00:00+00:00,America/New_York,2026-06-07 10:33:45.388741+00:00
GS,GS,755,2026-03-16 13:30:00+00:00,2026-06-05 20:00:00+00:00,America/New_York,2026-06-07 10:33:45.231272+00:00
AZN,AZN,755,2026-03-16 13:30:00+00:00,2026-06-05 20:00:00+00:00,America/New_York,2026-06-07 10:33:45.328068+00:00
NVS,NVS,755,2026-03-16 13:30:00+00:00,2026-06-05 20:00:00+00:00,America/New_York,2026-06-07 10:33:45.419289+00:00
DELL,DELL,755,2026-03-16 13:30:00+00:00,2026-06-05 20:00:00+00:00,America/New_York,2026-06-07 10:33:45.462025+00:00
TXN,TXN,755,2026-03-16 13:30:00+00:00,2026-06-05 20:00:00+00:00,America/New_York,2026-06-07 10:33:45.590361+00:00
IBM,IBM,755,2026-03-16 13:30:00+00:00,2026-06-05 20:00:00+00:00,America/New_York,2026-06-07 10:33:45.496695+00:00
WFC,WFC,755,2026-03-16 13:30:00+00:00,2026-06-05 20:00:00+00:00,America/New_York,2026-06-07 10:33:45.556873+00:00
KLAC,KLAC,755,2026-03-16 13:30:00+00:00,2026-06-05 20:00:00+00:00,America/New_York,2026-06-07 10:33:45.635894+00:00
GEV,GEV,755,2026-03-16 13:30:00+00:00,2026-06-05 20:00:00+00:00,America/New_York,2026-06-07 10:33:45.636895+00:00
RTX,RTX,755,2026-03-16 13:30:00+00:00,2026-06-05 20:00:00+00:00,America/New_York,2026-06-07 10:33:45.693364+00:00
QCOM,QCOM,755,2026-03-16 13:30:00+00:00,2026-06-05 20:00:00+00:00,America/New_York,2026-06-07 10:33:45.820703+00:00
C,C,755,2026-03-16 13:30:00+00:00,2026-06-05 20:00:00+00:00,America/New_York,2026-06-07 10:33:45.819693+00:00
LIN,LIN,755,2026-03-16 13:30:00+00:00,2026-06-05 20:00:00+00:00,America/New_York,2026-06-07 10:33:45.743224+00:00
SNDK,SNDK,755,2026-03-16 13:30:00+00:00,2026-06-05 20:00:00+00:00,America/New_York,2026-06-07 10:33:45.905846+00:00
MRVL,MRVL,755,2026-03-16 13:30:00+00:00,2026-06-05 20:00:00+00:00,America/New_York,2026-06-07 10:33:45.867765+00:00
SHEL,SHEL,755,2026-03-16 13:30:00+00:00,2026-06-05 20:00:00+00:00,America/New_York,2026-06-07 10:33:45.716297+00:00
PANW,PANW,755,2026-03-16 13:30:00+00:00,2026-06-05 20:00:00+00:00,America/New_York,2026-06-07 10:33:45.978999+00:00
MUFG,MUFG,755,2026-03-16 13:30:00+00:00,2026-06-05 20:00:00+00:00,America/New_York,2026-06-07 10:33:45.905846+00:00
SAP,SAP,755,2026-03-16 13:30:00+00:00,2026-06-05 20:00:00+00:00,America/New_York,2026-06-07 10:33:46.038555+00:00
MCD,MCD,755,2026-03-16 13:30:00+00:00,2026-06-05 20:00:00+00:00,America/New_York,2026-06-07 10:33:46.274106+00:00
TM,TM,755,2026-03-16 13:30:00+00:00,2026-06-05 20:00:00+00:00,America/New_York,2026-06-07 10:33:46.241947+00:00
BHP,BHP,755,2026-03-16 13:30:00+00:00,2026-06-05 20:00:00+00:00,America/New_York,2026-06-07 10:33:46.180243+00:00
AXP,AXP,755,2026-03-16 13:30:00+00:00,2026-06-05 20:00:00+00:00,America/New_York,2026-06-07 10:33:46.222411+00:00
TMUS,TMUS,755,2026-03-16 13:30:00+00:00,2026-06-05 20:00:00+00:00,America/New_York,2026-06-07 10:33:46.370511+00:00
TTE,TTE,755,2026-03-16 13:30:00+00:00,2026-06-05 20:00:00+00:00,America/New_York,2026-06-07 10:33:46.275105+00:00
ADI,ADI,755,2026-03-16 13:30:00+00:00,2026-06-05 20:00:00+00:00,America/New_York,2026-06-07 10:33:46.395142+00:00
NVO,NVO,755,2026-03-16 13:30:00+00:00,2026-06-05 20:00:00+00:00,America/New_York,2026-06-07 10:33:46.424082+00:00
ANET,ANET,755,2026-03-16 13:30:00+00:00,2026-06-05 20:00:00+00:00,America/New_York,2026-06-07 10:33:46.532481+00:00
TD,TD,755,2026-03-16 13:30:00+00:00,2026-06-05 20:00:00+00:00,America/New_York,2026-06-07 10:33:46.604287+00:00
PEP,PEP,755,2026-03-16 13:30:00+00:00,2026-06-05 20:00:00+00:00,America/New_York,2026-06-07 10:33:46.578207+00:00
VZ,VZ,755,2026-03-16 13:30:00+00:00,2026-06-05 20:00:00+00:00,America/New_York,2026-06-07 10:33:46.646012+00:00
STX,STX,755,2026-03-16 13:30:00+00:00,2026-06-05 20:00:00+00:00,America/New_York,2026-06-07 10:33:46.682093+00:00
SAN,SAN,755,2026-03-16 13:30:00+00:00,2026-06-05 20:00:00+00:00,America/New_York,2026-06-07 10:33:46.805583+00:00
APP,APP,755,2026-03-16 13:30:00+00:00,2026-06-05 20:00:00+00:00,America/New_York,2026-06-07 10:33:46.781856+00:00
AMGN,AMGN,755,2026-03-16 13:30:00+00:00,2026-06-05 20:00:00+00:00,America/New_York,2026-06-07 10:33:46.702709+00:00
WDC,WDC,755,2026-03-16 13:30:00+00:00,2026-06-05 20:00:00+00:00,America/New_York,2026-06-07 10:33:46.949998+00:00
TJX,TJX,755,2026-03-16 13:30:00+00:00,2026-06-05 20:00:00+00:00,America/New_York,2026-06-07 10:33:46.872695+00:00
TMO,TMO,755,2026-03-16 13:30:00+00:00,2026-06-05 20:00:00+00:00,America/New_York,2026-06-07 10:33:47.027437+00:00
NEE,NEE,755,2026-03-16 13:30:00+00:00,2026-06-05 20:00:00+00:00,America/New_York,2026-06-07 10:33:46.873695+00:00
CRWD,CRWD,755,2026-03-16 13:30:00+00:00,2026-06-05 20:00:00+00:00,America/New_York,2026-06-07 10:33:47.177736+00:00
DIS,DIS,755,2026-03-16 13:30:00+00:00,2026-06-05 20:00:00+00:00,America/New_York,2026-06-07 10:33:47.119309+00:00
RIO,RIO,755,2026-03-16 13:30:00+00:00,2026-06-05 20:00:00+00:00,America/New_York,2026-06-07 10:33:47.120827+00:00
APH,APH,755,2026-03-16 13:30:00+00:00,2026-06-05 20:00:00+00:00,America/New_York,2026-06-07 10:33:47.191427+00:00
SCHW,SCHW,755,2026-03-16 13:30:00+00:00,2026-06-05 20:00:00+00:00,America/New_York,2026-06-07 10:33:47.476269+00:00
BLK,BLK,755,2026-03-16 13:30:00+00:00,2026-06-05 20:00:00+00:00,America/New_York,2026-06-07 10:33:47.387458+00:00
BA,BA,755,2026-03-16 13:30:00+00:00,2026-06-05 20:00:00+00:00,America/New_York,2026-06-07 10:33:47.348386+00:00
UNP,UNP,755,2026-03-16 13:30:00+00:00,2026-06-05 20:00:00+00:00,America/New_York,2026-06-07 10:33:47.386459+00:00
T,T,755,2026-03-16 13:30:00+00:00,2026-06-05 20:00:00+00:00,America/New_York,2026-06-07 10:33:47.370445+00:00
GILD,GILD,755,2026-03-16 13:30:00+00:00,2026-06-05 20:00:00+00:00,America/New_York,2026-06-07 10:33:47.570907+00:00
DE,DE,755,2026-03-16 13:30:00+00:00,2026-06-05 20:00:00+00:00,America/New_York,2026-06-07 10:33:47.637558+00:00
ABT,ABT,755,2026-03-16 13:30:00+00:00,2026-06-05 20:00:00+00:00,America/New_York,2026-06-07 10:33:47.615000+00:00
BUD,BUD,755,2026-03-16 13:30:00+00:00,2026-06-05 20:00:00+00:00,America/New_York,2026-06-07 10:33:47.687731+00:00
ISRG,ISRG,755,2026-03-16 13:30:00+00:00,2026-06-05 20:00:00+00:00,America/New_York,2026-06-07 10:33:47.801651+00:00
ETN,ETN,755,2026-03-16 13:30:00+00:00,2026-06-05 20:00:00+00:00,America/New_York,2026-06-07 10:33:47.720282+00:00
GLW,GLW,755,2026-03-16 13:30:00+00:00,2026-06-05 20:00:00+00:00,America/New_York,2026-06-07 10:33:47.744679+00:00
CRM,CRM,755,2026-03-16 13:30:00+00:00,2026-06-05 20:00:00+00:00,America/New_York,2026-06-07 10:33:47.775014+00:00
PFE,PFE,755,2026-03-16 13:30:00+00:00,2026-06-05 20:00:00+00:00,America/New_York,2026-06-07 10:33:47.921910+00:00
SMFG,SMFG,755,2026-03-16 13:30:00+00:00,2026-06-05 20:00:00+00:00,America/New_York,2026-06-07 10:33:47.875784+00:00
UBER,UBER,755,2026-03-16 13:30:00+00:00,2026-06-05 20:00:00+00:00,America/New_York,2026-06-07 10:33:47.982349+00:00
SCCO,SCCO,755,2026-03-16 13:30:00+00:00,2026-06-05 20:00:00+00:00,America/New_York,2026-06-07 10:33:48.035263+00:00
UBS,UBS,755,2026-03-16 13:30:00+00:00,2026-06-05 20:00:00+00:00,America/New_York,2026-06-07 10:33:48.104014+00:00
SHOP,SHOP,755,2026-03-16 13:30:00+00:00,2026-06-05 20:00:00+00:00,America/New_York,2026-06-07 10:33:48.068321+00:00
COP,COP,755,2026-03-16 13:30:00+00:00,2026-06-05 20:00:00+00:00,America/New_York,2026-06-07 10:33:47.982349+00:00
BX,BX,755,2026-03-16 13:30:00+00:00,2026-06-05 20:00:00+00:00,America/New_York,2026-06-07 10:33:48.161619+00:00
PLD,PLD,755,2026-03-16 13:30:00+00:00,2026-06-05 20:00:00+00:00,America/New_York,2026-06-07 10:33:48.193178+00:00
HON,HON,755,2026-03-16 13:30:00+00:00,2026-06-05 20:00:00+00:00,America/New_York,2026-06-07 10:33:48.303242+00:00
WELL,WELL,755,2026-03-16 13:30:00+00:00,2026-06-05 20:00:00+00:00,America/New_York,2026-06-07 10:33:48.135571+00:00
BTI,BTI,755,2026-03-16 13:30:00+00:00,2026-06-05 20:00:00+00:00,America/New_York,2026-06-07 10:33:48.267569+00:00
DHR,DHR,755,2026-03-16 13:30:00+00:00,2026-06-05 20:00:00+00:00,America/New_York,2026-06-07 10:33:48.343171+00:00
BKNG,BKNG,755,2026-03-16 13:30:00+00:00,2026-06-05 20:00:00+00:00,America/New_York,2026-06-07 10:33:48.405524+00:00
SONY,SONY,755,2026-03-16 13:30:00+00:00,2026-06-05 20:00:00+00:00,America/New_York,2026-06-07 10:33:48.499804+00:00
CB,CB,755,2026-03-16 13:30:00+00:00,2026-06-05 20:00:00+00:00,America/New_York,2026-06-07 10:33:48.498802+00:00
SPGI,SPGI,755,2026-03-16 13:30:00+00:00,2026-06-05 20:00:00+00:00,America/New_York,2026-06-07 10:33:48.343171+00:00
BBVA,BBVA,755,2026-03-16 13:30:00+00:00,2026-06-05 20:00:00+00:00,America/New_York,2026-06-07 10:33:48.565491+00:00
UL,UL,755,2026-03-16 13:30:00+00:00,2026-06-05 20:00:00+00:00,America/New_York,2026-06-07 10:33:48.595822+00:00
ENB,ENB,755,2026-03-16 13:30:00+00:00,2026-06-05 20:00:00+00:00,America/New_York,2026-06-07 10:33:48.596825+00:00
LMT,LMT,755,2026-03-16 13:30:00+00:00,2026-06-05 20:00:00+00:00,America/New_York,2026-06-07 10:33:48.669694+00:00
CVS,CVS,755,2026-03-16 13:30:00+00:00,2026-06-05 20:00:00+00:00,America/New_York,2026-06-07 10:33:48.731883+00:00
MO,MO,755,2026-03-16 13:30:00+00:00,2026-06-05 20:00:00+00:00,America/New_York,2026-06-07 10:33:48.804112+00:00
PDD,PDD,755,2026-03-16 13:30:00+00:00,2026-06-05 20:00:00+00:00,America/New_York,2026-06-07 10:33:48.804112+00:00
PGR,PGR,755,2026-03-16 13:30:00+00:00,2026-06-05 20:00:00+00:00,America/New_York,2026-06-07 10:33:48.852686+00:00
HDB,HDB,755,2026-03-16 13:30:00+00:00,2026-06-05 20:00:00+00:00,America/New_York,2026-06-07 10:33:48.902268+00:00
SYK,SYK,755,2026-03-16 13:30:00+00:00,2026-06-05 20:00:00+00:00,America/New_York,2026-06-07 10:33:49.047220+00:00
MFG,MFG,755,2026-03-16 13:30:00+00:00,2026-06-05 20:00:00+00:00,America/New_York,2026-06-07 10:33:48.988474+00:00
LOW,LOW,755,2026-03-16 13:30:00+00:00,2026-06-05 20:00:00+00:00,America/New_York,2026-06-07 10:33:49.012560+00:00
NOW,NOW,755,2026-03-16 13:30:00+00:00,2026-06-05 20:00:00+00:00,America/New_York,2026-06-07 10:33:49.069260+00:00
VRT,VRT,755,2026-03-16 13:30:00+00:00,2026-06-05 20:00:00+00:00,America/New_York,2026-06-07 10:33:49.171073+00:00
BMO,BMO,755,2026-03-16 13:30:00+00:00,2026-06-05 20:00:00+00:00,America/New_York,2026-06-07 10:33:49.135466+00:00
BMY,BMY,755,2026-03-16 13:30:00+00:00,2026-06-05 20:00:00+00:00,America/New_York,2026-06-07 10:33:49.101828+00:00
VRTX,VRTX,755,2026-03-16 13:30:00+00:00,2026-06-05 20:00:00+00:00,America/New_York,2026-06-07 10:33:49.222391+00:00
PH,PH,755,2026-03-16 13:30:00+00:00,2026-06-05 20:00:00+00:00,America/New_York,2026-06-07 10:33:49.345501+00:00
COF,COF,755,2026-03-16 13:30:00+00:00,2026-06-05 20:00:00+00:00,America/New_York,2026-06-07 10:33:49.270996+00:00
BP,BP,755,2026-03-16 13:30:00+00:00,2026-06-05 20:00:00+00:00,America/New_York,2026-06-07 10:33:49.303697+00:00
FTNT,FTNT,755,2026-03-16 13:30:00+00:00,2026-06-05 20:00:00+00:00,America/New_York,2026-06-07 10:33:49.378851+00:00
PBR,PBR,755,2026-03-16 13:30:00+00:00,2026-06-05 20:00:00+00:00,America/New_York,2026-06-07 10:33:49.499939+00:00
ACN,ACN,755,2026-03-16 13:30:00+00:00,2026-06-05 20:00:00+00:00,America/New_York,2026-06-07 10:33:49.497927+00:00
SNY,SNY,755,2026-03-16 13:30:00+00:00,2026-06-05 20:00:00+00:00,America/New_York,2026-06-07 10:33:49.572362+00:00
NEM,NEM,755,2026-03-16 13:30:00+00:00,2026-06-05 20:00:00+00:00,America/New_York,2026-06-07 10:33:49.608936+00:00
EQIX,EQIX,755,2026-03-16 13:30:00+00:00,2026-06-05 20:00:00+00:00,America/New_York,2026-06-07 10:33:49.675552+00:00
ADBE,ADBE,755,2026-03-16 13:30:00+00:00,2026-06-05 20:00:00+00:00,America/New_York,2026-06-07 10:33:49.675552+00:00
MDT,MDT,755,2026-03-16 13:30:00+00:00,2026-06-05 20:00:00+00:00,America/New_York,2026-06-07 10:33:49.830982+00:00
GSK,GSK,755,2026-03-16 13:30:00+00:00,2026-06-05 20:00:00+00:00,America/New_York,2026-06-07 10:33:49.906856+00:00
CDNS,CDNS,755,2026-03-16 13:30:00+00:00,2026-06-05 20:00:00+00:00,America/New_York,2026-06-07 10:33:49.958318+00:00
MAR,MAR,755,2026-03-16 13:30:00+00:00,2026-06-05 20:00:00+00:00,America/New_York,2026-06-07 10:33:49.883813+00:00
SBUX,SBUX,755,2026-03-16 13:30:00+00:00,2026-06-05 20:00:00+00:00,America/New_York,2026-06-07 10:33:49.674553+00:00
PWR,PWR,755,2026-03-16 13:30:00+00:00,2026-06-05 20:00:00+00:00,America/New_York,2026-06-07 10:33:49.906856+00:00
SPOT,SPOT,755,2026-03-16 13:30:00+00:00,2026-06-05 20:00:00+00:00,America/New_York,2026-06-07 10:33:50.051147+00:00
SO,SO,755,2026-03-16 13:30:00+00:00,2026-06-05 20:00:00+00:00,America/New_York,2026-06-07 10:33:50.079307+00:00
CM,CM,755,2026-03-16 13:30:00+00:00,2026-06-05 20:00:00+00:00,America/New_York,2026-06-07 10:33:50.213375+00:00
TT,TT,755,2026-03-16 13:30:00+00:00,2026-06-05 20:00:00+00:00,America/New_York,2026-06-07 10:33:50.112267+00:00
HWM,HWM,755,2026-03-16 13:30:00+00:00,2026-06-05 20:00:00+00:00,America/New_York,2026-06-07 10:33:50.179002+00:00
BN,BN,755,2026-03-16 13:30:00+00:00,2026-06-05 20:00:00+00:00,America/New_York,2026-06-07 10:33:50.250951+00:00
BNY,BNY,131,2026-05-22 13:30:00+00:00,2026-06-05 20:00:00+00:00,America/New_York,2026-06-07 10:33:50.341828+00:00
IBN,IBN,755,2026-03-16 13:30:00+00:00,2026-06-05 20:00:00+00:00,America/New_York,2026-06-07 10:33:50.381177+00:00
DUK,DUK,755,2026-03-16 13:30:00+00:00,2026-06-05 20:00:00+00:00,America/New_York,2026-06-07 10:33:50.419506+00:00
CNQ,CNQ,755,2026-03-16 13:30:00+00:00,2026-06-05 20:00:00+00:00,America/New_York,2026-06-07 10:33:50.463588+00:00
MCK,MCK,755,2026-03-16 13:30:00+00:00,2026-06-05 20:00:00+00:00,America/New_York,2026-06-07 10:33:50.462083+00:00
BNS,BNS,755,2026-03-16 13:30:00+00:00,2026-06-05 20:00:00+00:00,America/New_York,2026-06-07 10:33:50.311448+00:00
EQNR,EQNR,755,2026-03-16 13:30:00+00:00,2026-06-05 20:00:00+00:00,America/New_York,2026-06-07 10:33:50.590100+00:00
ADP,ADP,755,2026-03-16 13:30:00+00:00,2026-06-05 20:00:00+00:00,America/New_York,2026-06-07 10:33:50.522395+00:00
CME,CME,755,2026-03-16 13:30:00+00:00,2026-06-05 20:00:00+00:00,America/New_York,2026-06-07 10:33:50.643702+00:00
GD,GD,755,2026-03-16 13:30:00+00:00,2026-06-05 20:00:00+00:00,America/New_York,2026-06-07 10:33:50.545951+00:00
UPS,UPS,755,2026-03-16 13:30:00+00:00,2026-06-05 20:00:00+00:00,America/New_York,2026-06-07 10:33:50.745677+00:00
ELV,ELV,755,2026-03-16 13:30:00+00:00,2026-06-05 20:00:00+00:00,America/New_York,2026-06-07 10:33:50.670154+00:00
CEG,CEG,755,2026-03-16 13:30:00+00:00,2026-06-05 20:00:00+00:00,America/New_York,2026-06-07 10:33:50.708185+00:00
FCX,FCX,755,2026-03-16 13:30:00+00:00,2026-06-05 20:00:00+00:00,America/New_York,2026-06-07 10:33:50.770767+00:00
AMT,AMT,755,2026-03-16 13:30:00+00:00,2026-06-05 20:00:00+00:00,America/New_York,2026-06-07 10:33:50.805361+00:00
CMI,CMI,755,2026-03-16 13:30:00+00:00,2026-06-05 20:00:00+00:00,America/New_York,2026-06-07 10:33:50.850591+00:00
JCI,JCI,755,2026-03-16 13:30:00+00:00,2026-06-05 20:00:00+00:00,America/New_York,2026-06-07 10:33:50.986449+00:00
PNC,PNC,755,2026-03-16 13:30:00+00:00,2026-06-05 20:00:00+00:00,America/New_York,2026-06-07 10:33:50.900005+00:00
WMB,WMB,755,2026-03-16 13:30:00+00:00,2026-06-05 20:00:00+00:00,America/New_York,2026-06-07 10:33:50.986449+00:00
WM,WM,755,2026-03-16 13:30:00+00:00,2026-06-05 20:00:00+00:00,America/New_York,2026-06-07 10:33:50.948692+00:00
MNST,MNST,755,2026-03-16 13:30:00+00:00,2026-06-05 20:00:00+00:00,America/New_York,2026-06-07 10:33:51.098020+00:00
ING,ING,755,2026-03-16 13:30:00+00:00,2026-06-05 20:00:00+00:00,America/New_York,2026-06-07 10:33:51.153117+00:00
CSX,CSX,755,2026-03-16 13:30:00+00:00,2026-06-05 20:00:00+00:00,America/New_York,2026-06-07 10:33:51.126577+00:00
USB,USB,755,2026-03-16 13:30:00+00:00,2026-06-05 20:00:00+00:00,America/New_York,2026-06-07 10:33:51.220261+00:00
RACE,RACE,755,2026-03-16 13:30:00+00:00,2026-06-05 20:00:00+00:00,America/New_York,2026-06-07 10:33:51.280092+00:00
CMCSA,CMCSA,755,2026-03-16 13:30:00+00:00,2026-06-05 20:00:00+00:00,America/New_York,2026-06-07 10:33:51.195729+00:00
SNPS,SNPS,755,2026-03-16 13:30:00+00:00,2026-06-05 20:00:00+00:00,America/New_York,2026-06-07 10:33:51.252523+00:00
NET,NET,755,2026-03-16 13:30:00+00:00,2026-06-05 20:00:00+00:00,America/New_York,2026-06-07 10:33:51.073502+00:00
HCA,HCA,755,2026-03-16 13:30:00+00:00,2026-06-05 20:00:00+00:00,America/New_York,2026-06-07 10:33:51.350676+00:00
BCS,BCS,755,2026-03-16 13:30:00+00:00,2026-06-05 20:00:00+00:00,America/New_York,2026-06-07 10:33:51.426331+00:00
NOK,NOK,755,2026-03-16 13:30:00+00:00,2026-06-05 20:00:00+00:00,America/New_York,2026-06-07 10:33:51.391276+00:00
ABNB,ABNB,755,2026-03-16 13:30:00+00:00,2026-06-05 20:00:00+00:00,America/New_York,2026-06-07 10:33:51.459384+00:00
DDOG,DDOG,755,2026-03-16 13:30:00+00:00,2026-06-05 20:00:00+00:00,America/New_York,2026-06-07 10:33:51.551268+00:00
NGG,NGG,755,2026-03-16 13:30:00+00:00,2026-06-05 20:00:00+00:00,America/New_York,2026-06-07 10:33:51.675026+00:00
INTU,INTU,755,2026-03-16 13:30:00+00:00,2026-06-05 20:00:00+00:00,America/New_York,2026-06-07 10:33:51.581340+00:00
CP,CP,755,2026-03-16 13:30:00+00:00,2026-06-05 20:00:00+00:00,America/New_York,2026-06-07 10:33:51.608385+00:00
KKR,KKR,755,2026-03-16 13:30:00+00:00,2026-06-05 20:00:00+00:00,America/New_York,2026-06-07 10:33:51.503992+00:00
MMM,MMM,755,2026-03-16 13:30:00+00:00,2026-06-05 20:00:00+00:00,America/New_York,2026-06-07 10:33:51.727599+00:00
SLB,SLB,755,2026-03-16 13:30:00+00:00,2026-06-05 20:00:00+00:00,America/New_York,2026-06-07 10:33:51.647957+00:00
MELI,MELI,755,2026-03-16 13:30:00+00:00,2026-06-05 20:00:00+00:00,America/New_York,2026-06-07 10:33:51.761149+00:00
AEM,AEM,755,2026-03-16 13:30:00+00:00,2026-06-05 20:00:00+00:00,America/New_York,2026-06-07 10:33:51.674012+00:00
MRSH,MRSH,755,2026-03-16 13:30:00+00:00,2026-06-05 20:00:00+00:00,America/New_York,2026-06-07 10:33:51.876971+00:00
MCO,MCO,755,2026-03-16 13:30:00+00:00,2026-06-05 20:00:00+00:00,America/New_York,2026-06-07 10:33:51.973910+00:00
SNOW,SNOW,755,2026-03-16 13:30:00+00:00,2026-06-05 20:00:00+00:00,America/New_York,2026-06-07 10:33:51.927340+00:00
ASX,ASX,755,2026-03-16 13:30:00+00:00,2026-06-05 20:00:00+00:00,America/New_York,2026-06-07 10:33:52.022351+00:00
VLO,VLO,755,2026-03-16 13:30:00+00:00,2026-06-05 20:00:00+00:00,America/New_York,2026-06-07 10:33:52.113848+00:00
ICE,ICE,755,2026-03-16 13:30:00+00:00,2026-06-05 20:00:00+00:00,America/New_York,2026-06-07 10:33:51.955371+00:00
MPC,MPC,755,2026-03-16 13:30:00+00:00,2026-06-05 20:00:00+00:00,America/New_York,2026-06-07 10:33:52.140900+00:00
HLT,HLT,755,2026-03-16 13:30:00+00:00,2026-06-05 20:00:00+00:00,America/New_York,2026-06-07 10:33:52.090044+00:00
MDLZ,MDLZ,755,2026-03-16 13:30:00+00:00,2026-06-05 20:00:00+00:00,America/New_York,2026-06-07 10:33:52.022351+00:00
NOC,NOC,755,2026-03-16 13:30:00+00:00,2026-06-05 20:00:00+00:00,America/New_York,2026-06-07 10:33:52.243343+00:00
FDX,FDX,755,2026-03-16 13:30:00+00:00,2026-06-05 20:00:00+00:00,America/New_York,2026-06-07 10:33:52.195175+00:00
EMR,EMR,755,2026-03-16 13:30:00+00:00,2026-06-05 20:00:00+00:00,America/New_York,2026-06-07 10:33:52.275447+00:00
LYG,LYG,755,2026-03-16 13:30:00+00:00,2026-06-05 20:00:00+00:00,America/New_York,2026-06-07 10:33:52.308489+00:00
ORLY,ORLY,755,2026-03-16 13:30:00+00:00,2026-06-05 20:00:00+00:00,America/New_York,2026-06-07 10:33:52.417718+00:00
GM,GM,755,2026-03-16 13:30:00+00:00,2026-06-05 20:00:00+00:00,America/New_York,2026-06-07 10:33:52.441279+00:00
CI,CI,755,2026-03-16 13:30:00+00:00,2026-06-05 20:00:00+00:00,America/New_York,2026-06-07 10:33:52.371087+00:00
E,E,755,2026-03-16 13:30:00+00:00,2026-06-05 20:00:00+00:00,America/New_York,2026-06-07 10:33:52.441279+00:00
RCL,RCL,755,2026-03-16 13:30:00+00:00,2026-06-05 20:00:00+00:00,America/New_York,2026-06-07 10:33:52.526961+00:00
AMX,AMX,755,2026-03-16 13:30:00+00:00,2026-06-05 20:00:00+00:00,America/New_York,2026-06-07 10:33:52.503427+00:00
BAM,BAM,755,2026-03-16 13:30:00+00:00,2026-06-05 20:00:00+00:00,America/New_York,2026-06-07 10:33:52.574993+00:00
SHW,SHW,755,2026-03-16 13:30:00+00:00,2026-06-05 20:00:00+00:00,America/New_York,2026-06-07 10:33:52.616658+00:00
NXPI,NXPI,755,2026-03-16 13:30:00+00:00,2026-06-05 20:00:00+00:00,America/New_York,2026-06-07 10:33:52.666170+00:00
EOG,EOG,755,2026-03-16 13:30:00+00:00,2026-06-05 20:00:00+00:00,America/New_York,2026-06-07 10:33:52.768727+00:00
ROST,ROST,755,2026-03-16 13:30:00+00:00,2026-06-05 20:00:00+00:00,America/New_York,2026-06-07 10:33:52.820077+00:00
APO,APO,755,2026-03-16 13:30:00+00:00,2026-06-05 20:00:00+00:00,America/New_York,2026-06-07 10:33:52.912280+00:00
HOOD,HOOD,755,2026-03-16 13:30:00+00:00,2026-06-05 20:00:00+00:00,America/New_York,2026-06-07 10:33:52.943389+00:00
BE,BE,755,2026-03-16 13:30:00+00:00,2026-06-05 20:00:00+00:00,America/New_York,2026-06-07 10:33:52.986474+00:00
PSX,PSX,755,2026-03-16 13:30:00+00:00,2026-06-05 20:00:00+00:00,America/New_York,2026-06-07 10:33:53.022516+00:00
CNI,CNI,755,2026-03-16 13:30:00+00:00,2026-06-05 20:00:00+00:00,America/New_York,2026-06-07 10:33:53.062120+00:00
NTES,NTES,755,2026-03-16 13:30:00+00:00,2026-06-05 20:00:00+00:00,America/New_York,2026-06-07 10:33:53.063635+00:00
ITW,ITW,755,2026-03-16 13:30:00+00:00,2026-06-05 20:00:00+00:00,America/New_York,2026-06-07 10:33:53.135902+00:00
ECL,ECL,755,2026-03-16 13:30:00+00:00,2026-06-05 20:00:00+00:00,America/New_York,2026-06-07 10:33:53.159470+00:00
CTAS,CTAS,755,2026-03-16 13:30:00+00:00,2026-06-05 20:00:00+00:00,America/New_York,2026-06-07 10:33:53.255235+00:00
CVNA,CVNA,755,2026-03-16 13:30:00+00:00,2026-06-05 20:00:00+00:00,America/New_York,2026-06-07 10:33:53.195131+00:00
SU,SU,755,2026-03-16 13:30:00+00:00,2026-06-05 20:00:00+00:00,America/New_York,2026-06-07 10:33:53.324518+00:00
BSX,BSX,755,2026-03-16 13:30:00+00:00,2026-06-05 20:00:00+00:00,America/New_York,2026-06-07 10:33:53.288362+00:00
TRP,TRP,755,2026-03-16 13:30:00+00:00,2026-06-05 20:00:00+00:00,America/New_York,2026-06-07 10:33:53.366169+00:00
MPWR,MPWR,755,2026-03-16 13:30:00+00:00,2026-06-05 20:00:00+00:00,America/New_York,2026-06-07 10:33:53.443445+00:00
KMI,KMI,755,2026-03-16 13:30:00+00:00,2026-06-05 20:00:00+00:00,America/New_York,2026-06-07 10:33:53.503901+00:00
CL,CL,755,2026-03-16 13:30:00+00:00,2026-06-05 20:00:00+00:00,America/New_York,2026-06-07 10:33:53.365164+00:00
CRH,CRH,755,2026-03-16 13:30:00+00:00,2026-06-05 20:00:00+00:00,America/New_York,2026-06-07 10:33:53.527065+00:00
COHR,COHR,755,2026-03-16 13:30:00+00:00,2026-06-05 20:00:00+00:00,America/New_York,2026-06-07 10:33:53.477103+00:00
NSC,NSC,755,2026-03-16 13:30:00+00:00,2026-06-05 20:00:00+00:00,America/New_York,2026-06-07 10:33:53.576444+00:00
AON,AON,755,2026-03-16 13:30:00+00:00,2026-06-05 20:00:00+00:00,America/New_York,2026-06-07 10:33:53.607576+00:00
AEP,AEP,755,2026-03-16 13:30:00+00:00,2026-06-05 20:00:00+00:00,America/New_York,2026-06-07 10:33:53.639643+00:00
CIEN,CIEN,755,2026-03-16 13:30:00+00:00,2026-06-05 20:00:00+00:00,America/New_York,2026-06-07 10:33:53.744514+00:00
TDG,TDG,755,2026-03-16 13:30:00+00:00,2026-06-05 20:00:00+00:00,America/New_York,2026-06-07 10:33:53.687501+00:00
SPG,SPG,755,2026-03-16 13:30:00+00:00,2026-06-05 20:00:00+00:00,America/New_York,2026-06-07 10:33:53.767095+00:00
MSI,MSI,755,2026-03-16 13:30:00+00:00,2026-06-05 20:00:00+00:00,America/New_York,2026-06-07 10:33:53.850493+00:00
DASH,DASH,755,2026-03-16 13:30:00+00:00,2026-06-05 20:00:00+00:00,America/New_York,2026-06-07 10:33:53.884032+00:00
LITE,LITE,755,2026-03-16 13:30:00+00:00,2026-06-05 20:00:00+00:00,America/New_York,2026-06-07 10:33:53.929682+00:00
URI,URI,755,2026-03-16 13:30:00+00:00,2026-06-05 20:00:00+00:00,America/New_York,2026-06-07 10:33:53.991916+00:00
REGN,REGN,755,2026-03-16 13:30:00+00:00,2026-06-05 20:00:00+00:00,America/New_York,2026-06-07 10:33:54.017452+00:00
WBD,WBD,755,2026-03-16 13:30:00+00:00,2026-06-05 20:00:00+00:00,America/New_York,2026-06-07 10:33:54.081722+00:00
B,B,755,2026-03-16 13:30:00+00:00,2026-06-05 20:00:00+00:00,America/New_York,2026-06-07 10:33:54.053119+00:00
DLR,DLR,755,2026-03-16 13:30:00+00:00,2026-06-05 20:00:00+00:00,America/New_York,2026-06-07 10:33:54.104748+00:00
MFC,MFC,755,2026-03-16 13:30:00+00:00,2026-06-05 20:00:00+00:00,America/New_York,2026-06-07 10:33:54.176991+00:00
RSG,RSG,755,2026-03-16 13:30:00+00:00,2026-06-05 20:00:00+00:00,America/New_York,2026-06-07 10:33:54.301996+00:00
FIX,FIX,755,2026-03-16 13:30:00+00:00,2026-06-05 20:00:00+00:00,America/New_York,2026-06-07 10:33:54.300994+00:00
HPE,HPE,755,2026-03-16 13:30:00+00:00,2026-06-05 20:00:00+00:00,America/New_York,2026-06-07 10:33:54.361592+00:00
TRV,TRV,755,2026-03-16 13:30:00+00:00,2026-06-05 20:00:00+00:00,America/New_York,2026-06-07 10:33:54.390653+00:00
NKE,NKE,755,2026-03-16 13:30:00+00:00,2026-06-05 20:00:00+00:00,America/New_York,2026-06-07 10:33:54.416205+00:00
VALE,VALE,755,2026-03-16 13:30:00+00:00,2026-06-05 20:00:00+00:00,America/New_York,2026-06-07 10:33:54.448735+00:00
RELX,RELX,755,2026-03-16 13:30:00+00:00,2026-06-05 20:00:00+00:00,America/New_York,2026-06-07 10:33:54.487106+00:00
STM,STM,755,2026-03-16 13:30:00+00:00,2026-06-05 20:00:00+00:00,America/New_York,2026-06-07 10:33:54.560467+00:00
TFC,TFC,755,2026-03-16 13:30:00+00:00,2026-06-05 20:00:00+00:00,America/New_York,2026-06-07 10:33:54.600593+00:00
APD,APD,755,2026-03-16 13:30:00+00:00,2026-06-05 20:00:00+00:00,America/New_York,2026-06-07 10:33:54.629625+00:00
RKLB,RKLB,755,2026-03-16 13:30:00+00:00,2026-06-05 20:00:00+00:00,America/New_York,2026-06-07 10:33:54.631133+00:00
TEL,TEL,755,2026-03-16 13:30:00+00:00,2026-06-05 20:00:00+00:00,America/New_York,2026-06-07 10:33:54.684958+00:00
NWG,NWG,755,2026-03-16 13:30:00+00:00,2026-06-05 20:00:00+00:00,America/New_York,2026-06-07 10:33:54.747876+00:00
GWW,GWW,755,2026-03-16 13:30:00+00:00,2026-06-05 20:00:00+00:00,America/New_York,2026-06-07 10:33:54.780963+00:00
BKR,BKR,755,2026-03-16 13:30:00+00:00,2026-06-05 20:00:00+00:00,America/New_York,2026-06-07 10:33:54.845111+00:00
AFL,AFL,755,2026-03-16 13:30:00+00:00,2026-06-05 20:00:00+00:00,America/New_York,2026-06-07 10:33:54.810557+00:00
PCAR,PCAR,755,2026-03-16 13:30:00+00:00,2026-06-05 20:00:00+00:00,America/New_York,2026-06-07 10:33:54.845111+00:00
SRE,SRE,755,2026-03-16 13:30:00+00:00,2026-06-05 20:00:00+00:00,America/New_York,2026-06-07 10:33:54.939469+00:00
DB,DB,755,2026-03-16 13:30:00+00:00,2026-06-05 20:00:00+00:00,America/New_York,2026-06-07 10:33:54.898717+00:00
IMO,IMO,755,2026-03-16 13:30:00+00:00,2026-06-05 20:00:00+00:00,America/New_York,2026-06-07 10:33:55.003651+00:00
F,F,755,2026-03-16 13:30:00+00:00,2026-06-05 20:00:00+00:00,America/New_York,2026-06-07 10:33:54.962503+00:00
ALL,ALL,755,2026-03-16 13:30:00+00:00,2026-06-05 20:00:00+00:00,America/New_York,2026-06-07 10:33:55.019182+00:00
NUE,NUE,755,2026-03-16 13:30:00+00:00,2026-06-05 20:00:00+00:00,America/New_York,2026-06-07 10:33:55.084383+00:00
NU,NU,755,2026-03-16 13:30:00+00:00,2026-06-05 20:00:00+00:00,America/New_York,2026-06-07 10:33:55.121966+00:00
LHX,LHX,755,2026-03-16 13:30:00+00:00,2026-06-05 20:00:00+00:00,America/New_York,2026-06-07 10:33:55.167595+00:00
NBIS,NBIS,755,2026-03-16 13:30:00+00:00,2026-06-05 20:00:00+00:00,America/New_York,2026-06-07 10:33:55.192138+00:00
CARR,CARR,755,2026-03-16 13:30:00+00:00,2026-06-05 20:00:00+00:00,America/New_York,2026-06-07 10:33:55.204237+00:00
TRGP,TRGP,755,2026-03-16 13:30:00+00:00,2026-06-05 20:00:00+00:00,America/New_York,2026-06-07 10:33:55.375094+00:00
D,D,755,2026-03-16 13:30:00+00:00,2026-06-05 20:00:00+00:00,America/New_York,2026-06-07 10:33:55.311416+00:00
TER,TER,755,2026-03-16 13:30:00+00:00,2026-06-05 20:00:00+00:00,America/New_York,2026-06-07 10:33:55.342967+00:00
MET,MET,755,2026-03-16 13:30:00+00:00,2026-06-05 20:00:00+00:00,America/New_York,2026-06-07 10:33:55.425024+00:00
KEYS,KEYS,755,2026-03-16 13:30:00+00:00,2026-06-05 20:00:00+00:00,America/New_York,2026-06-07 10:33:55.455665+00:00
OXY,OXY,755,2026-03-16 13:30:00+00:00,2026-06-05 20:00:00+00:00,America/New_York,2026-06-07 10:33:55.504262+00:00
FANG,FANG,755,2026-03-16 13:30:00+00:00,2026-06-05 20:00:00+00:00,America/New_York,2026-06-07 10:33:55.596903+00:00
O,O,755,2026-03-16 13:30:00+00:00,2026-06-05 20:00:00+00:00,America/New_York,2026-06-07 10:33:55.595903+00:00
ARGX,ARGX,755,2026-03-16 13:30:00+00:00,2026-06-05 20:00:00+00:00,America/New_York,2026-06-07 10:33:55.664762+00:00
TGT,TGT,755,2026-03-16 13:30:00+00:00,2026-06-05 20:00:00+00:00,America/New_York,2026-06-07 10:33:55.759581+00:00
FLEX,FLEX,755,2026-03-16 13:30:00+00:00,2026-06-05 20:00:00+00:00,America/New_York,2026-06-07 10:33:55.663755+00:00
OKE,OKE,755,2026-03-16 13:30:00+00:00,2026-06-05 20:00:00+00:00,America/New_York,2026-06-07 10:33:55.728246+00:00
AJG,AJG,755,2026-03-16 13:30:00+00:00,2026-06-05 20:00:00+00:00,America/New_York,2026-06-07 10:33:55.760582+00:00
PSA,PSA,755,2026-03-16 13:30:00+00:00,2026-06-05 20:00:00+00:00,America/New_York,2026-06-07 10:33:55.871722+00:00
ALAB,ALAB,755,2026-03-16 13:30:00+00:00,2026-06-05 20:00:00+00:00,America/New_York,2026-06-07 10:33:55.902788+00:00
CRWV,CRWV,755,2026-03-16 13:30:00+00:00,2026-06-05 20:00:00+00:00,America/New_York,2026-06-07 10:33:55.818122+00:00
COR,COR,755,2026-03-16 13:30:00+00:00,2026-06-05 20:00:00+00:00,America/New_York,2026-06-07 10:33:55.989147+00:00
WPM,WPM,755,2026-03-16 13:30:00+00:00,2026-06-05 20:00:00+00:00,America/New_York,2026-06-07 10:33:55.989147+00:00
FAST,FAST,755,2026-03-16 13:30:00+00:00,2026-06-05 20:00:00+00:00,America/New_York,2026-06-07 10:33:55.936471+00:00
LNG,LNG,755,2026-03-16 13:30:00+00:00,2026-06-05 20:00:00+00:00,America/New_York,2026-06-07 10:33:56.047830+00:00
UMC,UMC,755,2026-03-16 13:30:00+00:00,2026-06-05 20:00:00+00:00,America/New_York,2026-06-07 10:33:56.096934+00:00
CVE,CVE,755,2026-03-16 13:30:00+00:00,2026-06-05 20:00:00+00:00,America/New_York,2026-06-07 10:33:56.151464+00:00
DAL,DAL,755,2026-03-16 13:30:00+00:00,2026-06-05 20:00:00+00:00,America/New_York,2026-06-07 10:33:56.186638+00:00
AME,AME,755,2026-03-16 13:30:00+00:00,2026-06-05 20:00:00+00:00,America/New_York,2026-06-07 10:33:56.119896+00:00
AZO,AZO,755,2026-03-16 13:30:00+00:00,2026-06-05 20:00:00+00:00,America/New_York,2026-06-07 10:33:56.221715+00:00
INFY,INFY,755,2026-03-16 13:30:00+00:00,2026-06-05 20:00:00+00:00,America/New_York,2026-06-07 10:33:56.361271+00:00
SE,SE,755,2026-03-16 13:30:00+00:00,2026-06-05 20:00:00+00:00,America/New_York,2026-06-07 10:33:56.389360+00:00
DVN,DVN,755,2026-03-16 13:30:00+00:00,2026-06-05 20:00:00+00:00,America/New_York,2026-06-07 10:33:56.411439+00:00
CTVA,CTVA,755,2026-03-16 13:30:00+00:00,2026-06-05 20:00:00+00:00,America/New_York,2026-06-07 10:33:56.337246+00:00
EA,EA,755,2026-03-16 13:30:00+00:00,2026-06-05 20:00:00+00:00,America/New_York,2026-06-07 10:33:56.506956+00:00
ODFL,ODFL,755,2026-03-16 13:30:00+00:00,2026-06-05 20:00:00+00:00,America/New_York,2026-06-07 10:33:56.520519+00:00
VST,VST,755,2026-03-16 13:30:00+00:00,2026-06-05 20:00:00+00:00,America/New_York,2026-06-07 10:33:56.584147+00:00
TAK,TAK,755,2026-03-16 13:30:00+00:00,2026-06-05 20:00:00+00:00,America/New_York,2026-06-07 10:33:56.675635+00:00
ROK,ROK,755,2026-03-16 13:30:00+00:00,2026-06-05 20:00:00+00:00,America/New_York,2026-06-07 10:33:56.609670+00:00
NDAQ,NDAQ,755,2026-03-16 13:30:00+00:00,2026-06-05 20:00:00+00:00,America/New_York,2026-06-07 10:33:56.730315+00:00
MT,MT,755,2026-03-16 13:30:00+00:00,2026-06-05 20:00:00+00:00,America/New_York,2026-06-07 10:33:56.751068+00:00
XEL,XEL,755,2026-03-16 13:30:00+00:00,2026-06-05 20:00:00+00:00,America/New_York,2026-06-07 10:33:56.935073+00:00
ETR,ETR,755,2026-03-16 13:30:00+00:00,2026-06-05 20:00:00+00:00,America/New_York,2026-06-07 10:33:56.876983+00:00
EW,EW,755,2026-03-16 13:30:00+00:00,2026-06-05 20:00:00+00:00,America/New_York,2026-06-07 10:33:56.873986+00:00
ABEV,ABEV,755,2026-03-16 13:30:00+00:00,2026-06-05 20:00:00+00:00,America/New_York,2026-06-07 10:33:56.972141+00:00
CAH,CAH,755,2026-03-16 13:30:00+00:00,2026-06-05 20:00:00+00:00,America/New_York,2026-06-07 10:33:57.022129+00:00
ADSK,ADSK,755,2026-03-16 13:30:00+00:00,2026-06-05 20:00:00+00:00,America/New_York,2026-06-07 10:33:57.115891+00:00
EBAY,EBAY,755,2026-03-16 13:30:00+00:00,2026-06-05 20:00:00+00:00,America/New_York,2026-06-07 10:33:57.000085+00:00
MCHP,MCHP,755,2026-03-16 13:30:00+00:00,2026-06-05 20:00:00+00:00,America/New_York,2026-06-07 10:33:57.155560+00:00
EXC,EXC,755,2026-03-16 13:30:00+00:00,2026-06-05 20:00:00+00:00,America/New_York,2026-06-07 10:33:57.418244+00:00
FER,FER,755,2026-03-16 13:30:00+00:00,2026-06-05 20:00:00+00:00,America/New_York,2026-06-07 10:33:57.341188+00:00
FITB,FITB,755,2026-03-16 13:30:00+00:00,2026-06-05 20:00:00+00:00,America/New_York,2026-06-07 10:33:57.365081+00:00
ON,ON,755,2026-03-16 13:30:00+00:00,2026-06-05 20:00:00+00:00,America/New_York,2026-06-07 10:33:57.365081+00:00
GRMN,GRMN,755,2026-03-16 13:30:00+00:00,2026-06-05 20:00:00+00:00,America/New_York,2026-06-07 10:33:57.447455+00:00
MSCI,MSCI,755,2026-03-16 13:30:00+00:00,2026-06-05 20:00:00+00:00,America/New_York,2026-06-07 10:33:57.495043+00:00
FERG,FERG,755,2026-03-16 13:30:00+00:00,2026-06-05 20:00:00+00:00,America/New_York,2026-06-07 10:33:57.494043+00:00
STT,STT,755,2026-03-16 13:30:00+00:00,2026-06-05 20:00:00+00:00,America/New_York,2026-06-07 10:33:57.616095+00:00
DEO,DEO,755,2026-03-16 13:30:00+00:00,2026-06-05 20:00:00+00:00,America/New_York,2026-06-07 10:33:57.715833+00:00
IDXX,IDXX,755,2026-03-16 13:30:00+00:00,2026-06-05 20:00:00+00:00,America/New_York,2026-06-07 10:33:57.671479+00:00
CCJ,CCJ,755,2026-03-16 13:30:00+00:00,2026-06-05 20:00:00+00:00,America/New_York,2026-06-07 10:33:57.672480+00:00
CBRS,CBRS,204,2026-05-14 13:30:00+00:00,2026-06-05 20:00:00+00:00,America/New_York,2026-06-07 10:33:57.836572+00:00
WAB,WAB,755,2026-03-16 13:30:00+00:00,2026-06-05 20:00:00+00:00,America/New_York,2026-06-07 10:33:57.716722+00:00
MDLN,MDLN,755,2026-03-16 13:30:00+00:00,2026-06-05 20:00:00+00:00,America/New_York,2026-06-07 10:33:57.781144+00:00
DHI,DHI,755,2026-03-16 13:30:00+00:00,2026-06-05 20:00:00+00:00,America/New_York,2026-06-07 10:33:57.811946+00:00
CLS,CLS,755,2026-03-16 13:30:00+00:00,2026-06-05 20:00:00+00:00,America/New_York,2026-06-07 10:33:57.869677+00:00
CCEP,CCEP,755,2026-03-16 13:30:00+00:00,2026-06-05 20:00:00+00:00,America/New_York,2026-06-07 10:33:57.916007+00:00
ERIC,ERIC,755,2026-03-16 13:30:00+00:00,2026-06-05 20:00:00+00:00,America/New_York,2026-06-07 10:33:57.998639+00:00
AMP,AMP,755,2026-03-16 13:30:00+00:00,2026-06-05 20:00:00+00:00,America/New_York,2026-06-07 10:33:58.071352+00:00
BIDU,BIDU,755,2026-03-16 13:30:00+00:00,2026-06-05 20:00:00+00:00,America/New_York,2026-06-07 10:33:58.114940+00:00
AU,AU,755,2026-03-16 13:30:00+00:00,2026-06-05 20:00:00+00:00,America/New_York,2026-06-07 10:33:57.997131+00:00
FNV,FNV,755,2026-03-16 13:30:00+00:00,2026-06-05 20:00:00+00:00,America/New_York,2026-06-07 10:33:58.197434+00:00
MSTR,MSTR,755,2026-03-16 13:30:00+00:00,2026-06-05 20:00:00+00:00,America/New_York,2026-06-07 10:33:58.152545+00:00
HUM,HUM,755,2026-03-16 13:30:00+00:00,2026-06-05 20:00:00+00:00,America/New_York,2026-06-07 10:33:58.210440+00:00
YUM,YUM,755,2026-03-16 13:30:00+00:00,2026-06-05 20:00:00+00:00,America/New_York,2026-06-07 10:33:58.240924+00:00
AIG,AIG,755,2026-03-16 13:30:00+00:00,2026-06-05 20:00:00+00:00,America/New_York,2026-06-07 10:33:58.290094+00:00
KDP,KDP,755,2026-03-16 13:30:00+00:00,2026-06-05 20:00:00+00:00,America/New_York,2026-06-07 10:33:58.434454+00:00
BDX,BDX,755,2026-03-16 13:30:00+00:00,2026-06-05 20:00:00+00:00,America/New_York,2026-06-07 10:33:58.410255+00:00
GFS,GFS,755,2026-03-16 13:30:00+00:00,2026-06-05 20:00:00+00:00,America/New_York,2026-06-07 10:33:58.364188+00:00
XYZ,XYZ,755,2026-03-16 13:30:00+00:00,2026-06-05 20:00:00+00:00,America/New_York,2026-06-07 10:33:58.483546+00:00
SLF,SLF,755,2026-03-16 13:30:00+00:00,2026-06-05 20:00:00+00:00,America/New_York,2026-06-07 10:33:58.523608+00:00
WDS,WDS,755,2026-03-16 13:30:00+00:00,2026-06-05 20:00:00+00:00,America/New_York,2026-06-07 10:33:58.575889+00:00
CCI,CCI,755,2026-03-16 13:30:00+00:00,2026-06-05 20:00:00+00:00,America/New_York,2026-06-07 10:33:58.574889+00:00
COIN,COIN,755,2026-03-16 13:30:00+00:00,2026-06-05 20:00:00+00:00,America/New_York,2026-06-07 10:33:58.575889+00:00
ALNY,ALNY,755,2026-03-16 13:30:00+00:00,2026-06-05 20:00:00+00:00,America/New_York,2026-06-07 10:33:58.749760+00:00
IX,IX,755,2026-03-16 13:30:00+00:00,2026-06-05 20:00:00+00:00,America/New_York,2026-06-07 10:33:58.690972+00:00
VIK,VIK,755,2026-03-16 13:30:00+00:00,2026-06-05 20:00:00+00:00,America/New_York,2026-06-07 10:33:58.716027+00:00
ARES,ARES,755,2026-03-16 13:30:00+00:00,2026-06-05 20:00:00+00:00,America/New_York,2026-06-07 10:33:58.665913+00:00
VTR,VTR,755,2026-03-16 13:30:00+00:00,2026-06-05 20:00:00+00:00,America/New_York,2026-06-07 10:33:58.789366+00:00
HEI,HEI,755,2026-03-16 13:30:00+00:00,2026-06-05 20:00:00+00:00,America/New_York,2026-06-07 10:33:58.811567+00:00
TTWO,TTWO,755,2026-03-16 13:30:00+00:00,2026-06-05 20:00:00+00:00,America/New_York,2026-06-07 10:33:58.844140+00:00
WCN,WCN,755,2026-03-16 13:30:00+00:00,2026-06-05 20:00:00+00:00,America/New_York,2026-06-07 10:33:58.876745+00:00
HLN,HLN,755,2026-03-16 13:30:00+00:00,2026-06-05 20:00:00+00:00,America/New_York,2026-06-07 10:33:58.911785+00:00
PEG,PEG,755,2026-03-16 13:30:00+00:00,2026-06-05 20:00:00+00:00,America/New_York,2026-06-07 10:33:58.966561+00:00
CMG,CMG,755,2026-03-16 13:30:00+00:00,2026-06-05 20:00:00+00:00,America/New_York,2026-06-07 10:33:59.016758+00:00
TKO,TKO,755,2026-03-16 13:30:00+00:00,2026-06-05 20:00:00+00:00,America/New_York,2026-06-07 10:33:59.144800+00:00
JD,JD,755,2026-03-16 13:30:00+00:00,2026-06-05 20:00:00+00:00,America/New_York,2026-06-07 10:33:59.190487+00:00
ED,ED,755,2026-03-16 13:30:00+00:00,2026-06-05 20:00:00+00:00,America/New_York,2026-06-07 10:33:59.263716+00:00
KB,KB,755,2026-03-16 13:30:00+00:00,2026-06-05 20:00:00+00:00,America/New_York,2026-06-07 10:33:59.320040+00:00
ADM,ADM,755,2026-03-16 13:30:00+00:00,2026-06-05 20:00:00+00:00,America/New_York,2026-06-07 10:33:59.375594+00:00
TEVA,TEVA,755,2026-03-16 13:30:00+00:00,2026-06-05 20:00:00+00:00,America/New_York,2026-06-07 10:33:59.353564+00:00
CBRE,CBRE,755,2026-03-16 13:30:00+00:00,2026-06-05 20:00:00+00:00,America/New_York,2026-06-07 10:33:59.399621+00:00
KR,KR,755,2026-03-16 13:30:00+00:00,2026-06-05 20:00:00+00:00,America/New_York,2026-06-07 10:33:59.426746+00:00
STLD,STLD,755,2026-03-16 13:30:00+00:00,2026-06-05 20:00:00+00:00,America/New_York,2026-06-07 10:33:59.481499+00:00
ESLT,ESLT,755,2026-03-16 13:30:00+00:00,2026-06-05 20:00:00+00:00,America/New_York,2026-06-07 10:33:59.520706+00:00
A,A,755,2026-03-16 13:30:00+00:00,2026-06-05 20:00:00+00:00,America/New_York,2026-06-07 10:33:59.575206+00:00
AXON,AXON,755,2026-03-16 13:30:00+00:00,2026-06-05 20:00:00+00:00,America/New_York,2026-06-07 10:33:59.671712+00:00
TRI,TRI,755,2026-03-16 13:30:00+00:00,2026-06-05 20:00:00+00:00,America/New_York,2026-06-07 10:33:59.695775+00:00
CCL,CCL,755,2026-03-16 13:30:00+00:00,2026-06-05 20:00:00+00:00,America/New_York,2026-06-07 10:33:59.719810+00:00
PCG,PCG,755,2026-03-16 13:30:00+00:00,2026-06-05 20:00:00+00:00,America/New_York,2026-06-07 10:33:59.789034+00:00
HSY,HSY,755,2026-03-16 13:30:00+00:00,2026-06-05 20:00:00+00:00,America/New_York,2026-06-07 10:33:59.908912+00:00
JBL,JBL,755,2026-03-16 13:30:00+00:00,2026-06-05 20:00:00+00:00,America/New_York,2026-06-07 10:34:00.022483+00:00
CRDO,CRDO,755,2026-03-16 13:30:00+00:00,2026-06-05 20:00:00+00:00,America/New_York,2026-06-07 10:33:59.971187+00:00
VMC,VMC,755,2026-03-16 13:30:00+00:00,2026-06-05 20:00:00+00:00,America/New_York,2026-06-07 10:34:00.057081+00:00
PYPL,PYPL,755,2026-03-16 13:30:00+00:00,2026-06-05 20:00:00+00:00,America/New_York,2026-06-07 10:34:00.086175+00:00
LYV,LYV,755,2026-03-16 13:30:00+00:00,2026-06-05 20:00:00+00:00,America/New_York,2026-06-07 10:34:00.086175+00:00
WEC,WEC,755,2026-03-16 13:30:00+00:00,2026-06-05 20:00:00+00:00,America/New_York,2026-06-07 10:34:00.224164+00:00
IRM,IRM,755,2026-03-16 13:30:00+00:00,2026-06-05 20:00:00+00:00,America/New_York,2026-06-07 10:34:00.167295+00:00
IBKR,IBKR,755,2026-03-16 13:30:00+00:00,2026-06-05 20:00:00+00:00,America/New_York,2026-06-07 10:34:00.197826+00:00
EME,EME,755,2026-03-16 13:30:00+00:00,2026-06-05 20:00:00+00:00,America/New_York,2026-06-07 10:34:00.305374+00:00
PRU,PRU,755,2026-03-16 13:30:00+00:00,2026-06-05 20:00:00+00:00,America/New_York,2026-06-07 10:34:00.280337+00:00
SYY,SYY,755,2026-03-16 13:30:00+00:00,2026-06-05 20:00:00+00:00,America/New_York,2026-06-07 10:34:00.343408+00:00
PAYX,PAYX,755,2026-03-16 13:30:00+00:00,2026-06-05 20:00:00+00:00,America/New_York,2026-06-07 10:34:00.407281+00:00
HIG,HIG,755,2026-03-16 13:30:00+00:00,2026-06-05 20:00:00+00:00,America/New_York,2026-06-07 10:34:00.384533+00:00
WDAY,WDAY,755,2026-03-16 13:30:00+00:00,2026-06-05 20:00:00+00:00,America/New_York,2026-06-07 10:34:00.445331+00:00
WAT,WAT,755,2026-03-16 13:30:00+00:00,2026-06-05 20:00:00+00:00,America/New_York,2026-06-07 10:34:00.484386+00:00
ASTS,ASTS,755,2026-03-16 13:30:00+00:00,2026-06-05 20:00:00+00:00,America/New_York,2026-06-07 10:34:00.528929+00:00
HMC,HMC,755,2026-03-16 13:30:00+00:00,2026-06-05 20:00:00+00:00,America/New_York,2026-06-07 10:34:00.576494+00:00
RKT,RKT,755,2026-03-16 13:30:00+00:00,2026-06-05 20:00:00+00:00,America/New_York,2026-06-07 10:34:00.645158+00:00
ZTS,ZTS,755,2026-03-16 13:30:00+00:00,2026-06-05 20:00:00+00:00,America/New_York,2026-06-07 10:34:00.646157+00:00
CHT,CHT,753,2026-03-16 13:30:00+00:00,2026-06-05 20:00:00+00:00,America/New_York,2026-06-07 10:34:00.699776+00:00
MLM,MLM,755,2026-03-16 13:30:00+00:00,2026-06-05 20:00:00+00:00,America/New_York,2026-06-07 10:34:00.732618+00:00
TWLO,TWLO,755,2026-03-16 13:30:00+00:00,2026-06-05 20:00:00+00:00,America/New_York,2026-06-07 10:34:00.814993+00:00
VOD,VOD,755,2026-03-16 13:30:00+00:00,2026-06-05 20:00:00+00:00,America/New_York,2026-06-07 10:34:00.778253+00:00
LVS,LVS,755,2026-03-16 13:30:00+00:00,2026-06-05 20:00:00+00:00,America/New_York,2026-06-07 10:34:00.852046+00:00
UI,UI,754,2026-03-16 13:30:00+00:00,2026-06-05 20:00:00+00:00,America/New_York,2026-06-07 10:34:00.879475+00:00
MTB,MTB,755,2026-03-16 13:30:00+00:00,2026-06-05 20:00:00+00:00,America/New_York,2026-06-07 10:34:01.012998+00:00
UAL,UAL,755,2026-03-16 13:30:00+00:00,2026-06-05 20:00:00+00:00,America/New_York,2026-06-07 10:34:00.980407+00:00
KVUE,KVUE,755,2026-03-16 13:30:00+00:00,2026-06-05 20:00:00+00:00,America/New_York,2026-06-07 10:34:01.038517+00:00
HBAN,HBAN,755,2026-03-16 13:30:00+00:00,2026-06-05 20:00:00+00:00,America/New_York,2026-06-07 10:34:01.103814+00:00
EQT,EQT,755,2026-03-16 13:30:00+00:00,2026-06-05 20:00:00+00:00,America/New_York,2026-06-07 10:34:01.043519+00:00
ROP,ROP,755,2026-03-16 13:30:00+00:00,2026-06-05 20:00:00+00:00,America/New_York,2026-06-07 10:34:01.104813+00:00
SATS,SATS,755,2026-03-16 13:30:00+00:00,2026-06-05 20:00:00+00:00,America/New_York,2026-06-07 10:34:01.274873+00:00
ALC,ALC,755,2026-03-16 13:30:00+00:00,2026-06-05 20:00:00+00:00,America/New_York,2026-06-07 10:34:01.315150+00:00
NTAP,NTAP,755,2026-03-16 13:30:00+00:00,2026-06-05 20:00:00+00:00,America/New_York,2026-06-07 10:34:01.363307+00:00
TS,TS,755,2026-03-16 13:30:00+00:00,2026-06-05 20:00:00+00:00,America/New_York,2026-06-07 10:34:01.251314+00:00
HAL,HAL,755,2026-03-16 13:30:00+00:00,2026-06-05 20:00:00+00:00,America/New_York,2026-06-07 10:34:01.456013+00:00
RDDT,RDDT,755,2026-03-16 13:30:00+00:00,2026-06-05 20:00:00+00:00,America/New_York,2026-06-07 10:34:01.479562+00:00
QSR,QSR,755,2026-03-16 13:30:00+00:00,2026-06-05 20:00:00+00:00,America/New_York,2026-06-07 10:34:01.389859+00:00
KMB,KMB,755,2026-03-16 13:30:00+00:00,2026-06-05 20:00:00+00:00,America/New_York,2026-06-07 10:34:01.563265+00:00
PUK,PUK,755,2026-03-16 13:30:00+00:00,2026-06-05 20:00:00+00:00,America/New_York,2026-06-07 10:34:01.607753+00:00
SUNB,SUNB,755,2026-03-16 13:30:00+00:00,2026-06-05 20:00:00+00:00,America/New_York,2026-06-07 10:34:01.607753+00:00
GFI,GFI,755,2026-03-16 13:30:00+00:00,2026-06-05 20:00:00+00:00,America/New_York,2026-06-07 10:34:01.663479+00:00
ACGL,ACGL,755,2026-03-16 13:30:00+00:00,2026-06-05 20:00:00+00:00,America/New_York,2026-06-07 10:34:01.697750+00:00
NTRS,NTRS,755,2026-03-16 13:30:00+00:00,2026-06-05 20:00:00+00:00,America/New_York,2026-06-07 10:34:01.766970+00:00
NTR,NTR,755,2026-03-16 13:30:00+00:00,2026-06-05 20:00:00+00:00,America/New_York,2026-06-07 10:34:01.742869+00:00
EXR,EXR,755,2026-03-16 13:30:00+00:00,2026-06-05 20:00:00+00:00,America/New_York,2026-06-07 10:34:01.821276+00:00
TCOM,TCOM,755,2026-03-16 13:30:00+00:00,2026-06-05 20:00:00+00:00,America/New_York,2026-06-07 10:34:01.789518+00:00
RPRX,RPRX,755,2026-03-16 13:30:00+00:00,2026-06-05 20:00:00+00:00,America/New_York,2026-06-07 10:34:01.855365+00:00
KGC,KGC,755,2026-03-16 13:30:00+00:00,2026-06-05 20:00:00+00:00,America/New_York,2026-06-07 10:34:01.913013+00:00
SHG,SHG,755,2026-03-16 13:30:00+00:00,2026-06-05 20:00:00+00:00,America/New_York,2026-06-07 10:34:01.984149+00:00
VG,VG,755,2026-03-16 13:30:00+00:00,2026-06-05 20:00:00+00:00,America/New_York,2026-06-07 10:34:01.961056+00:00
EC,EC,755,2026-03-16 13:30:00+00:00,2026-06-05 20:00:00+00:00,America/New_York,2026-06-07 10:34:02.017307+00:00
RVMD,RVMD,755,2026-03-16 13:30:00+00:00,2026-06-05 20:00:00+00:00,America/New_York,2026-06-07 10:34:02.087048+00:00
ONC,ONC,755,2026-03-16 13:30:00+00:00,2026-06-05 20:00:00+00:00,America/New_York,2026-06-07 10:34:02.088053+00:00
IQV,IQV,755,2026-03-16 13:30:00+00:00,2026-06-05 20:00:00+00:00,America/New_York,2026-06-07 10:34:02.063958+00:00
CNC,CNC,755,2026-03-16 13:30:00+00:00,2026-06-05 20:00:00+00:00,America/New_York,2026-06-07 10:34:02.229589+00:00
TECK,TECK,755,2026-03-16 13:30:00+00:00,2026-06-05 20:00:00+00:00,America/New_York,2026-06-07 10:34:02.194444+00:00
DTE,DTE,755,2026-03-16 13:30:00+00:00,2026-06-05 20:00:00+00:00,America/New_York,2026-06-07 10:34:02.280893+00:00
FSLR,FSLR,755,2026-03-16 13:30:00+00:00,2026-06-05 20:00:00+00:00,America/New_York,2026-06-07 10:34:02.329938+00:00
ZM,ZM,755,2026-03-16 13:30:00+00:00,2026-06-05 20:00:00+00:00,America/New_York,2026-06-07 10:34:02.280893+00:00
CPRT,CPRT,755,2026-03-16 13:30:00+00:00,2026-06-05 20:00:00+00:00,America/New_York,2026-06-07 10:34:02.375871+00:00
VICI,VICI,755,2026-03-16 13:30:00+00:00,2026-06-05 20:00:00+00:00,America/New_York,2026-06-07 10:34:02.377402+00:00
NTRA,NTRA,755,2026-03-16 13:30:00+00:00,2026-06-05 20:00:00+00:00,America/New_York,2026-06-07 10:34:02.445795+00:00
Q,Q,755,2026-03-16 13:30:00+00:00,2026-06-05 20:00:00+00:00,America/New_York,2026-06-07 10:34:02.445795+00:00
RYAAY,RYAAY,755,2026-03-16 13:30:00+00:00,2026-06-05 20:00:00+00:00,America/New_York,2026-06-07 10:34:02.501964+00:00
AMRZ,AMRZ,755,2026-03-16 13:30:00+00:00,2026-06-05 20:00:00+00:00,America/New_York,2026-06-07 10:34:02.542587+00:00
FISV,FISV,755,2026-03-16 13:30:00+00:00,2026-06-05 20:00:00+00:00,America/New_York,2026-06-07 10:34:02.564390+00:00
AEE,AEE,755,2026-03-16 13:30:00+00:00,2026-06-05 20:00:00+00:00,America/New_York,2026-06-07 10:34:02.607435+00:00
GEHC,GEHC,755,2026-03-16 13:30:00+00:00,2026-06-05 20:00:00+00:00,America/New_York,2026-06-07 10:34:02.714690+00:00
RJF,RJF,755,2026-03-16 13:30:00+00:00,2026-06-05 20:00:00+00:00,America/New_York,2026-06-07 10:34:02.638390+00:00
CBOE,CBOE,755,2026-03-16 13:30:00+00:00,2026-06-05 20:00:00+00:00,America/New_York,2026-06-07 10:34:02.713690+00:00
DOV,DOV,755,2026-03-16 13:30:00+00:00,2026-06-05 20:00:00+00:00,America/New_York,2026-06-07 10:34:02.798909+00:00
MTZ,MTZ,755,2026-03-16 13:30:00+00:00,2026-06-05 20:00:00+00:00,America/New_York,2026-06-07 10:34:02.894524+00:00
RBLX,RBLX,755,2026-03-16 13:30:00+00:00,2026-06-05 20:00:00+00:00,America/New_York,2026-06-07 10:34:02.894524+00:00
EL,EL,755,2026-03-16 13:30:00+00:00,2026-06-05 20:00:00+00:00,America/New_York,2026-06-07 10:34:02.861058+00:00
BIIB,BIIB,755,2026-03-16 13:30:00+00:00,2026-06-05 20:00:00+00:00,America/New_York,2026-06-07 10:34:03.018696+00:00
DXCM,DXCM,755,2026-03-16 13:30:00+00:00,2026-06-05 20:00:00+00:00,America/New_York,2026-06-07 10:34:03.090892+00:00
RMD,RMD,755,2026-03-16 13:30:00+00:00,2026-06-05 20:00:00+00:00,America/New_York,2026-06-07 10:34:03.069356+00:00
PBA,PBA,755,2026-03-16 13:30:00+00:00,2026-06-05 20:00:00+00:00,America/New_York,2026-06-07 10:34:03.123933+00:00
TPR,TPR,755,2026-03-16 13:30:00+00:00,2026-06-05 20:00:00+00:00,America/New_York,2026-06-07 10:34:03.202115+00:00
IR,IR,755,2026-03-16 13:30:00+00:00,2026-06-05 20:00:00+00:00,America/New_York,2026-06-07 10:34:03.248919+00:00
EXPE,EXPE,755,2026-03-16 13:30:00+00:00,2026-06-05 20:00:00+00:00,America/New_York,2026-06-07 10:34:03.225652+00:00
CASY,CASY,755,2026-03-16 13:30:00+00:00,2026-06-05 20:00:00+00:00,America/New_York,2026-06-07 10:34:03.292578+00:00
VEEV,VEEV,755,2026-03-16 13:30:00+00:00,2026-06-05 20:00:00+00:00,America/New_York,2026-06-07 10:34:03.176568+00:00
EIX,EIX,755,2026-03-16 13:30:00+00:00,2026-06-05 20:00:00+00:00,America/New_York,2026-06-07 10:34:03.325207+00:00
MDB,MDB,755,2026-03-16 13:30:00+00:00,2026-06-05 20:00:00+00:00,America/New_York,2026-06-07 10:34:03.365276+00:00
ATO,ATO,755,2026-03-16 13:30:00+00:00,2026-06-05 20:00:00+00:00,America/New_York,2026-06-07 10:34:03.398356+00:00
FTS,FTS,755,2026-03-16 13:30:00+00:00,2026-06-05 20:00:00+00:00,America/New_York,2026-06-07 10:34:03.507991+00:00
TDY,TDY,755,2026-03-16 13:30:00+00:00,2026-06-05 20:00:00+00:00,America/New_York,2026-06-07 10:34:03.540073+00:00
CNP,CNP,755,2026-03-16 13:30:00+00:00,2026-06-05 20:00:00+00:00,America/New_York,2026-06-07 10:34:03.599923+00:00
NRG,NRG,755,2026-03-16 13:30:00+00:00,2026-06-05 20:00:00+00:00,America/New_York,2026-06-07 10:34:03.670103+00:00
CFG,CFG,755,2026-03-16 13:30:00+00:00,2026-06-05 20:00:00+00:00,America/New_York,2026-06-07 10:34:03.740906+00:00
CPNG,CPNG,755,2026-03-16 13:30:00+00:00,2026-06-05 20:00:00+00:00,America/New_York,2026-06-07 10:34:03.738904+00:00
JBHT,JBHT,755,2026-03-16 13:30:00+00:00,2026-06-05 20:00:00+00:00,America/New_York,2026-06-07 10:34:03.870848+00:00
STRL,STRL,755,2026-03-16 13:30:00+00:00,2026-06-05 20:00:00+00:00,America/New_York,2026-06-07 10:34:03.929133+00:00
OTIS,OTIS,755,2026-03-16 13:30:00+00:00,2026-06-05 20:00:00+00:00,America/New_York,2026-06-07 10:34:03.837223+00:00
CW,CW,755,2026-03-16 13:30:00+00:00,2026-06-05 20:00:00+00:00,America/New_York,2026-06-07 10:34:03.930132+00:00
VRSN,VRSN,755,2026-03-16 13:30:00+00:00,2026-06-05 20:00:00+00:00,America/New_York,2026-06-07 10:34:03.907087+00:00
TPL,TPL,755,2026-03-16 13:30:00+00:00,2026-06-05 20:00:00+00:00,America/New_York,2026-06-07 10:34:04.041849+00:00
AVB,AVB,755,2026-03-16 13:30:00+00:00,2026-06-05 20:00:00+00:00,America/New_York,2026-06-07 10:34:04.104585+00:00
PPL,PPL,755,2026-03-16 13:30:00+00:00,2026-06-05 20:00:00+00:00,America/New_York,2026-06-07 10:34:04.126642+00:00
KHC,KHC,755,2026-03-16 13:30:00+00:00,2026-06-05 20:00:00+00:00,America/New_York,2026-06-07 10:34:04.301513+00:00
FE,FE,755,2026-03-16 13:30:00+00:00,2026-06-05 20:00:00+00:00,America/New_York,2026-06-07 10:34:04.232606+00:00
FTI,FTI,755,2026-03-16 13:30:00+00:00,2026-06-05 20:00:00+00:00,America/New_York,2026-06-07 10:34:04.270164+00:00
SYM,SYM,755,2026-03-16 13:30:00+00:00,2026-06-05 20:00:00+00:00,America/New_York,2026-06-07 10:34:04.331120+00:00
FICO,FICO,755,2026-03-16 13:30:00+00:00,2026-06-05 20:00:00+00:00,America/New_York,2026-06-07 10:34:04.426806+00:00
STLA,STLA,755,2026-03-16 13:30:00+00:00,2026-06-05 20:00:00+00:00,America/New_York,2026-06-07 10:34:04.398742+00:00
FOXA,FOXA,755,2026-03-16 13:30:00+00:00,2026-06-05 20:00:00+00:00,America/New_York,2026-06-07 10:34:04.330112+00:00
NVT,NVT,755,2026-03-16 13:30:00+00:00,2026-06-05 20:00:00+00:00,America/New_York,2026-06-07 10:34:04.449887+00:00
TSEM,TSEM,755,2026-03-16 13:30:00+00:00,2026-06-05 20:00:00+00:00,America/New_York,2026-06-07 10:34:04.553436+00:00
TEAM,TEAM,755,2026-03-16 13:30:00+00:00,2026-06-05 20:00:00+00:00,America/New_York,2026-06-07 10:34:04.586773+00:00
XYL,XYL,755,2026-03-16 13:30:00+00:00,2026-06-05 20:00:00+00:00,America/New_York,2026-06-07 10:34:04.620961+00:00
WRB,WRB,755,2026-03-16 13:30:00+00:00,2026-06-05 20:00:00+00:00,America/New_York,2026-06-07 10:34:04.656369+00:00
EQR,EQR,755,2026-03-16 13:30:00+00:00,2026-06-05 20:00:00+00:00,America/New_York,2026-06-07 10:34:04.678898+00:00
CINF,CINF,755,2026-03-16 13:30:00+00:00,2026-06-05 20:00:00+00:00,America/New_York,2026-06-07 10:34:04.770998+00:00
ES,ES,755,2026-03-16 13:30:00+00:00,2026-06-05 20:00:00+00:00,America/New_York,2026-06-07 10:34:04.722844+00:00
MTSI,MTSI,755,2026-03-16 13:30:00+00:00,2026-06-05 20:00:00+00:00,America/New_York,2026-06-07 10:34:04.745856+00:00
XPO,XPO,755,2026-03-16 13:30:00+00:00,2026-06-05 20:00:00+00:00,America/New_York,2026-06-07 10:34:04.816898+00:00
CTSH,CTSH,755,2026-03-16 13:30:00+00:00,2026-06-05 20:00:00+00:00,America/New_York,2026-06-07 10:34:04.818232+00:00
PPG,PPG,755,2026-03-16 13:30:00+00:00,2026-06-05 20:00:00+00:00,America/New_York,2026-06-07 10:34:04.956047+00:00
BAP,BAP,755,2026-03-16 13:30:00+00:00,2026-06-05 20:00:00+00:00,America/New_York,2026-06-07 10:34:04.901069+00:00
RF,RF,755,2026-03-16 13:30:00+00:00,2026-06-05 20:00:00+00:00,America/New_York,2026-06-07 10:34:04.991727+00:00
HUBB,HUBB,755,2026-03-16 13:30:00+00:00,2026-06-05 20:00:00+00:00,America/New_York,2026-06-07 10:34:05.022273+00:00
BG,BG,755,2026-03-16 13:30:00+00:00,2026-06-05 20:00:00+00:00,America/New_York,2026-06-07 10:34:05.045283+00:00
WSM,WSM,755,2026-03-16 13:30:00+00:00,2026-06-05 20:00:00+00:00,America/New_York,2026-06-07 10:34:05.076361+00:00
PHG,PHG,755,2026-03-16 13:30:00+00:00,2026-06-05 20:00:00+00:00,America/New_York,2026-06-07 10:34:05.178279+00:00
ILMN,ILMN,755,2026-03-16 13:30:00+00:00,2026-06-05 20:00:00+00:00,America/New_York,2026-06-07 10:34:05.179280+00:00
WTW,WTW,755,2026-03-16 13:30:00+00:00,2026-06-05 20:00:00+00:00,America/New_York,2026-06-07 10:34:05.270764+00:00
SMCI,SMCI,755,2026-03-16 13:30:00+00:00,2026-06-05 20:00:00+00:00,America/New_York,2026-06-07 10:34:05.271764+00:00
SYF,SYF,755,2026-03-16 13:30:00+00:00,2026-06-05 20:00:00+00:00,America/New_York,2026-06-07 10:34:05.317474+00:00
DOW,DOW,755,2026-03-16 13:30:00+00:00,2026-06-05 20:00:00+00:00,America/New_York,2026-06-07 10:34:05.361057+00:00
STZ,STZ,755,2026-03-16 13:30:00+00:00,2026-06-05 20:00:00+00:00,America/New_York,2026-06-07 10:34:05.360058+00:00
TW,TW,755,2026-03-16 13:30:00+00:00,2026-06-05 20:00:00+00:00,America/New_York,2026-06-07 10:34:05.570561+00:00
AWK,AWK,755,2026-03-16 13:30:00+00:00,2026-06-05 20:00:00+00:00,America/New_York,2026-06-07 10:34:05.543450+00:00
NMR,NMR,755,2026-03-16 13:30:00+00:00,2026-06-05 20:00:00+00:00,America/New_York,2026-06-07 10:34:05.497999+00:00
FCNCA,FCNCA,755,2026-03-16 13:30:00+00:00,2026-06-05 20:00:00+00:00,America/New_York,2026-06-07 10:34:05.656886+00:00
FMX,FMX,755,2026-03-16 13:30:00+00:00,2026-06-05 20:00:00+00:00,America/New_York,2026-06-07 10:34:05.623295+00:00
IHG,IHG,754,2026-03-16 13:30:00+00:00,2026-06-05 20:00:00+00:00,America/New_York,2026-06-07 10:34:05.722545+00:00
ATI,ATI,755,2026-03-16 13:30:00+00:00,2026-06-05 20:00:00+00:00,America/New_York,2026-06-07 10:34:05.691417+00:00
HPQ,HPQ,755,2026-03-16 13:30:00+00:00,2026-06-05 20:00:00+00:00,America/New_York,2026-06-07 10:34:05.817430+00:00
CRS,CRS,755,2026-03-16 13:30:00+00:00,2026-06-05 20:00:00+00:00,America/New_York,2026-06-07 10:34:05.784190+00:00
FTAI,FTAI,755,2026-03-16 13:30:00+00:00,2026-06-05 20:00:00+00:00,America/New_York,2026-06-07 10:34:05.840962+00:00
KEY,KEY,755,2026-03-16 13:30:00+00:00,2026-06-05 20:00:00+00:00,America/New_York,2026-06-07 10:34:05.975640+00:00
P,P,456,2026-04-17 13:30:00+00:00,2026-06-05 20:00:00+00:00,America/New_York,2026-06-07 10:34:05.866502+00:00
VRSK,VRSK,755,2026-03-16 13:30:00+00:00,2026-06-05 20:00:00+00:00,America/New_York,2026-06-07 10:34:05.943525+00:00
MTD,MTD,755,2026-03-16 13:30:00+00:00,2026-06-05 20:00:00+00:00,America/New_York,2026-06-07 10:34:06.005703+00:00
CHD,CHD,755,2026-03-16 13:30:00+00:00,2026-06-05 20:00:00+00:00,America/New_York,2026-06-07 10:34:06.042003+00:00
UTHR,UTHR,755,2026-03-16 13:30:00+00:00,2026-06-05 20:00:00+00:00,America/New_York,2026-06-07 10:34:06.085939+00:00
TROW,TROW,755,2026-03-16 13:30:00+00:00,2026-06-05 20:00:00+00:00,America/New_York,2026-06-07 10:34:06.158086+00:00
LPLA,LPLA,755,2026-03-16 13:30:00+00:00,2026-06-05 20:00:00+00:00,America/New_York,2026-06-07 10:34:06.108945+00:00
PFG,PFG,755,2026-03-16 13:30:00+00:00,2026-06-05 20:00:00+00:00,America/New_York,2026-06-07 10:34:06.223004+00:00
PHM,PHM,755,2026-03-16 13:30:00+00:00,2026-06-05 20:00:00+00:00,America/New_York,2026-06-07 10:34:06.224007+00:00
CPAY,CPAY,755,2026-03-16 13:30:00+00:00,2026-06-05 20:00:00+00:00,America/New_York,2026-06-07 10:34:06.299272+00:00
MKL,MKL,755,2026-03-16 13:30:00+00:00,2026-06-05 20:00:00+00:00,America/New_York,2026-06-07 10:34:06.301273+00:00
ROL,ROL,755,2026-03-16 13:30:00+00:00,2026-06-05 20:00:00+00:00,America/New_York,2026-06-07 10:34:06.360430+00:00
DG,DG,755,2026-03-16 13:30:00+00:00,2026-06-05 20:00:00+00:00,America/New_York,2026-06-07 10:34:06.392088+00:00
DRI,DRI,755,2026-03-16 13:30:00+00:00,2026-06-05 20:00:00+00:00,America/New_York,2026-06-07 10:34:06.490590+00:00
BCE,BCE,755,2026-03-16 13:30:00+00:00,2026-06-05 20:00:00+00:00,America/New_York,2026-06-07 10:34:06.423372+00:00
AXIA,AXIA,755,2026-03-16 13:30:00+00:00,2026-06-05 20:00:00+00:00,America/New_York,2026-06-07 10:34:06.518123+00:00
WST,WST,755,2026-03-16 13:30:00+00:00,2026-06-05 20:00:00+00:00,America/New_York,2026-06-07 10:34:06.557301+00:00
DGX,DGX,755,2026-03-16 13:30:00+00:00,2026-06-05 20:00:00+00:00,America/New_York,2026-06-07 10:34:06.699230+00:00
YPF,YPF,755,2026-03-16 13:30:00+00:00,2026-06-05 20:00:00+00:00,America/New_York,2026-06-07 10:34:06.669661+00:00
BNTX,BNTX,755,2026-03-16 13:30:00+00:00,2026-06-05 20:00:00+00:00,America/New_York,2026-06-07 10:34:06.735812+00:00
FN,FN,755,2026-03-16 13:30:00+00:00,2026-06-05 20:00:00+00:00,America/New_York,2026-06-07 10:34:06.781503+00:00
FFIV,FFIV,755,2026-03-16 13:30:00+00:00,2026-06-05 20:00:00+00:00,America/New_York,2026-06-07 10:34:06.838245+00:00
NI,NI,755,2026-03-16 13:30:00+00:00,2026-06-05 20:00:00+00:00,America/New_York,2026-06-07 10:34:06.809688+00:00
RL,RL,755,2026-03-16 13:30:00+00:00,2026-06-05 20:00:00+00:00,America/New_York,2026-06-07 10:34:06.886751+00:00
DKNG,DKNG,755,2026-03-16 13:30:00+00:00,2026-06-05 20:00:00+00:00,America/New_York,2026-06-07 10:34:06.923819+00:00
SBAC,SBAC,755,2026-03-16 13:30:00+00:00,2026-06-05 20:00:00+00:00,America/New_York,2026-06-07 10:34:06.959433+00:00
L,L,755,2026-03-16 13:30:00+00:00,2026-06-05 20:00:00+00:00,America/New_York,2026-06-07 10:34:07.039721+00:00
LEN,LEN,755,2026-03-16 13:30:00+00:00,2026-06-05 20:00:00+00:00,America/New_York,2026-06-07 10:34:07.002688+00:00
LH,LH,755,2026-03-16 13:30:00+00:00,2026-06-05 20:00:00+00:00,America/New_York,2026-06-07 10:34:07.062753+00:00
EXE,EXE,755,2026-03-16 13:30:00+00:00,2026-06-05 20:00:00+00:00,America/New_York,2026-06-07 10:34:07.102330+00:00
CMS,CMS,755,2026-03-16 13:30:00+00:00,2026-06-05 20:00:00+00:00,America/New_York,2026-06-07 10:34:07.102330+00:00
CHRW,CHRW,755,2026-03-16 13:30:00+00:00,2026-06-05 20:00:00+00:00,America/New_York,2026-06-07 10:34:07.286660+00:00
FWONK,FWONK,755,2026-03-16 13:30:00+00:00,2026-06-05 20:00:00+00:00,America/New_York,2026-06-07 10:34:07.304617+00:00
AER,AER,755,2026-03-16 13:30:00+00:00,2026-06-05 20:00:00+00:00,America/New_York,2026-06-07 10:34:07.396774+00:00
SNX,SNX,755,2026-03-16 13:30:00+00:00,2026-06-05 20:00:00+00:00,America/New_York,2026-06-07 10:34:07.364449+00:00
EXPD,EXPD,755,2026-03-16 13:30:00+00:00,2026-06-05 20:00:00+00:00,America/New_York,2026-06-07 10:34:07.253032+00:00
AKAM,AKAM,755,2026-03-16 13:30:00+00:00,2026-06-05 20:00:00+00:00,America/New_York,2026-06-07 10:34:07.430337+00:00
SW,SW,755,2026-03-16 13:30:00+00:00,2026-06-05 20:00:00+00:00,America/New_York,2026-06-07 10:34:07.470401+00:00
OMC,OMC,755,2026-03-16 13:30:00+00:00,2026-06-05 20:00:00+00:00,America/New_York,2026-06-07 10:34:07.510208+00:00
WWD,WWD,755,2026-03-16 13:30:00+00:00,2026-06-05 20:00:00+00:00,America/New_York,2026-06-07 10:34:07.615825+00:00
VLTO,VLTO,755,2026-03-16 13:30:00+00:00,2026-06-05 20:00:00+00:00,America/New_York,2026-06-07 10:34:07.644915+00:00
IONQ,IONQ,755,2026-03-16 13:30:00+00:00,2026-06-05 20:00:00+00:00,America/New_York,2026-06-07 10:34:07.712691+00:00
FIS,FIS,755,2026-03-16 13:30:00+00:00,2026-06-05 20:00:00+00:00,America/New_York,2026-06-07 10:34:07.691160+00:00
ZS,ZS,755,2026-03-16 13:30:00+00:00,2026-06-05 20:00:00+00:00,America/New_York,2026-06-07 10:34:07.824559+00:00
EFX,EFX,755,2026-03-16 13:30:00+00:00,2026-06-05 20:00:00+00:00,America/New_York,2026-06-07 10:34:07.742976+00:00
LYB,LYB,755,2026-03-16 13:30:00+00:00,2026-06-05 20:00:00+00:00,America/New_York,2026-06-07 10:34:07.958701+00:00
OKTA,OKTA,755,2026-03-16 13:30:00+00:00,2026-06-05 20:00:00+00:00,America/New_York,2026-06-07 10:34:07.927132+00:00
DLTR,DLTR,755,2026-03-16 13:30:00+00:00,2026-06-05 20:00:00+00:00,America/New_York,2026-06-07 10:34:07.862416+00:00
SQM,SQM,755,2026-03-16 13:30:00+00:00,2026-06-05 20:00:00+00:00,America/New_York,2026-06-07 10:34:07.894096+00:00
UDR,UDR,755,2026-03-16 13:30:00+00:00,2026-06-05 20:00:00+00:00,America/New_York,2026-06-07 10:34:08.270057+00:00
STE,STE,755,2026-03-16 13:30:00+00:00,2026-06-05 20:00:00+00:00,America/New_York,2026-06-07 10:34:08.078846+00:00
AFRM,AFRM,755,2026-03-16 13:30:00+00:00,2026-06-05 20:00:00+00:00,America/New_York,2026-06-07 10:34:08.155324+00:00
RS,RS,755,2026-03-16 13:30:00+00:00,2026-06-05 20:00:00+00:00,America/New_York,2026-06-07 10:34:08.194893+00:00
VIV,VIV,755,2026-03-16 13:30:00+00:00,2026-06-05 20:00:00+00:00,America/New_York,2026-06-07 10:34:08.372484+00:00
ULTA,ULTA,755,2026-03-16 13:30:00+00:00,2026-06-05 20:00:00+00:00,America/New_York,2026-06-07 10:34:08.432554+00:00
LUV,LUV,755,2026-03-16 13:30:00+00:00,2026-06-05 20:00:00+00:00,America/New_York,2026-06-07 10:34:08.518985+00:00
ROIV,ROIV,755,2026-03-16 13:30:00+00:00,2026-06-05 20:00:00+00:00,America/New_York,2026-06-07 10:34:08.397043+00:00
RCI,RCI,755,2026-03-16 13:30:00+00:00,2026-06-05 20:00:00+00:00,America/New_York,2026-06-07 10:34:08.657551+00:00
MKSI,MKSI,755,2026-03-16 13:30:00+00:00,2026-06-05 20:00:00+00:00,America/New_York,2026-06-07 10:34:08.738632+00:00
TSN,TSN,755,2026-03-16 13:30:00+00:00,2026-06-05 20:00:00+00:00,America/New_York,2026-06-07 10:34:08.724778+00:00
SOFI,SOFI,755,2026-03-16 13:30:00+00:00,2026-06-05 20:00:00+00:00,America/New_York,2026-06-07 10:34:08.828424+00:00
PKG,PKG,755,2026-03-16 13:30:00+00:00,2026-06-05 20:00:00+00:00,America/New_York,2026-06-07 10:34:08.927530+00:00
PAAS,PAAS,755,2026-03-16 13:30:00+00:00,2026-06-05 20:00:00+00:00,America/New_York,2026-06-07 10:34:08.883066+00:00
BURL,BURL,755,2026-03-16 13:30:00+00:00,2026-06-05 20:00:00+00:00,America/New_York,2026-06-07 10:34:08.953624+00:00
INSM,INSM,755,2026-03-16 13:30:00+00:00,2026-06-05 20:00:00+00:00,America/New_York,2026-06-07 10:34:09.031604+00:00
RIVN,RIVN,755,2026-03-16 13:30:00+00:00,2026-06-05 20:00:00+00:00,America/New_York,2026-06-07 10:34:09.105627+00:00
IOT,IOT,755,2026-03-16 13:30:00+00:00,2026-06-05 20:00:00+00:00,America/New_York,2026-06-07 10:34:08.953624+00:00
INCY,INCY,755,2026-03-16 13:30:00+00:00,2026-06-05 20:00:00+00:00,America/New_York,2026-06-07 10:34:09.179137+00:00
CRCL,CRCL,755,2026-03-16 13:30:00+00:00,2026-06-05 20:00:00+00:00,America/New_York,2026-06-07 10:34:09.144351+00:00
SNA,SNA,755,2026-03-16 13:30:00+00:00,2026-06-05 20:00:00+00:00,America/New_York,2026-06-07 10:34:09.203739+00:00
DD,DD,755,2026-03-16 13:30:00+00:00,2026-06-05 20:00:00+00:00,America/New_York,2026-06-07 10:34:09.242810+00:00
BSBR,BSBR,755,2026-03-16 13:30:00+00:00,2026-06-05 20:00:00+00:00,America/New_York,2026-06-07 10:34:09.243324+00:00
NXT,NXT,755,2026-03-16 13:30:00+00:00,2026-06-05 20:00:00+00:00,America/New_York,2026-06-07 10:34:09.325197+00:00
ULS,ULS,755,2026-03-16 13:30:00+00:00,2026-06-05 20:00:00+00:00,America/New_York,2026-06-07 10:34:09.399033+00:00
FTV,FTV,755,2026-03-16 13:30:00+00:00,2026-06-05 20:00:00+00:00,America/New_York,2026-06-07 10:34:09.377306+00:00
DKS,DKS,755,2026-03-16 13:30:00+00:00,2026-06-05 20:00:00+00:00,America/New_York,2026-06-07 10:34:09.537527+00:00
RBA,RBA,755,2026-03-16 13:30:00+00:00,2026-06-05 20:00:00+00:00,America/New_York,2026-06-07 10:34:09.483779+00:00
IREN,IREN,755,2026-03-16 13:30:00+00:00,2026-06-05 20:00:00+00:00,America/New_York,2026-06-07 10:34:09.456344+00:00
BRO,BRO,755,2026-03-16 13:30:00+00:00,2026-06-05 20:00:00+00:00,America/New_York,2026-06-07 10:34:09.564074+00:00
EVRG,EVRG,755,2026-03-16 13:30:00+00:00,2026-06-05 20:00:00+00:00,America/New_York,2026-06-07 10:34:09.601816+00:00
CHTR,CHTR,755,2026-03-16 13:30:00+00:00,2026-06-05 20:00:00+00:00,America/New_York,2026-06-07 10:34:09.628885+00:00
SBS,SBS,755,2026-03-16 13:30:00+00:00,2026-06-05 20:00:00+00:00,America/New_York,2026-06-07 10:34:09.706821+00:00
BEKE,BEKE,755,2026-03-16 13:30:00+00:00,2026-06-05 20:00:00+00:00,America/New_York,2026-06-07 10:34:09.706821+00:00
ESS,ESS,755,2026-03-16 13:30:00+00:00,2026-06-05 20:00:00+00:00,America/New_York,2026-06-07 10:34:09.786860+00:00
ENTG,ENTG,755,2026-03-16 13:30:00+00:00,2026-06-05 20:00:00+00:00,America/New_York,2026-06-07 10:34:09.810022+00:00
IFF,IFF,755,2026-03-16 13:30:00+00:00,2026-06-05 20:00:00+00:00,America/New_York,2026-06-07 10:34:09.938717+00:00
TU,TU,755,2026-03-16 13:30:00+00:00,2026-06-05 20:00:00+00:00,America/New_York,2026-06-07 10:34:09.894684+00:00
AS,AS,755,2026-03-16 13:30:00+00:00,2026-06-05 20:00:00+00:00,America/New_York,2026-06-07 10:34:09.816060+00:00
LNT,LNT,755,2026-03-16 13:30:00+00:00,2026-06-05 20:00:00+00:00,America/New_York,2026-06-07 10:34:09.872583+00:00
RBC,RBC,755,2026-03-16 13:30:00+00:00,2026-06-05 20:00:00+00:00,America/New_York,2026-06-07 10:34:09.991438+00:00
USFD,USFD,755,2026-03-16 13:30:00+00:00,2026-06-05 20:00:00+00:00,America/New_York,2026-06-07 10:34:09.960796+00:00
MGA,MGA,755,2026-03-16 13:30:00+00:00,2026-06-05 20:00:00+00:00,America/New_York,2026-06-07 10:34:10.132699+00:00
AA,AA,755,2026-03-16 13:30:00+00:00,2026-06-05 20:00:00+00:00,America/New_York,2026-06-07 10:34:10.192226+00:00
INVH,INVH,755,2026-03-16 13:30:00+00:00,2026-06-05 20:00:00+00:00,America/New_York,2026-06-07 10:34:10.385296+00:00
LSCC,LSCC,755,2026-03-16 13:30:00+00:00,2026-06-05 20:00:00+00:00,America/New_York,2026-06-07 10:34:10.272194+00:00
GPN,GPN,755,2026-03-16 13:30:00+00:00,2026-06-05 20:00:00+00:00,America/New_York,2026-06-07 10:34:10.268194+00:00
CX,CX,755,2026-03-16 13:30:00+00:00,2026-06-05 20:00:00+00:00,America/New_York,2026-06-07 10:34:10.410848+00:00
MRNA,MRNA,755,2026-03-16 13:30:00+00:00,2026-06-05 20:00:00+00:00,America/New_York,2026-06-07 10:34:10.357483+00:00
PKX,PKX,753,2026-03-16 13:30:00+00:00,2026-06-05 20:00:00+00:00,America/New_York,2026-06-07 10:34:10.333920+00:00
ALB,ALB,755,2026-03-16 13:30:00+00:00,2026-06-05 20:00:00+00:00,America/New_York,2026-06-07 10:34:10.492376+00:00
BCH,BCH,755,2026-03-16 13:30:00+00:00,2026-06-05 20:00:00+00:00,America/New_York,2026-06-07 10:34:10.464251+00:00
H,H,755,2026-03-16 13:30:00+00:00,2026-06-05 20:00:00+00:00,America/New_York,2026-06-07 10:34:10.661968+00:00
ROKU,ROKU,755,2026-03-16 13:30:00+00:00,2026-06-05 20:00:00+00:00,America/New_York,2026-06-07 10:34:10.694751+00:00
VTRS,VTRS,755,2026-03-16 13:30:00+00:00,2026-06-05 20:00:00+00:00,America/New_York,2026-06-07 10:34:10.631859+00:00
CF,CF,755,2026-03-16 13:30:00+00:00,2026-06-05 20:00:00+00:00,America/New_York,2026-06-07 10:34:10.742134+00:00
LII,LII,755,2026-03-16 13:30:00+00:00,2026-06-05 20:00:00+00:00,America/New_York,2026-06-07 10:34:10.765204+00:00
FPS,FPS,755,2026-03-16 13:30:00+00:00,2026-06-05 20:00:00+00:00,America/New_York,2026-06-07 10:34:10.765204+00:00
GIS,GIS,755,2026-03-16 13:30:00+00:00,2026-06-05 20:00:00+00:00,America/New_York,2026-06-07 10:34:10.916685+00:00
IP,IP,755,2026-03-16 13:30:00+00:00,2026-06-05 20:00:00+00:00,America/New_York,2026-06-07 10:34:10.858865+00:00
BR,BR,755,2026-03-16 13:30:00+00:00,2026-06-05 20:00:00+00:00,America/New_York,2026-06-07 10:34:11.029433+00:00
FLUT,FLUT,755,2026-03-16 13:30:00+00:00,2026-06-05 20:00:00+00:00,America/New_York,2026-06-07 10:34:11.088815+00:00
WY,WY,755,2026-03-16 13:30:00+00:00,2026-06-05 20:00:00+00:00,America/New_York,2026-06-07 10:34:11.057230+00:00
APG,APG,755,2026-03-16 13:30:00+00:00,2026-06-05 20:00:00+00:00,America/New_York,2026-06-07 10:34:11.181064+00:00
AMCR,AMCR,755,2026-03-16 13:30:00+00:00,2026-06-05 20:00:00+00:00,America/New_York,2026-06-07 10:34:11.158030+00:00
RGLD,RGLD,755,2026-03-16 13:30:00+00:00,2026-06-05 20:00:00+00:00,America/New_York,2026-06-07 10:34:11.182065+00:00
EWBC,EWBC,755,2026-03-16 13:30:00+00:00,2026-06-05 20:00:00+00:00,America/New_York,2026-06-07 10:34:11.251517+00:00
DOCN,DOCN,755,2026-03-16 13:30:00+00:00,2026-06-05 20:00:00+00:00,America/New_York,2026-06-07 10:34:11.251517+00:00
CDW,CDW,755,2026-03-16 13:30:00+00:00,2026-06-05 20:00:00+00:00,America/New_York,2026-06-07 10:34:11.313351+00:00
ZBH,ZBH,755,2026-03-16 13:30:00+00:00,2026-06-05 20:00:00+00:00,America/New_York,2026-06-07 10:34:11.358894+00:00
SSNC,SSNC,755,2026-03-16 13:30:00+00:00,2026-06-05 20:00:00+00:00,America/New_York,2026-06-07 10:34:11.548303+00:00
WCC,WCC,755,2026-03-16 13:30:00+00:00,2026-06-05 20:00:00+00:00,America/New_York,2026-06-07 10:34:11.458932+00:00
TTMI,TTMI,755,2026-03-16 13:30:00+00:00,2026-06-05 20:00:00+00:00,America/New_York,2026-06-07 10:34:11.358894+00:00
CDE,CDE,755,2026-03-16 13:30:00+00:00,2026-06-05 20:00:00+00:00,America/New_York,2026-06-07 10:34:11.653219+00:00
NVR,NVR,754,2026-03-16 13:30:00+00:00,2026-06-05 20:00:00+00:00,America/New_York,2026-06-07 10:34:11.517865+00:00
HST,HST,755,2026-03-16 13:30:00+00:00,2026-06-05 20:00:00+00:00,America/New_York,2026-06-07 10:34:11.734088+00:00
BWXT,BWXT,755,2026-03-16 13:30:00+00:00,2026-06-05 20:00:00+00:00,America/New_York,2026-06-07 10:34:11.605005+00:00
ZTO,ZTO,755,2026-03-16 13:30:00+00:00,2026-06-05 20:00:00+00:00,America/New_York,2026-06-07 10:34:11.828883+00:00
SN,SN,755,2026-03-16 13:30:00+00:00,2026-06-05 20:00:00+00:00,America/New_York,2026-06-07 10:34:11.787766+00:00
TLN,TLN,755,2026-03-16 13:30:00+00:00,2026-06-05 20:00:00+00:00,America/New_York,2026-06-07 10:34:11.872164+00:00
MAA,MAA,755,2026-03-16 13:30:00+00:00,2026-06-05 20:00:00+00:00,America/New_York,2026-06-07 10:34:11.872678+00:00
ITT,ITT,755,2026-03-16 13:30:00+00:00,2026-06-05 20:00:00+00:00,America/New_York,2026-06-07 10:34:12.010251+00:00
NBIX,NBIX,755,2026-03-16 13:30:00+00:00,2026-06-05 20:00:00+00:00,America/New_York,2026-06-07 10:34:12.087072+00:00
KIM,KIM,755,2026-03-16 13:30:00+00:00,2026-06-05 20:00:00+00:00,America/New_York,2026-06-07 10:34:12.048863+00:00
VNOM,VNOM,755,2026-03-16 13:30:00+00:00,2026-06-05 20:00:00+00:00,America/New_York,2026-06-07 10:34:12.118646+00:00
WPC,WPC,755,2026-03-16 13:30:00+00:00,2026-06-05 20:00:00+00:00,America/New_York,2026-06-07 10:34:12.171960+00:00
BEN,BEN,755,2026-03-16 13:30:00+00:00,2026-06-05 20:00:00+00:00,America/New_York,2026-06-07 10:34:12.171960+00:00
PTC,PTC,755,2026-03-16 13:30:00+00:00,2026-06-05 20:00:00+00:00,America/New_York,2026-06-07 10:34:12.238454+00:00
ARXS,ARXS,465,2026-04-16 13:30:00+00:00,2026-06-05 20:00:00+00:00,America/New_York,2026-06-07 10:34:12.338743+00:00
GH,GH,755,2026-03-16 13:30:00+00:00,2026-06-05 20:00:00+00:00,America/New_York,2026-06-07 10:34:12.264011+00:00
GEN,GEN,755,2026-03-16 13:30:00+00:00,2026-06-05 20:00:00+00:00,America/New_York,2026-06-07 10:34:12.338743+00:00
PR,PR,755,2026-03-16 13:30:00+00:00,2026-06-05 20:00:00+00:00,America/New_York,2026-06-07 10:34:12.410461+00:00
NWSA,NWSA,755,2026-03-16 13:30:00+00:00,2026-06-05 20:00:00+00:00,America/New_York,2026-06-07 10:34:12.451107+00:00
IEX,IEX,755,2026-03-16 13:30:00+00:00,2026-06-05 20:00:00+00:00,America/New_York,2026-06-07 10:34:12.477731+00:00
TLK,TLK,755,2026-03-16 13:30:00+00:00,2026-06-05 20:00:00+00:00,America/New_York,2026-06-07 10:34:12.504329+00:00
LDOS,LDOS,755,2026-03-16 13:30:00+00:00,2026-06-05 20:00:00+00:00,America/New_York,2026-06-07 10:34:12.663233+00:00
OVV,OVV,755,2026-03-16 13:30:00+00:00,2026-06-05 20:00:00+00:00,America/New_York,2026-06-07 10:34:12.616670+00:00
AMKR,AMKR,755,2026-03-16 13:30:00+00:00,2026-06-05 20:00:00+00:00,America/New_York,2026-06-07 10:34:12.662233+00:00
SITM,SITM,755,2026-03-16 13:30:00+00:00,2026-06-05 20:00:00+00:00,America/New_York,2026-06-07 10:34:12.738040+00:00
CPT,CPT,755,2026-03-16 13:30:00+00:00,2026-06-05 20:00:00+00:00,America/New_York,2026-06-07 10:34:12.766147+00:00
KEP,KEP,755,2026-03-16 13:30:00+00:00,2026-06-05 20:00:00+00:00,America/New_York,2026-06-07 10:34:12.808247+00:00
TXT,TXT,755,2026-03-16 13:30:00+00:00,2026-06-05 20:00:00+00:00,America/New_York,2026-06-07 10:34:12.833905+00:00
SUI,SUI,755,2026-03-16 13:30:00+00:00,2026-06-05 20:00:00+00:00,America/New_York,2026-06-07 10:34:12.914857+00:00
NDSN,NDSN,755,2026-03-16 13:30:00+00:00,2026-06-05 20:00:00+00:00,America/New_York,2026-06-07 10:34:12.991668+00:00
KSPI,KSPI,755,2026-03-16 13:30:00+00:00,2026-06-05 20:00:00+00:00,America/New_York,2026-06-07 10:34:13.134902+00:00
TSCO,TSCO,755,2026-03-16 13:30:00+00:00,2026-06-05 20:00:00+00:00,America/New_York,2026-06-07 10:34:13.062489+00:00
XPEV,XPEV,755,2026-03-16 13:30:00+00:00,2026-06-05 20:00:00+00:00,America/New_York,2026-06-07 10:34:13.183687+00:00
CG,CG,755,2026-03-16 13:30:00+00:00,2026-06-05 20:00:00+00:00,America/New_York,2026-06-07 10:34:13.264171+00:00
LOGI,LOGI,755,2026-03-16 13:30:00+00:00,2026-06-05 20:00:00+00:00,America/New_York,2026-06-07 10:34:13.264171+00:00
RMBS,RMBS,755,2026-03-16 13:30:00+00:00,2026-06-05 20:00:00+00:00,America/New_York,2026-06-07 10:34:13.289286+00:00
EMA,EMA,755,2026-03-16 13:30:00+00:00,2026-06-05 20:00:00+00:00,America/New_York,2026-06-07 10:34:13.361308+00:00
AGI,AGI,755,2026-03-16 13:30:00+00:00,2026-06-05 20:00:00+00:00,America/New_York,2026-06-07 10:34:13.239094+00:00
WMG,WMG,755,2026-03-16 13:30:00+00:00,2026-06-05 20:00:00+00:00,America/New_York,2026-06-07 10:34:13.407912+00:00
GNRC,GNRC,755,2026-03-16 13:30:00+00:00,2026-06-05 20:00:00+00:00,America/New_York,2026-06-07 10:34:13.408912+00:00
LAMR,LAMR,755,2026-03-16 13:30:00+00:00,2026-06-05 20:00:00+00:00,America/New_York,2026-06-07 10:34:13.483884+00:00
OWL,OWL,755,2026-03-16 13:30:00+00:00,2026-06-05 20:00:00+00:00,America/New_York,2026-06-07 10:34:13.575865+00:00
NLY,NLY,755,2026-03-16 13:30:00+00:00,2026-06-05 20:00:00+00:00,America/New_York,2026-06-07 10:34:13.608972+00:00
TPG,TPG,755,2026-03-16 13:30:00+00:00,2026-06-05 20:00:00+00:00,America/New_York,2026-06-07 10:34:13.647485+00:00
PFGC,PFGC,755,2026-03-16 13:30:00+00:00,2026-06-05 20:00:00+00:00,America/New_York,2026-06-07 10:34:13.709518+00:00
YUMC,YUMC,755,2026-03-16 13:30:00+00:00,2026-06-05 20:00:00+00:00,America/New_York,2026-06-07 10:34:13.758620+00:00
WSO,WSO,755,2026-03-16 13:30:00+00:00,2026-06-05 20:00:00+00:00,America/New_York,2026-06-07 10:34:13.844512+00:00
CLH,CLH,755,2026-03-16 13:30:00+00:00,2026-06-05 20:00:00+00:00,America/New_York,2026-06-07 10:34:13.803031+00:00
GMAB,GMAB,755,2026-03-16 13:30:00+00:00,2026-06-05 20:00:00+00:00,America/New_York,2026-06-07 10:34:13.931225+00:00
JAZZ,JAZZ,755,2026-03-16 13:30:00+00:00,2026-06-05 20:00:00+00:00,America/New_York,2026-06-07 10:34:14.056906+00:00
BBY,BBY,755,2026-03-16 13:30:00+00:00,2026-06-05 20:00:00+00:00,America/New_York,2026-06-07 10:34:14.105213+00:00
RTO,RTO,755,2026-03-16 13:30:00+00:00,2026-06-05 20:00:00+00:00,America/New_York,2026-06-07 10:34:14.035122+00:00
DECK,DECK,755,2026-03-16 13:30:00+00:00,2026-06-05 20:00:00+00:00,America/New_York,2026-06-07 10:34:14.035122+00:00
BNT,BNT,612,2026-03-16 13:30:00+00:00,2026-06-05 20:00:00+00:00,America/New_York,2026-06-07 10:34:14.136889+00:00
BWA,BWA,755,2026-03-16 13:30:00+00:00,2026-06-05 20:00:00+00:00,America/New_York,2026-06-07 10:34:14.190797+00:00
MLI,MLI,755,2026-03-16 13:30:00+00:00,2026-06-05 20:00:00+00:00,America/New_York,2026-06-07 10:34:14.250190+00:00
WF,WF,751,2026-03-16 13:30:00+00:00,2026-06-05 20:00:00+00:00,America/New_York,2026-06-07 10:34:14.298206+00:00
GIB,GIB,755,2026-03-16 13:30:00+00:00,2026-06-05 20:00:00+00:00,America/New_York,2026-06-07 10:34:14.351506+00:00
PNFP,PNFP,755,2026-03-16 13:30:00+00:00,2026-06-05 20:00:00+00:00,America/New_York,2026-06-07 10:34:14.434419+00:00
J,J,755,2026-03-16 13:30:00+00:00,2026-06-05 20:00:00+00:00,America/New_York,2026-06-07 10:34:14.350506+00:00
MOD,MOD,755,2026-03-16 13:30:00+00:00,2026-06-05 20:00:00+00:00,America/New_York,2026-06-07 10:34:14.446263+00:00
APTV,APTV,755,2026-03-16 13:30:00+00:00,2026-06-05 20:00:00+00:00,America/New_York,2026-06-07 10:34:14.412356+00:00
NVMI,NVMI,755,2026-03-16 13:30:00+00:00,2026-06-05 20:00:00+00:00,America/New_York,2026-06-07 10:34:14.600559+00:00
MAS,MAS,755,2026-03-16 13:30:00+00:00,2026-06-05 20:00:00+00:00,America/New_York,2026-06-07 10:34:14.555612+00:00
RBRK,RBRK,755,2026-03-16 13:30:00+00:00,2026-06-05 20:00:00+00:00,America/New_York,2026-06-07 10:34:14.719791+00:00
NTNX,NTNX,755,2026-03-16 13:30:00+00:00,2026-06-05 20:00:00+00:00,America/New_York,2026-06-07 10:34:14.843398+00:00
DTM,DTM,755,2026-03-16 13:30:00+00:00,2026-06-05 20:00:00+00:00,America/New_York,2026-06-07 10:34:14.840868+00:00
LECO,LECO,755,2026-03-16 13:30:00+00:00,2026-06-05 20:00:00+00:00,America/New_York,2026-06-07 10:34:15.069536+00:00
IESC,IESC,755,2026-03-16 13:30:00+00:00,2026-06-05 20:00:00+00:00,America/New_York,2026-06-07 10:34:14.881496+00:00
BSAC,BSAC,755,2026-03-16 13:30:00+00:00,2026-06-05 20:00:00+00:00,America/New_York,2026-06-07 10:34:15.104263+00:00
THC,THC,755,2026-03-16 13:30:00+00:00,2026-06-05 20:00:00+00:00,America/New_York,2026-06-07 10:34:15.130727+00:00
PS,PS,344,2026-04-29 17:30:00+00:00,2026-06-05 20:00:00+00:00,America/New_York,2026-06-07 10:34:15.199208+00:00
SKM,SKM,755,2026-03-16 13:30:00+00:00,2026-06-05 20:00:00+00:00,America/New_York,2026-06-07 10:34:15.132241+00:00
CSGP,CSGP,755,2026-03-16 13:30:00+00:00,2026-06-05 20:00:00+00:00,America/New_York,2026-06-07 10:34:15.278682+00:00
SGI,SGI,755,2026-03-16 13:30:00+00:00,2026-06-05 20:00:00+00:00,America/New_York,2026-06-07 10:34:15.343360+00:00
TOST,TOST,755,2026-03-16 13:30:00+00:00,2026-06-05 20:00:00+00:00,America/New_York,2026-06-07 10:34:15.311958+00:00
LI,LI,755,2026-03-16 13:30:00+00:00,2026-06-05 20:00:00+00:00,America/New_York,2026-06-07 10:34:15.386240+00:00
CHKP,CHKP,755,2026-03-16 13:30:00+00:00,2026-06-05 20:00:00+00:00,America/New_York,2026-06-07 10:34:15.480727+00:00
BALL,BALL,755,2026-03-16 13:30:00+00:00,2026-06-05 20:00:00+00:00,America/New_York,2026-06-07 10:34:15.479590+00:00
CSL,CSL,755,2026-03-16 13:30:00+00:00,2026-06-05 20:00:00+00:00,America/New_York,2026-06-07 10:34:15.600774+00:00
REG,REG,755,2026-03-16 13:30:00+00:00,2026-06-05 20:00:00+00:00,America/New_York,2026-06-07 10:34:15.650479+00:00
AAOI,AAOI,755,2026-03-16 13:30:00+00:00,2026-06-05 20:00:00+00:00,America/New_York,2026-06-07 10:34:15.478594+00:00
SOLV,SOLV,755,2026-03-16 13:30:00+00:00,2026-06-05 20:00:00+00:00,America/New_York,2026-06-07 10:34:15.724818+00:00
DOC,DOC,755,2026-03-16 13:30:00+00:00,2026-06-05 20:00:00+00:00,America/New_York,2026-06-07 10:34:15.690365+00:00
JLL,JLL,755,2026-03-16 13:30:00+00:00,2026-06-05 20:00:00+00:00,America/New_York,2026-06-07 10:34:15.752678+00:00
ARMK,ARMK,755,2026-03-16 13:30:00+00:00,2026-06-05 20:00:00+00:00,America/New_York,2026-06-07 10:34:15.812852+00:00
SMTC,SMTC,755,2026-03-16 13:30:00+00:00,2026-06-05 20:00:00+00:00,America/New_York,2026-06-07 10:34:15.869350+00:00
UNM,UNM,755,2026-03-16 13:30:00+00:00,2026-06-05 20:00:00+00:00,America/New_York,2026-06-07 10:34:15.867839+00:00
TIGO,TIGO,755,2026-03-16 13:30:00+00:00,2026-06-05 20:00:00+00:00,America/New_York,2026-06-07 10:34:16.030187+00:00
LTM,LTM,755,2026-03-16 13:30:00+00:00,2026-06-05 20:00:00+00:00,America/New_York,2026-06-07 10:34:16.002658+00:00
NIO,NIO,755,2026-03-16 13:30:00+00:00,2026-06-05 20:00:00+00:00,America/New_York,2026-06-07 10:34:16.061596+00:00
SANM,SANM,755,2026-03-16 13:30:00+00:00,2026-06-05 20:00:00+00:00,America/New_York,2026-06-07 10:34:16.098942+00:00
TRU,TRU,755,2026-03-16 13:30:00+00:00,2026-06-05 20:00:00+00:00,America/New_York,2026-06-07 10:34:16.143620+00:00
LULU,LULU,755,2026-03-16 13:30:00+00:00,2026-06-05 20:00:00+00:00,America/New_York,2026-06-07 10:34:16.120480+00:00
GPC,GPC,755,2026-03-16 13:30:00+00:00,2026-06-05 20:00:00+00:00,America/New_York,2026-06-07 10:34:16.221623+00:00
WSE,WSE,248,2026-05-11 13:30:00+00:00,2026-06-05 20:00:00+00:00,America/New_York,2026-06-07 10:34:16.394914+00:00
EXEL,EXEL,755,2026-03-16 13:30:00+00:00,2026-06-05 20:00:00+00:00,America/New_York,2026-06-07 10:34:16.220113+00:00
RGA,RGA,755,2026-03-16 13:30:00+00:00,2026-06-05 20:00:00+00:00,America/New_York,2026-06-07 10:34:16.410554+00:00
GRAB,GRAB,755,2026-03-16 13:30:00+00:00,2026-06-05 20:00:00+00:00,America/New_York,2026-06-07 10:34:16.363671+00:00
RRX,RRX,755,2026-03-16 13:30:00+00:00,2026-06-05 20:00:00+00:00,America/New_York,2026-06-07 10:34:16.409551+00:00
HTHT,HTHT,755,2026-03-16 13:30:00+00:00,2026-06-05 20:00:00+00:00,America/New_York,2026-06-07 10:34:16.510718+00:00
DY,DY,755,2026-03-16 13:30:00+00:00,2026-06-05 20:00:00+00:00,America/New_York,2026-06-07 10:34:16.549627+00:00
ARCC,ARCC,755,2026-03-16 13:30:00+00:00,2026-06-05 20:00:00+00:00,America/New_York,2026-06-07 10:34:16.575765+00:00
RPM,RPM,755,2026-03-16 13:30:00+00:00,2026-06-05 20:00:00+00:00,America/New_York,2026-06-07 10:34:16.711165+00:00
EVR,EVR,755,2026-03-16 13:30:00+00:00,2026-06-05 20:00:00+00:00,America/New_York,2026-06-07 10:34:16.683065+00:00
TFII,TFII,755,2026-03-16 13:30:00+00:00,2026-06-05 20:00:00+00:00,America/New_York,2026-06-07 10:34:16.790553+00:00
TYL,TYL,755,2026-03-16 13:30:00+00:00,2026-06-05 20:00:00+00:00,America/New_York,2026-06-07 10:34:16.789554+00:00
GLPI,GLPI,755,2026-03-16 13:30:00+00:00,2026-06-05 20:00:00+00:00,America/New_York,2026-06-07 10:34:16.871254+00:00
TOL,TOL,755,2026-03-16 13:30:00+00:00,2026-06-05 20:00:00+00:00,America/New_York,2026-06-07 10:34:16.953051+00:00
ENLT,ENLT,754,2026-03-16 13:30:00+00:00,2026-06-05 20:00:00+00:00,America/New_York,2026-06-07 10:34:17.057293+00:00
COO,COO,755,2026-03-16 13:30:00+00:00,2026-06-05 20:00:00+00:00,America/New_York,2026-06-07 10:34:17.034742+00:00
EG,EG,755,2026-03-16 13:30:00+00:00,2026-06-05 20:00:00+00:00,America/New_York,2026-06-07 10:34:17.008154+00:00
CNH,CNH,755,2026-03-16 13:30:00+00:00,2026-06-05 20:00:00+00:00,America/New_York,2026-06-07 10:34:16.929839+00:00
ALLY,ALLY,755,2026-03-16 13:30:00+00:00,2026-06-05 20:00:00+00:00,America/New_York,2026-06-07 10:34:17.095569+00:00
DINO,DINO,755,2026-03-16 13:30:00+00:00,2026-06-05 20:00:00+00:00,America/New_York,2026-06-07 10:34:17.118623+00:00
JHX,JHX,755,2026-03-16 13:30:00+00:00,2026-06-05 20:00:00+00:00,America/New_York,2026-06-07 10:34:17.343100+00:00
OHI,OHI,755,2026-03-16 13:30:00+00:00,2026-06-05 20:00:00+00:00,America/New_York,2026-06-07 10:34:17.261069+00:00
BBIO,BBIO,755,2026-03-16 13:30:00+00:00,2026-06-05 20:00:00+00:00,America/New_York,2026-06-07 10:34:17.409245+00:00
GFL,GFL,755,2026-03-16 13:30:00+00:00,2026-06-05 20:00:00+00:00,America/New_York,2026-06-07 10:34:17.476499+00:00
FUTU,FUTU,755,2026-03-16 13:30:00+00:00,2026-06-05 20:00:00+00:00,America/New_York,2026-06-07 10:34:17.593357+00:00
SNN,SNN,755,2026-03-16 13:30:00+00:00,2026-06-05 20:00:00+00:00,America/New_York,2026-06-07 10:34:17.569826+00:00
HRL,HRL,755,2026-03-16 13:30:00+00:00,2026-06-05 20:00:00+00:00,America/New_York,2026-06-07 10:34:17.509595+00:00
MEDP,MEDP,755,2026-03-16 13:30:00+00:00,2026-06-05 20:00:00+00:00,America/New_York,2026-06-07 10:34:17.548220+00:00
APA,APA,755,2026-03-16 13:30:00+00:00,2026-06-05 20:00:00+00:00,America/New_York,2026-06-07 10:34:17.632975+00:00
ASND,ASND,755,2026-03-16 13:30:00+00:00,2026-06-05 20:00:00+00:00,America/New_York,2026-06-07 10:34:17.632975+00:00
TRMB,TRMB,755,2026-03-16 13:30:00+00:00,2026-06-05 20:00:00+00:00,America/New_York,2026-06-07 10:34:17.743886+00:00
AIZ,AIZ,755,2026-03-16 13:30:00+00:00,2026-06-05 20:00:00+00:00,America/New_York,2026-06-07 10:34:17.844068+00:00
SOLS,SOLS,755,2026-03-16 13:30:00+00:00,2026-06-05 20:00:00+00:00,America/New_York,2026-06-07 10:34:17.891552+00:00
DVA,DVA,755,2026-03-16 13:30:00+00:00,2026-06-05 20:00:00+00:00,America/New_York,2026-06-07 10:34:17.974631+00:00
KNX,KNX,755,2026-03-16 13:30:00+00:00,2026-06-05 20:00:00+00:00,America/New_York,2026-06-07 10:34:18.008946+00:00
FNF,FNF,755,2026-03-16 13:30:00+00:00,2026-06-05 20:00:00+00:00,America/New_York,2026-06-07 10:34:18.007947+00:00
DT,DT,755,2026-03-16 13:30:00+00:00,2026-06-05 20:00:00+00:00,America/New_York,2026-06-07 10:34:18.071593+00:00
MKC,MKC,755,2026-03-16 13:30:00+00:00,2026-06-05 20:00:00+00:00,America/New_York,2026-06-07 10:34:18.096169+00:00
GL,GL,755,2026-03-16 13:30:00+00:00,2026-06-05 20:00:00+00:00,America/New_York,2026-06-07 10:34:18.131940+00:00
PEN,PEN,755,2026-03-16 13:30:00+00:00,2026-06-05 20:00:00+00:00,America/New_York,2026-06-07 10:34:18.250535+00:00
JBS,JBS,755,2026-03-16 13:30:00+00:00,2026-06-05 20:00:00+00:00,America/New_York,2026-06-07 10:34:18.204075+00:00
TME,TME,755,2026-03-16 13:30:00+00:00,2026-06-05 20:00:00+00:00,America/New_York,2026-06-07 10:34:18.317979+00:00
ELS,ELS,755,2026-03-16 13:30:00+00:00,2026-06-05 20:00:00+00:00,America/New_York,2026-06-07 10:34:18.375188+00:00
RNR,RNR,755,2026-03-16 13:30:00+00:00,2026-06-05 20:00:00+00:00,America/New_York,2026-06-07 10:34:18.348100+00:00
U,U,755,2026-03-16 13:30:00+00:00,2026-06-05 20:00:00+00:00,America/New_York,2026-06-07 10:34:18.459960+00:00
NYT,NYT,755,2026-03-16 13:30:00+00:00,2026-06-05 20:00:00+00:00,America/New_York,2026-06-07 10:34:18.499632+00:00
PNW,PNW,755,2026-03-16 13:30:00+00:00,2026-06-05 20:00:00+00:00,America/New_York,2026-06-07 10:34:18.542280+00:00
SAIA,SAIA,755,2026-03-16 13:30:00+00:00,2026-06-05 20:00:00+00:00,America/New_York,2026-06-07 10:34:18.574911+00:00
HUT,HUT,755,2026-03-16 13:30:00+00:00,2026-06-05 20:00:00+00:00,America/New_York,2026-06-07 10:34:18.572867+00:00
ONTO,ONTO,755,2026-03-16 13:30:00+00:00,2026-06-05 20:00:00+00:00,America/New_York,2026-06-07 10:34:18.685677+00:00
AEG,AEG,755,2026-03-16 13:30:00+00:00,2026-06-05 20:00:00+00:00,America/New_York,2026-06-07 10:34:18.684676+00:00
AUR,AUR,755,2026-03-16 13:30:00+00:00,2026-06-05 20:00:00+00:00,America/New_York,2026-06-07 10:34:18.863037+00:00
GGG,GGG,755,2026-03-16 13:30:00+00:00,2026-06-05 20:00:00+00:00,America/New_York,2026-06-07 10:34:18.935439+00:00
PINS,PINS,755,2026-03-16 13:30:00+00:00,2026-06-05 20:00:00+00:00,America/New_York,2026-06-07 10:34:18.909341+00:00
DRS,DRS,755,2026-03-16 13:30:00+00:00,2026-06-05 20:00:00+00:00,America/New_York,2026-06-07 10:34:18.968877+00:00
CRBG,CRBG,755,2026-03-16 13:30:00+00:00,2026-06-05 20:00:00+00:00,America/New_York,2026-06-07 10:34:18.968877+00:00
VICR,VICR,755,2026-03-16 13:30:00+00:00,2026-06-05 20:00:00+00:00,America/New_York,2026-06-07 10:34:19.014222+00:00
SWK,SWK,755,2026-03-16 13:30:00+00:00,2026-06-05 20:00:00+00:00,America/New_York,2026-06-07 10:34:19.062387+00:00
IVZ,IVZ,755,2026-03-16 13:30:00+00:00,2026-06-05 20:00:00+00:00,America/New_York,2026-06-07 10:34:19.062387+00:00
MGM,MGM,755,2026-03-16 13:30:00+00:00,2026-06-05 20:00:00+00:00,America/New_York,2026-06-07 10:34:19.215070+00:00
BF.B,BF-B,755,2026-03-16 13:30:00+00:00,2026-06-05 20:00:00+00:00,America/New_York,2026-06-07 10:34:19.277348+00:00
AMH,AMH,755,2026-03-16 13:30:00+00:00,2026-06-05 20:00:00+00:00,America/New_York,2026-06-07 10:34:19.414824+00:00
ONON,ONON,755,2026-03-16 13:30:00+00:00,2026-06-05 20:00:00+00:00,America/New_York,2026-06-07 10:34:19.355534+00:00
ALGN,ALGN,755,2026-03-16 13:30:00+00:00,2026-06-05 20:00:00+00:00,America/New_York,2026-06-07 10:34:19.393721+00:00
AVY,AVY,755,2026-03-16 13:30:00+00:00,2026-06-05 20:00:00+00:00,America/New_York,2026-06-07 10:34:19.450546+00:00
PNR,PNR,755,2026-03-16 13:30:00+00:00,2026-06-05 20:00:00+00:00,America/New_York,2026-06-07 10:34:19.510089+00:00
COKE,COKE,755,2026-03-16 13:30:00+00:00,2026-06-05 20:00:00+00:00,America/New_York,2026-06-07 10:34:19.485008+00:00
IONS,IONS,755,2026-03-16 13:30:00+00:00,2026-06-05 20:00:00+00:00,America/New_York,2026-06-07 10:34:19.612618+00:00
AIT,AIT,755,2026-03-16 13:30:00+00:00,2026-06-05 20:00:00+00:00,America/New_York,2026-06-07 10:34:19.604576+00:00
HAS,HAS,755,2026-03-16 13:30:00+00:00,2026-06-05 20:00:00+00:00,America/New_York,2026-06-07 10:34:19.818206+00:00
CNA,CNA,755,2026-03-16 13:30:00+00:00,2026-06-05 20:00:00+00:00,America/New_York,2026-06-07 10:34:19.792268+00:00
ELAN,ELAN,755,2026-03-16 13:30:00+00:00,2026-06-05 20:00:00+00:00,America/New_York,2026-06-07 10:34:19.932892+00:00
FHN,FHN,755,2026-03-16 13:30:00+00:00,2026-06-05 20:00:00+00:00,America/New_York,2026-06-07 10:34:20.062706+00:00
EQH,EQH,755,2026-03-16 13:30:00+00:00,2026-06-05 20:00:00+00:00,America/New_York,2026-06-07 10:34:20.159356+00:00
CACI,CACI,755,2026-03-16 13:30:00+00:00,2026-06-05 20:00:00+00:00,America/New_York,2026-06-07 10:34:19.992699+00:00
MOG.A,MOG-A,754,2026-03-16 13:30:00+00:00,2026-06-05 20:00:00+00:00,America/New_York,2026-06-07 10:34:20.110219+00:00
FMS,FMS,755,2026-03-16 13:30:00+00:00,2026-06-05 20:00:00+00:00,America/New_York,2026-06-07 10:34:20.134301+00:00
WBS,WBS,755,2026-03-16 13:30:00+00:00,2026-06-05 20:00:00+00:00,America/New_York,2026-06-07 10:34:20.204973+00:00
AGNC,AGNC,755,2026-03-16 13:30:00+00:00,2026-06-05 20:00:00+00:00,America/New_York,2026-06-07 10:34:20.204464+00:00
VIAV,VIAV,755,2026-03-16 13:30:00+00:00,2026-06-05 20:00:00+00:00,America/New_York,2026-06-07 10:34:20.285827+00:00
WULF,WULF,755,2026-03-16 13:30:00+00:00,2026-06-05 20:00:00+00:00,America/New_York,2026-06-07 10:34:20.358398+00:00
GWRE,GWRE,755,2026-03-16 13:30:00+00:00,2026-06-05 20:00:00+00:00,America/New_York,2026-06-07 10:34:20.444578+00:00
RDY,RDY,755,2026-03-16 13:30:00+00:00,2026-06-05 20:00:00+00:00,America/New_York,2026-06-07 10:34:20.416406+00:00
HII,HII,755,2026-03-16 13:30:00+00:00,2026-06-05 20:00:00+00:00,America/New_York,2026-06-07 10:34:20.476978+00:00
JEF,JEF,755,2026-03-16 13:30:00+00:00,2026-06-05 20:00:00+00:00,America/New_York,2026-06-07 10:34:20.548457+00:00
CLX,CLX,755,2026-03-16 13:30:00+00:00,2026-06-05 20:00:00+00:00,America/New_York,2026-06-07 10:34:20.573025+00:00
LFUS,LFUS,755,2026-03-16 13:30:00+00:00,2026-06-05 20:00:00+00:00,America/New_York,2026-06-07 10:34:20.603132+00:00
AXSM,AXSM,755,2026-03-16 13:30:00+00:00,2026-06-05 20:00:00+00:00,America/New_York,2026-06-07 10:34:20.681335+00:00
ICLR,ICLR,755,2026-03-16 13:30:00+00:00,2026-06-05 20:00:00+00:00,America/New_York,2026-06-07 10:34:20.802774+00:00
PL,PL,755,2026-03-16 13:30:00+00:00,2026-06-05 20:00:00+00:00,America/New_York,2026-06-07 10:34:20.603132+00:00
RVTY,RVTY,755,2026-03-16 13:30:00+00:00,2026-06-05 20:00:00+00:00,America/New_York,2026-06-07 10:34:20.759126+00:00
PSKY,PSKY,755,2026-03-16 13:30:00+00:00,2026-06-05 20:00:00+00:00,America/New_York,2026-06-07 10:34:20.758119+00:00
PAC,PAC,750,2026-03-16 13:30:00+00:00,2026-06-05 20:00:00+00:00,America/New_York,2026-06-07 10:34:20.984077+00:00
GDDY,GDDY,755,2026-03-16 13:30:00+00:00,2026-06-05 20:00:00+00:00,America/New_York,2026-06-07 10:34:20.922977+00:00
BJ,BJ,755,2026-03-16 13:30:00+00:00,2026-06-05 20:00:00+00:00,America/New_York,2026-06-07 10:34:20.957827+00:00
TXRH,TXRH,755,2026-03-16 13:30:00+00:00,2026-06-05 20:00:00+00:00,America/New_York,2026-06-07 10:34:21.150841+00:00
PAG,PAG,755,2026-03-16 13:30:00+00:00,2026-06-05 20:00:00+00:00,America/New_York,2026-06-07 10:34:21.097047+00:00
ARW,ARW,755,2026-03-16 13:30:00+00:00,2026-06-05 20:00:00+00:00,America/New_York,2026-06-07 10:34:21.149840+00:00
FIG,FIG,755,2026-03-16 13:30:00+00:00,2026-06-05 20:00:00+00:00,America/New_York,2026-06-07 10:34:21.064152+00:00
BLD,BLD,755,2026-03-16 13:30:00+00:00,2026-06-05 20:00:00+00:00,America/New_York,2026-06-07 10:34:21.119138+00:00
SPXC,SPXC,755,2026-03-16 13:30:00+00:00,2026-06-05 20:00:00+00:00,America/New_York,2026-06-07 10:34:21.220755+00:00
APLD,APLD,755,2026-03-16 13:30:00+00:00,2026-06-05 20:00:00+00:00,America/New_York,2026-06-07 10:34:21.220755+00:00
HUBS,HUBS,755,2026-03-16 13:30:00+00:00,2026-06-05 20:00:00+00:00,America/New_York,2026-06-07 10:34:21.282984+00:00
ALLE,ALLE,755,2026-03-16 13:30:00+00:00,2026-06-05 20:00:00+00:00,America/New_York,2026-06-07 10:34:21.340974+00:00
MDGL,MDGL,755,2026-03-16 13:30:00+00:00,2026-06-05 20:00:00+00:00,America/New_York,2026-06-07 10:34:21.380296+00:00
BTSG,BTSG,755,2026-03-16 13:30:00+00:00,2026-06-05 20:00:00+00:00,America/New_York,2026-06-07 10:34:21.484339+00:00
QXO,QXO,755,2026-03-16 13:30:00+00:00,2026-06-05 20:00:00+00:00,America/New_York,2026-06-07 10:34:21.404958+00:00
AEIS,AEIS,755,2026-03-16 13:30:00+00:00,2026-06-05 20:00:00+00:00,America/New_York,2026-06-07 10:34:21.460667+00:00
IT,IT,755,2026-03-16 13:30:00+00:00,2026-06-05 20:00:00+00:00,America/New_York,2026-06-07 10:34:21.520360+00:00
SWKS,SWKS,755,2026-03-16 13:30:00+00:00,2026-06-05 20:00:00+00:00,America/New_York,2026-06-07 10:34:21.584910+00:00
ZBRA,ZBRA,755,2026-03-16 13:30:00+00:00,2026-06-05 20:00:00+00:00,America/New_York,2026-06-07 10:34:21.585915+00:00
AFG,AFG,755,2026-03-16 13:30:00+00:00,2026-06-05 20:00:00+00:00,America/New_York,2026-06-07 10:34:21.654678+00:00
SJM,SJM,755,2026-03-16 13:30:00+00:00,2026-06-05 20:00:00+00:00,America/New_York,2026-06-07 10:34:21.678726+00:00
SMMT,SMMT,755,2026-03-16 13:30:00+00:00,2026-06-05 20:00:00+00:00,America/New_York,2026-06-07 10:34:21.743989+00:00
AR,AR,755,2026-03-16 13:30:00+00:00,2026-06-05 20:00:00+00:00,America/New_York,2026-06-07 10:34:21.815043+00:00
SEIC,SEIC,755,2026-03-16 13:30:00+00:00,2026-06-05 20:00:00+00:00,America/New_York,2026-06-07 10:34:21.941069+00:00
SF,SF,755,2026-03-16 13:30:00+00:00,2026-06-05 20:00:00+00:00,America/New_York,2026-06-07 10:34:21.980549+00:00
FRVO,FRVO,216,2026-05-13 13:30:00+00:00,2026-06-05 20:00:00+00:00,America/New_York,2026-06-07 10:34:22.057461+00:00
CCK,CCK,755,2026-03-16 13:30:00+00:00,2026-06-05 20:00:00+00:00,America/New_York,2026-06-07 10:34:22.147026+00:00
KTOS,KTOS,755,2026-03-16 13:30:00+00:00,2026-06-05 20:00:00+00:00,America/New_York,2026-06-07 10:34:22.093713+00:00
WYNN,WYNN,755,2026-03-16 13:30:00+00:00,2026-06-05 20:00:00+00:00,America/New_York,2026-06-07 10:34:22.186201+00:00
WLK,WLK,755,2026-03-16 13:30:00+00:00,2026-06-05 20:00:00+00:00,America/New_York,2026-06-07 10:34:22.309311+00:00
BMRN,BMRN,755,2026-03-16 13:30:00+00:00,2026-06-05 20:00:00+00:00,America/New_York,2026-06-07 10:34:22.124937+00:00
CR,CR,755,2026-03-16 13:30:00+00:00,2026-06-05 20:00:00+00:00,America/New_York,2026-06-07 10:34:22.258408+00:00
BXP,BXP,755,2026-03-16 13:30:00+00:00,2026-06-05 20:00:00+00:00,America/New_York,2026-06-07 10:34:22.341989+00:00
AAON,AAON,755,2026-03-16 13:30:00+00:00,2026-06-05 20:00:00+00:00,America/New_York,2026-06-07 10:34:22.355081+00:00
DPZ,DPZ,755,2026-03-16 13:30:00+00:00,2026-06-05 20:00:00+00:00,America/New_York,2026-06-07 10:34:22.444514+00:00
GMED,GMED,755,2026-03-16 13:30:00+00:00,2026-06-05 20:00:00+00:00,America/New_York,2026-06-07 10:34:22.404322+00:00
GIL,GIL,755,2026-03-16 13:30:00+00:00,2026-06-05 20:00:00+00:00,America/New_York,2026-06-07 10:34:22.602216+00:00
R,R,755,2026-03-16 13:30:00+00:00,2026-06-05 20:00:00+00:00,America/New_York,2026-06-07 10:34:22.567052+00:00
FRT,FRT,755,2026-03-16 13:30:00+00:00,2026-06-05 20:00:00+00:00,America/New_York,2026-06-07 10:34:22.603216+00:00
PODD,PODD,755,2026-03-16 13:30:00+00:00,2026-06-05 20:00:00+00:00,America/New_York,2026-06-07 10:34:22.645426+00:00
ERIE,ERIE,754,2026-03-16 13:30:00+00:00,2026-06-05 20:00:00+00:00,America/New_York,2026-06-07 10:34:22.712562+00:00
WTRG,WTRG,755,2026-03-16 13:30:00+00:00,2026-06-05 20:00:00+00:00,America/New_York,2026-06-07 10:34:22.691478+00:00
UHAL,UHAL,754,2026-03-16 13:30:00+00:00,2026-06-05 20:00:00+00:00,America/New_York,2026-06-07 10:34:22.747139+00:00
MUSA,MUSA,755,2026-03-16 13:30:00+00:00,2026-06-05 20:00:00+00:00,America/New_York,2026-06-07 10:34:22.850970+00:00
EGP,EGP,755,2026-03-16 13:30:00+00:00,2026-06-05 20:00:00+00:00,America/New_York,2026-06-07 10:34:22.746143+00:00
VMI,VMI,755,2026-03-16 13:30:00+00:00,2026-06-05 20:00:00+00:00,America/New_York,2026-06-07 10:34:22.940827+00:00
SFD,SFD,755,2026-03-16 13:30:00+00:00,2026-06-05 20:00:00+00:00,America/New_York,2026-06-07 10:34:22.812262+00:00
MICC,MICC,755,2026-03-16 13:30:00+00:00,2026-06-05 20:00:00+00:00,America/New_York,2026-06-07 10:34:22.940319+00:00
EHC,EHC,755,2026-03-16 13:30:00+00:00,2026-06-05 20:00:00+00:00,America/New_York,2026-06-07 10:34:23.017171+00:00
FIVE,FIVE,755,2026-03-16 13:30:00+00:00,2026-06-05 20:00:00+00:00,America/New_York,2026-06-07 10:34:23.016163+00:00
WTS,WTS,755,2026-03-16 13:30:00+00:00,2026-06-05 20:00:00+00:00,America/New_York,2026-06-07 10:34:23.123169+00:00
AES,AES,755,2026-03-16 13:30:00+00:00,2026-06-05 20:00:00+00:00,America/New_York,2026-06-07 10:34:23.186959+00:00
MP,MP,755,2026-03-16 13:30:00+00:00,2026-06-05 20:00:00+00:00,America/New_York,2026-06-07 10:34:23.082069+00:00
GSAT,GSAT,755,2026-03-16 13:30:00+00:00,2026-06-05 20:00:00+00:00,America/New_York,2026-06-07 10:34:23.259555+00:00
TIMB,TIMB,755,2026-03-16 13:30:00+00:00,2026-06-05 20:00:00+00:00,America/New_York,2026-06-07 10:34:23.293063+00:00
SAIL,SAIL,755,2026-03-16 13:30:00+00:00,2026-06-05 20:00:00+00:00,America/New_York,2026-06-07 10:34:23.321154+00:00
ARWR,ARWR,755,2026-03-16 13:30:00+00:00,2026-06-05 20:00:00+00:00,America/New_York,2026-06-07 10:34:23.385003+00:00
POWL,POWL,755,2026-03-16 13:30:00+00:00,2026-06-05 20:00:00+00:00,America/New_York,2026-06-07 10:34:23.235149+00:00
WTFC,WTFC,755,2026-03-16 13:30:00+00:00,2026-06-05 20:00:00+00:00,America/New_York,2026-06-07 10:34:23.360916+00:00
CGNX,CGNX,755,2026-03-16 13:30:00+00:00,2026-06-05 20:00:00+00:00,America/New_York,2026-06-07 10:34:23.456806+00:00
SUZ,SUZ,755,2026-03-16 13:30:00+00:00,2026-06-05 20:00:00+00:00,America/New_York,2026-06-07 10:34:23.431172+00:00
AM,AM,755,2026-03-16 13:30:00+00:00,2026-06-05 20:00:00+00:00,America/New_York,2026-06-07 10:34:23.609813+00:00
HBM,HBM,755,2026-03-16 13:30:00+00:00,2026-06-05 20:00:00+00:00,America/New_York,2026-06-07 10:34:23.650652+00:00
EMBJ,EMBJ,755,2026-03-16 13:30:00+00:00,2026-06-05 20:00:00+00:00,America/New_York,2026-06-07 10:34:23.742357+00:00
CNM,CNM,755,2026-03-16 13:30:00+00:00,2026-06-05 20:00:00+00:00,America/New_York,2026-06-07 10:34:23.693004+00:00
OKLO,OKLO,755,2026-03-16 13:30:00+00:00,2026-06-05 20:00:00+00:00,America/New_York,2026-06-07 10:34:23.814974+00:00
WMS,WMS,755,2026-03-16 13:30:00+00:00,2026-06-05 20:00:00+00:00,America/New_York,2026-06-07 10:34:23.786017+00:00
PAYP,PAYP,755,2026-03-16 13:30:00+00:00,2026-06-05 20:00:00+00:00,America/New_York,2026-06-07 10:34:23.813972+00:00
BSY,BSY,755,2026-03-16 13:30:00+00:00,2026-06-05 20:00:00+00:00,America/New_York,2026-06-07 10:34:23.897986+00:00
BAX,BAX,755,2026-03-16 13:30:00+00:00,2026-06-05 20:00:00+00:00,America/New_York,2026-06-07 10:34:23.947414+00:00
BPOP,BPOP,755,2026-03-16 13:30:00+00:00,2026-06-05 20:00:00+00:00,America/New_York,2026-06-07 10:34:24.041785+00:00
CART,CART,755,2026-03-16 13:30:00+00:00,2026-06-05 20:00:00+00:00,America/New_York,2026-06-07 10:34:24.137658+00:00
FROG,FROG,755,2026-03-16 13:30:00+00:00,2026-06-05 20:00:00+00:00,America/New_York,2026-06-07 10:34:24.093655+00:00
GTLS,GTLS,755,2026-03-16 13:30:00+00:00,2026-06-05 20:00:00+00:00,America/New_York,2026-06-07 10:34:24.160773+00:00
FCFS,FCFS,755,2026-03-16 13:30:00+00:00,2026-06-05 20:00:00+00:00,America/New_York,2026-06-07 10:34:24.211987+00:00
AHR,AHR,755,2026-03-16 13:30:00+00:00,2026-06-05 20:00:00+00:00,America/New_York,2026-06-07 10:34:24.213493+00:00
RGC,RGC,746,2026-03-16 13:30:00+00:00,2026-06-05 20:00:00+00:00,America/New_York,2026-06-07 10:34:24.302452+00:00
HL,HL,755,2026-03-16 13:30:00+00:00,2026-06-05 20:00:00+00:00,America/New_York,2026-06-07 10:34:24.266769+00:00
GLXY,GLXY,755,2026-03-16 13:30:00+00:00,2026-06-05 20:00:00+00:00,America/New_York,2026-06-07 10:34:24.326661+00:00
ENSG,ENSG,755,2026-03-16 13:30:00+00:00,2026-06-05 20:00:00+00:00,America/New_York,2026-06-07 10:34:24.393206+00:00
UMBF,UMBF,755,2026-03-16 13:30:00+00:00,2026-06-05 20:00:00+00:00,America/New_York,2026-06-07 10:34:24.359926+00:00
TTD,TTD,755,2026-03-16 13:30:00+00:00,2026-06-05 20:00:00+00:00,America/New_York,2026-06-07 10:34:24.509163+00:00
OGE,OGE,755,2026-03-16 13:30:00+00:00,2026-06-05 20:00:00+00:00,America/New_York,2026-06-07 10:34:24.481670+00:00
MOH,MOH,755,2026-03-16 13:30:00+00:00,2026-06-05 20:00:00+00:00,America/New_York,2026-06-07 10:34:24.509163+00:00
HLI,HLI,755,2026-03-16 13:30:00+00:00,2026-06-05 20:00:00+00:00,America/New_York,2026-06-07 10:34:24.660519+00:00
ALV,ALV,755,2026-03-16 13:30:00+00:00,2026-06-05 20:00:00+00:00,America/New_York,2026-06-07 10:34:24.604649+00:00
HMY,HMY,755,2026-03-16 13:30:00+00:00,2026-06-05 20:00:00+00:00,America/New_York,2026-06-07 10:34:24.659342+00:00
PSO,PSO,755,2026-03-16 13:30:00+00:00,2026-06-05 20:00:00+00:00,America/New_York,2026-06-07 10:34:24.708818+00:00
OC,OC,755,2026-03-16 13:30:00+00:00,2026-06-05 20:00:00+00:00,America/New_York,2026-06-07 10:34:24.630246+00:00
LINE,LINE,755,2026-03-16 13:30:00+00:00,2026-06-05 20:00:00+00:00,America/New_York,2026-06-07 10:34:24.927117+00:00
SCI,SCI,755,2026-03-16 13:30:00+00:00,2026-06-05 20:00:00+00:00,America/New_York,2026-06-07 10:34:24.829699+00:00
GME,GME,755,2026-03-16 13:30:00+00:00,2026-06-05 20:00:00+00:00,America/New_York,2026-06-07 10:34:24.871918+00:00
ESI,ESI,755,2026-03-16 13:30:00+00:00,2026-06-05 20:00:00+00:00,America/New_York,2026-06-07 10:34:25.016936+00:00
KLAR,KLAR,755,2026-03-16 13:30:00+00:00,2026-06-05 20:00:00+00:00,America/New_York,2026-06-07 10:34:24.988705+00:00
ALSN,ALSN,755,2026-03-16 13:30:00+00:00,2026-06-05 20:00:00+00:00,America/New_York,2026-06-07 10:34:25.054491+00:00
DCI,DCI,755,2026-03-16 13:30:00+00:00,2026-06-05 20:00:00+00:00,America/New_York,2026-06-07 10:34:25.117026+00:00
SNAP,SNAP,755,2026-03-16 13:30:00+00:00,2026-06-05 20:00:00+00:00,America/New_York,2026-06-07 10:34:25.053446+00:00
MASI,MASI,755,2026-03-16 13:30:00+00:00,2026-06-05 20:00:00+00:00,America/New_York,2026-06-07 10:34:25.200124+00:00
BAH,BAH,755,2026-03-16 13:30:00+00:00,2026-06-05 20:00:00+00:00,America/New_York,2026-06-07 10:34:25.147139+00:00
AGX,AGX,755,2026-03-16 13:30:00+00:00,2026-06-05 20:00:00+00:00,America/New_York,2026-06-07 10:34:25.227456+00:00
FDS,FDS,755,2026-03-16 13:30:00+00:00,2026-06-05 20:00:00+00:00,America/New_York,2026-06-07 10:34:25.279504+00:00
DDS,DDS,755,2026-03-16 13:30:00+00:00,2026-06-05 20:00:00+00:00,America/New_York,2026-06-07 10:34:25.520699+00:00
BRX,BRX,755,2026-03-16 13:30:00+00:00,2026-06-05 20:00:00+00:00,America/New_York,2026-06-07 10:34:25.384800+00:00
ORI,ORI,755,2026-03-16 13:30:00+00:00,2026-06-05 20:00:00+00:00,America/New_York,2026-06-07 10:34:25.442439+00:00
DOCU,DOCU,755,2026-03-16 13:30:00+00:00,2026-06-05 20:00:00+00:00,America/New_York,2026-06-07 10:34:25.604211+00:00
ACM,ACM,755,2026-03-16 13:30:00+00:00,2026-06-05 20:00:00+00:00,America/New_York,2026-06-07 10:34:25.880883+00:00
SSB,SSB,755,2026-03-16 13:30:00+00:00,2026-06-05 20:00:00+00:00,America/New_York,2026-06-07 10:34:25.715126+00:00
TX,TX,755,2026-03-16 13:30:00+00:00,2026-06-05 20:00:00+00:00,America/New_York,2026-06-07 10:34:25.804376+00:00
JKHY,JKHY,755,2026-03-16 13:30:00+00:00,2026-06-05 20:00:00+00:00,America/New_York,2026-06-07 10:34:25.945984+00:00
ONB,ONB,755,2026-03-16 13:30:00+00:00,2026-06-05 20:00:00+00:00,America/New_York,2026-06-07 10:34:26.084682+00:00
DAR,DAR,755,2026-03-16 13:30:00+00:00,2026-06-05 20:00:00+00:00,America/New_York,2026-06-07 10:34:26.052436+00:00
FLS,FLS,755,2026-03-16 13:30:00+00:00,2026-06-05 20:00:00+00:00,America/New_York,2026-06-07 10:34:26.133434+00:00
ZION,ZION,755,2026-03-16 13:30:00+00:00,2026-06-05 20:00:00+00:00,America/New_York,2026-06-07 10:34:26.176869+00:00
MSGS,MSGS,755,2026-03-16 13:30:00+00:00,2026-06-05 20:00:00+00:00,America/New_York,2026-06-07 10:34:26.247175+00:00
CUBE,CUBE,755,2026-03-16 13:30:00+00:00,2026-06-05 20:00:00+00:00,America/New_York,2026-06-07 10:34:26.278705+00:00
AYI,AYI,755,2026-03-16 13:30:00+00:00,2026-06-05 20:00:00+00:00,America/New_York,2026-06-07 10:34:26.278705+00:00
RRC,RRC,755,2026-03-16 13:30:00+00:00,2026-06-05 20:00:00+00:00,America/New_York,2026-06-07 10:34:26.225031+00:00
TKR,TKR,755,2026-03-16 13:30:00+00:00,2026-06-05 20:00:00+00:00,America/New_York,2026-06-07 10:34:26.447908+00:00
JOBY,JOBY,755,2026-03-16 13:30:00+00:00,2026-06-05 20:00:00+00:00,America/New_York,2026-06-07 10:34:26.410380+00:00
VSAT,VSAT,755,2026-03-16 13:30:00+00:00,2026-06-05 20:00:00+00:00,America/New_York,2026-06-07 10:34:26.447908+00:00
LUMN,LUMN,755,2026-03-16 13:30:00+00:00,2026-06-05 20:00:00+00:00,America/New_York,2026-06-07 10:34:26.579130+00:00
IAG,IAG,755,2026-03-16 13:30:00+00:00,2026-06-05 20:00:00+00:00,America/New_York,2026-06-07 10:34:26.645941+00:00
AVAV,AVAV,755,2026-03-16 13:30:00+00:00,2026-06-05 20:00:00+00:00,America/New_York,2026-06-07 10:34:26.547533+00:00
RIOT,RIOT,755,2026-03-16 13:30:00+00:00,2026-06-05 20:00:00+00:00,America/New_York,2026-06-07 10:34:26.603188+00:00
BROS,BROS,755,2026-03-16 13:30:00+00:00,2026-06-05 20:00:00+00:00,America/New_York,2026-06-07 10:34:26.602186+00:00
LGN,LGN,755,2026-03-16 13:30:00+00:00,2026-06-05 20:00:00+00:00,America/New_York,2026-06-07 10:34:26.686919+00:00
SIRI,SIRI,755,2026-03-16 13:30:00+00:00,2026-06-05 20:00:00+00:00,America/New_York,2026-06-07 10:34:26.793028+00:00
FRHC,FRHC,716,2026-03-16 13:30:00+00:00,2026-06-05 20:00:00+00:00,America/New_York,2026-06-07 10:34:26.741113+00:00
QRVO,QRVO,755,2026-03-16 13:30:00+00:00,2026-06-05 20:00:00+00:00,America/New_York,2026-06-07 10:34:26.956766+00:00
SNEX,SNEX,755,2026-03-16 13:30:00+00:00,2026-06-05 20:00:00+00:00,America/New_York,2026-06-07 10:34:26.882339+00:00
BMNR,BMNR,755,2026-03-16 13:30:00+00:00,2026-06-05 20:00:00+00:00,America/New_York,2026-06-07 10:34:27.104836+00:00
UHS,UHS,755,2026-03-16 13:30:00+00:00,2026-06-05 20:00:00+00:00,America/New_York,2026-06-07 10:34:27.060053+00:00
FORM,FORM,755,2026-03-16 13:30:00+00:00,2026-06-05 20:00:00+00:00,America/New_York,2026-06-07 10:34:27.154992+00:00
AMG,AMG,754,2026-03-16 13:30:00+00:00,2026-06-05 20:00:00+00:00,America/New_York,2026-06-07 10:34:27.188131+00:00
CFR,CFR,755,2026-03-16 13:30:00+00:00,2026-06-05 20:00:00+00:00,America/New_York,2026-06-07 10:34:27.278379+00:00
CTRE,CTRE,755,2026-03-16 13:30:00+00:00,2026-06-05 20:00:00+00:00,America/New_York,2026-06-07 10:34:27.254149+00:00
YMM,YMM,755,2026-03-16 13:30:00+00:00,2026-06-05 20:00:00+00:00,America/New_York,2026-06-07 10:34:27.188131+00:00
W,W,755,2026-03-16 13:30:00+00:00,2026-06-05 20:00:00+00:00,America/New_York,2026-06-07 10:34:27.117423+00:00
CRL,CRL,755,2026-03-16 13:30:00+00:00,2026-06-05 20:00:00+00:00,America/New_York,2026-06-07 10:34:27.347195+00:00
MANH,MANH,755,2026-03-16 13:30:00+00:00,2026-06-05 20:00:00+00:00,America/New_York,2026-06-07 10:34:27.445582+00:00
AAL,AAL,755,2026-03-16 13:30:00+00:00,2026-06-05 20:00:00+00:00,America/New_York,2026-06-07 10:34:27.416789+00:00
HSIC,HSIC,755,2026-03-16 13:30:00+00:00,2026-06-05 20:00:00+00:00,America/New_York,2026-06-07 10:34:27.605631+00:00
CYTK,CYTK,755,2026-03-16 13:30:00+00:00,2026-06-05 20:00:00+00:00,America/New_York,2026-06-07 10:34:27.562480+00:00
ARE,ARE,755,2026-03-16 13:30:00+00:00,2026-06-05 20:00:00+00:00,America/New_York,2026-06-07 10:34:27.673694+00:00
COLB,COLB,755,2026-03-16 13:30:00+00:00,2026-06-05 20:00:00+00:00,America/New_York,2026-06-07 10:34:27.669694+00:00
CIFR,CIFR,755,2026-03-16 13:30:00+00:00,2026-06-05 20:00:00+00:00,America/New_York,2026-06-07 10:34:27.793070+00:00
WAL,WAL,755,2026-03-16 13:30:00+00:00,2026-06-05 20:00:00+00:00,America/New_York,2026-06-07 10:34:27.838667+00:00
LEVI,LEVI,755,2026-03-16 13:30:00+00:00,2026-06-05 20:00:00+00:00,America/New_York,2026-06-07 10:34:27.905489+00:00
KRYS,KRYS,753,2026-03-16 13:30:00+00:00,2026-06-05 20:00:00+00:00,America/New_York,2026-06-07 10:34:27.980598+00:00
ADC,ADC,755,2026-03-16 13:30:00+00:00,2026-06-05 20:00:00+00:00,America/New_York,2026-06-07 10:34:27.863058+00:00
QBTS,QBTS,755,2026-03-16 13:30:00+00:00,2026-06-05 20:00:00+00:00,America/New_York,2026-06-07 10:34:27.954467+00:00
XE,XE,386,2026-04-24 13:30:00+00:00,2026-06-05 20:00:00+00:00,America/New_York,2026-06-07 10:34:28.163242+00:00
BVN,BVN,755,2026-03-16 13:30:00+00:00,2026-06-05 20:00:00+00:00,America/New_York,2026-06-07 10:34:28.065308+00:00
AGCO,AGCO,755,2026-03-16 13:30:00+00:00,2026-06-05 20:00:00+00:00,America/New_York,2026-06-07 10:34:28.217535+00:00
CAE,CAE,755,2026-03-16 13:30:00+00:00,2026-06-05 20:00:00+00:00,America/New_York,2026-06-07 10:34:28.351655+00:00
ALGM,ALGM,755,2026-03-16 13:30:00+00:00,2026-06-05 20:00:00+00:00,America/New_York,2026-06-07 10:34:28.352651+00:00
SIMO,SIMO,755,2026-03-16 13:30:00+00:00,2026-06-05 20:00:00+00:00,America/New_York,2026-06-07 10:34:28.281298+00:00
PRI,PRI,755,2026-03-16 13:30:00+00:00,2026-06-05 20:00:00+00:00,America/New_York,2026-06-07 10:34:28.351655+00:00
SSL,SSL,755,2026-03-16 13:30:00+00:00,2026-06-05 20:00:00+00:00,America/New_York,2026-06-07 10:34:28.316517+00:00
KT,KT,755,2026-03-16 13:30:00+00:00,2026-06-05 20:00:00+00:00,America/New_York,2026-06-07 10:34:28.525668+00:00
SARO,SARO,755,2026-03-16 13:30:00+00:00,2026-06-05 20:00:00+00:00,America/New_York,2026-06-07 10:34:28.526678+00:00
BRKR,BRKR,755,2026-03-16 13:30:00+00:00,2026-06-05 20:00:00+00:00,America/New_York,2026-06-07 10:34:28.500810+00:00
NCLH,NCLH,755,2026-03-16 13:30:00+00:00,2026-06-05 20:00:00+00:00,America/New_York,2026-06-07 10:34:28.677251+00:00
TTC,TTC,755,2026-03-16 13:30:00+00:00,2026-06-05 20:00:00+00:00,America/New_York,2026-06-07 10:34:28.708603+00:00
RYAN,RYAN,755,2026-03-16 13:30:00+00:00,2026-06-05 20:00:00+00:00,America/New_York,2026-06-07 10:34:28.774662+00:00
ORA,ORA,755,2026-03-16 13:30:00+00:00,2026-06-05 20:00:00+00:00,America/New_York,2026-06-07 10:34:28.807109+00:00
ENS,ENS,755,2026-03-16 13:30:00+00:00,2026-06-05 20:00:00+00:00,America/New_York,2026-06-07 10:34:28.882917+00:00
LLYVK,LLYVK,754,2026-03-16 13:30:00+00:00,2026-06-05 20:00:00+00:00,America/New_York,2026-06-07 10:34:28.833766+00:00
NNN,NNN,755,2026-03-16 13:30:00+00:00,2026-06-05 20:00:00+00:00,America/New_York,2026-06-07 10:34:28.908141+00:00
ASR,ASR,754,2026-03-16 13:30:00+00:00,2026-06-05 20:00:00+00:00,America/New_York,2026-06-07 10:34:28.930819+00:00
EQX,EQX,755,2026-03-16 13:30:00+00:00,2026-06-05 20:00:00+00:00,America/New_York,2026-06-07 10:34:29.059897+00:00
FR,FR,755,2026-03-16 13:30:00+00:00,2026-06-05 20:00:00+00:00,America/New_York,2026-06-07 10:34:29.025431+00:00
CHWY,CHWY,755,2026-03-16 13:30:00+00:00,2026-06-05 20:00:00+00:00,America/New_York,2026-06-07 10:34:29.000840+00:00
CAVA,CAVA,755,2026-03-16 13:30:00+00:00,2026-06-05 20:00:00+00:00,America/New_York,2026-06-07 10:34:29.161908+00:00
STN,STN,755,2026-03-16 13:30:00+00:00,2026-06-05 20:00:00+00:00,America/New_York,2026-06-07 10:34:29.112755+00:00
ACI,ACI,755,2026-03-16 13:30:00+00:00,2026-06-05 20:00:00+00:00,America/New_York,2026-06-07 10:34:29.138849+00:00
PRMB,PRMB,755,2026-03-16 13:30:00+00:00,2026-06-05 20:00:00+00:00,America/New_York,2026-06-07 10:34:29.232252+00:00
CRUS,CRUS,755,2026-03-16 13:30:00+00:00,2026-06-05 20:00:00+00:00,America/New_York,2026-06-07 10:34:29.259316+00:00
TEM,TEM,755,2026-03-16 13:30:00+00:00,2026-06-05 20:00:00+00:00,America/New_York,2026-06-07 10:34:29.333916+00:00
AG,AG,755,2026-03-16 13:30:00+00:00,2026-06-05 20:00:00+00:00,America/New_York,2026-06-07 10:34:29.334917+00:00
HALO,HALO,755,2026-03-16 13:30:00+00:00,2026-06-05 20:00:00+00:00,America/New_York,2026-06-07 10:34:29.333916+00:00
ELPC,ELPC,755,2026-03-16 13:30:00+00:00,2026-06-05 20:00:00+00:00,America/New_York,2026-06-07 10:34:29.418900+00:00
GGAL,GGAL,755,2026-03-16 13:30:00+00:00,2026-06-05 20:00:00+00:00,America/New_York,2026-06-07 10:34:29.541139+00:00
OSK,OSK,755,2026-03-16 13:30:00+00:00,2026-06-05 20:00:00+00:00,America/New_York,2026-06-07 10:34:29.461790+00:00
CMC,CMC,755,2026-03-16 13:30:00+00:00,2026-06-05 20:00:00+00:00,America/New_York,2026-06-07 10:34:29.502840+00:00
EMN,EMN,755,2026-03-16 13:30:00+00:00,2026-06-05 20:00:00+00:00,America/New_York,2026-06-07 10:34:29.582294+00:00
BOKF,BOKF,755,2026-03-16 13:30:00+00:00,2026-06-05 20:00:00+00:00,America/New_York,2026-06-07 10:34:29.645005+00:00
MTCH,MTCH,755,2026-03-16 13:30:00+00:00,2026-06-05 20:00:00+00:00,America/New_York,2026-06-07 10:34:29.752076+00:00
CWEN,CWEN,755,2026-03-16 13:30:00+00:00,2026-06-05 20:00:00+00:00,America/New_York,2026-06-07 10:34:29.645005+00:00
BLDR,BLDR,755,2026-03-16 13:30:00+00:00,2026-06-05 20:00:00+00:00,America/New_York,2026-06-07 10:34:29.669620+00:00
TECH,TECH,755,2026-03-16 13:30:00+00:00,2026-06-05 20:00:00+00:00,America/New_York,2026-06-07 10:34:29.793310+00:00
SFM,SFM,755,2026-03-16 13:30:00+00:00,2026-06-05 20:00:00+00:00,America/New_York,2026-06-07 10:34:29.835724+00:00
GAP,GAP,755,2026-03-16 13:30:00+00:00,2026-06-05 20:00:00+00:00,America/New_York,2026-06-07 10:34:29.931412+00:00
ABVX,ABVX,755,2026-03-16 13:30:00+00:00,2026-06-05 20:00:00+00:00,America/New_York,2026-06-07 10:34:29.836725+00:00
Z,Z,755,2026-03-16 13:30:00+00:00,2026-06-05 20:00:00+00:00,America/New_York,2026-06-07 10:34:29.905557+00:00
CORZ,CORZ,755,2026-03-16 13:30:00+00:00,2026-06-05 20:00:00+00:00,America/New_York,2026-06-07 10:34:29.977565+00:00
VIRT,VIRT,755,2026-03-16 13:30:00+00:00,2026-06-05 20:00:00+00:00,America/New_York,2026-06-07 10:34:30.001221+00:00
ZWS,ZWS,755,2026-03-16 13:30:00+00:00,2026-06-05 20:00:00+00:00,America/New_York,2026-06-07 10:34:30.039353+00:00
XP,XP,755,2026-03-16 13:30:00+00:00,2026-06-05 20:00:00+00:00,America/New_York,2026-06-07 10:34:30.204214+00:00
CBSH,CBSH,755,2026-03-16 13:30:00+00:00,2026-06-05 20:00:00+00:00,America/New_York,2026-06-07 10:34:30.297770+00:00
CAMT,CAMT,755,2026-03-16 13:30:00+00:00,2026-06-05 20:00:00+00:00,America/New_York,2026-06-07 10:34:30.350586+00:00
VOYA,VOYA,755,2026-03-16 13:30:00+00:00,2026-06-05 20:00:00+00:00,America/New_York,2026-06-07 10:34:30.326541+00:00
AOS,AOS,755,2026-03-16 13:30:00+00:00,2026-06-05 20:00:00+00:00,America/New_York,2026-06-07 10:34:30.098801+00:00
IDA,IDA,755,2026-03-16 13:30:00+00:00,2026-06-05 20:00:00+00:00,America/New_York,2026-06-07 10:34:30.382881+00:00
FRO,FRO,755,2026-03-16 13:30:00+00:00,2026-06-05 20:00:00+00:00,America/New_York,2026-06-07 10:34:30.383876+00:00
BIRK,BIRK,755,2026-03-16 13:30:00+00:00,2026-06-05 20:00:00+00:00,America/New_York,2026-06-07 10:34:30.534104+00:00
CORT,CORT,755,2026-03-16 13:30:00+00:00,2026-06-05 20:00:00+00:00,America/New_York,2026-06-07 10:34:30.488100+00:00
EDU,EDU,755,2026-03-16 13:30:00+00:00,2026-06-05 20:00:00+00:00,America/New_York,2026-06-07 10:34:30.634922+00:00
BIO,BIO,755,2026-03-16 13:30:00+00:00,2026-06-05 20:00:00+00:00,America/New_York,2026-06-07 10:34:30.673312+00:00
VSH,VSH,755,2026-03-16 13:30:00+00:00,2026-06-05 20:00:00+00:00,America/New_York,2026-06-07 10:34:30.606262+00:00
JHG,JHG,755,2026-03-16 13:30:00+00:00,2026-06-05 20:00:00+00:00,America/New_York,2026-06-07 10:34:30.713072+00:00
REXR,REXR,755,2026-03-16 13:30:00+00:00,2026-06-05 20:00:00+00:00,America/New_York,2026-06-07 10:34:30.786587+00:00
EGO,EGO,755,2026-03-16 13:30:00+00:00,2026-06-05 20:00:00+00:00,America/New_York,2026-06-07 10:34:30.714072+00:00
CLF,CLF,755,2026-03-16 13:30:00+00:00,2026-06-05 20:00:00+00:00,America/New_York,2026-06-07 10:34:30.814829+00:00
MBLY,MBLY,755,2026-03-16 13:30:00+00:00,2026-06-05 20:00:00+00:00,America/New_York,2026-06-07 10:34:30.840286+00:00
VLY,VLY,755,2026-03-16 13:30:00+00:00,2026-06-05 20:00:00+00:00,America/New_York,2026-06-07 10:34:30.928344+00:00
SM,SM,755,2026-03-16 13:30:00+00:00,2026-06-05 20:00:00+00:00,America/New_York,2026-06-07 10:34:30.929347+00:00
SSD,SSD,755,2026-03-16 13:30:00+00:00,2026-06-05 20:00:00+00:00,America/New_York,2026-06-07 10:34:30.882506+00:00
SOBO,SOBO,755,2026-03-16 13:30:00+00:00,2026-06-05 20:00:00+00:00,America/New_York,2026-06-07 10:34:30.996727+00:00
ECG,ECG,755,2026-03-16 13:30:00+00:00,2026-06-05 20:00:00+00:00,America/New_York,2026-06-07 10:34:31.031850+00:00
CHRD,CHRD,755,2026-03-16 13:30:00+00:00,2026-06-05 20:00:00+00:00,America/New_York,2026-06-07 10:34:31.106759+00:00
QGEN,QGEN,755,2026-03-16 13:30:00+00:00,2026-06-05 20:00:00+00:00,America/New_York,2026-06-07 10:34:31.142904+00:00
KEX,KEX,755,2026-03-16 13:30:00+00:00,2026-06-05 20:00:00+00:00,America/New_York,2026-06-07 10:34:31.033356+00:00
HQY,HQY,755,2026-03-16 13:30:00+00:00,2026-06-05 20:00:00+00:00,America/New_York,2026-06-07 10:34:31.171625+00:00
ESE,ESE,755,2026-03-16 13:30:00+00:00,2026-06-05 20:00:00+00:00,America/New_York,2026-06-07 10:34:31.280613+00:00
JXN,JXN,755,2026-03-16 13:30:00+00:00,2026-06-05 20:00:00+00:00,America/New_York,2026-06-07 10:34:31.330820+00:00
VFS,VFS,755,2026-03-16 13:30:00+00:00,2026-06-05 20:00:00+00:00,America/New_York,2026-06-07 10:34:31.365242+00:00
ATR,ATR,755,2026-03-16 13:30:00+00:00,2026-06-05 20:00:00+00:00,America/New_York,2026-06-07 10:34:31.495495+00:00
UGI,UGI,755,2026-03-16 13:30:00+00:00,2026-06-05 20:00:00+00:00,America/New_York,2026-06-07 10:34:31.394346+00:00
LSTR,LSTR,754,2026-03-16 13:30:00+00:00,2026-06-05 20:00:00+00:00,America/New_York,2026-06-07 10:34:31.427927+00:00
RHP,RHP,755,2026-03-16 13:30:00+00:00,2026-06-05 20:00:00+00:00,America/New_York,2026-06-07 10:34:31.494496+00:00
BILI,BILI,755,2026-03-16 13:30:00+00:00,2026-06-05 20:00:00+00:00,America/New_York,2026-06-07 10:34:31.644231+00:00
NEU,NEU,753,2026-03-16 13:30:00+00:00,2026-06-05 20:00:00+00:00,America/New_York,2026-06-07 10:34:31.606540+00:00
SBSW,SBSW,755,2026-03-16 13:30:00+00:00,2026-06-05 20:00:00+00:00,America/New_York,2026-06-07 10:34:31.856179+00:00
NFG,NFG,755,2026-03-16 13:30:00+00:00,2026-06-05 20:00:00+00:00,America/New_York,2026-06-07 10:34:31.830626+00:00
CDP,CDP,755,2026-03-16 13:30:00+00:00,2026-06-05 20:00:00+00:00,America/New_York,2026-06-07 10:34:31.789956+00:00
ENPH,ENPH,755,2026-03-16 13:30:00+00:00,2026-06-05 20:00:00+00:00,America/New_York,2026-06-07 10:34:31.692851+00:00
NOV,NOV,755,2026-03-16 13:30:00+00:00,2026-06-05 20:00:00+00:00,America/New_York,2026-06-07 10:34:31.950314+00:00
TTEK,TTEK,755,2026-03-16 13:30:00+00:00,2026-06-05 20:00:00+00:00,America/New_York,2026-06-07 10:34:31.987912+00:00
PCOR,PCOR,755,2026-03-16 13:30:00+00:00,2026-06-05 20:00:00+00:00,America/New_York,2026-06-07 10:34:31.988911+00:00
TAP,TAP,755,2026-03-16 13:30:00+00:00,2026-06-05 20:00:00+00:00,America/New_York,2026-06-07 10:34:31.830626+00:00
PLXS,PLXS,755,2026-03-16 13:30:00+00:00,2026-06-05 20:00:00+00:00,America/New_York,2026-06-07 10:34:32.147530+00:00
AXS,AXS,755,2026-03-16 13:30:00+00:00,2026-06-05 20:00:00+00:00,America/New_York,2026-06-07 10:34:32.219941+00:00
MIDD,MIDD,755,2026-03-16 13:30:00+00:00,2026-06-05 20:00:00+00:00,America/New_York,2026-06-07 10:34:32.189813+00:00
ST,ST,755,2026-03-16 13:30:00+00:00,2026-06-05 20:00:00+00:00,America/New_York,2026-06-07 10:34:32.363327+00:00
KNTK,KNTK,755,2026-03-16 13:30:00+00:00,2026-06-05 20:00:00+00:00,America/New_York,2026-06-07 10:34:32.302190+00:00
IBRX,IBRX,755,2026-03-16 13:30:00+00:00,2026-06-05 20:00:00+00:00,America/New_York,2026-06-07 10:34:32.386386+00:00
OSCR,OSCR,755,2026-03-16 13:30:00+00:00,2026-06-05 20:00:00+00:00,America/New_York,2026-06-07 10:34:32.337301+00:00
MXL,MXL,755,2026-03-16 13:30:00+00:00,2026-06-05 20:00:00+00:00,America/New_York,2026-06-07 10:34:32.412570+00:00
AVT,AVT,755,2026-03-16 13:30:00+00:00,2026-06-05 20:00:00+00:00,America/New_York,2026-06-07 10:34:32.465397+00:00
YOU,YOU,755,2026-03-16 13:30:00+00:00,2026-06-05 20:00:00+00:00,America/New_York,2026-06-07 10:34:32.653323+00:00
NE,NE,755,2026-03-16 13:30:00+00:00,2026-06-05 20:00:00+00:00,America/New_York,2026-06-07 10:34:32.605563+00:00
ICL,ICL,755,2026-03-16 13:30:00+00:00,2026-06-05 20:00:00+00:00,America/New_York,2026-06-07 10:34:32.723357+00:00
CELH,CELH,755,2026-03-16 13:30:00+00:00,2026-06-05 20:00:00+00:00,America/New_York,2026-06-07 10:34:32.767550+00:00
LTH,LTH,755,2026-03-16 13:30:00+00:00,2026-06-05 20:00:00+00:00,America/New_York,2026-06-07 10:34:32.831777+00:00
VNO,VNO,755,2026-03-16 13:30:00+00:00,2026-06-05 20:00:00+00:00,America/New_York,2026-06-07 10:34:32.831777+00:00
TTAN,TTAN,755,2026-03-16 13:30:00+00:00,2026-06-05 20:00:00+00:00,America/New_York,2026-06-07 10:34:32.878322+00:00
SLAB,SLAB,755,2026-03-16 13:30:00+00:00,2026-06-05 20:00:00+00:00,America/New_York,2026-06-07 10:34:32.959349+00:00
MORN,MORN,755,2026-03-16 13:30:00+00:00,2026-06-05 20:00:00+00:00,America/New_York,2026-06-07 10:34:32.988472+00:00
NUVL,NUVL,755,2026-03-16 13:30:00+00:00,2026-06-05 20:00:00+00:00,America/New_York,2026-06-07 10:34:33.020743+00:00
KNSL,KNSL,755,2026-03-16 13:30:00+00:00,2026-06-05 20:00:00+00:00,America/New_York,2026-06-07 10:34:33.095935+00:00
GKOS,GKOS,755,2026-03-16 13:30:00+00:00,2026-06-05 20:00:00+00:00,America/New_York,2026-06-07 10:34:33.056832+00:00
CWAN,CWAN,755,2026-03-16 13:30:00+00:00,2026-06-05 20:00:00+00:00,America/New_York,2026-06-07 10:34:33.142489+00:00
PPC,PPC,755,2026-03-16 13:30:00+00:00,2026-06-05 20:00:00+00:00,America/New_York,2026-06-07 10:34:33.214624+00:00
STAG,STAG,755,2026-03-16 13:30:00+00:00,2026-06-05 20:00:00+00:00,America/New_York,2026-06-07 10:34:33.190247+00:00
ALKS,ALKS,755,2026-03-16 13:30:00+00:00,2026-06-05 20:00:00+00:00,America/New_York,2026-06-07 10:34:33.283074+00:00
MOS,MOS,755,2026-03-16 13:30:00+00:00,2026-06-05 20:00:00+00:00,America/New_York,2026-06-07 10:34:33.318036+00:00
LEA,LEA,755,2026-03-16 13:30:00+00:00,2026-06-05 20:00:00+00:00,America/New_York,2026-06-07 10:34:33.256353+00:00
PB,PB,755,2026-03-16 13:30:00+00:00,2026-06-05 20:00:00+00:00,America/New_York,2026-06-07 10:34:33.359785+00:00
VIST,VIST,755,2026-03-16 13:30:00+00:00,2026-06-05 20:00:00+00:00,America/New_York,2026-06-07 10:34:33.360784+00:00
WFRD,WFRD,755,2026-03-16 13:30:00+00:00,2026-06-05 20:00:00+00:00,America/New_York,2026-06-07 10:34:33.433929+00:00
PRAX,PRAX,755,2026-03-16 13:30:00+00:00,2026-06-05 20:00:00+00:00,America/New_York,2026-06-07 10:34:33.492644+00:00
FLR,FLR,755,2026-03-16 13:30:00+00:00,2026-06-05 20:00:00+00:00,America/New_York,2026-06-07 10:34:33.433929+00:00
BEPC,BEPC,755,2026-03-16 13:30:00+00:00,2026-06-05 20:00:00+00:00,America/New_York,2026-06-07 10:34:33.624677+00:00
INGM,INGM,755,2026-03-16 13:30:00+00:00,2026-06-05 20:00:00+00:00,America/New_York,2026-06-07 10:34:33.625677+00:00
MYRG,MYRG,754,2026-03-16 13:30:00+00:00,2026-06-05 20:00:00+00:00,America/New_York,2026-06-07 10:34:33.624677+00:00
THG,THG,755,2026-03-16 13:30:00+00:00,2026-06-05 20:00:00+00:00,America/New_York,2026-06-07 10:34:33.725554+00:00
POOL,POOL,755,2026-03-16 13:30:00+00:00,2026-06-05 20:00:00+00:00,America/New_York,2026-06-07 10:34:33.775020+00:00
MAC,MAC,755,2026-03-16 13:30:00+00:00,2026-06-05 20:00:00+00:00,America/New_York,2026-06-07 10:34:33.873532+00:00
HR,HR,755,2026-03-16 13:30:00+00:00,2026-06-05 20:00:00+00:00,America/New_York,2026-06-07 10:34:33.848927+00:00
TEX,TEX,755,2026-03-16 13:30:00+00:00,2026-06-05 20:00:00+00:00,America/New_York,2026-06-07 10:34:33.936163+00:00
RGEN,RGEN,755,2026-03-16 13:30:00+00:00,2026-06-05 20:00:00+00:00,America/New_York,2026-06-07 10:34:33.897633+00:00
AXTA,AXTA,755,2026-03-16 13:30:00+00:00,2026-06-05 20:00:00+00:00,America/New_York,2026-06-07 10:34:33.988658+00:00
TRNO,TRNO,755,2026-03-16 13:30:00+00:00,2026-06-05 20:00:00+00:00,America/New_York,2026-06-07 10:34:34.121438+00:00
BYD,BYD,755,2026-03-16 13:30:00+00:00,2026-06-05 20:00:00+00:00,America/New_York,2026-06-07 10:34:34.075017+00:00
FAF,FAF,755,2026-03-16 13:30:00+00:00,2026-06-05 20:00:00+00:00,America/New_York,2026-06-07 10:34:34.167623+00:00
RAL,RAL,755,2026-03-16 13:30:00+00:00,2026-06-05 20:00:00+00:00,America/New_York,2026-06-07 10:34:34.259523+00:00
EXP,EXP,755,2026-03-16 13:30:00+00:00,2026-06-05 20:00:00+00:00,America/New_York,2026-06-07 10:34:34.235650+00:00
CBC,CBC,755,2026-03-16 13:30:00+00:00,2026-06-05 20:00:00+00:00,America/New_York,2026-06-07 10:34:34.284680+00:00
GDS,GDS,755,2026-03-16 13:30:00+00:00,2026-06-05 20:00:00+00:00,America/New_York,2026-06-07 10:34:34.285680+00:00
HXL,HXL,755,2026-03-16 13:30:00+00:00,2026-06-05 20:00:00+00:00,America/New_York,2026-06-07 10:34:34.365527+00:00
PCVX,PCVX,755,2026-03-16 13:30:00+00:00,2026-06-05 20:00:00+00:00,America/New_York,2026-06-07 10:34:34.402082+00:00
NXE,NXE,755,2026-03-16 13:30:00+00:00,2026-06-05 20:00:00+00:00,America/New_York,2026-06-07 10:34:34.403082+00:00
CHYM,CHYM,755,2026-03-16 13:30:00+00:00,2026-06-05 20:00:00+00:00,America/New_York,2026-06-07 10:34:34.506767+00:00
IDCC,IDCC,755,2026-03-16 13:30:00+00:00,2026-06-05 20:00:00+00:00,America/New_York,2026-06-07 10:34:34.560473+00:00
AWI,AWI,755,2026-03-16 13:30:00+00:00,2026-06-05 20:00:00+00:00,America/New_York,2026-06-07 10:34:34.603261+00:00
BZ,BZ,755,2026-03-16 13:30:00+00:00,2026-06-05 20:00:00+00:00,America/New_York,2026-06-07 10:34:34.647172+00:00
KMX,KMX,755,2026-03-16 13:30:00+00:00,2026-06-05 20:00:00+00:00,America/New_York,2026-06-07 10:34:34.683265+00:00
TMHC,TMHC,755,2026-03-16 13:30:00+00:00,2026-06-05 20:00:00+00:00,America/New_York,2026-06-07 10:34:34.750504+00:00
MRCY,MRCY,755,2026-03-16 13:30:00+00:00,2026-06-05 20:00:00+00:00,America/New_York,2026-06-07 10:34:34.779466+00:00
RGTI,RGTI,755,2026-03-16 13:30:00+00:00,2026-06-05 20:00:00+00:00,America/New_York,2026-06-07 10:34:34.817473+00:00
VIPS,VIPS,755,2026-03-16 13:30:00+00:00,2026-06-05 20:00:00+00:00,America/New_York,2026-06-07 10:34:34.889963+00:00
DSGX,DSGX,755,2026-03-16 13:30:00+00:00,2026-06-05 20:00:00+00:00,America/New_York,2026-06-07 10:34:34.905543+00:00
OR,OR,755,2026-03-16 13:30:00+00:00,2026-06-05 20:00:00+00:00,America/New_York,2026-06-07 10:34:34.974687+00:00
MTDR,MTDR,755,2026-03-16 13:30:00+00:00,2026-06-05 20:00:00+00:00,America/New_York,2026-06-07 10:34:34.950263+00:00
MWH,MWH,755,2026-03-16 13:30:00+00:00,2026-06-05 20:00:00+00:00,America/New_York,2026-06-07 10:34:35.012144+00:00
ETSY,ETSY,755,2026-03-16 13:30:00+00:00,2026-06-05 20:00:00+00:00,America/New_York,2026-06-07 10:34:35.046777+00:00
PRIM,PRIM,755,2026-03-16 13:30:00+00:00,2026-06-05 20:00:00+00:00,America/New_York,2026-06-07 10:34:35.072223+00:00
LAD,LAD,755,2026-03-16 13:30:00+00:00,2026-06-05 20:00:00+00:00,America/New_York,2026-06-07 10:34:35.142199+00:00
GTES,GTES,755,2026-03-16 13:30:00+00:00,2026-06-05 20:00:00+00:00,America/New_York,2026-06-07 10:34:35.105482+00:00
NPO,NPO,754,2026-03-16 13:30:00+00:00,2026-06-05 20:00:00+00:00,America/New_York,2026-06-07 10:34:35.228775+00:00
LNC,LNC,755,2026-03-16 13:30:00+00:00,2026-06-05 20:00:00+00:00,America/New_York,2026-06-07 10:34:35.208712+00:00
KGS,KGS,755,2026-03-16 13:30:00+00:00,2026-06-05 20:00:00+00:00,America/New_York,2026-06-07 10:34:35.256344+00:00
PAYC,PAYC,755,2026-03-16 13:30:00+00:00,2026-06-05 20:00:00+00:00,America/New_York,2026-06-07 10:34:35.380763+00:00
GRFS,GRFS,755,2026-03-16 13:30:00+00:00,2026-06-05 20:00:00+00:00,America/New_York,2026-06-07 10:34:35.317004+00:00
TXNM,TXNM,755,2026-03-16 13:30:00+00:00,2026-06-05 20:00:00+00:00,America/New_York,2026-06-07 10:34:35.315995+00:00
APGE,APGE,755,2026-03-16 13:30:00+00:00,2026-06-05 20:00:00+00:00,America/New_York,2026-06-07 10:34:35.467877+00:00
KRMN,KRMN,755,2026-03-16 13:30:00+00:00,2026-06-05 20:00:00+00:00,America/New_York,2026-06-07 10:34:35.512627+00:00
LNTH,LNTH,755,2026-03-16 13:30:00+00:00,2026-06-05 20:00:00+00:00,America/New_York,2026-06-07 10:34:35.554746+00:00
RIG,RIG,755,2026-03-16 13:30:00+00:00,2026-06-05 20:00:00+00:00,America/New_York,2026-06-07 10:34:35.443309+00:00
OMF,OMF,755,2026-03-16 13:30:00+00:00,2026-06-05 20:00:00+00:00,America/New_York,2026-06-07 10:34:35.613463+00:00
SNDR,SNDR,755,2026-03-16 13:30:00+00:00,2026-06-05 20:00:00+00:00,America/New_York,2026-06-07 10:34:35.639198+00:00
VFC,VFC,755,2026-03-16 13:30:00+00:00,2026-06-05 20:00:00+00:00,America/New_York,2026-06-07 10:34:35.787496+00:00
SGHC,SGHC,755,2026-03-16 13:30:00+00:00,2026-06-05 20:00:00+00:00,America/New_York,2026-06-07 10:34:35.697037+00:00
FSS,FSS,755,2026-03-16 13:30:00+00:00,2026-06-05 20:00:00+00:00,America/New_York,2026-06-07 10:34:35.833949+00:00
DOX,DOX,755,2026-03-16 13:30:00+00:00,2026-06-05 20:00:00+00:00,America/New_York,2026-06-07 10:34:35.735199+00:00
JBTM,JBTM,755,2026-03-16 13:30:00+00:00,2026-06-05 20:00:00+00:00,America/New_York,2026-06-07 10:34:35.928436+00:00
LKQ,LKQ,755,2026-03-16 13:30:00+00:00,2026-06-05 20:00:00+00:00,America/New_York,2026-06-07 10:34:35.898243+00:00
CPB,CPB,755,2026-03-16 13:30:00+00:00,2026-06-05 20:00:00+00:00,America/New_York,2026-06-07 10:34:35.873701+00:00
MSM,MSM,755,2026-03-16 13:30:00+00:00,2026-06-05 20:00:00+00:00,America/New_York,2026-06-07 10:34:35.928436+00:00
AN,AN,755,2026-03-16 13:30:00+00:00,2026-06-05 20:00:00+00:00,America/New_York,2026-06-07 10:34:36.009113+00:00
SWX,SWX,755,2026-03-16 13:30:00+00:00,2026-06-05 20:00:00+00:00,America/New_York,2026-06-07 10:34:36.104142+00:00
FSV,FSV,755,2026-03-16 13:30:00+00:00,2026-06-05 20:00:00+00:00,America/New_York,2026-06-07 10:34:36.048337+00:00
DBX,DBX,755,2026-03-16 13:30:00+00:00,2026-06-05 20:00:00+00:00,America/New_York,2026-06-07 10:34:36.189909+00:00
LUNR,LUNR,755,2026-03-16 13:30:00+00:00,2026-06-05 20:00:00+00:00,America/New_York,2026-06-07 10:34:36.218374+00:00
RYN,RYN,755,2026-03-16 13:30:00+00:00,2026-06-05 20:00:00+00:00,America/New_York,2026-06-07 10:34:36.321808+00:00
ESTC,ESTC,755,2026-03-16 13:30:00+00:00,2026-06-05 20:00:00+00:00,America/New_York,2026-06-07 10:34:36.260475+00:00
TGTX,TGTX,755,2026-03-16 13:30:00+00:00,2026-06-05 20:00:00+00:00,America/New_York,2026-06-07 10:34:36.288689+00:00
EPRT,EPRT,755,2026-03-16 13:30:00+00:00,2026-06-05 20:00:00+00:00,America/New_York,2026-06-07 10:34:36.365941+00:00
INGR,INGR,755,2026-03-16 13:30:00+00:00,2026-06-05 20:00:00+00:00,America/New_York,2026-06-07 10:34:36.389025+00:00
FNB,FNB,755,2026-03-16 13:30:00+00:00,2026-06-05 20:00:00+00:00,America/New_York,2026-06-07 10:34:36.390019+00:00
SYRE,SYRE,755,2026-03-16 13:30:00+00:00,2026-06-05 20:00:00+00:00,America/New_York,2026-06-07 10:34:36.444157+00:00
MHK,MHK,755,2026-03-16 13:30:00+00:00,2026-06-05 20:00:00+00:00,America/New_York,2026-06-07 10:34:36.483465+00:00
WH,WH,755,2026-03-16 13:30:00+00:00,2026-06-05 20:00:00+00:00,America/New_York,2026-06-07 10:34:36.549155+00:00
MSA,MSA,754,2026-03-16 13:30:00+00:00,2026-06-05 20:00:00+00:00,America/New_York,2026-06-07 10:34:36.548151+00:00
IMVT,IMVT,755,2026-03-16 13:30:00+00:00,2026-06-05 20:00:00+00:00,America/New_York,2026-06-07 10:34:36.626008+00:00
PSN,PSN,755,2026-03-16 13:30:00+00:00,2026-06-05 20:00:00+00:00,America/New_York,2026-06-07 10:34:36.626008+00:00
AVTR,AVTR,755,2026-03-16 13:30:00+00:00,2026-06-05 20:00:00+00:00,America/New_York,2026-06-07 10:34:36.735156+00:00
STWD,STWD,755,2026-03-16 13:30:00+00:00,2026-06-05 20:00:00+00:00,America/New_York,2026-06-07 10:34:36.706936+00:00
EAT,EAT,755,2026-03-16 13:30:00+00:00,2026-06-05 20:00:00+00:00,America/New_York,2026-06-07 10:34:36.789527+00:00
ROAD,ROAD,755,2026-03-16 13:30:00+00:00,2026-06-05 20:00:00+00:00,America/New_York,2026-06-07 10:34:36.821649+00:00
CAG,CAG,755,2026-03-16 13:30:00+00:00,2026-06-05 20:00:00+00:00,America/New_York,2026-06-07 10:34:36.849742+00:00
CAR,CAR,755,2026-03-16 13:30:00+00:00,2026-06-05 20:00:00+00:00,America/New_York,2026-06-07 10:34:36.850742+00:00
PTGX,PTGX,755,2026-03-16 13:30:00+00:00,2026-06-05 20:00:00+00:00,America/New_York,2026-06-07 10:34:36.921661+00:00
CROX,CROX,755,2026-03-16 13:30:00+00:00,2026-06-05 20:00:00+00:00,America/New_York,2026-06-07 10:34:36.945820+00:00
GVA,GVA,755,2026-03-16 13:30:00+00:00,2026-06-05 20:00:00+00:00,America/New_York,2026-06-07 10:34:36.979216+00:00
PCTY,PCTY,755,2026-03-16 13:30:00+00:00,2026-06-05 20:00:00+00:00,America/New_York,2026-06-07 10:34:37.022979+00:00
VAL,VAL,755,2026-03-16 13:30:00+00:00,2026-06-05 20:00:00+00:00,America/New_York,2026-06-07 10:34:37.138638+00:00
GBCI,GBCI,755,2026-03-16 13:30:00+00:00,2026-06-05 20:00:00+00:00,America/New_York,2026-06-07 10:34:37.169314+00:00
GATX,GATX,754,2026-03-16 13:30:00+00:00,2026-06-05 20:00:00+00:00,America/New_York,2026-06-07 10:34:37.281549+00:00
UBSI,UBSI,755,2026-03-16 13:30:00+00:00,2026-06-05 20:00:00+00:00,America/New_York,2026-06-07 10:34:37.224190+00:00
URBN,URBN,755,2026-03-16 13:30:00+00:00,2026-06-05 20:00:00+00:00,America/New_York,2026-06-07 10:34:37.254964+00:00
RSI,RSI,755,2026-03-16 13:30:00+00:00,2026-06-05 20:00:00+00:00,America/New_York,2026-06-07 10:34:37.317142+00:00
RRR,RRR,755,2026-03-16 13:30:00+00:00,2026-06-05 20:00:00+00:00,America/New_York,2026-06-07 10:34:37.459707+00:00
FIGR,FIGR,755,2026-03-16 13:30:00+00:00,2026-06-05 20:00:00+00:00,America/New_York,2026-06-07 10:34:37.385873+00:00
UEC,UEC,755,2026-03-16 13:30:00+00:00,2026-06-05 20:00:00+00:00,America/New_York,2026-06-07 10:34:37.341747+00:00
GTX,GTX,755,2026-03-16 13:30:00+00:00,2026-06-05 20:00:00+00:00,America/New_York,2026-06-07 10:34:37.577213+00:00
CZR,CZR,755,2026-03-16 13:30:00+00:00,2026-06-05 20:00:00+00:00,America/New_York,2026-06-07 10:34:37.531605+00:00
CHDN,CHDN,755,2026-03-16 13:30:00+00:00,2026-06-05 20:00:00+00:00,America/New_York,2026-06-07 10:34:37.577213+00:00
VSXY,VSXY,53,2026-06-02 13:30:00+00:00,2026-06-05 20:00:00+00:00,America/New_York,2026-06-07 10:34:37.813146+00:00
AROC,AROC,755,2026-03-16 13:30:00+00:00,2026-06-05 20:00:00+00:00,America/New_York,2026-06-07 10:34:37.742026+00:00
LEGN,LEGN,755,2026-03-16 13:30:00+00:00,2026-06-05 20:00:00+00:00,America/New_York,2026-06-07 10:34:37.646480+00:00
ACA,ACA,755,2026-03-16 13:30:00+00:00,2026-06-05 20:00:00+00:00,America/New_York,2026-06-07 10:34:37.765585+00:00
ZGN,ZGN,755,2026-03-16 13:30:00+00:00,2026-06-05 20:00:00+00:00,America/New_York,2026-06-07 10:34:37.789925+00:00
OGC,OGC,557,2026-04-07 13:30:00+00:00,2026-06-05 20:00:00+00:00,America/New_York,2026-06-07 10:34:37.862546+00:00
PEGA,PEGA,755,2026-03-16 13:30:00+00:00,2026-06-05 20:00:00+00:00,America/New_York,2026-06-07 10:34:37.955664+00:00
CENX,CENX,755,2026-03-16 13:30:00+00:00,2026-06-05 20:00:00+00:00,America/New_York,2026-06-07 10:34:37.931595+00:00
PATH,PATH,755,2026-03-16 13:30:00+00:00,2026-06-05 20:00:00+00:00,America/New_York,2026-06-07 10:34:37.988762+00:00
LOAR,LOAR,755,2026-03-16 13:30:00+00:00,2026-06-05 20:00:00+00:00,America/New_York,2026-06-07 10:34:38.060012+00:00
ABCB,ABCB,755,2026-03-16 13:30:00+00:00,2026-06-05 20:00:00+00:00,America/New_York,2026-06-07 10:34:38.178276+00:00
CHE,CHE,755,2026-03-16 13:30:00+00:00,2026-06-05 20:00:00+00:00,America/New_York,2026-06-07 10:34:38.099604+00:00
CNTA,CNTA,755,2026-03-16 13:30:00+00:00,2026-06-05 20:00:00+00:00,America/New_York,2026-06-07 10:34:38.153667+00:00
HIMS,HIMS,755,2026-03-16 13:30:00+00:00,2026-06-05 20:00:00+00:00,America/New_York,2026-06-07 10:34:38.127185+00:00
M,M,755,2026-03-16 13:30:00+00:00,2026-06-05 20:00:00+00:00,America/New_York,2026-06-07 10:34:38.354219+00:00
POR,POR,755,2026-03-16 13:30:00+00:00,2026-06-05 20:00:00+00:00,America/New_York,2026-06-07 10:34:38.284016+00:00
HWC,HWC,755,2026-03-16 13:30:00+00:00,2026-06-05 20:00:00+00:00,America/New_York,2026-06-07 10:34:38.225797+00:00
KYMR,KYMR,755,2026-03-16 13:30:00+00:00,2026-06-05 20:00:00+00:00,America/New_York,2026-06-07 10:34:38.251365+00:00
MATX,MATX,754,2026-03-16 13:30:00+00:00,2026-06-05 20:00:00+00:00,America/New_York,2026-06-07 10:34:38.398236+00:00
TFPM,TFPM,755,2026-03-16 13:30:00+00:00,2026-06-05 20:00:00+00:00,America/New_York,2026-06-07 10:34:38.449134+00:00
ACT,ACT,755,2026-03-16 13:30:00+00:00,2026-06-05 20:00:00+00:00,America/New_York,2026-06-07 10:34:38.578165+00:00
NSA,NSA,755,2026-03-16 13:30:00+00:00,2026-06-05 20:00:00+00:00,America/New_York,2026-06-07 10:34:38.645806+00:00
TEO,TEO,755,2026-03-16 13:30:00+00:00,2026-06-05 20:00:00+00:00,America/New_York,2026-06-07 10:34:38.820867+00:00
FLG,FLG,755,2026-03-16 13:30:00+00:00,2026-06-05 20:00:00+00:00,America/New_York,2026-06-07 10:34:38.725567+00:00
BMA,BMA,755,2026-03-16 13:30:00+00:00,2026-06-05 20:00:00+00:00,America/New_York,2026-06-07 10:34:38.758315+00:00
APPF,APPF,755,2026-03-16 13:30:00+00:00,2026-06-05 20:00:00+00:00,America/New_York,2026-06-07 10:34:38.880188+00:00
VSNT,VSNT,755,2026-03-16 13:30:00+00:00,2026-06-05 20:00:00+00:00,America/New_York,2026-06-07 10:34:38.921833+00:00
LW,LW,755,2026-03-16 13:30:00+00:00,2026-06-05 20:00:00+00:00,America/New_York,2026-06-07 10:34:38.856961+00:00
AXTI,AXTI,755,2026-03-16 13:30:00+00:00,2026-06-05 20:00:00+00:00,America/New_York,2026-06-07 10:34:38.757317+00:00
TAL,TAL,755,2026-03-16 13:30:00+00:00,2026-06-05 20:00:00+00:00,America/New_York,2026-06-07 10:34:39.016581+00:00
NVTS,NVTS,755,2026-03-16 13:30:00+00:00,2026-06-05 20:00:00+00:00,America/New_York,2026-06-07 10:34:39.142982+00:00
ENIC,ENIC,755,2026-03-16 13:30:00+00:00,2026-06-05 20:00:00+00:00,America/New_York,2026-06-07 10:34:39.183631+00:00
FLY,FLY,755,2026-03-16 13:30:00+00:00,2026-06-05 20:00:00+00:00,America/New_York,2026-06-07 10:34:39.228304+00:00
PACS,PACS,755,2026-03-16 13:30:00+00:00,2026-06-05 20:00:00+00:00,America/New_York,2026-06-07 10:34:39.321612+00:00
RYTM,RYTM,755,2026-03-16 13:30:00+00:00,2026-06-05 20:00:00+00:00,America/New_York,2026-06-07 10:34:39.380806+00:00
TFX,TFX,755,2026-03-16 13:30:00+00:00,2026-06-05 20:00:00+00:00,America/New_York,2026-06-07 10:34:39.354707+00:00
KRG,KRG,755,2026-03-16 13:30:00+00:00,2026-06-05 20:00:00+00:00,America/New_York,2026-06-07 10:34:39.421779+00:00
VCTR,VCTR,755,2026-03-16 13:30:00+00:00,2026-06-05 20:00:00+00:00,America/New_York,2026-06-07 10:34:39.485499+00:00
BLTE,BLTE,745,2026-03-16 13:30:00+00:00,2026-06-05 20:00:00+00:00,America/New_York,2026-06-07 10:34:39.607385+00:00
PTCT,PTCT,755,2026-03-16 13:30:00+00:00,2026-06-05 20:00:00+00:00,America/New_York,2026-06-07 10:34:39.696469+00:00
CACC,CACC,753,2026-03-16 13:30:00+00:00,2026-06-05 20:00:00+00:00,America/New_York,2026-06-07 10:34:39.560711+00:00
OZK,OZK,755,2026-03-16 13:30:00+00:00,2026-06-05 20:00:00+00:00,America/New_York,2026-06-07 10:34:39.659757+00:00
MCY,MCY,755,2026-03-16 13:30:00+00:00,2026-06-05 20:00:00+00:00,America/New_York,2026-06-07 10:34:39.781473+00:00
G,G,755,2026-03-16 13:30:00+00:00,2026-06-05 20:00:00+00:00,America/New_York,2026-06-07 10:34:39.751467+00:00
BB,BB,755,2026-03-16 13:30:00+00:00,2026-06-05 20:00:00+00:00,America/New_York,2026-06-07 10:34:39.859967+00:00
OTEX,OTEX,755,2026-03-16 13:30:00+00:00,2026-06-05 20:00:00+00:00,America/New_York,2026-06-07 10:34:39.822213+00:00
NOVT,NOVT,755,2026-03-16 13:30:00+00:00,2026-06-05 20:00:00+00:00,America/New_York,2026-06-07 10:34:40.034440+00:00
BTG,BTG,755,2026-03-16 13:30:00+00:00,2026-06-05 20:00:00+00:00,America/New_York,2026-06-07 10:34:39.894709+00:00
MIRM,MIRM,755,2026-03-16 13:30:00+00:00,2026-06-05 20:00:00+00:00,America/New_York,2026-06-07 10:34:39.942964+00:00
NICE,NICE,755,2026-03-16 13:30:00+00:00,2026-06-05 20:00:00+00:00,America/New_York,2026-06-07 10:34:39.944751+00:00
CE,CE,755,2026-03-16 13:30:00+00:00,2026-06-05 20:00:00+00:00,America/New_York,2026-06-07 10:34:40.099371+00:00
NJR,NJR,755,2026-03-16 13:30:00+00:00,2026-06-05 20:00:00+00:00,America/New_York,2026-06-07 10:34:40.166568+00:00
COMP,COMP,755,2026-03-16 13:30:00+00:00,2026-06-05 20:00:00+00:00,America/New_York,2026-06-07 10:34:40.133873+00:00
PECO,PECO,755,2026-03-16 13:30:00+00:00,2026-06-05 20:00:00+00:00,America/New_York,2026-06-07 10:34:40.236808+00:00
AMTM,AMTM,755,2026-03-16 13:30:00+00:00,2026-06-05 20:00:00+00:00,America/New_York,2026-06-07 10:34:40.306691+00:00
KOF,KOF,752,2026-03-16 13:30:00+00:00,2026-06-05 20:00:00+00:00,America/New_York,2026-06-07 10:34:40.201689+00:00
GXO,GXO,755,2026-03-16 13:30:00+00:00,2026-06-05 20:00:00+00:00,America/New_York,2026-06-07 10:34:40.305687+00:00
MC,MC,755,2026-03-16 13:30:00+00:00,2026-06-05 20:00:00+00:00,America/New_York,2026-06-07 10:34:40.357985+00:00
NXST,NXST,755,2026-03-16 13:30:00+00:00,2026-06-05 20:00:00+00:00,America/New_York,2026-06-07 10:34:40.413689+00:00
BLCO,BLCO,755,2026-03-16 13:30:00+00:00,2026-06-05 20:00:00+00:00,America/New_York,2026-06-07 10:34:40.539487+00:00
MUR,MUR,755,2026-03-16 13:30:00+00:00,2026-06-05 20:00:00+00:00,America/New_York,2026-06-07 10:34:40.487704+00:00
CPA,CPA,755,2026-03-16 13:30:00+00:00,2026-06-05 20:00:00+00:00,America/New_York,2026-06-07 10:34:40.645045+00:00
PIPR,PIPR,755,2026-03-16 13:30:00+00:00,2026-06-05 20:00:00+00:00,America/New_York,2026-06-07 10:34:40.737581+00:00
OUT,OUT,755,2026-03-16 13:30:00+00:00,2026-06-05 20:00:00+00:00,America/New_York,2026-06-07 10:34:40.673303+00:00
OBDC,OBDC,755,2026-03-16 13:30:00+00:00,2026-06-05 20:00:00+00:00,America/New_York,2026-06-07 10:34:40.615397+00:00
BXSL,BXSL,755,2026-03-16 13:30:00+00:00,2026-06-05 20:00:00+00:00,America/New_York,2026-06-07 10:34:40.705439+00:00
HOMB,HOMB,755,2026-03-16 13:30:00+00:00,2026-06-05 20:00:00+00:00,America/New_York,2026-06-07 10:34:40.761723+00:00
BIPC,BIPC,755,2026-03-16 13:30:00+00:00,2026-06-05 20:00:00+00:00,America/New_York,2026-06-07 10:34:40.802271+00:00
CWST,CWST,755,2026-03-16 13:30:00+00:00,2026-06-05 20:00:00+00:00,America/New_York,2026-06-07 10:34:40.860593+00:00
LYFT,LYFT,755,2026-03-16 13:30:00+00:00,2026-06-05 20:00:00+00:00,America/New_York,2026-06-07 10:34:40.992912+00:00
GLBE,GLBE,755,2026-03-16 13:30:00+00:00,2026-06-05 20:00:00+00:00,America/New_York,2026-06-07 10:34:40.931665+00:00
AUB,AUB,755,2026-03-16 13:30:00+00:00,2026-06-05 20:00:00+00:00,America/New_York,2026-06-07 10:34:41.032747+00:00
ESNT,ESNT,755,2026-03-16 13:30:00+00:00,2026-06-05 20:00:00+00:00,America/New_York,2026-06-07 10:34:41.060839+00:00
S,S,755,2026-03-16 13:30:00+00:00,2026-06-05 20:00:00+00:00,America/New_York,2026-06-07 10:34:41.092919+00:00
SSRM,SSRM,755,2026-03-16 13:30:00+00:00,2026-06-05 20:00:00+00:00,America/New_York,2026-06-07 10:34:41.172266+00:00
GNTX,GNTX,755,2026-03-16 13:30:00+00:00,2026-06-05 20:00:00+00:00,America/New_York,2026-06-07 10:34:41.202895+00:00
MTG,MTG,755,2026-03-16 13:30:00+00:00,2026-06-05 20:00:00+00:00,America/New_York,2026-06-07 10:34:41.230701+00:00
PSMT,PSMT,752,2026-03-16 13:30:00+00:00,2026-06-05 20:00:00+00:00,America/New_York,2026-06-07 10:34:41.303065+00:00
ESAB,ESAB,755,2026-03-16 13:30:00+00:00,2026-06-05 20:00:00+00:00,America/New_York,2026-06-07 10:34:41.348698+00:00
ADT,ADT,755,2026-03-16 13:30:00+00:00,2026-06-05 20:00:00+00:00,America/New_York,2026-06-07 10:34:41.295550+00:00
LQDA,LQDA,755,2026-03-16 13:30:00+00:00,2026-06-05 20:00:00+00:00,America/New_York,2026-06-07 10:34:41.423629+00:00
SIGI,SIGI,755,2026-03-16 13:30:00+00:00,2026-06-05 20:00:00+00:00,America/New_York,2026-06-07 10:34:41.371758+00:00
BGC,BGC,755,2026-03-16 13:30:00+00:00,2026-06-05 20:00:00+00:00,America/New_York,2026-06-07 10:34:41.611692+00:00
STEP,STEP,755,2026-03-16 13:30:00+00:00,2026-06-05 20:00:00+00:00,America/New_York,2026-06-07 10:34:41.555055+00:00
IBP,IBP,755,2026-03-16 13:30:00+00:00,2026-06-05 20:00:00+00:00,America/New_York,2026-06-07 10:34:41.513597+00:00
COGT,COGT,755,2026-03-16 13:30:00+00:00,2026-06-05 20:00:00+00:00,America/New_York,2026-06-07 10:34:41.695589+00:00
GLNG,GLNG,755,2026-03-16 13:30:00+00:00,2026-06-05 20:00:00+00:00,America/New_York,2026-06-07 10:34:41.657567+00:00
MGY,MGY,755,2026-03-16 13:30:00+00:00,2026-06-05 20:00:00+00:00,America/New_York,2026-06-07 10:34:41.695589+00:00
IFS,IFS,754,2026-03-16 13:30:00+00:00,2026-06-05 20:00:00+00:00,America/New_York,2026-06-07 10:34:41.753971+00:00
ONDS,ONDS,755,2026-03-16 13:30:00+00:00,2026-06-05 20:00:00+00:00,America/New_York,2026-06-07 10:34:41.753971+00:00
BKH,BKH,755,2026-03-16 13:30:00+00:00,2026-06-05 20:00:00+00:00,America/New_York,2026-06-07 10:34:41.847819+00:00
WTM,WTM,754,2026-03-16 13:30:00+00:00,2026-06-05 20:00:00+00:00,America/New_York,2026-06-07 10:34:41.894804+00:00
ACMR,ACMR,755,2026-03-16 13:30:00+00:00,2026-06-05 20:00:00+00:00,America/New_York,2026-06-07 10:34:41.895803+00:00
GOLF,GOLF,754,2026-03-16 13:30:00+00:00,2026-06-05 20:00:00+00:00,America/New_York,2026-06-07 10:34:41.966570+00:00
UGP,UGP,755,2026-03-16 13:30:00+00:00,2026-06-05 20:00:00+00:00,America/New_York,2026-06-07 10:34:41.988780+00:00
NAVN,NAVN,755,2026-03-16 13:30:00+00:00,2026-06-05 20:00:00+00:00,America/New_York,2026-06-07 10:34:42.026257+00:00
BC,BC,755,2026-03-16 13:30:00+00:00,2026-06-05 20:00:00+00:00,America/New_York,2026-06-07 10:34:42.077213+00:00
OTF,OTF,755,2026-03-16 13:30:00+00:00,2026-06-05 20:00:00+00:00,America/New_York,2026-06-07 10:34:42.114680+00:00
GTLB,GTLB,755,2026-03-16 13:30:00+00:00,2026-06-05 20:00:00+00:00,America/New_York,2026-06-07 10:34:42.211526+00:00
HCC,HCC,755,2026-03-16 13:30:00+00:00,2026-06-05 20:00:00+00:00,America/New_York,2026-06-07 10:34:42.114680+00:00
ZETA,ZETA,755,2026-03-16 13:30:00+00:00,2026-06-05 20:00:00+00:00,America/New_York,2026-06-07 10:34:42.241830+00:00
MDA,MDA,755,2026-03-16 13:30:00+00:00,2026-06-05 20:00:00+00:00,America/New_York,2026-06-07 10:34:42.350762+00:00
LB,LB,755,2026-03-16 13:30:00+00:00,2026-06-05 20:00:00+00:00,America/New_York,2026-06-07 10:34:42.278270+00:00
RUSHA,RUSHA,755,2026-03-16 13:30:00+00:00,2026-06-05 20:00:00+00:00,America/New_York,2026-06-07 10:34:42.374273+00:00
WFG,WFG,755,2026-03-16 13:30:00+00:00,2026-06-05 20:00:00+00:00,America/New_York,2026-06-07 10:34:42.405979+00:00
SEB,SEB,741,2026-03-16 13:30:00+00:00,2026-06-05 20:00:00+00:00,America/New_York,2026-06-07 10:34:42.497884+00:00
CRC,CRC,755,2026-03-16 13:30:00+00:00,2026-06-05 20:00:00+00:00,America/New_York,2026-06-07 10:34:42.434875+00:00
VSEC,VSEC,755,2026-03-16 13:30:00+00:00,2026-06-05 20:00:00+00:00,America/New_York,2026-06-07 10:34:42.535176+00:00
BCPC,BCPC,752,2026-03-16 13:30:00+00:00,2026-06-05 20:00:00+00:00,America/New_York,2026-06-07 10:34:42.675341+00:00
EPAM,EPAM,755,2026-03-16 13:30:00+00:00,2026-06-05 20:00:00+00:00,America/New_York,2026-06-07 10:34:42.848080+00:00
DLB,DLB,755,2026-03-16 13:30:00+00:00,2026-06-05 20:00:00+00:00,America/New_York,2026-06-07 10:34:42.779184+00:00
KLIC,KLIC,755,2026-03-16 13:30:00+00:00,2026-06-05 20:00:00+00:00,America/New_York,2026-06-07 10:34:42.673804+00:00
WEX,WEX,755,2026-03-16 13:30:00+00:00,2026-06-05 20:00:00+00:00,America/New_York,2026-06-07 10:34:42.740323+00:00
BOOT,BOOT,755,2026-03-16 13:30:00+00:00,2026-06-05 20:00:00+00:00,America/New_York,2026-06-07 10:34:42.915485+00:00
FND,FND,755,2026-03-16 13:30:00+00:00,2026-06-05 20:00:00+00:00,America/New_York,2026-06-07 10:34:42.916482+00:00
DUOL,DUOL,755,2026-03-16 13:30:00+00:00,2026-06-05 20:00:00+00:00,America/New_York,2026-06-07 10:34:42.992566+00:00
SEI,SEI,755,2026-03-16 13:30:00+00:00,2026-06-05 20:00:00+00:00,America/New_York,2026-06-07 10:34:43.043287+00:00
RITM,RITM,755,2026-03-16 13:30:00+00:00,2026-06-05 20:00:00+00:00,America/New_York,2026-06-07 10:34:43.095429+00:00
CHH,CHH,755,2026-03-16 13:30:00+00:00,2026-06-05 20:00:00+00:00,America/New_York,2026-06-07 10:34:43.174190+00:00
SRRK,SRRK,755,2026-03-16 13:30:00+00:00,2026-06-05 20:00:00+00:00,America/New_York,2026-06-07 10:34:43.203270+00:00
TKC,TKC,754,2026-03-16 13:30:00+00:00,2026-06-05 20:00:00+00:00,America/New_York,2026-06-07 10:34:43.249155+00:00
STVN,STVN,755,2026-03-16 13:30:00+00:00,2026-06-05 20:00:00+00:00,America/New_York,2026-06-07 10:34:43.314906+00:00
SPHR,SPHR,755,2026-03-16 13:30:00+00:00,2026-06-05 20:00:00+00:00,America/New_York,2026-06-07 10:34:43.364958+00:00
IRDM,IRDM,755,2026-03-16 13:30:00+00:00,2026-06-05 20:00:00+00:00,America/New_York,2026-06-07 10:34:43.315904+00:00
AUGO,AUGO,755,2026-03-16 13:30:00+00:00,2026-06-05 20:00:00+00:00,America/New_York,2026-06-07 10:34:43.364958+00:00
CRSP,CRSP,755,2026-03-16 13:30:00+00:00,2026-06-05 20:00:00+00:00,America/New_York,2026-06-07 10:34:43.422095+00:00
AX,AX,755,2026-03-16 13:30:00+00:00,2026-06-05 20:00:00+00:00,America/New_York,2026-06-07 10:34:43.487614+00:00
CIGI,CIGI,754,2026-03-16 13:30:00+00:00,2026-06-05 20:00:00+00:00,America/New_York,2026-06-07 10:34:43.741430+00:00
EQPT,EQPT,755,2026-03-16 13:30:00+00:00,2026-06-05 20:00:00+00:00,America/New_York,2026-06-07 10:34:43.815057+00:00
SAIC,SAIC,755,2026-03-16 13:30:00+00:00,2026-06-05 20:00:00+00:00,America/New_York,2026-06-07 10:34:43.650636+00:00
HASI,HASI,755,2026-03-16 13:30:00+00:00,2026-06-05 20:00:00+00:00,America/New_York,2026-06-07 10:34:43.872642+00:00
ALH,ALH,755,2026-03-16 13:30:00+00:00,2026-06-05 20:00:00+00:00,America/New_York,2026-06-07 10:34:43.871254+00:00
XENE,XENE,755,2026-03-16 13:30:00+00:00,2026-06-05 20:00:00+00:00,America/New_York,2026-06-07 10:34:43.951219+00:00
GHC,GHC,747,2026-03-16 13:30:00+00:00,2026-06-05 20:00:00+00:00,America/New_York,2026-06-07 10:34:43.839115+00:00
ALK,ALK,755,2026-03-16 13:30:00+00:00,2026-06-05 20:00:00+00:00,America/New_York,2026-06-07 10:34:43.988220+00:00
HNGE,HNGE,755,2026-03-16 13:30:00+00:00,2026-06-05 20:00:00+00:00,America/New_York,2026-06-07 10:34:44.027974+00:00
PBF,PBF,755,2026-03-16 13:30:00+00:00,2026-06-05 20:00:00+00:00,America/New_York,2026-06-07 10:34:44.080685+00:00
LPX,LPX,755,2026-03-16 13:30:00+00:00,2026-06-05 20:00:00+00:00,America/New_York,2026-06-07 10:34:44.158592+00:00
PRM,PRM,755,2026-03-16 13:30:00+00:00,2026-06-05 20:00:00+00:00,America/New_York,2026-06-07 10:34:44.056566+00:00
OGS,OGS,755,2026-03-16 13:30:00+00:00,2026-06-05 20:00:00+00:00,America/New_York,2026-06-07 10:34:44.190950+00:00
USAR,USAR,755,2026-03-16 13:30:00+00:00,2026-06-05 20:00:00+00:00,America/New_York,2026-06-07 10:34:44.239571+00:00
GBTG,GBTG,755,2026-03-16 13:30:00+00:00,2026-06-05 20:00:00+00:00,America/New_York,2026-06-07 10:34:44.283546+00:00
CVLT,CVLT,755,2026-03-16 13:30:00+00:00,2026-06-05 20:00:00+00:00,America/New_York,2026-06-07 10:34:44.324582+00:00
HRB,HRB,755,2026-03-16 13:30:00+00:00,2026-06-05 20:00:00+00:00,America/New_York,2026-06-07 10:34:44.376470+00:00
FCN,FCN,755,2026-03-16 13:30:00+00:00,2026-06-05 20:00:00+00:00,America/New_York,2026-06-07 10:34:44.349176+00:00
SR,SR,755,2026-03-16 13:30:00+00:00,2026-06-05 20:00:00+00:00,America/New_York,2026-06-07 10:34:44.488981+00:00
MTN,MTN,755,2026-03-16 13:30:00+00:00,2026-06-05 20:00:00+00:00,America/New_York,2026-06-07 10:34:44.516567+00:00
LPL,LPL,755,2026-03-16 13:30:00+00:00,2026-06-05 20:00:00+00:00,America/New_York,2026-06-07 10:34:44.523593+00:00
RLI,RLI,755,2026-03-16 13:30:00+00:00,2026-06-05 20:00:00+00:00,America/New_York,2026-06-07 10:34:44.591099+00:00
CNR,CNR,755,2026-03-16 13:30:00+00:00,2026-06-05 20:00:00+00:00,America/New_York,2026-06-07 10:34:44.651150+00:00
CNX,CNX,755,2026-03-16 13:30:00+00:00,2026-06-05 20:00:00+00:00,America/New_York,2026-06-07 10:34:44.679366+00:00
SXT,SXT,755,2026-03-16 13:30:00+00:00,2026-06-05 20:00:00+00:00,America/New_York,2026-06-07 10:34:44.781017+00:00
WSC,WSC,755,2026-03-16 13:30:00+00:00,2026-06-05 20:00:00+00:00,America/New_York,2026-06-07 10:34:44.737867+00:00
PAM,PAM,755,2026-03-16 13:30:00+00:00,2026-06-05 20:00:00+00:00,America/New_York,2026-06-07 10:34:44.937714+00:00
CGON,CGON,755,2026-03-16 13:30:00+00:00,2026-06-05 20:00:00+00:00,America/New_York,2026-06-07 10:34:45.022267+00:00
SYNA,SYNA,755,2026-03-16 13:30:00+00:00,2026-06-05 20:00:00+00:00,America/New_York,2026-06-07 10:34:44.973495+00:00
TGS,TGS,755,2026-03-16 13:30:00+00:00,2026-06-05 20:00:00+00:00,America/New_York,2026-06-07 10:34:44.847133+00:00
REYN,REYN,755,2026-03-16 13:30:00+00:00,2026-06-05 20:00:00+00:00,America/New_York,2026-06-07 10:34:45.120402+00:00
LAUR,LAUR,755,2026-03-16 13:30:00+00:00,2026-06-05 20:00:00+00:00,America/New_York,2026-06-07 10:34:45.118880+00:00
EBC,EBC,755,2026-03-16 13:30:00+00:00,2026-06-05 20:00:00+00:00,America/New_York,2026-06-07 10:34:45.118880+00:00
MAAS,MAAS,533,2026-03-16 19:30:00+00:00,2026-06-05 20:00:00+00:00,America/New_York,2026-06-07 10:34:45.243214+00:00
UNF,UNF,754,2026-03-16 13:30:00+00:00,2026-06-05 20:00:00+00:00,America/New_York,2026-06-07 10:34:45.332186+00:00
OLLI,OLLI,755,2026-03-16 13:30:00+00:00,2026-06-05 20:00:00+00:00,America/New_York,2026-06-07 10:34:45.330678+00:00
KVYO,KVYO,755,2026-03-16 13:30:00+00:00,2026-06-05 20:00:00+00:00,America/New_York,2026-06-07 10:34:45.286915+00:00
INDV,INDV,755,2026-03-16 13:30:00+00:00,2026-06-05 20:00:00+00:00,America/New_York,2026-06-07 10:34:45.330678+00:00
DIOD,DIOD,755,2026-03-16 13:30:00+00:00,2026-06-05 20:00:00+00:00,America/New_York,2026-06-07 10:34:45.458856+00:00
SITE,SITE,755,2026-03-16 13:30:00+00:00,2026-06-05 20:00:00+00:00,America/New_York,2026-06-07 10:34:45.503047+00:00
OMAB,OMAB,735,2026-03-16 13:30:00+00:00,2026-06-05 20:00:00+00:00,America/New_York,2026-06-07 10:34:45.634781+00:00
SON,SON,755,2026-03-16 13:30:00+00:00,2026-06-05 20:00:00+00:00,America/New_York,2026-06-07 10:34:45.553461+00:00
CAI,CAI,755,2026-03-16 13:30:00+00:00,2026-06-05 20:00:00+00:00,America/New_York,2026-06-07 10:34:45.595917+00:00
UFPI,UFPI,755,2026-03-16 13:30:00+00:00,2026-06-05 20:00:00+00:00,America/New_York,2026-06-07 10:34:45.809938+00:00
CSTM,CSTM,755,2026-03-16 13:30:00+00:00,2026-06-05 20:00:00+00:00,America/New_York,2026-06-07 10:34:45.749286+00:00
REZI,REZI,755,2026-03-16 13:30:00+00:00,2026-06-05 20:00:00+00:00,America/New_York,2026-06-07 10:34:45.708152+00:00
FBIN,FBIN,755,2026-03-16 13:30:00+00:00,2026-06-05 20:00:00+00:00,America/New_York,2026-06-07 10:34:45.993682+00:00
LGND,LGND,751,2026-03-16 13:30:00+00:00,2026-06-05 20:00:00+00:00,America/New_York,2026-06-07 10:34:45.991676+00:00
TNL,TNL,755,2026-03-16 13:30:00+00:00,2026-06-05 20:00:00+00:00,America/New_York,2026-06-07 10:34:46.167393+00:00
CUZ,CUZ,755,2026-03-16 13:30:00+00:00,2026-06-05 20:00:00+00:00,America/New_York,2026-06-07 10:34:46.304231+00:00
FFIN,FFIN,755,2026-03-16 13:30:00+00:00,2026-06-05 20:00:00+00:00,America/New_York,2026-06-07 10:34:46.258290+00:00
NNI,NNI,734,2026-03-16 13:30:00+00:00,2026-06-05 20:00:00+00:00,America/New_York,2026-06-07 10:34:46.331551+00:00
CNO,CNO,755,2026-03-16 13:30:00+00:00,2026-06-05 20:00:00+00:00,America/New_York,2026-06-07 10:34:46.332548+00:00
SBRA,SBRA,755,2026-03-16 13:30:00+00:00,2026-06-05 20:00:00+00:00,America/New_York,2026-06-07 10:34:46.204576+00:00
QS,QS,755,2026-03-16 13:30:00+00:00,2026-06-05 20:00:00+00:00,America/New_York,2026-06-07 10:34:46.452347+00:00
TCBI,TCBI,755,2026-03-16 13:30:00+00:00,2026-06-05 20:00:00+00:00,America/New_York,2026-06-07 10:34:46.414014+00:00
MAIN,MAIN,755,2026-03-16 13:30:00+00:00,2026-06-05 20:00:00+00:00,America/New_York,2026-06-07 10:34:46.517206+00:00
ATAT,ATAT,755,2026-03-16 13:30:00+00:00,2026-06-05 20:00:00+00:00,America/New_York,2026-06-07 10:34:46.631353+00:00
AQN,AQN,755,2026-03-16 13:30:00+00:00,2026-06-05 20:00:00+00:00,America/New_York,2026-06-07 10:34:46.600096+00:00
TFSL,TFSL,755,2026-03-16 13:30:00+00:00,2026-06-05 20:00:00+00:00,America/New_York,2026-06-07 10:34:46.702193+00:00
LBRT,LBRT,755,2026-03-16 13:30:00+00:00,2026-06-05 20:00:00+00:00,America/New_York,2026-06-07 10:34:46.746233+00:00
MTRN,MTRN,755,2026-03-16 13:30:00+00:00,2026-06-05 20:00:00+00:00,America/New_York,2026-06-07 10:34:46.898883+00:00
ALM,ALM,755,2026-03-16 13:30:00+00:00,2026-06-05 20:00:00+00:00,America/New_York,2026-06-07 10:34:46.870756+00:00
ASB,ASB,755,2026-03-16 13:30:00+00:00,2026-06-05 20:00:00+00:00,America/New_York,2026-06-07 10:34:46.812063+00:00
FTDR,FTDR,755,2026-03-16 13:30:00+00:00,2026-06-05 20:00:00+00:00,America/New_York,2026-06-07 10:34:46.813063+00:00
HRI,HRI,755,2026-03-16 13:30:00+00:00,2026-06-05 20:00:00+00:00,America/New_York,2026-06-07 10:34:46.995557+00:00
MTH,MTH,755,2026-03-16 13:30:00+00:00,2026-06-05 20:00:00+00:00,America/New_York,2026-06-07 10:34:46.949363+00:00
MARA,MARA,755,2026-03-16 13:30:00+00:00,2026-06-05 20:00:00+00:00,America/New_York,2026-06-07 10:34:47.055899+00:00
AIR,AIR,755,2026-03-16 13:30:00+00:00,2026-06-05 20:00:00+00:00,America/New_York,2026-06-07 10:34:47.193215+00:00
VVV,VVV,755,2026-03-16 13:30:00+00:00,2026-06-05 20:00:00+00:00,America/New_York,2026-06-07 10:34:47.330588+00:00
RDN,RDN,755,2026-03-16 13:30:00+00:00,2026-06-05 20:00:00+00:00,America/New_York,2026-06-07 10:34:47.252795+00:00
CECO,CECO,755,2026-03-16 13:30:00+00:00,2026-06-05 20:00:00+00:00,America/New_York,2026-06-07 10:34:47.294491+00:00
WHD,WHD,755,2026-03-16 13:30:00+00:00,2026-06-05 20:00:00+00:00,America/New_York,2026-06-07 10:34:47.362713+00:00
IPGP,IPGP,755,2026-03-16 13:30:00+00:00,2026-06-05 20:00:00+00:00,America/New_York,2026-06-07 10:34:47.447095+00:00
IBOC,IBOC,755,2026-03-16 13:30:00+00:00,2026-06-05 20:00:00+00:00,America/New_York,2026-06-07 10:34:47.402326+00:00
TBBB,TBBB,754,2026-03-16 13:30:00+00:00,2026-06-05 20:00:00+00:00,America/New_York,2026-06-07 10:34:47.522588+00:00
EXLS,EXLS,755,2026-03-16 13:30:00+00:00,2026-06-05 20:00:00+00:00,America/New_York,2026-06-07 10:34:47.492975+00:00
LFTO,LFTO,15,2026-06-04 19:30:00+00:00,2026-06-05 20:00:00+00:00,America/New_York,2026-06-07 10:34:47.672230+00:00
KBR,KBR,755,2026-03-16 13:30:00+00:00,2026-06-05 20:00:00+00:00,America/New_York,2026-06-07 10:34:47.591438+00:00
ACLS,ACLS,755,2026-03-16 13:30:00+00:00,2026-06-05 20:00:00+00:00,America/New_York,2026-06-07 10:34:47.558394+00:00
CSW,CSW,755,2026-03-16 13:30:00+00:00,2026-06-05 20:00:00+00:00,America/New_York,2026-06-07 10:34:47.628000+00:00
MEOH,MEOH,755,2026-03-16 13:30:00+00:00,2026-06-05 20:00:00+00:00,America/New_York,2026-06-07 10:34:47.794412+00:00
MRP,MRP,755,2026-03-16 13:30:00+00:00,2026-06-05 20:00:00+00:00,America/New_York,2026-06-07 10:34:47.775724+00:00
PLUG,PLUG,755,2026-03-16 13:30:00+00:00,2026-06-05 20:00:00+00:00,America/New_York,2026-06-07 10:34:47.736607+00:00
HLNE,HLNE,755,2026-03-16 13:30:00+00:00,2026-06-05 20:00:00+00:00,America/New_York,2026-06-07 10:34:47.752689+00:00
PTEN,PTEN,755,2026-03-16 13:30:00+00:00,2026-06-05 20:00:00+00:00,America/New_York,2026-06-07 10:34:47.822546+00:00
LBRDK,LBRDK,755,2026-03-16 13:30:00+00:00,2026-06-05 20:00:00+00:00,America/New_York,2026-06-07 10:34:47.850018+00:00
SHC,SHC,755,2026-03-16 13:30:00+00:00,2026-06-05 20:00:00+00:00,America/New_York,2026-06-07 10:34:47.879608+00:00
SLM,SLM,755,2026-03-16 13:30:00+00:00,2026-06-05 20:00:00+00:00,America/New_York,2026-06-07 10:34:47.920255+00:00
DOO,DOO,755,2026-03-16 13:30:00+00:00,2026-06-05 20:00:00+00:00,America/New_York,2026-06-07 10:34:47.978328+00:00
RXO,RXO,755,2026-03-16 13:30:00+00:00,2026-06-05 20:00:00+00:00,America/New_York,2026-06-07 10:34:48.055491+00:00
FELE,FELE,755,2026-03-16 13:30:00+00:00,2026-06-05 20:00:00+00:00,America/New_York,2026-06-07 10:34:48.129176+00:00
ACIW,ACIW,755,2026-03-16 13:30:00+00:00,2026-06-05 20:00:00+00:00,America/New_York,2026-06-07 10:34:48.033424+00:00
LAZ,LAZ,755,2026-03-16 13:30:00+00:00,2026-06-05 20:00:00+00:00,America/New_York,2026-06-07 10:34:48.081599+00:00
LRN,LRN,755,2026-03-16 13:30:00+00:00,2026-06-05 20:00:00+00:00,America/New_York,2026-06-07 10:34:48.154207+00:00
CVSA,CVSA,755,2026-03-16 13:30:00+00:00,2026-06-05 20:00:00+00:00,America/New_York,2026-06-07 10:34:48.206328+00:00
CMBT,CMBT,755,2026-03-16 13:30:00+00:00,2026-06-05 20:00:00+00:00,America/New_York,2026-06-07 10:34:48.233413+00:00
DNTH,DNTH,755,2026-03-16 13:30:00+00:00,2026-06-05 20:00:00+00:00,America/New_York,2026-06-07 10:34:48.182257+00:00
MDU,MDU,755,2026-03-16 13:30:00+00:00,2026-06-05 20:00:00+00:00,America/New_York,2026-06-07 10:34:48.327789+00:00
EPR,EPR,755,2026-03-16 13:30:00+00:00,2026-06-05 20:00:00+00:00,America/New_York,2026-06-07 10:34:48.285160+00:00
AD,AD,753,2026-03-16 13:30:00+00:00,2026-06-05 20:00:00+00:00,America/New_York,2026-06-07 10:34:48.349646+00:00
KRC,KRC,755,2026-03-16 13:30:00+00:00,2026-06-05 20:00:00+00:00,America/New_York,2026-06-07 10:34:48.382744+00:00
MNDY,MNDY,755,2026-03-16 13:30:00+00:00,2026-06-05 20:00:00+00:00,America/New_York,2026-06-07 10:34:48.423091+00:00
FHI,FHI,755,2026-03-16 13:30:00+00:00,2026-06-05 20:00:00+00:00,America/New_York,2026-06-07 10:34:48.633925+00:00
POWI,POWI,755,2026-03-16 13:30:00+00:00,2026-06-05 20:00:00+00:00,America/New_York,2026-06-07 10:34:48.593195+00:00
MKTX,MKTX,755,2026-03-16 13:30:00+00:00,2026-06-05 20:00:00+00:00,America/New_York,2026-06-07 10:34:48.424090+00:00
MIR,MIR,755,2026-03-16 13:30:00+00:00,2026-06-05 20:00:00+00:00,America/New_York,2026-06-07 10:34:48.560193+00:00
BLLN,BLLN,755,2026-03-16 13:30:00+00:00,2026-06-05 20:00:00+00:00,America/New_York,2026-06-07 10:34:48.534126+00:00
NWE,NWE,755,2026-03-16 13:30:00+00:00,2026-06-05 20:00:00+00:00,America/New_York,2026-06-07 10:34:48.704067+00:00
SRAD,SRAD,755,2026-03-16 13:30:00+00:00,2026-06-05 20:00:00+00:00,America/New_York,2026-06-07 10:34:48.769694+00:00
AMRX,AMRX,755,2026-03-16 13:30:00+00:00,2026-06-05 20:00:00+00:00,America/New_York,2026-06-07 10:34:48.704067+00:00
CVCO,CVCO,753,2026-03-16 13:30:00+00:00,2026-06-05 20:00:00+00:00,America/New_York,2026-06-07 10:34:48.886175+00:00
CELC,CELC,755,2026-03-16 13:30:00+00:00,2026-06-05 20:00:00+00:00,America/New_York,2026-06-07 10:34:48.846030+00:00
SKY,SKY,755,2026-03-16 13:30:00+00:00,2026-06-05 20:00:00+00:00,America/New_York,2026-06-07 10:34:48.911657+00:00
CBT,CBT,755,2026-03-16 13:30:00+00:00,2026-06-05 20:00:00+00:00,America/New_York,2026-06-07 10:34:48.933204+00:00
SFBS,SFBS,755,2026-03-16 13:30:00+00:00,2026-06-05 20:00:00+00:00,America/New_York,2026-06-07 10:34:48.993296+00:00
ANDG,ANDG,753,2026-03-16 13:30:00+00:00,2026-06-05 20:00:00+00:00,America/New_York,2026-06-07 10:34:49.043939+00:00
TREX,TREX,755,2026-03-16 13:30:00+00:00,2026-06-05 20:00:00+00:00,America/New_York,2026-06-07 10:34:49.065999+00:00
SKT,SKT,755,2026-03-16 13:30:00+00:00,2026-06-05 20:00:00+00:00,America/New_York,2026-06-07 10:34:49.090549+00:00
TWST,TWST,755,2026-03-16 13:30:00+00:00,2026-06-05 20:00:00+00:00,America/New_York,2026-06-07 10:34:49.135379+00:00
FULT,FULT,755,2026-03-16 13:30:00+00:00,2026-06-05 20:00:00+00:00,America/New_York,2026-06-07 10:34:49.215033+00:00
TDS,TDS,755,2026-03-16 13:30:00+00:00,2026-06-05 20:00:00+00:00,America/New_York,2026-06-07 10:34:49.137378+00:00
COCO,COCO,755,2026-03-16 13:30:00+00:00,2026-06-05 20:00:00+00:00,America/New_York,2026-06-07 10:34:49.242242+00:00
RDNT,RDNT,755,2026-03-16 13:30:00+00:00,2026-06-05 20:00:00+00:00,America/New_York,2026-06-07 10:34:49.264259+00:00
OPEN,OPEN,755,2026-03-16 13:30:00+00:00,2026-06-05 20:00:00+00:00,America/New_York,2026-06-07 10:34:49.310518+00:00
KNF,KNF,755,2026-03-16 13:30:00+00:00,2026-06-05 20:00:00+00:00,America/New_York,2026-06-07 10:34:49.373325+00:00
ENVA,ENVA,754,2026-03-16 13:30:00+00:00,2026-06-05 20:00:00+00:00,America/New_York,2026-06-07 10:34:49.351779+00:00
BCO,BCO,755,2026-03-16 13:30:00+00:00,2026-06-05 20:00:00+00:00,America/New_York,2026-06-07 10:34:49.509059+00:00
PFSI,PFSI,755,2026-03-16 13:30:00+00:00,2026-06-05 20:00:00+00:00,America/New_York,2026-06-07 10:34:49.550117+00:00
COLD,COLD,755,2026-03-16 13:30:00+00:00,2026-06-05 20:00:00+00:00,America/New_York,2026-06-07 10:34:49.622907+00:00
MMYT,MMYT,755,2026-03-16 13:30:00+00:00,2026-06-05 20:00:00+00:00,America/New_York,2026-06-07 10:34:49.591228+00:00
BDC,BDC,755,2026-03-16 13:30:00+00:00,2026-06-05 20:00:00+00:00,America/New_York,2026-06-07 10:34:49.449086+00:00
BRC,BRC,755,2026-03-16 13:30:00+00:00,2026-06-05 20:00:00+00:00,America/New_York,2026-06-07 10:34:49.655034+00:00
XMTR,XMTR,755,2026-03-16 13:30:00+00:00,2026-06-05 20:00:00+00:00,America/New_York,2026-06-07 10:34:49.682510+00:00
FLNC,FLNC,755,2026-03-16 13:30:00+00:00,2026-06-05 20:00:00+00:00,America/New_York,2026-06-07 10:34:49.683514+00:00
CAAP,CAAP,754,2026-03-16 13:30:00+00:00,2026-06-05 20:00:00+00:00,America/New_York,2026-06-07 10:34:49.739432+00:00
VNT,VNT,755,2026-03-16 13:30:00+00:00,2026-06-05 20:00:00+00:00,America/New_York,2026-06-07 10:34:49.858369+00:00
AZZ,AZZ,754,2026-03-16 13:30:00+00:00,2026-06-05 20:00:00+00:00,America/New_York,2026-06-07 10:34:50.008845+00:00
PHI,PHI,747,2026-03-16 13:30:00+00:00,2026-06-05 20:00:00+00:00,America/New_York,2026-06-07 10:34:50.070682+00:00
TVTX,TVTX,755,2026-03-16 13:30:00+00:00,2026-06-05 20:00:00+00:00,America/New_York,2026-06-07 10:34:50.071682+00:00
MAT,MAT,755,2026-03-16 13:30:00+00:00,2026-06-05 20:00:00+00:00,America/New_York,2026-06-07 10:34:50.198120+00:00
PJT,PJT,755,2026-03-16 13:30:00+00:00,2026-06-05 20:00:00+00:00,America/New_York,2026-06-07 10:34:50.226703+00:00
OLED,OLED,755,2026-03-16 13:30:00+00:00,2026-06-05 20:00:00+00:00,America/New_York,2026-06-07 10:34:50.147416+00:00
POST,POST,755,2026-03-16 13:30:00+00:00,2026-06-05 20:00:00+00:00,America/New_York,2026-06-07 10:34:50.145093+00:00
BTDR,BTDR,755,2026-03-16 13:30:00+00:00,2026-06-05 20:00:00+00:00,America/New_York,2026-06-07 10:34:50.269280+00:00
ACHR,ACHR,755,2026-03-16 13:30:00+00:00,2026-06-05 20:00:00+00:00,America/New_York,2026-06-07 10:34:50.308170+00:00
HGV,HGV,755,2026-03-16 13:30:00+00:00,2026-06-05 20:00:00+00:00,America/New_York,2026-06-07 10:34:50.470774+00:00
LOPE,LOPE,755,2026-03-16 13:30:00+00:00,2026-06-05 20:00:00+00:00,America/New_York,2026-06-07 10:34:50.393257+00:00
PONY,PONY,755,2026-03-16 13:30:00+00:00,2026-06-05 20:00:00+00:00,America/New_York,2026-06-07 10:34:50.600486+00:00
THO,THO,755,2026-03-16 13:30:00+00:00,2026-06-05 20:00:00+00:00,America/New_York,2026-06-07 10:34:50.766026+00:00
MNSO,MNSO,755,2026-03-16 13:30:00+00:00,2026-06-05 20:00:00+00:00,America/New_York,2026-06-07 10:34:50.599487+00:00
PLNT,PLNT,755,2026-03-16 13:30:00+00:00,2026-06-05 20:00:00+00:00,America/New_York,2026-06-07 10:34:50.709504+00:00
INSW,INSW,755,2026-03-16 13:30:00+00:00,2026-06-05 20:00:00+00:00,America/New_York,2026-06-07 10:34:50.851363+00:00
MMED,MMED,755,2026-03-16 13:30:00+00:00,2026-06-05 20:00:00+00:00,America/New_York,2026-06-07 10:34:50.967447+00:00
IRT,IRT,755,2026-03-16 13:30:00+00:00,2026-06-05 20:00:00+00:00,America/New_York,2026-06-07 10:34:51.068924+00:00
UCB,UCB,755,2026-03-16 13:30:00+00:00,2026-06-05 20:00:00+00:00,America/New_York,2026-06-07 10:34:51.041247+00:00
CLSK,CLSK,755,2026-03-16 13:30:00+00:00,2026-06-05 20:00:00+00:00,America/New_York,2026-06-07 10:34:51.129983+00:00
INDB,INDB,755,2026-03-16 13:30:00+00:00,2026-06-05 20:00:00+00:00,America/New_York,2026-06-07 10:34:51.160045+00:00
QLYS,QLYS,755,2026-03-16 13:30:00+00:00,2026-06-05 20:00:00+00:00,America/New_York,2026-06-07 10:34:51.161045+00:00
MRX,MRX,755,2026-03-16 13:30:00+00:00,2026-06-05 20:00:00+00:00,America/New_York,2026-06-07 10:34:51.209628+00:00
CATY,CATY,755,2026-03-16 13:30:00+00:00,2026-06-05 20:00:00+00:00,America/New_York,2026-06-07 10:34:51.240262+00:00
GFF,GFF,755,2026-03-16 13:30:00+00:00,2026-06-05 20:00:00+00:00,America/New_York,2026-06-07 10:34:51.302547+00:00
MWA,MWA,755,2026-03-16 13:30:00+00:00,2026-06-05 20:00:00+00:00,America/New_York,2026-06-07 10:34:51.302547+00:00
WING,WING,755,2026-03-16 13:30:00+00:00,2026-06-05 20:00:00+00:00,America/New_York,2026-06-07 10:34:51.361851+00:00
LIVN,LIVN,755,2026-03-16 13:30:00+00:00,2026-06-05 20:00:00+00:00,America/New_York,2026-06-07 10:34:51.436927+00:00
BLSH,BLSH,755,2026-03-16 13:30:00+00:00,2026-06-05 20:00:00+00:00,America/New_York,2026-06-07 10:34:51.526951+00:00
KEN,KEN,630,2026-03-16 13:30:00+00:00,2026-06-05 20:00:00+00:00,America/New_York,2026-06-07 10:34:51.666573+00:00
EMAT,EMAT,742,2026-03-16 13:30:00+00:00,2026-06-05 20:00:00+00:00,America/New_York,2026-06-07 10:34:51.581938+00:00
SEZL,SEZL,755,2026-03-16 13:30:00+00:00,2026-06-05 20:00:00+00:00,America/New_York,2026-06-07 10:34:51.641025+00:00
BETA,BETA,755,2026-03-16 13:30:00+00:00,2026-06-05 20:00:00+00:00,America/New_York,2026-06-07 10:34:51.706010+00:00
LION,LION,755,2026-03-16 13:30:00+00:00,2026-06-05 20:00:00+00:00,America/New_York,2026-06-07 10:34:51.758173+00:00
DORM,DORM,754,2026-03-16 13:30:00+00:00,2026-06-05 20:00:00+00:00,America/New_York,2026-06-07 10:34:51.830528+00:00
VCYT,VCYT,755,2026-03-16 13:30:00+00:00,2026-06-05 20:00:00+00:00,America/New_York,2026-06-07 10:34:51.791824+00:00
BNL,BNL,755,2026-03-16 13:30:00+00:00,2026-06-05 20:00:00+00:00,America/New_York,2026-06-07 10:34:51.733699+00:00
WPP,WPP,755,2026-03-16 13:30:00+00:00,2026-06-05 20:00:00+00:00,America/New_York,2026-06-07 10:34:51.915761+00:00
OPLN,OPLN,755,2026-03-16 13:30:00+00:00,2026-06-05 20:00:00+00:00,America/New_York,2026-06-07 10:34:51.890686+00:00
STNG,STNG,755,2026-03-16 13:30:00+00:00,2026-06-05 20:00:00+00:00,America/New_York,2026-06-07 10:34:51.915761+00:00
KTB,KTB,755,2026-03-16 13:30:00+00:00,2026-06-05 20:00:00+00:00,America/New_York,2026-06-07 10:34:51.997973+00:00
RELY,RELY,755,2026-03-16 13:30:00+00:00,2026-06-05 20:00:00+00:00,America/New_York,2026-06-07 10:34:52.099170+00:00
SLGN,SLGN,755,2026-03-16 13:30:00+00:00,2026-06-05 20:00:00+00:00,America/New_York,2026-06-07 10:34:52.072602+00:00
TXG,TXG,755,2026-03-16 13:30:00+00:00,2026-06-05 20:00:00+00:00,America/New_York,2026-06-07 10:34:52.248829+00:00
HHH,HHH,755,2026-03-16 13:30:00+00:00,2026-06-05 20:00:00+00:00,America/New_York,2026-06-07 10:34:52.164548+00:00
AKO.B,AKO-B,385,2026-03-16 13:30:00+00:00,2026-06-05 19:00:00+00:00,America/New_York,2026-06-07 10:34:52.280003+00:00
BBAR,BBAR,755,2026-03-16 13:30:00+00:00,2026-06-05 20:00:00+00:00,America/New_York,2026-06-07 10:34:52.216237+00:00
ORLA,ORLA,754,2026-03-16 13:30:00+00:00,2026-06-05 20:00:00+00:00,America/New_York,2026-06-07 10:34:52.304566+00:00
RNST,RNST,755,2026-03-16 13:30:00+00:00,2026-06-05 20:00:00+00:00,America/New_York,2026-06-07 10:34:52.339671+00:00
VRNS,VRNS,755,2026-03-16 13:30:00+00:00,2026-06-05 20:00:00+00:00,America/New_York,2026-06-07 10:34:52.427345+00:00
SEDG,SEDG,755,2026-03-16 13:30:00+00:00,2026-06-05 20:00:00+00:00,America/New_York,2026-06-07 10:34:52.387979+00:00
DAN,DAN,755,2026-03-16 13:30:00+00:00,2026-06-05 20:00:00+00:00,America/New_York,2026-06-07 10:34:52.365920+00:00
NVST,NVST,755,2026-03-16 13:30:00+00:00,2026-06-05 20:00:00+00:00,America/New_York,2026-06-07 10:34:52.502841+00:00
NTSK,NTSK,755,2026-03-16 13:30:00+00:00,2026-06-05 20:00:00+00:00,America/New_York,2026-06-07 10:34:52.570944+00:00
SMR,SMR,755,2026-03-16 13:30:00+00:00,2026-06-05 20:00:00+00:00,America/New_York,2026-06-07 10:34:52.503838+00:00
WAY,WAY,755,2026-03-16 13:30:00+00:00,2026-06-05 20:00:00+00:00,America/New_York,2026-06-07 10:34:52.618177+00:00
EWTX,EWTX,755,2026-03-16 13:30:00+00:00,2026-06-05 20:00:00+00:00,America/New_York,2026-06-07 10:34:52.717614+00:00
FBP,FBP,755,2026-03-16 13:30:00+00:00,2026-06-05 20:00:00+00:00,America/New_York,2026-06-07 10:34:52.826752+00:00
CPRX,CPRX,755,2026-03-16 13:30:00+00:00,2026-06-05 20:00:00+00:00,America/New_York,2026-06-07 10:34:52.679445+00:00
CRK,CRK,755,2026-03-16 13:30:00+00:00,2026-06-05 20:00:00+00:00,America/New_York,2026-06-07 10:34:52.801165+00:00
MMSI,MMSI,755,2026-03-16 13:30:00+00:00,2026-06-05 20:00:00+00:00,America/New_York,2026-06-07 10:34:52.715730+00:00
CRGY,CRGY,755,2026-03-16 13:30:00+00:00,2026-06-05 20:00:00+00:00,America/New_York,2026-06-07 10:34:52.925527+00:00
LBTYK,LBTYK,755,2026-03-16 13:30:00+00:00,2026-06-05 20:00:00+00:00,America/New_York,2026-06-07 10:34:52.870187+00:00
MANU,MANU,755,2026-03-16 13:30:00+00:00,2026-06-05 20:00:00+00:00,America/New_York,2026-06-07 10:34:52.959951+00:00
DOCS,DOCS,755,2026-03-16 13:30:00+00:00,2026-06-05 20:00:00+00:00,America/New_York,2026-06-07 10:34:52.899815+00:00
MANE,MANE,755,2026-03-16 13:30:00+00:00,2026-06-05 20:00:00+00:00,America/New_York,2026-06-07 10:34:53.070512+00:00
WSFS,WSFS,755,2026-03-16 13:30:00+00:00,2026-06-05 20:00:00+00:00,America/New_York,2026-06-07 10:34:53.047092+00:00
KFY,KFY,755,2026-03-16 13:30:00+00:00,2026-06-05 20:00:00+00:00,America/New_York,2026-06-07 10:34:53.081590+00:00
FG,FG,755,2026-03-16 13:30:00+00:00,2026-06-05 20:00:00+00:00,America/New_York,2026-06-07 10:34:53.169684+00:00
LMND,LMND,755,2026-03-16 13:30:00+00:00,2026-06-05 20:00:00+00:00,America/New_York,2026-06-07 10:34:53.193329+00:00
CNS,CNS,755,2026-03-16 13:30:00+00:00,2026-06-05 20:00:00+00:00,America/New_York,2026-06-07 10:34:53.121335+00:00
JOE,JOE,755,2026-03-16 13:30:00+00:00,2026-06-05 20:00:00+00:00,America/New_York,2026-06-07 10:34:53.247616+00:00
ATMU,ATMU,755,2026-03-16 13:30:00+00:00,2026-06-05 20:00:00+00:00,America/New_York,2026-06-07 10:34:53.309905+00:00
TAC,TAC,755,2026-03-16 13:30:00+00:00,2026-06-05 20:00:00+00:00,America/New_York,2026-06-07 10:34:53.246617+00:00
UCTT,UCTT,755,2026-03-16 13:30:00+00:00,2026-06-05 20:00:00+00:00,America/New_York,2026-06-07 10:34:53.346507+00:00
UUUU,UUUU,755,2026-03-16 13:30:00+00:00,2026-06-05 20:00:00+00:00,America/New_York,2026-06-07 10:34:53.379755+00:00
BMI,BMI,755,2026-03-16 13:30:00+00:00,2026-06-05 20:00:00+00:00,America/New_York,2026-06-07 10:34:53.449424+00:00
HP,HP,755,2026-03-16 13:30:00+00:00,2026-06-05 20:00:00+00:00,America/New_York,2026-06-07 10:34:53.548829+00:00
TPC,TPC,755,2026-03-16 13:30:00+00:00,2026-06-05 20:00:00+00:00,America/New_York,2026-06-07 10:34:53.642767+00:00
PII,PII,755,2026-03-16 13:30:00+00:00,2026-06-05 20:00:00+00:00,America/New_York,2026-06-07 10:34:53.676102+00:00
KNSA,KNSA,755,2026-03-16 13:30:00+00:00,2026-06-05 20:00:00+00:00,America/New_York,2026-06-07 10:34:53.592088+00:00
GPI,GPI,755,2026-03-16 13:30:00+00:00,2026-06-05 20:00:00+00:00,America/New_York,2026-06-07 10:34:53.677610+00:00
OII,OII,755,2026-03-16 13:30:00+00:00,2026-06-05 20:00:00+00:00,America/New_York,2026-06-07 10:34:53.758675+00:00
ERAS,ERAS,755,2026-03-16 13:30:00+00:00,2026-06-05 20:00:00+00:00,America/New_York,2026-06-07 10:34:53.795672+00:00
EXTR,EXTR,755,2026-03-16 13:30:00+00:00,2026-06-05 20:00:00+00:00,America/New_York,2026-06-07 10:34:53.829030+00:00
APLE,APLE,755,2026-03-16 13:30:00+00:00,2026-06-05 20:00:00+00:00,America/New_York,2026-06-07 10:34:53.859669+00:00
YSS,YSS,755,2026-03-16 13:30:00+00:00,2026-06-05 20:00:00+00:00,America/New_York,2026-06-07 10:34:53.898996+00:00
BOX,BOX,755,2026-03-16 13:30:00+00:00,2026-06-05 20:00:00+00:00,America/New_York,2026-06-07 10:34:53.951011+00:00
BFH,BFH,755,2026-03-16 13:30:00+00:00,2026-06-05 20:00:00+00:00,America/New_York,2026-06-07 10:34:53.998374+00:00
PI,PI,755,2026-03-16 13:30:00+00:00,2026-06-05 20:00:00+00:00,America/New_York,2026-06-07 10:34:53.974210+00:00
BELFB,BELFB,753,2026-03-16 13:30:00+00:00,2026-06-05 20:00:00+00:00,America/New_York,2026-06-07 10:34:54.068675+00:00
BANF,BANF,734,2026-03-16 13:30:00+00:00,2026-06-05 20:00:00+00:00,America/New_York,2026-06-07 10:34:54.139667+00:00
EE,EE,755,2026-03-16 13:30:00+00:00,2026-06-05 20:00:00+00:00,America/New_York,2026-06-07 10:34:54.110525+00:00
CALM,CALM,755,2026-03-16 13:30:00+00:00,2026-06-05 20:00:00+00:00,America/New_York,2026-06-07 10:34:54.187916+00:00
LIF,LIF,755,2026-03-16 13:30:00+00:00,2026-06-05 20:00:00+00:00,America/New_York,2026-06-07 10:34:54.215856+00:00
ACAD,ACAD,755,2026-03-16 13:30:00+00:00,2026-06-05 20:00:00+00:00,America/New_York,2026-06-07 10:34:54.382857+00:00
CNK,CNK,755,2026-03-16 13:30:00+00:00,2026-06-05 20:00:00+00:00,America/New_York,2026-06-07 10:34:54.272261+00:00
NAMS,NAMS,755,2026-03-16 13:30:00+00:00,2026-06-05 20:00:00+00:00,America/New_York,2026-06-07 10:34:54.450882+00:00
OTTR,OTTR,755,2026-03-16 13:30:00+00:00,2026-06-05 20:00:00+00:00,America/New_York,2026-06-07 10:34:54.382857+00:00
FRMI,FRMI,755,2026-03-16 13:30:00+00:00,2026-06-05 20:00:00+00:00,America/New_York,2026-06-07 10:34:54.337178+00:00
SLG,SLG,755,2026-03-16 13:30:00+00:00,2026-06-05 20:00:00+00:00,America/New_York,2026-06-07 10:34:54.449885+00:00
RNG,RNG,755,2026-03-16 13:30:00+00:00,2026-06-05 20:00:00+00:00,America/New_York,2026-06-07 10:34:54.555764+00:00
LASR,LASR,755,2026-03-16 13:30:00+00:00,2026-06-05 20:00:00+00:00,America/New_York,2026-06-07 10:34:54.599260+00:00
FIBK,FIBK,755,2026-03-16 13:30:00+00:00,2026-06-05 20:00:00+00:00,America/New_York,2026-06-07 10:34:54.732466+00:00
CVBF,CVBF,755,2026-03-16 13:30:00+00:00,2026-06-05 20:00:00+00:00,America/New_York,2026-06-07 10:34:54.670394+00:00
ORKA,ORKA,755,2026-03-16 13:30:00+00:00,2026-06-05 20:00:00+00:00,America/New_York,2026-06-07 10:34:54.692980+00:00
TDW,TDW,755,2026-03-16 13:30:00+00:00,2026-06-05 20:00:00+00:00,America/New_York,2026-06-07 10:34:54.820894+00:00
PVH,PVH,755,2026-03-16 13:30:00+00:00,2026-06-05 20:00:00+00:00,America/New_York,2026-06-07 10:34:54.935039+00:00
MHO,MHO,755,2026-03-16 13:30:00+00:00,2026-06-05 20:00:00+00:00,America/New_York,2026-06-07 10:34:54.820894+00:00
MIAX,MIAX,755,2026-03-16 13:30:00+00:00,2026-06-05 20:00:00+00:00,America/New_York,2026-06-07 10:34:54.819898+00:00
BHF,BHF,755,2026-03-16 13:30:00+00:00,2026-06-05 20:00:00+00:00,America/New_York,2026-06-07 10:34:54.971714+00:00
HGTY,HGTY,753,2026-03-16 13:30:00+00:00,2026-06-05 20:00:00+00:00,America/New_York,2026-06-07 10:34:55.216678+00:00
BILL,BILL,755,2026-03-16 13:30:00+00:00,2026-06-05 20:00:00+00:00,America/New_York,2026-06-07 10:34:55.067765+00:00
KC,KC,755,2026-03-16 13:30:00+00:00,2026-06-05 20:00:00+00:00,America/New_York,2026-06-07 10:34:55.067765+00:00
VECO,VECO,755,2026-03-16 13:30:00+00:00,2026-06-05 20:00:00+00:00,America/New_York,2026-06-07 10:34:55.325453+00:00
YETI,YETI,755,2026-03-16 13:30:00+00:00,2026-06-05 20:00:00+00:00,America/New_York,2026-06-07 10:34:55.349024+00:00
ABG,ABG,755,2026-03-16 13:30:00+00:00,2026-06-05 20:00:00+00:00,America/New_York,2026-06-07 10:34:55.376338+00:00
BKU,BKU,755,2026-03-16 13:30:00+00:00,2026-06-05 20:00:00+00:00,America/New_York,2026-06-07 10:34:55.408589+00:00
ITRI,ITRI,755,2026-03-16 13:30:00+00:00,2026-06-05 20:00:00+00:00,America/New_York,2026-06-07 10:34:55.407489+00:00
VEON,VEON,732,2026-03-16 13:30:00+00:00,2026-06-05 20:00:00+00:00,America/New_York,2026-06-07 10:34:55.549280+00:00
SXI,SXI,752,2026-03-16 13:30:00+00:00,2026-06-05 20:00:00+00:00,America/New_York,2026-06-07 10:34:55.629167+00:00
BTE,BTE,755,2026-03-16 13:30:00+00:00,2026-06-05 20:00:00+00:00,America/New_York,2026-06-07 10:34:55.560803+00:00
RDW,RDW,755,2026-03-16 13:30:00+00:00,2026-06-05 20:00:00+00:00,America/New_York,2026-06-07 10:34:55.547762+00:00
OGN,OGN,755,2026-03-16 13:30:00+00:00,2026-06-05 20:00:00+00:00,America/New_York,2026-06-07 10:34:55.800720+00:00
HAFN,HAFN,755,2026-03-16 13:30:00+00:00,2026-06-05 20:00:00+00:00,America/New_York,2026-06-07 10:34:55.686939+00:00
ARCB,ARCB,755,2026-03-16 13:30:00+00:00,2026-06-05 20:00:00+00:00,America/New_York,2026-06-07 10:34:55.856290+00:00
NP,NP,755,2026-03-16 13:30:00+00:00,2026-06-05 20:00:00+00:00,America/New_York,2026-06-07 10:34:55.687447+00:00
BBWI,BBWI,755,2026-03-16 13:30:00+00:00,2026-06-05 20:00:00+00:00,America/New_York,2026-06-07 10:34:55.855290+00:00
IRTC,IRTC,755,2026-03-16 13:30:00+00:00,2026-06-05 20:00:00+00:00,America/New_York,2026-06-07 10:34:56.000072+00:00
AGO,AGO,755,2026-03-16 13:30:00+00:00,2026-06-05 20:00:00+00:00,America/New_York,2026-06-07 10:34:55.982457+00:00
STUB,STUB,755,2026-03-16 13:30:00+00:00,2026-06-05 20:00:00+00:00,America/New_York,2026-06-07 10:34:56.033155+00:00
MCHB,MCHB,755,2026-03-16 13:30:00+00:00,2026-06-05 20:00:00+00:00,America/New_York,2026-06-07 10:34:56.098676+00:00
KAI,KAI,755,2026-03-16 13:30:00+00:00,2026-06-05 20:00:00+00:00,America/New_York,2026-06-07 10:34:56.124757+00:00
SUNC,SUNC,755,2026-03-16 13:30:00+00:00,2026-06-05 20:00:00+00:00,America/New_York,2026-06-07 10:34:56.181355+00:00
AVA,AVA,755,2026-03-16 13:30:00+00:00,2026-06-05 20:00:00+00:00,America/New_York,2026-06-07 10:34:56.153277+00:00
PTRN,PTRN,755,2026-03-16 13:30:00+00:00,2026-06-05 20:00:00+00:00,America/New_York,2026-06-07 10:34:56.221490+00:00
GPGI,GPGI,755,2026-03-16 13:30:00+00:00,2026-06-05 20:00:00+00:00,America/New_York,2026-06-07 10:34:56.268607+00:00
BFAM,BFAM,755,2026-03-16 13:30:00+00:00,2026-06-05 20:00:00+00:00,America/New_York,2026-06-07 10:34:56.317246+00:00
NSIT,NSIT,755,2026-03-16 13:30:00+00:00,2026-06-05 20:00:00+00:00,America/New_York,2026-06-07 10:34:56.316238+00:00
HIMX,HIMX,755,2026-03-16 13:30:00+00:00,2026-06-05 20:00:00+00:00,America/New_York,2026-06-07 10:34:56.371790+00:00
BTU,BTU,755,2026-03-16 13:30:00+00:00,2026-06-05 20:00:00+00:00,America/New_York,2026-06-07 10:34:56.417353+00:00
MSGE,MSGE,755,2026-03-16 13:30:00+00:00,2026-06-05 20:00:00+00:00,America/New_York,2026-06-07 10:34:56.490661+00:00
FIZZ,FIZZ,755,2026-03-16 13:30:00+00:00,2026-06-05 20:00:00+00:00,America/New_York,2026-06-07 10:34:56.549901+00:00
ANF,ANF,755,2026-03-16 13:30:00+00:00,2026-06-05 20:00:00+00:00,America/New_York,2026-06-07 10:34:56.795780+00:00
SKYW,SKYW,755,2026-03-16 13:30:00+00:00,2026-06-05 20:00:00+00:00,America/New_York,2026-06-07 10:34:56.679667+00:00
AAP,AAP,755,2026-03-16 13:30:00+00:00,2026-06-05 20:00:00+00:00,America/New_York,2026-06-07 10:34:56.679667+00:00
GBDC,GBDC,755,2026-03-16 13:30:00+00:00,2026-06-05 20:00:00+00:00,America/New_York,2026-06-07 10:34:56.748427+00:00
FHB,FHB,755,2026-03-16 13:30:00+00:00,2026-06-05 20:00:00+00:00,America/New_York,2026-06-07 10:34:56.845975+00:00
CRNX,CRNX,755,2026-03-16 13:30:00+00:00,2026-06-05 20:00:00+00:00,America/New_York,2026-06-07 10:34:56.936039+00:00
UNFI,UNFI,755,2026-03-16 13:30:00+00:00,2026-06-05 20:00:00+00:00,America/New_York,2026-06-07 10:34:56.905450+00:00
ICUI,ICUI,755,2026-03-16 13:30:00+00:00,2026-06-05 20:00:00+00:00,America/New_York,2026-06-07 10:34:56.969785+00:00
JOYY,JOYY,755,2026-03-16 13:30:00+00:00,2026-06-05 20:00:00+00:00,America/New_York,2026-06-07 10:34:57.222251+00:00
CBU,CBU,755,2026-03-16 13:30:00+00:00,2026-06-05 20:00:00+00:00,America/New_York,2026-06-07 10:34:57.271418+00:00
GEO,GEO,755,2026-03-16 13:30:00+00:00,2026-06-05 20:00:00+00:00,America/New_York,2026-06-07 10:34:57.318350+00:00
NHI,NHI,755,2026-03-16 13:30:00+00:00,2026-06-05 20:00:00+00:00,America/New_York,2026-06-07 10:34:57.423948+00:00
GNW,GNW,755,2026-03-16 13:30:00+00:00,2026-06-05 20:00:00+00:00,America/New_York,2026-06-07 10:34:57.344473+00:00
SMG,SMG,755,2026-03-16 13:30:00+00:00,2026-06-05 20:00:00+00:00,America/New_York,2026-06-07 10:34:57.344979+00:00
HAE,HAE,755,2026-03-16 13:30:00+00:00,2026-06-05 20:00:00+00:00,America/New_York,2026-06-07 10:34:57.451147+00:00
CVI,CVI,755,2026-03-16 13:30:00+00:00,2026-06-05 20:00:00+00:00,America/New_York,2026-06-07 10:34:57.476819+00:00
ASO,ASO,755,2026-03-16 13:30:00+00:00,2026-06-05 20:00:00+00:00,America/New_York,2026-06-07 10:34:57.531025+00:00
DLO,DLO,755,2026-03-16 13:30:00+00:00,2026-06-05 20:00:00+00:00,America/New_York,2026-06-07 10:34:57.624229+00:00
NNNN,NNNN,442,2026-03-16 15:00:00+00:00,2026-06-05 20:00:00+00:00,America/New_York,2026-06-07 10:34:57.720419+00:00
DAVE,DAVE,755,2026-03-16 13:30:00+00:00,2026-06-05 20:00:00+00:00,America/New_York,2026-06-07 10:34:57.696025+00:00
WSBC,WSBC,755,2026-03-16 13:30:00+00:00,2026-06-05 20:00:00+00:00,America/New_York,2026-06-07 10:34:57.769713+00:00
CLBT,CLBT,755,2026-03-16 13:30:00+00:00,2026-06-05 20:00:00+00:00,America/New_York,2026-06-07 10:34:57.746570+00:00
SIG,SIG,755,2026-03-16 13:30:00+00:00,2026-06-05 20:00:00+00:00,America/New_York,2026-06-07 10:34:57.802905+00:00
MMS,MMS,755,2026-03-16 13:30:00+00:00,2026-06-05 20:00:00+00:00,America/New_York,2026-06-07 10:34:57.836135+00:00
ARIS,ARIS,755,2026-03-16 13:30:00+00:00,2026-06-05 20:00:00+00:00,America/New_York,2026-06-07 10:34:57.882504+00:00
RUM,RUM,755,2026-03-16 13:30:00+00:00,2026-06-05 20:00:00+00:00,America/New_York,2026-06-07 10:34:57.882504+00:00
CHEF,CHEF,755,2026-03-16 13:30:00+00:00,2026-06-05 20:00:00+00:00,America/New_York,2026-06-07 10:34:57.964475+00:00
KBH,KBH,755,2026-03-16 13:30:00+00:00,2026-06-05 20:00:00+00:00,America/New_York,2026-06-07 10:34:57.965479+00:00
VKTX,VKTX,755,2026-03-16 13:30:00+00:00,2026-06-05 20:00:00+00:00,America/New_York,2026-06-07 10:34:58.055299+00:00
COLM,COLM,755,2026-03-16 13:30:00+00:00,2026-06-05 20:00:00+00:00,America/New_York,2026-06-07 10:34:58.056302+00:00
OSIS,OSIS,752,2026-03-16 13:30:00+00:00,2026-06-05 20:00:00+00:00,America/New_York,2026-06-07 10:34:58.205027+00:00
CAKE,CAKE,755,2026-03-16 13:30:00+00:00,2026-06-05 20:00:00+00:00,America/New_York,2026-06-07 10:34:58.183383+00:00
INOD,INOD,755,2026-03-16 13:30:00+00:00,2026-06-05 20:00:00+00:00,America/New_York,2026-06-07 10:34:58.273596+00:00
NATL,NATL,755,2026-03-16 13:30:00+00:00,2026-06-05 20:00:00+00:00,America/New_York,2026-06-07 10:34:58.301154+00:00
CON,CON,755,2026-03-16 13:30:00+00:00,2026-06-05 20:00:00+00:00,America/New_York,2026-06-07 10:34:58.335328+00:00
HWKN,HWKN,747,2026-03-16 13:30:00+00:00,2026-06-05 20:00:00+00:00,America/New_York,2026-06-07 10:34:58.433187+00:00
GEF,GEF,755,2026-03-16 13:30:00+00:00,2026-06-05 20:00:00+00:00,America/New_York,2026-06-07 10:34:58.360400+00:00
FUL,FUL,755,2026-03-16 13:30:00+00:00,2026-06-05 20:00:00+00:00,America/New_York,2026-06-07 10:34:58.552594+00:00
ITGR,ITGR,755,2026-03-16 13:30:00+00:00,2026-06-05 20:00:00+00:00,America/New_York,2026-06-07 10:34:58.666623+00:00
FFBC,FFBC,755,2026-03-16 13:30:00+00:00,2026-06-05 20:00:00+00:00,America/New_York,2026-06-07 10:34:58.602750+00:00
ARX,ARX,755,2026-03-16 13:30:00+00:00,2026-06-05 20:00:00+00:00,America/New_York,2026-06-07 10:34:58.741418+00:00
NG,NG,755,2026-03-16 13:30:00+00:00,2026-06-05 20:00:00+00:00,America/New_York,2026-06-07 10:34:58.802664+00:00
OPCH,OPCH,755,2026-03-16 13:30:00+00:00,2026-06-05 20:00:00+00:00,America/New_York,2026-06-07 10:34:58.842875+00:00
SHOO,SHOO,755,2026-03-16 13:30:00+00:00,2026-06-05 20:00:00+00:00,America/New_York,2026-06-07 10:34:58.940922+00:00
VC,VC,755,2026-03-16 13:30:00+00:00,2026-06-05 20:00:00+00:00,America/New_York,2026-06-07 10:34:58.918285+00:00
TDC,TDC,755,2026-03-16 13:30:00+00:00,2026-06-05 20:00:00+00:00,America/New_York,2026-06-07 10:34:59.124380+00:00
LEU,LEU,755,2026-03-16 13:30:00+00:00,2026-06-05 20:00:00+00:00,America/New_York,2026-06-07 10:34:59.176587+00:00
SII,SII,755,2026-03-16 13:30:00+00:00,2026-06-05 20:00:00+00:00,America/New_York,2026-06-07 10:34:59.354393+00:00
KYIV,KYIV,755,2026-03-16 13:30:00+00:00,2026-06-05 20:00:00+00:00,America/New_York,2026-06-07 10:34:59.304133+00:00
KN,KN,755,2026-03-16 13:30:00+00:00,2026-06-05 20:00:00+00:00,America/New_York,2026-06-07 10:34:59.223635+00:00
ADEA,ADEA,755,2026-03-16 13:30:00+00:00,2026-06-05 20:00:00+00:00,America/New_York,2026-06-07 10:34:59.305131+00:00
SKE,SKE,755,2026-03-16 13:30:00+00:00,2026-06-05 20:00:00+00:00,America/New_York,2026-06-07 10:34:59.421601+00:00
RHI,RHI,755,2026-03-16 13:30:00+00:00,2026-06-05 20:00:00+00:00,America/New_York,2026-06-07 10:34:59.470862+00:00
SA,SA,755,2026-03-16 13:30:00+00:00,2026-06-05 20:00:00+00:00,America/New_York,2026-06-07 10:34:59.532304+00:00
TOWN,TOWN,755,2026-03-16 13:30:00+00:00,2026-06-05 20:00:00+00:00,America/New_York,2026-06-07 10:34:59.590792+00:00
INFQ,INFQ,755,2026-03-16 13:30:00+00:00,2026-06-05 20:00:00+00:00,America/New_York,2026-06-07 10:34:59.533304+00:00
ALHC,ALHC,755,2026-03-16 13:30:00+00:00,2026-06-05 20:00:00+00:00,America/New_York,2026-06-07 10:34:59.694067+00:00
AAUC,AAUC,754,2026-03-16 13:30:00+00:00,2026-06-05 20:00:00+00:00,America/New_York,2026-06-07 10:34:59.637784+00:00
TLX,TLX,747,2026-03-16 13:30:00+00:00,2026-06-05 20:00:00+00:00,America/New_York,2026-06-07 10:34:59.637784+00:00
PPLI,PPLI,27,2026-06-04 13:30:00+00:00,2026-06-05 20:00:00+00:00,America/New_York,2026-06-07 10:34:59.849554+00:00
PENG,PENG,755,2026-03-16 13:30:00+00:00,2026-06-05 20:00:00+00:00,America/New_York,2026-06-07 10:34:59.769029+00:00
PRK,PRK,719,2026-03-16 13:30:00+00:00,2026-06-05 20:00:00+00:00,America/New_York,2026-06-07 10:34:59.810645+00:00
GPK,GPK,755,2026-03-16 13:30:00+00:00,2026-06-05 20:00:00+00:00,America/New_York,2026-06-07 10:34:59.933743+00:00
AVNT,AVNT,755,2026-03-16 13:30:00+00:00,2026-06-05 20:00:00+00:00,America/New_York,2026-06-07 10:34:59.997928+00:00
SOUN,SOUN,755,2026-03-16 13:30:00+00:00,2026-06-05 20:00:00+00:00,America/New_York,2026-06-07 10:35:00.025030+00:00
ETOR,ETOR,755,2026-03-16 13:30:00+00:00,2026-06-05 20:00:00+00:00,America/New_York,2026-06-07 10:35:00.079635+00:00
BATRK,BATRK,755,2026-03-16 13:30:00+00:00,2026-06-05 20:00:00+00:00,America/New_York,2026-06-07 10:35:00.056596+00:00
SBLK,SBLK,755,2026-03-16 13:30:00+00:00,2026-06-05 20:00:00+00:00,America/New_York,2026-06-07 10:34:59.974393+00:00
CWK,CWK,755,2026-03-16 13:30:00+00:00,2026-06-05 20:00:00+00:00,America/New_York,2026-06-07 10:35:00.138335+00:00
AEHR,AEHR,755,2026-03-16 13:30:00+00:00,2026-06-05 20:00:00+00:00,America/New_York,2026-06-07 10:35:00.104743+00:00
KEEL,KEEL,573,2026-04-06 13:30:00+00:00,2026-06-05 20:00:00+00:00,America/New_York,2026-06-07 10:35:00.301999+00:00
FOUR,FOUR,755,2026-03-16 13:30:00+00:00,2026-06-05 20:00:00+00:00,America/New_York,2026-06-07 10:35:00.260352+00:00
RUN,RUN,755,2026-03-16 13:30:00+00:00,2026-06-05 20:00:00+00:00,America/New_York,2026-06-07 10:35:00.381887+00:00
LXP,LXP,755,2026-03-16 13:30:00+00:00,2026-06-05 20:00:00+00:00,America/New_York,2026-06-07 10:35:00.352318+00:00
CURB,CURB,755,2026-03-16 13:30:00+00:00,2026-06-05 20:00:00+00:00,America/New_York,2026-06-07 10:35:00.406950+00:00
HG,HG,755,2026-03-16 13:30:00+00:00,2026-06-05 20:00:00+00:00,America/New_York,2026-06-07 10:35:00.477115+00:00
CC,CC,755,2026-03-16 13:30:00+00:00,2026-06-05 20:00:00+00:00,America/New_York,2026-06-07 10:35:00.476101+00:00
TENB,TENB,755,2026-03-16 13:30:00+00:00,2026-06-05 20:00:00+00:00,America/New_York,2026-06-07 10:35:00.533236+00:00
BXMT,BXMT,755,2026-03-16 13:30:00+00:00,2026-06-05 20:00:00+00:00,America/New_York,2026-06-07 10:35:00.428999+00:00
VAC,VAC,755,2026-03-16 13:30:00+00:00,2026-06-05 20:00:00+00:00,America/New_York,2026-06-07 10:35:00.612752+00:00
CRVL,CRVL,755,2026-03-16 13:30:00+00:00,2026-06-05 20:00:00+00:00,America/New_York,2026-06-07 10:35:00.643815+00:00
SFNC,SFNC,755,2026-03-16 13:30:00+00:00,2026-06-05 20:00:00+00:00,America/New_York,2026-06-07 10:35:00.642816+00:00
BOH,BOH,755,2026-03-16 13:30:00+00:00,2026-06-05 20:00:00+00:00,America/New_York,2026-06-07 10:35:00.727309+00:00
HIW,HIW,755,2026-03-16 13:30:00+00:00,2026-06-05 20:00:00+00:00,America/New_York,2026-06-07 10:35:00.756897+00:00
AWR,AWR,755,2026-03-16 13:30:00+00:00,2026-06-05 20:00:00+00:00,America/New_York,2026-06-07 10:35:00.807449+00:00
BWLP,BWLP,755,2026-03-16 13:30:00+00:00,2026-06-05 20:00:00+00:00,America/New_York,2026-06-07 10:35:00.844566+00:00
CLMT,CLMT,755,2026-03-16 13:30:00+00:00,2026-06-05 20:00:00+00:00,America/New_York,2026-06-07 10:35:00.998087+00:00
HAYW,HAYW,755,2026-03-16 13:30:00+00:00,2026-06-05 20:00:00+00:00,America/New_York,2026-06-07 10:35:00.917820+00:00
CGAU,CGAU,755,2026-03-16 13:30:00+00:00,2026-06-05 20:00:00+00:00,America/New_York,2026-06-07 10:35:00.870148+00:00
DNLI,DNLI,755,2026-03-16 13:30:00+00:00,2026-06-05 20:00:00+00:00,America/New_York,2026-06-07 10:35:00.964864+00:00
ZIM,ZIM,755,2026-03-16 13:30:00+00:00,2026-06-05 20:00:00+00:00,America/New_York,2026-06-07 10:35:01.097218+00:00
AKR,AKR,755,2026-03-16 13:30:00+00:00,2026-06-05 20:00:00+00:00,America/New_York,2026-06-07 10:35:01.074356+00:00
ATRO,ATRO,755,2026-03-16 13:30:00+00:00,2026-06-05 20:00:00+00:00,America/New_York,2026-06-07 10:35:01.027655+00:00
GPOR,GPOR,755,2026-03-16 13:30:00+00:00,2026-06-05 20:00:00+00:00,America/New_York,2026-06-07 10:35:01.155568+00:00
UE,UE,755,2026-03-16 13:30:00+00:00,2026-06-05 20:00:00+00:00,America/New_York,2026-06-07 10:35:01.255571+00:00
PHIN,PHIN,755,2026-03-16 13:30:00+00:00,2026-06-05 20:00:00+00:00,America/New_York,2026-06-07 10:35:01.327893+00:00
EXPO,EXPO,755,2026-03-16 13:30:00+00:00,2026-06-05 20:00:00+00:00,America/New_York,2026-06-07 10:35:01.289159+00:00
BHE,BHE,755,2026-03-16 13:30:00+00:00,2026-06-05 20:00:00+00:00,America/New_York,2026-06-07 10:35:01.351457+00:00
APAM,APAM,755,2026-03-16 13:30:00+00:00,2026-06-05 20:00:00+00:00,America/New_York,2026-06-07 10:35:01.435249+00:00
GRBK,GRBK,755,2026-03-16 13:30:00+00:00,2026-06-05 20:00:00+00:00,America/New_York,2026-06-07 10:35:01.403862+00:00
FSK,FSK,755,2026-03-16 13:30:00+00:00,2026-06-05 20:00:00+00:00,America/New_York,2026-06-07 10:35:01.469837+00:00
USLM,USLM,736,2026-03-16 13:30:00+00:00,2026-06-05 20:00:00+00:00,America/New_York,2026-06-07 10:35:01.504753+00:00
MPT,MPT,755,2026-03-16 13:30:00+00:00,2026-06-05 20:00:00+00:00,America/New_York,2026-06-07 10:35:01.570765+00:00
HSAI,HSAI,755,2026-03-16 13:30:00+00:00,2026-06-05 20:00:00+00:00,America/New_York,2026-06-07 10:35:01.713850+00:00
NHC,NHC,748,2026-03-16 13:30:00+00:00,2026-06-05 20:00:00+00:00,America/New_York,2026-06-07 10:35:01.787314+00:00
BEAM,BEAM,755,2026-03-16 13:30:00+00:00,2026-06-05 20:00:00+00:00,America/New_York,2026-06-07 10:35:01.663471+00:00
VTMX,VTMX,742,2026-03-16 13:30:00+00:00,2026-06-05 20:00:00+00:00,America/New_York,2026-06-07 10:35:01.850544+00:00
BANC,BANC,755,2026-03-16 13:30:00+00:00,2026-06-05 20:00:00+00:00,America/New_York,2026-06-07 10:35:01.898462+00:00
CTRI,CTRI,755,2026-03-16 13:30:00+00:00,2026-06-05 20:00:00+00:00,America/New_York,2026-06-07 10:35:01.994112+00:00
ELF,ELF,755,2026-03-16 13:30:00+00:00,2026-06-05 20:00:00+00:00,America/New_York,2026-06-07 10:35:02.036333+00:00
NIC,NIC,748,2026-03-16 13:30:00+00:00,2026-06-05 20:00:00+00:00,America/New_York,2026-06-07 10:35:02.076282+00:00
MZTI,MZTI,755,2026-03-16 13:30:00+00:00,2026-06-05 20:00:00+00:00,America/New_York,2026-06-07 10:35:02.103326+00:00
SBCF,SBCF,755,2026-03-16 13:30:00+00:00,2026-06-05 20:00:00+00:00,America/New_York,2026-06-07 10:35:02.182017+00:00
DBRG,DBRG,755,2026-03-16 13:30:00+00:00,2026-06-05 20:00:00+00:00,America/New_York,2026-06-07 10:35:02.232634+00:00
BKD,BKD,755,2026-03-16 13:30:00+00:00,2026-06-05 20:00:00+00:00,America/New_York,2026-06-07 10:35:02.231635+00:00
BULL,BULL,755,2026-03-16 13:30:00+00:00,2026-06-05 20:00:00+00:00,America/New_York,2026-06-07 10:35:02.390741+00:00
PFS,PFS,755,2026-03-16 13:30:00+00:00,2026-06-05 20:00:00+00:00,America/New_York,2026-06-07 10:35:02.354430+00:00
IPAR,IPAR,755,2026-03-16 13:30:00+00:00,2026-06-05 20:00:00+00:00,America/New_York,2026-06-07 10:35:02.478007+00:00
CPK,CPK,751,2026-03-16 13:30:00+00:00,2026-06-05 20:00:00+00:00,America/New_York,2026-06-07 10:35:02.391740+00:00
WIX,WIX,755,2026-03-16 13:30:00+00:00,2026-06-05 20:00:00+00:00,America/New_York,2026-06-07 10:35:02.507619+00:00
NN,NN,755,2026-03-16 13:30:00+00:00,2026-06-05 20:00:00+00:00,America/New_York,2026-06-07 10:35:02.625804+00:00
PLMR,PLMR,754,2026-03-16 13:30:00+00:00,2026-06-05 20:00:00+00:00,America/New_York,2026-06-07 10:35:02.626803+00:00
UPST,UPST,755,2026-03-16 13:30:00+00:00,2026-06-05 20:00:00+00:00,America/New_York,2026-06-07 10:35:02.592449+00:00
NTCT,NTCT,755,2026-03-16 13:30:00+00:00,2026-06-05 20:00:00+00:00,America/New_York,2026-06-07 10:35:02.707322+00:00
RLAY,RLAY,755,2026-03-16 13:30:00+00:00,2026-06-05 20:00:00+00:00,America/New_York,2026-06-07 10:35:02.755504+00:00
TTAM,TTAM,755,2026-03-16 13:30:00+00:00,2026-06-05 20:00:00+00:00,America/New_York,2026-06-07 10:35:02.815886+00:00
DK,DK,755,2026-03-16 13:30:00+00:00,2026-06-05 20:00:00+00:00,America/New_York,2026-06-07 10:35:02.847482+00:00
TNGX,TNGX,755,2026-03-16 13:30:00+00:00,2026-06-05 20:00:00+00:00,America/New_York,2026-06-07 10:35:02.932157+00:00
TR,TR,751,2026-03-16 13:30:00+00:00,2026-06-05 20:00:00+00:00,America/New_York,2026-06-07 10:35:03.060583+00:00
LFST,LFST,755,2026-03-16 13:30:00+00:00,2026-06-05 20:00:00+00:00,America/New_York,2026-06-07 10:35:03.001824+00:00
RCUS,RCUS,755,2026-03-16 13:30:00+00:00,2026-06-05 20:00:00+00:00,America/New_York,2026-06-07 10:35:03.103378+00:00
FBK,FBK,755,2026-03-16 13:30:00+00:00,2026-06-05 20:00:00+00:00,America/New_York,2026-06-07 10:35:03.182869+00:00
QTWO,QTWO,755,2026-03-16 13:30:00+00:00,2026-06-05 20:00:00+00:00,America/New_York,2026-06-07 10:35:03.274040+00:00
KALU,KALU,752,2026-03-16 13:30:00+00:00,2026-06-05 20:00:00+00:00,America/New_York,2026-06-07 10:35:03.227582+00:00
WOR,WOR,753,2026-03-16 13:30:00+00:00,2026-06-05 20:00:00+00:00,America/New_York,2026-06-07 10:35:03.336874+00:00
BGSI,BGSI,686,2026-03-16 13:30:00+00:00,2026-06-05 20:00:00+00:00,America/New_York,2026-06-07 10:35:03.251785+00:00
TRMD,TRMD,755,2026-03-16 13:30:00+00:00,2026-06-05 20:00:00+00:00,America/New_York,2026-06-07 10:35:03.313281+00:00
BWIN,BWIN,755,2026-03-16 13:30:00+00:00,2026-06-05 20:00:00+00:00,America/New_York,2026-06-07 10:35:03.369002+00:00
EFXT,EFXT,755,2026-03-16 13:30:00+00:00,2026-06-05 20:00:00+00:00,America/New_York,2026-06-07 10:35:03.405139+00:00
PATK,PATK,755,2026-03-16 13:30:00+00:00,2026-06-05 20:00:00+00:00,America/New_York,2026-06-07 10:35:03.438477+00:00
DBD,DBD,755,2026-03-16 13:30:00+00:00,2026-06-05 20:00:00+00:00,America/New_York,2026-06-07 10:35:03.512875+00:00
CCC,CCC,755,2026-03-16 13:30:00+00:00,2026-06-05 20:00:00+00:00,America/New_York,2026-06-07 10:35:03.489279+00:00
PK,PK,755,2026-03-16 13:30:00+00:00,2026-06-05 20:00:00+00:00,America/New_York,2026-06-07 10:35:03.549137+00:00
BKV,BKV,755,2026-03-16 13:30:00+00:00,2026-06-05 20:00:00+00:00,America/New_York,2026-06-07 10:35:03.612071+00:00
HTGC,HTGC,755,2026-03-16 13:30:00+00:00,2026-06-05 20:00:00+00:00,America/New_York,2026-06-07 10:35:03.612071+00:00
OLN,OLN,755,2026-03-16 13:30:00+00:00,2026-06-05 20:00:00+00:00,America/New_York,2026-06-07 10:35:03.749120+00:00
AEO,AEO,755,2026-03-16 13:30:00+00:00,2026-06-05 20:00:00+00:00,America/New_York,2026-06-07 10:35:03.885695+00:00
PARR,PARR,755,2026-03-16 13:30:00+00:00,2026-06-05 20:00:00+00:00,America/New_York,2026-06-07 10:35:03.857132+00:00
UNIT,UNIT,755,2026-03-16 13:30:00+00:00,2026-06-05 20:00:00+00:00,America/New_York,2026-06-07 10:35:03.910167+00:00
WT,WT,755,2026-03-16 13:30:00+00:00,2026-06-05 20:00:00+00:00,America/New_York,2026-06-07 10:35:03.910167+00:00
NMIH,NMIH,755,2026-03-16 13:30:00+00:00,2026-06-05 20:00:00+00:00,America/New_York,2026-06-07 10:35:03.972493+00:00
DX,DX,755,2026-03-16 13:30:00+00:00,2026-06-05 20:00:00+00:00,America/New_York,2026-06-07 10:35:04.042856+00:00
IHS,IHS,755,2026-03-16 13:30:00+00:00,2026-06-05 20:00:00+00:00,America/New_York,2026-06-07 10:35:04.074419+00:00
WRBY,WRBY,755,2026-03-16 13:30:00+00:00,2026-06-05 20:00:00+00:00,America/New_York,2026-06-07 10:35:04.156699+00:00
FA,FA,755,2026-03-16 13:30:00+00:00,2026-06-05 20:00:00+00:00,America/New_York,2026-06-07 10:35:04.210185+00:00
MGEE,MGEE,755,2026-03-16 13:30:00+00:00,2026-06-05 20:00:00+00:00,America/New_York,2026-06-07 10:35:04.258429+00:00
PPTA,PPTA,755,2026-03-16 13:30:00+00:00,2026-06-05 20:00:00+00:00,America/New_York,2026-06-07 10:35:04.351558+00:00
SDRL,SDRL,755,2026-03-16 13:30:00+00:00,2026-06-05 20:00:00+00:00,America/New_York,2026-06-07 10:35:04.324331+00:00
DYN,DYN,755,2026-03-16 13:30:00+00:00,2026-06-05 20:00:00+00:00,America/New_York,2026-06-07 10:35:04.380899+00:00
WDFC,WDFC,739,2026-03-16 13:30:00+00:00,2026-06-05 20:00:00+00:00,America/New_York,2026-06-07 10:35:04.463672+00:00
FSM,FSM,755,2026-03-16 13:30:00+00:00,2026-06-05 20:00:00+00:00,America/New_York,2026-06-07 10:35:04.382109+00:00
WK,WK,755,2026-03-16 13:30:00+00:00,2026-06-05 20:00:00+00:00,America/New_York,2026-06-07 10:35:04.427279+00:00
RH,RH,755,2026-03-16 13:30:00+00:00,2026-06-05 20:00:00+00:00,America/New_York,2026-06-07 10:35:04.520556+00:00
AMBA,AMBA,755,2026-03-16 13:30:00+00:00,2026-06-05 20:00:00+00:00,America/New_York,2026-06-07 10:35:04.674769+00:00
FSLY,FSLY,755,2026-03-16 13:30:00+00:00,2026-06-05 20:00:00+00:00,America/New_York,2026-06-07 10:35:04.628665+00:00
WAFD,WAFD,755,2026-03-16 13:30:00+00:00,2026-06-05 20:00:00+00:00,America/New_York,2026-06-07 10:35:04.730551+00:00
CWT,CWT,755,2026-03-16 13:30:00+00:00,2026-06-05 20:00:00+00:00,America/New_York,2026-06-07 10:35:04.729551+00:00
CHRN,CHRN,300,2026-05-05 13:30:00+00:00,2026-06-05 20:00:00+00:00,America/New_York,2026-06-07 10:35:04.836649+00:00
DNN,DNN,755,2026-03-16 13:30:00+00:00,2026-06-05 20:00:00+00:00,America/New_York,2026-06-07 10:35:04.701452+00:00
CALY,CALY,755,2026-03-16 13:30:00+00:00,2026-06-05 20:00:00+00:00,America/New_York,2026-06-07 10:35:04.787066+00:00
ATKR,ATKR,755,2026-03-16 13:30:00+00:00,2026-06-05 20:00:00+00:00,America/New_York,2026-06-07 10:35:04.871273+00:00
FRSH,FRSH,755,2026-03-16 13:30:00+00:00,2026-06-05 20:00:00+00:00,America/New_York,2026-06-07 10:35:04.919728+00:00
ADPT,ADPT,755,2026-03-16 13:30:00+00:00,2026-06-05 20:00:00+00:00,America/New_York,2026-06-07 10:35:04.956093+00:00
AMPX,AMPX,755,2026-03-16 13:30:00+00:00,2026-06-05 20:00:00+00:00,America/New_York,2026-06-07 10:35:05.000369+00:00
NMRK,NMRK,755,2026-03-16 13:30:00+00:00,2026-06-05 20:00:00+00:00,America/New_York,2026-06-07 10:35:05.115304+00:00
VVX,VVX,755,2026-03-16 13:30:00+00:00,2026-06-05 20:00:00+00:00,America/New_York,2026-06-07 10:35:05.186645+00:00
ERO,ERO,755,2026-03-16 13:30:00+00:00,2026-06-05 20:00:00+00:00,America/New_York,2026-06-07 10:35:05.264587+00:00
HLIO,HLIO,755,2026-03-16 13:30:00+00:00,2026-06-05 20:00:00+00:00,America/New_York,2026-06-07 10:35:05.153310+00:00
KD,KD,755,2026-03-16 13:30:00+00:00,2026-06-05 20:00:00+00:00,America/New_York,2026-06-07 10:35:05.230904+00:00
DHT,DHT,755,2026-03-16 13:30:00+00:00,2026-06-05 20:00:00+00:00,America/New_York,2026-06-07 10:35:05.327323+00:00
GPCR,GPCR,755,2026-03-16 13:30:00+00:00,2026-06-05 20:00:00+00:00,America/New_York,2026-06-07 10:35:05.352944+00:00
MGRC,MGRC,752,2026-03-16 13:30:00+00:00,2026-06-05 20:00:00+00:00,America/New_York,2026-06-07 10:35:05.289000+00:00
PRVA,PRVA,755,2026-03-16 13:30:00+00:00,2026-06-05 20:00:00+00:00,America/New_York,2026-06-07 10:35:05.427372+00:00
WOLF,WOLF,755,2026-03-16 13:30:00+00:00,2026-06-05 20:00:00+00:00,America/New_York,2026-06-07 10:35:05.387703+00:00
ATS,ATS,751,2026-03-16 13:30:00+00:00,2026-06-05 20:00:00+00:00,America/New_York,2026-06-07 10:35:05.469005+00:00
TRMK,TRMK,755,2026-03-16 13:30:00+00:00,2026-06-05 20:00:00+00:00,America/New_York,2026-06-07 10:35:05.516918+00:00
AAMI,AAMI,755,2026-03-16 13:30:00+00:00,2026-06-05 20:00:00+00:00,America/New_York,2026-06-07 10:35:05.553734+00:00
ARQT,ARQT,755,2026-03-16 13:30:00+00:00,2026-06-05 20:00:00+00:00,America/New_York,2026-06-07 10:35:05.605074+00:00
PAY,PAY,755,2026-03-16 13:30:00+00:00,2026-06-05 20:00:00+00:00,America/New_York,2026-06-07 10:35:05.648236+00:00
FCPT,FCPT,755,2026-03-16 13:30:00+00:00,2026-06-05 20:00:00+00:00,America/New_York,2026-06-07 10:35:05.748096+00:00
HUBG,HUBG,755,2026-03-16 13:30:00+00:00,2026-06-05 20:00:00+00:00,America/New_York,2026-06-07 10:35:05.717850+00:00
TRN,TRN,755,2026-03-16 13:30:00+00:00,2026-06-05 20:00:00+00:00,America/New_York,2026-06-07 10:35:05.675287+00:00
VISN,VISN,755,2026-03-16 13:30:00+00:00,2026-06-05 20:00:00+00:00,America/New_York,2026-06-07 10:35:05.839875+00:00
ABM,ABM,755,2026-03-16 13:30:00+00:00,2026-06-05 20:00:00+00:00,America/New_York,2026-06-07 10:35:05.815275+00:00
WERN,WERN,755,2026-03-16 13:30:00+00:00,2026-06-05 20:00:00+00:00,America/New_York,2026-06-07 10:35:05.906303+00:00
AMR,AMR,755,2026-03-16 13:30:00+00:00,2026-06-05 20:00:00+00:00,America/New_York,2026-06-07 10:35:05.867541+00:00
BRZE,BRZE,755,2026-03-16 13:30:00+00:00,2026-06-05 20:00:00+00:00,America/New_York,2026-06-07 10:35:05.959994+00:00
IVT,IVT,755,2026-03-16 13:30:00+00:00,2026-06-05 20:00:00+00:00,America/New_York,2026-06-07 10:35:06.073582+00:00
SAH,SAH,755,2026-03-16 13:30:00+00:00,2026-06-05 20:00:00+00:00,America/New_York,2026-06-07 10:35:06.025125+00:00
CDNL,CDNL,755,2026-03-16 13:30:00+00:00,2026-06-05 20:00:00+00:00,America/New_York,2026-06-07 10:35:06.109193+00:00
ASH,ASH,755,2026-03-16 13:30:00+00:00,2026-06-05 20:00:00+00:00,America/New_York,2026-06-07 10:35:06.179502+00:00
HOG,HOG,755,2026-03-16 13:30:00+00:00,2026-06-05 20:00:00+00:00,America/New_York,2026-06-07 10:35:06.148450+00:00
SUPN,SUPN,755,2026-03-16 13:30:00+00:00,2026-06-05 20:00:00+00:00,America/New_York,2026-06-07 10:35:06.254006+00:00
DFTX,DFTX,755,2026-03-16 13:30:00+00:00,2026-06-05 20:00:00+00:00,America/New_York,2026-06-07 10:35:06.217679+00:00
GRDN,GRDN,755,2026-03-16 13:30:00+00:00,2026-06-05 20:00:00+00:00,America/New_York,2026-06-07 10:35:06.326825+00:00
PENN,PENN,755,2026-03-16 13:30:00+00:00,2026-06-05 20:00:00+00:00,America/New_York,2026-06-07 10:35:06.380547+00:00
AYA,AYA,311,2026-05-04 14:30:00+00:00,2026-06-05 20:00:00+00:00,America/New_York,2026-06-07 10:35:06.433860+00:00
WHR,WHR,755,2026-03-16 13:30:00+00:00,2026-06-05 20:00:00+00:00,America/New_York,2026-06-07 10:35:06.353438+00:00
STNE,STNE,755,2026-03-16 13:30:00+00:00,2026-06-05 20:00:00+00:00,America/New_York,2026-06-07 10:35:06.570069+00:00
EEFT,EEFT,755,2026-03-16 13:30:00+00:00,2026-06-05 20:00:00+00:00,America/New_York,2026-06-07 10:35:06.549028+00:00
SPNT,SPNT,755,2026-03-16 13:30:00+00:00,2026-06-05 20:00:00+00:00,America/New_York,2026-06-07 10:35:06.460431+00:00
TE,TE,755,2026-03-16 13:30:00+00:00,2026-06-05 20:00:00+00:00,America/New_York,2026-06-07 10:35:06.460431+00:00
TARS,TARS,755,2026-03-16 13:30:00+00:00,2026-06-05 20:00:00+00:00,America/New_York,2026-06-07 10:35:06.621642+00:00
FRME,FRME,755,2026-03-16 13:30:00+00:00,2026-06-05 20:00:00+00:00,America/New_York,2026-06-07 10:35:06.652468+00:00
KLRA,KLRA,450,2026-04-17 13:30:00+00:00,2026-06-05 20:00:00+00:00,America/New_York,2026-06-07 10:35:06.800113+00:00
VNET,VNET,755,2026-03-16 13:30:00+00:00,2026-06-05 20:00:00+00:00,America/New_York,2026-06-07 10:35:06.760140+00:00
IRON,IRON,755,2026-03-16 13:30:00+00:00,2026-06-05 20:00:00+00:00,America/New_York,2026-06-07 10:35:06.887481+00:00
CUBI,CUBI,755,2026-03-16 13:30:00+00:00,2026-06-05 20:00:00+00:00,America/New_York,2026-06-07 10:35:06.969315+00:00
PTON,PTON,755,2026-03-16 13:30:00+00:00,2026-06-05 20:00:00+00:00,America/New_York,2026-06-07 10:35:06.997091+00:00
TNK,TNK,755,2026-03-16 13:30:00+00:00,2026-06-05 20:00:00+00:00,America/New_York,2026-06-07 10:35:07.046744+00:00
INTR,INTR,755,2026-03-16 13:30:00+00:00,2026-06-05 20:00:00+00:00,America/New_York,2026-06-07 10:35:06.926827+00:00
OUST,OUST,755,2026-03-16 13:30:00+00:00,2026-06-05 20:00:00+00:00,America/New_York,2026-06-07 10:35:07.093339+00:00
AGYS,AGYS,755,2026-03-16 13:30:00+00:00,2026-06-05 20:00:00+00:00,America/New_York,2026-06-07 10:35:07.143497+00:00
HUN,HUN,755,2026-03-16 13:30:00+00:00,2026-06-05 20:00:00+00:00,America/New_York,2026-06-07 10:35:07.094340+00:00
IDYA,IDYA,755,2026-03-16 13:30:00+00:00,2026-06-05 20:00:00+00:00,America/New_York,2026-06-07 10:35:07.182684+00:00
KMT,KMT,755,2026-03-16 13:30:00+00:00,2026-06-05 20:00:00+00:00,America/New_York,2026-06-07 10:35:07.257183+00:00
PAGS,PAGS,755,2026-03-16 13:30:00+00:00,2026-06-05 20:00:00+00:00,America/New_York,2026-06-07 10:35:07.315007+00:00
ROG,ROG,753,2026-03-16 13:30:00+00:00,2026-06-05 20:00:00+00:00,America/New_York,2026-06-07 10:35:07.387237+00:00
DGII,DGII,755,2026-03-16 13:30:00+00:00,2026-06-05 20:00:00+00:00,America/New_York,2026-06-07 10:35:07.358267+00:00
ANDE,ANDE,755,2026-03-16 13:30:00+00:00,2026-06-05 20:00:00+00:00,America/New_York,2026-06-07 10:35:07.529832+00:00
VOYG,VOYG,755,2026-03-16 13:30:00+00:00,2026-06-05 20:00:00+00:00,America/New_York,2026-06-07 10:35:07.462968+00:00
DXPE,DXPE,743,2026-03-16 13:30:00+00:00,2026-06-05 20:00:00+00:00,America/New_York,2026-06-07 10:35:07.528835+00:00
CARG,CARG,755,2026-03-16 13:30:00+00:00,2026-06-05 20:00:00+00:00,America/New_York,2026-06-07 10:35:07.501178+00:00
NIQ,NIQ,755,2026-03-16 13:30:00+00:00,2026-06-05 20:00:00+00:00,America/New_York,2026-06-07 10:35:07.644163+00:00
FBNC,FBNC,754,2026-03-16 13:30:00+00:00,2026-06-05 20:00:00+00:00,America/New_York,2026-06-07 10:35:07.671911+00:00
GRAL,GRAL,755,2026-03-16 13:30:00+00:00,2026-06-05 20:00:00+00:00,America/New_York,2026-06-07 10:35:07.671911+00:00
DNOW,DNOW,755,2026-03-16 13:30:00+00:00,2026-06-05 20:00:00+00:00,America/New_York,2026-06-07 10:35:07.728303+00:00
TALO,TALO,755,2026-03-16 13:30:00+00:00,2026-06-05 20:00:00+00:00,America/New_York,2026-06-07 10:35:07.792723+00:00
NYAX,NYAX,370,2026-03-16 13:30:00+00:00,2026-06-05 20:00:00+00:00,America/New_York,2026-06-07 10:35:07.939610+00:00
KWR,KWR,752,2026-03-16 13:30:00+00:00,2026-06-05 20:00:00+00:00,America/New_York,2026-06-07 10:35:07.854875+00:00
FRPT,FRPT,755,2026-03-16 13:30:00+00:00,2026-06-05 20:00:00+00:00,America/New_York,2026-06-07 10:35:07.855885+00:00
OSW,OSW,755,2026-03-16 13:30:00+00:00,2026-06-05 20:00:00+00:00,America/New_York,2026-06-07 10:35:07.879050+00:00
WTTR,WTTR,755,2026-03-16 13:30:00+00:00,2026-06-05 20:00:00+00:00,America/New_York,2026-06-07 10:35:08.196786+00:00
GMRS,GMRS,215,2026-05-13 13:30:00+00:00,2026-06-05 20:00:00+00:00,America/New_York,2026-06-07 10:35:08.333454+00:00
BW,BW,755,2026-03-16 13:30:00+00:00,2026-06-05 20:00:00+00:00,America/New_York,2026-06-07 10:35:08.084065+00:00
BBT,BBT,755,2026-03-16 13:30:00+00:00,2026-06-05 20:00:00+00:00,America/New_York,2026-06-07 10:35:08.392162+00:00
NBTB,NBTB,755,2026-03-16 13:30:00+00:00,2026-06-05 20:00:00+00:00,America/New_York,2026-06-07 10:35:08.394163+00:00
TGB,TGB,755,2026-03-16 13:30:00+00:00,2026-06-05 20:00:00+00:00,America/New_York,2026-06-07 10:35:08.367002+00:00
CALX,CALX,755,2026-03-16 13:30:00+00:00,2026-06-05 20:00:00+00:00,America/New_York,2026-06-07 10:35:08.106836+00:00
ALMS,ALMS,755,2026-03-16 13:30:00+00:00,2026-06-05 20:00:00+00:00,America/New_York,2026-06-07 10:35:08.393164+00:00
HTFL,HTFL,755,2026-03-16 13:30:00+00:00,2026-06-05 20:00:00+00:00,America/New_York,2026-06-07 10:35:08.564229+00:00
NESR,NESR,755,2026-03-16 13:30:00+00:00,2026-06-05 20:00:00+00:00,America/New_York,2026-06-07 10:35:08.495811+00:00
HYMC,HYMC,755,2026-03-16 13:30:00+00:00,2026-06-05 20:00:00+00:00,America/New_York,2026-06-07 10:35:08.727306+00:00
BUSE,BUSE,755,2026-03-16 13:30:00+00:00,2026-06-05 20:00:00+00:00,America/New_York,2026-06-07 10:35:08.818836+00:00
BCC,BCC,755,2026-03-16 13:30:00+00:00,2026-06-05 20:00:00+00:00,America/New_York,2026-06-07 10:35:08.758573+00:00
NGVT,NGVT,755,2026-03-16 13:30:00+00:00,2026-06-05 20:00:00+00:00,America/New_York,2026-06-07 10:35:08.915661+00:00
WU,WU,755,2026-03-16 13:30:00+00:00,2026-06-05 20:00:00+00:00,America/New_York,2026-06-07 10:35:08.851941+00:00
CEPU,CEPU,755,2026-03-16 13:30:00+00:00,2026-06-05 20:00:00+00:00,America/New_York,2026-06-07 10:35:08.792325+00:00
TMDX,TMDX,755,2026-03-16 13:30:00+00:00,2026-06-05 20:00:00+00:00,America/New_York,2026-06-07 10:35:08.981407+00:00
DRH,DRH,755,2026-03-16 13:30:00+00:00,2026-06-05 20:00:00+00:00,America/New_York,2026-06-07 10:35:08.881580+00:00
UTI,UTI,755,2026-03-16 13:30:00+00:00,2026-06-05 20:00:00+00:00,America/New_York,2026-06-07 10:35:08.945745+00:00
MTX,MTX,753,2026-03-16 13:30:00+00:00,2026-06-05 20:00:00+00:00,America/New_York,2026-06-07 10:35:09.260240+00:00
DAC,DAC,737,2026-03-16 13:30:00+00:00,2026-06-05 20:00:00+00:00,America/New_York,2026-06-07 10:35:09.236190+00:00
HAWK,HAWK,270,2026-05-07 13:30:00+00:00,2026-06-05 20:00:00+00:00,America/New_York,2026-06-07 10:35:09.363991+00:00
AMBP,AMBP,755,2026-03-16 13:30:00+00:00,2026-06-05 20:00:00+00:00,America/New_York,2026-06-07 10:35:09.288407+00:00
AERO,AERO,750,2026-03-16 13:30:00+00:00,2026-06-05 20:00:00+00:00,America/New_York,2026-06-07 10:35:09.332358+00:00
HE,HE,755,2026-03-16 13:30:00+00:00,2026-06-05 20:00:00+00:00,America/New_York,2026-06-07 10:35:09.386625+00:00
COHU,COHU,755,2026-03-16 13:30:00+00:00,2026-06-05 20:00:00+00:00,America/New_York,2026-06-07 10:35:09.409201+00:00
SVM,SVM,755,2026-03-16 13:30:00+00:00,2026-06-05 20:00:00+00:00,America/New_York,2026-06-07 10:35:09.420781+00:00
MH,MH,755,2026-03-16 13:30:00+00:00,2026-06-05 20:00:00+00:00,America/New_York,2026-06-07 10:35:09.482749+00:00
EXK,EXK,755,2026-03-16 13:30:00+00:00,2026-06-05 20:00:00+00:00,America/New_York,2026-06-07 10:35:09.538502+00:00
NTB,NTB,755,2026-03-16 13:30:00+00:00,2026-06-05 20:00:00+00:00,America/New_York,2026-06-07 10:35:09.683294+00:00
UAA,UAA,755,2026-03-16 13:30:00+00:00,2026-06-05 20:00:00+00:00,America/New_York,2026-06-07 10:35:09.607054+00:00
CMPR,CMPR,747,2026-03-16 13:30:00+00:00,2026-06-05 20:00:00+00:00,America/New_York,2026-06-07 10:35:09.639123+00:00
BAND,BAND,755,2026-03-16 13:30:00+00:00,2026-06-05 20:00:00+00:00,America/New_York,2026-06-07 10:35:09.777348+00:00
EOSE,EOSE,755,2026-03-16 13:30:00+00:00,2026-06-05 20:00:00+00:00,America/New_York,2026-06-07 10:35:09.900186+00:00
HTO,HTO,755,2026-03-16 13:30:00+00:00,2026-06-05 20:00:00+00:00,America/New_York,2026-06-07 10:35:09.837352+00:00
PBI,PBI,755,2026-03-16 13:30:00+00:00,2026-06-05 20:00:00+00:00,America/New_York,2026-06-07 10:35:10.058078+00:00
TBBK,TBBK,755,2026-03-16 13:30:00+00:00,2026-06-05 20:00:00+00:00,America/New_York,2026-06-07 10:35:10.060076+00:00
DJT,DJT,755,2026-03-16 13:30:00+00:00,2026-06-05 20:00:00+00:00,America/New_York,2026-06-07 10:35:10.027899+00:00
LCII,LCII,755,2026-03-16 13:30:00+00:00,2026-06-05 20:00:00+00:00,America/New_York,2026-06-07 10:35:10.114020+00:00
BKE,BKE,755,2026-03-16 13:30:00+00:00,2026-06-05 20:00:00+00:00,America/New_York,2026-06-07 10:35:09.991675+00:00
AXGN,AXGN,755,2026-03-16 13:30:00+00:00,2026-06-05 20:00:00+00:00,America/New_York,2026-06-07 10:35:10.293019+00:00
WRD,WRD,755,2026-03-16 13:30:00+00:00,2026-06-05 20:00:00+00:00,America/New_York,2026-06-07 10:35:10.311055+00:00
AVPT,AVPT,755,2026-03-16 13:30:00+00:00,2026-06-05 20:00:00+00:00,America/New_York,2026-06-07 10:35:10.260901+00:00
EFSC,EFSC,755,2026-03-16 13:30:00+00:00,2026-06-05 20:00:00+00:00,America/New_York,2026-06-07 10:35:10.610995+00:00
PBH,PBH,755,2026-03-16 13:30:00+00:00,2026-06-05 20:00:00+00:00,America/New_York,2026-06-07 10:35:10.507340+00:00
CXW,CXW,755,2026-03-16 13:30:00+00:00,2026-06-05 20:00:00+00:00,America/New_York,2026-06-07 10:35:10.560835+00:00
ALRM,ALRM,755,2026-03-16 13:30:00+00:00,2026-06-05 20:00:00+00:00,America/New_York,2026-06-07 10:35:10.658294+00:00
DCO,DCO,755,2026-03-16 13:30:00+00:00,2026-06-05 20:00:00+00:00,America/New_York,2026-06-07 10:35:10.728688+00:00
LCLN,LCLN,149,2026-05-20 13:30:00+00:00,2026-06-05 20:00:00+00:00,America/New_York,2026-06-07 10:35:10.775897+00:00
VERA,VERA,755,2026-03-16 13:30:00+00:00,2026-06-05 20:00:00+00:00,America/New_York,2026-06-07 10:35:10.697788+00:00
ALGT,ALGT,755,2026-03-16 13:30:00+00:00,2026-06-05 20:00:00+00:00,America/New_York,2026-06-07 10:35:10.750771+00:00
NEXT,NEXT,755,2026-03-16 13:30:00+00:00,2026-06-05 20:00:00+00:00,America/New_York,2026-06-07 10:35:10.825089+00:00
ACHC,ACHC,755,2026-03-16 13:30:00+00:00,2026-06-05 20:00:00+00:00,America/New_York,2026-06-07 10:35:10.826622+00:00
PCT,PCT,755,2026-03-16 13:30:00+00:00,2026-06-05 20:00:00+00:00,America/New_York,2026-06-07 10:35:10.886860+00:00
CENTA,CENTA,755,2026-03-16 13:30:00+00:00,2026-06-05 20:00:00+00:00,America/New_York,2026-06-07 10:35:10.973133+00:00
MCRI,MCRI,738,2026-03-16 13:30:00+00:00,2026-06-05 20:00:00+00:00,America/New_York,2026-06-07 10:35:11.075051+00:00
RAMP,RAMP,755,2026-03-16 13:30:00+00:00,2026-06-05 20:00:00+00:00,America/New_York,2026-06-07 10:35:11.014458+00:00
WLY,WLY,755,2026-03-16 13:30:00+00:00,2026-06-05 20:00:00+00:00,America/New_York,2026-06-07 10:35:11.113029+00:00
HNI,HNI,755,2026-03-16 13:30:00+00:00,2026-06-05 20:00:00+00:00,America/New_York,2026-06-07 10:35:11.302022+00:00
SHAK,SHAK,755,2026-03-16 13:30:00+00:00,2026-06-05 20:00:00+00:00,America/New_York,2026-06-07 10:35:11.187035+00:00
MLCO,MLCO,755,2026-03-16 13:30:00+00:00,2026-06-05 20:00:00+00:00,America/New_York,2026-06-07 10:35:11.344310+00:00
HTH,HTH,755,2026-03-16 13:30:00+00:00,2026-06-05 20:00:00+00:00,America/New_York,2026-06-07 10:35:11.381974+00:00
QUBT,QUBT,755,2026-03-16 13:30:00+00:00,2026-06-05 20:00:00+00:00,America/New_York,2026-06-07 10:35:11.188591+00:00
CDLR,CDLR,730,2026-03-16 13:30:00+00:00,2026-06-05 20:00:00+00:00,America/New_York,2026-06-07 10:35:11.453747+00:00
BLBD,BLBD,755,2026-03-16 13:30:00+00:00,2026-06-05 20:00:00+00:00,America/New_York,2026-06-07 10:35:11.519075+00:00
CHA,CHA,755,2026-03-16 13:30:00+00:00,2026-06-05 20:00:00+00:00,America/New_York,2026-06-07 10:35:11.579850+00:00
CLDX,CLDX,755,2026-03-16 13:30:00+00:00,2026-06-05 20:00:00+00:00,America/New_York,2026-06-07 10:35:11.607927+00:00
BANR,BANR,753,2026-03-16 13:30:00+00:00,2026-06-05 20:00:00+00:00,America/New_York,2026-06-07 10:35:11.489980+00:00
RNW,RNW,755,2026-03-16 13:30:00+00:00,2026-06-05 20:00:00+00:00,America/New_York,2026-06-07 10:35:11.663748+00:00
CTOS,CTOS,755,2026-03-16 13:30:00+00:00,2026-06-05 20:00:00+00:00,America/New_York,2026-06-07 10:35:11.696114+00:00
MBIN,MBIN,752,2026-03-16 13:30:00+00:00,2026-06-05 20:00:00+00:00,America/New_York,2026-06-07 10:35:11.846464+00:00
NOG,NOG,755,2026-03-16 13:30:00+00:00,2026-06-05 20:00:00+00:00,America/New_York,2026-06-07 10:35:11.771643+00:00
ATEN,ATEN,755,2026-03-16 13:30:00+00:00,2026-06-05 20:00:00+00:00,America/New_York,2026-06-07 10:35:11.747522+00:00
GCMG,GCMG,755,2026-03-16 13:30:00+00:00,2026-06-05 20:00:00+00:00,America/New_York,2026-06-07 10:35:11.806894+00:00
SHO,SHO,755,2026-03-16 13:30:00+00:00,2026-06-05 20:00:00+00:00,America/New_York,2026-06-07 10:35:11.903418+00:00
PLUS,PLUS,752,2026-03-16 13:30:00+00:00,2026-06-05 20:00:00+00:00,America/New_York,2026-06-07 10:35:11.965469+00:00
CPRI,CPRI,755,2026-03-16 13:30:00+00:00,2026-06-05 20:00:00+00:00,America/New_York,2026-06-07 10:35:12.026126+00:00
PHVS,PHVS,751,2026-03-16 13:30:00+00:00,2026-06-05 20:00:00+00:00,America/New_York,2026-06-07 10:35:12.144593+00:00
ICHR,ICHR,755,2026-03-16 13:30:00+00:00,2026-06-05 20:00:00+00:00,America/New_York,2026-06-07 10:35:11.941814+00:00
ESTA,ESTA,755,2026-03-16 13:30:00+00:00,2026-06-05 20:00:00+00:00,America/New_York,2026-06-07 10:35:12.027126+00:00
IMOS,IMOS,736,2026-03-16 13:30:00+00:00,2026-06-05 20:00:00+00:00,America/New_York,2026-06-07 10:35:12.118461+00:00
ATHM,ATHM,755,2026-03-16 13:30:00+00:00,2026-06-05 20:00:00+00:00,America/New_York,2026-06-07 10:35:12.179721+00:00
TNET,TNET,755,2026-03-16 13:30:00+00:00,2026-06-05 20:00:00+00:00,America/New_York,2026-06-07 10:35:12.208324+00:00
PRDO,PRDO,755,2026-03-16 13:30:00+00:00,2026-06-05 20:00:00+00:00,America/New_York,2026-06-07 10:35:12.268176+00:00
TRVG,TRVG,577,2026-03-16 13:30:00+00:00,2026-06-05 20:00:00+00:00,America/New_York,2026-06-07 10:35:12.367964+00:00
DRVN,DRVN,755,2026-03-16 13:30:00+00:00,2026-06-05 20:00:00+00:00,America/New_York,2026-06-07 10:35:12.339924+00:00
CYD,CYD,755,2026-03-16 13:30:00+00:00,2026-06-05 20:00:00+00:00,America/New_York,2026-06-07 10:35:12.395023+00:00
LMAT,LMAT,752,2026-03-16 13:30:00+00:00,2026-06-05 20:00:00+00:00,America/New_York,2026-06-07 10:35:12.394024+00:00
SYBT,SYBT,753,2026-03-16 13:30:00+00:00,2026-06-05 20:00:00+00:00,America/New_York,2026-06-07 10:35:12.506004+00:00
TMC,TMC,755,2026-03-16 13:30:00+00:00,2026-06-05 20:00:00+00:00,America/New_York,2026-06-07 10:35:12.533172+00:00
BRSL,BRSL,755,2026-03-16 13:30:00+00:00,2026-06-05 20:00:00+00:00,America/New_York,2026-06-07 10:35:12.477915+00:00
ELVN,ELVN,755,2026-03-16 13:30:00+00:00,2026-06-05 20:00:00+00:00,America/New_York,2026-06-07 10:35:12.539172+00:00
WS,WS,755,2026-03-16 13:30:00+00:00,2026-06-05 20:00:00+00:00,America/New_York,2026-06-07 10:35:12.653238+00:00
AUPH,AUPH,755,2026-03-16 13:30:00+00:00,2026-06-05 20:00:00+00:00,America/New_York,2026-06-07 10:35:12.715031+00:00
CLBK,CLBK,755,2026-03-16 13:30:00+00:00,2026-06-05 20:00:00+00:00,America/New_York,2026-06-07 10:35:12.651727+00:00
SPSC,SPSC,755,2026-03-16 13:30:00+00:00,2026-06-05 20:00:00+00:00,America/New_York,2026-06-07 10:35:12.716032+00:00
MGNI,MGNI,755,2026-03-16 13:30:00+00:00,2026-06-05 20:00:00+00:00,America/New_York,2026-06-07 10:35:12.799792+00:00
IMAX,IMAX,755,2026-03-16 13:30:00+00:00,2026-06-05 20:00:00+00:00,America/New_York,2026-06-07 10:35:12.822869+00:00
BCRX,BCRX,755,2026-03-16 13:30:00+00:00,2026-06-05 20:00:00+00:00,America/New_York,2026-06-07 10:35:12.888757+00:00
VERX,VERX,755,2026-03-16 13:30:00+00:00,2026-06-05 20:00:00+00:00,America/New_York,2026-06-07 10:35:12.822869+00:00
GNL,GNL,755,2026-03-16 13:30:00+00:00,2026-06-05 20:00:00+00:00,America/New_York,2026-06-07 10:35:12.935084+00:00
RARE,RARE,755,2026-03-16 13:30:00+00:00,2026-06-05 20:00:00+00:00,America/New_York,2026-06-07 10:35:13.068063+00:00
CXT,CXT,755,2026-03-16 13:30:00+00:00,2026-06-05 20:00:00+00:00,America/New_York,2026-06-07 10:35:13.026950+00:00
NWBI,NWBI,755,2026-03-16 13:30:00+00:00,2026-06-05 20:00:00+00:00,America/New_York,2026-06-07 10:35:13.104634+00:00
NWN,NWN,755,2026-03-16 13:30:00+00:00,2026-06-05 20:00:00+00:00,America/New_York,2026-06-07 10:35:13.195088+00:00
AESI,AESI,755,2026-03-16 13:30:00+00:00,2026-06-05 20:00:00+00:00,America/New_York,2026-06-07 10:35:13.151960+00:00
FLOC,FLOC,755,2026-03-16 13:30:00+00:00,2026-06-05 20:00:00+00:00,America/New_York,2026-06-07 10:35:13.183532+00:00
DHC,DHC,755,2026-03-16 13:30:00+00:00,2026-06-05 20:00:00+00:00,America/New_York,2026-06-07 10:35:13.228693+00:00
CCU,CCU,752,2026-03-16 13:30:00+00:00,2026-06-05 20:00:00+00:00,America/New_York,2026-06-07 10:35:13.259777+00:00
DRD,DRD,755,2026-03-16 13:30:00+00:00,2026-06-05 20:00:00+00:00,America/New_York,2026-06-07 10:35:13.347192+00:00
SEM,SEM,755,2026-03-16 13:30:00+00:00,2026-06-05 20:00:00+00:00,America/New_York,2026-06-07 10:35:13.372264+00:00
IMNM,IMNM,755,2026-03-16 13:30:00+00:00,2026-06-05 20:00:00+00:00,America/New_York,2026-06-07 10:35:13.445551+00:00
DEI,DEI,755,2026-03-16 13:30:00+00:00,2026-06-05 20:00:00+00:00,America/New_York,2026-06-07 10:35:13.563459+00:00
POET,POET,755,2026-03-16 13:30:00+00:00,2026-06-05 20:00:00+00:00,America/New_York,2026-06-07 10:35:13.524071+00:00
ARR,ARR,755,2026-03-16 13:30:00+00:00,2026-06-05 20:00:00+00:00,America/New_York,2026-06-07 10:35:13.640734+00:00
HCI,HCI,753,2026-03-16 13:30:00+00:00,2026-06-05 20:00:00+00:00,America/New_York,2026-06-07 10:35:13.658307+00:00
OFG,OFG,755,2026-03-16 13:30:00+00:00,2026-06-05 20:00:00+00:00,America/New_York,2026-06-07 10:35:13.672318+00:00
PDFS,PDFS,755,2026-03-16 13:30:00+00:00,2026-06-05 20:00:00+00:00,America/New_York,2026-06-07 10:35:13.770251+00:00
PGNY,PGNY,755,2026-03-16 13:30:00+00:00,2026-06-05 20:00:00+00:00,America/New_York,2026-06-07 10:35:13.825741+00:00
GRC,GRC,750,2026-03-16 13:30:00+00:00,2026-06-05 20:00:00+00:00,America/New_York,2026-06-07 10:35:13.798664+00:00
AMSC,AMSC,755,2026-03-16 13:30:00+00:00,2026-06-05 20:00:00+00:00,America/New_York,2026-06-07 10:35:13.872140+00:00
OMCL,OMCL,755,2026-03-16 13:30:00+00:00,2026-06-05 20:00:00+00:00,America/New_York,2026-06-07 10:35:13.911869+00:00
BHC,BHC,755,2026-03-16 13:30:00+00:00,2026-06-05 20:00:00+00:00,America/New_York,2026-06-07 10:35:14.005451+00:00
GRND,GRND,755,2026-03-16 13:30:00+00:00,2026-06-05 20:00:00+00:00,America/New_York,2026-06-07 10:35:13.981396+00:00
BBAI,BBAI,755,2026-03-16 13:30:00+00:00,2026-06-05 20:00:00+00:00,America/New_York,2026-06-07 10:35:14.037656+00:00
IOSP,IOSP,754,2026-03-16 13:30:00+00:00,2026-06-05 20:00:00+00:00,America/New_York,2026-06-07 10:35:14.096048+00:00
LCID,LCID,755,2026-03-16 13:30:00+00:00,2026-06-05 20:00:00+00:00,America/New_York,2026-06-07 10:35:14.155363+00:00
XRAY,XRAY,755,2026-03-16 13:30:00+00:00,2026-06-05 20:00:00+00:00,America/New_York,2026-06-07 10:35:14.143788+00:00
FCF,FCF,755,2026-03-16 13:30:00+00:00,2026-06-05 20:00:00+00:00,America/New_York,2026-06-07 10:35:14.228864+00:00
FIGS,FIGS,755,2026-03-16 13:30:00+00:00,2026-06-05 20:00:00+00:00,America/New_York,2026-06-07 10:35:14.252410+00:00
PRKS,PRKS,755,2026-03-16 13:30:00+00:00,2026-06-05 20:00:00+00:00,America/New_York,2026-06-07 10:35:14.297397+00:00
STC,STC,754,2026-03-16 13:30:00+00:00,2026-06-05 20:00:00+00:00,America/New_York,2026-06-07 10:35:14.414556+00:00
BLX,BLX,754,2026-03-16 13:30:00+00:00,2026-06-05 20:00:00+00:00,America/New_York,2026-06-07 10:35:14.357614+00:00
CLOV,CLOV,755,2026-03-16 13:30:00+00:00,2026-06-05 20:00:00+00:00,America/New_York,2026-06-07 10:35:14.298393+00:00
WSR,WSR,755,2026-03-16 13:30:00+00:00,2026-06-05 20:00:00+00:00,America/New_York,2026-06-07 10:35:14.512563+00:00
LC,LC,755,2026-03-16 13:30:00+00:00,2026-06-05 20:00:00+00:00,America/New_York,2026-06-07 10:35:14.464992+00:00
MLYS,MLYS,755,2026-03-16 13:30:00+00:00,2026-06-05 20:00:00+00:00,America/New_York,2026-06-07 10:35:14.570102+00:00
NTST,NTST,755,2026-03-16 13:30:00+00:00,2026-06-05 20:00:00+00:00,America/New_York,2026-06-07 10:35:14.569101+00:00
WMK,WMK,754,2026-03-16 13:30:00+00:00,2026-06-05 20:00:00+00:00,America/New_York,2026-06-07 10:35:14.700658+00:00
EZPW,EZPW,755,2026-03-16 13:30:00+00:00,2026-06-05 20:00:00+00:00,America/New_York,2026-06-07 10:35:14.654646+00:00
MD,MD,755,2026-03-16 13:30:00+00:00,2026-06-05 20:00:00+00:00,America/New_York,2026-06-07 10:35:14.699657+00:00
AIN,AIN,755,2026-03-16 13:30:00+00:00,2026-06-05 20:00:00+00:00,America/New_York,2026-06-07 10:35:14.654646+00:00
NEOG,NEOG,755,2026-03-16 13:30:00+00:00,2026-06-05 20:00:00+00:00,America/New_York,2026-06-07 10:35:14.783676+00:00
AGM,AGM,724,2026-03-16 13:30:00+00:00,2026-06-05 20:00:00+00:00,America/New_York,2026-06-07 10:35:14.783676+00:00
STEL,STEL,755,2026-03-16 13:30:00+00:00,2026-06-05 20:00:00+00:00,America/New_York,2026-06-07 10:35:14.830093+00:00
CMRE,CMRE,755,2026-03-16 13:30:00+00:00,2026-06-05 20:00:00+00:00,America/New_York,2026-06-07 10:35:14.877218+00:00
NVCR,NVCR,755,2026-03-16 13:30:00+00:00,2026-06-05 20:00:00+00:00,America/New_York,2026-06-07 10:35:14.920871+00:00
SLDE,SLDE,755,2026-03-16 13:30:00+00:00,2026-06-05 20:00:00+00:00,America/New_York,2026-06-07 10:35:15.025760+00:00
HMN,HMN,753,2026-03-16 13:30:00+00:00,2026-06-05 20:00:00+00:00,America/New_York,2026-06-07 10:35:15.107529+00:00
PEB,PEB,755,2026-03-16 13:30:00+00:00,2026-06-05 20:00:00+00:00,America/New_York,2026-06-07 10:35:15.025760+00:00
SPB,SPB,755,2026-03-16 13:30:00+00:00,2026-06-05 20:00:00+00:00,America/New_York,2026-06-07 10:35:15.181852+00:00
NKTR,NKTR,755,2026-03-16 13:30:00+00:00,2026-06-05 20:00:00+00:00,America/New_York,2026-06-07 10:35:15.291875+00:00
NBHC,NBHC,755,2026-03-16 13:30:00+00:00,2026-06-05 20:00:00+00:00,America/New_York,2026-06-07 10:35:15.334571+00:00
GTY,GTY,755,2026-03-16 13:30:00+00:00,2026-06-05 20:00:00+00:00,America/New_York,2026-06-07 10:35:15.231646+00:00
HCM,HCM,616,2026-03-16 13:30:00+00:00,2026-06-05 20:00:00+00:00,America/New_York,2026-06-07 10:35:15.427309+00:00
ADMA,ADMA,755,2026-03-16 13:30:00+00:00,2026-06-05 20:00:00+00:00,America/New_York,2026-06-07 10:35:15.365224+00:00
TRVI,TRVI,755,2026-03-16 13:30:00+00:00,2026-06-05 20:00:00+00:00,America/New_York,2026-06-07 10:35:15.464927+00:00
NTLA,NTLA,755,2026-03-16 13:30:00+00:00,2026-06-05 20:00:00+00:00,America/New_York,2026-06-07 10:35:15.540156+00:00
PLGO,PLGO,235,2026-05-12 13:30:00+00:00,2026-06-05 20:00:00+00:00,America/New_York,2026-06-07 10:35:15.633106+00:00
TGLS,TGLS,755,2026-03-16 13:30:00+00:00,2026-06-05 20:00:00+00:00,America/New_York,2026-06-07 10:35:15.464391+00:00
IOVA,IOVA,755,2026-03-16 13:30:00+00:00,2026-06-05 20:00:00+00:00,America/New_York,2026-06-07 10:35:15.605882+00:00
SOC,SOC,755,2026-03-16 13:30:00+00:00,2026-06-05 20:00:00+00:00,America/New_York,2026-06-07 10:35:15.574190+00:00
ASTH,ASTH,755,2026-03-16 13:30:00+00:00,2026-06-05 20:00:00+00:00,America/New_York,2026-06-07 10:35:15.680824+00:00
LKFT,LKFT,260,2026-05-08 13:30:00+00:00,2026-06-05 20:00:00+00:00,America/New_York,2026-06-07 10:35:15.723621+00:00
INTA,INTA,755,2026-03-16 13:30:00+00:00,2026-06-05 20:00:00+00:00,America/New_York,2026-06-07 10:35:15.722547+00:00
STOK,STOK,755,2026-03-16 13:30:00+00:00,2026-06-05 20:00:00+00:00,America/New_York,2026-06-07 10:35:15.833397+00:00
MESO,MESO,754,2026-03-16 13:30:00+00:00,2026-06-05 20:00:00+00:00,America/New_York,2026-06-07 10:35:15.792645+00:00
CBZ,CBZ,755,2026-03-16 13:30:00+00:00,2026-06-05 20:00:00+00:00,America/New_York,2026-06-07 10:35:15.858453+00:00
ECO,ECO,755,2026-03-16 13:30:00+00:00,2026-06-05 20:00:00+00:00,America/New_York,2026-06-07 10:35:15.909643+00:00
KOD,KOD,755,2026-03-16 13:30:00+00:00,2026-06-05 20:00:00+00:00,America/New_York,2026-06-07 10:35:15.982260+00:00
SKWD,SKWD,755,2026-03-16 13:30:00+00:00,2026-06-05 20:00:00+00:00,America/New_York,2026-06-07 10:35:15.936228+00:00
RCAT,RCAT,755,2026-03-16 13:30:00+00:00,2026-06-05 20:00:00+00:00,America/New_York,2026-06-07 10:35:16.027343+00:00
HURN,HURN,751,2026-03-16 13:30:00+00:00,2026-06-05 20:00:00+00:00,America/New_York,2026-06-07 10:35:16.026341+00:00
ZLAB,ZLAB,755,2026-03-16 13:30:00+00:00,2026-06-05 20:00:00+00:00,America/New_York,2026-06-07 10:35:16.116135+00:00
HRMY,HRMY,755,2026-03-16 13:30:00+00:00,2026-06-05 20:00:00+00:00,America/New_York,2026-06-07 10:35:16.139218+00:00
SRCE,SRCE,751,2026-03-16 13:30:00+00:00,2026-06-05 20:00:00+00:00,America/New_York,2026-06-07 10:35:16.227468+00:00
LTC,LTC,755,2026-03-16 13:30:00+00:00,2026-06-05 20:00:00+00:00,America/New_York,2026-06-07 10:35:16.316875+00:00
WB,WB,755,2026-03-16 13:30:00+00:00,2026-06-05 20:00:00+00:00,America/New_York,2026-06-07 10:35:16.402587+00:00
STRA,STRA,754,2026-03-16 13:30:00+00:00,2026-06-05 20:00:00+00:00,America/New_York,2026-06-07 10:35:16.318398+00:00
TIC,TIC,755,2026-03-16 13:30:00+00:00,2026-06-05 20:00:00+00:00,America/New_York,2026-06-07 10:35:16.379026+00:00
INVX,INVX,755,2026-03-16 13:30:00+00:00,2026-06-05 20:00:00+00:00,America/New_York,2026-06-07 10:35:16.474089+00:00
VCEL,VCEL,755,2026-03-16 13:30:00+00:00,2026-06-05 20:00:00+00:00,America/New_York,2026-06-07 10:35:16.403593+00:00
SMA,SMA,755,2026-03-16 13:30:00+00:00,2026-06-05 20:00:00+00:00,America/New_York,2026-06-07 10:35:16.501145+00:00
APPN,APPN,755,2026-03-16 13:30:00+00:00,2026-06-05 20:00:00+00:00,America/New_York,2026-06-07 10:35:16.536882+00:00
CHCO,CHCO,722,2026-03-16 13:30:00+00:00,2026-06-05 20:00:00+00:00,America/New_York,2026-06-07 10:35:16.598809+00:00
CTS,CTS,755,2026-03-16 13:30:00+00:00,2026-06-05 20:00:00+00:00,America/New_York,2026-06-07 10:35:16.703568+00:00
SONO,SONO,755,2026-03-16 13:30:00+00:00,2026-06-05 20:00:00+00:00,America/New_York,2026-06-07 10:35:16.740822+00:00
CNXN,CNXN,696,2026-03-16 13:30:00+00:00,2026-06-05 20:00:00+00:00,America/New_York,2026-06-07 10:35:16.768836+00:00
ZYME,ZYME,755,2026-03-16 13:30:00+00:00,2026-06-05 20:00:00+00:00,America/New_York,2026-06-07 10:35:16.806904+00:00
ECPG,ECPG,754,2026-03-16 13:30:00+00:00,2026-06-05 20:00:00+00:00,America/New_York,2026-06-07 10:35:16.868627+00:00
SHLS,SHLS,755,2026-03-16 13:30:00+00:00,2026-06-05 20:00:00+00:00,America/New_York,2026-06-07 10:35:16.924247+00:00
ANIP,ANIP,755,2026-03-16 13:30:00+00:00,2026-06-05 20:00:00+00:00,America/New_York,2026-06-07 10:35:16.829938+00:00
ALG,ALG,747,2026-03-16 13:30:00+00:00,2026-06-05 20:00:00+00:00,America/New_York,2026-06-07 10:35:16.983889+00:00
IE,IE,755,2026-03-16 13:30:00+00:00,2026-06-05 20:00:00+00:00,America/New_York,2026-06-07 10:35:17.078462+00:00
FIVN,FIVN,755,2026-03-16 13:30:00+00:00,2026-06-05 20:00:00+00:00,America/New_York,2026-06-07 10:35:17.181307+00:00
ASAN,ASAN,755,2026-03-16 13:30:00+00:00,2026-06-05 20:00:00+00:00,America/New_York,2026-06-07 10:35:17.132872+00:00
FBYD,FBYD,723,2026-03-16 13:30:00+00:00,2026-06-05 20:00:00+00:00,America/New_York,2026-06-07 10:35:17.410941+00:00
BRUN,BRUN,248,2026-05-11 13:30:00+00:00,2026-06-05 20:00:00+00:00,America/New_York,2026-06-07 10:35:17.350501+00:00
ADNT,ADNT,755,2026-03-16 13:30:00+00:00,2026-06-05 20:00:00+00:00,America/New_York,2026-06-07 10:35:17.246862+00:00
LPG,LPG,755,2026-03-16 13:30:00+00:00,2026-06-05 20:00:00+00:00,America/New_York,2026-06-07 10:35:17.350501+00:00
SAM,SAM,753,2026-03-16 13:30:00+00:00,2026-06-05 20:00:00+00:00,America/New_York,2026-06-07 10:35:17.246862+00:00
PLPC,PLPC,745,2026-03-16 13:30:00+00:00,2026-06-05 20:00:00+00:00,America/New_York,2026-06-07 10:35:17.411941+00:00
XPRO,XPRO,755,2026-03-16 13:30:00+00:00,2026-06-05 20:00:00+00:00,America/New_York,2026-06-07 10:35:17.498211+00:00
PAX,PAX,755,2026-03-16 13:30:00+00:00,2026-06-05 20:00:00+00:00,America/New_York,2026-06-07 10:35:17.476203+00:00
SGRY,SGRY,755,2026-03-16 13:30:00+00:00,2026-06-05 20:00:00+00:00,America/New_York,2026-06-07 10:35:17.650984+00:00
EPAC,EPAC,755,2026-03-16 13:30:00+00:00,2026-06-05 20:00:00+00:00,America/New_York,2026-06-07 10:35:17.688643+00:00
NBTX,NBTX,661,2026-03-16 13:30:00+00:00,2026-06-05 20:00:00+00:00,America/New_York,2026-06-07 10:35:17.715907+00:00
JBLU,JBLU,755,2026-03-16 13:30:00+00:00,2026-06-05 20:00:00+00:00,America/New_York,2026-06-07 10:35:17.792219+00:00
PSNY,PSNY,748,2026-03-16 13:30:00+00:00,2026-06-05 20:00:00+00:00,America/New_York,2026-06-07 10:35:17.750609+00:00
XHR,XHR,755,2026-03-16 13:30:00+00:00,2026-06-05 20:00:00+00:00,America/New_York,2026-06-07 10:35:17.843418+00:00
TILE,TILE,755,2026-03-16 13:30:00+00:00,2026-06-05 20:00:00+00:00,America/New_York,2026-06-07 10:35:17.886982+00:00
FLYW,FLYW,755,2026-03-16 13:30:00+00:00,2026-06-05 20:00:00+00:00,America/New_York,2026-06-07 10:35:17.865447+00:00
QFIN,QFIN,755,2026-03-16 13:30:00+00:00,2026-06-05 20:00:00+00:00,America/New_York,2026-06-07 10:35:17.961346+00:00
OCFC,OCFC,755,2026-03-16 13:30:00+00:00,2026-06-05 20:00:00+00:00,America/New_York,2026-06-07 10:35:17.999443+00:00
PUMP,PUMP,755,2026-03-16 13:30:00+00:00,2026-06-05 20:00:00+00:00,America/New_York,2026-06-07 10:35:18.035816+00:00
VRDN,VRDN,755,2026-03-16 13:30:00+00:00,2026-06-05 20:00:00+00:00,America/New_York,2026-06-07 10:35:18.171423+00:00
OCUL,OCUL,755,2026-03-16 13:30:00+00:00,2026-06-05 20:00:00+00:00,America/New_York,2026-06-07 10:35:18.093847+00:00
WD,WD,755,2026-03-16 13:30:00+00:00,2026-06-05 20:00:00+00:00,America/New_York,2026-06-07 10:35:18.121720+00:00
MBC,MBC,755,2026-03-16 13:30:00+00:00,2026-06-05 20:00:00+00:00,America/New_York,2026-06-07 10:35:18.293515+00:00
VET,VET,755,2026-03-16 13:30:00+00:00,2026-06-05 20:00:00+00:00,America/New_York,2026-06-07 10:35:18.258901+00:00
CNXC,CNXC,755,2026-03-16 13:30:00+00:00,2026-06-05 20:00:00+00:00,America/New_York,2026-06-07 10:35:18.369974+00:00
KSS,KSS,755,2026-03-16 13:30:00+00:00,2026-06-05 20:00:00+00:00,America/New_York,2026-06-07 10:35:18.368964+00:00
ARCO,ARCO,755,2026-03-16 13:30:00+00:00,2026-06-05 20:00:00+00:00,America/New_York,2026-06-07 10:35:18.562076+00:00
LOB,LOB,755,2026-03-16 13:30:00+00:00,2026-06-05 20:00:00+00:00,America/New_York,2026-06-07 10:35:18.471955+00:00
NEXA,NEXA,755,2026-03-16 13:30:00+00:00,2026-06-05 20:00:00+00:00,America/New_York,2026-06-07 10:35:18.501032+00:00
RXRX,RXRX,755,2026-03-16 13:30:00+00:00,2026-06-05 20:00:00+00:00,America/New_York,2026-06-07 10:35:18.500520+00:00
UFPT,UFPT,740,2026-03-16 13:30:00+00:00,2026-06-05 20:00:00+00:00,America/New_York,2026-06-07 10:35:18.647380+00:00
PRLB,PRLB,754,2026-03-16 13:30:00+00:00,2026-06-05 20:00:00+00:00,America/New_York,2026-06-07 10:35:18.715432+00:00
PLSE,PLSE,754,2026-03-16 13:30:00+00:00,2026-06-05 20:00:00+00:00,America/New_York,2026-06-07 10:35:18.684373+00:00
TFIN,TFIN,755,2026-03-16 13:30:00+00:00,2026-06-05 20:00:00+00:00,America/New_York,2026-06-07 10:35:18.808247+00:00
MQ,MQ,755,2026-03-16 13:30:00+00:00,2026-06-05 20:00:00+00:00,America/New_York,2026-06-07 10:35:18.806735+00:00
PLAB,PLAB,755,2026-03-16 13:30:00+00:00,2026-06-05 20:00:00+00:00,America/New_York,2026-06-07 10:35:18.744277+00:00
ADUS,ADUS,754,2026-03-16 13:30:00+00:00,2026-06-05 20:00:00+00:00,America/New_York,2026-06-07 10:35:18.952607+00:00
IMKTA,IMKTA,753,2026-03-16 13:30:00+00:00,2026-06-05 20:00:00+00:00,America/New_York,2026-06-07 10:35:18.952607+00:00
VSTS,VSTS,755,2026-03-16 13:30:00+00:00,2026-06-05 20:00:00+00:00,America/New_York,2026-06-07 10:35:19.013875+00:00
PAYO,PAYO,755,2026-03-16 13:30:00+00:00,2026-06-05 20:00:00+00:00,America/New_York,2026-06-07 10:35:19.187402+00:00
EFC,EFC,755,2026-03-16 13:30:00+00:00,2026-06-05 20:00:00+00:00,America/New_York,2026-06-07 10:35:19.107834+00:00
SKYT,SKYT,755,2026-03-16 13:30:00+00:00,2026-06-05 20:00:00+00:00,America/New_York,2026-06-07 10:35:19.238604+00:00
CASH,CASH,754,2026-03-16 13:30:00+00:00,2026-06-05 20:00:00+00:00,America/New_York,2026-06-07 10:35:19.215019+00:00
ZD,ZD,755,2026-03-16 13:30:00+00:00,2026-06-05 20:00:00+00:00,America/New_York,2026-06-07 10:35:19.153956+00:00
INVA,INVA,755,2026-03-16 13:30:00+00:00,2026-06-05 20:00:00+00:00,America/New_York,2026-06-07 10:35:19.281293+00:00
BL,BL,755,2026-03-16 13:30:00+00:00,2026-06-05 20:00:00+00:00,America/New_York,2026-06-07 10:35:19.308800+00:00
ABCL,ABCL,755,2026-03-16 13:30:00+00:00,2026-06-05 20:00:00+00:00,America/New_York,2026-06-07 10:35:19.351483+00:00
STBA,STBA,754,2026-03-16 13:30:00+00:00,2026-06-05 20:00:00+00:00,America/New_York,2026-06-07 10:35:19.491873+00:00
RAPP,RAPP,754,2026-03-16 13:30:00+00:00,2026-06-05 20:00:00+00:00,America/New_York,2026-06-07 10:35:19.597301+00:00
EVCM,EVCM,734,2026-03-16 13:30:00+00:00,2026-06-05 20:00:00+00:00,America/New_York,2026-06-07 10:35:19.457793+00:00
ALKT,ALKT,755,2026-03-16 13:30:00+00:00,2026-06-05 20:00:00+00:00,America/New_York,2026-06-07 10:35:19.492871+00:00
SILA,SILA,755,2026-03-16 13:30:00+00:00,2026-06-05 20:00:00+00:00,America/New_York,2026-06-07 10:35:19.568728+00:00
GABC,GABC,751,2026-03-16 13:30:00+00:00,2026-06-05 20:00:00+00:00,America/New_York,2026-06-07 10:35:19.657747+00:00
NUVB,NUVB,755,2026-03-16 13:30:00+00:00,2026-06-05 20:00:00+00:00,America/New_York,2026-06-07 10:35:19.714658+00:00
DCOM,DCOM,755,2026-03-16 13:30:00+00:00,2026-06-05 20:00:00+00:00,America/New_York,2026-06-07 10:35:19.683318+00:00
TPB,TPB,755,2026-03-16 13:30:00+00:00,2026-06-05 20:00:00+00:00,America/New_York,2026-06-07 10:35:19.800206+00:00
GLOB,GLOB,755,2026-03-16 13:30:00+00:00,2026-06-05 20:00:00+00:00,America/New_York,2026-06-07 10:35:19.765836+00:00
GENB,GENB,755,2026-03-16 13:30:00+00:00,2026-06-05 20:00:00+00:00,America/New_York,2026-06-07 10:35:19.865516+00:00
SRPT,SRPT,755,2026-03-16 13:30:00+00:00,2026-06-05 20:00:00+00:00,America/New_York,2026-06-07 10:35:19.829262+00:00
AGIO,AGIO,755,2026-03-16 13:30:00+00:00,2026-06-05 20:00:00+00:00,America/New_York,2026-06-07 10:35:19.867035+00:00
CCS,CCS,755,2026-03-16 13:30:00+00:00,2026-06-05 20:00:00+00:00,America/New_York,2026-06-07 10:35:19.927153+00:00
IIPR,IIPR,755,2026-03-16 13:30:00+00:00,2026-06-05 20:00:00+00:00,America/New_York,2026-06-07 10:35:19.964764+00:00
TSLX,TSLX,755,2026-03-16 13:30:00+00:00,2026-06-05 20:00:00+00:00,America/New_York,2026-06-07 10:35:19.989196+00:00
GT,GT,755,2026-03-16 13:30:00+00:00,2026-06-05 20:00:00+00:00,America/New_York,2026-06-07 10:35:20.078643+00:00
CMPS,CMPS,755,2026-03-16 13:30:00+00:00,2026-06-05 20:00:00+00:00,America/New_York,2026-06-07 10:35:20.046439+00:00
QURE,QURE,755,2026-03-16 13:30:00+00:00,2026-06-05 20:00:00+00:00,America/New_York,2026-06-07 10:35:20.151082+00:00
TCBK,TCBK,736,2026-03-16 13:30:00+00:00,2026-06-05 20:00:00+00:00,America/New_York,2026-06-07 10:35:20.127417+00:00
SNDA,SNDA,755,2026-03-16 13:30:00+00:00,2026-06-05 20:00:00+00:00,America/New_York,2026-06-07 10:35:20.198683+00:00
OPRA,OPRA,755,2026-03-16 13:30:00+00:00,2026-06-05 20:00:00+00:00,America/New_York,2026-06-07 10:35:20.222985+00:00
STGW,STGW,755,2026-03-16 13:30:00+00:00,2026-06-05 20:00:00+00:00,America/New_York,2026-06-07 10:35:20.253399+00:00
TH,TH,755,2026-03-16 13:30:00+00:00,2026-06-05 20:00:00+00:00,America/New_York,2026-06-07 10:35:20.389533+00:00
NCNO,NCNO,755,2026-03-16 13:30:00+00:00,2026-06-05 20:00:00+00:00,America/New_York,2026-06-07 10:35:20.298733+00:00
AGRO,AGRO,755,2026-03-16 13:30:00+00:00,2026-06-05 20:00:00+00:00,America/New_York,2026-06-07 10:35:20.299743+00:00
DV,DV,755,2026-03-16 13:30:00+00:00,2026-06-05 20:00:00+00:00,America/New_York,2026-06-07 10:35:20.507783+00:00
AAPG,AAPG,203,2026-03-16 14:00:00+00:00,2026-06-05 20:00:00+00:00,America/New_York,2026-06-07 10:35:20.413658+00:00
RLJ,RLJ,755,2026-03-16 13:30:00+00:00,2026-06-05 20:00:00+00:00,America/New_York,2026-06-07 10:35:20.538759+00:00
HOPE,HOPE,755,2026-03-16 13:30:00+00:00,2026-06-05 20:00:00+00:00,America/New_York,2026-06-07 10:35:20.412659+00:00
AGL,AGL,755,2026-03-16 13:30:00+00:00,2026-06-05 20:00:00+00:00,America/New_York,2026-06-07 10:35:20.622202+00:00
BOBS,BOBS,755,2026-03-16 13:30:00+00:00,2026-06-05 20:00:00+00:00,America/New_York,2026-06-07 10:35:20.661561+00:00
NVRI,NVRI,742,2026-03-16 13:30:00+00:00,2026-06-05 20:00:00+00:00,America/New_York,2026-06-07 10:35:20.727584+00:00
USAS,USAS,755,2026-03-16 13:30:00+00:00,2026-06-05 20:00:00+00:00,America/New_York,2026-06-07 10:35:20.704372+00:00
TYRA,TYRA,755,2026-03-16 13:30:00+00:00,2026-06-05 20:00:00+00:00,America/New_York,2026-06-07 10:35:20.814558+00:00
HTZ,HTZ,755,2026-03-16 13:30:00+00:00,2026-06-05 20:00:00+00:00,America/New_York,2026-06-07 10:35:20.769275+00:00
SFL,SFL,755,2026-03-16 13:30:00+00:00,2026-06-05 20:00:00+00:00,America/New_York,2026-06-07 10:35:20.837326+00:00
FLNG,FLNG,755,2026-03-16 13:30:00+00:00,2026-06-05 20:00:00+00:00,America/New_York,2026-06-07 10:35:20.928629+00:00
LAC,LAC,755,2026-03-16 13:30:00+00:00,2026-06-05 20:00:00+00:00,America/New_York,2026-06-07 10:35:20.893014+00:00
TSHA,TSHA,755,2026-03-16 13:30:00+00:00,2026-06-05 20:00:00+00:00,America/New_York,2026-06-07 10:35:21.007198+00:00
SION,SION,754,2026-03-16 13:30:00+00:00,2026-06-05 20:00:00+00:00,America/New_York,2026-06-07 10:35:21.079762+00:00
FLO,FLO,755,2026-03-16 13:30:00+00:00,2026-06-05 20:00:00+00:00,America/New_York,2026-06-07 10:35:21.044010+00:00
ENVX,ENVX,755,2026-03-16 13:30:00+00:00,2026-06-05 20:00:00+00:00,America/New_York,2026-06-07 10:35:21.173271+00:00
BFC,BFC,691,2026-03-16 13:30:00+00:00,2026-06-05 20:00:00+00:00,America/New_York,2026-06-07 10:35:21.121549+00:00
FSUN,FSUN,750,2026-03-16 13:30:00+00:00,2026-06-05 20:00:00+00:00,America/New_York,2026-06-07 10:35:21.127552+00:00
PRCT,PRCT,755,2026-03-16 13:30:00+00:00,2026-06-05 20:00:00+00:00,America/New_York,2026-06-07 10:35:21.218481+00:00
COUR,COUR,755,2026-03-16 13:30:00+00:00,2026-06-05 20:00:00+00:00,America/New_York,2026-06-07 10:35:21.270229+00:00
BHVN,BHVN,755,2026-03-16 13:30:00+00:00,2026-06-05 20:00:00+00:00,America/New_York,2026-06-07 10:35:21.247119+00:00
LWLG,LWLG,755,2026-03-16 13:30:00+00:00,2026-06-05 20:00:00+00:00,America/New_York,2026-06-07 10:35:21.317561+00:00
QCRH,QCRH,736,2026-03-16 13:30:00+00:00,2026-06-05 20:00:00+00:00,America/New_York,2026-06-07 10:35:21.316563+00:00
VPG,VPG,755,2026-03-16 13:30:00+00:00,2026-06-05 20:00:00+00:00,America/New_York,2026-06-07 10:35:21.414149+00:00
SLVM,SLVM,755,2026-03-16 13:30:00+00:00,2026-06-05 20:00:00+00:00,America/New_York,2026-06-07 10:35:21.449284+00:00
AIP,AIP,755,2026-03-16 13:30:00+00:00,2026-06-05 20:00:00+00:00,America/New_York,2026-06-07 10:35:21.497138+00:00
AMBQ,AMBQ,755,2026-03-16 13:30:00+00:00,2026-06-05 20:00:00+00:00,America/New_York,2026-06-07 10:35:21.392436+00:00
NWL,NWL,755,2026-03-16 13:30:00+00:00,2026-06-05 20:00:00+00:00,America/New_York,2026-06-07 10:35:21.496136+00:00
PVLA,PVLA,753,2026-03-16 13:30:00+00:00,2026-06-05 20:00:00+00:00,America/New_York,2026-06-07 10:35:21.571521+00:00
CNOB,CNOB,755,2026-03-16 13:30:00+00:00,2026-06-05 20:00:00+00:00,America/New_York,2026-06-07 10:35:21.678023+00:00
BY,BY,754,2026-03-16 13:30:00+00:00,2026-06-05 20:00:00+00:00,America/New_York,2026-06-07 10:35:21.653914+00:00
NVAX,NVAX,755,2026-03-16 13:30:00+00:00,2026-06-05 20:00:00+00:00,America/New_York,2026-06-07 10:35:21.700095+00:00
CAPR,CAPR,755,2026-03-16 13:30:00+00:00,2026-06-05 20:00:00+00:00,America/New_York,2026-06-07 10:35:21.736045+00:00
LKFN,LKFN,749,2026-03-16 13:30:00+00:00,2026-06-05 20:00:00+00:00,America/New_York,2026-06-07 10:35:21.795470+00:00
LINC,LINC,755,2026-03-16 13:30:00+00:00,2026-06-05 20:00:00+00:00,America/New_York,2026-06-07 10:35:21.828068+00:00
DXC,DXC,755,2026-03-16 13:30:00+00:00,2026-06-05 20:00:00+00:00,America/New_York,2026-06-07 10:35:21.877024+00:00
WKC,WKC,755,2026-03-16 13:30:00+00:00,2026-06-05 20:00:00+00:00,America/New_York,2026-06-07 10:35:21.876026+00:00
LILAK,LILAK,755,2026-03-16 13:30:00+00:00,2026-06-05 20:00:00+00:00,America/New_York,2026-06-07 10:35:21.955367+00:00
GENI,GENI,755,2026-03-16 13:30:00+00:00,2026-06-05 20:00:00+00:00,America/New_York,2026-06-07 10:35:21.979994+00:00
TRIN,TRIN,755,2026-03-16 13:30:00+00:00,2026-06-05 20:00:00+00:00,America/New_York,2026-06-07 10:35:22.047848+00:00
KW,KW,755,2026-03-16 13:30:00+00:00,2026-06-05 20:00:00+00:00,America/New_York,2026-06-07 10:35:22.007161+00:00
SNDX,SNDX,755,2026-03-16 13:30:00+00:00,2026-06-05 20:00:00+00:00,America/New_York,2026-06-07 10:35:22.068911+00:00
AMRC,AMRC,755,2026-03-16 13:30:00+00:00,2026-06-05 20:00:00+00:00,America/New_York,2026-06-07 10:35:22.119593+00:00
RES,RES,755,2026-03-16 13:30:00+00:00,2026-06-05 20:00:00+00:00,America/New_York,2026-06-07 10:35:22.141659+00:00
OBK,OBK,754,2026-03-16 13:30:00+00:00,2026-06-05 20:00:00+00:00,America/New_York,2026-06-07 10:35:22.228792+00:00
SLSR,SLSR,752,2026-03-16 13:30:00+00:00,2026-06-05 20:00:00+00:00,America/New_York,2026-06-07 10:35:22.256989+00:00
WGS,WGS,755,2026-03-16 13:30:00+00:00,2026-06-05 20:00:00+00:00,America/New_York,2026-06-07 10:35:22.308195+00:00
LZB,LZB,755,2026-03-16 13:30:00+00:00,2026-06-05 20:00:00+00:00,America/New_York,2026-06-07 10:35:22.409094+00:00
WBTN,WBTN,755,2026-03-16 13:30:00+00:00,2026-06-05 20:00:00+00:00,America/New_York,2026-06-07 10:35:22.470652+00:00
BRAI,BRAI,490,2026-03-16 13:30:00+00:00,2026-06-05 20:00:00+00:00,America/New_York,2026-06-07 10:35:22.440323+00:00
TNC,TNC,755,2026-03-16 13:30:00+00:00,2026-06-05 20:00:00+00:00,America/New_York,2026-06-07 10:35:22.380049+00:00
MAN,MAN,755,2026-03-16 13:30:00+00:00,2026-06-05 20:00:00+00:00,America/New_York,2026-06-07 10:35:22.470652+00:00
DCH,DCH,755,2026-03-16 13:30:00+00:00,2026-06-05 20:00:00+00:00,America/New_York,2026-06-07 10:35:22.537028+00:00
HLIT,HLIT,755,2026-03-16 13:30:00+00:00,2026-06-05 20:00:00+00:00,America/New_York,2026-06-07 10:35:22.630415+00:00
PRGO,PRGO,755,2026-03-16 13:30:00+00:00,2026-06-05 20:00:00+00:00,America/New_York,2026-06-07 10:35:22.578228+00:00
CBL,CBL,755,2026-03-16 13:30:00+00:00,2026-06-05 20:00:00+00:00,America/New_York,2026-06-07 10:35:22.712283+00:00
STAA,STAA,755,2026-03-16 13:30:00+00:00,2026-06-05 20:00:00+00:00,America/New_York,2026-06-07 10:35:22.671225+00:00
REX,REX,754,2026-03-16 13:30:00+00:00,2026-06-05 20:00:00+00:00,America/New_York,2026-06-07 10:35:22.783353+00:00
NRIX,NRIX,755,2026-03-16 13:30:00+00:00,2026-06-05 20:00:00+00:00,America/New_York,2026-06-07 10:35:22.861048+00:00
BLDP,BLDP,755,2026-03-16 13:30:00+00:00,2026-06-05 20:00:00+00:00,America/New_York,2026-06-07 10:35:22.902184+00:00
SLS,SLS,755,2026-03-16 13:30:00+00:00,2026-06-05 20:00:00+00:00,America/New_York,2026-06-07 10:35:22.954305+00:00
TRS,TRS,755,2026-03-16 13:30:00+00:00,2026-06-05 20:00:00+00:00,America/New_York,2026-06-07 10:35:23.091178+00:00
BORR,BORR,755,2026-03-16 13:30:00+00:00,2026-06-05 20:00:00+00:00,America/New_York,2026-06-07 10:35:23.018832+00:00
RBCAA,RBCAA,668,2026-03-16 13:30:00+00:00,2026-06-05 20:00:00+00:00,America/New_York,2026-06-07 10:35:23.051721+00:00
SGML,SGML,755,2026-03-16 13:30:00+00:00,2026-06-05 20:00:00+00:00,America/New_York,2026-06-07 10:35:23.126842+00:00
GHRS,GHRS,751,2026-03-16 13:30:00+00:00,2026-06-05 20:00:00+00:00,America/New_York,2026-06-07 10:35:23.190010+00:00
AI,AI,755,2026-03-16 13:30:00+00:00,2026-06-05 20:00:00+00:00,America/New_York,2026-06-07 10:35:23.221150+00:00
VIR,VIR,755,2026-03-16 13:30:00+00:00,2026-06-05 20:00:00+00:00,America/New_York,2026-06-07 10:35:23.275403+00:00
KARO,KARO,722,2026-03-16 13:30:00+00:00,2026-06-05 20:00:00+00:00,America/New_York,2026-06-07 10:35:23.276403+00:00
FTRE,FTRE,755,2026-03-16 13:30:00+00:00,2026-06-05 20:00:00+00:00,America/New_York,2026-06-07 10:35:23.350197+00:00
FMC,FMC,755,2026-03-16 13:30:00+00:00,2026-06-05 20:00:00+00:00,America/New_York,2026-06-07 10:35:23.372743+00:00
ELVR,ELVR,711,2026-03-16 13:30:00+00:00,2026-06-05 20:00:00+00:00,America/New_York,2026-06-07 10:35:23.467086+00:00
NOMD,NOMD,755,2026-03-16 13:30:00+00:00,2026-06-05 20:00:00+00:00,America/New_York,2026-06-07 10:35:23.434395+00:00
GBX,GBX,755,2026-03-16 13:30:00+00:00,2026-06-05 20:00:00+00:00,America/New_York,2026-06-07 10:35:23.511467+00:00
KMPR,KMPR,755,2026-03-16 13:30:00+00:00,2026-06-05 20:00:00+00:00,America/New_York,2026-06-07 10:35:23.534491+00:00
MRTN,MRTN,755,2026-03-16 13:30:00+00:00,2026-06-05 20:00:00+00:00,America/New_York,2026-06-07 10:35:23.588614+00:00
CSWC,CSWC,755,2026-03-16 13:30:00+00:00,2026-06-05 20:00:00+00:00,America/New_York,2026-06-07 10:35:23.612208+00:00
WLTH,WLTH,755,2026-03-16 13:30:00+00:00,2026-06-05 20:00:00+00:00,America/New_York,2026-06-07 10:35:23.706899+00:00
HLMN,HLMN,755,2026-03-16 13:30:00+00:00,2026-06-05 20:00:00+00:00,America/New_York,2026-06-07 10:35:23.676422+00:00
MBX,MBX,755,2026-03-16 13:30:00+00:00,2026-06-05 20:00:00+00:00,America/New_York,2026-06-07 10:35:23.770477+00:00
AAT,AAT,755,2026-03-16 13:30:00+00:00,2026-06-05 20:00:00+00:00,America/New_York,2026-06-07 10:35:23.611208+00:00
WLDN,WLDN,755,2026-03-16 13:30:00+00:00,2026-06-05 20:00:00+00:00,America/New_York,2026-06-07 10:35:23.796027+00:00
ALNT,ALNT,755,2026-03-16 13:30:00+00:00,2026-06-05 20:00:00+00:00,America/New_York,2026-06-07 10:35:23.865291+00:00
HCSG,HCSG,755,2026-03-16 13:30:00+00:00,2026-06-05 20:00:00+00:00,America/New_York,2026-06-07 10:35:23.905064+00:00
KALV,KALV,755,2026-03-16 13:30:00+00:00,2026-06-05 20:00:00+00:00,America/New_York,2026-06-07 10:35:23.952182+00:00
ARI,ARI,755,2026-03-16 13:30:00+00:00,2026-06-05 20:00:00+00:00,America/New_York,2026-06-07 10:35:23.836612+00:00
ATAI,ATAI,755,2026-03-16 13:30:00+00:00,2026-06-05 20:00:00+00:00,America/New_York,2026-06-07 10:35:23.999716+00:00
JJSF,JJSF,755,2026-03-16 13:30:00+00:00,2026-06-05 20:00:00+00:00,America/New_York,2026-06-07 10:35:24.041310+00:00
PWP,PWP,755,2026-03-16 13:30:00+00:00,2026-06-05 20:00:00+00:00,America/New_York,2026-06-07 10:35:24.087626+00:00
FOR,FOR,748,2026-03-16 13:30:00+00:00,2026-06-05 20:00:00+00:00,America/New_York,2026-06-07 10:35:24.086615+00:00
EVTC,EVTC,755,2026-03-16 13:30:00+00:00,2026-06-05 20:00:00+00:00,America/New_York,2026-06-07 10:35:24.165627+00:00
IMCR,IMCR,754,2026-03-16 13:30:00+00:00,2026-06-05 20:00:00+00:00,America/New_York,2026-06-07 10:35:24.262680+00:00
GIII,GIII,755,2026-03-16 13:30:00+00:00,2026-06-05 20:00:00+00:00,America/New_York,2026-06-07 10:35:24.330036+00:00
NBR,NBR,755,2026-03-16 13:30:00+00:00,2026-06-05 20:00:00+00:00,America/New_York,2026-06-07 10:35:24.469629+00:00
ECVT,ECVT,755,2026-03-16 13:30:00+00:00,2026-06-05 20:00:00+00:00,America/New_York,2026-06-07 10:35:24.376113+00:00
ALMR,ALMR,447,2026-04-17 13:30:00+00:00,2026-06-05 20:00:00+00:00,America/New_York,2026-06-07 10:35:24.546959+00:00
AMLX,AMLX,755,2026-03-16 13:30:00+00:00,2026-06-05 20:00:00+00:00,America/New_York,2026-06-07 10:35:24.436367+00:00
SVV,SVV,755,2026-03-16 13:30:00+00:00,2026-06-05 20:00:00+00:00,America/New_York,2026-06-07 10:35:24.513330+00:00
LIND,LIND,755,2026-03-16 13:30:00+00:00,2026-06-05 20:00:00+00:00,America/New_York,2026-06-07 10:35:24.629928+00:00
AVBP,AVBP,755,2026-03-16 13:30:00+00:00,2026-06-05 20:00:00+00:00,America/New_York,2026-06-07 10:35:24.583027+00:00
FDP,FDP,754,2026-03-16 13:30:00+00:00,2026-06-05 20:00:00+00:00,America/New_York,2026-06-07 10:35:24.638106+00:00
NEO,NEO,755,2026-03-16 13:30:00+00:00,2026-06-05 20:00:00+00:00,America/New_York,2026-06-07 10:35:24.821611+00:00
ANAB,ANAB,755,2026-03-16 13:30:00+00:00,2026-06-05 20:00:00+00:00,America/New_York,2026-06-07 10:35:24.786985+00:00
LAR,LAR,755,2026-03-16 13:30:00+00:00,2026-06-05 20:00:00+00:00,America/New_York,2026-06-07 10:35:24.935273+00:00
YSWY,YSWY,413,2026-04-22 13:30:00+00:00,2026-06-05 20:00:00+00:00,America/New_York,2026-06-07 10:35:24.983258+00:00
IDT,IDT,751,2026-03-16 13:30:00+00:00,2026-06-05 20:00:00+00:00,America/New_York,2026-06-07 10:35:24.877973+00:00
RYZ,RYZ,755,2026-03-16 13:30:00+00:00,2026-06-05 20:00:00+00:00,America/New_York,2026-06-07 10:35:24.821611+00:00
AVAH,AVAH,755,2026-03-16 13:30:00+00:00,2026-06-05 20:00:00+00:00,America/New_York,2026-06-07 10:35:25.035145+00:00
TRIP,TRIP,755,2026-03-16 13:30:00+00:00,2026-06-05 20:00:00+00:00,America/New_York,2026-06-07 10:35:25.004551+00:00
PRG,PRG,755,2026-03-16 13:30:00+00:00,2026-06-05 20:00:00+00:00,America/New_York,2026-06-07 10:35:25.089308+00:00
SEPN,SEPN,755,2026-03-16 13:30:00+00:00,2026-06-05 20:00:00+00:00,America/New_York,2026-06-07 10:35:25.149568+00:00
DAO,DAO,720,2026-03-16 13:30:00+00:00,2026-06-05 20:00:00+00:00,America/New_York,2026-06-07 10:35:25.267393+00:00
CRI,CRI,755,2026-03-16 13:30:00+00:00,2026-06-05 20:00:00+00:00,America/New_York,2026-06-07 10:35:25.300040+00:00
WBI,WBI,755,2026-03-16 13:30:00+00:00,2026-06-05 20:00:00+00:00,America/New_York,2026-06-07 10:35:25.324640+00:00
AEVA,AEVA,755,2026-03-16 13:30:00+00:00,2026-06-05 20:00:00+00:00,America/New_York,2026-06-07 10:35:25.389260+00:00
GLUE,GLUE,755,2026-03-16 13:30:00+00:00,2026-06-05 20:00:00+00:00,America/New_York,2026-06-07 10:35:25.363173+00:00
LOMA,LOMA,755,2026-03-16 13:30:00+00:00,2026-06-05 20:00:00+00:00,America/New_York,2026-06-07 10:35:25.422832+00:00
ARLO,ARLO,755,2026-03-16 13:30:00+00:00,2026-06-05 20:00:00+00:00,America/New_York,2026-06-07 10:35:25.453890+00:00
ATRC,ATRC,755,2026-03-16 13:30:00+00:00,2026-06-05 20:00:00+00:00,America/New_York,2026-06-07 10:35:25.452888+00:00
GSHD,GSHD,755,2026-03-16 13:30:00+00:00,2026-06-05 20:00:00+00:00,America/New_York,2026-06-07 10:35:25.554841+00:00
ULCC,ULCC,755,2026-03-16 13:30:00+00:00,2026-06-05 20:00:00+00:00,America/New_York,2026-06-07 10:35:25.587954+00:00
GSL,GSL,755,2026-03-16 13:30:00+00:00,2026-06-05 20:00:00+00:00,America/New_York,2026-06-07 10:35:25.609601+00:00
ENOV,ENOV,755,2026-03-16 13:30:00+00:00,2026-06-05 20:00:00+00:00,America/New_York,2026-06-07 10:35:25.659223+00:00
HLX,HLX,755,2026-03-16 13:30:00+00:00,2026-06-05 20:00:00+00:00,America/New_York,2026-06-07 10:35:25.713248+00:00
LEG,LEG,755,2026-03-16 13:30:00+00:00,2026-06-05 20:00:00+00:00,America/New_York,2026-06-07 10:35:25.752931+00:00
DFH,DFH,755,2026-03-16 13:30:00+00:00,2026-06-05 20:00:00+00:00,America/New_York,2026-06-07 10:35:25.793655+00:00
ARDX,ARDX,755,2026-03-16 13:30:00+00:00,2026-06-05 20:00:00+00:00,America/New_York,2026-06-07 10:35:25.824077+00:00
RVLV,RVLV,755,2026-03-16 13:30:00+00:00,2026-06-05 20:00:00+00:00,America/New_York,2026-06-07 10:35:25.866263+00:00
NVGS,NVGS,755,2026-03-16 13:30:00+00:00,2026-06-05 20:00:00+00:00,America/New_York,2026-06-07 10:35:25.897956+00:00
MAZE,MAZE,755,2026-03-16 13:30:00+00:00,2026-06-05 20:00:00+00:00,America/New_York,2026-06-07 10:35:25.991522+00:00
AHCO,AHCO,755,2026-03-16 13:30:00+00:00,2026-06-05 20:00:00+00:00,America/New_York,2026-06-07 10:35:25.974469+00:00
IRS,IRS,754,2026-03-16 13:30:00+00:00,2026-06-05 20:00:00+00:00,America/New_York,2026-06-07 10:35:26.062229+00:00
WINA,WINA,736,2026-03-16 13:30:00+00:00,2026-06-05 20:00:00+00:00,America/New_York,2026-06-07 10:35:26.162345+00:00
UVV,UVV,754,2026-03-16 13:30:00+00:00,2026-06-05 20:00:00+00:00,America/New_York,2026-06-07 10:35:26.133163+00:00
NSP,NSP,755,2026-03-16 13:30:00+00:00,2026-06-05 20:00:00+00:00,America/New_York,2026-06-07 10:35:26.248569+00:00
DOLE,DOLE,755,2026-03-16 13:30:00+00:00,2026-06-05 20:00:00+00:00,America/New_York,2026-06-07 10:35:26.249583+00:00
ORC,ORC,755,2026-03-16 13:30:00+00:00,2026-06-05 20:00:00+00:00,America/New_York,2026-06-07 10:35:26.219485+00:00
WABC,WABC,753,2026-03-16 13:30:00+00:00,2026-06-05 20:00:00+00:00,America/New_York,2026-06-07 10:35:26.356005+00:00
ENR,ENR,755,2026-03-16 13:30:00+00:00,2026-06-05 20:00:00+00:00,America/New_York,2026-06-07 10:35:26.405544+00:00
ALX,ALX,577,2026-03-16 13:30:00+00:00,2026-06-05 20:00:00+00:00,America/New_York,2026-06-07 10:35:26.498886+00:00
IART,IART,755,2026-03-16 13:30:00+00:00,2026-06-05 20:00:00+00:00,America/New_York,2026-06-07 10:35:26.448693+00:00
MSDL,MSDL,755,2026-03-16 13:30:00+00:00,2026-06-05 20:00:00+00:00,America/New_York,2026-06-07 10:35:26.604036+00:00
PRGS,PRGS,755,2026-03-16 13:30:00+00:00,2026-06-05 20:00:00+00:00,America/New_York,2026-06-07 10:35:26.554362+00:00
CXM,CXM,755,2026-03-16 13:30:00+00:00,2026-06-05 20:00:00+00:00,America/New_York,2026-06-07 10:35:26.581455+00:00
IMTX,IMTX,755,2026-03-16 13:30:00+00:00,2026-06-05 20:00:00+00:00,America/New_York,2026-06-07 10:35:26.632818+00:00
PBT,PBT,748,2026-03-16 13:30:00+00:00,2026-06-05 20:00:00+00:00,America/New_York,2026-06-07 10:35:26.447142+00:00
PAHC,PAHC,755,2026-03-16 13:30:00+00:00,2026-06-05 20:00:00+00:00,America/New_York,2026-06-07 10:35:26.704087+00:00
BCAX,BCAX,755,2026-03-16 13:30:00+00:00,2026-06-05 20:00:00+00:00,America/New_York,2026-06-07 10:35:26.759842+00:00
URGN,URGN,755,2026-03-16 13:30:00+00:00,2026-06-05 20:00:00+00:00,America/New_York,2026-06-07 10:35:26.808735+00:00
TNDM,TNDM,755,2026-03-16 13:30:00+00:00,2026-06-05 20:00:00+00:00,America/New_York,2026-06-07 10:35:26.909464+00:00
CCEC,CCEC,415,2026-03-16 14:30:00+00:00,2026-06-05 20:00:00+00:00,America/New_York,2026-06-07 10:35:26.957129+00:00
WWW,WWW,755,2026-03-16 13:30:00+00:00,2026-06-05 20:00:00+00:00,America/New_York,2026-06-07 10:35:27.013325+00:00
PFBC,PFBC,728,2026-03-16 13:30:00+00:00,2026-06-05 20:00:00+00:00,America/New_York,2026-06-07 10:35:27.071765+00:00
BLFS,BLFS,755,2026-03-16 13:30:00+00:00,2026-06-05 20:00:00+00:00,America/New_York,2026-06-07 10:35:27.137486+00:00
LADR,LADR,755,2026-03-16 13:30:00+00:00,2026-06-05 20:00:00+00:00,America/New_York,2026-06-07 10:35:27.194302+00:00
BHRB,BHRB,750,2026-03-16 13:30:00+00:00,2026-06-05 20:00:00+00:00,America/New_York,2026-06-07 10:35:27.265495+00:00
IPX,IPX,755,2026-03-16 13:30:00+00:00,2026-06-05 20:00:00+00:00,America/New_York,2026-06-07 10:35:27.348747+00:00
AFYA,AFYA,736,2026-03-16 13:30:00+00:00,2026-06-05 20:00:00+00:00,America/New_York,2026-06-07 10:35:27.398897+00:00
YELP,YELP,755,2026-03-16 13:30:00+00:00,2026-06-05 20:00:00+00:00,America/New_York,2026-06-07 10:35:27.376858+00:00
BLKB,BLKB,755,2026-03-16 13:30:00+00:00,2026-06-05 20:00:00+00:00,America/New_York,2026-06-07 10:35:27.231392+00:00
AMAL,AMAL,754,2026-03-16 13:30:00+00:00,2026-06-05 20:00:00+00:00,America/New_York,2026-06-07 10:35:27.421468+00:00
WLFC,WLFC,696,2026-03-16 13:30:00+00:00,2026-06-05 20:00:00+00:00,America/New_York,2026-06-07 10:35:27.540270+00:00
UMH,UMH,755,2026-03-16 13:30:00+00:00,2026-06-05 20:00:00+00:00,America/New_York,2026-06-07 10:35:27.455021+00:00
TWO,TWO,755,2026-03-16 13:30:00+00:00,2026-06-05 20:00:00+00:00,America/New_York,2026-06-07 10:35:27.491065+00:00
ICFI,ICFI,754,2026-03-16 13:30:00+00:00,2026-06-05 20:00:00+00:00,America/New_York,2026-06-07 10:35:27.594459+00:00
CDRE,CDRE,755,2026-03-16 13:30:00+00:00,2026-06-05 20:00:00+00:00,America/New_York,2026-06-07 10:35:27.727218+00:00
MRVI,MRVI,755,2026-03-16 13:30:00+00:00,2026-06-05 20:00:00+00:00,America/New_York,2026-06-07 10:35:27.699399+00:00
BKSY,BKSY,755,2026-03-16 13:30:00+00:00,2026-06-05 20:00:00+00:00,America/New_York,2026-06-07 10:35:27.665458+00:00
WEN,WEN,755,2026-03-16 13:30:00+00:00,2026-06-05 20:00:00+00:00,America/New_York,2026-06-07 10:35:27.797596+00:00
INBX,INBX,755,2026-03-16 13:30:00+00:00,2026-06-05 20:00:00+00:00,America/New_York,2026-06-07 10:35:27.832336+00:00
ATLC,ATLC,712,2026-03-16 13:30:00+00:00,2026-06-05 20:00:00+00:00,America/New_York,2026-06-07 10:35:27.912818+00:00
UMAC,UMAC,755,2026-03-16 13:30:00+00:00,2026-06-05 20:00:00+00:00,America/New_York,2026-06-07 10:35:27.878983+00:00
TBLA,TBLA,755,2026-03-16 13:30:00+00:00,2026-06-05 20:00:00+00:00,America/New_York,2026-06-07 10:35:27.979624+00:00
KDK,KDK,755,2026-03-16 13:30:00+00:00,2026-06-05 20:00:00+00:00,America/New_York,2026-06-07 10:35:27.911819+00:00
PRA,PRA,755,2026-03-16 13:30:00+00:00,2026-06-05 20:00:00+00:00,America/New_York,2026-06-07 10:35:28.074411+00:00
LSPD,LSPD,755,2026-03-16 13:30:00+00:00,2026-06-05 20:00:00+00:00,America/New_York,2026-06-07 10:35:28.271969+00:00
MLTX,MLTX,755,2026-03-16 13:30:00+00:00,2026-06-05 20:00:00+00:00,America/New_York,2026-06-07 10:35:28.384037+00:00
DSGR,DSGR,718,2026-03-16 13:30:00+00:00,2026-06-05 20:00:00+00:00,America/New_York,2026-06-07 10:35:28.359978+00:00
DMRA,DMRA,754,2026-03-16 13:30:00+00:00,2026-06-05 20:00:00+00:00,America/New_York,2026-06-07 10:35:28.445694+00:00
PGEN,PGEN,755,2026-03-16 13:30:00+00:00,2026-06-05 20:00:00+00:00,America/New_York,2026-06-07 10:35:28.384542+00:00
AOSL,AOSL,755,2026-03-16 13:30:00+00:00,2026-06-05 20:00:00+00:00,America/New_York,2026-06-07 10:35:28.480381+00:00
TMP,TMP,720,2026-03-16 13:30:00+00:00,2026-06-05 20:00:00+00:00,America/New_York,2026-06-07 10:35:28.518449+00:00
PEBO,PEBO,755,2026-03-16 13:30:00+00:00,2026-06-05 20:00:00+00:00,America/New_York,2026-06-07 10:35:28.517450+00:00
ITRN,ITRN,752,2026-03-16 13:30:00+00:00,2026-06-05 20:00:00+00:00,America/New_York,2026-06-07 10:35:28.592748+00:00
ACDC,ACDC,755,2026-03-16 13:30:00+00:00,2026-06-05 20:00:00+00:00,America/New_York,2026-06-07 10:35:28.656405+00:00
GHM,GHM,755,2026-03-16 13:30:00+00:00,2026-06-05 20:00:00+00:00,America/New_York,2026-06-07 10:35:28.781315+00:00
EDN,EDN,754,2026-03-16 13:30:00+00:00,2026-06-05 20:00:00+00:00,America/New_York,2026-06-07 10:35:28.757742+00:00
TDOC,TDOC,755,2026-03-16 13:30:00+00:00,2026-06-05 20:00:00+00:00,America/New_York,2026-06-07 10:35:28.729214+00:00
FINV,FINV,755,2026-03-16 13:30:00+00:00,2026-06-05 20:00:00+00:00,America/New_York,2026-06-07 10:35:28.843091+00:00
ATEX,ATEX,755,2026-03-16 13:30:00+00:00,2026-06-05 20:00:00+00:00,America/New_York,2026-06-07 10:35:28.878883+00:00
NSSC,NSSC,755,2026-03-16 13:30:00+00:00,2026-06-05 20:00:00+00:00,America/New_York,2026-06-07 10:35:28.906515+00:00
PRSU,PRSU,754,2026-03-16 13:30:00+00:00,2026-06-05 20:00:00+00:00,America/New_York,2026-06-07 10:35:29.015470+00:00
ARDT,ARDT,755,2026-03-16 13:30:00+00:00,2026-06-05 20:00:00+00:00,America/New_York,2026-06-07 10:35:29.039604+00:00
TBN,TBN,741,2026-03-16 13:30:00+00:00,2026-06-05 20:00:00+00:00,America/New_York,2026-06-07 10:35:29.084375+00:00
TTI,TTI,755,2026-03-16 13:30:00+00:00,2026-06-05 20:00:00+00:00,America/New_York,2026-06-07 10:35:28.952267+00:00
ARRY,ARRY,755,2026-03-16 13:30:00+00:00,2026-06-05 20:00:00+00:00,America/New_York,2026-06-07 10:35:29.215379+00:00
HROW,HROW,755,2026-03-16 13:30:00+00:00,2026-06-05 20:00:00+00:00,America/New_York,2026-06-07 10:35:29.216378+00:00
XPEL,XPEL,754,2026-03-16 13:30:00+00:00,2026-06-05 20:00:00+00:00,America/New_York,2026-06-07 10:35:29.308493+00:00
PURR,PURR,755,2026-03-16 13:30:00+00:00,2026-06-05 20:00:00+00:00,America/New_York,2026-06-07 10:35:29.337035+00:00
CMP,CMP,755,2026-03-16 13:30:00+00:00,2026-06-05 20:00:00+00:00,America/New_York,2026-06-07 10:35:29.273884+00:00
AGBK,AGBK,755,2026-03-16 13:30:00+00:00,2026-06-05 20:00:00+00:00,America/New_York,2026-06-07 10:35:29.379489+00:00
HYLN,HYLN,755,2026-03-16 13:30:00+00:00,2026-06-05 20:00:00+00:00,America/New_York,2026-06-07 10:35:29.404036+00:00
ADTN,ADTN,755,2026-03-16 13:30:00+00:00,2026-06-05 20:00:00+00:00,America/New_York,2026-06-07 10:35:29.435726+00:00
CTBI,CTBI,738,2026-03-16 13:30:00+00:00,2026-06-05 20:00:00+00:00,America/New_York,2026-06-07 10:35:29.523940+00:00
MPLT,MPLT,752,2026-03-16 13:30:00+00:00,2026-06-05 20:00:00+00:00,America/New_York,2026-06-07 10:35:29.544985+00:00
EYE,EYE,755,2026-03-16 13:30:00+00:00,2026-06-05 20:00:00+00:00,America/New_York,2026-06-07 10:35:29.474569+00:00
VZLA,VZLA,755,2026-03-16 13:30:00+00:00,2026-06-05 20:00:00+00:00,America/New_York,2026-06-07 10:35:29.586203+00:00
HTLD,HTLD,755,2026-03-16 13:30:00+00:00,2026-06-05 20:00:00+00:00,America/New_York,2026-06-07 10:35:29.673189+00:00
OI,OI,755,2026-03-16 13:30:00+00:00,2026-06-05 20:00:00+00:00,America/New_York,2026-06-07 10:35:29.744622+00:00
RDWR,RDWR,755,2026-03-16 13:30:00+00:00,2026-06-05 20:00:00+00:00,America/New_York,2026-06-07 10:35:29.798865+00:00
AMN,AMN,755,2026-03-16 13:30:00+00:00,2026-06-05 20:00:00+00:00,America/New_York,2026-06-07 10:35:29.899887+00:00
VTOL,VTOL,755,2026-03-16 13:30:00+00:00,2026-06-05 20:00:00+00:00,America/New_York,2026-06-07 10:35:29.952259+00:00
ATEC,ATEC,755,2026-03-16 13:30:00+00:00,2026-06-05 20:00:00+00:00,America/New_York,2026-06-07 10:35:29.944044+00:00
NPKI,NPKI,755,2026-03-16 13:30:00+00:00,2026-06-05 20:00:00+00:00,America/New_York,2026-06-07 10:35:29.950044+00:00
CNL,CNL,738,2026-03-16 13:30:00+00:00,2026-06-05 20:00:00+00:00,America/New_York,2026-06-07 10:35:30.094808+00:00
PDS,PDS,754,2026-03-16 13:30:00+00:00,2026-06-05 20:00:00+00:00,America/New_York,2026-06-07 10:35:30.221343+00:00
LUCK,LUCK,700,2026-03-16 13:30:00+00:00,2026-06-05 20:00:00+00:00,America/New_York,2026-06-07 10:35:30.308255+00:00
AVLN,AVLN,335,2026-04-30 13:30:00+00:00,2026-06-05 20:00:00+00:00,America/New_York,2026-06-07 10:35:30.372047+00:00
XZO,XZO,755,2026-03-16 13:30:00+00:00,2026-06-05 20:00:00+00:00,America/New_York,2026-06-07 10:35:30.309247+00:00
TDAY,TDAY,755,2026-03-16 13:30:00+00:00,2026-06-05 20:00:00+00:00,America/New_York,2026-06-07 10:35:30.399613+00:00
FMBH,FMBH,739,2026-03-16 13:30:00+00:00,2026-06-05 20:00:00+00:00,America/New_York,2026-06-07 10:35:30.421491+00:00
PICS,PICS,754,2026-03-16 13:30:00+00:00,2026-06-05 20:00:00+00:00,America/New_York,2026-06-07 10:35:30.512666+00:00
LNN,LNN,750,2026-03-16 13:30:00+00:00,2026-06-05 20:00:00+00:00,America/New_York,2026-06-07 10:35:30.511158+00:00
OPFI,OPFI,755,2026-03-16 13:30:00+00:00,2026-06-05 20:00:00+00:00,America/New_York,2026-06-07 10:35:30.472024+00:00
IRMD,IRMD,742,2026-03-16 13:30:00+00:00,2026-06-05 20:00:00+00:00,America/New_York,2026-06-07 10:35:30.678775+00:00
NNE,NNE,755,2026-03-16 13:30:00+00:00,2026-06-05 20:00:00+00:00,America/New_York,2026-06-07 10:35:30.593898+00:00
COAG,COAG,319,2026-05-01 13:30:00+00:00,2026-06-05 20:00:00+00:00,America/New_York,2026-06-07 10:35:30.816220+00:00
GIC,GIC,739,2026-03-16 13:30:00+00:00,2026-06-05 20:00:00+00:00,America/New_York,2026-06-07 10:35:30.592896+00:00
HLF,HLF,755,2026-03-16 13:30:00+00:00,2026-06-05 20:00:00+00:00,America/New_York,2026-06-07 10:35:30.846840+00:00
NMAX,NMAX,755,2026-03-16 13:30:00+00:00,2026-06-05 20:00:00+00:00,America/New_York,2026-06-07 10:35:30.980184+00:00
CEVA,CEVA,755,2026-03-16 13:30:00+00:00,2026-06-05 20:00:00+00:00,America/New_York,2026-06-07 10:35:30.956085+00:00
RXT,RXT,755,2026-03-16 13:30:00+00:00,2026-06-05 20:00:00+00:00,America/New_York,2026-06-07 10:35:31.015264+00:00
SBH,SBH,755,2026-03-16 13:30:00+00:00,2026-06-05 20:00:00+00:00,America/New_York,2026-06-07 10:35:31.043376+00:00
INSP,INSP,755,2026-03-16 13:30:00+00:00,2026-06-05 20:00:00+00:00,America/New_York,2026-06-07 10:35:30.896702+00:00
MMI,MMI,755,2026-03-16 13:30:00+00:00,2026-06-05 20:00:00+00:00,America/New_York,2026-06-07 10:35:31.112312+00:00
TROX,TROX,755,2026-03-16 13:30:00+00:00,2026-06-05 20:00:00+00:00,America/New_York,2026-06-07 10:35:31.113312+00:00
PGY,PGY,755,2026-03-16 13:30:00+00:00,2026-06-05 20:00:00+00:00,America/New_York,2026-06-07 10:35:31.180309+00:00
CSIQ,CSIQ,755,2026-03-16 13:30:00+00:00,2026-06-05 20:00:00+00:00,America/New_York,2026-06-07 10:35:31.299808+00:00
VIA,VIA,755,2026-03-16 13:30:00+00:00,2026-06-05 20:00:00+00:00,America/New_York,2026-06-07 10:35:31.296807+00:00
AVEX,AVEX,452,2026-04-17 13:30:00+00:00,2026-06-05 20:00:00+00:00,America/New_York,2026-06-07 10:35:31.470919+00:00
AVNS,AVNS,755,2026-03-16 13:30:00+00:00,2026-06-05 20:00:00+00:00,America/New_York,2026-06-07 10:35:31.375453+00:00
LGIH,LGIH,755,2026-03-16 13:30:00+00:00,2026-06-05 20:00:00+00:00,America/New_York,2026-06-07 10:35:31.399536+00:00
PLTK,PLTK,755,2026-03-16 13:30:00+00:00,2026-06-05 20:00:00+00:00,America/New_York,2026-06-07 10:35:31.400536+00:00
GCT,GCT,755,2026-03-16 13:30:00+00:00,2026-06-05 20:00:00+00:00,America/New_York,2026-06-07 10:35:31.511001+00:00
SCL,SCL,753,2026-03-16 13:30:00+00:00,2026-06-05 20:00:00+00:00,America/New_York,2026-06-07 10:35:31.580330+00:00
UVSP,UVSP,755,2026-03-16 13:30:00+00:00,2026-06-05 20:00:00+00:00,America/New_York,2026-06-07 10:35:31.650119+00:00
UFCS,UFCS,744,2026-03-16 13:30:00+00:00,2026-06-05 20:00:00+00:00,America/New_York,2026-06-07 10:35:31.650119+00:00
BV,BV,755,2026-03-16 13:30:00+00:00,2026-06-05 20:00:00+00:00,America/New_York,2026-06-07 10:35:31.871027+00:00
ASTE,ASTE,755,2026-03-16 13:30:00+00:00,2026-06-05 20:00:00+00:00,America/New_York,2026-06-07 10:35:31.845153+00:00
BFLY,BFLY,755,2026-03-16 13:30:00+00:00,2026-06-05 20:00:00+00:00,America/New_York,2026-06-07 10:35:31.800097+00:00
LQDT,LQDT,753,2026-03-16 13:30:00+00:00,2026-06-05 20:00:00+00:00,America/New_York,2026-06-07 10:35:31.894578+00:00
CDNA,CDNA,755,2026-03-16 13:30:00+00:00,2026-06-05 20:00:00+00:00,America/New_York,2026-06-07 10:35:31.963366+00:00
HFWA,HFWA,755,2026-03-16 13:30:00+00:00,2026-06-05 20:00:00+00:00,America/New_York,2026-06-07 10:35:31.999534+00:00
CRML,CRML,755,2026-03-16 13:30:00+00:00,2026-06-05 20:00:00+00:00,America/New_York,2026-06-07 10:35:31.934638+00:00
ODC,ODC,718,2026-03-16 13:30:00+00:00,2026-06-05 20:00:00+00:00,America/New_York,2026-06-07 10:35:32.205150+00:00
OSBC,OSBC,755,2026-03-16 13:30:00+00:00,2026-06-05 20:00:00+00:00,America/New_York,2026-06-07 10:35:32.248797+00:00
NAT,NAT,755,2026-03-16 13:30:00+00:00,2026-06-05 20:00:00+00:00,America/New_York,2026-06-07 10:35:32.158762+00:00
NWPX,NWPX,746,2026-03-16 13:30:00+00:00,2026-06-05 20:00:00+00:00,America/New_York,2026-06-07 10:35:32.368109+00:00
SMPL,SMPL,755,2026-03-16 13:30:00+00:00,2026-06-05 20:00:00+00:00,America/New_York,2026-06-07 10:35:32.315976+00:00
GOLD,GOLD,755,2026-03-16 13:30:00+00:00,2026-06-05 20:00:00+00:00,America/New_York,2026-06-07 10:35:32.433502+00:00
SBR,SBR,709,2026-03-16 13:30:00+00:00,2026-06-05 20:00:00+00:00,America/New_York,2026-06-07 10:35:32.356574+00:00
JBGS,JBGS,755,2026-03-16 13:30:00+00:00,2026-06-05 20:00:00+00:00,America/New_York,2026-06-07 10:35:32.404253+00:00
PSNL,PSNL,755,2026-03-16 13:30:00+00:00,2026-06-05 20:00:00+00:00,America/New_York,2026-06-07 10:35:32.585972+00:00
KMTS,KMTS,755,2026-03-16 13:30:00+00:00,2026-06-05 20:00:00+00:00,America/New_York,2026-06-07 10:35:32.635882+00:00
MCB,MCB,749,2026-03-16 13:30:00+00:00,2026-06-05 20:00:00+00:00,America/New_York,2026-06-07 10:35:32.634878+00:00
AIIR,AIIR,105,2026-05-18 13:30:00+00:00,2026-06-05 20:00:00+00:00,America/New_York,2026-06-07 10:35:32.897628+00:00
SAFE,SAFE,755,2026-03-16 13:30:00+00:00,2026-06-05 20:00:00+00:00,America/New_York,2026-06-07 10:35:32.832851+00:00
DEA,DEA,755,2026-03-16 13:30:00+00:00,2026-06-05 20:00:00+00:00,America/New_York,2026-06-07 10:35:32.888021+00:00
TWFG,TWFG,754,2026-03-16 13:30:00+00:00,2026-06-05 20:00:00+00:00,America/New_York,2026-06-07 10:35:32.831853+00:00
CIM,CIM,755,2026-03-16 13:30:00+00:00,2026-06-05 20:00:00+00:00,America/New_York,2026-06-07 10:35:32.920177+00:00
UAMY,UAMY,755,2026-03-16 13:30:00+00:00,2026-06-05 20:00:00+00:00,America/New_York,2026-06-07 10:35:32.999568+00:00
PDM,PDM,755,2026-03-16 13:30:00+00:00,2026-06-05 20:00:00+00:00,America/New_York,2026-06-07 10:35:33.072917+00:00
ALVO,ALVO,755,2026-03-16 13:30:00+00:00,2026-06-05 20:00:00+00:00,America/New_York,2026-06-07 10:35:33.135281+00:00
THRM,THRM,755,2026-03-16 13:30:00+00:00,2026-06-05 20:00:00+00:00,America/New_York,2026-06-07 10:35:32.998569+00:00
ZBIO,ZBIO,755,2026-03-16 13:30:00+00:00,2026-06-05 20:00:00+00:00,America/New_York,2026-06-07 10:35:33.262612+00:00
IGIC,IGIC,669,2026-03-16 13:30:00+00:00,2026-06-05 20:00:00+00:00,America/New_York,2026-06-07 10:35:33.287847+00:00
WVE,WVE,755,2026-03-16 13:30:00+00:00,2026-06-05 20:00:00+00:00,America/New_York,2026-06-07 10:35:33.286849+00:00
PNTG,PNTG,752,2026-03-16 13:30:00+00:00,2026-06-05 20:00:00+00:00,America/New_York,2026-06-07 10:35:33.359993+00:00
ROCK,ROCK,755,2026-03-16 13:30:00+00:00,2026-06-05 20:00:00+00:00,America/New_York,2026-06-07 10:35:33.407222+00:00
TEN,TEN,755,2026-03-16 13:30:00+00:00,2026-06-05 20:00:00+00:00,America/New_York,2026-06-07 10:35:33.433298+00:00
CVLG,CVLG,752,2026-03-16 13:30:00+00:00,2026-06-05 20:00:00+00:00,America/New_York,2026-06-07 10:35:33.528779+00:00
CNMD,CNMD,755,2026-03-16 13:30:00+00:00,2026-06-05 20:00:00+00:00,America/New_York,2026-06-07 10:35:33.563415+00:00
MUX,MUX,755,2026-03-16 13:30:00+00:00,2026-06-05 20:00:00+00:00,America/New_York,2026-06-07 10:35:33.637342+00:00
DQ,DQ,755,2026-03-16 13:30:00+00:00,2026-06-05 20:00:00+00:00,America/New_York,2026-06-07 10:35:33.505687+00:00
UPWK,UPWK,755,2026-03-16 13:30:00+00:00,2026-06-05 20:00:00+00:00,America/New_York,2026-06-07 10:35:33.638340+00:00
PXED,PXED,734,2026-03-16 13:30:00+00:00,2026-06-05 20:00:00+00:00,America/New_York,2026-06-07 10:35:33.761518+00:00
SHAZ,SHAZ,741,2026-03-16 13:30:00+00:00,2026-06-05 20:00:00+00:00,America/New_York,2026-06-07 10:35:33.793670+00:00
APPS,APPS,755,2026-03-16 13:30:00+00:00,2026-06-05 20:00:00+00:00,America/New_York,2026-06-07 10:35:33.739555+00:00
HBT,HBT,695,2026-03-16 13:30:00+00:00,2026-06-05 20:00:00+00:00,America/New_York,2026-06-07 10:35:33.883614+00:00
CCB,CCB,748,2026-03-16 13:30:00+00:00,2026-06-05 20:00:00+00:00,America/New_York,2026-06-07 10:35:33.939911+00:00
GILT,GILT,755,2026-03-16 13:30:00+00:00,2026-06-05 20:00:00+00:00,America/New_York,2026-06-07 10:35:34.011928+00:00
UPBD,UPBD,755,2026-03-16 13:30:00+00:00,2026-06-05 20:00:00+00:00,America/New_York,2026-06-07 10:35:34.039984+00:00
LIFE,LIFE,755,2026-03-16 13:30:00+00:00,2026-06-05 20:00:00+00:00,America/New_York,2026-06-07 10:35:34.093743+00:00
GNK,GNK,755,2026-03-16 13:30:00+00:00,2026-06-05 20:00:00+00:00,America/New_York,2026-06-07 10:35:34.064583+00:00
OMDA,OMDA,755,2026-03-16 13:30:00+00:00,2026-06-05 20:00:00+00:00,America/New_York,2026-06-07 10:35:34.166985+00:00
SDGR,SDGR,755,2026-03-16 13:30:00+00:00,2026-06-05 20:00:00+00:00,America/New_York,2026-06-07 10:35:34.147767+00:00
COLL,COLL,755,2026-03-16 13:30:00+00:00,2026-06-05 20:00:00+00:00,America/New_York,2026-06-07 10:35:34.228781+00:00
PZZA,PZZA,755,2026-03-16 13:30:00+00:00,2026-06-05 20:00:00+00:00,America/New_York,2026-06-07 10:35:34.349704+00:00
SIFY,SIFY,700,2026-03-16 13:30:00+00:00,2026-06-05 20:00:00+00:00,America/New_York,2026-06-07 10:35:34.295548+00:00
BRBR,BRBR,755,2026-03-16 13:30:00+00:00,2026-06-05 20:00:00+00:00,America/New_York,2026-06-07 10:35:34.373851+00:00
OCSL,OCSL,755,2026-03-16 13:30:00+00:00,2026-06-05 20:00:00+00:00,America/New_York,2026-06-07 10:35:34.325104+00:00
SAFT,SAFT,730,2026-03-16 13:30:00+00:00,2026-06-05 20:00:00+00:00,America/New_York,2026-06-07 10:35:34.514048+00:00
UVE,UVE,754,2026-03-16 13:30:00+00:00,2026-06-05 20:00:00+00:00,America/New_York,2026-06-07 10:35:34.514048+00:00
MNKD,MNKD,755,2026-03-16 13:30:00+00:00,2026-06-05 20:00:00+00:00,America/New_York,2026-06-07 10:35:34.480841+00:00
GPRE,GPRE,755,2026-03-16 13:30:00+00:00,2026-06-05 20:00:00+00:00,America/New_York,2026-06-07 10:35:34.606543+00:00
DEC,DEC,755,2026-03-16 13:30:00+00:00,2026-06-05 20:00:00+00:00,America/New_York,2026-06-07 10:35:34.640399+00:00
CSR,CSR,751,2026-03-16 13:30:00+00:00,2026-06-05 20:00:00+00:00,America/New_York,2026-06-07 10:35:34.674949+00:00
MGRT,MGRT,417,2026-03-16 13:30:00+00:00,2026-06-05 20:00:00+00:00,America/New_York,2026-06-07 10:35:34.915436+00:00
AZTA,AZTA,755,2026-03-16 13:30:00+00:00,2026-06-05 20:00:00+00:00,America/New_York,2026-06-07 10:35:34.828911+00:00
AKTS,AKTS,754,2026-03-16 13:30:00+00:00,2026-06-05 20:00:00+00:00,America/New_York,2026-06-07 10:35:34.751314+00:00
FUBO,FUBO,755,2026-03-16 13:30:00+00:00,2026-06-05 20:00:00+00:00,America/New_York,2026-06-07 10:35:34.861680+00:00
DLX,DLX,755,2026-03-16 13:30:00+00:00,2026-06-05 20:00:00+00:00,America/New_York,2026-06-07 10:35:34.750314+00:00
LZ,LZ,755,2026-03-16 13:30:00+00:00,2026-06-05 20:00:00+00:00,America/New_York,2026-06-07 10:35:34.860673+00:00
CFFN,CFFN,755,2026-03-16 13:30:00+00:00,2026-06-05 20:00:00+00:00,America/New_York,2026-06-07 10:35:34.991363+00:00
ABR,ABR,755,2026-03-16 13:30:00+00:00,2026-06-05 20:00:00+00:00,America/New_York,2026-06-07 10:35:35.010980+00:00
LUXE,LUXE,754,2026-03-16 13:30:00+00:00,2026-06-05 20:00:00+00:00,America/New_York,2026-06-07 10:35:35.085568+00:00
XERS,XERS,755,2026-03-16 13:30:00+00:00,2026-06-05 20:00:00+00:00,America/New_York,2026-06-07 10:35:35.086567+00:00
REAL,REAL,755,2026-03-16 13:30:00+00:00,2026-06-05 20:00:00+00:00,America/New_York,2026-06-07 10:35:35.268498+00:00
AMPL,AMPL,755,2026-03-16 13:30:00+00:00,2026-06-05 20:00:00+00:00,America/New_York,2026-06-07 10:35:35.216648+00:00
PLOW,PLOW,755,2026-03-16 13:30:00+00:00,2026-06-05 20:00:00+00:00,America/New_York,2026-06-07 10:35:35.178402+00:00
ASST,ASST,755,2026-03-16 13:30:00+00:00,2026-06-05 20:00:00+00:00,America/New_York,2026-06-07 10:35:35.328472+00:00
EVLV,EVLV,755,2026-03-16 13:30:00+00:00,2026-06-05 20:00:00+00:00,America/New_York,2026-06-07 10:35:35.438087+00:00
SATL,SATL,755,2026-03-16 13:30:00+00:00,2026-06-05 20:00:00+00:00,America/New_York,2026-06-07 10:35:35.392408+00:00
ACEL,ACEL,755,2026-03-16 13:30:00+00:00,2026-06-05 20:00:00+00:00,America/New_York,2026-06-07 10:35:35.393919+00:00
OPY,OPY,683,2026-03-16 13:30:00+00:00,2026-06-05 20:00:00+00:00,America/New_York,2026-06-07 10:35:35.478204+00:00
GSBD,GSBD,755,2026-03-16 13:30:00+00:00,2026-06-05 20:00:00+00:00,America/New_York,2026-06-07 10:35:35.564954+00:00
PRCH,PRCH,755,2026-03-16 13:30:00+00:00,2026-06-05 20:00:00+00:00,America/New_York,2026-06-07 10:35:35.537396+00:00
MLKN,MLKN,755,2026-03-16 13:30:00+00:00,2026-06-05 20:00:00+00:00,America/New_York,2026-06-07 10:35:35.598069+00:00
UTZ,UTZ,755,2026-03-16 13:30:00+00:00,2026-06-05 20:00:00+00:00,America/New_York,2026-06-07 10:35:35.632264+00:00
RHLD,RHLD,749,2026-03-16 13:30:00+00:00,2026-06-05 20:00:00+00:00,America/New_York,2026-06-07 10:35:35.667889+00:00
JKS,JKS,755,2026-03-16 13:30:00+00:00,2026-06-05 20:00:00+00:00,America/New_York,2026-06-07 10:35:35.705582+00:00
SBET,SBET,755,2026-03-16 13:30:00+00:00,2026-06-05 20:00:00+00:00,America/New_York,2026-06-07 10:35:35.739446+00:00
SENEA,SENEA,715,2026-03-16 13:30:00+00:00,2026-06-05 20:00:00+00:00,America/New_York,2026-06-07 10:35:35.832183+00:00
SBGI,SBGI,755,2026-03-16 13:30:00+00:00,2026-06-05 20:00:00+00:00,America/New_York,2026-06-07 10:35:35.860310+00:00
SVRA,SVRA,755,2026-03-16 13:30:00+00:00,2026-06-05 20:00:00+00:00,America/New_York,2026-06-07 10:35:35.860310+00:00
HIVE,HIVE,755,2026-03-16 13:30:00+00:00,2026-06-05 20:00:00+00:00,America/New_York,2026-06-07 10:35:35.756976+00:00
KOPN,KOPN,755,2026-03-16 13:30:00+00:00,2026-06-05 20:00:00+00:00,America/New_York,2026-06-07 10:35:35.951373+00:00
SBSI,SBSI,746,2026-03-16 13:30:00+00:00,2026-06-05 20:00:00+00:00,America/New_York,2026-06-07 10:35:35.923106+00:00
TK,TK,755,2026-03-16 13:30:00+00:00,2026-06-05 20:00:00+00:00,America/New_York,2026-06-07 10:35:35.987794+00:00
EEX,EEX,617,2026-03-16 13:30:00+00:00,2026-06-05 20:00:00+00:00,America/New_York,2026-06-07 10:35:36.114261+00:00
VRTS,VRTS,748,2026-03-16 13:30:00+00:00,2026-06-05 20:00:00+00:00,America/New_York,2026-06-07 10:35:36.078671+00:00
INNV,INNV,754,2026-03-16 13:30:00+00:00,2026-06-05 20:00:00+00:00,America/New_York,2026-06-07 10:35:36.031740+00:00
ABSI,ABSI,755,2026-03-16 13:30:00+00:00,2026-06-05 20:00:00+00:00,America/New_York,2026-06-07 10:35:36.164082+00:00
ASM,ASM,755,2026-03-16 13:30:00+00:00,2026-06-05 20:00:00+00:00,America/New_York,2026-06-07 10:35:36.164082+00:00
EQBK,EQBK,740,2026-03-16 13:30:00+00:00,2026-06-05 20:00:00+00:00,America/New_York,2026-06-07 10:35:36.284222+00:00
HSLV,HSLV,751,2026-03-16 13:30:00+00:00,2026-06-05 20:00:00+00:00,America/New_York,2026-06-07 10:35:36.328339+00:00
QDEL,QDEL,755,2026-03-16 13:30:00+00:00,2026-06-05 20:00:00+00:00,America/New_York,2026-06-07 10:35:36.402027+00:00
MSEX,MSEX,754,2026-03-16 13:30:00+00:00,2026-06-05 20:00:00+00:00,America/New_York,2026-06-07 10:35:36.375390+00:00
EYPT,EYPT,755,2026-03-16 13:30:00+00:00,2026-06-05 20:00:00+00:00,America/New_York,2026-06-07 10:35:36.426194+00:00
MCBS,MCBS,724,2026-03-16 13:30:00+00:00,2026-06-05 20:00:00+00:00,America/New_York,2026-06-07 10:35:36.539408+00:00
DBVT,DBVT,747,2026-03-16 13:30:00+00:00,2026-06-05 20:00:00+00:00,America/New_York,2026-06-07 10:35:36.619720+00:00
METC,METC,755,2026-03-16 13:30:00+00:00,2026-06-05 20:00:00+00:00,America/New_York,2026-06-07 10:35:36.580059+00:00
BUR,BUR,755,2026-03-16 13:30:00+00:00,2026-06-05 20:00:00+00:00,America/New_York,2026-06-07 10:35:36.447767+00:00
ACVA,ACVA,755,2026-03-16 13:30:00+00:00,2026-06-05 20:00:00+00:00,America/New_York,2026-06-07 10:35:36.511047+00:00
APEI,APEI,755,2026-03-16 13:30:00+00:00,2026-06-05 20:00:00+00:00,America/New_York,2026-06-07 10:35:36.693451+00:00
USPH,USPH,753,2026-03-16 13:30:00+00:00,2026-06-05 20:00:00+00:00,America/New_York,2026-06-07 10:35:36.721000+00:00
CRSR,CRSR,755,2026-03-16 13:30:00+00:00,2026-06-05 20:00:00+00:00,America/New_York,2026-06-07 10:35:36.760959+00:00
KBDC,KBDC,755,2026-03-16 13:30:00+00:00,2026-06-05 20:00:00+00:00,America/New_York,2026-06-07 10:35:36.829995+00:00
ASIC,ASIC,717,2026-03-16 13:30:00+00:00,2026-06-05 20:00:00+00:00,America/New_York,2026-06-07 10:35:36.888038+00:00
CRAI,CRAI,740,2026-03-16 13:30:00+00:00,2026-06-05 20:00:00+00:00,America/New_York,2026-06-07 10:35:36.888038+00:00
IVA,IVA,745,2026-03-16 13:30:00+00:00,2026-06-05 20:00:00+00:00,America/New_York,2026-06-07 10:35:36.988962+00:00
JLHL,JLHL,458,2026-03-16 15:30:00+00:00,2026-06-05 20:00:00+00:00,America/New_York,2026-06-07 10:35:37.022163+00:00
VYX,VYX,755,2026-03-16 13:30:00+00:00,2026-06-05 20:00:00+00:00,America/New_York,2026-06-07 10:35:37.073507+00:00
HPK,HPK,755,2026-03-16 13:30:00+00:00,2026-06-05 20:00:00+00:00,America/New_York,2026-06-07 10:35:36.950256+00:00
NBN,NBN,709,2026-03-16 13:30:00+00:00,2026-06-05 20:00:00+00:00,America/New_York,2026-06-07 10:35:37.098535+00:00
ELE,ELE,755,2026-03-16 13:30:00+00:00,2026-06-05 20:00:00+00:00,America/New_York,2026-06-07 10:35:37.139511+00:00
TRUP,TRUP,755,2026-03-16 13:30:00+00:00,2026-06-05 20:00:00+00:00,America/New_York,2026-06-07 10:35:37.168216+00:00
SCSC,SCSC,755,2026-03-16 13:30:00+00:00,2026-06-05 20:00:00+00:00,America/New_York,2026-06-07 10:35:37.220677+00:00
AORT,AORT,754,2026-03-16 13:30:00+00:00,2026-06-05 20:00:00+00:00,America/New_York,2026-06-07 10:35:37.256942+00:00
NPK,NPK,706,2026-03-16 13:30:00+00:00,2026-06-05 20:00:00+00:00,America/New_York,2026-06-07 10:35:37.311728+00:00
GOOS,GOOS,755,2026-03-16 13:30:00+00:00,2026-06-05 20:00:00+00:00,America/New_York,2026-06-07 10:35:37.387562+00:00
BH,BH,750,2026-03-16 13:30:00+00:00,2026-06-05 20:00:00+00:00,America/New_York,2026-06-07 10:35:37.440544+00:00
NRGV,NRGV,755,2026-03-16 13:30:00+00:00,2026-06-05 20:00:00+00:00,America/New_York,2026-06-07 10:35:37.412914+00:00
MFA,MFA,755,2026-03-16 13:30:00+00:00,2026-06-05 20:00:00+00:00,America/New_York,2026-06-07 10:35:37.340440+00:00
HBNC,HBNC,755,2026-03-16 13:30:00+00:00,2026-06-05 20:00:00+00:00,America/New_York,2026-06-07 10:35:37.525804+00:00
CPF,CPF,747,2026-03-16 13:30:00+00:00,2026-06-05 20:00:00+00:00,America/New_York,2026-06-07 10:35:37.476646+00:00
DFIN,DFIN,754,2026-03-16 13:30:00+00:00,2026-06-05 20:00:00+00:00,America/New_York,2026-06-07 10:35:37.577662+00:00
SCHL,SCHL,755,2026-03-16 13:30:00+00:00,2026-06-05 20:00:00+00:00,America/New_York,2026-06-07 10:35:37.600700+00:00
NUTX,NUTX,746,2026-03-16 13:30:00+00:00,2026-06-05 20:00:00+00:00,America/New_York,2026-06-07 10:35:37.687848+00:00
LPTH,LPTH,755,2026-03-16 13:30:00+00:00,2026-06-05 20:00:00+00:00,America/New_York,2026-06-07 10:35:37.767579+00:00
AVR,AVR,755,2026-03-16 13:30:00+00:00,2026-06-05 20:00:00+00:00,America/New_York,2026-06-07 10:35:37.802809+00:00
LMB,LMB,754,2026-03-16 13:30:00+00:00,2026-06-05 20:00:00+00:00,America/New_York,2026-06-07 10:35:37.829840+00:00
CRTO,CRTO,755,2026-03-16 13:30:00+00:00,2026-06-05 20:00:00+00:00,America/New_York,2026-06-07 10:35:37.860187+00:00
CRVS,CRVS,755,2026-03-16 13:30:00+00:00,2026-06-05 20:00:00+00:00,America/New_York,2026-06-07 10:35:37.873798+00:00
BFST,BFST,754,2026-03-16 13:30:00+00:00,2026-06-05 20:00:00+00:00,America/New_York,2026-06-07 10:35:37.920617+00:00
TRST,TRST,737,2026-03-16 13:30:00+00:00,2026-06-05 20:00:00+00:00,America/New_York,2026-06-07 10:35:37.943205+00:00
CCNE,CCNE,752,2026-03-16 13:30:00+00:00,2026-06-05 20:00:00+00:00,America/New_York,2026-06-07 10:35:37.975793+00:00
DAKT,DAKT,755,2026-03-16 13:30:00+00:00,2026-06-05 20:00:00+00:00,America/New_York,2026-06-07 10:35:38.173979+00:00
EPC,EPC,755,2026-03-16 13:30:00+00:00,2026-06-05 20:00:00+00:00,America/New_York,2026-06-07 10:35:38.177088+00:00
ESQ,ESQ,734,2026-03-16 13:30:00+00:00,2026-06-05 20:00:00+00:00,America/New_York,2026-06-07 10:35:38.319170+00:00
CPAC,CPAC,486,2026-03-16 13:30:00+00:00,2026-06-05 20:00:00+00:00,America/New_York,2026-06-07 10:35:38.463836+00:00
FSBC,FSBC,715,2026-03-16 13:30:00+00:00,2026-06-05 20:00:00+00:00,America/New_York,2026-06-07 10:35:38.428289+00:00
PCRX,PCRX,755,2026-03-16 13:30:00+00:00,2026-06-05 20:00:00+00:00,America/New_York,2026-06-07 10:35:38.392634+00:00
SUPV,SUPV,755,2026-03-16 13:30:00+00:00,2026-06-05 20:00:00+00:00,America/New_York,2026-06-07 10:35:38.415257+00:00
FCEL,FCEL,755,2026-03-16 13:30:00+00:00,2026-06-05 20:00:00+00:00,America/New_York,2026-06-07 10:35:38.494200+00:00
APC,APC,733,2026-03-16 13:30:00+00:00,2026-06-05 20:00:00+00:00,America/New_York,2026-06-07 10:35:38.567331+00:00
HAFC,HAFC,755,2026-03-16 13:30:00+00:00,2026-06-05 20:00:00+00:00,America/New_York,2026-06-07 10:35:38.535280+00:00
MBWM,MBWM,738,2026-03-16 13:30:00+00:00,2026-06-05 20:00:00+00:00,America/New_York,2026-06-07 10:35:38.656618+00:00
UTL,UTL,751,2026-03-16 13:30:00+00:00,2026-06-05 20:00:00+00:00,America/New_York,2026-06-07 10:35:38.658138+00:00
BJRI,BJRI,755,2026-03-16 13:30:00+00:00,2026-06-05 20:00:00+00:00,America/New_York,2026-06-07 10:35:38.744561+00:00
AVO,AVO,755,2026-03-16 13:30:00+00:00,2026-06-05 20:00:00+00:00,America/New_York,2026-06-07 10:35:38.809587+00:00
OLMA,OLMA,755,2026-03-16 13:30:00+00:00,2026-06-05 20:00:00+00:00,America/New_York,2026-06-07 10:35:38.977634+00:00
LXU,LXU,755,2026-03-16 13:30:00+00:00,2026-06-05 20:00:00+00:00,America/New_York,2026-06-07 10:35:38.864260+00:00
PHAR,PHAR,382,2026-03-16 13:30:00+00:00,2026-06-05 20:00:00+00:00,America/New_York,2026-06-07 10:35:39.014373+00:00
JCAP,JCAP,753,2026-03-16 13:30:00+00:00,2026-06-05 20:00:00+00:00,America/New_York,2026-06-07 10:35:38.918182+00:00
AEBI,AEBI,755,2026-03-16 13:30:00+00:00,2026-06-05 20:00:00+00:00,America/New_York,2026-06-07 10:35:39.066542+00:00
AMTB,AMTB,755,2026-03-16 13:30:00+00:00,2026-06-05 20:00:00+00:00,America/New_York,2026-06-07 10:35:39.043963+00:00
ARHS,ARHS,755,2026-03-16 13:30:00+00:00,2026-06-05 20:00:00+00:00,America/New_York,2026-06-07 10:35:39.066542+00:00
RERE,RERE,755,2026-03-16 13:30:00+00:00,2026-06-05 20:00:00+00:00,America/New_York,2026-06-07 10:35:39.126569+00:00
BFS,BFS,701,2026-03-16 13:30:00+00:00,2026-06-05 20:00:00+00:00,America/New_York,2026-06-07 10:35:39.162491+00:00
SHEN,SHEN,754,2026-03-16 13:30:00+00:00,2026-06-05 20:00:00+00:00,America/New_York,2026-06-07 10:35:39.206580+00:00
MYE,MYE,755,2026-03-16 13:30:00+00:00,2026-06-05 20:00:00+00:00,America/New_York,2026-06-07 10:35:39.263375+00:00
INDI,INDI,755,2026-03-16 13:30:00+00:00,2026-06-05 20:00:00+00:00,America/New_York,2026-06-07 10:35:39.283390+00:00
WYFI,WYFI,755,2026-03-16 13:30:00+00:00,2026-06-05 20:00:00+00:00,America/New_York,2026-06-07 10:35:39.354851+00:00
ESRT,ESRT,755,2026-03-16 13:30:00+00:00,2026-06-05 20:00:00+00:00,America/New_York,2026-06-07 10:35:39.378952+00:00
PMT,PMT,755,2026-03-16 13:30:00+00:00,2026-06-05 20:00:00+00:00,America/New_York,2026-06-07 10:35:39.391481+00:00
KFRC,KFRC,755,2026-03-16 13:30:00+00:00,2026-06-05 20:00:00+00:00,America/New_York,2026-06-07 10:35:39.450113+00:00
RPC,RPC,755,2026-03-16 13:30:00+00:00,2026-06-05 20:00:00+00:00,America/New_York,2026-06-07 10:35:39.489278+00:00
CRCT,CRCT,755,2026-03-16 13:30:00+00:00,2026-06-05 20:00:00+00:00,America/New_York,2026-06-07 10:35:39.515491+00:00
SG,SG,755,2026-03-16 13:30:00+00:00,2026-06-05 20:00:00+00:00,America/New_York,2026-06-07 10:35:39.603468+00:00
JBSS,JBSS,715,2026-03-16 13:30:00+00:00,2026-06-05 20:00:00+00:00,America/New_York,2026-06-07 10:35:39.610518+00:00
TALK,TALK,755,2026-03-16 13:30:00+00:00,2026-06-05 20:00:00+00:00,America/New_York,2026-06-07 10:35:39.750722+00:00
KODK,KODK,755,2026-03-16 13:30:00+00:00,2026-06-05 20:00:00+00:00,America/New_York,2026-06-07 10:35:39.782480+00:00
BBDC,BBDC,755,2026-03-16 13:30:00+00:00,2026-06-05 20:00:00+00:00,America/New_York,2026-06-07 10:35:39.806147+00:00
SPTX,SPTX,318,2026-05-01 13:30:00+00:00,2026-06-05 20:00:00+00:00,America/New_York,2026-06-07 10:35:39.855335+00:00
PSIX,PSIX,755,2026-03-16 13:30:00+00:00,2026-06-05 20:00:00+00:00,America/New_York,2026-06-07 10:35:39.904046+00:00
AMPH,AMPH,755,2026-03-16 13:30:00+00:00,2026-06-05 20:00:00+00:00,America/New_York,2026-06-07 10:35:39.890479+00:00
SMP,SMP,747,2026-03-16 13:30:00+00:00,2026-06-05 20:00:00+00:00,America/New_York,2026-06-07 10:35:40.008379+00:00
MFIC,MFIC,755,2026-03-16 13:30:00+00:00,2026-06-05 20:00:00+00:00,America/New_York,2026-06-07 10:35:39.963942+00:00
INMD,INMD,755,2026-03-16 13:30:00+00:00,2026-06-05 20:00:00+00:00,America/New_York,2026-06-07 10:35:40.048028+00:00
ABX,ABX,755,2026-03-16 13:30:00+00:00,2026-06-05 20:00:00+00:00,America/New_York,2026-06-07 10:35:40.075612+00:00
CAC,CAC,734,2026-03-16 13:30:00+00:00,2026-06-05 20:00:00+00:00,America/New_York,2026-06-07 10:35:40.127254+00:00
CERT,CERT,755,2026-03-16 13:30:00+00:00,2026-06-05 20:00:00+00:00,America/New_York,2026-06-07 10:35:40.126254+00:00
MOMO,MOMO,755,2026-03-16 13:30:00+00:00,2026-06-05 20:00:00+00:00,America/New_York,2026-06-07 10:35:40.214185+00:00
FTK,FTK,754,2026-03-16 13:30:00+00:00,2026-06-05 20:00:00+00:00,America/New_York,2026-06-07 10:35:40.284172+00:00
NBBK,NBBK,755,2026-03-16 13:30:00+00:00,2026-06-05 20:00:00+00:00,America/New_York,2026-06-07 10:35:40.285176+00:00
GLIBA,GLIBA,660,2026-03-16 13:30:00+00:00,2026-06-05 20:00:00+00:00,America/New_York,2026-06-07 10:35:40.215183+00:00
ANNX,ANNX,755,2026-03-16 13:30:00+00:00,2026-06-05 20:00:00+00:00,America/New_York,2026-06-07 10:35:40.351591+00:00
BBSI,BBSI,754,2026-03-16 13:30:00+00:00,2026-06-05 20:00:00+00:00,America/New_York,2026-06-07 10:35:40.409214+00:00
EIG,EIG,755,2026-03-16 13:30:00+00:00,2026-06-05 20:00:00+00:00,America/New_York,2026-06-07 10:35:40.373192+00:00
VLRS,VLRS,755,2026-03-16 13:30:00+00:00,2026-06-05 20:00:00+00:00,America/New_York,2026-06-07 10:35:40.569239+00:00
THFF,THFF,722,2026-03-16 13:30:00+00:00,2026-06-05 20:00:00+00:00,America/New_York,2026-06-07 10:35:40.599280+00:00
SPRY,SPRY,755,2026-03-16 13:30:00+00:00,2026-06-05 20:00:00+00:00,America/New_York,2026-06-07 10:35:40.483169+00:00
FMNB,FMNB,755,2026-03-16 13:30:00+00:00,2026-06-05 20:00:00+00:00,America/New_York,2026-06-07 10:35:40.623941+00:00
BOW,BOW,755,2026-03-16 13:30:00+00:00,2026-06-05 20:00:00+00:00,America/New_York,2026-06-07 10:35:40.543469+00:00
GO,GO,755,2026-03-16 13:30:00+00:00,2026-06-05 20:00:00+00:00,America/New_York,2026-06-07 10:35:40.698799+00:00
ASPI,ASPI,755,2026-03-16 13:30:00+00:00,2026-06-05 20:00:00+00:00,America/New_York,2026-06-07 10:35:40.850698+00:00
TIGR,TIGR,755,2026-03-16 13:30:00+00:00,2026-06-05 20:00:00+00:00,America/New_York,2026-06-07 10:35:40.697800+00:00
YALA,YALA,755,2026-03-16 13:30:00+00:00,2026-06-05 20:00:00+00:00,America/New_York,2026-06-07 10:35:40.966038+00:00
INR,INR,755,2026-03-16 13:30:00+00:00,2026-06-05 20:00:00+00:00,America/New_York,2026-06-07 10:35:41.129220+00:00
JBIO,JBIO,755,2026-03-16 13:30:00+00:00,2026-06-05 20:00:00+00:00,America/New_York,2026-06-07 10:35:41.161660+00:00
XNCR,XNCR,755,2026-03-16 13:30:00+00:00,2026-06-05 20:00:00+00:00,America/New_York,2026-06-07 10:35:40.963565+00:00
ABUS,ABUS,755,2026-03-16 13:30:00+00:00,2026-06-05 20:00:00+00:00,America/New_York,2026-06-07 10:35:40.965039+00:00
EFOR,EFOR,391,2026-04-24 13:30:00+00:00,2026-06-05 20:00:00+00:00,America/New_York,2026-06-07 10:35:41.276541+00:00
MGTX,MGTX,755,2026-03-16 13:30:00+00:00,2026-06-05 20:00:00+00:00,America/New_York,2026-06-07 10:35:41.273533+00:00
ARKO,ARKO,755,2026-03-16 13:30:00+00:00,2026-06-05 20:00:00+00:00,America/New_York,2026-06-07 10:35:41.220666+00:00
BCSF,BCSF,755,2026-03-16 13:30:00+00:00,2026-06-05 20:00:00+00:00,America/New_York,2026-06-07 10:35:41.531914+00:00
EGBN,EGBN,755,2026-03-16 13:30:00+00:00,2026-06-05 20:00:00+00:00,America/New_York,2026-06-07 10:35:41.667825+00:00
MRLN,MRLN,742,2026-03-17 13:30:00+00:00,2026-06-05 20:00:00+00:00,America/New_York,2026-06-07 10:35:41.531914+00:00
CGEM,CGEM,755,2026-03-16 13:30:00+00:00,2026-06-05 20:00:00+00:00,America/New_York,2026-06-07 10:35:41.529912+00:00
LYTS,LYTS,755,2026-03-16 13:30:00+00:00,2026-06-05 20:00:00+00:00,America/New_York,2026-06-07 10:35:41.668825+00:00
CCOI,CCOI,755,2026-03-16 13:30:00+00:00,2026-06-05 20:00:00+00:00,America/New_York,2026-06-07 10:35:41.795784+00:00
MPB,MPB,750,2026-03-16 13:30:00+00:00,2026-06-05 20:00:00+00:00,America/New_York,2026-06-07 10:35:41.872816+00:00
RJET,RJET,749,2026-03-16 13:30:00+00:00,2026-06-05 20:00:00+00:00,America/New_York,2026-06-07 10:35:41.911531+00:00
AIAI,AIAI,200,2026-05-14 15:30:00+00:00,2026-06-05 20:00:00+00:00,America/New_York,2026-06-07 10:35:42.061862+00:00
ROOT,ROOT,755,2026-03-16 13:30:00+00:00,2026-06-05 20:00:00+00:00,America/New_York,2026-06-07 10:35:42.003801+00:00
HTB,HTB,723,2026-03-16 13:30:00+00:00,2026-06-05 20:00:00+00:00,America/New_York,2026-06-07 10:35:42.110775+00:00
DRTS,DRTS,754,2026-03-16 13:30:00+00:00,2026-06-05 20:00:00+00:00,America/New_York,2026-06-07 10:35:42.176701+00:00
FCBC,FCBC,706,2026-03-16 13:30:00+00:00,2026-06-05 20:00:00+00:00,America/New_York,2026-06-07 10:35:42.220966+00:00
SLI,SLI,755,2026-03-16 13:30:00+00:00,2026-06-05 20:00:00+00:00,America/New_York,2026-06-07 10:35:42.261892+00:00
TBPH,TBPH,755,2026-03-16 13:30:00+00:00,2026-06-05 20:00:00+00:00,America/New_York,2026-06-07 10:35:42.262893+00:00
LBRX,LBRX,749,2026-03-16 13:30:00+00:00,2026-06-05 20:00:00+00:00,America/New_York,2026-06-07 10:35:42.374844+00:00
TRNS,TRNS,740,2026-03-16 13:30:00+00:00,2026-06-05 20:00:00+00:00,America/New_York,2026-06-07 10:35:42.404428+00:00
MTUS,MTUS,755,2026-03-16 13:30:00+00:00,2026-06-05 20:00:00+00:00,America/New_York,2026-06-07 10:35:42.318830+00:00
ADAM,ADAM,755,2026-03-16 13:30:00+00:00,2026-06-05 20:00:00+00:00,America/New_York,2026-06-07 10:35:42.441001+00:00
JMIA,JMIA,755,2026-03-16 13:30:00+00:00,2026-06-05 20:00:00+00:00,America/New_York,2026-06-07 10:35:42.478205+00:00
LMRI,LMRI,755,2026-03-16 13:30:00+00:00,2026-06-05 20:00:00+00:00,America/New_York,2026-06-07 10:35:42.635937+00:00
ESPR,ESPR,755,2026-03-16 13:30:00+00:00,2026-06-05 20:00:00+00:00,America/New_York,2026-06-07 10:35:42.606847+00:00
JANX,JANX,755,2026-03-16 13:30:00+00:00,2026-06-05 20:00:00+00:00,America/New_York,2026-06-07 10:35:42.662757+00:00
IBTA,IBTA,753,2026-03-16 13:30:00+00:00,2026-06-05 20:00:00+00:00,America/New_York,2026-06-07 10:35:42.826822+00:00
PFLT,PFLT,755,2026-03-16 13:30:00+00:00,2026-06-05 20:00:00+00:00,America/New_York,2026-06-07 10:35:42.731649+00:00
CODI,CODI,755,2026-03-16 13:30:00+00:00,2026-06-05 20:00:00+00:00,America/New_York,2026-06-07 10:35:42.757901+00:00
KOP,KOP,752,2026-03-16 13:30:00+00:00,2026-06-05 20:00:00+00:00,America/New_York,2026-06-07 10:35:42.758912+00:00
DSP,DSP,754,2026-03-16 13:30:00+00:00,2026-06-05 20:00:00+00:00,America/New_York,2026-06-07 10:35:42.968078+00:00
IMSR,IMSR,755,2026-03-16 13:30:00+00:00,2026-06-05 20:00:00+00:00,America/New_York,2026-06-07 10:35:42.886222+00:00
GSBC,GSBC,717,2026-03-16 13:30:00+00:00,2026-06-05 20:00:00+00:00,America/New_York,2026-06-07 10:35:42.914443+00:00
EVC,EVC,753,2026-03-16 13:30:00+00:00,2026-06-05 20:00:00+00:00,America/New_York,2026-06-07 10:35:42.915444+00:00
MATW,MATW,755,2026-03-16 13:30:00+00:00,2026-06-05 20:00:00+00:00,America/New_York,2026-06-07 10:35:43.078592+00:00
PHAT,PHAT,755,2026-03-16 13:30:00+00:00,2026-06-05 20:00:00+00:00,America/New_York,2026-06-07 10:35:43.048920+00:00
SPFI,SPFI,730,2026-03-16 13:30:00+00:00,2026-06-05 20:00:00+00:00,America/New_York,2026-06-07 10:35:43.179022+00:00
CYRX,CYRX,755,2026-03-16 13:30:00+00:00,2026-06-05 20:00:00+00:00,America/New_York,2026-06-07 10:35:43.251270+00:00
APOG,APOG,754,2026-03-16 13:30:00+00:00,2026-06-05 20:00:00+00:00,America/New_York,2026-06-07 10:35:43.330237+00:00
PGC,PGC,748,2026-03-16 13:30:00+00:00,2026-06-05 20:00:00+00:00,America/New_York,2026-06-07 10:35:43.385554+00:00
HNRG,HNRG,755,2026-03-16 13:30:00+00:00,2026-06-05 20:00:00+00:00,America/New_York,2026-06-07 10:35:43.480267+00:00
WRLD,WRLD,733,2026-03-16 13:30:00+00:00,2026-06-05 20:00:00+00:00,America/New_York,2026-06-07 10:35:43.559848+00:00
ODTX,ODTX,257,2026-05-08 13:30:00+00:00,2026-06-05 20:00:00+00:00,America/New_York,2026-06-07 10:35:43.668155+00:00
ORIC,ORIC,755,2026-03-16 13:30:00+00:00,2026-06-05 20:00:00+00:00,America/New_York,2026-06-07 10:35:43.505873+00:00
ETON,ETON,755,2026-03-16 13:30:00+00:00,2026-06-05 20:00:00+00:00,America/New_York,2026-06-07 10:35:43.385554+00:00
REPL,REPL,746,2026-03-16 13:30:00+00:00,2026-06-05 20:00:00+00:00,America/New_York,2026-06-07 10:35:43.361348+00:00
WGO,WGO,755,2026-03-16 13:30:00+00:00,2026-06-05 20:00:00+00:00,America/New_York,2026-06-07 10:35:43.586473+00:00
KURA,KURA,755,2026-03-16 13:30:00+00:00,2026-06-05 20:00:00+00:00,America/New_York,2026-06-07 10:35:43.629126+00:00
SMBC,SMBC,706,2026-03-16 13:30:00+00:00,2026-06-05 20:00:00+00:00,America/New_York,2026-06-07 10:35:43.704518+00:00
CCBG,CCBG,730,2026-03-16 13:30:00+00:00,2026-06-05 20:00:00+00:00,America/New_York,2026-06-07 10:35:43.777551+00:00
AGNT,AGNT,261,2026-05-08 13:30:00+00:00,2026-06-05 20:00:00+00:00,America/New_York,2026-06-07 10:35:43.885444+00:00
SXC,SXC,755,2026-03-16 13:30:00+00:00,2026-06-05 20:00:00+00:00,America/New_York,2026-06-07 10:35:43.886444+00:00
NEWP,NEWP,755,2026-03-16 13:30:00+00:00,2026-06-05 20:00:00+00:00,America/New_York,2026-06-07 10:35:43.858040+00:00
HPP,HPP,755,2026-03-16 13:30:00+00:00,2026-06-05 20:00:00+00:00,America/New_York,2026-06-07 10:35:43.946188+00:00
CRESY,CRESY,754,2026-03-16 13:30:00+00:00,2026-06-05 20:00:00+00:00,America/New_York,2026-06-07 10:35:44.032618+00:00
ALOY,ALOY,755,2026-03-16 13:30:00+00:00,2026-06-05 20:00:00+00:00,America/New_York,2026-06-07 10:35:43.946188+00:00
REPX,REPX,755,2026-03-16 13:30:00+00:00,2026-06-05 20:00:00+00:00,America/New_York,2026-06-07 10:35:44.048670+00:00
HSTM,HSTM,755,2026-03-16 13:30:00+00:00,2026-06-05 20:00:00+00:00,America/New_York,2026-06-07 10:35:44.104819+00:00
BVS,BVS,755,2026-03-16 13:30:00+00:00,2026-06-05 20:00:00+00:00,America/New_York,2026-06-07 10:35:44.150179+00:00
RDVT,RDVT,752,2026-03-16 13:30:00+00:00,2026-06-05 20:00:00+00:00,America/New_York,2026-06-07 10:35:44.222509+00:00
CBRL,CBRL,755,2026-03-16 13:30:00+00:00,2026-06-05 20:00:00+00:00,America/New_York,2026-06-07 10:35:44.292673+00:00
CGBD,CGBD,755,2026-03-16 13:30:00+00:00,2026-06-05 20:00:00+00:00,America/New_York,2026-06-07 10:35:44.330786+00:00
FISI,FISI,740,2026-03-16 13:30:00+00:00,2026-06-05 20:00:00+00:00,America/New_York,2026-06-07 10:35:44.262532+00:00
SSYS,SSYS,755,2026-03-16 13:30:00+00:00,2026-06-05 20:00:00+00:00,America/New_York,2026-06-07 10:35:44.399671+00:00
OBE,OBE,755,2026-03-16 13:30:00+00:00,2026-06-05 20:00:00+00:00,America/New_York,2026-06-07 10:35:44.361406+00:00
NAVI,NAVI,755,2026-03-16 13:30:00+00:00,2026-06-05 20:00:00+00:00,America/New_York,2026-06-07 10:35:44.434471+00:00
KRO,KRO,755,2026-03-16 13:30:00+00:00,2026-06-05 20:00:00+00:00,America/New_York,2026-06-07 10:35:44.505856+00:00
NMFC,NMFC,755,2026-03-16 13:30:00+00:00,2026-06-05 20:00:00+00:00,America/New_York,2026-06-07 10:35:44.601265+00:00
XOMA,XOMA,751,2026-03-16 13:30:00+00:00,2026-06-05 20:00:00+00:00,America/New_York,2026-06-07 10:35:44.642952+00:00
NXRT,NXRT,755,2026-03-16 13:30:00+00:00,2026-06-05 20:00:00+00:00,America/New_York,2026-06-07 10:35:44.672484+00:00
ORRF,ORRF,748,2026-03-16 13:30:00+00:00,2026-06-05 20:00:00+00:00,America/New_York,2026-06-07 10:35:44.725838+00:00
NB,NB,755,2026-03-16 13:30:00+00:00,2026-06-05 20:00:00+00:00,America/New_York,2026-06-07 10:35:44.837768+00:00
SSII,SSII,662,2026-03-16 13:30:00+00:00,2026-06-05 20:00:00+00:00,America/New_York,2026-06-07 10:35:44.873347+00:00
ALRS,ALRS,752,2026-03-16 13:30:00+00:00,2026-06-05 20:00:00+00:00,America/New_York,2026-06-07 10:35:44.786071+00:00
IVR,IVR,755,2026-03-16 13:30:00+00:00,2026-06-05 20:00:00+00:00,America/New_York,2026-06-07 10:35:44.979949+00:00
WEST,WEST,755,2026-03-16 13:30:00+00:00,2026-06-05 20:00:00+00:00,America/New_York,2026-06-07 10:35:44.922669+00:00
FOXF,FOXF,755,2026-03-16 13:30:00+00:00,2026-06-05 20:00:00+00:00,America/New_York,2026-06-07 10:35:44.954133+00:00
RSKD,RSKD,755,2026-03-16 13:30:00+00:00,2026-06-05 20:00:00+00:00,America/New_York,2026-06-07 10:35:44.980950+00:00
GSM,GSM,755,2026-03-16 13:30:00+00:00,2026-06-05 20:00:00+00:00,America/New_York,2026-06-07 10:35:45.052911+00:00
SMBK,SMBK,713,2026-03-16 13:30:00+00:00,2026-06-05 20:00:00+00:00,America/New_York,2026-06-07 10:35:45.076496+00:00
PSTL,PSTL,755,2026-03-16 13:30:00+00:00,2026-06-05 20:00:00+00:00,America/New_York,2026-06-07 10:35:45.129509+00:00
INN,INN,755,2026-03-16 13:30:00+00:00,2026-06-05 20:00:00+00:00,America/New_York,2026-06-07 10:35:45.127495+00:00
DJCO,DJCO,689,2026-03-16 13:30:00+00:00,2026-06-05 20:00:00+00:00,America/New_York,2026-06-07 10:35:45.238377+00:00
EVMN,EVMN,755,2026-03-16 13:30:00+00:00,2026-06-05 20:00:00+00:00,America/New_York,2026-06-07 10:35:45.209759+00:00
NABL,NABL,755,2026-03-16 13:30:00+00:00,2026-06-05 20:00:00+00:00,America/New_York,2026-06-07 10:35:45.243412+00:00
VOR,VOR,755,2026-03-16 13:30:00+00:00,2026-06-05 20:00:00+00:00,America/New_York,2026-06-07 10:35:45.356763+00:00
BRSP,BRSP,755,2026-03-16 13:30:00+00:00,2026-06-05 20:00:00+00:00,America/New_York,2026-06-07 10:35:45.317026+00:00
IBCP,IBCP,750,2026-03-16 13:30:00+00:00,2026-06-05 20:00:00+00:00,America/New_York,2026-06-07 10:35:45.469342+00:00
LAES,LAES,755,2026-03-16 13:30:00+00:00,2026-06-05 20:00:00+00:00,America/New_York,2026-06-07 10:35:45.409524+00:00
GFR,GFR,750,2026-03-16 13:30:00+00:00,2026-06-05 20:00:00+00:00,America/New_York,2026-06-07 10:35:45.497833+00:00
BZH,BZH,755,2026-03-16 13:30:00+00:00,2026-06-05 20:00:00+00:00,America/New_York,2026-06-07 10:35:45.529393+00:00
HZO,HZO,755,2026-03-16 13:30:00+00:00,2026-06-05 20:00:00+00:00,America/New_York,2026-06-07 10:35:45.565462+00:00
PD,PD,755,2026-03-16 13:30:00+00:00,2026-06-05 20:00:00+00:00,America/New_York,2026-06-07 10:35:45.593049+00:00
JBI,JBI,755,2026-03-16 13:30:00+00:00,2026-06-05 20:00:00+00:00,America/New_York,2026-06-07 10:35:45.640275+00:00
KRNT,KRNT,753,2026-03-16 13:30:00+00:00,2026-06-05 20:00:00+00:00,America/New_York,2026-06-07 10:35:45.718756+00:00
NX,NX,755,2026-03-16 13:30:00+00:00,2026-06-05 20:00:00+00:00,America/New_York,2026-06-07 10:35:45.680687+00:00
GDOT,GDOT,755,2026-03-16 13:30:00+00:00,2026-06-05 20:00:00+00:00,America/New_York,2026-06-07 10:35:45.878738+00:00
EVER,EVER,755,2026-03-16 13:30:00+00:00,2026-06-05 20:00:00+00:00,America/New_York,2026-06-07 10:35:45.822752+00:00
FDUS,FDUS,755,2026-03-16 13:30:00+00:00,2026-06-05 20:00:00+00:00,America/New_York,2026-06-07 10:35:45.909329+00:00
VTS,VTS,755,2026-03-16 13:30:00+00:00,2026-06-05 20:00:00+00:00,America/New_York,2026-06-07 10:35:45.910335+00:00
SHBI,SHBI,755,2026-03-16 13:30:00+00:00,2026-06-05 20:00:00+00:00,America/New_York,2026-06-07 10:35:45.980343+00:00
BIOA,BIOA,755,2026-03-16 13:30:00+00:00,2026-06-05 20:00:00+00:00,America/New_York,2026-06-07 10:35:46.025057+00:00
OMER,OMER,755,2026-03-16 13:30:00+00:00,2026-06-05 20:00:00+00:00,America/New_York,2026-06-07 10:35:46.063745+00:00
SLRC,SLRC,755,2026-03-16 13:30:00+00:00,2026-06-05 20:00:00+00:00,America/New_York,2026-06-07 10:35:46.025057+00:00
NGVC,NGVC,752,2026-03-16 13:30:00+00:00,2026-06-05 20:00:00+00:00,America/New_York,2026-06-07 10:35:46.131807+00:00
MNTN,MNTN,755,2026-03-16 13:30:00+00:00,2026-06-05 20:00:00+00:00,America/New_York,2026-06-07 10:35:46.139330+00:00
SPIR,SPIR,755,2026-03-16 13:30:00+00:00,2026-06-05 20:00:00+00:00,America/New_York,2026-06-07 10:35:46.253112+00:00
HOV,HOV,733,2026-03-16 13:30:00+00:00,2026-06-05 20:00:00+00:00,America/New_York,2026-06-07 10:35:46.208796+00:00
AVTX,AVTX,755,2026-03-16 13:30:00+00:00,2026-06-05 20:00:00+00:00,America/New_York,2026-06-07 10:35:46.377790+00:00
QNST,QNST,755,2026-03-16 13:30:00+00:00,2026-06-05 20:00:00+00:00,America/New_York,2026-06-07 10:35:46.379293+00:00
SKYH,SKYH,749,2026-03-16 13:30:00+00:00,2026-06-05 20:00:00+00:00,America/New_York,2026-06-07 10:35:46.353927+00:00
AURA,AURA,755,2026-03-16 13:30:00+00:00,2026-06-05 20:00:00+00:00,America/New_York,2026-06-07 10:35:46.452126+00:00
HRTG,HRTG,755,2026-03-16 13:30:00+00:00,2026-06-05 20:00:00+00:00,America/New_York,2026-06-07 10:35:46.519115+00:00
GPRK,GPRK,755,2026-03-16 13:30:00+00:00,2026-06-05 20:00:00+00:00,America/New_York,2026-06-07 10:35:46.566348+00:00
HSHP,HSHP,755,2026-03-16 13:30:00+00:00,2026-06-05 20:00:00+00:00,America/New_York,2026-06-07 10:35:46.542180+00:00
ADSE,ADSE,193,2026-03-16 13:30:00+00:00,2026-06-05 20:00:00+00:00,America/New_York,2026-06-07 10:35:46.591416+00:00
AHRT,AHRT,755,2026-03-16 13:30:00+00:00,2026-06-05 20:00:00+00:00,America/New_York,2026-06-07 10:35:46.633579+00:00
NOAH,NOAH,732,2026-03-16 13:30:00+00:00,2026-06-05 20:00:00+00:00,America/New_York,2026-06-07 10:35:46.668375+00:00
BWMX,BWMX,738,2026-03-16 13:30:00+00:00,2026-06-05 20:00:00+00:00,America/New_York,2026-06-07 10:35:46.709391+00:00
CBLL,CBLL,755,2026-03-16 13:30:00+00:00,2026-06-05 20:00:00+00:00,America/New_York,2026-06-07 10:35:46.730946+00:00
RSVR,RSVR,669,2026-03-16 13:30:00+00:00,2026-06-05 20:00:00+00:00,America/New_York,2026-06-07 10:35:46.865059+00:00
MEC,MEC,751,2026-03-16 13:30:00+00:00,2026-06-05 20:00:00+00:00,America/New_York,2026-06-07 10:35:46.919334+00:00
RWT,RWT,755,2026-03-16 13:30:00+00:00,2026-06-05 20:00:00+00:00,America/New_York,2026-06-07 10:35:46.944880+00:00
MITK,MITK,755,2026-03-16 13:30:00+00:00,2026-06-05 20:00:00+00:00,America/New_York,2026-06-07 10:35:46.945891+00:00
DRUG,DRUG,749,2026-03-16 13:30:00+00:00,2026-06-05 20:00:00+00:00,America/New_York,2026-06-07 10:35:47.073422+00:00
ASC,ASC,755,2026-03-16 13:30:00+00:00,2026-06-05 20:00:00+00:00,America/New_York,2026-06-07 10:35:47.121649+00:00
TMQ,TMQ,755,2026-03-16 13:30:00+00:00,2026-06-05 20:00:00+00:00,America/New_York,2026-06-07 10:35:47.146804+00:00
VEL,VEL,700,2026-03-16 13:30:00+00:00,2026-06-05 20:00:00+00:00,America/New_York,2026-06-07 10:35:47.097557+00:00
TSAT,TSAT,754,2026-03-16 13:30:00+00:00,2026-06-05 20:00:00+00:00,America/New_York,2026-06-07 10:35:47.188521+00:00
CTO,CTO,755,2026-03-16 13:30:00+00:00,2026-06-05 20:00:00+00:00,America/New_York,2026-06-07 10:35:47.214193+00:00
FEIM,FEIM,755,2026-03-16 13:30:00+00:00,2026-06-05 20:00:00+00:00,America/New_York,2026-06-07 10:35:47.246441+00:00
SIBN,SIBN,755,2026-03-16 13:30:00+00:00,2026-06-05 20:00:00+00:00,America/New_York,2026-06-07 10:35:47.313992+00:00
TRTX,TRTX,755,2026-03-16 13:30:00+00:00,2026-06-05 20:00:00+00:00,America/New_York,2026-06-07 10:35:47.315004+00:00
SB,SB,755,2026-03-16 13:30:00+00:00,2026-06-05 20:00:00+00:00,America/New_York,2026-06-07 10:35:47.380044+00:00
BALY,BALY,690,2026-03-16 13:30:00+00:00,2026-06-05 20:00:00+00:00,America/New_York,2026-06-07 10:35:47.470423+00:00
DMII,DMII,175,2026-03-16 13:30:00+00:00,2026-06-05 20:00:00+00:00,America/New_York,2026-06-07 10:35:47.519313+00:00
YB,YB,585,2026-03-16 13:30:00+00:00,2026-06-05 20:00:00+00:00,America/New_York,2026-06-07 10:35:47.566533+00:00
CWBC,CWBC,752,2026-03-16 13:30:00+00:00,2026-06-05 20:00:00+00:00,America/New_York,2026-06-07 10:35:47.418708+00:00
TIPT,TIPT,755,2026-03-16 13:30:00+00:00,2026-06-05 20:00:00+00:00,America/New_York,2026-06-07 10:35:47.519313+00:00
FBRT,FBRT,755,2026-03-16 13:30:00+00:00,2026-06-05 20:00:00+00:00,America/New_York,2026-06-07 10:35:47.623985+00:00
SLDB,SLDB,755,2026-03-16 13:30:00+00:00,2026-06-05 20:00:00+00:00,America/New_York,2026-06-07 10:35:47.721721+00:00
SWBI,SWBI,755,2026-03-16 13:30:00+00:00,2026-06-05 20:00:00+00:00,America/New_York,2026-06-07 10:35:47.684927+00:00
OXM,OXM,755,2026-03-16 13:30:00+00:00,2026-06-05 20:00:00+00:00,America/New_York,2026-06-07 10:35:47.769958+00:00
CWH,CWH,755,2026-03-16 13:30:00+00:00,2026-06-05 20:00:00+00:00,America/New_York,2026-06-07 10:35:47.884641+00:00
CGNT,CGNT,755,2026-03-16 13:30:00+00:00,2026-06-05 20:00:00+00:00,America/New_York,2026-06-07 10:35:47.852449+00:00
CRMD,CRMD,755,2026-03-16 13:30:00+00:00,2026-06-05 20:00:00+00:00,America/New_York,2026-06-07 10:35:47.912717+00:00
DSGN,DSGN,755,2026-03-16 13:30:00+00:00,2026-06-05 20:00:00+00:00,America/New_York,2026-06-07 10:35:47.817751+00:00
MTA,MTA,755,2026-03-16 13:30:00+00:00,2026-06-05 20:00:00+00:00,America/New_York,2026-06-07 10:35:47.997672+00:00
VRRM,VRRM,755,2026-03-16 13:30:00+00:00,2026-06-05 20:00:00+00:00,America/New_York,2026-06-07 10:35:48.084848+00:00
SDHC,SDHC,734,2026-03-16 13:30:00+00:00,2026-06-05 20:00:00+00:00,America/New_York,2026-06-07 10:35:48.078736+00:00
RMR,RMR,752,2026-03-16 13:30:00+00:00,2026-06-05 20:00:00+00:00,America/New_York,2026-06-07 10:35:48.270785+00:00
PKE,PKE,755,2026-03-16 13:30:00+00:00,2026-06-05 20:00:00+00:00,America/New_York,2026-06-07 10:35:48.321878+00:00
NTGR,NTGR,755,2026-03-16 13:30:00+00:00,2026-06-05 20:00:00+00:00,America/New_York,2026-06-07 10:35:48.348566+00:00
DC,DC,755,2026-03-16 13:30:00+00:00,2026-06-05 20:00:00+00:00,America/New_York,2026-06-07 10:35:48.390194+00:00
TCBX,TCBX,729,2026-03-16 13:30:00+00:00,2026-06-05 20:00:00+00:00,America/New_York,2026-06-07 10:35:48.348566+00:00
AXG,AXG,704,2026-03-16 13:30:00+00:00,2026-06-05 20:00:00+00:00,America/New_York,2026-06-07 10:35:48.443130+00:00
ANRO,ANRO,755,2026-03-16 13:30:00+00:00,2026-06-05 20:00:00+00:00,America/New_York,2026-06-07 10:35:48.515687+00:00
OCS,OCS,751,2026-03-16 13:30:00+00:00,2026-06-05 20:00:00+00:00,America/New_York,2026-06-07 10:35:48.473289+00:00
ISOU,ISOU,747,2026-03-16 13:30:00+00:00,2026-06-05 20:00:00+00:00,America/New_York,2026-06-07 10:35:48.588260+00:00
WASH,WASH,755,2026-03-16 13:30:00+00:00,2026-06-05 20:00:00+00:00,America/New_York,2026-06-07 10:35:48.613317+00:00
MAKO,MAKO,621,2026-03-30 13:30:00+00:00,2026-06-05 20:00:00+00:00,America/New_York,2026-06-07 10:35:48.543750+00:00
CCSI,CCSI,750,2026-03-16 13:30:00+00:00,2026-06-05 20:00:00+00:00,America/New_York,2026-06-07 10:35:48.671520+00:00
TMCR,TMCR,467,2026-04-08 14:00:00+00:00,2026-06-05 20:00:00+00:00,America/New_York,2026-06-07 10:35:48.818024+00:00
DGICA,DGICA,751,2026-03-16 13:30:00+00:00,2026-06-05 20:00:00+00:00,America/New_York,2026-06-07 10:35:48.685049+00:00
CARE,CARE,755,2026-03-16 13:30:00+00:00,2026-06-05 20:00:00+00:00,America/New_York,2026-06-07 10:35:48.793780+00:00
NCDL,NCDL,755,2026-03-16 13:30:00+00:00,2026-06-05 20:00:00+00:00,America/New_York,2026-06-07 10:35:48.889214+00:00
CNNE,CNNE,755,2026-03-16 13:30:00+00:00,2026-06-05 20:00:00+00:00,America/New_York,2026-06-07 10:35:48.765154+00:00
GRNT,GRNT,755,2026-03-16 13:30:00+00:00,2026-06-05 20:00:00+00:00,America/New_York,2026-06-07 10:35:48.849585+00:00
SGP,SGP,661,2026-03-16 13:30:00+00:00,2026-06-05 20:00:00+00:00,America/New_York,2026-06-07 10:35:48.961705+00:00
HIFS,HIFS,704,2026-03-16 13:30:00+00:00,2026-06-05 20:00:00+00:00,America/New_York,2026-06-07 10:35:49.016434+00:00
RLMD,RLMD,755,2026-03-16 13:30:00+00:00,2026-06-05 20:00:00+00:00,America/New_York,2026-06-07 10:35:49.121470+00:00
GRPN,GRPN,755,2026-03-16 13:30:00+00:00,2026-06-05 20:00:00+00:00,America/New_York,2026-06-07 10:35:49.046584+00:00
BCAL,BCAL,748,2026-03-16 13:30:00+00:00,2026-06-05 20:00:00+00:00,America/New_York,2026-06-07 10:35:49.098355+00:00
CADL,CADL,755,2026-03-16 13:30:00+00:00,2026-06-05 20:00:00+00:00,America/New_York,2026-06-07 10:35:49.250940+00:00
GOOD,GOOD,755,2026-03-16 13:30:00+00:00,2026-06-05 20:00:00+00:00,America/New_York,2026-06-07 10:35:49.391848+00:00
ZVRA,ZVRA,755,2026-03-16 13:30:00+00:00,2026-06-05 20:00:00+00:00,America/New_York,2026-06-07 10:35:49.332260+00:00
OFRM,OFRM,755,2026-03-16 13:30:00+00:00,2026-06-05 20:00:00+00:00,America/New_York,2026-06-07 10:35:49.355893+00:00
CASS,CASS,717,2026-03-16 13:30:00+00:00,2026-06-05 20:00:00+00:00,America/New_York,2026-06-07 10:35:49.441935+00:00
ONT,ONT,313,2026-05-04 13:30:00+00:00,2026-06-05 20:00:00+00:00,America/New_York,2026-06-07 10:35:49.655802+00:00
HIPO,HIPO,745,2026-03-16 13:30:00+00:00,2026-06-05 20:00:00+00:00,America/New_York,2026-06-07 10:35:49.523139+00:00
VTEX,VTEX,755,2026-03-16 13:30:00+00:00,2026-06-05 20:00:00+00:00,America/New_York,2026-06-07 10:35:49.602973+00:00
FWRG,FWRG,755,2026-03-16 13:30:00+00:00,2026-06-05 20:00:00+00:00,America/New_York,2026-06-07 10:35:49.522130+00:00
SCZM,SCZM,755,2026-03-16 13:30:00+00:00,2026-06-05 20:00:00+00:00,America/New_York,2026-06-07 10:35:49.749192+00:00
NKLR,NKLR,755,2026-03-16 13:30:00+00:00,2026-06-05 20:00:00+00:00,America/New_York,2026-06-07 10:35:49.742198+00:00
BBOT,BBOT,753,2026-03-16 13:30:00+00:00,2026-06-05 20:00:00+00:00,America/New_York,2026-06-07 10:35:49.843371+00:00
BLMN,BLMN,755,2026-03-16 13:30:00+00:00,2026-06-05 20:00:00+00:00,America/New_York,2026-06-07 10:35:49.871082+00:00
RGR,RGR,752,2026-03-16 13:30:00+00:00,2026-06-05 20:00:00+00:00,America/New_York,2026-06-07 10:35:49.903740+00:00
SWIM,SWIM,755,2026-03-16 13:30:00+00:00,2026-06-05 20:00:00+00:00,America/New_York,2026-06-07 10:35:49.939854+00:00
AROW,AROW,721,2026-03-16 13:30:00+00:00,2026-06-05 20:00:00+00:00,America/New_York,2026-06-07 10:35:49.963097+00:00
VMET,VMET,754,2026-03-16 13:30:00+00:00,2026-06-05 20:00:00+00:00,America/New_York,2026-06-07 10:35:49.963097+00:00
PRAA,PRAA,755,2026-03-16 13:30:00+00:00,2026-06-05 20:00:00+00:00,America/New_York,2026-06-07 10:35:50.140690+00:00
VBNK,VBNK,638,2026-03-16 13:30:00+00:00,2026-06-05 20:00:00+00:00,America/New_York,2026-06-07 10:35:50.214557+00:00
MSBI,MSBI,751,2026-03-16 13:30:00+00:00,2026-06-05 20:00:00+00:00,America/New_York,2026-06-07 10:35:50.271247+00:00
CSTL,CSTL,754,2026-03-16 13:30:00+00:00,2026-06-05 20:00:00+00:00,America/New_York,2026-06-07 10:35:50.376000+00:00
MAMA,MAMA,755,2026-03-16 13:30:00+00:00,2026-06-05 20:00:00+00:00,America/New_York,2026-06-07 10:35:50.344257+00:00
HY,HY,738,2026-03-16 13:30:00+00:00,2026-06-05 20:00:00+00:00,America/New_York,2026-06-07 10:35:50.458915+00:00
TDUP,TDUP,755,2026-03-16 13:30:00+00:00,2026-06-05 20:00:00+00:00,America/New_York,2026-06-07 10:35:50.407744+00:00
NFBK,NFBK,754,2026-03-16 13:30:00+00:00,2026-06-05 20:00:00+00:00,America/New_York,2026-06-07 10:35:50.435325+00:00
BBNX,BBNX,755,2026-03-16 13:30:00+00:00,2026-06-05 20:00:00+00:00,America/New_York,2026-06-07 10:35:50.487009+00:00
ELA,ELA,743,2026-03-16 13:30:00+00:00,2026-06-05 20:00:00+00:00,America/New_York,2026-06-07 10:35:50.528322+00:00
GYRE,GYRE,736,2026-03-16 13:30:00+00:00,2026-06-05 20:00:00+00:00,America/New_York,2026-06-07 10:35:50.615715+00:00
MCS,MCS,753,2026-03-16 13:30:00+00:00,2026-06-05 20:00:00+00:00,America/New_York,2026-06-07 10:35:50.568390+00:00
GAIN,GAIN,755,2026-03-16 13:30:00+00:00,2026-06-05 20:00:00+00:00,America/New_York,2026-06-07 10:35:50.710311+00:00
ACRS,ACRS,755,2026-03-16 13:30:00+00:00,2026-06-05 20:00:00+00:00,America/New_York,2026-06-07 10:35:50.674860+00:00
VINP,VINP,625,2026-03-16 13:30:00+00:00,2026-06-05 20:00:00+00:00,America/New_York,2026-06-07 10:35:50.777541+00:00
CLYM,CLYM,755,2026-03-16 13:30:00+00:00,2026-06-05 20:00:00+00:00,America/New_York,2026-06-07 10:35:50.812551+00:00
NPB,NPB,748,2026-03-16 13:30:00+00:00,2026-06-05 20:00:00+00:00,America/New_York,2026-06-07 10:35:50.854834+00:00
CLB,CLB,755,2026-03-16 13:30:00+00:00,2026-06-05 20:00:00+00:00,America/New_York,2026-06-07 10:35:50.895544+00:00
PFIS,PFIS,616,2026-03-16 13:30:00+00:00,2026-06-05 20:00:00+00:00,America/New_York,2026-06-07 10:35:50.995225+00:00
RRBI,RRBI,688,2026-03-16 13:30:00+00:00,2026-06-05 20:00:00+00:00,America/New_York,2026-06-07 10:35:51.065444+00:00
EVAC,EVAC,274,2026-03-16 13:30:00+00:00,2026-06-05 19:30:00+00:00,America/New_York,2026-06-07 10:35:51.134807+00:00
BHB,BHB,742,2026-03-16 13:30:00+00:00,2026-06-05 20:00:00+00:00,America/New_York,2026-06-07 10:35:51.180408+00:00
DNUT,DNUT,755,2026-03-16 13:30:00+00:00,2026-06-05 20:00:00+00:00,America/New_York,2026-06-07 10:35:51.251959+00:00
BCSS,BCSS,214,2026-03-17 18:00:00+00:00,2026-06-04 19:30:00+00:00,America/New_York,2026-06-07 10:35:51.303895+00:00
AMSF,AMSF,755,2026-03-16 13:30:00+00:00,2026-06-05 20:00:00+00:00,America/New_York,2026-06-07 10:35:51.328936+00:00
CSV,CSV,736,2026-03-16 13:30:00+00:00,2026-06-05 20:00:00+00:00,America/New_York,2026-06-07 10:35:51.410654+00:00
KE,KE,751,2026-03-16 13:30:00+00:00,2026-06-05 20:00:00+00:00,America/New_York,2026-06-07 10:35:51.353498+00:00
EH,EH,755,2026-03-16 13:30:00+00:00,2026-06-05 20:00:00+00:00,America/New_York,2026-06-07 10:35:51.377045+00:00
MAX,MAX,755,2026-03-16 13:30:00+00:00,2026-06-05 20:00:00+00:00,America/New_York,2026-06-07 10:35:51.454808+00:00
MOV,MOV,754,2026-03-16 13:30:00+00:00,2026-06-05 20:00:00+00:00,America/New_York,2026-06-07 10:35:51.488060+00:00
IHRT,IHRT,755,2026-03-16 13:30:00+00:00,2026-06-05 20:00:00+00:00,America/New_York,2026-06-07 10:35:51.536019+00:00
PACK,PACK,755,2026-03-16 13:30:00+00:00,2026-06-05 20:00:00+00:00,America/New_York,2026-06-07 10:35:51.728159+00:00
BWAY,BWAY,754,2026-03-16 13:30:00+00:00,2026-06-05 20:00:00+00:00,America/New_York,2026-06-07 10:35:51.663131+00:00
SERV,SERV,755,2026-03-16 13:30:00+00:00,2026-06-05 20:00:00+00:00,America/New_York,2026-06-07 10:35:51.772322+00:00
ASIX,ASIX,755,2026-03-16 13:30:00+00:00,2026-06-05 20:00:00+00:00,America/New_York,2026-06-07 10:35:51.772322+00:00
DDI,DDI,669,2026-03-16 13:30:00+00:00,2026-06-05 20:00:00+00:00,America/New_York,2026-06-07 10:35:51.825544+00:00
PHR,PHR,755,2026-03-16 13:30:00+00:00,2026-06-05 20:00:00+00:00,America/New_York,2026-06-07 10:35:51.895553+00:00
ILPT,ILPT,755,2026-03-16 13:30:00+00:00,2026-06-05 20:00:00+00:00,America/New_York,2026-06-07 10:35:51.919607+00:00
FET,FET,755,2026-03-16 13:30:00+00:00,2026-06-05 20:00:00+00:00,America/New_York,2026-06-07 10:35:51.960879+00:00
UHT,UHT,733,2026-03-16 13:30:00+00:00,2026-06-05 20:00:00+00:00,America/New_York,2026-06-07 10:35:52.034417+00:00
ACNB,ACNB,689,2026-03-16 13:30:00+00:00,2026-06-05 20:00:00+00:00,America/New_York,2026-06-07 10:35:52.164727+00:00
TLRY,TLRY,755,2026-03-16 13:30:00+00:00,2026-06-05 20:00:00+00:00,America/New_York,2026-06-07 10:35:51.983567+00:00
TATT,TATT,755,2026-03-16 13:30:00+00:00,2026-06-05 20:00:00+00:00,America/New_York,2026-06-07 10:35:52.129638+00:00
BWMN,BWMN,744,2026-03-16 13:30:00+00:00,2026-06-05 20:00:00+00:00,America/New_York,2026-06-07 10:35:52.245429+00:00
KRT,KRT,744,2026-03-16 13:30:00+00:00,2026-06-05 20:00:00+00:00,America/New_York,2026-06-07 10:35:52.215003+00:00
CEPF,CEPF,249,2026-03-16 13:30:00+00:00,2026-06-05 20:00:00+00:00,America/New_York,2026-06-07 10:35:52.326697+00:00
TCMD,TCMD,755,2026-03-16 13:30:00+00:00,2026-06-05 20:00:00+00:00,America/New_York,2026-06-07 10:35:52.383222+00:00
MLAB,MLAB,744,2026-03-16 13:30:00+00:00,2026-06-05 20:00:00+00:00,America/New_York,2026-06-07 10:35:52.326697+00:00
HELE,HELE,755,2026-03-16 13:30:00+00:00,2026-06-05 20:00:00+00:00,America/New_York,2026-06-07 10:35:52.418339+00:00
LEGH,LEGH,733,2026-03-16 13:30:00+00:00,2026-06-05 20:00:00+00:00,America/New_York,2026-06-07 10:35:52.284011+00:00
AGCC,AGCC,574,2026-03-16 13:30:00+00:00,2026-06-05 20:00:00+00:00,America/New_York,2026-06-07 10:35:52.486309+00:00
IMMX,IMMX,755,2026-03-16 13:30:00+00:00,2026-06-05 20:00:00+00:00,America/New_York,2026-06-07 10:35:52.449703+00:00
AEXA,AEXA,688,2026-03-16 13:30:00+00:00,2026-06-05 20:00:00+00:00,America/New_York,2026-06-07 10:35:52.538526+00:00
TOYO,TOYO,737,2026-03-16 13:30:00+00:00,2026-06-05 20:00:00+00:00,America/New_York,2026-06-07 10:35:52.585969+00:00
MSIF,MSIF,755,2026-03-16 13:30:00+00:00,2026-06-05 20:00:00+00:00,America/New_York,2026-06-07 10:35:52.623086+00:00
MDXG,MDXG,755,2026-03-16 13:30:00+00:00,2026-06-05 20:00:00+00:00,America/New_York,2026-06-07 10:35:52.700847+00:00
GDYN,GDYN,755,2026-03-16 13:30:00+00:00,2026-06-05 20:00:00+00:00,America/New_York,2026-06-07 10:35:52.773544+00:00
MG,MG,755,2026-03-16 13:30:00+00:00,2026-06-05 20:00:00+00:00,America/New_York,2026-06-07 10:35:52.737008+00:00
CLDT,CLDT,754,2026-03-16 13:30:00+00:00,2026-06-05 20:00:00+00:00,America/New_York,2026-06-07 10:35:52.809426+00:00
PAR,PAR,755,2026-03-16 13:30:00+00:00,2026-06-05 20:00:00+00:00,America/New_York,2026-06-07 10:35:52.839981+00:00
UNTY,UNTY,603,2026-03-16 13:30:00+00:00,2026-06-05 20:00:00+00:00,America/New_York,2026-06-07 10:35:52.881229+00:00
BDN,BDN,755,2026-03-16 13:30:00+00:00,2026-06-05 20:00:00+00:00,America/New_York,2026-06-07 10:35:52.904857+00:00
KRUS,KRUS,755,2026-03-16 13:30:00+00:00,2026-06-05 20:00:00+00:00,America/New_York,2026-06-07 10:35:52.938940+00:00
EGY,EGY,755,2026-03-16 13:30:00+00:00,2026-06-05 20:00:00+00:00,America/New_York,2026-06-07 10:35:53.029355+00:00
IIIN,IIIN,754,2026-03-16 13:30:00+00:00,2026-06-05 20:00:00+00:00,America/New_York,2026-06-07 10:35:52.984095+00:00
FPH,FPH,754,2026-03-16 13:30:00+00:00,2026-06-05 20:00:00+00:00,America/New_York,2026-06-07 10:35:53.066471+00:00
IIIV,IIIV,754,2026-03-16 13:30:00+00:00,2026-06-05 20:00:00+00:00,America/New_York,2026-06-07 10:35:53.067476+00:00
NRIM,NRIM,752,2026-03-16 13:30:00+00:00,2026-06-05 20:00:00+00:00,America/New_York,2026-06-07 10:35:53.229778+00:00
WTI,WTI,755,2026-03-16 13:30:00+00:00,2026-06-05 20:00:00+00:00,America/New_York,2026-06-07 10:35:53.179974+00:00
SFST,SFST,716,2026-03-16 13:30:00+00:00,2026-06-05 20:00:00+00:00,America/New_York,2026-06-07 10:35:53.180968+00:00
ODD,ODD,755,2026-03-16 13:30:00+00:00,2026-06-05 20:00:00+00:00,America/New_York,2026-06-07 10:35:53.276388+00:00
CIVB,CIVB,727,2026-03-16 13:30:00+00:00,2026-06-05 20:00:00+00:00,America/New_York,2026-06-07 10:35:53.314043+00:00
MRAM,MRAM,755,2026-03-16 13:30:00+00:00,2026-06-05 20:00:00+00:00,America/New_York,2026-06-07 10:35:53.327505+00:00
SD,SD,755,2026-03-16 13:30:00+00:00,2026-06-05 20:00:00+00:00,America/New_York,2026-06-07 10:35:53.426728+00:00
BTGO,BTGO,755,2026-03-16 13:30:00+00:00,2026-06-05 20:00:00+00:00,America/New_York,2026-06-07 10:35:53.399662+00:00
PRME,PRME,755,2026-03-16 13:30:00+00:00,2026-06-05 20:00:00+00:00,America/New_York,2026-06-07 10:35:53.371380+00:00
CLFD,CLFD,755,2026-03-16 13:30:00+00:00,2026-06-05 20:00:00+00:00,America/New_York,2026-06-07 10:35:53.524812+00:00
FLGT,FLGT,755,2026-03-16 13:30:00+00:00,2026-06-05 20:00:00+00:00,America/New_York,2026-06-07 10:35:53.574071+00:00
TECX,TECX,755,2026-03-16 13:30:00+00:00,2026-06-05 20:00:00+00:00,America/New_York,2026-06-07 10:35:53.643856+00:00
RYAM,RYAM,755,2026-03-16 13:30:00+00:00,2026-06-05 20:00:00+00:00,America/New_York,2026-06-07 10:35:53.725301+00:00
ORN,ORN,755,2026-03-16 13:30:00+00:00,2026-06-05 20:00:00+00:00,America/New_York,2026-06-07 10:35:53.820305+00:00
TITN,TITN,752,2026-03-16 13:30:00+00:00,2026-06-05 20:00:00+00:00,America/New_York,2026-06-07 10:35:53.763514+00:00
MLR,MLR,731,2026-03-16 13:30:00+00:00,2026-06-05 20:00:00+00:00,America/New_York,2026-06-07 10:35:53.689203+00:00
CBNK,CBNK,669,2026-03-16 13:30:00+00:00,2026-06-05 20:00:00+00:00,America/New_York,2026-06-07 10:35:53.793620+00:00
IRWD,IRWD,755,2026-03-16 13:30:00+00:00,2026-06-05 20:00:00+00:00,America/New_York,2026-06-07 10:35:53.908662+00:00
DNA,DNA,755,2026-03-16 13:30:00+00:00,2026-06-05 20:00:00+00:00,America/New_York,2026-06-07 10:35:53.955862+00:00
MCFT,MCFT,754,2026-03-16 13:30:00+00:00,2026-06-05 20:00:00+00:00,America/New_York,2026-06-07 10:35:54.012188+00:00
RIGL,RIGL,755,2026-03-16 13:30:00+00:00,2026-06-05 20:00:00+00:00,America/New_York,2026-06-07 10:35:54.140756+00:00
VLGEA,VLGEA,714,2026-03-16 13:30:00+00:00,2026-06-05 20:00:00+00:00,America/New_York,2026-06-07 10:35:54.181067+00:00
PUBM,PUBM,755,2026-03-16 13:30:00+00:00,2026-06-05 20:00:00+00:00,America/New_York,2026-06-07 10:35:54.132757+00:00
NRDS,NRDS,755,2026-03-16 13:30:00+00:00,2026-06-05 20:00:00+00:00,America/New_York,2026-06-07 10:35:54.229239+00:00
BSRR,BSRR,637,2026-03-16 13:30:00+00:00,2026-06-05 20:00:00+00:00,America/New_York,2026-06-07 10:35:54.256800+00:00
KRNY,KRNY,754,2026-03-16 13:30:00+00:00,2026-06-05 20:00:00+00:00,America/New_York,2026-06-07 10:35:54.083395+00:00
BWB,BWB,698,2026-03-16 13:30:00+00:00,2026-06-05 20:00:00+00:00,America/New_York,2026-06-07 10:35:54.288975+00:00
CRD.A,CRD-A,689,2026-03-16 13:30:00+00:00,2026-06-05 20:00:00+00:00,America/New_York,2026-06-07 10:35:54.365053+00:00
OSPN,OSPN,755,2026-03-16 13:30:00+00:00,2026-06-05 20:00:00+00:00,America/New_York,2026-06-07 10:35:54.330574+00:00
GLRE,GLRE,755,2026-03-16 13:30:00+00:00,2026-06-05 20:00:00+00:00,America/New_York,2026-06-07 10:35:54.499887+00:00
NPCE,NPCE,755,2026-03-16 13:30:00+00:00,2026-06-05 20:00:00+00:00,America/New_York,2026-06-07 10:35:54.453200+00:00
CABA,CABA,755,2026-03-16 13:30:00+00:00,2026-06-05 20:00:00+00:00,America/New_York,2026-06-07 10:35:54.476754+00:00
ACHV,ACHV,755,2026-03-16 13:30:00+00:00,2026-06-05 20:00:00+00:00,America/New_York,2026-06-07 10:35:54.642261+00:00
CINT,CINT,741,2026-03-16 13:30:00+00:00,2026-06-05 20:00:00+00:00,America/New_York,2026-06-07 10:35:54.579981+00:00
BBCP,BBCP,732,2026-03-16 13:30:00+00:00,2026-06-05 20:00:00+00:00,America/New_York,2026-06-07 10:35:54.580983+00:00
FVR,FVR,736,2026-03-16 13:30:00+00:00,2026-06-05 20:00:00+00:00,America/New_York,2026-06-07 10:35:54.734832+00:00
ETD,ETD,755,2026-03-16 13:30:00+00:00,2026-06-05 20:00:00+00:00,America/New_York,2026-06-07 10:35:54.711039+00:00
XRN,XRN,749,2026-03-16 13:30:00+00:00,2026-06-05 20:00:00+00:00,America/New_York,2026-06-07 10:35:54.816507+00:00
VALN,VALN,610,2026-03-16 13:30:00+00:00,2026-06-05 20:00:00+00:00,America/New_York,2026-06-07 10:35:54.787923+00:00
EBF,EBF,753,2026-03-16 13:30:00+00:00,2026-06-05 20:00:00+00:00,America/New_York,2026-06-07 10:35:54.873615+00:00
XMAX,XMAX,183,2026-05-18 13:30:00+00:00,2026-06-05 20:00:00+00:00,America/New_York,2026-06-07 10:35:55.015779+00:00
ZSQR,ZSQR,372,2026-04-27 16:00:00+00:00,2026-06-05 20:00:00+00:00,America/New_York,2026-06-07 10:35:54.949571+00:00
ASTL,ASTL,755,2026-03-16 13:30:00+00:00,2026-06-05 20:00:00+00:00,America/New_York,2026-06-07 10:35:55.082318+00:00
OLP,OLP,741,2026-03-16 13:30:00+00:00,2026-06-05 20:00:00+00:00,America/New_York,2026-06-07 10:35:54.949571+00:00
CPS,CPS,755,2026-03-16 13:30:00+00:00,2026-06-05 20:00:00+00:00,America/New_York,2026-06-07 10:35:55.254844+00:00
TRC,TRC,746,2026-03-16 13:30:00+00:00,2026-06-05 20:00:00+00:00,America/New_York,2026-06-07 10:35:55.192946+00:00
CTKB,CTKB,755,2026-03-16 13:30:00+00:00,2026-06-05 20:00:00+00:00,America/New_York,2026-06-07 10:35:55.169689+00:00
ELMT,ELMT,402,2026-04-23 13:30:00+00:00,2026-06-05 20:00:00+00:00,America/New_York,2026-06-07 10:35:55.377003+00:00
CARS,CARS,755,2026-03-16 13:30:00+00:00,2026-06-05 20:00:00+00:00,America/New_York,2026-06-07 10:35:55.329808+00:00
TASK,TASK,755,2026-03-16 13:30:00+00:00,2026-06-05 20:00:00+00:00,America/New_York,2026-06-07 10:35:55.377003+00:00
HBCP,HBCP,716,2026-03-16 13:30:00+00:00,2026-06-05 20:00:00+00:00,America/New_York,2026-06-07 10:35:55.480418+00:00
AIOT,AIOT,755,2026-03-16 13:30:00+00:00,2026-06-05 20:00:00+00:00,America/New_York,2026-06-07 10:35:55.480418+00:00
NWAX,NWAX,387,2026-03-16 13:30:00+00:00,2026-06-05 20:00:00+00:00,America/New_York,2026-06-07 10:35:55.565013+00:00
BMM,BMM,712,2026-03-16 13:30:00+00:00,2026-06-05 20:00:00+00:00,America/New_York,2026-06-07 10:35:55.541928+00:00
MBUU,MBUU,755,2026-03-16 13:30:00+00:00,2026-06-05 20:00:00+00:00,America/New_York,2026-06-07 10:35:55.593246+00:00
OWLS,OWLS,549,2026-03-16 13:30:00+00:00,2026-06-05 20:00:00+00:00,America/New_York,2026-06-07 10:35:55.696790+00:00
ADV,ADV,731,2026-03-16 13:30:00+00:00,2026-06-05 20:00:00+00:00,America/New_York,2026-06-07 10:35:55.645869+00:00
IDR,IDR,755,2026-03-16 13:30:00+00:00,2026-06-05 20:00:00+00:00,America/New_York,2026-06-07 10:35:55.782334+00:00
CTGO,CTGO,755,2026-03-16 13:30:00+00:00,2026-06-05 20:00:00+00:00,America/New_York,2026-06-07 10:35:55.865206+00:00
ACIC,ACIC,755,2026-03-16 13:30:00+00:00,2026-06-05 20:00:00+00:00,America/New_York,2026-06-07 10:35:55.891290+00:00
NGS,NGS,753,2026-03-16 13:30:00+00:00,2026-06-05 20:00:00+00:00,America/New_York,2026-06-07 10:35:56.010146+00:00
GOGO,GOGO,755,2026-03-16 13:30:00+00:00,2026-06-05 20:00:00+00:00,America/New_York,2026-06-07 10:35:55.928401+00:00
SRTA,SRTA,755,2026-03-16 13:30:00+00:00,2026-06-05 20:00:00+00:00,America/New_York,2026-06-07 10:35:55.982784+00:00
CHCT,CHCT,755,2026-03-16 13:30:00+00:00,2026-06-05 20:00:00+00:00,America/New_York,2026-06-07 10:35:56.036196+00:00
CBIO,CBIO,753,2026-03-16 13:30:00+00:00,2026-06-05 20:00:00+00:00,America/New_York,2026-06-07 10:35:56.037702+00:00
NVEC,NVEC,698,2026-03-16 13:30:00+00:00,2026-06-05 20:00:00+00:00,America/New_York,2026-06-07 10:35:56.145827+00:00
RPD,RPD,755,2026-03-16 13:30:00+00:00,2026-06-05 20:00:00+00:00,America/New_York,2026-06-07 10:35:56.109254+00:00
ANGO,ANGO,755,2026-03-16 13:30:00+00:00,2026-06-05 20:00:00+00:00,America/New_York,2026-06-07 10:35:56.230940+00:00
GEMI,GEMI,755,2026-03-16 13:30:00+00:00,2026-06-05 20:00:00+00:00,America/New_York,2026-06-07 10:35:56.370874+00:00
OIS,OIS,755,2026-03-16 13:30:00+00:00,2026-06-05 20:00:00+00:00,America/New_York,2026-06-07 10:35:56.402011+00:00
INV,INV,755,2026-03-16 13:30:00+00:00,2026-06-05 20:00:00+00:00,America/New_York,2026-06-07 10:35:56.285048+00:00
FBIZ,FBIZ,558,2026-03-16 13:30:00+00:00,2026-06-05 20:00:00+00:00,America/New_York,2026-06-07 10:35:56.597363+00:00
TREE,TREE,755,2026-03-16 13:30:00+00:00,2026-06-05 20:00:00+00:00,America/New_York,2026-06-07 10:35:56.466968+00:00
EIKN,EIKN,753,2026-03-16 13:30:00+00:00,2026-06-05 20:00:00+00:00,America/New_York,2026-06-07 10:35:56.594368+00:00
ELVA,ELVA,754,2026-03-16 13:30:00+00:00,2026-06-05 20:00:00+00:00,America/New_York,2026-06-07 10:35:56.519781+00:00
FIP,FIP,755,2026-03-16 13:30:00+00:00,2026-06-05 20:00:00+00:00,America/New_York,2026-06-07 10:35:56.729825+00:00
AGMB,AGMB,715,2026-03-16 13:30:00+00:00,2026-06-05 20:00:00+00:00,America/New_York,2026-06-07 10:35:56.783195+00:00
YORW,YORW,755,2026-03-16 13:30:00+00:00,2026-06-05 20:00:00+00:00,America/New_York,2026-06-07 10:35:56.760553+00:00
NUAI,NUAI,755,2026-03-16 13:30:00+00:00,2026-06-05 20:00:00+00:00,America/New_York,2026-06-07 10:35:56.784196+00:00
TOI,TOI,755,2026-03-16 13:30:00+00:00,2026-06-05 20:00:00+00:00,America/New_York,2026-06-07 10:35:56.860185+00:00
CWCO,CWCO,754,2026-03-16 13:30:00+00:00,2026-06-05 20:00:00+00:00,America/New_York,2026-06-07 10:35:56.861187+00:00
PRTH,PRTH,754,2026-03-16 13:30:00+00:00,2026-06-05 20:00:00+00:00,America/New_York,2026-06-07 10:35:56.980507+00:00
ARVN,ARVN,752,2026-03-16 13:30:00+00:00,2026-06-05 20:00:00+00:00,America/New_York,2026-06-07 10:35:56.953308+00:00
AQST,AQST,755,2026-03-16 13:30:00+00:00,2026-06-05 20:00:00+00:00,America/New_York,2026-06-07 10:35:57.060250+00:00
COFS,COFS,711,2026-03-16 13:30:00+00:00,2026-06-05 20:00:00+00:00,America/New_York,2026-06-07 10:35:57.029100+00:00
GRRR,GRRR,755,2026-03-16 13:30:00+00:00,2026-06-05 20:00:00+00:00,America/New_York,2026-06-07 10:35:57.205033+00:00
BETR,BETR,755,2026-03-16 13:30:00+00:00,2026-06-05 20:00:00+00:00,America/New_York,2026-06-07 10:35:57.148766+00:00
NEXN,NEXN,755,2026-03-16 13:30:00+00:00,2026-06-05 20:00:00+00:00,America/New_York,2026-06-07 10:35:57.112673+00:00
PRTA,PRTA,755,2026-03-16 13:30:00+00:00,2026-06-05 20:00:00+00:00,America/New_York,2026-06-07 10:35:57.227539+00:00
VELO,VELO,755,2026-03-16 13:30:00+00:00,2026-06-05 20:00:00+00:00,America/New_York,2026-06-07 10:35:57.272219+00:00
OOMA,OOMA,755,2026-03-16 13:30:00+00:00,2026-06-05 20:00:00+00:00,America/New_York,2026-06-07 10:35:57.271220+00:00
UROY,UROY,755,2026-03-16 13:30:00+00:00,2026-06-05 20:00:00+00:00,America/New_York,2026-06-07 10:35:57.354443+00:00
EVH,EVH,755,2026-03-16 13:30:00+00:00,2026-06-05 20:00:00+00:00,America/New_York,2026-06-07 10:35:57.416292+00:00
GCBC,GCBC,348,2026-03-16 13:30:00+00:00,2026-06-05 20:00:00+00:00,America/New_York,2026-06-07 10:35:57.471045+00:00
ADUR,ADUR,755,2026-03-16 13:30:00+00:00,2026-06-05 20:00:00+00:00,America/New_York,2026-06-07 10:35:57.470041+00:00
OBT,OBT,635,2026-03-16 13:30:00+00:00,2026-06-05 20:00:00+00:00,America/New_York,2026-06-07 10:35:57.615265+00:00
WILC,WILC,154,2026-03-16 13:30:00+00:00,2026-06-05 20:00:00+00:00,America/New_York,2026-06-07 10:35:57.665285+00:00
PANL,PANL,755,2026-03-16 13:30:00+00:00,2026-06-05 20:00:00+00:00,America/New_York,2026-06-07 10:35:57.581258+00:00
KLC,KLC,755,2026-03-16 13:30:00+00:00,2026-06-05 20:00:00+00:00,America/New_York,2026-06-07 10:35:57.643817+00:00
TWI,TWI,755,2026-03-16 13:30:00+00:00,2026-06-05 20:00:00+00:00,America/New_York,2026-06-07 10:35:57.707121+00:00
IPI,IPI,755,2026-03-16 13:30:00+00:00,2026-06-05 20:00:00+00:00,America/New_York,2026-06-07 10:35:57.707121+00:00
ESEA,ESEA,708,2026-03-16 13:30:00+00:00,2026-06-05 20:00:00+00:00,America/New_York,2026-06-07 10:35:57.771876+00:00
JOUT,JOUT,719,2026-03-16 13:30:00+00:00,2026-06-05 20:00:00+00:00,America/New_York,2026-06-07 10:35:57.835351+00:00
APXT,APXT,120,2026-03-16 14:00:00+00:00,2026-06-05 20:00:00+00:00,America/New_York,2026-06-07 10:35:57.884431+00:00
PKOH,PKOH,601,2026-03-16 13:30:00+00:00,2026-06-05 20:00:00+00:00,America/New_York,2026-06-07 10:35:57.912694+00:00
ASPN,ASPN,755,2026-03-16 13:30:00+00:00,2026-06-05 20:00:00+00:00,America/New_York,2026-06-07 10:35:57.804596+00:00
CRNC,CRNC,755,2026-03-16 13:30:00+00:00,2026-06-05 20:00:00+00:00,America/New_York,2026-06-07 10:35:57.997915+00:00
SSTK,SSTK,755,2026-03-16 13:30:00+00:00,2026-06-05 20:00:00+00:00,America/New_York,2026-06-07 10:35:57.949053+00:00
ITIC,ITIC,514,2026-03-16 14:30:00+00:00,2026-06-05 20:00:00+00:00,America/New_York,2026-06-07 10:35:58.070201+00:00
KIDS,KIDS,753,2026-03-16 13:30:00+00:00,2026-06-05 20:00:00+00:00,America/New_York,2026-06-07 10:35:58.023070+00:00
ULH,ULH,703,2026-03-16 13:30:00+00:00,2026-06-05 20:00:00+00:00,America/New_York,2026-06-07 10:35:58.162480+00:00
OPTX,OPTX,755,2026-03-16 13:30:00+00:00,2026-06-05 20:00:00+00:00,America/New_York,2026-06-07 10:35:58.163513+00:00
ASMB,ASMB,740,2026-03-16 13:30:00+00:00,2026-06-05 20:00:00+00:00,America/New_York,2026-06-07 10:35:58.139409+00:00
PDLB,PDLB,652,2026-03-16 13:30:00+00:00,2026-06-05 20:00:00+00:00,America/New_York,2026-06-07 10:35:58.093322+00:00
KYTX,KYTX,755,2026-03-16 13:30:00+00:00,2026-06-05 20:00:00+00:00,America/New_York,2026-06-07 10:35:58.237517+00:00
LXFR,LXFR,755,2026-03-16 13:30:00+00:00,2026-06-05 20:00:00+00:00,America/New_York,2026-06-07 10:35:58.259943+00:00
FRPH,FRPH,707,2026-03-16 13:30:00+00:00,2026-06-05 20:00:00+00:00,America/New_York,2026-06-07 10:35:58.346222+00:00
API,API,755,2026-03-16 13:30:00+00:00,2026-06-05 20:00:00+00:00,America/New_York,2026-06-07 10:35:58.368744+00:00
VITL,VITL,755,2026-03-16 13:30:00+00:00,2026-06-05 20:00:00+00:00,America/New_York,2026-06-07 10:35:58.402919+00:00
BBW,BBW,755,2026-03-16 13:30:00+00:00,2026-06-05 20:00:00+00:00,America/New_York,2026-06-07 10:35:58.439236+00:00
GTN,GTN,755,2026-03-16 13:30:00+00:00,2026-06-05 20:00:00+00:00,America/New_York,2026-06-07 10:35:58.439236+00:00
KREF,KREF,755,2026-03-16 13:30:00+00:00,2026-06-05 20:00:00+00:00,America/New_York,2026-06-07 10:35:58.557707+00:00
ACTG,ACTG,753,2026-03-16 13:30:00+00:00,2026-06-05 20:00:00+00:00,America/New_York,2026-06-07 10:35:58.608420+00:00
BLZE,BLZE,755,2026-03-16 13:30:00+00:00,2026-06-05 20:00:00+00:00,America/New_York,2026-06-07 10:35:58.497463+00:00
SCVL,SCVL,755,2026-03-16 13:30:00+00:00,2026-06-05 20:00:00+00:00,America/New_York,2026-06-07 10:35:58.583292+00:00
KBON,KBON,103,2026-03-16 13:30:00+00:00,2026-06-03 19:00:00+00:00,America/New_York,2026-06-07 10:35:58.654858+00:00
CTNM,CTNM,753,2026-03-16 13:30:00+00:00,2026-06-05 20:00:00+00:00,America/New_York,2026-06-07 10:35:58.685712+00:00
FPI,FPI,755,2026-03-16 13:30:00+00:00,2026-06-05 20:00:00+00:00,America/New_York,2026-06-07 10:35:58.710303+00:00
SFIX,SFIX,755,2026-03-16 13:30:00+00:00,2026-06-05 20:00:00+00:00,America/New_York,2026-06-07 10:35:58.735868+00:00
IMXI,IMXI,753,2026-03-16 13:30:00+00:00,2026-06-05 20:00:00+00:00,America/New_York,2026-06-07 10:35:58.768497+00:00
SPCE,SPCE,755,2026-03-16 13:30:00+00:00,2026-06-05 20:00:00+00:00,America/New_York,2026-06-07 10:35:58.806257+00:00
FDMT,FDMT,755,2026-03-16 13:30:00+00:00,2026-06-05 20:00:00+00:00,America/New_York,2026-06-07 10:35:58.846656+00:00
KELYA,KELYA,755,2026-03-16 13:30:00+00:00,2026-06-05 20:00:00+00:00,America/New_York,2026-06-07 10:35:58.899375+00:00
CLMB,CLMB,754,2026-03-16 13:30:00+00:00,2026-06-05 20:00:00+00:00,America/New_York,2026-06-07 10:35:58.870206+00:00
CDRO,CDRO,435,2026-03-16 13:30:00+00:00,2026-06-05 20:00:00+00:00,America/New_York,2026-06-07 10:35:58.965677+00:00
MBVI,MBVI,89,2026-03-17 14:00:00+00:00,2026-06-05 20:00:00+00:00,America/New_York,2026-06-07 10:35:59.093587+00:00
WEAV,WEAV,755,2026-03-16 13:30:00+00:00,2026-06-05 20:00:00+00:00,America/New_York,2026-06-07 10:35:59.019067+00:00
MNRO,MNRO,755,2026-03-16 13:30:00+00:00,2026-06-05 20:00:00+00:00,America/New_York,2026-06-07 10:35:59.162741+00:00
STRZ,STRZ,749,2026-03-16 13:30:00+00:00,2026-06-05 20:00:00+00:00,America/New_York,2026-06-07 10:35:59.018067+00:00
AIV,AIV,755,2026-03-16 13:30:00+00:00,2026-06-05 20:00:00+00:00,America/New_York,2026-06-07 10:35:59.128018+00:00
MFI,MFI,225,2026-03-16 13:30:00+00:00,2026-06-05 20:00:00+00:00,America/New_York,2026-06-07 10:35:59.245308+00:00
EOLS,EOLS,755,2026-03-16 13:30:00+00:00,2026-06-05 20:00:00+00:00,America/New_York,2026-06-07 10:35:59.247320+00:00
GLAD,GLAD,754,2026-03-16 13:30:00+00:00,2026-06-05 20:00:00+00:00,America/New_York,2026-06-07 10:35:59.464396+00:00
CCRN,CCRN,755,2026-03-16 13:30:00+00:00,2026-06-05 20:00:00+00:00,America/New_York,2026-06-07 10:35:59.544823+00:00
NRC,NRC,739,2026-03-16 13:30:00+00:00,2026-06-05 20:00:00+00:00,America/New_York,2026-06-07 10:35:59.692812+00:00
CBAN,CBAN,755,2026-03-16 13:30:00+00:00,2026-06-05 20:00:00+00:00,America/New_York,2026-06-07 10:35:59.728631+00:00
DBCA,DBCA,117,2026-03-17 18:30:00+00:00,2026-06-05 20:00:00+00:00,America/New_York,2026-06-07 10:35:59.598691+00:00
FSTR,FSTR,703,2026-03-16 13:30:00+00:00,2026-06-05 20:00:00+00:00,America/New_York,2026-06-07 10:35:59.658498+00:00
BSVN,BSVN,351,2026-03-16 14:00:00+00:00,2026-06-05 20:00:00+00:00,America/New_York,2026-06-07 10:35:59.832066+00:00
DCBO,DCBO,753,2026-03-16 13:30:00+00:00,2026-06-05 20:00:00+00:00,America/New_York,2026-06-07 10:35:59.764238+00:00
BCAR,BCAR,633,2026-03-16 13:30:00+00:00,2026-06-05 20:00:00+00:00,America/New_York,2026-06-07 10:35:59.868714+00:00
STRO,STRO,752,2026-03-16 13:30:00+00:00,2026-06-05 20:00:00+00:00,America/New_York,2026-06-07 10:35:59.890788+00:00
MYGN,MYGN,755,2026-03-16 13:30:00+00:00,2026-06-05 20:00:00+00:00,America/New_York,2026-06-07 10:35:59.948675+00:00
CTEV,CTEV,749,2026-03-16 13:30:00+00:00,2026-06-05 20:00:00+00:00,America/New_York,2026-06-07 10:36:00.030225+00:00
CCCC,CCCC,755,2026-03-16 13:30:00+00:00,2026-06-05 20:00:00+00:00,America/New_York,2026-06-07 10:36:00.031224+00:00
AMCX,AMCX,755,2026-03-16 13:30:00+00:00,2026-06-05 20:00:00+00:00,America/New_York,2026-06-07 10:36:00.116955+00:00
VREX,VREX,755,2026-03-16 13:30:00+00:00,2026-06-05 20:00:00+00:00,America/New_York,2026-06-07 10:36:00.294434+00:00
CD,CD,746,2026-03-16 13:30:00+00:00,2026-06-05 20:00:00+00:00,America/New_York,2026-06-07 10:36:00.221607+00:00
ERII,ERII,755,2026-03-16 13:30:00+00:00,2026-06-05 20:00:00+00:00,America/New_York,2026-06-07 10:36:00.279916+00:00
GBFH,GBFH,664,2026-03-16 13:30:00+00:00,2026-06-05 20:00:00+00:00,America/New_York,2026-06-07 10:36:00.347189+00:00
BWFG,BWFG,565,2026-03-16 13:30:00+00:00,2026-06-05 20:00:00+00:00,America/New_York,2026-06-07 10:36:00.383826+00:00
GCGRU,GCGRU,88,2026-04-30 13:30:00+00:00,2026-06-05 20:00:00+00:00,America/New_York,2026-06-07 10:36:00.506413+00:00
BBBY,BBBY,755,2026-03-16 13:30:00+00:00,2026-06-05 20:00:00+00:00,America/New_York,2026-06-07 10:36:00.434340+00:00
BOC,BOC,754,2026-03-16 13:30:00+00:00,2026-06-05 20:00:00+00:00,America/New_York,2026-06-07 10:36:00.505418+00:00
CXIIU,CXIIU,93,2026-04-28 13:30:00+00:00,2026-06-05 20:00:00+00:00,America/New_York,2026-06-07 10:36:00.654981+00:00
KMDA,KMDA,702,2026-03-16 13:30:00+00:00,2026-06-05 20:00:00+00:00,America/New_York,2026-06-07 10:36:00.590974+00:00
MTW,MTW,755,2026-03-16 13:30:00+00:00,2026-06-05 20:00:00+00:00,America/New_York,2026-06-07 10:36:00.622133+00:00
SPT,SPT,755,2026-03-16 13:30:00+00:00,2026-06-05 20:00:00+00:00,America/New_York,2026-06-07 10:36:00.682210+00:00
MOBI,MOBI,243,2026-05-08 13:30:00+00:00,2026-06-05 20:00:00+00:00,America/New_York,2026-06-07 10:36:00.753871+00:00
PBFS,PBFS,324,2026-03-16 14:00:00+00:00,2026-06-05 20:00:00+00:00,America/New_York,2026-06-07 10:36:00.815322+00:00
ALTO,ALTO,755,2026-03-16 13:30:00+00:00,2026-06-05 20:00:00+00:00,America/New_York,2026-06-07 10:36:00.708246+00:00
DBI,DBI,755,2026-03-16 13:30:00+00:00,2026-06-05 20:00:00+00:00,America/New_York,2026-06-07 10:36:00.754869+00:00
BMRC,BMRC,743,2026-03-16 13:30:00+00:00,2026-06-05 20:00:00+00:00,America/New_York,2026-06-07 10:36:00.959069+00:00
EBS,EBS,755,2026-03-16 13:30:00+00:00,2026-06-05 20:00:00+00:00,America/New_York,2026-06-07 10:36:00.987888+00:00
CAL,CAL,755,2026-03-16 13:30:00+00:00,2026-06-05 20:00:00+00:00,America/New_York,2026-06-07 10:36:00.888301+00:00
XRX,XRX,755,2026-03-16 13:30:00+00:00,2026-06-05 20:00:00+00:00,America/New_York,2026-06-07 10:36:01.088631+00:00
NATH,NATH,481,2026-03-16 13:30:00+00:00,2026-06-05 20:00:00+00:00,America/New_York,2026-06-07 10:36:01.134956+00:00
GLOO,GLOO,677,2026-03-16 13:30:00+00:00,2026-06-05 20:00:00+00:00,America/New_York,2026-06-07 10:36:01.222392+00:00
INDP,INDP,574,2026-03-16 13:30:00+00:00,2026-06-05 20:00:00+00:00,America/New_York,2026-06-07 10:36:01.222392+00:00
RBB,RBB,665,2026-03-16 13:30:00+00:00,2026-06-05 20:00:00+00:00,America/New_York,2026-06-07 10:36:01.390096+00:00
SGMT,SGMT,755,2026-03-16 13:30:00+00:00,2026-06-05 20:00:00+00:00,America/New_York,2026-06-07 10:36:01.446006+00:00
OSS,OSS,755,2026-03-16 13:30:00+00:00,2026-06-05 20:00:00+00:00,America/New_York,2026-06-07 10:36:01.539893+00:00
NGNE,NGNE,749,2026-03-16 13:30:00+00:00,2026-06-05 20:00:00+00:00,America/New_York,2026-06-07 10:36:01.616984+00:00
LOCO,LOCO,755,2026-03-16 13:30:00+00:00,2026-06-05 20:00:00+00:00,America/New_York,2026-06-07 10:36:01.443005+00:00
CGCT,CGCT,522,2026-03-16 13:30:00+00:00,2026-06-05 20:00:00+00:00,America/New_York,2026-06-07 10:36:01.711732+00:00
ROMA,ROMA,613,2026-03-16 13:30:00+00:00,2026-06-05 20:00:00+00:00,America/New_York,2026-06-07 10:36:01.614983+00:00
GCO,GCO,754,2026-03-16 13:30:00+00:00,2026-06-05 20:00:00+00:00,America/New_York,2026-06-07 10:36:01.683777+00:00
OFIX,OFIX,755,2026-03-16 13:30:00+00:00,2026-06-05 20:00:00+00:00,America/New_York,2026-06-07 10:36:01.833361+00:00
CCAP,CCAP,755,2026-03-16 13:30:00+00:00,2026-06-05 20:00:00+00:00,America/New_York,2026-06-07 10:36:01.768913+00:00
WTBA,WTBA,602,2026-03-16 13:30:00+00:00,2026-06-05 20:00:00+00:00,America/New_York,2026-06-07 10:36:01.795081+00:00
CBK,CBK,633,2026-03-16 13:30:00+00:00,2026-06-05 20:00:00+00:00,America/New_York,2026-06-07 10:36:01.936063+00:00
GRVY,GRVY,596,2026-03-16 14:00:00+00:00,2026-06-05 20:00:00+00:00,America/New_York,2026-06-07 10:36:02.046326+00:00
MATV,MATV,755,2026-03-16 13:30:00+00:00,2026-06-05 20:00:00+00:00,America/New_York,2026-06-07 10:36:02.012238+00:00
RZLT,RZLT,755,2026-03-16 13:30:00+00:00,2026-06-05 20:00:00+00:00,America/New_York,2026-06-07 10:36:01.957094+00:00
ABAT,ABAT,755,2026-03-16 13:30:00+00:00,2026-06-05 20:00:00+00:00,America/New_York,2026-06-07 10:36:02.104898+00:00
BBCQ,BBCQ,561,2026-03-16 13:30:00+00:00,2026-06-05 20:00:00+00:00,America/New_York,2026-06-07 10:36:02.130955+00:00
MEI,MEI,755,2026-03-16 13:30:00+00:00,2026-06-05 20:00:00+00:00,America/New_York,2026-06-07 10:36:02.188087+00:00
FRBA,FRBA,685,2026-03-16 13:30:00+00:00,2026-06-05 20:00:00+00:00,America/New_York,2026-06-07 10:36:02.271918+00:00
RLGT,RLGT,755,2026-03-16 13:30:00+00:00,2026-06-05 20:00:00+00:00,America/New_York,2026-06-07 10:36:02.220165+00:00
VHI,VHI,458,2026-03-16 13:30:00+00:00,2026-06-05 20:00:00+00:00,America/New_York,2026-06-07 10:36:02.331526+00:00
IBEX,IBEX,753,2026-03-16 13:30:00+00:00,2026-06-05 20:00:00+00:00,America/New_York,2026-06-07 10:36:02.331526+00:00
CMDB,CMDB,666,2026-03-16 13:30:00+00:00,2026-06-05 20:00:00+00:00,America/New_York,2026-06-07 10:36:02.400521+00:00
ISTR,ISTR,751,2026-03-16 13:30:00+00:00,2026-06-05 20:00:00+00:00,America/New_York,2026-06-07 10:36:02.444906+00:00
MAGN,MAGN,755,2026-03-16 13:30:00+00:00,2026-06-05 20:00:00+00:00,America/New_York,2026-06-07 10:36:02.445905+00:00
LSAK,LSAK,700,2026-03-16 13:30:00+00:00,2026-06-05 20:00:00+00:00,America/New_York,2026-06-07 10:36:02.568362+00:00
CVEO,CVEO,699,2026-03-16 13:30:00+00:00,2026-06-05 20:00:00+00:00,America/New_York,2026-06-07 10:36:02.554839+00:00
MNPR,MNPR,746,2026-03-16 13:30:00+00:00,2026-06-05 20:00:00+00:00,America/New_York,2026-06-07 10:36:02.670076+00:00
ANL,ANL,745,2026-03-16 13:30:00+00:00,2026-06-05 20:00:00+00:00,America/New_York,2026-06-07 10:36:02.618815+00:00
NC,NC,419,2026-03-16 13:30:00+00:00,2026-06-05 20:00:00+00:00,America/New_York,2026-06-07 10:36:02.786903+00:00
CCIX,CCIX,327,2026-03-16 13:30:00+00:00,2026-06-05 20:00:00+00:00,America/New_York,2026-06-07 10:36:02.816095+00:00
NPAC,NPAC,162,2026-03-16 13:30:00+00:00,2026-06-05 20:00:00+00:00,America/New_York,2026-06-07 10:36:02.763829+00:00
ALMU,ALMU,755,2026-03-16 13:30:00+00:00,2026-06-05 20:00:00+00:00,America/New_York,2026-06-07 10:36:02.725249+00:00
EPRX,EPRX,726,2026-03-16 13:30:00+00:00,2026-06-05 20:00:00+00:00,America/New_York,2026-06-07 10:36:02.880383+00:00
BXC,BXC,749,2026-03-16 13:30:00+00:00,2026-06-05 20:00:00+00:00,America/New_York,2026-06-07 10:36:02.879383+00:00
TBRG,TBRG,753,2026-03-16 13:30:00+00:00,2026-06-05 20:00:00+00:00,America/New_York,2026-06-07 10:36:03.019908+00:00
TACO,TACO,302,2026-03-16 17:00:00+00:00,2026-06-05 20:00:00+00:00,America/New_York,2026-06-07 10:36:03.042530+00:00
YEXT,YEXT,755,2026-03-16 13:30:00+00:00,2026-06-05 20:00:00+00:00,America/New_York,2026-06-07 10:36:03.068623+00:00
ATNI,ATNI,725,2026-03-16 13:30:00+00:00,2026-06-05 20:00:00+00:00,America/New_York,2026-06-07 10:36:02.995316+00:00
MBAV,MBAV,167,2026-03-16 15:30:00+00:00,2026-06-05 20:00:00+00:00,America/New_York,2026-06-07 10:36:03.176768+00:00
NOA,NOA,749,2026-03-16 13:30:00+00:00,2026-06-05 20:00:00+00:00,America/New_York,2026-06-07 10:36:03.105265+00:00
RDAG,RDAG,111,2026-03-17 15:30:00+00:00,2026-06-05 20:00:00+00:00,America/New_York,2026-06-07 10:36:03.210393+00:00
PLAY,PLAY,755,2026-03-16 13:30:00+00:00,2026-06-05 20:00:00+00:00,America/New_York,2026-06-07 10:36:03.104258+00:00
WENN,WENN,107,2026-03-16 18:00:00+00:00,2026-06-05 20:00:00+00:00,America/New_York,2026-06-07 10:36:03.381563+00:00
MTLS,MTLS,731,2026-03-16 13:30:00+00:00,2026-06-05 20:00:00+00:00,America/New_York,2026-06-07 10:36:03.351488+00:00
AVBC,AVBC,676,2026-03-16 13:30:00+00:00,2026-06-05 20:00:00+00:00,America/New_York,2026-06-07 10:36:03.464468+00:00
LZM,LZM,755,2026-03-16 13:30:00+00:00,2026-06-05 20:00:00+00:00,America/New_York,2026-06-07 10:36:03.423381+00:00
REA,REA,282,2026-05-06 13:30:00+00:00,2026-06-05 20:00:00+00:00,America/New_York,2026-06-07 10:36:03.539113+00:00
FMAO,FMAO,642,2026-03-16 13:30:00+00:00,2026-06-05 20:00:00+00:00,America/New_York,2026-06-07 10:36:03.507652+00:00
CMCL,CMCL,755,2026-03-16 13:30:00+00:00,2026-06-05 20:00:00+00:00,America/New_York,2026-06-07 10:36:03.537826+00:00
CLPT,CLPT,755,2026-03-16 13:30:00+00:00,2026-06-05 20:00:00+00:00,America/New_York,2026-06-07 10:36:03.688018+00:00
LAND,LAND,755,2026-03-16 13:30:00+00:00,2026-06-05 20:00:00+00:00,America/New_York,2026-06-07 10:36:03.598424+00:00
DIN,DIN,749,2026-03-16 13:30:00+00:00,2026-06-05 20:00:00+00:00,America/New_York,2026-06-07 10:36:03.666174+00:00
GBLI,GBLI,141,2026-03-16 19:30:00+00:00,2026-06-05 20:00:00+00:00,America/New_York,2026-06-07 10:36:03.801761+00:00
MPTI,MPTI,740,2026-03-16 13:30:00+00:00,2026-06-05 20:00:00+00:00,America/New_York,2026-06-07 10:36:03.871631+00:00
MTRX,MTRX,755,2026-03-16 13:30:00+00:00,2026-06-05 20:00:00+00:00,America/New_York,2026-06-07 10:36:03.966003+00:00
NEWT,NEWT,755,2026-03-16 13:30:00+00:00,2026-06-05 20:00:00+00:00,America/New_York,2026-06-07 10:36:03.868103+00:00
RMNI,RMNI,754,2026-03-16 13:30:00+00:00,2026-06-05 20:00:00+00:00,America/New_York,2026-06-07 10:36:04.019298+00:00
VMD,VMD,755,2026-03-16 13:30:00+00:00,2026-06-05 20:00:00+00:00,America/New_York,2026-06-07 10:36:04.130968+00:00
CZNC,CZNC,640,2026-03-16 13:30:00+00:00,2026-06-05 20:00:00+00:00,America/New_York,2026-06-07 10:36:04.072557+00:00
QUAD,QUAD,753,2026-03-16 13:30:00+00:00,2026-06-05 20:00:00+00:00,America/New_York,2026-06-07 10:36:04.129460+00:00
FVRR,FVRR,755,2026-03-16 13:30:00+00:00,2026-06-05 20:00:00+00:00,America/New_York,2026-06-07 10:36:04.193155+00:00
TSSI,TSSI,755,2026-03-16 13:30:00+00:00,2026-06-05 20:00:00+00:00,America/New_York,2026-06-07 10:36:04.072557+00:00
PLBC,PLBC,659,2026-03-16 13:30:00+00:00,2026-06-05 20:00:00+00:00,America/New_York,2026-06-07 10:36:04.270242+00:00
UPB,UPB,755,2026-03-16 13:30:00+00:00,2026-06-05 20:00:00+00:00,America/New_York,2026-06-07 10:36:04.049517+00:00
OEC,OEC,755,2026-03-16 13:30:00+00:00,2026-06-05 20:00:00+00:00,America/New_York,2026-06-07 10:36:04.226247+00:00
GNE,GNE,693,2026-03-16 13:30:00+00:00,2026-06-05 20:00:00+00:00,America/New_York,2026-06-07 10:36:04.390693+00:00
PAYS,PAYS,755,2026-03-16 13:30:00+00:00,2026-06-05 20:00:00+00:00,America/New_York,2026-06-07 10:36:04.389697+00:00
FRST,FRST,751,2026-03-16 13:30:00+00:00,2026-06-05 20:00:00+00:00,America/New_York,2026-06-07 10:36:04.495750+00:00
KNOP,KNOP,738,2026-03-16 13:30:00+00:00,2026-06-05 20:00:00+00:00,America/New_York,2026-06-07 10:36:04.366052+00:00
SVCO,SVCO,755,2026-03-16 13:30:00+00:00,2026-06-05 20:00:00+00:00,America/New_York,2026-06-07 10:36:04.600996+00:00
CEPT,CEPT,755,2026-03-16 13:30:00+00:00,2026-06-05 20:00:00+00:00,America/New_York,2026-06-07 10:36:04.495750+00:00
HVT,HVT,744,2026-03-16 13:30:00+00:00,2026-06-05 20:00:00+00:00,America/New_York,2026-06-07 10:36:04.538996+00:00
CMCO,CMCO,755,2026-03-16 13:30:00+00:00,2026-06-05 20:00:00+00:00,America/New_York,2026-06-07 10:36:04.538996+00:00
DCTH,DCTH,755,2026-03-16 13:30:00+00:00,2026-06-05 20:00:00+00:00,America/New_York,2026-06-07 10:36:04.633088+00:00
FCRS,FCRS,456,2026-03-16 13:30:00+00:00,2026-06-05 20:00:00+00:00,America/New_York,2026-06-07 10:36:04.681021+00:00
GIW,GIW,105,2026-03-17 15:00:00+00:00,2026-06-05 20:00:00+00:00,America/New_York,2026-06-07 10:36:04.797296+00:00
PKBK,PKBK,748,2026-03-16 13:30:00+00:00,2026-06-05 20:00:00+00:00,America/New_York,2026-06-07 10:36:04.851042+00:00
NEGG,NEGG,733,2026-03-16 13:30:00+00:00,2026-06-05 20:00:00+00:00,America/New_York,2026-06-07 10:36:04.995736+00:00
HNST,HNST,755,2026-03-16 13:30:00+00:00,2026-06-05 20:00:00+00:00,America/New_York,2026-06-07 10:36:04.908368+00:00
FTW,FTW,701,2026-03-16 13:30:00+00:00,2026-06-05 20:00:00+00:00,America/New_York,2026-06-07 10:36:05.027515+00:00
FJET,FJET,755,2026-03-16 13:30:00+00:00,2026-06-05 20:00:00+00:00,America/New_York,2026-06-07 10:36:04.956609+00:00
RNGR,RNGR,754,2026-03-16 13:30:00+00:00,2026-06-05 20:00:00+00:00,America/New_York,2026-06-07 10:36:05.054485+00:00
SAR,SAR,751,2026-03-16 13:30:00+00:00,2026-06-05 20:00:00+00:00,America/New_York,2026-06-07 10:36:05.080031+00:00
PCB,PCB,510,2026-03-16 13:30:00+00:00,2026-06-05 20:00:00+00:00,America/New_York,2026-06-07 10:36:05.111940+00:00
XFOR,XFOR,755,2026-03-16 13:30:00+00:00,2026-06-05 20:00:00+00:00,America/New_York,2026-06-07 10:36:05.144713+00:00
AIRS,AIRS,755,2026-03-16 13:30:00+00:00,2026-06-05 20:00:00+00:00,America/New_York,2026-06-07 10:36:05.213144+00:00
SOPH,SOPH,714,2026-03-16 13:30:00+00:00,2026-06-05 20:00:00+00:00,America/New_York,2026-06-07 10:36:05.280321+00:00
LND,LND,737,2026-03-16 13:30:00+00:00,2026-06-05 20:00:00+00:00,America/New_York,2026-06-07 10:36:05.279318+00:00
CTRN,CTRN,719,2026-03-16 13:30:00+00:00,2026-06-05 20:00:00+00:00,America/New_York,2026-06-07 10:36:05.214134+00:00
ALLT,ALLT,753,2026-03-16 13:30:00+00:00,2026-06-05 20:00:00+00:00,America/New_York,2026-06-07 10:36:05.394816+00:00
CV,CV,740,2026-03-16 13:30:00+00:00,2026-06-05 20:00:00+00:00,America/New_York,2026-06-07 10:36:05.371127+00:00
LWAY,LWAY,723,2026-03-16 13:30:00+00:00,2026-06-05 20:00:00+00:00,America/New_York,2026-06-07 10:36:05.565814+00:00
PBYI,PBYI,755,2026-03-16 13:30:00+00:00,2026-06-05 20:00:00+00:00,America/New_York,2026-06-07 10:36:05.440977+00:00
CCII,CCII,185,2026-03-16 13:30:00+00:00,2026-06-05 20:00:00+00:00,America/New_York,2026-06-07 10:36:05.735610+00:00
CURR,CURR,696,2026-03-16 13:30:00+00:00,2026-06-05 20:00:00+00:00,America/New_York,2026-06-07 10:36:05.646624+00:00
VNDA,VNDA,755,2026-03-16 13:30:00+00:00,2026-06-05 20:00:00+00:00,America/New_York,2026-06-07 10:36:05.715186+00:00
PSFE,PSFE,755,2026-03-16 13:30:00+00:00,2026-06-05 20:00:00+00:00,America/New_York,2026-06-07 10:36:05.675881+00:00
IPCX,IPCX,104,2026-03-16 13:30:00+00:00,2026-06-05 20:00:00+00:00,America/New_York,2026-06-07 10:36:05.843608+00:00
GASS,GASS,754,2026-03-16 13:30:00+00:00,2026-06-05 20:00:00+00:00,America/New_York,2026-06-07 10:36:05.864631+00:00
BNED,BNED,755,2026-03-16 13:30:00+00:00,2026-06-05 20:00:00+00:00,America/New_York,2026-06-07 10:36:05.892211+00:00
BNTC,BNTC,736,2026-03-16 13:30:00+00:00,2026-06-05 20:00:00+00:00,America/New_York,2026-06-07 10:36:05.946863+00:00
MVBF,MVBF,551,2026-03-16 13:30:00+00:00,2026-06-05 20:00:00+00:00,America/New_York,2026-06-07 10:36:06.010224+00:00
QUIK,QUIK,754,2026-03-16 13:30:00+00:00,2026-06-05 20:00:00+00:00,America/New_York,2026-06-07 10:36:06.011222+00:00
NECB,NECB,614,2026-03-16 13:30:00+00:00,2026-06-05 20:00:00+00:00,America/New_York,2026-06-07 10:36:06.072456+00:00
MGPI,MGPI,754,2026-03-16 13:30:00+00:00,2026-06-05 20:00:00+00:00,America/New_York,2026-06-07 10:36:06.072456+00:00
SHMD,SHMD,755,2026-03-16 13:30:00+00:00,2026-06-05 20:00:00+00:00,America/New_York,2026-06-07 10:36:06.205585+00:00
SMWB,SMWB,755,2026-03-16 13:30:00+00:00,2026-06-05 20:00:00+00:00,America/New_York,2026-06-07 10:36:06.169794+00:00
CION,CION,755,2026-03-16 13:30:00+00:00,2026-06-05 20:00:00+00:00,America/New_York,2026-06-07 10:36:06.207095+00:00
BDCI,BDCI,92,2026-03-16 14:00:00+00:00,2026-06-05 20:00:00+00:00,America/New_York,2026-06-07 10:36:06.343433+00:00
MTC,MTC,711,2026-03-16 13:30:00+00:00,2026-06-05 20:00:00+00:00,America/New_York,2026-06-07 10:36:06.365978+00:00
SENS,SENS,755,2026-03-16 13:30:00+00:00,2026-06-05 20:00:00+00:00,America/New_York,2026-06-07 10:36:06.406119+00:00
BLZR,BLZR,144,2026-03-16 19:30:00+00:00,2026-06-05 20:00:00+00:00,America/New_York,2026-06-07 10:36:06.430250+00:00
DUOT,DUOT,755,2026-03-16 13:30:00+00:00,2026-06-05 20:00:00+00:00,America/New_York,2026-06-07 10:36:06.467756+00:00
NATR,NATR,745,2026-03-16 13:30:00+00:00,2026-06-05 20:00:00+00:00,America/New_York,2026-06-07 10:36:06.469263+00:00
BKKT,BKKT,755,2026-03-16 13:30:00+00:00,2026-06-05 20:00:00+00:00,America/New_York,2026-06-07 10:36:06.315882+00:00
BCML,BCML,580,2026-03-16 13:30:00+00:00,2026-06-05 20:00:00+00:00,America/New_York,2026-06-07 10:36:06.531952+00:00
HCMA,HCMA,104,2026-03-16 13:30:00+00:00,2026-06-05 20:00:00+00:00,America/New_York,2026-06-07 10:36:06.677360+00:00
ARTC,ARTC,78,2026-03-16 16:00:00+00:00,2026-06-05 20:00:00+00:00,America/New_York,2026-06-07 10:36:06.757927+00:00
CATX,CATX,755,2026-03-16 13:30:00+00:00,2026-06-05 20:00:00+00:00,America/New_York,2026-06-07 10:36:06.767971+00:00
STTK,STTK,755,2026-03-16 13:30:00+00:00,2026-06-05 20:00:00+00:00,America/New_York,2026-06-07 10:36:06.627322+00:00
WSBF,WSBF,722,2026-03-16 13:30:00+00:00,2026-06-05 20:00:00+00:00,America/New_York,2026-06-07 10:36:06.910917+00:00
SOHU,SOHU,647,2026-03-16 13:30:00+00:00,2026-06-05 20:00:00+00:00,America/New_York,2026-06-07 10:36:06.864117+00:00
SSSS,SSSS,755,2026-03-16 13:30:00+00:00,2026-06-05 20:00:00+00:00,America/New_York,2026-06-07 10:36:06.910917+00:00
ACCO,ACCO,755,2026-03-16 13:30:00+00:00,2026-06-05 20:00:00+00:00,America/New_York,2026-06-07 10:36:06.988357+00:00
CDZI,CDZI,755,2026-03-16 13:30:00+00:00,2026-06-05 20:00:00+00:00,America/New_York,2026-06-07 10:36:07.044840+00:00
LXEO,LXEO,755,2026-03-16 13:30:00+00:00,2026-06-05 20:00:00+00:00,America/New_York,2026-06-07 10:36:07.183611+00:00
XPER,XPER,755,2026-03-16 13:30:00+00:00,2026-06-05 20:00:00+00:00,America/New_York,2026-06-07 10:36:07.119782+00:00
VOXR,VOXR,755,2026-03-16 13:30:00+00:00,2026-06-05 20:00:00+00:00,America/New_York,2026-06-07 10:36:07.220139+00:00
CHMG,CHMG,406,2026-03-16 15:00:00+00:00,2026-06-05 20:00:00+00:00,America/New_York,2026-06-07 10:36:07.272514+00:00
ARTNA,ARTNA,686,2026-03-16 13:30:00+00:00,2026-06-05 20:00:00+00:00,America/New_York,2026-06-07 10:36:07.298876+00:00
USCB,USCB,558,2026-03-16 13:30:00+00:00,2026-06-05 20:00:00+00:00,America/New_York,2026-06-07 10:36:07.335544+00:00
AVIR,AVIR,755,2026-03-16 13:30:00+00:00,2026-06-05 20:00:00+00:00,America/New_York,2026-06-07 10:36:07.398292+00:00
MLP,MLP,451,2026-03-16 13:30:00+00:00,2026-06-05 20:00:00+00:00,America/New_York,2026-06-07 10:36:07.450984+00:00
PSBD,PSBD,705,2026-03-16 13:30:00+00:00,2026-06-05 20:00:00+00:00,America/New_York,2026-06-07 10:36:07.370659+00:00
NWFL,NWFL,527,2026-03-16 13:30:00+00:00,2026-06-05 20:00:00+00:00,America/New_York,2026-06-07 10:36:07.553134+00:00
VACH,VACH,303,2026-03-16 14:00:00+00:00,2026-06-05 20:00:00+00:00,America/New_York,2026-06-07 10:36:07.593100+00:00
WEYS,WEYS,417,2026-03-16 13:30:00+00:00,2026-06-05 20:00:00+00:00,America/New_York,2026-06-07 10:36:07.594102+00:00
LRMR,LRMR,755,2026-03-16 13:30:00+00:00,2026-06-05 20:00:00+00:00,America/New_York,2026-06-07 10:36:07.680868+00:00
FNLC,FNLC,417,2026-03-16 13:30:00+00:00,2026-06-05 20:00:00+00:00,America/New_York,2026-06-07 10:36:07.719974+00:00
BLUW,BLUW,123,2026-03-17 14:00:00+00:00,2026-06-05 20:00:00+00:00,America/New_York,2026-06-07 10:36:07.855671+00:00
BEAG,BEAG,254,2026-03-16 13:30:00+00:00,2026-06-05 20:00:00+00:00,America/New_York,2026-06-07 10:36:07.926607+00:00
PRE,PRE,746,2026-03-16 13:30:00+00:00,2026-06-05 20:00:00+00:00,America/New_York,2026-06-07 10:36:07.776704+00:00
FOA,FOA,707,2026-03-16 13:30:00+00:00,2026-06-05 20:00:00+00:00,America/New_York,2026-06-07 10:36:07.854670+00:00
AII,AII,729,2026-03-16 13:30:00+00:00,2026-06-05 20:00:00+00:00,America/New_York,2026-06-07 10:36:07.957198+00:00
PHOE,PHOE,312,2026-03-16 13:30:00+00:00,2026-06-05 20:00:00+00:00,America/New_York,2026-06-07 10:36:08.080655+00:00
NCMI,NCMI,755,2026-03-16 13:30:00+00:00,2026-06-05 20:00:00+00:00,America/New_York,2026-06-07 10:36:07.990983+00:00
RM,RM,718,2026-03-16 13:30:00+00:00,2026-06-05 20:00:00+00:00,America/New_York,2026-06-07 10:36:08.249688+00:00
SIDU,SIDU,755,2026-03-16 13:30:00+00:00,2026-06-05 20:00:00+00:00,America/New_York,2026-06-07 10:36:08.248690+00:00
TSBK,TSBK,577,2026-03-16 13:30:00+00:00,2026-06-05 20:00:00+00:00,America/New_York,2026-06-07 10:36:08.419316+00:00
USNA,USNA,753,2026-03-16 13:30:00+00:00,2026-06-05 20:00:00+00:00,America/New_York,2026-06-07 10:36:08.378938+00:00
AVBH,AVBH,713,2026-03-16 13:30:00+00:00,2026-06-05 20:00:00+00:00,America/New_York,2026-06-07 10:36:08.569806+00:00
CEPV,CEPV,160,2026-03-16 13:30:00+00:00,2026-06-03 16:00:00+00:00,America/New_York,2026-06-07 10:36:08.660842+00:00
IRD,IRD,755,2026-03-16 13:30:00+00:00,2026-06-05 20:00:00+00:00,America/New_York,2026-06-07 10:36:08.660842+00:00
GLSI,GLSI,742,2026-03-16 13:30:00+00:00,2026-06-05 20:00:00+00:00,America/New_York,2026-06-07 10:36:08.777100+00:00
PCAP,PCAP,114,2026-03-16 13:30:00+00:00,2026-06-05 20:00:00+00:00,America/New_York,2026-06-07 10:36:08.822160+00:00
FWRD,FWRD,755,2026-03-16 13:30:00+00:00,2026-06-05 20:00:00+00:00,America/New_York,2026-06-07 10:36:08.742224+00:00
AUNA,AUNA,754,2026-03-16 13:30:00+00:00,2026-06-05 20:00:00+00:00,America/New_York,2026-06-07 10:36:08.823160+00:00
SHIP,SHIP,755,2026-03-16 13:30:00+00:00,2026-06-05 20:00:00+00:00,America/New_York,2026-06-07 10:36:08.864739+00:00
VSTM,VSTM,755,2026-03-16 13:30:00+00:00,2026-06-05 20:00:00+00:00,America/New_York,2026-06-07 10:36:08.905926+00:00
LE,LE,755,2026-03-16 13:30:00+00:00,2026-06-05 20:00:00+00:00,America/New_York,2026-06-07 10:36:08.997330+00:00
ATII,ATII,433,2026-03-16 17:30:00+00:00,2026-06-05 20:00:00+00:00,America/New_York,2026-06-07 10:36:09.035323+00:00
ENTA,ENTA,752,2026-03-16 13:30:00+00:00,2026-06-05 20:00:00+00:00,America/New_York,2026-06-07 10:36:09.091526+00:00
IONR,IONR,701,2026-03-16 13:30:00+00:00,2026-06-05 20:00:00+00:00,America/New_York,2026-06-07 10:36:09.115651+00:00
AIRJ,AIRJ,755,2026-03-16 13:30:00+00:00,2026-06-05 20:00:00+00:00,America/New_York,2026-06-07 10:36:09.067465+00:00
RTAC,RTAC,656,2026-03-16 13:30:00+00:00,2026-06-05 20:00:00+00:00,America/New_York,2026-06-07 10:36:09.153433+00:00
VACI,VACI,403,2026-03-20 14:00:00+00:00,2026-06-05 20:00:00+00:00,America/New_York,2026-06-07 10:36:09.307088+00:00
FBRX,FBRX,750,2026-03-16 13:30:00+00:00,2026-06-05 20:00:00+00:00,America/New_York,2026-06-07 10:36:09.232536+00:00
STRT,STRT,738,2026-03-16 13:30:00+00:00,2026-06-05 20:00:00+00:00,America/New_York,2026-06-07 10:36:09.264290+00:00
DRDB,DRDB,153,2026-03-16 13:30:00+00:00,2026-06-05 20:00:00+00:00,America/New_York,2026-06-07 10:36:09.306082+00:00
MSB,MSB,687,2026-03-16 13:30:00+00:00,2026-06-05 20:00:00+00:00,America/New_York,2026-06-07 10:36:09.388821+00:00
ZURA,ZURA,755,2026-03-16 13:30:00+00:00,2026-06-05 20:00:00+00:00,America/New_York,2026-06-07 10:36:09.413563+00:00
PINE,PINE,755,2026-03-16 13:30:00+00:00,2026-06-05 20:00:00+00:00,America/New_York,2026-06-07 10:36:09.434719+00:00
PMTR,PMTR,193,2026-03-16 13:30:00+00:00,2026-06-05 20:00:00+00:00,America/New_York,2026-06-07 10:36:09.456867+00:00
XRPN,XRPN,667,2026-03-16 13:30:00+00:00,2026-06-05 20:00:00+00:00,America/New_York,2026-06-07 10:36:09.565031+00:00
EVOX,EVOX,60,2026-03-16 15:00:00+00:00,2026-06-05 20:00:00+00:00,America/New_York,2026-06-07 10:36:09.590837+00:00
LTBR,LTBR,755,2026-03-16 13:30:00+00:00,2026-06-05 20:00:00+00:00,America/New_York,2026-06-07 10:36:09.538446+00:00
TCI,TCI,198,2026-03-16 13:30:00+00:00,2026-06-05 20:00:00+00:00,America/New_York,2026-06-07 10:36:09.653770+00:00
SVAC,SVAC,651,2026-03-16 13:30:00+00:00,2026-06-05 20:00:00+00:00,America/New_York,2026-06-07 10:36:09.629856+00:00
ATOM,ATOM,755,2026-03-16 13:30:00+00:00,2026-06-05 20:00:00+00:00,America/New_York,2026-06-07 10:36:09.694644+00:00
CNXU,CNXU,139,2026-05-21 14:00:00+00:00,2026-06-05 20:00:00+00:00,America/New_York,2026-06-07 10:36:09.816519+00:00
SLP,SLP,755,2026-03-16 13:30:00+00:00,2026-06-05 20:00:00+00:00,America/New_York,2026-06-07 10:36:09.695638+00:00
POLE,POLE,69,2026-03-18 15:30:00+00:00,2026-06-05 20:00:00+00:00,America/New_York,2026-06-07 10:36:09.847328+00:00
PDYN,PDYN,755,2026-03-16 13:30:00+00:00,2026-06-05 20:00:00+00:00,America/New_York,2026-06-07 10:36:09.764672+00:00
GUACU,GUACU,78,2026-05-15 13:30:00+00:00,2026-06-05 20:00:00+00:00,America/New_York,2026-06-07 10:36:09.921288+00:00
PERI,PERI,755,2026-03-16 13:30:00+00:00,2026-06-05 20:00:00+00:00,America/New_York,2026-06-07 10:36:09.846804+00:00
TVA,TVA,394,2026-03-16 13:30:00+00:00,2026-06-05 20:00:00+00:00,America/New_York,2026-06-07 10:36:10.015507+00:00
RILY,RILY,755,2026-03-16 13:30:00+00:00,2026-06-05 20:00:00+00:00,America/New_York,2026-06-07 10:36:10.092360+00:00
COSO,COSO,730,2026-03-16 13:30:00+00:00,2026-06-05 20:00:00+00:00,America/New_York,2026-06-07 10:36:10.050839+00:00
ELMD,ELMD,704,2026-03-16 13:30:00+00:00,2026-06-05 20:00:00+00:00,America/New_York,2026-06-07 10:36:10.133971+00:00
ONIT,ONIT,701,2026-03-16 13:30:00+00:00,2026-06-05 20:00:00+00:00,America/New_York,2026-06-07 10:36:10.217730+00:00
CZFS,CZFS,185,2026-03-16 15:00:00+00:00,2026-06-05 20:00:00+00:00,America/New_York,2026-06-07 10:36:10.190830+00:00
ALCO,ALCO,566,2026-03-16 14:00:00+00:00,2026-06-05 20:00:00+00:00,America/New_York,2026-06-07 10:36:10.266614+00:00
RGNX,RGNX,755,2026-03-16 13:30:00+00:00,2026-06-05 20:00:00+00:00,America/New_York,2026-06-07 10:36:10.239256+00:00
HRZN,HRZN,755,2026-03-16 13:30:00+00:00,2026-06-05 20:00:00+00:00,America/New_York,2026-06-07 10:36:10.295593+00:00
BGS,BGS,755,2026-03-16 13:30:00+00:00,2026-06-05 20:00:00+00:00,America/New_York,2026-06-07 10:36:10.344732+00:00
KOYN,KOYN,90,2026-03-17 15:00:00+00:00,2026-06-05 20:00:00+00:00,America/New_York,2026-06-07 10:36:10.414674+00:00
ABEO,ABEO,755,2026-03-16 13:30:00+00:00,2026-06-05 20:00:00+00:00,America/New_York,2026-06-07 10:36:10.379800+00:00
TCPC,TCPC,755,2026-03-16 13:30:00+00:00,2026-06-05 20:00:00+00:00,America/New_York,2026-06-07 10:36:10.451308+00:00
ISBA,ISBA,465,2026-03-16 13:30:00+00:00,2026-06-05 20:00:00+00:00,America/New_York,2026-06-07 10:36:10.529471+00:00
WNC,WNC,755,2026-03-16 13:30:00+00:00,2026-06-05 20:00:00+00:00,America/New_York,2026-06-07 10:36:10.716889+00:00
SIGA,SIGA,755,2026-03-16 13:30:00+00:00,2026-06-05 20:00:00+00:00,America/New_York,2026-06-07 10:36:10.697209+00:00
MBI,MBI,754,2026-03-16 13:30:00+00:00,2026-06-05 20:00:00+00:00,America/New_York,2026-06-07 10:36:10.639574+00:00
TLS,TLS,755,2026-03-16 13:30:00+00:00,2026-06-05 20:00:00+00:00,America/New_York,2026-06-07 10:36:10.786834+00:00
BRCB,BRCB,755,2026-03-16 13:30:00+00:00,2026-06-05 20:00:00+00:00,America/New_York,2026-06-07 10:36:10.815090+00:00
ISSC,ISSC,755,2026-03-16 13:30:00+00:00,2026-06-05 20:00:00+00:00,America/New_York,2026-06-07 10:36:10.758827+00:00
NODK,NODK,414,2026-03-16 13:30:00+00:00,2026-06-05 20:00:00+00:00,America/New_York,2026-06-07 10:36:10.969410+00:00
SEG,SEG,708,2026-03-16 13:30:00+00:00,2026-06-05 20:00:00+00:00,America/New_York,2026-06-07 10:36:11.032624+00:00
VALU,VALU,114,2026-03-16 13:30:00+00:00,2026-06-05 20:00:00+00:00,America/New_York,2026-06-07 10:36:11.031117+00:00
JMSB,JMSB,590,2026-03-16 13:30:00+00:00,2026-06-05 20:00:00+00:00,America/New_York,2026-06-07 10:36:11.075897+00:00
FLXS,FLXS,672,2026-03-16 13:30:00+00:00,2026-06-05 20:00:00+00:00,America/New_York,2026-06-07 10:36:11.147556+00:00
OFLX,OFLX,661,2026-03-16 13:30:00+00:00,2026-06-05 20:00:00+00:00,America/New_York,2026-06-07 10:36:11.125542+00:00
FSBW,FSBW,294,2026-03-16 13:30:00+00:00,2026-06-05 20:00:00+00:00,America/New_York,2026-06-07 10:36:11.264664+00:00
PRLD,PRLD,755,2026-03-16 13:30:00+00:00,2026-06-05 20:00:00+00:00,America/New_York,2026-06-07 10:36:11.147556+00:00
LOKV,LOKV,154,2026-03-17 13:30:00+00:00,2026-06-05 20:00:00+00:00,America/New_York,2026-06-07 10:36:11.230102+00:00
BRBS,BRBS,755,2026-03-16 13:30:00+00:00,2026-06-05 20:00:00+00:00,America/New_York,2026-06-07 10:36:11.263669+00:00
BKTI,BKTI,695,2026-03-16 13:30:00+00:00,2026-06-05 20:00:00+00:00,America/New_York,2026-06-07 10:36:11.373525+00:00
VUZI,VUZI,755,2026-03-16 13:30:00+00:00,2026-06-05 20:00:00+00:00,America/New_York,2026-06-07 10:36:11.367007+00:00
SSP,SSP,755,2026-03-16 13:30:00+00:00,2026-06-05 20:00:00+00:00,America/New_York,2026-06-07 10:36:11.474761+00:00
PTLO,PTLO,755,2026-03-16 13:30:00+00:00,2026-06-05 20:00:00+00:00,America/New_York,2026-06-07 10:36:11.500382+00:00
RPAY,RPAY,755,2026-03-16 13:30:00+00:00,2026-06-05 20:00:00+00:00,America/New_York,2026-06-07 10:36:11.475761+00:00
ASLE,ASLE,754,2026-03-16 13:30:00+00:00,2026-06-05 20:00:00+00:00,America/New_York,2026-06-07 10:36:11.688981+00:00
OTGA,OTGA,68,2026-03-16 14:30:00+00:00,2026-06-04 16:30:00+00:00,America/New_York,2026-06-07 10:36:11.719655+00:00
MWC,MWC,204,2026-05-14 13:30:00+00:00,2026-06-05 20:00:00+00:00,America/New_York,2026-06-07 10:36:11.828971+00:00
PNRG,PNRG,606,2026-03-16 13:30:00+00:00,2026-06-05 20:00:00+00:00,America/New_York,2026-06-07 10:36:11.717655+00:00
CIX,CIX,185,2026-03-16 13:30:00+00:00,2026-06-05 20:00:00+00:00,America/New_York,2026-06-07 10:36:11.867057+00:00
LODE,LODE,755,2026-03-16 13:30:00+00:00,2026-06-05 20:00:00+00:00,America/New_York,2026-06-07 10:36:11.893161+00:00
NREF,NREF,707,2026-03-16 13:30:00+00:00,2026-06-05 20:00:00+00:00,America/New_York,2026-06-07 10:36:11.930493+00:00
FENC,FENC,752,2026-03-16 13:30:00+00:00,2026-06-05 20:00:00+00:00,America/New_York,2026-06-07 10:36:11.976194+00:00
UIS,UIS,755,2026-03-16 13:30:00+00:00,2026-06-05 20:00:00+00:00,America/New_York,2026-06-07 10:36:11.977193+00:00
DMRC,DMRC,754,2026-03-16 13:30:00+00:00,2026-06-05 20:00:00+00:00,America/New_York,2026-06-07 10:36:12.050355+00:00
PPHC,PPHC,676,2026-03-16 13:30:00+00:00,2026-06-05 20:00:00+00:00,America/New_York,2026-06-07 10:36:12.147686+00:00
RMAX,RMAX,755,2026-03-16 13:30:00+00:00,2026-06-05 20:00:00+00:00,America/New_York,2026-06-07 10:36:12.113092+00:00
MASS,MASS,755,2026-03-16 13:30:00+00:00,2026-06-05 20:00:00+00:00,America/New_York,2026-06-07 10:36:12.082425+00:00
FCCO,FCCO,731,2026-03-16 13:30:00+00:00,2026-06-05 20:00:00+00:00,America/New_York,2026-06-07 10:36:12.189987+00:00
ELLO,ELLO,188,2026-03-16 15:00:00+00:00,2026-06-05 20:00:00+00:00,America/New_York,2026-06-07 10:36:12.284391+00:00
ACGC,ACGC,32,2026-05-28 13:30:00+00:00,2026-06-05 20:00:00+00:00,America/New_York,2026-06-07 10:36:12.386844+00:00
NL,NL,646,2026-03-16 13:30:00+00:00,2026-06-05 20:00:00+00:00,America/New_York,2026-06-07 10:36:12.386844+00:00
FVCB,FVCB,743,2026-03-16 13:30:00+00:00,2026-06-05 20:00:00+00:00,America/New_York,2026-06-07 10:36:12.513762+00:00
ZUMZ,ZUMZ,751,2026-03-16 13:30:00+00:00,2026-06-05 20:00:00+00:00,America/New_York,2026-06-07 10:36:12.451329+00:00
CARL,CARL,733,2026-03-16 13:30:00+00:00,2026-06-05 20:00:00+00:00,America/New_York,2026-06-07 10:36:12.451329+00:00
BACC,BACC,164,2026-03-16 13:30:00+00:00,2026-06-05 20:00:00+00:00,America/New_York,2026-06-07 10:36:12.721655+00:00
KWY,KWY,165,2026-05-19 13:30:00+00:00,2026-06-05 20:00:00+00:00,America/New_York,2026-06-07 10:36:12.627017+00:00
XNET,XNET,755,2026-03-16 13:30:00+00:00,2026-06-05 20:00:00+00:00,America/New_York,2026-06-07 10:36:12.658060+00:00
AMRN,AMRN,685,2026-03-16 13:30:00+00:00,2026-06-05 20:00:00+00:00,America/New_York,2026-06-07 10:36:12.748108+00:00
DMAC,DMAC,749,2026-03-16 13:30:00+00:00,2026-06-05 20:00:00+00:00,America/New_York,2026-06-07 10:36:12.859062+00:00
PAMT,PAMT,380,2026-03-16 13:30:00+00:00,2026-06-05 20:00:00+00:00,America/New_York,2026-06-07 10:36:12.994108+00:00
SLN,SLN,752,2026-03-16 13:30:00+00:00,2026-06-05 20:00:00+00:00,America/New_York,2026-06-07 10:36:12.902687+00:00
BCYC,BCYC,755,2026-03-16 13:30:00+00:00,2026-06-05 20:00:00+00:00,America/New_York,2026-06-07 10:36:12.903687+00:00
OVLY,OVLY,661,2026-03-16 13:30:00+00:00,2026-06-05 20:00:00+00:00,America/New_York,2026-06-07 10:36:13.015207+00:00
TWIN,TWIN,670,2026-03-16 13:30:00+00:00,2026-06-05 20:00:00+00:00,America/New_York,2026-06-07 10:36:13.016205+00:00
AZ,AZ,755,2026-03-16 13:30:00+00:00,2026-06-05 20:00:00+00:00,America/New_York,2026-06-07 10:36:13.071909+00:00
FNKO,FNKO,755,2026-03-16 13:30:00+00:00,2026-06-05 20:00:00+00:00,America/New_York,2026-06-07 10:36:13.141996+00:00
AENT,AENT,515,2026-03-16 13:30:00+00:00,2026-06-05 20:00:00+00:00,America/New_York,2026-06-07 10:36:13.362264+00:00
SI,SI,692,2026-03-16 13:30:00+00:00,2026-06-05 20:00:00+00:00,America/New_York,2026-06-07 10:36:13.264103+00:00
TENX,TENX,755,2026-03-16 13:30:00+00:00,2026-06-05 20:00:00+00:00,America/New_York,2026-06-07 10:36:13.263104+00:00
MYFW,MYFW,474,2026-03-16 14:00:00+00:00,2026-06-05 20:00:00+00:00,America/New_York,2026-06-07 10:36:13.409575+00:00
GSIT,GSIT,755,2026-03-16 13:30:00+00:00,2026-06-05 20:00:00+00:00,America/New_York,2026-06-07 10:36:13.461456+00:00
RCKY,RCKY,711,2026-03-16 13:30:00+00:00,2026-06-05 20:00:00+00:00,America/New_York,2026-06-07 10:36:13.569402+00:00
OSUR,OSUR,755,2026-03-16 13:30:00+00:00,2026-06-05 20:00:00+00:00,America/New_York,2026-06-07 10:36:13.569402+00:00
TTGT,TTGT,755,2026-03-16 13:30:00+00:00,2026-06-05 20:00:00+00:00,America/New_York,2026-06-07 10:36:13.660805+00:00
LYEL,LYEL,729,2026-03-16 13:30:00+00:00,2026-06-05 20:00:00+00:00,America/New_York,2026-06-07 10:36:13.691082+00:00
BRT,BRT,649,2026-03-16 13:30:00+00:00,2026-06-05 20:00:00+00:00,America/New_York,2026-06-07 10:36:13.797175+00:00
NUCL,NUCL,755,2026-03-16 13:30:00+00:00,2026-06-05 20:00:00+00:00,America/New_York,2026-06-07 10:36:13.795553+00:00
ACRE,ACRE,755,2026-03-16 13:30:00+00:00,2026-06-05 20:00:00+00:00,America/New_York,2026-06-07 10:36:13.942629+00:00
IMRX,IMRX,755,2026-03-16 13:30:00+00:00,2026-06-05 20:00:00+00:00,America/New_York,2026-06-07 10:36:14.001997+00:00
HCKT,HCKT,755,2026-03-16 13:30:00+00:00,2026-06-05 20:00:00+00:00,America/New_York,2026-06-07 10:36:13.894884+00:00
FLWS,FLWS,755,2026-03-16 13:30:00+00:00,2026-06-05 20:00:00+00:00,America/New_York,2026-06-07 10:36:14.001001+00:00
RDNW,RDNW,672,2026-03-16 13:30:00+00:00,2026-06-05 20:00:00+00:00,America/New_York,2026-06-07 10:36:13.894884+00:00
FWDI,FWDI,755,2026-03-16 13:30:00+00:00,2026-06-05 20:00:00+00:00,America/New_York,2026-06-07 10:36:14.121170+00:00
NAGE,NAGE,755,2026-03-16 13:30:00+00:00,2026-06-05 20:00:00+00:00,America/New_York,2026-06-07 10:36:14.177804+00:00
ARMP,ARMP,715,2026-03-16 13:30:00+00:00,2026-06-05 20:00:00+00:00,America/New_York,2026-06-07 10:36:14.285446+00:00
ESOA,ESOA,752,2026-03-16 13:30:00+00:00,2026-06-05 20:00:00+00:00,America/New_York,2026-06-07 10:36:14.326799+00:00
FDBC,FDBC,240,2026-03-16 13:30:00+00:00,2026-06-05 20:00:00+00:00,America/New_York,2026-06-07 10:36:14.372373+00:00
HVII,HVII,158,2026-03-16 19:00:00+00:00,2026-06-05 20:00:00+00:00,America/New_York,2026-06-07 10:36:14.453118+00:00
JDZG,JDZG,688,2026-03-16 13:30:00+00:00,2026-06-04 19:30:00+00:00,America/New_York,2026-06-07 10:36:14.394429+00:00
FNRN,FNRN,490,2026-03-16 13:30:00+00:00,2026-06-05 20:00:00+00:00,America/New_York,2026-06-07 10:36:14.496789+00:00
WNEB,WNEB,658,2026-03-16 13:30:00+00:00,2026-06-05 20:00:00+00:00,America/New_York,2026-06-07 10:36:14.394429+00:00
CEPO,CEPO,410,2026-03-16 13:30:00+00:00,2026-06-05 20:00:00+00:00,America/New_York,2026-06-07 10:36:14.659301+00:00
BUUU,BUUU,221,2026-03-16 14:30:00+00:00,2026-06-04 19:30:00+00:00,America/New_York,2026-06-07 10:36:14.593531+00:00
FC,FC,739,2026-03-16 13:30:00+00:00,2026-06-05 20:00:00+00:00,America/New_York,2026-06-07 10:36:14.744677+00:00
SOUL,SOUL,201,2026-03-16 13:30:00+00:00,2026-06-05 13:30:00+00:00,America/New_York,2026-06-07 10:36:14.890067+00:00
DNMX,DNMX,114,2026-03-17 15:30:00+00:00,2026-06-05 20:00:00+00:00,America/New_York,2026-06-07 10:36:14.831436+00:00
MKTW,MKTW,558,2026-03-16 13:30:00+00:00,2026-06-05 20:00:00+00:00,America/New_York,2026-06-07 10:36:14.856833+00:00
TG,TG,754,2026-03-16 13:30:00+00:00,2026-06-05 20:00:00+00:00,America/New_York,2026-06-07 10:36:14.782242+00:00
GTE,GTE,755,2026-03-16 13:30:00+00:00,2026-06-05 20:00:00+00:00,America/New_York,2026-06-07 10:36:14.807905+00:00
ATLO,ATLO,726,2026-03-16 13:30:00+00:00,2026-06-05 20:00:00+00:00,America/New_York,2026-06-07 10:36:14.955501+00:00
STI,STI,677,2026-03-16 13:30:00+00:00,2026-06-05 20:00:00+00:00,America/New_York,2026-06-07 10:36:14.919223+00:00
ASYS,ASYS,755,2026-03-16 13:30:00+00:00,2026-06-05 20:00:00+00:00,America/New_York,2026-06-07 10:36:15.074903+00:00
FRAF,FRAF,448,2026-03-16 13:30:00+00:00,2026-06-05 20:00:00+00:00,America/New_York,2026-06-07 10:36:15.233387+00:00
AFRI,AFRI,334,2026-03-16 13:30:00+00:00,2026-06-05 20:00:00+00:00,America/New_York,2026-06-07 10:36:15.198779+00:00
NUS,NUS,755,2026-03-16 13:30:00+00:00,2026-06-05 20:00:00+00:00,America/New_York,2026-06-07 10:36:15.136314+00:00
ZNTL,ZNTL,755,2026-03-16 13:30:00+00:00,2026-06-05 20:00:00+00:00,America/New_York,2026-06-07 10:36:15.160918+00:00
SITC,SITC,755,2026-03-16 13:30:00+00:00,2026-06-05 20:00:00+00:00,America/New_York,2026-06-07 10:36:15.291102+00:00
AIRO,AIRO,755,2026-03-16 13:30:00+00:00,2026-06-05 20:00:00+00:00,America/New_York,2026-06-07 10:36:15.261458+00:00
FXNC,FXNC,734,2026-03-16 13:30:00+00:00,2026-06-05 20:00:00+00:00,America/New_York,2026-06-07 10:36:15.396463+00:00
RWAY,RWAY,755,2026-03-16 13:30:00+00:00,2026-06-05 20:00:00+00:00,America/New_York,2026-06-07 10:36:15.317146+00:00
HBB,HBB,518,2026-03-16 13:30:00+00:00,2026-06-05 20:00:00+00:00,America/New_York,2026-06-07 10:36:15.454398+00:00
UP,UP,755,2026-03-16 13:30:00+00:00,2026-06-05 20:00:00+00:00,America/New_York,2026-06-07 10:36:15.491154+00:00
FACT,FACT,212,2026-03-16 14:00:00+00:00,2026-06-05 20:00:00+00:00,America/New_York,2026-06-07 10:36:15.643227+00:00
CIA,CIA,720,2026-03-16 13:30:00+00:00,2026-06-05 20:00:00+00:00,America/New_York,2026-06-07 10:36:15.580380+00:00
SABS,SABS,755,2026-03-16 13:30:00+00:00,2026-06-05 20:00:00+00:00,America/New_York,2026-06-07 10:36:15.735468+00:00
NXDT,NXDT,745,2026-03-16 13:30:00+00:00,2026-06-05 20:00:00+00:00,America/New_York,2026-06-07 10:36:15.692753+00:00
PLMK,PLMK,162,2026-03-16 13:30:00+00:00,2026-06-05 20:00:00+00:00,America/New_York,2026-06-07 10:36:15.947536+00:00
ZIP,ZIP,755,2026-03-16 13:30:00+00:00,2026-06-05 20:00:00+00:00,America/New_York,2026-06-07 10:36:15.734059+00:00
FUNC,FUNC,324,2026-03-16 13:30:00+00:00,2026-06-05 20:00:00+00:00,America/New_York,2026-06-07 10:36:16.011056+00:00
LTRX,LTRX,755,2026-03-16 13:30:00+00:00,2026-06-05 20:00:00+00:00,America/New_York,2026-06-07 10:36:16.011056+00:00
ELDN,ELDN,755,2026-03-16 13:30:00+00:00,2026-06-05 20:00:00+00:00,America/New_York,2026-06-07 10:36:16.064009+00:00
NHP,NHP,411,2026-04-22 16:30:00+00:00,2026-06-05 20:00:00+00:00,America/New_York,2026-06-07 10:36:16.161826+00:00
RAAQ,RAAQ,644,2026-03-16 13:30:00+00:00,2026-06-05 20:00:00+00:00,America/New_York,2026-06-07 10:36:16.197715+00:00
SLGL,SLGL,463,2026-03-16 14:00:00+00:00,2026-06-05 20:00:00+00:00,America/New_York,2026-06-07 10:36:16.227453+00:00
OTLY,OTLY,711,2026-03-16 13:30:00+00:00,2026-06-05 20:00:00+00:00,America/New_York,2026-06-07 10:36:16.117724+00:00
PCYO,PCYO,654,2026-03-16 13:30:00+00:00,2026-06-05 20:00:00+00:00,America/New_York,2026-06-07 10:36:16.406273+00:00
SCM,SCM,755,2026-03-16 13:30:00+00:00,2026-06-05 20:00:00+00:00,America/New_York,2026-06-07 10:36:16.322450+00:00
MX,MX,755,2026-03-16 13:30:00+00:00,2026-06-05 20:00:00+00:00,America/New_York,2026-06-07 10:36:16.351483+00:00
VATE,VATE,687,2026-03-16 13:30:00+00:00,2026-06-05 20:00:00+00:00,America/New_York,2026-06-07 10:36:16.286657+00:00
PNNT,PNNT,755,2026-03-16 13:30:00+00:00,2026-06-05 20:00:00+00:00,America/New_York,2026-06-07 10:36:16.481439+00:00
KEYYU,KEYYU,30,2026-06-03 13:30:00+00:00,2026-06-05 20:00:00+00:00,America/New_York,2026-06-07 10:36:16.639027+00:00
PPIH,PPIH,738,2026-03-16 13:30:00+00:00,2026-06-05 20:00:00+00:00,America/New_York,2026-06-07 10:36:16.480440+00:00
HWBK,HWBK,250,2026-03-16 13:30:00+00:00,2026-06-05 20:00:00+00:00,America/New_York,2026-06-07 10:36:16.599292+00:00
QADR,QADR,25,2026-05-20 14:00:00+00:00,2026-06-05 20:00:00+00:00,America/New_York,2026-06-07 10:36:16.776622+00:00
CABO,CABO,753,2026-03-16 13:30:00+00:00,2026-06-05 20:00:00+00:00,America/New_York,2026-06-07 10:36:16.640024+00:00
TYGO,TYGO,755,2026-03-16 13:30:00+00:00,2026-06-05 20:00:00+00:00,America/New_York,2026-06-07 10:36:16.710347+00:00
MLAC,MLAC,213,2026-03-16 15:00:00+00:00,2026-06-05 20:00:00+00:00,America/New_York,2026-06-07 10:36:16.942282+00:00
MGNX,MGNX,755,2026-03-16 13:30:00+00:00,2026-06-05 20:00:00+00:00,America/New_York,2026-06-07 10:36:16.775625+00:00
JAKK,JAKK,711,2026-03-16 13:30:00+00:00,2026-06-05 20:00:00+00:00,America/New_York,2026-06-07 10:36:16.875589+00:00
ASUR,ASUR,710,2026-03-16 13:30:00+00:00,2026-06-05 20:00:00+00:00,America/New_York,2026-06-07 10:36:17.029254+00:00
SRZN,SRZN,712,2026-03-16 13:30:00+00:00,2026-06-05 20:00:00+00:00,America/New_York,2026-06-07 10:36:16.906118+00:00
CLW,CLW,754,2026-03-16 13:30:00+00:00,2026-06-05 20:00:00+00:00,America/New_York,2026-06-07 10:36:16.993550+00:00
ESCA,ESCA,667,2026-03-16 13:30:00+00:00,2026-06-05 20:00:00+00:00,America/New_York,2026-06-07 10:36:17.120612+00:00
CXDO,CXDO,751,2026-03-16 13:30:00+00:00,2026-06-05 20:00:00+00:00,America/New_York,2026-06-07 10:36:17.068700+00:00
ELTX,ELTX,742,2026-03-16 13:30:00+00:00,2026-06-05 20:00:00+00:00,America/New_York,2026-06-07 10:36:17.147066+00:00
MITT,MITT,755,2026-03-16 13:30:00+00:00,2026-06-05 20:00:00+00:00,America/New_York,2026-06-07 10:36:17.147066+00:00
TKNO,TKNO,744,2026-03-16 13:30:00+00:00,2026-06-05 20:00:00+00:00,America/New_York,2026-06-07 10:36:17.219382+00:00
AUDC,AUDC,730,2026-03-16 13:30:00+00:00,2026-06-05 20:00:00+00:00,America/New_York,2026-06-07 10:36:17.250476+00:00
FULC,FULC,755,2026-03-16 13:30:00+00:00,2026-06-05 20:00:00+00:00,America/New_York,2026-06-07 10:36:17.295015+00:00
NVCT,NVCT,695,2026-03-16 13:30:00+00:00,2026-06-05 20:00:00+00:00,America/New_York,2026-06-07 10:36:17.369368+00:00
CFFI,CFFI,136,2026-03-16 14:00:00+00:00,2026-06-05 20:00:00+00:00,America/New_York,2026-06-07 10:36:17.412819+00:00
PROF,PROF,702,2026-03-16 13:30:00+00:00,2026-06-05 20:00:00+00:00,America/New_York,2026-06-07 10:36:17.445914+00:00
LAW,LAW,755,2026-03-16 13:30:00+00:00,2026-06-05 20:00:00+00:00,America/New_York,2026-06-07 10:36:17.485671+00:00
TRDA,TRDA,752,2026-03-16 13:30:00+00:00,2026-06-05 20:00:00+00:00,America/New_York,2026-06-07 10:36:17.522441+00:00
SSAC,SSAC,157,2026-03-16 13:30:00+00:00,2026-06-05 20:00:00+00:00,America/New_York,2026-06-07 10:36:17.610061+00:00
TBCH,TBCH,755,2026-03-16 13:30:00+00:00,2026-06-05 20:00:00+00:00,America/New_York,2026-06-07 10:36:17.584619+00:00
SGHT,SGHT,753,2026-03-16 13:30:00+00:00,2026-06-05 20:00:00+00:00,America/New_York,2026-06-07 10:36:17.635146+00:00
DYNC,DYNC,308,2026-05-01 13:30:00+00:00,2026-06-05 20:00:00+00:00,America/New_York,2026-06-07 10:36:17.792087+00:00
SUPX,SUPX,755,2026-03-16 13:30:00+00:00,2026-06-05 20:00:00+00:00,America/New_York,2026-06-07 10:36:17.736967+00:00
OSG,OSG,755,2026-03-16 13:30:00+00:00,2026-06-05 20:00:00+00:00,America/New_York,2026-06-07 10:36:17.759476+00:00
CBNA,CBNA,186,2026-03-16 13:30:00+00:00,2026-06-05 20:00:00+00:00,America/New_York,2026-06-07 10:36:17.880767+00:00
LCNB,LCNB,590,2026-03-16 13:30:00+00:00,2026-06-05 20:00:00+00:00,America/New_York,2026-06-07 10:36:17.707415+00:00
SNFCA,SNFCA,629,2026-03-16 13:30:00+00:00,2026-06-05 20:00:00+00:00,America/New_York,2026-06-07 10:36:17.839204+00:00
DAAQ,DAAQ,214,2026-03-16 13:30:00+00:00,2026-06-05 20:00:00+00:00,America/New_York,2026-06-07 10:36:18.042358+00:00
BPRN,BPRN,294,2026-03-16 14:30:00+00:00,2026-06-05 20:00:00+00:00,America/New_York,2026-06-07 10:36:17.971479+00:00
RGCO,RGCO,349,2026-03-16 13:30:00+00:00,2026-06-05 20:00:00+00:00,America/New_York,2026-06-07 10:36:17.925183+00:00
REFI,REFI,752,2026-03-16 13:30:00+00:00,2026-06-05 20:00:00+00:00,America/New_York,2026-06-07 10:36:17.970477+00:00
ANGI,ANGI,755,2026-03-16 13:30:00+00:00,2026-06-05 20:00:00+00:00,America/New_York,2026-06-07 10:36:18.200702+00:00
XPOF,XPOF,755,2026-03-16 13:30:00+00:00,2026-06-05 20:00:00+00:00,America/New_York,2026-06-07 10:36:18.133452+00:00
LFMD,LFMD,755,2026-03-16 13:30:00+00:00,2026-06-05 20:00:00+00:00,America/New_York,2026-06-07 10:36:18.209342+00:00
LEGT,LEGT,460,2026-03-16 13:30:00+00:00,2026-06-05 20:00:00+00:00,America/New_York,2026-06-07 10:36:18.498274+00:00
PEBK,PEBK,668,2026-03-16 13:30:00+00:00,2026-06-05 20:00:00+00:00,America/New_York,2026-06-07 10:36:18.394589+00:00
SND,SND,754,2026-03-16 13:30:00+00:00,2026-06-05 20:00:00+00:00,America/New_York,2026-06-07 10:36:18.459026+00:00
MCGA,MCGA,439,2026-03-16 13:30:00+00:00,2026-06-05 20:00:00+00:00,America/New_York,2026-06-07 10:36:18.393583+00:00
AVNW,AVNW,753,2026-03-16 13:30:00+00:00,2026-06-05 20:00:00+00:00,America/New_York,2026-06-07 10:36:18.551895+00:00
RELL,RELL,743,2026-03-16 13:30:00+00:00,2026-06-05 20:00:00+00:00,America/New_York,2026-06-07 10:36:18.618160+00:00
FOSL,FOSL,755,2026-03-16 13:30:00+00:00,2026-06-05 20:00:00+00:00,America/New_York,2026-06-07 10:36:18.761213+00:00
LOVE,LOVE,754,2026-03-16 13:30:00+00:00,2026-06-05 20:00:00+00:00,America/New_York,2026-06-07 10:36:18.617160+00:00
NERV,NERV,746,2026-03-16 13:30:00+00:00,2026-06-05 20:00:00+00:00,America/New_York,2026-06-07 10:36:18.797896+00:00
VABK,VABK,191,2026-03-16 14:00:00+00:00,2026-06-05 20:00:00+00:00,America/New_York,2026-06-07 10:36:18.925454+00:00
CLLS,CLLS,507,2026-03-16 13:30:00+00:00,2026-06-05 20:00:00+00:00,America/New_York,2026-06-07 10:36:18.831641+00:00
HDSN,HDSN,755,2026-03-16 13:30:00+00:00,2026-06-05 20:00:00+00:00,America/New_York,2026-06-07 10:36:18.866716+00:00
LEE,LEE,635,2026-03-16 13:30:00+00:00,2026-06-05 20:00:00+00:00,America/New_York,2026-06-07 10:36:18.867712+00:00
DPRO,DPRO,755,2026-03-16 13:30:00+00:00,2026-06-05 20:00:00+00:00,America/New_York,2026-06-07 10:36:18.976675+00:00
TARA,TARA,755,2026-03-16 13:30:00+00:00,2026-06-05 20:00:00+00:00,America/New_York,2026-06-07 10:36:18.975677+00:00
OBIO,OBIO,750,2026-03-16 13:30:00+00:00,2026-06-05 20:00:00+00:00,America/New_York,2026-06-07 10:36:19.039062+00:00
IACQU,IACQU,113,2026-04-28 13:30:00+00:00,2026-06-05 20:00:00+00:00,America/New_York,2026-06-07 10:36:19.121515+00:00
OVBC,OVBC,548,2026-03-16 13:30:00+00:00,2026-06-05 20:00:00+00:00,America/New_York,2026-06-07 10:36:19.150693+00:00
FBLA,FBLA,726,2026-03-16 13:30:00+00:00,2026-06-05 20:00:00+00:00,America/New_York,2026-06-07 10:36:19.099851+00:00
EVI,EVI,599,2026-03-16 13:30:00+00:00,2026-06-05 20:00:00+00:00,America/New_York,2026-06-07 10:36:19.219707+00:00
USAU,USAU,755,2026-03-16 13:30:00+00:00,2026-06-05 20:00:00+00:00,America/New_York,2026-06-07 10:36:19.357114+00:00
EAF,EAF,755,2026-03-16 13:30:00+00:00,2026-06-05 20:00:00+00:00,America/New_York,2026-06-07 10:36:19.380626+00:00
LIEN,LIEN,666,2026-03-16 13:30:00+00:00,2026-06-05 20:00:00+00:00,America/New_York,2026-06-07 10:36:19.478503+00:00
TMCI,TMCI,755,2026-03-16 13:30:00+00:00,2026-06-05 20:00:00+00:00,America/New_York,2026-06-07 10:36:19.429884+00:00
MFIN,MFIN,669,2026-03-16 13:30:00+00:00,2026-06-05 20:00:00+00:00,America/New_York,2026-06-07 10:36:19.566342+00:00
MRBK,MRBK,749,2026-03-16 13:30:00+00:00,2026-06-05 20:00:00+00:00,America/New_York,2026-06-07 10:36:19.403949+00:00
KINS,KINS,747,2026-03-16 13:30:00+00:00,2026-06-05 20:00:00+00:00,America/New_York,2026-06-07 10:36:19.533216+00:00
EFSI,EFSI,517,2026-03-16 13:30:00+00:00,2026-06-05 20:00:00+00:00,America/New_York,2026-06-07 10:36:19.747907+00:00
QTTB,QTTB,754,2026-03-16 13:30:00+00:00,2026-06-05 20:00:00+00:00,America/New_York,2026-06-07 10:36:19.656021+00:00
IMPP,IMPP,755,2026-03-16 13:30:00+00:00,2026-06-05 20:00:00+00:00,America/New_York,2026-06-07 10:36:19.805411+00:00
NKSH,NKSH,675,2026-03-16 13:30:00+00:00,2026-06-05 20:00:00+00:00,America/New_York,2026-06-07 10:36:19.807414+00:00
FCAP,FCAP,148,2026-03-16 19:00:00+00:00,2026-06-05 20:00:00+00:00,America/New_York,2026-06-07 10:36:19.943254+00:00
STRS,STRS,481,2026-03-16 14:00:00+00:00,2026-06-05 20:00:00+00:00,America/New_York,2026-06-07 10:36:20.004245+00:00
ONCH,ONCH,104,2026-03-16 13:30:00+00:00,2026-06-03 16:30:00+00:00,America/New_York,2026-06-07 10:36:20.114537+00:00
SPOK,SPOK,755,2026-03-16 13:30:00+00:00,2026-06-05 20:00:00+00:00,America/New_York,2026-06-07 10:36:20.063535+00:00
UTMD,UTMD,374,2026-03-16 14:00:00+00:00,2026-06-05 20:00:00+00:00,America/New_York,2026-06-07 10:36:20.267754+00:00
FHTX,FHTX,749,2026-03-16 13:30:00+00:00,2026-06-05 20:00:00+00:00,America/New_York,2026-06-07 10:36:20.196195+00:00
LENZ,LENZ,755,2026-03-16 13:30:00+00:00,2026-06-05 20:00:00+00:00,America/New_York,2026-06-07 10:36:20.115549+00:00
SZZL,SZZL,263,2026-03-16 16:00:00+00:00,2026-06-05 20:00:00+00:00,America/New_York,2026-06-07 10:36:20.266755+00:00
OPRT,OPRT,755,2026-03-16 13:30:00+00:00,2026-06-05 20:00:00+00:00,America/New_York,2026-06-07 10:36:20.225634+00:00
SILC,SILC,694,2026-03-16 13:30:00+00:00,2026-06-05 20:00:00+00:00,America/New_York,2026-06-07 10:36:20.335983+00:00
TPVG,TPVG,755,2026-03-16 13:30:00+00:00,2026-06-05 20:00:00+00:00,America/New_York,2026-06-07 10:36:20.442940+00:00
CMTV,CMTV,529,2026-03-16 14:00:00+00:00,2026-06-05 20:00:00+00:00,America/New_York,2026-06-07 10:36:20.510852+00:00
INBK,INBK,701,2026-03-16 13:30:00+00:00,2026-06-05 20:00:00+00:00,America/New_York,2026-06-07 10:36:20.566061+00:00
LMNR,LMNR,717,2026-03-16 13:30:00+00:00,2026-06-05 20:00:00+00:00,America/New_York,2026-06-07 10:36:20.599101+00:00
GENC,GENC,619,2026-03-16 15:00:00+00:00,2026-06-05 20:00:00+00:00,America/New_York,2026-06-07 10:36:20.541976+00:00
CAMP,CAMP,740,2026-03-16 13:30:00+00:00,2026-06-05 20:00:00+00:00,America/New_York,2026-06-07 10:36:20.648603+00:00
JACK,JACK,755,2026-03-16 13:30:00+00:00,2026-06-05 20:00:00+00:00,America/New_York,2026-06-07 10:36:20.647589+00:00
HUHU,HUHU,382,2026-03-16 13:30:00+00:00,2026-06-05 20:00:00+00:00,America/New_York,2026-06-07 10:36:20.829182+00:00
YDES,YDES,400,2026-03-16 14:30:00+00:00,2026-06-05 20:00:00+00:00,America/New_York,2026-06-07 10:36:20.828183+00:00
CMT,CMT,636,2026-03-16 13:30:00+00:00,2026-06-05 20:00:00+00:00,America/New_York,2026-06-07 10:36:20.792745+00:00
EGHA,EGHA,163,2026-03-17 14:00:00+00:00,2026-06-05 20:00:00+00:00,America/New_York,2026-06-07 10:36:20.926878+00:00
OPBK,OPBK,619,2026-03-16 13:30:00+00:00,2026-06-05 20:00:00+00:00,America/New_York,2026-06-07 10:36:20.985400+00:00
LFCR,LFCR,755,2026-03-16 13:30:00+00:00,2026-06-05 20:00:00+00:00,America/New_York,2026-06-07 10:36:20.952224+00:00
GWRS,GWRS,745,2026-03-16 13:30:00+00:00,2026-06-05 20:00:00+00:00,America/New_York,2026-06-07 10:36:21.061234+00:00
ALTG,ALTG,754,2026-03-16 13:30:00+00:00,2026-06-05 20:00:00+00:00,America/New_York,2026-06-07 10:36:21.027616+00:00
PDEX,PDEX,580,2026-03-16 14:30:00+00:00,2026-06-05 20:00:00+00:00,America/New_York,2026-06-07 10:36:21.140425+00:00
CPSS,CPSS,471,2026-03-16 13:30:00+00:00,2026-06-05 20:00:00+00:00,America/New_York,2026-06-07 10:36:21.189831+00:00
ARCT,ARCT,755,2026-03-16 13:30:00+00:00,2026-06-05 20:00:00+00:00,America/New_York,2026-06-07 10:36:21.267343+00:00
RXST,RXST,755,2026-03-16 13:30:00+00:00,2026-06-05 20:00:00+00:00,America/New_York,2026-06-07 10:36:21.374419+00:00
MPAA,MPAA,701,2026-03-16 13:30:00+00:00,2026-06-05 20:00:00+00:00,America/New_York,2026-06-07 10:36:21.347888+00:00
SBMT,SBMT,328,2026-04-30 13:30:00+00:00,2026-06-05 20:00:00+00:00,America/New_York,2026-06-07 10:36:21.396847+00:00
CZWI,CZWI,509,2026-03-16 13:30:00+00:00,2026-06-05 20:00:00+00:00,America/New_York,2026-06-07 10:36:21.497361+00:00
IMMR,IMMR,755,2026-03-16 13:30:00+00:00,2026-06-05 20:00:00+00:00,America/New_York,2026-06-07 10:36:21.423128+00:00
AACP,AACP,37,2026-05-28 13:30:00+00:00,2026-06-05 20:00:00+00:00,America/New_York,2026-06-07 10:36:21.642133+00:00
KPTI,KPTI,755,2026-03-16 13:30:00+00:00,2026-06-05 20:00:00+00:00,America/New_York,2026-06-07 10:36:21.594389+00:00
SGC,SGC,647,2026-03-16 13:30:00+00:00,2026-06-05 20:00:00+00:00,America/New_York,2026-06-07 10:36:21.560295+00:00
III,III,755,2026-03-16 13:30:00+00:00,2026-06-05 20:00:00+00:00,America/New_York,2026-06-07 10:36:21.705586+00:00
ANNA,ANNA,755,2026-03-16 13:30:00+00:00,2026-06-05 20:00:00+00:00,America/New_York,2026-06-07 10:36:21.779803+00:00
KROS,KROS,755,2026-03-16 13:30:00+00:00,2026-06-05 20:00:00+00:00,America/New_York,2026-06-07 10:36:21.674747+00:00
LCUT,LCUT,749,2026-03-16 13:30:00+00:00,2026-06-05 20:00:00+00:00,America/New_York,2026-06-07 10:36:21.939752+00:00
SUMA,SUMA,77,2026-04-20 14:30:00+00:00,2026-06-04 19:30:00+00:00,America/New_York,2026-06-07 10:36:22.003332+00:00
ZH,ZH,753,2026-03-16 13:30:00+00:00,2026-06-05 20:00:00+00:00,America/New_York,2026-06-07 10:36:21.873280+00:00
RNA,RNA,754,2026-03-16 13:30:00+00:00,2026-06-05 20:00:00+00:00,America/New_York,2026-06-07 10:36:21.905475+00:00
INSE,INSE,728,2026-03-16 13:30:00+00:00,2026-06-05 20:00:00+00:00,America/New_York,2026-06-07 10:36:22.053779+00:00
EMBC,EMBC,755,2026-03-16 13:30:00+00:00,2026-06-05 20:00:00+00:00,America/New_York,2026-06-07 10:36:22.163073+00:00
JFIN,JFIN,684,2026-03-16 13:30:00+00:00,2026-06-05 20:00:00+00:00,America/New_York,2026-06-07 10:36:22.124952+00:00
KTWO,KTWO,115,2026-03-16 13:30:00+00:00,2026-06-05 20:00:00+00:00,America/New_York,2026-06-07 10:36:22.250776+00:00
SMTI,SMTI,644,2026-03-16 13:30:00+00:00,2026-06-05 20:00:00+00:00,America/New_York,2026-06-07 10:36:22.313254+00:00
JILL,JILL,696,2026-03-16 13:30:00+00:00,2026-06-05 20:00:00+00:00,America/New_York,2026-06-07 10:36:22.380673+00:00
SRI,SRI,754,2026-03-16 13:30:00+00:00,2026-06-05 20:00:00+00:00,America/New_York,2026-06-07 10:36:22.404321+00:00
TBI,TBI,755,2026-03-16 13:30:00+00:00,2026-06-05 20:00:00+00:00,America/New_York,2026-06-07 10:36:22.449351+00:00
FINW,FINW,415,2026-03-16 16:00:00+00:00,2026-06-05 20:00:00+00:00,America/New_York,2026-06-07 10:36:22.605574+00:00
VYGR,VYGR,755,2026-03-16 13:30:00+00:00,2026-06-05 20:00:00+00:00,America/New_York,2026-06-07 10:36:22.543043+00:00
AP,AP,755,2026-03-16 13:30:00+00:00,2026-06-05 20:00:00+00:00,America/New_York,2026-06-07 10:36:22.576491+00:00
ETSS,ETSS,8,2026-06-04 13:30:00+00:00,2026-06-05 18:00:00+00:00,America/New_York,2026-06-07 10:36:22.806473+00:00
SMHI,SMHI,738,2026-03-16 13:30:00+00:00,2026-06-05 20:00:00+00:00,America/New_York,2026-06-07 10:36:22.696497+00:00
RDCM,RDCM,700,2026-03-16 13:30:00+00:00,2026-06-05 20:00:00+00:00,America/New_York,2026-06-07 10:36:22.748397+00:00
VENU,VENU,755,2026-03-16 13:30:00+00:00,2026-06-05 20:00:00+00:00,America/New_York,2026-06-07 10:36:22.887282+00:00
AOMR,AOMR,737,2026-03-16 13:30:00+00:00,2026-06-05 20:00:00+00:00,America/New_York,2026-06-07 10:36:22.917388+00:00
WHWK,WHWK,751,2026-03-16 13:30:00+00:00,2026-06-05 20:00:00+00:00,America/New_York,2026-06-07 10:36:22.944691+00:00
PMTS,PMTS,646,2026-03-16 13:30:00+00:00,2026-06-05 20:00:00+00:00,America/New_York,2026-06-07 10:36:23.000445+00:00
EGAN,EGAN,755,2026-03-16 13:30:00+00:00,2026-06-05 20:00:00+00:00,America/New_York,2026-06-07 10:36:23.107870+00:00
BCBP,BCBP,743,2026-03-16 13:30:00+00:00,2026-06-05 20:00:00+00:00,America/New_York,2026-06-07 10:36:23.080754+00:00
ANIK,ANIK,746,2026-03-16 13:30:00+00:00,2026-06-05 20:00:00+00:00,America/New_York,2026-06-07 10:36:23.039638+00:00
SEVN,SEVN,733,2026-03-16 13:30:00+00:00,2026-06-05 20:00:00+00:00,America/New_York,2026-06-07 10:36:23.218219+00:00
ACB,ACB,755,2026-03-16 13:30:00+00:00,2026-06-05 20:00:00+00:00,America/New_York,2026-06-07 10:36:23.283038+00:00
OMSE,OMSE,419,2026-03-16 13:30:00+00:00,2026-06-05 20:00:00+00:00,America/New_York,2026-06-07 10:36:23.242850+00:00
FF,FF,754,2026-03-16 13:30:00+00:00,2026-06-05 20:00:00+00:00,America/New_York,2026-06-07 10:36:23.357138+00:00
KGEI,KGEI,753,2026-03-16 13:30:00+00:00,2026-06-05 20:00:00+00:00,America/New_York,2026-06-07 10:36:23.394771+00:00
DGXX,DGXX,755,2026-03-16 13:30:00+00:00,2026-06-05 20:00:00+00:00,America/New_York,2026-06-07 10:36:23.393768+00:00
RICK,RICK,698,2026-03-16 13:30:00+00:00,2026-06-05 20:00:00+00:00,America/New_York,2026-06-07 10:36:23.497820+00:00
TLSI,TLSI,742,2026-03-16 13:30:00+00:00,2026-06-05 20:00:00+00:00,America/New_York,2026-06-07 10:36:23.534229+00:00
CFBK,CFBK,632,2026-03-16 13:30:00+00:00,2026-06-05 20:00:00+00:00,America/New_York,2026-06-07 10:36:23.634307+00:00
INFU,INFU,753,2026-03-16 13:30:00+00:00,2026-06-05 20:00:00+00:00,America/New_York,2026-06-07 10:36:23.561976+00:00
CHPT,CHPT,755,2026-03-16 13:30:00+00:00,2026-06-05 20:00:00+00:00,America/New_York,2026-06-07 10:36:23.595578+00:00
ARQQ,ARQQ,754,2026-03-16 13:30:00+00:00,2026-06-05 20:00:00+00:00,America/New_York,2026-06-07 10:36:23.770573+00:00
QMCO,QMCO,755,2026-03-16 13:30:00+00:00,2026-06-05 20:00:00+00:00,America/New_York,2026-06-07 10:36:23.716909+00:00
MDV,MDV,728,2026-03-16 13:30:00+00:00,2026-06-05 20:00:00+00:00,America/New_York,2026-06-07 10:36:23.875868+00:00
EXOD,EXOD,738,2026-03-16 13:30:00+00:00,2026-06-05 20:00:00+00:00,America/New_York,2026-06-07 10:36:23.968043+00:00
XYF,XYF,738,2026-03-16 13:30:00+00:00,2026-06-05 20:00:00+00:00,America/New_York,2026-06-07 10:36:23.969043+00:00
INSG,INSG,754,2026-03-16 13:30:00+00:00,2026-06-05 20:00:00+00:00,America/New_York,2026-06-07 10:36:23.909351+00:00
OZ,OZ,382,2026-03-16 14:30:00+00:00,2026-06-05 19:30:00+00:00,America/New_York,2026-06-07 10:36:24.091082+00:00
TRAK,TRAK,753,2026-03-16 13:30:00+00:00,2026-06-05 20:00:00+00:00,America/New_York,2026-06-07 10:36:24.039130+00:00
UNCY,UNCY,755,2026-03-16 13:30:00+00:00,2026-06-05 20:00:00+00:00,America/New_York,2026-06-07 10:36:23.936428+00:00
APYX,APYX,737,2026-03-16 13:30:00+00:00,2026-06-05 20:00:00+00:00,America/New_York,2026-06-07 10:36:24.149709+00:00
EBMT,EBMT,719,2026-03-16 13:30:00+00:00,2026-06-05 20:00:00+00:00,America/New_York,2026-06-07 10:36:24.246307+00:00
INTT,INTT,755,2026-03-16 13:30:00+00:00,2026-06-05 20:00:00+00:00,America/New_York,2026-06-07 10:36:24.245295+00:00
RBKB,RBKB,281,2026-03-16 13:30:00+00:00,2026-06-05 20:00:00+00:00,America/New_York,2026-06-07 10:36:24.351469+00:00
HQI,HQI,444,2026-03-16 13:30:00+00:00,2026-06-05 20:00:00+00:00,America/New_York,2026-06-07 10:36:24.317556+00:00
BVFL,BVFL,344,2026-03-16 14:00:00+00:00,2026-06-05 20:00:00+00:00,America/New_York,2026-06-07 10:36:24.497376+00:00
JRVR,JRVR,753,2026-03-16 13:30:00+00:00,2026-06-05 20:00:00+00:00,America/New_York,2026-06-07 10:36:24.383579+00:00
MDWD,MDWD,724,2026-03-16 13:30:00+00:00,2026-06-05 20:00:00+00:00,America/New_York,2026-06-07 10:36:24.415666+00:00
ARCL,ARCL,24,2026-05-29 15:00:00+00:00,2026-06-05 20:00:00+00:00,America/New_York,2026-06-07 10:36:24.630313+00:00
KRMD,KRMD,735,2026-03-16 13:30:00+00:00,2026-06-05 20:00:00+00:00,America/New_York,2026-06-07 10:36:24.416673+00:00
PESI,PESI,748,2026-03-16 13:30:00+00:00,2026-06-05 20:00:00+00:00,America/New_York,2026-06-07 10:36:24.569020+00:00
PED,PED,627,2026-03-16 13:30:00+00:00,2026-06-05 20:00:00+00:00,America/New_York,2026-06-07 10:36:24.570530+00:00
AMPY,AMPY,755,2026-03-16 13:30:00+00:00,2026-06-05 20:00:00+00:00,America/New_York,2026-06-07 10:36:24.720105+00:00
NLOP,NLOP,755,2026-03-16 13:30:00+00:00,2026-06-05 20:00:00+00:00,America/New_York,2026-06-07 10:36:24.746265+00:00
TNXP,TNXP,755,2026-03-16 13:30:00+00:00,2026-06-05 20:00:00+00:00,America/New_York,2026-06-07 10:36:24.747820+00:00
CVGI,CVGI,755,2026-03-16 13:30:00+00:00,2026-06-05 20:00:00+00:00,America/New_York,2026-06-07 10:36:24.847547+00:00
TONX,TONX,755,2026-03-16 13:30:00+00:00,2026-06-05 20:00:00+00:00,America/New_York,2026-06-07 10:36:24.938432+00:00
KULR,KULR,755,2026-03-16 13:30:00+00:00,2026-06-05 20:00:00+00:00,America/New_York,2026-06-07 10:36:25.148413+00:00
INGN,INGN,754,2026-03-16 13:30:00+00:00,2026-06-05 20:00:00+00:00,America/New_York,2026-06-07 10:36:25.088000+00:00
COOK,COOK,523,2026-03-16 13:30:00+00:00,2026-06-05 20:00:00+00:00,America/New_York,2026-06-07 10:36:24.982151+00:00
EARN,EARN,754,2026-03-16 13:30:00+00:00,2026-06-05 20:00:00+00:00,America/New_York,2026-06-07 10:36:24.981152+00:00
LARK,LARK,274,2026-03-16 14:00:00+00:00,2026-06-05 20:00:00+00:00,America/New_York,2026-06-07 10:36:25.243836+00:00
IMUX,IMUX,755,2026-03-16 13:30:00+00:00,2026-06-05 20:00:00+00:00,America/New_York,2026-06-07 10:36:25.181037+00:00
CBFV,CBFV,89,2026-03-17 19:30:00+00:00,2026-06-05 20:00:00+00:00,America/New_York,2026-06-07 10:36:25.372851+00:00
FRD,FRD,600,2026-03-16 13:30:00+00:00,2026-06-05 20:00:00+00:00,America/New_York,2026-06-07 10:36:25.299684+00:00
EPSN,EPSN,753,2026-03-16 13:30:00+00:00,2026-06-05 20:00:00+00:00,America/New_York,2026-06-07 10:36:25.399778+00:00
PAL,PAL,755,2026-03-16 13:30:00+00:00,2026-06-05 20:00:00+00:00,America/New_York,2026-06-07 10:36:25.443947+00:00
FOCL,FOCL,52,2026-06-01 13:30:00+00:00,2026-06-05 20:00:00+00:00,America/New_York,2026-06-07 10:36:25.637943+00:00
SJT,SJT,748,2026-03-16 13:30:00+00:00,2026-06-05 20:00:00+00:00,America/New_York,2026-06-07 10:36:25.488349+00:00
RFIL,RFIL,755,2026-03-16 13:30:00+00:00,2026-06-05 20:00:00+00:00,America/New_York,2026-06-07 10:36:25.540738+00:00
STRW,STRW,555,2026-03-16 13:30:00+00:00,2026-06-05 20:00:00+00:00,America/New_York,2026-06-07 10:36:25.698880+00:00
RNAC,RNAC,753,2026-03-16 13:30:00+00:00,2026-06-05 20:00:00+00:00,America/New_York,2026-06-07 10:36:25.581880+00:00
MNSB,MNSB,695,2026-03-16 13:30:00+00:00,2026-06-05 20:00:00+00:00,America/New_York,2026-06-07 10:36:25.662488+00:00
OKUR,OKUR,752,2026-03-16 13:30:00+00:00,2026-06-05 20:00:00+00:00,America/New_York,2026-06-07 10:36:25.739500+00:00
HNVR,HNVR,471,2026-03-16 14:00:00+00:00,2026-06-05 20:00:00+00:00,America/New_York,2026-06-07 10:36:25.831122+00:00
ONEW,ONEW,753,2026-03-16 13:30:00+00:00,2026-06-05 20:00:00+00:00,America/New_York,2026-06-07 10:36:25.829612+00:00
TAYD,TAYD,641,2026-03-16 13:30:00+00:00,2026-06-05 20:00:00+00:00,America/New_York,2026-06-07 10:36:25.977799+00:00
DTIL,DTIL,755,2026-03-16 13:30:00+00:00,2026-06-05 20:00:00+00:00,America/New_York,2026-06-07 10:36:25.931580+00:00
IMDX,IMDX,750,2026-03-16 13:30:00+00:00,2026-06-05 20:00:00+00:00,America/New_York,2026-06-07 10:36:25.907698+00:00
RCMT,RCMT,705,2026-03-16 13:30:00+00:00,2026-06-05 20:00:00+00:00,America/New_York,2026-06-07 10:36:26.065038+00:00
ARTV,ARTV,753,2026-03-16 13:30:00+00:00,2026-06-05 20:00:00+00:00,America/New_York,2026-06-07 10:36:26.029753+00:00
TGEN,TGEN,755,2026-03-16 13:30:00+00:00,2026-06-05 20:00:00+00:00,America/New_York,2026-06-07 10:36:26.186280+00:00
WHG,WHG,469,2026-03-16 13:30:00+00:00,2026-06-05 20:00:00+00:00,America/New_York,2026-06-07 10:36:26.353520+00:00
ACU,ACU,579,2026-03-16 13:30:00+00:00,2026-06-05 20:00:00+00:00,America/New_York,2026-06-07 10:36:26.318791+00:00
CHCI,CHCI,499,2026-03-16 13:30:00+00:00,2026-06-05 20:00:00+00:00,America/New_York,2026-06-07 10:36:26.261170+00:00
ESP,ESP,620,2026-03-16 13:30:00+00:00,2026-06-05 20:00:00+00:00,America/New_York,2026-06-07 10:36:26.376554+00:00
THRY,THRY,755,2026-03-16 13:30:00+00:00,2026-06-05 20:00:00+00:00,America/New_York,2026-06-07 10:36:26.511150+00:00
WW,WW,754,2026-03-16 13:30:00+00:00,2026-06-05 20:00:00+00:00,America/New_York,2026-06-07 10:36:26.447126+00:00
DERM,DERM,754,2026-03-16 13:30:00+00:00,2026-06-05 20:00:00+00:00,America/New_York,2026-06-07 10:36:26.429560+00:00
EGG,EGG,402,2026-03-16 13:30:00+00:00,2026-06-05 20:00:00+00:00,America/New_York,2026-06-07 10:36:26.660114+00:00
KORE,KORE,592,2026-03-16 13:30:00+00:00,2026-06-05 20:00:00+00:00,America/New_York,2026-06-07 10:36:26.609926+00:00
BDSX,BDSX,692,2026-03-16 13:30:00+00:00,2026-06-05 20:00:00+00:00,America/New_York,2026-06-07 10:36:26.681233+00:00
TUSK,TUSK,754,2026-03-16 13:30:00+00:00,2026-06-05 20:00:00+00:00,America/New_York,2026-06-07 10:36:26.756300+00:00
SMID,SMID,404,2026-03-16 13:30:00+00:00,2026-06-05 20:00:00+00:00,America/New_York,2026-06-07 10:36:26.878751+00:00
ADAG,ADAG,682,2026-03-16 13:30:00+00:00,2026-06-05 20:00:00+00:00,America/New_York,2026-06-07 10:36:26.878751+00:00
ECBK,ECBK,339,2026-03-16 15:00:00+00:00,2026-06-05 20:00:00+00:00,America/New_York,2026-06-07 10:36:26.834576+00:00
MNTS,MNTS,755,2026-03-16 13:30:00+00:00,2026-06-05 20:00:00+00:00,America/New_York,2026-06-07 10:36:26.985715+00:00
IPEX,IPEX,102,2026-03-16 13:30:00+00:00,2026-06-04 19:00:00+00:00,America/New_York,2026-06-07 10:36:26.986714+00:00
TLYS,TLYS,754,2026-03-16 13:30:00+00:00,2026-06-05 20:00:00+00:00,America/New_York,2026-06-07 10:36:27.054705+00:00
SHIM,SHIM,691,2026-03-16 13:30:00+00:00,2026-06-05 20:00:00+00:00,America/New_York,2026-06-07 10:36:27.138729+00:00
TTRX,TTRX,495,2026-03-16 13:30:00+00:00,2026-06-05 20:00:00+00:00,America/New_York,2026-06-07 10:36:27.171957+00:00
KRRO,KRRO,752,2026-03-16 13:30:00+00:00,2026-06-05 20:00:00+00:00,America/New_York,2026-06-07 10:36:27.210615+00:00
RMBI,RMBI,587,2026-03-16 13:30:00+00:00,2026-06-05 20:00:00+00:00,America/New_York,2026-06-07 10:36:27.270571+00:00
MRDN,MRDN,596,2026-03-16 13:30:00+00:00,2026-06-05 20:00:00+00:00,America/New_York,2026-06-07 10:36:27.209613+00:00
FGBI,FGBI,409,2026-03-16 14:00:00+00:00,2026-06-05 20:00:00+00:00,America/New_York,2026-06-07 10:36:27.349701+00:00
DOMO,DOMO,755,2026-03-16 13:30:00+00:00,2026-06-05 20:00:00+00:00,America/New_York,2026-06-07 10:36:27.315528+00:00
EPM,EPM,755,2026-03-16 13:30:00+00:00,2026-06-05 20:00:00+00:00,America/New_York,2026-06-07 10:36:27.400119+00:00
QTRX,QTRX,755,2026-03-16 13:30:00+00:00,2026-06-05 20:00:00+00:00,America/New_York,2026-06-07 10:36:27.483355+00:00
ORMP,ORMP,740,2026-03-16 13:30:00+00:00,2026-06-05 20:00:00+00:00,America/New_York,2026-06-07 10:36:27.554954+00:00
RGP,RGP,755,2026-03-16 13:30:00+00:00,2026-06-05 20:00:00+00:00,America/New_York,2026-06-07 10:36:27.568051+00:00
IDACU,IDACU,44,2026-05-18 13:30:00+00:00,2026-06-05 20:00:00+00:00,America/New_York,2026-06-07 10:36:27.684712+00:00
TCX,TCX,544,2026-03-16 13:30:00+00:00,2026-06-05 20:00:00+00:00,America/New_York,2026-06-07 10:36:27.568051+00:00
DOYU,DOYU,581,2026-03-16 13:30:00+00:00,2026-06-05 20:00:00+00:00,America/New_York,2026-06-07 10:36:27.716488+00:00
BIDWU,BIDWU,38,2026-05-29 13:30:00+00:00,2026-06-05 20:00:00+00:00,America/New_York,2026-06-07 10:36:27.939491+00:00
ASRT,ASRT,750,2026-03-16 13:30:00+00:00,2026-06-05 20:00:00+00:00,America/New_York,2026-06-07 10:36:27.761642+00:00
NRXP,NRXP,755,2026-03-16 13:30:00+00:00,2026-06-05 20:00:00+00:00,America/New_York,2026-06-07 10:36:27.840541+00:00
TRAD,TRAD,154,2026-04-20 13:30:00+00:00,2026-06-05 13:30:00+00:00,America/New_York,2026-06-07 10:36:27.998101+00:00
DIBS,DIBS,749,2026-03-16 13:30:00+00:00,2026-06-05 20:00:00+00:00,America/New_York,2026-06-07 10:36:27.886334+00:00
KVHI,KVHI,747,2026-03-16 13:30:00+00:00,2026-06-05 20:00:00+00:00,America/New_York,2026-06-07 10:36:27.908388+00:00
SBFG,SBFG,351,2026-03-16 13:30:00+00:00,2026-06-05 20:00:00+00:00,America/New_York,2026-06-07 10:36:27.997099+00:00
TORO,TORO,672,2026-03-16 13:30:00+00:00,2026-06-05 20:00:00+00:00,America/New_York,2026-06-07 10:36:28.169084+00:00
CITR,CITR,621,2026-03-16 13:30:00+00:00,2026-06-05 20:00:00+00:00,America/New_York,2026-06-07 10:36:28.210385+00:00
RAIL,RAIL,753,2026-03-16 13:30:00+00:00,2026-06-05 20:00:00+00:00,America/New_York,2026-06-07 10:36:28.263601+00:00
SAGU,SAGU,35,2026-05-22 13:30:00+00:00,2026-06-05 13:30:00+00:00,America/New_York,2026-06-07 10:36:28.459481+00:00
WSHP,WSHP,722,2026-03-16 13:30:00+00:00,2026-06-05 20:00:00+00:00,America/New_York,2026-06-07 10:36:28.408390+00:00
BNAI,BNAI,755,2026-03-16 13:30:00+00:00,2026-06-05 20:00:00+00:00,America/New_York,2026-06-07 10:36:28.340143+00:00
WHF,WHF,727,2026-03-16 13:30:00+00:00,2026-06-05 20:00:00+00:00,America/New_York,2026-06-07 10:36:28.367257+00:00
AMWL,AMWL,705,2026-03-16 13:30:00+00:00,2026-06-05 20:00:00+00:00,America/New_York,2026-06-07 10:36:28.511688+00:00
PSIG,PSIG,599,2026-03-16 13:30:00+00:00,2026-06-05 20:00:00+00:00,America/New_York,2026-06-07 10:36:28.568522+00:00
FMAC,FMAC,34,2026-05-18 13:30:00+00:00,2026-06-04 16:00:00+00:00,America/New_York,2026-06-07 10:36:28.678266+00:00
CVRX,CVRX,754,2026-03-16 13:30:00+00:00,2026-06-05 20:00:00+00:00,America/New_York,2026-06-07 10:36:28.602178+00:00
FNWD,FNWD,275,2026-03-16 13:30:00+00:00,2026-06-05 20:00:00+00:00,America/New_York,2026-06-07 10:36:28.734659+00:00
WATT,WATT,755,2026-03-16 13:30:00+00:00,2026-06-05 20:00:00+00:00,America/New_York,2026-06-07 10:36:28.735658+00:00
DHX,DHX,755,2026-03-16 13:30:00+00:00,2026-06-05 20:00:00+00:00,America/New_York,2026-06-07 10:36:28.821957+00:00
CRBP,CRBP,754,2026-03-16 13:30:00+00:00,2026-06-05 20:00:00+00:00,America/New_York,2026-06-07 10:36:28.782006+00:00
LGCY,LGCY,709,2026-03-16 13:30:00+00:00,2026-06-05 20:00:00+00:00,America/New_York,2026-06-07 10:36:28.876935+00:00
AFBI,AFBI,271,2026-03-16 13:30:00+00:00,2026-06-05 20:00:00+00:00,America/New_York,2026-06-07 10:36:28.933733+00:00
BOOM,BOOM,755,2026-03-16 13:30:00+00:00,2026-06-05 20:00:00+00:00,America/New_York,2026-06-07 10:36:29.068317+00:00
CMTL,CMTL,753,2026-03-16 13:30:00+00:00,2026-06-05 20:00:00+00:00,America/New_York,2026-06-07 10:36:29.017664+00:00
SRBK,SRBK,655,2026-03-16 13:30:00+00:00,2026-06-05 20:00:00+00:00,America/New_York,2026-06-07 10:36:29.125210+00:00
HOFT,HOFT,615,2026-03-16 13:30:00+00:00,2026-06-05 20:00:00+00:00,America/New_York,2026-06-07 10:36:29.100958+00:00
ANTX,ANTX,752,2026-03-16 13:30:00+00:00,2026-06-05 20:00:00+00:00,America/New_York,2026-06-07 10:36:29.149246+00:00
SVRE,SVRE,523,2026-03-16 13:30:00+00:00,2026-06-05 20:00:00+00:00,America/New_York,2026-06-07 10:36:29.193842+00:00
SPRB,SPRB,686,2026-03-16 13:30:00+00:00,2026-06-05 20:00:00+00:00,America/New_York,2026-06-07 10:36:29.219394+00:00
ACR,ACR,545,2026-03-16 13:30:00+00:00,2026-06-05 20:00:00+00:00,America/New_York,2026-06-07 10:36:29.328443+00:00
OWLT,OWLT,755,2026-03-16 13:30:00+00:00,2026-06-05 20:00:00+00:00,America/New_York,2026-06-07 10:36:29.396627+00:00
HURC,HURC,406,2026-03-16 14:00:00+00:00,2026-06-05 20:00:00+00:00,America/New_York,2026-06-07 10:36:29.327444+00:00
AXR,AXR,388,2026-03-16 13:30:00+00:00,2026-06-05 20:00:00+00:00,America/New_York,2026-06-07 10:36:29.417706+00:00
AGEN,AGEN,755,2026-03-16 13:30:00+00:00,2026-06-05 20:00:00+00:00,America/New_York,2026-06-07 10:36:29.439655+00:00
BYRN,BYRN,755,2026-03-16 13:30:00+00:00,2026-06-05 20:00:00+00:00,America/New_York,2026-06-07 10:36:29.474248+00:00
CAAS,CAAS,523,2026-03-16 13:30:00+00:00,2026-06-05 20:00:00+00:00,America/New_York,2026-06-07 10:36:29.580423+00:00
VWAV,VWAV,755,2026-03-16 13:30:00+00:00,2026-06-05 20:00:00+00:00,America/New_York,2026-06-07 10:36:29.608084+00:00
CODA,CODA,752,2026-03-16 13:30:00+00:00,2026-06-05 20:00:00+00:00,America/New_York,2026-06-07 10:36:29.647954+00:00
SMJF,SMJF,682,2026-03-16 13:30:00+00:00,2026-06-05 20:00:00+00:00,America/New_York,2026-06-07 10:36:29.772459+00:00
FORR,FORR,738,2026-03-16 13:30:00+00:00,2026-06-05 20:00:00+00:00,America/New_York,2026-06-07 10:36:29.646953+00:00
MED,MED,750,2026-03-16 13:30:00+00:00,2026-06-05 20:00:00+00:00,America/New_York,2026-06-07 10:36:29.742171+00:00
NCSM,NCSM,628,2026-03-16 13:30:00+00:00,2026-06-05 20:00:00+00:00,America/New_York,2026-06-07 10:36:29.804326+00:00
COE,COE,286,2026-03-16 14:30:00+00:00,2026-06-05 18:30:00+00:00,America/New_York,2026-06-07 10:36:29.979354+00:00
HYNE,HYNE,447,2026-03-16 13:30:00+00:00,2026-06-05 20:00:00+00:00,America/New_York,2026-06-07 10:36:29.907959+00:00
SAMG,SAMG,629,2026-03-16 13:30:00+00:00,2026-06-05 20:00:00+00:00,America/New_York,2026-06-07 10:36:29.981111+00:00
EML,EML,507,2026-03-16 13:30:00+00:00,2026-06-05 20:00:00+00:00,America/New_York,2026-06-07 10:36:30.100163+00:00
CPSH,CPSH,750,2026-03-16 13:30:00+00:00,2026-06-05 20:00:00+00:00,America/New_York,2026-06-07 10:36:30.154813+00:00
AESPU,AESPU,7,2026-06-04 19:30:00+00:00,2026-06-05 20:00:00+00:00,America/New_York,2026-06-07 10:36:30.240836+00:00
SKLZ,SKLZ,740,2026-03-16 13:30:00+00:00,2026-06-05 20:00:00+00:00,America/New_York,2026-06-07 10:36:30.170398+00:00
AMPG,AMPG,755,2026-03-16 13:30:00+00:00,2026-06-05 20:00:00+00:00,America/New_York,2026-06-07 10:36:30.131255+00:00
AFJK,AFJK,208,2026-03-16 13:30:00+00:00,2026-06-05 20:00:00+00:00,America/New_York,2026-06-07 10:36:30.241839+00:00
RCEL,RCEL,753,2026-03-16 13:30:00+00:00,2026-06-05 20:00:00+00:00,America/New_York,2026-06-07 10:36:30.283943+00:00
ACNT,ACNT,726,2026-03-16 13:30:00+00:00,2026-06-05 20:00:00+00:00,America/New_York,2026-06-07 10:36:30.348975+00:00
VTVT,VTVT,617,2026-03-16 13:30:00+00:00,2026-06-05 20:00:00+00:00,America/New_York,2026-06-07 10:36:30.382221+00:00
SNWV,SNWV,724,2026-03-16 13:30:00+00:00,2026-06-05 20:00:00+00:00,America/New_York,2026-06-07 10:36:30.503692+00:00
DLTH,DLTH,695,2026-03-16 14:00:00+00:00,2026-06-05 20:00:00+00:00,America/New_York,2026-06-07 10:36:30.475554+00:00
SIF,SIF,727,2026-03-16 13:30:00+00:00,2026-06-05 20:00:00+00:00,America/New_York,2026-06-07 10:36:30.576143+00:00
HCHL,HCHL,599,2026-03-16 13:30:00+00:00,2026-06-05 20:00:00+00:00,America/New_York,2026-06-07 10:36:30.534967+00:00
CMCM,CMCM,449,2026-03-16 13:30:00+00:00,2026-06-05 20:00:00+00:00,America/New_York,2026-06-07 10:36:30.667112+00:00
LFVN,LFVN,751,2026-03-16 13:30:00+00:00,2026-06-05 20:00:00+00:00,America/New_York,2026-06-07 10:36:30.627687+00:00
SBC,SBC,701,2026-03-16 13:30:00+00:00,2026-06-05 20:00:00+00:00,America/New_York,2026-06-07 10:36:10.598905+00:00
KZIA,KZIA,729,2026-03-16 13:30:00+00:00,2026-06-05 20:00:00+00:00,America/New_York,2026-06-07 10:36:30.655284+00:00
DWSN,DWSN,730,2026-03-16 13:30:00+00:00,2026-06-05 20:00:00+00:00,America/New_York,2026-06-07 10:36:30.919656+00:00
AOUT,AOUT,679,2026-03-16 13:30:00+00:00,2026-06-05 20:00:00+00:00,America/New_York,2026-06-07 10:36:30.969526+00:00
BSET,BSET,580,2026-03-16 13:30:00+00:00,2026-06-05 20:00:00+00:00,America/New_York,2026-06-07 10:36:30.968528+00:00
CUE,CUE,748,2026-03-16 13:30:00+00:00,2026-06-05 20:00:00+00:00,America/New_York,2026-06-07 10:36:30.831012+00:00
MSLE,MSLE,596,2026-03-16 13:30:00+00:00,2026-06-05 20:00:00+00:00,America/New_York,2026-06-07 10:36:31.112522+00:00
LSBK,LSBK,268,2026-03-16 18:30:00+00:00,2026-06-05 20:00:00+00:00,America/New_York,2026-06-07 10:36:31.114029+00:00
ACOG,ACOG,580,2026-03-16 13:30:00+00:00,2026-06-05 20:00:00+00:00,America/New_York,2026-06-07 10:36:31.115042+00:00
PCSC,PCSC,486,2026-03-16 13:30:00+00:00,2026-06-05 20:00:00+00:00,America/New_York,2026-06-07 10:36:31.087844+00:00
SCOR,SCOR,458,2026-03-16 13:30:00+00:00,2026-06-05 20:00:00+00:00,America/New_York,2026-06-07 10:36:31.230837+00:00
LASE,LASE,755,2026-03-16 13:30:00+00:00,2026-06-05 20:00:00+00:00,America/New_York,2026-06-07 10:36:31.203235+00:00
RVSB,RVSB,613,2026-03-16 13:30:00+00:00,2026-06-05 20:00:00+00:00,America/New_York,2026-06-07 10:36:31.326695+00:00
WSBK,WSBK,219,2026-03-16 13:30:00+00:00,2026-06-05 20:00:00+00:00,America/New_York,2026-06-07 10:36:31.426679+00:00
PUSA,PUSA,183,2026-05-18 13:30:00+00:00,2026-06-05 20:00:00+00:00,America/New_York,2026-06-07 10:36:31.522239+00:00
USGO,USGO,724,2026-03-16 13:30:00+00:00,2026-06-05 20:00:00+00:00,America/New_York,2026-06-07 10:36:31.284855+00:00
JYNT,JYNT,671,2026-03-16 13:30:00+00:00,2026-06-05 20:00:00+00:00,America/New_York,2026-06-07 10:36:31.374682+00:00
SPAI,SPAI,754,2026-03-16 13:30:00+00:00,2026-06-05 20:00:00+00:00,America/New_York,2026-06-07 10:36:31.399095+00:00
SUNS,SUNS,747,2026-03-16 13:30:00+00:00,2026-06-05 20:00:00+00:00,America/New_York,2026-06-07 10:36:31.458259+00:00
ALOT,ALOT,564,2026-03-16 13:30:00+00:00,2026-06-05 20:00:00+00:00,America/New_York,2026-06-07 10:36:31.488080+00:00
FXACU,FXACU,46,2026-05-22 13:30:00+00:00,2026-06-05 20:00:00+00:00,America/New_York,2026-06-07 10:36:31.851466+00:00
RENT,RENT,708,2026-03-16 13:30:00+00:00,2026-06-05 20:00:00+00:00,America/New_York,2026-06-07 10:36:31.609404+00:00
ULBI,ULBI,623,2026-03-16 13:30:00+00:00,2026-06-05 20:00:00+00:00,America/New_York,2026-06-07 10:36:31.570051+00:00
TSQ,TSQ,734,2026-03-16 13:30:00+00:00,2026-06-05 20:00:00+00:00,America/New_York,2026-06-07 10:36:31.800306+00:00
PODC,PODC,655,2026-03-16 13:30:00+00:00,2026-06-05 20:00:00+00:00,America/New_York,2026-06-07 10:36:31.752361+00:00
NTHI,NTHI,655,2026-03-16 13:30:00+00:00,2026-06-05 20:00:00+00:00,America/New_York,2026-06-07 10:36:31.896473+00:00
PROV,PROV,438,2026-03-16 13:30:00+00:00,2026-06-05 20:00:00+00:00,America/New_York,2026-06-07 10:36:32.001386+00:00
RPT,RPT,643,2026-03-16 13:30:00+00:00,2026-06-05 20:00:00+00:00,America/New_York,2026-06-07 10:36:31.947604+00:00
OCC,OCC,755,2026-03-16 13:30:00+00:00,2026-06-05 20:00:00+00:00,America/New_York,2026-06-07 10:36:32.161140+00:00
SFBC,SFBC,210,2026-03-16 16:30:00+00:00,2026-06-05 20:00:00+00:00,America/New_York,2026-06-07 10:36:32.238889+00:00
STHO,STHO,438,2026-03-16 13:30:00+00:00,2026-06-05 20:00:00+00:00,America/New_York,2026-06-07 10:36:32.193758+00:00
WYY,WYY,654,2026-03-16 13:30:00+00:00,2026-06-05 20:00:00+00:00,America/New_York,2026-06-07 10:36:32.284132+00:00
AMCI,AMCI,675,2026-03-16 13:30:00+00:00,2026-06-05 20:00:00+00:00,America/New_York,2026-06-07 10:36:32.362823+00:00
VTIX,VTIX,750,2026-03-16 13:30:00+00:00,2026-06-05 20:00:00+00:00,America/New_York,2026-06-07 10:36:32.285129+00:00
KEQU,KEQU,162,2026-03-16 14:00:00+00:00,2026-06-05 20:00:00+00:00,America/New_York,2026-06-07 10:36:32.405508+00:00
FGMC,FGMC,590,2026-03-16 13:30:00+00:00,2026-06-05 20:00:00+00:00,America/New_York,2026-06-07 10:36:32.363821+00:00
UNB,UNB,280,2026-03-16 14:00:00+00:00,2026-06-05 20:00:00+00:00,America/New_York,2026-06-07 10:36:32.441637+00:00
TRT,TRT,735,2026-03-16 13:30:00+00:00,2026-06-05 20:00:00+00:00,America/New_York,2026-06-07 10:36:32.491786+00:00
BOTJ,BOTJ,400,2026-03-16 13:30:00+00:00,2026-06-05 20:00:00+00:00,America/New_York,2026-06-07 10:36:32.571710+00:00
ATLX,ATLX,755,2026-03-16 13:30:00+00:00,2026-06-05 20:00:00+00:00,America/New_York,2026-06-07 10:36:32.617317+00:00
VRCA,VRCA,676,2026-03-16 13:30:00+00:00,2026-06-05 20:00:00+00:00,America/New_York,2026-06-07 10:36:32.653484+00:00
TZOO,TZOO,747,2026-03-16 13:30:00+00:00,2026-06-05 20:00:00+00:00,America/New_York,2026-06-07 10:36:32.748336+00:00
BUDA,BUDA,329,2026-03-16 13:30:00+00:00,2026-06-05 19:30:00+00:00,America/New_York,2026-06-07 10:36:32.783815+00:00
XGN,XGN,755,2026-03-16 13:30:00+00:00,2026-06-05 20:00:00+00:00,America/New_York,2026-06-07 10:36:32.710694+00:00
AMAN,AMAN,94,2026-05-19 14:00:00+00:00,2026-06-05 20:00:00+00:00,America/New_York,2026-06-07 10:36:32.902193+00:00
COYA,COYA,752,2026-03-16 13:30:00+00:00,2026-06-05 20:00:00+00:00,America/New_York,2026-06-07 10:36:32.683071+00:00
FNWB,FNWB,637,2026-03-16 13:30:00+00:00,2026-06-05 20:00:00+00:00,America/New_York,2026-06-07 10:36:32.871999+00:00
GEOS,GEOS,754,2026-03-16 13:30:00+00:00,2026-06-05 20:00:00+00:00,America/New_York,2026-06-07 10:36:32.829686+00:00
BNR,BNR,428,2026-03-16 13:30:00+00:00,2026-06-05 20:00:00+00:00,America/New_York,2026-06-07 10:36:32.939480+00:00
IPWR,IPWR,709,2026-03-16 13:30:00+00:00,2026-06-05 20:00:00+00:00,America/New_York,2026-06-07 10:36:32.966036+00:00
RACC,RACC,63,2026-05-20 13:30:00+00:00,2026-06-05 20:00:00+00:00,America/New_York,2026-06-07 10:36:33.119499+00:00
SSTI,SSTI,748,2026-03-16 13:30:00+00:00,2026-06-05 20:00:00+00:00,America/New_York,2026-06-07 10:36:33.011723+00:00
INVE,INVE,708,2026-03-16 13:30:00+00:00,2026-06-05 20:00:00+00:00,America/New_York,2026-06-07 10:36:33.056616+00:00
OPRX,OPRX,755,2026-03-16 13:30:00+00:00,2026-06-05 20:00:00+00:00,America/New_York,2026-06-07 10:36:33.147974+00:00
PGAC,PGAC,102,2026-03-16 13:30:00+00:00,2026-06-05 20:00:00+00:00,America/New_York,2026-06-07 10:36:33.262256+00:00
APURU,APURU,95,2026-05-21 13:30:00+00:00,2026-06-05 20:00:00+00:00,America/New_York,2026-06-07 10:36:33.364044+00:00
KG,KG,327,2026-03-16 17:30:00+00:00,2026-06-05 20:00:00+00:00,America/New_York,2026-06-07 10:36:33.293429+00:00
FUSB,FUSB,167,2026-03-16 13:30:00+00:00,2026-06-05 20:00:00+00:00,America/New_York,2026-06-07 10:36:33.406783+00:00
SKBL,SKBL,719,2026-03-16 13:30:00+00:00,2026-06-05 20:00:00+00:00,America/New_York,2026-06-07 10:36:33.177863+00:00
OCCI,OCCI,750,2026-03-16 13:30:00+00:00,2026-06-05 20:00:00+00:00,America/New_York,2026-06-07 10:36:33.189893+00:00
KLRS,KLRS,692,2026-03-16 13:30:00+00:00,2026-06-05 20:00:00+00:00,America/New_York,2026-06-07 10:36:33.365044+00:00
FTLF,FTLF,587,2026-03-16 13:30:00+00:00,2026-06-05 20:00:00+00:00,America/New_York,2026-06-07 10:36:33.473580+00:00
SEAT,SEAT,740,2026-03-16 13:30:00+00:00,2026-06-05 20:00:00+00:00,America/New_York,2026-06-07 10:36:33.570749+00:00
VIRC,VIRC,623,2026-03-16 14:00:00+00:00,2026-06-05 20:00:00+00:00,America/New_York,2026-06-07 10:36:33.658784+00:00
SLNG,SLNG,551,2026-03-16 13:30:00+00:00,2026-06-05 20:00:00+00:00,America/New_York,2026-06-07 10:36:33.743449+00:00
UBCP,UBCP,223,2026-03-16 13:30:00+00:00,2026-06-05 20:00:00+00:00,America/New_York,2026-06-07 10:36:33.851378+00:00
MCAHU,MCAHU,78,2026-04-30 13:30:00+00:00,2026-06-05 20:00:00+00:00,America/New_York,2026-06-07 10:36:33.911278+00:00
WKEY,WKEY,737,2026-03-16 13:30:00+00:00,2026-06-05 20:00:00+00:00,America/New_York,2026-06-07 10:36:33.936994+00:00
BCIC,BCIC,742,2026-03-16 13:30:00+00:00,2026-06-05 20:00:00+00:00,America/New_York,2026-06-07 10:36:33.881973+00:00
EMPD,EMPD,755,2026-03-16 13:30:00+00:00,2026-06-05 20:00:00+00:00,America/New_York,2026-06-07 10:36:33.826340+00:00
LAKE,LAKE,742,2026-03-16 13:30:00+00:00,2026-06-05 20:00:00+00:00,America/New_York,2026-06-07 10:36:33.987584+00:00
ATRA,ATRA,723,2026-03-16 13:30:00+00:00,2026-06-05 20:00:00+00:00,America/New_York,2026-06-07 10:36:34.028308+00:00
ROC,ROC,596,2026-03-16 13:30:00+00:00,2026-06-05 20:00:00+00:00,America/New_York,2026-06-07 10:36:34.026790+00:00
BWEN,BWEN,743,2026-03-16 13:30:00+00:00,2026-06-05 20:00:00+00:00,America/New_York,2026-06-07 10:36:34.108811+00:00
ANPA,ANPA,453,2026-03-16 13:30:00+00:00,2026-06-05 20:00:00+00:00,America/New_York,2026-06-07 10:36:34.264338+00:00
PTHS,PTHS,378,2026-03-16 13:30:00+00:00,2026-06-05 18:00:00+00:00,America/New_York,2026-06-07 10:36:34.201170+00:00
ZEPP,ZEPP,727,2026-03-16 13:30:00+00:00,2026-06-05 20:00:00+00:00,America/New_York,2026-06-07 10:36:34.174592+00:00
CSPI,CSPI,484,2026-03-16 14:00:00+00:00,2026-06-05 20:00:00+00:00,America/New_York,2026-06-07 10:36:34.308530+00:00
ICCC,ICCC,510,2026-03-16 13:30:00+00:00,2026-06-05 20:00:00+00:00,America/New_York,2026-06-07 10:36:34.336671+00:00
CPIX,CPIX,680,2026-03-16 13:30:00+00:00,2026-06-05 20:00:00+00:00,America/New_York,2026-06-07 10:36:34.338178+00:00
LIXT,LIXT,526,2026-03-16 13:30:00+00:00,2026-06-05 20:00:00+00:00,America/New_York,2026-06-07 10:36:34.392349+00:00
LNZA,LNZA,655,2026-03-16 13:30:00+00:00,2026-06-05 20:00:00+00:00,America/New_York,2026-06-07 10:36:34.424948+00:00
AIRG,AIRG,709,2026-03-16 13:30:00+00:00,2026-06-05 20:00:00+00:00,America/New_York,2026-06-07 10:36:34.464412+00:00
VRA,VRA,743,2026-03-16 13:30:00+00:00,2026-06-05 20:00:00+00:00,America/New_York,2026-06-07 10:36:34.520723+00:00
FATN,FATN,716,2026-03-16 13:30:00+00:00,2026-06-05 20:00:00+00:00,America/New_York,2026-06-07 10:36:34.545834+00:00
PYPD,PYPD,672,2026-03-16 13:30:00+00:00,2026-06-05 20:00:00+00:00,America/New_York,2026-06-07 10:36:34.605044+00:00
PARK,PARK,386,2026-03-16 13:30:00+00:00,2026-06-05 20:00:00+00:00,America/New_York,2026-06-07 10:36:34.629028+00:00
GECC,GECC,711,2026-03-16 13:30:00+00:00,2026-06-05 20:00:00+00:00,America/New_York,2026-06-07 10:36:34.651082+00:00
OPXS,OPXS,593,2026-03-16 13:30:00+00:00,2026-06-05 20:00:00+00:00,America/New_York,2026-06-07 10:36:34.751541+00:00
JFB,JFB,752,2026-03-16 13:30:00+00:00,2026-06-05 20:00:00+00:00,America/New_York,2026-06-07 10:36:34.702406+00:00
NRXS,NRXS,752,2026-03-16 13:30:00+00:00,2026-06-05 20:00:00+00:00,America/New_York,2026-06-07 10:36:34.725989+00:00
RLYB,RLYB,719,2026-03-16 13:30:00+00:00,2026-06-05 20:00:00+00:00,America/New_York,2026-06-07 10:36:34.802106+00:00
OM,OM,755,2026-03-16 13:30:00+00:00,2026-06-05 20:00:00+00:00,America/New_York,2026-06-07 10:36:34.864898+00:00
PIII,PIII,534,2026-03-16 13:30:00+00:00,2026-06-05 20:00:00+00:00,America/New_York,2026-06-07 10:36:34.829811+00:00
IDN,IDN,754,2026-03-16 13:30:00+00:00,2026-06-05 20:00:00+00:00,America/New_York,2026-06-07 10:36:34.930625+00:00
AEYE,AEYE,755,2026-03-16 13:30:00+00:00,2026-06-05 20:00:00+00:00,America/New_York,2026-06-07 10:36:34.908018+00:00
PDCC,PDCC,422,2026-03-16 13:30:00+00:00,2026-06-05 19:30:00+00:00,America/New_York,2026-06-07 10:36:34.966208+00:00
SOTK,SOTK,551,2026-03-16 13:30:00+00:00,2026-06-05 20:00:00+00:00,America/New_York,2026-06-07 10:36:35.074983+00:00
AGPU,AGPU,720,2026-03-16 13:30:00+00:00,2026-06-05 20:00:00+00:00,America/New_York,2026-06-07 10:36:34.995825+00:00
LVO,LVO,678,2026-03-16 13:30:00+00:00,2026-06-05 20:00:00+00:00,America/New_York,2026-06-07 10:36:34.994814+00:00
TISI,TISI,356,2026-03-16 13:30:00+00:00,2026-06-05 20:00:00+00:00,America/New_York,2026-06-07 10:36:35.140928+00:00
AARD,AARD,753,2026-03-16 13:30:00+00:00,2026-06-05 20:00:00+00:00,America/New_York,2026-06-07 10:36:35.141928+00:00
BRKHU,BRKHU,35,2026-05-22 14:00:00+00:00,2026-06-05 20:00:00+00:00,America/New_York,2026-06-07 10:36:35.241606+00:00
FDSB,FDSB,257,2026-03-16 17:00:00+00:00,2026-06-05 20:00:00+00:00,America/New_York,2026-06-07 10:36:35.305538+00:00
FSI,FSI,518,2026-03-16 13:30:00+00:00,2026-06-05 20:00:00+00:00,America/New_York,2026-06-07 10:36:35.242601+00:00
DIT,DIT,73,2026-03-16 14:00:00+00:00,2026-05-29 13:30:00+00:00,America/New_York,2026-06-07 10:36:35.372832+00:00
BARK,BARK,718,2026-03-16 13:30:00+00:00,2026-06-05 20:00:00+00:00,America/New_York,2026-06-07 10:36:35.402466+00:00
AFCG,AFCG,750,2026-03-16 13:30:00+00:00,2026-06-05 20:00:00+00:00,America/New_York,2026-06-07 10:36:35.399949+00:00
RRGB,RRGB,755,2026-03-16 13:30:00+00:00,2026-06-05 20:00:00+00:00,America/New_York,2026-06-07 10:36:35.474873+00:00
LINK,LINK,574,2026-03-16 13:30:00+00:00,2026-06-05 20:00:00+00:00,America/New_York,2026-06-07 10:36:35.532481+00:00
PLCE,PLCE,747,2026-03-16 13:30:00+00:00,2026-06-05 20:00:00+00:00,America/New_York,2026-06-07 10:36:35.503391+00:00
AEC,AEC,648,2026-03-16 13:30:00+00:00,2026-06-05 20:00:00+00:00,America/New_York,2026-06-07 10:36:35.594666+00:00
LONA,LONA,636,2026-03-16 13:30:00+00:00,2026-06-05 20:00:00+00:00,America/New_York,2026-06-07 10:36:35.632196+00:00
VIVO,VIVO,742,2026-03-17 13:30:00+00:00,2026-06-05 20:00:00+00:00,America/New_York,2026-06-07 10:36:35.567786+00:00
MHH,MHH,499,2026-03-16 13:30:00+00:00,2026-06-05 20:00:00+00:00,America/New_York,2026-06-07 10:36:35.738071+00:00
HNNA,HNNA,280,2026-03-16 13:30:00+00:00,2026-06-05 20:00:00+00:00,America/New_York,2026-06-07 10:36:35.672981+00:00
FTCI,FTCI,742,2026-03-16 13:30:00+00:00,2026-06-05 20:00:00+00:00,America/New_York,2026-06-07 10:36:35.762723+00:00
NTIC,NTIC,341,2026-03-16 13:30:00+00:00,2026-06-05 20:00:00+00:00,America/New_York,2026-06-07 10:36:35.796315+00:00
UFI,UFI,585,2026-03-16 13:30:00+00:00,2026-06-05 20:00:00+00:00,America/New_York,2026-06-07 10:36:35.829345+00:00
FRMM,FRMM,754,2026-03-16 13:30:00+00:00,2026-06-05 20:00:00+00:00,America/New_York,2026-06-07 10:36:35.952934+00:00
MOB,MOB,754,2026-03-16 13:30:00+00:00,2026-06-05 20:00:00+00:00,America/New_York,2026-06-07 10:36:35.949934+00:00
NAKA,NAKA,755,2026-03-16 13:30:00+00:00,2026-06-05 20:00:00+00:00,America/New_York,2026-06-07 10:36:35.912914+00:00
XXI,XXI,755,2026-03-16 13:30:00+00:00,2026-06-05 20:00:00+00:00,America/New_York,2026-06-07 10:36:36.037673+00:00
NRT,NRT,706,2026-03-16 13:30:00+00:00,2026-06-05 20:00:00+00:00,America/New_York,2026-06-07 10:36:36.012573+00:00
BODI,BODI,723,2026-03-16 13:30:00+00:00,2026-06-05 20:00:00+00:00,America/New_York,2026-06-07 10:36:36.074776+00:00
NDLS,NDLS,670,2026-03-16 13:30:00+00:00,2026-06-05 20:00:00+00:00,America/New_York,2026-06-07 10:36:36.075776+00:00
NCTY,NCTY,467,2026-03-16 13:30:00+00:00,2026-06-05 20:00:00+00:00,America/New_York,2026-06-07 10:36:36.228542+00:00
BHST,BHST,419,2026-03-16 13:30:00+00:00,2026-06-05 20:00:00+00:00,America/New_York,2026-06-07 10:36:36.342276+00:00
INTG,INTG,448,2026-03-16 13:30:00+00:00,2026-06-05 20:00:00+00:00,America/New_York,2026-06-07 10:36:36.431846+00:00
ALAR,ALAR,620,2026-03-16 13:30:00+00:00,2026-06-05 20:00:00+00:00,America/New_York,2026-06-07 10:36:36.374732+00:00
DOMH,DOMH,740,2026-03-16 13:30:00+00:00,2026-06-05 20:00:00+00:00,America/New_York,2026-06-07 10:36:36.399069+00:00
ECOR,ECOR,669,2026-03-16 13:30:00+00:00,2026-06-05 20:00:00+00:00,America/New_York,2026-06-07 10:36:36.531633+00:00
CLNN,CLNN,736,2026-03-16 13:30:00+00:00,2026-06-05 20:00:00+00:00,America/New_York,2026-06-07 10:36:36.633334+00:00
ASPS,ASPS,481,2026-03-16 13:30:00+00:00,2026-06-05 20:00:00+00:00,America/New_York,2026-06-07 10:36:36.714501+00:00
ACET,ACET,743,2026-03-16 13:30:00+00:00,2026-06-05 20:00:00+00:00,America/New_York,2026-06-07 10:36:36.685155+00:00
STEM,STEM,754,2026-03-16 13:30:00+00:00,2026-06-05 20:00:00+00:00,America/New_York,2026-06-07 10:36:36.778249+00:00
RGS,RGS,306,2026-03-16 13:30:00+00:00,2026-06-05 20:00:00+00:00,America/New_York,2026-06-07 10:36:36.910396+00:00
OPHC,OPHC,411,2026-03-16 13:30:00+00:00,2026-06-05 19:30:00+00:00,America/New_York,2026-06-07 10:36:36.912397+00:00
LNSR,LNSR,717,2026-03-16 13:30:00+00:00,2026-06-05 20:00:00+00:00,America/New_York,2026-06-07 10:36:36.986312+00:00
ROLR,ROLR,749,2026-03-16 13:30:00+00:00,2026-06-05 20:00:00+00:00,America/New_York,2026-06-07 10:36:36.877590+00:00
NCEW,NCEW,153,2026-03-16 16:00:00+00:00,2026-06-05 20:00:00+00:00,America/New_York,2026-06-07 10:36:37.078622+00:00
CVU,CVU,690,2026-03-16 13:30:00+00:00,2026-06-05 20:00:00+00:00,America/New_York,2026-06-07 10:36:37.177044+00:00
ODYS,ODYS,455,2026-03-16 13:30:00+00:00,2026-06-05 20:00:00+00:00,America/New_York,2026-06-07 10:36:37.255543+00:00
IMA,IMA,524,2026-03-16 13:30:00+00:00,2026-06-05 20:00:00+00:00,America/New_York,2026-06-07 10:36:37.077623+00:00
VHC,VHC,307,2026-03-16 18:30:00+00:00,2026-06-05 20:00:00+00:00,America/New_York,2026-06-07 10:36:37.429146+00:00
MCRB,MCRB,679,2026-03-16 13:30:00+00:00,2026-06-05 20:00:00+00:00,America/New_York,2026-06-07 10:36:37.458359+00:00
CRMT,CRMT,744,2026-03-16 13:30:00+00:00,2026-06-05 20:00:00+00:00,America/New_York,2026-06-07 10:36:37.405002+00:00
IZEA,IZEA,697,2026-03-16 13:30:00+00:00,2026-06-05 20:00:00+00:00,America/New_York,2026-06-07 10:36:37.377028+00:00
POCI,POCI,510,2026-03-16 13:30:00+00:00,2026-06-05 20:00:00+00:00,America/New_York,2026-06-07 10:36:37.505563+00:00
CATO,CATO,610,2026-03-16 13:30:00+00:00,2026-06-05 20:00:00+00:00,America/New_York,2026-06-07 10:36:37.555469+00:00
EDRY,EDRY,521,2026-03-16 13:30:00+00:00,2026-06-05 20:00:00+00:00,America/New_York,2026-06-07 10:36:37.529633+00:00
CRT,CRT,636,2026-03-16 13:30:00+00:00,2026-06-05 20:00:00+00:00,America/New_York,2026-06-07 10:36:37.349548+00:00
SKIL,SKIL,740,2026-03-16 13:30:00+00:00,2026-06-05 20:00:00+00:00,America/New_York,2026-06-07 10:36:37.704977+00:00
NOMA,NOMA,367,2026-03-16 13:30:00+00:00,2026-06-05 20:00:00+00:00,America/New_York,2026-06-07 10:36:37.788115+00:00
ASTI,ASTI,755,2026-03-16 13:30:00+00:00,2026-06-05 20:00:00+00:00,America/New_York,2026-06-07 10:36:37.720578+00:00
QXL,QXL,266,2026-04-30 13:30:00+00:00,2026-06-05 20:00:00+00:00,America/New_York,2026-06-07 10:36:37.825967+00:00
PECE,PECE,17,2026-06-04 14:00:00+00:00,2026-06-05 20:00:00+00:00,America/New_York,2026-06-07 10:36:37.897171+00:00
INKT,INKT,609,2026-03-16 13:30:00+00:00,2026-06-05 20:00:00+00:00,America/New_York,2026-06-07 10:36:37.959197+00:00
CING,CING,755,2026-03-16 13:30:00+00:00,2026-06-05 20:00:00+00:00,America/New_York,2026-06-07 10:36:37.873597+00:00
ASTC,ASTC,603,2026-03-16 13:30:00+00:00,2026-06-05 20:00:00+00:00,America/New_York,2026-06-07 10:36:37.992509+00:00
SGA,SGA,327,2026-03-17 13:30:00+00:00,2026-06-05 20:00:00+00:00,America/New_York,2026-06-07 10:36:38.088414+00:00
SCLX,SCLX,667,2026-03-16 13:30:00+00:00,2026-06-05 20:00:00+00:00,America/New_York,2026-06-07 10:36:37.896171+00:00
MLGO,MLGO,744,2026-03-16 13:30:00+00:00,2026-06-05 20:00:00+00:00,America/New_York,2026-06-07 10:36:38.041402+00:00
BOF,BOF,646,2026-03-16 13:30:00+00:00,2026-06-05 20:00:00+00:00,America/New_York,2026-06-07 10:36:38.117051+00:00
SELF,SELF,526,2026-03-16 13:30:00+00:00,2026-06-05 20:00:00+00:00,America/New_York,2026-06-07 10:36:38.259186+00:00
VNCE,VNCE,696,2026-03-16 13:30:00+00:00,2026-06-05 20:00:00+00:00,America/New_York,2026-06-07 10:36:38.282432+00:00
XOS,XOS,650,2026-03-16 13:30:00+00:00,2026-06-05 20:00:00+00:00,America/New_York,2026-06-07 10:36:38.338399+00:00
MIND,MIND,755,2026-03-16 13:30:00+00:00,2026-06-05 20:00:00+00:00,America/New_York,2026-06-07 10:36:38.376569+00:00
BGSF,BGSF,466,2026-03-16 13:30:00+00:00,2026-06-05 20:00:00+00:00,America/New_York,2026-06-07 10:36:38.408569+00:00
DRIO,DRIO,304,2026-03-16 13:30:00+00:00,2026-06-05 20:00:00+00:00,America/New_York,2026-06-07 10:36:38.457070+00:00
SLMT,SLMT,750,2026-03-16 13:30:00+00:00,2026-06-05 20:00:00+00:00,America/New_York,2026-06-07 10:36:38.432248+00:00
VERU,VERU,711,2026-03-16 13:30:00+00:00,2026-06-05 20:00:00+00:00,America/New_York,2026-06-07 10:36:38.542417+00:00
TOUR,TOUR,531,2026-03-16 13:30:00+00:00,2026-06-05 20:00:00+00:00,America/New_York,2026-06-07 10:36:38.456070+00:00
TIL,TIL,528,2026-03-16 13:30:00+00:00,2026-06-05 20:00:00+00:00,America/New_York,2026-06-07 10:36:38.515600+00:00
RYM,RYM,358,2026-03-16 15:00:00+00:00,2026-06-05 20:00:00+00:00,America/New_York,2026-06-07 10:36:38.602852+00:00
SQNS,SQNS,738,2026-03-16 13:30:00+00:00,2026-06-05 20:00:00+00:00,America/New_York,2026-06-07 10:36:38.731686+00:00
APT,APT,675,2026-03-16 13:30:00+00:00,2026-06-05 20:00:00+00:00,America/New_York,2026-06-07 10:36:38.805957+00:00
SOGP,SOGP,509,2026-03-16 13:30:00+00:00,2026-06-05 20:00:00+00:00,America/New_York,2026-06-07 10:36:38.870219+00:00
NTWK,NTWK,481,2026-03-16 13:30:00+00:00,2026-06-05 20:00:00+00:00,America/New_York,2026-06-07 10:36:38.951657+00:00
CLPR,CLPR,717,2026-03-16 13:30:00+00:00,2026-06-05 20:00:00+00:00,America/New_York,2026-06-07 10:36:38.920225+00:00
XLO,XLO,611,2026-03-16 13:30:00+00:00,2026-06-05 20:00:00+00:00,America/New_York,2026-06-07 10:36:39.004000+00:00
QTI,QTI,497,2026-03-16 13:30:00+00:00,2026-06-05 20:00:00+00:00,America/New_York,2026-06-07 10:36:38.951657+00:00
SPY,SPY,755,2026-03-16 13:30:00+00:00,2026-06-05 20:00:00+00:00,America/New_York,2026-06-07 10:36:39.089667+00:00
WAVE,WAVE,555,2026-03-16 13:30:00+00:00,2026-06-05 20:00:00+00:00,America/New_York,2026-06-07 10:36:39.058074+00:00
QQQ,QQQ,755,2026-03-16 13:30:00+00:00,2026-06-05 20:00:00+00:00,America/New_York,2026-06-07 10:36:39.090668+00:00
