trade_date,cluster_name,cluster_local_id,momentum_rank,momentum_score,size,overlap_size,coherence,breadth,volume_expansion,return_3d,return_10d,return_20d,relative_strength_10d,last_bar_return,lifecycle_id,lifecycle_age,previous_size,size_change,stage
2026-04-09 00:00:00-04:00,NONCYCLICAL/FOODDRINKMFR :: ABEV-ADTN-ALOY,0,1,1.0775812335827446,88,88,0.3722787235516845,0.7386363636363636,1.0812815957510082,0.0718989279766021,0.065665702838984,0.0796118709572442,0.0304462777594209,0.0507220815113625,L001,1,,0.0,Emergence
2026-04-09 00:00:00-04:00,HEALTHCARE/HCARESUPPORT :: ALHC-ALOT-AMCX,1,2,1.0632939648731623,29,29,0.3241215894831831,0.7241379310344828,-0.0867661032635209,0.1020898461165708,0.1418622210382787,0.1362687266676376,0.1066427959587155,0.0139857927866565,L002,1,,0.0,Emergence
2026-04-09 00:00:00-04:00,TECH/COMMEQUIP :: ADV-AGM-ARX,2,3,1.0503256974932995,40,40,0.3257956996391317,0.65,-0.3226244330589319,0.030339020920585,0.1529945280263325,0.166186038648114,0.1177751029467694,0.0083812987663791,L003,1,,0.0,Emergence
2026-04-09 00:00:00-04:00,FINANCIAL/BANKSUSA :: ABCB-ACEL-AII,3,4,0.854695618161009,266,266,0.5359682593497942,0.9060150375939848,0.487846762984075,0.0421590122137059,0.072749374502503,0.0855787937613046,0.0375299494229399,0.0146160809651042,L004,1,,0.0,Emergence
2026-04-09 00:00:00-04:00,CONSUMERSVCE/HOSPITALITY :: ACIC-APLE-CLDT,4,5,0.6193185719260961,30,30,0.5658349633703343,0.9666666666666668,0.487733722804028,0.0489445292224195,0.0444637585785202,0.0637758115860629,0.0092443334989571,0.0206460521185378,L005,1,,0.0,Emergence
2026-04-09 00:00:00-04:00,HEALTHCARE/BIOPHARMANONSYS :: AARD-ABCL-ABEO,5,6,0.5695191587509653,208,208,0.3565205840193092,0.625,0.0336716460617064,0.0247375338552682,0.0859575096676075,0.0657181516480129,0.0507380845880444,0.0132826878175372,L006,1,,0.0,Emergence
2026-04-09 00:00:00-04:00,TECH/SEMIMFR :: AAOI-ACLS-ACMR,6,7,0.5294654752133225,220,220,0.5796038299557181,0.8090909090909091,0.0178639435024955,0.083691944489068,0.0560957636010925,0.1315987857266259,0.0208763385215294,0.0195278122784082,L007,1,,0.0,Emergence
2026-04-09 00:00:00-04:00,INDUSTRIAL/MACHINE :: AAON-ACA-ACU,7,8,0.302402117060383,176,177,0.5723463690327346,0.7727272727272727,-0.1456659912045156,0.0604702517138129,0.0523640215494781,0.0799554439594975,0.017144596469915,0.0139496977244707,L008,1,,0.0,Emergence
2026-04-09 00:00:00-04:00,MATERIALS/ORE :: AEM-AG-AGI,8,9,0.2556554389902556,117,117,0.5687546538821683,0.5384615384615384,-0.520225704668186,0.0407899631527909,0.101188745174033,0.000820172538827,0.0659693200944699,0.0060215898173056,L009,1,,0.0,Emergence
2026-04-09 00:00:00-04:00,UTIL/ENERGYUTIL :: AEE-AEP-AQN,9,10,0.2280244265409592,80,80,0.3150044253778836,0.85,-0.0642250064733098,0.0189028841158431,0.0514908181469901,0.0303097201898491,0.016271393067427,0.0090310709687616,L010,1,,0.0,Emergence
2026-04-09 00:00:00-04:00,HEALTHCARE/BIOPHARMAOTHER :: AAPL-ABBV-AGX,10,11,0.1881395648361846,85,85,0.320783345615925,0.5882352941176471,-0.0697103494524382,0.0162841328358528,0.0487978592536638,0.0491482851327017,0.0135784341741007,0.0043422733619285,L011,1,,0.0,Emergence
2026-04-09 00:00:00-04:00,FINANCIAL/INVESTSVCE :: AEXA-ALLY-ALMU,11,12,0.1323090619445622,148,148,0.5603838854427394,0.6081081081081081,-0.1822657040315053,0.0330744755839226,0.0415783202006112,0.0619114101805284,0.0063588951210481,0.001753363854588,L012,1,,0.0,Emergence
2026-04-09 00:00:00-04:00,FINANCIAL/BANKSINTL :: AAL-AAMI-AEC,12,13,0.1198335207043302,234,234,0.5657020428012092,0.5726495726495726,-0.1830065383161465,0.0429633750694752,0.0445593326562689,0.0467864790957568,0.0093399075767058,0.0036004084399452,L013,1,,0.0,Emergence
2026-04-09 00:00:00-04:00,MATERIALS/CHEMSPECIAL :: AAP-ABG-ABM,13,14,0.0902364609407441,220,220,0.602343019239955,0.7863636363636364,-0.2866838927547329,0.0493708356168344,0.041833376058709,0.0483026843558257,0.0066139509791459,0.0131980260088996,L014,1,,0.0,Emergence
2026-04-09 00:00:00-04:00,FINANCIAL/REIT :: AAT-ADC-AHR,14,15,0.0820782945894665,121,121,0.3825607243777613,0.7107438016528925,-0.0570595122831159,0.0263526859094182,0.0407818781361089,0.0020891901008806,0.0055624530565458,0.0054219135126802,L015,1,,0.0,Emergence
2026-04-09 00:00:00-04:00,FINANCIAL/INSURANCE :: ACGL-ACT-AES,15,16,0.0576146580959979,133,133,0.2074591768385219,0.6766917293233082,-0.0367651332006929,0.0146990883296874,0.0349176127977651,0.0240231387296268,-0.0003018122817979,0.0047843389992181,L016,1,,0.0,Emergence
2026-04-09 00:00:00-04:00,HEALTHCARE/HCAREMISC :: A-ACNT-AD,16,17,0.0106616938176937,103,103,0.4691587876704343,0.3009708737864077,0.1793386715052003,0.007964119801437,0.0154601334877115,0.0287760928692233,-0.0197592915918515,-0.0118126142632288,L017,1,,0.0,Emergence
2026-04-09 00:00:00-04:00,NONCYCLICAL/GENMERCH :: AKTS-ASC-BOOM,17,18,-0.0313912484780903,33,33,0.3979147041817423,0.2121212121212121,-0.3117023920862432,-0.0101211389869508,0.0342310705007801,0.099691439341743,-0.0009883545787829,-0.0127621684071491,L018,1,,0.0,Emergence
2026-04-09 00:00:00-04:00,TECH/SOFTW :: ACIW-ACN-ADBE,18,19,-0.1620131134925147,234,234,0.4210507902329745,0.1367521367521367,0.7256798195900441,-0.0479451648332473,-0.0256259684961886,-0.0483412384895036,-0.0608453935757517,-0.0325496193050372,L019,1,,0.0,Emergence
2026-04-09 00:00:00-04:00,FINANCIAL/FINSPECIAL :: ABNB-ABX-ACVA,19,20,-0.2223678135305549,174,174,0.4532816345221416,0.3620689655172414,-0.1213804923258423,0.0080731836045573,0.0118511098337808,0.006615960033217,-0.0233683152457822,-0.0083170304662017,L020,1,,0.0,Emergence
2026-04-09 00:00:00-04:00,TECH/SEMIMFR :: ABAT-ACB-ACHR,20,21,-0.3626325759651927,181,181,0.4757390348056893,0.3701657458563536,-0.1374852071304392,0.0096788789334099,-0.0052039804700936,0.0021036664459848,-0.0404234055496567,-0.0098258030974565,L021,1,,0.0,Emergence
2026-04-09 00:00:00-04:00,ENERGY/OILGASINTEG :: AA-ACDC-ACI,21,22,-0.3701898366684989,219,219,0.3733830789666454,0.2648401826484018,-0.1276077881367403,-0.0302798101701503,-0.013931402482146,0.0497734539027763,-0.0491508275617091,-0.0123847160776075,L022,1,,0.0,Emergence
2026-04-09 00:00:00-04:00,NONCYCLICAL/BIOPHARMASYS :: ABR-ACRE-AGNC,22,23,-0.3895206443734261,112,112,0.3357345333040356,0.5714285714285714,-0.0791294408645843,0.0129412014340656,-0.0104585691988983,-0.0198872673677276,-0.0456779942784614,0.0029105240193689,L023,1,,0.0,Emergence
2026-04-09 00:00:00-04:00,HEALTHCARE/MEDDEVICESGEN :: AAUC-ABT-ADAM,23,24,-0.481998639425221,63,63,0.3995452586819634,0.6666666666666666,-0.1803614135172676,0.0422611948734116,-0.0222618853939051,-0.0058618120652515,-0.0574813104734682,0.0095287138569006,L024,1,,0.0,Emergence
2026-04-09 00:00:00-04:00,TECH/SOFTW :: ACNB-ADMA-APP,24,25,-0.5905923221984137,39,39,0.3923843020315367,0.5384615384615384,0.0603662344597119,0.0308529524732797,-0.0391239815142483,-0.05749348451869,-0.0743434065938113,0.0066586862194026,L025,1,,0.0,Emergence
2026-04-10 00:00:00-04:00,HEALTHCARE/HCARESUPPORT :: ALHC-ALOT-AMCX,0,1,0.9759592088926816,34,34,0.3217954729585504,0.4117647058823529,-0.1512846165865057,0.0276728294318391,0.1329753793836639,0.1240814958863556,0.0799064256114533,-0.0058022808130431,L002,2,29.0,0.1724137931034483,Emergence
2026-04-10 00:00:00-04:00,TECH/SEMIMFR :: AAOI-AAON-ACLS,1,2,0.9336542954439724,256,256,0.5656711123921189,0.64453125,-0.2115492674674541,0.0857373407852715,0.1176535781294543,0.1395377381221627,0.0645846243572437,0.0080999486221855,L007,2,220.0,0.1636363636363636,Emergence
2026-04-10 00:00:00-04:00,MATERIALS/ORE :: ABEV-ACET-ADTN,2,3,0.8695193992530621,172,172,0.4781502049269639,0.622093023255814,-0.1568994207238153,0.057389808289734,0.1354827185909317,0.0286376580479036,0.0824137648187211,0.0029511168996735,L009,2,117.0,0.4700854700854701,Emergence
2026-04-10 00:00:00-04:00,TECH/SEMIMFR :: ABAT-ACB-ACHR,3,4,0.5288875044359811,230,230,0.4080283858772908,0.5478260869565217,-0.0006622202735099,0.0494860445081265,0.0694343713740065,0.0504388917567894,0.016365417601796,0.0165700378675543,L021,2,181.0,0.2707182320441988,Emergence
2026-04-10 00:00:00-04:00,FINANCIAL/BANKSINTL :: AHRT-APLE-AVNS,4,5,0.5094911190862134,28,28,0.5705817395214532,0.5357142857142857,-0.0272559090752214,0.0592074965965981,0.0598574034012265,0.0748572998378443,0.006788449629016,0.0024723609194502,L005,2,30.0,-0.0666666666666666,Emergence
2026-04-10 00:00:00-04:00,INDUSTRIAL/MACHINE :: ABCB-ACEL-ACM,5,6,0.3657962220475524,269,269,0.5265826564208823,0.0855018587360594,-0.0435938318676074,0.0252067010793509,0.0560747792959625,0.0709735016676954,0.0030058255237519,-0.0114169319463085,L004,2,266.0,0.0112781954887218,Emergence
2026-04-10 00:00:00-04:00,HEALTHCARE/BIOPHARMAOTHER :: AA-AAPL-ABBV,6,7,0.3511854470591958,106,106,0.2589878388541228,0.2169811320754717,-0.2483674783928992,0.0125724850633047,0.0788651363678412,0.0654319509543068,0.0257961825956306,-0.0073772760239038,L011,2,85.0,0.2470588235294117,Emergence
2026-04-10 00:00:00-04:00,FINANCIAL/REIT :: AAT-ADC-AHR,7,8,0.3012154789990376,115,115,0.3819432003667826,0.7391304347826086,-0.0430519059236075,0.0233036088759037,0.0484977145217739,0.0095742061424626,-0.0045712392504366,0.0043274539209222,L015,2,121.0,-0.0495867768595041,Emergence
2026-04-10 00:00:00-04:00,HEALTHCARE/BIOPHARMANONSYS :: AARD-ABCL-ABEO,8,9,0.2808474114653757,219,219,0.3405268107539471,0.1963470319634703,-0.1173831325793156,0.0021969508037169,0.0606888818999265,0.0417230482452988,0.007619928127716,-0.0215394493349738,L006,2,208.0,0.0528846153846153,Emergence
2026-04-10 00:00:00-04:00,INDUSTRIAL/TRAINTRUCK :: AMTM-ARCB-AZZ,9,10,0.2488904826783655,75,75,0.5187977838455287,0.4266666666666667,-0.4759280586757095,0.0396671652998499,0.0681878886566011,0.0986552545298446,0.0151189348843906,-0.0025049597182755,L008,2,176.0,-0.5738636363636364,Emergence
2026-04-10 00:00:00-04:00,FINANCIAL/INVESTSVCE :: ABM-ACU-ALLY,10,11,0.13481358324889,163,163,0.554962607709796,0.2392638036809816,-0.3410706157496044,0.0276136497735152,0.0492441416277398,0.0744483969948467,-0.0038248121444706,-0.0078995570189604,L012,2,148.0,0.1013513513513513,Emergence
2026-04-10 00:00:00-04:00,INDUSTRIAL/MACHINE :: AAP-ABG-ACA,11,12,0.1094637740242254,274,274,0.619158037828247,0.3868613138686131,-0.4069740905371909,0.0580020441228673,0.0538423706723464,0.049768941022541,0.0007734169001359,-0.0043062007504659,L014,2,220.0,0.2454545454545454,Emergence
2026-04-10 00:00:00-04:00,FINANCIAL/BANKSINTL :: AAL-AAMI-AEC,12,13,0.0376079926760168,262,262,0.5576416012333308,0.3435114503816794,-0.4290464270779131,0.0474709540178436,0.0542157230804254,0.029191790353225,0.0011467693082148,-0.0064388002444728,L013,2,234.0,0.1196581196581196,Emergence
2026-04-10 00:00:00-04:00,UTIL/ENERGYUTIL :: AAUC-AEE-AEP,13,14,-0.1248976933212096,91,91,0.2126301663442291,0.3296703296703296,-0.3576167427077903,0.0105066883212972,0.0332016795181761,0.0237927172109354,-0.0198672742540343,-0.0035776446306547,L010,2,80.0,0.1375,Emergence
2026-04-10 00:00:00-04:00,FINANCIAL/INSURANCE :: ABT-ACGL-ACIC,14,15,-0.1268013104774306,106,106,0.3050829811672546,0.0377358490566037,-0.0673625680556563,0.0011612386899189,0.01419969912338,0.0038200313139873,-0.0388692546488304,-0.0182879677046172,L016,2,133.0,-0.2030075187969924,Emergence
2026-04-10 00:00:00-04:00,HEALTHCARE/HCAREMISC :: A-ACNT-ARCO,15,16,-0.1359118256736994,116,117,0.4917325228824776,0.25,-0.3437967841192887,0.0168677539501729,0.0266691236214185,0.0236180514477377,-0.026399830150792,-0.0099101979751298,L017,2,103.0,0.1262135922330097,Emergence
2026-04-10 00:00:00-04:00,NONCYCLICAL/GENMERCH :: ASC-BWLP-CMBT,16,17,-0.1705070100894626,35,35,0.3638061675853274,0.2,-0.4853210316171701,-0.0021882252625767,0.0244838168757275,0.0835738580225687,-0.0285851368964829,-0.0110817934094766,L018,2,33.0,0.0606060606060606,Emergence
2026-04-10 00:00:00-04:00,TECH/SOFTW :: ACIW-ACN-AD,17,18,-0.2483775257639749,217,217,0.4357837481726706,0.064516129032258,0.7635647892374633,-0.0796139216721866,-0.0682273552655246,-0.0877269568151616,-0.1212963090377351,-0.0352470599504659,L019,2,234.0,-0.0726495726495726,Emergence
2026-04-10 00:00:00-04:00,FINANCIAL/FINSPECIAL :: ABNB-ABX-ACVA,18,19,-0.2956971904794839,176,176,0.4868976448345943,0.3522727272727273,-0.2097428475228965,0.0040890888277471,0.0024527359898285,-0.0308796269798442,-0.0506162177823819,-0.0090708069277195,L020,2,174.0,0.0114942528735632,Emergence
2026-04-10 00:00:00-04:00,NONCYCLICAL/BIOPHARMASYS :: ABR-ACRE-ADAM,19,20,-0.4190001534468216,116,116,0.3555814485864208,0.5172413793103449,-0.3112593008860146,0.0209758750299569,-0.0073491623176911,-0.0256263434416067,-0.0604181160899016,-0.0010180212713326,L023,2,112.0,0.0357142857142857,Emergence
2026-04-10 00:00:00-04:00,NONCYCLICAL/FOODDRINKMFR :: ALMS-ATMU-BCH,20,21,-0.4923195137581705,82,82,0.2271685401924362,0.2317073170731707,-0.3923159986964559,0.0190165024220301,-0.0017160128861834,-0.0135751545356332,-0.0547849666583939,-0.0092869112147166,L024,2,63.0,0.3015873015873015,Emergence
2026-04-10 00:00:00-04:00,ENERGY/OILGASINTEG :: ACDC-ACI-ADM,21,22,-0.6355748634219385,202,202,0.4151972653700604,0.5643564356435643,-0.5362154432787325,-0.0369504180511601,-0.0351262240348651,0.0432101600037704,-0.0881951778070756,0.0055983893289775,L022,2,219.0,-0.0776255707762557,Emergence
2026-04-13 00:00:00-04:00,TECH/INTERNET :: ABX-ALAB-ALB,0,1,2.2214558000096614,67,67,0.3217482199403702,0.9253731343283582,1.544295802307277,0.1488138621645898,0.2472574109935491,0.1825423720858016,0.1653592415572722,0.0856640568041922,L026,1,,0.0,Emergence
2026-04-13 00:00:00-04:00,TECH/SEMIMFR :: AAOI-ACLS-ACMR,1,2,0.8856527399963863,203,203,0.5790626285817091,0.8325123152709359,0.0526649732366865,0.0453076850199075,0.1567898597322299,0.1777513846860448,0.074891690295953,0.0178080714857156,L007,3,256.0,-0.20703125,Confirmation
2026-04-13 00:00:00-04:00,TECH/COMMEQUIP :: AAPL-ABEV-ADTN,2,3,0.6393601837344797,83,83,0.3872092805842609,0.6867469879518072,0.3187767872628832,0.0643481895438977,0.1266367797266795,0.0996115872562125,0.0447386102904026,0.014199655073517,L009,3,172.0,-0.5174418604651163,Confirmation
2026-04-13 00:00:00-04:00,INDUSTRIAL/MACHINE :: AAON-ACA-ACM,3,4,0.5849924068367501,162,162,0.6082494599325923,0.8209876543209876,0.2921476134426995,0.0247400715622425,0.1082712786430299,0.1051477792629653,0.026373109206753,0.0122620742811595,L014,3,274.0,-0.4087591240875912,Confirmation
2026-04-13 00:00:00-04:00,TELECOM/TELECOMGEN :: ABAT-ACB-ACHR,4,5,0.4976527517640401,175,175,0.4601786390435654,0.8571428571428571,-0.0723916257390696,0.0360448520903536,0.1438687642141962,0.0576452638371291,0.0619705947779193,0.0361934086341152,L021,3,230.0,-0.2391304347826087,Confirmation
2026-04-13 00:00:00-04:00,FINANCIAL/INVESTSVCE :: ABM-ACU-ALLY,5,6,0.4305008777873029,123,123,0.5594921627376418,0.943089430894309,0.1907027332452755,0.0201704378753302,0.0967097059453669,0.080388702670473,0.01481153650909,0.0273327212112147,L012,3,163.0,-0.2453987730061349,Confirmation
2026-04-13 00:00:00-04:00,HEALTHCARE/HCARESUPPORT :: ADUS-ALHC-ALOT,6,7,0.4298280103449591,57,57,0.2596228711971053,0.8245614035087719,-0.061401580105794,0.0206532210887317,0.1237663444732795,0.1015043516898356,0.0418681750370026,0.0198196285049861,L002,3,34.0,0.6764705882352942,Expansion
2026-04-13 00:00:00-04:00,MATERIALS/ORE :: AEBI-AEM-AG,7,8,0.3948709826428258,113,113,0.5654963236054397,0.6637168141592921,-0.4799382978586815,0.0291510539381685,0.1661182250354743,0.0602701950102388,0.0842200555991974,0.0140607270913653,L027,1,,0.0,Emergence
2026-04-13 00:00:00-04:00,UNKNOWN/UNKNOWN :: AARD-ABCL-ABEO,8,9,0.3800579854270922,198,198,0.3553239360831427,0.7323232323232324,-0.0370771616043662,0.0105171529045211,0.1208240014650229,0.0800879668496981,0.038925832028746,0.0171163718829032,L006,3,219.0,-0.0958904109589041,Confirmation
2026-04-13 00:00:00-04:00,TECH/FINSPECIAL :: ABNB-ACVA-ADAG,9,10,0.3492324874068432,165,165,0.4284807630357263,0.9272727272727272,0.0569605281975987,0.0208432692821763,0.1130181661423118,0.0360821323999462,0.0311199967060349,0.0373080076454219,L020,3,176.0,-0.0625,Confirmation
2026-04-13 00:00:00-04:00,CONSUMERSVCE/HOSPITALITY :: APLE-CLDT-DRH,10,11,0.3313235289732723,22,22,0.6302703182153998,0.8636363636363636,0.0428029049628158,0.0340382132046578,0.0906817607104235,0.0918190872133492,0.0087835912741466,0.008719393316726,L005,3,28.0,-0.2142857142857142,Confirmation
2026-04-13 00:00:00-04:00,FINANCIAL/BANKSUSA :: ABCB-ACEL-ACNB,11,12,0.2952134430203629,260,260,0.5557996965126198,0.65,0.1915663997812497,0.007250731949006,0.0821462391553462,0.086224082779946,0.0002480697190693,0.0034672867732459,L004,3,269.0,-0.0334572490706319,Confirmation
2026-04-13 00:00:00-04:00,HEALTHCARE/HCAREMISC :: A-ABT-ADMA,12,13,0.2654096875699124,97,97,0.4876506339367675,0.9587628865979382,0.3487959358959021,0.0032211980471406,0.0701458376155608,0.0374016088683784,-0.011752331820716,0.0321176259218205,L017,3,116.0,-0.1637931034482758,Confirmation
2026-04-13 00:00:00-04:00,INDUSTRIAL/TRAINTRUCK :: ARCB-AZO-CHRW,13,14,0.1540193670889286,66,66,0.4671423937849657,0.6363636363636364,0.0909176047880662,0.0038847035030442,0.0719048790209995,0.0813300827846857,-0.0099932904152773,0.0064263213119188,L008,3,75.0,-0.12,Confirmation
2026-04-13 00:00:00-04:00,HEALTHCARE/BIOPHARMAOTHER :: AA-ABBV-ACAD,14,15,0.1447551864364542,85,85,0.318043185028061,0.6588235294117647,-0.1186793942256703,0.0068378290130005,0.0905685687718212,0.0859094956369144,0.0086703993355443,0.0109595217868875,L011,3,106.0,-0.1981132075471698,Confirmation
2026-04-13 00:00:00-04:00,FINANCIAL/BANKSINTL :: AAL-AAMI-AEC,15,16,0.1288928439263704,200,200,0.5758811079066237,0.73,-0.2722826813943825,0.0069021371743116,0.1013335541307872,0.0592275310818257,0.0194353846945103,0.0114819706707464,L013,3,262.0,-0.2366412213740458,Confirmation
2026-04-13 00:00:00-04:00,TECH/HOSPITALITY :: AUNA-BBY-BGSI,16,17,0.1239258643569035,70,70,0.4393342461638959,0.4,0.3423545311279267,-0.00934418893621,0.0735893787116578,0.0166356031602321,-0.008308790724619,-0.0113815516772966,L028,1,,0.0,Emergence
2026-04-13 00:00:00-04:00,UNKNOWN/UNKNOWN :: ASC-BWLP-CMBT,17,18,0.0621844639077561,32,32,0.4264143913361346,0.96875,-0.1207076927451492,-0.0057581818379548,0.0485787811167324,0.1346226886529398,-0.0333193883195444,0.0171547896276681,L018,3,35.0,-0.0857142857142857,Confirmation
2026-04-13 00:00:00-04:00,MATERIALS/MATCONSTR :: AAP-ABG-ACCO,18,19,0.0109923763573736,230,230,0.5838112142919507,0.7652173913043478,-0.1886625346642896,0.0186452410206013,0.0745528063860011,0.0541674518980843,-0.0073453630502757,0.0101132348519747,L029,1,,0.0,Emergence
2026-04-13 00:00:00-04:00,FINANCIAL/REIT :: AAT-ADC-AHR,19,20,-0.1216560003572677,106,106,0.4146452005743521,0.4339622641509434,-0.0510446265834438,0.0102814373597066,0.0673961781202354,0.0166552310908022,-0.0145019913160414,-0.0005183161028955,L015,3,115.0,-0.0782608695652174,Decay
2026-04-13 00:00:00-04:00,TECH/SOFTW :: ACIW-ACN-ADBE,20,21,-0.2005916054966716,231,231,0.4015761784339205,0.9567099567099568,0.478132216991055,-0.0254054862338712,0.0082074599623917,-0.0403685124609142,-0.0736907094738851,0.0454299132954716,L019,3,217.0,0.064516129032258,Confirmation
2026-04-13 00:00:00-04:00,FINANCIAL/INSURANCE :: ACGL-ACIC-ACT,21,22,-0.214750035540345,103,103,0.3037065879547492,0.7669902912621359,-0.0691939685363324,-0.0053493943934244,0.0449981357138107,0.0175214260179302,-0.0369000337224661,0.0106297815911371,L016,3,106.0,-0.0283018867924528,Confirmation
2026-04-13 00:00:00-04:00,FINANCIAL/BANKSINTL :: ABR-ACRE-AGNC,22,23,-0.3301259056392161,128,128,0.343209530646577,0.8203125,-0.1151853670254309,0.0147565378915792,0.0320873463395317,0.0021422939865245,-0.0498108230967451,0.0138074636604272,L023,3,116.0,0.1034482758620689,Confirmation
2026-04-13 00:00:00-04:00,UTIL/ENERGYUTIL :: AAUC-ACI-AEE,23,24,-0.4455898044595296,132,132,0.193954248045389,0.2121212121212121,0.1347129460054555,-0.0093698484403837,0.0147825422716985,0.0013886918533457,-0.0671156271645783,-0.0115108607920637,L010,3,91.0,0.4505494505494505,Decay
2026-04-13 00:00:00-04:00,NONCYCLICAL/MEDDEVICESGEN :: ADAM-AFYA-ALK,24,25,-0.569658605843898,48,48,0.3560006729087389,0.7708333333333334,-0.1575924909019953,0.0198100169643961,1.4293430968767672e-05,-0.0059524264639144,-0.0818838760053081,0.0144162460423748,L024,3,82.0,-0.4146341463414634,Confirmation
2026-04-13 00:00:00-04:00,ENERGY/OILGASINTEG :: ACDC-ADM-AESI,25,26,-0.8345617245579962,197,197,0.4386987589976491,0.6649746192893401,-0.4160950452641769,-0.000425715189981,-0.0381934727617683,0.0530466800496149,-0.1200916421980452,0.0095318115678285,L022,3,202.0,-0.0247524752475247,Confirmation
2026-04-14 00:00:00-04:00,CONSUMERSVCE/HOSPITALITY :: APLE-CLDT-DRH,0,1,1.0376716479027193,21,21,0.6343263219452171,1.0,1.2451070548645629,0.0302940206880874,0.1137290882661592,0.0892054604547856,0.0150027915394976,0.0185392829154993,L005,4,22.0,-0.0454545454545454,Confirmation
2026-04-14 00:00:00-04:00,TECH/SEMIMFR :: AAOI-ACLS-ACMR,1,2,0.9256088676113232,207,207,0.5015407683564256,0.6908212560386473,-0.1832056310454836,0.0416436259159751,0.2342122772626416,0.1639616777142226,0.13548598053598,0.010753859132409,L007,4,203.0,0.0197044334975369,Confirmation
2026-04-14 00:00:00-04:00,INDUSTRIAL/TELECOMGEN :: ABAT-ACB-ACHR,2,3,0.92220860852707,173,173,0.4665621010748528,0.7630057803468208,0.1419964514121049,0.0792100639377639,0.2387510017842836,0.0654640986808439,0.140024705057622,0.0277406631419713,L021,4,175.0,-0.0114285714285714,Confirmation
2026-04-14 00:00:00-04:00,HEALTHCARE/HCARESUPPORT :: ADAG-AGEN-ALHC,3,4,0.8913402982736058,85,85,0.2672713341510735,0.6823529411764706,0.1286284893557694,0.0254307737270799,0.2030995078274247,0.156488428405097,0.1043732111007631,0.0122765456914562,L002,4,57.0,0.4912280701754385,Expansion
2026-04-14 00:00:00-04:00,TECH/SOFTW :: ABNB-ABX-ACET,4,5,0.7952186525225935,197,197,0.4606210559929839,0.8984771573604061,1.015653548632655,0.073006620656683,0.1304347319395647,0.0138970259567642,0.0317084352129031,0.0420200774730795,L020,4,165.0,0.1939393939393939,Confirmation
2026-04-14 00:00:00-04:00,MATERIALS/ORE :: AEM-AG-AGI,5,6,0.6760423665788285,119,119,0.5596326378893403,0.773109243697479,-0.1973352080711349,0.0451214814323867,0.2109800876792186,0.0858062661096418,0.112253790952557,0.0209386706466669,L027,2,113.0,0.0530973451327433,Emergence
2026-04-14 00:00:00-04:00,TECH/COMMEQUIP :: AAPL-ABEV-AHCO,6,7,0.5972990903263024,114,114,0.2944640061288787,0.6140350877192983,0.1951357522504465,0.0550617463282319,0.1566068211747215,0.1055864218323769,0.0578805244480599,0.0103584154011033,L009,4,83.0,0.3734939759036144,Expansion
2026-04-14 00:00:00-04:00,HEALTHCARE/BIOPHARMANONSYS :: AARD-ABCL-ABEO,7,8,0.4823458634671631,217,217,0.3457822664684711,0.7972350230414746,-0.0242633772392504,0.0161722584007295,0.1588924049312995,0.0781517740585857,0.0601661082046379,0.0189019569137106,L006,4,198.0,0.0959595959595959,Confirmation
2026-04-14 00:00:00-04:00,FINANCIAL/INVESTSVCE :: ACU-ALLY-AMG,8,9,0.3754785441539229,127,127,0.5477488584441749,0.8818897637795275,0.0596358451071699,0.0340828928691927,0.1077231709343388,0.0969777238554962,0.0089968742076772,0.0187868877628014,L012,4,123.0,0.032520325203252,Confirmation
2026-04-14 00:00:00-04:00,INDUSTRIAL/MACHINE :: AAON-AAP-ACA,9,10,0.3024488035121235,190,190,0.6268760898233618,0.4894736842105263,-0.221147760279317,0.0115982730263737,0.1317332107373286,0.1107190235824959,0.033006914010667,0.0011726709007352,L014,4,162.0,0.1728395061728395,Expansion
2026-04-14 00:00:00-04:00,HEALTHCARE/HCAREMISC :: A-ADMA-ADPT,10,11,0.2849583085454298,94,94,0.4764555621249708,0.8829787234042553,-0.0740273316809955,0.0510397455380278,0.1170847653572621,0.0706174126588068,0.0183584686306005,0.0339872303246786,L017,4,97.0,-0.0309278350515463,Confirmation
2026-04-14 00:00:00-04:00,FINANCIAL/BANKSINTL :: AAL-AAMI-ACM,11,12,0.1436030661646135,232,232,0.5719610485833891,0.7931034482758621,-0.2423126129276422,0.0186218050902909,0.1150453506837555,0.050538010560399,0.0163190539570939,0.0157154518201451,L013,4,200.0,0.16,Confirmation
2026-04-14 00:00:00-04:00,FINANCIAL/BANKSUSA :: ABCB-ACEL-ACNB,12,13,0.1090082311978697,306,306,0.5170731380456525,0.457516339869281,0.0421887549064166,-0.0041655703265543,0.0784694959202282,0.08089614626696,-0.0202568008064333,-0.001471715034067,L004,4,260.0,0.1769230769230769,Expansion
2026-04-14 00:00:00-04:00,MATERIALS/MATCONSTR :: ABG-ABM-ACCO,13,14,-0.0687807408923066,257,257,0.5951635201602746,0.5486381322957199,-0.3308057253936281,0.0092609960358863,0.0864126060212746,0.0558927588205114,-0.0123136907053869,0.0051934988602789,L029,2,230.0,0.117391304347826,Emergence
2026-04-14 00:00:00-04:00,FINANCIAL/REIT :: AAT-ADC-AHR,14,15,-0.0836260275126874,116,116,0.3848305745067502,0.896551724137931,-0.116000893052592,0.0196008515495937,0.0670118986013673,0.019515728095092,-0.0317143981252942,0.0118016453770564,L015,4,106.0,0.0943396226415094,Confirmation
2026-04-14 00:00:00-04:00,HEALTHCARE/BIOPHARMAOTHER :: ABBV-ABT-ACAD,15,16,-0.1235560018819334,59,59,0.3496410983006086,0.7966101694915254,-0.2087705667144596,0.0055408137040202,0.0656077928628221,0.0389550384223578,-0.0331185038638394,0.009477177590828,L011,4,85.0,-0.3058823529411765,Confirmation
2026-04-14 00:00:00-04:00,TECH/INTERNET :: ASC-BWLP-CMBT,16,17,-0.145189834732893,31,31,0.3978936497634273,0.2258064516129032,-0.1066320895171432,-0.0018891658345826,0.0488978522930804,0.0923781386932914,-0.0498284444335811,-0.01137075973117,L018,4,32.0,-0.03125,Decay
2026-04-14 00:00:00-04:00,CONSUMERSVCE/BIOPHARMASYS :: ABR-ACRE-ADAM,17,18,-0.3171528643130951,130,130,0.3210349382192594,0.8,-0.1840297988585048,0.0253150714200735,0.0349504010950875,0.0090410773116809,-0.063775895631574,0.0131122720668763,L023,4,128.0,0.015625,Confirmation
2026-04-14 00:00:00-04:00,UTIL/ENERGYUTIL :: AAUC-ACI-AEE,18,19,-0.4119960247072277,111,111,0.185898606461562,0.6036036036036037,-0.1285103699899128,-0.0134267924418085,0.0185952059589326,0.0146183285997058,-0.0801310907677289,0.0007733034631424,L010,4,132.0,-0.1590909090909091,Decay
2026-04-14 00:00:00-04:00,NONCYCLICAL/INSURANCE :: ACGL-ACIC-ACT,19,20,-0.5913388753831392,144,144,0.2393727483602164,0.3611111111111111,-0.3045085618712509,-0.0147566134693936,0.0167674086139815,-0.0045549410010321,-0.0819588881126801,-0.0030121971198251,L016,4,103.0,0.3980582524271844,Decay
2026-04-14 00:00:00-04:00,TECH/SOFTW :: ACIW-ACN-ADBE,20,21,-0.5994706783703916,222,222,0.4003554318358658,0.509009009009009,-0.0834276454628235,0.0093293939839771,-0.0075454931595343,-0.0358403475714736,-0.1062717898861959,0.000356740275534,L019,4,231.0,-0.0389610389610389,Decay
2026-04-14 00:00:00-04:00,ENERGY/OILGASINTEG :: AA-ACDC-ADM,21,22,-0.8526687005812216,205,205,0.4281546799915815,0.1024390243902439,-0.3269129856992486,-0.0090137022144838,-0.0495591014610274,0.0343526785968163,-0.148285398187689,-0.0240680705301243,L022,4,197.0,0.0406091370558375,Decay
2026-04-15 00:00:00-04:00,TECH/SEMIMFR :: AHCO-ALAB-ALB,0,1,1.5171572681668963,39,39,0.3273879674040437,0.6666666666666666,0.1797046650859583,0.1272170742660763,0.2287781606768244,0.2183711978612221,0.1524985756528152,0.0125787075127854,L030,1,,0.0,Emergence
2026-04-15 00:00:00-04:00,TECH/INTERNET :: AAL-ACET-AGEN,1,2,1.3342658029472756,106,106,0.4190120435359314,0.7358490566037735,0.3950041254873104,0.1222714318824867,0.2042395707677844,0.0942375752716211,0.1279599857437753,0.017029225691853,L031,1,,0.0,Emergence
2026-04-15 00:00:00-04:00,NONCYCLICAL/GENMERCH :: ABAT-ABVX-ACB,2,3,1.1304238009544811,250,250,0.4089143202410522,0.876,0.4870482995267574,0.1104163117420493,0.1557358494541209,0.0804893011337783,0.0794562644301117,0.0477437436492525,L021,5,173.0,0.4450867052023121,Expansion
2026-04-15 00:00:00-04:00,TECH/SEMIMFR :: AAOI-ACLS-ACMR,3,4,0.6326998388095171,201,202,0.518866118760084,0.3582089552238806,-0.2728343948896792,0.0257309055607356,0.1637188930046508,0.1504263873878251,0.0874393079806416,-0.0030423366812974,L007,5,207.0,-0.0289855072463768,Maturity
2026-04-15 00:00:00-04:00,HEALTHCARE/HCARESUPPORT :: ABM-ACM-ALHC,4,5,0.6010349989519675,45,45,0.305894821746715,0.5777777777777777,-0.2118851396528581,0.0341620255503075,0.1514942696081062,0.1392015781800934,0.075214684584097,0.0083446824388877,L002,5,85.0,-0.4705882352941176,Maturity
2026-04-15 00:00:00-04:00,TECH/COMPUTER :: ABEV-ADTN-ALOY,5,6,0.5895093258967572,98,98,0.3238005956142046,0.6020408163265306,-0.0233019013769393,0.0121900780811864,0.1299398871730257,0.1167309267618606,0.0536603021490165,0.0119672785769431,L009,5,114.0,-0.1403508771929824,Maturity
2026-04-15 00:00:00-04:00,FINANCIAL/INVESTSVCE :: ABNB-ABX-AD,6,7,0.5529261723647226,161,162,0.5034389269369345,0.7204968944099379,0.2297554857238532,0.0589006399183276,0.0932472790171489,0.0774555798380833,0.0169676939931398,0.0156328111631822,L012,5,127.0,0.2677165354330709,Expansion
2026-04-15 00:00:00-04:00,INDUSTRIAL/MACHINE :: AAON-AAP-ACA,7,8,0.2846575804192684,203,203,0.582960134879317,0.0985221674876847,0.2449601745082058,-0.0109229302213586,0.0655975126626063,0.0719425241183453,-0.0106820723614028,-0.0266631877790954,L014,5,190.0,0.0684210526315789,Maturity
2026-04-15 00:00:00-04:00,HEALTHCARE/BIOPHARMAOTHER :: AARD-ABBV-ABCL,8,9,0.1472001017293692,186,186,0.3083700561449478,0.5860215053763441,-0.1667172506816439,0.0457470866343512,0.0861407240504069,0.0768174002422,0.0098611390263977,0.0122109981726013,L006,5,217.0,-0.1428571428571428,Maturity
2026-04-15 00:00:00-04:00,FINANCIAL/BANKSINTL :: AAMI-ACEL-AEG,9,10,0.1437279864885387,156,157,0.5129077038555728,0.5384615384615384,-0.2296490777022312,0.0328236521829259,0.0961399201003729,0.0598706281480574,0.0198603350763637,0.0053748205396179,L013,5,232.0,-0.3275862068965517,Maturity
2026-04-15 00:00:00-04:00,UNKNOWN/UNKNOWN :: ACCO-AHRT-ARE,10,11,0.141697557047571,32,32,0.4872464328976971,0.71875,-0.075739262008663,0.0515389532393658,0.0732572309583006,0.047452940748491,-0.0030223540657085,0.0151679667362934,L032,1,,0.0,Emergence
2026-04-15 00:00:00-04:00,UNKNOWN/UNKNOWN :: ASC-BWLP-CMBT,11,12,0.1370916168799364,30,30,0.4092180187868837,0.8666666666666667,-0.015663066440706,0.0250241952700413,0.0401407152183822,0.1093840935129461,-0.0361388698056269,0.0147818021427901,L018,5,31.0,-0.032258064516129,Maturity
2026-04-15 00:00:00-04:00,TELECOM/TELECOMGEN :: ABR-ACRE-ADAM,12,13,0.1189817445415998,85,85,0.4500112504778143,0.8588235294117647,-0.0589926703119655,0.0417155416455721,0.0659331950356485,0.038828826298453,-0.0103463899883606,0.014606692606011,L023,5,130.0,-0.3461538461538461,Maturity
2026-04-15 00:00:00-04:00,CONSUMERSVCE/HOSPITALITY :: ABG-APLE-BLBD,13,14,0.104611797345282,30,30,0.5816865775481682,0.2333333333333333,-0.0373071044477231,0.005512360441954,0.0711096822676764,0.0621248967822029,-0.0051699027563327,-0.0105913110562282,L005,5,21.0,0.4285714285714285,Expansion
2026-04-15 00:00:00-04:00,HEALTHCARE/HCAREMISC :: A-ADPT-AFCG,14,15,0.1004366429654872,101,101,0.4823159621978038,0.5742574257425742,-0.0529460795726308,0.0677092758188203,0.0673183319185451,0.0497438041874033,-0.008961253105464,0.0068696462646591,L017,5,94.0,0.0744680851063829,Maturity
2026-04-15 00:00:00-04:00,MATERIALS/ORE :: AEM-AG-AGI,15,16,0.0291142211038167,106,106,0.5749983125173279,0.2358490566037736,-0.3772996673115042,0.0165753103055277,0.1033781679025703,0.0651749515825986,0.0270985828785611,-0.0127016248887138,L027,3,119.0,-0.1092436974789916,Maturity
2026-04-15 00:00:00-04:00,FINANCIAL/BANKSUSA :: ABCB-ACNB-AEXA,16,17,0.0082822210665492,291,291,0.5037424214089092,0.3436426116838488,-0.1099838471761347,0.0015864369047906,0.0563102002361547,0.0797297969775297,-0.0199693847878544,-0.0026417314472477,L004,5,306.0,-0.0490196078431372,Maturity
2026-04-15 00:00:00-04:00,UNKNOWN/UNKNOWN :: CAPR-CLPT-QURE,17,18,0.0031962639058641,4,4,0.3562492852366339,1.0,-0.7765335746945689,0.1213672349219979,0.132188248553339,0.0654763560669953,0.0559086635293299,0.0100434572699644,L033,1,,0.0,Emergence
2026-04-15 00:00:00-04:00,TECH/SOFTW :: ACIW-ACN-ACVA,18,19,-0.0715510626358592,281,281,0.4169876186404154,0.9572953736654805,0.099833838475302,0.0882457697849222,0.0242467938448264,-0.009035765892533,-0.0520327911791827,0.0380807754952519,L019,5,222.0,0.2657657657657657,Decay
2026-04-15 00:00:00-04:00,MATERIALS/HOSPITALITY :: ACU-ADNT-AER,19,20,-0.1604507021866459,234,235,0.6048449197487802,0.3717948717948718,-0.286879140382879,0.0136407489563479,0.060147773997441,0.0412401163141239,-0.0161318110265681,-0.0057446673378748,L029,3,257.0,-0.0894941634241245,Decay
2026-04-15 00:00:00-04:00,FINANCIAL/REIT :: AAT-AAUC-ADC,20,21,-0.1678322967233201,115,115,0.2601781414151636,0.5217391304347826,-0.0861687389409223,0.0064051030578919,0.0454456418457677,0.0109881208018444,-0.0308339431782414,0.0001566308647513,L015,5,116.0,-0.0086206896551724,Decay
2026-04-15 00:00:00-04:00,FINANCIAL/INSURANCE :: ACGL-ACIC-ACT,21,22,-0.3641431586557386,97,97,0.2594227191956895,0.5567010309278351,-0.1437628624972662,0.010709704806795,0.0209663298046241,0.0008701702352937,-0.055313255219385,0.0034021113920513,L016,5,144.0,-0.3263888888888889,Decay
2026-04-15 00:00:00-04:00,NONCYCLICAL/FOODDRINKMFR :: AAPL-ABT-ACI,22,23,-0.4258794878208278,94,94,0.2263382570693277,0.3936170212765957,-0.1970155224350419,0.0035957408079355,0.0183704821371044,0.017510523627582,-0.0579091028869047,-0.0003289919940145,L034,1,,0.0,Emergence
2026-04-15 00:00:00-04:00,NONCYCLICAL/TOBACCO :: AII-AOUT-APTV,23,24,-0.443801862210862,58,58,0.3019943033724938,0.5689655172413793,-0.2310936142869702,0.0302767768038772,0.0215862039414462,-0.0117211328882184,-0.0546933810825629,0.0071358362601258,L035,1,,0.0,Emergence
2026-04-15 00:00:00-04:00,UTIL/ENERGYUTIL :: AEE-AEP-ALCO,24,25,-0.5223359172333499,79,79,0.3261793255084342,0.1265822784810126,-0.200438145914488,-0.0226966679432107,0.0116141568171642,0.0086589578657473,-0.0646654282068449,-0.0090844011693605,L010,5,111.0,-0.2882882882882883,Decay
2026-04-15 00:00:00-04:00,ENERGY/OILGASINTEG :: AA-ACDC-ADM,25,26,-0.8825087812792565,209,209,0.4008741729413219,0.4641148325358851,-0.4118147775166612,-0.013456390324113,-0.0397998151711478,0.0176705991477174,-0.1160794001951569,0.0007077258502066,L022,5,205.0,0.0195121951219512,Decay
2026-04-16 00:00:00-04:00,TECH/GENMERCH :: ACHV-AD-AEBI,0,1,1.3277660145977963,99,99,0.4215621434649836,0.898989898989899,0.9877937724205432,0.080981397191604,0.1427861645459296,0.1582977848669785,0.0720117275430372,0.0552994394636071,L036,1,,0.0,Emergence
2026-04-16 00:00:00-04:00,TECH/ELECTREQUIP :: ABAT-ABCL-ACB,1,2,1.177161432112593,228,228,0.4094543564558189,0.5657894736842105,0.3171382187635445,0.1052724848240352,0.200941324568397,0.1388317725979639,0.1301668875655046,0.016443975872682,L021,6,250.0,-0.088,Maturity
2026-04-16 00:00:00-04:00,TECH/GENMERCH :: AAOI-ADTN-ALTO,2,3,1.1633011111907992,26,26,0.3638512010291598,0.5769230769230769,-0.027471174186215,0.0267806328763703,0.2058278656400802,0.2334296183209125,0.1350534286371878,0.0180828889576758,L037,1,,0.0,Emergence
2026-04-16 00:00:00-04:00,TECH/SEMIMFR :: ACLS-ACMR-ADEA,3,4,1.0836201234582097,165,165,0.4759808698061301,0.5757575757575758,0.1627778969130708,0.0189994417344968,0.1834138141943292,0.1902642894188588,0.1126393771914368,0.0079749017542502,L007,6,201.0,-0.1791044776119403,Maturity
2026-04-16 00:00:00-04:00,HEALTHCARE/HCARESUPPORT :: AEG-ALHC-ALOT,4,5,0.84421286594262,56,56,0.3007825871405196,0.7321428571428571,0.1134143575157285,0.0462242000254548,0.155833791304403,0.1604856300259493,0.0850593543015106,0.0137344282536824,L002,6,45.0,0.2444444444444444,Expansion
2026-04-16 00:00:00-04:00,FINANCIAL/FINSPECIAL :: ABNB-ABX-ACVA,5,6,0.4210050934863156,207,208,0.4215723049117235,0.6231884057971014,0.0355105493759476,0.0687524273244416,0.1124768774963982,0.0934073622870081,0.0417024404935058,0.0106700733697417,L038,1,,0.0,Emergence
2026-04-16 00:00:00-04:00,CYCLICALS/VEHICLE :: ABG-APLE-BIPC,6,7,0.3787985805138914,35,35,0.5231623880660625,0.4285714285714285,0.3166512427652199,0.0072868362506499,0.082041231624312,0.0917703105184195,0.0112667946214196,1.8686512770676214e-05,L005,6,30.0,0.1666666666666666,Expansion
2026-04-16 00:00:00-04:00,HEALTHCARE/MEDDEVICESGEN :: ABT-ARCC-ASPN,7,8,0.2273173119747972,70,70,0.3557834398837602,0.1142857142857142,0.8546369953046872,-0.0015289544792042,0.0396606508580798,0.0181387655818935,-0.0311137861448125,-0.0408732167851919,L023,6,85.0,-0.1764705882352941,Maturity
2026-04-16 00:00:00-04:00,HEALTHCARE/BIOPHARMASYS :: ABSI-ADMA-AGIO,8,9,0.094902492393407,121,121,0.2615453998131883,0.3636363636363636,-0.2389001493959366,0.0221428147262635,0.0887167707994565,0.1233997699869875,0.017942333796564,-0.0067001989202086,L006,6,186.0,-0.3494623655913978,Maturity
2026-04-16 00:00:00-04:00,INDUSTRIAL/MACHINE :: AAON-ACA-ACNT,9,10,0.0876559659977214,206,206,0.5918081746988687,0.4174757281553398,0.1383374744334508,-0.0255971230442872,0.0499325145873895,0.0895448444804469,-0.0208419224155028,-0.0007298816281116,L014,6,203.0,0.0147783251231527,Maturity
2026-04-16 00:00:00-04:00,MATERIALS/ORE :: AEM-AG-AGI,10,11,0.0871859432276603,94,94,0.5949350652790873,0.5425531914893617,-0.3670436833536503,0.0124855802848857,0.080203949110525,0.1420112357375411,0.0094295121076326,0.0038913861523064,L027,4,106.0,-0.1132075471698113,Maturity
2026-04-16 00:00:00-04:00,FINANCIAL/INVESTSVCE :: AAMI-ADT-AEO,11,12,0.0726020764239032,160,161,0.503813269253173,0.4,-0.261466652394023,0.0325717161493895,0.0866718167486064,0.1000342393357853,0.015897379745714,-0.0038410269718129,L012,6,161.0,-0.0062111801242236,Maturity
2026-04-16 00:00:00-04:00,FINANCIAL/BANKSINTL :: AAL-ABEV-ACM,12,13,-0.0167793672016255,254,254,0.5648226796565435,0.3976377952755905,-0.1787395713257018,0.0133634554666916,0.0686908348008891,0.0770550346076487,-0.0020836022020032,-0.0046071692492164,L013,6,156.0,0.6282051282051282,Decay
2026-04-16 00:00:00-04:00,FINANCIAL/INVESTSVCE :: ABUS-ALAR-ASC,13,14,-0.0638276484479451,32,32,0.3476952130886462,0.40625,0.0067399141413896,0.0131567007171406,0.0437554018387849,0.0903063904877716,-0.0270190351641074,-0.0026358626031476,L018,6,30.0,0.0666666666666666,Decay
2026-04-16 00:00:00-04:00,HEALTHCARE/HCAREMISC :: A-ADPT-AFCG,14,15,-0.0788743178798711,85,85,0.4694618350626359,0.2,0.0369874165700772,0.0162389465301471,0.0501885337781712,0.0626154126941927,-0.0205859032247211,-0.0135052807474058,L017,6,101.0,-0.1584158415841584,Decay
2026-04-16 00:00:00-04:00,FINANCIAL/BANKSUSA :: ABCB-ACEL-ACNB,15,16,-0.0904800676002436,280,280,0.5045145577354582,0.2321428571428571,-0.014554302841021,-0.0085956675930947,0.0434439426794939,0.0897282501795396,-0.0273304943233984,-0.0045356659739497,L004,6,291.0,-0.0378006872852233,Decay
2026-04-16 00:00:00-04:00,FINANCIAL/REIT :: AAT-AAUC-ADC,16,17,-0.2390322017071685,137,137,0.2854688663689536,0.635036496350365,-0.1284089506942946,0.0090666753712108,0.0414067574312149,0.022070668292474,-0.0293676795716774,0.0035495959758777,L015,6,115.0,0.1913043478260869,Decay
2026-04-16 00:00:00-04:00,MATERIALS/CHEMSPECIAL :: AAP-ABM-ACCO,17,18,-0.2511293895525304,183,183,0.5561084614424572,0.4863387978142076,-0.2615293566075265,-0.0106414740187288,0.0397793221345018,0.0594736423310989,-0.0309951148683905,-0.0009441587542686,L029,4,234.0,-0.2179487179487179,Decay
2026-04-16 00:00:00-04:00,TECH/SOFTW :: ACIW-ACN-ADBE,18,19,-0.2744604793064157,236,236,0.4179881407809811,0.809322033898305,-0.0794555259170584,0.0505093829361843,0.026360743367617,0.0050287044227691,-0.0444136936352753,0.0133019127152633,L019,6,281.0,-0.1601423487544484,Decay
2026-04-16 00:00:00-04:00,FINANCIAL/INSURANCE :: ACGL-ACIC-ACT,19,20,-0.309485675286707,109,109,0.2552437397749813,0.5963302752293578,-0.1165059075531193,0.0013441328644589,0.0277011772036889,0.0314249469825819,-0.0430732597992034,0.0015372463049188,L016,6,97.0,0.1237113402061855,Decay
2026-04-16 00:00:00-04:00,UTIL/ENERGYUTIL :: ACAD-ACI-AEE,20,21,-0.3248574390133425,123,123,0.2297049448096262,0.7317073170731707,0.0158433628663285,0.0032341447466921,0.0108597811701615,0.022021811865067,-0.0599146558327308,0.0085122508246009,L010,6,79.0,0.5569620253164557,Decay
2026-04-16 00:00:00-04:00,FINANCIAL/BANKSINTL :: ABR-ACRE-ADAM,21,22,-0.3530738540695602,60,60,0.4362214412802189,0.2666666666666666,-0.5197237491389608,0.0058833810320288,0.0592717993246913,0.0570538315853462,-0.011502637678201,-0.0081973291595424,L039,1,,0.0,Emergence
2026-04-16 00:00:00-04:00,ENERGY/OILGASINTEG :: AA-ACDC-ADM,22,23,-0.4938418826539318,211,211,0.3952392029564787,0.7582938388625592,-0.3040431961611379,-0.0067335902149618,0.0042449208466778,0.0381404076187908,-0.0665295161562145,0.0152939804309135,L022,6,209.0,0.0095693779904306,Decay
2026-04-16 00:00:00-04:00,HEALTHCARE/BIOPHARMAOTHER :: AAPL-ABBV-AEC,23,24,-0.5361637685669365,72,72,0.3210090900984039,0.4027777777777778,-0.2426837932566738,0.0099843717498498,0.0045748201521348,0.0392550537140547,-0.0661996168507575,-0.0043539969023968,L040,1,,0.0,Emergence
2026-04-17 00:00:00-04:00,INDUSTRIAL/SEMIMFR :: ACHV-ACU-AEHR,0,1,1.1481269545368,110,110,0.3735289776923088,0.6545454545454545,0.6886433488919783,0.0812211881458633,0.1632812272313844,0.2272426461777522,0.0806899262207142,0.0043193870134716,L036,2,99.0,0.1111111111111111,Emergence
2026-04-17 00:00:00-04:00,TECH/COMMEQUIP :: ABSI-ADMA-AGIO,1,2,1.0492266790342888,153,153,0.2408939939700745,0.869281045751634,0.8042636638583458,0.0617993984225257,0.1407196429997738,0.1808417740377859,0.0581283419891036,0.0477043641795331,L006,7,121.0,0.2644628099173554,Expansion
2026-04-17 00:00:00-04:00,TECH/SEMIMFR :: AAOI-AAON-ACMR,2,3,1.02104658551444,168,168,0.5145374346008034,0.8928571428571429,0.4126004518533052,0.0293529941606631,0.1742946036085,0.1803968430196068,0.0917033025978298,0.0292192302643239,L007,7,165.0,0.0181818181818181,Maturity
2026-04-17 00:00:00-04:00,TECH/INTERNET :: ABT-ACET-AOSL,3,4,0.8296252144713582,112,112,0.3326970359956613,0.7321428571428571,0.2856710726550701,0.0172661736194144,0.1771914445101708,0.1395364648199766,0.0946001434995006,0.02537242433478,L021,7,228.0,-0.5087719298245614,Maturity
2026-04-17 00:00:00-04:00,HEALTHCARE/HCARESUPPORT :: ACVA-AEG-ALHC,4,5,0.788992810564528,56,56,0.2959566403443969,0.9642857142857144,0.1159905316195167,0.0556243556878878,0.1717343006011395,0.1824555455343724,0.0891429995904693,0.0259702954213181,L002,7,56.0,0.0,Maturity
2026-04-17 00:00:00-04:00,FINANCIAL/FINSPECIAL :: AARD-ABAT-ABCL,5,6,0.6553744716200935,237,238,0.4375048661164942,0.7552742616033755,0.3782525148858988,0.0772110706207625,0.140089123864116,0.1107179649348332,0.0574978228534458,0.0182494856275932,L038,2,207.0,0.144927536231884,Emergence
2026-04-17 00:00:00-04:00,FINANCIAL/BANKSINTL :: AAL-AAMI-ADEA,6,7,0.5838866093297632,233,233,0.5478056154259863,0.9742489270386266,0.3155112919197993,0.0359256149207559,0.1210499520709205,0.1242059184811601,0.0384586510602503,0.0414938635280588,L013,7,254.0,-0.0826771653543307,Maturity
2026-04-17 00:00:00-04:00,NONCYCLICAL/GENMERCH :: ABEV-ADTN-AIP,7,8,0.5675035089262588,90,90,0.3502187722166893,0.6333333333333333,0.0676288616274393,0.0293910528009364,0.1497300979063575,0.1799843050804174,0.0671387968956873,0.0059904088707825,L037,2,26.0,2.4615384615384617,Emergence
2026-04-17 00:00:00-04:00,MATERIALS/ORE :: ACLS-AEM-AG,8,9,0.5081849521783867,105,105,0.5258019126830149,0.923809523809524,-0.0123550873154569,0.0248937594522217,0.1207732513480097,0.2308365508807255,0.0381819503373395,0.0328329985403964,L027,5,94.0,0.1170212765957446,Expansion
2026-04-17 00:00:00-04:00,FINANCIAL/INVESTSVCE :: ABUS-ACM-ADT,9,10,0.4491695930349059,186,186,0.49086417463361,0.9247311827956988,0.0379583852850245,0.0449689587529446,0.1319607582790024,0.1306681659409757,0.0493694572683322,0.0303870267151281,L012,7,160.0,0.1625,Expansion
2026-04-17 00:00:00-04:00,NONCYCLICAL/GENMERCH :: ABR-ACRE-ADAM,10,11,0.3863579906610893,73,73,0.3457504253150545,0.8904109589041096,0.0449788691702543,0.0258496978767722,0.126329496872003,0.126387391636939,0.0437381958613328,0.0200682171827442,L039,2,60.0,0.2166666666666666,Emergence
2026-04-17 00:00:00-04:00,FINANCIAL/BANKSUSA :: ABCB-ABG-ACEL,11,12,0.3131624321158454,273,273,0.5069545771657552,0.9743589743589745,0.4493498936730659,0.0155608464327066,0.0638006905178264,0.1071579723419437,-0.0187906104928437,0.0245541421268275,L004,7,280.0,-0.025,Maturity
2026-04-17 00:00:00-04:00,CONSUMERSVCE/HOSPITALITY :: APLE-BXMT-CHCT,12,13,0.2761659140570901,25,25,0.6184803924560516,1.0,0.0303595630878491,0.0148929833609149,0.103241411721732,0.106651554810767,0.0206501107110618,0.0312867653203169,L005,7,35.0,-0.2857142857142857,Maturity
2026-04-17 00:00:00-04:00,INDUSTRIAL/MACHINE :: AAP-ABM-ACA,13,14,0.2367919967551881,278,278,0.5842038772573357,0.9820143884892086,0.1383556208048179,0.0095812164897577,0.0844397373213139,0.1093656080103135,0.0018484363106437,0.0341800592063496,L014,7,206.0,0.3495145631067961,Expansion
2026-04-17 00:00:00-04:00,CONSUMERSVCE/HOSPITALITY :: AOMR-ARCC-ASPN,14,15,0.229012649630333,57,57,0.4827327361201606,0.9298245614035088,0.3035305299271025,0.0323321229280002,0.07837464751476,0.0702299150345333,-0.00421665349591,0.0204770082416234,L023,7,70.0,-0.1857142857142857,Maturity
2026-04-17 00:00:00-04:00,UNKNOWN/UNKNOWN :: CAPR-CLPT-QURE,15,16,0.1969942704727574,4,4,0.3401638892869968,1.0,-0.4555014058030691,0.0528913195323359,0.1303088671543976,0.1968469774590322,0.0477175661437275,0.0478313984243443,L041,1,,0.0,Emergence
2026-04-17 00:00:00-04:00,HEALTHCARE/HCAREMISC :: A-ABEO-ABX,16,17,0.0071700477497277,91,91,0.4589396563491109,0.978021978021978,0.0198993874403916,0.0214354263620519,0.0688748168716752,0.0832959547535262,-0.0137164841389949,0.0261628031524551,L017,7,85.0,0.0705882352941176,Maturity
2026-04-17 00:00:00-04:00,HEALTHCARE/BIOPHARMAOTHER :: AAPL-ABBV-ACAD,17,18,-0.0939926896079664,68,68,0.3348158278710448,0.8823529411764706,0.1646625690695934,0.0127995190919952,0.0430861748673062,0.0744862942170311,-0.0395051261433639,0.0178880997494214,L040,2,72.0,-0.0555555555555555,Emergence
2026-04-17 00:00:00-04:00,FINANCIAL/REIT :: AAT-AAUC-ADC,18,19,-0.2867338114076837,110,110,0.2788249336483901,0.7909090909090909,-0.0478931468233713,0.0167468432003848,0.048627483614708,0.0395405377810084,-0.0339638173959621,0.0127525655250611,L015,7,137.0,-0.1970802919708029,Decay
2026-04-17 00:00:00-04:00,FINANCIAL/INSURANCE :: ACGL-ACIC-ACT,19,20,-0.3265024942396164,104,104,0.2699891762040618,0.8076923076923077,0.1046943256334471,0.0158445302516812,0.0233103753686995,0.039633386239494,-0.0592809256419706,0.0097886148977753,L016,7,109.0,-0.0458715596330275,Decay
2026-04-17 00:00:00-04:00,NONCYCLICAL/FOODDRINKMFR :: ALCO-ASRT-ATRC,20,21,-0.4076503435639758,110,110,0.3237700563868905,0.8818181818181818,-0.1478168832432057,0.0248516028932863,0.0331451032260232,0.0470018951359004,-0.0494461977846469,0.0161549666990185,L042,1,,0.0,Emergence
2026-04-17 00:00:00-04:00,TECH/SOFTW :: ACIW-ACN-ADBE,21,22,-0.4735538940255169,244,244,0.4215595553168698,0.7418032786885246,-0.0965213121502876,0.0614888802014817,0.0261964141537668,0.0158546698814057,-0.0563948868569033,0.011088206297055,L019,7,236.0,0.0338983050847457,Decay
2026-04-17 00:00:00-04:00,UNKNOWN/UNKNOWN :: ALAR-ASC-BWLP,22,23,-0.5565407666089881,28,28,0.4186254467624795,0.8928571428571429,-0.3975037293883608,0.037155809704529,0.0232373140899165,0.0875131222676565,-0.0593539869207536,0.0195435146909203,L018,7,32.0,-0.125,Decay
2026-04-17 00:00:00-04:00,UTIL/ENERGYUTIL :: ACI-AD-AEE,23,24,-0.694734252903645,103,103,0.2597311998792601,0.5145631067961165,-0.1754453325607192,0.0024404193702166,0.0044659107309065,0.0338636028984392,-0.0781253902797636,0.0001271935646182,L010,7,123.0,-0.1626016260162601,Decay
2026-04-17 00:00:00-04:00,ENERGY/OILGASINTEG :: AA-ACDC-ADM,24,25,-0.7330100621735212,213,213,0.4176498056970738,0.1502347417840375,0.4800691669896821,-0.0204930454497369,-0.0564209968561867,-0.0217026506729369,-0.1390122978668568,-0.0352370385376641,L022,7,211.0,0.0094786729857819,Decay
2026-04-20 00:00:00-04:00,TECH/SEMIEQUIPSVCE :: ABX-ADTN-ALTO,0,1,2.066197525716004,67,67,0.2370455010190093,0.8059701492537313,1.586900609269233,0.1090033551555653,0.2464173896573607,0.3198986659658411,0.1708030686328351,0.0799447287548557,L043,1,,0.0,Emergence
2026-04-20 00:00:00-04:00,TECH/SEMIMFR :: AAOI-ACLS-ADI,1,2,0.9140704194574674,136,136,0.4807300031285331,0.6985294117647058,-0.2675249256691583,0.048997062867071,0.20885537961197,0.2725410484277483,0.1332410585874443,0.0117133579168504,L007,8,168.0,-0.1904761904761904,Maturity
2026-04-20 00:00:00-04:00,TECH/INTERNET :: ACET-AFCG-AGEN,2,3,0.8290180781801467,64,64,0.3503951432953295,0.59375,-0.2605104801795869,0.0354340278300913,0.2039498502306148,0.254733552413365,0.1283355292060891,0.0092524672424315,L021,8,112.0,-0.4285714285714285,Maturity
2026-04-20 00:00:00-04:00,INDUSTRIAL/FINSPECIAL :: ABAT-ABCL-ABSI,3,4,0.7844334075530875,192,192,0.4193266815795297,0.5989583333333334,0.0796649315153264,0.0454919173405357,0.1764532271849358,0.19073414633371,0.1008389061604101,0.0134049517176978,L038,3,237.0,-0.189873417721519,Confirmation
2026-04-20 00:00:00-04:00,TECH/VEHICLE :: ABG-ACAD-ACCO,4,5,0.708635664937501,112,113,0.4211304841308358,0.6428571428571429,0.1988594151827798,0.0819546876308381,0.1444423420871712,0.2077933216835367,0.0688280210626456,0.0056589081959751,L044,1,,0.0,Emergence
2026-04-20 00:00:00-04:00,INDUSTRIAL/TRAINTRUCK :: ACHV-ACU-AD,5,6,0.5071058968084263,105,105,0.3689591887613862,0.6285714285714286,-0.1320716000090717,0.0680561370459867,0.1384017374930406,0.2103553537584221,0.0627874164685149,0.0030860982135767,L036,3,110.0,-0.0454545454545454,Confirmation
2026-04-20 00:00:00-04:00,HEALTHCARE/HCARESUPPORT :: AEBI-ALHC-ALKS,6,7,0.3703017456672911,69,69,0.2609864998478773,0.5652173913043478,-0.2251513939429735,0.0413030075138807,0.1296012754348093,0.1972557084630659,0.0539869544102836,0.0083214879876747,L002,8,56.0,0.2321428571428571,Expansion
2026-04-20 00:00:00-04:00,CONSUMERSVCE/HOSPITALITY :: APLE-CLDT-DRH,7,8,0.3319148742509976,20,20,0.6305624997814698,0.85,-0.4221443702904427,0.0297138725678941,0.1239135199104195,0.1780679068397687,0.0482991988858938,0.0086643393033802,L005,8,25.0,-0.2,Maturity
2026-04-20 00:00:00-04:00,HEALTHCARE/HCAREMISC :: A-ABEO-ADPT,8,9,0.2291845226318336,86,86,0.4395245124750334,0.5348837209302325,0.0070082971392849,0.0169244472758394,0.091934879428304,0.1331102419525014,0.0163205584037783,0.0042011539164714,L017,8,91.0,-0.0549450549450549,Maturity
2026-04-20 00:00:00-04:00,FINANCIAL/INVESTSVCE :: ADT-AEO-AGM,9,10,0.223154172895236,127,127,0.4970854903917943,0.6062992125984252,-0.2411895956686503,0.0247337519968267,0.1116460135903272,0.1264267767021529,0.0360316925658015,0.0040553431150717,L012,8,186.0,-0.3172043010752688,Maturity
2026-04-20 00:00:00-04:00,CONSUMERSVCE/HOSPITALITY :: AAL-ABEV-ACMR,10,11,0.209039515456755,177,177,0.5343682119093062,0.4632768361581921,-0.2487182396356954,0.032182629951626,0.1083563754513101,0.1496616728425429,0.0327420544267845,-6.546503586186366e-05,L013,8,233.0,-0.2403433476394849,Maturity
2026-04-20 00:00:00-04:00,FINANCIAL/FINSPECIAL :: ABNB-ACM-ACVA,11,12,0.175835543402255,165,165,0.4468916099319847,0.7090909090909091,-0.2906465501041804,0.0415484568659485,0.1060736768773107,0.1207469714890665,0.030459355852785,0.008912509305703,L045,1,,0.0,Emergence
2026-04-20 00:00:00-04:00,NONCYCLICAL/PERSONALCAREPRODUCT :: ABR-ACNB-ACRE,12,13,0.1627279408787026,80,80,0.3474018995764304,0.25,0.6804494319511496,-0.0074773275901989,0.0394358256036684,0.0889813530516995,-0.0361784954208571,-0.0263420881402175,L046,1,,0.0,Emergence
2026-04-20 00:00:00-04:00,MATERIALS/ORE :: AEM-AG-AGI,13,14,0.1567814355705213,90,90,0.5759600489085726,0.2666666666666666,-0.5002283548861713,0.0249323070711434,0.1011566880056543,0.261034313439525,0.0255423669811287,-0.0079182584634862,L027,6,105.0,-0.1428571428571428,Maturity
2026-04-20 00:00:00-04:00,CYCLICALS/CHEMSPECIAL :: AAP-ABM-AIN,14,15,0.1194472238673596,158,158,0.5714594718170155,0.6012658227848101,-0.2507096962350961,0.0463149081048156,0.0893002745483699,0.1312864811482701,0.0136859535238442,0.0047357684226626,L014,8,278.0,-0.4316546762589928,Maturity
2026-04-20 00:00:00-04:00,INDUSTRIAL/MACHINE :: AAON-ACA-ACNT,15,16,0.0837577434542003,183,184,0.5757299099660675,0.5901639344262295,-0.2987058769880723,0.0287415840035481,0.0851461872084191,0.1398976068171455,0.0095318661838935,0.0043177840067622,L047,1,,0.0,Emergence
2026-04-20 00:00:00-04:00,FINANCIAL/BANKSINTL :: AAMI-AEC-AEG,16,17,0.0350868149315599,136,137,0.4889380263629915,0.4191176470588235,-0.2948973433216405,0.0168517145402037,0.0883081116013285,0.1244730241704044,0.0126937905768028,-0.0015371001275993,L048,1,,0.0,Emergence
2026-04-20 00:00:00-04:00,HEALTHCARE/BIOPHARMAOTHER :: AAPL-ABBV-ADMA,17,18,-0.0873282119988519,149,149,0.2562226337541188,0.3624161073825503,-0.3668422681724731,0.0129517650335832,0.0792178833384109,0.1293264607652707,0.0036035623138852,-0.0074379193613582,L006,8,153.0,-0.0261437908496732,Decay
2026-04-20 00:00:00-04:00,FINANCIAL/BANKSUSA :: ABCB-ACEL-ACOG,18,19,-0.0913865939640573,259,259,0.5268304122463894,0.4864864864864865,-0.1938757825655942,0.0163003950485083,0.0526784252143485,0.1154953019611347,-0.0229358958101771,-0.0003312558966827,L004,8,273.0,-0.0512820512820512,Decay
2026-04-20 00:00:00-04:00,FINANCIAL/REIT :: AAT-ADC-AHR,19,20,-0.1088072304969355,94,94,0.4090231372204284,0.5851063829787234,-0.4652704361055181,0.0294989093597158,0.0808405705433431,0.0909589986450405,0.0052262495188175,0.0052034482769754,L015,8,110.0,-0.1454545454545454,Decay
2026-04-20 00:00:00-04:00,HEALTHCARE/MEDDEVICESGEN :: ABT-AMCX-AOMR,20,21,-0.1900631000742543,66,66,0.36245906529126,0.4090909090909091,-0.0481200095715468,-0.0265845424471679,0.0386219575751146,0.0701540056086685,-0.036992363449411,-0.003798692501653,L023,8,57.0,0.1578947368421052,Decay
2026-04-20 00:00:00-04:00,UNKNOWN/UNKNOWN :: ASC-BWLP-CMBT,21,22,-0.1982523610956876,29,29,0.4344558347449142,0.6551724137931034,-0.2010682587161596,0.0218139214672209,0.0267962191540135,0.1236693103722974,-0.0488181018705121,0.0029175752226563,L018,8,28.0,0.0357142857142857,Decay
2026-04-20 00:00:00-04:00,TECH/SOFTW :: ABUS-ACIW-ACN,22,23,-0.3232463867678643,209,209,0.4386802846792064,0.722488038277512,-0.2635197183357448,0.0374878567353278,0.0278760114569751,0.0342060835608105,-0.0477383095675505,0.0135335188244683,L019,8,244.0,-0.1434426229508196,Decay
2026-04-20 00:00:00-04:00,FINANCIAL/INSURANCE :: ACGL-ACIC-ACT,23,24,-0.3504718890892127,102,102,0.2869006528698774,0.3529411764705882,-0.1303773612834824,0.010746418179598,0.0226335580209134,0.0585238484027543,-0.0529807630036122,-0.0033184008736695,L016,8,104.0,-0.0192307692307692,Decay
2026-04-20 00:00:00-04:00,UTIL/ENERGYUTIL :: ACI-AEE-AEP,24,25,-0.4906156901143518,113,113,0.2521992234694967,0.3274336283185841,-0.1088395905145509,0.0093593074701241,-0.0015692549781857,0.0463543373064045,-0.0771835760027114,-0.0008244694950893,L010,8,103.0,0.0970873786407767,Decay
2026-04-20 00:00:00-04:00,CONSUMERSVCE/MEDIAPUB :: AAUC-AES-APGE,25,26,-0.5463287320762662,47,47,0.0569529161408704,0.4468085106382978,-0.2278875036839762,0.0018447739475707,0.0027444719993661,0.0353911454154361,-0.0728698490251595,-0.0027143718774369,L049,1,,0.0,Emergence
2026-04-20 00:00:00-04:00,ENERGY/OILGASINTEG :: AA-ACDC-ADM,26,27,-0.8898362111093439,209,209,0.4344481644037106,0.6507177033492823,-0.4126011647597559,-0.0137909531295733,-0.0538356225596273,-0.0100679983242765,-0.1294499435841529,0.0079789321915764,L022,8,213.0,-0.0187793427230046,Decay
2026-04-21 00:00:00-04:00,HEALTHCARE/HCARESUPPORT :: ACRE-ADAM-AGNC,0,1,1.319592450536338,82,82,0.3648632880522537,0.6707317073170732,1.4790762472126104,0.0645513635695329,0.133564864110469,0.1618540242846116,0.0654885297082537,0.0355056783870523,L050,1,,0.0,Emergence
2026-04-21 00:00:00-04:00,TECH/SEMIMFR :: ADMA-AHCO-ALAB,1,2,0.8910884141337068,48,48,0.3105460780733706,0.3125,0.1011399229608281,0.0084204312249873,0.1963079997251299,0.1977185896814094,0.1282316653229146,-0.010523775188264,L051,1,,0.0,Emergence
2026-04-21 00:00:00-04:00,TECH/TRAINTRUCK :: AAOI-ADTN-ALOY,2,3,0.8445763952548464,41,41,0.2823003508372888,0.2682926829268293,-0.0595793306217332,-0.0022260232094262,0.1974818385134108,0.2265922141951778,0.1294055041111955,-0.016847351943295,L043,2,67.0,-0.3880597014925373,Emergence
2026-04-21 00:00:00-04:00,MATERIALS/ORE :: ABAT-ABX-ACLS,3,4,0.7809976746319491,104,105,0.3099422808435604,0.2307692307692307,0.1619525501369573,0.0362338022266747,0.1702755182811963,0.2076465229178343,0.102199183878981,-0.0210317501754211,L052,1,,0.0,Emergence
2026-04-21 00:00:00-04:00,INDUSTRIAL/FINSPECIAL :: ABCL-ABR-ABSI,4,5,0.6318648645707549,196,196,0.3941948963708561,0.2142857142857142,0.1358860036032904,0.0114025218375637,0.1687781905596461,0.1259740710606693,0.1007018561574308,-0.0207990020525761,L038,4,192.0,0.0208333333333333,Maturity
2026-04-21 00:00:00-04:00,INDUSTRIAL/TRAINTRUCK :: ACHV-AEHR-ALB,5,6,0.4667584341265011,103,103,0.3754508000400435,0.2815533980582524,-0.0046237657984499,0.0006585721472498,0.1369736918010199,0.1718891488067579,0.0688973573988045,-0.0144568743020653,L036,4,105.0,-0.019047619047619,Maturity
2026-04-21 00:00:00-04:00,INDUSTRIAL/MACHINE :: AAON-AAP-AEIS,6,7,0.4361561469835156,228,228,0.5233080722639938,0.4210526315789473,-0.0468922265556995,0.0328854511059031,0.128588777208073,0.1650789643083554,0.0605124428058576,-0.0036327929703817,L047,2,183.0,0.2459016393442623,Emergence
2026-04-21 00:00:00-04:00,CYCLICALS/VEHICLE :: ACOG-ADEA-ADNT,7,8,0.3090205412103641,115,115,0.3960647745146551,0.217391304347826,-0.0641518411664852,0.0536014986011541,0.1242804803567608,0.1445777959117059,0.0562041459545454,-0.0175613882193462,L044,2,112.0,0.0267857142857142,Emergence
2026-04-21 00:00:00-04:00,HEALTHCARE/MEDDEVICESGEN :: A-ABEO-ADPT,8,9,0.1752077801360774,100,100,0.433498628469093,0.22,0.4751232879424989,0.011927756239292,0.0662586764931325,0.0752811435532451,-0.0018176579090828,-0.015343455963175,L017,9,86.0,0.1627906976744186,Expansion
2026-04-21 00:00:00-04:00,MATERIALS/ORE :: AEM-AG-AGI,9,10,0.1730406396692177,77,77,0.5911021451399675,0.0259740259740259,0.6090498037407808,-0.0316266138721302,0.0331888457182112,0.1485362051243443,-0.0348874886840041,-0.0568589021104939,L027,7,90.0,-0.1444444444444444,Maturity
2026-04-21 00:00:00-04:00,FINANCIAL/INVESTSVCE :: AAMI-ABNB-ACEL,10,11,0.144064299814778,186,186,0.4864926309998157,0.2365591397849462,-0.1924837179459798,0.0221722834497298,0.1164285451021165,0.103222462847577,0.0483522106999012,-0.0123161735705621,L012,9,127.0,0.4645669291338583,Expansion
2026-04-21 00:00:00-04:00,INDUSTRIAL/AERODEF :: ACA-ADI-AEBI,11,12,0.0927305546028393,95,95,0.5223501690088328,0.1052631578947368,0.4252247711218183,0.0001985541152346,0.0597254349457348,0.0695491104549975,-0.0083508994564805,-0.0276755367430538,L053,1,,0.0,Emergence
2026-04-21 00:00:00-04:00,MATERIALS/HOSPITALITY :: ABG-ABM-ACCO,12,13,0.0871611370861954,190,190,0.5774004797317434,0.2631578947368421,-0.0725926164139347,0.0377049428247462,0.0944940837817791,0.0908483428766235,0.0264177493795638,-0.010209667559477,L014,9,158.0,0.2025316455696202,Expansion
2026-04-21 00:00:00-04:00,FINANCIAL/BANKSINTL :: ABEV-ACMR-ACU,13,14,0.0244936757111046,197,197,0.5512584075843336,0.1218274111675127,-0.0923313060427845,0.0098569337381613,0.0916832630883423,0.0883336990920181,0.0236069286861269,-0.0204477089431474,L013,9,177.0,0.1129943502824858,Expansion
2026-04-21 00:00:00-04:00,HEALTHCARE/BIOPHARMAOTHER :: ABBV-ACAD-ACET,14,15,-0.008906272733979,182,182,0.2507768684107126,0.1373626373626373,0.181511996117428,-0.0064176507253847,0.0579351750910131,0.1151670244140425,-0.0101411593112021,-0.0272885513502195,L006,9,149.0,0.2214765100671141,Decay
2026-04-21 00:00:00-04:00,FINANCIAL/BANKSINTL :: AHRT-ARE-BDN,15,16,-0.0135636946490418,38,38,0.4524867550609782,0.0789473684210526,-0.3231194125793583,0.0232431580493696,0.1058534026224171,0.1084945352255917,0.0377770682202017,-0.0190580094187283,L054,1,,0.0,Emergence
2026-04-21 00:00:00-04:00,MATERIALS/MATCONSTR :: APLE-CLDT-CRH,16,17,-0.0459772132234042,19,19,0.6863016278523681,0.0,-0.4272338237756415,0.0189927216342937,0.1061982933878139,0.1105299568730765,0.0381219589855986,-0.0161839915244565,L005,9,20.0,-0.05,Decay
2026-04-21 00:00:00-04:00,FINANCIAL/BANKSUSA :: ABCB-ALRS-AMAL,17,18,-0.0999062177991043,272,272,0.5013646670445646,0.1286764705882352,0.3001225680408471,0.0073038869548106,0.0344422362475783,0.0777411447930354,-0.0336340981546369,-0.0145623007833012,L004,9,259.0,0.0501930501930501,Decay
2026-04-21 00:00:00-04:00,FINANCIAL/INSURANCE :: ACGL-ACIC-ACT,18,19,-0.2657971593648134,103,103,0.2801218830027193,0.3786407766990291,0.3470807149844153,-0.0019594464649187,0.0100868852624243,0.0331809641571386,-0.0579894491397909,-0.0064183921938448,L016,9,102.0,0.0098039215686274,Decay
2026-04-21 00:00:00-04:00,TELECOM/TELECOMGEN :: AAL-ACNB-AGIO,19,20,-0.2946995858251821,53,55,0.3332190311956887,0.1698113207547169,0.1454969201350016,-0.0474140152479365,0.0254484195206086,0.0515481680959441,-0.0426279148816066,-0.0253953574765332,L046,2,80.0,-0.3375,Emergence
2026-04-21 00:00:00-04:00,UNKNOWN/UNKNOWN :: ANNX-ASC-BWLP,20,21,-0.2952685488040905,32,32,0.3862461017277929,0.03125,0.2653977173185858,-0.0069253119005851,0.014728857357893,0.0591409258458178,-0.0533474770443223,-0.0295774151132451,L018,9,29.0,0.1034482758620689,Decay
2026-04-21 00:00:00-04:00,TECH/SOFTW :: ACIW-ACN-ACVA,21,22,-0.3410284506577874,270,270,0.4522592864346489,0.4740740740740741,-0.2621518374964211,0.0216034024649812,0.0490596352829968,0.032301017867255,-0.0190166991192184,-0.0019542792253047,L019,9,209.0,0.291866028708134,Decay
2026-04-21 00:00:00-04:00,TECH/COMMEQUIP :: AAPL-ABT-ARCC,22,23,-0.4535682578688632,65,65,0.371033799900481,0.0769230769230769,-0.0189774323016188,-0.0035014048623694,0.0231906482232924,0.0254172955922439,-0.0448856861789229,-0.0189212890152106,L023,9,66.0,-0.0151515151515151,Decay
2026-04-21 00:00:00-04:00,FINANCIAL/REIT :: AAT-AAUC-ADC,23,24,-0.473490809030675,115,115,0.2943428607013261,0.1391304347826087,-0.2007433572169049,0.0004250000202728,0.0312914409763204,0.045831641804897,-0.0367848934258948,-0.0125801170949309,L015,9,94.0,0.2234042553191489,Decay
2026-04-21 00:00:00-04:00,UTIL/ENERGYUTIL :: ACI-AEE-AEP,24,25,-0.6192102604506998,118,118,0.2429018607286728,0.1271186440677966,0.09533884413251,-0.0106955094842389,-0.0142122799519198,0.0176663229675412,-0.0822886143541351,-0.0120821912234668,L010,9,113.0,0.0442477876106194,Decay
2026-04-21 00:00:00-04:00,ENERGY/OILGASINTEG :: AA-ACDC-ADM,25,26,-0.6288537922038517,207,207,0.4332767309927994,0.748792270531401,0.1050394094136427,-0.0077873165289147,-0.0432493543549796,0.0129683570665848,-0.111325688757195,0.0204453586463054,L022,9,209.0,-0.0095693779904306,Decay
2026-04-22 00:00:00-04:00,UTIL/ENERGYUTIL :: ADUR-AGL-AGPU,0,1,1.5070283147297396,147,147,0.3138150603894825,0.8707482993197279,1.0958694271980316,0.0685439972670221,0.161033400676409,0.2179206976535845,0.1087607830007767,0.0665502245666649,L055,1,,0.0,Emergence
2026-04-22 00:00:00-04:00,TECH/SEMIMFR :: ABX-ACLS-ADI,1,2,1.1706998916944291,61,61,0.2783319980254646,0.4590163934426229,0.1664322619615231,0.0809623612863397,0.187420298531911,0.2618421152001816,0.1351476808562787,-0.0008643440747523,L052,2,104.0,-0.4134615384615384,Emergence
2026-04-22 00:00:00-04:00,CONSUMERSVCE/HOSPITALITY :: ABAT-ABCL-ABNB,2,3,0.7725471760307523,189,190,0.3879015625392925,0.7407407407407407,0.1342497117356804,0.0062549417230453,0.1404090043252504,0.144834093590923,0.0881363866496181,0.020500010274286,L038,5,196.0,-0.0357142857142857,Maturity
2026-04-22 00:00:00-04:00,INDUSTRIAL/TRAINTRUCK :: ACHV-AEHR-AMD,3,4,0.6744495458023452,74,74,0.3258787268655678,0.4459459459459459,0.1274874084211565,-0.0004713704114211,0.1212835005140655,0.2060519501648798,0.0690108828384332,0.0021231089211947,L036,5,103.0,-0.2815533980582524,Maturity
2026-04-22 00:00:00-04:00,TECH/INTERNET :: AAPL-ABT-ACET,4,5,0.6357161751370695,119,119,0.2908143807637747,0.7899159663865546,-0.0850560981549435,-0.0010686726291886,0.1279779655831317,0.1821912787894302,0.0757053479074994,0.027173750458003,L056,1,,0.0,Emergence
2026-04-22 00:00:00-04:00,HEALTHCARE/HCARESUPPORT :: ACRE-ADAM-AGNC,5,6,0.5095040728043401,85,85,0.319680485646395,0.6,0.3724860938932353,0.0368179402190117,0.0845057141128852,0.1394673656568645,0.0322330964372529,0.0043383247876675,L050,2,82.0,0.0365853658536585,Emergence
2026-04-22 00:00:00-04:00,FINANCIAL/INVESTSVCE :: AAMI-ACEL-ACM,6,7,0.3670897359965889,102,102,0.3894385948544024,0.6372549019607843,0.0148423303921017,0.0031761918589471,0.0911296290578993,0.1266376148005671,0.0388570113822671,0.0036010022313697,L012,10,186.0,-0.4516129032258064,Maturity
2026-04-22 00:00:00-04:00,TECH/SEMIMFR :: ABEV-ADTN-ALOY,7,8,0.3383874786924796,82,82,0.1922786035809574,0.4756097560975609,-0.2351801200658011,-0.0118630788483471,0.1082748450019991,0.1654766424646581,0.0560022273263668,-0.003301819023906,L043,3,41.0,1.0,Expansion
2026-04-22 00:00:00-04:00,TECH/BIOPHARMANONSYS :: ABUS-ADMA-AHCO,8,9,0.3206239549880295,122,122,0.2350026475635095,0.6229508196721312,-0.1126663946186595,-0.0135245508040018,0.087313886643297,0.1728947552763061,0.0350412689676647,0.008467828238099,L006,10,182.0,-0.3296703296703296,Maturity
2026-04-22 00:00:00-04:00,INDUSTRIAL/MACHINE :: AAOI-AAON-AEBI,9,10,0.2846886205589781,197,197,0.346456135496045,0.5482233502538071,0.1781977582981942,0.004838860365988,0.0657666343348281,0.1349830933415179,0.0134940166591958,0.004290066166239,L047,3,228.0,-0.1359649122807017,Maturity
2026-04-22 00:00:00-04:00,UNKNOWN/UNKNOWN :: ARE-BDN-BXP,10,11,0.1388162618491425,19,19,0.4862501426446973,0.2105263157894736,-0.2093997591325393,-0.0047184399222385,0.0887374091492168,0.1066737693021074,0.0364647914735845,-0.0084876601043237,L054,2,38.0,-0.5,Emergence
2026-04-22 00:00:00-04:00,FINANCIAL/BANKSINTL :: AAL-ACMR-ADNT,11,12,0.1138016286328117,206,206,0.3929590410211757,0.4174757281553398,0.0171406359602554,-0.0219222316853523,0.0598488761315446,0.1115515289373437,0.0075762584559124,-0.0015378277385855,L013,10,197.0,0.0456852791878172,Maturity
2026-04-22 00:00:00-04:00,FINANCIAL/INSURANCE :: ACGL-ACI-ACT,12,13,0.1049302374243255,117,117,0.2706220654147713,0.2307692307692307,1.0352975641497129,-0.0219384992293994,-0.0011622018987648,0.0417872564512576,-0.0534348195743971,-0.0189982759037528,L016,10,103.0,0.1359223300970873,Expansion
2026-04-22 00:00:00-04:00,MATERIALS/ORE :: AEM-AG-AGI,13,14,0.069386654332131,96,96,0.5073551211027651,0.8229166666666666,-0.2209672150800159,-0.0390308650712909,0.0396275268972857,0.1805330295517771,-0.0126450907783465,0.0223305122325657,L027,8,77.0,0.2467532467532467,Expansion
2026-04-22 00:00:00-04:00,TECH/SOFTW :: ACIC-ACIW-ACN,14,15,-0.0439029113679349,292,292,0.4112972960434938,0.6027397260273972,-0.2153197619362604,0.0126610184207899,0.0571912507826598,0.0680579854003815,0.0049186331070275,0.0025672092561802,L019,10,270.0,0.0814814814814814,Decay
2026-04-22 00:00:00-04:00,HEALTHCARE/HCAREMISC :: A-ABEO-ADPT,15,16,-0.0992541045902143,93,93,0.3618653946742409,0.5376344086021505,-0.0853535661759863,-0.0180649092864791,0.0362919510430789,0.0854746979408856,-0.0159806666325532,0.0013708413437178,L017,10,100.0,-0.07,Decay
2026-04-22 00:00:00-04:00,MATERIALS/MATCONSTR :: ABG-ABM-ACCO,16,17,-0.1240280815017709,185,185,0.3781774710405757,0.4054054054054054,-0.1085801199292795,-0.0068599441514345,0.0399710868577486,0.0777787653133647,-0.0123015308178836,-0.0030264895867785,L014,10,190.0,-0.0263157894736842,Decay
2026-04-22 00:00:00-04:00,CONSUMERSVCE/MEDIAPUB :: ABR-AOMR-ARCC,17,18,-0.1757373027837402,53,53,0.4616222736149569,0.7735849056603774,-0.6164147915797382,-0.0128249626666921,0.0581977025434266,0.0846049420611858,0.0059250848677943,0.0102805292516739,L023,10,65.0,-0.1846153846153846,Decay
2026-04-22 00:00:00-04:00,INDUSTRIAL/TRAINTRUCK :: APLE-BYD-CLDT,18,19,-0.1846226590763677,24,24,0.5174772662780406,0.0,-0.066765195044521,-0.0216339903677271,0.0348975097567495,0.0839658642845601,-0.0173751079188827,-0.0160142635247856,L005,10,19.0,0.2631578947368421,Decay
2026-04-22 00:00:00-04:00,UNKNOWN/UNKNOWN :: ASC-BWLP-CMBT,19,20,-0.1903080514603365,27,27,0.5032841013263392,0.6296296296296297,0.4397019146389219,-0.0203470085948866,-0.0125470196649396,0.0153176388257522,-0.0648196373405719,0.0052825007983083,L018,10,32.0,-0.15625,Decay
2026-04-22 00:00:00-04:00,INDUSTRIAL/AERODEF :: ACA-AIN-AIR,20,21,-0.2147920346426103,57,57,0.2841018739994403,0.2456140350877192,0.922295043530687,-0.0496172834605855,-0.0380469860485325,0.0113151830661025,-0.0903196037241647,-0.0151644317920019,L053,2,95.0,-0.4,Emergence
2026-04-22 00:00:00-04:00,FINANCIAL/REIT :: AAT-ADC-AHR,21,22,-0.2269503410629302,75,75,0.3917871422055321,0.0933333333333333,0.0858629396857042,-0.0248083926938775,0.0208113036604976,0.0602586219199359,-0.0314613140151346,-0.0120985380836412,L015,10,115.0,-0.3478260869565217,Decay
2026-04-22 00:00:00-04:00,FINANCIAL/BANKSUSA :: ABCB-ACHC-ALRS,22,23,-0.263308508856051,242,242,0.359758529745484,0.4173553719008264,0.0644320211975696,-0.0169213290035597,0.0043045627822471,0.0700661538556776,-0.047968054893385,-0.0001395913978252,L004,10,272.0,-0.1102941176470588,Decay
2026-04-22 00:00:00-04:00,HEALTHCARE/BIOPHARMAOTHER :: ABBV-ACAD-AD,23,24,-0.379758951972748,147,147,0.2066371842957528,0.4421768707482993,0.0983438627025138,-0.0353446700029344,-0.006816044478822,0.0368007506745522,-0.0590886621544543,-0.0007972307084067,L057,1,,0.0,Emergence
2026-04-22 00:00:00-04:00,ENERGY/OILGASINTEG :: AA-ACDC-ADM,24,25,-0.4793630398359055,194,194,0.4144323875457323,0.8092783505154639,-0.2744971463756183,0.0499453893982364,0.0001372668297588,-0.0022052792743273,-0.0521353508458734,0.0171792818091004,L022,10,207.0,-0.0628019323671497,Decay
2026-04-22 00:00:00-04:00,UTIL/ENERGYUTIL :: AAUC-AEE-AEP,25,26,-0.6083460493079865,98,98,0.2414677932981913,0.3061224489795918,-0.0470439669688866,-0.0139509960919405,-0.0243552787427052,0.018440647714849,-0.0766278964183375,-0.0015516169988746,L010,10,118.0,-0.1694915254237288,Decay
2026-04-23 00:00:00-04:00,TECH/SEMIMFR :: ACB-ADI-ADTN,0,1,1.6599236329899043,112,112,0.3636813344200202,0.8392857142857143,3.7004373289127153,0.0478465303872753,0.113779998290181,0.1618020612558845,0.0717572475740029,0.0538648756664706,L058,1,,0.0,Emergence
2026-04-23 00:00:00-04:00,TECH/SEMIEQUIPSVCE :: ABX-ACLS-ANAB,1,2,1.298479874655979,53,53,0.3040063516349213,0.3396226415094339,0.2937985672020363,-0.0204652522685352,0.1866068768994483,0.2467758864805114,0.1445841261832703,-0.0123993238183019,L052,3,61.0,-0.1311475409836065,Maturity
2026-04-23 00:00:00-04:00,TECH/SEMIMFR :: AHCO-ALMU-ALOY,2,3,0.8354952199768337,60,60,0.1748608751404469,0.2333333333333333,-0.2612597358557921,-0.0196203541383567,0.1535463567824589,0.1943863731993828,0.1115236060662808,-0.0182072343715894,L059,1,,0.0,Emergence
2026-04-23 00:00:00-04:00,TECH/SEMIEQUIPSVCE :: AAOI-ACA-AEIS,3,4,0.6588893491257004,107,107,0.3715065311450309,0.7383177570093458,-0.124348378243069,0.0238867760090542,0.1009713498083111,0.1846952415232658,0.0589485990921331,0.0115485432052035,L047,4,197.0,-0.4568527918781725,Confirmation
2026-04-23 00:00:00-04:00,HEALTHCARE/MEDDEVICESGEN :: AGL-AGPU-AIP,4,5,0.6504159125347012,88,88,0.3171758837990206,0.4090909090909091,0.2645481246236628,0.0497215689861369,0.0989738771924747,0.173431199047233,0.0569511264762966,-0.0066480072642964,L055,2,147.0,-0.4013605442176871,Emergence
2026-04-23 00:00:00-04:00,INDUSTRIAL/CHEMSPECIAL :: ABM-ACHV-AEHR,5,6,0.5042308183862201,78,78,0.3346802446444391,0.5641025641025641,-0.204056806207354,-0.0116688123028619,0.0905433938325715,0.1652965041242241,0.0485206431163934,0.0002486904796696,L036,6,74.0,0.054054054054054,Maturity
2026-04-23 00:00:00-04:00,TECH/INTERNET :: ABT-ACET-ADUR,6,7,0.4082297299243084,124,124,0.3059936685600394,0.25,-0.2938217950306045,-0.0163891323940514,0.0969248678760043,0.1354575813963305,0.0549021171598262,-0.0180173160523132,L056,2,119.0,0.042016806722689,Emergence
2026-04-23 00:00:00-04:00,CONSUMERSVCE/HOSPITALITY :: ABAT-ABEO-ABNB,7,8,0.401261300874745,227,227,0.3454977641300675,0.1497797356828193,-0.3204476176793891,-0.0267532297782642,0.109528837161142,0.0940382904840334,0.0675060864449639,-0.0359148904216519,L038,6,189.0,0.201058201058201,Expansion
2026-04-23 00:00:00-04:00,TECH/HCARESUPPORT :: ACRE-ADAM-AEBI,8,9,0.2453994115334639,90,90,0.2642230734662746,0.2666666666666666,0.0969274992059444,0.0182565606309908,0.0610659620004082,0.1138008336418963,0.0190432112842302,-0.0077921884016697,L050,3,85.0,0.0588235294117647,Maturity
2026-04-23 00:00:00-04:00,FINANCIAL/INVESTSVCE :: AAMI-ACCO-ADT,9,10,0.2072803445882398,123,123,0.3845240229982871,0.1138211382113821,-0.1791431127523034,-0.0310700661170226,0.0696185016284138,0.1068260145774171,0.0275957509122357,-0.0204255670920583,L012,11,102.0,0.2058823529411764,Expansion
2026-04-23 00:00:00-04:00,FINANCIAL/REIT :: AAT-ADC-AHR,10,11,0.1636281862233201,85,85,0.3860424250898654,0.7647058823529411,0.10786782175618,-0.0171051937103776,0.0369708955759039,0.0796367380363286,-0.0050518551402741,0.0088985511677132,L015,11,75.0,0.1333333333333333,Expansion
2026-04-23 00:00:00-04:00,HEALTHCARE/HCAREMISC :: A-ABR-ACU,11,12,0.0179262776347926,109,109,0.377898824857191,0.073394495412844,1.5441966727880123,-0.0684234788556311,-0.0105583567451905,0.0383359609133319,-0.0525811074613686,-0.0575230628869692,L060,1,,0.0,Emergence
2026-04-23 00:00:00-04:00,TECH/SOFTW :: ABUS-ACIW-ACN,12,13,-0.0159103944568263,306,306,0.4729666775023715,0.0424836601307189,-0.0535605563325568,-0.0448684635553151,0.0480646237226214,0.029943752490113,0.0060418730064433,-0.044640182640866,L019,11,292.0,0.047945205479452,Decay
2026-04-23 00:00:00-04:00,FINANCIAL/BANKSINTL :: AAL-ABEV-ACAD,13,14,-0.0286889397157441,213,213,0.3745832318674335,0.2769953051643192,-0.3485471988406845,-0.0316134489520307,0.0377581679894642,0.0886644355939366,-0.0042645827267138,-0.0102998716510997,L013,11,206.0,0.0339805825242718,Decay
2026-04-23 00:00:00-04:00,INDUSTRIAL/MACHINE :: AAON-ABG-AGCO,14,15,-0.0538322128949312,222,222,0.3934745462943656,0.7027027027027027,-0.2041601917635608,-0.0066957862003072,0.0192228387842809,0.0669576603102536,-0.022799911931897,0.0064470936800325,L014,11,185.0,0.2,Decay
2026-04-23 00:00:00-04:00,TECH/COMMEQUIP :: AAPL-ABCL-AGM,15,16,-0.1102021773586079,59,59,0.4215848963169041,0.0847457627118644,-0.210008048266592,-0.0332873677685074,0.0344456349658194,0.0477584339568333,-0.0075771157503586,-0.0229119486493242,L023,11,53.0,0.1132075471698113,Decay
2026-04-23 00:00:00-04:00,FINANCIAL/BANKSUSA :: ABCB-ACIC-ALRS,16,17,-0.1254385405268481,210,210,0.3710649793414351,0.7428571428571429,0.0879480875270766,-0.0077223613927332,-0.0061855526408577,0.0730261395346491,-0.0482083033570358,0.008075203890995,L004,11,242.0,-0.1322314049586777,Decay
2026-04-23 00:00:00-04:00,FINANCIAL/INSURANCE :: ACGL-ACM-ACT,17,18,-0.1574305321118366,108,108,0.2876111553346874,0.7037037037037037,0.2121793247658896,-0.0224005942357029,-0.0045680676193686,0.0394841076860093,-0.0465908183355466,0.0049162724082906,L016,11,117.0,-0.0769230769230769,Decay
2026-04-23 00:00:00-04:00,FINANCIAL/BANKSINTL :: AMCR-APLE-BDX,18,19,-0.1732262367998905,29,29,0.4848768901589421,0.6551724137931034,-0.578423549576126,-0.0276160123717507,0.0136972763826582,0.0685246730740284,-0.0283254743335198,0.0039224731020599,L005,11,24.0,0.2083333333333333,Decay
2026-04-23 00:00:00-04:00,MATERIALS/ORE :: AEM-AG-AGI,19,20,-0.1950088115227794,109,109,0.4609987607100633,0.110091743119266,-0.1922299575811039,-0.056858827902195,0.0055204762660603,0.0985818714934483,-0.0365022744501177,-0.0229699850436481,L027,9,96.0,0.1354166666666666,Decay
2026-04-23 00:00:00-04:00,ENERGY/OILGASINTEG :: AA-ACDC-ADM,20,21,-0.2053315137851169,191,191,0.4092913823515895,0.6596858638743456,-0.3152523415533923,0.0447817541814943,0.0177952647139358,-0.0032796463121622,-0.0242274860022422,0.0065385633389263,L022,11,194.0,-0.0154639175257731,Decay
2026-04-23 00:00:00-04:00,UNKNOWN/UNKNOWN :: ASC-BWAY-BWLP,21,22,-0.2590260803730455,33,33,0.4014854798537303,0.5454545454545454,-0.7212414606011239,-0.0224789116532558,0.0157382755274097,0.0498975398505793,-0.0262844751887683,0.0008351020435088,L018,11,27.0,0.2222222222222222,Decay
2026-04-23 00:00:00-04:00,UTIL/ENERGYUTIL :: ACI-AEE-AEP,22,23,-0.2717637460951028,133,133,0.2989206463814039,0.9398496240601504,-0.0495199305773799,0.0048929425073481,-0.0189158768149828,0.0329233533676116,-0.0609386275311609,0.0175797906001803,L010,11,98.0,0.3571428571428571,Decay
2026-04-23 00:00:00-04:00,TECH/SOFTW :: AAUC-AES-BBCQ,23,24,-0.3123775462505217,31,31,0.016163007627923,0.4516129032258064,-0.033094597108273,-0.00414111137315,-0.0020207800059499,0.026990669677126,-0.0440435307221279,-0.0015842135579752,L061,1,,0.0,Emergence
2026-04-23 00:00:00-04:00,HEALTHCARE/BIOPHARMAOTHER :: ABBV-AD-ALNY,24,25,-0.3196148797643464,135,135,0.2806169731940032,0.2,-0.1192573483881383,-0.037014476295776,-0.0043057396052095,0.0518920249868338,-0.0463284903213876,-0.0161514167435225,L006,11,122.0,0.1065573770491803,Decay
2026-04-23 00:00:00-04:00,INDUSTRIAL/AERODEF :: AIN-AIR-ALK,25,26,-0.4721584816644493,65,65,0.2868130092947376,0.6,-0.0608149722188735,-0.0429201196421899,-0.0326413945476017,0.0053692543329163,-0.0746641452637798,0.0006103163853609,L053,3,57.0,0.1403508771929824,Decay
2026-04-23 00:00:00-04:00,FINANCIAL/BANKSINTL :: BBAR-BMA-CEPU,26,27,-0.6582240001753519,15,15,0.3634399634071467,0.0666666666666666,-0.409742178364635,-0.0605465433552035,-0.0315944041523109,-0.0022101104503706,-0.073617154868489,-0.0354251504150147,L062,1,,0.0,Emergence
2026-04-24 00:00:00-04:00,TECH/SEMIEQUIPSVCE :: AAOI-ACMR-ADUS,0,1,1.7891235493065956,122,122,0.3313449939999535,0.9262295081967212,1.5237047006031934,0.0759132851879722,0.1601272948632215,0.300559502918024,0.1091366977485148,0.0642092572644427,L047,5,107.0,0.1401869158878504,Expansion
2026-04-24 00:00:00-04:00,TECH/SEMIMFR :: ABCL-ADI-AFYA,1,2,0.9758259250839244,100,100,0.3704185092711597,0.48,0.6638060042101295,0.0659731782690348,0.1232498257061726,0.1924385665167527,0.0722592285914659,0.0011869400707536,L058,2,112.0,-0.1071428571428571,Emergence
2026-04-24 00:00:00-04:00,TECH/SEMIEQUIPSVCE :: ABX-ANAB-ARCO,2,3,0.9559568918723064,52,52,0.279656463028039,0.5384615384615384,-0.0201337658042618,-0.0168204370252239,0.1581424630103967,0.2404985143701261,0.1071518658956899,-0.0002543052768755,L052,4,53.0,-0.0188679245283018,Maturity
2026-04-24 00:00:00-04:00,TECH/INTERNET :: AGEN-AHCO-ALAB,3,4,0.7076449612746634,39,39,0.2910954752741579,0.6410256410256411,-0.0825928535699297,0.0055102633524609,0.1361604536624226,0.1560055869536334,0.0851698565477159,0.0085068594938651,L059,2,60.0,-0.35,Emergence
2026-04-24 00:00:00-04:00,TECH/HOSPITALITY :: ABNB-ABSI-ACVA,4,5,0.6176037686359876,167,167,0.4146407529554941,0.7065868263473054,-0.3619302939214707,-0.0043285318669717,0.1399084406313122,0.1369366784294076,0.0889178435166055,0.0161303804868926,L038,7,227.0,-0.2643171806167401,Maturity
2026-04-24 00:00:00-04:00,HEALTHCARE/MEDDEVICESGEN :: AAP-AGPU-AMRX,5,6,0.5356318522517209,79,79,0.3139473165915762,0.5316455696202531,-0.1178345522192446,0.0664510382514541,0.1069171288425475,0.1832220866935831,0.0559265317278408,0.0037140470511988,L055,3,88.0,-0.1022727272727272,Maturity
2026-04-24 00:00:00-04:00,TECH/INTERNET :: ABAT-ACB-ACLS,6,7,0.5143595570860958,156,157,0.3677775661232353,0.3141025641025641,-0.2293039595732447,0.0042915836894477,0.1152391650837591,0.1920536889964697,0.0642485679690524,-0.0123013965736736,L063,1,,0.0,Emergence
2026-04-24 00:00:00-04:00,INDUSTRIAL/DELIVERY :: ACHV-AEHR-ALB,7,8,0.4213643140468773,75,75,0.3157666912611442,0.4266666666666667,-0.2024347006789277,-0.0020744232751255,0.0965078401362697,0.1867053231687858,0.045517243021563,0.0017694478977946,L036,7,78.0,-0.0384615384615384,Maturity
2026-04-24 00:00:00-04:00,CYCLICALS/AUTORETAIL :: AMCX-AMX-ARDT,8,9,0.3655480599913855,76,76,0.2448957007573327,0.2368421052631578,1.1601264689381576,-0.0049539516940204,0.0275365198058409,0.0562668717923412,-0.0234540773088658,-0.0306156001927081,L064,1,,0.0,Emergence
2026-04-24 00:00:00-04:00,TECH/SOFTW :: ACIW-ADBE-ADP,9,10,0.3499056906597882,274,275,0.4827670938890508,0.7262773722627737,-0.139720931231907,-0.0271360108828482,0.0984615309792667,0.0405198796312273,0.04747093386456,0.0158309186840662,L019,12,306.0,-0.1045751633986928,Maturity
2026-04-24 00:00:00-04:00,TECH/INVESTSVCE :: ABT-ACET-AMZN,10,11,0.3346481770144436,78,78,0.2595120037311478,0.6153846153846154,-0.2265592789568662,0.0111850486092114,0.0832464279822187,0.1668303832770293,0.032255830867512,0.0111716147845895,L056,3,124.0,-0.3709677419354839,Maturity
2026-04-24 00:00:00-04:00,FINANCIAL/INVESTSVCE :: ACM-AEBI-ALGN,11,12,0.1429432173913858,117,117,0.3791431383259376,0.4957264957264957,-0.1058346984377015,-0.0205497792518267,0.0580922811772754,0.1018190831871307,0.0071016840625686,-0.001073435263862,L012,12,123.0,-0.048780487804878,Maturity
2026-04-24 00:00:00-04:00,MATERIALS/HOMEIMPROVE :: ABG-ABM-ACCO,12,13,-0.0009983928261397,181,181,0.3682858895968855,0.5359116022099447,-0.3463300446365919,0.0009892528978703,0.0508634065621032,0.0981101233302699,-0.0001271905526034,0.0010838162130007,L014,12,222.0,-0.1846846846846846,Decay
2026-04-24 00:00:00-04:00,FINANCIAL/BANKSINTL :: AAL-ABEV-ADEA,13,14,-0.0232372322261195,203,203,0.4054616687837615,0.6009852216748769,-0.2105698751016864,-0.0135060499281819,0.0336677635134012,0.1013386973290459,-0.0173228336013054,0.0029936052406646,L013,12,213.0,-0.0469483568075117,Decay
2026-04-24 00:00:00-04:00,TECH/COMMEQUIP :: AAMI-AAPL-AGM,14,15,-0.0351902940745709,52,52,0.4612710861278069,0.6923076923076923,-0.2634644426053733,-0.0087448758808102,0.0387973879956142,0.0662220668254086,-0.0121932091190924,0.0033706616451803,L023,12,59.0,-0.1186440677966101,Decay
2026-04-24 00:00:00-04:00,HEALTHCARE/HCAREMISC :: A-ACN-ACU,15,16,-0.0670438654674149,108,108,0.374039966678837,0.5648148148148148,0.3153059819741186,-0.0583153273144068,0.0041364986407064,0.0422436746775124,-0.0468540984740002,0.0046045658369252,L060,2,109.0,-0.0091743119266055,Emergence
2026-04-24 00:00:00-04:00,FINANCIAL/REIT :: AAT-ADC-AHR,16,17,-0.1089196214706822,102,102,0.3568482345771207,0.5196078431372549,-0.1707863700347433,-0.0021817177893625,0.0258566411918338,0.07708329396758,-0.0251339559228729,0.0018424688749402,L015,12,85.0,0.2,Decay
2026-04-24 00:00:00-04:00,INDUSTRIAL/MACHINE :: AAON-ACA-AGCO,17,18,-0.1219724916670137,164,164,0.3815903159670513,0.4878048780487805,-0.2018452359409982,0.0097377599735288,0.017537848723832,0.1165141009715087,-0.0334527483908747,-0.0004107407879176,L065,1,,0.0,Emergence
2026-04-24 00:00:00-04:00,FINANCIAL/BANKSUSA :: ABCB-ALRS-AMTB,18,19,-0.1267742909354778,203,203,0.3447608323935282,0.2266009852216748,0.3680367277746887,-0.0045143869476127,-0.0029521940768279,0.0664754948053933,-0.0539427911915346,-0.0099568647026688,L004,12,210.0,-0.0333333333333333,Decay
2026-04-24 00:00:00-04:00,UNKNOWN/UNKNOWN :: ASC-BWLP-CMBT,19,20,-0.1717146821332338,31,31,0.4278702495766513,0.8064516129032258,-0.6021049498402287,0.0226445461602985,0.0368253057780947,0.067224967865231,-0.0141652913366119,0.0144183800100642,L018,12,33.0,-0.0606060606060606,Decay
2026-04-24 00:00:00-04:00,UNKNOWN/UNKNOWN :: ABR-ACNB-ACRE,20,21,-0.1796419479899067,57,58,0.3179523982617268,0.6842105263157895,-0.0361983883579987,0.0025925832748073,0.0077171719695782,0.0421536798002814,-0.0432734251451284,0.0025350743007302,L050,4,90.0,-0.3666666666666666,Confirmation
2026-04-24 00:00:00-04:00,FINANCIAL/INSURANCE :: ACGL-ACT-AFG,21,22,-0.2108176334487221,92,92,0.2930164345378316,0.3260869565217391,0.1487957832753,-0.0215640007799754,0.0026923684564074,0.0388734462985244,-0.0482982286582992,-0.0033960482227552,L016,12,108.0,-0.1481481481481481,Decay
2026-04-24 00:00:00-04:00,MATERIALS/ORE :: AEM-AG-AGI,22,23,-0.2700328005245426,96,96,0.4925574543207662,0.6875,-0.4719841269347078,0.0023928751888006,-0.0043970484399256,0.1475058068601944,-0.0553876455546324,0.0079995534705483,L027,10,109.0,-0.1192660550458715,Decay
2026-04-24 00:00:00-04:00,HEALTHCARE/BIOPHARMAOTHER :: ABBV-ABEO-ABUS,23,24,-0.3318269692078455,163,163,0.2809339894195429,0.3190184049079754,-0.1692383024247972,-0.0201725718195833,0.0040130748368145,0.0459682081930491,-0.0469775222778921,-0.0087241006750611,L006,12,135.0,0.2074074074074074,Decay
2026-04-24 00:00:00-04:00,ENERGY/OILGASINTEG :: AA-ACDC-ADM,24,25,-0.4237958807842122,196,196,0.3982351978860567,0.4540816326530612,-0.3794561438164441,0.0213247934082304,0.0102556446485488,-0.0175178278992408,-0.0407349524661578,-0.0006348293547783,L022,12,191.0,0.0261780104712041,Decay
2026-04-24 00:00:00-04:00,UTIL/ENERGYUTIL :: AAUC-ACI-AD,25,26,-0.4756019118021635,153,153,0.2190370042195378,0.3137254901960784,-0.1833531502847546,0.0096607780969518,-0.0128923408548644,0.0261868557857716,-0.0638829379695712,-0.0039380280889955,L010,12,133.0,0.150375939849624,Decay
2026-04-24 00:00:00-04:00,FINANCIAL/BANKSINTL :: BBAR-BMA-CEPU,26,27,-0.9035839785904678,11,11,0.3821549332918527,0.2727272727272727,-0.4656792196293896,-0.0597195304238636,-0.0630628373930745,0.0079378686459616,-0.1140534345077812,-0.0049365822165877,L062,2,15.0,-0.2666666666666666,Emergence
2026-04-27 00:00:00-04:00,TECH/SEMIMFR :: AAOI-ACLS-ADTN,0,1,1.1926140694812115,161,161,0.27029140741089,0.2732919254658385,0.4715598534361668,0.0279362111726592,0.1009549796663716,0.2778115464539251,0.0584629417019908,-0.0241118875418827,L047,6,122.0,0.319672131147541,Expansion
2026-04-27 00:00:00-04:00,TECH/SEMIMFR :: ADI-ALGM-ALMS,1,2,1.1016458904302575,88,88,0.3995309272292859,0.4204545454545454,0.405417842082892,0.0636985315866793,0.1026507990382422,0.2019272907869404,0.0601587610738614,-0.0055413080077578,L058,3,100.0,-0.12,Maturity
2026-04-27 00:00:00-04:00,TECH/SEMIEQUIPSVCE :: ABX-ANAB-ARCO,2,3,1.0780708401836447,45,45,0.2921377218624295,0.3777777777777777,-0.0067291926196797,-0.0218174342326143,0.1314985478320871,0.2929846136670285,0.0890065098677063,-0.0007105511972136,L052,5,52.0,-0.1346153846153846,Maturity
2026-04-27 00:00:00-04:00,INDUSTRIAL/DELIVERY :: ACHV-AEHR-ALB,3,4,0.7858990440561547,72,72,0.3227436150534072,0.4583333333333333,0.1971800588821939,-0.0041152132591222,0.0840118131422512,0.2124579079641017,0.0415197751778704,-0.0010563481740851,L036,8,75.0,-0.04,Maturity
2026-04-27 00:00:00-04:00,HEALTHCARE/MEDDEVICESGEN :: AAP-AGL-AGPU,4,5,0.5608144534224003,80,80,0.2922269358909173,0.4875,-0.1460285593293458,-0.0065572548152439,0.0942799549343689,0.19749013753564,0.0517879169699881,-0.0012522324858161,L055,4,79.0,0.0126582278481012,Maturity
2026-04-27 00:00:00-04:00,HEALTHCARE/HCARESUPPORT :: ADEA-AEBI-ALHC,5,6,0.5299621305814408,65,65,0.2957832402969341,0.5384615384615384,-0.0636515104809906,0.0040315830452583,0.0818277879888491,0.1888741469429349,0.0393357500244683,0.0086746903723814,L066,1,,0.0,Emergence
2026-04-27 00:00:00-04:00,TECH/INTERNET :: ACET-AGEN-AMZN,6,7,0.4063658445062255,77,77,0.3100335404443419,0.4935064935064935,-0.2828819638407893,-0.0137595133791879,0.0833673603824365,0.2322914443881466,0.0408753224180557,-0.0033197687553722,L056,4,78.0,-0.0128205128205128,Maturity
2026-04-27 00:00:00-04:00,TECH/HOSPITALITY :: ABNB-ADT-AEO,7,8,0.3826310376135104,192,193,0.3648368822322338,0.4791666666666667,-0.29117934301662,-0.0223026047735316,0.0896856425341138,0.1756734081212376,0.047193604569733,-0.0002386376944035,L038,8,167.0,0.1497005988023952,Expansion
2026-04-27 00:00:00-04:00,TELECOM/TELECOMGEN :: ABAT-ABCL-ACB,8,9,0.3319791308201205,156,156,0.3628603654381899,0.5192307692307693,-0.2071820225790675,-0.0407450087037968,0.0659378346169609,0.2234610030311986,0.0234457966525801,0.005976141041653,L063,2,156.0,0.0,Emergence
2026-04-27 00:00:00-04:00,UNKNOWN/UNKNOWN :: ASC-BWLP-CMBT,9,10,0.3005233376995435,28,28,0.459964832255875,0.8928571428571429,0.1323807761052437,0.0275833331728084,0.0349006905868059,0.1006349572501263,-0.0075913473775748,0.0134102907747498,L018,13,31.0,-0.0967741935483871,Maturity
2026-04-27 00:00:00-04:00,FINANCIAL/INVESTSVCE :: ACM-ALGN-ALMU,10,11,0.2728570355426904,98,98,0.3888029910815885,0.6428571428571429,-0.1059509130379768,-0.0170893587404673,0.0553378091215226,0.1550271484544912,0.0128457711571418,0.0037352770415966,L012,13,117.0,-0.1623931623931624,Maturity
2026-04-27 00:00:00-04:00,FINANCIAL/REIT :: AAT-ADC-AHR,11,12,0.1972427889952113,99,99,0.3449883125298627,0.5757575757575758,0.1625172506617705,0.0130475195374656,0.0284230078310153,0.1037277688985144,-0.0140690301333654,0.0032303622581885,L015,13,102.0,-0.0294117647058823,Maturity
2026-04-27 00:00:00-04:00,INDUSTRIAL/MACHINE :: AAON-ACA-AGCO,12,13,0.1960011723707838,164,164,0.3752462573976001,0.6097560975609756,0.2967088087527575,0.0162219542065786,0.008607758228965,0.129640456091117,-0.0338842797354156,0.0033304294568635,L065,2,164.0,0.0,Emergence
2026-04-27 00:00:00-04:00,HEALTHCARE/BIOPHARMAOTHER :: ABBV-ABEO-ABSI,13,14,0.1925196017305257,226,226,0.2634651068810827,0.5309734513274337,0.3903053607952144,-0.0070056108816688,0.0075250232839372,0.0975896619409302,-0.0349670146804435,0.0136976870612289,L006,13,163.0,0.3865030674846625,Expansion
2026-04-27 00:00:00-04:00,FINANCIAL/HOSPITALITY :: AAL-AAMI-AAPL,14,15,0.0323231576879,182,182,0.3943618929399211,0.3516483516483517,-0.0891777894715406,-0.0113343658989509,0.0334841535520137,0.1380865573058316,-0.009007884412367,-0.0047687068570144,L013,13,203.0,-0.1034482758620689,Maturity
2026-04-27 00:00:00-04:00,CONSUMERSVCE/MEDIAPUB :: AII-AMCX-ARDT,15,16,-0.0130668144567818,70,70,0.2356811999422998,0.4285714285714285,0.1744664783955047,-0.0026331052263251,0.0105797713637653,0.0794130795498599,-0.0319122666006154,-0.0009697046170051,L064,2,76.0,-0.0789473684210526,Emergence
2026-04-27 00:00:00-04:00,TECH/SOFTW :: ACIW-ACVA-ADBE,16,17,-0.0556063673304058,261,261,0.4975491641768955,0.5555555555555556,-0.321975091925251,-0.0309042006565135,0.0505958920754493,0.0718447899768337,0.0081038541110685,4.126779363862077e-06,L019,13,274.0,-0.0474452554744525,Decay
2026-04-27 00:00:00-04:00,MATERIALS/MATCONSTR :: ABG-ABM-ACCO,17,18,-0.0640372384590315,161,161,0.3886539546101435,0.4472049689440994,-0.0552262715225796,-0.0028731022374302,0.021787072609502,0.0997344795800314,-0.0207049653548787,-0.0016315469221645,L014,13,181.0,-0.1104972375690607,Decay
2026-04-27 00:00:00-04:00,FINANCIAL/BANKSUSA :: ABCB-ACIC-AGM,18,19,-0.0859841787979772,204,204,0.3409492440440511,0.8578431372549019,0.0215146662419756,0.0081021669470882,0.0032485424462776,0.0897875277496471,-0.0392434955181031,0.0102936007726982,L004,13,203.0,0.0049261083743842,Decay
2026-04-27 00:00:00-04:00,HEALTHCARE/HCAREMISC :: A-ABR-ACN,19,20,-0.1559118698302613,102,102,0.353686593862402,0.5490196078431373,0.2185232896280231,-0.0502742239771292,-0.0167334183174509,0.0774881312625302,-0.0592254562818316,0.0010987710883551,L060,3,108.0,-0.0555555555555555,Decay
2026-04-27 00:00:00-04:00,FINANCIAL/INSURANCE :: ACGL-ACI-ACT,20,21,-0.2137803186891194,97,97,0.291136162059224,0.5670103092783505,0.1064216722493889,-0.0014474830280492,-0.0074467837704471,0.0525440690322146,-0.0499388217348279,0.0008311660439683,L016,13,92.0,0.0543478260869565,Decay
2026-04-27 00:00:00-04:00,TECH/SOFTW :: AES-BBCQ-BHF,21,22,-0.3395986758131043,28,28,0.0121139666912141,0.3928571428571428,-0.0195355695041612,0.0012852242982799,0.0023748151887069,0.0356412611789653,-0.0401172227756738,-0.0006024169767131,L067,1,,0.0,Emergence
2026-04-27 00:00:00-04:00,FINANCIAL/BANKSINTL :: ACMR-ACNB-ACRE,22,23,-0.3649470961266966,59,59,0.3037735442887304,0.6440677966101694,-0.1827010301173236,0.0015972181615862,-0.0021140777045781,0.0779033308357249,-0.0446061156689589,0.0027067323436265,L050,5,57.0,0.0350877192982456,Decay
2026-04-27 00:00:00-04:00,HEALTHCARE/MEDDEVICESGEN :: ABT-AFCG-ALH,23,24,-0.394627722066966,64,64,0.3198161188544101,0.640625,-0.118976290544977,-0.0148282394489907,-0.010524822784879,0.06420454766194,-0.0530168607492598,0.0057611502742233,L023,13,52.0,0.2307692307692307,Decay
2026-04-27 00:00:00-04:00,UTIL/ENERGYUTIL :: AEE-AEP-AMT,24,25,-0.4078262903744718,122,122,0.303111444681451,0.3852459016393442,-0.0284166468812058,0.009767319398308,-0.0072362841053459,0.0156723477453183,-0.0497283220697267,-0.003447612252084,L010,13,153.0,-0.2026143790849673,Decay
2026-04-27 00:00:00-04:00,ENERGY/OILGASINTEG :: AA-ACDC-ADM,25,26,-0.5366191543160511,194,194,0.3954945394883954,0.711340206185567,-0.3495811603738791,0.0123204884978995,0.0069979266837446,-0.0241539981793525,-0.0354941112806361,0.0068153384506205,L022,13,196.0,-0.010204081632653,Decay
2026-04-27 00:00:00-04:00,MATERIALS/ORE :: AEM-AG-AGI,26,27,-0.7471818393056884,90,90,0.5057324576407315,0.2666666666666666,-0.4337716257341,-0.0257000863391978,-0.0236092930042865,0.1147334322857562,-0.0661013309686673,-0.0099854076880875,L027,11,96.0,-0.0625,Decay
2026-04-28 00:00:00-04:00,FINANCIAL/REIT :: AAT-ADC-AHR,0,1,0.9832898987485594,124,124,0.2907930201540649,0.8145161290322581,1.61074468063029,0.0310404187832114,0.0392458441924677,0.1243955434935861,0.0143537112445682,0.0261386744126475,L015,14,99.0,0.2525252525252525,Expansion
2026-04-28 00:00:00-04:00,TECH/SEMIMFR :: ABCL-ACB-ADI,1,2,0.9231387194836174,95,95,0.3655029090862203,0.4526315789473684,0.3132493309331315,-0.0082664379531938,0.0880181861399651,0.211674543880417,0.0631260531920656,-0.0054828220575256,L058,4,88.0,0.0795454545454545,Maturity
2026-04-28 00:00:00-04:00,HEALTHCARE/HCARESUPPORT :: ADEA-AEBI-ALHC,2,3,0.8453050242298525,71,71,0.2933350039352211,0.5774647887323944,0.1693978985317485,0.026329709046787,0.0854866169043672,0.1972086021885913,0.0605944839564677,0.0086034799615143,L066,2,65.0,0.0923076923076923,Emergence
2026-04-28 00:00:00-04:00,TECH/SEMIMFR :: AAOI-ACLS-ACMR,3,4,0.8380491805973624,154,154,0.2901635777217629,0.2012987012987013,0.322415981377364,-0.0043649791450012,0.0700844616454637,0.3049482297540726,0.0451923286975642,-0.0303111058246473,L047,7,161.0,-0.0434782608695652,Maturity
2026-04-28 00:00:00-04:00,UNKNOWN/UNKNOWN :: ABX-AIOT-ANAB,4,5,0.6943731632152855,48,48,0.2866296939919401,0.1875,-0.336956312284575,-0.0224244807370352,0.0860236156797084,0.2911389562405207,0.0611314827318089,-0.0207531047571295,L052,6,45.0,0.0666666666666666,Maturity
2026-04-28 00:00:00-04:00,TECH/INTERNET :: ABAT-ABNB-ACET,5,6,0.3955024136252811,178,178,0.3511012687902549,0.2303370786516854,-0.3423574225802955,-0.0002058718186677,0.0581847764381641,0.2128898933948734,0.0332926434902646,-0.0157392820497756,L038,9,192.0,-0.0729166666666666,Maturity
2026-04-28 00:00:00-04:00,TECH/GENMERCH :: ACHV-AEHR-ALOT,6,7,0.3924541183332827,84,84,0.2631496330944323,0.369047619047619,-0.1719470887678462,-0.0098437778923935,0.0514151671742702,0.1895085675354659,0.0265230342263707,-0.0096805307610544,L036,9,72.0,0.1666666666666666,Expansion
2026-04-28 00:00:00-04:00,UNKNOWN/UNKNOWN :: ASC-BBOT-BRSL,7,8,0.3236765714148199,32,32,0.4239399361561009,0.875,-0.4306212337990852,0.0357898243254532,0.0510748683054219,0.1129857991492309,0.0261827353575224,0.010264053420001,L018,14,28.0,0.1428571428571428,Expansion
2026-04-28 00:00:00-04:00,TECH/SOFTW :: ACIW-ADBE-ADP,8,9,0.2747911880297209,267,268,0.4773677353872071,0.6104868913857678,-0.2132043653998658,0.0200498900851506,0.0481883791320007,0.0612499012127398,0.0232962461841012,0.00364316148721,L019,14,261.0,0.0229885057471264,Maturity
2026-04-28 00:00:00-04:00,TECH/COMMEQUIP :: ABCB-ACIC-ALRS,9,10,0.2622363433442646,182,182,0.3439106672820336,0.7417582417582418,0.2607573160573168,0.0114741822400204,0.0176429157897565,0.0961737545249424,-0.0072492171581428,0.0073739443181328,L004,14,204.0,-0.1078431372549019,Maturity
2026-04-28 00:00:00-04:00,TECH/SEMIMFR :: ABEV-ABG-ALGN,10,11,0.2091339633335263,59,59,0.3069814975267488,0.1186440677966101,1.7831422123707323,-0.0499559302592586,-0.040633465645051,0.0644132381257815,-0.0655255985929505,-0.0562334334945016,L068,1,,0.0,Emergence
2026-04-28 00:00:00-04:00,INDUSTRIAL/MEDDEVICESGEN :: AGPU-AIRJ-AIRO,11,12,0.1831381977007887,185,185,0.3270424266658631,0.1891891891891892,-0.4091646199931718,-0.0371773919200989,0.0301574730501297,0.2499686833068755,0.0052653401022302,-0.0249596450454438,L063,3,156.0,0.1858974358974359,Expansion
2026-04-28 00:00:00-04:00,ENERGY/OILGASINTEG :: AA-ACDC-ADM,12,13,0.0944774774085483,188,188,0.4041985834958987,0.6968085106382979,-0.3281080761178723,0.0138534511067083,0.0409352766146153,-0.009042426629032,0.0160431436667158,0.0078502826747064,L022,14,194.0,-0.0309278350515463,Maturity
2026-04-28 00:00:00-04:00,FINANCIAL/INVESTSVCE :: ACM-ALMU-AMP,13,14,0.0765704402376569,108,108,0.3355125876981178,0.4814814814814814,-0.2012239119819362,-0.0015023447745731,0.0174170128635985,0.1320006344562373,-0.0074751200843009,-0.0011074781058593,L012,14,98.0,0.1020408163265306,Expansion
2026-04-28 00:00:00-04:00,CYCLICALS/VEHICLE :: AAP-ABM-ACCO,14,15,-0.027933997083342,176,176,0.3770828653787048,0.3693181818181818,-0.0519982432522553,-0.0098172395670443,0.0038341870166391,0.1012252372588607,-0.0210579459312602,-0.0061282052580719,L014,14,161.0,0.093167701863354,Decay
2026-04-28 00:00:00-04:00,HEALTHCARE/BIOPHARMAOTHER :: ABBV-ABEO-ABSI,15,16,-0.0384616776075068,218,218,0.2754603941610043,0.4770642201834862,0.1540195153987744,0.0033891651610318,-0.0092966316600598,0.108388990138177,-0.0341887646079593,-0.0036744507649833,L006,14,226.0,-0.0353982300884955,Decay
2026-04-28 00:00:00-04:00,FINANCIAL/BANKSINTL :: AAL-AAPL-ADNT,16,17,-0.0655812517222255,198,198,0.3824413483070714,0.2979797979797979,-0.1119769854475139,-0.0073754611886475,0.0002504282117353,0.1230143246563582,-0.0246417047361641,-0.0094308728273574,L013,14,182.0,0.0879120879120879,Decay
2026-04-28 00:00:00-04:00,INDUSTRIAL/MACHINE :: AAON-ACA-AGCO,17,18,-0.0866973671501727,165,165,0.394593430782042,0.1636363636363636,0.0386772096723483,-0.0109603313221738,-0.0081193508961122,0.1335882547803272,-0.0330114838440116,-0.0132899533634675,L065,3,164.0,0.0060975609756097,Decay
2026-04-28 00:00:00-04:00,FINANCIAL/INSURANCE :: ACGL-ACI-ACT,18,19,-0.1228540539450829,122,122,0.1848844829929302,0.5737704918032787,0.0434486346420834,-0.0011289614819535,-0.0055643227614114,0.0448813671510078,-0.0304564557093109,0.0029039626514666,L016,14,97.0,0.2577319587628865,Decay
2026-04-28 00:00:00-04:00,UTIL/ENERGYUTIL :: AEE-AEP-AMT,19,20,-0.1567548017602286,125,125,0.3032471334994995,0.72,-0.0903862452783207,-0.0022558307667969,-0.0042019113143166,0.0113324487973635,-0.029094044262216,0.0047703534839593,L010,14,122.0,0.0245901639344262,Decay
2026-04-28 00:00:00-04:00,TELECOM/TELECOMGEN :: ABR-ACNB-ACRE,20,21,-0.2912322332810513,65,65,0.2671128356280002,0.4769230769230769,-0.2679472339041592,0.005076927512466,-0.0138585427446758,0.0624861205678315,-0.0387506756925752,-0.0018934719602302,L050,6,59.0,0.1016949152542373,Decay
2026-04-28 00:00:00-04:00,FINANCIAL/BANKSINTL :: BBAR-BMA-CEPU,21,22,-0.3095725282276545,10,10,0.4076516814343834,0.8,0.5252994139335001,0.0032537364774379,-0.0575794700445017,0.0140843796831596,-0.0824716029924012,0.0131304596387138,L069,1,,0.0,Emergence
2026-04-28 00:00:00-04:00,HEALTHCARE/MEDIAPUB :: AMCX-ARDT-ASUR,22,23,-0.3238806613695355,65,65,0.2526833868429786,0.4615384615384615,-0.1438648563934325,-0.0236487553848583,-0.0222694924527926,0.0559320952566914,-0.047161625400692,-0.0010190188185608,L064,3,70.0,-0.0714285714285714,Decay
2026-04-28 00:00:00-04:00,HEALTHCARE/HCAREMISC :: A-ACN-ACU,23,24,-0.3247361733191113,103,103,0.3644843839618499,0.4077669902912621,0.0317425696278961,-0.0002608259479153,-0.0340812327068288,0.0721241871737582,-0.0589733656547283,-0.0061871870081139,L060,4,102.0,0.0098039215686274,Decay
2026-04-28 00:00:00-04:00,HEALTHCARE/MEDDEVICESGEN :: ABT-ALH-ARCC,24,25,-0.377780347040984,65,65,0.2977547340737087,0.6923076923076923,-0.3513179612099733,0.0104868286092273,-0.0286746852769949,0.0738650156553562,-0.0535668182248944,0.00544469848979,L023,14,64.0,0.015625,Decay
2026-04-28 00:00:00-04:00,MATERIALS/ORE :: AAMI-AEM-AG,25,26,-0.647100258743579,93,93,0.5030064445639989,0.053763440860215,0.0846643497180651,-0.0388350464637996,-0.0784051437131028,0.1184342427361696,-0.1032972766610023,-0.0391900243772958,L027,12,90.0,0.0333333333333333,Decay
2026-04-29 00:00:00-04:00,TECH/COMPUTER :: ADP-AIN-AN,0,1,1.7850690400854372,98,98,0.3712026297824722,0.8673469387755102,3.461505744187935,0.0651587769124646,0.0848406308861804,0.1707659347002483,0.0680653825667535,0.0665763678657694,L070,1,,0.0,Emergence
2026-04-29 00:00:00-04:00,TECH/SEMIMFR :: AAOI-ACLS-ACMR,1,2,0.9388992647369864,144,144,0.2810368292480164,0.5208333333333334,0.3779174164438357,-0.0517234603278196,0.0793635203125908,0.2464571067111952,0.0625882719931639,0.0053679728415032,L047,8,154.0,-0.0649350649350649,Maturity
2026-04-29 00:00:00-04:00,INDUSTRIAL/MEDDEVICESGEN :: AAP-AGPU-AHCO,2,3,0.5730246230928562,67,67,0.3360243749597162,0.208955223880597,0.1604657421277424,-0.021383645098083,0.0645331713438636,0.1398455443808535,0.0477579230244367,-0.016470392221729,L071,1,,0.0,Emergence
2026-04-29 00:00:00-04:00,TECH/COMPUTER :: ABX-AEBI-AIOT,3,4,0.5712394512101691,52,52,0.2772996212853306,0.1923076923076923,-0.1627527716901639,-0.0353509490675353,0.0629693838680985,0.2160014250166012,0.0461941355486716,-0.0178389299498164,L052,7,48.0,0.0833333333333333,Maturity
2026-04-29 00:00:00-04:00,INDUSTRIAL/SEMIMFR :: AD-ADI-ALGM,4,5,0.5545693991952223,97,97,0.3532285738518249,0.2474226804123711,0.1572647472350115,-0.0230841529364971,0.05796199245279,0.1517666614002883,0.0411867441333631,-0.0123707442726975,L058,5,95.0,0.0210526315789473,Maturity
2026-04-29 00:00:00-04:00,INDUSTRIAL/TRAINTRUCK :: ACHV-AEHR-ALB,5,6,0.5189238377727242,75,75,0.2822605462538188,0.1333333333333333,0.0868845630071521,-0.0143311383276687,0.0586537187085215,0.1602854037401101,0.0418784703890947,-0.0185400992546011,L036,10,84.0,-0.1071428571428571,Maturity
2026-04-29 00:00:00-04:00,ENERGY/OILGASINTEG :: AA-ACDC-ADM,6,7,0.4931789757759137,189,189,0.3936900466861007,0.8095238095238095,0.0644669015807079,0.0366358735906067,0.0632144419543255,0.0178585424860777,0.0464391936348987,0.0203762416453001,L022,15,188.0,0.0053191489361702,Maturity
2026-04-29 00:00:00-04:00,NONCYCLICAL/FOODDRINKMFR :: AIT-AMH-AMPG,7,8,0.4752991503778678,95,95,0.2906948843878326,0.1894736842105263,0.7614467244503954,0.0191283122145418,0.038156811841817,0.0909842438047597,0.0213815635223901,-0.0132145738641839,L015,15,124.0,-0.2338709677419354,Maturity
2026-04-29 00:00:00-04:00,HEALTHCARE/HCARESUPPORT :: ABR-ACRE-ADAM,8,9,0.4246882688935744,87,87,0.2567350582554284,0.1954022988505747,1.2176896726290836,-0.0048930847834555,0.01500973110528,0.0824637382275801,-0.0017655172141468,-0.011997088142029,L050,7,65.0,0.3384615384615385,Expansion
2026-04-29 00:00:00-04:00,UNKNOWN/UNKNOWN :: ASC-BCRX-BSET,9,10,0.244099897736143,34,34,0.3669872936097382,0.4117647058823529,-0.0040158097992502,0.0125762544641227,0.0303137462151459,0.0722793835254496,0.013538497895719,-0.0038938748011706,L018,15,32.0,0.0625,Maturity
2026-04-29 00:00:00-04:00,INDUSTRIAL/MACHINE :: AAON-ACA-AGCO,10,11,0.1429246952271279,134,134,0.3722306425163036,0.1343283582089552,0.6281274678294874,-0.02333804876265,-0.0039116602091208,0.0836071569843921,-0.0206869085285476,-0.0124634572251772,L065,4,165.0,-0.1878787878787878,Maturity
2026-04-29 00:00:00-04:00,TECH/SOFTW :: ACIW-ACVA-ADBE,11,12,0.1082486667621117,259,260,0.4658601261294214,0.444015444015444,-0.0016937125419896,0.002946056042825,0.0111366085450695,0.0533712187507001,-0.0056386397743573,-0.000718221066742,L019,15,267.0,-0.0299625468164794,Maturity
2026-04-29 00:00:00-04:00,UNKNOWN/UNKNOWN :: ABCB-ACEL-ACIC,12,13,0.0489916725582481,176,176,0.3290479065261932,0.034090909090909,0.3048439325876622,-0.0007199959544963,0.0038947788968132,0.0602412241492454,-0.0128804694226136,-0.0200295717950479,L004,15,182.0,-0.0329670329670329,Maturity
2026-04-29 00:00:00-04:00,UTIL/ENERGYUTIL :: AAT-ADC-AEE,13,14,0.0010704434723586,138,138,0.2967786559485716,0.1231884057971014,0.4715643942222085,-0.0060025629059575,-0.0038478312048519,0.0229049866145592,-0.0206230795242788,-0.010701345779366,L010,15,125.0,0.104,Expansion
2026-04-29 00:00:00-04:00,HEALTHCARE/MEDDEVICESOTHER :: AAMI-ACM-AIRG,14,15,-0.0643752453938575,147,148,0.3338923921062617,0.0612244897959183,1.6406248553267782,-0.0561728350212832,-0.0577935559375188,0.0182411893221792,-0.0745688042569457,-0.0485852149455894,L072,1,,0.0,Emergence
2026-04-29 00:00:00-04:00,CONSUMERSVCE/HOSPITALITY :: AAL-ABM-ACCO,15,16,-0.0643919726245011,289,289,0.3742432686470502,0.0830449826989619,0.2506824995056422,-0.035563808439693,-0.0121143787300997,0.0559692444361505,-0.0288896270495266,-0.0235873035985632,L013,15,198.0,0.4595959595959596,Decay
2026-04-29 00:00:00-04:00,FINANCIAL/INVESTSVCE :: ADEA-AEG-AGBK,16,17,-0.0756414184141661,134,134,0.3555744685140697,0.1567164179104477,0.0118400049365521,-0.0087257777257371,-0.0097732688820311,0.0738261471178798,-0.026548517201458,-0.0126158898318984,L012,15,108.0,0.2407407407407407,Decay
2026-04-29 00:00:00-04:00,FINANCIAL/INSURANCE :: ACGL-ACI-ACT,17,18,-0.127965839895595,120,120,0.1856636110561822,0.2166666666666666,0.3729480091384321,-0.0090909502961419,-0.0190552604293087,0.0224533383366709,-0.0358305087487356,-0.0102402505312041,L016,15,122.0,-0.0163934426229508,Decay
2026-04-29 00:00:00-04:00,TECH/INTERNET :: ABAT-ABCL-ACB,18,19,-0.1377685198484424,208,208,0.3555165963722256,0.1634615384615384,-0.1378785811580393,-0.0481560939370678,-0.0312493829679441,0.1606094898530597,-0.048024631287371,-0.0274372944566431,L063,4,185.0,0.1243243243243243,Decay
2026-04-29 00:00:00-04:00,TECH/SEMIMFR :: ABEV-ABG-ALGN,19,20,-0.2306927257609781,57,57,0.3331994310692325,0.4035087719298245,0.5854627305117224,-0.0717582671401455,-0.0546495824060542,0.0387303523826597,-0.0714248307254811,-0.0069500659553975,L068,2,59.0,-0.0338983050847457,Emergence
2026-04-29 00:00:00-04:00,HEALTHCARE/BIOPHARMAOTHER :: ABBV-ABEO-ABSI,20,21,-0.266456969693203,204,204,0.2875283287266869,0.196078431372549,0.1581448299428516,-0.0086389304328981,-0.0366480849858049,0.0424438532924576,-0.0534233333052318,-0.0176472101579976,L006,15,218.0,-0.0642201834862385,Decay
2026-04-29 00:00:00-04:00,UNKNOWN/UNKNOWN :: ARCC-BBDC-BCSF,21,22,-0.268066327319393,44,44,0.4382198264710342,0.1136363636363636,-0.4506845442180786,0.0037776025255618,-0.0190473648644214,0.0682943374273154,-0.0358226131838483,-0.0089323227988019,L023,15,65.0,-0.3230769230769231,Decay
2026-04-29 00:00:00-04:00,HEALTHCARE/AUTORETAIL :: AMCX-ARDT-AURA,22,23,-0.3577183623481327,64,64,0.2769382107802789,0.21875,0.2393701172325835,-0.0164631050085374,-0.0475882129742795,0.0132738415227201,-0.0643634612937063,-0.0175573589871786,L064,4,65.0,-0.0153846153846153,Decay
2026-04-29 00:00:00-04:00,HEALTHCARE/HCAREMISC :: A-ACN-ACU,23,24,-0.4834474637686594,108,108,0.3655880776751218,0.2129629629629629,0.0359065739231237,-0.0274089804384633,-0.0608093480622136,0.0184357648315411,-0.0775845963816405,-0.0202539124500076,L060,5,103.0,0.0485436893203883,Decay
2026-04-29 00:00:00-04:00,FINANCIAL/BANKSINTL :: BBAR-BMA-CEPU,24,25,-0.5910728602137969,13,13,0.325150211887982,0.2307692307692307,0.0624294027173701,-0.0111243890400998,-0.0601873417381283,-0.0634264527208226,-0.0769625900575552,-0.0146974770017265,L069,2,10.0,0.3,Emergence
2026-04-29 00:00:00-04:00,MATERIALS/ORE :: ABNB-ADT-AEM,25,26,-0.6209456194120176,129,129,0.4402373652059133,0.1085271317829457,0.0017437039418598,-0.062931678085111,-0.0779293425482851,0.0171965863546993,-0.094704590867712,-0.0242527225936236,L027,13,93.0,0.3870967741935484,Decay
2026-04-29 00:00:00-04:00,TECH/COMMEQUIP :: AAPL-ABT-BJRI,26,27,-0.868045892397528,39,39,0.3045188748155542,0.1538461538461538,-0.1783701585949745,-0.0224110446999705,-0.1030263550124541,0.0060454352652278,-0.1198016033318809,-0.0208788035482836,L073,1,,0.0,Emergence
2026-04-30 00:00:00-04:00,INDUSTRIAL/MACHINE :: AAON-AAP-ABBV,0,1,1.177624582246683,208,208,0.3381213797491889,0.9471153846153846,2.320083677560835,0.0443741748265772,0.0725058797669968,0.141820996774932,0.0485018499067065,0.0708937048997502,L065,5,134.0,0.5522388059701493,Expansion
2026-04-30 00:00:00-04:00,TECH/COMPUTER :: ADP-AN-APH,1,2,1.0676061760726936,89,89,0.3828385404624304,0.550561797752809,1.3648927481144215,0.0744184569387288,0.0960045363972769,0.1790640594823828,0.0720005065369867,0.003695489369473,L070,2,98.0,-0.0918367346938775,Emergence
2026-04-30 00:00:00-04:00,TECH/SEMIMFR :: AAOI-ACLS-ACMR,2,3,0.9486967463138132,143,143,0.2620158795578343,0.8251748251748252,0.6230336765024692,0.0072168239960186,0.0875848408950053,0.257100487309602,0.063580811034715,0.0329362897484502,L047,9,144.0,-0.0069444444444444,Maturity
2026-04-30 00:00:00-04:00,INDUSTRIAL/TRAINTRUCK :: ACB-ADI-AII,3,4,0.6645408978583417,114,114,0.3213794038495829,0.8070175438596491,0.3347699660802937,0.0054313270436541,0.0775682356939554,0.1619855744433569,0.0535642058336651,0.0210096529021549,L058,6,97.0,0.1752577319587628,Expansion
2026-04-30 00:00:00-04:00,HEALTHCARE/HCARESUPPORT :: AEBI-AEC-AGNC,4,5,0.5824363544217795,75,75,0.271995997261272,0.7866666666666666,0.3963713622983316,0.0033467002584307,0.0727268293730161,0.1256271303641446,0.0487227995127258,0.0170953980750085,L050,8,87.0,-0.1379310344827586,Maturity
2026-04-30 00:00:00-04:00,FINANCIAL/INVESTSVCE :: ABX-ACM-AIOT,5,6,0.543534315253996,94,94,0.2476553226016246,0.9042553191489362,0.2763570959606547,0.0058839085643618,0.0592275165031047,0.1774453960580077,0.0352234866428144,0.0364522421240468,L052,8,52.0,0.8076923076923077,Expansion
2026-04-30 00:00:00-04:00,INDUSTRIAL/MEDDEVICESGEN :: ABNB-AGPU-AHCO,6,7,0.4542646473904938,85,85,0.2836499037639892,0.7764705882352941,0.0884749750088361,-0.0039374830189457,0.0694374122395018,0.1126661576361733,0.0454333823792115,0.0168039860147507,L071,2,67.0,0.2686567164179104,Emergence
2026-04-30 00:00:00-04:00,NONCYCLICAL/REIT :: AHRT-AIT-AIV,7,8,0.4093636835849246,140,140,0.2807680683038881,0.75,0.7157097727179135,0.0223694264117772,0.0410821955277288,0.1103518952162202,0.0170781656674385,0.0103361730991672,L015,16,95.0,0.4736842105263157,Expansion
2026-04-30 00:00:00-04:00,UNKNOWN/UNKNOWN :: ASC-BCRX-BWLP,8,9,0.2797442430246858,31,31,0.3727478573360021,0.8709677419354839,0.0424762739752813,0.0210639986651976,0.0484284123222725,0.085324257570801,0.0244243824619822,0.014968128402043,L018,16,34.0,-0.088235294117647,Maturity
2026-04-30 00:00:00-04:00,ENERGY/OILGASINTEG :: AA-ACDC-ADM,9,10,0.2639372232968285,185,185,0.3730201004974139,0.6432432432432432,0.3090746880128361,0.0345769474107073,0.0479293227780087,0.0571053963537925,0.0239252929177184,0.0063083390508196,L022,16,189.0,-0.0211640211640211,Maturity
2026-04-30 00:00:00-04:00,FINANCIAL/HCARESUPPORT :: ACHC-ACT-AFL,10,11,0.2307584998477173,123,123,0.3460117428889844,0.1707317073170731,3.155463224844586,-0.0484362145089807,-0.0428656983649007,0.0211424345387557,-0.066869728225191,-0.0429742136269497,L074,1,,0.0,Emergence
2026-04-30 00:00:00-04:00,UTIL/ENERGYUTIL :: ADC-AEE-AEP,11,12,0.153555955061368,130,130,0.2320279395558951,0.7538461538461538,1.3789710377208797,0.0065825817782238,0.0002992538303703,0.0181741603898508,-0.0237047760299199,0.0106226145425518,L010,16,138.0,-0.0579710144927536,Maturity
2026-04-30 00:00:00-04:00,INDUSTRIAL/TELECOMGEN :: ABAT-ABCL-ACHR,12,13,0.1267320328434493,201,201,0.3437505253907247,0.945273631840796,0.4142262305606982,-0.0043197642941753,-0.010187520126895,0.2017210367914282,-0.0341915499871853,0.0564795796297338,L063,5,208.0,-0.0336538461538461,Maturity
2026-04-30 00:00:00-04:00,UNKNOWN/UNKNOWN :: ACRE-ARCC-BBDC,13,14,0.1110498704737428,48,48,0.4487177043611423,0.9375,-0.1948611975268777,0.0269873259600956,0.0180834808277517,0.15261475197061,-0.0059205490325385,0.0275342885680788,L023,16,44.0,0.0909090909090909,Maturity
2026-04-30 00:00:00-04:00,FINANCIAL/BANKSINTL :: AAL-AAPL-ABSI,14,15,0.0665261281995484,270,270,0.3980998272063279,0.9,0.4223336384554718,-0.0126189757124313,0.0071616256536516,0.0689994073535759,-0.0168424042066386,0.0186659622237076,L013,16,289.0,-0.0657439446366782,Maturity
2026-04-30 00:00:00-04:00,FINANCIAL/BANKSUSA :: ABCB-ABM-ACEL,15,16,0.0659375462048692,197,197,0.3318256049217848,0.8121827411167513,0.3058825764394196,-0.0009078060211055,0.0163423271617422,0.0629492947358884,-0.007661702698548,0.0102364436293365,L004,16,176.0,0.1193181818181818,Expansion
2026-04-30 00:00:00-04:00,TECH/SOFTW :: ACIW-ACN-ACVA,16,17,-0.110744923613702,267,267,0.4511320131498034,0.4943820224719101,0.3129907421961342,-0.0002702768123158,-0.001749967387471,0.0633103956980944,-0.0257539972477613,0.0008904208712315,L019,16,259.0,0.0308880308880308,Decay
2026-04-30 00:00:00-04:00,TECH/AERODEF :: AMCX-AMTB-ARDT,17,18,-0.1151107844887056,72,72,0.2626717716200823,0.6666666666666666,0.5026541816795242,-0.0027345798991489,-0.0093800432714708,0.0586382224607455,-0.0333840731317611,0.0162080200263341,L064,5,64.0,0.125,Decay
2026-04-30 00:00:00-04:00,HEALTHCARE/BIOPHARMAOTHER :: ABEO-ABT-ABUS,18,19,-0.138155635488267,200,200,0.2822240464015511,0.775,0.5108191337737842,-0.0048776954828626,-0.0126323542831456,0.0405020130415794,-0.0366363841434359,0.0170082932591272,L006,16,204.0,-0.0196078431372549,Decay
2026-04-30 00:00:00-04:00,FINANCIAL/INSURANCE :: ACGL-ACI-ACIC,19,20,-0.148233923200671,97,97,0.2584726090619239,0.8247422680412371,0.419275381566412,0.0022951029445907,-0.0096937573222299,0.0315077170612168,-0.0336977871825202,0.0136090128291807,L016,16,120.0,-0.1916666666666666,Decay
2026-04-30 00:00:00-04:00,HEALTHCARE/BIOPHARMAOTHER :: AAMI-AAT-ABEV,20,21,-0.279726436033918,155,155,0.3339401913151035,0.8580645161290322,0.8237845066284483,-0.0349518747021096,-0.0442248786514493,0.0269708152858988,-0.0682289085117395,0.0242454004526327,L072,2,147.0,0.0544217687074829,Emergence
2026-04-30 00:00:00-04:00,HEALTHCARE/HCAREMISC :: A-ACU-ADPT,21,22,-0.3046344884252182,112,112,0.3495594972483218,0.875,0.4446458468966588,-0.002495993100485,-0.0355245207585659,0.0339385001884937,-0.0595285506188562,0.0283527189368111,L060,6,108.0,0.037037037037037,Decay
2026-04-30 00:00:00-04:00,TECH/SEMIMFR :: ABG-ALLE-ARE,22,23,-0.3135638340136392,56,56,0.3323617269730161,0.6785714285714286,0.8573186554841963,-0.0580188124157015,-0.0521961196380203,0.0632723213681518,-0.0762001494983106,0.0172313528719096,L068,3,57.0,-0.0175438596491228,Confirmation
2026-04-30 00:00:00-04:00,FINANCIAL/BANKSINTL :: BBAR-BMA-CEPU,23,24,-0.3374641041336493,15,15,0.3308928168196022,0.5333333333333333,1.503003445332095,-0.0011041993035188,-0.0528111475055868,-0.0547396666437816,-0.0768151773658771,-0.002519437453838,L069,3,13.0,0.1538461538461538,Decay
2026-04-30 00:00:00-04:00,MATERIALS/ORE :: AEM-AG-AGI,24,25,-0.3550870856842246,126,126,0.4554161195686581,0.9126984126984128,0.6361837478822926,-0.0238120751841235,-0.0511807669984143,0.0260372338508958,-0.0751847968587046,0.0317063047596106,L027,14,129.0,-0.0232558139534883,Decay
2026-05-01 00:00:00-04:00,TECH/PERSONALCAREPRODUCT :: AAPL-ACCO-ACOG,0,1,1.300238505473246,90,90,0.3386782879161797,0.9333333333333332,1.915299645496105,0.0933404849745552,0.0732772568949364,0.1720632417938288,0.0583205703239002,0.0903718802493143,L075,1,,0.0,Emergence
2026-05-01 00:00:00-04:00,TECH/COMMEQUIP :: ABAT-ABX-AMTM,1,2,0.8560551044562513,76,76,0.2444297312203136,0.5263157894736842,0.6343289051440002,0.0335074476958089,0.0711188181960958,0.2128970036949893,0.0561621316250596,0.0040293561806286,L052,9,94.0,-0.1914893617021276,Maturity
2026-05-01 00:00:00-04:00,TECH/COMPUTER :: ABG-ADP-APH,2,3,0.8518714066022259,88,88,0.3622338816965663,0.5,0.5116805991163147,0.0825853573588556,0.080477950475609,0.1801865025445707,0.0655212639045728,0.0032323265852553,L070,3,89.0,-0.0112359550561797,Maturity
2026-05-01 00:00:00-04:00,TECH/SEMIMFR :: AAOI-ACLS-ACMR,3,4,0.7535578726631367,144,144,0.2486359270903162,0.5902777777777778,0.1583385434861826,0.0457543498159451,0.0682106257930488,0.2498142139124349,0.0532539392220126,0.0102836834229779,L047,10,143.0,0.0069930069930069,Maturity
2026-05-01 00:00:00-04:00,HEALTHCARE/FOODDRINKMFR :: AIT-AMN-AMPG,4,5,0.5531746179070298,69,69,0.2857260329334652,0.5362318840579711,0.261296830669607,0.0014491107475189,0.0520902748816715,0.155285235635451,0.0371335883106353,0.0045449639511847,L015,17,140.0,-0.5071428571428571,Maturity
2026-05-01 00:00:00-04:00,INDUSTRIAL/MACHINE :: AAON-AAP-ABBV,5,6,0.5531731954404646,192,192,0.3083687380107835,0.4375,0.4799972341332963,0.0658081770977982,0.0465049264775578,0.1452671058535275,0.0315482399065216,0.0072774310445649,L065,6,208.0,-0.0769230769230769,Maturity
2026-05-01 00:00:00-04:00,ENERGY/OILGASINTEG :: ACDC-ADM-AESI,6,7,0.5504397347579155,136,136,0.308651811681719,0.2720588235294117,-0.1743230874865839,0.0213767441537935,0.1028465460991246,0.0311528396624799,0.0878898595280885,-0.0077913600862889,L022,17,185.0,-0.2648648648648649,Maturity
2026-05-01 00:00:00-04:00,INDUSTRIAL/TRAINTRUCK :: ACB-ADI-AENT,7,8,0.4207221396201087,115,115,0.3163556927290627,0.4521739130434782,-0.1902792295908517,0.008497185550845,0.0539914509186084,0.1579082381943245,0.0390347643475723,-0.0005845146715175,L058,7,114.0,0.0087719298245614,Maturity
2026-05-01 00:00:00-04:00,TECH/SOFTW :: ABNB-ACIW-ACN,8,9,0.3230787834464552,254,254,0.4382064555091722,0.8661417322834646,0.3340891197626395,0.027655651120985,0.0142049275261343,0.0836603324414913,-0.0007517590449018,0.0292541402335716,L019,17,267.0,-0.048689138576779,Maturity
2026-05-01 00:00:00-04:00,HEALTHCARE/MEDDEVICESGEN :: ABT-ACA-ACAD,9,10,0.3081058637315776,107,107,0.3123455708878536,0.1588785046728972,2.662639832914273,-0.0478039507595746,-0.0548447479819905,0.0042858883071308,-0.0698014345530267,-0.0489330980303821,L076,1,,0.0,Emergence
2026-05-01 00:00:00-04:00,UNKNOWN/UNKNOWN :: ARCC-AXTA-BBDC,10,11,0.3023745713249717,39,39,0.4638210045708639,0.9487179487179488,0.3713314534713258,0.030277379097822,0.0062492838764113,0.0838567834549104,-0.0087074026946248,0.0122621674525627,L023,17,48.0,-0.1875,Maturity
2026-05-01 00:00:00-04:00,UNKNOWN/UNKNOWN :: ASC-BCRX-BWLP,11,12,0.2941346813055626,32,32,0.3637238726064158,0.71875,-0.1234189828991491,0.0195670950577213,0.0399035351317337,0.0677921487372842,0.0249468485606975,0.0093595658200383,L018,17,31.0,0.032258064516129,Maturity
2026-05-01 00:00:00-04:00,HEALTHCARE/MEDDEVICESGEN :: AGPU-AHCO-ALNT,12,13,0.2139206727195962,98,98,0.2511640497670236,0.5102040816326531,-0.2014882827149308,0.0008974608146681,0.0329592834808254,0.1055090153831458,0.0180025969097892,0.002674488690781,L071,3,85.0,0.1529411764705882,Expansion
2026-05-01 00:00:00-04:00,TECH/INTERNET :: ABCL-ACHR-ACNB,13,14,0.1897083923067388,179,179,0.3309999332739592,0.6312849162011173,-0.0383225479518763,0.0414222219572729,-0.0031986175941577,0.2075147512798444,-0.0181553041651938,0.0154306033721462,L063,6,201.0,-0.1094527363184079,Maturity
2026-05-01 00:00:00-04:00,FINANCIAL/BANKSINTL :: ABR-ACRE-AEBI,14,15,0.0197914711575083,53,53,0.2839215587430604,0.5660377358490566,-0.0903617061298736,-0.0004625643611908,0.0022276362450369,0.0733208659433631,-0.0127290503259992,0.0020536808451312,L050,9,75.0,-0.2933333333333333,Maturity
2026-05-01 00:00:00-04:00,UTIL/ENERGYUTIL :: ADC-AEE-AEP,15,16,-0.0461470821827977,150,150,0.3012354704106456,0.3133333333333333,0.2256056050397347,-0.0016599787326005,-0.0045049774057782,0.0190184131718127,-0.0194616639768144,-0.0033195633489897,L010,17,130.0,0.1538461538461538,Decay
2026-05-01 00:00:00-04:00,FINANCIAL/BANKSUSA :: ABCB-AGM-ALLY,16,17,-0.0644690991320637,199,199,0.2955336758397895,0.5979899497487438,-0.1976754948435828,-0.0066393119418773,-0.0046918095149184,0.0619873486711563,-0.0196484960859546,0.0018109969883288,L004,17,197.0,0.0101522842639593,Decay
2026-05-01 00:00:00-04:00,FINANCIAL/INVESTSVCE :: ADNT-AEO-ANF,17,18,-0.0771307374854212,156,156,0.2945677792860549,0.4294871794871794,0.0892753091160469,-0.003793636540573,-0.0187897686680539,0.083929890771531,-0.0337464552390901,-0.0016241765204738,L013,17,270.0,-0.4222222222222222,Decay
2026-05-01 00:00:00-04:00,FINANCIAL/HCARESUPPORT :: ACHC-ACT-AFG,18,19,-0.0802063920790964,123,123,0.3126168253202271,0.4878048780487805,1.1486970446768618,-0.0453439418755966,-0.0569191719821154,0.01682923159128,-0.0718758585531516,0.0025167437642186,L074,2,123.0,0.0,Emergence
2026-05-01 00:00:00-04:00,FINANCIAL/INSURANCE :: ABM-ACGL-ACI,19,20,-0.1298964940425276,107,107,0.1458032970143105,0.4485981308411215,0.3509780603001766,0.000889359805249,-0.0234436799682535,0.0188500715377273,-0.0384003665392897,-0.0009603905900322,L016,17,97.0,0.1030927835051546,Decay
2026-05-01 00:00:00-04:00,HEALTHCARE/BIOPHARMASYS :: ABUS-ABVX-ACHV,20,21,-0.2615770201787852,181,181,0.2609762954008834,0.5303867403314917,-0.0759233781942824,0.0019367181783556,-0.0349178283915704,0.049747666825014,-0.0498745149626066,0.0031199509783355,L006,17,200.0,-0.095,Decay
2026-05-01 00:00:00-04:00,HEALTHCARE/BIOPHARMAOTHER :: AAMI-AAT-AGL,21,22,-0.3410342006202828,126,127,0.3134781162536092,0.5555555555555556,0.135040428186744,-0.023105209410281,-0.0576175564351328,0.0449673725839006,-0.0725742430061689,0.0060592756426621,L072,3,155.0,-0.1870967741935484,Confirmation
2026-05-01 00:00:00-04:00,TECH/INTERNET :: AA-ABEO-ALB,22,23,-0.3568839892626669,97,97,0.1849465957901078,0.4329896907216495,-0.1120887827316523,0.0026332821584312,-0.0417471526305419,0.0430959617921119,-0.0567038392015781,-0.0039850927778593,L064,6,72.0,0.3472222222222222,Decay
2026-05-01 00:00:00-04:00,HEALTHCARE/HCAREMISC :: A-ACU-ADPT,23,24,-0.4317317632006221,135,135,0.3022719930304631,0.5037037037037037,-0.0744002483952296,0.0076380357810026,-0.0563708674636408,0.026214291649358,-0.071327554034677,0.0029846806974735,L060,7,112.0,0.2053571428571428,Decay
2026-05-01 00:00:00-04:00,FINANCIAL/BANKSINTL :: AAL-ABEV-AEG,24,25,-0.4508048168064945,83,83,0.3426162587952356,0.3734939759036144,-0.2687308017752727,0.0041440613387549,-0.0535096509334136,0.0582695191455956,-0.0684663375044498,-0.0010559686761948,L077,1,,0.0,Emergence
2026-05-01 00:00:00-04:00,UNKNOWN/UNKNOWN :: BBAR-BMA-CEPU,25,26,-0.5304944766621515,14,14,0.3781754999713357,0.0714285714285714,0.8485242434022089,-0.053800419760348,-0.074816898325177,-0.1159651275788638,-0.0897735848962131,-0.0344229430571332,L069,4,15.0,-0.0666666666666666,Decay
2026-05-01 00:00:00-04:00,MATERIALS/ORE :: ADUR-AEM-AG,26,27,-0.6924524891246702,100,100,0.4837344589165836,0.39,-0.144252893566864,0.0066067858691629,-0.0897224960085234,0.0073397857207123,-0.1046791825795596,-0.0004512259457899,L027,15,126.0,-0.2063492063492063,Decay
2026-05-04 00:00:00-04:00,NONCYCLICAL/GENMERCH :: API-ARDX-ASRT,0,1,1.5142337986685477,82,82,0.217910754960393,0.8048780487804879,4.542066834912936,0.0850559239479819,0.0505704894910033,0.1073103320392052,0.0373347942638958,0.0601980178221548,L018,18,32.0,1.5625,Expansion
2026-05-04 00:00:00-04:00,TECH/PERSONALCAREPRODUCT :: AAPL-ACCO-ACOG,1,2,0.8361305440233533,81,81,0.3331670156946507,0.4691358024691358,0.5579246519623664,0.1058163034342543,0.0686265349458415,0.1718517949340314,0.055390839718734,-0.000743806930406,L075,2,90.0,-0.1,Emergence
2026-05-04 00:00:00-04:00,ENERGY/OILGASINTEG :: ACDC-ADM-AESI,2,3,0.8067133451075547,136,136,0.2985053742872259,0.7647058823529411,0.0324712443484893,0.0114631651140088,0.1031980546532278,0.0355797686439601,0.0899623594261203,0.0133767738466395,L022,18,136.0,0.0,Maturity
2026-05-04 00:00:00-04:00,TECH/COMPUTER :: ABG-ADP-AGIO,3,4,0.6932314391493822,88,88,0.3613936424178612,0.3409090909090909,0.111494783108409,-0.0030045856784852,0.0680381762802246,0.1559895233305359,0.0548024810531171,-0.0073127592204358,L070,4,88.0,0.0,Maturity
2026-05-04 00:00:00-04:00,TECH/SEMIMFR :: AAOI-ACLS-ACMR,4,5,0.6881547641707819,154,154,0.2405123616649224,0.3441558441558441,-0.0166078098912969,0.0434463780443476,0.0531967695479629,0.2494919707153171,0.0399610743208554,-0.0049361049182576,L047,11,144.0,0.0694444444444444,Maturity
2026-05-04 00:00:00-04:00,INDUSTRIAL/MACHINE :: AAON-AAP-ABBV,5,6,0.4508261516587981,183,183,0.3168905812087315,0.2786885245901639,0.3517631639084326,0.0700351586973731,0.0334086127088798,0.1246545629752809,0.0201729174817722,-0.0114856282388028,L065,7,192.0,-0.046875,Maturity
2026-05-04 00:00:00-04:00,TECH/SEMIMFR :: ACB-ADI-ALMS,6,7,0.4420365911322392,93,93,0.3619997318065867,0.2365591397849462,-0.1791923342001277,0.0033397973484428,0.0429301543182118,0.1535159960302494,0.0296944590911043,-0.0158049253535016,L058,8,115.0,-0.1913043478260869,Maturity
2026-05-04 00:00:00-04:00,NONCYCLICAL/FOODDRINKMFR :: ABM-ABVX-ACHV,7,8,0.428080405046597,63,63,0.2943992225679319,0.3174603174603174,-0.0692213141183842,0.0120501784307022,0.0396980335013122,0.1385610580916468,0.0264623382742047,-0.0070660977237823,L015,18,69.0,-0.0869565217391304,Maturity
2026-05-04 00:00:00-04:00,INDUSTRIAL/MEDDEVICESGEN :: AEBI-AGPU-AHCO,8,9,0.3414857523797342,83,83,0.2844287053035321,0.3012048192771084,-0.2203290263873065,0.0086362276318927,0.0358338687335483,0.1218882309035917,0.0225981735064408,-0.0109406515234533,L071,4,98.0,-0.1530612244897959,Maturity
2026-05-04 00:00:00-04:00,TECH/SOFTW :: AVNS-BBCQ-BCAR,9,10,0.332510807900609,33,33,0.0177380317827276,0.4545454545454545,1.4450139688226653,0.0014538909952082,-4.566049177438201e-05,0.0433659246099261,-0.0132813557188819,-0.0003151241590552,L016,18,107.0,-0.6915887850467289,Decay
2026-05-04 00:00:00-04:00,INDUSTRIAL/TELECOMGEN :: ABAT-ABCL-ACHR,10,11,0.2955345196069176,185,185,0.375348298076388,0.4,-0.1629463534342558,0.0701353446605674,0.0029027136595321,0.2073434824801742,-0.0103329815675754,-0.0037159583881024,L063,7,179.0,0.0335195530726257,Maturity
2026-05-04 00:00:00-04:00,TECH/SOFTW :: ABNB-ACIW-ACN,11,12,0.2005607182614757,242,243,0.4436365479366196,0.5785123966942148,0.1654655803573733,0.0346719665959569,0.0019452716775034,0.0683308469091603,-0.011290423549604,0.0054183335395301,L019,18,254.0,-0.0472440944881889,Maturity
2026-05-04 00:00:00-04:00,HEALTHCARE/HCARESUPPORT :: ABR-AGNC-AOMR,12,13,0.137751572746858,85,85,0.2695403052336815,0.1647058823529411,-0.1504246187205305,0.0018181291187271,0.0122288404933454,0.099054579848529,-0.001006854733762,-0.0158954785434723,L050,10,53.0,0.6037735849056604,Expansion
2026-05-04 00:00:00-04:00,HEALTHCARE/BIOPHARMASYS :: ABEO-ABUS-ACAD,13,14,0.1190841899221874,179,179,0.2803148295458715,0.7150837988826816,0.1492998807407267,0.0383583413131971,-0.0116244191008064,0.0741182179737356,-0.0248601143279139,0.0174663349751137,L006,18,181.0,-0.011049723756906,Maturity
2026-05-04 00:00:00-04:00,UNKNOWN/UNKNOWN :: ACRE-ARCC-BBDC,14,15,0.0885891524821851,45,45,0.4266360410782754,0.3777777777777777,-0.2319029907897682,0.0340344154500136,0.0041660388497292,0.0683760967751356,-0.0090696563773782,-0.0061960700284833,L023,18,39.0,0.1538461538461538,Expansion
2026-05-04 00:00:00-04:00,FINANCIAL/INVESTSVCE :: AIOT-AMZN-APO,15,16,-0.0093182070647731,63,63,0.292874476206144,0.3809523809523809,-0.2440926881847433,0.0392901976469838,-0.0127204707899799,0.0924379270309284,-0.0259561660170874,-0.0009395031548163,L078,1,,0.0,Emergence
2026-05-04 00:00:00-04:00,UTIL/ENERGYUTIL :: ACNT-AD-ADC,16,17,-0.127218950358491,163,163,0.3061568614430708,0.2269938650306748,-0.1792385418998099,0.0016654434458851,-0.0123533467833135,0.0207384540509215,-0.025589042010421,-0.0082430232968,L010,18,150.0,0.0866666666666666,Decay
2026-05-04 00:00:00-04:00,FINANCIAL/BANKSUSA :: ABCB-ACI-ACNB,17,18,-0.2137662028828216,196,196,0.312148084729501,0.096938775510204,-0.3585944531886277,-0.0023622327119069,-0.0188119431926116,0.0336855164371513,-0.0320476384197191,-0.012979569194447,L004,18,199.0,-0.0150753768844221,Decay
2026-05-04 00:00:00-04:00,HEALTHCARE/MEDDEVICESGEN :: ABT-ACA-AES,18,19,-0.2932032802394843,105,105,0.2891381652166689,0.3428571428571428,0.8977957444312472,-0.040115900622312,-0.0686675949305398,-0.0087690290788291,-0.0819032901576473,-0.007833135706498,L076,2,107.0,-0.0186915887850467,Emergence
2026-05-04 00:00:00-04:00,FINANCIAL/INSURANCE :: ACGL-ACIC-AGO,19,20,-0.3563504122756484,91,91,0.2443161116630527,0.2087912087912088,-0.081542091525289,0.0048467207234928,-0.0443454619840111,0.0029137759809205,-0.0575811572111186,-0.0101884799796209,L079,1,,0.0,Emergence
2026-05-04 00:00:00-04:00,INDUSTRIAL/DELIVERY :: ACEL-ADNT-ADT,20,21,-0.3717732374763489,179,179,0.3101114602732364,0.0446927374301676,1.0961152581399831,-0.0317293760548489,-0.0849926684980059,0.0208906517000124,-0.0982283637251135,-0.0460814713585111,L013,18,156.0,0.1474358974358974,Decay
2026-05-04 00:00:00-04:00,TECH/MEDIAPUB :: ALLE-AMCX-ARDT,21,22,-0.3723743814127815,98,98,0.1785354634654228,0.3469387755102041,-0.3435448208825959,0.009987375146243,-0.0483580088369951,0.0356233702017311,-0.0615937040641026,-0.0087304806291313,L064,7,97.0,0.0103092783505154,Decay
2026-05-04 00:00:00-04:00,FINANCIAL/HCARESUPPORT :: ACHC-ACT-AFG,22,23,-0.4391922407624128,121,121,0.3073102344790405,0.2644628099173554,0.4042902129722563,-0.0512309677871176,-0.0736982372561006,-0.0057863363591877,-0.0869339324832081,-0.0103014284836235,L074,3,123.0,-0.016260162601626,Decay
2026-05-04 00:00:00-04:00,FINANCIAL/BANKSINTL :: AAL-AEG-AER,23,24,-0.4392888933216198,69,69,0.3656144740673603,0.072463768115942,-0.315323744742747,0.0024710521169507,-0.0578296549176336,0.046754447598048,-0.0710653501447411,-0.0222731335966047,L077,2,83.0,-0.1686746987951807,Emergence
2026-05-04 00:00:00-04:00,HEALTHCARE/HCAREMISC :: A-ACU-ADPT,24,25,-0.4681348169127449,114,114,0.3406333933286982,0.3596491228070175,0.050526427083558,0.017840233058158,-0.0746107146650477,0.0131458653335748,-0.0878464098921552,-0.0081178727902696,L060,8,135.0,-0.1555555555555555,Decay
2026-05-04 00:00:00-04:00,HEALTHCARE/BIOPHARMAOTHER :: AAT-ABEV-ALC,25,26,-0.4961455200507464,113,113,0.3213113816320773,0.2831858407079646,0.0430568232146451,0.0207368835865816,-0.0749904218009939,0.0092342003348858,-0.0882261170281014,-0.0094048364845936,L072,4,126.0,-0.1031746031746031,Decay
2026-05-04 00:00:00-04:00,MATERIALS/ORE :: AA-AEM-AG,26,27,-0.6804454303130973,104,104,0.4489209573644299,0.1826923076923076,-0.1853832093373376,0.0193857034470568,-0.0938927721097619,0.0020244666323338,-0.1071284673368694,-0.0157202579622479,L027,16,100.0,0.04,Decay
2026-05-05 00:00:00-04:00,TECH/FOODDRINKMFR :: ABEV-ABVX-ADM,0,1,1.4692625797452763,120,120,0.2819029817258023,0.925,2.3119823073703096,0.1015604941617891,0.1111353277641134,0.1815624023495698,0.0832999893680653,0.0910490071407085,L080,1,,0.0,Emergence
2026-05-05 00:00:00-04:00,TECH/SEMIMFR :: AAOI-ACLS-ACMR,1,2,0.8472185827016439,137,137,0.2567177635918295,0.7664233576642335,0.3029368968529364,0.0337006251125683,0.0804912742006876,0.2858037988113542,0.0526559358046395,0.0251701457563142,L047,12,154.0,-0.1103896103896103,Maturity
2026-05-05 00:00:00-04:00,TECH/SOFTW :: AAPL-ACCO-ACOG,2,3,0.8392822857889207,79,79,0.2974977941043341,0.759493670886076,0.3470355075373356,0.1021468419044271,0.0966554972023047,0.181559386243061,0.0688201588062567,0.0113868755393662,L075,3,81.0,-0.0246913580246913,Maturity
2026-05-05 00:00:00-04:00,TECH/INTERNET :: ABNB-AEBI-AGPU,3,4,0.8250054504846593,110,110,0.2945604444832562,0.7818181818181819,-0.0392030204837098,0.0433921898302133,0.0964644840851748,0.2534622639130127,0.0686291456891267,0.0237261033803217,L071,5,83.0,0.3253012048192771,Expansion
2026-05-05 00:00:00-04:00,INDUSTRIAL/MACHINE :: AAP-ABBV-ADAM,4,5,0.7731742633979632,159,159,0.3111026851711931,0.7861635220125787,0.5266940058390344,0.0230134535736176,0.0803566786654524,0.162154378636575,0.0525213402694043,0.0213254660427876,L065,8,183.0,-0.1311475409836065,Maturity
2026-05-05 00:00:00-04:00,TECH/COMPUTER :: ADP-AGIO-APH,5,6,0.743326747776154,85,85,0.3720472044160198,0.7176470588235294,-0.0055593720991139,0.0114095316354273,0.095944103281583,0.179353124254275,0.0681087648855349,0.0162782543764528,L070,5,88.0,-0.034090909090909,Maturity
2026-05-05 00:00:00-04:00,FINANCIAL/BANKSINTL :: ACHV-AIT-AMLX,6,7,0.5817206157163216,71,71,0.28831629881817,0.8028169014084507,-0.0242291757952016,0.0203485845583424,0.0726299653637543,0.1609814990321651,0.0447946269677063,0.0189966611049613,L015,19,63.0,0.1269841269841269,Expansion
2026-05-05 00:00:00-04:00,INDUSTRIAL/SEMIMFR :: ACB-ACDC-ADI,7,8,0.5323289643210201,95,95,0.3372311251058692,0.7789473684210526,-0.2213393765565699,-0.0034637919988175,0.0709140174652343,0.1693585896577807,0.0430786790691862,0.0119914029501944,L058,9,93.0,0.021505376344086,Maturity
2026-05-05 00:00:00-04:00,TECH/SOFTW :: AVNS-BBCQ-BCAR,8,9,0.4399920943992041,30,30,0.027676679612132,0.5333333333333333,1.7887091295388724,0.0065320266423909,0.0065483208670665,0.0533959598536876,-0.0212870175289815,0.0067143857609128,L016,19,33.0,-0.0909090909090909,Decay
2026-05-05 00:00:00-04:00,ENERGY/OILGASINTEG :: AGRO-AM-AMPY,9,10,0.3626231378170098,118,118,0.3285601179972062,0.5423728813559322,-0.1284838551820035,0.0066616951255387,0.0767248423973863,0.0143200859473827,0.0488895040013382,0.0005043001620999,L022,19,136.0,-0.1323529411764706,Maturity
2026-05-05 00:00:00-04:00,FINANCIAL/FINSPECIAL :: AAON-ACTG-ADEA,10,11,0.3282333490520936,105,106,0.3352872501463669,0.1904761904761904,3.173049657995712,-0.0620575744261743,-0.0594769889390955,0.0067577477357351,-0.0873123273351435,-0.0668662621065893,L081,1,,0.0,Emergence
2026-05-05 00:00:00-04:00,HEALTHCARE/BIOPHARMASYS :: ABEO-ABUS-AGEN,11,12,0.3070785723710202,158,158,0.2486490873908426,0.4430379746835443,0.0858516605921825,0.0484620526377868,0.0424985222355149,0.1225340055204163,0.0146631838394668,0.0004087468231319,L006,19,179.0,-0.1173184357541899,Maturity
2026-05-05 00:00:00-04:00,INDUSTRIAL/TELECOMGEN :: ABAT-ABCL-ACHR,12,13,0.2049974619364185,139,139,0.375150038911115,0.4820143884892086,-0.0719367853368145,0.0054488248830121,0.013416150322261,0.1971946108248481,-0.014419188073787,0.0074499161110254,L063,8,185.0,-0.2486486486486486,Maturity
2026-05-05 00:00:00-04:00,UNKNOWN/UNKNOWN :: ACRE-ARCC-BBDC,13,14,0.153043046961889,43,43,0.4393640287922002,0.5813953488372093,-0.0418765811788279,0.0101029209849215,0.0229803920914823,0.0709708420392833,-0.0048549463045657,0.0012529118145167,L023,19,45.0,-0.0444444444444444,Maturity
2026-05-05 00:00:00-04:00,FINANCIAL/REIT :: ABM-ABR-ADC,14,15,0.0940219969996582,100,100,0.2552602244044479,0.8,-0.0082877075724643,-0.0010780236883159,0.0106873665415193,0.0622470216730128,-0.0171479718545286,0.008398206933398,L010,19,163.0,-0.3865030674846625,Maturity
2026-05-05 00:00:00-04:00,TECH/SOFTW :: ACIW-ACN-ACVA,15,16,0.0553335466246697,224,224,0.4426964036967246,0.4508928571428571,0.0574546141848208,0.0360572766434995,0.0063783895124822,0.072337504552841,-0.0214569488835658,-0.0011626913212799,L019,19,242.0,-0.0743801652892562,Maturity
2026-05-05 00:00:00-04:00,UTIL/ENERGYUTIL :: ABT-ACI-AD,16,17,0.0342270076856207,102,102,0.3494604235824848,0.5392156862745098,0.311277136738362,-0.0116615306073903,0.0068915896821805,-0.0085951058867237,-0.0209437487138674,0.0012917812561599,L082,1,,0.0,Emergence
2026-05-05 00:00:00-04:00,FINANCIAL/BANKSUSA :: ABCB-ACNB-AGM,17,18,-0.0012756742681969,193,193,0.3203955037941464,0.922279792746114,-0.3998540054135909,0.0029273554878052,0.0090010836637114,0.0473516837071037,-0.0188342547323366,0.012647972555906,L004,19,196.0,-0.0153061224489795,Decay
2026-05-05 00:00:00-04:00,FINANCIAL/INVESTSVCE :: AEG-AFCG-AIOT,18,19,-0.021787070230429,76,76,0.2891761555738201,0.8157894736842105,-0.0523638867298005,0.0029652785871668,-0.0111826790497206,0.0782866904012507,-0.0390180174457687,0.0144823293871989,L077,3,69.0,0.1014492753623188,Decay
2026-05-05 00:00:00-04:00,FINANCIAL/INSURANCE :: ACGL-ACIC-AGO,19,20,-0.084428624351429,96,96,0.2133896612693183,0.625,0.2907829432902903,-0.0050475280482987,-0.0190574656730213,0.0306570932452545,-0.0468928040690693,0.0050203219815536,L064,8,98.0,-0.0204081632653061,Decay
2026-05-05 00:00:00-04:00,INDUSTRIAL/DELIVERY :: ABG-ACEL-ADT,20,21,-0.146062783032972,64,64,0.3253551658603263,0.75,0.7298993163486847,-0.0519536300337373,-0.0536442151084885,0.0216756499629837,-0.0814795535045366,0.0192708288346111,L013,19,179.0,-0.6424581005586593,Decay
2026-05-05 00:00:00-04:00,CYCLICALS/HOSPITALITY :: ADNT-AEO-ALG,21,22,-0.1845088519738074,158,158,0.3075522380391411,0.8417721518987342,0.3217967217708136,-0.0180665157818265,-0.04926249851551,0.0440449027187549,-0.0770978369115581,0.018307509580754,L083,1,,0.0,Emergence
2026-05-05 00:00:00-04:00,HEALTHCARE/HCAREMISC :: A-ACU-ADPT,22,23,-0.2440648977758513,105,106,0.3366399371285248,0.7047619047619048,0.207986832601724,0.0092298866668043,-0.0484137799933053,0.0337755762326991,-0.0762491183893534,0.0113706119485738,L060,9,114.0,-0.0789473684210526,Decay
2026-05-05 00:00:00-04:00,HEALTHCARE/BIOPHARMAOTHER :: ACA-ACAD-AES,23,24,-0.2605229834847447,99,99,0.2995772788102291,0.6262626262626263,0.6040510339751439,-0.0493547633994371,-0.0589948060257672,0.0036616183851161,-0.0868301444218152,0.0088761198660968,L076,3,105.0,-0.0571428571428571,Decay
2026-05-05 00:00:00-04:00,HEALTHCARE/BIOPHARMAOTHER :: AAT-ALC-ALOT,24,25,-0.2624588624284723,111,111,0.3185664835793457,0.6486486486486487,0.0015434423883154,0.0003342674375105,-0.0412512989958877,0.0392833174452304,-0.0690866373919358,0.0065890995389264,L072,5,113.0,-0.0176991150442477,Decay
2026-05-05 00:00:00-04:00,HEALTHCARE/HCARESUPPORT :: ACHC-ACT-AFG,25,26,-0.3014264436334094,117,117,0.3052472962734053,0.6581196581196581,0.1583495988158713,0.0014727978939237,-0.0488218718068526,0.0097374226984397,-0.0766572102029007,0.0084821269649543,L074,4,121.0,-0.0330578512396694,Confirmation
2026-05-05 00:00:00-04:00,INDUSTRIAL/HOSPITALITY :: AAL-ACM-ALGT,26,27,-0.3611715538784583,74,74,0.2474664305559138,0.6486486486486487,-0.2426031137000861,0.0035705757789324,-0.0443082230660411,0.0340777855105622,-0.0721435614620891,0.0091175056936492,L079,2,91.0,-0.1868131868131868,Emergence
2026-05-05 00:00:00-04:00,MATERIALS/ORE :: AA-AEM-AG,27,28,-0.3985122023001947,91,91,0.4665397243137799,0.5164835164835165,-0.0608582317443696,-0.017905771233533,-0.0518177157982666,-0.0056000581988314,-0.0796530541943146,0.002259845878767,L027,17,104.0,-0.125,Decay
2026-05-05 00:00:00-04:00,UNKNOWN/UNKNOWN :: BBAR-BMA-CEPU,28,29,-0.4687031030952823,14,14,0.4401310088872333,0.5,0.5170123535690554,-0.0158509438270662,-0.0714306844720113,-0.0881694791190901,-0.0992660228680594,0.008829760373503,L084,1,,0.0,Emergence
2026-05-05 00:00:00-04:00,TECH/SEMIMFR :: ALLE-ARE-AVBC,29,30,-0.4762097209658757,47,47,0.3271738374199747,0.6808510638297872,-0.342585401277673,-0.006647370866038,-0.0600310601268511,0.0228543615858894,-0.0878663985228992,0.0088257896569085,L085,1,,0.0,Emergence
2026-05-06 00:00:00-04:00,TECH/ELECTRONICEQUIP :: ACLS-ACNT-ACT,0,1,1.5116651732359954,138,139,0.4141990676864844,0.9202898550724636,2.9188867025780776,0.1053978835730273,0.0925445291678575,0.1555526343498338,0.060823944724995,0.0959493630146847,L086,1,,0.0,Emergence
2026-05-06 00:00:00-04:00,NONCYCLICAL/FOODDRINKMFR :: ABCL-ABEV-ABVX,1,2,1.1135240896513434,108,108,0.3020423452010842,0.5370370370370371,0.9610882910887352,0.1130270846106285,0.1274499947315033,0.1827942421927303,0.0957294102886408,0.0091930552979507,L080,2,120.0,-0.1,Emergence
2026-05-06 00:00:00-04:00,TECH/SEMIMFR :: AAOI-ACMR-AEHR,2,3,0.8718015756159633,131,131,0.2448448388006581,0.7786259541984732,0.4412170049228721,0.043885068424341,0.0910748223738233,0.2644487125803993,0.0593542379309608,0.0229081232037099,L047,13,137.0,-0.0437956204379562,Maturity
2026-05-06 00:00:00-04:00,INDUSTRIAL/MACHINE :: AAP-ABR-ADAM,3,4,0.8461993792054033,149,149,0.30529424010322,0.7583892617449665,0.4951723429914529,0.0229934387028743,0.1060650648796343,0.1533278718140673,0.0743444804367719,0.0171957370809777,L065,9,159.0,-0.0628930817610062,Maturity
2026-05-06 00:00:00-04:00,TECH/SOFTW :: AAPL-ACCO-AIG,4,5,0.7320046012665329,72,72,0.3055941301800833,0.6111111111111112,0.2040451382176353,0.0101093236853462,0.1028068234566344,0.1693325762804202,0.071086239013772,0.0022862436674798,L075,4,79.0,-0.0886075949367088,Confirmation
2026-05-06 00:00:00-04:00,TECH/COMPUTER :: ADP-AGIO-APH,5,6,0.7164080589152594,79,79,0.3806095172903604,0.7088607594936709,0.1376983265924805,0.0173304558901377,0.0996507051754347,0.1641802835300226,0.0679301207325722,0.0097531363197861,L070,6,85.0,-0.0705882352941176,Maturity
2026-05-06 00:00:00-04:00,NONCYCLICAL/FOODDRINKMFR :: ACHV-AIT-AMBP,6,7,0.4684852826172431,60,60,0.263216513600141,0.7,0.0879507479712877,0.0150241257628687,0.0720825180012334,0.1372244911731517,0.0403619335583709,0.0084424831850871,L015,20,71.0,-0.1549295774647887,Maturity
2026-05-06 00:00:00-04:00,INDUSTRIAL/SEMIMFR :: ADI-AEC-ALGM,7,8,0.4585356187340734,95,95,0.3522476282824295,0.7473684210526316,-0.0581867758417363,0.0095431743266574,0.0729838446235376,0.1400661206848159,0.0412632601806752,0.0144358367911922,L058,10,95.0,0.0,Maturity
2026-05-06 00:00:00-04:00,TELECOM/TELECOMGEN :: AA-ABAT-ACB,8,9,0.4102751695280052,108,108,0.3486965725784629,0.9444444444444444,0.7830296482256188,0.0601748943349401,0.0096685079081328,0.2026998695934512,-0.0220520765347296,0.0716223188680808,L063,9,139.0,-0.2230215827338129,Maturity
2026-05-06 00:00:00-04:00,HEALTHCARE/BIOPHARMASYS :: ABEO-ABUS-AGEN,9,10,0.3898463009768789,159,159,0.2379526116708272,0.7232704402515723,0.4926339764945695,0.0582076115352665,0.0453542877489715,0.1195419359072689,0.013633703306109,0.0181203077211256,L006,20,158.0,0.0063291139240506,Maturity
2026-05-06 00:00:00-04:00,HEALTHCARE/COMMEQUIP :: ACEL-ACIC-ACM,10,11,0.286045297996836,167,167,0.3202215681227978,0.1976047904191616,2.680021779550985,-0.0494288842355305,-0.0367341163910709,0.0340594545921541,-0.0684547008339334,-0.0603314146655633,L087,1,,0.0,Emergence
2026-05-06 00:00:00-04:00,UNKNOWN/UNKNOWN :: ACRE-ARCC-BBDC,11,12,0.2356957124846352,36,36,0.4224323928942819,0.3055555555555556,0.8423409061951092,-0.0035974329799079,0.0232642110653713,0.0763308751262754,-0.008456373377491,-0.0066853730861672,L023,20,43.0,-0.1627906976744186,Maturity
2026-05-06 00:00:00-04:00,MATERIALS/ORE :: AEM-AG-AGI,12,13,0.2158982613988285,135,135,0.4621345377360171,1.0,0.960476974031399,0.0552746266906827,0.0036341416478688,0.0212851576757186,-0.0280864427949935,0.0665993338071606,L027,18,91.0,0.4835164835164835,Expansion
2026-05-06 00:00:00-04:00,UNKNOWN/UNKNOWN :: BBAR-BMA-CEPU,13,14,0.1507166221330156,14,14,0.4080217617594461,0.8571428571428571,1.1297467186000594,0.0743460390639768,0.0041996646182923,-0.0414818457747133,-0.02752091982457,0.0497131191643204,L084,2,14.0,0.0,Emergence
2026-05-06 00:00:00-04:00,FINANCIAL/REIT :: AAT-ADC-AKR,14,15,0.1001571810372786,73,73,0.3147514127312955,0.8904109589041096,0.0092805157755167,0.0115885807094118,0.0263987630001895,0.0643272555072791,-0.0053218214426729,0.0138073450954664,L010,20,100.0,-0.27,Maturity
2026-05-06 00:00:00-04:00,HEALTHCARE/BIOPHARMAOTHER :: AGL-ALM-AMRC,15,16,0.0517743904762585,121,121,0.2643956092890429,0.6942148760330579,0.2376850003616995,0.0389278323122809,0.0073545214218053,0.1077138656478708,-0.0243660630210571,0.0202427478874362,L072,6,111.0,0.09009009009009,Maturity
2026-05-06 00:00:00-04:00,FINANCIAL/INVESTSVCE :: AEG-ALLY-AMP,16,17,0.0049425917770177,104,105,0.3774652820907844,0.8173076923076923,0.0096187840692427,0.0147814881778232,0.0126879159975824,0.0636011380881219,-0.0190326684452799,0.0137406482620648,L077,4,76.0,0.3684210526315789,Confirmation
2026-05-06 00:00:00-04:00,ENERGY/OILGASINTEG :: ACDC-AESI-AGRO,17,18,-0.0347498318539645,131,131,0.4193644682489849,0.0381679389312977,0.6642682981816284,-0.0325320750397447,0.0105019168454077,0.0129674740011946,-0.0212186675974547,-0.050902827652672,L022,20,118.0,0.1101694915254237,Decay
2026-05-06 00:00:00-04:00,UNKNOWN/UNKNOWN :: ABCB-ACNB-AMPH,18,19,-0.0606514124197556,170,170,0.3727143223661776,0.8470588235294118,-0.3070744974759375,0.0098080079558863,0.023293586846126,0.0264131989896864,-0.0084269975967363,0.0081508464368161,L004,20,193.0,-0.1191709844559585,Decay
2026-05-06 00:00:00-04:00,TECH/SOFTW :: ATII-AVNS-BBCQ,19,20,-0.0629597781302653,25,25,0.0455444901901004,0.48,0.3264079488050996,0.0011973478565555,0.0051856299283598,0.068554153298864,-0.0265349545145025,0.0012154492698155,L016,20,30.0,-0.1666666666666666,Decay
2026-05-06 00:00:00-04:00,INDUSTRIAL/HOSPITALITY :: AAL-AEO-ALGT,20,21,-0.0664005459606503,179,179,0.3845453981770558,0.9273743016759776,0.410909771606495,0.0158106479284476,-0.0127314025812101,0.0285656604668812,-0.0444519870240726,0.0300187685531706,L083,2,158.0,0.1329113924050632,Emergence
2026-05-06 00:00:00-04:00,TECH/SOFTW :: ABNB-ACIW-ACN,21,22,-0.0731840138587762,213,213,0.4195449222567269,0.2816901408450704,0.5010311696812842,-0.0047774296516759,-0.0072419827961432,0.0713297830097328,-0.0389625672390056,-0.0122191318693534,L019,20,224.0,-0.0491071428571428,Decay
2026-05-06 00:00:00-04:00,UTIL/ENERGYUTIL :: ABBV-ACI-AD,22,23,-0.0952497827375013,102,102,0.32026855376261,0.2941176470588235,0.6099111615586853,-0.01318733782496,0.0047840032115985,-0.0209764466789466,-0.0269365812312639,-0.0070179325482252,L082,2,102.0,0.0,Emergence
2026-05-06 00:00:00-04:00,FINANCIAL/INSURANCE :: ACGL-AGO-ALL,23,24,-0.1387754393931581,79,79,0.2532106452960634,0.6455696202531646,0.2258936507520509,0.0048728435947747,-0.0004491734853088,0.0110836569463953,-0.0321697579281712,0.0086493283025765,L064,9,96.0,-0.1770833333333333,Decay
2026-05-06 00:00:00-04:00,NONCYCLICAL/PERSONALCAREPRODUCT :: ADT-ANF-ARCB,24,25,-0.3485000282920819,77,77,0.2871157867383486,0.6233766233766234,0.3629445759746486,-0.0423502458611191,-0.0382429843832092,0.0077689735588564,-0.0699635688260716,0.0099498737447121,L013,20,64.0,0.203125,Decay
2026-05-06 00:00:00-04:00,FINANCIAL/FINSPECIAL :: AAON-ADEA-ADTN,25,26,-0.4065576822121278,93,93,0.3431888089696763,0.6021505376344086,0.989231562901228,-0.0659873027393722,-0.069314112301381,-0.0243287686500543,-0.1010346967442434,0.0092051686032323,L081,2,105.0,-0.1142857142857142,Emergence
2026-05-06 00:00:00-04:00,HEALTHCARE/MEDDEVICESGEN :: ABT-ACA-ACAD,26,27,-0.4177511210860247,99,99,0.2796927059645491,0.6464646464646465,0.4388893090274577,0.0061566223347294,-0.0512537535804482,-6.922799769865226e-05,-0.0829743380233107,0.0073259415234579,L076,4,99.0,0.0,Decay
2026-05-06 00:00:00-04:00,FINANCIAL/INSURANCE :: ACHC-AFG-AFL,27,28,-0.447260811143546,104,104,0.3291839100818801,0.6442307692307693,0.2254502839062186,0.006378725958248,-0.0456189629514728,-0.0088266196992964,-0.0773395473943352,0.0055906083657477,L074,5,117.0,-0.1111111111111111,Decay
2026-05-06 00:00:00-04:00,HEALTHCARE/HCAREMISC :: A-ABM-ACU,28,29,-0.4893507939507752,89,90,0.3439658569166028,0.6629213483146067,0.1438550746020922,0.0159798405469373,-0.0535207771369123,0.0120215438826931,-0.0852413615797747,0.0141111520201483,L060,10,105.0,-0.1523809523809524,Decay
2026-05-06 00:00:00-04:00,TECH/INTERNET :: ABG-ALLE-ARE,29,30,-0.5298699347507633,48,48,0.3048479821990723,0.7083333333333334,-0.0366416697653724,0.0138719560425022,-0.0524501073025883,0.0132331950166115,-0.0841706917454508,0.018800224034796,L085,2,47.0,0.0212765957446808,Emergence
2026-05-07 00:00:00-04:00,INDUSTRIAL/AERODEF :: AAON-ACAD-ACIW,0,1,1.970035177025061,156,156,0.3811350161409451,0.8461538461538461,6.130441759546127,0.1241279261544044,0.1285815999737036,0.2010068333542766,0.0959465214384544,0.0987941403781079,L088,1,,0.0,Emergence
2026-05-07 00:00:00-04:00,NONCYCLICAL/HCAREMISC :: A-ABCL-ABEV,1,2,0.9862470666481328,105,105,0.2920510912470351,0.4476190476190476,0.3746750219181775,0.1007201023998276,0.1447880541029503,0.1798867529032866,0.1121529755677011,-0.0044287550981203,L080,3,108.0,-0.0277777777777777,Maturity
2026-05-07 00:00:00-04:00,TECH/SEMIMFR :: ADI-ADP-AENT,2,3,0.76573171335684,87,87,0.3519778299207536,0.3563218390804598,0.613934723734134,0.0203840252893975,0.101299555454938,0.1843021532654721,0.0686644769196888,-0.0082007151072561,L070,7,79.0,0.1012658227848101,Expansion
2026-05-07 00:00:00-04:00,TECH/CHEMCOMMOD :: AAPL-ACCO-ACOG,3,4,0.7222453981925472,77,77,0.3022608733621548,0.4675324675324675,0.2272889235463503,0.0080883634633153,0.1076221478739411,0.1594349796963675,0.0749870693386919,-0.0014888578875149,L075,5,72.0,0.0694444444444444,Maturity
2026-05-07 00:00:00-04:00,TECH/GENMERCH :: ACLS-ACT-ADNT,4,5,0.7066935535171442,136,136,0.4107216171541222,0.3088235294117647,1.0725126301470258,0.0948118798927619,0.0890435822033988,0.1343333821133985,0.0564085036681496,-0.0142402467862672,L086,2,138.0,-0.0144927536231884,Emergence
2026-05-07 00:00:00-04:00,INDUSTRIAL/MACHINE :: AAP-ABBV-ABSI,5,6,0.6767378682792012,121,121,0.3315828093968395,0.3057851239669421,0.2479297572179343,0.0229412243919334,0.1074495095607522,0.1434602241572732,0.074814431025503,-0.0121229308604439,L065,10,149.0,-0.1879194630872483,Maturity
2026-05-07 00:00:00-04:00,TECH/SOFTW :: ABNB-ACN-ADBE,6,7,0.64787289268049,172,172,0.4158241698996771,0.9127906976744186,0.7875833446675234,0.0153342562065487,0.0685718151966854,0.124712410176957,0.0359367366614362,0.0346239605561743,L019,21,213.0,-0.1924882629107981,Maturity
2026-05-07 00:00:00-04:00,TECH/SEMIMFR :: AAOI-AEHR-AGPU,7,8,0.448465203158056,144,144,0.1996612956395138,0.2708333333333333,0.350042582108985,0.0275108676061683,0.0598154301021372,0.1935228088320585,0.027180351566888,-0.0201167520931794,L047,14,131.0,0.099236641221374,Decay
2026-05-07 00:00:00-04:00,NONCYCLICAL/METAL :: ACHV-AIT-AMLX,8,9,0.394322453421521,53,53,0.2760607585763023,0.3018867924528302,-0.2521498467296494,0.0180700800171998,0.0755940907003848,0.1419481945715638,0.0429590121651356,-0.0125086247426386,L015,21,60.0,-0.1166666666666666,Maturity
2026-05-07 00:00:00-04:00,MATERIALS/ORE :: AAL-AEM-AG,9,10,0.1747311031622003,136,136,0.4624812444280447,0.3382352941176471,0.781333035882135,0.073951130126686,0.0287059884807438,0.0216544248842425,-0.0039290900545053,-0.0035561132385593,L027,19,135.0,0.0074074074074074,Maturity
2026-05-07 00:00:00-04:00,FINANCIAL/REIT :: AAT-ABR-ADC,10,11,0.1729066839937275,77,77,0.3045676370002001,0.3766233766233766,0.7161723980101327,0.0227080825974747,0.0261210745638429,0.053882981976861,-0.0065140039714062,-0.0002830295482102,L010,21,73.0,0.0547945205479452,Maturity
2026-05-07 00:00:00-04:00,HEALTHCARE/BIOPHARMASYS :: ABEO-ABUS-ACRS,11,12,0.1562924610955543,145,145,0.2508774708512548,0.2206896551724138,0.0486043144348161,-0.0057659628523577,0.0444343051969258,0.0745737202109874,0.0117992266616766,-0.0229520084569246,L006,21,159.0,-0.0880503144654088,Maturity
2026-05-07 00:00:00-04:00,TECH/INTERNET :: ABAT-ACB-ACHR,12,13,0.087345753680386,140,140,0.3168698324824184,0.0428571428571428,0.1965575308998942,0.0196187692134452,0.0118114640703688,0.1741858491658283,-0.0208236144648803,-0.0502810521716211,L063,10,108.0,0.2962962962962963,Expansion
2026-05-07 00:00:00-04:00,UNKNOWN/UNKNOWN :: ARCC-BBDC-BCSF,13,14,0.082508885994846,34,34,0.4210203180779306,0.1764705882352941,0.19761595405027,-0.0191864464080571,0.0305373604420239,0.0479545984755484,-0.0020977180932252,-0.0140654180240935,L023,21,36.0,-0.0555555555555555,Maturity
2026-05-07 00:00:00-04:00,TECH/INTERNET :: AARD-ACNT-ACRE,14,15,-0.0165567419482472,172,172,0.3874644110863898,0.0755813953488372,3.05509711956887,-0.0641786209915782,-0.0509150732938959,-0.0077672903301817,-0.0835501518291451,-0.0900951869013519,L089,1,,0.0,Emergence
2026-05-07 00:00:00-04:00,FINANCIAL/INVESTSVCE :: ABM-AEG-AGNC,15,16,-0.0482114970277093,99,99,0.3609046723078455,0.1616161616161616,0.3323338075701487,0.0128077474420422,0.0079616019168344,0.0415924502051681,-0.0246734766184147,-0.011890680563584,L077,5,104.0,-0.048076923076923,Decay
2026-05-07 00:00:00-04:00,TECH/SOFTW :: ATII-AVNS-BBCQ,16,17,-0.0882715368189277,30,30,0.0389775486303037,0.5666666666666667,-0.2441408331711607,0.0058540492734429,0.0077525905682762,0.061259329923419,-0.0248824879669729,0.0011631759020905,L016,21,25.0,0.2,Decay
2026-05-07 00:00:00-04:00,HEALTHCARE/COMMEQUIP :: ACEL-ACIC-ACM,17,18,-0.1291842761293691,139,139,0.3681831693688887,0.4748201438848921,1.0940864696299928,-0.0587740749757903,-0.0330740940969886,0.0179607253294384,-0.0657091726322378,-0.0023541612188383,L087,2,167.0,-0.1676646706586826,Emergence
2026-05-07 00:00:00-04:00,TELECOM/TELECOMGEN :: ABCB-ACNB-AEBI,18,19,-0.1418283450636974,187,187,0.3632748424693308,0.3689839572192513,-0.3260753742117271,0.0220130089117787,0.0111414764542584,0.0060902120278636,-0.0214936020809907,-0.002406513205443,L004,21,170.0,0.1,Decay
2026-05-07 00:00:00-04:00,ENERGY/OILGASINTEG :: ACDC-AESI-AGRO,19,20,-0.1769660416295446,144,144,0.4350719856692889,0.2083333333333333,0.3985156514688929,-0.0636402553148376,-0.0133880710764566,0.014204949372014,-0.0460231496117058,-0.0180427366719005,L022,21,131.0,0.099236641221374,Decay
2026-05-07 00:00:00-04:00,UNKNOWN/UNKNOWN :: BBAR-BMA-CEPU,20,21,-0.252289182954183,16,16,0.4096067529228693,0.0625,-0.0134239135998019,0.0386451787048722,0.0063610378157423,-0.0579080479006961,-0.0262740407195068,-0.0250800608711809,L084,3,14.0,0.1428571428571428,Decay
2026-05-07 00:00:00-04:00,UTIL/ENERGYUTIL :: ABT-ACI-AEE,21,22,-0.2878584709666218,95,95,0.269514864327959,0.4842105263157895,0.2649947968352092,-0.0056846300664806,-0.0231928308121644,-0.0346447759051879,-0.0558279093474136,0.0002325587572935,L082,3,102.0,-0.0686274509803921,Decay
2026-05-07 00:00:00-04:00,NONCYCLICAL/FOODDRINKMFR :: ADT-AMT-ARCB,22,23,-0.2952752685287,80,80,0.2637596088564894,0.475,0.307665916864006,0.023958425467774,-0.0354004398903313,0.0135049508165409,-0.0680355184255805,-0.0011729131925808,L013,21,77.0,0.0389610389610389,Decay
2026-05-07 00:00:00-04:00,INDUSTRIAL/TRAINTRUCK :: AEO-ALG-ALV,23,24,-0.3343832701063801,166,166,0.3838766018928053,0.1686746987951807,0.1847653007430877,0.0342802286319897,-0.027306933188703,-0.0049894131688624,-0.0599420117239522,-0.0132876059845066,L083,3,179.0,-0.0726256983240223,Decay
2026-05-07 00:00:00-04:00,FINANCIAL/INSURANCE :: ACGL-AGO-AIZ,24,25,-0.3532591509928082,79,79,0.2418634097782825,0.4430379746835443,-0.0364825885698612,0.0080790177206241,-0.03383148189095,0.0133693776340452,-0.0664665604261992,0.00080336604269,L064,10,79.0,0.0,Decay
2026-05-07 00:00:00-04:00,FINANCIAL/HCARESUPPORT :: ACHC-AFG-AFL,25,26,-0.3628017919626554,102,102,0.3291327424987605,0.5784313725490197,-0.0122060625856695,0.0154803622162965,-0.0373618196021711,-0.0129549538347453,-0.0699968981374203,0.0025928358831307,L074,6,104.0,-0.0192307692307692,Decay
2026-05-07 00:00:00-04:00,HEALTHCARE/BIOPHARMAOTHER :: ACA-AES-ALH,26,27,-0.368021267775981,84,84,0.3080195434305333,0.4761904761904761,0.2163818685809343,0.0185989952130785,-0.0409081852966445,-0.0119936559274621,-0.0735432638318937,0.0005960573812579,L076,5,99.0,-0.1515151515151515,Decay
2026-05-07 00:00:00-04:00,FINANCIAL/FINSPECIAL :: ADEA-ADTN-ADUS,27,28,-0.4490116612551653,84,84,0.3657102770805466,0.4166666666666667,0.776840360299042,-0.0802213650730038,-0.0651121077088193,-0.0346689629549746,-0.0977471862440685,-0.0016619294642593,L081,3,93.0,-0.0967741935483871,Decay
2026-05-07 00:00:00-04:00,HEALTHCARE/BIOPHARMAOTHER :: ALM-APAM-ARI,28,29,-0.4831929928592514,79,79,0.3360969684296656,0.2658227848101265,-0.0537987763696506,0.0070388214225088,-0.0475577694955619,-0.0063988831254066,-0.0801928480308111,-0.0114721040716541,L072,7,121.0,-0.3471074380165289,Decay
2026-05-07 00:00:00-04:00,TECH/ELECTRONICEQUIP :: AA-ABG-ALLE,29,30,-0.5297256577785856,45,45,0.3171584426367393,0.3555555555555555,-0.0676883331189251,0.0198081099379973,-0.0515096390581654,-0.0351805405175621,-0.0841447175934146,-0.0084081528477242,L085,3,48.0,-0.0625,Decay
2026-05-08 00:00:00-04:00,FINANCIAL/REIT :: AD-AFRM-AFYA,0,1,1.62729888939183,93,93,0.3376821006374491,0.9247311827956988,3.260363119657264,0.1101186546402364,0.1150237782680891,0.1787463117563896,0.0820395917749839,0.0992825873635006,L090,1,,0.0,Emergence
2026-05-08 00:00:00-04:00,UTIL/ENERGYUTIL :: AAON-ACAD-ACIW,1,2,1.1456947746386807,140,140,0.3887465824714182,0.5357142857142857,0.9728586318025754,0.1257965851903989,0.1352965190766049,0.2294494461067445,0.1023123325834997,0.0102700254819206,L088,2,156.0,-0.1025641025641025,Emergence
2026-05-08 00:00:00-04:00,TECH/FOODDRINKMFR :: ABCL-ABEV-ABVX,2,3,1.0265442859835328,106,106,0.2732678991119308,0.6132075471698113,0.2852225791628017,0.0145308437051785,0.1494766964284637,0.2116602770588457,0.1164925099353585,0.0139453075696822,L080,4,105.0,0.0095238095238095,Maturity
2026-05-08 00:00:00-04:00,TECH/BANKSINTL :: ACLS-ADNT-AERO,3,4,0.748969968764729,148,148,0.3873810241544433,0.5067567567567568,0.4565685216611237,0.0918963941665848,0.1003424424530869,0.1671472384692193,0.0673582559599817,0.0061565857242533,L086,3,136.0,0.088235294117647,Maturity
2026-05-08 00:00:00-04:00,TECH/SEMIMFR :: ADI-ADP-AGIO,4,5,0.6890440472064944,88,88,0.3511498373667484,0.6136363636363636,-0.1264462679069293,0.0124830132479382,0.1049734700919672,0.208202039109599,0.071989283598862,0.0086633734414877,L070,8,87.0,0.0114942528735632,Maturity
2026-05-08 00:00:00-04:00,INDUSTRIAL/MACHINE :: AAP-ABBV-ADAM,5,6,0.6802339360316952,123,123,0.3026389822704063,0.5772357723577236,0.0638010221256698,0.0172952375750954,0.108317537403029,0.1548431330397025,0.0753333509099239,0.0104908792313534,L065,11,121.0,0.0165289256198347,Maturity
2026-05-08 00:00:00-04:00,TECH/INTERNET :: AAPL-ACCO-AIG,6,7,0.6051328379945605,70,70,0.3102052210359844,0.5857142857142857,-0.20737097322525,0.0041724065723574,0.1060153222746346,0.1576311435853544,0.0730311357815294,0.0038810356889319,L075,6,77.0,-0.0909090909090909,Maturity
2026-05-08 00:00:00-04:00,INDUSTRIAL/TELECOMGEN :: ABAT-ACB-ACHR,7,8,0.5054964322429816,114,114,0.3336016894882772,0.6403508771929824,0.2904361552186126,0.0441316110419861,0.0575009395751957,0.1778028366548034,0.0245167530820905,0.0308885917912622,L063,11,140.0,-0.1857142857142857,Maturity
2026-05-08 00:00:00-04:00,FINANCIAL/INVESTSVCE :: ABEO-ABUS-AGEN,8,9,0.4119702376995924,130,130,0.2399488555803946,0.6923076923076923,0.0997408255459963,0.0035916380627211,0.0625577292684975,0.1169452297647139,0.0295735427753923,0.0111308881543809,L006,22,145.0,-0.1034482758620689,Maturity
2026-05-08 00:00:00-04:00,TECH/SOFTW :: ACN-ADBE-ADSK,9,10,0.3134086882236089,167,167,0.4286521415486434,0.3832335329341317,0.2984878537346978,0.0105213687887209,0.0371001439661912,0.1368899840013572,0.004115957473086,-0.0065323254477691,L019,22,172.0,-0.0290697674418604,Maturity
2026-05-08 00:00:00-04:00,TECH/SEMIMFR :: AAOI-AEHR-AGPU,10,11,0.2880512715303796,115,115,0.2601198028378431,0.6869565217391305,0.3784047894619487,0.0210705327187881,0.017548416276235,0.1588565207799751,-0.0154357702168701,0.0243556475050641,L047,15,144.0,-0.2013888888888889,Maturity
2026-05-08 00:00:00-04:00,TECH/HOSPITALITY :: A-ABNB-ABR,11,12,0.2629225287594704,150,150,0.336888463018117,0.12,2.5814970276164217,-0.059919766274263,-0.0442928230709555,0.0304904236746355,-0.0772770095640607,-0.0733317017057623,L091,1,,0.0,Emergence
2026-05-08 00:00:00-04:00,MATERIALS/ORE :: AAL-AEG-AEM,12,13,0.2543829881880568,140,140,0.4665126984916292,0.7357142857142858,0.2074869215661033,0.07278593970772,0.0386877791566636,0.0303962272048181,0.0057035926635584,0.0166160706584972,L027,20,136.0,0.0294117647058823,Maturity
2026-05-08 00:00:00-04:00,FINANCIAL/REIT :: AAT-ACHV-ADC,13,14,0.2003386597636748,99,99,0.2337883427785176,0.494949494949495,-0.2343071980552343,0.0093868268801544,0.0499058696210374,0.1009471975413792,0.0169216831279322,0.0014075113877673,L010,22,77.0,0.2857142857142857,Expansion
2026-05-08 00:00:00-04:00,FINANCIAL/INVESTSVCE :: AIOT-ALLY-AMP,14,15,0.0907141292681357,85,85,0.3455519014347137,0.6470588235294118,0.0306423680519416,0.0014580450724845,0.0170579135516366,0.0605288738439608,-0.0159262729414685,0.0048989382180687,L077,6,99.0,-0.1414141414141414,Maturity
2026-05-08 00:00:00-04:00,TECH/SOFTW :: AVNS-BBCQ-CNTA,15,16,-0.0897246442667249,24,24,0.0364392651292653,0.5,-0.1011843532250861,0.0018380625817297,0.0023088669453077,0.0681357631345339,-0.0306753195477974,0.0004694726174544,L016,22,30.0,-0.2,Decay
2026-05-08 00:00:00-04:00,TELECOM/TELECOMGEN :: ABCB-ACNB-AEBI,16,17,-0.0907188819008343,188,188,0.4100970957380889,0.5425531914893617,-0.4535424326474777,0.0069795970801891,0.0186660605861524,0.0107896799293096,-0.0143181259069527,0.0001076390190811,L004,22,187.0,0.0053475935828877,Decay
2026-05-08 00:00:00-04:00,HEALTHCARE/HCARESUPPORT :: ACEL-ACIC-ACM,17,18,-0.1211021030405074,128,128,0.3707443291071985,0.5234375,0.6719758916307561,-0.0750375153962846,-0.0435751052130263,0.0388707030950512,-0.0765592917061315,0.0021633577327876,L087,3,139.0,-0.079136690647482,Decay
2026-05-08 00:00:00-04:00,FINANCIAL/REIT :: AARD-ACNT-ACRE,18,19,-0.1298141759023851,165,165,0.3894828355236218,0.5818181818181818,0.9305291099875544,-0.0736523762746021,-0.0524276105601782,0.0030296225698737,-0.0854117970532834,0.0080061753595446,L089,2,172.0,-0.0406976744186046,Emergence
2026-05-08 00:00:00-04:00,ENERGY/OILGASINTEG :: ACDC-AESI-AGRO,19,20,-0.1595832147233299,147,147,0.4095325555009554,0.3809523809523809,0.2066171988070605,-0.0672786375891343,-0.0169531417761817,0.0015546247635679,-0.0499373282692869,-0.0037992508248014,L022,22,144.0,0.0208333333333333,Decay
2026-05-08 00:00:00-04:00,UTIL/ENERGYUTIL :: ABM-AEE-AEP,20,21,-0.2346370256079181,77,77,0.3147776672506907,0.2727272727272727,0.2578243534942064,-0.0172148277413659,-0.0192627290245408,-0.0333941847189786,-0.052246915517646,-0.006011969692333,L082,4,95.0,-0.1894736842105263,Decay
2026-05-08 00:00:00-04:00,UNKNOWN/UNKNOWN :: BBAR-BMA-CEPU,21,22,-0.2428012864613909,14,14,0.4401091970336848,0.0714285714285714,0.610658066388037,8.117380771737222e-05,-0.0218555794992368,-0.0880030024670626,-0.054839765992342,-0.0276752073993392,L084,4,16.0,-0.125,Decay
2026-05-08 00:00:00-04:00,INDUSTRIAL/MACHINE :: AEO-ALG-ALV,22,23,-0.2527352933792876,164,164,0.3824138695684104,0.524390243902439,-0.1901703555672704,0.0187160085237729,-0.0214310843837033,0.0076372958913263,-0.0544152708768085,0.001110483428498,L083,4,166.0,-0.0120481927710843,Decay
2026-05-08 00:00:00-04:00,INDUSTRIAL/FINSPECIAL :: ADEA-ADTN-ADUS,23,24,-0.2782912896840952,104,104,0.2947116185984313,0.4615384615384615,0.2148091024985553,0.0031265975772837,-0.0377984422056911,-0.004359550091524,-0.0707826286987963,6.309176162030652e-05,L081,4,84.0,0.238095238095238,Decay
2026-05-08 00:00:00-04:00,HEALTHCARE/BIOPHARMAOTHER :: ACA-ACR-AES,24,25,-0.3557374388737074,76,76,0.3198629690904976,0.4473684210526316,0.2163199277655671,0.0064213927232126,-0.0490975783434754,-0.0198192894811342,-0.0820817648365806,-0.0032085685189408,L076,6,84.0,-0.0952380952380952,Decay
2026-05-08 00:00:00-04:00,FINANCIAL/INSURANCE :: ABT-ACGL-ACI,25,26,-0.4035513113610957,76,76,0.2537843152423795,0.2236842105263158,-0.247013342329697,-0.0045868218168975,-0.0254333249833201,-0.0234943340387865,-0.0584175114764253,-0.0100493942230766,L092,1,,0.0,Emergence
2026-05-08 00:00:00-04:00,FINANCIAL/HCARESUPPORT :: ACHC-ACT-AFG,26,27,-0.4082624917981292,105,105,0.3234912557500488,0.4571428571428571,-0.3160864900733491,0.0068114031119847,-0.0398113710449113,0.0060777608815028,-0.0727955575380165,0.0003387683726349,L074,7,102.0,0.0294117647058823,Decay
2026-05-08 00:00:00-04:00,INDUSTRIAL/TRAINTRUCK :: ABG-ADT-AMSF,27,28,-0.4423044778220145,57,57,0.3419589510900811,0.5087719298245614,-0.3399032701232317,0.0111086898699923,-0.0511885904936419,0.024193409515288,-0.0841727769867471,0.0033463086873279,L013,22,80.0,-0.2875,Decay
2026-05-08 00:00:00-04:00,HEALTHCARE/BIOPHARMAOTHER :: ALM-APAM-ARI,28,29,-0.4593130650703169,65,65,0.370144750082942,0.6307692307692307,-0.2894849277476982,0.0038954663140089,-0.0545363360652181,-0.0112973452168954,-0.0875205225583233,0.0058653112510683,L072,8,79.0,-0.1772151898734177,Decay
2026-05-08 00:00:00-04:00,TECH/ELECTRONICEQUIP :: AA-ALLE-ARE,29,30,-0.641799280574543,40,40,0.3329652502957061,0.325,-0.2720467147894818,0.0003042995952451,-0.0690673394813603,-0.0478183859577003,-0.1020515259744655,-0.0047036516630593,L085,4,45.0,-0.1111111111111111,Decay
2026-05-11 00:00:00-04:00,HEALTHCARE/BIOPHARMASYS :: AA-ABEO-ABUS,0,1,1.3291394200928988,129,129,0.260696741038929,0.6976744186046512,3.6799901759551297,0.0337760522833062,0.0573672691683615,0.0762070915674145,0.0237523578684509,0.0439394568057911,L006,23,130.0,-0.0076923076923076,Maturity
2026-05-11 00:00:00-04:00,HEALTHCARE/SOFTW :: AAON-ACAD-ACIW,1,2,0.9549933889573082,135,135,0.3796112730472163,0.3851851851851852,0.6066994174720627,0.1112340795571263,0.1352235131408722,0.2031590888142607,0.1016086018409616,-0.0100148868758704,L088,3,140.0,-0.0357142857142857,Maturity
2026-05-11 00:00:00-04:00,FINANCIAL/REIT :: AD-AFRM-AFYA,2,3,0.8798430965427473,89,89,0.3334041022563201,0.3146067415730337,1.0136907047253452,0.0879158943936987,0.1125113680356974,0.153881100382841,0.0788964567357869,-0.0111693480354128,L090,2,93.0,-0.043010752688172,Emergence
2026-05-11 00:00:00-04:00,TELECOM/TELECOMGEN :: ABAT-ACB-ACHR,3,4,0.8423574812799411,137,137,0.3368719422991195,0.7664233576642335,0.7186394979614863,0.0199029116181301,0.0914311763907847,0.199499607244489,0.0578162650908741,0.0365444956073455,L063,12,114.0,0.2017543859649122,Expansion
2026-05-11 00:00:00-04:00,MATERIALS/ORE :: AEM-AG-AGI,4,5,0.8174002548687627,86,86,0.5857736398811427,0.8953488372093024,0.8222125337513372,0.0692185743635019,0.0973325367190879,0.0772575890573908,0.0637176254191773,0.0378150627772991,L027,21,140.0,-0.3857142857142857,Maturity
2026-05-11 00:00:00-04:00,NONCYCLICAL/FOODDRINKMFR :: ABCL-ABEV-ABVX,5,6,0.7858512423110448,98,98,0.2820615226328948,0.3775510204081632,0.3383063642299793,-0.0018525002471057,0.1293125568393501,0.1607011333543597,0.0956976455394395,-0.008861490938343,L080,5,106.0,-0.0754716981132075,Maturity
2026-05-11 00:00:00-04:00,TECH/SEMIMFR :: AAOI-ADUR-AEHR,6,7,0.7140690378026839,87,87,0.3159431489040494,0.7126436781609196,0.2885085211800263,0.0121118771548637,0.0940818957706608,0.1929032168023813,0.0604669844707502,0.0243706352011186,L047,16,115.0,-0.2434782608695652,Maturity
2026-05-11 00:00:00-04:00,TECH/SEMIMFR :: ADI-ADP-AGIO,7,8,0.6201022945394387,90,90,0.3329311723637546,0.4777777777777778,-0.188715886777863,0.0057490088500612,0.1117401303017867,0.191556832213176,0.0781252190018761,0.004574583570464,L070,9,88.0,0.0227272727272727,Maturity
2026-05-11 00:00:00-04:00,INDUSTRIAL/MACHINE :: ABBV-ADAM-AGNC,8,9,0.6196237084798284,123,123,0.2861102110057797,0.4634146341463415,0.1330029318718296,0.0025114293904436,0.106547066808014,0.1452155842168119,0.0729321555081034,0.0010098264465012,L065,12,123.0,0.0,Maturity
2026-05-11 00:00:00-04:00,TELECOM/TELECOMGEN :: AMX-ASRT-AUPH,9,10,0.563013265321754,44,44,0.2703054608576598,0.4545454545454545,0.1306383879137398,-0.0229947750572984,0.1025307141634323,0.1177040945033891,0.0689158028635217,-0.0002107228138769,L084,5,14.0,2.142857142857143,Expansion
2026-05-11 00:00:00-04:00,FINANCIAL/BANKSINTL :: AAL-ACLS-AEG,10,11,0.4836651908744423,168,168,0.3779785696088531,0.369047619047619,0.35961182677755,-0.0139301777235432,0.0783288577484281,0.0955477227703373,0.0447139464485175,-0.0083954847991755,L086,4,148.0,0.1351351351351351,Expansion
2026-05-11 00:00:00-04:00,TECH/CHEMCOMMOD :: AAPL-ACCO-AIG,11,12,0.3704318157815014,68,68,0.3076110905634968,0.25,-0.1427883036295954,-0.0114884541295356,0.0870140077722811,0.1114946281394508,0.0533990964723706,-0.0164103831581001,L075,7,70.0,-0.0285714285714285,Maturity
2026-05-11 00:00:00-04:00,MATERIALS/METAL :: AIT-AMPG-APEI,12,13,0.3657418421319597,59,59,0.2418002436294807,0.3559322033898305,-0.1133844120993526,-0.0077520531117014,0.0752593808273104,0.138466338775654,0.0416444695273999,-0.0022876780517204,L010,23,99.0,-0.404040404040404,Maturity
2026-05-11 00:00:00-04:00,TECH/SOFTW :: ACN-ADBE-ADSK,13,14,0.0174926598840866,163,163,0.4230519545310621,0.1165644171779141,0.2278275500634121,-0.0045136179864377,0.0076934947602202,0.0546216857845164,-0.0259214165396903,-0.0301815635526962,L019,23,167.0,-0.0239520958083832,Maturity
2026-05-11 00:00:00-04:00,TECH/SOFTW :: AVNS-CNTA-CWAN,14,15,0.0071222221851964,24,24,0.0455561190412211,0.5416666666666666,0.1586444532554682,0.0007086639022422,0.0030993951584855,0.0566059151340916,-0.0305155161414249,0.0001231167604042,L016,23,24.0,0.0,Decay
2026-05-11 00:00:00-04:00,ENERGY/OILGASINTEG :: ACDC-AESI-AGRO,15,16,-0.0111533618385067,150,150,0.4053791948007097,0.9066666666666666,-0.1583609809378271,0.003761375519707,0.0003906003456979,0.0191352578748724,-0.0332243109542125,0.025842571849936,L022,23,147.0,0.0204081632653061,Decay
2026-05-11 00:00:00-04:00,FINANCIAL/REIT :: AAT-ADC-AKR,16,17,-0.0804849307020963,66,66,0.3377531648014283,0.4242424242424242,-0.406930854363903,-0.0068188820425161,0.0169665681579563,0.0419263175547105,-0.0166483431419542,-0.0027076916159689,L093,1,,0.0,Emergence
2026-05-11 00:00:00-04:00,UNKNOWN/UNKNOWN :: AAP-ARCC-BBDC,17,18,-0.1201921035766059,40,40,0.331749582281918,0.05,0.3294829995180635,-0.0483550709320054,-0.0097215538800146,0.0076749400186647,-0.0433364651799251,-0.0280516701983733,L094,1,,0.0,Emergence
2026-05-11 00:00:00-04:00,FINANCIAL/INVESTSVCE :: ALLY-AMP-APO,18,19,-0.129688717774212,75,75,0.4062837652140138,0.2133333333333333,-0.0683525404947237,-0.0196601530777094,-0.0039552850844451,0.032459992831473,-0.0375701963843557,-0.012003258125988,L077,7,85.0,-0.1176470588235294,Decay
2026-05-11 00:00:00-04:00,TECH/HCAREMISC :: A-ABR-ABSI,19,20,-0.1413127558724259,135,135,0.341374544639225,0.2666666666666666,1.1779927095719278,-0.0959172852936586,-0.0668735633501651,-0.0160446602623471,-0.1004884746500756,-0.0205723302882201,L091,2,150.0,-0.1,Emergence
2026-05-11 00:00:00-04:00,UTIL/ENERGYUTIL :: AEE-AEP-AQN,20,21,-0.1490064268660176,58,58,0.3909894162043488,0.6724137931034483,0.0159064489834161,-0.002413379788264,-0.0175683947945327,-0.0241833967594189,-0.0511833060944433,0.0022907367360719,L082,5,77.0,-0.2467532467532467,Decay
2026-05-11 00:00:00-04:00,FINANCIAL/REIT :: AARD-ACNT-ACRE,21,22,-0.2455686081209211,151,151,0.3913851158302209,0.3377483443708609,0.8238249757223485,-0.0987361805087489,-0.0702757968504127,-0.0257836881834844,-0.1038907081503233,-0.009872895501821,L089,3,165.0,-0.0848484848484848,Decay
2026-05-11 00:00:00-04:00,HEALTHCARE/HCARESUPPORT :: ACEL-ACIC-ACM,22,23,-0.2567202537256318,121,121,0.3891516373289547,0.2892561983471074,0.6105206200956097,-0.0130488953728174,-0.0618985500241792,-0.0106083437159865,-0.0955134613240898,-0.0128410699509748,L087,4,128.0,-0.0546875,Decay
2026-05-11 00:00:00-04:00,INDUSTRIAL/HOSPITALITY :: ADNT-AEO-AGEN,23,24,-0.2605579508497664,195,195,0.3366515476902486,0.0974358974358974,0.6188150726262686,-0.0427867299549916,-0.049189758691809,-0.0279764569818473,-0.0828046699917196,-0.0284325715246607,L083,5,164.0,0.1890243902439024,Decay
2026-05-11 00:00:00-04:00,UNKNOWN/UNKNOWN :: ABCB-ACNB-AMAL,24,25,-0.2731593980116285,190,190,0.4154702139577827,0.0263157894736842,-0.1309849361937719,-0.0203014047263478,-0.0127267480635213,-0.0081731887038761,-0.0463416593634318,-0.0181655115256463,L004,23,188.0,0.0106382978723404,Decay
2026-05-11 00:00:00-04:00,NONCYCLICAL/INSURANCE :: ABM-ABT-ACGL,25,26,-0.3620770942126901,87,87,0.2785916360776287,0.1839080459770115,0.1055858164531802,-0.0225520135166615,-0.0391610555828227,-0.0412474454609673,-0.0727759668827333,-0.0160360773255269,L092,2,76.0,0.1447368421052631,Emergence
2026-05-11 00:00:00-04:00,HEALTHCARE/BIOPHARMAOTHER :: APAM-ARI-ASH,26,27,-0.4894397366284319,71,71,0.3537280624282569,0.2816901408450704,-0.1125075981793764,-0.0158169900741907,-0.0584524456059516,-0.0459650801125251,-0.0920673569058622,-0.0092607123472196,L072,9,65.0,0.0923076923076923,Decay
2026-05-11 00:00:00-04:00,HEALTHCARE/BIOPHARMAOTHER :: ACA-ACR-AES,27,28,-0.4975730382843106,70,70,0.331918210726543,0.2428571428571428,-0.098972565950827,-0.0142435214091485,-0.0600752340557944,-0.0401438593677794,-0.0936901453557049,-0.0102430445943555,L076,7,76.0,-0.0789473684210526,Decay
2026-05-11 00:00:00-04:00,FINANCIAL/FINSPECIAL :: ADEA-ADTN-ADUS,28,29,-0.5056590895581043,83,83,0.3481636397266033,0.3253012048192771,0.2154802740405275,-0.0088154157179176,-0.0787629085963713,-0.06115661232235,-0.1123778198962818,-0.0087895710586982,L081,5,104.0,-0.2019230769230769,Decay
2026-05-11 00:00:00-04:00,FINANCIAL/HCARESUPPORT :: ACHC-ACT-AFG,29,30,-0.5199509952784434,105,105,0.3157917858862279,0.219047619047619,-0.2733609767086725,-0.011213699854012,-0.0568497523761717,-0.0251879620869678,-0.0904646636760823,-0.0114484324802793,L074,8,105.0,0.0,Decay
2026-05-11 00:00:00-04:00,INDUSTRIAL/DELIVERY :: ABG-ADT-ARCB,30,31,-0.6402268162804821,49,49,0.3615825831195104,0.0612244897959183,-0.0813450299146363,-0.023114265177882,-0.0933482869312911,-0.0036700727042869,-0.1269631982312017,-0.0186235146150828,L013,23,57.0,-0.1403508771929824,Decay
2026-05-11 00:00:00-04:00,INDUSTRIAL/TRANSPORTEQUIP :: ALLE-ANL-ARE,31,32,-0.6541839442244151,40,40,0.3416203445658031,0.25,-0.2504468494357848,-0.0246387324056288,-0.0807656581364105,-0.0558987609650709,-0.114380569436321,-0.0087961706755508,L085,5,40.0,0.0,Decay
2026-05-12 00:00:00-04:00,NONCYCLICAL/GENMERCH :: ALH-ALKS-ALLT,0,1,1.9263913608233452,55,55,0.3191905932232025,0.9090909090909092,6.795090479415021,0.116654015390385,0.1392529014642516,0.1508754174741404,0.1019889347879655,0.1044692866332396,L095,1,,0.0,Emergence
2026-05-12 00:00:00-04:00,TECH/SEMIMFR :: AAOI-ADI-ADUR,1,2,1.0633562713105156,84,84,0.3551867759690465,0.0952380952380952,0.1998698117988502,0.0441517842066978,0.1854293562253743,0.2810507316170929,0.1481653895490882,-0.0306317001107081,L047,17,87.0,-0.0344827586206896,Maturity
2026-05-12 00:00:00-04:00,HEALTHCARE/SOFTW :: AAON-ACAD-ACIW,2,3,0.847319307772382,130,130,0.393452279721895,0.3615384615384615,0.3533535633549765,-0.0013572958344835,0.1440911704572372,0.1848183220803113,0.1068272037809511,-0.0053592235592652,L088,4,135.0,-0.037037037037037,Maturity
2026-05-12 00:00:00-04:00,NONCYCLICAL/FOODDRINKMFR :: ABEV-ABVX-ADM,3,4,0.6549387620554813,96,96,0.2826581941517161,0.3645833333333333,0.1506954285757628,-0.0041179988765514,0.1221331186963037,0.1470246831826446,0.0848691520200176,-0.0045563188176463,L080,6,98.0,-0.0204081632653061,Maturity
2026-05-12 00:00:00-04:00,FINANCIAL/REIT :: AD-AFRM-AFYA,4,5,0.5611742949565979,86,86,0.3201885705966618,0.3720930232558139,0.4716282314098859,0.0726349777669127,0.0963993664258638,0.1158048245938693,0.0591353997495777,-0.0087098330545283,L090,3,89.0,-0.0337078651685393,Maturity
2026-05-12 00:00:00-04:00,INDUSTRIAL/MACHINE :: ABBV-ADAM-AGNC,5,6,0.5567963962422522,126,126,0.2924831085460405,0.3333333333333333,0.1199468564884478,0.0081652471227969,0.108672478025834,0.1235361466369675,0.0714085113495479,-0.0045481434622914,L065,13,123.0,0.024390243902439,Maturity
2026-05-12 00:00:00-04:00,TELECOM/TELECOMGEN :: ABAT-ACB-ACHR,6,7,0.4676384685663549,143,143,0.3423883964666076,0.1608391608391608,0.0866720748587781,0.0363517999287578,0.0915432233718143,0.1408777154610665,0.0542792566955282,-0.0275642142562793,L063,13,137.0,0.0437956204379562,Maturity
2026-05-12 00:00:00-04:00,INDUSTRIAL/PASSENGERTRANS :: AAL-ACLS-AERO,7,8,0.467459233773726,154,154,0.3868830974318787,0.3636363636363636,0.2272469859096197,-0.0102617744667813,0.0901085710538998,0.086884507257365,0.0528446043776137,-0.0067626606044263,L086,5,168.0,-0.0833333333333333,Maturity
2026-05-12 00:00:00-04:00,TECH/FINSPECIAL :: ADP-AGIO-APH,8,9,0.398829261294031,83,83,0.3483706112979855,0.3734939759036144,-0.2272963159356889,-0.0047987013438844,0.0850427682533774,0.1136508385768799,0.0477788015770913,-0.0051750129707993,L070,10,90.0,-0.0777777777777777,Maturity
2026-05-12 00:00:00-04:00,MATERIALS/ORE :: AEG-AEM-AER,9,10,0.3976518106712623,133,133,0.4304096872957387,0.4135338345864661,0.3208364191714282,0.0422812772808119,0.085324607790555,0.0191590098546853,0.0480606411142689,-3.659040637461366e-05,L027,22,86.0,0.5465116279069767,Expansion
2026-05-12 00:00:00-04:00,TECH/CHEMCOMMOD :: AAPL-ACCO-AIG,10,11,0.3702266582854281,66,66,0.3185053170660417,0.3787878787878788,-0.2975960263339561,-0.022539334321842,0.0873066679888529,0.0932988765394024,0.0500427013125668,-0.0092976324316636,L075,8,68.0,-0.0294117647058823,Maturity
2026-05-12 00:00:00-04:00,TELECOM/TELECOMGEN :: AMX-ASRT-AUPH,11,12,0.3624320355165015,47,47,0.2422352577563769,0.3404255319148936,0.0902532754481804,-0.0080548974234103,0.0744969852500377,0.0986329714634955,0.0372330185737516,-0.0053283519070762,L084,6,44.0,0.0681818181818181,Maturity
2026-05-12 00:00:00-04:00,NONCYCLICAL/TOBACCO :: AA-ABEO-ABUS,12,13,0.2631541041260654,125,125,0.2713579671491448,0.336,0.2812894801964808,0.0459996456652331,0.0589806411047166,0.0446094873947067,0.0217166744284305,-0.012277943582528,L006,24,129.0,-0.0310077519379844,Maturity
2026-05-12 00:00:00-04:00,ENERGY/OILGASINTEG :: ACDC-AESI-AGRO,13,14,0.0701714983177356,150,150,0.4056547838671156,0.72,-0.0873473232832597,0.0377117848820181,0.0028299786472,0.0639856975217016,-0.034433988029086,0.0137677745175452,L022,24,150.0,0.0,Maturity
2026-05-12 00:00:00-04:00,FINANCIAL/REIT :: AAT-ADC-AKR,14,15,0.0128901761403092,70,70,0.3256357545579991,0.5,0.2033288749158143,-0.0043306388072672,0.0026863690648364,0.0235733029200396,-0.0345775976114496,-0.0016122240938067,L093,2,66.0,0.0606060606060606,Emergence
2026-05-12 00:00:00-04:00,UTIL/ENERGYUTIL :: AEE-AEP-AQN,15,16,-0.0337795495699373,62,62,0.3690585571878562,0.7258064516129032,0.3650777769675716,0.0035432785705805,-0.0151066556569103,-0.0139886851005696,-0.0523706223331964,0.0043010188978141,L082,6,58.0,0.0689655172413793,Decay
2026-05-12 00:00:00-04:00,FINANCIAL/INVESTSVCE :: ALLY-ALOT-AMP,16,17,-0.0444859837728509,81,81,0.4237235754963817,0.5679012345679012,-0.2817880183566011,-0.0061622994002001,0.0023227796788657,0.0188963932706303,-0.0349411869974203,0.0017975310539306,L077,8,75.0,0.08,Decay
2026-05-12 00:00:00-04:00,TECH/SOFTW :: ACN-ADBE-ADSK,17,18,-0.0799718321099146,165,165,0.4074721123235341,0.2424242424242424,0.2753508593204462,-0.0503194704147434,-0.0155874901606598,0.0380673854404405,-0.0528514568369459,-0.0138050951459393,L019,24,163.0,0.0122699386503067,Decay
2026-05-12 00:00:00-04:00,TECH/SOFTW :: AVNS-CNTA-CWAN,18,19,-0.0976987763904421,22,22,0.0473753709211763,0.4090909090909091,-0.0953543986891221,0.0005152710927538,0.0023718446845676,0.0228017494952585,-0.0348921219917185,-0.0001960881128154,L016,24,24.0,-0.0833333333333333,Decay
2026-05-12 00:00:00-04:00,FINANCIAL/BANKSINTL :: ABCL-ACM-AENT,19,20,-0.146545196102675,68,68,0.3588371054827872,0.0441176470588235,1.8105278068788644,-0.0833598718693108,-0.053783097661655,-0.0432163776736111,-0.0910470643379411,-0.0734122143664212,L096,1,,0.0,Emergence
2026-05-12 00:00:00-04:00,NONCYCLICAL/INSURANCE :: ABM-ABT-ACGL,20,21,-0.2119872868086899,98,98,0.2709726549408787,0.7346938775510204,0.0689813373385049,-0.0188085202921076,-0.0341047535866722,-0.0408668555980088,-0.0713687202629583,0.0077946464271502,L092,3,87.0,0.1264367816091954,Decay
2026-05-12 00:00:00-04:00,UNKNOWN/UNKNOWN :: ABCB-ACNB-AMAL,21,22,-0.2674914354024514,196,196,0.4292741862416655,0.2295918367346938,-0.3291978451364132,-0.021719258923503,-0.0233457355512448,-0.0088992171505021,-0.0606097022275309,-0.005209150363825,L004,24,190.0,0.031578947368421,Decay
2026-05-12 00:00:00-04:00,HEALTHCARE/HCAREMISC :: A-ABR-ABSI,22,23,-0.2861555882585413,129,129,0.3439482379313263,0.4031007751937984,0.8661935634718351,-0.1035557000839393,-0.0659524498278877,-0.0444712470148747,-0.1032164165041738,-0.0082473783022032,L091,3,135.0,-0.0444444444444444,Decay
2026-05-12 00:00:00-04:00,FINANCIAL/METAL :: AARD-ACNT-ACRE,23,24,-0.2979449665662953,170,170,0.3535291332997267,0.4235294117647059,0.5761833624578778,-0.0101936742544435,-0.0621869543241311,-0.0337488123970529,-0.0994509210004172,-0.0020908710833794,L089,4,151.0,0.1258278145695364,Decay
2026-05-12 00:00:00-04:00,HEALTHCARE/HCARESUPPORT :: ACEL-ACIC-ADPT,24,25,-0.3184085267640221,115,115,0.3881901174625253,0.4260869565217391,0.3736418669051425,-0.0187511944876271,-0.0611855508645771,-0.0319758652069624,-0.0984495175408632,-0.0059976830787857,L087,5,121.0,-0.0495867768595041,Decay
2026-05-12 00:00:00-04:00,HEALTHCARE/BIOPHARMAOTHER :: APAM-ARI-ASH,25,26,-0.3679406521105569,72,72,0.3440091410074771,0.4027777777777778,-0.2141333331475692,-0.0143186067573628,-0.0456022314164177,-0.043304143506733,-0.0828661980927038,-0.0077748327516436,L072,10,71.0,0.0140845070422535,Decay
2026-05-12 00:00:00-04:00,INDUSTRIAL/HOSPITALITY :: AAP-ADNT-AEO,26,27,-0.3884184513774512,177,177,0.3654581621735821,0.1864406779661017,0.1316760045869545,-0.0429318674908504,-0.0527864940999671,-0.0467020256882284,-0.0900504607762532,-0.0126106628668055,L083,6,195.0,-0.0923076923076923,Decay
2026-05-12 00:00:00-04:00,HEALTHCARE/BIOPHARMAOTHER :: ACA-ACR-AES,27,28,-0.4002171874328457,79,79,0.3073289693483055,0.430379746835443,0.0010643173277716,-0.0217131347460738,-0.0579295974215918,-0.0530965012918249,-0.0951935640978779,-0.0063963166716927,L076,8,70.0,0.1285714285714285,Decay
2026-05-12 00:00:00-04:00,FINANCIAL/HCARESUPPORT :: ACHC-ACT-AFG,28,29,-0.4136857724448042,110,110,0.3058233614969063,0.3181818181818182,-0.1247084672439116,-0.0163888794264358,-0.0583503499954479,-0.0264383281708088,-0.095614316671734,-0.0029053943674823,L074,9,105.0,0.0476190476190476,Decay
2026-05-12 00:00:00-04:00,INDUSTRIAL/AERODEF :: ADEA-ADTN-ADUS,29,30,-0.4534011569708771,85,85,0.3402688823834753,0.4352941176470588,0.119377486342735,-0.0090268231566803,-0.0703209944863015,-0.0720810091699715,-0.1075849611625876,-0.0030672960536684,L081,6,83.0,0.0240963855421686,Decay
2026-05-12 00:00:00-04:00,INDUSTRIAL/DELIVERY :: ABG-ADT-ARCB,30,31,-0.5912351120073518,51,51,0.3485162272083848,0.2745098039215686,-0.1367923679608525,-0.029533837624339,-0.0966138204339083,-0.0270940678227729,-0.1338777871101944,-0.0108180299437927,L013,24,49.0,0.0408163265306122,Decay
2026-05-13 00:00:00-04:00,TECH/SEMIMFR :: AAOI-ADI-AEHR,0,1,1.595789072727371,122,122,0.2638334392129948,0.8934426229508197,1.4588777048097852,0.0750846970362901,0.1992992000261284,0.2641907880784799,0.156120674986044,0.0680570318312333,L047,18,84.0,0.4523809523809524,Expansion
2026-05-13 00:00:00-04:00,NONCYCLICAL/TOBACCO :: ALH-ALKS-ALLT,1,2,0.9911352274803849,55,55,0.2873405381087681,0.4545454545454545,1.1349382835856048,0.1022137418647275,0.1418609871354341,0.1231189148911489,0.0986824620953498,-0.0021947172133523,L095,2,55.0,0.0,Emergence
2026-05-13 00:00:00-04:00,INDUSTRIAL/SOFTW :: AAON-ACAD-ACIW,2,3,0.8854506210439879,139,139,0.3570628239234317,0.4820143884892086,0.4286569656429534,-0.0140572339232518,0.1638324483932591,0.1727888175980559,0.1206539233531748,0.0004506268956078,L088,5,130.0,0.0692307692307692,Maturity
2026-05-13 00:00:00-04:00,TELECOM/TELECOMGEN :: AMX-ASRT-AURA,3,4,0.8272693890523382,33,33,0.3136762786590771,0.6666666666666666,0.4000861877644986,8.078780727375526e-05,0.154046543489616,0.1402526961140561,0.1108680184495317,0.0099649480592275,L084,7,47.0,-0.2978723404255319,Maturity
2026-05-13 00:00:00-04:00,NONCYCLICAL/FOODDRINKMFR :: ABEV-ABVX-ACRS,4,5,0.7427803380485251,93,93,0.2926748060160486,0.4516129032258064,0.4464143894046312,-0.017533218922938,0.1401893085745118,0.1399274386537688,0.0970107835344275,-0.0017154370624823,L080,7,96.0,-0.03125,Maturity
2026-05-13 00:00:00-04:00,MATERIALS/ORE :: ABNB-AEM-AG,5,6,0.684741555453497,91,91,0.5477968665092767,0.4505494505494505,0.2159835403933322,0.0343772651858405,0.1611875845272865,0.0616248898441633,0.1180090594872021,-4.267451001796272e-05,L027,23,133.0,-0.3157894736842105,Maturity
2026-05-13 00:00:00-04:00,FINANCIAL/TELECOMGEN :: ABAT-ACB-ACHR,6,7,0.6773496257597051,123,123,0.3688788802292588,0.4146341463414634,0.39193913963803,0.0084344585006841,0.1416842473126534,0.0936696490091892,0.098505722272569,0.0035780855797064,L063,14,143.0,-0.1398601398601398,Maturity
2026-05-13 00:00:00-04:00,FINANCIAL/REIT :: AD-AFYA-AHR,7,8,0.5251169144998253,91,91,0.3038234689759377,0.4505494505494505,0.3139057429380047,-0.027618364369764,0.1059446622731427,0.1133518072453798,0.0627661372330583,-0.005652682795754,L090,4,86.0,0.0581395348837209,Maturity
2026-05-13 00:00:00-04:00,INDUSTRIAL/MACHINE :: AAP-ADAM-AGX,8,9,0.4706495696219647,129,129,0.3165159031113264,0.5038759689922481,0.0370422774264571,-0.004083925214065,0.1135627108578024,0.1198392980215251,0.0703841858177181,0.0023524497703667,L065,14,126.0,0.0238095238095238,Maturity
2026-05-13 00:00:00-04:00,HEALTHCARE/BIOPHARMASYS :: AA-ABEO-ABUS,9,10,0.4666361658877989,124,124,0.247999782372515,0.5967741935483871,0.4479528963701576,0.0419380494725042,0.0908910363178692,0.0542410039863667,0.0477125112777848,0.0070767023260204,L006,25,125.0,-0.008,Maturity
2026-05-13 00:00:00-04:00,FINANCIAL/BANKSINTL :: AAL-ACLS-AEG,10,11,0.4078396565304369,172,172,0.3907410009623032,0.4069767441860465,0.1524316313513538,-0.0138935220460804,0.0994462623781026,0.0844909342231265,0.0562677373380183,0.0019284483568901,L086,6,154.0,0.1168831168831168,Expansion
2026-05-13 00:00:00-04:00,INDUSTRIAL/AERODEF :: AEYE-AFRM-AII,11,12,0.3285262340387472,105,105,0.3023211604856091,0.0952380952380952,2.17680343044967,-0.0684232486044357,-0.0462125083490533,-0.0754925868683243,-0.0893910333891376,-0.0623867135655456,L097,1,,0.0,Emergence
2026-05-13 00:00:00-04:00,TECH/CHEMCOMMOD :: AAPL-ACCO-AIG,12,13,0.1827782654418305,67,67,0.3200706914449566,0.4328358208955223,-0.2985264723637539,-0.0320317432787527,0.0912502647047423,0.0715384746296189,0.048071739664658,-0.0059600111441325,L075,9,66.0,0.0151515151515151,Maturity
2026-05-13 00:00:00-04:00,FINANCIAL/BANKSINTL :: ABCL-ACM-AEBI,13,14,-0.0072872119993258,79,79,0.3012870426968303,0.430379746835443,0.769586189327719,-0.0813293654456531,-0.0237745809990163,-0.0397137837591843,-0.0669531060391007,0.0041422869019758,L096,2,68.0,0.1617647058823529,Emergence
2026-05-13 00:00:00-04:00,UTIL/ENERGYUTIL :: AEE-AEP-AQN,14,15,-0.1305684867694241,58,58,0.398964051035071,0.1896551724137931,0.2988707135675093,0.0026762369667884,-0.0096926480339272,-0.0120767756811508,-0.0528711730740116,-0.004696189890287,L082,7,62.0,-0.064516129032258,Decay
2026-05-13 00:00:00-04:00,UNKNOWN/UNKNOWN :: AVNS-CNTA-CWAN,15,16,-0.1693442955253917,19,19,0.0489722207860752,0.3157894736842105,-0.0313024311724631,4.476732283159897e-05,0.0029018891387118,0.0415972814660279,-0.0402766359013724,-0.0002432781021152,L016,25,22.0,-0.1363636363636363,Decay
2026-05-13 00:00:00-04:00,TECH/SOFTW :: ABM-ABT-ACN,16,17,-0.2324642741835435,191,191,0.3729884214804648,0.1832460732984293,0.5108608051552506,-0.0576580562948728,-0.0447119270497261,-0.0432649021518364,-0.0878904520898104,-0.0219715003440493,L019,25,165.0,0.1575757575757575,Decay
2026-05-13 00:00:00-04:00,FINANCIAL/REIT :: AARD-ACNT-ACRE,17,18,-0.2432078352073433,142,142,0.3953294305157619,0.4225352112676056,0.5321154497381786,-0.0161231683800245,-0.0592235501972387,-0.0532800332420803,-0.1024020752373231,-0.0039568350455599,L089,5,170.0,-0.1647058823529411,Decay
2026-05-13 00:00:00-04:00,HEALTHCARE/HCARESUPPORT :: ACEL-ACIC-ALC,18,19,-0.2676745140151922,122,122,0.3645442446956531,0.3934426229508196,0.3922327455802154,-0.0256054606279007,-0.0522849964165256,-0.0437056497096232,-0.0954635214566099,-0.0069611962200879,L087,6,115.0,0.0608695652173913,Decay
2026-05-13 00:00:00-04:00,ENERGY/OILGASINTEG :: ACDC-AESI-AGRO,19,20,-0.2762853805898181,134,134,0.4309712502397803,0.3582089552238806,-0.2809402943170882,0.0378942834027858,-0.0222009929595121,0.0608808227898971,-0.0653795179995964,-0.0040780821768381,L022,25,150.0,-0.1066666666666666,Decay
2026-05-13 00:00:00-04:00,NONCYCLICAL/BIOPHARMAOTHER :: ABBV-ACI-AMBP,20,21,-0.2770478896794998,65,65,0.2623822473962063,0.4307692307692308,-0.1299168057256077,-0.0088607213983625,-0.0096952229035768,-0.0215311652386597,-0.0528737479436612,-0.0046072129651488,L092,4,98.0,-0.336734693877551,Decay
2026-05-13 00:00:00-04:00,TECH/HCAREMISC :: A-ABR-ABSI,21,22,-0.306744915743624,134,134,0.3291330784003662,0.3656716417910448,0.5846772697627546,-0.0438184603749706,-0.0703446894895893,-0.0681767420282535,-0.1135232145296736,-0.0116404507282518,L091,4,129.0,0.0387596899224806,Decay
2026-05-13 00:00:00-04:00,INDUSTRIAL/MACHINE :: ADNT-AEO-AGEN,22,23,-0.3148017166933061,200,200,0.3436671233546591,0.185,0.2275312164769229,-0.0531484951420247,-0.037458989875955,-0.0429718281544327,-0.0806375149160393,-0.0131704809626077,L083,7,177.0,0.1299435028248587,Decay
2026-05-13 00:00:00-04:00,FINANCIAL/REIT :: AAT-ADC-AGNC,23,24,-0.324897992543848,74,74,0.3308337647720095,0.1486486486486486,-0.2245951148302764,-0.0157692870446612,-0.0066358954196914,-0.0029132905899478,-0.0498144204597758,-0.0113220495071043,L093,3,70.0,0.0571428571428571,Decay
2026-05-13 00:00:00-04:00,FINANCIAL/INVESTSVCE :: ACGL-AIOT-ALL,24,25,-0.3325756995528325,105,105,0.3583958750391898,0.1523809523809524,-0.2636755568179271,-0.0197437021194457,-0.0045046647424441,-0.0081901660595532,-0.0476831897825284,-0.012201228361745,L077,9,81.0,0.2962962962962963,Decay
2026-05-13 00:00:00-04:00,NONCYCLICAL/GENMERCH :: ABCB-ACNB-AMAL,25,26,-0.3327684035176842,199,199,0.4424717155213026,0.0552763819095477,-0.1225166510140786,-0.0330510211790993,-0.0134940285027153,-0.0174913798217119,-0.0566725535427997,-0.0110838792477186,L004,25,196.0,0.0153061224489795,Decay
2026-05-13 00:00:00-04:00,FINANCIAL/HCARESUPPORT :: ACHC-ACT-AFG,26,27,-0.3981746810070606,117,117,0.3024463570431067,0.3504273504273504,0.163324165419247,-0.0204557472055813,-0.0617470597578275,-0.0332472288646139,-0.1049255847979118,-0.0061972755368656,L074,10,110.0,0.0636363636363636,Decay
2026-05-13 00:00:00-04:00,HEALTHCARE/BIOPHARMAOTHER :: ACA-ACR-AES,27,28,-0.4048428752892557,75,75,0.2960300748087591,0.4666666666666667,0.0006554264839918,-0.0191260223382257,-0.0479109787875647,-0.0523269836222511,-0.0910895038276491,-0.0027431239218574,L076,9,79.0,-0.050632911392405,Decay
2026-05-13 00:00:00-04:00,FINANCIAL/FINSPECIAL :: ADEA-ADTN-ADUS,28,29,-0.4480570849976847,100,100,0.2935125618993916,0.34,0.146010974443011,-0.0179222355212236,-0.0621110328903889,-0.065704891570583,-0.1052895579304732,-0.0074423142798266,L081,7,85.0,0.1764705882352941,Decay
2026-05-13 00:00:00-04:00,INDUSTRIAL/DELIVERY :: ABG-ADT-AIZ,29,30,-0.5434855859015981,56,56,0.3514271844611191,0.3392857142857143,-0.2201761622450131,-0.0314822793692707,-0.069032356201452,-0.0124827793145085,-0.1122108812415363,-0.0013980683766892,L013,25,51.0,0.0980392156862745,Decay
2026-05-14 00:00:00-04:00,TECH/VEHICLE :: ANTX-AQST-ARX,0,1,1.5476474337359023,55,55,0.3012789167367663,0.9090909090909092,2.50391736551216,0.0749339334165207,0.0945947100363363,0.1453159527264373,0.0532661811926612,0.0933894586702309,L098,1,,0.0,Emergence
2026-05-14 00:00:00-04:00,NONCYCLICAL/TOBACCO :: ALH-ALKS-ALLT,1,2,0.9609952612478878,50,50,0.2765294339607158,0.52,0.6856280870199514,0.117197521851067,0.1096027501356435,0.1917317512313129,0.0682742212919684,0.0095540404877665,L095,3,55.0,-0.0909090909090909,Maturity
2026-05-14 00:00:00-04:00,INDUSTRIAL/SOFTW :: AAON-ACAD-ACIW,2,3,0.8708049415366264,134,134,0.3757330321532112,0.5223880597014925,0.0546557073459403,-0.0012251053182519,0.139500517158351,0.1659172392610997,0.0981719883146759,0.0052019877990305,L088,6,139.0,-0.0359712230215827,Maturity
2026-05-14 00:00:00-04:00,TECH/SEMIMFR :: ADAG-ADI-AIRO,3,4,0.861766191857607,124,124,0.2425515917047992,0.2096774193548387,1.5558685417486229,0.0053909793538555,0.0688784230063861,0.0722711765884912,0.0275498941627109,-0.0394267931876447,L047,19,122.0,0.0163934426229508,Maturity
2026-05-14 00:00:00-04:00,TECH/SEMIMFR :: AAOI-AEHR-AGX,4,5,0.7878980724855829,99,99,0.3430607674688128,0.6161616161616161,-0.2010025431922169,0.0025085869208203,0.1123372041982262,0.2711782641398818,0.0710086753545511,0.0066332949700512,L099,1,,0.0,Emergence
2026-05-14 00:00:00-04:00,FINANCIAL/TELECOMGEN :: ABAT-ACB-ACHR,5,6,0.7718958551752,122,122,0.3567821688869372,0.6721311475409836,0.2305921905001437,0.0062261321422636,0.112731585562188,0.1153957602047046,0.0714030567185129,0.0262631364178847,L063,15,123.0,-0.008130081300813,Maturity
2026-05-14 00:00:00-04:00,NONCYCLICAL/FOODDRINKMFR :: ABEV-ABVX-ADM,6,7,0.6964374926229538,88,88,0.2995792437903811,0.5568181818181818,-0.0579047793960788,-0.0092370603506531,0.1170644254474957,0.1459809713910171,0.0757358966038206,-5.3054629371392734e-05,L080,8,93.0,-0.053763440860215,Maturity
2026-05-14 00:00:00-04:00,FINANCIAL/REIT :: AD-AFYA-AHR,7,8,0.5027401204964629,86,86,0.3162306982363696,0.4767441860465116,-0.0076013267601968,-0.0160025619245055,0.0891963945744771,0.0909011188923369,0.0478678657308019,-0.0003424145963368,L090,5,91.0,-0.0549450549450549,Maturity
2026-05-14 00:00:00-04:00,INDUSTRIAL/MACHINE :: ACLS-AERO-AGBK,8,9,0.475155532987072,142,142,0.378028343051292,0.528169014084507,-0.2021535206121135,-0.005217668995535,0.093702469103913,0.0898372885408991,0.0523739402602378,0.0028344795314854,L086,7,172.0,-0.1744186046511628,Maturity
2026-05-14 00:00:00-04:00,TECH/CHEMCOMMOD :: AAPL-ACCO-AIG,9,10,0.4558522897695616,76,76,0.2916636331984774,0.4868421052631579,-0.1127577176950463,-0.0114402761355771,0.0850238154412658,0.1006173755756827,0.0436952865975907,-0.0006299524718979,L075,10,67.0,0.1343283582089552,Expansion
2026-05-14 00:00:00-04:00,TELECOM/TELECOMGEN :: ACHC-AMX-ASRT,10,11,0.4518987740735635,38,38,0.2920515819854218,0.3947368421052631,-0.1185554272422317,0.002893242090357,0.0851318177753543,0.1143106500651362,0.0438032889316792,0.0005118662940852,L084,8,33.0,0.1515151515151515,Expansion
2026-05-14 00:00:00-04:00,MATERIALS/ORE :: ACMR-AEM-AG,11,12,0.3576498095887004,91,91,0.568127249678291,0.0879120879120879,-0.0482217508256142,-0.0228002868130232,0.0857834509843266,0.0266324107346077,0.0444549221406515,-0.0274487585308235,L027,24,91.0,0.0,Maturity
2026-05-14 00:00:00-04:00,HEALTHCARE/BIOPHARMASYS :: AA-ABEO-ABUS,12,13,0.2864821385840265,132,132,0.2556549505240821,0.3106060606060606,-0.075922757690484,-0.0080513316189166,0.0672125271870441,0.0523362041960626,0.025883998343369,-0.0077241900757896,L006,26,124.0,0.064516129032258,Maturity
2026-05-14 00:00:00-04:00,UNKNOWN/UNKNOWN :: AVNS-CNTA-CWAN,13,14,0.0691854320882671,22,22,0.0560665066719672,0.5454545454545454,0.2792156321033145,0.0013649498799516,-0.0069707252604846,0.0508229253828541,-0.0482992541041598,0.0036433610437941,L016,26,19.0,0.1578947368421052,Expansion
2026-05-14 00:00:00-04:00,FINANCIAL/BANKSINTL :: ABCL-ACM-AEBI,14,15,0.0173983008029792,72,72,0.3124410536178674,0.5277777777777778,0.6392867488874016,-0.0562045049764053,-0.0340514415893999,-0.0195875287604864,-0.0753799704330751,0.0094948707171448,L096,3,79.0,-0.0886075949367088,Maturity
2026-05-14 00:00:00-04:00,FINANCIAL/REIT :: AAT-ADC-AKR,15,16,-0.0493180016116857,70,70,0.3535139587996201,0.4714285714285714,-0.0056769343805429,-0.0127666426369039,-0.0067759548067085,0.0074431106915813,-0.0481044836503836,-0.0011019386094251,L093,4,74.0,-0.054054054054054,Decay
2026-05-14 00:00:00-04:00,NONCYCLICAL/GENMERCH :: ABCB-ACNB-ACT,16,17,-0.0780717365551432,214,214,0.4658990390974786,0.8785046728971962,-0.2216451323706159,-0.0091274907004944,-0.0144120972864364,-0.0058609073374744,-0.0557406261301115,0.0065420952533505,L004,26,199.0,0.0753768844221105,Decay
2026-05-14 00:00:00-04:00,UTIL/ENERGYUTIL :: AEE-AEP-AQN,17,18,-0.120971551255636,56,56,0.3949336810563635,0.7321428571428571,-0.093649923977448,0.0036757363526623,-0.0205485903954856,-0.0213322018489062,-0.0618771192391607,0.0028998934645214,L082,8,58.0,-0.0344827586206896,Decay
2026-05-14 00:00:00-04:00,FINANCIAL/REALESTATESVCE :: ADAM-AGNC-ARI,18,19,-0.1380656624854323,38,38,0.3232952925593524,0.5263157894736842,0.189729507462195,-0.0187856534826548,-0.0347549672259817,-0.0173592968785392,-0.0760834960696568,0.0036730987878121,L100,1,,0.0,Emergence
2026-05-14 00:00:00-04:00,FINANCIAL/INVESTSVCE :: AAL-AEG-AER,19,20,-0.1664416164288072,119,119,0.3650329547383724,0.7142857142857143,-0.4798947833195608,-0.0040145213010979,-0.0060065110582472,0.0018100586631046,-0.0473350399019223,0.0095308306320415,L077,10,105.0,0.1333333333333333,Decay
2026-05-14 00:00:00-04:00,TECH/SOFTW :: ABM-ABNB-ABT,20,21,-0.1918677966174637,219,219,0.3571641384923574,0.5799086757990868,0.1484324962161007,-0.0266818161845044,-0.0378864253143905,-0.0520154068792845,-0.0792149541580656,0.0035808276673875,L019,26,191.0,0.1465968586387434,Decay
2026-05-14 00:00:00-04:00,ENERGY/OILGASINTEG :: AESI-AGRO-ALTO,21,22,-0.1972122505201742,141,141,0.4167147714647862,0.6879432624113475,-0.4278136146450914,0.0123414169758047,-0.0255382842169314,0.0382788875613229,-0.0668668130606065,0.0060098446330915,L022,26,134.0,0.0522388059701492,Decay
2026-05-14 00:00:00-04:00,NONCYCLICAL/INSURANCE :: ACGL-ACI-AFG,22,23,-0.2114271514353797,84,84,0.2554630738249748,0.6190476190476191,-0.2877474709898773,0.0047866625667918,-0.0199673153389981,-0.0061306334906269,-0.0612958441826732,0.0024393897692124,L092,5,65.0,0.2923076923076923,Decay
2026-05-14 00:00:00-04:00,INDUSTRIAL/AERODEF :: AEYE-AFRM-AII,23,24,-0.2185096693483044,106,106,0.2963059301055469,0.6037735849056604,0.5089177787960562,-0.0577500857354011,-0.0623918495053125,-0.0777160909857614,-0.1037203783489876,0.0070121095478544,L097,2,105.0,0.0095238095238095,Emergence
2026-05-14 00:00:00-04:00,INDUSTRIAL/TRAINTRUCK :: ADT-AMSF-ARCB,24,25,-0.2794487370541662,56,56,0.3657606432126944,0.75,0.1664150689775436,0.0064871317394799,-0.0707529414304233,-0.0274643211504973,-0.1120814702740984,0.0202086596396557,L013,26,56.0,0.0,Decay
2026-05-14 00:00:00-04:00,INDUSTRIAL/MACHINE :: AAP-ABG-ADNT,25,26,-0.2971438455481661,225,225,0.3639542248887948,0.7155555555555555,-0.2036031945945198,-0.0139594865824547,-0.0436593356658685,-0.0378642645405198,-0.0849878645095436,0.0075368164370512,L083,8,200.0,0.125,Decay
2026-05-14 00:00:00-04:00,HEALTHCARE/HCARESUPPORT :: ACEL-ACIC-ALC,26,27,-0.3694159749237584,118,118,0.3724531425575196,0.576271186440678,0.0878199106999983,-0.0052356143285743,-0.0731025108320956,-0.0426876044999808,-0.1144310396757708,0.0079781231098633,L087,7,122.0,-0.0327868852459016,Decay
2026-05-14 00:00:00-04:00,FINANCIAL/REIT :: AARD-ACDC-ACNT,27,28,-0.3791596458987037,139,139,0.4002592384030252,0.6258992805755396,0.1294917772218196,0.0029192175721805,-0.0785152185308837,-0.0533127925107836,-0.1198437473745589,0.0093118840208687,L089,6,142.0,-0.0211267605633802,Decay
2026-05-14 00:00:00-04:00,HEALTHCARE/BIOPHARMAOTHER :: ABBV-ACA-ACR,28,29,-0.4147219742147449,92,92,0.2599985771739913,0.5652173913043478,-0.3452175444139613,0.0024919778001718,-0.0502125889039549,-0.0304071113941717,-0.09154111774763,0.0031656273923482,L076,10,75.0,0.2266666666666666,Decay
2026-05-14 00:00:00-04:00,FINANCIAL/FINSPECIAL :: ADEA-ADTN-ADUS,29,30,-0.4243468120317647,98,98,0.3027506518641977,0.6224489795918368,-0.0059923035573622,-0.0013852240407931,-0.0747920535440426,-0.0539248084450881,-0.1161205823877177,0.0062904087397899,L081,8,100.0,-0.02,Decay
2026-05-14 00:00:00-04:00,TECH/HCAREMISC :: A-ABR-ABSI,30,31,-0.5250246303643422,128,128,0.337037990116829,0.5078125,0.1790370347136252,-0.0222657740812787,-0.0991972383155239,-0.0797964383614445,-0.140525767159199,-0.0003157839203312,L091,5,134.0,-0.044776119402985,Decay
2026-05-15 00:00:00-04:00,TECH/SOFTW :: ABM-ABT-ACN,0,1,1.0943407461478372,227,227,0.3326973970785208,0.6696035242290749,7.889798508849165,0.0047464005177495,-0.0246171374475955,-0.0270582266829585,-0.0501628582577581,0.0212709582735668,L019,27,219.0,0.0365296803652968,Maturity
2026-05-15 00:00:00-04:00,TECH/SOFTW :: AAON-ACAD-ACIW,1,2,0.8582985708074624,135,135,0.376747774222626,0.2148148148148148,0.1987279516919624,-0.0172788045422126,0.1091430240478344,0.1159136855110273,0.0835973032376719,-0.0185396430806472,L088,7,134.0,0.0074626865671641,Maturity
2026-05-15 00:00:00-04:00,NONCYCLICAL/TOBACCO :: ALH-ALHC-ALKS,2,3,0.7284025171796777,48,48,0.3102465047441452,0.2291666666666666,0.0960560547072119,-0.0123149913213579,0.0933794298051928,0.0993020379366632,0.0678337089950303,-0.0160393529391826,L095,4,50.0,-0.04,Maturity
2026-05-15 00:00:00-04:00,TECH/SEMIEQUIPSVCE :: AAOI-ACA-AEHR,3,4,0.6212368318641249,101,101,0.4282292071569656,0.0594059405940594,0.5669006135488089,-0.0048172398419581,0.0495120386205899,0.1613356815833697,0.0239663178104274,-0.0323737099240419,L099,2,99.0,0.0202020202020202,Emergence
2026-05-15 00:00:00-04:00,NONCYCLICAL/FOODDRINKMFR :: ABEV-ABVX-ADM,4,5,0.6210312256313283,90,90,0.311570001729768,0.1888888888888888,0.1242214895588863,-0.0224730631283981,0.0755987910467156,0.0946470293969897,0.0500530702365531,-0.0168908353081135,L080,9,88.0,0.0227272727272727,Maturity
2026-05-15 00:00:00-04:00,TECH/COMPUTER :: AHRT-AIZ-ANTX,5,6,0.6048555067225172,66,66,0.2859218270979234,0.2878787878787879,0.8176299359447399,0.0571289020598616,0.0566427052260071,0.0757150283472972,0.0310969844158446,-0.0119216078184271,L098,2,55.0,0.2,Emergence
2026-05-15 00:00:00-04:00,FINANCIAL/REIT :: AAPL-ABNB-AD,6,7,0.5393377830414013,93,93,0.3027006497253084,0.2795698924731182,-0.0387532916861337,-0.0202607573633241,0.0680614841268619,0.0688891609616219,0.0425157633166994,-0.0139674504795938,L090,6,86.0,0.0813953488372093,Maturity
2026-05-15 00:00:00-04:00,NONCYCLICAL/GENMERCH :: ACHC-ASRT-AUPH,7,8,0.5179244290984887,45,45,0.2837770984092346,0.2444444444444444,-0.2012806154631974,-0.0105609781894015,0.0675888160493401,0.0791436430231504,0.0420430952391776,-0.0154786422932567,L084,9,38.0,0.1842105263157894,Expansion
2026-05-15 00:00:00-04:00,FINANCIAL/BANKSINTL :: AAL-ACLS-AEG,8,9,0.4838458998048938,155,155,0.4201289441434944,0.1290322580645161,0.2855782312538467,-0.0216706786248449,0.0622910099294851,0.026532269868258,0.0367452891193225,-0.024659357592017,L086,8,142.0,0.0915492957746478,Maturity
2026-05-15 00:00:00-04:00,FINANCIAL/TELECOMGEN :: ABAT-ACB-ACHR,9,10,0.440176020483824,124,124,0.3996213112660078,0.0967741935483871,0.4023220014743554,-0.0133485864812551,0.0497807673419942,0.0399207253086855,0.0242350465318316,-0.0427150011056934,L063,16,122.0,0.0163934426229508,Maturity
2026-05-15 00:00:00-04:00,TECH/SEMIMFR :: ADAG-ADI-AIRO,10,11,0.3478480984255953,124,124,0.2651080640642842,0.1612903225806451,0.5468210561986079,-0.009364012211619,0.029834201527888,0.0427629187955638,0.0042884807177255,-0.0266617853337379,L047,20,124.0,0.0,Maturity
2026-05-15 00:00:00-04:00,ENERGY/OILGASINTEG :: AESI-AGRO-ALTO,11,12,0.2817628005829996,142,142,0.4105600595886437,0.704225352112676,0.1232867081910256,0.0124631489806361,-0.0072230856612906,0.0914783472581159,-0.0327688064714532,0.0127104004432703,L022,27,141.0,0.0070921985815602,Maturity
2026-05-15 00:00:00-04:00,MATERIALS/ORE :: AA-AEM-AG,12,13,0.2670145750640254,103,103,0.5561149293622099,0.0194174757281553,1.3866266055658227,-0.0831393258263025,0.015316356145256,-0.0572800765506536,-0.0102293646649064,-0.0645921782729299,L027,25,91.0,0.1318681318681318,Expansion
2026-05-15 00:00:00-04:00,HEALTHCARE/BIOPHARMASYS :: ABEO-ABUS-ACRS,13,14,0.2220473988714486,138,138,0.2766924540701253,0.1014492753623188,0.391573278643688,-0.031951970898502,0.0261788118838486,-0.0123745781965751,0.0006330910736861,-0.0336522485217519,L006,27,132.0,0.0454545454545454,Maturity
2026-05-15 00:00:00-04:00,UTIL/ENERGYUTIL :: AEE-AES-AQN,14,15,0.0595188855882214,79,79,0.1884950156179838,0.1772151898734177,1.078001126472652,-0.0131103682479136,-0.0219552099878627,-0.0102851121469825,-0.0475009307980253,-0.0123560379870504,L082,9,56.0,0.4107142857142857,Expansion
2026-05-15 00:00:00-04:00,NONCYCLICAL/INSURANCE :: ABBV-ACGL-ACI,15,16,-0.0076707234907748,104,104,0.2526713734202472,0.4423076923076923,0.3096817558399208,-0.0051818910457924,-0.018030623284427,-0.0430728953747363,-0.0435763440945895,-0.0024903395596513,L092,6,84.0,0.238095238095238,Decay
2026-05-15 00:00:00-04:00,FINANCIAL/REIT :: AAT-ADC-AKR,16,17,-0.0470034901689212,77,77,0.3574889577869355,0.1038961038961039,-0.1552835334022855,-0.0212325813717775,-0.0116582484029186,-0.0111721127024534,-0.0372039692130811,-0.0120432745149651,L093,5,70.0,0.1,Decay
2026-05-15 00:00:00-04:00,ENERGY/MIDSTREAMENERGY :: AARD-ACET-ACHV,17,18,-0.094159913112536,65,65,0.2995384539744002,0.0307692307692307,1.9579133488784803,-0.0640060015147349,-0.0593045924938363,-0.0548983899158587,-0.0848503133039989,-0.0802465156618402,L101,1,,0.0,Emergence
2026-05-15 00:00:00-04:00,FINANCIAL/INVESTSVCE :: ALLY-AMG-AMP,18,19,-0.1064378599068272,93,93,0.3837794029983394,0.086021505376344,0.0205635293717451,-0.0133538541859607,-0.023474036778948,-0.0259258914182307,-0.0490197575891105,-0.014137569348863,L077,11,119.0,-0.2184873949579832,Decay
2026-05-15 00:00:00-04:00,FINANCIAL/REALESTATESVCE :: ADAM-AGNC-APAM,19,20,-0.1724479366689972,41,41,0.3461522477158996,0.1951219512195122,0.1264369247824272,-0.0159487290481576,-0.0359526108365877,-0.0473823140016198,-0.0614983316467503,-0.0139354769502877,L100,2,38.0,0.0789473684210526,Emergence
2026-05-15 00:00:00-04:00,UNKNOWN/UNKNOWN :: ABCB-ACNB-ACT,20,21,-0.1984690550708017,216,216,0.4447838819932382,0.0555555555555555,-0.1609654085879787,-0.0164184302148366,-0.0324416309001857,-0.0413696899427982,-0.0579873517103482,-0.0127325261322769,L004,27,214.0,0.0093457943925233,Decay
2026-05-15 00:00:00-04:00,FINANCIAL/BANKSINTL :: ABCL-ACM-AEBI,21,22,-0.2736423330010818,70,70,0.3084588104303652,0.3857142857142857,0.1634979357634798,0.0073295269227232,-0.0591191984106095,-0.0564704748179011,-0.0846649192207721,-0.0097709847180936,L096,4,72.0,-0.0277777777777777,Decay
2026-05-15 00:00:00-04:00,INDUSTRIAL/MACHINE :: ABG-ADNT-AIT,22,23,-0.3373836511260198,184,184,0.4180765049934576,0.0271739130434782,0.0416375557431196,-0.0331623914895295,-0.0526740818300662,-0.0763831658776568,-0.0782198026402287,-0.0308112645166651,L083,9,225.0,-0.1822222222222222,Decay
2026-05-15 00:00:00-04:00,INDUSTRIAL/TRAINTRUCK :: ADT-ARCB-AVO,23,24,-0.381314504879378,66,66,0.3465787625675189,0.3333333333333333,-0.0860432442057101,0.0051247001636736,-0.0710757482053807,-0.0584692360327217,-0.0966214690155432,-0.0077694353425889,L013,27,56.0,0.1785714285714285,Decay
2026-05-15 00:00:00-04:00,CYCLICALS/AUTORETAIL :: AAP-AEO-AGEN,24,25,-0.4058732247600551,94,94,0.3093352861039267,0.1914893617021276,0.2556534069728599,-0.0199225312280106,-0.0714467481479456,-0.0855679036600141,-0.0969924689581081,-0.0153574179321285,L102,1,,0.0,Emergence
2026-05-15 00:00:00-04:00,UTIL/ENERGYUTIL :: AEP-AEYE-AFRM,25,26,-0.4788776311808472,88,88,0.3279132987491326,0.2159090909090909,0.7144006841124564,-0.0860607582837164,-0.0920706025737503,-0.1094571381630058,-0.1176163233839128,-0.02063562321233,L097,3,106.0,-0.1698113207547169,Decay
2026-05-15 00:00:00-04:00,HEALTHCARE/HCARESUPPORT :: ACEL-ACIC-ALC,26,27,-0.4833884918047199,119,119,0.3860727517183664,0.2857142857142857,0.3094586335969476,-0.0126465744660637,-0.0970150001870213,-0.0673619472156773,-0.1225607209971839,-0.0119517371990032,L087,8,118.0,0.0084745762711864,Decay
2026-05-15 00:00:00-04:00,INDUSTRIAL/AERODEF :: ACCO-ADEA-ADTN,27,28,-0.5318823324823931,111,111,0.2812036790679924,0.2522522522522522,0.104299569080849,-0.0166375931268711,-0.0908513896744194,-0.0905709193235852,-0.1163971104845819,-0.0153067686559321,L081,9,98.0,0.1326530612244898,Decay
2026-05-15 00:00:00-04:00,CONSUMERSVCE/HOSPITALITY :: ACDC-ACNT-ACRE,28,29,-0.60415629852113,135,135,0.3990699868294375,0.2,0.16740424681254,-0.0172655931016873,-0.1070726681092551,-0.0902984571370254,-0.1326183889194176,-0.0190381931709454,L089,7,139.0,-0.0287769784172661,Decay
2026-05-15 00:00:00-04:00,TECH/HCAREMISC :: A-ABR-ABSI,29,30,-0.6928379225130156,135,135,0.3302746660954129,0.237037037037037,0.3311025565399236,-0.0281351902145207,-0.1199054375374382,-0.1190124908568222,-0.1454511583476007,-0.0144570861889585,L091,6,128.0,0.0546875,Decay
2026-05-18 00:00:00-04:00,UTIL/ENERGYUTIL :: ARLO-ATAI-BFC,0,1,1.5695561664881106,44,44,0.2881973253243029,0.8863636363636364,2.22390265315863,0.0595847334208907,0.0720870149318426,0.050718065947043,0.0435522063123769,0.074556599548877,L103,1,,0.0,Emergence
2026-05-18 00:00:00-04:00,NONCYCLICAL/GENMERCH :: AGEN-ALH-ALHC,1,2,0.9420668828742296,45,45,0.3215843933474556,0.5333333333333333,0.320470903209823,-0.0069544715106334,0.1042208962266344,0.0925660118811869,0.0756860876071687,-0.0013001358789981,L095,5,48.0,-0.0625,Maturity
2026-05-18 00:00:00-04:00,NONCYCLICAL/TOBACCO :: AMBA-APT-ARGX,2,3,0.9294101331875796,61,62,0.2858201257414007,0.3934426229508196,0.3366881848452542,-0.0362907883401483,0.099226213710174,0.1232646862004137,0.0706914050907083,-0.0167451490864875,L006,28,138.0,-0.5579710144927537,Maturity
2026-05-18 00:00:00-04:00,TECH/SOFTW :: AAON-ACAD-ACIW,3,4,0.9033018927499272,128,128,0.3836762399560511,0.5078125,-0.101092251171614,-0.0143548143353012,0.1241756482551627,0.1103970101799815,0.095640839635697,0.000615863700272,L088,8,135.0,-0.0518518518518518,Maturity
2026-05-18 00:00:00-04:00,FINANCIAL/COMMEQUIP :: AAPL-AD-AFYA,4,5,0.6195325096481058,79,79,0.3396759254033635,0.5569620253164557,-0.1994344756550657,-0.0100786671657466,0.0882351843470783,0.0730464542982105,0.0597003757276126,0.0027275044808144,L090,7,93.0,-0.1505376344086021,Maturity
2026-05-18 00:00:00-04:00,NONCYCLICAL/FOODDRINKMFR :: ABEV-ABVX-ADM,5,6,0.5589429315437722,93,93,0.3209422730427476,0.5591397849462365,-0.1298849066485504,-0.0175518154416648,0.0695081446022592,0.0841596240516857,0.0409733359827935,-0.0003674557455163,L080,10,90.0,0.0333333333333333,Maturity
2026-05-18 00:00:00-04:00,FINANCIAL/BANKSINTL :: ACLS-AEG-AER,6,7,0.5234972343036128,147,147,0.4069345492215261,0.5578231292517006,-0.1233172800794335,-0.0178855453622946,0.0741768468638187,0.0272714593106183,0.045642038244353,0.0018513329618299,L086,9,155.0,-0.0516129032258064,Maturity
2026-05-18 00:00:00-04:00,CONSUMERSVCE/HOSPITALITY :: AHRT-APLE-AVNT,7,8,0.4410033076089919,29,29,0.3966605907429082,0.9310344827586208,0.1297922433096277,0.0096529144715666,0.0297644874338878,0.013144814009703,0.0012296788144221,0.0183283197675804,L104,1,,0.0,Emergence
2026-05-18 00:00:00-04:00,HEALTHCARE/HCARESUPPORT :: AES-AGPU-ARCB,8,9,0.4166205960734409,85,85,0.0582662145352005,0.4352941176470588,0.3966785052647192,0.0098913609097988,0.0270607302638522,0.034812084409615,-0.0014740783556134,-0.0278294754900123,L105,1,,0.0,Emergence
2026-05-18 00:00:00-04:00,NONCYCLICAL/INSURANCE :: ABBV-ACGL-ACI,9,10,0.2700281674558914,116,116,0.2636367408919328,0.8706896551724138,0.1471565949646534,0.0154098853435429,0.0111846959592943,-0.0203404271546322,-0.0173501126601713,0.0163008957144812,L092,7,104.0,0.1153846153846153,Expansion
2026-05-18 00:00:00-04:00,FINANCIAL/INVESTSVCE :: ALLY-AMG-AMP,10,11,0.21683916997034,131,131,0.291784448254184,0.6564885496183206,-0.2269287351449883,0.030901334636432,0.0279462615317615,0.0169038469197652,-0.0005885470877041,0.0011182219272482,L077,12,93.0,0.4086021505376344,Expansion
2026-05-18 00:00:00-04:00,TECH/SOFTW :: ABM-ABT-ACN,11,12,0.1920972482899008,233,233,0.3550037110433484,0.9141630901287554,0.1928425302553027,0.0454664383855924,-0.0098562865079845,-0.0238134429204387,-0.0383910951274502,0.0316379233446097,L019,28,227.0,0.026431718061674,Maturity
2026-05-18 00:00:00-04:00,TECH/SEMIMFR :: AAOI-ACA-AEHR,12,13,0.1829332466354725,119,119,0.4102946765117543,0.0672268907563025,-0.0409367653265325,-0.058607955997117,0.0069130230749808,0.093977715208472,-0.0216217855444848,-0.0410899529971487,L099,3,101.0,0.1782178217821782,Expansion
2026-05-18 00:00:00-04:00,ENERGY/OILGASINTEG :: AESI-AGRO-ALTO,13,14,0.1823389971332004,141,141,0.4278473187417452,0.8226950354609929,-0.2818070678264121,0.0372733594383395,-0.005525623741963,0.1043205935114359,-0.0340604323614287,0.0172808675171876,L022,28,142.0,-0.0070422535211267,Maturity
2026-05-18 00:00:00-04:00,TECH/SEMIMFR :: ABEO-ACHC-ACHV,14,15,0.1814419881216159,123,123,0.2654030709463852,0.3089430894308943,0.0582963664516769,-0.0796067505280098,0.0114926779387458,0.0235527221477258,-0.0170421306807198,-0.0155043928296413,L047,21,124.0,-0.0080645161290322,Maturity
2026-05-18 00:00:00-04:00,UTIL/ENERGYUTIL :: AEE-AEP-ATO,15,16,0.1261374901558725,55,55,0.401589647371772,0.9090909090909092,0.1332799148864819,-0.0056253036790986,-0.0189863714194576,-0.0218270321023096,-0.0475211800389233,0.0101109871167199,L082,10,79.0,-0.3037974683544304,Maturity
2026-05-18 00:00:00-04:00,FINANCIAL/TELECOMGEN :: ABAT-ACB-ACHR,16,17,0.1249053198097754,130,130,0.4119544769327188,0.1692307692307692,0.103059422234057,-0.0558475333206054,0.0072565113692136,-0.0108581675589721,-0.021278297250252,-0.0325921883875008,L063,17,124.0,0.0483870967741935,Maturity
2026-05-18 00:00:00-04:00,FINANCIAL/REIT :: AAT-ADC-AHR,17,18,0.0081839856415865,85,85,0.3983167837890021,0.9529411764705882,-0.6111281875187434,-0.0006236547569153,0.0107543990601384,-0.005544385857953,-0.0177804095593272,0.0138419786687025,L093,6,77.0,0.1038961038961039,Expansion
2026-05-18 00:00:00-04:00,MATERIALS/ORE :: AA-ABNB-AEM,18,19,-0.0046922214857046,109,109,0.5243279183243278,0.2935779816513761,-0.3451997043512294,-0.0921604918154537,0.0229619857919888,-0.0631815604722511,-0.0055728228274768,-0.0099004158457952,L027,26,103.0,0.058252427184466,Decay
2026-05-18 00:00:00-04:00,UNKNOWN/UNKNOWN :: ABCB-ACNB-ACT,19,20,-0.019055672201072,219,219,0.4411218445218934,0.9634703196347032,-0.4249680394985891,0.0105399939999956,-0.0053667609051209,-0.0245279546575976,-0.0339015695245866,0.0153429517671829,L004,28,216.0,0.0138888888888888,Decay
2026-05-18 00:00:00-04:00,CONSUMERSVCE/HOSPITALITY :: AAL-AAP-ABG,20,21,-0.0642233656349736,118,118,0.3636860135337673,0.5677966101694916,0.352012125482816,-0.0053741099991603,-0.0363194809748141,-0.1061606222766045,-0.0648542895942798,0.0028431693091529,L102,2,94.0,0.2553191489361702,Emergence
2026-05-18 00:00:00-04:00,UTIL/ENERGYUTIL :: AARD-ACET-ADAM,21,22,-0.0958330681136516,65,65,0.2998724718105797,0.6615384615384615,0.1930550238925812,-0.0469857469881709,-0.042108997613485,-0.0636333253485967,-0.0706438062329507,0.0035258699411756,L101,2,65.0,0.0,Emergence
2026-05-18 00:00:00-04:00,FINANCIAL/BANKSINTL :: ABCL-ACM-AEBI,22,23,-0.1208227087155928,66,66,0.3102637116884447,0.4848484848484848,0.3474897588911323,-0.0055504483255635,-0.0517864309810121,-0.0657258876574573,-0.0803212396004778,-0.0046785404616055,L096,5,70.0,-0.0571428571428571,Decay
2026-05-18 00:00:00-04:00,INDUSTRIAL/MACHINE :: ADNT-ADT-AIT,23,24,-0.1504486686242106,184,184,0.4297441933003834,0.6304347826086957,-0.1211114049201116,-0.0242450142362639,-0.0259318080007632,-0.0823946409526471,-0.0544666166202289,0.0032587823726229,L083,10,184.0,0.0,Decay
2026-05-18 00:00:00-04:00,HEALTHCARE/BIOPHARMANONSYS :: ABUS-ACRS-AGIO,24,25,-0.3361866343149073,93,93,0.3532783685768408,0.075268817204301,0.7219571589848901,-0.092667464938023,-0.0907184322263802,-0.1281509962048636,-0.1192532408458459,-0.0447951866380758,L106,1,,0.0,Emergence
2026-05-18 00:00:00-04:00,INDUSTRIAL/AERODEF :: AEYE-AFRM-AII,25,26,-0.4329819378539947,97,97,0.3159527205707701,0.6701030927835051,0.019480528038844,-0.0037799894786801,-0.0818681304419828,-0.1025542593343927,-0.1104029390614485,0.01376624481436,L097,4,88.0,0.1022727272727272,Confirmation
2026-05-18 00:00:00-04:00,TECH/INTERNET :: A-ABR-ABSI,26,27,-0.4778131219010548,138,138,0.3260774600115014,0.6014492753623188,0.3145288859564789,-0.0130611870948676,-0.1081003587804354,-0.1119191929891186,-0.1366351673999011,0.0066295614325081,L091,7,135.0,0.0222222222222222,Decay
2026-05-18 00:00:00-04:00,HEALTHCARE/HCARESUPPORT :: ACEL-ACIC-ALC,27,28,-0.4891457425699497,116,116,0.3962617962113607,0.6724137931034483,-0.1628969777780261,0.0043685465372748,-0.0899257671045098,-0.0643240588825801,-0.1184605757239755,0.0064430025647641,L087,9,119.0,-0.0252100840336134,Decay
2026-05-18 00:00:00-04:00,FINANCIAL/FINSPECIAL :: ACCO-ADEA-ADTN,28,29,-0.5090493167038292,108,108,0.2932453586123419,0.4907407407407407,0.0036762430349538,-0.0099337481809333,-0.0903690407094016,-0.090513898254841,-0.1189038493288673,-0.0001268230639758,L081,10,111.0,-0.027027027027027,Decay
2026-05-18 00:00:00-04:00,FINANCIAL/REIT :: ACDC-ACNT-ACRE,29,30,-0.5848373805035716,136,136,0.3981984382643752,0.5147058823529411,0.0044997861198905,-0.0147978039361351,-0.1048185192474377,-0.1038581065098835,-0.1333533278669035,-0.0018181365054448,L089,8,135.0,0.0074074074074074,Decay
2026-05-19 00:00:00-04:00,NONCYCLICAL/GENMERCH :: ALH-ALHC-ALKS,0,1,0.8268860003375156,44,44,0.3333511687680253,0.25,-0.0260303339399772,-0.0296189852719619,0.0887121305732894,0.1093965091176424,0.0748259450251975,-0.0165537992565977,L095,6,45.0,-0.0222222222222222,Maturity
2026-05-19 00:00:00-04:00,INDUSTRIAL/SOFTW :: AAON-ACAD-ACIW,1,2,0.7873647816925559,140,140,0.3678704911825126,0.2857142857142857,-0.0468942688761675,-0.0278690231105343,0.0859198625696717,0.0990492835545252,0.0720336770215798,-0.01256358707114,L088,9,128.0,0.09375,Maturity
2026-05-19 00:00:00-04:00,UNKNOWN/UNKNOWN :: ADAG-ASC-CMBT,2,3,0.7736854562925888,27,27,0.3585164563882419,0.1851851851851851,0.6968084535241529,-0.0136097482106574,-0.0308367641158431,0.0777357077904337,-0.044722949663935,-0.0116181814330159,L080,11,93.0,-0.7096774193548387,Maturity
2026-05-19 00:00:00-04:00,TECH/BIOPHARMASYS :: AMBA-APT-ARGX,3,4,0.7135261648099964,62,63,0.300529540768361,0.3548387096774194,-0.1277696332776427,-0.0447507098831952,0.0772990562086343,0.134835044195467,0.0634128706605424,-0.0047291428089433,L006,29,61.0,0.0163934426229508,Maturity
2026-05-19 00:00:00-04:00,FINANCIAL/COMMEQUIP :: AAPL-AD-AFYA,4,5,0.6915186147380463,75,75,0.3551007636724916,0.2533333333333333,0.0278987124751801,-0.0249676762947961,0.0644756457879974,0.0754879934320996,0.0505894602399056,-0.013930928803186,L090,8,79.0,-0.050632911392405,Maturity
2026-05-19 00:00:00-04:00,CONSUMERSVCE/HOSPITALITY :: ABNB-ATAI-AVBC,5,6,0.6901771184923765,42,42,0.2948812704084328,0.3333333333333333,0.1130682661326702,0.0435747813676901,0.0591315502931902,0.034268107892027,0.0452453647450983,-0.0118923810847588,L103,2,44.0,-0.0454545454545454,Emergence
2026-05-19 00:00:00-04:00,FINANCIAL/BANKSINTL :: ACLS-ACT-AEG,6,7,0.4768746723682451,156,156,0.4093630339194799,0.2435897435897435,-0.0024809735772118,-0.0340173097752109,0.042263533555595,0.0338973381710923,0.0283773480075031,-0.0119510100506224,L086,10,147.0,0.0612244897959183,Maturity
2026-05-19 00:00:00-04:00,TECH/COMPUTER :: AHRT-AIZ-AQST,7,8,0.4690178249129687,70,70,0.2744172150253822,0.3428571428571428,0.0671840769864107,-0.0309683484647433,0.0257973833865427,0.0486184361024127,0.0119111978384509,-0.005234043471282,L077,13,131.0,-0.465648854961832,Maturity
2026-05-19 00:00:00-04:00,ENERGY/OILGASINTEG :: ADM-AESI-AGRO,8,9,0.3482772790757025,146,146,0.4225653780217609,0.541095890410959,-0.0167185942468593,0.0317385017633741,-0.0001719124788426,0.0843803250951684,-0.0140580980269344,0.0016173100814311,L022,29,141.0,0.0354609929078014,Maturity
2026-05-19 00:00:00-04:00,TECH/SEMIMFR :: ACET-ADI-AIRO,9,10,0.3439892408849864,127,127,0.2489393225006126,0.3307086614173228,0.1908749387933188,-0.05106578568019,-0.0106283315563557,0.0313090016706564,-0.0245145171044476,-0.0104360574815098,L047,22,123.0,0.032520325203252,Maturity
2026-05-19 00:00:00-04:00,INDUSTRIAL/TRAINTRUCK :: ARCB-BCC-CHRW,10,11,0.3090740496560809,28,28,0.3849332225339127,0.4285714285714285,-0.0455660656203893,0.0100239693273881,0.0241027007625288,-0.0020120087311512,0.0102165152144369,0.0004283666272431,L107,1,,0.0,Emergence
2026-05-19 00:00:00-04:00,NONCYCLICAL/INSURANCE :: ABBV-ACGL-ACI,11,12,0.2602491341461518,129,129,0.2496306889155763,0.4573643410852713,0.0783036417033057,0.010948520591519,0.001289263950943,-0.0164110126500043,-0.0125969215971488,-0.0006639263639394,L092,8,116.0,0.1120689655172413,Expansion
2026-05-19 00:00:00-04:00,UTIL/ENERGYUTIL :: AEE-AES-AMX,12,13,0.2360346860402914,83,83,0.1803881887951741,0.6144578313253012,0.0114831793225858,-0.0009920891079988,-0.0041195570730627,0.0191719758930951,-0.0180057426211545,0.0041633977429354,L082,11,55.0,0.509090909090909,Expansion
2026-05-19 00:00:00-04:00,CONSUMERSVCE/HOSPITALITY :: ACCO-APLE-BC,13,14,0.1832093332647607,35,36,0.4497351058040549,0.1714285714285714,0.0097153550136922,-0.0118554422564456,-0.0039992378350941,0.0166949477283451,-0.017885423383186,-0.0087780662891655,L104,2,29.0,0.2068965517241379,Emergence
2026-05-19 00:00:00-04:00,MATERIALS/ORE :: AA-ACHC-AEM,14,15,0.0943690178427977,110,110,0.5467562991870769,0.0818181818181818,0.0888887600845769,-0.1025316689206673,-0.0152059310780292,-0.0498310033766061,-0.0290921166261211,-0.0328642644326234,L027,27,109.0,0.0091743119266055,Maturity
2026-05-19 00:00:00-04:00,CONSUMERSVCE/HOSPITALITY :: AAL-AAP-ABG,15,16,0.0882524508821154,138,138,0.3667530688692501,0.2608695652173913,0.4025795636377939,-0.0243514629148205,-0.0582982021626489,-0.0962338642561131,-0.0721843877107408,-0.0123405584633464,L102,3,118.0,0.1694915254237288,Expansion
2026-05-19 00:00:00-04:00,TECH/SOFTW :: ABM-ABT-ACN,16,17,0.067219573319431,241,241,0.3574329196850525,0.3775933609958506,-0.0119855490853255,0.0422342431258694,-0.0153254157073027,-0.0214955542904177,-0.0292116012553945,-0.0021308897088423,L019,29,233.0,0.0343347639484978,Maturity
2026-05-19 00:00:00-04:00,FINANCIAL/REIT :: AAT-ADC-AHR,17,18,0.0531186224287361,90,90,0.3979233632421919,0.4333333333333333,-0.1268038191447437,-0.0086945945384638,-0.0070239374013373,0.0004144829332798,-0.0209101229494291,-0.0046884436760394,L093,7,85.0,0.0588235294117647,Maturity
2026-05-19 00:00:00-04:00,INDUSTRIAL/MACHINE :: ADNT-AGCO-AIN,18,19,-0.0098286450887705,206,206,0.4486789570924883,0.087378640776699,0.2798592043329717,-0.0487424971875561,-0.0562545998443323,-0.0742028305648473,-0.0701407853924241,-0.0215448093174063,L083,11,184.0,0.1195652173913043,Decay
2026-05-19 00:00:00-04:00,TECH/SEMIMFR :: AAOI-ACA-ADEA,19,20,-0.0428735461096954,119,119,0.4481959990604121,0.2016806722689075,-0.0912180582514284,-0.0827544173060741,-0.0433087240359819,0.0839364108387281,-0.0571949095840738,-0.0118135054575447,L099,4,119.0,0.0,Decay
2026-05-19 00:00:00-04:00,HEALTHCARE/BIOPHARMANONSYS :: ABEO-ABUS-ACRS,20,21,-0.1235950182590673,103,103,0.2966913347935919,0.2815533980582524,0.2107533971538462,-0.062706375501172,-0.063418655808609,-0.0881015102783279,-0.0773048413567008,-0.0103206364293392,L106,2,93.0,0.1075268817204301,Emergence
2026-05-19 00:00:00-04:00,TECH/INTERNET :: ABAT-ACB-ACHR,21,22,-0.1364840617202953,143,143,0.4064213624901753,0.1958041958041958,-0.1721487359747264,-0.0945306360608706,-0.0235426840348812,-0.0009226285857879,-0.0374288695829731,-0.0211974837747272,L063,18,130.0,0.1,Decay
2026-05-19 00:00:00-04:00,FINANCIAL/INVESTSVCE :: ALLY-AMG-AMP,22,23,-0.1942685106948319,102,102,0.4018624951260272,0.1078431372549019,-0.1089020426001097,-0.0212123810840388,-0.0334384465138008,-0.0304803017481748,-0.0473246320618927,-0.0146610726382044,L108,1,,0.0,Emergence
2026-05-19 00:00:00-04:00,HEALTHCARE/HCARESUPPORT :: AARD-ABEV-ADAM,23,24,-0.2217612785522006,92,92,0.2171767372901846,0.2717391304347826,0.1773217598271265,-0.0743992543360491,-0.0817613645505896,-0.0494408945409814,-0.0956475500986814,-0.0063344534131192,L101,3,65.0,0.4153846153846154,Decay
2026-05-19 00:00:00-04:00,FINANCIAL/BANKSINTL :: ABCL-ACM-AGNT,24,25,-0.3397531219081831,65,65,0.3364973665559443,0.2923076923076923,0.1464703685450967,-0.0347939787239422,-0.0925457786362697,-0.0813667132354927,-0.1064319641843616,-0.0144279803868048,L096,6,66.0,-0.0151515151515151,Decay
2026-05-19 00:00:00-04:00,INDUSTRIAL/AERODEF :: ACU-ADUS-AEP,25,26,-0.3954971518828013,98,98,0.3080820178749521,0.2959183673469387,0.114704091619745,-0.019705350681738,-0.0927734093427844,-0.0950201210509875,-0.1066595948908763,-0.010728602097581,L097,5,97.0,0.0103092783505154,Decay
2026-05-19 00:00:00-04:00,UNKNOWN/UNKNOWN :: ABCB-ACNB-ALRS,26,27,-0.4571323118285657,212,212,0.4604735698866707,0.25,-0.5052060040835233,-0.0007774814439154,-0.0228495261815876,-0.0137558654262979,-0.0367357117296795,-0.0036552163110355,L004,29,219.0,-0.0319634703196347,Decay
2026-05-19 00:00:00-04:00,HEALTHCARE/HCAREMISC :: A-ABR-ABSI,27,28,-0.54983681857421,146,146,0.319793619555364,0.3904109589041096,0.1272610636149452,-0.0183512043606959,-0.1232218942106645,-0.100602460731024,-0.1371080797587564,-0.0094023947932789,L091,8,138.0,0.0579710144927536,Decay
2026-05-19 00:00:00-04:00,HEALTHCARE/HCARESUPPORT :: ACEL-ACIC-ADPT,28,29,-0.6487552558552625,134,134,0.3670305375542084,0.4029850746268656,-0.1460867618591602,-0.0121366625117878,-0.1072116533615007,-0.0565989841480176,-0.1210978389095926,-0.0052789561306554,L087,10,116.0,0.1551724137931034,Decay
2026-05-19 00:00:00-04:00,FINANCIAL/REIT :: ACDC-ACNT-ACRE,29,30,-0.8682252643537947,134,134,0.3930974201693745,0.373134328358209,-0.1431717309088407,-0.0313942813642588,-0.1324007032414974,-0.106128309677725,-0.1462868887895893,-0.0067316886651782,L089,9,136.0,-0.0147058823529411,Decay
2026-05-20 00:00:00-04:00,CONSUMERSVCE/HOSPITALITY :: ABNB-ALC-ATAI,0,1,1.2484979584146565,50,50,0.2841277278564342,0.82,0.6759864655304132,0.0804955698990001,0.0629250028118192,0.0607105892509155,0.0527310997227717,0.0250523682113725,L103,3,42.0,0.1904761904761904,Expansion
2026-05-20 00:00:00-04:00,NONCYCLICAL/GENMERCH :: ALH-ALHC-ALKS,1,2,0.8274303829207535,50,50,0.3136006499978478,0.64,-0.1200261234102686,0.0011256972396433,0.0893743751060397,0.1235536821695207,0.0791804720169923,0.0133683797788404,L095,7,44.0,0.1363636363636363,Expansion
2026-05-20 00:00:00-04:00,TECH/SOFTW :: AAON-ACAD-ACIC,2,3,0.7622446177650661,153,153,0.3626080741191975,0.7843137254901961,-0.2040205504936195,0.0052025928937907,0.089804881376759,0.1008835734121895,0.0796109782877116,0.0154775087393537,L088,10,140.0,0.0928571428571428,Maturity
2026-05-20 00:00:00-04:00,FINANCIAL/COMMEQUIP :: AAPL-AD-AFRM,3,4,0.7212354671820026,84,84,0.3357469180495179,0.8095238095238095,-0.0012741142394537,0.0074985932489016,0.0628570435895441,0.0754048261775855,0.0526631405004967,0.0198819021991251,L090,9,75.0,0.12,Expansion
2026-05-20 00:00:00-04:00,FINANCIAL/BANKSINTL :: APT-ARGX-AUPH,4,5,0.6114081625827351,72,72,0.2904320968072669,0.7083333333333334,-0.2350387324054629,-0.006856841150693,0.0653612400695912,0.1353936759960003,0.0551673369805437,0.0193173451046118,L006,30,62.0,0.1612903225806451,Expansion
2026-05-20 00:00:00-04:00,UTIL/ENERGYUTIL :: AEE-AES-AMR,5,6,0.5758356305865445,105,105,0.1193239731187421,0.5714285714285714,0.3300839425884064,0.0051808440322708,0.0175789753866481,0.040906046773033,0.0073850722976006,0.0023254046678165,L082,12,83.0,0.2650602409638554,Expansion
2026-05-20 00:00:00-04:00,INDUSTRIAL/TRAINTRUCK :: AEBI-ARCB-CHRW,6,7,0.5326795714187138,32,32,0.3360833174718238,0.96875,0.0382156470721027,0.0349577627915281,0.0324522100688318,0.0351683240902672,0.0222583069797843,0.0352049523738825,L107,2,28.0,0.1428571428571428,Emergence
2026-05-20 00:00:00-04:00,TECH/VEHICLE :: ADAM-AGNC-AHRT,7,8,0.4713248401558563,97,97,0.2834662682996884,0.8350515463917526,0.0777529716813031,0.0098148619509004,0.0217063033569447,0.0403952069059301,0.0115124002678973,0.018372867123085,L077,14,70.0,0.3857142857142857,Expansion
2026-05-20 00:00:00-04:00,TECH/SEMIMFR :: AAOI-ACLS-ADTN,8,9,0.444190333075983,164,164,0.3622423930150267,0.8414634146341463,-0.0329040119867434,-0.0146268486260508,0.004166419989974,0.1435569852496312,-0.0060274830990733,0.0340740605709724,L099,5,119.0,0.3781512605042016,Expansion
2026-05-20 00:00:00-04:00,UNKNOWN/UNKNOWN :: ABCB-ACNB-ACT,9,10,0.364353523872223,231,231,0.415568300815917,0.961038961038961,0.1881472375499541,0.0328229001568608,-0.0097304950420831,0.0109643144637466,-0.0199243981311305,0.0204544977094016,L004,30,212.0,0.0896226415094339,Maturity
2026-05-20 00:00:00-04:00,CONSUMERSVCE/HOSPITALITY :: AAL-AAP-AAUC,10,11,0.2935104648437458,147,147,0.326997814216401,0.8367346938775511,0.6189552776795765,0.0203911768444326,-0.0546875420770022,-0.0563146823943634,-0.0648814451660497,0.0320152207241676,L102,4,138.0,0.0652173913043478,Confirmation
2026-05-20 00:00:00-04:00,ENERGY/OILGASINTEG :: ACDC-ADM-AESI,11,12,0.236776704336281,133,133,0.3995985280801628,0.1428571428571428,-0.2173589361518932,0.0040859558133363,0.0386917589931637,0.0546373777344237,0.0284978559041162,-0.0168526840229381,L022,30,146.0,-0.0890410958904109,Maturity
2026-05-20 00:00:00-04:00,FINANCIAL/REIT :: AAT-ADC-AHR,12,13,0.2127519360972678,98,98,0.3703328882928959,0.8877551020408163,-0.1011575402796432,0.0271579729678637,0.0031276806071983,0.0280654198538259,-0.007066222481849,0.0123385891565173,L093,8,90.0,0.0888888888888888,Maturity
2026-05-20 00:00:00-04:00,TECH/SOFTW :: ADBE-ADSK-AGYS,13,14,0.1423950589002843,159,159,0.4025891210910085,0.6792452830188679,-0.0544135550179786,0.0377008094108488,0.0015695905195765,-0.0118820751380226,-0.0086243125694708,0.0108155688612417,L019,30,241.0,-0.3402489626556016,Maturity
2026-05-20 00:00:00-04:00,HEALTHCARE/BIOPHARMAOTHER :: ABBV-ABEO-ABUS,14,15,0.1200159731070824,154,154,0.3064592783084731,0.8961038961038961,0.2779979956089816,0.0026445686632051,-0.0435814946829805,-0.0384468738704052,-0.0537753977720279,0.0457654187791595,L106,3,103.0,0.4951456310679611,Confirmation
2026-05-20 00:00:00-04:00,NONCYCLICAL/INSURANCE :: ACGL-ACI-ADT,15,16,0.0160169943578694,125,125,0.2671649970852793,0.672,-0.1769972898230873,0.0174364944507509,-0.0003141968395745,-0.0069342460828609,-0.0105080999286219,0.0036054526219452,L092,9,129.0,-0.0310077519379844,Maturity
2026-05-20 00:00:00-04:00,FINANCIAL/INVESTSVCE :: AAMI-AEG-AER,16,17,0.0112463333553514,129,129,0.3759253545306696,0.8914728682170543,-0.0823314819201664,0.0154425702876332,-0.0243168983737622,-0.0020166124542808,-0.0345108014628096,0.0232066623336245,L108,2,102.0,0.2647058823529412,Emergence
2026-05-20 00:00:00-04:00,TECH/GENMERCH :: ACHC-ADI-AIRO,17,18,-0.0059380786173595,96,96,0.3103959104852448,0.625,0.4221461779230033,-0.01651243483669,-0.070614409457096,-0.0521617546846976,-0.0808083125461434,0.009093255263504,L047,23,127.0,-0.2440944881889764,Decay
2026-05-20 00:00:00-04:00,HEALTHCARE/MEDDEVICESGEN :: ABM-ABT-ACEL,18,19,-0.1145600152190553,157,157,0.3638338507462614,0.6751592356687898,-0.2344086673824436,0.035339839973683,-0.0048567502926806,-0.0521165326275217,-0.015050653381728,0.0079848626140325,L109,1,,0.0,Emergence
2026-05-20 00:00:00-04:00,TECH/INTERNET :: ABAT-ACB-ACHR,19,20,-0.1194865018554301,169,169,0.3964005143844462,0.8994082840236687,-0.0543218862999886,-0.0167889054132982,-0.0493869012567994,-0.0029409594100673,-0.0595808043458468,0.0393940046822002,L063,19,143.0,0.1818181818181818,Decay
2026-05-20 00:00:00-04:00,INDUSTRIAL/MACHINE :: ACA-ACCO-ADAG,20,21,-0.1291131231475724,237,237,0.4017054625722034,0.9029535864978904,0.1019036428679543,0.0063622029895617,-0.0598611180969534,-0.0503529305792966,-0.0700550211860008,0.0265840574350284,L083,12,206.0,0.1504854368932038,Decay
2026-05-20 00:00:00-04:00,INDUSTRIAL/AERODEF :: ACU-ADUS-AEP,21,22,-0.136994259087468,113,113,0.2695871990973141,0.8230088495575221,0.101055694166948,0.0288757227726679,-0.0570569954648889,-0.0432289122476802,-0.0672508985539363,0.027643191600004,L097,6,98.0,0.1530612244897959,Decay
2026-05-20 00:00:00-04:00,MATERIALS/ORE :: AA-AARD-ABEV,22,23,-0.1796504278933967,141,141,0.4416772412917053,0.8865248226950354,-0.0215590392960687,-0.0061535074944369,-0.0546883188151719,-0.0403081971190899,-0.0648822219042193,0.0291787903644428,L027,28,110.0,0.2818181818181818,Decay
2026-05-20 00:00:00-04:00,HEALTHCARE/HCARESUPPORT :: ABCL-ACM-AGNT,23,24,-0.4751340296690064,73,73,0.306184394796455,0.7945205479452054,-0.1935231345586208,0.0056337573836087,-0.0734462042466308,-0.0392437781947863,-0.0836401073356783,0.0233475534886041,L096,7,65.0,0.123076923076923,Decay
2026-05-20 00:00:00-04:00,HEALTHCARE/HCAREMISC :: A-ABR-ABSI,24,25,-0.4989653661799217,148,148,0.3148899983184752,0.7094594594594594,0.152610550616413,0.0214770757562429,-0.11192906528994,-0.072105359817157,-0.1221229683789874,0.020512103673577,L091,9,146.0,0.0136986301369863,Decay
2026-05-20 00:00:00-04:00,FINANCIAL/REIT :: ACNT-ACRE-ACTG,25,26,-0.6155130072829053,171,171,0.3591415342231176,0.783625730994152,-0.0612316226260268,0.00380775502356,-0.1046228666946713,-0.077519286003801,-0.1148167697837187,0.0174668651670866,L089,10,134.0,0.2761194029850746,Decay
2026-05-21 00:00:00-04:00,TECH/INTERNET :: AAP-ABAT-ACB,0,1,1.1299429923932884,192,192,0.3381560961066786,0.875,0.617630061748751,0.076114015242173,0.0467946727937685,0.0938380990153242,0.0314985897947661,0.0561271116088318,L063,20,169.0,0.136094674556213,Expansion
2026-05-21 00:00:00-04:00,NONCYCLICAL/GENMERCH :: ALH-ALHC-ALKS,1,2,1.0652132046154752,52,52,0.3100403927945668,0.5961538461538461,-0.157009116537907,0.0058059574318091,0.1095724529155349,0.1297762329730347,0.0942763699165324,0.0070738125005749,L095,8,50.0,0.04,Maturity
2026-05-21 00:00:00-04:00,TECH/SOFTW :: AES-ASUR-ATII,2,3,0.9194881457926668,63,63,0.0274136571416005,0.492063492063492,0.3282711101672574,0.0161757958053888,0.0540085559466058,0.1265890013111673,0.0387124729476034,0.0101433802174536,L082,13,105.0,-0.4,Decay
2026-05-21 00:00:00-04:00,CONSUMERSVCE/HOSPITALITY :: ABNB-ALC-ATAI,3,4,0.8927340352509451,59,59,0.2786962986141084,0.6610169491525424,0.1390850980090591,0.0168469120654527,0.0701025615392289,0.0753536388656658,0.0548064785402265,0.0083933126918447,L103,4,50.0,0.18,Expansion
2026-05-21 00:00:00-04:00,TECH/COMPUTER :: AENT-AHRT-AQST,4,5,0.7934633433684836,72,72,0.2837408316197254,0.6666666666666666,0.0915690178713466,0.0204025771066217,0.057863806346095,0.0872653497069907,0.0425677233470926,0.0108387138193881,L077,15,97.0,-0.2577319587628865,Maturity
2026-05-21 00:00:00-04:00,HEALTHCARE/HCARESUPPORT :: AAPL-AD-AFRM,5,6,0.728069332683923,106,106,0.3205834992170386,0.6037735849056604,-0.1983240606047891,0.0148327612935515,0.0721785524032798,0.1068218619890413,0.0568824694042774,0.008960797080585,L090,10,84.0,0.2619047619047619,Expansion
2026-05-21 00:00:00-04:00,TECH/SEMIMFR :: AAOI-AAON-ACLS,6,7,0.6672117404409276,173,173,0.3383442477366147,0.6820809248554913,-0.2796678768179863,0.045213832108081,0.0563752085011667,0.1601900656469724,0.0410791255021643,0.0173798883740773,L099,6,164.0,0.0548780487804878,Maturity
2026-05-21 00:00:00-04:00,NONCYCLICAL/MACHINE :: ACI-ADT-AGCO,7,8,0.3788257873090127,76,76,0.3245779516015924,0.25,0.9348544913287024,-0.0261269113488503,-0.0389562075277464,-0.0305940291978692,-0.0542522905267488,-0.0237826724484254,L110,1,,0.0,Emergence
2026-05-21 00:00:00-04:00,ENERGY/OILGASINTEG :: ACDC-ADM-AESI,8,9,0.2683343896596264,133,133,0.3242955302830432,0.2180451127819548,-0.1751416392743625,-0.0286534706131284,0.0368470832603924,0.0244478973649751,0.02155100026139,-0.0143809132454527,L022,31,133.0,0.0,Maturity
2026-05-21 00:00:00-04:00,NONCYCLICAL/GENMERCH :: ABCB-ACNB-ACNT,9,10,0.254610859714728,240,240,0.4318943086410861,0.7166666666666667,0.1301178411682918,0.0220167649913075,-0.0034082447425953,-0.0003373560710111,-0.0187043277415977,0.0049514571377118,L004,31,231.0,0.0389610389610389,Maturity
2026-05-21 00:00:00-04:00,FINANCIAL/REIT :: AAT-ADC-AHR,10,11,0.2203273454056802,92,92,0.3892861347161437,0.4565217391304347,0.0304933625610114,0.0070423156787746,0.0056002610482797,0.0147628473238653,-0.0096958219507227,-0.0006797365542212,L093,9,98.0,-0.0612244897959183,Maturity
2026-05-21 00:00:00-04:00,UNKNOWN/UNKNOWN :: BBAR-BMA-BWXT,11,12,0.1432973909006685,23,23,0.3229650724447837,0.782608695652174,-0.065687882009195,0.0208253628911652,-0.0001441874280015,1.189924391191302e-05,-0.0154402704270039,0.0263358936354497,L111,1,,0.0,Emergence
2026-05-21 00:00:00-04:00,MATERIALS/ORE :: AA-AARD-ABEV,12,13,0.1077298510036033,205,205,0.3674627368472996,0.5414634146341464,-0.1391734159646979,0.0094465041804288,-0.0011843853073983,0.0370463129943068,-0.0164804683064007,0.0071741640440605,L027,29,141.0,0.4539007092198581,Expansion
2026-05-21 00:00:00-04:00,UTIL/ENERGYUTIL :: AEE-ATO-AVA,13,14,0.0817487838402868,60,60,0.3749446473440642,0.7333333333333333,-0.2928053781647062,0.0099525618271605,0.0129142111846378,-0.0005938620390516,-0.0023818718143645,0.0046310452759685,L112,1,,0.0,Emergence
2026-05-21 00:00:00-04:00,FINANCIAL/INVESTSVCE :: AAMI-AEG-AER,14,15,0.0772016228918762,142,142,0.3989046864427575,0.6690140845070423,-0.1114540379058105,0.0158396122978897,-0.0069878386274342,0.0153234576410229,-0.0222839216264366,0.0055452341957087,L108,3,129.0,0.1007751937984496,Confirmation
2026-05-21 00:00:00-04:00,HEALTHCARE/BIOPHARMAOTHER :: ABBV-ABUS-ABVX,15,16,0.048471814842153,164,164,0.2958739685851068,0.7134146341463414,-0.0759224114401159,0.0459035022648086,-0.0088372192077218,-0.0038030996515292,-0.0241333022067242,0.0130460678533312,L106,4,154.0,0.0649350649350649,Maturity
2026-05-21 00:00:00-04:00,INDUSTRIAL/TRAINTRUCK :: AEBI-ALNT-ARCB,16,17,0.0379364603397437,38,38,0.3557601688533757,0.3421052631578947,-0.3968499440761232,0.0221865458974476,0.0189365389017051,0.0367059193781372,0.0036404559027026,-0.0043193307136778,L107,3,32.0,0.1875,Expansion
2026-05-21 00:00:00-04:00,FINANCIAL/TELECOMGEN :: ACRE-ADAM-AGNC,17,18,0.0107357130339783,77,78,0.3815562733455807,0.7532467532467533,-0.1023152814065336,0.0146464640439236,-0.0121323765897008,-0.0135232040900231,-0.0274284595887032,0.0045890593296508,L113,1,,0.0,Emergence
2026-05-21 00:00:00-04:00,FINANCIAL/INSURANCE :: ABT-ACGL-ACIC,18,19,-0.1030539869037615,166,166,0.3295824028261539,0.5542168674698795,-0.3630631147097229,0.0041881754557093,0.0078075391110799,-0.0341048746407626,-0.0074885438879224,0.0021935000327165,L092,10,125.0,0.328,Decay
2026-05-21 00:00:00-04:00,CONSUMERSVCE/HOSPITALITY :: AAL-AAUC-ABG,19,20,-0.1255877219747291,177,177,0.335765497893607,0.7966101694915254,0.0500836879572674,0.0338231652618838,-0.0396011934272685,-0.037363533131369,-0.0548972764262709,0.0199296094638946,L102,5,147.0,0.2040816326530612,Decay
2026-05-21 00:00:00-04:00,TECH/GENMERCH :: ABEO-ACHC-ADI,20,21,-0.1339037266741513,105,105,0.2992293426042732,0.5047619047619047,0.2179019995742849,0.0091839892751098,-0.0507384212000323,-0.0237945444957313,-0.0660345041990347,0.007884990485317,L047,24,96.0,0.09375,Decay
2026-05-21 00:00:00-04:00,TECH/SOFTW :: ABM-ACIW-ACN,21,22,-0.2183415328923875,225,225,0.4161950788181939,0.4,-0.3040607959395207,0.0051440607618679,-0.0274911714411765,0.0362459632212893,-0.0427872544401789,-0.0035489785502107,L019,31,159.0,0.4150943396226415,Decay
2026-05-21 00:00:00-04:00,FINANCIAL/REALESTATESVCE :: ARE-BAX-BDN,22,23,-0.3014542589719278,43,43,0.4085680988793141,0.6744186046511628,-0.4393218684202644,0.0122988122439962,-0.0293768172473452,0.017833104643083,-0.0446729002463476,0.0071408304476205,L114,1,,0.0,Emergence
2026-05-21 00:00:00-04:00,FINANCIAL/BANKSINTL :: ABCL-ACM-AGNT,23,24,-0.3179506797966969,78,78,0.3216465415759378,0.6025641025641025,-0.0099943618504507,0.0262603792770766,-0.0590489789792989,-0.019101814514067,-0.0743450619783014,0.0158598018324731,L096,8,73.0,0.0684931506849315,Decay
2026-05-21 00:00:00-04:00,INDUSTRIAL/MACHINE :: ACA-ACCO-ADAG,24,25,-0.3509746954660065,238,238,0.4317392734268069,0.6050420168067226,-0.2862755798682631,0.013653174555485,-0.0338369767214145,-0.0465935859281818,-0.0491330597204169,0.0072034026683743,L083,13,237.0,0.0042194092827004,Decay
2026-05-21 00:00:00-04:00,HEALTHCARE/BIOPHARMAOTHER :: ARCC-BBDC-BCSF,25,26,-0.3596804955688459,42,42,0.3608793391571124,0.3571428571428571,0.0498610531130811,0.0009660530881219,-0.0602872424995032,-0.0366543747390313,-0.0755833254985056,-0.0038821758266442,L115,1,,0.0,Emergence
2026-05-21 00:00:00-04:00,INDUSTRIAL/AERODEF :: ACU-ADUS-AEP,26,27,-0.473676267008001,100,100,0.2922280905697479,0.48,-0.1055984698352296,0.019006929226059,-0.0616329832661628,-0.0443569398464421,-0.0769290662651652,0.0009765523840143,L097,7,113.0,-0.1150442477876106,Decay
2026-05-21 00:00:00-04:00,HEALTHCARE/HCAREMISC :: A-ABR-ABSI,27,28,-0.7602695267977362,174,174,0.3215190168987054,0.6379310344827587,-0.2194856336150433,0.022852553623851,-0.0948298745729567,-0.0461600036662628,-0.1101259575719592,0.009662078744378,L091,10,148.0,0.1756756756756756,Decay
2026-05-22 00:00:00-04:00,TECH/SOFTW :: AA-AIRJ-APPS,0,1,1.3918693185617,74,74,0.327956174417142,0.8648648648648649,1.271683548541672,0.1064675890277175,0.057933528618924,0.1173184764900962,0.04700516334778,0.0705105570182449,L116,1,,0.0,Emergence
2026-05-22 00:00:00-04:00,NONCYCLICAL/GENMERCH :: ADMA-AEVA-ALH,1,2,1.0699885659319746,62,62,0.26922799128354,0.6612903225806451,-0.2927305320303569,0.0392959139040939,0.1123928913081842,0.1132307070274281,0.1014645260370402,0.0174134691852548,L095,9,52.0,0.1923076923076923,Expansion
2026-05-22 00:00:00-04:00,TECH/SOFTW :: AES-ASUR-ATII,2,3,0.8814674285050825,57,57,0.0308287094385135,0.3859649122807017,0.2342095687345647,0.0164983418871223,0.0629762388505534,0.1393163573794818,0.0520478735794093,0.0012232847224507,L082,14,63.0,-0.0952380952380952,Decay
2026-05-22 00:00:00-04:00,TECH/INTERNET :: AAP-ABAT-ACHR,3,4,0.8637375309381103,179,179,0.3582907915512924,0.6033519553072626,0.2365571685464149,0.1199412011977362,0.0493475704523313,0.1323511627294314,0.0384192051811873,0.0236017255273618,L063,21,192.0,-0.0677083333333333,Maturity
2026-05-22 00:00:00-04:00,TECH/BIOPHARMASYS :: ABSI-ABX-ADTN,4,5,0.85235419017972,104,104,0.3134153114671336,0.5576923076923077,-0.1714548335925038,0.0539902107358753,0.0664273486398881,0.1655450276237786,0.055498983368744,0.0118504376465887,L027,30,205.0,-0.4926829268292683,Maturity
2026-05-22 00:00:00-04:00,HEALTHCARE/HOSPITALITY :: ABNB-ALC-ARLO,5,6,0.8127811756888179,57,57,0.3014092102526388,0.6842105263157895,0.0199473672224564,0.0474214882985126,0.06612699759412,0.0757682615120419,0.055198632322976,0.0161371194877866,L103,5,59.0,-0.0338983050847457,Maturity
2026-05-22 00:00:00-04:00,TECH/SEMIMFR :: AAMI-AAOI-AAON,6,7,0.6734498021908588,170,170,0.3363706339561279,0.7764705882352941,-0.3962711250553629,0.0760203146068185,0.0521147957565963,0.1497840103064575,0.0411864304854523,0.0230564524826918,L099,7,173.0,-0.0173410404624277,Maturity
2026-05-22 00:00:00-04:00,TECH/SEMIMFR :: ALX-AQST-ARX,7,8,0.4180494753392683,75,75,0.2741477032203691,0.4533333333333333,-0.3056827223188429,0.0222284978747824,0.0435810358774878,0.0506599644693196,0.0326526706063438,-0.0023596680375035,L077,16,72.0,0.0416666666666666,Maturity
2026-05-22 00:00:00-04:00,ENERGY/OILGASINTEG :: ACDC-ADM-AESI,8,9,0.228215747390243,133,133,0.3288632464707764,0.5338345864661654,-0.6834544467621385,-0.0303258737276297,0.0416258848741285,0.0262064707362918,0.0306975196029845,0.0018884006266747,L022,32,133.0,0.0,Maturity
2026-05-22 00:00:00-04:00,UTIL/ENERGYUTIL :: AEE-AQN-ATO,9,10,0.1986932284077281,67,67,0.3592737338786063,0.8955223880597015,-0.5058097815908414,0.0097530303349149,0.0190830523558783,0.0159648083450766,0.0081546870847343,0.0069363093920948,L112,2,60.0,0.1166666666666666,Emergence
2026-05-22 00:00:00-04:00,INDUSTRIAL/TRAINTRUCK :: AEBI-ALNT-ARCB,10,11,0.1393944020769905,35,35,0.358924973359671,0.5142857142857142,-0.3883136743690368,0.0387699462623285,0.0152936261907718,0.0126990936768675,0.0043652609196278,0.0025720735228829,L107,4,38.0,-0.0789473684210526,Maturity
2026-05-22 00:00:00-04:00,FINANCIAL/REIT :: AAT-ACI-ADC,11,12,0.0496200816833143,118,118,0.3718855677537768,0.5508474576271186,-0.0559271646340695,-0.001246590775964,-0.0144312495006935,-0.0011344981696716,-0.0253596147718375,0.0022099136111199,L093,10,92.0,0.2826086956521739,Expansion
2026-05-22 00:00:00-04:00,NONCYCLICAL/GENMERCH :: AOMR-API-ASC,12,13,0.0416873726009955,85,85,0.2432527617603551,0.1176470588235294,1.2338243640990527,-0.0322844593872708,-0.0681910760781567,-0.0364267922629973,-0.0791194413493007,-0.0328227867674483,L047,25,105.0,-0.1904761904761904,Maturity
2026-05-22 00:00:00-04:00,NONCYCLICAL/FOODDRINKMFR :: ABCB-ACNB-ACT,13,14,0.0052589439579712,233,233,0.4411017333987688,0.3905579399141631,-0.2951849703821497,0.0230877646974735,-0.0056473702563784,0.0080867783225813,-0.0165757355275224,-0.0005654518762777,L004,32,240.0,-0.0291666666666666,Maturity
2026-05-22 00:00:00-04:00,TECH/SOFTW :: ABM-ACIW-ACN,14,15,-0.0264809842390839,258,258,0.3934553317239513,0.8062015503875969,-0.4890639021230791,0.0183811862604828,-0.0116911504844887,0.0202885199090969,-0.0226195157556328,0.0139033123640758,L019,32,225.0,0.1466666666666666,Decay
2026-05-22 00:00:00-04:00,HEALTHCARE/INSURANCE :: A-ABT-ACGL,15,16,-0.0640642054449226,187,187,0.3231377829024897,0.5240641711229946,-0.7066372925950454,0.0088369010082868,0.0137983835265375,-0.0209696516512673,0.0028700182553934,0.0007515224443174,L092,11,166.0,0.1265060240963855,Decay
2026-05-22 00:00:00-04:00,CONSUMERSVCE/HOSPITALITY :: ACRE-ADAM-AGNC,16,17,-0.0810289656570856,70,71,0.3939332755626286,0.2857142857142857,-0.3537201502423792,0.0278807738024503,-0.0082802633120316,-0.0006945641052375,-0.0192086285831757,-0.001416062604933,L113,2,77.0,-0.0909090909090909,Emergence
2026-05-22 00:00:00-04:00,FINANCIAL/INVESTSVCE :: AI-BBAR-BMA,17,18,-0.0945509867656811,20,20,0.3299452446801942,0.2,-0.5720668389424123,0.0298635032374979,0.0064631083003434,-0.0020976325191399,-0.0044652569708006,-0.0156650962368785,L111,2,23.0,-0.1304347826086956,Emergence
2026-05-22 00:00:00-04:00,FINANCIAL/INVESTSVCE :: AEG-ALLY-AMG,18,19,-0.1122580519128991,118,118,0.4330254152408346,0.5677966101694916,-0.6539070257013146,0.0255896186148421,-0.0057173189664242,0.009100295714965,-0.0166456842375682,0.0015351056369298,L108,4,142.0,-0.1690140845070422,Confirmation
2026-05-22 00:00:00-04:00,CONSUMERSVCE/HOSPITALITY :: AAL-AAUC-ABG,19,20,-0.1769505907871343,186,186,0.3284972621713337,0.6397849462365591,-0.2560126858536578,0.0596278431243887,-0.0289607045762119,-0.0299366236151155,-0.0398890698473559,0.0070717719968276,L102,6,177.0,0.0508474576271186,Decay
2026-05-22 00:00:00-04:00,TECH/COMPONENTS :: APH-ARCC-BARK,20,21,-0.2548468531602585,53,53,0.2472214531438897,0.2075471698113207,0.0648607784812545,0.0111638748890906,-0.0451857420559004,-0.0277907684057981,-0.0561141073270444,-0.0060359300246163,L115,2,42.0,0.2619047619047619,Emergence
2026-05-22 00:00:00-04:00,INDUSTRIAL/MACHINE :: ACA-ACCO-ACTG,21,22,-0.2695872749279735,269,270,0.4265057649838616,0.7286245353159851,-0.4301442052362458,0.0400283036730465,-0.0340568229327825,-0.038392687343433,-0.0449851882039266,0.0094462617111641,L083,14,238.0,0.1302521008403361,Decay
2026-05-22 00:00:00-04:00,FINANCIAL/REALESTATESVCE :: ACHC-ALTG-ARE,22,23,-0.3024795635402192,54,54,0.3936871114945076,0.6851851851851852,-0.5292307574366161,0.0371683950772946,-0.0354569340525983,-0.0174395343957559,-0.0463852993237423,0.0065303179778463,L114,2,43.0,0.2558139534883721,Emergence
2026-05-22 00:00:00-04:00,INDUSTRIAL/AERODEF :: ACU-ADPT-ADUS,23,24,-0.3070792886645245,120,120,0.321795308837238,0.55,-0.3032446218936117,0.0429190778898576,-0.038797069384182,-0.0417038335282092,-0.049725434655326,0.0059095061652444,L097,8,100.0,0.2,Decay
2026-05-22 00:00:00-04:00,HEALTHCARE/BIOPHARMAOTHER :: ABBV-ABUS-ABVX,24,25,-0.3132022246206297,159,159,0.3254888342915596,0.3459119496855345,-0.3837947788647742,0.0448705420393559,-0.0335651258315086,-0.0228141232618867,-0.0444934911026527,-0.007303763656864,L106,5,164.0,-0.0304878048780487,Decay
2026-05-22 00:00:00-04:00,FINANCIAL/BANKSINTL :: ABCL-ACM-AENT,25,26,-0.3848408672736292,114,114,0.3243244899420181,0.4912280701754385,-0.3921259699095699,0.0375553184949085,-0.0521566115110653,0.0022844006839967,-0.0630849767822093,0.0011589029698026,L096,9,78.0,0.4615384615384615,Decay
2026-05-22 00:00:00-04:00,FINANCIAL/BANKSINTL :: ABEO-AGPU-AIRO,26,27,-0.4179190336694487,74,74,0.2913625906541458,0.4864864864864865,0.0064911197219749,0.049581238921779,-0.0755199889766738,-0.0135547566204352,-0.0864483542478178,-0.0024901619860529,L117,1,,0.0,Emergence
2026-05-22 00:00:00-04:00,MATERIALS/ORE :: AARD-ABEV-ACB,27,28,-0.4584161451894063,150,151,0.4494167769474192,0.3333333333333333,-0.2587031278010666,0.0251065814609033,-0.0616314873028439,-0.0279072056044366,-0.0725598525739879,-0.0079212437892475,L118,1,,0.0,Emergence
2026-05-26 00:00:00-04:00,TECH/SEMIMFR :: AAP-ALAB-ANET,0,1,1.480608129506331,60,60,0.3235414365636105,0.6,0.6497207886020129,0.13633671581423,0.1108805777121705,0.2021399826414502,0.0956344219897901,0.0133510543339963,L119,1,,0.0,Emergence
2026-05-26 00:00:00-04:00,FINANCIAL/BANKSINTL :: ACU-AEVA-ALH,1,2,1.2376092034815305,63,63,0.2690438744435507,0.7142857142857143,0.0693833008125888,0.0363912536106307,0.1411608176049842,0.163739321485187,0.1259146618826038,0.0175311818493758,L095,10,62.0,0.0161290322580645,Maturity
2026-05-26 00:00:00-04:00,TECH/SEMIMFR :: ABSI-ACLS-ACMR,2,3,1.1947699666567186,135,135,0.3509702171221751,0.8888888888888888,0.2388133847635395,0.0894268603942388,0.0948693528134944,0.2454976067931692,0.079623197091114,0.0422305395645106,L099,8,170.0,-0.2058823529411764,Maturity
2026-05-26 00:00:00-04:00,TECH/COMPONENTS :: AA-AAOI-ABAT,3,4,0.9555190628193224,221,221,0.3499197169561336,0.8461538461538461,0.5309417207402242,0.1163317974677065,0.049425161447217,0.1546131017534419,0.0341790057248366,0.0578982964741164,L063,22,179.0,0.2346368715083799,Expansion
2026-05-26 00:00:00-04:00,TECH/INVESTSVCE :: AIZ-ALX-AQST,4,5,0.8482130644299458,68,68,0.3034283876590055,0.6323529411764706,0.1950749472786002,0.0283689797832147,0.0863857270218187,0.1000356282238465,0.0711395712994383,0.0186232346063873,L077,17,75.0,-0.0933333333333333,Maturity
2026-05-26 00:00:00-04:00,TECH/MEDDEVICESOTHER :: AARD-ALC-APT,5,6,0.7977746039107224,57,57,0.3131933431761096,0.6666666666666666,0.1180200891957477,0.0363530580763033,0.0857321908245036,0.1008519460359334,0.0704860351021233,0.0132027569063812,L103,6,57.0,0.0,Maturity
2026-05-26 00:00:00-04:00,HEALTHCARE/BIOPHARMAOTHER :: AAPL-ABBV-ADMA,6,7,0.6228576445305637,74,74,0.2524016129314712,0.4729729729729729,0.1542275054366619,0.0731146996320842,0.0670668851373234,0.0839745924839173,0.051820729414943,0.0010849837925258,L116,2,74.0,0.0,Emergence
2026-05-26 00:00:00-04:00,CONSUMERSVCE/HOSPITALITY :: AAL-ABG-ABNB,7,8,0.5049449507237267,138,138,0.3792536268092936,0.8768115942028986,0.3531457050116783,0.0531098748474135,0.0335550881492536,-0.0094388775044879,0.0183089324268732,0.0228379272939094,L102,7,186.0,-0.2580645161290322,Maturity
2026-05-26 00:00:00-04:00,INDUSTRIAL/TRAINTRUCK :: AEBI-APLE-ARCB,8,9,0.3081591549184451,54,54,0.3623884902525451,0.9074074074074074,-0.2466199992635388,0.02456850998642,0.0558978808297954,0.045363085386422,0.040651725107415,0.0233926401901525,L107,5,35.0,0.5428571428571428,Expansion
2026-05-26 00:00:00-04:00,CONSUMERSVCE/FINSPECIAL :: AAUC-AES-ASUR,9,10,0.290000086561686,78,78,0.0513560138328407,0.4871794871794871,0.094865825246408,0.0092724293779924,0.0329377583856972,0.0655784302159897,0.0176916026633168,-0.0046631972225035,L082,15,57.0,0.3684210526315789,Expansion
2026-05-26 00:00:00-04:00,UNKNOWN/UNKNOWN :: ABCB-ACNB-AD,10,11,0.2333693484015468,247,247,0.4370830068411046,0.9109311740890688,-0.0221890622363908,0.0175970732591586,0.026935271045818,0.0115692566277424,0.0116891153234376,0.0114913805812085,L004,33,233.0,0.0600858369098712,Maturity
2026-05-26 00:00:00-04:00,ENERGY/OILGASINTEG :: AGYS-ASC-BWLP,11,12,0.0817282279152287,31,31,0.361767263999185,0.3225806451612903,0.4209014025700207,-0.0394021146019499,-0.0243638859450379,0.0239909047796365,-0.0396100416674183,-0.0081254208799992,L047,26,85.0,-0.6352941176470588,Maturity
2026-05-26 00:00:00-04:00,HEALTHCARE/HCARESUPPORT :: ACI-AGCO-ALOT,12,13,0.0553780107497541,69,69,0.2049410600614079,0.3188405797101449,0.3744200668475068,-0.0195194355478024,-0.0111800947674782,-0.0206423610301647,-0.0264262504898585,-0.0164555916601493,L120,1,,0.0,Emergence
2026-05-26 00:00:00-04:00,TECH/SOFTW :: ACIW-ACN-ACVA,13,14,-0.002933887622787,271,271,0.4034438261515304,0.3394833948339483,-0.1138685544617011,0.0052084290201031,0.0177166754999183,0.0212283587397775,0.0024705197775379,-0.0045464594669076,L019,33,258.0,0.0503875968992248,Decay
2026-05-26 00:00:00-04:00,FINANCIAL/REIT :: AAT-ADC-AHR,14,15,-0.0227568294120575,119,119,0.404171683580568,0.7310924369747899,-0.1317734038639278,0.0079167015926583,0.005257269374509,0.0223060921526903,-0.0099888863478713,0.0052786537276372,L093,11,118.0,0.0084745762711864,Decay
2026-05-26 00:00:00-04:00,FINANCIAL/INVESTSVCE :: AAMI-AEG-AER,15,16,-0.0547918440131649,139,139,0.4187362524255655,0.8345323741007195,-0.259958890171017,0.0162929458507848,0.0119465115769744,0.0152987099761148,-0.0032996441454059,0.0136039441859843,L108,5,118.0,0.1779661016949152,Decay
2026-05-26 00:00:00-04:00,INDUSTRIAL/MACHINE :: AAON-ACA-ADNT,16,17,-0.0922992170681455,147,147,0.4472468782452344,0.9591836734693876,-0.2388850175279586,0.0448965014496454,-0.0049327298181829,0.0416815226688496,-0.0201788855405633,0.0277213248991764,L083,15,269.0,-0.4535315985130111,Decay
2026-05-26 00:00:00-04:00,INDUSTRIAL/AERODEF :: ABM-ADPT-ADUS,17,18,-0.2295377946597447,115,115,0.3214666671969958,0.6608695652173913,-0.0954260197058802,0.0267099390202455,-0.0131124632059246,-0.0353830695161789,-0.028358618928305,0.0120277353022869,L097,9,120.0,-0.0416666666666666,Decay
2026-05-26 00:00:00-04:00,ENERGY/OILGASINTEG :: ACDC-ADM-AESI,18,19,-0.2347638718058485,134,134,0.3026197972115379,0.2313432835820895,-0.159350127860613,-0.0337582133634661,-0.0012629679163554,-0.0009367887028099,-0.0165091236387358,-0.0212440895096854,L022,33,133.0,0.0075187969924812,Decay
2026-05-26 00:00:00-04:00,MATERIALS/MATCONSTR :: ACCO-AHCO-AIT,19,20,-0.2381353388619776,210,210,0.4517735524213844,0.8380952380952381,-0.2680407936440034,0.0309243396694256,-0.0030769246501282,-0.0424746082706091,-0.0183230803725086,0.0142701058866549,L121,1,,0.0,Emergence
2026-05-26 00:00:00-04:00,UTIL/ENERGYUTIL :: AEE-AQN-ATO,20,21,-0.2424201631589726,57,57,0.4396092004549471,0.4035087719298245,-0.3323404077571838,0.0100880530946123,0.0107455537755057,-0.017256892135335,-0.0045006019468746,-0.000843837531905,L112,3,67.0,-0.1492537313432835,Decay
2026-05-26 00:00:00-04:00,TELECOM/TELECOMGEN :: ACRE-ADAM-AGNC,21,22,-0.2619292631495669,60,60,0.3799252702908661,0.75,-0.2467293838878909,0.0078431998751516,-0.0092359857512733,-0.0187365394825946,-0.0244821414736537,0.0071985308404195,L113,3,70.0,-0.1428571428571428,Confirmation
2026-05-26 00:00:00-04:00,HEALTHCARE/INSURANCE :: A-ABT-ACGL,22,23,-0.2660610788065652,178,178,0.3320112678121926,0.2696629213483146,-0.3767147497873129,-0.0064838971436985,0.0198197327608118,-0.0261934920513153,0.0045735770384314,-0.0066660031863299,L092,12,187.0,-0.0481283422459893,Decay
2026-05-26 00:00:00-04:00,MATERIALS/ORE :: ABEV-ACET-AEM,23,24,-0.2867283014875226,152,152,0.456899499813811,0.881578947368421,-0.0405138593813527,0.0299677015447791,-0.0453380309945653,0.0114413256920055,-0.0605841867169457,0.0342288505052072,L118,2,150.0,0.0133333333333333,Emergence
2026-05-26 00:00:00-04:00,HEALTHCARE/GENMERCH :: ABR-ACHC-AIRO,24,25,-0.3376716487625571,123,123,0.2299347016688709,0.6016260162601627,0.3098613685755836,-0.004124123462644,-0.0695421729404905,-0.02073328060449,-0.0847883286628709,0.00938301338891,L117,2,74.0,0.6621621621621622,Emergence
2026-05-26 00:00:00-04:00,HEALTHCARE/BIOPHARMASYS :: ABEO-ABUS-ABVX,25,26,-0.3766908015841178,141,141,0.347567391434935,0.6666666666666666,-0.1956664048570582,0.0203542330243824,-0.0297815006278962,-0.0089164145740314,-0.0450276563502766,0.0142410037574567,L106,6,159.0,-0.1132075471698113,Decay
2026-05-26 00:00:00-04:00,UTIL/ENERGYUTIL :: ADEA-ARCC-AVTX,26,27,-0.3997349359511471,53,53,0.2826405978652863,0.7924528301886793,-0.14867612379845,0.0092274526930273,-0.0374776528951622,-0.0225675756280412,-0.0527238086175426,0.0126634841805593,L115,3,53.0,0.0,Decay
2026-05-26 00:00:00-04:00,NONCYCLICAL/BANKSINTL :: ABCL-ACM-AGNT,27,28,-0.4840704087582341,96,96,0.3434817755579411,0.65625,-0.3006663334547875,0.0284354739102304,-0.0398971110341455,0.0214319226123402,-0.0551432667565259,0.0115201879047134,L096,10,114.0,-0.1578947368421052,Decay
2026-05-27 00:00:00-04:00,HEALTHCARE/HCAREMISC :: A-ADPT-AGNT,0,1,2.066022956712553,101,101,0.2816790167572947,0.8712871287128713,5.693500176742462,0.1245639986425404,0.1375438871906882,0.1285000844300055,0.1209224319032386,0.1037438824218295,L122,1,,0.0,Emergence
2026-05-27 00:00:00-04:00,TECH/SOFTW :: AA-AIOT-AIRJ,1,2,1.0018644217606156,70,70,0.3175285201843748,0.4714285714285714,0.2617405577673097,0.1090924076756563,0.1289858635126712,0.1878734407834855,0.1123644082252217,0.009107292868103,L116,3,74.0,-0.054054054054054,Maturity
2026-05-27 00:00:00-04:00,TECH/FINSPECIAL :: AAP-ABAT-ABCL,2,3,0.7608986421702074,195,195,0.3388646219790991,0.5897435897435898,0.0961630868440316,0.0729423820032277,0.086929810482269,0.2189857898264417,0.0703083551948195,0.0127389061655316,L063,23,221.0,-0.1176470588235294,Maturity
2026-05-27 00:00:00-04:00,INDUSTRIAL/TRAINTRUCK :: AEBI-AGEN-ARCB,3,4,0.6414976064473685,38,38,0.3867338495056723,0.8421052631578947,-0.2428649302645963,0.0467976964845914,0.1044128657418945,0.0364613406697825,0.087791410454445,0.0140552504528851,L107,6,54.0,-0.2962962962962963,Maturity
2026-05-27 00:00:00-04:00,FINANCIAL/BANKSINTL :: ABEV-ACMR-AEC,4,5,0.6293676487257273,113,113,0.3611852192963695,0.504424778761062,0.4168173912348522,0.0752625050730045,0.0800938119239851,0.1134054468527837,0.0634723566365356,0.0056260896202226,L123,1,,0.0,Emergence
2026-05-27 00:00:00-04:00,TECH/SEMIMFR :: AARD-APEI-APT,5,6,0.5948021006552557,50,50,0.3130244056792133,0.5,-0.0991358755330718,0.0285756641234407,0.0928356012854022,0.1019385692369271,0.0762141459979527,0.0045345000306777,L103,7,57.0,-0.1228070175438596,Maturity
2026-05-27 00:00:00-04:00,FINANCIAL/VEHICLE :: AENT-ALX-AQST,6,7,0.5776897635115436,66,66,0.2905329955960647,0.5,-0.0012744942573097,0.0137847151731805,0.0893524880535321,0.0947415363681187,0.0727310327660825,-0.0021389629091485,L077,18,68.0,-0.0294117647058823,Maturity
2026-05-27 00:00:00-04:00,CYCLICALS/VEHICLE :: ABG-ACHC-ADNT,7,8,0.5278545738876139,74,74,0.3648006839961352,0.8378378378378378,0.1739943012972481,0.0634786272319363,0.0620729863236178,0.1091303061684898,0.0454515310361683,0.023251521232117,L124,1,,0.0,Emergence
2026-05-27 00:00:00-04:00,CONSUMERSVCE/HOSPITALITY :: AAL-ACEL-AEO,8,9,0.5129767571614393,137,137,0.4039410981713466,0.8175182481751825,0.214384155159384,0.0520293442496263,0.0717970528217344,0.0389508196814765,0.0551755975342849,0.0190257215107946,L102,8,138.0,-0.0072463768115942,Maturity
2026-05-27 00:00:00-04:00,TECH/SEMIMFR :: AAOI-ABSI-ACLS,9,10,0.4705796051740972,169,169,0.4080761603045412,0.2544378698224852,-0.2942068416390497,0.0483452033321681,0.0565125607989775,0.2496846006774527,0.039891105511528,-0.0144785458060993,L099,9,135.0,0.2518518518518518,Expansion
2026-05-27 00:00:00-04:00,TECH/INVESTSVCE :: AES-ASUR-AVNS,10,11,0.3109197246736284,54,54,0.0319841067022761,0.4074074074074074,-0.1702596244222031,0.0003644403730599,0.058919653861155,0.1120427185632543,0.0422981985737055,0.0058244844863042,L082,16,78.0,-0.3076923076923077,Decay
2026-05-27 00:00:00-04:00,FINANCIAL/REIT :: AAT-ADC-AHR,11,12,0.02546069637413,116,116,0.4549638126537554,0.5431034482758621,-0.3664286512804235,0.0105528268928583,0.0215979484805307,0.0366208362932057,0.0049764931930811,0.0018761775512514,L093,12,119.0,-0.0252100840336134,Maturity
2026-05-27 00:00:00-04:00,TECH/GENMERCH :: ABEO-ADMA-AIRO,12,13,-0.0072103423937335,135,135,0.2229981167109843,0.5555555555555556,-0.0084532394701799,0.0212460899709898,0.0063688317980209,0.0630926044415866,-0.0102526234894286,0.0099574108450885,L117,3,123.0,0.0975609756097561,Decay
2026-05-27 00:00:00-04:00,TECH/SOFTW :: ABNB-ACIW-ACM,13,14,-0.0265493548162768,257,257,0.4201701405158431,0.4435797665369649,-0.1930644311334792,0.0070689645313354,0.02146105051545,-0.0097438260672544,0.0048395952280005,-0.0001432502490724,L019,34,271.0,-0.051660516605166,Decay
2026-05-27 00:00:00-04:00,HEALTHCARE/BIOPHARMAOTHER :: AAUC-ABBV-ADT,14,15,-0.0347637279253337,135,135,0.2140078375986213,0.7037037037037037,-0.088793435211495,-0.0009741650017432,0.0109378102617064,0.006545336159652,-0.0056836450257431,0.0068022738397368,L125,1,,0.0,Emergence
2026-05-27 00:00:00-04:00,FINANCIAL/INVESTSVCE :: ALLY-AMG-AMP,15,16,-0.0363794994559613,105,105,0.3265502434473625,0.1809523809523809,0.639904248175697,-0.0181647977576332,-0.0003534382834135,0.026462191847684,-0.016974893570863,-0.0294867517477968,L108,6,139.0,-0.2446043165467626,Decay
2026-05-27 00:00:00-04:00,INDUSTRIAL/MACHINE :: ACA-ACCO-ACTG,16,17,-0.0589794181046176,221,221,0.4716867026250355,0.6787330316742082,-0.2639132078077671,0.0325021297809595,0.0134907119287507,-0.0270532435717253,-0.0031307433586988,0.0108063650309043,L121,2,210.0,0.0523809523809523,Emergence
2026-05-27 00:00:00-04:00,UNKNOWN/UNKNOWN :: ABCB-ACNB-AD,17,18,-0.0763091108500021,219,219,0.4684398199591745,0.136986301369863,-0.3818592098567728,0.0048933679555698,0.0258859613719048,-0.0015353627651693,0.0092645060844553,-0.007182228423374,L004,34,247.0,-0.1133603238866396,Decay
2026-05-27 00:00:00-04:00,UTIL/ENERGYUTIL :: AEE-AQN-ATO,18,19,-0.0763192963770993,59,59,0.4066875024222415,0.4915254237288136,-0.1280917270261157,0.0102884062153072,0.0116625565573678,-0.0137759413372018,-0.0049588987300816,0.0028750338133331,L112,4,57.0,0.0350877192982456,Decay
2026-05-27 00:00:00-04:00,UNKNOWN/UNKNOWN :: ACRE-ADAM-AGM,19,20,-0.1210950139522429,62,62,0.3732512160920905,0.7096774193548387,-0.2638618249405575,0.0100409183072138,0.0033894241200939,-0.0168688797581732,-0.0132320311673555,0.0054193835993555,L113,4,60.0,0.0333333333333333,Confirmation
2026-05-27 00:00:00-04:00,HEALTHCARE/MEDDEVICESGEN :: ABT-AGO-ALC,20,21,-0.1477134763771589,71,71,0.3427380502295543,0.3098591549295774,-0.1770746071720568,-0.0140910401376592,0.0145877650839484,-0.0421475660628158,-0.0020336902035011,-0.0096773482995015,L126,1,,0.0,Emergence
2026-05-27 00:00:00-04:00,FINANCIAL/INSURANCE :: ACGL-ACIC-ACT,21,22,-0.2212409391084275,85,85,0.406322445897989,0.2,-0.1114172126239143,-0.0190656895162222,0.0040270878672136,-0.0452862102778523,-0.0125943674202359,-0.011316320074387,L092,13,178.0,-0.5224719101123596,Decay
2026-05-27 00:00:00-04:00,MATERIALS/MACHINE :: ACI-AGCO-APD,22,23,-0.2435264720118331,79,79,0.2979140169345997,0.5316455696202531,-0.2243780015473326,0.018914828051934,-0.0095468536932369,-0.0152056985854451,-0.0261683089806865,0.0071763395931029,L120,2,69.0,0.144927536231884,Emergence
2026-05-27 00:00:00-04:00,HEALTHCARE/BIOPHARMASYS :: ABUS-ABVX-ACAD,23,24,-0.2472773037997643,163,163,0.33032341317734,0.5521472392638037,-0.177933352866197,0.0107776381356505,-0.0178981327348768,0.0115046188699362,-0.0345195880223263,0.0041896862482092,L106,7,141.0,0.1560283687943262,Decay
2026-05-27 00:00:00-04:00,FINANCIAL/AERODEF :: ABM-ACU-ADUS,24,25,-0.413013974040445,110,110,0.3404079217652781,0.4636363636363636,-0.1539993416175513,0.0186580026158127,-0.0327792266614428,-0.0333671786989735,-0.0494006819488924,0.0014949856989421,L097,10,115.0,-0.0434782608695652,Decay
2026-05-27 00:00:00-04:00,UTIL/ENERGYUTIL :: ADEA-ARCC-BBDC,25,26,-0.4705941033997671,53,53,0.2884606288161939,0.5094339622641509,-0.1739108913725841,0.0013835430885815,-0.0417023182428564,-0.0307090992691624,-0.058323773530306,-0.0058932025032308,L115,4,53.0,0.0,Decay
2026-05-27 00:00:00-04:00,ENERGY/OILGASINTEG :: ACDC-ADM-AESI,26,27,-0.5043828986952554,143,143,0.3517994479162188,0.1048951048951049,-0.0655531620809324,-0.0452446325112921,-0.0377085913596975,-0.0376526386098785,-0.0543300466471471,-0.0271295948319315,L022,34,134.0,0.0671641791044776,Decay
2026-05-27 00:00:00-04:00,UNKNOWN/UNKNOWN :: ABR-AOMR-ASC,27,28,-0.5122101050848455,55,55,0.2904279237369517,0.2727272727272727,0.4711365502098463,-0.0503883620286501,-0.0589858774627777,-0.031327963046142,-0.0756073327502272,-0.0112384246229617,L047,27,31.0,0.7741935483870968,Decay
2026-05-27 00:00:00-04:00,MATERIALS/ORE :: AAON-AEM-AG,28,29,-0.5681689179665254,159,159,0.4406418090371802,0.3270440251572327,-0.2440844318308766,0.0164366358672146,-0.0612062167802562,0.01485839117844,-0.0778276720677058,-0.0103206167899055,L118,3,152.0,0.0460526315789473,Decay
2026-05-28 00:00:00-04:00,HEALTHCARE/AERODEF :: A-ADMA-ADPT,0,1,1.5230368998545276,112,112,0.2937678737817366,0.9732142857142856,1.668341947389261,0.134441380144422,0.1828158992667609,0.210781109335449,0.1661987107871411,0.1014943810843425,L127,1,,0.0,Emergence
2026-05-28 00:00:00-04:00,UNKNOWN/UNKNOWN :: APPS-AXTA-BBAR,1,2,1.0897025111706589,16,16,0.3567690184370636,0.75,0.8602393775404884,0.1409889926392952,0.1606233526921643,0.1625731797087157,0.1440061642125445,0.0231231289063522,L128,1,,0.0,Emergence
2026-05-28 00:00:00-04:00,TECH/SEMIMFR :: AAP-ABCL-ALAB,2,3,0.8706895868763815,56,56,0.3115735329045337,0.6785714285714286,-0.1597504413187368,0.027844517313877,0.1518780307361973,0.2966284880461442,0.1352608422565775,0.0256285468372899,L129,1,,0.0,Emergence
2026-05-28 00:00:00-04:00,TECH/INTERNET :: AA-ABAT-ACB,3,4,0.7061624108664973,176,176,0.3455524582687388,0.7045454545454546,0.3227437707989823,0.0808830854462138,0.0909293913525825,0.2952482959332664,0.0743122028729627,0.0233488447793958,L063,24,195.0,-0.0974358974358974,Maturity
2026-05-28 00:00:00-04:00,CONSUMERSVCE/HOSPITALITY :: AAL-ABG-ACEL,4,5,0.6874296686154838,167,167,0.3554866000125767,0.6107784431137725,0.0930002897491216,0.1077707663141559,0.1422548986786983,0.1072443248752949,0.1256377101990785,0.0104311838899175,L102,9,137.0,0.218978102189781,Expansion
2026-05-28 00:00:00-04:00,TELECOM/TELECOMGEN :: AES-ASRT-AVBH,5,6,0.6257926055964632,41,41,0.0310938711202331,0.3902439024390244,2.9055899295725647,-0.0025089410543491,0.0018206318901184,0.0497900949092856,-0.0147965565895013,-0.0040891071717912,L082,17,54.0,-0.2407407407407407,Decay
2026-05-28 00:00:00-04:00,TECH/HCARESUPPORT :: ABBV-AIRJ-ASMB,6,7,0.5923311149266277,69,69,0.2888220396517141,0.6231884057971014,-0.0378348797066118,0.0218842499433297,0.1189582751265465,0.1733069073855521,0.1023410866469267,0.0099221464230663,L116,4,70.0,-0.0142857142857142,Maturity
2026-05-28 00:00:00-04:00,TECH/VEHICLE :: AENT-AHRT-AIZ,7,8,0.5543357637166981,71,71,0.3048994349269674,0.5492957746478874,-0.0941105593530602,0.0197410365510715,0.1243899617053278,0.138024284229691,0.107772773225708,0.0057471075720608,L077,19,66.0,0.0757575757575757,Maturity
2026-05-28 00:00:00-04:00,HEALTHCARE/MEDDEVICESOTHER :: ALC-APT-ARLO,8,9,0.4770979633183235,54,54,0.3005725042308763,0.4444444444444444,0.0933690283960816,0.0236759133363194,0.1094772739862769,0.1065237496605573,0.0928600855066571,0.0028976521140651,L103,8,50.0,0.08,Maturity
2026-05-28 00:00:00-04:00,TECH/SEMIMFR :: AAOI-ABSI-ACLS,9,10,0.2855919416217922,185,185,0.3850635964819363,0.4540540540540541,-0.189788348776054,0.0563763858429819,0.0606969818927534,0.2258475322146786,0.0440797934131336,0.0013524334449831,L099,10,169.0,0.0946745562130177,Maturity
2026-05-28 00:00:00-04:00,TECH/SOFTW :: ACIW-ACM-ACN,10,11,0.2751001106106203,266,266,0.3732318844946546,0.8007518796992481,0.0862748525494929,0.0113515498205174,0.071436379201407,0.0241704831925257,0.0548191907217872,0.0203213938349537,L019,35,257.0,0.0350194552529182,Maturity
2026-05-28 00:00:00-04:00,INDUSTRIAL/DELIVERY :: AEBI-AGEN-ARCB,11,12,0.2592008112523296,39,39,0.4028601141449925,0.5128205128205128,-0.4122189201999656,0.0420958234501793,0.1016428619078047,0.0490209543418592,0.085025673428185,0.0021089586203362,L107,7,38.0,0.0263157894736842,Maturity
2026-05-28 00:00:00-04:00,FINANCIAL/BANKSINTL :: ABEV-ADTN-AEG,12,13,0.2253798438953956,100,100,0.3312896771263288,0.34,1.006482918315501,0.0105496509026492,0.0222776552340829,0.0574934158211952,0.0056604667544631,-0.0185229061021231,L123,2,113.0,-0.1150442477876106,Emergence
2026-05-28 00:00:00-04:00,CONSUMERSVCE/HOSPITALITY :: ABCB-ACNB-AD,13,14,0.0047630821202396,232,232,0.4406235729250631,0.5,0.0109692573346605,0.0041070195446965,0.0330233266010823,0.0227886466782948,0.0164061381214625,0.001594288931206,L004,35,219.0,0.0593607305936073,Maturity
2026-05-28 00:00:00-04:00,UNKNOWN/UNKNOWN :: ACRE-ACTG-ACU,14,15,-0.0536012227295132,78,78,0.4258956353697437,0.6025641025641025,-0.25486592852301,0.0230886391012094,0.0274365713188569,0.0500460784070281,0.0108193828392371,0.0019137212554352,L113,5,62.0,0.2580645161290322,Decay
2026-05-28 00:00:00-04:00,MATERIALS/MATCONSTR :: ACCO-AHCO-ALG,15,16,-0.0557644128895088,214,215,0.4521362342439946,0.5560747663551402,-0.3088893688817801,0.034195969769406,0.0385288324171358,0.0139426622138979,0.021911643937516,0.004279180566368,L121,3,221.0,-0.0316742081447963,Confirmation
2026-05-28 00:00:00-04:00,INDUSTRIAL/MACHINE :: ACA-ADNT-AIN,16,17,-0.0593102338674928,143,143,0.4290900405086796,0.4195804195804196,-0.0075347668716709,0.0266420760469687,0.0201350545904516,0.0466722378682933,0.0035178661108318,0.0003049861808128,L130,1,,0.0,Emergence
2026-05-28 00:00:00-04:00,FINANCIAL/REIT :: AAT-ADC-AHR,17,18,-0.1344264799380973,98,98,0.430640897730587,0.3469387755102041,-0.1354679946412126,0.0024620884887146,0.0190993245779233,0.0290916828580416,0.0024821360983035,-0.0023452914332566,L093,13,116.0,-0.1551724137931034,Decay
2026-05-28 00:00:00-04:00,FINANCIAL/INVESTSVCE :: AAMI-ABX-ADT,18,19,-0.1697575618564598,106,106,0.3423653925215149,0.3018867924528302,0.2614085363816448,-0.0172048327271072,-0.0001242936340551,0.0015520618718927,-0.0167414821136749,-0.0027506569017146,L108,7,105.0,0.0095238095238095,Decay
2026-05-28 00:00:00-04:00,NONCYCLICAL/INSURANCE :: ABM-ABT-ACGL,19,20,-0.2115308328450023,206,206,0.3071061640238861,0.3883495145631068,-0.1780408108572477,-0.0132419155649054,0.0191623440630134,-0.0229021219596475,0.0025451555833936,-0.0020187036514873,L092,14,85.0,1.423529411764706,Decay
2026-05-28 00:00:00-04:00,HEALTHCARE/BIOPHARMAOTHER :: ABEO-ABUS-ABVX,20,21,-0.247267216085695,185,185,0.3290588708440001,0.5945945945945946,-0.1107726923481941,0.0242054854460953,-0.0138584886702948,0.043141908686547,-0.0304756771499146,0.0072711646059992,L106,8,163.0,0.1349693251533742,Decay
2026-05-28 00:00:00-04:00,NONCYCLICAL/GENMERCH :: ABNB-ACET-ACHC,21,22,-0.2911445253366818,79,79,0.2844396398970029,0.6075949367088608,-0.1603101704002022,0.0207537130796514,-0.0085477037347917,-0.0068072322190528,-0.0251648922144115,0.0080498191139738,L120,3,79.0,0.0,Decay
2026-05-28 00:00:00-04:00,MATERIALS/ORE :: AAON-AARD-AEM,22,23,-0.3321531733770371,160,160,0.4541627751170389,0.7125,0.026263633162775,0.033313423004797,-0.0488426552545592,0.0551584385349367,-0.065459843734179,0.0160926724437289,L118,4,159.0,0.0062893081761006,Confirmation
2026-05-28 00:00:00-04:00,HEALTHCARE/HCARESUPPORT :: ABR-ALHC-ALOT,23,24,-0.35959743233932,80,80,0.1557827356722972,0.3625,0.5118198795657651,-0.02255145019481,-0.0450392175917318,-0.0134630936486656,-0.0616564060713516,-0.0102372217711928,L047,28,55.0,0.4545454545454545,Decay
2026-05-28 00:00:00-04:00,UTIL/ENERGYUTIL :: AEE-AEP-AMT,24,25,-0.3984401118876416,64,64,0.3990583882392407,0.0625,-0.2740602869704399,-0.0161064555341083,-0.0034168276611627,-0.0152785646665537,-0.0200340161407825,-0.0124441741722174,L112,5,59.0,0.0847457627118644,Decay
2026-05-28 00:00:00-04:00,UNKNOWN/UNKNOWN :: ARCC-BBDC-BCSF,25,26,-0.429609144973698,35,35,0.4886288955797925,0.5142857142857142,-0.5233024892077288,0.0164284328824278,-0.0116803377389829,-0.0347744779208768,-0.0282975262186027,0.0015149863756875,L115,5,53.0,-0.3396226415094339,Decay
2026-05-28 00:00:00-04:00,ENERGY/OILGASINTEG :: ACDC-AESI-AGRO,26,27,-0.4876759535554723,140,140,0.3654581981001373,0.5571428571428572,-0.134728730183315,-0.049526235470562,-0.036768267081424,-0.0647743790373827,-0.0533854555610438,-0.00155071805933,L022,35,143.0,-0.0209790209790209,Decay
2026-05-28 00:00:00-04:00,NONCYCLICAL/GENMERCH :: AAUC-ACHV-AEYE,27,28,-0.5362968053738495,120,120,0.2369365900817344,0.475,0.0914370189878087,0.0125477656533767,-0.0668241596110404,0.0072003567933649,-0.0834413480906602,0.0057113060320417,L117,4,135.0,-0.1111111111111111,Decay
2026-05-29 00:00:00-04:00,TECH/SOFTW :: AEYE-AFRM-AI,0,1,1.7432977263606928,99,99,0.2508287896393624,0.8080808080808081,1.846400838142668,0.0947291311520109,0.1641491953380934,0.236335607621146,0.1530273806469525,0.0667386571331892,L116,5,69.0,0.4347826086956521,Expansion
2026-05-29 00:00:00-04:00,INDUSTRIAL/AERODEF :: A-ADPT-AIOT,1,2,1.329265037746597,106,106,0.3049663197968105,0.5188679245283019,1.0349168742199732,0.1241603434568477,0.1831518792755434,0.1783464664907005,0.1720300645844026,-0.0027100469386683,L127,2,112.0,-0.0535714285714285,Emergence
2026-05-29 00:00:00-04:00,TELECOM/TELECOMGEN :: ACB-ACHR-ADSK,2,3,0.8268174536455518,72,73,0.2869953877528037,0.1805555555555555,1.211218082731282,-0.0255431200622284,0.0810652717059625,0.2074025594395464,0.0699434570148217,-0.0427019726503197,L131,1,,0.0,Emergence
2026-05-29 00:00:00-04:00,TECH/SOFTW :: ACIW-ACM-ACN,3,4,0.7135853664242346,258,258,0.3752983742065866,0.7635658914728682,0.8691070965891405,0.0473173861629301,0.1012854034230967,0.0461412204747858,0.0901635887319559,0.0281740054314378,L019,36,266.0,-0.0300751879699248,Maturity
2026-05-29 00:00:00-04:00,CONSUMERSVCE/HOSPITALITY :: AERO-AGNT-AMWL,4,5,0.686574309555724,119,119,0.2964919420191128,0.5210084033613446,0.029187842430692,0.1263377262596813,0.1636651831389139,0.1438614747905565,0.152543368447773,0.009606493159952,L102,10,167.0,-0.2874251497005988,Maturity
2026-05-29 00:00:00-04:00,TECH/COMMEQUIP :: AA-AAP-ABAT,5,6,0.4751995131676003,179,179,0.3218973335157233,0.4636871508379888,0.5673355688884704,0.0268472648892573,0.065397261881539,0.1982647723909717,0.0542754471903982,-0.0003942557063979,L063,25,176.0,0.0170454545454545,Maturity
2026-05-29 00:00:00-04:00,TECH/SEMIMFR :: AAOI-ACLS-ACMR,6,7,0.3081462506824282,198,198,0.36842615981186,0.3282828282828283,0.6000667497731157,-0.0172297243904563,0.0435272844477541,0.1588426228218737,0.0324054697566133,-0.0129362438055984,L099,11,185.0,0.0702702702702702,Maturity
2026-05-29 00:00:00-04:00,CYCLICALS/VEHICLE :: AES-ARCB-ASRT,7,8,0.2101159770540977,80,80,0.0840354111958638,0.525,0.2716421127873745,0.0078367048686584,0.0707676115915897,0.0887251644468562,0.0596457969004489,-0.0016343797151336,L082,18,41.0,0.951219512195122,Expansion
2026-05-29 00:00:00-04:00,HEALTHCARE/MEDDEVICESGEN :: ABT-ALC-ANGO,8,9,0.101755130764845,94,94,0.2937381021818703,0.3404255319148936,0.492758305796583,-0.0076887251932788,0.0455609538134469,0.0220056915549852,0.0344391391223061,-0.0063912866797903,L103,9,54.0,0.7407407407407407,Expansion
2026-05-29 00:00:00-04:00,FINANCIAL/BANKSINTL :: ABEV-ADTN-AEBI,9,10,0.0984793714579976,112,112,0.3286304327549867,0.4553571428571428,0.8171816791423406,-0.0173485179247672,0.0096768005587018,0.0239800869799715,-0.0014450141324389,-0.0038998036521412,L123,3,100.0,0.12,Expansion
2026-05-29 00:00:00-04:00,FINANCIAL/REIT :: AAT-ABM-ADC,10,11,0.0464806813736007,110,110,0.4192665276302192,0.1,0.9139802357805362,-0.014117214710524,0.0061177036660727,0.0036399668895097,-0.0050041110250681,-0.0113987317618625,L093,14,98.0,0.1224489795918367,Expansion
2026-05-29 00:00:00-04:00,FINANCIAL/BANKSUSA :: ABCB-ACNB-AD,11,12,-0.0199874523245937,243,243,0.4276041400557803,0.4691358024691358,0.4018459778849454,-0.0064745433566333,0.0258577464334211,0.0079099185098564,0.0147359317422803,-0.0010441680881614,L004,36,232.0,0.0474137931034482,Decay
2026-05-29 00:00:00-04:00,UTIL/ENERGYUTIL :: AEE-AEP-AMT,12,13,-0.0208549318931599,62,62,0.3925692749989986,0.3225806451612903,0.9630467619396514,-0.017867575074021,-0.0116187847677429,-0.0281590200892425,-0.0227405994588838,-0.0046469288534791,L112,6,64.0,-0.03125,Decay
2026-05-29 00:00:00-04:00,CONSUMERSVCE/HOSPITALITY :: AAL-ABG-ABNB,13,14,-0.0273906288204218,282,282,0.4370008435914649,0.3085106382978723,0.3078536942737574,0.0136483639891546,0.0407353839703268,-0.0015074037240886,0.029613569279186,-0.0077555307270162,L121,4,214.0,0.3177570093457944,Decay
2026-05-29 00:00:00-04:00,FINANCIAL/INVESTSVCE :: ALVO-AMP-APAM,14,15,-0.0299754807630836,79,79,0.316317649319783,0.5822784810126582,0.8050354631973858,-0.0276718768228531,-0.0143474328530303,0.0098912339879845,-0.0254692475441711,0.0088005518475538,L108,8,106.0,-0.2547169811320754,Decay
2026-05-29 00:00:00-04:00,FINANCIAL/INSURANCE :: ACGL-ACIC-ACT,15,16,-0.0659534591291183,117,117,0.3429974848729132,0.2564102564102564,0.9155994919716696,-0.0258159799313368,-0.0079631343944116,-0.0464092374507514,-0.0190849490855524,-0.0084967682726604,L092,15,206.0,-0.4320388349514563,Decay
2026-05-29 00:00:00-04:00,HEALTHCARE/BIOPHARMAOTHER :: ABBV-ACEL-ADT,16,17,-0.1275792280911289,135,135,0.2561066487369275,0.2074074074074074,0.6813983269196715,-0.0041486258986921,-0.0008284290099597,-0.0126357317175443,-0.0119502437011006,-0.0110710672320306,L132,1,,0.0,Emergence
2026-05-29 00:00:00-04:00,UNKNOWN/UNKNOWN :: ACRE-ACTG-ACU,17,18,-0.147378355020813,80,80,0.3991384104199678,0.325,0.2101746423300885,0.0055517193212129,0.0207450486981318,0.0326493062593501,0.0096232340069909,-0.0056020053298689,L113,6,78.0,0.0256410256410256,Decay
2026-05-29 00:00:00-04:00,INDUSTRIAL/MACHINE :: AAMI-ACA-ACET,18,19,-0.1689751218561698,149,149,0.4400325379423763,0.3691275167785235,0.3353396579431188,0.0016174839655591,0.0052020056323803,0.0200275742579912,-0.0059198090587604,-0.0049409744983854,L130,2,143.0,0.0419580419580419,Emergence
2026-05-29 00:00:00-04:00,MATERIALS/ORE :: AAON-AARD-AEM,19,20,-0.1780029450488662,158,158,0.4739855108651147,0.6012658227848101,0.7052127880240472,0.0105707587185587,-0.0402868889927615,0.0223880201079757,-0.0514087036839023,0.0065877867042545,L118,5,160.0,-0.0125,Decay
2026-05-29 00:00:00-04:00,HEALTHCARE/BIOPHARMANONSYS :: ABEO-ABUS-ACAD,20,21,-0.2864503561576494,157,157,0.3317887592013615,0.4968152866242038,0.242589011123268,0.0171154803876775,-0.0088421837399423,0.0156796958049499,-0.0199639984310832,0.0030402845916031,L106,9,185.0,-0.1513513513513513,Decay
2026-05-29 00:00:00-04:00,TECH/SOFTW :: ACI-ADM-AGCO,21,22,-0.4611324998419132,75,75,0.2964871221731719,0.1866666666666666,0.3187697168875052,0.006743256282348,-0.0257463645895932,-0.0314399644731181,-0.036868179280734,-0.0086348062594118,L120,4,79.0,-0.050632911392405,Decay
2026-05-29 00:00:00-04:00,NONCYCLICAL/GENMERCH :: ARCC-BBDC-BCSF,22,23,-0.4952095653431476,37,37,0.4837319164257829,0.5405405405405406,-0.0355405720700624,0.0061967054874062,-0.0139584608170395,-0.0503899809317353,-0.0250802755081804,0.0025371373392629,L115,6,35.0,0.0571428571428571,Decay
2026-05-29 00:00:00-04:00,TECH/GENMERCH :: AAUC-ABR-AOMR,23,24,-0.5756049049966053,105,105,0.1834752726343101,0.4095238095238095,0.4197416609123787,-0.0166678995119933,-0.0586602758168887,-0.0437092457446975,-0.0697820905080296,-0.0024769577701291,L047,29,80.0,0.3125,Decay
2026-05-29 00:00:00-04:00,ENERGY/OILGASINTEG :: ACDC-AESI-AGRO,24,25,-0.6034146106342889,145,145,0.3658598160178196,0.2206896551724138,0.4147980510907977,-0.0403317755535175,-0.0542584836667458,-0.0778114857276129,-0.0653802983578866,-0.0107230847561421,L022,36,140.0,0.0357142857142857,Decay
2026-06-01 00:00:00-04:00,TECH/SOFTW :: AI-AKAM-ASAN,0,1,1.8075125591055283,75,75,0.2845208131764861,0.8133333333333334,1.0805364569665767,0.1835292176838183,0.2461964695814525,0.3620731567046305,0.2200017614255032,0.0491223915729844,L116,6,99.0,-0.2424242424242424,Maturity
2026-06-01 00:00:00-04:00,INDUSTRIAL/AERODEF :: AERO-AMWL-ANF,1,2,1.102697256076692,60,60,0.2457685323089201,0.45,0.0078964143028035,0.0367241510914484,0.2586671206885824,0.2645748799738571,0.2324724125326331,-0.0060066299764424,L102,11,119.0,-0.4957983193277311,Maturity
2026-06-01 00:00:00-04:00,TECH/HOSPITALITY :: ACEL-AIOT-AIRJ,2,3,1.0489527107500047,143,143,0.2740047386055844,0.7902097902097902,1.0222256367151688,0.0543827969429496,0.1409002446703657,0.0907475693322083,0.1147055365144165,0.0454226070085714,L133,1,,0.0,Emergence
2026-06-01 00:00:00-04:00,INDUSTRIAL/AERODEF :: A-ADPT-AIRO,3,4,0.835171294596154,123,123,0.2767954364476089,0.4308943089430894,0.2027141813732356,0.0969633683319377,0.1942771864558344,0.1668774835144373,0.1680824782998851,-0.0010947131168398,L127,3,106.0,0.160377358490566,Expansion
2026-06-01 00:00:00-04:00,TECH/SOFTW :: ABNB-ABT-ACIW,4,5,0.7167357605547758,288,288,0.3824652827460251,0.8645833333333334,0.5910844483598994,0.0819922639897666,0.1222575124865265,0.0428705983744332,0.0960628043305773,0.0455757341568849,L019,37,258.0,0.1162790697674418,Expansion
2026-06-01 00:00:00-04:00,HEALTHCARE/HCARESUPPORT :: AA-ACU-AEYE,5,6,0.5622151276508937,62,62,0.2766661124170537,0.4677419354838709,0.5341479471196757,0.0235548253082842,0.1052759075378475,0.0907288789384893,0.0790811993818982,0.0057219979893111,L134,1,,0.0,Emergence
2026-06-01 00:00:00-04:00,TECH/TELECOMGEN :: AAP-ABAT-ABCL,6,7,0.500535442978971,196,196,0.2859291446481641,0.4489795918367347,0.154013535254227,0.0015837115205497,0.1153904624221451,0.1995199086356565,0.0891957542661958,-0.0094483736347283,L063,26,179.0,0.0949720670391061,Maturity
2026-06-01 00:00:00-04:00,INDUSTRIAL/DELIVERY :: ARCC-BBDC-BCSF,7,8,0.2308640110647757,38,38,0.4658346972402079,0.9736842105263158,0.7686644234473111,0.0154879632037259,0.0054780317845053,-0.0690988493788009,-0.0207166763714439,0.0132720863032089,L115,7,37.0,0.027027027027027,Maturity
2026-06-01 00:00:00-04:00,TECH/SEMIMFR :: AAOI-ACLS-ACMR,8,9,0.1764566554004963,192,192,0.3154182863803579,0.421875,-0.0119515004839415,-0.0148264190544892,0.0720197991017416,0.1548573230001298,0.0458250909457923,0.0013820539657918,L099,12,198.0,-0.0303030303030303,Maturity
2026-06-01 00:00:00-04:00,UTIL/ENERGYUTIL :: AEE-AEP-AMT,9,10,0.0701581941633491,68,68,0.3856197036529141,0.0441176470588235,0.9471753820297454,-0.0370528013772273,-0.0131579392144763,-0.0473677021151094,-0.0393526473704256,-0.0214144126891455,L112,7,62.0,0.0967741935483871,Maturity
2026-06-01 00:00:00-04:00,FINANCIAL/INVESTSVCE :: AAMI-AMG-AMP,10,11,-0.0672709048710784,76,76,0.3147070540188881,0.5921052631578947,0.2598536871645723,0.0115693142518844,0.0083031719398085,0.0005870166000137,-0.0178915362161406,0.0084698742436393,L108,9,79.0,-0.0379746835443038,Decay
2026-06-01 00:00:00-04:00,HEALTHCARE/HCARESUPPORT :: AARD-AFCG-ALC,11,12,-0.0681616652758734,62,62,0.174198163424142,0.532258064516129,-0.2354169834076001,0.0070242056920917,0.0659143166502946,0.0544072046020195,0.0397196084943453,0.0034543437957396,L103,10,94.0,-0.3404255319148936,Decay
2026-06-01 00:00:00-04:00,FINANCIAL/BANKSINTL :: ABEV-ADTN-AEBI,12,13,-0.0717578553471938,127,127,0.2754333115007198,0.3070866141732283,0.1168906208266333,-0.0282097095870986,0.0360879539705489,0.0165737524174288,0.0098932458145997,-0.0065498187188255,L123,4,112.0,0.1339285714285714,Decay
2026-06-01 00:00:00-04:00,MATERIALS/HOSPITALITY :: AAL-ABG-ABX,13,14,-0.0918025578008883,253,254,0.4258607141198725,0.2292490118577075,-0.0254871551810677,-0.0157428829749106,0.054559841365761,-0.0143751695515033,0.0283651332098117,-0.0122464911824126,L121,5,282.0,-0.1028368794326241,Decay
2026-06-01 00:00:00-04:00,FINANCIAL/BANKSUSA :: ABCB-ACNB-AD,14,15,-0.1296905124673808,229,229,0.4616014002099323,0.074235807860262,0.1939389073388457,-0.01417652272684,0.0236197334484473,-0.0115461856586632,-0.0025749747075019,-0.0137769746284516,L004,37,243.0,-0.0576131687242798,Decay
2026-06-01 00:00:00-04:00,INDUSTRIAL/DELIVERY :: ACRE-ADAM-AGNC,15,16,-0.1309480173879406,58,58,0.377527939086771,0.1724137931034483,0.2681832171599493,-0.0177611567082179,0.0173462879072047,-0.0339450683389602,-0.0088484202487445,-0.0111797278786368,L113,7,80.0,-0.275,Decay
2026-06-01 00:00:00-04:00,INDUSTRIAL/MACHINE :: AAON-ACA-AIN,16,17,-0.133750131315062,156,156,0.4253069090091453,0.3525641025641026,0.0130643158474146,-0.0086105886848004,0.0296234190093075,0.0077031343590867,0.0034287108533582,-0.0035707199089425,L130,3,149.0,0.046979865771812,Decay
2026-06-01 00:00:00-04:00,MATERIALS/ORE :: ABSI-AEM-AG,17,18,-0.1429824779755403,109,109,0.5043713036543525,0.2844036697247706,-0.0189387101391924,0.0215180679137042,0.0257813939578703,0.0356098783622772,-0.0004133141980789,-0.0121715293476727,L118,6,158.0,-0.310126582278481,Decay
2026-06-01 00:00:00-04:00,TELECOM/TELECOMGEN :: AES-AGYS-AS,18,19,-0.1660639626014052,38,38,0.0264385899924393,0.6842105263157895,-0.0158502147353536,0.0042220990625191,0.0159289959463166,0.0459746390620773,-0.0102657122096326,0.0042852161264122,L082,19,80.0,-0.525,Decay
2026-06-01 00:00:00-04:00,FINANCIAL/REIT :: AAT-ABM-ADC,19,20,-0.204889935082963,135,135,0.4302393159250862,0.1925925925925926,0.0185232296065916,-0.0220153245994609,0.0190216063983134,0.0112451845503803,-0.0071731017576357,-0.010533481943136,L093,15,110.0,0.2272727272727272,Decay
2026-06-01 00:00:00-04:00,HEALTHCARE/BIOPHARMAOTHER :: AAUC-ABBV-ADSK,20,21,-0.2350613144954767,166,166,0.2300739966913198,0.2771084337349397,0.1253091453978301,-0.0228793250686598,0.0104624225603607,-0.0284225506866355,-0.0157322855955885,-0.0085043168473009,L132,2,135.0,0.2296296296296296,Emergence
2026-06-01 00:00:00-04:00,FINANCIAL/INSURANCE :: ACGL-ACIC-ACT,21,22,-0.2772234421304956,102,102,0.356326877720035,0.4019607843137255,0.1805923131092129,-0.0183448775378241,-0.0164902842295166,-0.027044880698334,-0.0426849923854659,-0.0011712416900009,L092,16,117.0,-0.1282051282051282,Decay
2026-06-01 00:00:00-04:00,TECH/INTERNET :: ABR-AOMR-AOUT,22,23,-0.3116265565275877,81,81,0.2265702045683076,0.7777777777777778,0.2983958512022825,0.0013727326199023,-0.0477149784179992,-0.046058858108063,-0.0739096865739484,0.0128317368870418,L047,30,105.0,-0.2285714285714285,Decay
2026-06-01 00:00:00-04:00,HEALTHCARE/VEHICLE :: ABEO-ABUS-ACAD,23,24,-0.3814906663616554,160,160,0.2885165927476964,0.1625,0.0405315966254763,-0.0117740598106543,-0.012157476905905,-0.0150422901889258,-0.0383521850618542,-0.0214164060692867,L106,10,157.0,0.019108280254777,Decay
2026-06-01 00:00:00-04:00,MATERIALS/SOFTW :: ACET-ACI-AGCO,24,25,-0.4229787682585493,77,77,0.2947029541423939,0.4415584415584415,-0.2274051810079864,0.0002016255485552,0.003419685923892,-0.0354146542462827,-0.0227750222320571,-0.0018766985067851,L120,5,75.0,0.0266666666666666,Decay
2026-06-01 00:00:00-04:00,ENERGY/OILGASINTEG :: ACDC-ADM-AESI,25,26,-0.5564598580029085,149,149,0.3810565281167472,0.8187919463087249,-0.2215088853539468,0.0078238659758167,-0.0453205928841446,-0.0482644911675121,-0.0715153010400938,0.0204746169378313,L022,37,145.0,0.0275862068965517,Decay
2026-06-02 00:00:00-04:00,TECH/SEMIMFR :: AAOI-ACLS-ACMR,0,1,1.5700127195246352,168,168,0.3761570412365393,0.9226190476190476,1.2925970507170303,0.0581936950585303,0.1529221238352645,0.2002185080676781,0.1246103100169535,0.0709743540731986,L099,13,192.0,-0.125,Maturity
2026-06-02 00:00:00-04:00,TECH/SOFTW :: AA-ABAT-ACB,1,2,1.0036670490313884,171,171,0.2728074490915328,0.695906432748538,0.0113072945397849,-0.0016516512529454,0.1848760750545805,0.2446268794765463,0.1565642612362694,0.0197424878327989,L063,27,196.0,-0.1275510204081632,Maturity
2026-06-02 00:00:00-04:00,TECH/VEHICLE :: AAP-ABSI-AMZN,2,3,0.8675461458516693,86,86,0.2067910779964188,0.3488372093023256,0.5987123777574875,-0.0262743861366208,0.1292850418563813,0.1439646045693818,0.1009732280380702,-0.007229015887172,L135,1,,0.0,Emergence
2026-06-02 00:00:00-04:00,INDUSTRIAL/AERODEF :: A-ADPT-AIRO,3,4,0.8414761487182773,111,111,0.2888854006800143,0.3513513513513513,-0.0086414612920386,-0.0024945353067382,0.1864656677878192,0.1634294260673068,0.1581538539695081,-0.0003889704549256,L127,4,123.0,-0.0975609756097561,Maturity
2026-06-02 00:00:00-04:00,TECH/HCARESUPPORT :: AIOT-ALKS-AMPL,4,5,0.7974415503853343,84,84,0.237780228681956,0.2738095238095238,0.0059878300839586,0.0614475621312474,0.175231519127669,0.185566313520786,0.1469197053093579,-0.0215127376454701,L134,2,62.0,0.3548387096774194,Emergence
2026-06-02 00:00:00-04:00,CONSUMERSVCE/HOSPITALITY :: AERO-AGBK-AMWL,5,6,0.6189322935527152,145,145,0.3034250243366644,0.3517241379310344,0.0383155658327534,0.0002843237405017,0.141238981382405,0.1344841232974237,0.1129271675640939,-0.0087108907975582,L133,2,143.0,0.0139860139860139,Emergence
2026-06-02 00:00:00-04:00,TECH/HCARESUPPORT :: AES-AIRJ-ALOY,6,7,0.3289360375412726,95,95,0.124000422974838,0.3684210526315789,0.1090452047581194,0.0495681587646443,0.085793571245863,0.1006493675076304,0.057481757427552,-0.0027759768828405,L082,20,38.0,1.5,Expansion
2026-06-02 00:00:00-04:00,INDUSTRIAL/DELIVERY :: ADUS-AEBI-ARCB,7,8,0.2030605056043125,64,64,0.2917234717594852,0.53125,-0.2226441833938466,-0.002674058669419,0.0852279598689387,0.1032090261964661,0.0569161460506276,-0.0046791597064751,L136,1,,0.0,Emergence
2026-06-02 00:00:00-04:00,UNKNOWN/UNKNOWN :: ABCB-ACNB-ACTG,8,9,0.1835069457195439,220,220,0.4175170875869413,0.9318181818181818,0.2427889137863521,-0.0002075713273882,0.0269991203543513,0.0188754779588461,-0.0013126934639596,0.0139598747626991,L004,38,229.0,-0.0393013100436681,Maturity
2026-06-02 00:00:00-04:00,TECH/SOFTW :: ABT-ACIW-ACM,9,10,0.1602972347805882,320,320,0.3874487868733388,0.09375,-0.0016075276520964,0.0454615706069541,0.0789325569429891,0.0488746482645647,0.0506207431246781,-0.0289766264073176,L019,38,288.0,0.1111111111111111,Expansion
2026-06-02 00:00:00-04:00,MATERIALS/ORE :: AEM-AG-AGI,10,11,0.1451574081790314,107,107,0.5029541248722019,0.6542056074766355,0.0309273373257333,0.0097564754995879,0.0446191548279515,0.051292271285628,0.0163073410096405,0.0098896639109703,L118,7,109.0,-0.018348623853211,Maturity
2026-06-02 00:00:00-04:00,INDUSTRIAL/MACHINE :: AAMI-AAON-ACA,11,12,0.0587291299684814,169,169,0.4247020461479274,0.8579881656804734,-0.0836341662276104,0.004091484352507,0.039438300496962,0.0275329256823973,0.0111264866786509,0.0207967536979639,L130,4,156.0,0.0833333333333333,Confirmation
2026-06-02 00:00:00-04:00,HEALTHCARE/BIOPHARMASYS :: ABEO-ABUS-ABVX,12,13,0.0494208436120369,209,209,0.3014322307953881,0.0813397129186602,0.9722339854244504,-0.0754306253589759,-0.0219392305928182,-0.0822529184925246,-0.0502510444111293,-0.056993563138543,L106,11,160.0,0.30625,Expansion
2026-06-02 00:00:00-04:00,MATERIALS/HOSPITALITY :: AAL-ABG-ABX,13,14,-0.008953473525051,255,255,0.4067576458597138,0.4705882352941176,-0.1579140467199336,-0.0216045159415608,0.0534143147324755,0.0154857174026489,0.0251025009141644,-0.0018117028522437,L121,6,253.0,0.0079051383399209,Decay
2026-06-02 00:00:00-04:00,UTIL/ENERGYUTIL :: AEE-AEP-APD,14,15,-0.0186480646383452,65,65,0.3872596176125463,0.9384615384615383,0.2714874273514752,-0.0101911671102085,-0.0061785693496972,-0.0294983882122413,-0.0344903831680082,0.014784168597619,L112,8,68.0,-0.0441176470588235,Decay
2026-06-02 00:00:00-04:00,FINANCIAL/REIT :: AAT-ADC-AHR,15,16,-0.0521614341204325,127,127,0.4028566957583033,0.7244094488188977,0.0119482149503159,-0.0152641906909226,0.0099940580184964,0.0345815116066478,-0.0183177557998146,0.0070481054474122,L093,16,135.0,-0.0592592592592592,Decay
2026-06-02 00:00:00-04:00,FINANCIAL/INVESTSVCE :: ALLY-AMG-AMP,16,17,-0.099294883638532,98,99,0.3091213155997304,0.6020408163265306,0.1872099205352186,0.0096969687632851,-0.0042568884238375,0.0019924613020506,-0.0325687022421486,0.000571764273744,L108,10,76.0,0.2894736842105263,Decay
2026-06-02 00:00:00-04:00,MATERIALS/CHEMSPECIAL :: ACRE-ADAM-AGNC,17,18,-0.1075361747634826,61,61,0.3733550460599369,0.7540983606557377,0.0001532510394149,-0.0143448046199396,0.0108271915907617,-0.0132464099419107,-0.0174846222275493,0.0104236896048976,L113,8,58.0,0.0517241379310344,Decay
2026-06-02 00:00:00-04:00,FINANCIAL/BANKSINTL :: ABEV-ADTN-AEG,18,19,-0.1403825659320798,90,90,0.292053122328174,0.7666666666666667,-0.2067141837485173,0.0062851419573339,0.0221965123142607,0.0190194132164167,-0.0061153015040503,0.0105535912236668,L123,5,127.0,-0.2913385826771653,Decay
2026-06-02 00:00:00-04:00,UNKNOWN/UNKNOWN :: ARCC-BBDC-BCSF,19,20,-0.2931763487064697,34,34,0.4969652367410577,0.3529411764705882,-0.1851833333726947,0.0112765708754026,0.0172569448850374,-0.0592025540704591,-0.0110548689332736,-0.0035404996707177,L115,8,38.0,-0.1052631578947368,Decay
2026-06-02 00:00:00-04:00,NONCYCLICAL/GENMERCH :: ABNB-ACHC-ACI,20,21,-0.3069342842975238,78,78,0.2944523550790905,0.5512820512820513,-0.1040684920884089,-0.0017529615910606,-0.0072050173717609,-0.0153290378315553,-0.0355168311900719,0.0035899513183138,L120,6,77.0,0.0129870129870129,Decay
2026-06-02 00:00:00-04:00,HEALTHCARE/BIOPHARMAOTHER :: ABBV-ABM-AKTS,21,22,-0.3182970523267299,137,137,0.2755382142133412,0.2773722627737226,0.1015847390690963,-0.0323480961487951,-0.0167216844766645,-0.0345415879700395,-0.0450334982949756,-0.0081118005772112,L132,3,166.0,-0.1746987951807229,Decay
2026-06-02 00:00:00-04:00,FINANCIAL/INSURANCE :: ACEL-ACGL-ACIC,22,23,-0.3778464708415764,86,86,0.3358883955328807,0.4302325581395348,0.0835134059998818,-0.0136624824581239,-0.0377745398616635,-0.023740329300632,-0.0660863536799745,-0.004121501908323,L092,17,102.0,-0.1568627450980392,Decay
2026-06-02 00:00:00-04:00,TECH/GENMERCH :: AAUC-ABR-AOMR,23,24,-0.470815712626918,109,109,0.1622416680741346,0.4311926605504587,-0.0045753901350796,0.0034554863681341,-0.038188193777644,-0.0380910249099693,-0.0665000075959551,-0.0031298624733519,L047,31,81.0,0.345679012345679,Decay
2026-06-02 00:00:00-04:00,ENERGY/OILGASINTEG :: ACDC-ADM-AESI,24,25,-0.689853834262184,147,147,0.3817594704137306,0.7687074829931972,-0.4199755187956485,0.0221463368405279,-0.0535110350193983,-0.0517022567198648,-0.0818228488377094,0.0130696074057067,L022,38,149.0,-0.0134228187919463,Decay
2026-06-03 00:00:00-04:00,UTIL/ENERGYUTIL :: ACHC-AEE-AEP,0,1,1.1319741978227778,109,109,0.3018415235258649,0.5412844036697247,2.818547349896121,0.0499850993377571,0.053922834426175,0.043669706820164,0.0261219308639541,0.0438294463622979,L112,9,65.0,0.676923076923077,Expansion
2026-06-03 00:00:00-04:00,TECH/SOFTW :: AI-AKAM-ALKS,1,2,1.127358131226995,82,82,0.3175593043598761,0.1707317073170731,0.1673820002928584,-0.0011760001388589,0.2019001867857824,0.2793286896079784,0.1740992832235614,-0.0312884166112918,L134,3,84.0,-0.0238095238095238,Maturity
2026-06-03 00:00:00-04:00,HEALTHCARE/HCAREMISC :: A-ADPT-AIRO,2,3,0.8990402384734398,108,108,0.2910200943342206,0.4074074074074074,-0.131145164917094,-0.0084110393149745,0.1984144130587307,0.1495991913848083,0.1706135094965097,-0.0125181619134189,L127,5,111.0,-0.027027027027027,Maturity
2026-06-03 00:00:00-04:00,TECH/SEMIMFR :: AAOI-AAON-ACLS,3,4,0.7233904903437934,153,153,0.3850673442957166,0.5490196078431373,-0.108343099331122,0.0621724392286341,0.1523596909113342,0.1467576357666783,0.1245587873491133,0.0024619826593023,L099,14,168.0,-0.0892857142857142,Maturity
2026-06-03 00:00:00-04:00,TECH/SEMIEQUIPSVCE :: AA-AAP-ABAT,4,5,0.6787746258789574,200,200,0.2546608592450033,0.125,-0.1074733639383358,-0.0285851412089634,0.1609459150591189,0.1621655410621705,0.1331450114968979,-0.0490053043170558,L063,28,171.0,0.1695906432748538,Expansion
2026-06-03 00:00:00-04:00,TECH/HCARESUPPORT :: ADEA-AES-AIRJ,5,6,0.475578672647124,93,93,0.1396686888274893,0.2903225806451613,0.0754309850426465,0.050666656457022,0.1172988869822854,0.1006245734180651,0.0894979834200644,-0.0119357071830919,L082,21,95.0,-0.0210526315789473,Decay
2026-06-03 00:00:00-04:00,MATERIALS/MATCONSTR :: AAL-ABG-ACCO,6,7,0.4046424972563187,246,246,0.3655169631270596,0.2439024390243902,-0.0691937186288385,-0.0224605919078027,0.12025171915975,0.0494997390252069,0.0924508155975291,-0.0131639818798902,L121,7,255.0,-0.0352941176470588,Maturity
2026-06-03 00:00:00-04:00,INDUSTRIAL/DELIVERY :: AEBI-AMPG-ARCB,7,8,0.3605766464395652,62,62,0.2602694022984682,0.4193548387096774,-0.2273435093887221,-0.0004587700921075,0.1032396324915458,0.1130486873663561,0.0754387289293248,-0.0056503779609354,L136,2,64.0,-0.03125,Emergence
2026-06-03 00:00:00-04:00,CONSUMERSVCE/HOSPITALITY :: ACIW-APEI-APLE,8,9,0.2837311338858405,36,36,0.3228252023635846,0.6388888888888888,0.4559494878918841,0.0164625916294572,0.0477488232142707,0.027451900195817,0.0199479196520498,-0.0029766616237053,L137,1,,0.0,Emergence
2026-06-03 00:00:00-04:00,INDUSTRIAL/MACHINE :: ACA-AGCO-AHCO,9,10,0.1134815799123178,156,156,0.3800113000136885,0.4679487179487179,0.0403074933779975,0.0102890451339351,0.0570994703373629,-0.0114104466198077,0.0292985667751419,-0.0017804588554224,L130,5,169.0,-0.0769230769230769,Maturity
2026-06-03 00:00:00-04:00,HEALTHCARE/BIOPHARMAOTHER :: ABBV-ABCL-ABSI,10,11,0.0295185195670248,89,89,0.2090000989384943,0.3707865168539326,0.4395677874948496,-0.0582455990962429,0.0167723835608442,0.0033643430623255,-0.0110285200013766,-0.0136494775059778,L135,2,86.0,0.0348837209302325,Emergence
2026-06-03 00:00:00-04:00,FINANCIAL/INVESTSVCE :: ABX-AFRM-AIRS,11,12,-0.0128758340243675,130,130,0.2611616957017106,0.1076923076923077,0.5829258647938191,-0.0321987704054246,0.0106353238071743,-0.0119453515962038,-0.0171655797550466,-0.0365708313918273,L108,11,98.0,0.3265306122448979,Decay
2026-06-03 00:00:00-04:00,TECH/SOFTW :: AMWL-APP-ASIC,12,13,-0.0285611457596618,103,103,0.2442610837375274,0.1553398058252427,-0.1001807212773047,-0.0469955995394049,0.0490981213694754,0.013021398577706,0.0212972178072544,-0.022209375997956,L138,1,,0.0,Emergence
2026-06-03 00:00:00-04:00,FINANCIAL/BANKSUSA :: ABCB-ACNB-AGM,13,14,-0.0736431270602391,240,240,0.4207178343962889,0.0333333333333333,0.4369245907370889,-0.0235545685826224,0.0079432852403214,-0.0171045662258242,-0.0198576183218995,-0.0239601422667192,L004,39,220.0,0.0909090909090909,Decay
2026-06-03 00:00:00-04:00,FINANCIAL/BANKSINTL :: AAMI-ABEV-ADTN,14,15,-0.0904937304594014,104,104,0.2895029942268413,0.1538461538461538,0.1673702526070365,-0.0116284808231435,0.0217972917973684,-0.0123426403992394,-0.0060036117648525,-0.0209851745953671,L123,6,90.0,0.1555555555555555,Decay
2026-06-03 00:00:00-04:00,MATERIALS/ORE :: AEM-AG-AGI,15,16,-0.1047813458192461,87,87,0.5276412754168953,0.1034482758620689,-0.1654965124726651,-0.0466930021301809,0.0317916635304833,0.0113629585927133,0.0039907599682623,-0.0371923672400442,L118,8,107.0,-0.1869158878504672,Decay
2026-06-03 00:00:00-04:00,FINANCIAL/REIT :: AAT-ADC-AHR,16,17,-0.1273541666352468,108,108,0.38215173321405,0.2962962962962963,0.2847008893046324,-0.0164522276064688,-0.0058916035562203,-0.0004661127274153,-0.0336925071184413,-0.0048784021186364,L093,17,127.0,-0.1496062992125984,Decay
2026-06-03 00:00:00-04:00,TECH/SOFTW :: ABNB-ACM-ACN,17,18,-0.1714477008129408,298,298,0.4119752240906842,0.0503355704697986,-0.1550990345874008,-0.018530872337175,0.0294602321902401,-0.0153156742700712,0.0016593286280192,-0.0366929768071615,L019,39,320.0,-0.06875,Decay
2026-06-03 00:00:00-04:00,HEALTHCARE/BIOPHARMASYS :: ABEO-ABUS-ABVX,18,19,-0.2395871277583226,175,175,0.3135425204436045,0.5142857142857142,0.1982718349684862,-0.0799986987606496,-0.0091998939327468,-0.0859599811497058,-0.0370007974949678,0.0030788131605762,L106,12,209.0,-0.1626794258373205,Decay
2026-06-03 00:00:00-04:00,INDUSTRIAL/MACHINE :: ACRE-ADAM-AGNC,19,20,-0.250592116667925,59,59,0.3368663274655,0.1016949152542373,0.0436838149757716,-0.019676009440244,0.0054615820767837,-0.0421984176480401,-0.0223393214854372,-0.0172738548772554,L113,9,61.0,-0.0327868852459016,Decay
2026-06-03 00:00:00-04:00,NONCYCLICAL/FOODDRINKMFR :: ABM-ABT-ACEL,20,21,-0.2738075945696258,166,166,0.2962230919852132,0.3975903614457831,0.2752214184153488,-0.0176760106124138,-0.025296377996955,-0.0491917739130128,-0.0530972815591759,-0.007608935700627,L132,4,137.0,0.2116788321167883,Decay
2026-06-03 00:00:00-04:00,UNKNOWN/UNKNOWN :: ARCC-BBDC-BCSF,21,22,-0.2811967168866747,39,39,0.4439853667080752,0.0,0.1858651636208086,-0.0176234365986903,-0.0008643155551975,-0.0810691664405155,-0.0286652191174185,-0.0272209021527995,L115,9,34.0,0.1470588235294117,Decay
2026-06-03 00:00:00-04:00,FINANCIAL/INSURANCE :: ACGL-ACIC-ACT,22,23,-0.364541326447199,73,73,0.3644769694945028,0.1780821917808219,0.3129809096642773,-0.0153554744626058,-0.0421867248493722,-0.0393355814915673,-0.0699876284115932,-0.0144511879916895,L092,18,86.0,-0.1511627906976744,Decay
2026-06-03 00:00:00-04:00,CONSUMERSVCE/HOSPITALITY :: AAUC-AP-ATAT,23,24,-0.4000686479497398,74,74,0.223373968967755,0.2162162162162162,-0.1882238584601289,-0.0039188087323799,-0.0115905821011101,-0.0354878696914113,-0.039391485663331,-0.0153962055671793,L047,32,109.0,-0.3211009174311927,Decay
2026-06-03 00:00:00-04:00,ENERGY/OILGASINTEG :: ACDC-ADM-AESI,24,25,-0.4212494837743823,148,148,0.3762249178651845,0.5405405405405406,0.1150930457756793,0.0348992987609572,-0.0524785077290182,-0.0499323842523595,-0.0802794112912392,0.0022058618392046,L022,39,147.0,0.0068027210884353,Decay
2026-06-03 00:00:00-04:00,CYCLICALS/AUTORETAIL :: ABR-AGL-ALOT,25,26,-0.6845785880412698,77,77,0.1768707376283136,0.2207792207792207,-0.3005617131710706,-0.0155261352709804,-0.0540336940992753,-0.0648065995326161,-0.0818345976614962,-0.0183143356460018,L139,1,,0.0,Emergence
2026-06-04 00:00:00-04:00,HEALTHCARE/HCAREMISC :: A-ADPT-AII,0,1,1.4372809283540264,108,108,0.2890546436058773,0.8425925925925926,0.0941226443896268,0.0165555538389677,0.2065879541623998,0.1968722927906923,0.1852726249307389,0.0314165221847216,L127,6,108.0,0.0,Maturity
2026-06-04 00:00:00-04:00,HEALTHCARE/BIOPHARMAOTHER :: ABBV-ABT-ACHC,1,2,1.2693368808765522,152,152,0.2741134941449904,0.9078947368421052,2.147360023266235,0.0786999302172572,0.0605820870073861,0.0545437534886689,0.0392667577757252,0.0567161140915956,L140,1,,0.0,Emergence
2026-06-04 00:00:00-04:00,TECH/SEMIEQUIPSVCE :: AA-AAP-ABAT,2,3,0.8589170379188491,187,187,0.2714246873271573,0.5614973262032086,-0.3268307350357782,-0.0129300873288378,0.1573196781221213,0.1439555754468296,0.1360043488904604,0.0116820863286851,L063,29,200.0,-0.065,Maturity
2026-06-04 00:00:00-04:00,TECH/SOFTW :: AMPL-ASMB-AVBP,3,4,0.8423624834097302,85,85,0.2387710789496529,0.6,-0.2630785480972252,-0.0345384945014766,0.1511793318505934,0.1361349077429987,0.1298640026189325,0.0108255141581233,L134,4,82.0,0.0365853658536585,Maturity
2026-06-04 00:00:00-04:00,CONSUMERSVCE/HOSPITALITY :: ACEL-AERO-AGBK,4,5,0.7672534459062841,150,150,0.241038291148282,0.6733333333333333,-0.1168417784525446,-0.0167085118227019,0.1341351553413945,0.0979729712780142,0.1128198261097336,0.0100238621716581,L141,1,,0.0,Emergence
2026-06-04 00:00:00-04:00,TECH/SEMIMFR :: AAOI-AAON-ACLS,5,6,0.7221170640838573,206,206,0.3259262092467956,0.3834951456310679,0.0680279847942521,0.0373252800222342,0.1120556968534757,0.1301981388286295,0.0907403676218148,-0.0101068523624121,L099,15,153.0,0.3464052287581699,Expansion
2026-06-04 00:00:00-04:00,INDUSTRIAL/DELIVERY :: ARCB-ARMK-ATR,6,7,0.5973832711162161,32,32,0.4164647636640317,0.875,0.156841693002343,0.0124468845331586,0.0707924483074168,0.0991800354827888,0.0494771190757559,0.0150564628322224,L136,3,62.0,-0.4838709677419355,Confirmation
2026-06-04 00:00:00-04:00,FINANCIAL/BANKSINTL :: ABCB-AD-ALRS,7,8,0.3818956935451628,211,211,0.4817770102017241,0.995260663507109,0.6575450087671455,0.0185903825513201,0.0142528578176865,0.0023559744207183,-0.0070624714139743,0.0290300576289025,L004,40,240.0,-0.1208333333333333,Maturity
2026-06-04 00:00:00-04:00,INDUSTRIAL/AERODEF :: AFRM-AIRS-ALKT,8,9,0.1672705109014038,96,96,0.3574983555963971,0.8541666666666666,0.0477001057924373,-0.0379726731118232,0.0276249530971497,0.0064907566939194,0.0063096238654888,0.0248638529746641,L115,10,39.0,1.4615384615384617,Expansion
2026-06-04 00:00:00-04:00,CONSUMERSVCE/HOSPITALITY :: AAL-ABG-ACCO,9,10,0.1252445653210476,217,217,0.4028904467624131,0.5714285714285714,-0.1206454784543492,-0.0070757694706804,0.0470428180162408,-0.0148750627290212,0.0257274887845799,0.00379246852416,L121,8,246.0,-0.1178861788617886,Maturity
2026-06-04 00:00:00-04:00,INDUSTRIAL/MACHINE :: ACA-AGCO-AIN,10,11,0.1148587790084387,123,123,0.4073871587381464,0.6260162601626016,-0.1472745630056921,0.0265449963007352,0.0447757189294731,-0.0139570832339594,0.0234603896978122,0.0042413581668235,L130,6,156.0,-0.2115384615384615,Maturity
2026-06-04 00:00:00-04:00,FINANCIAL/GENMERCH :: AMZN-APLD-ASST,11,12,0.1137732198261403,56,56,0.2696567358372011,0.5714285714285714,0.5927460435860042,-0.0485604288651578,0.0020279768122491,-0.0374202952270902,-0.0192873524194117,0.0038487499418552,L135,3,89.0,-0.3707865168539326,Maturity
2026-06-04 00:00:00-04:00,UNKNOWN/UNKNOWN :: ACNB-AFCG-ANIK,12,13,0.0871938135913252,48,48,0.3191182841331243,1.0,-0.0292171135650605,0.0062026878528239,0.0128085889370349,0.0129925351789918,-0.0085067402946259,0.0364920234269344,L142,1,,0.0,Emergence
2026-06-04 00:00:00-04:00,TECH/SOFTW :: ABNB-ABX-ACIW,13,14,0.0714137929686074,316,316,0.4276864491478286,0.7658227848101266,-0.4084792704819148,-0.0513579060517784,0.0410902026048635,0.0217469065316677,0.0197748733732026,0.0143103501436078,L019,40,298.0,0.0604026845637583,Maturity
2026-06-04 00:00:00-04:00,FINANCIAL/INVESTSVCE :: AAMI-AGM-ALGN,14,15,0.0521776388215921,120,120,0.3417021162682913,0.9833333333333332,0.0204827444938839,0.014601092886339,0.0098073599475163,-0.0136267766761856,-0.0115079692841445,0.0340843875240906,L108,12,130.0,-0.0769230769230769,Maturity
2026-06-04 00:00:00-04:00,FINANCIAL/REIT :: AAT-ADC-AHR,15,16,0.0061101553642544,124,124,0.4164655226716341,0.8225806451612904,-0.1060820693237245,0.0226147684636508,0.0078927749999179,0.0116912251554027,-0.0134225542317429,0.014413047797695,L093,18,108.0,0.1481481481481481,Expansion
2026-06-04 00:00:00-04:00,UTIL/ENERGYUTIL :: AEE-AEP-AFL,16,17,-0.0212705454532237,70,70,0.4281871723043668,0.8142857142857143,-0.3627289090973759,0.052884770969966,0.0208071791485754,0.0154488570169756,-0.0005081500830854,0.009231715080565,L112,10,109.0,-0.3577981651376147,Decay
2026-06-04 00:00:00-04:00,TECH/SOFTW :: AES-APURU-ASRT,17,18,-0.0372270854295714,31,31,0.0185227149031908,0.5483870967741935,0.0922184541164992,0.0010438558946669,0.0015891854557074,0.029216616736766,-0.0197261437759534,0.001193545821713,L082,22,93.0,-0.6666666666666666,Decay
2026-06-04 00:00:00-04:00,FINANCIAL/INSURANCE :: ACGL-ACIC-ACT,18,19,-0.1204507942401791,121,121,0.3622026780321714,0.9173553719008264,0.2319668935292699,0.0006407952950264,-0.0323331223286532,-0.0245851119209458,-0.0536484515603141,0.0166329075836562,L092,19,73.0,0.6575342465753424,Decay
2026-06-04 00:00:00-04:00,MATERIALS/ORE :: ABEV-AEG-AEM,19,20,-0.1301311975770083,141,141,0.4305097816233984,0.7588652482269503,-0.2716985992378076,-0.0130342516669168,0.0109260480260252,-0.0399879679526026,-0.0103892812056356,0.0094791270132953,L118,9,87.0,0.6206896551724138,Decay
2026-06-04 00:00:00-04:00,HEALTHCARE/BIOPHARMASYS :: ABCL-ABEO-ABSI,20,21,-0.1310835676587725,179,179,0.3052861450792768,0.8379888268156425,-0.0160874508405758,-0.0268572549113557,-0.0033313456707108,-0.0558863948405363,-0.0246466749023717,0.0324206824323436,L106,13,175.0,0.0228571428571428,Decay
2026-06-04 00:00:00-04:00,INDUSTRIAL/MACHINE :: ACRE-ADAM-AGNC,21,22,-0.1383921300061815,49,49,0.357834848259524,0.8775510204081632,-0.2045294674849262,0.0009697870877733,0.0016943192898275,-0.0382292012731772,-0.0196210099418333,0.0145067322353434,L113,10,59.0,-0.1694915254237288,Decay
2026-06-04 00:00:00-04:00,CONSUMERSVCE/HOSPITALITY :: LLYVK-LYV-MSGE,22,23,-0.2581057076462274,4,4,0.4963815260639495,0.25,-0.5192782191506877,-0.0367866648277002,0.005320699641033,0.0255946381733633,-0.0159946295906278,-0.0105620105367548,L143,1,,0.0,Emergence
2026-06-04 00:00:00-04:00,ENERGY/OILGASINTEG :: ACDC-ADM-AESI,23,24,-0.271467640756718,147,147,0.3587396362822451,0.673469387755102,-0.2103742309228492,0.0250574820919967,-0.0261889393692975,0.0056403804564504,-0.0475042686009584,0.0097259659511836,L022,40,148.0,-0.0067567567567567,Decay
2026-06-04 00:00:00-04:00,INDUSTRIAL/TRAINTRUCK :: ADTN-AEVA-AMSC,24,25,-0.2892647884132752,43,43,0.261016980201515,0.5813953488372093,-0.1966973241271538,-0.0154646917729156,-0.0157193565800037,-0.0273969258553537,-0.0370346858116646,0.0034977144671781,L123,7,104.0,-0.5865384615384616,Decay
2026-06-04 00:00:00-04:00,NONCYCLICAL/FOODDRINKMFR :: ABM-ACI-ACTG,25,26,-0.2976036229099084,135,135,0.2587884182023355,0.6592592592592592,-0.0237914779373489,-0.0103456454746319,-0.0273753278087824,-0.0476730504523423,-0.0486906570404433,0.0080288224365343,L132,5,166.0,-0.1867469879518072,Decay
2026-06-04 00:00:00-04:00,TECH/INTERNET :: ABR-AMX-AOMR,26,27,-0.6891324797213859,90,90,0.234001711719129,0.4555555555555555,-0.2506696731448694,-0.0155959665089732,-0.0616970223836305,-0.0928680304119469,-0.0830123516152914,0.0023463275388472,L139,2,77.0,0.1688311688311688,Emergence
2026-06-05 00:00:00-04:00,TECH/COMPUTER :: AMPL-ASAN-ATAI,0,1,1.0654927257043787,55,55,0.2806451808032945,0.0363636363636363,-0.0679441592168648,-0.0662303932137838,0.1167805326898845,0.1456628421932864,0.1237815588858204,-0.0517188266893988,L134,5,85.0,-0.3529411764705882,Maturity
2026-06-05 00:00:00-04:00,HEALTHCARE/HCAREMISC :: A-AIRO-ALAR,1,2,0.9770794703574776,95,95,0.3055967896147364,0.1157894736842105,-0.4345159719230149,-0.0432155468090765,0.133469179566832,0.136875033897058,0.1404702057627679,-0.0529161514051082,L127,7,108.0,-0.1203703703703703,Maturity
2026-06-05 00:00:00-04:00,TELECOM/TELECOMGEN :: AES-AIRJ-ALOY,2,3,0.6803921701512309,76,76,0.142626298288165,0.2105263157894736,0.2591180449122483,-0.0169274873098694,0.0551348234554499,0.0605519000427304,0.0621358496513858,-0.0224470910440567,L082,23,31.0,1.4516129032258065,Expansion
2026-06-05 00:00:00-04:00,TECH/SEMIMFR :: AA-AAOI-AAON,3,4,0.615722925078379,202,202,0.4404477542753437,0.0099009900990099,0.6747855143554178,-0.08130740449732,0.0105628247605977,0.0647901520983822,0.0175638509565335,-0.0801202332561619,L099,16,206.0,-0.0194174757281553,Maturity
2026-06-05 00:00:00-04:00,HEALTHCARE/BIOPHARMAOTHER :: ABBV-ABT-ACHC,4,5,0.4706547229383376,171,171,0.2552200292368708,0.5321637426900585,-0.0444399357858988,0.0734474313454734,0.0452955247088371,0.0340859366544436,0.052296550904773,-0.0023166595139795,L140,2,152.0,0.125,Emergence
2026-06-05 00:00:00-04:00,FINANCIAL/REIT :: AAT-ADC-AHR,5,6,0.4663458316341093,122,122,0.3727750610497187,0.7622950819672131,0.3303640611749191,0.018530599983956,0.009520176561858,0.0171186605405248,0.0165212027577939,0.0077985891817451,L093,19,124.0,-0.0161290322580645,Maturity
2026-06-05 00:00:00-04:00,TECH/ORE :: ABAT-ACHR-ACMR,6,7,0.4014302235759074,193,193,0.3440850988209762,0.005181347150259,0.5055038825761532,-0.1406718618906212,-0.0019653430027908,0.0574911139230188,0.005035683193145,-0.1017456343538567,L063,30,187.0,0.0320855614973262,Maturity
2026-06-05 00:00:00-04:00,INDUSTRIAL/MATCONSTR :: AAL-ABG-ACCO,7,8,0.395942282519753,221,221,0.3288680450930076,0.1764705882352941,-0.237823160084665,-0.0259462666176097,0.060416482666192,0.0281239562933413,0.0674175088621279,-0.0195181884800137,L121,9,217.0,0.0184331797235023,Maturity
2026-06-05 00:00:00-04:00,UTIL/ENERGYUTIL :: AEE-AEP-APD,8,9,0.2930000969301607,71,71,0.4445288758935874,0.9577464788732394,-0.2430141344103146,0.0242790480051825,0.0220693272647505,0.0269564247731724,0.0290703534606863,0.0116864537188368,L112,11,70.0,0.0142857142857142,Maturity
2026-06-05 00:00:00-04:00,FINANCIAL/BANKSUSA :: ABCB-AD-AGM,9,10,0.231427426899428,239,239,0.4312305897564533,0.7280334728033473,-0.0891340154929024,0.0062871861596392,0.0132000140857948,0.0047846264437386,0.0202010402817306,0.0026745183243674,L004,41,211.0,0.1327014218009478,Expansion
2026-06-05 00:00:00-04:00,INDUSTRIAL/TRAINTRUCK :: ADTN-AMSC-ARCB,10,11,0.1515254092096534,52,52,0.2671071851554112,0.4038461538461538,-0.1080027080129522,-0.0206381705528357,0.009160723496329,0.0324525612903707,0.0161617496922649,-0.0149616944871699,L123,8,43.0,0.2093023255813953,Expansion
2026-06-05 00:00:00-04:00,NONCYCLICAL/FOODDRINKMFR :: AAPL-ABM-ACEL,11,12,0.1161482345334646,188,188,0.28617270889294,0.7712765957446809,0.0859093778631093,0.0065492456839416,-0.0082401520220725,-0.023990592662616,-0.0012391258261367,0.0170391298505634,L132,6,135.0,0.3925925925925926,Expansion
2026-06-05 00:00:00-04:00,TECH/SOFTW :: ABNB-ACHV-ACIW,12,13,0.0866165751752053,295,295,0.397378848829126,0.2610169491525423,-0.3326550689409281,-0.0404867796487344,0.0306603294212653,-0.0121678147985477,0.0376613556172011,-0.0160290330121941,L019,41,316.0,-0.0664556962025316,Maturity
2026-06-05 00:00:00-04:00,HEALTHCARE/HCARESUPPORT :: ACU-ASIC-ASMB,13,14,0.0771832483675757,65,65,0.2828943278459229,0.2769230769230769,-0.3490835328698982,-0.0267990500093172,0.0238627181605381,0.0229153450457198,0.030863744356474,-0.0236200016689453,L144,1,,0.0,Emergence
2026-06-05 00:00:00-04:00,INDUSTRIAL/MACHINE :: ACA-AGCO-AIN,14,15,0.0664648387088481,116,116,0.3613871562277997,0.2758620689655172,-0.3379767755254276,-0.0062575365043645,0.0305564052941342,-0.020033430076266,0.03755743149007,-0.0113821051269549,L130,7,123.0,-0.056910569105691,Maturity
2026-06-05 00:00:00-04:00,FINANCIAL/INVESTSVCE :: AAMI-AFRM-AIRS,15,16,-0.0175836020874907,116,116,0.2749224355946931,0.2327586206896551,0.0967387964135831,-0.0335046999957188,-0.0138937859840901,-0.0186460046908779,-0.0068927597881543,-0.0223645103705507,L108,13,120.0,-0.0333333333333333,Decay
2026-06-05 00:00:00-04:00,FINANCIAL/INSURANCE :: ACGL-ACI-ACIC,16,17,-0.0196228665274726,117,117,0.3463945191449282,0.9230769230769232,-0.1897942767474233,0.0258219797090854,-0.0147862359757787,-0.0072732761298457,-0.0077852097798429,0.0222140250682953,L092,20,121.0,-0.0330578512396694,Decay
2026-06-05 00:00:00-04:00,FINANCIAL/BANKSINTL :: ABEV-AEG-AIV,17,18,-0.0245181057262498,79,79,0.189672184268459,0.1265822784810126,0.3919746431145184,-0.0538560821416285,-0.028977221421581,-0.0388439025482326,-0.0219761952256451,-0.0257420339524604,L118,10,141.0,-0.4397163120567376,Decay
2026-06-05 00:00:00-04:00,UTIL/ENERGYUTIL :: ABSI-APLD-ASST,18,19,-0.0416802611464836,62,62,0.3137599977378972,0.0483870967741935,0.8299823493108466,-0.0802527411036409,-0.0644090207069452,-0.05068209807921,-0.0574079945110093,-0.076047501865915,L135,4,56.0,0.1071428571428571,Decay
2026-06-05 00:00:00-04:00,UNKNOWN/UNKNOWN :: ACNB-AFCG-ANIK,19,20,-0.0815286765235612,51,51,0.2904488404634739,0.4705882352941176,-0.3317515743751016,0.0029249341747282,0.0009303033186039,-0.0031615494237922,0.0079313295145398,-0.0104733106664486,L142,2,48.0,0.0625,Emergence
2026-06-05 00:00:00-04:00,UNKNOWN/UNKNOWN :: APEI-ARCC-BBDC,20,21,-0.2526909870159314,58,58,0.3554615403905579,0.1551724137931034,-0.2359711821462943,-0.025306246032826,-0.0113897991164044,-0.0515249449453542,-0.0043887729204686,-0.0193265186142341,L115,11,96.0,-0.3958333333333333,Decay
2026-06-05 00:00:00-04:00,HEALTHCARE/BIOPHARMASYS :: ABCL-ABEO-ABUS,21,22,-0.3184089238259984,181,181,0.2952590308207892,0.0994475138121546,0.1721141966668732,-0.0028059338142129,-0.0478031564980244,-0.0640765622388125,-0.0408021303020885,-0.0416063733438053,L106,14,179.0,0.0111731843575419,Decay
2026-06-05 00:00:00-04:00,MATERIALS/ORE :: AEM-AG-AGI,22,23,-0.3776478247129003,94,94,0.5344390007551111,0.0319148936170212,0.4873507755452999,-0.099974836961947,-0.0731967297680993,-0.1109263721689297,-0.0661957035721635,-0.080094172154321,L145,1,,0.0,Emergence
2026-06-05 00:00:00-04:00,TECH/GENMERCH :: ABX-ACRE-ADAM,23,24,-0.4011746980373207,75,75,0.2215374835169148,0.3466666666666667,-0.4528404071077766,-0.0134469862907005,-0.0223687931038359,-0.0313918462670675,-0.0153677669079001,-0.0098936956341593,L113,11,49.0,0.5306122448979592,Decay
2026-06-05 00:00:00-04:00,ENERGY/OILGASINTEG :: ADM-AGRO-AM,24,25,-0.4100183862893554,107,107,0.4303654416085304,0.02803738317757,-0.2093009674101942,-0.0247134418134734,-0.0422777164388555,-0.0175150599120752,-0.0352766902429197,-0.0314110849837412,L022,41,147.0,-0.272108843537415,Decay
2026-06-05 00:00:00-04:00,FINANCIAL/BANKSINTL :: ACDC-AESI-ALTO,25,26,-0.4859751451114543,55,55,0.3484555245614092,0.0363636363636363,-0.1089100564687747,-0.0282844008758987,-0.0603369641732515,-0.0147830122160999,-0.0533359379773157,-0.0444502403493886,L146,1,,0.0,Emergence
2026-06-05 00:00:00-04:00,CYCLICALS/AUTORETAIL :: AAP-ABR-AGL,26,27,-0.6599570723567418,97,97,0.1877844255649455,0.4536082474226804,-0.3473468611727197,-0.020958815445397,-0.0607048145321677,-0.0677076690563617,-0.0537037883362318,-0.0101638970909272,L139,3,90.0,0.0777777777777777,Decay
