timestamp,source_lifecycle_id,target_lifecycle_id,source_stage,target_stage,source_decay_score,target_expansion_score,migrated_members,migrated_symbols,rewired_edges,rewired_edge_pairs,relative_strength_switch,flow_score,cross_resolution_confirmation,rotation_confidence,source_members,target_members
2026-03-13 14:15:00+00:00,L0025,L0022,confirmation,expansion,0.9739206386430221,0.26107340059720857,2,ABG;AIRO,14,ABG-AGM;ABG-AII;ABG-AMCR;ABSI-ACHR;ACHV-ADAM;ACHV-AENT;ACHV-AIRO;ACM-AFRM;ACU-ADT;ADSE-AMCR;AEBI-ALLY;AEBI-ALRS;AFRM-AGM;AIOT-AIRJ,0.0015409503830596805,2.9525165328865315,0.01542056074766355,1.1109404291058516,"ABG,ABSI,ACB,ACNT,ACU,ADAM,ADSE,ADV,AEBI,AENT,AFRM,AIOT,AIRO,ALAB,ALH,ALRM,ALVO,AMLX","AAL,AAP,AAPG,ABCB,ABEO,ABM,ABNB,ACAD,ACHR,ACHV,ACM,ACN,ACOG,ACVA,ADAG,ADMA,ADNT,ADT,AEHR,AEO,AEVA,AFJK,AGCC,AGL,AGM,AGRO,AI,AII,AIN,AIRJ,AIRS,AKAM,AKR,ALGT,ALK,ALLY,ALRS,ALSN,AMCR,AMG,AMN,AMP"
2026-03-13 14:15:00+00:00,L0025,L0016,confirmation,maturity,0.9739206386430221,0.4137092540201722,0,,8,AAPL-AMLX;ACU-ALOT;ADAM-AHRT;AEBI-AHRT;AERO-ALVO;AEXA-ALVO;AFRM-AGIO;AIRG-ALH,0.00016090774443000555,2.19901084483708,0.017391304347826087,0.9686503746604023,"ABG,ABSI,ACB,ACNT,ACU,ADAM,ADSE,ADV,AEBI,AENT,AFRM,AIOT,AIRO,ALAB,ALH,ALRM,ALVO,AMLX","AAOI,AAPL,AAUC,ABR,ABX,ACDC,ACLS,ACR,ACRE,ADBE,ADUS,AEC,AEM,AERO,AESI,AEXA,AFCG,AG,AGI,AGIO,AGPU,AHRT,AIRG,ALAR,ALC,ALCO,ALLE,ALM,ALNY,ALOT,ALOY,ALTO,ALV,AMAL,AMBP,AMCI,AMH,AMPH"
2026-03-13 14:30:00+00:00,L0027,L0028,expansion,confirmation,0.40717742435581966,0.5453853762174419,0,,17,AAON-ACMR;AAON-ALAB;ABAT-ALB;ABVX-AGX;ACHR-AGMB;ACHR-AGX;ADI-AGCO;ADI-ALG;ADI-AME;ADM-AMD;ADTN-AIR;ADUR-AGMB;AEIS-AIR;AIT-ALMU;ALB-ALHC;ALGM-ALSN;AMAT-AMD,-0.0024126124335452914,2.8903717578961645,0.008,1.0095617796460197,"AA,AAMI,ABAT,ABCL,ABEV,ABSI,ABVX,ACB,ACET,ACHR,ACMR,ACNB,ACTG,AD,ADEA,ADI,ADM,ADPT,ADTN,ADUR,ADV,AEIS,AEYE,AFJK,AFYA,AGBK,AGEN,AGRO,AHCO,AHR,AKTS,ALAB,ALGM,ALHC,ALKT,ALLT,ALMS,ALMU,AMAT,AMBA,AMCR,AMKR,AMPG,QQQ","AAON,ABBV,ACA,AGCO,AGMB,AGX,AIR,AIT,ALB,ALG,ALNT,ALSN,AMD,AME"
2026-03-13 14:45:00+00:00,L0029,L0027,confirmation,expansion,0.7066265256071403,0.6513444715133506,4,ADAM;ADEA;AI;AIRO,50,AA-AIRO;AAMI-AHRT;AARD-ABCB;AARD-ALKT;ABCB-ACVA;ABCB-AGYS;ABCL-ACAD;ABSI-ACVA;ABSI-ADAM;ABSI-ADEA;ABSI-AMLX;ACB-ACEL;ACB-AGNC;ACB-AGYS;ACB-AMGN;ACHV-AIT;ACHV-ALMU;ACN-AHCO;ACRS-AEHR;ACRS-AHR;ACTG-AMCX;ADAM-AEIS;ADAM-ALGM;ADAM-QQQ;ADEA-AEHR;ADEA-AEVA;ADEA-AIP;ADEA-ALGM;ADEA-AMBA;ADEA-AMPG;ADMA-AEHR;ADPT-ALKS;ADSK-ALMS;ADTN-AFRM;ADTN-ALGN;ADV-AEIS;AEHR-AI;AFRM-AHCO;AFRM-AIP;AFRM-AKTS;AFRM-ALKT;AGBK-AGNC;AGBK-AGYS;AI-AIOT;AI-AMBQ;AI-QQQ;AIR-AME;AIRO-ALGM;ALAB-AMLX;ALGM-AME,0.001009631436318159,4.079247221125822,0.029347826086956522,1.4316052783306463,"AARD,AAT,ABBV,ABM,ABR,ABT,ACAD,ACEL,ACHV,ACIW,ACN,ACRE,ACRS,ACU,ACVA,ADAM,ADEA,ADMA,ADP,ADSE,ADSK,ADT,ADV,AFRM,AGIO,AGL,AGNC,AGYS,AHRT,AI,AIRO,AJG,ALGN,ALH,ALKS,ALRM,AMCX,AME,AMGN,AMLX","AA,AAMI,AAON,ABAT,ABCB,ABCL,ABEV,ABSI,ABVX,ACB,ACET,ACHR,ACMR,ACNB,ACTG,AD,ADI,ADM,ADPT,ADTN,ADUR,AEHR,AEIS,AEVA,AEYE,AFYA,AGBK,AGEN,AGMB,AGRO,AGX,AHCO,AHR,AIOT,AIP,AIR,AIT,AKTS,ALAB,ALG,ALGM,ALHC,ALKT,ALLT,ALMS,ALMU,AMAT,AMBA,AMBQ,AMD,AMKR,AMPG,QQQ"
2026-03-13 15:00:00+00:00,L0030,L0027,maturity,maturity,0.5398137515471703,0.8938375916744934,0,,10,ACT-ADM;ACT-AEHR;ADAG-AFG;AEC-AGMB;AEC-AIT;AEE-AKTS;AER-AMKR;AGMB-ALL;AIT-ALG;AM-AMPG,0.008047788171097636,2.4685044339883575,0.03114754098360656,1.0518936426111294,"ACGL,ACI,ACT,ADC,AEC,AEE,AENT,AEP,AER,AES,AFG,AFL,AFRI,AGM,AGO,AIG,AIV,AIZ,AKO-B,ALG,ALL,ALVO,AM","AA,AAON,ABAT,ABCL,ABEV,ABSI,ABVX,ACET,ACHR,ACMR,ACNB,AD,ADAG,ADAM,ADEA,ADM,ADPT,ADTN,ADUR,AEHR,AEIS,AEVA,AEYE,AFYA,AGBK,AGEN,AGMB,AGX,AHCO,AHR,AI,AIOT,AIP,AIR,AIRO,AIT,AKAM,AKTS,ALAB,ALGM,ALHC,ALKT,ALLT,ALMS,ALMU,AMAT,AMBA,AMBQ,AMD,AMKR,AMPG,QQQ"
2026-03-13 15:15:00+00:00,L0027,L0022,decay,expansion,0.7750606315994172,0.18443415710835165,0,,10,A-AIP;A-AIRO;ABEO-AI;ABVX-AGRO;ACM-ADTN;ACM-AIOT;ADMA-AFJK;ADPT-ALKS;AEG-QQQ;AGRO-AIP,0.0038999973330646753,2.4327357540443817,0.014218009478672983,0.898165076545227,"AARD,ABCL,ABEV,ABSI,ABVX,ACAD,ACET,ACHR,ACRS,ACVA,ADAG,ADAM,ADEA,ADMA,ADPT,ADTN,ADUR,ADV,AEHR,AEVA,AEYE,AFRM,AFYA,AGEN,AGL,AHCO,AHR,AI,AIOT,AIP,AIRO,AKAM,AKTS,ALAB,ALKT,ALLT,ALMS,ALMU,AMAT,AMBQ,AMKR,AMLX,AMPG,QQQ","A,AAL,AAP,AAPG,ABCB,ABEO,ABG,ABM,ABNB,ACM,ACOG,ADNT,ADSE,AEBI,AEG,AEO,AFJK,AGBK,AGCC,AGM,AGRO,AII,AIN,AIRJ,AKR,ALGN,ALGT,ALK,ALKS,ALLY,ALRS,ALSN,AMG,AMN,AMP"
2026-03-13 15:30:00+00:00,L0030,L0016,expansion,maturity,0.6243063584807764,0.09129588076361077,3,AENT;AKO-B;ALVO,2,AES-ALOT;AFRI-ALNT,-0.0017706933431327343,2.1972245773362196,0.018181818181818184,0.7667140888346438,"ACGL,ACI,ACIC,ACT,ADC,AEC,AEE,AEG,AENT,AEP,AER,AES,AFG,AFL,AFRI,AFRM,AGM,AGO,AIG,AIV,AIZ,AKO-B,AKR,ALL,ALLE,ALVO,AM","AAOI,AAUC,ABUS,ABX,ACDC,ACLS,ACR,ADBE,AEM,AERO,AESI,AEXA,AFCG,AG,AGI,AGIO,AGPU,AIRG,ALAR,ALB,ALC,ALCO,ALM,ALNT,ALNY,ALOT,ALOY,ALTO,AMAL,AMBP,AMCI,AMPH"
2026-03-13 15:30:00+00:00,L0027,L0016,expansion,maturity,0.6004838434691101,0.09129588076361077,0,,2,ABUS-AKTS;ACVA-AGPU,0.0013093899469822645,1.1413329578677105,0.018181818181818184,0.4955944294640166,"ABAT,ABCL,ABEV,ABSI,ABVX,ACAD,ACB,ACET,ACHR,ACM,ACMR,ACRS,ACU,ACVA,ADAG,ADEA,ADMA,ADPT,ADTN,ADUR,ADV,AEHR,AEIS,AEVA,AEYE,AFYA,AGEN,AGL,AHCO,AHR,AI,AIOT,AIP,AIRO,AKAM,AKTS,ALAB,ALGM,ALKS,ALKT,ALLT,ALMS,ALMU,AMAT,AMBA,AMBQ,AMKR,AMLX,AMPG,QQQ","AAOI,AAUC,ABUS,ABX,ACDC,ACLS,ACR,ADBE,AEM,AERO,AESI,AEXA,AFCG,AG,AGI,AGIO,AGPU,AIRG,ALAR,ALB,ALC,ALCO,ALM,ALNT,ALNY,ALOT,ALOY,ALTO,AMAL,AMBP,AMCI,AMPH"
2026-03-13 15:45:00+00:00,L0031,L0016,maturity,expansion,0.6576004607358388,0.19091220376654566,0,,11,ACA-AKO-B;ACA-ALM;ACA-ALTO;ACR-AGMB;ACT-AMCX;AEC-AIRG;AEC-AMCI;AFCG-ALG;AGMB-AIRG;AGX-AIRG;ALTG-AMAL,-0.0006495894631370902,2.4849066497880004,0.017518248175182483,0.8784081990239928,"AA,AAMI,AAON,ACA,ACNB,ACT,AD,ADI,ADM,ADUS,AEC,AGCO,AGMB,AGX,AIR,AIT,ALB,ALG,ALHC,ALLE,ALNT,ALTG,ALV,ALX,AMD,AMH","AAOI,AAPL,AAUC,ABUS,ABX,ACCO,ACDC,ACLS,ACNT,ACR,ADBE,AEM,AENT,AERO,AESI,AEXA,AFCG,AG,AGI,AGIO,AGPU,AIRG,AIRS,AKO-B,ALAR,ALC,ALCO,ALM,ALNY,ALOY,ALTO,ALVO,AMAL,AMBP,AMCI,AMCX,AMPH"
2026-03-13 15:45:00+00:00,L0029,L0016,expansion,expansion,0.3656501476810663,0.19091220376654566,0,,7,ABM-AEXA;ABR-ALOY;ABR-AMAL;ABT-ACCO;ADP-ALTO;AHRT-AMAL;AJG-ALTO,0.0018248101696372032,2.1019954074349583,0.017518248175182483,0.6950952945193005,"AARD,AAT,ABBV,ABM,ABR,ABT,ACAD,ACEL,ACIW,ACN,ACRE,ACTG,ACVA,ADAG,ADAM,ADEA,ADMA,ADP,ADSK,ADT,AEHR,AFRM,AGL,AGNC,AGYS,AHRT,AI,AIG,AJG,AKAM,ALGN,ALH,ALRM,AMGN","AAOI,AAPL,AAUC,ABUS,ABX,ACCO,ACDC,ACLS,ACNT,ACR,ADBE,AEM,AENT,AERO,AESI,AEXA,AFCG,AG,AGI,AGIO,AGPU,AIRG,AIRS,AKO-B,ALAR,ALC,ALCO,ALM,ALNY,ALOY,ALTO,ALVO,AMAL,AMBP,AMCI,AMCX,AMPH"
2026-03-13 16:00:00+00:00,L0022,L0016,maturity,maturity,0.8671428984932653,0.5377458483401418,1,ALNT,2,AIR-AIRS;AIRJ-AMCX,0.0017518150270916522,1.6438744115236683,0.017518248175182483,0.8350629641572166,"A,AAL,AAON,AAP,AAPG,AARD,ABG,ABNB,ACOG,ADI,ADNT,ADSE,AEC,AEO,AER,AFJK,AFRI,AGCC,AGCO,AGM,AGMB,AGRO,AII,AIN,AIR,AIRJ,AIT,ALB,ALGT,ALK,ALLY,ALNT,ALRS,ALSN,AMCR,AME,AMG,AMN,AMP","AAOI,AAPL,AAUC,ABUS,ABX,ACCO,ACDC,ACLS,ACNT,ACR,ACU,ADBE,AEM,AENT,AERO,AESI,AEXA,AFCG,AG,AGI,AGIO,AGPU,AIRS,AKO-B,ALAR,ALC,ALCO,ALM,ALNY,ALOY,ALTO,ALVO,AMAL,AMBP,AMCI,AMCX,AMPH"
2026-03-13 16:15:00+00:00,L0027,L0033,decay,confirmation,0.8693572418051294,0.6032556516098894,0,,10,AA-ACU;AAON-ALG;ABAT-ACTG;ACB-AIV;ACI-AHR;AEE-AEYE;AFYA-ALH;AGO-AMBQ;AKTS-AMKR;ALGM-AME,0.002536777390560019,2.420694985365264,0.018518518518518517,1.0497353921435995,"AA,AAON,AARD,ABAT,ABCL,ABEV,ABSI,ABVX,ACB,ACET,ACHR,ACMR,ACNB,ACRS,ADPT,ADTN,ADUR,ADV,AEC,AEIS,AEVA,AEYE,AFYA,AGEN,AGMB,AGX,AHCO,AHR,AIOT,AIP,AIR,AIT,ALAB,ALB,ALGM,ALGN,ALKT,ALLT,ALMS,ALMU,AMAT,AMBA,AMBQ,AMD,AMKR,AMLX,AMPG,QQQ","ABBV,ABT,ACEL,ACGL,ACHC,ACHV,ACI,ACIC,ACT,ACTG,ACU,ADC,AEE,AEG,AENT,AEP,AER,AES,AFG,AFL,AGNC,AGO,AIG,AIV,AIZ,AKTS,ALG,ALH,ALL,ALOT,ALVO,AM,AME,AMGN"
2026-03-13 16:15:00+00:00,L0016,L0033,maturity,confirmation,0.4130622795684655,0.6032556516098894,0,,6,AAUC-ACHC;ACCO-ACIC;ACI-ACNT;ACNT-AER;AERO-ALVO;AFCG-AKTS,0.002131119819750893,1.975900478421832,0.018518518518518517,0.8016482767367421,"AAOI,AAPL,AAUC,ABR,ABUS,ABX,ACCO,ACDC,ACLS,ACNT,ACR,ADBE,AEM,AERO,AESI,AEXA,AFCG,AG,AGI,AGIO,AGPU,AIRG,AIRS,ALAR,ALC,ALCO,ALM,ALNT,ALNY,ALOY,ALTO,AMAL,AMBP,AMCI,AMPH","ABBV,ABT,ACEL,ACGL,ACHC,ACHV,ACI,ACIC,ACT,ACTG,ACU,ADC,AEE,AEG,AENT,AEP,AER,AES,AFG,AFL,AGNC,AGO,AIG,AIV,AIZ,AKTS,ALG,ALH,ALL,ALOT,ALVO,AM,AME,AMGN"
2026-03-13 16:30:00+00:00,L0033,L0027,maturity,maturity,0.823787690985238,0.7929271806693501,5,AER;AGO;AKTS;ALG;AME,11,ABCL-AER;ABCL-ALVO;ACMR-AME;ADTN-AGO;AENT-AMBQ;AEP-AGMB;AFYA-AIG;AGO-QQQ;AKAM-AMGN;AKTS-ALGM;AKTS-ALLT,0.004026719401736045,3.109180234790802,0.029508196721311473,1.2667357497022735,"ABBV,ABT,ACEL,ACGL,ACHC,ACHV,ACI,ACIC,ACT,ACTG,ACU,ADC,AEE,AEG,AENT,AEP,AER,AES,AFG,AFL,AFRM,AGNC,AGO,AIG,AIZ,AKO-B,AKTS,ALG,ALH,ALL,ALOT,ALVO,AM,AME,AMGN","AA,AAON,AARD,ABAT,ABCL,ABEV,ABSI,ABVX,ACB,ACET,ACHR,ACM,ACMR,ACRS,ADEA,ADPT,ADTN,ADUR,ADV,AEIS,AEVA,AEYE,AFYA,AGEN,AGMB,AGX,AHCO,AHR,AIOT,AIP,AIR,AIRO,AIRS,AIT,AKAM,ALAB,ALB,ALGM,ALKS,ALKT,ALLT,ALMS,ALMU,AMAT,AMBA,AMBQ,AMD,AMKR,AMLX,AMPG,QQQ"
2026-03-13 16:30:00+00:00,L0033,L0016,maturity,maturity,0.823787690985238,0.3281789607173562,4,ACU;AENT;AKO-B;ALVO,6,ABT-AIRG;ACCO-ALVO;ACIC-AMAL;AEC-ALG;AFCG-ALG;AGPU-AKO-B,0.004525157190073514,2.7377718197976497,0.01804511278195489,1.032739717377484,"ABBV,ABT,ACEL,ACGL,ACHC,ACHV,ACI,ACIC,ACT,ACTG,ACU,ADC,AEE,AEG,AENT,AEP,AER,AES,AFG,AFL,AFRM,AGNC,AGO,AIG,AIZ,AKO-B,AKTS,ALG,ALH,ALL,ALOT,ALVO,AM,AME,AMGN","AAOI,AAUC,ABUS,ABX,ACCO,ACDC,ACLS,ACR,ADBE,AEC,AEM,AERO,AESI,AEXA,AFCG,AFRI,AG,AGI,AGIO,AGPU,AIRG,ALAR,ALC,ALCO,ALM,ALNT,ALNY,ALOY,ALTO,AMAL,AMBP,AMCI,AMPH"
2026-03-13 16:30:00+00:00,L0029,L0027,decay,maturity,0.47955941889594506,0.7929271806693501,2,ADAM;ALHC,2,ADAM-AIRS;ADMA-AKAM,0.004592697834596038,2.0094575251699482,0.029508196721311473,0.8885365906702722,"AAPL,AAT,ABCB,ABM,ABR,ACIW,ACN,ACRE,ADAM,ADMA,ADP,ADSK,ADT,ADUS,AGBK,AGYS,AHRT,AJG,ALHC,ALRM,AMCX,AMH","AA,AAON,AARD,ABAT,ABCL,ABEV,ABSI,ABVX,ACB,ACET,ACHR,ACM,ACMR,ACRS,ADEA,ADPT,ADTN,ADUR,ADV,AEIS,AEVA,AEYE,AFYA,AGEN,AGMB,AGX,AHCO,AHR,AIOT,AIP,AIR,AIRO,AIRS,AIT,AKAM,ALAB,ALB,ALGM,ALKS,ALKT,ALLT,ALMS,ALMU,AMAT,AMBA,AMBQ,AMD,AMKR,AMLX,AMPG,QQQ"
2026-03-13 16:30:00+00:00,L0029,L0016,decay,maturity,0.47955941889594506,0.3281789607173562,1,ABR,4,AAT-ACCO;ABR-AGI;ABR-AGIO;ADT-AGPU,0.005091135622933507,2.0161174244943125,0.01804511278195489,0.7490576369248617,"AAPL,AAT,ABCB,ABM,ABR,ACIW,ACN,ACRE,ADAM,ADMA,ADP,ADSK,ADT,ADUS,AGBK,AGYS,AHRT,AJG,ALHC,ALRM,AMCX,AMH","AAOI,AAUC,ABUS,ABX,ACCO,ACDC,ACLS,ACR,ADBE,AEC,AEM,AERO,AESI,AEXA,AFCG,AFRI,AG,AGI,AGIO,AGPU,AIRG,ALAR,ALC,ALCO,ALM,ALNT,ALNY,ALOY,ALTO,AMAL,AMBP,AMCI,AMPH"
2026-03-13 16:45:00+00:00,L0027,L0029,decay,maturity,1.227847929310094,0.2584460194889909,2,ADAM;AGL,9,AAMI-AMLX;AARD-ALMS;ABM-AFRI;ACB-ADSE;ACRE-ADEA;ADT-ALHC;AIRS-AMD;ALKT-AMLX;ALTG-AMD,0.00036261962668504566,2.6416441211738007,0.011793611793611793,1.1080682567022173,"AA,AAON,ABCL,ABSI,ACB,ACMR,ADAM,ADEA,ADTN,AEC,AEIS,AER,AFRI,AGL,AGMB,AGO,AGX,AIR,AIT,AKTS,ALAB,ALB,ALG,ALGM,ALGN,ALHC,ALLT,ALMS,ALNT,AMBA,AMBQ,AMD,AME,AMLX,QQQ","AAMI,AAPL,AARD,AAT,ABCB,ABM,ACIW,ACM,ACN,ACRE,ADSE,ADSK,ADT,ADUS,AGBK,AGYS,AHRT,AIRS,AJG,ALKT,ALRM,ALTG,AMCX,AMH"
2026-03-13 17:00:00+00:00,L0033,L0027,expansion,expansion,0.4307358382688836,0.6601752851971568,0,,9,ABCL-AER;ABT-AFYA;ACB-AER;ACET-AENT;ACHR-ACHV;ACHV-ADTN;ACT-ALG;AENT-AMAT;AEYE-AKTS,0.00027803145349025726,2.305361549603668,0.029110512129380053,0.9079803012601361,"ABBV,ABT,ACEL,ACGL,ACHC,ACHV,ACI,ACIC,ACT,ACU,ADC,AEE,AEG,AENT,AEP,AER,AES,AFG,AFL,AFRI,AFRM,AGM,AGNC,AGO,AIG,AIZ,AKTS,ALH,ALL,ALOT,ALVO,AM,AME,AMGN","AA,AAON,AAPL,AARD,ABAT,ABCL,ABEV,ABSI,ABVX,ACB,ACET,ACHR,ACM,ACMR,ACRS,ACTG,ADEA,ADPT,ADTN,ADUR,ADV,AEC,AEIS,AEVA,AEYE,AFYA,AGEN,AGMB,AGX,AHCO,AHR,AIOT,AIP,AIR,AIT,AKAM,AKO-B,ALAB,ALB,ALG,ALGM,ALGN,ALHC,ALKS,ALKT,ALLT,ALMS,ALMU,AMAT,AMBA,AMBQ,AMD,AMKR,AMLX,AMPG,QQQ"
2026-03-13 17:15:00+00:00,L0033,L0029,decay,maturity,0.4723358651966735,0.8111760962194852,6,ACIC;ACT;ACU;AEG;AES;ALOT,26,ABCB-ACT;ACEL-ADUS;ACEL-AGBK;ACGL-ADUS;ACGL-AJG;ACGL-ALV;ACHV-ACM;ACI-ADMA;ACIC-ADMA;ACM-AGNC;ACM-AIG;ACM-ALL;ACT-ALLE;ADAM-AES;ADMA-AIG;ADP-AIZ;ADSK-AGNC;ADUS-AIZ;AEG-ALLE;AES-AJG;AES-ALLE;AFG-ALV;AFL-AJG;AFL-ALV;AGBK-AIG;ALLE-ALOT,0.0025748212647158653,3.670142053487346,0.01431980906921241,1.304737073157066,"ABBV,ABT,ACEL,ACGL,ACHC,ACHV,ACI,ACIC,ACT,ACTG,ACU,ADC,AEE,AEG,AEP,AES,AFG,AFL,AGNC,AGO,AIG,AIZ,AKTS,ALH,ALL,ALOT,AM,AMGN","AAMI,AAPL,AARD,AAT,ABCB,ABM,ABR,ACAD,ACIW,ACM,ACN,ACRE,ACVA,ADAM,ADEA,ADMA,ADP,ADSE,ADSK,ADT,ADUS,AFRM,AGBK,AGL,AGYS,AHRT,AI,AJG,AKAM,AKO-B,ALKT,ALLE,ALRM,ALTG,ALV,ALX,AMCX,AMH"
2026-03-13 17:15:00+00:00,L0033,L0022,decay,expansion,0.4723358651966735,0.22603337727961134,10,ABBV;ABT;ACGL;ACHV;AFG;AFL;AIG;ALH;ALL;AMGN,14,A-AMGN;AAP-ACHV;AAP-ACIC;AAP-AFG;ABG-ACT;ABG-AIG;ABT-AMCR;ABT-AMP;ADI-AMGN;ADNT-AFG;AFG-AMP;AFL-AMG;AFL-AMN;AGCC-ALH,0.002470294974045828,3.5623812561302226,0.012826603325415676,1.1020300772742535,"ABBV,ABT,ACEL,ACGL,ACHC,ACHV,ACI,ACIC,ACT,ACTG,ACU,ADC,AEE,AEG,AEP,AES,AFG,AFL,AGNC,AGO,AIG,AIZ,AKTS,ALH,ALL,ALOT,AM,AMGN","A,AAL,AAP,AAPG,ABEO,ABG,ABNB,ACNT,ACOG,ADAG,ADI,ADNT,AEBI,AEO,AFJK,AGCC,AGCO,AGM,AGRO,AII,AIN,AIRJ,AIV,AKR,ALGT,ALK,ALLY,ALRS,ALSN,AMCR,AMG,AMN,AMP"
2026-03-13 17:15:00+00:00,L0016,L0029,maturity,maturity,0.5581195726563917,0.8111760962194852,0,,8,AAPL-AAUC;ACLS-AMCX;ACRE-AGI;ADP-ALTO;AGI-AMH;AGIO-AMCX;ALAR-AMH;AMAL-AMH,0.002140435972250998,2.220728798131042,0.01431980906921241,0.9681188715559053,"AAOI,AAUC,ABUS,ABX,ACCO,ACDC,ACLS,ACR,ADBE,AEM,AENT,AERO,AESI,AEXA,AFCG,AG,AGI,AGIO,AGPU,AIRG,AIRS,ALAR,ALC,ALCO,ALM,ALNY,ALOY,ALTO,ALVO,AMAL,AMBP,AMCI,AMPH","AAMI,AAPL,AARD,AAT,ABCB,ABM,ABR,ACAD,ACIW,ACM,ACN,ACRE,ACVA,ADAM,ADEA,ADMA,ADP,ADSE,ADSK,ADT,ADUS,AFRM,AGBK,AGL,AGYS,AHRT,AI,AJG,AKAM,AKO-B,ALKT,ALLE,ALRM,ALTG,ALV,ALX,AMCX,AMH"
2026-03-13 17:15:00+00:00,L0016,L0022,maturity,expansion,0.5581195726563917,0.22603337727961134,1,AIRG,1,ALM-AMN,0.0020359096815809608,1.4359391524101022,0.012826603325415676,0.5961546635821388,"AAOI,AAUC,ABUS,ABX,ACCO,ACDC,ACLS,ACR,ADBE,AEM,AENT,AERO,AESI,AEXA,AFCG,AG,AGI,AGIO,AGPU,AIRG,AIRS,ALAR,ALC,ALCO,ALM,ALNY,ALOY,ALTO,ALVO,AMAL,AMBP,AMCI,AMPH","A,AAL,AAP,AAPG,ABEO,ABG,ABNB,ACNT,ACOG,ADAG,ADI,ADNT,AEBI,AEO,AFJK,AGCC,AGCO,AGM,AGRO,AII,AIN,AIRJ,AIV,AKR,ALGT,ALK,ALLY,ALRS,ALSN,AMCR,AMG,AMN,AMP"
2026-03-13 17:30:00+00:00,L0022,L0016,expansion,maturity,0.781739226687933,0.8463831134847238,1,AIRG,4,ABG-ALCO;ACA-AERO;AEC-AERO;AGIO-AIRG,0.0015229633427225053,1.967433470775757,0.017777777777777778,0.982961736412403,"A,AAL,AAP,AAPG,ABBV,ABG,ABNB,ABT,ACA,ACGL,ACHV,ACNT,ACOG,ADI,ADNT,AEBI,AEC,AEO,AER,AFG,AFJK,AFL,AFRI,AGCC,AGCO,AGM,AGMB,AGRO,AIG,AII,AIN,AIRG,AIV,AKR,ALG,ALGT,ALH,ALK,ALL,ALLY,ALRS,ALSN,AMCR,AME,AMG,AMGN,AMN,AMP","AAOI,AAPL,AAUC,ABUS,ABX,ACCO,ACDC,ACLS,ACR,ADBE,AEM,AENT,AERO,AESI,AEXA,AFCG,AG,AGI,AGIO,AGPU,AIRS,ALAR,ALC,ALCO,ALM,ALNT,ALNY,ALOY,ALTO,ALVO,AMAL,AMBP,AMCI,AMCX,AMPH"
2026-03-13 17:30:00+00:00,L0029,L0016,maturity,maturity,0.31008187980960283,0.8463831134847238,0,,2,ABR-AGI;ACU-AGPU,0.001207460300065577,1.1380720854202184,0.017777777777777778,0.6341241860100193,"AAMI,AARD,AAT,ABCB,ABM,ABR,ACIC,ACIW,ACM,ACN,ACRE,ACT,ACU,ADAM,ADMA,ADP,ADSK,ADT,ADUS,AEG,AES,AFRM,AGBK,AGYS,AHRT,AJG,AKO-B,ALKT,ALLE,ALOT,ALRM,ALTG,ALV,ALX,AMH","AAOI,AAPL,AAUC,ABUS,ABX,ACCO,ACDC,ACLS,ACR,ADBE,AEM,AENT,AERO,AESI,AEXA,AFCG,AG,AGI,AGIO,AGPU,AIRS,ALAR,ALC,ALCO,ALM,ALNT,ALNY,ALOY,ALTO,ALVO,AMAL,AMBP,AMCI,AMCX,AMPH"
2026-03-13 18:00:00+00:00,L0029,L0022,expansion,expansion,0.3334170857735473,0.7106498894344662,7,ACA;ADI;AES;ALLE;ALOT;ALV;AMCR,15,A-ALV;AAP-ACIC;ABCB-ALRS;ABM-ALL;ABNB-ABR;ACAD-ADMA;ACGL-ALV;ACHV-AGYS;ADI-AGM;ADT-ALK;ADUS-AMGN;AEBI-AMCR;AES-AFG;AFG-AMCR;ALK-ALTG,-3.766876761801541e-05,3.4011973816621555,0.01255813953488372,1.1654031589081753,"AAMI,AARD,AAT,ABCB,ABM,ABR,ACA,ACCO,ACIC,ACIW,ACN,ACRE,ACTG,ACU,ACVA,ADAM,ADI,ADMA,ADP,ADSK,ADT,ADUS,AEG,AES,AGBK,AGL,AGYS,AHRT,AJG,AKO-B,ALLE,ALOT,ALRM,ALTG,ALV,ALX,AMCR,AMH","A,AAL,AAP,AAPG,ABBV,ABEO,ABG,ABNB,ABT,ACAD,ACGL,ACHV,ACM,ACNT,ACOG,ADNT,AEBI,AEO,AFG,AFJK,AFL,AFRI,AGCC,AGCO,AGM,AIG,AII,AIN,AKR,ALGT,ALH,ALK,ALKS,ALL,ALLY,ALRS,ALSN,AME,AMG,AMGN,AMN,AMP"
2026-03-13 18:15:00+00:00,L0022,L0027,expansion,expansion,0.8822862423612368,0.741097584660174,5,AIR;AIT;ALB;ALGN;ALNT,13,AAON-AGCO;AAON-ALG;AAPG-AGMB;ABVX-AEE;ACM-AMGN;ACOG-AGMB;ACRS-AII;ADNT-AEHR;ADPT-AIG;AEE-AIP;AEIS-AKTS;AER-AGMB;ALLT-ALNT,0.0012495917617343366,3.1832469550442783,0.03106267029972752,1.287486287412452,"A,AAL,AAP,AAPG,ABBV,ABG,ABNB,ABT,ACA,ACB,ACGL,ACHV,ACI,ACNT,ACOG,ACT,ADC,ADI,ADNT,AEBI,AEC,AEE,AEO,AEP,AER,AES,AFG,AFJK,AFL,AFRI,AGCC,AGCO,AGM,AGO,AIG,AII,AIN,AIR,AIT,AIV,AIZ,AKR,AKTS,ALB,ALG,ALGN,ALGT,ALH,ALK,ALL,ALLE,ALLY,ALNT,ALOT,ALRS,ALSN,ALV,AM,AMCR,AME,AMG,AMGN,AMN,AMP","AA,AAON,ABAT,ABCL,ABEV,ABSI,ABVX,ACET,ACHR,ACM,ACMR,ACNB,ACRS,AD,ADAG,ADEA,ADM,ADPT,ADTN,ADUR,ADV,AEHR,AEIS,AEVA,AEYE,AFYA,AGEN,AGMB,AGRO,AGX,AHCO,AHR,AI,AIOT,AIP,AIRJ,AIRO,AKAM,ALAB,ALGM,ALHC,ALKS,ALLT,ALMS,ALMU,AMAT,AMBA,AMBQ,AMD,AMKR,AMLX,AMPG,QQQ"
2026-03-13 18:45:00+00:00,L0022,L0016,expansion,maturity,0.8482211165892454,0.469857825144698,0,,8,ABR-AIV;ABX-ALV;ACB-ACHC;ACHC-ACI;ACHC-AER;AFCG-AFRI;AGMB-AIRG;ALOT-AMCI,0.0007358010898315115,2.2053669060894485,0.01791044776119403,0.9494519762067243,"A,ABBV,ABT,ACA,ACB,ACEL,ACGL,ACHV,ACI,ACM,ACT,ACU,ADC,ADI,AEC,AEE,AENT,AEP,AER,AES,AFG,AFL,AFRI,AGCO,AGM,AGMB,AGNC,AGO,AIG,AIV,AIZ,AKAM,AKO-B,AKTS,ALG,ALGN,ALKS,ALL,ALLE,ALOT,ALSN,ALV,ALVO,AM,AMCR,AME,AMGN","AAOI,AAUC,ABR,ABUS,ABX,ACCO,ACDC,ACHC,ACLS,ACR,ADBE,AEM,AERO,AESI,AEXA,AFCG,AG,AGI,AGIO,AGPU,AIRG,AIRS,ALAR,ALC,ALCO,ALM,ALNY,ALOY,ALTO,AMAL,AMBP,AMCI,AMCX,AMPH"
2026-03-13 19:00:00+00:00,L0027,L0041,maturity,maturity,0.6129717506575608,0.895499714367322,1,AGRO,10,ABCL-AEHR;ABG-AGRO;ACAD-QQQ;ACNT-ADV;ACRS-ADNT;ADPT-AEO;ADPT-AII;ADPT-ALLY;AEHR-AMD;AGRO-ALLY,0.001952445600181818,2.5798565040782004,0.011455847255369928,1.0992239426153205,"AA,AAON,ABAT,ABCL,ABEV,ABSI,ABVX,ACET,ACHR,ACM,ACMR,ACNB,ACRS,ACTG,AD,ADAG,ADEA,ADM,ADPT,ADTN,ADUR,ADV,AEIS,AEVA,AEYE,AFYA,AGEN,AGRO,AGX,AHCO,AHR,AIOT,AIP,AIR,AIRO,AIT,AKAM,AKTS,ALAB,ALB,ALGM,ALHC,ALLT,ALMS,ALMU,ALNT,AMAT,AMBA,AMBQ,AMD,AMKR,AMLX,AMPG,QQQ","AAL,AAP,AAPG,ABEO,ABG,ABNB,ACAD,ACHV,ACNT,ACOG,ADNT,AEBI,AEHR,AEO,AFJK,AGCC,AI,AII,AIN,AIRG,AIRJ,AKR,ALGT,ALH,ALK,ALLY,ALRS,AMG,AMN,AMP"
2026-03-13 19:15:00+00:00,L0041,L0029,expansion,expansion,0.04882109859262346,0.2847963780724531,0,,10,AAL-ACVA;AAT-ABEO;ABM-AKR;ABNB-AFRM;ABNB-ALRM;ACAD-AEO;ACAD-AGRO;AEBI-AGBK;AJG-ALRS;AKR-ALX,-6.570236291736364e-05,2.3978952727983707,0.011566265060240964,0.7012940009581518,"A,AAL,AAP,AAPG,ABEO,ABG,ABNB,ACA,ACOG,ADI,ADNT,AEBI,AEHR,AEO,AFJK,AFRI,AGCC,AGCO,AGM,AGRO,AII,AIN,AIRJ,AKR,ALGT,ALH,ALK,ALLE,ALLY,ALRS,ALSN,ALV,AMCR,AME,AMG,AMN,AMP","AAMI,AARD,AAT,ABCB,ABM,ACAD,ACEL,ACIC,ACIW,ACN,ACRE,ACT,ACVA,ADAM,ADMA,ADP,ADSK,ADT,ADUS,AEG,AFRM,AGBK,AGL,AGNC,AGYS,AHRT,AJG,ALKT,ALRM,ALTG,ALX,AMH"
2026-03-13 19:30:00+00:00,L0022,L0027,expansion,expansion,0.7759678372086186,0.5962427761343779,4,ACM;AKTS;ALKS;AM,25,A-AGRO;AAON-AGCO;ABBV-AGRO;ABCL-ACB;ABEV-AM;ACCO-AI;ACEL-AHCO;ACI-AHR;ACI-ALLT;ACTG-AM;ADV-AEE;ADV-AKTS;AEE-AHCO;AEIS-AGO;AEIS-AKTS;AFYA-AIG;AGCO-AME;AGEN-AIG;AGMB-AHCO;AHCO-ALKS;AHCO-AM;AHR-ALKS;AIOT-ALKS;ALGM-ALGN;AM-AMPG,0.0009096256690099835,3.529032321799906,0.030978260869565215,1.29856800358331,"A,ABBV,ABT,ACA,ACB,ACCO,ACEL,ACGL,ACI,ACM,ADC,ADI,ADUS,AEC,AEE,AEP,AES,AFG,AFL,AGCO,AGMB,AGNC,AGO,AIG,AIV,AIZ,AKTS,ALG,ALGN,ALKS,ALL,ALLE,ALV,AM,AMCR,AMGN","AA,AAON,ABAT,ABCL,ABEV,ABSI,ABVX,ACET,ACHR,ACMR,ACNB,ACRS,ACTG,AD,ADAG,ADEA,ADM,ADPT,ADTN,ADUR,ADV,AEHR,AEIS,AEVA,AEYE,AFYA,AGEN,AGRO,AGX,AHCO,AHR,AI,AIOT,AIP,AIR,AIRO,AIT,AKAM,ALAB,ALB,ALGM,ALHC,ALLT,ALMS,ALMU,AMAT,AMBA,AMBQ,AMD,AME,AMKR,AMLX,AMPG,QQQ"
2026-03-13 19:45:00+00:00,L0016,L0029,expansion,maturity,1.304701017052223,0.4512668537482644,0,,65,AARD-AEM;AARD-AGI;AARD-ALOY;AAT-AMBP;ABCB-ABR;ABCB-ALC;ABR-ACN;ABX-AHRT;ACAD-AGIO;ACAD-AGO;ACAD-AIRS;ACAD-AMAL;ACAD-AMPH;ACCO-ADSK;ACDC-ALKT;ACEL-AFCG;ACEL-AGPU;ACEL-ALC;ACIW-ADBE;ACIW-ALTO;ACN-ALC;ACR-ADP;ACR-ALKT;ACR-AMH;ACRE-AMBP;ACT-ALC;ACT-ALOT;ADAM-AIRS;ADBE-ADSK;ADBE-AGYS;ADBE-ALRM;ADP-ALAR;ADSK-AESI;ADSK-AGPU;ADSK-ALTO;ADT-AIRS;ADT-ALAR;ADT-ALC;ADT-AMAL;ADT-AMBP;ADT-AMPH;AEG-AIRS;AEG-AKO-B;AEG-AMPH;AEM-AGL;AEXA-AJG;AFCG-AGYS;AFRM-AGIO;AFRM-ALNY;AG-AGL;AG-AHRT;AGI-AGL;AHRT-AIRS;AHRT-AKO-B;AHRT-ALAR;AHRT-AMBP;AIRS-ALLY;AIRS-ALX;AJG-ALC;AKO-B-ALLY;ALAR-ALX;ALKT-ALNY;ALLY-AMAL;ALLY-AMPH;ALX-AMPH,0.0015093351394170895,4.191939002539118,0.011566265060240964,1.5765100516339616,"AAOI,AAPL,AAUC,ABR,ABUS,ABX,ACCO,ACDC,ACHC,ACLS,ACR,ADBE,ADSE,ADUS,AEM,AERO,AESI,AEXA,AFCG,AG,AGI,AGIO,AGO,AGPU,AIRS,AKO-B,ALAR,ALC,ALCO,ALM,ALNT,ALNY,ALOT,ALOY,ALTO,AMAL,AMBP,AMCI,AMCX,AMPH","AAMI,AARD,AAT,ABCB,ABM,ACAD,ACEL,ACIC,ACIW,ACN,ACRE,ACT,ACVA,ADAM,ADMA,ADP,ADSK,ADT,AEG,AFRM,AGBK,AGL,AGYS,AHRT,AIRG,AJG,ALKT,ALLY,ALRM,ALTG,ALX,AMH"
2026-03-16 14:00:00+00:00,L0027,L0047,maturity,confirmation,0.35650374501296733,0.08697035159545008,0,,33,A-AIOT;AAON-AGL;AAON-AIOT;AAON-ALMS;AAON-AMBA;ABSI-ALGM;ABUS-AIR;ACA-ALAB;ACHR-AIR;ADEA-AIR;ADEA-ALGM;AEHR-AER;AEHR-AMKR;AEM-AIR;AEVA-AGRO;AEVA-AGX;AEVA-AIR;AEVA-ALGT;AG-ALB;AGL-AIR;AGL-ALGM;AGL-ALLT;AGL-ALSN;AGX-ALMS;AGX-AMBA;AIOT-AMKR;AIR-AMCX;AIR-AMLX;AIRO-ALB;AIRO-ALGM;ALLT-ALMS;ALLT-AMCX;AMBA-AME,0.0023613514786120504,3.5332816695481184,0.010140845070422533,1.0178837731301182,"AA,AAOI,AAPG,ABAT,ABCL,ABEO,ABSI,ABUS,ACDC,ACET,ACHR,ACLS,ACNT,ADEA,ADPT,ADTN,AEHR,AEIS,AEM,AEVA,AG,AGI,AGL,AHR,AIOT,AIRO,AIT,AKTS,ALAB,ALHC,ALM,ALMS,ALNT,ALOY,AMAT,AMBA,AMCX,AMD,AMLX,QQQ","A,AAON,ABEV,ABX,ACA,ACHV,ACMR,AD,ADI,AER,AEXA,AFJK,AFRI,AGM,AGRO,AGX,AIN,AIR,ALB,ALGM,ALGT,ALKS,ALLE,ALLT,ALSN,AME,AMKR,AMPG"
2026-03-16 14:00:00+00:00,L0043,L0047,decay,confirmation,0.4113227173988936,0.08697035159545008,0,,6,ABCB-AIN;ABCB-AIR;ABCB-ALGM;ADP-AIN;ADP-ALSN;AFRM-ALSN,0.0028144711104687303,1.985329621444624,0.010140845070422533,0.6473414528200224,"AAP,AAPL,AARD,ABCB,ABNB,ABR,ACCO,ACEL,ACHC,ACI,ACIW,ACM,ACN,ACNB,ACTG,ADBE,ADM,ADMA,ADP,ADSK,ADUS,AENT,AESI,AEYE,AFBI,AFCG,AFRM,AFYA,AGEN,AGPU,AGYS,AHCO,AI,AII,AIV,AKAM,ALGN,ALKT,ALNY,ALRM,ALTO,AM","A,AAON,ABEV,ABX,ACA,ACHV,ACMR,AD,ADI,AER,AEXA,AFJK,AFRI,AGM,AGRO,AGX,AIN,AIR,ALB,ALGM,ALGT,ALKS,ALLE,ALLT,ALSN,AME,AMKR,AMPG"
2026-03-16 14:15:00+00:00,L0049,L0048,confirmation,expansion,0.6758235437902157,0.385575641080831,1,AGCC,9,AAT-AMAL;ABM-ACRS;AEBI-AKR;AEC-AMAL;AEO-ALC;AEO-AMP;AFG-AGIO;AFRI-AIRJ;AGCC-AMAL,0.0033079592103604227,2.5120998666773207,0.014079422382671479,0.9485566354880448,"AAT,ACB,ACRS,AEBI,AEC,AEO,AERO,AGCC,AGIO,AIP,AIRJ,AJG,ALCO,ALG,ALMU,ALOT,ALVO,AMCI,AMLX,AMN,AMPG","AAUC,ABBV,ABCB,ABG,ABM,ABT,ACGL,ACIC,ACOG,ACT,AD,ADC,ADI,ADP,AEP,AES,AEXA,AFG,AFJK,AFL,AFRI,AGBK,AGCO,AGM,AIG,AIN,AIZ,AKR,ALC,ALH,ALL,ALLE,ALRS,ALSN,ALV,AMAL,AMBP,AMCR,AMGN,AMH,AMP"
2026-03-16 14:30:00+00:00,L0044,L0027,maturity,maturity,0.37364172125521244,0.621967960670883,3,AIOT;AKO-B;ALAB,42,AA-ABVX;AA-AKO-B;AAPG-ALOY;ABAT-AGMB;ABAT-AMLX;ABCL-AEG;ABCL-AIRO;ABCL-ALAB;ABEO-AHRT;ABSI-AFRI;ABSI-AGIO;ABUS-AIOT;ABVX-ALMS;ABX-AG;ACHR-AMCX;ACMR-ADTN;ACMR-AEIS;ACMR-AEM;ACMR-AG;ACMR-AGI;ACMR-ALMS;ACMR-ALNT;ACVA-ALAB;ADAG-ALX;ADPT-AMKR;ADTN-AKO-B;ADTN-AMKR;ADUR-ALNT;AEG-ALNT;AEHR-AIRJ;AEHR-AMKR;AEHR-AMPH;AEM-AIOT;AG-AIOT;AGMB-ALOY;AGX-ALMS;AIRS-ALMS;AIRS-ALNT;ALAB-AMD;ALMS-AMKR;ALNT-AMPH;AMBQ-AMCX,-0.001031875202897936,3.8918202981106265,0.01875,1.2744504791054854,"AAPG,AAT,ABEV,ABVX,ABX,ACAD,ACB,ACHR,ACHV,ACMR,ACRE,ACRS,ACU,ADUR,ADV,AEC,AEG,AER,AEVA,AEXA,AFJK,AFRI,AGIO,AGMB,AGNC,AGRO,AGX,AHR,AHRT,AIOT,AIP,AIR,AIRG,AIRJ,AIRO,AIRS,AKO-B,AKTS,ALAB,ALAR,ALB,ALLT,ALMU,ALX,AMBQ,AMKR,AMLX,AMPG,AMPH","AA,AAOI,ABAT,ABCL,ABEO,ABSI,ABUS,ACET,ACLS,ACVA,ADAG,ADEA,ADPT,ADTN,AEHR,AEIS,AEM,AG,AGI,AGL,AIT,ALM,ALMS,ALNT,ALOY,AMAT,AMBA,AMCX,AMD,QQQ"
2026-03-16 14:45:00+00:00,L0048,L0050,expansion,confirmation,0.4572128512935042,1.1093933449880835,0,,15,AAMI-AEBI;ABCB-AME;ABG-ABM;ABR-AIG;ABT-AGL;ACGL-ALSN;ACN-AGCO;ACN-ALSN;ADAM-AIN;ADC-AGCO;AEBI-AIT;AFL-AME;AGL-ALRS;AKR-ALLY;ALL-ALSN,0.0067080914795951685,2.8136592347544522,0.01307506053268765,1.1753579266529925,"AAT,AAUC,ABBV,ABCB,ABM,ABT,ACGL,ACN,ACT,AD,ADC,ADP,ADT,AEBI,AEP,AES,AFG,AFL,AGBK,AGCC,AGYS,AIG,AIN,AIZ,AJG,AKR,ALC,ALHC,ALKS,ALL,ALOT,ALRM,ALRS,AMAL,AMBP,AMCR,AMCX,AMGN","A,AAMI,AAON,ABG,ABR,ACA,ACHV,ADAM,ADNT,AEO,AFJK,AGCO,AGL,AGM,AIT,ALGT,ALH,ALK,ALLE,ALLY,ALSN,ALV,AME,AMG,AMP"
2026-03-16 14:45:00+00:00,L0027,L0050,maturity,confirmation,0.1231305184675612,1.1093933449880835,1,ABEO,16,AAMI-ADEA;ABAT-AGM;ABCL-ALK;ABEO-AFJK;ABEO-ALLY;ABEO-ALV;ABEO-AMP;ACA-AG;ACVA-ALK;ADEA-AGM;ADEA-AMG;ADEA-AMP;ADI-AMG;ADNT-AMAT;AG-ALLY;ALTG-ALV,0.004202488111332059,2.9663162748888907,0.01307506053268765,1.1132974868388192,"AA,AAOI,ABAT,ABCL,ABEO,ABSI,ABUS,ACET,ACLS,ACVA,ADEA,ADI,ADPT,ADTN,AEIS,AEM,AFRM,AG,AGI,AIOT,AKO-B,ALAB,ALTG,AMAT,AMBA,AMD,QQQ","A,AAMI,AAON,ABG,ABR,ACA,ACHV,ADAM,ADNT,AEO,AFJK,AGCO,AGL,AGM,AIT,ALGT,ALH,ALK,ALLE,ALLY,ALSN,ALV,AME,AMG,AMP"
2026-03-16 14:45:00+00:00,L0048,L0027,expansion,maturity,0.4572128512935042,0.09601893594040525,0,,12,AAUC-QQQ;ABM-ACLS;ABUS-ALL;ACLS-ALC;ACVA-ADT;ADEA-AFL;ADI-ALKS;ADI-AMGN;ADPT-AIZ;ADPT-ALHC;AEIS-ALL;AEM-AIZ,0.0025056033682631096,2.5840398411098495,0.018911174785100286,0.8148161726654003,"AAT,AAUC,ABBV,ABCB,ABM,ABT,ACGL,ACN,ACT,AD,ADC,ADP,ADT,AEBI,AEP,AES,AFG,AFL,AGBK,AGCC,AGYS,AIG,AIN,AIZ,AJG,AKR,ALC,ALHC,ALKS,ALL,ALOT,ALRM,ALRS,AMAL,AMBP,AMCR,AMCX,AMGN","AA,AAOI,ABAT,ABCL,ABEO,ABSI,ABUS,ACET,ACLS,ACVA,ADEA,ADI,ADPT,ADTN,AEIS,AEM,AFRM,AG,AGI,AIOT,AKO-B,ALAB,ALTG,AMAT,AMBA,AMD,QQQ"
2026-03-16 15:00:00+00:00,L0048,L0044,decay,expansion,0.733275608427665,0.5846392630221597,0,,16,A-ABT;A-ALL;A-AMCR;ABT-AIN;ACAD-AGBK;ACT-AIN;ADAM-AMCR;ADI-AFG;ADI-AIZ;ADP-AMBQ;ADT-AFL;ADT-AKR;AEG-AKR;AHRT-ALNT;AIZ-AMG;AMCX-AMGN,0.004803298972547054,2.8610762428899577,0.015915119363395226,1.1130307900619463,"AAT,AAUC,ABCB,ABT,ACGL,ACR,ACT,ADC,ADP,AEP,AES,AFG,AFL,AGBK,AHR,AHRT,AIG,AIZ,AKR,ALL,AMCR,AMGN,AMH","A,AAL,ABBV,ABM,ABUS,ABVX,ABX,ACAD,ACHR,ACLS,ACMR,ACRE,ACU,AD,ADAM,ADI,ADT,ADUR,ADV,AEG,AER,AEVA,AEXA,AFJK,AGCC,AGNC,AGO,AGRO,AGX,AIN,AIOT,AIR,AIRG,AIRS,AKO-B,AKTS,ALB,ALGM,ALHC,ALKS,ALLY,ALMS,ALNT,ALRS,ALTG,ALX,AMAL,AMBP,AMBQ,AMCX,AMG,AMKR,AMPG,AMPH"
2026-03-16 15:00:00+00:00,L0027,L0044,decay,expansion,0.20120963495536986,0.5846392630221597,2,AEHR;AIRO,22,AAOI-AMKR;ABM-ADTN;ABX-AIRO;ACET-ALNT;ACET-AMBP;ACLS-ADEA;ACLS-ALOY;ACMR-ADPT;ACMR-ADTN;ADEA-AMBP;ADNT-AIR;ADPT-AKTS;ADPT-AMBP;ADTN-ALHC;ADUR-AEHR;AEHR-AIR;AEIS-AMBQ;AG-AMKR;AGM-AIN;AGM-AIR;AIR-AIRO;AMKR-QQQ,0.002981729747261852,3.306819775948699,0.015915119363395226,1.064846881284943,"AA,AAOI,ABAT,ACET,ADEA,ADNT,ADPT,ADTN,AEHR,AEIS,AEM,AG,AGI,AGM,AIRO,ALOY,AMAT,AMBA,AMD,QQQ","A,AAL,ABBV,ABM,ABUS,ABVX,ABX,ACAD,ACHR,ACLS,ACMR,ACRE,ACU,AD,ADAM,ADI,ADT,ADUR,ADV,AEG,AER,AEVA,AEXA,AFJK,AGCC,AGNC,AGO,AGRO,AGX,AIN,AIOT,AIR,AIRG,AIRS,AKO-B,AKTS,ALB,ALGM,ALHC,ALKS,ALLY,ALMS,ALNT,ALRS,ALTG,ALX,AMAL,AMBP,AMBQ,AMCX,AMG,AMKR,AMPG,AMPH"
2026-03-16 15:00:00+00:00,L0048,L0051,decay,confirmation,0.733275608427665,0.20816995108540975,2,AEP;AES,5,AAT-AMLX;AAUC-AGIO;AEP-ALG;AFG-AGIO;AJG-AMCR,0.00707744131796062,2.3709672303218174,0.014084507042253521,0.8772881514907148,"AAT,AAUC,ABCB,ABT,ACGL,ACR,ACT,ADC,ADP,AEP,AES,AFG,AFL,AGBK,AHR,AHRT,AIG,AIZ,AKR,ALL,AMCR,AMGN,AMH","AAPG,ABCL,ABEV,ABSI,ACB,ACHV,ACRS,ACVA,ADAG,ADSE,AEBI,AEC,AERO,AFRI,AFRM,AGIO,AGMB,AGYS,AIP,AIRJ,AJG,ALAB,ALAR,ALCO,ALG,ALLT,ALMU,ALOT,ALVO,AMCI,AMLX,AMN"
2026-03-16 15:00:00+00:00,L0027,L0051,decay,confirmation,0.20120963495536986,0.20816995108540975,0,,5,AA-ALAB;ACB-AEHR;ACRS-AGI;ADTN-AMCI;AGM-ALG,0.005255872092675418,1.8757309429170395,0.014084507042253521,0.5938592875978318,"AA,AAOI,ABAT,ACET,ADEA,ADNT,ADPT,ADTN,AEHR,AEIS,AEM,AG,AGI,AGM,AIRO,ALOY,AMAT,AMBA,AMD,QQQ","AAPG,ABCL,ABEV,ABSI,ACB,ACHV,ACRS,ACVA,ADAG,ADSE,AEBI,AEC,AERO,AFRI,AFRM,AGIO,AGMB,AGYS,AIP,AIRJ,AJG,ALAB,ALAR,ALCO,ALG,ALLT,ALMU,ALOT,ALVO,AMCI,AMLX,AMN"
2026-03-16 15:15:00+00:00,L0044,L0027,decay,maturity,0.15979121626481674,0.3494380637925839,2,AEHR;AIRO,13,AA-ABEV;AA-ACMR;ACU-ADPT;ADI-AMKR;ADPT-ADV;AEHR-AEM;AEIS-AIRG;AEIS-ALB;AEIS-ALHC;AGNC-AMBA;AGRO-AMAT;ALAB-ALHC;ALHC-QQQ,0.00016400421736761928,2.891282477605979,0.020168067226890758,0.8786146135027485,"ABEV,ABVX,ABX,ACA,ACAD,ACHR,ACMR,ACU,ADV,AEC,AEHR,AER,AEVA,AEXA,AGNC,AGRO,AGX,AIR,AIRG,AIRO,AIRS,AKTS,ALAR,ALB,ALGM,ALHC,ALLT,ALMS,ALX,AMBQ,AMKR,AMPG,AMPH","AA,AAOI,ABUS,ACET,ACLS,ADI,ADPT,ADTN,AEIS,AEM,AG,AGI,AIOT,AIZ,ALAB,AMAT,AMBA,AMD,QQQ"
2026-03-16 15:15:00+00:00,L0044,L0043,decay,maturity,0.15979121626481674,0.23530006850828483,0,,1,ACNT-AKTS,-0.00013081211363896728,0.6931471805599453,0.012658227848101266,0.29371291474913197,"ABEV,ABVX,ABX,ACA,ACAD,ACHR,ACMR,ACU,ADV,AEC,AEHR,AER,AEVA,AEXA,AGNC,AGRO,AGX,AIR,AIRG,AIRO,AIRS,AKTS,ALAR,ALB,ALGM,ALHC,ALLT,ALMS,ALX,AMBQ,AMKR,AMPG,AMPH","AAP,AAPG,AAPL,AARD,ABG,ABNB,ACCO,ACDC,ACEL,ACHC,ACI,ACIC,ACIW,ACM,ACN,ACNB,ACNT,ACOG,ACTG,ADBE,ADM,ADMA,ADSK,ADUS,AEE,AENT,AESI,AEYE,AFBI,AFCG,AFYA,AGCO,AGEN,AGPU,AHCO,AI,AII,AIV,AKAM,ALC,ALGN,ALH,ALKT,ALM,ALNY,ALOY,ALTO,AM"
2026-03-16 15:30:00+00:00,L0052,L0027,confirmation,expansion,0.7632146066566804,0.28547024222765593,0,,5,AARD-ADEA;ABAT-ABEO;ACLS-AGO;ACLS-ALH;AEM-AMP,0.0024693146988283843,1.8320903783668747,0.019834710743801654,0.7756032558685898,"A,AAL,AAMI,AAON,AARD,AAUC,ABBV,ABCB,ABEO,ABG,ABM,ABR,ABT,ABUS,ACGL,ACRE,ACT,ACVA,ADAG,ADAM,ADC,ADNT,ADP,ADT,AFG,AFJK,AFL,AGCO,AGO,AHR,AHRT,AIG,AIN,AIT,AIZ,AKR,ALC,ALGT,ALH,ALK,ALKS,ALL,ALLE,ALLY,ALNT,ALSN,ALV,AMCR,AMCX,AME,AMGN,AMH,AMP","AA,AAOI,AAPG,ABAT,ACET,ACLS,ACR,ADEA,ADPT,ADTN,AEHR,AEIS,AEM,AG,AGI,AGMB,AIRO,ALOY,AMAT,AMD,QQQ"
2026-03-16 15:45:00+00:00,L0027,L0044,maturity,expansion,0.17006797951719382,0.3266796170943935,0,,10,AA-ADUR;AAMI-ADTN;ACA-AIOT;ACET-ALSN;ADI-AEVA;AG-AMP;AGI-AMBP;AGI-AMP;AIOT-AIR;AMAT-AMKR,0.00396104936953634,2.433271624820156,0.011811023622047244,0.7591138387318223,"AA,AAOI,ACET,ACLS,ADEA,ADI,ADMA,ADPT,ADTN,AEHR,AEIS,AEM,AG,AGI,AIOT,ALHC,ALOY,AMAT,AMBA,AMD,QQQ","A,AAMI,ABEV,ABVX,ABX,ACA,ACHV,ACMR,ACRE,ACU,ADAM,ADNT,ADUR,ADV,AEG,AEVA,AGNC,AGRO,AGX,AIN,AIR,AIRG,AIRS,AKO-B,AKTS,ALB,ALGM,ALLE,ALLT,ALMS,ALRS,ALSN,ALX,AMBP,AMBQ,AMG,AMKR,AMLX,AMP,AMPG,AMPH"
2026-03-16 16:15:00+00:00,L0044,L0027,expansion,expansion,0.2866950084999369,0.7764106051420198,0,,13,ABEV-ALAB;ABVX-ADUR;ABX-AIRO;ACHV-AHR;ACRE-AGNC;ADAG-ALM;ADI-ALB;ADV-AEIS;AEG-AEIS;AEG-ALAB;AEHR-AMPH;AEIS-AMPH;AIOT-AMPH,0.00010965683031827211,2.6398402860985226,0.021606648199445983,0.9821327528471345,"ABBV,ABEV,ABVX,ABX,ACAD,ACHR,ACHV,ACMR,ACU,ADAG,ADV,AEG,AER,AEVA,AEXA,AGNC,AGRO,AGX,AIR,AIRG,AIRS,AKTS,ALAR,ALB,ALGM,ALLT,ALMS,ALMU,ALNT,ALX,AMBQ,AMG,AMKR,AMPG,AMPH","AA,AAL,AAMI,AAOI,ABAT,ABCL,ABEO,ACET,ACLS,ACR,ACRE,ACVA,ADEA,ADI,ADPT,ADT,ADTN,ADUR,AEHR,AEIS,AEM,AFJK,AG,AGI,AHR,AHRT,AIOT,AIRJ,AIRO,AKO-B,ALAB,ALH,ALHC,ALLY,ALM,AMAT,AMBA,AMBP,AMD,AMP,QQQ"
2026-03-16 16:15:00+00:00,L0056,L0027,confirmation,expansion,0.7226172007349859,0.7764106051420198,0,,4,AAUC-AMD;ACET-AFL;ACGL-AG;ALHC-ALL,0.00019024632638320327,1.6132356185384817,0.021606648199445983,0.856258243627639,"AAUC,ABCB,ABM,ABR,ABUS,ACGL,ACIC,ACT,ADP,AEE,AEP,AES,AFG,AFL,AGMB,AIG,AIZ,ALL","AA,AAL,AAMI,AAOI,ABAT,ABCL,ABEO,ACET,ACLS,ACR,ACRE,ACVA,ADEA,ADI,ADPT,ADT,ADTN,ADUR,AEHR,AEIS,AEM,AFJK,AG,AGI,AHR,AHRT,AIOT,AIRJ,AIRO,AKO-B,ALAB,ALH,ALHC,ALLY,ALM,AMAT,AMBA,AMBP,AMD,AMP,QQQ"
2026-03-16 16:15:00+00:00,L0044,L0051,expansion,expansion,0.2866950084999369,0.08182209621550905,0,,16,ABBV-AGL;ABBV-AMAL;ABX-ALRS;ACAD-AD;ACB-AEG;ACB-ALLT;ACHR-ALRS;ACHV-AMLX;ACMR-AEC;ADC-AIR;ADC-AIRG;AEG-ALRS;AGBK-ALNT;AGRO-AMCX;AIRG-AMLX;ALMU-ALOT,0.0008634524128865451,2.83827962061733,0.010778443113772454,0.8217418030360322,"ABBV,ABEV,ABVX,ABX,ACAD,ACHR,ACHV,ACMR,ACU,ADAG,ADV,AEG,AER,AEVA,AEXA,AGNC,AGRO,AGX,AIR,AIRG,AIRS,AKTS,ALAR,ALB,ALGM,ALLT,ALMS,ALMU,ALNT,ALX,AMBQ,AMG,AMKR,AMPG,AMPH","AAT,ABSI,ACA,ACB,ACRS,AD,ADC,ADSE,AEBI,AEC,AERO,AFRI,AFRM,AGBK,AGCC,AGIO,AGL,AGM,AGYS,AIP,AJG,AKR,ALCO,ALG,ALOT,ALRM,ALRS,ALVO,AMAL,AMCI,AMCX,AMLX,AMN"
2026-03-16 16:15:00+00:00,L0056,L0051,confirmation,expansion,0.7226172007349859,0.08182209621550905,0,,7,ABUS-AMCX;ACT-AFRI;ACT-AGM;ADC-AEP;ADC-AIZ;AEC-AFG;AGBK-AGMB,0.0009440419089514762,2.0911729823078153,0.010778443113772454,0.7657418011291682,"AAUC,ABCB,ABM,ABR,ABUS,ACGL,ACIC,ACT,ADP,AEE,AEP,AES,AFG,AFL,AGMB,AIG,AIZ,ALL","AAT,ABSI,ACA,ACB,ACRS,AD,ADC,ADSE,AEBI,AEC,AERO,AFRI,AFRM,AGBK,AGCC,AGIO,AGL,AGM,AGYS,AIP,AJG,AKR,ALCO,ALG,ALOT,ALRM,ALRS,ALVO,AMAL,AMCI,AMCX,AMLX,AMN"
2026-03-16 16:45:00+00:00,L0058,L0043,confirmation,maturity,0.5981614615306249,0.5998372869702235,1,ACR,11,AAPL-ACR;ABCL-ALOY;ACIW-ALH;ACR-AHCO;ADEA-ALOY;AHCO-ALH;AHCO-AMD;AIRO-ALOY;ALC-ALGN;ALGN-ALH;ALH-ALTO,0.0014039299276191741,2.649035453063957,0.013157894736842105,1.02363217202677,"AA,AAMI,AAOI,ABAT,ABCL,ABX,ACET,ACHV,ACLS,ACMR,ACR,ACVA,ADEA,ADPT,ADTN,AEHR,AEIS,AEM,AG,AGI,AGM,AGMB,AIRJ,AIRO,ALC,ALH,ALHC,ALLT,ALM,AMAT,AMD,AMKR,QQQ","AAP,AAPL,AARD,ABNB,ACCO,ACDC,ACEL,ACHC,ACI,ACIC,ACIW,ACM,ACNB,ACNT,ACOG,ACTG,ADBE,ADM,ADSK,ADUS,AEE,AENT,AEO,AESI,AEYE,AFBI,AFCG,AFYA,AGEN,AGPU,AHCO,AI,AII,AIV,AKAM,ALGN,ALKT,ALNY,ALOY,ALTO,AM,AMH"
2026-03-16 16:45:00+00:00,L0051,L0059,maturity,confirmation,0.8064382712351125,0.31811925100920846,1,ALOT,9,AAL-ALTG;ABEO-AERO;ABEO-ALVO;AEBI-AKR;AGBK-ALVO;AGIO-AMLX;ALCO-AMAL;ALG-AMAL;ALOT-ALRS,0.0029111206604284234,2.5088764049231824,0.014285714285714284,0.966729215046949,"ABSI,ACB,ACRS,ACU,ADSE,AEBI,AEC,AERO,AEXA,AFRM,AGIO,AGYS,AIP,AJG,ALCO,ALG,ALOT,ALRM,ALTG,ALVO,AMCI,AMN","AAL,AAT,ABBV,ABEO,ACAD,ACRE,AD,ADC,ADT,ADUR,AEG,AFJK,AGBK,AGCC,AGL,AHR,AHRT,AIR,AKR,ALKS,ALLY,ALNT,ALRS,AMAL,AMLX,AMP,AMPG"
2026-03-16 16:45:00+00:00,L0058,L0059,confirmation,confirmation,0.5981614615306249,0.31811925100920846,1,ACHV,11,AA-ALNT;AAMI-ADUR;AAMI-AMLX;ABEO-AEHR;ACHV-AKR;ACHV-AMLX;ADUR-AEHR;AEG-AGMB;AEHR-ALLY;AGMB-AHR;AHR-AIRO,0.001102810500015039,2.646903684163978,0.014285714285714284,0.9387529919458016,"AA,AAMI,AAOI,ABAT,ABCL,ABX,ACET,ACHV,ACLS,ACMR,ACR,ACVA,ADEA,ADPT,ADTN,AEHR,AEIS,AEM,AG,AGI,AGM,AGMB,AIRJ,AIRO,ALC,ALH,ALHC,ALLT,ALM,AMAT,AMD,AMKR,QQQ","AAL,AAT,ABBV,ABEO,ACAD,ACRE,AD,ADC,ADT,ADUR,AEG,AFJK,AGBK,AGCC,AGL,AHR,AHRT,AIR,AKR,ALKS,ALLY,ALNT,ALRS,AMAL,AMLX,AMP,AMPG"
2026-03-16 16:45:00+00:00,L0051,L0043,maturity,maturity,0.8064382712351125,0.5998372869702235,0,,2,AAP-AERO;ACDC-AFRM,0.0032122400880325586,1.2003333923339803,0.013157894736842105,0.7239396997556221,"ABSI,ACB,ACRS,ACU,ADSE,AEBI,AEC,AERO,AEXA,AFRM,AGIO,AGYS,AIP,AJG,ALCO,ALG,ALOT,ALRM,ALTG,ALVO,AMCI,AMN","AAP,AAPL,AARD,ABNB,ACCO,ACDC,ACEL,ACHC,ACI,ACIC,ACIW,ACM,ACNB,ACNT,ACOG,ACTG,ADBE,ADM,ADSK,ADUS,AEE,AENT,AEO,AESI,AEYE,AFBI,AFCG,AFYA,AGEN,AGPU,AHCO,AI,AII,AIV,AKAM,ALGN,ALKT,ALNY,ALOY,ALTO,AM,AMH"
2026-03-16 17:00:00+00:00,L0043,L0058,maturity,expansion,0.24434130223675227,0.7800697705235641,0,,17,AA-AHCO;AAPG-AMP;AARD-ADEA;ABG-ACM;ABG-ALGN;ABNB-AMD;ACDC-ACVA;ACET-ACIC;ACIW-ALC;ACOG-ACVA;ACOG-AIRO;ADPT-AHCO;AEYE-AGCO;AHCO-AMAT;AHCO-QQQ;AI-ALKS;ALC-ALTO,0.002819006098434329,2.905911532713372,0.02276422764227642,1.0372158391527795,"AAP,AAPG,AAPL,AARD,ABNB,ACCO,ACDC,ACEL,ACHC,ACI,ACIC,ACIW,ACM,ACNB,ACNT,ACOG,ACR,ACTG,ADBE,ADM,ADSK,ADUS,AENT,AEO,AESI,AEYE,AFBI,AFCG,AFRI,AFYA,AGEN,AGPU,AHCO,AI,AII,AIV,AKAM,ALGN,ALKT,ALNY,ALTO,AM,AMH","AA,AAL,AAMI,AAOI,ABAT,ABCL,ABEO,ABG,ABX,ACET,ACLS,ACVA,ADEA,ADI,ADPT,ADT,ADTN,ADUR,AEHR,AEIS,AEM,AG,AGCO,AGI,AGM,AGMB,AIOT,AIRJ,AIRO,AIT,AKO-B,ALAB,ALC,ALGT,ALH,ALHC,ALK,ALKS,ALLY,ALM,ALMU,ALOY,ALTG,AMAT,AMBA,AMBP,AMD,AME,AMP,QQQ"
2026-03-16 17:00:00+00:00,L0051,L0058,decay,expansion,0.6346925292823669,0.7800697705235641,0,,8,ABSI-ADTN;ADTN-AEBI;ADTN-AIP;AERO-AMD;AFRM-ALLY;AGIO-ALMU;AGIO-ALTG;AIP-ALMU,0.00440118252299726,2.244968506805616,0.02276422764227642,0.9890854507895248,"ABSI,ACA,ACB,ACRS,ADSE,AEBI,AEC,AERO,AFRM,AGIO,AGYS,AIP,AJG,ALCO,ALG,ALRM,ALVO,AMCI,AMN","AA,AAL,AAMI,AAOI,ABAT,ABCL,ABEO,ABG,ABX,ACET,ACLS,ACVA,ADEA,ADI,ADPT,ADT,ADTN,ADUR,AEHR,AEIS,AEM,AG,AGCO,AGI,AGM,AGMB,AIOT,AIRJ,AIRO,AIT,AKO-B,ALAB,ALC,ALGT,ALH,ALHC,ALK,ALKS,ALLY,ALM,ALMU,ALOY,ALTG,AMAT,AMBA,AMBP,AMD,AME,AMP,QQQ"
2026-03-16 17:00:00+00:00,L0051,L0044,decay,maturity,0.6346925292823669,0.44496020527878316,0,,1,ABVX-ACRS,0.0029101811232976615,0.8289963093020742,0.010671936758893281,0.5327456882076975,"ABSI,ACA,ACB,ACRS,ADSE,AEBI,AEC,AERO,AFRM,AGIO,AGYS,AIP,AJG,ALCO,ALG,ALRM,ALVO,AMCI,AMN","AAON,ABBV,ABEV,ABVX,ACAD,ACHR,ACMR,ACRE,ACU,ADAG,ADAM,ADNT,ADV,AEG,AER,AEVA,AEXA,AGNC,AGO,AGRO,AGX,AIN,AIR,AIRG,AIRS,AKTS,ALAR,ALB,ALGM,ALLE,ALLT,ALMS,ALX,AMBQ,AMG,AMKR,AMPG,AMPH"
2026-03-16 17:15:00+00:00,L0044,L0051,maturity,maturity,0.6656578339200999,1.0311532714422018,0,,4,ADV-ALMU;AEBI-ALGT;AJG-ALGM;ALG-ALGT,0.002093489747494459,1.6504548910956058,0.007751937984496124,0.9228198450802664,"ABEV,ABVX,ACHR,ACLS,ACMR,ACRE,ACU,ADAG,ADAM,ADI,ADPT,ADV,AEG,AEHR,AER,AEVA,AEXA,AGNC,AGRO,AGX,AIRS,AKO-B,AKTS,ALAR,ALB,ALGM,ALGT,ALLT,ALMS,ALX,AMBP,AMBQ,AMG,AMKR,AMPG,AMPH","ABSI,ACA,ACB,ACRS,ADSE,AEBI,AEC,AERO,AFRM,AGIO,AGYS,AIP,AJG,ALCO,ALG,ALMU,ALVO,AMCI"
2026-03-16 17:15:00+00:00,L0058,L0051,decay,maturity,0.15435079000671328,1.0311532714422018,0,,6,AAMI-AERO;ABCL-AERO;ABSI-ACVA;ADT-AJG;AFRM-QQQ;AGIO-AIOT,0.00014153996016830206,1.9479301069969033,0.007751937984496124,0.8437965358815748,"AA,AAL,AAMI,AAOI,ABAT,ABCL,ABX,ACET,ACVA,ADEA,ADT,ADTN,ADUR,AEIS,AEM,AG,AGI,AGM,AGMB,AIOT,AIRJ,AIRO,ALAB,ALHC,AMAT,AMBA,AMD,QQQ","ABSI,ACA,ACB,ACRS,ADSE,AEBI,AEC,AERO,AFRM,AGIO,AGYS,AIP,AJG,ALCO,ALG,ALMU,ALVO,AMCI"
2026-03-16 17:30:00+00:00,L0059,L0044,expansion,maturity,1.5184329672390073,0.46866086315921185,2,AAON;AIN,10,AAON-AER;ACA-ALGM;ACHR-ALRS;ACRS-AIRS;AER-AMLX;AEXA-ALKS;AFJK-AIRG;AFJK-ALX;AGBK-AIRS;ALRS-AMPG,0.001193397562019527,2.715974702880099,0.013333333333333334,1.2771218248394904,"AAON,AAT,ABEO,ABSI,ACA,ACAD,ACB,ACRS,AD,ADC,ADSE,AEBI,AEC,AEG,AERO,AFJK,AFRM,AGBK,AGCC,AGIO,AGL,AGM,AGYS,AHR,AHRT,AIN,AIP,AJG,AKR,ALCO,ALG,ALKS,ALLY,ALNT,ALOT,ALRS,ALTG,ALVO,AMAL,AMCI,AMLX,AMN","ABEV,ABVX,ABX,ACHR,ACMR,ACRE,ACU,ADAG,ADI,ADPT,ADV,AER,AEVA,AEXA,AGNC,AGRO,AGX,AIOT,AIR,AIRG,AIRS,AKO-B,AKTS,ALAB,ALAR,ALB,ALGM,ALMS,ALMU,ALX,AMBQ,AMG,AMKR,AMPG,AMPH"
2026-03-16 17:30:00+00:00,L0058,L0044,maturity,maturity,0.4018589692218086,0.46866086315921185,8,ACLS;ACVA;AEM;AG;AGI;AIRJ;AIRO;AMBP,16,AA-AMKR;AAOI-ADV;ABEV-QQQ;ABX-AIRO;ACLS-AEVA;ACLS-AKO-B;ACLS-ALMS;ACRE-ADT;ACVA-AIOT;ADV-ALHC;ADV-AMBP;AEIS-ALAB;AEM-AGX;AG-AIOT;AGX-AIRJ;AIOT-AMBA,-0.0004286418989067897,3.4965075614664802,0.013333333333333334,1.1372828400809263,"AA,AAOI,ABAT,ACET,ACLS,ACVA,ADEA,ADNT,ADT,ADTN,ADUR,AEHR,AEIS,AEM,AG,AGI,AGMB,AIRJ,AIRO,ALHC,ALM,ALOY,AMAT,AMBA,AMBP,AMD,QQQ","ABEV,ABVX,ABX,ACHR,ACMR,ACRE,ACU,ADAG,ADI,ADPT,ADV,AER,AEVA,AEXA,AGNC,AGRO,AGX,AIOT,AIR,AIRG,AIRS,AKO-B,AKTS,ALAB,ALAR,ALB,ALGM,ALMS,ALMU,ALX,AMBQ,AMG,AMKR,AMPG,AMPH"
2026-03-16 17:45:00+00:00,L0058,L0044,expansion,expansion,0.1965629190311004,0.23056363088692466,4,ADAM;ADNT;AEHR;ALGT,20,AA-AMG;AAMI-ACMR;ACLS-ADNT;ACLS-AGMB;ACLS-ALH;ACMR-ADEA;ACMR-ADUR;ACMR-AEHR;ACMR-ALLT;ACMR-AMAT;ACVA-ALKS;ADAG-ALKS;ADI-ALKS;ADUR-AEM;ADUR-AGI;ADUR-AMG;AEHR-ALMU;AIOT-ALH;AIRJ-ALKS;AMAT-AMPH,0.0006208503618836403,3.3694344049209373,0.016551724137931035,0.9729793248263315,"AA,AAMI,AAOI,ABAT,ABCL,ABEO,ABG,ACET,ACHV,ADAM,ADEA,ADNT,ADUR,AEHR,AEIS,AGCO,AGMB,AIT,ALGT,ALH,ALK,ALKS,ALLT,ALM,ALOY,AMAT,AMBA,AMD,AME,AMP,QQQ","AAL,AAON,ABEV,ABVX,ABX,ACHR,ACLS,ACMR,ACRE,ACU,ACVA,ADAG,ADI,ADPT,ADV,AEM,AER,AEVA,AEXA,AG,AGI,AGNC,AGRO,AGX,AIN,AIOT,AIRG,AIRJ,AIRO,AIRS,AKO-B,AKTS,ALAB,ALAR,ALB,ALGM,ALLE,ALMS,ALMU,ALX,AMBP,AMBQ,AMG,AMKR,AMPH"
2026-03-16 18:15:00+00:00,L0044,L0062,maturity,confirmation,0.3635694020254776,0.7078241313080088,0,,12,AA-AMKR;AAOI-ALX;ACET-AMG;ACRE-ACVA;ADI-AMG;ADNT-AIR;AEG-AMBP;AEHR-AIR;AEIS-AMPH;ALAB-AMG;ALB-AMBA;AMAT-AMG,0.0025055574369616807,2.584039494473117,0.020930232558139535,0.9705674685020461,"AAMI,ABBV,ABEV,ABVX,ACAD,ACHR,ACHV,ACMR,ACRE,ACU,ADAG,ADAM,ADV,AEG,AER,AEVA,AEXA,AGMB,AGNC,AGRO,AGX,AIR,AIRS,AKO-B,AKTS,ALAR,ALB,ALGM,ALGT,ALLE,ALLT,ALMS,ALX,AMBQ,AMG,AMKR,AMPG,AMPH","AA,AAL,AAOI,ACET,ACLS,ACVA,ADEA,ADI,ADNT,ADPT,ADTN,AEHR,AEIS,AIOT,ALAB,ALHC,ALM,ALTG,AMAT,AMBA,AMBP,AMD,QQQ"
2026-03-16 18:15:00+00:00,L0044,L0056,maturity,maturity,0.3635694020254776,0.3446284582613946,2,ADAM;ALGM,11,A-ACRE;A-ADAM;A-AER;A-ALLT;ABBV-AMCR;ABM-ACRE;ACGL-AGX;ACT-AIR;AFL-ALX;AKO-B-ALSN;AMBQ-AMCR,-0.00016169401351362467,2.772588722239781,0.014471243042671614,0.9077772251024077,"AAMI,ABBV,ABEV,ABVX,ACAD,ACHR,ACHV,ACMR,ACRE,ACU,ADAG,ADAM,ADV,AEG,AER,AEVA,AEXA,AGMB,AGNC,AGRO,AGX,AIR,AIRS,AKO-B,AKTS,ALAR,ALB,ALGM,ALGT,ALLE,ALLT,ALMS,ALX,AMBQ,AMG,AMKR,AMPG,AMPH","A,AAUC,ABCB,ABM,ABR,ABUS,ACGL,ACIC,ACT,ADMA,ADP,AEE,AEP,AES,AFG,AFL,AGO,AIG,AIRG,AIZ,ALL,ALSN,ALV,AMCR,AMCX,AMGN"
2026-03-16 18:15:00+00:00,L0061,L0056,expansion,maturity,0.5732688277733984,0.3446284582613946,4,AEM;AG;AGI;ALRM,3,A-ABX;AAUC-AGM;AGBK-AMCX,0.0004164625715930015,2.4883711628558642,0.014471243042671614,0.8996326629808047,"AAT,ABAT,ABSI,ABX,ACA,ACB,ACRS,ADSE,AEBI,AEC,AEM,AERO,AFRM,AG,AGBK,AGCC,AGI,AGIO,AGM,AGYS,AIP,AIRJ,AIRO,AJG,ALCO,ALG,ALMU,ALOT,ALRM,ALRS,ALVO,AMAL,AMCI,AMLX,AMN","A,AAUC,ABCB,ABM,ABR,ABUS,ACGL,ACIC,ACT,ADMA,ADP,AEE,AEP,AES,AFG,AFL,AGO,AIG,AIRG,AIZ,ALL,ALSN,ALV,AMCR,AMCX,AMGN"
2026-03-16 18:15:00+00:00,L0061,L0062,expansion,confirmation,0.5732688277733984,0.7078241313080088,0,,2,ADSE-AEIS;AEM-AMBA,0.003083714022068307,1.196456044803221,0.020930232558139535,0.6865814338089484,"AAT,ABAT,ABSI,ABX,ACA,ACB,ACRS,ADSE,AEBI,AEC,AEM,AERO,AFRM,AG,AGBK,AGCC,AGI,AGIO,AGM,AGYS,AIP,AIRJ,AIRO,AJG,ALCO,ALG,ALMU,ALOT,ALRM,ALRS,ALVO,AMAL,AMCI,AMLX,AMN","AA,AAL,AAOI,ACET,ACLS,ACVA,ADEA,ADI,ADNT,ADPT,ADTN,AEHR,AEIS,AIOT,ALAB,ALHC,ALM,ALTG,AMAT,AMBA,AMBP,AMD,QQQ"
2026-03-16 18:30:00+00:00,L0044,L0043,expansion,maturity,0.364782462911614,0.17015746539207086,2,AFBI;ALM,6,ACCO-AFBI;ACNB-AFBI;AFBI-AFYA;AHCO-QQQ;ALC-QQQ;ALH-AMBP,0.0012438851845217869,2.409139861908181,0.013157894736842105,0.764740628178677,"ABBV,ABEV,ABVX,ABX,ACHR,ACLS,ACMR,ADI,ADPT,ADV,AEG,AEHR,AEIS,AER,AEVA,AEXA,AFBI,AGNC,AGRO,AGX,AIRJ,AIRS,AKO-B,AKTS,ALAB,ALAR,ALB,ALHC,ALLT,ALM,ALMS,ALMU,ALX,AMAT,AMBP,AMBQ,AMD,AMG,AMKR,AMPG,AMPH,QQQ","AAP,AAPG,AAPL,ABNB,ACCO,ACDC,ACEL,ACHC,ACI,ACIW,ACM,ACN,ACNB,ACNT,ACOG,ACTG,ADBE,ADM,ADSE,ADSK,ADUS,AENT,AEO,AESI,AEYE,AFCG,AFRI,AFYA,AGEN,AGPU,AHCO,AI,AII,AIV,AKAM,ALC,ALGN,ALH,ALKT,ALNY,ALTO,AM"
2026-03-16 18:30:00+00:00,L0064,L0043,confirmation,maturity,0.6339795928543186,0.17015746539207086,0,,1,AI-ALOY,-0.001058838446624577,0.6931471805599453,0.013157894736842105,0.41650159682442944,"AAON,ABG,ABT,AD,ADNT,AGCO,AGL,AIN,AIT,ALGT,ALK,ALKS,ALLE,ALOY,AME","AAP,AAPG,AAPL,ABNB,ACCO,ACDC,ACEL,ACHC,ACI,ACIW,ACM,ACN,ACNB,ACNT,ACOG,ACTG,ADBE,ADM,ADSE,ADSK,ADUS,AENT,AEO,AESI,AEYE,AFCG,AFRI,AFYA,AGEN,AGPU,AHCO,AI,AII,AIV,AKAM,ALC,ALGN,ALH,ALKT,ALNY,ALTO,AM"
2026-03-16 18:45:00+00:00,L0061,L0065,maturity,confirmation,0.44723245714377513,0.44608708539609415,1,AFRM,10,ABAT-ABSI;ABCL-AGIO;ABSI-AGI;ACMR-AGCC;ADC-ALRS;AEG-AIP;AFRM-AMP;AIP-ALMU;ALLY-ALRS;ALRS-AMPG,0.0011492208577692509,2.5737506724530714,0.018181818181818184,0.9141608036025013,"AAT,ABSI,ACA,ACB,ACRS,AEBI,AEC,AERO,AFRM,AGBK,AGCC,AGIO,AGL,AGM,AGYS,AIP,AJG,ALCO,ALG,ALOT,ALRM,ALRS,ALVO,AMAL,AMCI,AMCX,AMLX,AMN","AAMI,AAOI,ABAT,ABCL,ABEO,ABEV,ABX,ACHV,ACMR,ADC,ADUR,AEG,AEHR,AEM,AFJK,AG,AGI,AGMB,AHR,AHRT,AIRJ,AIRO,AKR,AKTS,ALB,ALLT,ALLY,ALMU,ALNT,ALSN,AMP,AMPG"
2026-03-16 18:45:00+00:00,L0043,L0065,maturity,confirmation,0.4057189371247315,0.44608708539609415,2,AAPG;ALH,8,AAOI-AFRI;AAPG-ABAT;AAPG-AGMB;ABCL-ALH;ABCL-ALM;ACOG-ADC;AGI-ALM;ALH-AMP,0.0008614859543740749,2.5715543116816706,0.018181818181818184,0.9011576574039379,"AAP,AAPG,AAPL,ABNB,ACCO,ACDC,ACEL,ACHC,ACI,ACIW,ACM,ACN,ACNB,ACNT,ACOG,ACTG,ADBE,ADM,ADSE,ADSK,ADUS,AENT,AEO,AESI,AEYE,AFBI,AFCG,AFRI,AFYA,AGEN,AGPU,AHCO,AI,AII,AIV,AKAM,ALC,ALGN,ALH,ALKT,ALM,ALNY,ALTO,AM","AAMI,AAOI,ABAT,ABCL,ABEO,ABEV,ABX,ACHV,ACMR,ADC,ADUR,AEG,AEHR,AEM,AFJK,AG,AGI,AGMB,AHR,AHRT,AIRJ,AIRO,AKR,AKTS,ALB,ALLT,ALLY,ALMU,ALNT,ALSN,AMP,AMPG"
2026-03-16 19:15:00+00:00,L0061,L0056,expansion,expansion,0.8824275085420928,1.3545446582162086,1,ACU,4,AAPG-ALV;AAPG-AMCR;ACU-AMCR;ACU-AMCX,0.0038796120788902044,1.999851811631414,0.01889763779527559,1.1738892486046353,"AAOI,AAPG,AAT,ABAT,ABSI,ACA,ACAD,ACB,ACHR,ACRS,ACU,ADC,AEBI,AEC,AFRM,AGBK,AGCC,AGIO,AGM,AGYS,AIP,AIR,AIRJ,AIRO,AJG,AKR,ALCO,ALG,ALMU,ALOT,ALRS,ALVO,AMAL,AMCI,AMLX,AMPG","A,AAUC,ABBV,ABT,ABUS,ACGL,ACN,ACR,ACT,ADMA,ADP,AEM,AEP,AES,AFG,AFL,AG,AGI,AIG,AIZ,ALL,ALSN,ALV,AMBP,AMCR,AMCX,AMGN"
2026-03-16 19:30:00+00:00,L0056,L0065,expansion,maturity,0.9183026588021337,0.4140404950113402,1,ALSN,28,A-AHRT;A-ALH;AAL-ALH;AAUC-ALKS;ABBV-ALKS;ABCL-ALSN;ABG-AFL;ABG-AG;ABT-AIT;ABT-ALH;ACET-ALTG;ACGL-AMP;ACRE-AMP;ACT-AGCO;ADEA-AFL;AEM-ALH;AFG-ALKS;AFL-AGCO;AGCO-ALV;AGI-ALH;ALH-ALSN;ALK-AMBP;ALKS-AMGN;ALL-ALLY;ALLE-ALSN;ALLE-AMCR;ALLY-ALTG;ALSN-AMP,0.0006142130005173385,3.4359665764949616,0.014062499999999999,1.2608039652677827,"A,AAL,AAUC,ABBV,ABCB,ABR,ABT,ABUS,ACGL,ACN,ACRE,ACT,ACU,ADMA,ADP,AEM,AEO,AEP,AES,AFG,AFL,AG,AGI,AIG,AIRG,AIZ,ALL,ALSN,ALTG,ALV,AMBP,AMCR,AMCX,AMGN","AAMI,AAON,ABAT,ABCL,ABG,ACET,ACHV,ACVA,AD,ADC,ADEA,ADT,AFJK,AGCO,AGMB,AHR,AHRT,AIT,AKO-B,AKR,ALH,ALK,ALKS,ALLE,ALLY,ALNT,ALOY,AME,AMP"
2026-03-17 13:45:00+00:00,L0061,L0070,decay,confirmation,0.9399460984180219,0.8323163053769791,1,AMN,18,AARD-AMLX;ACAD-ALHC;ACAD-AMN;ACHC-ALRM;ACHC-ALVO;ACOG-AIRO;ACOG-AKR;ACTG-ALRS;ADMA-ALHC;AEIS-AIRS;AIR-ALG;AIR-ALOT;AIR-ALRM;AIRJ-AMAT;AIRS-ALMS;ALC-AMLX;ALMS-AMLX;ALNT-ALOT,0.012118072481825948,3.1006240055181262,0.018232044198895025,1.3095695291478662,"AAP,ACA,ACOG,ACRS,AEO,AERO,AGIO,AGL,AIP,AIRJ,AIRS,AKO-B,ALCO,ALG,ALHC,ALOT,ALRM,ALRS,ALVO,AMCI,AMCR,AMLX,AMN,AMPG","AA,AAOI,AARD,AAT,ABEO,ACAD,ACEL,ACHC,ACIC,ACTG,ADC,ADEA,ADMA,ADNT,ADTN,ADUR,AEHR,AEIS,AFBI,AGBK,AGEN,AGMB,AGPU,AHCO,AHR,AHRT,AIR,AIRO,AKAM,AKR,AKTS,ALC,ALLT,ALM,ALMS,ALMU,ALNT,AMAT,AMD,AMH"
2026-03-17 14:00:00+00:00,L0070,L0074,maturity,confirmation,0.383274943625335,0.391690878836378,0,,9,AARD-ACRS;ABBV-AHRT;ABT-AHRT;ABT-AKR;ACHV-AKR;ADEA-AMLX;ADMA-AMLX;AKO-B-AKR;AMLX-AMN,0.008485853672027588,2.384034690583168,0.009677419354838708,0.8299500322875317,"AA,AAOI,AARD,AAT,AAUC,ABEO,ACAD,ACEL,ACIC,ACTG,ADC,ADEA,ADMA,AEC,AEHR,AEIS,AEXA,AFBI,AGBK,AGMB,AGPU,AHCO,AHR,AHRT,AII,AKAM,AKR,AKTS,ALLT,ALM,ALMS,ALMU,ALNT,AMD,AMH,AMN","AAMI,ABBV,ABEV,ABT,ABUS,ACHV,ACI,ACRS,ACU,AD,AEE,AEP,AERO,AES,AFJK,AFRI,AIZ,AKO-B,ALC,ALH,ALSN,ALX,AMBP,AMCI,AMGN,AMLX,AMPG"
2026-03-17 14:00:00+00:00,L0068,L0074,maturity,confirmation,0.30390591900986036,0.391690878836378,0,,7,AAMI-ACIW;ABX-AMPG;ACIW-ALSN;AEG-ALSN;AIP-AMPG;AKO-B-ALCO;ALGT-ALH,0.009239768609404564,2.1887416836646896,0.009677419354838708,0.7573160731732698,"A,AAL,AAPL,ABG,ABM,ABNB,ABSI,ABX,ACB,ACHR,ACIW,ACN,ADBE,ADP,ADSK,AEG,AEYE,AFRM,AGRO,AGYS,AIP,AIV,ALAB,ALCO,ALGN,ALGT,ALK,ALKT,AM,AMBQ,AMCX,AMG,QQQ","AAMI,ABBV,ABEV,ABT,ABUS,ACHV,ACI,ACRS,ACU,AD,AEE,AEP,AERO,AES,AFJK,AFRI,AIZ,AKO-B,ALC,ALH,ALSN,ALX,AMBP,AMCI,AMGN,AMLX,AMPG"
2026-03-17 14:15:00+00:00,L0068,L0070,expansion,expansion,0.8574722723814703,1.010579467501691,0,,14,AAPG-ADAG;ABVX-ADUR;ADAG-AGL;ADBE-AMN;ADPT-AI;ADUR-AI;ADV-ALKT;ADV-AMBA;AEIS-AENT;AEIS-AI;AENT-AFYA;AG-AIOT;AGI-AI;ALAR-AMAT,0.006968625821173191,2.7534608568505528,0.02085561497326203,1.2519090784235758,"A,AAL,AAPL,ABG,ABM,ABNB,ABSI,ABVX,ABX,ACB,ACHR,ACIW,ACN,ADAG,ADBE,ADP,ADSK,AEG,AEM,AENT,AEVA,AFRM,AGYS,AI,AIOT,AIP,AIV,AKTS,ALAR,ALGM,ALGT,ALKT,AM,AMBA,AMBQ,AMCX,AMG,AMPG,QQQ","AA,AAOI,AAPG,AARD,AAT,AAUC,ABEO,ACAD,ACEL,ACIC,ACOG,ACTG,ADC,ADEA,ADMA,ADPT,ADTN,ADUR,ADV,AEC,AEHR,AEIS,AEXA,AFBI,AFYA,AG,AGBK,AGCC,AGEN,AGI,AGIO,AGL,AGMB,AGX,AHCO,AHR,AHRT,AII,AIRJ,AIRO,AKAM,AKR,ALLT,ALM,ALMS,ALMU,ALNT,ALTO,AMAT,AMD,AMH,AMKR,AMLX,AMN"
2026-03-17 14:15:00+00:00,L0076,L0070,confirmation,expansion,0.390254384861212,1.010579467501691,1,AAP,12,AAP-AMN;ACET-AGBK;ACLS-AMD;ACTG-AIRS;ACVA-ADUR;AEIS-AIN;AER-AMKR;AGI-ALNY;AHR-AME;AIN-AMAT;ALLE-AMH;ALRM-AMKR,0.009384082863107324,2.7687318118083617,0.02085561497326203,1.1155614509069507,"AAON,AAP,ABAT,ABCB,ACA,ACET,ACLS,ACM,ACNB,ACVA,ADI,ADSE,ADT,AEBI,AEO,AER,AGCO,AIN,AIR,AIRS,AIT,AJG,ALG,ALHC,ALK,ALKS,ALLE,ALNY,ALOT,ALRM,ALRS,ALSN,ALV,AMAL,AME,AMP","AA,AAOI,AAPG,AARD,AAT,AAUC,ABEO,ACAD,ACEL,ACIC,ACOG,ACTG,ADC,ADEA,ADMA,ADPT,ADTN,ADUR,ADV,AEC,AEHR,AEIS,AEXA,AFBI,AFYA,AG,AGBK,AGCC,AGEN,AGI,AGIO,AGL,AGMB,AGX,AHCO,AHR,AHRT,AII,AIRJ,AIRO,AKAM,AKR,ALLT,ALM,ALMS,ALMU,ALNT,ALTO,AMAT,AMD,AMH,AMKR,AMLX,AMN"
2026-03-17 14:15:00+00:00,L0068,L0071,expansion,expansion,0.8574722723814703,0.1842103872300185,1,AMBQ,15,A-ALTG;AAL-ALLY;ABM-ACCO;ACCO-ACIW;ACHR-AEYE;ACI-ALKT;ACRE-ALGT;ADAG-ALCO;ADP-ALGN;AEG-ALOY;AESI-ALGT;AGM-AGYS;AGYS-ALGN;AIV-ALCO;ALL-AMBQ,0.005254770279861987,2.9191469213491925,0.014705882352941176,1.044497410573686,"A,AAL,AAPL,ABG,ABM,ABNB,ABSI,ABVX,ABX,ACB,ACHR,ACIW,ACN,ADAG,ADBE,ADP,ADSK,AEG,AEM,AENT,AEVA,AFRM,AGYS,AI,AIOT,AIP,AIV,AKTS,ALAR,ALGM,ALGT,ALKT,AM,AMBA,AMBQ,AMCX,AMG,AMPG,QQQ","ABR,ACCO,ACDC,ACGL,ACI,ACR,ACRE,ACT,ADM,ADUS,AESI,AEYE,AFG,AFL,AGM,AGNC,AGO,AIG,ALAB,ALCO,ALGN,ALL,ALLY,ALOY,ALTG,ALVO"
2026-03-17 14:15:00+00:00,L0076,L0071,confirmation,expansion,0.390254384861212,0.1842103872300185,1,ALV,20,AAON-AGNC;AAON-AGO;ABR-AEO;ABR-ALV;ACA-AFG;ACA-ALL;ACGL-AMP;ACT-AIT;ACT-ALSN;ACT-ALV;ADI-ALVO;AEBI-ALGN;AEO-AGO;AEO-ALL;AER-ALTG;AESI-ALK;AFG-ALG;AFG-AMAL;AIR-ALGN;ALK-ALVO,0.007670227321796119,3.168299020358553,0.014705882352941176,0.9666200690699485,"AAON,AAP,ABAT,ABCB,ACA,ACET,ACLS,ACM,ACNB,ACVA,ADI,ADSE,ADT,AEBI,AEO,AER,AGCO,AIN,AIR,AIRS,AIT,AJG,ALG,ALHC,ALK,ALKS,ALLE,ALNY,ALOT,ALRM,ALRS,ALSN,ALV,AMAL,AME,AMP","ABR,ACCO,ACDC,ACGL,ACI,ACR,ACRE,ACT,ADM,ADUS,AESI,AEYE,AFG,AFL,AGM,AGNC,AGO,AIG,ALAB,ALCO,ALGN,ALL,ALLY,ALOY,ALTG,ALVO"
2026-03-17 14:30:00+00:00,L0070,L0068,decay,maturity,0.5262139957457812,0.7548705811037779,0,,10,AA-AGRO;ABAT-AGIO;ACAD-AIP;ACEL-ACHC;ACHC-AMN;ACLS-ADUR;ADUR-AIP;ADUR-QQQ;AFBI-QQQ;AGEN-AGRO,0.0015272660821210593,2.41168400686448,0.015714285714285715,0.9896035176281305,"AA,AAOI,AAP,AARD,AAT,AAUC,ABCL,ABEO,ACAD,ACEL,ACIC,ACTG,ADC,ADEA,ADMA,ADUR,AEC,AEXA,AFBI,AGBK,AGEN,AGIO,AGL,AGMB,AHCO,AHR,AKAM,ALLT,ALM,ALMS,ALNT,AMD,AMLX,AMN","A,AAL,AAPL,ABAT,ABG,ABM,ABNB,ABSI,ACCO,ACHC,ACHR,ACIW,ACLS,ACMR,ACN,ACVA,ADAM,ADNT,ADP,ADSK,ADT,AEYE,AFRM,AGRO,AGYS,AIP,AIR,ALGM,ALGN,ALGT,ALK,ALKT,ALLY,ALRM,AM,AMBA,AMCX,AMG,AMP,QQQ"
2026-03-17 14:45:00+00:00,L0079,L0070,confirmation,maturity,0.7066326442261813,0.8238172037839554,7,AARD;ADBE;ADPT;AERO;AGX;ALB;AMKR,11,AARD-AGIO;ACAD-AG;ACAD-AGI;ACIC-ADPT;ADTN-AFCG;ADTN-AGI;AGEN-AMKR;AGMB-AKTS;AGX-AHCO;AHCO-AMKR;AIOT-AIRO,0.004501819028519094,3.275263035515137,0.015168539325842695,1.2802259941807017,"AAPG,AARD,ABT,ACHV,ADBE,ADPT,ADV,AEM,AERO,AFCG,AG,AGCC,AGI,AGX,AIOT,AIRG,AKTS,ALAR,ALB,AMAT,AMKR,AMPH","AA,AAOI,AAP,AAT,ABEO,ACAD,ACEL,ACIC,ADEA,ADMA,ADTN,AEC,AEHR,AEIS,AEXA,AFBI,AGBK,AGEN,AGIO,AGMB,AHCO,AII,AIRJ,AIRO,AKAM,ALLT,ALM,ALMS,ALMU,ALNT,AMD,AMN"
2026-03-17 14:45:00+00:00,L0076,L0070,maturity,maturity,0.6915076912490558,0.8238172037839554,4,ADUR;AEVA;AI;AIRS,13,AA-ALKS;AAP-ALHC;AAT-AIRS;ABEO-ALHC;ACNB-ADMA;ACNB-ALNT;ACNB-AMD;ADTN-AI;ADUR-AGBK;AGBK-ALHC;AI-AIRJ;AIRS-ALM;AIRS-ALMS,0.0031807171890250174,3.105396741258772,0.015168539325842695,1.2332219347234727,"AAON,ACET,ACLS,ACM,ACNB,ADI,ADSE,ADUR,AEBI,AEO,AEVA,AGCO,AI,AIN,AIP,AIRS,AIT,AIV,ALG,ALGM,ALHC,ALKS,ALLE,ALNY,ALOT,ALV,AMBA,AME","AA,AAOI,AAP,AAT,ABEO,ACAD,ACEL,ACIC,ADEA,ADMA,ADTN,AEC,AEHR,AEIS,AEXA,AFBI,AGBK,AGEN,AGIO,AGMB,AHCO,AII,AIRJ,AIRO,AKAM,ALLT,ALM,ALMS,ALMU,ALNT,AMD,AMN"
2026-03-17 14:45:00+00:00,L0076,L0071,maturity,expansion,0.6915076912490558,0.13224833712111733,4,AIP;AIV;ALGM;ALV,19,ABCB-ADI;ABCB-AIT;ABCB-ALGM;ABVX-AI;ABVX-ALGM;ACGL-AIP;ACGL-AIT;ACHC-ADUR;ACLS-AESI;ACNB-AGO;ADI-AIG;ADI-ALVO;ADSE-ALSN;AFG-ALG;AIG-AIT;AIP-ALSN;ALNY-AMCR;ALOT-ALSN;AMAL-AMBA,0.004410975217979285,3.347835194970953,0.014156079854809437,1.0862090192320115,"AAON,ACET,ACLS,ACM,ACNB,ADI,ADSE,ADUR,AEBI,AEO,AEVA,AGCO,AI,AIN,AIP,AIRS,AIT,AIV,ALG,ALGM,ALHC,ALKS,ALLE,ALNY,ALOT,ALV,AMBA,AME","ABCB,ABCL,ABM,ABR,ABUS,ABVX,ACA,ACCO,ACDC,ACGL,ACHC,ACI,ACNT,ACR,ACRE,ACT,ACTG,ADM,ADUS,AER,AESI,AFG,AFL,AGM,AGNC,AGO,AIG,AJG,ALCO,ALL,ALOY,ALRS,ALSN,ALTG,ALTO,ALVO,AMAL,AMCR"
2026-03-17 14:45:00+00:00,L0079,L0071,confirmation,expansion,0.7066326442261813,0.13224833712111733,0,,6,ABVX-AIRG;ACHC-AMKR;ACI-ADBE;ADV-ALTG;AER-AMKR;AGNC-ALAR,0.0057320770574733615,2.0246167168976967,0.014156079854809437,0.7599418856068352,"AAPG,AARD,ABT,ACHV,ADBE,ADPT,ADV,AEM,AERO,AFCG,AG,AGCC,AGI,AGX,AIOT,AIRG,AKTS,ALAR,ALB,AMAT,AMKR,AMPH","ABCB,ABCL,ABM,ABR,ABUS,ABVX,ACA,ACCO,ACDC,ACGL,ACHC,ACI,ACNT,ACR,ACRE,ACT,ACTG,ADM,ADUS,AER,AESI,AFG,AFL,AGM,AGNC,AGO,AIG,AJG,ALCO,ALL,ALOY,ALRS,ALSN,ALTG,ALTO,ALVO,AMAL,AMCR"
2026-03-17 15:15:00+00:00,L0074,L0080,expansion,confirmation,1.1786735412160632,1.0306616038314091,0,,11,AAPG-AER;ABBV-AFL;ABCB-ACTG;ABCB-AIZ;ABCB-ALH;ABVX-AGL;ACCO-ACU;ADV-ALH;AER-AMPH;AGL-ALTG;AGNC-ALAR,0.00488134881015867,2.5247789840048878,0.008519269776876268,1.295273179981995,"AAPG,AAUC,ABBV,ABEV,ABT,ABUS,ACAD,ACHV,ACOG,ACRS,ACTG,ACU,AD,ADAG,ADC,AEE,AEM,AEP,AES,AFJK,AFRI,AG,AGI,AGL,AIOT,AIRS,AIZ,AKO-B,AKR,ALAR,ALH,ALX,AMBP,AMCI,AMGN,AMPG,AMPH","ABCB,ABCL,ABVX,ACA,ACCO,ACR,ACRE,ACT,ADAM,ADV,AER,AESI,AFG,AFL,AGNC,AGO,ALGM,ALRS,ALSN,ALTG,AMAL,AMBA,AMCR"
2026-03-17 16:15:00+00:00,L0070,L0083,expansion,confirmation,0.6552883399175992,0.6700108530871264,7,AAMI;ABT;ACOG;AFYA;AIRO;AKO-B;AMLX,3,ACRS-ALM;ADAG-AFYA;AEHR-AMGN,0.003435576130868867,2.909278429100766,0.008275862068965517,1.1261507444869538,"AA,AAMI,AAOI,AARD,AAT,ABEO,ABT,ACAD,ACDC,ACEL,ACIC,ACOG,ADEA,ADMA,ADPT,ADTN,ADUR,AEC,AEHR,AEIS,AEM,AENT,AEVA,AEXA,AFBI,AFCG,AFYA,AG,AGBK,AGCC,AGEN,AGI,AGIO,AGMB,AGX,AHCO,AI,AII,AIRG,AIRJ,AIRO,AIRS,AKAM,AKO-B,AKTS,ALLT,ALM,ALMS,ALMU,ALNT,ALTO,AMAT,AMD,AMLX,AMN,AMPH","ABBV,ACRS,ACU,AD,ADAG,AEE,AEP,AES,AFJK,ALC,ALX,AMBP,AMCI,AMGN"
2026-03-17 16:15:00+00:00,L0076,L0083,maturity,confirmation,0.3629079654246703,0.6700108530871264,2,ADC;AKR,1,AMCR-AMGN,0.002769676153548062,1.8368870000668374,0.008275862068965517,0.7703387748805931,"AAON,AAUC,ABCB,ABCL,ABEV,ABUS,ABVX,ACA,ACET,ACLS,ACM,ACNB,ACTG,ADC,ADI,ADSE,AEBI,AEO,AFRI,AGCO,AGL,AHR,AHRT,AIN,AIT,AIV,AKR,ALG,ALKS,ALLE,ALNY,ALOT,ALRS,ALSN,ALTG,AMAL,AMCR,AME,AMH,AMPG","ABBV,ACRS,ACU,AD,ADAG,AEE,AEP,AES,AFJK,ALC,ALX,AMBP,AMCI,AMGN"
2026-03-17 16:45:00+00:00,L0070,L0086,expansion,maturity,0.9499642298880229,0.5928389371500185,0,,12,AA-AGRO;AAPG-AIR;ABAT-ADV;ABNB-AMKR;ABSI-AFBI;ABSI-AGI;ACHV-AKTS;ADV-AGRO;AEM-AEYE;AERO-AKTS;AERO-ALKT;AGPU-ALRM,0.0008386600529775023,2.571379868512244,0.01870503597122302,1.108491672635157,"AA,AAMI,AAOI,AAPG,AAPL,AARD,AAT,ABEO,ACAD,ACCO,ACDC,ACEL,ACHC,ACHV,ACI,ACIC,ADBE,ADEA,ADMA,ADPT,ADTN,ADUR,ADV,AEC,AEHR,AEIS,AEM,AENT,AERO,AEVA,AEXA,AFBI,AG,AGBK,AGCC,AGEN,AGI,AGIO,AGMB,AGPU,AGX,AHCO,AII,AIRG,AIRJ,AIRO,AIRS,AKAM,AKO-B,ALB,ALHC,ALLT,ALM,ALMS,ALMU,ALNT,AMD,AMKR,AMLX,AMN,AMPH","A,AAL,AAP,ABAT,ABG,ABM,ABNB,ABSI,ACB,ACIW,ACLS,ACM,ACMR,ACN,ACVA,ADNT,ADP,ADSK,ADT,AEBI,AEO,AEYE,AFRM,AGRO,AGYS,AIP,AIR,AKTS,ALCO,ALK,ALKT,ALRM,ALV,AM,AMBA,AMCX,AMG,AMP,QQQ"
2026-03-17 18:00:00+00:00,L0076,L0083,expansion,expansion,0.6975570123866791,0.6877099750720617,0,,4,ABEV-AKR;ADC-AES;AEM-AIV;AER-AIRS,0.0020253611728549004,1.6491462215557384,0.017142857142857144,0.8304380801979855,"AAON,AAUC,ABCB,ABCL,ABM,ABUS,ABVX,ACA,ACHR,ACNB,ACTG,ADC,ADI,ADSE,ADV,AER,AERO,AGCO,AGL,AHR,AHRT,AIN,AIP,AIT,AIV,AKR,ALG,ALGM,ALHC,ALKS,ALLE,ALNY,ALOT,ALRS,ALSN,ALTG,AMAL,AMCR,AME,AMPG","AAMI,AAPG,ABBV,ABEV,ABT,ACAD,ACB,ACHV,ACOG,ACRS,ACU,AD,ADAG,ADPT,ADTN,AEE,AEHR,AEM,AEP,AES,AFCG,AFJK,AFYA,AG,AGI,AGX,AIRO,AIRS,AKO-B,ALAR,ALB,ALC,ALMU,ALX,AMAT,AMBP,AMCI,AMGN,AMLX,AMPH"
2026-03-17 18:30:00+00:00,L0076,L0084,maturity,expansion,0.6332063304196388,0.5520967686171789,0,,17,AAON-ADAM;AAUC-ADAM;AAUC-AFL;ABCL-AGNC;ABCL-AGO;ABM-AER;ABM-AIV;ABM-ALG;ABM-ALNY;ACIW-AERO;ACIW-AIV;ACLS-AMP;ACTG-AESI;ADAG-ADM;ADAG-AIZ;ADUS-ALNY;AGNC-AMPG,0.000773365143686533,2.8946590274287125,0.012110091743119266,1.0810722003296913,"AAON,AAUC,ABCB,ABCL,ABUS,ABVX,ACA,ACLS,ACTG,ADAG,ADC,ADI,ADSE,AER,AERO,AGCO,AGL,AHR,AHRT,AIN,AIOT,AIP,AIRS,AIT,AIV,AKR,ALG,ALGM,ALHC,ALLE,ALNY,ALOT,ALRS,ALSN,ALTG,AMAL,AMCR,AME,AMPG","ABM,ABR,ABX,ACGL,ACHC,ACIW,ACR,ACRE,ACT,ADAM,ADM,ADUS,AEG,AESI,AFG,AFL,AGM,AGNC,AGO,AIG,AIZ,AJG,ALCO,ALGT,ALH,ALL,ALLY,AMBQ,AMH,AMP"
2026-03-17 18:45:00+00:00,L0084,L0076,decay,maturity,0.1829687545392671,0.4855897147342837,0,,14,AAUC-AMH;ABCB-AMP;ABM-ABX;ABM-AGNC;ABR-AGO;ABX-AIOT;AD-AKR;AD-AMPG;ADC-AGNC;ADSE-AMH;AEG-AIV;AFCG-AGNC;AIP-ALCO;AKR-AMH,0.00038207252509891987,2.710594112780661,0.013043478260869565,0.8801725907163609,"ABG,ABR,ABSI,ABX,ACGL,ACR,ACRE,ACT,AD,ADM,ADUS,AEG,AFG,AFL,AGM,AGNC,AIG,AIZ,AJG,ALCO,ALGT,ALH,ALL,AMH,AMP","AAON,AAUC,ABCB,ABCL,ABM,ABUS,ABVX,ACA,ACET,ACNB,ACTG,ADC,ADI,ADSE,AER,AFCG,AGCO,AGL,AGO,AHR,AHRT,AIN,AIOT,AIP,AIT,AIV,AKR,ALG,ALKS,ALLE,ALNY,ALOT,ALRS,ALSN,ALTG,AMAL,AMCR,AME,AMPG"
2026-03-17 18:45:00+00:00,L0076,L0090,maturity,confirmation,0.13726355388040998,0.1856056316182939,0,,8,ABCL-AGEN;ABVX-ACI;AFRI-ALOT;AFRI-ALSN;AFRI-AMCR;AGEN-AGO;AGEN-AHR;AGPU-ALKS,0.0013635820941999555,2.2122618607067523,0.016,0.6523262208262992,"AAON,AAUC,ABCB,ABCL,ABM,ABUS,ABVX,ACA,ACET,ACNB,ACTG,ADC,ADI,ADSE,AER,AFCG,AGCO,AGL,AGO,AHR,AHRT,AIN,AIOT,AIP,AIT,AIV,AKR,ALG,ALKS,ALLE,ALNY,ALOT,ALRS,ALSN,ALTG,AMAL,AMCR,AME,AMPG","ACCO,ACDC,ACI,ACMR,ACNT,ADBE,AEC,AFRI,AGEN,AGPU,AKO-B,ALTO,ALVO,AMKR,AMN"
2026-03-17 18:45:00+00:00,L0084,L0090,decay,confirmation,0.1829687545392671,0.1856056316182939,0,,3,ABG-AFRI;ACDC-ACRE;AFG-AGEN,0.0017456546192988753,1.429010271911141,0.016,0.47022488382505356,"ABG,ABR,ABSI,ABX,ACGL,ACR,ACRE,ACT,AD,ADM,ADUS,AEG,AFG,AFL,AGM,AGNC,AIG,AIZ,AJG,ALCO,ALGT,ALH,ALL,AMH,AMP","ACCO,ACDC,ACI,ACMR,ACNT,ADBE,AEC,AFRI,AGEN,AGPU,AKO-B,ALTO,ALVO,AMKR,AMN"
2026-03-17 19:00:00+00:00,L0083,L0084,decay,expansion,0.5834898641554991,0.00027401774486969857,0,,6,ABX-AFYA;ACA-ALH;ACGL-AKR;ACTG-ALRS;ACU-AMH;AFL-AFYA,0.0005117367218190338,1.953194081291873,0.013211009174311927,0.6654093362692257,"ABBV,ABUS,ACOG,ACRS,ACTG,ACU,AD,ADAG,ADC,AEE,AEP,AES,AFJK,AFYA,AHR,AIRO,AKO-B,AKR,ALC,ALH,ALX,AMBP,AMCI,AMGN","ABCB,ABCL,ABG,ABM,ABR,ABX,ACA,ACCO,ACGL,ACR,ACRE,ACT,ADM,ADUS,AESI,AFG,AFL,AGM,AGNC,AGO,AIG,AIZ,AJG,ALCO,ALL,ALLY,ALRS,ALTG,AMAL,AMH,AMP"
2026-03-17 19:00:00+00:00,L0070,L0084,expansion,expansion,0.2214928939444327,0.00027401774486969857,0,,4,ACB-ALCO;ACCO-ALB;ACGL-ADBE;ACR-AENT,0.0009310311543231364,1.627887294199044,0.013211009174311927,0.4754835484326986,"AA,AAOI,AAPG,AARD,AAT,ABEO,ABEV,ABT,ACAD,ACB,ACEL,ACHV,ACIC,ADBE,ADEA,ADMA,ADPT,ADTN,ADUR,ADV,AEC,AEHR,AEIS,AEM,AENT,AERO,AEVA,AEXA,AFBI,AFCG,AG,AGBK,AGCC,AGEN,AGI,AGIO,AGMB,AGPU,AGX,AHCO,AI,AII,AIRG,AIRJ,AKAM,ALAR,ALB,ALHC,ALLT,ALM,ALMS,ALMU,ALNT,AMAT,AMD,AMLX,AMN,AMPH","ABCB,ABCL,ABG,ABM,ABR,ABX,ACA,ACCO,ACGL,ACR,ACRE,ACT,ADM,ADUS,AESI,AFG,AFL,AGM,AGNC,AGO,AIG,AIZ,AJG,ALCO,ALL,ALLY,ALRS,ALTG,AMAL,AMH,AMP"
2026-03-17 19:15:00+00:00,L0086,L0083,expansion,expansion,0.38205272356794423,0.17680511898272575,1,ACHR,5,AAMI-ALGN;ABSI-ACU;ABUS-AER;ACU-AER;ADAG-AEYE,0.0012925289920531213,2.095469025020488,0.013740458015267175,0.693585677722613,"A,AAL,AAP,AAPL,ABAT,ABNB,ABSI,ACHR,ACIW,ACN,ACVA,ADAM,ADNT,ADP,ADSK,ADT,AEBI,AEO,AER,AEYE,AFRM,AGRO,AGYS,AIR,AKTS,ALGM,ALGN,ALK,ALKT,ALRM,ALV,AM,AMBA,AMCX,AMG,QQQ","AAMI,AAUC,ABBV,ABUS,ABVX,ACOG,ACRS,ACTG,ACU,AD,ADAG,ADC,ADPT,AEE,AEHR,AEP,AES,AFJK,AFYA,AGL,AGX,AHR,AIRO,AKO-B,AKR,ALC,ALH,ALX,AMAT,AMBP,AMCI,AMGN"
2026-03-17 19:30:00+00:00,L0086,L0093,maturity,confirmation,0.6362956705445252,0.6118039042426053,3,AAPL;AKTS;ALV,22,AAL-ALAB;AAP-AGPU;AAPL-ACI;AAPL-ALAB;ABAT-ABCL;ABAT-AG;ABCL-ADT;ABCL-ADV;ABEV-ADV;ABSI-ACN;ACB-ADT;ACI-ADP;ACIW-ACMR;ACIW-ALAB;ACMR-AMG;AEO-AMKR;AER-AGEN;AERO-ALRM;AEYE-ALAB;AFRM-AGPU;AKTS-ALAB;AKTS-ALOY,0.0009313199552707374,3.37050213242237,0.018750000000000003,1.2198679055417316,"A,AAL,AAP,AAPL,ABAT,ABNB,ACET,ACIW,ACN,ACVA,ADNT,ADP,ADSK,ADT,ADV,AEBI,AEO,AER,AEYE,AFRM,AGRO,AGYS,AIR,AKTS,ALGN,ALK,ALKT,ALRM,ALV,AM,AMBA,AMCX,AMG,AMP,QQQ","AAPG,ABCL,ABEV,ABSI,ABT,ACB,ACDC,ACHV,ACI,ACMR,ADBE,AEM,AERO,AG,AGEN,AGI,AGPU,AGX,ALAB,ALAR,ALB,ALOY,ALTO,ALVO,AMAT,AMKR,AMN,AMPH"
2026-03-17 19:30:00+00:00,L0083,L0093,maturity,confirmation,0.7936168677004559,0.6118039042426053,4,AAMI;ACNT;AFRI;AKO-B,13,AAMI-AMN;AAMI-AMPH;ABCL-ADC;ABT-ADC;ABT-AFYA;ABT-AKO-B;ABT-AKR;ADPT-AGEN;AGI-AIRO;AKO-B-AMPH;AKR-AMPH;ALAB-AMBQ;ALH-ALOY,0.0008123483275994658,3.0947281452418647,0.018750000000000003,1.1981207678933847,"AAMI,ABBV,ABUS,ACHR,ACNT,ACOG,ACRS,AD,ADAG,ADC,ADPT,AEE,AEHR,AEP,AES,AFJK,AFRI,AFYA,AGCC,AHRT,AIRO,AKO-B,AKR,ALC,ALH,ALX,AMBP,AMBQ,AMCI,AMGN,AMPG","AAPG,ABCL,ABEV,ABSI,ABT,ACB,ACDC,ACHV,ACI,ACMR,ADBE,AEM,AERO,AG,AGEN,AGI,AGPU,AGX,ALAB,ALAR,ALB,ALOY,ALTO,ALVO,AMAT,AMKR,AMN,AMPH"
2026-03-18 14:00:00+00:00,L0097,L0100,expansion,confirmation,1.1051891933181728,0.5745961223861613,0,,26,AAMI-ALL;AAMI-ALLE;AAMI-ALLY;AAON-AGX;AARD-ADEA;ACA-ALX;ACHC-AGCO;ACOG-AEIS;ACOG-ALNT;ADAG-AGX;ADEA-ADTN;ADEA-AHRT;ADEA-AI;ADEA-AIP;ADEA-ALLE;ADTN-AHCO;AES-AFYA;AFG-AIP;AFG-ALLE;AGBK-ALMU;AGX-ALMU;AHRT-ALX;AIG-AIZ;AIZ-ALL;AIZ-AMP;AM-AMAT,0.011441126698628068,3.33733819132228,0.008108108108108109,1.3394863587580865,"AAL,AAON,AARD,ABR,ACA,ACDC,ACMR,ADAG,ADI,ADSE,ADTN,AEC,AEIS,AESI,AFRI,AFYA,AGCO,AGO,AHRT,AI,AIG,AIN,AIP,AIT,AKO-B,ALAR,ALG,ALGT,ALH,ALK,ALL,ALLE,ALLY,ALMU,ALNT,ALRS,AMAL,AMAT,AME,AMKR,AMP","AAMI,ACHC,ACOG,ADEA,AENT,AES,AFBI,AFG,AFJK,AGBK,AGX,AHCO,AIZ,AKTS,ALX,AM,AMCI"
2026-03-18 14:45:00+00:00,L0097,L0098,decay,maturity,0.376511868616431,0.3580860545739689,4,ADTN;AFRI;AIP;ALG,12,ABG-AGO;ABNB-AHRT;ACMR-ADEA;ADEA-AKTS;ADEA-ALK;ADSK-AI;ADTN-AFYA;ADTN-AGRO;AEC-AKTS;AGO-AJG;AIOT-AIP;AIT-AMAL,0.0036979648866690695,3.0619785460600153,0.028021978021978023,0.9900773101754204,"AAMI,AARD,ACDC,ADEA,ADTN,AEC,AESI,AFRI,AGO,AHRT,AI,AIG,AIP,AKO-B,ALG,ALGT,ALH,ALHC,ALL,ALLE,ALLY,ALRM,ALRS,AMAL,AMP","AAL,AAOI,AAON,ABG,ABNB,ACA,ACIW,ACLS,ACM,ACMR,ACN,ACOG,ACTG,ACU,ADAG,ADI,ADP,ADSK,AEG,AEIS,AEO,AER,AFJK,AFRM,AFYA,AGBK,AGRO,AGX,AIOT,AIT,AJG,AKAM,AKTS,ALAR,ALGM,ALK,ALKT,ALMU,ALNT,ALSN,ALX,AMAT,AMBA,AMBQ,AMCX,AMD,AMKR,QQQ"
2026-03-18 15:00:00+00:00,L0099,L0097,maturity,expansion,0.8009671035454892,0.46314079843817313,1,AIZ,4,AAPG-ALGM;AARD-AFG;AFG-ALGT;AIG-AIZ,0.0023783828364685178,1.979322582207071,0.016574585635359115,0.8765492039921703,"AA,AAPG,AAT,AAUC,ABAT,ABBV,ABEO,ABT,ABVX,ACAD,ACB,ACCO,ACGL,ACIC,ACNB,ACR,ACRE,ACRS,ACT,AD,ADC,ADM,ADMA,ADSE,ADUS,AEBI,AEC,AEE,AEM,AEP,AEXA,AFCG,AFG,AFL,AG,AGEN,AGI,AGIO,AGNC,AHCO,AHR,AIRG,AIV,AIZ,AKR,ALAB,ALB,ALC,ALKS,ALLT,ALM,ALMS,ALNY,ALTG,AM,AMCR,AMGN,AMH,AMLX,AMPG,AMPH","AAL,AAMI,AAOI,AARD,ABG,ABNB,ACDC,ACLS,ACM,ACTG,ACU,ADEA,ADI,ADP,AEG,AEO,AESI,AFRM,AGO,AGRO,AHRT,AI,AIG,AIT,AJG,AKAM,AKO-B,ALGM,ALGT,ALH,ALK,ALL,ALLY,ALRS,ALSN,AMAL,AMBA,AMBQ,AMP"
2026-03-18 15:15:00+00:00,L0098,L0099,maturity,maturity,0.9603877915403582,1.048920488411511,0,,10,ABAT-AIOT;ACMR-ADUS;ADAG-AHCO;AEBI-AEIS;AEHR-AEM;AFG-AFRI;AFL-AFRI;AFL-AM;AHRT-AKR;AIP-ALB,0.0008429632580373436,2.4055293611980195,0.016991150442477874,1.2067234968514373,"ACA,ACHV,ACMR,ACOG,ADAG,ADTN,AEC,AEHR,AEIS,AFJK,AFRI,AFYA,AGBK,AGX,AHRT,AIOT,AIP,AKAM,ALAR,ALMU,ALNT,ALX,AM,AMAT,AMD,AMKR","AA,AAPG,AAT,AAUC,ABAT,ABBV,ABEO,ABT,ABVX,ACAD,ACB,ACCO,ACGL,ACIC,ACNB,ACR,ACRE,ACRS,ACT,AD,ADM,ADMA,ADSE,ADUS,AEBI,AEE,AEM,AEP,AERO,AEXA,AFG,AFL,AG,AGI,AGIO,AGNC,AHCO,AHR,AIRG,AIV,AKR,ALAB,ALB,ALC,ALKS,ALLT,ALM,ALNY,ALTG,AMCR,AMGN,AMH,AMLX,AMPG,AMPH"
2026-03-18 15:45:00+00:00,L0097,L0102,expansion,maturity,0.8594515999512797,1.041361192624613,15,ABG;ABM;ABUS;ACHC;ACN;ADBE;ADUR;AENT;AFBI;AGCC;AGCO;AGL;AGO;AJG;AMN,8,AAOI-ACLS;ABM-AME;ABUS-ALAR;ACLS-AEG;ACLS-AER;AGBK-AGL;AGCO-AII;AGCO-AMCI,0.0012497374846134335,3.666760977894248,0.020281690140845066,1.4899763357674565,"AAL,AAMI,AAOI,AARD,ABG,ABM,ABNB,ABSI,ABUS,ACHC,ACIW,ACM,ACN,ACTG,ACU,ACVA,ADBE,ADI,ADP,ADSK,ADUR,ADV,AEG,AENT,AEO,AER,AESI,AFBI,AFRM,AGCC,AGCO,AGL,AGMB,AGO,AGPU,AGRO,AIT,AJG,AKO-B,ALGM,ALGT,ALH,ALK,ALKT,ALL,ALLY,ALSN,ALV,AMAL,AMBA,AMBQ,AMN,AMP","AAON,AAPL,ACA,ACHV,ACLS,ACMR,ACNT,ACOG,ADAG,AEHR,AEIS,AEYE,AFJK,AFYA,AGBK,AGX,AGYS,AII,AIOT,AIR,AIRS,AKAM,ALAR,ALCO,ALMU,ALNT,ALOT,AM,AMAT,AMCI,AMD,AME,AMKR,QQQ"
2026-03-18 16:45:00+00:00,L0099,L0103,maturity,expansion,0.4362159607478226,0.35478931493297206,1,AHCO,20,ABAT-AIRJ;ABBV-ALMS;ABCB-ABEO;ABEO-AGNC;ABT-ADAM;ABT-ADT;ACDC-AKR;ACI-ALTG;ACNB-AEVA;ACNB-AGM;ACRE-AFL;ADAM-ADUS;ADAM-AKR;ADPT-AIZ;ADPT-AMH;ADT-ALNY;AEBI-AGI;AFCG-AGI;AFCG-ALC;AKR-ALMS,0.0027512077358551323,3.147385012132934,0.00826771653543307,1.0253879932177867,"AA,AAPG,AAT,AAUC,ABAT,ABBV,ABEO,ABT,ABVX,ACAD,ACB,ACCO,ACGL,ACIC,ACNB,ACRS,ACT,AD,ADM,ADMA,ADUS,AEE,AEM,AEP,AEXA,AFL,AG,AGEN,AGI,AGIO,AHCO,AHR,AIRG,AIV,AIZ,AKR,ALAB,ALB,ALC,ALKS,ALLT,ALM,ALNY,ALTG,AMCR,AMGN,AMH,AMLX,AMPG,AMPH","A,AAP,ABCB,ABCL,ABEV,ABR,ABSI,ABX,ACDC,ACEL,ACET,ACHR,ACI,ACRE,ADAM,ADC,ADNT,ADPT,ADT,ADV,AEBI,AEVA,AFCG,AGM,AGNC,AIN,AIOT,AIRJ,AIRO,ALGN,ALMS,ALOY,ALRM,ALTO,ALVO,AMBP,AMCX,AMG"
2026-03-18 17:00:00+00:00,L0103,L0107,decay,expansion,0.45735639955122964,0.45887826238351614,13,A;AAP;ABCB;ABX;ACEL;ACRE;ADAM;ADPT;ADT;AGM;AGNC;ALOY;ALRM,8,A-AAL;ABCB-AMAL;ACEL-ALHC;AEVA-ALV;AIG-ALRM;AIRJ-ALLE;AIRO-AMG;ALHC-ALRM,0.002162381890229881,3.5615072884204495,0.010144927536231883,1.1667689598159707,"A,AAP,ABCB,ABCL,ABEV,ABR,ABSI,ABX,ACDC,ACEL,ACET,ACHR,ACI,ACRE,ADAM,ADNT,ADPT,ADT,ADV,AEBI,AEVA,AGM,AGMB,AGNC,AHCO,AIN,AIOT,AIRJ,AIRO,ALMS,ALOY,ALRM,ALX,AMBP","AAL,AAMI,AARD,ACVA,AES,AESI,AGO,AI,AIG,AKO-B,ALGN,ALGT,ALH,ALHC,ALL,ALLE,ALLY,ALRS,ALTO,ALV,ALVO,AMAL,AMG,AMP"
2026-03-18 17:15:00+00:00,L0103,L0107,decay,expansion,0.45535503598448945,0.2879928071140175,0,,6,ABCB-ACET;ABCB-ACHR;ABCB-ADNT;ABCL-ACEL;ABSI-AIG;AIN-AMG,0.0017280642059631646,1.9702969895497322,0.012646370023419203,0.7174755558204979,"ABCL,ABEV,ABR,ABSI,ACET,ACHR,ACI,ADNT,ADV,AEBI,AEVA,AIN,AIOT,AIRJ,AIRO,ALX,AMBP","A,AAL,AAMI,AAP,AARD,ABCB,ABX,ACEL,ACRE,ACVA,ADAM,ADPT,ADT,AENT,AESI,AGM,AGNC,AGO,AI,AIG,AIZ,AKO-B,ALG,ALGN,ALGT,ALH,ALHC,ALL,ALLE,ALLY,ALOY,ALRM,ALRS,ALTO,ALV,ALVO,AMAL,AMG,AMP"
2026-03-18 18:00:00+00:00,L0103,L0111,expansion,confirmation,0.8547777914113031,1.1037476722662352,4,ADEA;AGPU;AIP;AKTS,8,ACMR-AKTS;AEO-ALH;AESI-ALK;AFRI-ALLY;AGPU-ALSN;AIRO-QQQ;ALK-AMP;ALLY-AMKR,0.0019796538399532437,2.844791085194222,0.0288135593220339,1.303077444300122,"A,AAL,AAMI,AAP,AARD,ABCB,ABCL,ABEV,ABX,ACEL,ACET,ACHR,ACI,ADAM,ADEA,ADNT,ADPT,ADV,AEBI,AESI,AEVA,AFCG,AGM,AGPU,AI,AIN,AIOT,AIP,AIRJ,AIRO,AIZ,AKO-B,AKTS,ALG,ALGN,ALGT,ALH,ALHC,ALL,ALLE,ALLY,ALMS,ALOY,ALRM,ALRS,ALTO,ALVO,AMAL,AMBP,AMG,AMP","AAOI,AAON,ABNB,ACHV,ACLS,ACM,ACMR,ACOG,ACTG,ACU,ADAG,ADI,ADTN,AEG,AEIS,AEO,AER,AES,AFJK,AFRI,AFRM,AFYA,AGBK,AGRO,AGX,AIT,AKAM,ALAR,ALGM,ALK,ALMU,ALNT,ALSN,AMAT,AMBQ,AMD,AMKR,QQQ"
2026-03-18 18:30:00+00:00,L0113,L0111,confirmation,expansion,0.5185790510950785,0.3163894302514684,0,,11,AAP-ALH;ACHR-AIP;ADAM-AMAL;ADEA-AEVA;AEVA-AMKR;AI-AMKR;AIG-AIZ;AIG-ALRS;AKTS-ALTO;ALGN-ALL;ALGT-ALRS,0.00032625836320221424,2.487621780176613,0.026815642458100558,0.8764183358168324,"A,AAP,ABCB,ABCL,ABX,ACEL,ACHR,ACRE,ADAM,ADNT,ADPT,ADT,AEVA,AGM,AGPU,AI,AIOT,AIRJ,AIRO,AIZ,ALG,ALGN,ALHC,ALLE,ALOY,ALRM,ALRS,ALTO,ALVO,AMBP","AAL,AAMI,AAOI,AAON,AARD,ABNB,ACLS,ACM,ACMR,ACTG,ACU,ADEA,ADI,AEC,AEG,AEHR,AEO,AER,AESI,AFRI,AFRM,AGRO,AIG,AIP,AIT,AKO-B,AKTS,ALGM,ALGT,ALH,ALK,ALL,ALLY,ALSN,AMAL,AMAT,AMBQ,AMD,AMKR,AMP,QQQ"
2026-03-18 19:00:00+00:00,L0099,L0111,maturity,expansion,0.39931425848648927,0.436405433593703,0,,5,ABEO-AEHR;ACMR-ALTG;ACU-ADSE;ADSE-AMBQ;AEHR-ALAB,0.0010197904193773866,1.8086131516667734,0.03519553072625698,0.7081485251496895,"AA,AAPG,AAT,AAUC,ABAT,ABBV,ABEO,ABT,ABUS,ABVX,ACAD,ACB,ACCO,ACGL,ACI,ACIC,ACNB,ACR,ACRE,ACRS,ACT,AD,ADC,ADM,ADMA,ADSE,ADUS,AEE,AEM,AEP,AERO,AES,AEXA,AFG,AFL,AG,AGEN,AGI,AGIO,AGNC,AHCO,AHR,AHRT,AIG,AIRG,AIV,AKR,ALAB,ALB,ALC,ALG,ALKS,ALLT,ALM,ALMS,ALNY,ALOT,ALTG,AM,AMCR,AMGN,AMH,AMLX,AMPG,AMPH","AAL,AAMI,AAOI,AAON,AARD,ABNB,ACLS,ACM,ACMR,ACTG,ACU,ADEA,ADI,ADTN,AEG,AEHR,AEIS,AEO,AER,AESI,AFRI,AFRM,AGCC,AGO,AGRO,AGX,AIP,AIT,AKAM,AKO-B,AKTS,ALGM,ALGT,ALH,ALK,ALL,ALLY,ALNT,ALSN,AMAL,AMAT,AMBQ,AMD,AMKR,AMP,QQQ"
2026-03-18 19:15:00+00:00,L0117,L0099,confirmation,maturity,0.2832608706426181,0.42555439768247855,1,AMPG,15,AAPG-AMPG;ABAT-AEBI;ABEV-ACI;ABEV-ALKS;ABSI-ALMS;ACR-AMPG;ACRE-AEVA;ADNT-AFCG;ADNT-AFL;ADNT-AGNC;AEBI-AG;AGIO-AHCO;AHCO-AM;AIN-ALTG;AIRG-AMPG,0.0015571120311506093,2.898985178051929,0.01780104712041885,0.940061032078574,"ABCL,ABEV,ABSI,ACET,ACHR,ADNT,ADV,AEBI,AEVA,AHCO,AIN,AIOT,AIRO,ALX,AMBP,AMPG","AA,AAPG,AAT,AAUC,ABAT,ABBV,ABEO,ABT,ABUS,ABVX,ACAD,ACB,ACCO,ACGL,ACHV,ACI,ACIC,ACNB,ACR,ACRE,ACRS,ACT,AD,ADC,ADM,ADMA,ADUS,AEE,AEHR,AEM,AEP,AERO,AES,AEXA,AFCG,AFG,AFL,AG,AGEN,AGI,AGIO,AGNC,AHR,AIG,AIRG,AIV,AKR,ALAB,ALB,ALC,ALG,ALKS,ALLT,ALM,ALMS,ALNY,ALOT,ALTG,AM,AMCR,AMGN,AMH,AMLX,AMPH"
2026-03-18 19:15:00+00:00,L0109,L0099,decay,maturity,0.24478907397980254,0.42555439768247855,0,,7,ABT-ADSE;ACDC-AMCR;ACI-ADSE;ACI-AGMB;ACRS-ADSE;ADSE-AIG;AES-AII,0.0009046530176419765,2.090686245085683,0.01780104712041885,0.7264447598381679,"ABG,ABM,ACDC,ACHC,ACIW,ACN,ACVA,ADBE,ADP,ADSE,ADSK,ADUR,AFBI,AGCO,AGL,AGMB,AII,AJG,ALKT,ALV,AMBA,AMN","AA,AAPG,AAT,AAUC,ABAT,ABBV,ABEO,ABT,ABUS,ABVX,ACAD,ACB,ACCO,ACGL,ACHV,ACI,ACIC,ACNB,ACR,ACRE,ACRS,ACT,AD,ADC,ADM,ADMA,ADUS,AEE,AEHR,AEM,AEP,AERO,AES,AEXA,AFCG,AFG,AFL,AG,AGEN,AGI,AGIO,AGNC,AHR,AIG,AIRG,AIV,AKR,ALAB,ALB,ALC,ALG,ALKS,ALLT,ALM,ALMS,ALNY,ALOT,ALTG,AM,AMCR,AMGN,AMH,AMLX,AMPH"
2026-03-18 19:30:00+00:00,L0117,L0099,maturity,maturity,0.7185045661177591,0.7671851325581659,7,ABEV;ABSI;ACET;ADV;AEBI;AHCO;AIOT,11,ABAT-AIOT;ABEO-ABSI;ABEO-AHCO;ABSI-ABVX;ABSI-ADMA;ABSI-AFL;ABSI-ALKS;ACET-AGIO;ACHR-ALMS;ADMA-AEBI;AEBI-AGIO,0.0008622095920145512,3.261407242325522,0.016901408450704224,1.2635939314517635,"ABCL,ABEV,ABSI,ACET,ACHR,ADV,AEBI,AENT,AEVA,AGMB,AHCO,AIN,AIOT,AIRO,ALX,AMBP","AA,AAPG,AAT,AAUC,ABAT,ABBV,ABEO,ABT,ABVX,ACAD,ACB,ACCO,ACGL,ACHV,ACI,ACIC,ACNB,ACRS,ACT,AD,ADC,ADM,ADMA,AEE,AEHR,AEM,AEP,AEXA,AFCG,AFG,AFL,AG,AGI,AGIO,AGNC,AHR,AHRT,AIG,AIRG,AIV,AKR,ALAB,ALB,ALC,ALG,ALKS,ALLT,ALM,ALMS,ALNY,ALTG,AM,AMCR,AMGN,AMH,AMLX,AMPG,AMPH"
2026-03-18 19:45:00+00:00,L0099,L0113,decay,expansion,0.36679184187904057,0.3144886428788803,0,,55,A-AAT;AA-ADNT;AA-AEVA;AA-ALVO;AAPG-ADAM;AAPG-ALLE;ABAT-ALVO;ABCL-ACB;ABCL-AEBI;ABEO-ALGT;ABEO-ALH;ABEV-ALGT;ABEV-ALVO;ABEV-AMAL;ABT-AGPU;ABT-ALGN;ABT-ALRM;ABVX-ACHR;ABVX-ALVO;ABVX-AMAL;ABX-ACAD;ABX-AEBI;ABX-AG;ABX-AGI;ABX-ALM;ACB-ADNT;ACCO-AGM;ACET-ACHR;ACHR-AEHR;ACIC-ALH;ACIC-AMG;ACT-ALGN;ACT-ALRM;ADNT-AEBI;ADNT-AG;ADNT-AGI;ADNT-AIRJ;ADV-AIN;AEBI-ALVO;AEM-AIRO;AEM-ALVO;AESI-AHCO;AEVA-ALMS;AG-AIRO;AG-ALVO;AGI-ALVO;AGPU-AMGN;AIRJ-ALLE;AIRO-AMPG;ALB-ALVO;ALGN-ALKS;ALGN-AMGN;ALH-ALMS;ALKS-ALRM;ALLT-ALLY,-0.0016566617705393583,4.02535169073515,0.011267605633802818,1.2124122089562341,"AA,AAPG,AAT,AAUC,ABAT,ABBV,ABEO,ABEV,ABSI,ABT,ABVX,ACAD,ACB,ACCO,ACET,ACHV,ACIC,ACNB,ACT,AD,ADMA,ADV,AEBI,AEHR,AEM,AEXA,AFCG,AG,AGI,AGIO,AHCO,AIOT,AIRJ,ALAB,ALB,ALC,ALKS,ALLT,ALM,ALMS,ALNY,AMGN,AMLX,AMPG","A,AAL,AAMI,AAP,ABCB,ABCL,ABX,ACDC,ACEL,ACHR,ACVA,ADAM,ADNT,ADPT,ADT,AESI,AEVA,AGM,AGPU,AI,AIN,AIRO,AKO-B,ALGN,ALGT,ALH,ALHC,ALLE,ALLY,ALOY,ALRM,ALRS,ALTO,ALVO,AMAL,AMG,AMP"
2026-03-19 13:45:00+00:00,L0123,L0121,confirmation,confirmation,0.8632842869090191,0.3089158800526932,2,AEP;AM,17,A-ACCO;ABBV-AGCC;ABBV-AIG;ABG-AIRG;ABNB-ACCO;ACCO-AFL;ACCO-ALKT;ACCO-AMP;ACI-ALOT;ACVA-AMH;AD-AFRI;AEE-AII;AEE-AM;AEO-AHR;AIOT-ALOT;ALOT-AM;AMH-AMP,0.005363188101910055,3.115128177181099,0.016216216216216217,1.1328745268162208,"A,AAPL,AARD,AAT,ABBV,ABG,ABM,ABNB,ABR,ABSI,ABT,ACEL,ACGL,ACHC,ACI,ACIC,ACIW,ACM,ACN,ACR,ACT,ACU,ACVA,ADBE,ADC,ADMA,ADP,ADSK,ADT,ADUS,AEO,AEP,AFG,AFL,AFRI,AFRM,AGEN,AGIO,AGMB,AGO,AGPU,AGRO,AGYS,AHCO,AHRT,AII,AIOT,AIV,AIZ,AJG,AKTS,ALC,ALGN,ALHC,ALKS,ALKT,ALL,ALNY,ALRM,ALRS,AM,AMCX,AMGN,AMLX,AMN,AMP,AMPH","ACCO,AD,ADSE,AEE,AES,AGCC,AHR,AIG,AIRG,AKR,ALOT,AMH"
2026-03-19 14:45:00+00:00,L0124,L0125,decay,expansion,0.6965714044893382,0.5837368213447317,9,AAOI;ACDC;AD;ADEA;AFRI;AIRS;AKR;ALG;ALLE,14,AAMI-AAON;AAOI-AEVA;AAPG-ALLE;ABCL-AEIS;ABCL-ALLE;ACAD-AGCC;ACDC-AGRO;ACHV-AGM;ACOG-AI;ADEA-AENT;AEHR-ALLY;AEVA-AKR;AI-QQQ;ALK-AMG,0.0034044276949316554,3.5067711576631733,0.013333333333333334,1.2627852571660143,"AAMI,AAOI,ABUS,ABX,ACDC,ACLS,ACMR,ACNT,ACOG,ACRE,ACTG,AD,ADAM,ADEA,ADI,ADSE,AEBI,AEHR,AEIS,AERO,AFJK,AFRI,AFYA,AGCC,AGM,AGNC,AGX,AHR,AIRS,AKO-B,AKR,ALAB,ALG,ALGM,ALLE,ALSN,AMAT,AMBA,AMCI,AME,AMG,AMKR,QQQ","AAL,AAON,AAPG,AARD,ABCB,ABCL,ABEO,ACAD,ACET,ACHR,ACHV,ACNB,ACR,ACRS,ADPT,ADV,AEC,AENT,AESI,AEVA,AEXA,AEYE,AGEN,AGIO,AGRO,AHCO,AI,AKAM,ALCO,ALH,ALK,ALLT,ALLY,ALMS,ALMU,ALNT,ALOY,ALTG,ALTO,AMAL"
2026-03-19 15:00:00+00:00,L0125,L0122,maturity,expansion,0.961884223321068,0.26655263772300114,0,,23,AAP-ACAD;AAP-ALNT;ABCB-AEG;ABCL-AIP;ABCL-ALM;ABEO-AIP;ABEV-ABVX;ACAD-ACB;ACAD-AER;ACAD-AGL;ACAD-ALGT;ACET-AIP;ACHR-ALLT;ADEA-ALM;ADV-AIRJ;AEG-ALTO;AEM-ALNT;AER-ALLE;AEVA-AIP;AHR-ALLE;AI-AIP;AIP-ALTG;ALGT-ALNT,0.0028181305387988687,3.189727636133242,0.016,1.1683629673465312,"AAOI,AAPG,AARD,AAUC,ABCB,ABCL,ABEO,ABVX,ACAD,ACDC,ACET,ACHR,ACHV,ACNB,ACR,AD,ADEA,ADV,AEC,AENT,AESI,AEVA,AEXA,AEYE,AFRI,AGEN,AGIO,AGRO,AHCO,AI,AIRS,AKR,AKTS,ALCO,ALG,ALH,ALLE,ALMS,ALMU,ALNT,ALTG,ALTO,AMAL,AMBQ","AA,AAL,AAP,ABAT,ABEV,ABUS,ACA,ACB,ACMR,ACNT,ACOG,ADAG,ADM,ADNT,ADPT,ADUR,AEBI,AEG,AEHR,AEM,AER,AFBI,AFCG,AG,AGBK,AGCO,AGI,AGL,AHR,AIN,AIP,AIR,AIRJ,AIRO,AIT,ALAB,ALAR,ALB,ALGT,ALK,ALLT,ALLY,ALM,ALOY,ALV,ALVO,AMBP,AMCR,AMD,AMPG"
2026-03-19 15:15:00+00:00,L0124,L0123,expansion,maturity,0.6688680133237508,0.6948100775171636,4,ABG;ADTN;AFYA;AM,18,AAT-ADV;ABG-ABM;ACEL-ADTN;ACM-ALCO;ACOG-ADT;ACOG-AIRG;ACOG-AKAM;ACRS-AFRM;ACRS-AHRT;ACT-ALOT;AD-AGO;AEP-AM;AES-AME;AFRI-AKTS;AFRI-ALC;AGM-AKTS;AGRO-AMLX;AGRO-AMP,0.0009091129104490392,3.2991982949200978,0.02751322751322751,1.238029985109283,"AAMI,AAOI,AAUC,ABG,ABX,ACHV,ACLS,ACMR,ACOG,ACRE,ACRS,ACTG,AD,ADAM,ADI,ADSE,ADTN,ADV,AEBI,AEHR,AEIS,AER,AERO,AFJK,AFRI,AFYA,AGCC,AGEN,AGM,AGNC,AGRO,AGX,AHR,AIRS,AKR,ALAB,ALCO,ALG,ALGM,ALLE,ALOT,ALSN,ALX,AM,AMAT,AMBA,AMCI,AME,AMKR","A,AAPL,AAT,ABBV,ABM,ABNB,ABR,ABSI,ABT,ACCO,ACEL,ACGL,ACHC,ACI,ACIC,ACIW,ACM,ACN,ACT,ACU,ACVA,ADBE,ADC,ADMA,ADP,ADSK,ADT,ADUS,AEE,AEO,AEP,AES,AFG,AFL,AFRM,AGMB,AGO,AGPU,AGYS,AHCO,AHRT,AIG,AII,AIOT,AIRG,AIV,AIZ,AJG,AKAM,AKO-B,AKTS,ALC,ALGN,ALHC,ALKS,ALKT,ALL,ALNY,ALRM,ALRS,AMCX,AMGN,AMH,AMLX,AMN,AMP,AMPH"
2026-03-19 16:00:00+00:00,L0126,L0124,confirmation,maturity,1.2304908078710035,1.0054220320234801,2,AHR;ALOT,6,AAP-AHR;ABX-AERO;ACTG-AD;ADEA-AFRI;AFRI-AGX;AIRS-AMKR,0.003952476778067648,2.4331963981180147,0.0233983286908078,1.2825827008014699,"ABBV,ABG,ACGL,ACIC,ACM,ACT,AD,ADC,ADSE,AEE,AEO,AEP,AERO,AFG,AFL,AFRI,AGCC,AGO,AHR,AIG,AII,AIRG,AIRS,AIV,AIZ,AKR,ALG,ALL,ALLE,ALOT,AMH","AAL,AAMI,AAOI,AAON,AAP,ABUS,ABX,ACA,ACDC,ACLS,ACMR,ACRE,ACTG,ADAM,ADEA,ADI,ADPT,AEBI,AEHR,AEIS,AFJK,AFYA,AGCO,AGEN,AGNC,AGX,ALAB,ALB,ALGM,ALGT,ALK,ALLY,ALNT,ALSN,AMAT,AMBP,AMCR,AME,AMG,AMKR"
2026-03-19 16:30:00+00:00,L0124,L0122,expansion,expansion,0.8524687404853635,0.4186348828338539,17,AAL;AAP;ACA;ADAG;AER;AGCO;AHR;AIR;AIT;ALAB;ALB;ALGT;ALK;ALSN;ALV;AMBP;AMCR,22,AA-ALGT;AAP-ACB;ABAT-AIT;ABAT-ALB;ABCB-AIP;ABCL-AGEN;ACA-AGI;ACB-AEBI;ACHR-ALLT;ACNB-AIP;ACOG-AMPG;ADAG-AGI;ADM-ALB;ADNT-ALGT;AEHR-AHR;AEHR-ALK;AEM-AMAL;AESI-AEVA;AG-ALLY;AGBK-ALOY;ALAB-ALH;ALH-ALLY,-0.0012047758791595697,4.04305126783455,0.01978021978021978,1.395060936921436,"AAL,AAMI,AAON,AAP,ABCB,ABX,ACA,ACAD,ACHR,ACNB,ACOG,ADAG,ADPT,ADTN,AEBI,AEG,AER,AESI,AEXA,AFJK,AGCO,AGEN,AHR,AI,AIR,AIT,ALAB,ALB,ALGT,ALK,ALLY,ALMS,ALOY,ALSN,ALTO,ALV,AMAL,AMBP,AMBQ,AMCR,AME,AMG","AA,AAUC,ABAT,ABCL,ABEO,ABEV,ABVX,ACB,ACET,ACMR,ACNT,ADEA,ADM,ADNT,ADUR,AEHR,AEIS,AEM,AENT,AEVA,AEYE,AFBI,AFCG,AG,AGBK,AGI,AGL,AIN,AIP,AIRJ,AIRO,ALAR,ALH,ALLT,ALM,ALMU,ALNT,ALTG,ALVO,AMBA,AMD,AMPG,QQQ"
2026-03-19 16:30:00+00:00,L0124,L0123,expansion,maturity,0.8524687404853635,0.531795672886276,0,,3,ABNB-AESI;ACOG-AIRG;ACR-AI,-0.002026499540079385,1.3862943611198906,0.026455026455026454,0.7658211682597185,"AAL,AAMI,AAON,AAP,ABCB,ABX,ACA,ACAD,ACHR,ACNB,ACOG,ADAG,ADPT,ADTN,AEBI,AEG,AER,AESI,AEXA,AFJK,AGCO,AGEN,AHR,AI,AIR,AIT,ALAB,ALB,ALGT,ALK,ALLY,ALMS,ALOY,ALSN,ALTO,ALV,AMAL,AMBP,AMBQ,AMCR,AME,AMG","A,AAPL,AAT,ABBV,ABM,ABNB,ABR,ABSI,ABT,ACCO,ACEL,ACGL,ACHC,ACI,ACIC,ACIW,ACM,ACN,ACR,ACT,ACU,ACVA,ADBE,ADC,ADMA,ADP,ADSK,ADT,ADUS,AEO,AFG,AFL,AFRM,AGMB,AGO,AGPU,AGYS,AHRT,AIG,AII,AIOT,AIRG,AIV,AIZ,AJG,AKAM,AKR,ALC,ALG,ALGN,ALHC,ALKS,ALKT,ALL,ALLE,ALNY,ALOT,ALRM,ALRS,AMCX,AMGN,AMH,AMLX,AMN,AMP,AMPH"
2026-03-19 16:30:00+00:00,L0122,L0123,expansion,maturity,0.3976777193299575,0.531795672886276,0,,1,AEHR-ALLE,-0.0008217236609198153,0.6931471805599453,0.026455026455026454,0.45609706677311035,"AA,AAUC,ABAT,ABCL,ABEO,ABEV,ABVX,ACB,ACET,ACMR,ACNT,ADEA,ADM,ADNT,ADUR,AEHR,AEIS,AEM,AENT,AEVA,AEYE,AFBI,AFCG,AG,AGBK,AGI,AGL,AIN,AIP,AIRJ,AIRO,ALAR,ALH,ALLT,ALM,ALMU,ALNT,ALTG,ALVO,AMBA,AMD,AMPG,QQQ","A,AAPL,AAT,ABBV,ABM,ABNB,ABR,ABSI,ABT,ACCO,ACEL,ACGL,ACHC,ACI,ACIC,ACIW,ACM,ACN,ACR,ACT,ACU,ACVA,ADBE,ADC,ADMA,ADP,ADSK,ADT,ADUS,AEO,AFG,AFL,AFRM,AGMB,AGO,AGPU,AGYS,AHRT,AIG,AII,AIOT,AIRG,AIV,AIZ,AJG,AKAM,AKR,ALC,ALG,ALGN,ALHC,ALKS,ALKT,ALL,ALLE,ALNY,ALOT,ALRM,ALRS,AMCX,AMGN,AMH,AMLX,AMN,AMP,AMPH"
2026-03-19 17:00:00+00:00,L0131,L0127,confirmation,maturity,0.9554681419801245,0.4628597800735229,5,ADSE;AGCC;AGM;ALX;AMBQ,10,AAOI-ADPT;AAON-AMG;AAP-AMAL;AARD-ALNT;ABVX-AIP;ACDC-AEVA;ACHR-AMG;ADAM-AGM;AEC-ALMU;ALMS-ALMU,0.002462720964103937,3.0561814492234927,0.020396600566572238,1.1926032290069533,"AAON,AAPG,AARD,ABCB,ABCL,ABEO,ACAD,ACET,ACHR,ACHV,ACNB,ACR,ADPT,ADSE,ADUR,ADV,AEC,AESI,AEVA,AEXA,AGCC,AGEN,AGIO,AGM,AHCO,AI,AIP,AKTS,ALH,ALLT,ALMS,ALOY,ALTO,ALX,AMAL,AMBA,AMBQ,AMCI,QQQ","AAMI,AAOI,AAP,ABUS,ABVX,ABX,ACDC,ACLS,ACMR,ACRE,ACTG,ADAM,ADEA,ADI,AEIS,AENT,AERO,AFJK,AFRI,AFYA,AGNC,AGRO,AGX,ALGM,ALMU,ALNT,ALSN,ALTG,AMAT,AME,AMG,AMKR"
2026-03-19 17:15:00+00:00,L0123,L0127,expansion,expansion,0.48525567139455117,0.9200008097093421,0,,9,AAOI-AM;AAPL-AGRO;ABG-ACRS;ABR-ALX;ACRS-AMP;AEP-AHR;AERO-AES;AIG-ALG;AKO-B-AMG,0.0015950751330819912,2.3184099678758905,0.022950819672131147,1.0046220592509603,"A,AAPL,AAT,ABBV,ABG,ABM,ABNB,ABR,ABSI,ABT,ACCO,ACEL,ACGL,ACHC,ACI,ACIC,ACIW,ACM,ACN,ACT,ACU,ACVA,ADBE,ADC,ADMA,ADP,ADSK,ADT,ADUS,AEE,AEO,AEP,AES,AFG,AFL,AFRM,AGMB,AGO,AGPU,AGYS,AHRT,AIG,AII,AIOT,AIRG,AIV,AIZ,AJG,AKAM,AKO-B,AKR,ALC,ALCO,ALGN,ALHC,ALKS,ALKT,ALL,ALLE,ALNY,ALRM,ALRS,AM,AMCX,AMGN,AMH,AMLX,AMN,AMP,AMPH","AAMI,AAOI,AAP,ABUS,ABX,ACA,ACDC,ACLS,ACMR,ACRE,ACRS,ACTG,AD,ADAM,ADEA,ADI,ADSE,AEBI,AEIS,AENT,AER,AERO,AFJK,AFRI,AFYA,AGCC,AGM,AGNC,AGRO,AGX,AHR,AIRS,ALAB,ALG,ALGM,ALGT,ALK,ALNT,ALOT,ALSN,ALTG,ALX,AMAT,AMBQ,AME,AMG,AMKR"
2026-03-19 17:30:00+00:00,L0131,L0122,maturity,maturity,0.3876746334901834,0.16091427719630738,1,AAL,14,AAMI-AEG;AARD-ALOY;ABCB-AIN;ABCL-ADPT;ABCL-AGEN;ABVX-ACAD;ABVX-AGEN;ACAD-AGI;ACB-ACET;ACHR-ALOY;ACHV-AEVA;AEXA-AGCO;ALMS-ALMU;ALTG-AMCI,0.0005489140457939357,2.83643704848472,0.01643835616438356,0.8761516887517846,"AAL,AAMI,AAON,AARD,ABCB,ABEO,ACAD,ACET,ACHR,ACHV,ACNB,ACR,ACRS,ADPT,ADSE,ADV,AESI,AEXA,AGCC,AGEN,AGIO,AGM,AI,ALH,ALMS,ALOT,ALTO,ALX,AMAL,AMBA,AMBQ,AMCI,AMG","AA,AAUC,ABAT,ABCL,ABEV,ABVX,ACB,ACNT,ACOG,ADAG,ADM,ADNT,ADUR,AEC,AEG,AEM,AEVA,AEYE,AFBI,AFCG,AG,AGBK,AGCO,AGI,AGL,AIN,AIP,AIR,AIRJ,AIRO,AIT,ALAR,ALB,ALLT,ALLY,ALM,ALMU,ALOY,ALTG,ALV,ALVO,AMBP,AMCR,AMD,AMPG,QQQ"
2026-03-19 17:45:00+00:00,L0122,L0131,maturity,maturity,0.2692873289297262,0.7428311495743453,1,AEYE,21,AAL-ACHR;ABAT-ABVX;ABAT-ACHR;ABAT-AIP;ABCB-ALB;ABVX-AEM;ACHR-AEYE;ADNT-AGIO;ADUR-AMPG;AER-AEVA;AEYE-AIN;AEYE-ALMS;AEYE-ALMU;AGI-ALTG;AIRO-ALMU;AIRO-AMD;AIRO-QQQ;ALAB-ALH;ALAB-AMBA;ALLT-AMD;ALLT-QQQ,0.000804416136816144,3.1813999597110603,0.020168067226890754,1.10201074356302,"AA,AAL,AAUC,ABAT,ABEV,ACB,ACNT,ACOG,ADAG,ADM,ADNT,AEBI,AEG,AEHR,AEM,AER,AEYE,AFBI,AFCG,AG,AGBK,AGCO,AGI,AGL,AIR,AIRJ,AIRO,AIT,ALAB,ALAR,ALB,ALGT,ALK,ALLT,ALLY,ALM,ALOY,ALV,ALVO,AMBP,AMCR,AMPG","AAOI,AAON,AARD,ABCB,ABCL,ABEO,ABVX,ACAD,ACET,ACHR,ACNB,ACR,ADEA,ADPT,ADUR,ADV,AEC,AENT,AESI,AEVA,AEXA,AGEN,AGIO,AI,AIN,AIP,ALH,ALMS,ALMU,ALNT,ALTG,ALTO,AMAL,AMBA,AMD,QQQ"
2026-03-19 18:30:00+00:00,L0131,L0123,expansion,expansion,0.5046140830672003,0.20662470145045378,0,,18,ABBV-AEYE;ABR-ACR;ABR-AGIO;ABR-AKTS;ABR-AMCI;ACEL-ACR;ACEL-AEXA;ACHR-AKR;ACM-AGM;ADAM-AM;ADAM-AMP;ADBE-AEXA;ADT-AEXA;ADTN-AGM;AEYE-AMH;AGIO-ALCO;ALH-AMCX;ALOT-AMH,0.0026964121498167515,2.95853086341442,0.02626970227670753,0.9569448065504074,"AAL,AAMI,AAON,AARD,ABCB,ABCL,ABEO,ACAD,ACET,ACHR,ACHV,ACNB,ACR,ACRE,ACRS,ADAM,ADNT,ADPT,ADSE,ADUR,ADV,AEC,AESI,AEVA,AEXA,AEYE,AFYA,AGCC,AGEN,AGIO,AGM,AGNC,AGRO,AHCO,AI,AIN,AIP,AIRG,AKTS,ALH,ALMS,ALOT,ALTO,ALX,AMAL,AMBA,AMCI","A,AAPL,AAT,ABBV,ABG,ABM,ABNB,ABR,ABSI,ABT,ACCO,ACEL,ACGL,ACHC,ACI,ACIC,ACIW,ACM,ACN,ACT,ACU,ACVA,ADBE,ADC,ADMA,ADP,ADSK,ADT,ADTN,ADUS,AEE,AEO,AEP,AFG,AFL,AFRM,AGMB,AGO,AGPU,AGYS,AHR,AHRT,AIG,AII,AIOT,AIV,AIZ,AJG,AKAM,AKO-B,AKR,ALC,ALCO,ALGN,ALHC,ALKS,ALKT,ALL,ALLE,ALNY,ALRM,ALRS,AM,AMCX,AMGN,AMH,AMLX,AMN,AMP,AMPH"
2026-03-19 19:00:00+00:00,L0131,L0122,maturity,maturity,0.057166760520455245,0.1284922523217531,1,AEC,12,AAL-ADNT;AARD-ACET;ABAT-ACHR;ABAT-ALLT;ABCL-AIRO;ACET-AEXA;ACET-ALMS;ADNT-AFYA;ADPT-AIRJ;AEHR-ALLY;AIR-AIRG;ALAB-ALX,0.0008677947334945202,2.713818828752994,0.017266187050359715,0.736742339098465,"AAL,AAMI,AAOI,AAON,AARD,ABCB,ABCL,ABEO,ACDC,ACHR,ACHV,ACNB,ACR,ACRE,ACRS,ADAM,ADPT,ADSE,ADTN,ADV,AEC,AESI,AEXA,AFYA,AGCC,AGEN,AGIO,AGM,AGNC,AGRO,AHCO,AI,AIRG,AKO-B,AKR,AKTS,ALCO,ALH,ALLE,ALLT,ALLY,ALMS,ALOT,ALTO,ALX,AMAL,AMBA,AMBQ,AMCI,AMG","AA,AAUC,ABAT,ABEV,ACAD,ACB,ACET,ACNT,ADAG,ADM,ADNT,ADUR,AEBI,AEG,AEHR,AEM,AER,AEVA,AFBI,AFCG,AG,AGBK,AGCO,AGI,AGL,AIR,AIRJ,AIRO,AIT,ALAB,ALAR,ALB,ALM,ALOY,ALV,ALVO,AMBP,AMCR,AMPG"
2026-03-19 19:30:00+00:00,L0127,L0123,decay,maturity,1.0555951548237144,0.6020531421361357,1,AKO-B,6,ABG-AGM;AEO-AMCI;AES-AGX;AFRI-AII;AGCC-AGMB;AGCC-ALHC,0.004423329897690564,2.2452030883703817,0.026455026455026454,1.0625635151488044,"AAOI,AAP,ABUS,ABX,ACA,ACDC,ACLS,ACMR,ACOG,ACTG,AD,ADAG,ADI,ADSE,AEBI,AEIS,AENT,AERO,AFJK,AFRI,AFYA,AGCC,AGM,AGNC,AGX,AHR,AIRS,AKO-B,ALCO,ALG,ALGM,ALGT,ALMU,ALNT,ALTG,ALX,AMAT,AMBQ,AMCI,AME,AMG,AMKR","A,AAPL,AAT,ABBV,ABG,ABM,ABNB,ABR,ABSI,ABT,ACEL,ACGL,ACHC,ACI,ACIC,ACIW,ACM,ACN,ACT,ACU,ACVA,ADBE,ADC,ADMA,ADP,ADSK,ADT,ADUS,AEE,AEO,AEP,AES,AFG,AFL,AFRM,AGMB,AGO,AGPU,AGYS,AHRT,AIG,AII,AIOT,AIV,AIZ,AJG,AKAM,AKR,ALC,ALGN,ALHC,ALKS,ALKT,ALL,ALLE,ALNY,ALRM,ALRS,AM,AMCX,AMGN,AMH,AMLX,AMN,AMP,AMPH"
2026-03-19 19:45:00+00:00,L0123,L0127,maturity,maturity,0.6739379772137616,0.34304901437976043,1,ACI,80,AAP-AMCX;AAPL-AHR;AAPL-ALAB;AAT-ALGT;ABM-ABUS;ABM-AME;ABR-ACMR;ABR-AEBI;ABR-AHR;ABR-ALAB;ABR-ALK;ABR-ALMU;ABSI-AIRS;ABUS-ACI;ACEL-AGX;ACEL-AMBQ;ACHC-ALK;ACI-ACLS;ACI-ACTG;ACI-ADI;ACI-AGX;ACI-ALNT;ACI-AME;ACIC-AD;ACIC-ADI;ACIC-AIRS;ACIC-ALOT;ACIW-AHR;ACLS-ACVA;ACM-AERO;ACM-ALGT;ACM-ALK;ACM-ALSN;ACM-AME;ACMR-AMH;ACMR-AMN;ACOG-ACU;ACOG-ADSK;ACOG-AGPU;ACOG-AMN;ACT-AHR;ACT-ALG;ACU-AENT;ACVA-ALTG;AD-AGMB;AD-AII;ADI-AES;ADI-AII;ADT-AMG;ADUS-AIRS;AEBI-AGPU;AEBI-ALHC;AEE-AENT;AERO-AMH;AFJK-AM;AFRM-ALGT;AGMB-AIRS;AGMB-ALNT;AGO-AHR;AGO-ALAB;AGPU-ALAB;AHR-AMN;AII-AIRS;AII-ALOT;AIV-AMBQ;AIZ-AMG;ALAB-ALHC;ALAB-AMH;ALAB-AMN;ALC-ALSN;ALC-AME;ALGT-ALLE;ALK-AMN;ALKS-ALOT;ALNY-ALOT;ALOT-AMLX;ALSN-AM;AM-AMAT;AMBQ-AMLX;AME-AMP,-0.0018747027788776904,4.418840607796598,0.021787709497206705,1.4130744058517872,"A,AAPL,AAT,ABBV,ABM,ABNB,ABR,ABSI,ABT,ACEL,ACGL,ACHC,ACI,ACIC,ACIW,ACM,ACN,ACT,ACU,ACVA,ADBE,ADC,ADMA,ADP,ADSK,ADT,ADUS,AEE,AEP,AES,AEXA,AFG,AFL,AFRM,AGMB,AGO,AGPU,AGYS,AHRT,AIG,AII,AIOT,AIV,AIZ,AJG,AKAM,AKO-B,AKR,ALC,ALGN,ALHC,ALKS,ALKT,ALL,ALLE,ALNY,ALRM,ALRS,AM,AMCX,AMGN,AMH,AMLX,AMN,AMP,AMPH","AAOI,AAP,ABUS,ABX,ACA,ACDC,ACLS,ACMR,ACOG,ACTG,AD,ADI,ADSE,AEBI,AEIS,AENT,AERO,AFJK,AFRI,AFYA,AGX,AHR,AIRS,ALAB,ALG,ALGM,ALGT,ALK,ALMU,ALNT,ALOT,ALSN,ALTG,AMAT,AMBQ,AME,AMG,AMKR"
2026-03-20 14:15:00+00:00,L0141,L0144,maturity,confirmation,0.3914469230125205,0.8619594844218966,0,,16,A-ALSN;AA-ALGN;AAON-ALMS;ACET-ALSN;ACI-AGX;ACI-ALSN;ACTG-AGX;ADAG-ALGN;AEG-AGRO;AEG-ALSN;AFYA-AIZ;AGMB-AMBP;AIR-ALTO;ALMS-AMBP;ALSN-AMBP;ALSN-AMGN,0.0008586490293964744,2.838251507811807,0.022388059701492536,1.0889430081385008,"A,AA,AAON,AAP,AAUC,ABBV,ABG,ABM,ABT,ACET,ACGL,ACI,ACM,ACN,ACT,ACTG,ADAG,ADC,ADP,ADT,ADUS,AEE,AEG,AEO,AEP,AER,AFG,AFL,AGCO,AGO,AIG,AIR,AIT,AIZ,AJG,AKO-B,ALC,ALG,ALL,ALLE,ALLY,AM,AMBP,AME,AMGN,AMP","ACB,ACHV,ACMR,ACRE,ADAM,ADMA,AEC,AESI,AEVA,AFYA,AGBK,AGMB,AGRO,AGX,AHR,AIRS,AKTS,ALGN,ALHC,ALMS,ALSN,ALTO,ALX,AMH,AMPG"
2026-03-20 14:30:00+00:00,L0141,L0142,decay,expansion,0.6244679681711595,0.19248622053933098,1,AMCR,22,ABCB-ABUS;ABCL-ALLY;ABEO-AKR;ABUS-ADUR;ABUS-AIRJ;ABVX-AIZ;ABVX-AMCR;ACB-ACTG;ACM-ADUR;ACR-ACTG;ACT-AMAL;ACTG-AMAL;ADAG-AESI;ADM-AEP;ADM-AFG;AEM-AMCR;AESI-ALC;AGI-AMCR;AIR-AMAL;AIT-ALB;ALG-AMG;ALGM-ALLY,0.004813866515178233,3.237948250397353,0.022888283378746595,1.0580065617192973,"ABM,ABUS,ACGL,ACI,ACM,ACN,ACNB,ACT,ACTG,ADAG,ADP,ADT,AEE,AEG,AEO,AEP,AFG,AFL,AGO,AGRO,AIG,AIR,AIT,AIZ,AJG,AKO-B,AKR,ALC,ALG,ALL,ALLE,ALLY,ALRS,AMCR,AMP","AAL,AAMI,AAOI,AARD,AAT,ABAT,ABCB,ABCL,ABEO,ABVX,ABX,ACB,ACDC,ACHR,ACLS,ACR,ACVA,ADM,ADUR,AEHR,AEM,AERO,AESI,AFJK,AG,AGEN,AGI,AGNC,AIP,AIRJ,AIRO,ALB,ALCO,ALGM,ALGT,ALH,ALMU,ALNT,ALOY,ALTG,AMAL,AMAT,AMBA,AMCI,AMD,AMG,AMKR,QQQ"
2026-03-20 14:45:00+00:00,L0142,L0141,decay,expansion,0.8972593447836079,0.9135653520264692,2,AFJK;AMG,10,AA-ABAT;AAMI-ABVX;ABVX-ALL;ADM-AKR;ADMA-AGI;AESI-AFG;AGCO-AMCR;AKR-ALOY;ALB-ALLE;ALB-AME,0.004126548883505166,2.7351889179679807,0.015135135135135133,1.2293149088052886,"AAOI,AARD,AAT,ABAT,ABCB,ABCL,ABEO,ABVX,ABX,ACDC,ACHR,ACLS,ACNT,ACR,ACVA,ADM,AEHR,AEM,AERO,AESI,AEVA,AFJK,AG,AGEN,AGI,AIP,AIRJ,AIRO,ALB,ALGM,ALH,ALMU,ALNT,ALOY,ALTG,AMAL,AMBA,AMCI,AMCR,AMD,AMG,AMKR,QQQ","A,AA,AAMI,AAON,AAP,AAUC,ABBV,ABG,ABT,ACGL,ACI,ACN,ACNB,ADC,ADMA,ADP,ADT,ADUS,AEE,AEG,AEP,AER,AFG,AFL,AGCO,AGO,AGRO,AIG,AIT,AIZ,AJG,AKR,ALC,ALL,ALLE,ALLY,ALRS,ALSN,AM,AMBP,AME,AMGN,AMP"
2026-03-20 15:00:00+00:00,L0141,L0137,expansion,expansion,0.7334062139011563,0.42172442163917445,18,AAUC;ABT;ACAD;ACGL;ACN;ACNB;ADP;ADUS;AER;AEXA;AFRI;AIG;AIRG;AJG;ALL;ALNY;ALOT;AMP,29,A-ABVX;AA-ADC;ABG-ADI;ABG-ALKS;ABSI-AIRS;ABUS-ACAD;ABVX-ACAD;ACAD-ACNT;ACAD-ADTN;ACAD-AIV;ACAD-AKAM;ACAD-AMLX;ACIC-AEXA;ACNT-ALL;ACR-AGX;ACR-AMGN;ADUS-AGM;AEIS-AER;AEIS-AGX;AER-ALM;AEXA-AGIO;AEXA-AII;AFJK-AGCC;AG-AKR;AG-ALG;AGCC-AJG;AII-ALL;AKR-AMCR;AMBQ-AMG,-0.0017405097023583949,4.189654742026425,0.015041782729805013,1.3962091435781763,"A,AAON,AAP,AAUC,ABBV,ABG,ABM,ABT,ACAD,ACET,ACGL,ACHC,ACI,ACN,ACNB,ACTG,ADAG,ADC,ADMA,ADP,ADT,ADUS,AEE,AEG,AEP,AER,AEXA,AFG,AFJK,AFL,AFRI,AGCO,AGRO,AGX,AIG,AIRG,AIRS,AIT,AIZ,AJG,AKO-B,AKR,ALC,ALG,ALGN,ALL,ALLE,ALLY,ALNY,ALOT,AM,AMBP,AME,AMG,AMGN,AMP","AA,ABAT,ABCB,ABCL,ABEO,ABSI,ABUS,ABVX,ACEL,ACIC,ACLS,ACNT,ACR,ACRS,ACVA,AD,ADI,ADTN,AEIS,AES,AG,AGCC,AGIO,AGM,AII,AIV,AKAM,ALKS,ALM,ALNT,ALRS,ALTG,AMBQ,AMCR,AMLX"
2026-03-20 15:15:00+00:00,L0142,L0140,expansion,expansion,0.55441729527778,0.5255735963926639,1,AHRT,3,ABCB-AEYE;AENT-ALTG;AERO-ALV,0.0028359884017845616,1.837942880064481,0.015903614457831325,0.7858685296859281,"AAMI,AAOI,AARD,ABAT,ABCB,ABCL,ABEO,ABUS,ACHR,ACLS,ADTN,AEHR,AEM,AERO,AEVA,AG,AGEN,AGI,AGNC,AHRT,AIP,AIRJ,AIRO,ALB,ALGM,ALH,ALMU,ALOY,ALRS,ALTG,AMAL,AMCI,AMD,AMKR,QQQ","AAPL,ABNB,ABR,ACIW,ACOG,ACU,ADBE,ADEA,ADNT,ADPT,ADSK,ADUR,ADV,AEBI,AENT,AEYE,AFRM,AGO,AGPU,AGYS,AHCO,AI,AIN,AIOT,ALAB,ALAR,ALK,ALKT,ALLT,ALRM,ALV,ALVO,AMBA,AMCX,AMN"
2026-03-20 15:15:00+00:00,L0137,L0140,expansion,expansion,0.6635481841699999,0.5255735963926639,0,,4,ADP-ADSK;ADP-AMN;AENT-AES;AENT-AJG,-0.0016555123875150457,1.6094379124341003,0.015903614457831325,0.761481554445999,"AAUC,ABSI,ABT,ABVX,ACAD,ACEL,ACGL,ACIC,ACN,ACNB,ACNT,ACRS,AD,ADI,ADP,ADUS,AEIS,AER,AES,AEXA,AFRI,AGCC,AGIO,AGM,AIG,AII,AIRG,AIV,AJG,AKAM,ALKS,ALL,ALM,ALNY,ALOT,AMAT,AMBQ,AMLX,AMP","AAPL,ABNB,ABR,ACIW,ACOG,ACU,ADBE,ADEA,ADNT,ADPT,ADSK,ADUR,ADV,AEBI,AENT,AEYE,AFRM,AGO,AGPU,AGYS,AHCO,AI,AIN,AIOT,ALAB,ALAR,ALK,ALKT,ALLT,ALRM,ALV,ALVO,AMBA,AMCX,AMN"
2026-03-20 15:30:00+00:00,L0137,L0142,decay,maturity,0.2849706751945838,0.913090476840114,0,,11,ABCB-ABUS;ABUS-ACLS;ABUS-ACVA;ABUS-AIRJ;ACNT-AEM;ACRS-AMG;ADI-AEM;ADI-AG;AEIS-AIP;AEIS-AMAT;AKAM-ALTG,0.004441847442649305,2.521253424976694,0.018487394957983194,0.9925048110982803,"ABSI,ABUS,ACAD,ACEL,ACIC,ACNT,ACRS,AD,ADI,ADTN,ADUS,AEIS,AER,AES,AFRI,AGCC,AGIO,AGM,AII,AIRG,AIRS,AIV,AKAM,ALKS,ALM,ALNY,ALOT,AMBQ,AMLX","AAOI,AARD,ABAT,ABCB,ABCL,ABEO,ABX,ACHR,ACLS,ACVA,AEHR,AEM,AERO,AEVA,AG,AGEN,AGI,AGNC,AIP,AIRJ,AIRO,ALB,ALGM,ALH,ALMU,ALOY,ALRS,ALTG,AMAL,AMAT,AMCI,AMD,AMG,AMKR,QQQ"
2026-03-20 15:30:00+00:00,L0148,L0142,confirmation,maturity,0.4735207332265873,0.913090476840114,1,ADM,6,A-ACVA;AAT-ABCB;ABAT-AEG;ACVA-AMCR;AEVA-ALGT;ALLE-AMAL,0.002797038061544299,2.2278296288484816,0.018487394957983194,0.9757138794758282,"A,AAL,AAPG,AAT,ACDC,ACHC,ACM,ACR,ADM,ADT,AEG,AESI,AFJK,AGRO,AIT,AKR,ALC,ALGT,ALK,ALLE,ALLY,AMCR","AAOI,AARD,ABAT,ABCB,ABCL,ABEO,ABX,ACHR,ACLS,ACVA,AEHR,AEM,AERO,AEVA,AG,AGEN,AGI,AGNC,AIP,AIRJ,AIRO,ALB,ALGM,ALH,ALMU,ALOY,ALRS,ALTG,AMAL,AMAT,AMCI,AMD,AMG,AMKR,QQQ"
2026-03-20 15:30:00+00:00,L0137,L0148,decay,confirmation,0.2849706751945838,0.7819530599230327,0,,5,A-ACAD;A-AIRS;ABUS-ACDC;AII-AMCR;AIV-AKR,0.0016448093811050057,1.8188039381180234,0.022900763358778626,0.7782132195686077,"ABSI,ABUS,ACAD,ACEL,ACIC,ACNT,ACRS,AD,ADI,ADTN,ADUS,AEIS,AER,AES,AFRI,AGCC,AGIO,AGM,AII,AIRG,AIRS,AIV,AKAM,ALKS,ALM,ALNY,ALOT,AMBQ,AMLX","A,AAL,AAPG,AAT,ACDC,ACHC,ACM,ACR,ADM,ADT,AEG,AESI,AFJK,AGRO,AIT,AKR,ALC,ALGT,ALK,ALLE,ALLY,AMCR"
2026-03-20 15:45:00+00:00,L0141,L0137,maturity,expansion,0.27332613100675673,0.7195105886378577,0,,12,A-AA;A-ABSI;AAON-ALM;ABEO-ALNT;ABG-AER;ACAD-AFL;ACNT-ALL;ACR-ALNT;ADI-AEG;ADI-AMGN;AES-AIG;AEXA-AIRG,0.0023118751123547554,2.5825767330734832,0.0116991643454039,0.9452500738135656,"A,AAON,AAP,AAUC,ABBV,ABG,ABT,ACET,ACGL,ACI,ACN,ADC,ADMA,ADP,ADT,AEE,AEG,AEP,AEXA,AFG,AFL,AGCO,AGX,AIG,AIZ,AJG,ALG,ALL,ALLE,ALLY,ALNT,AM,AMCR,AME,AMGN,AMP","AA,ABEO,ABSI,ABUS,ABVX,ACAD,ACEL,ACIC,ACNT,ACR,ACRS,ACVA,AD,ADI,ADTN,ADUS,AEIS,AER,AES,AFRI,AGCC,AGIO,AGM,AII,AIRG,AIV,AKAM,ALKS,ALM,ALNY,ALOT,AMBQ,AMLX"
2026-03-20 15:45:00+00:00,L0148,L0140,decay,maturity,0.9864757824232767,0.21514641086669983,1,ACHC,5,AAPG-AKO-B;ACDC-ADEA;ACHC-ADNT;ADNT-ALGT;AHCO-ALGT,0.0003297396469861269,2.083554816143054,0.01730769230769231,0.8839715158689103,"AAL,AAPG,AAT,ACDC,ACHC,ACM,AESI,AFJK,AGRO,AIT,AKR,ALC,ALGT","AAPL,ABNB,ABX,ACIW,ACOG,ACU,ADBE,ADEA,ADNT,ADPT,ADSK,ADV,AEBI,AENT,AEYE,AFCG,AFRM,AGO,AGPU,AGYS,AHCO,AI,AIN,AIOT,AKO-B,ALAB,ALAR,ALCO,ALK,ALKT,ALLT,ALRM,ALV,ALVO,AMBA,AMCX,AMN"
2026-03-20 15:45:00+00:00,L0148,L0137,decay,expansion,0.9864757824232767,0.7195105886378577,0,,1,AKR-ALKS,0.00210700579918921,0.7933094697825545,0.0116991643454039,0.7118781534157895,"AAL,AAPG,AAT,ACDC,ACHC,ACM,AESI,AFJK,AGRO,AIT,AKR,ALC,ALGT","AA,ABEO,ABSI,ABUS,ABVX,ACAD,ACEL,ACIC,ACNT,ACR,ACRS,ACVA,AD,ADI,ADTN,ADUS,AEIS,AER,AES,AFRI,AGCC,AGIO,AGM,AII,AIRG,AIV,AKAM,ALKS,ALM,ALNY,ALOT,AMBQ,AMLX"
2026-03-20 15:45:00+00:00,L0141,L0140,maturity,maturity,0.27332613100675673,0.21514641086669983,0,,6,ABNB-ACN;ACN-AEYE;AEE-AENT;AEP-ALCO;AJG-AMCX;ALLE-AMCX,0.0005346089601516724,1.953518403604834,0.01730769230769231,0.6375175173093993,"A,AAON,AAP,AAUC,ABBV,ABG,ABT,ACET,ACGL,ACI,ACN,ADC,ADMA,ADP,ADT,AEE,AEG,AEP,AEXA,AFG,AFL,AGCO,AGX,AIG,AIZ,AJG,ALG,ALL,ALLE,ALLY,ALNT,AM,AMCR,AME,AMGN,AMP","AAPL,ABNB,ABX,ACIW,ACOG,ACU,ADBE,ADEA,ADNT,ADPT,ADSK,ADV,AEBI,AENT,AEYE,AFCG,AFRM,AGO,AGPU,AGYS,AHCO,AI,AIN,AIOT,AKO-B,ALAB,ALAR,ALCO,ALK,ALKT,ALLT,ALRM,ALV,ALVO,AMBA,AMCX,AMN"
2026-03-20 16:00:00+00:00,L0141,L0144,expansion,maturity,1.0513456449107508,0.6153235817399999,0,,11,AAON-ALGN;AAUC-ABM;ABG-AEO;ABM-ALSN;ABT-AGMB;ACI-ACTG;ACM-AMPH;ACT-ALC;ACTG-AGX;AGRO-ALMS;AKTS-ALC,0.0035507800057530403,2.5140671527007177,0.013793103448275862,1.130586521687646,"A,AAMI,AAON,AAP,AAT,AAUC,ABBV,ABG,ABT,ACET,ACGL,ACI,ACM,ACN,ACNB,ADC,ADMA,ADP,ADT,AEE,AEG,AEP,AEXA,AFG,AFL,AGCO,AGRO,AGX,AIG,AIT,AIZ,AJG,AKR,ALC,ALG,ALL,ALLE,ALLY,ALNT,ALSN,AM,AMBP,AMCR,AME,AMGN,AMP","ABEV,ABM,ABR,ABX,ACA,ACB,ACCO,ACHV,ACMR,ACRE,ACT,ACTG,ADAG,ADAM,ADUR,AEC,AEO,AEVA,AFYA,AGBK,AGMB,AGNC,AHR,AIR,AIRS,AKTS,ALGN,ALGT,ALHC,ALMS,ALTO,ALX,AMH,AMPG,AMPH"
2026-03-20 16:30:00+00:00,L0137,L0142,decay,maturity,0.45595613833623616,0.4718239550230917,2,ADTN;AIV,9,ABAT-ACEL;ADSE-AGI;ADTN-AEM;ADTN-AG;ADTN-ALB;AEIS-AMKR;AG-AIV;AKAM-ALB;AMBQ-AMG,0.0017341084312647581,2.6513677334966914,0.020055710306406686,0.9441843179279322,"AA,ABSI,ABUS,ACAD,ACEL,ACET,ACIC,ACNT,ACR,ACRS,AD,ADI,ADSE,ADTN,AEIS,AER,AEXA,AFRI,AGCC,AGIO,AGM,AII,AIRG,AIRS,AIV,AKAM,AKO-B,ALKS,ALM,ALNY,ALOT,AMBQ,AMLX","AAL,AAOI,AAPG,AARD,ABAT,ABCL,ABEO,ACB,ACDC,ACHR,ACLS,ACVA,ADM,AEHR,AEM,AERO,AESI,AEVA,AG,AGEN,AGI,AGL,AIP,AIRJ,AIRO,ALB,ALGM,ALGT,ALH,ALMU,ALOY,ALTG,AMAT,AMCI,AMD,AMG,AMKR,QQQ"
2026-03-20 16:30:00+00:00,L0141,L0149,decay,confirmation,0.17889584633390582,0.6375529604416407,0,,10,A-AAON;A-AIZ;AAP-AME;AAT-ALC;AAT-ALNT;ABT-ALRS;ACGL-AGRO;ACM-ALC;ADC-AKR;ALRS-AMP,0.0026762533525470644,2.4219335991289386,0.008294930875576038,0.8516622814462349,"AAON,AAUC,ABBV,ABM,ABT,ACGL,ACI,ACN,ACTG,ADAG,ADC,ADMA,ADP,AEE,AEP,AES,AFG,AFJK,AFL,AGX,AIG,AIZ,AJG,AKTS,ALC,ALG,ALGN,ALL,ALNT,ALSN,AM,AME,AMGN,AMP","A,AAMI,AAP,AAT,ABCB,ABG,ABVX,ACM,ACNB,ACT,ADT,ADUS,AEG,AEO,AGCO,AGRO,AIT,AKR,ALLE,ALLY,ALRS,AMAL,AMBP,AMCR"
2026-03-20 16:30:00+00:00,L0137,L0149,decay,confirmation,0.45595613833623616,0.6375529604416407,0,,6,AA-ABG;AAP-ADTN;ABCB-AGIO;ABUS-ALLY;AD-ALRS;ADUS-AGIO,0.004130282439291477,2.003239025721169,0.008294930875576038,0.8301067256949917,"AA,ABSI,ABUS,ACAD,ACEL,ACET,ACIC,ACNT,ACR,ACRS,AD,ADI,ADSE,ADTN,AEIS,AER,AEXA,AFRI,AGCC,AGIO,AGM,AII,AIRG,AIRS,AIV,AKAM,AKO-B,ALKS,ALM,ALNY,ALOT,AMBQ,AMLX","A,AAMI,AAP,AAT,ABCB,ABG,ABVX,ACM,ACNB,ACT,ADT,ADUS,AEG,AEO,AGCO,AGRO,AIT,AKR,ALLE,ALLY,ALRS,AMAL,AMBP,AMCR"
2026-03-20 16:30:00+00:00,L0141,L0142,decay,maturity,0.17889584633390582,0.4718239550230917,0,,5,AAPG-ALC;ACB-ALGN;ACGL-ACVA;ADAG-ALTG;AGX-AMAT,0.00028007934452034533,1.79641659702948,0.020055710306406686,0.6473284462104303,"AAON,AAUC,ABBV,ABM,ABT,ACGL,ACI,ACN,ACTG,ADAG,ADC,ADMA,ADP,AEE,AEP,AES,AFG,AFJK,AFL,AGX,AIG,AIZ,AJG,AKTS,ALC,ALG,ALGN,ALL,ALNT,ALSN,AM,AME,AMGN,AMP","AAL,AAOI,AAPG,AARD,ABAT,ABCL,ABEO,ACB,ACDC,ACHR,ACLS,ACVA,ADM,AEHR,AEM,AERO,AESI,AEVA,AG,AGEN,AGI,AGL,AIP,AIRJ,AIRO,ALB,ALGM,ALGT,ALH,ALMU,ALOY,ALTG,AMAT,AMCI,AMD,AMG,AMKR,QQQ"
2026-03-20 16:45:00+00:00,L0142,L0144,expansion,expansion,0.6304978085092687,0.34023345156624424,0,,12,AAL-ACA;ABX-ALGT;ACCO-ACHR;ACCO-AEVA;ADM-AIR;ADM-ALTO;ADTN-AIT;AESI-AIR;AESI-ALTO;AEVA-AIR;AGNC-AHRT;ALGT-AMPH,0.0007626393926329911,2.570798673673797,0.009375,0.9353252964411032,"AAL,AAOI,AARD,ABAT,ABCB,ABCL,ABEO,ABVX,ACDC,ACHR,ACLS,ACVA,ADM,ADT,ADTN,AEHR,AEM,AERO,AESI,AEVA,AG,AGEN,AGI,AGL,AGNC,AIP,AIRJ,AIRO,AIV,ALB,ALGM,ALGT,ALH,ALLE,ALLY,ALMU,ALOY,ALTG,AMAT,AMCI,AMCR,AMD,AMG,AMKR,QQQ","AAMI,ABEV,ABX,ACA,ACCO,ACHV,ACM,ACMR,ACRE,ACT,ADAM,AEO,AFYA,AGBK,AGCO,AGMB,AHR,AHRT,AIR,AIT,ALHC,ALMS,ALSN,ALTO,ALX,AMH,AMPG,AMPH"
2026-03-20 17:00:00+00:00,L0142,L0141,decay,maturity,1.127830304492201,0.2501308559946121,0,,12,A-ACVA;ABAT-ACTG;ABEO-ACR;ACB-ALNT;ACN-ALLY;ACNB-AEG;ACT-ALLE;AEO-ALLE;AEO-AMCR;AGCO-ALGT;AGEN-AIR;ALGM-ALNT,0.0012075102422386408,2.574195024577632,0.01827956989247312,1.0596790397743228,"AAL,ABAT,ABCB,ABCL,ABEO,ABVX,ACB,ACHR,ACLS,ACNB,ACVA,ADAG,AEVA,AGEN,AGL,AIRJ,AIRO,AKR,ALGM,ALGT,ALH,ALLE,ALLY,ALRS,AMAL,AMCI,AMCR","A,AAMI,AAON,AAP,AAUC,ABBV,ABG,ABM,ABT,ACET,ACGL,ACHV,ACI,ACN,ACR,ACT,ACTG,ADC,ADMA,ADP,ADUS,AEE,AEG,AEO,AEP,AES,AEXA,AFG,AFJK,AFL,AFYA,AGCO,AGMB,AGX,AIG,AIR,AIZ,AJG,ALC,ALG,ALGN,ALL,ALNT,ALSN,AM,AMBP,AME,AMGN,AMP"
2026-03-20 17:00:00+00:00,L0140,L0141,maturity,maturity,0.22700458884329294,0.2501308559946121,0,,4,AAPL-ACTG;ADP-AMCX;AEO-AIOT;AFCG-AFYA,0.000703994301147759,1.623419597559983,0.01827956989247312,0.5517374683252382,"AAPG,AAPL,ABNB,ABR,ACHC,ACIW,ACOG,ACU,ADBE,ADEA,ADNT,ADPT,ADSK,ADT,ADV,AEBI,AEC,AENT,AEYE,AFCG,AFRM,AGO,AGPU,AGYS,AHCO,AI,AIN,AIOT,ALAB,ALAR,ALCO,ALK,ALKT,ALLT,ALRM,ALV,ALVO,AMBA,AMCX,AMN","A,AAMI,AAON,AAP,AAUC,ABBV,ABG,ABM,ABT,ACET,ACGL,ACHV,ACI,ACN,ACR,ACT,ACTG,ADC,ADMA,ADP,ADUS,AEE,AEG,AEO,AEP,AES,AEXA,AFG,AFJK,AFL,AFYA,AGCO,AGMB,AGX,AIG,AIR,AIZ,AJG,ALC,ALG,ALGN,ALL,ALNT,ALSN,AM,AMBP,AME,AMGN,AMP"
2026-03-20 17:15:00+00:00,L0150,L0140,confirmation,maturity,0.7726685531302715,0.4707018211089654,4,ACHC;ADT;AGL;AMBA,4,AAL-AGL;ABR-AGNC;ACHC-ALK;AENT-QQQ,0.0030493011290673167,2.5881346517218873,0.015789473684210523,1.0224131962548744,"AAOI,AAPG,AARD,ABAT,ABCB,ABCL,ABEO,ACDC,ACHC,ACHR,ACLS,ACVA,ADM,ADT,ADTN,ADUR,AEHR,AEM,AERO,AESI,AEVA,AG,AGEN,AGI,AGL,AGNC,AIP,AIRJ,AIRO,ALB,ALGM,ALH,ALMU,ALOY,ALTG,AMAT,AMBA,AMCI,AMD,AMG,AMKR,QQQ","AAL,AAPL,ABNB,ABR,ACA,ACIW,ACOG,ACU,ADBE,ADEA,ADNT,ADPT,ADSK,ADV,AEBI,AENT,AEYE,AFCG,AFRM,AGO,AGPU,AGYS,AHCO,AI,AIN,AIOT,ALAB,ALAR,ALCO,ALK,ALKT,ALLT,ALRM,ALV,ALVO,AMAL,AMCX,AMN"
2026-03-20 17:15:00+00:00,L0144,L0140,expansion,maturity,0.49202396894866085,0.4707018211089654,0,,11,AAPL-AMPG;ACCO-ALV;ACCO-AMAL;ACCO-AMN;ACIW-AHRT;ACM-ADNT;ACM-AGO;AEC-AHCO;AEC-ALK;AFYA-AMN;ALHC-ALV,-0.00046362500870600343,2.4849066497880004,0.015789473684210523,0.9124128205169195,"AAT,ABEV,ABM,ABX,ACB,ACCO,ACET,ACI,ACM,ACMR,ACRE,ACT,ACTG,ADAG,ADAM,AEC,AFG,AFJK,AFYA,AGBK,AGMB,AGRO,AGX,AHR,AHRT,AIR,AIRS,AIT,AIZ,AKTS,ALC,ALG,ALGN,ALHC,ALMS,ALNT,ALSN,ALTO,ALX,AME,AMH,AMPG","AAL,AAPL,ABNB,ABR,ACA,ACIW,ACOG,ACU,ADBE,ADEA,ADNT,ADPT,ADSK,ADV,AEBI,AENT,AEYE,AFCG,AFRM,AGO,AGPU,AGYS,AHCO,AI,AIN,AIOT,ALAB,ALAR,ALCO,ALK,ALKT,ALLT,ALRM,ALV,ALVO,AMAL,AMCX,AMN"
2026-03-20 17:45:00+00:00,L0144,L0140,maturity,maturity,1.2502204829536443,0.5722130988803305,4,ACA;ALCO;AMN;AMPH,11,AAPL-AMPG;ABR-ACA;ABR-AMN;ABR-AMPH;ABX-ALV;ACA-AIN;ACHC-ALHC;ACU-AEC;AEC-AMBA;AGL-ALHC;AIN-ALCO,0.0030866198940202594,3.0110474940229395,0.01431980906921241,1.301639919416309,"AAT,ABEV,ABX,ACA,ACCO,ACM,ACMR,ACRE,ADAM,AEC,AGBK,AGNC,AHR,AHRT,AIT,ALCO,ALHC,ALTO,AMH,AMN,AMPG,AMPH","AAL,AAPG,AAPL,ABNB,ABR,ACHC,ACIW,ACOG,ACU,ADBE,ADEA,ADNT,ADPT,ADSK,ADT,AEBI,AENT,AEYE,AFCG,AFRM,AGL,AGO,AGPU,AGYS,AHCO,AI,AIN,AIOT,ALAB,ALAR,ALK,ALKT,ALLT,ALRM,ALV,ALVO,AMBA,AMCX"
2026-03-20 17:45:00+00:00,L0144,L0150,maturity,maturity,1.2502204829536443,0.7602060072591481,0,,8,ABX-AERO;ACB-AEC;ACB-AMPG;ACCO-ADV;ACVA-ALCO;ADAM-ADM;AGI-AHRT;AIT-ALGT,0.0035801087506115437,2.236232754557172,0.02184873949579832,1.1654634466275005,"AAT,ABEV,ABX,ACA,ACCO,ACM,ACMR,ACRE,ADAM,AEC,AGBK,AGNC,AHR,AHRT,AIT,ALCO,ALHC,ALTO,AMH,AMN,AMPG,AMPH","AAOI,AARD,ABAT,ABCL,ABEO,ACB,ACDC,ACHR,ACLS,ACRS,ACVA,ADM,ADUR,ADV,AEHR,AEM,AERO,AESI,AEVA,AG,AGEN,AGI,AIP,AIRJ,AIRO,ALB,ALGM,ALGT,ALMU,ALOY,ALTG,AMAT,AMCI,AMD,AMG,AMKR,QQQ"
2026-03-20 18:15:00+00:00,L0150,L0153,maturity,maturity,0.7338816762179893,0.8321001486744295,5,ACDC;ACR;AESI;AFJK;ALNT,8,ACB-ACVA;ACB-AGL;ACET-AEM;AEVA-AIRS;AIRS-AMKR;ALB-AMBP;ALGN-ALGT;ALNT-AME,0.0010249826009385288,2.9498191254569397,0.014723926380368098,1.2094579177890157,"AAL,AAOI,AAPG,AARD,ABAT,ABCL,ABEO,ACDC,ACHC,ACHR,ACLS,ACR,ACRS,ACVA,ADM,ADUR,AEHR,AEM,AERO,AESI,AEVA,AFJK,AG,AGEN,AGI,AGL,AIP,AIRJ,AIRO,AKAM,ALB,ALGM,ALGT,ALH,ALMU,ALNT,ALOY,ALTG,AMAT,AMCI,AMD,AMG,AMKR,QQQ","A,AAMI,ABBV,ABG,ABM,ABT,ACB,ACET,ACHV,ACI,ACTG,ADAG,ADC,ADMA,AEE,AEO,AEP,AFG,AFL,AFYA,AGMB,AGX,AIRS,AIZ,AKTS,ALC,ALG,ALGN,ALSN,ALX,AM,AMBP,AME,AMGN"
2026-03-20 18:15:00+00:00,L0155,L0153,confirmation,maturity,0.5376547547932163,0.8321001486744295,1,AEG,11,A-ABCB;A-AMPH;AAP-ALSN;ABG-AEG;ABG-AGCO;ABT-ACN;ABVX-ACHV;ACTG-AGCO;AEE-AKR;AEP-AKR;AME-AMP,0.0005459811654873192,2.6429496103209975,0.014723926380368098,1.0738724625775982,"AAP,ABCB,ABUS,ABVX,ACM,ACN,ACNB,ADP,AEG,AGCO,AGRO,AKR,ALLE,ALLY,ALRS,AMAL,AMCR,AMP,AMPH","A,AAMI,ABBV,ABG,ABM,ABT,ACB,ACET,ACHV,ACI,ACTG,ADAG,ADC,ADMA,AEE,AEO,AEP,AFG,AFL,AFYA,AGMB,AGX,AIRS,AIZ,AKTS,ALC,ALG,ALGN,ALSN,ALX,AM,AMBP,AME,AMGN"
2026-03-20 19:00:00+00:00,L0144,L0140,expansion,maturity,0.599024335580974,0.4466409774027488,3,AAL;AAPG;AEC,10,AAL-ADT;ABR-ACRE;ABX-AIOT;ABX-ALVO;ACHC-ALHC;ACU-AGBK;AEC-AI;AFCG-ALHC;ALAR-ALHC;ALK-AMH,0.0025264958385378122,2.847965730746228,0.015789473684210523,1.0280594476343055,"AAL,AAPG,AAT,ABEV,ABX,ACA,ACCO,ACM,ACMR,ACRE,ADAM,ADUR,AEC,AGBK,AGNC,AGRO,AHR,AHRT,AIT,AKR,AKTS,ALHC,ALMS,ALTO,AMH,AMPG","AAPL,ABNB,ABR,ACHC,ACIW,ACOG,ACU,ADBE,ADEA,ADNT,ADPT,ADSK,ADT,ADV,AEBI,AENT,AEYE,AFCG,AFRM,AGL,AGPU,AGYS,AHCO,AI,AIN,AIOT,ALAB,ALAR,ALCO,ALK,ALKT,ALLT,ALRM,ALV,ALVO,AMBA,AMCX,AMN"
2026-03-20 19:00:00+00:00,L0155,L0140,decay,maturity,0.17948785311811455,0.4466409774027488,3,AGO;ALLE;AMAL,7,ABNB-ADP;ACN-AEYE;ACN-AFCG;ACN-ALAR;ACNB-AFCG;AGO-AGYS;ALLE-ALV,-0.00044453633017838,2.6390573296152584,0.015789473684210523,0.8499714026127052,"ABCB,ABT,ABVX,ACN,ACNB,ADP,AGO,ALLE,ALRS,AMAL","AAPL,ABNB,ABR,ACHC,ACIW,ACOG,ACU,ADBE,ADEA,ADNT,ADPT,ADSK,ADT,ADV,AEBI,AENT,AEYE,AFCG,AFRM,AGL,AGPU,AGYS,AHCO,AI,AIN,AIOT,ALAB,ALAR,ALCO,ALK,ALKT,ALLT,ALRM,ALV,ALVO,AMBA,AMCX,AMN"
2026-03-20 19:00:00+00:00,L0144,L0150,expansion,maturity,0.599024335580974,0.03967443211283428,0,,4,AAOI-ABEV;AAPG-ACHR;ABEV-AMAT;ACCO-AGI,0.0006907334318384528,1.623158028350589,0.022096317280453255,0.6007135849878578,"AAL,AAPG,AAT,ABEV,ABX,ACA,ACCO,ACM,ACMR,ACRE,ADAM,ADUR,AEC,AGBK,AGNC,AGRO,AHR,AHRT,AIT,AKR,AKTS,ALHC,ALMS,ALTO,AMH,AMPG","AAOI,AARD,ABAT,ABCL,ACHR,ACLS,ACRS,ACVA,ADM,ADTN,AEHR,AEM,AERO,AG,AGEN,AGI,AIP,AIRJ,AIRO,AIV,AKAM,ALB,ALGM,ALH,ALMU,ALOY,ALTG,AMAT,AMCI,AMD,AMG,AMKR,QQQ"
2026-03-20 19:00:00+00:00,L0155,L0150,decay,maturity,0.17948785311811455,0.03967443211283428,0,,4,ABCB-AEM;ABCB-AMKR;AIV-AMAL;AMAL-AMCI,-0.0022802987368777394,1.6094379124341003,0.022096317280453255,0.4714226112698777,"ABCB,ABT,ABVX,ACN,ACNB,ADP,AGO,ALLE,ALRS,AMAL","AAOI,AARD,ABAT,ABCL,ACHR,ACLS,ACRS,ACVA,ADM,ADTN,AEHR,AEM,AERO,AG,AGEN,AGI,AIP,AIRJ,AIRO,AIV,AKAM,ALB,ALGM,ALH,ALMU,ALOY,ALTG,AMAT,AMCI,AMD,AMG,AMKR,QQQ"
2026-03-20 19:30:00+00:00,L0144,L0150,expansion,expansion,0.5450272445771307,0.44263922987552595,1,AAL,18,AAL-AAOI;AAL-AARD;AAL-AEHR;AAOI-ACCO;AAOI-AIT;AAPG-ABVX;AAPG-AG;AAPG-AMCI;ABAT-AIT;ABEV-ALMU;ABEV-AMAT;ACCO-AGEN;ACDC-ALTO;AGM-AHRT;AIT-ALGT;AKR-ALB;ALH-AMAL;ALMS-AMD,0.001147462404333055,3.049971670337527,0.028176795580110495,1.0630193792571954,"AAL,AAPG,AAT,ABEV,ACCO,ACM,ACRE,ADAM,AEC,AFJK,AGBK,AGNC,AHR,AHRT,AIT,AKO-B,AKR,ALHC,ALMS,ALTO,AMAL,AMCR,AMH,AMPG,AMPH","AA,AAOI,AARD,ABAT,ABCB,ABCL,ABVX,ACB,ACDC,ACEL,ACHC,ACHR,ACLS,ACRS,ADM,ADTN,ADUR,ADV,AEHR,AEIS,AEM,AERO,AESI,AEVA,AG,AGEN,AGI,AGM,AIP,AIRJ,AIRO,AKAM,ALB,ALGM,ALGT,ALH,ALMU,ALNT,ALOY,ALTG,AMAT,AMCI,AMD,AMG,AMKR,QQQ"
2026-03-20 19:45:00+00:00,L0137,L0150,expansion,maturity,1.2681884191029755,0.7854751301197505,6,AA;AAPG;ABSI;ACNT;ALM;AMLX,87,AA-AAOI;AA-ACRS;AA-ADM;AA-AEHR;AAL-AAP;AAL-AAPG;AAL-ABG;AAL-AEG;AAL-AGCC;AAL-ALRS;AAOI-ABSI;AAOI-ALKS;AAOI-ALM;AAOI-AMLX;AAON-ADV;AAON-AEVA;AAON-ALB;AAON-ALGM;AAP-ABUS;AAP-ADV;AAP-AGEN;AAPG-ADV;AAPG-AERO;AAPG-AGI;AARD-ACIC;AARD-ACNT;AARD-AD;AARD-AKO-B;ABAT-ABSI;ABCB-ACAD;ABCB-ACIC;ABCB-ACNB;ABEO-ACDC;ABEO-ACRS;ABEO-AESI;ABG-ADTN;ABSI-ACB;ABSI-ACDC;ABSI-ACHR;ABSI-ADM;ABSI-AEHR;ABSI-ALMU;ABSI-ALOY;ACAD-ALB;ACAD-ALGM;ACAD-ALTG;ACB-AGRO;ACDC-AGRO;ACIC-ACLS;ACIC-ADV;ACIC-AEM;ACIC-AIP;ACIC-ALTG;ACIC-QQQ;ACNT-ADM;ACNT-AEHR;ACNT-QQQ;AD-ADV;AD-QQQ;ADI-AEVA;ADI-ALB;ADI-ALGM;ADI-AMD;AEG-ALB;AEHR-ALM;AEHR-AMLX;AEM-ALKS;AER-ALB;AER-ALGM;AERO-AGCC;AESI-AGRO;AGEN-AKO-B;AGIO-AKAM;AGIO-ALB;AGIO-QQQ;AGRO-ALMU;AGRO-ALOY;AIP-AMBQ;AIRO-ALM;ALB-AMLX;ALGM-AMBQ;ALGM-AMP;ALH-AMP;ALM-ALMU;ALM-ALOY;ALM-AMKR;AMKR-AMLX,0.010640428867191076,4.615754403879731,0.026740947075208913,1.774048807798032,"AA,AAON,AAP,AAPG,AAUC,ABEO,ABG,ABSI,ABT,ABVX,ACAD,ACGL,ACIC,ACN,ACNB,ACNT,ACR,AD,ADI,ADP,ADUS,AEG,AER,AFCG,AFJK,AFRI,AGCC,AGIO,AGRO,AIG,AII,AIRG,AIV,AJG,AKO-B,ALKS,ALL,ALLY,ALM,ALNY,ALOT,ALRS,AMBQ,AMCI,AMLX,AMP","AAL,AAOI,AARD,ABAT,ABCB,ABCL,ABUS,ACB,ACDC,ACEL,ACHR,ACLS,ACRS,ADM,ADTN,ADV,AEHR,AEIS,AEM,AERO,AESI,AEVA,AG,AGEN,AGI,AGM,AIP,AIRJ,AIRO,AKAM,ALB,ALGM,ALH,ALMU,ALNT,ALOY,ALTG,AMAT,AMD,AMG,AMKR,QQQ"
2026-03-23 13:45:00+00:00,L0158,L0157,confirmation,confirmation,0.5485498363519593,1.0257294931488976,5,A;ACCO;AFYA;AIZ;AMN,51,A-ACVA;A-ADBE;A-ALKT;ABAT-ALX;ABBV-ACRS;ABBV-ALAR;ABEO-ACRS;ABSI-ACR;ACCO-ADBE;ACCO-ADSK;ACCO-ADT;ACCO-AEYE;ACCO-ALCO;ACET-AMPG;ACHC-AGX;ACHC-ALHC;ACHC-AM;ACHR-AGX;ACHR-ALX;ACNT-ACTG;ACNT-AGX;ACR-ACRS;ACRS-ACTG;ACTG-AMG;AD-AFYA;AD-ALKS;ADAM-ALOT;ADBE-AFYA;ADBE-AHRT;ADBE-AMN;ADC-ALM;ADM-ALX;ADSK-AFYA;ADSK-AIZ;ADSK-AMN;AEYE-AIZ;AEYE-ALX;AGX-AMG;AI-ALX;AIZ-ALCO;AIZ-AMG;AJG-ALC;AJG-ALKS;AJG-ALL;AJG-AMN;ALAR-ALHC;ALAR-ALKS;ALAR-ALX;ALKT-AMN;ALM-ALX;ALX-AMG,0.008288723067380488,4.140414717928747,0.02,1.5103874783324438,"A,AAT,AAUC,ABBV,ABEO,ABT,ACCO,ACGL,ACN,ACR,ACRE,ACT,ACTG,ADAM,ADC,ADP,ADUR,AEC,AEE,AEP,AES,AEXA,AFCG,AFG,AFJK,AFL,AFRI,AFYA,AGNC,AGO,AGX,AHR,AHRT,AIG,AIV,AIZ,AKR,ALC,ALHC,ALKS,ALL,ALMS,ALX,AM,AMGN,AMH,AMN,AMPG","ABAT,ABR,ABSI,ACB,ACDC,ACET,ACHC,ACHR,ACI,ACNT,ACRS,ACVA,AD,ADAG,ADBE,ADM,ADSE,ADSK,ADT,AEHR,AESI,AEYE,AFBI,AGPU,AGRO,AI,AIRJ,AIRO,AIRS,AJG,ALAR,ALCO,ALKT,ALLT,ALM,ALMU,ALOT,ALOY,ALTO,ALVO,AMG"
2026-03-23 13:45:00+00:00,L0159,L0157,confirmation,confirmation,0.8689652358780451,1.0257294931488976,0,,1,ABCB-ACVA,0.014147188980132341,1.2280951757294292,0.02,0.8784322126404401,"AAL,AAPG,AAPL,AARD,ABCB,ABCL,ABUS,ABVX,ACAD,ACHV,ACNB,ACOG,ADI,ADNT,ADV,AEG,AENT,AFRM,AGEN,AGIO,AGL,AGM,AGYS,AIN,AIOT,AIP,ALGT,ALH,ALK,ALLE,ALLY,ALNY,ALRM,ALV,AMAL,AMCI,AMCX,AMP,AMPH","ABAT,ABR,ABSI,ACB,ACDC,ACET,ACHC,ACHR,ACI,ACNT,ACRS,ACVA,AD,ADAG,ADBE,ADM,ADSE,ADSK,ADT,AEHR,AESI,AEYE,AFBI,AGPU,AGRO,AI,AIRJ,AIRO,AIRS,AJG,ALAR,ALCO,ALKT,ALLT,ALM,ALMU,ALOT,ALOY,ALTO,ALVO,AMG"
2026-03-23 14:30:00+00:00,L0150,L0159,decay,maturity,1.2514334321205327,0.5239011661782552,2,AERO;ALG,18,AAL-ABNB;AAOI-ADUR;AAOI-AIRG;AAON-AMBA;ABEV-AGMB;ABNB-AMBP;ACA-AIRG;ACMR-AIRG;ACU-AER;ADPT-AIOT;ADUR-AEIS;AEG-AEVA;AER-ALK;AERO-AIP;AEVA-AFRM;AFRM-ALAB;AIP-AKTS;ALG-ALGT,0.006564083159901202,3.16363404296894,0.01276595744680851,1.3254237838488925,"AA,AAOI,ABNB,ACA,ACLS,ACMR,ADI,ADPT,AEBI,AEHR,AEIS,AEM,AEO,AER,AERO,AEVA,AG,AGBK,AGCC,AGI,AGMB,AHCO,AIRJ,AIRS,AKAM,AKO-B,AKTS,ALAB,ALB,ALG,ALGM,ALHC,ALKS,AMAT,AMBA,AMD,AMKR,QQQ","AAL,AAON,AAPG,AAPL,ABCB,ABCL,ABEV,ABVX,ACNB,ACOG,ACU,ADNT,ADUR,ADV,AEG,AFRM,AGL,AGM,AGYS,AIN,AIOT,AIP,AIRG,ALGT,ALK,ALLE,ALLY,ALRM,ALV,AMAL,AMBP,AMCI,AMCR,AMCX,AMP"
2026-03-23 14:45:00+00:00,L0165,L0159,confirmation,expansion,0.9112040303754171,0.7331871883101,0,,8,AAMI-AAON;ACEL-ALNT;ADTN-AGCO;AGCO-ALLY;AIT-ALNT;AIT-AMBQ;ALG-ALLT;ALGN-AMCX,0.001705281320028007,2.215994878067164,0.013793103448275862,1.0493850506396876,"AAMI,ABX,ACIW,AD,ADEA,AGCO,AIR,ALGN,ALLT,ALNT,AMBQ","AAL,AAON,AAP,AAPG,AAPL,ABCB,ABCL,ABEV,ABG,ABUS,ABVX,ACEL,ACNB,ACOG,ACU,ADNT,ADTN,ADUS,ADV,AEG,AERO,AFRM,AGL,AGM,AGO,AGYS,AII,AIN,AIOT,AIP,AIT,ALG,ALGT,ALH,ALK,ALLE,ALLY,ALRM,ALRS,ALSN,ALV,AMAL,AMBP,AMCI,AMCR,AMCX,AME,AMP"
2026-03-23 15:15:00+00:00,L0150,L0159,expansion,maturity,1.1695620232478496,0.8176509652550059,0,,8,AAOI-AFRM;ABCL-ADUR;ABCL-AEHR;ABNB-AMBP;AEVA-AGL;AFRM-ALAB;AFYA-ALG;AGM-AIRG,0.004727907886262983,2.248423561631711,0.01276595744680851,1.1601846805758058,"A,AA,AAOI,ABNB,ACA,ADAG,ADI,ADPT,ADUR,AEHR,AEIS,AEM,AEO,AEVA,AFYA,AG,AGBK,AGCC,AGI,AIRG,AKO-B,AKTS,ALAB,ALGM,ALKS,AMAT,AMD,AMKR,QQQ","AAL,AAPG,AAPL,ABCB,ABCL,ABEV,ABVX,ACNB,ACOG,ACU,ADNT,ADV,AEG,AERO,AFRM,AGL,AGM,AGYS,AIN,AIOT,AIP,ALG,ALGT,ALK,ALLE,ALLY,ALRM,ALRS,ALV,AMAL,AMBP,AMCI,AMCR,AMCX,AMP"
2026-03-23 15:30:00+00:00,L0159,L0150,maturity,maturity,0.5349117460054884,0.7248213482159431,0,,6,ADPT-ADUS;ADUS-AIRG;AEIS-ALV;AGMB-ALLY;AIRG-ALG;ALK-QQQ,-0.003935372456908226,1.9459101490553132,0.022349570200573068,0.8677499010603437,"AAL,AAPG,AAPL,ABCB,ABEV,ABM,ABVX,ACNB,ACOG,ACU,ADNT,ADTN,ADUS,ADV,AEG,AGL,AGM,AGYS,AIN,AIOT,ALG,ALGT,ALK,ALLE,ALLY,ALRM,ALV,AMAL,AMBP,AMCI,AMCR,AMCX,AMN,AMP","AA,AAOI,ACA,ADI,ADPT,ADUR,AEHR,AEIS,AEM,AEO,AEVA,AFRM,AG,AGBK,AGI,AGMB,AIRG,AIRS,AKTS,ALAB,ALGM,ALKS,ALLT,AMAT,AMBA,AMD,AMG,AMKR,QQQ"
2026-03-23 15:45:00+00:00,L0167,L0157,expansion,maturity,0.6331601062078812,0.5173136544253301,1,ACIW,6,ACEL-ACHR;ACHR-AKTS;ACIW-ADSK;ADAG-ADUS;ADAG-AKAM;ADT-AHCO,0.003674602892715484,2.237242012474323,0.026845637583892617,0.9084794769461281,"AAMI,AAON,AAP,ABG,ABNB,ABUS,ABX,ACEL,ACIW,ACLS,ACMR,ADEA,ADI,ADUS,AEBI,AER,AERO,AGCC,AGCO,AHCO,AII,AIR,AIRG,AIT,AKAM,AKO-B,AKTS,ALB,ALG,ALGN,ALH,ALNT,ALSN,ALTG,AMBQ,AME","ABAT,ABCL,ABR,ABSI,ACB,ACCO,ACDC,ACET,ACHC,ACHR,ACI,ACNT,ACRS,ACTG,ACVA,ADAG,ADBE,ADM,ADSE,ADSK,ADT,AEC,AESI,AEYE,AFBI,AGPU,AGRO,AGX,AI,AIZ,AJG,ALAR,ALCO,ALKT,ALMU,ALOT,ALOY,ALTO,ALVO,ALX,AMPG"
2026-03-23 16:00:00+00:00,L0158,L0150,maturity,expansion,0.47165670210911004,0.29587230853828056,0,,7,A-AMN;AAT-ACNT;ACCO-AEVA;AD-ALLT;ADM-AKR;AFCG-ALHC;ALKS-ALL,0.00664561812300235,2.159241352044698,0.02113821138211382,0.7732397729127087,"AARD,AAT,AAUC,ABBV,ABEO,ABT,ACCO,ACGL,ACIC,ACM,ACN,ACR,ACRE,ACRS,ACT,ACTG,AD,ADAG,ADAM,ADC,ADP,ADT,AEE,AENT,AEP,AES,AEXA,AFCG,AFG,AFJK,AFL,AFRI,AGEN,AGIO,AGNC,AGO,AHR,AHRT,AIG,AIP,AIV,AIZ,AJG,AKR,ALC,ALL,ALMS,ALNY,ALOT,AM,AMGN,AMH,AMLX,AMN,AMPG","A,AA,AAOI,ABAT,ABCL,ABNB,ABR,ABSI,ACA,ACB,ACHC,ACHR,ACLS,ACNT,ADBE,ADM,ADPT,ADUR,AEBI,AEC,AEHR,AEIS,AEM,AEO,AEVA,AFRM,AFYA,AG,AGI,AGX,AI,AIRG,AIRJ,AIRO,AIRS,ALAB,ALAR,ALGM,ALHC,ALKS,ALLT,ALM,ALX,AMAT,AMBA,AMD,AMG,AMKR,QQQ"
2026-03-23 16:30:00+00:00,L0158,L0150,expansion,maturity,0.7596472206618188,1.3216774178208255,2,ACIW;ADBE,5,A-ADSK;A-AMN;AAOI-AMN;AFRI-AKO-B;AGNC-AIRG,0.0027438407705631107,2.3296538147467927,0.021910112359550562,1.210097362085424,"AARD,AAT,AAUC,ABBV,ABEO,ABM,ABT,ACCO,ACGL,ACHV,ACIC,ACIW,ACN,ACR,ACRE,ACRS,ACT,ACTG,ACVA,ADAG,ADAM,ADBE,ADC,ADP,ADSK,ADT,AEE,AENT,AEP,AES,AEXA,AEYE,AFCG,AFG,AFJK,AFL,AFRI,AGEN,AGIO,AGNC,AGO,AGPU,AHR,AHRT,AIG,AIV,AIZ,AJG,AKR,ALC,ALCO,ALKT,ALL,ALMS,ALNY,ALOT,ALVO,AM,AMGN,AMH,AMLX,AMN,AMPG","A,AA,AAOI,ABAT,ABCL,ABNB,ACA,ACHR,ACLS,ACMR,ADPT,ADUR,AEBI,AEHR,AEIS,AEM,AEVA,AFRM,AFYA,AG,AGI,AGMB,AIRG,AIRJ,AIRS,AKO-B,ALAB,ALB,ALGM,ALHC,ALK,ALLT,AMAT,AMD,AMKR,QQQ"
2026-03-23 16:45:00+00:00,L0158,L0168,decay,maturity,0.46800061047548447,0.39917738723927554,0,,6,AAT-ACHC;ABR-AM;ACHC-AHRT;ADC-ALOY;AEYE-AMN;ALC-ALTO,0.0020180839928798378,1.9743321610527433,0.022388059701492536,0.7570946485328377,"AAT,AAUC,ABT,ACCO,ACGL,ACIC,ACN,ACR,ACRE,ACT,ACTG,ADAG,ADAM,ADC,ADP,ADT,AEC,AEE,AENT,AEP,AES,AFCG,AFG,AFJK,AFL,AFRI,AGNC,AGO,AHR,AHRT,AIG,AIV,AIZ,AJG,AKR,ALC,ALL,ALNY,ALOT,ALX,AM,AMGN,AMH,AMN","ABR,ABSI,ACB,ACDC,ACET,ACHC,ACI,ACNT,ACVA,ADM,ADSE,ADSK,AESI,AEYE,AFBI,AGPU,AGRO,AGX,ALCO,ALKT,ALMU,ALOY,ALTO,ALVO,AMG"
2026-03-23 17:00:00+00:00,L0158,L0167,maturity,maturity,0.4907406978345544,0.4200387466565921,0,,7,ACAD-AGEN;ACCO-AIP;ACEL-ADMA;ACIC-AGNC;ACM-ADAM;AEC-ALH;AGCC-AHRT,0.0007247585454024374,2.0884602325699753,0.013559322033898305,0.7973827897949225,"AARD,AAUC,ABBV,ABEO,ABT,ACCO,ACET,ACGL,ACHV,ACN,ACR,ACRS,ADAG,ADAM,ADC,ADMA,ADP,ADT,ADUS,AEC,AEE,AENT,AEP,AES,AEXA,AFCG,AFG,AFJK,AFL,AFRI,AGEN,AGIO,AGNC,AGO,AHRT,AIG,AIV,AJG,ALC,ALHC,ALL,ALMS,ALNY,ALOT,AM,AMGN,AMH,AMLX","AAMI,AAON,AAP,ABG,ABUS,ACAD,ACEL,ACIC,ACM,ACT,ADEA,AER,AGCC,AGCO,AHCO,AHR,AII,AIP,AIT,AKAM,ALB,ALGN,ALH,ALNT,ALSN,ALTG,AMBQ,AME,AMPH"
2026-03-23 17:15:00+00:00,L0167,L0158,maturity,expansion,0.8203047125505581,0.5090910208246343,1,AKAM,9,AAT-ACEL;ACEL-ACT;ACHV-AKAM;ACIC-AGCC;ACM-AKAM;AGCO-AKR;AGEN-AKAM;AIP-AMLX;AIZ-ALNT,0.002638583959196694,2.5066565951818873,0.01839080459770115,1.0282414894976848,"AAMI,AAP,ABG,ACEL,ACIW,AD,ADEA,AEBI,AER,AGBK,AGCC,AGCO,AHCO,AII,AIP,AIR,AIRS,AIT,AKAM,ALB,ALGN,ALH,ALLT,ALNT,ALSN,ALTG,AMBP,AMBQ","AARD,AAT,AAUC,ABBV,ABEO,ABM,ABT,ACAD,ACCO,ACGL,ACHV,ACIC,ACM,ACN,ACR,ACRE,ACRS,ACT,ACTG,ADAG,ADAM,ADBE,ADC,ADMA,ADP,ADSK,ADT,AEE,AENT,AEP,AES,AEXA,AEYE,AFCG,AFG,AFJK,AFL,AFRI,AGEN,AGIO,AGNC,AGO,AHR,AHRT,AIG,AIV,AIZ,AJG,AKR,ALC,ALKT,ALL,ALMS,ALNY,ALOT,AM,AMGN,AMH,AMLX,AMN,AMPH"
2026-03-23 17:30:00+00:00,L0150,L0167,maturity,expansion,0.3522033366457141,0.730381628125017,3,AFRM;AMAT;AMKR,4,AA-ACA;ACA-AKO-B;ADUR-AGI;AFRM-AMBA,-0.003973722516093403,2.3978952727983707,0.020224719101123594,0.9272830154959806,"A,AA,AAOI,ABAT,ABCL,ABNB,ACHR,ACVA,ADPT,ADSK,ADUR,AEHR,AEVA,AEYE,AFRM,AFYA,AG,AGMB,AGPU,AIRJ,AIRS,AKO-B,ALAB,ALCO,ALKT,ALLT,ALVO,AMAT,AMD,AMKR,QQQ","AAMI,AAON,AAP,ABUS,ABX,ACA,ACEL,ACIW,ACLS,ACMR,ADEA,ADI,AEBI,AEIS,AEM,AEO,AER,AGBK,AGCC,AGCO,AGI,AHCO,AII,AIR,AIT,AKTS,ALB,ALGM,ALGN,ALH,ALNT,ALSN,ALTG,AMBA,AMBQ"
2026-03-23 18:30:00+00:00,L0158,L0172,decay,expansion,0.11477698336699556,0.4470478720868294,0,,7,ADAG-AKTS;ADSK-ADUR;AEC-AKTS;AEVA-AGMB;AEYE-ALLT;AGMB-AKO-B;ALC-QQQ,0.0032806863309815526,2.119631572524885,0.025210084033613446,0.7022368623724107,"AAT,ABM,ACCO,ACGL,ACIC,ACR,ACRE,ACT,ACTG,ACVA,ADAG,ADBE,ADC,ADSK,ADT,AEC,AEE,AEP,AES,AEXA,AEYE,AFG,AGMB,AGPU,AHR,AIG,AIZ,AJG,AKR,ALC,ALCO,ALKT,ALL,ALOT,ALVO,ALX,AM,AMH,AMN","A,AA,AAOI,ABAT,ABCL,ABX,ACA,ACHR,ACIW,ACLS,ACMR,ADI,ADPT,ADUR,AEBI,AEHR,AEIS,AEM,AEO,AEVA,AFRM,AFYA,AG,AGI,AIR,AIRG,AIRJ,AIRS,AKO-B,AKTS,ALAB,ALGM,ALKS,ALLT,AMAT,AMBA,AMD,AMKR,QQQ"
2026-03-23 18:45:00+00:00,L0172,L0158,decay,expansion,0.06485851864549494,0.37352492547922844,0,,8,ABM-ALNT;ACEL-AKAM;ACLS-ADMA;ACM-AEBI;ACR-AEO;ACTG-ALNT;ADI-ALC;AFRM-AKAM,0.0007282983278855681,2.205284214670327,0.017957746478873236,0.6855297488768297,"ABX,ACA,ACEL,ACIW,ACLS,ACMR,ADEA,ADI,AEBI,AEIS,AEM,AEO,AER,AFRM,AG,AGCO,AGI,AHCO,AIR,AIRG,AIRS,AKO-B,AKTS,ALAB,ALB,ALGM,ALGN,ALNT,AMAT,AMBA,AMBQ,AMD,AMG,AMKR,QQQ","AARD,AAUC,ABBV,ABM,ABT,ACAD,ACCO,ACGL,ACHV,ACIC,ACM,ACN,ACR,ACRS,ACT,ACTG,ADBE,ADC,ADMA,ADP,ADSK,ADT,AEE,AENT,AEP,AES,AEXA,AEYE,AFCG,AFG,AFJK,AFL,AFRI,AGEN,AGIO,AGNC,AGO,AHR,AHRT,AIG,AII,AIV,AIZ,AJG,AKAM,AKR,ALC,ALKT,ALL,ALMS,ALNY,ALOT,ALX,AM,AMGN,AMH,AMLX,AMN,AMPH"
2026-03-23 19:15:00+00:00,L0171,L0172,maturity,maturity,0.32607941885395997,0.37923056168863856,7,ABM;ACVA;ADSK;AEYE;ALC;ALCO;AMN,28,A-ADBE;AA-ALC;AAOI-ADSK;AAT-ACLS;ABAT-ALCO;ABX-ACCO;ABX-AEC;ABX-ALC;ABX-AMN;ACHR-ACRE;ACHR-ALX;ACLS-AMN;ACRE-AEM;ACVA-AFRM;AD-AKR;ADAG-ALM;ADAM-AEM;ADBE-AEO;ADBE-ALKS;ADPT-ALC;ADSK-ADUR;ADT-AIRJ;ADT-ALKS;ADUR-AMN;AFYA-AIZ;AIRJ-AKR;AMAT-AMN;AMKR-AMN,0.0021806159056723118,3.7662585002480427,0.023140495867768594,1.1566286936049557,"AAT,ABM,ABR,ACCO,ACHC,ACNT,ACRE,ACTG,ACU,ACVA,ADAG,ADAM,ADBE,ADC,ADM,ADSK,ADT,AEC,AEE,AENT,AEP,AEYE,AFG,AGX,AHRT,AIZ,AJG,AKR,ALC,ALCO,ALHC,ALOT,ALX,AM,AMH,AMN","A,AA,AAOI,ABAT,ABCL,ABX,ACA,ACHR,ACIW,ACLS,ACMR,AD,ADI,ADPT,ADUR,AEBI,AEHR,AEIS,AEM,AEO,AEVA,AFRM,AFYA,AG,AGI,AI,AIR,AIRJ,AIRO,AIRS,AKO-B,AKTS,ALAB,ALAR,ALGM,ALKS,ALKT,ALLT,ALM,AMAT,AMD,AMG,AMKR,QQQ"
2026-03-23 19:30:00+00:00,L0172,L0171,maturity,expansion,0.47646572796499376,0.34504243522688294,5,AGMB;ALC;ALCO;ALKS;AMN,36,A-ADP;A-AHRT;AAUC-AGMB;AAUC-ALCO;ABCL-ADP;ABM-AFCG;ABT-ALC;ABT-ALTO;ACHR-AFCG;ACN-ADSK;ACN-AEYE;ACN-ALC;ACT-AMN;ACVA-ADP;ACVA-AGO;ADC-ADSE;ADC-AGMB;ADI-AGNC;ADP-ADSK;ADP-AEYE;ADP-AGPU;ADP-ALAR;ADP-ALKT;ADPT-AGNC;ADPT-AIV;ADSK-AFL;ADT-AMN;AEM-AFCG;AFG-AMN;AFL-ALC;AGMB-AIV;AGO-ALCO;AIV-AKO-B;AIV-ALC;AIV-AMN;AKR-ALKS,-0.00147920087329112,3.8501476017100584,0.015476190476190475,1.2113107779565062,"A,AA,AAOI,ABAT,ABCL,ABM,ABX,ACA,ACHR,ACVA,ADI,ADPT,ADSE,ADSK,ADUR,AEHR,AEM,AEVA,AEYE,AFYA,AG,AGMB,AGPU,AKO-B,ALAB,ALAR,ALC,ALCO,ALGM,ALKS,ALKT,ALTO,ALVO,AMAT,AMD,AMG,AMKR,AMN,AMPG,QQQ","AAT,AAUC,ABT,ACCO,ACGL,ACIC,ACN,ACR,ACRE,ACT,ACTG,ADAG,ADBE,ADC,ADP,ADT,AEE,AENT,AEP,AES,AFCG,AFG,AFJK,AFL,AGNC,AGO,AHRT,AIG,AII,AIV,AIZ,AJG,AKR,ALL,ALMS,ALOT,ALX,AM,AMGN,AMH"
2026-03-23 19:45:00+00:00,L0159,L0158,expansion,expansion,1.068315448709337,0.4744366204340218,0,,27,AAON-ALRS;AARD-ABEV;AARD-AGBK;AARD-AGYS;AARD-ALRM;ABEV-AGIO;ABVX-ACT;ABVX-ALNY;ACAD-AGBK;ACAD-AGYS;ACEL-AMCX;ACHV-AGBK;ACHV-AGYS;ACHV-ALRM;ACIC-AGCC;ACIC-AMAL;ACR-AGCC;ACTG-AIT;ACTG-ALSN;ACU-AKTS;AGBK-AGIO;AGIO-AGYS;AGNC-ALK;AGNC-AME;AIP-AMPG;AIT-AMLX;AKTS-AME,0.005040943739004433,3.350047739198294,0.009638554216867469,1.3017833386751112,"AAL,AAPG,AAPL,ABCB,ABEV,ABG,ABM,ABNB,ABVX,ACNB,ACOG,ACU,ADNT,ADTN,ADUS,ADV,AEG,AER,AERO,AGBK,AGCC,AGL,AGM,AGYS,AIN,AIOT,AIT,ALG,ALGT,ALK,ALLE,ALLY,ALRM,ALRS,ALSN,ALV,AMAL,AMBP,AMCI,AMCR,AMCX,AME,AMP,AMPG","AAMI,AAON,AAP,AARD,ABUS,ACAD,ACEL,ACHV,ACIC,ACM,ACR,ACT,ACTG,ADAG,ADMA,AFCG,AFRI,AGEN,AGIO,AGNC,AHR,AII,AIP,AKAM,AKTS,ALNY,ALTG,AMLX,AMPH"
2026-03-24 14:00:00+00:00,L0186,L0184,confirmation,maturity,0.6812640142698827,0.38830443699902895,2,AER;AES,19,A-ALLE;ABVX-AIT;ACDC-ACTG;ACMR-AMPH;ADI-AMGN;ADI-AMP;AEIS-ALKS;AEIS-ALLY;AER-AIT;AER-ALSN;AES-AMPH;AESI-AM;AFYA-ALL;AHRT-ALLE;AIR-ALSN;AIRO-AMP;AMAT-AMPH;AMBA-AMPH;AMCI-AMPH,0.00400902875844622,3.1946201347229444,0.017422867513611613,1.1221389991884514,"A,AA,AAOI,AAON,ABVX,ACDC,ACLS,ACMR,AD,ADEA,ADI,ADSE,ADUR,ADV,AEHR,AEIS,AEM,AER,AES,AESI,AEVA,AFYA,AG,AGEN,AGI,AHRT,AIR,AIRG,AIRO,AIRS,AKAM,AKO-B,ALB,ALGM,ALMU,ALTO,AMAT,AMBA,AMCI,AMD,AME,AMKR,AMPG","AAPL,AAT,AAUC,ABBV,ABCB,ACCO,ACGL,ACI,ACT,ACTG,ADC,ADM,ADT,AEE,AEP,AFG,AFL,AFRI,AGO,AHCO,AHR,AIG,AIRJ,AIT,AIZ,AJG,AKR,ALKS,ALL,ALLE,ALLY,ALOT,ALSN,ALV,AM,AMBP,AMCR,AMGN,AMH,AMP,AMPH"
2026-03-24 14:15:00+00:00,L0184,L0183,expansion,maturity,1.1832957519300704,0.8603397470040083,3,ABCB;ALKS;ALLY,25,AAT-ACNT;AAT-ACU;ABCB-ACEL;ABCB-AEC;ABCB-AKTS;ABR-ACA;ACA-AMCR;ACA-AMP;ACEL-AKR;ACIC-ALL;ACNT-ADC;ACRE-AKR;ACU-AFL;ADNT-ALKS;ADTN-AER;ADTN-ALOT;ADUS-AMLX;AGCC-ALOT;AGM-ALSN;AGRO-AM;AHCO-ALRS;ALKS-ALRS;ALKS-AMAL;ALLY-AMAL;ALLY-AMN,0.0032465127733303234,3.4758301365821906,0.0136986301369863,1.4841029783463193,"AAPL,AAT,AAUC,ABBV,ABCB,ABR,ACCO,ACGL,ACI,ACT,ACTG,ADAG,ADC,ADM,ADT,ADUS,AEE,AEP,AER,AES,AFG,AFL,AFRI,AGO,AHCO,AHR,AIG,AIRJ,AIT,AIV,AIZ,AJG,AKR,ALKS,ALL,ALLE,ALLY,ALOT,ALSN,ALV,AM,AMBP,AMCR,AMGN,AMH,AMP","AAMI,AAON,ABEO,ABM,ABX,ACA,ACEL,ACET,ACIC,ACNT,ACR,ACRE,ACU,ADNT,ADPT,ADTN,AEC,AGCC,AGM,AGPU,AGRO,AGX,AII,AIP,AKTS,ALCO,ALNT,ALNY,ALRS,ALTG,ALX,AMAL,AMCX,AMG,AMLX,AMN"
2026-03-24 14:30:00+00:00,L0184,L0187,maturity,confirmation,0.4931711107230124,0.15165345765741978,0,,12,ABCL-AGMB;ABG-AGMB;ACCO-ALLE;ACOG-AFRI;ADC-AIRJ;ADC-ALG;AER-AGCO;AFRI-ALG;AGCO-AIZ;AIRJ-ALSN;AIRJ-AMGN;AIT-ALG,-0.0001675307285040617,2.5649493574615367,0.0049586776859504135,0.8354285115324064,"A,AAPL,AAT,AAUC,ABBV,ABR,ACDC,ACGL,ACI,ACNT,ACT,ACTG,ADAG,ADC,ADM,ADSE,ADT,ADUS,AEE,AEP,AER,AFG,AFL,AFRI,AGMB,AGO,AHR,AHRT,AIG,AIT,AIV,AIZ,AJG,AKR,ALL,ALLE,ALOT,ALSN,ALV,AM,AMBP,AMCR,AMGN,AMH,AMP","ABCL,ABG,ACCO,ACHC,ACNB,ACOG,AGCO,AGIO,AIN,AIRJ,ALG"
2026-03-24 14:45:00+00:00,L0184,L0186,maturity,maturity,0.471866161521839,0.5845922137326238,0,,14,A-ALV;AAPL-ACMR;AAPL-AEIS;AAPL-ALGM;ABNB-ALCO;ACCO-ALB;ACOG-ACT;ACOG-ADAG;ACOG-ADC;AD-ADAG;ADUS-AHRT;AEIS-AKTS;AEIS-ALCO;ALCO-AMBA,0.001631226041354239,2.718866335530057,0.026446280991735537,1.0006210386076133,"AAPL,AAT,AAUC,ABBV,ABCB,ACCO,ACEL,ACGL,ACI,ACRE,ACT,ACTG,ACU,ADAG,ADC,ADSE,ADT,ADUS,AEC,AEE,AEP,AER,AES,AFG,AFL,AGL,AGO,AHR,AIG,AIRJ,AIT,AIV,AIZ,AJG,AKR,AKTS,ALCO,ALL,ALLE,ALOT,ALV,AMBP,AMCR,AMGN,AMH,AMPH","A,AA,AAOI,ABAT,ABEV,ABNB,ABSI,ABVX,ACDC,ACHR,ACLS,ACMR,ACNT,ACOG,AD,ADEA,ADUR,AEHR,AEIS,AEM,AEVA,AG,AGCO,AGEN,AGI,AHRT,AI,AIRG,AIRO,AIRS,AKAM,AKO-B,ALB,ALC,ALG,ALGM,ALGT,ALMU,ALTO,AMAT,AMBA,AMBQ,AME,AMKR,AMPG,QQQ"
2026-03-24 15:15:00+00:00,L0183,L0188,maturity,confirmation,0.24074643031878198,0.578145966020986,0,,6,AAPL-ADNT;ACEL-ALSN;ACRE-ALSN;ADNT-AFYA;AIP-AMPH;AIR-ALGM,0.0020034078042954206,1.9741283555171656,0.03409090909090909,0.7443134441448582,"AAMI,AAON,ABCB,ABR,ABX,ACA,ACB,ACEL,ACET,ACIC,ACR,ACRE,ACU,ADNT,ADPT,AEC,AFRI,AGM,AGNC,AGPU,AGRO,AGX,AII,AIP,AIR,ALLY,ALRS,ALTG,ALX,AMAL,AMCX,AMG,AMN,AMP","AA,AAOI,AAPL,ABVX,ACDC,ACLS,ACMR,AD,ADEA,ADI,ADTN,ADUR,ADV,AEHR,AEIS,AEM,AEVA,AFYA,AG,AGI,AHRT,AIRG,AIRO,AIRS,AKAM,AKO-B,ALB,ALGM,ALMU,ALSN,ALTO,AMAT,AMBA,AMBQ,AMD,AMKR,AMPG,AMPH,QQQ"
2026-03-24 16:00:00+00:00,L0192,L0183,confirmation,maturity,0.8755515267284906,0.48079889124751063,15,ABCB;ABEO;ABNB;ABX;AEBI;AEC;AIN;AIV;AKTS;ALAR;ALCO;ALH;ALNY;AMD;AMLX,3,ABX-ADNT;AKTS-AMN;ALNY-ALRS,0.002345801118281088,3.5332362476176633,0.0136986301369863,1.2922689818177642,"ABCB,ABEO,ABNB,ABSI,ABX,ACB,AEBI,AEC,AIN,AIV,AKTS,ALAR,ALCO,ALH,ALNY,AMD,AMLX","AAON,AAUC,ACA,ACGL,ACIC,ACR,ACU,ADM,ADNT,ADPT,ADTN,ADV,AESI,AFRI,AFYA,AGCC,AGM,AGPU,AGRO,AGX,AHCO,AII,AIP,AIR,ALKS,ALLY,ALNT,ALRS,ALTG,ALTO,ALX,AM,AMAL,AMCX,AMG,AMN"
2026-03-24 16:15:00+00:00,L0183,L0188,maturity,expansion,0.7279172328569703,0.7120801991630545,1,AMD,6,AAOI-AEC;AAOI-ALTG;ABVX-ALLY;ADPT-AIP;AEIS-ALTG;AIP-AMD,0.002364701998885721,2.2231597996689665,0.024347826086956518,0.9914413534362926,"AAON,ABCB,ABEO,ABM,ABNB,ABX,ACA,ACIC,ACR,ACU,ADNT,ADPT,AEBI,AEC,AFRI,AGM,AGNC,AGPU,AGRO,AGX,AII,AIN,AIR,AIV,AKTS,ALAR,ALCO,ALH,ALLY,ALNY,ALRS,ALTG,ALX,AMAL,AMCX,AMD,AMG,AMLX,AMN","AA,AAOI,ABVX,ACDC,ACLS,ACMR,AD,AEHR,AEIS,AEM,AEVA,AG,AGCC,AGI,AHRT,AIP,AIRG,AIRS,AKAM,AKO-B,ALGM,ALMU,AMAT,AMBA,AMKR,AMPG"
2026-03-24 16:30:00+00:00,L0181,L0188,expansion,expansion,0.7501091902760338,0.3661926107127398,2,ABAT;ACHR,10,AARD-AD;AARD-AEM;ACRS-AKO-B;ADUR-AEVA;ADUR-AIRO;AEHR-AFRM;AEVA-AI;AFRM-AGI;AFRM-AMBA;AIN-ALGT,0.00404743361286819,2.734675472467266,0.025714285714285714,1.0224165512705914,"AAL,AAP,AAPG,AARD,ABAT,ABCB,ABEO,ABEV,ABG,ABM,ABNB,ABSI,ABT,ABUS,ACAD,ACB,ACHC,ACHR,ACHV,ACIW,ACM,ACN,ACNB,ACRS,ACVA,ADAG,ADAM,ADBE,ADMA,ADP,ADSK,ADT,ADUR,ADUS,AEBI,AEG,AENT,AEO,AERO,AEXA,AEYE,AFBI,AFCG,AFRM,AGBK,AGEN,AGIO,AGL,AGNC,AGYS,AI,AIN,AIOT,AIV,AKTS,ALAB,ALC,ALGN,ALH,ALHC,ALK,ALKT,ALLT,ALM,ALMS,ALOT,ALOY,ALRM,ALVO,AMBQ,QQQ","AA,AAOI,ABVX,ACDC,ACLS,ACMR,AD,AEHR,AEIS,AEM,AES,AEVA,AG,AGCC,AGI,AHRT,AIP,AIRG,AIRO,AIRS,AKAM,AKO-B,ALB,ALGM,ALGT,ALMU,AMAT,AMBA,AMCI,AMD,AMKR,AMPG"
2026-03-24 17:00:00+00:00,L0195,L0183,confirmation,maturity,1.2247105355467869,0.6572960778659465,1,AIV,7,ABNB-ABX;ABX-AIV;ACB-AEC;AEC-AGMB;AEG-ALLY;AGNC-AIR;AMLX-AMN,0.0027714831521734595,2.3299228203007285,0.013793103448275862,1.1491516546162435,"AAL,ABAT,ABBV,ABCL,ABG,ABNB,ABSI,ACB,ACHR,ADUR,AEG,AEO,AGCO,AGMB,AGNC,AIN,AIOT,AIRO,AIV,ALAR,ALCO,ALGT,AMBQ,AMLX","AAMI,AAON,ABCB,ABEO,ABM,ABX,ACA,ACEL,ACIC,ACR,ACU,ADNT,ADPT,AEBI,AEC,AFRI,AGM,AGPU,AGRO,AGX,AII,AIP,AIR,AKTS,ALH,ALLY,ALNT,ALNY,ALRS,ALTG,ALX,AMAL,AMCX,AMG,AMN"
2026-03-24 17:45:00+00:00,L0183,L0181,expansion,maturity,0.6001274571817473,0.49038123730869615,2,ABEO;ALH,7,ABEO-ALLT;ABM-ADMA;ACB-ACIW;ACRS-ALNY;ACVA-AKTS;AIOT-AMLX;AMLX-QQQ,6.771384505555034e-05,2.4854707726828846,0.0171021377672209,0.9510856221829372,"AAMI,AAON,ABCB,ABEO,ABM,ABX,ACA,ACB,ACEL,ACIC,ACOG,ACR,ACU,ADNT,ADPT,AEBI,AEC,AFRI,AGM,AGMB,AGPU,AGRO,AGX,AHCO,AII,AIP,AIR,AKTS,ALAR,ALCO,ALH,ALNT,ALNY,ALRS,ALTG,ALX,AMAL,AMCX,AMG,AMLX,AMN","AAP,AAPG,AARD,ABEV,ABT,ABUS,ACAD,ACHC,ACHV,ACIW,ACM,ACN,ACRS,ACVA,ADBE,ADMA,ADP,ADSK,AENT,AEO,AEXA,AEYE,AFBI,AFCG,AFRM,AGBK,AGEN,AGIO,AGYS,AI,AIOT,ALAB,ALGN,ALHC,ALKT,ALLT,ALM,ALMS,ALOY,ALRM,ALVO,QQQ"
2026-03-24 18:00:00+00:00,L0184,L0188,expansion,expansion,0.5650006435486378,0.37589273359893016,4,ADSE;ADV;AESI;ALTO,14,A-AHRT;AAT-ACCO;ABR-ALTG;ACNT-AME;ACT-AES;ADMA-AER;ADMA-AME;ADSE-AMBA;ADV-AGCC;AEIS-AFRI;AFG-AGCO;AGX-AIRO;AKR-ALG;ALLY-AMD,0.0021473567467182875,3.144787235435573,0.026890756302521007,1.0724984354485418,"A,AAMI,AAPL,AAT,AAUC,ABBV,ABCB,ABM,ABR,ACA,ACB,ACEL,ACET,ACGL,ACI,ACNT,ACOG,ACRE,ACT,ACTG,ADC,ADEA,ADI,ADM,ADMA,ADNT,ADSE,ADT,ADTN,ADV,AEE,AEP,AESI,AFG,AFL,AFRI,AGMB,AGO,AGX,AHR,AIG,AIRJ,AIT,AIV,AIZ,AJG,AKR,ALAR,ALCO,ALKS,ALL,ALLE,ALLY,ALOT,ALSN,ALTO,ALV,AM,AMBP,AMCR,AMGN,AMH,AMP,AMPH","AA,AAOI,ABVX,ACCO,ACDC,ACLS,ACMR,AD,ADAG,ADUR,AEHR,AEIS,AER,AES,AEVA,AFYA,AG,AGCC,AGCO,AGI,AGNC,AHRT,AIP,AIRG,AIRO,AIRS,AKAM,AKO-B,ALB,ALG,ALGM,ALMU,ALTG,AMAT,AMBA,AMCI,AMD,AME,AMKR,AMPG"
2026-03-24 18:15:00+00:00,L0181,L0183,expansion,expansion,0.5098868749636934,0.4590375771415761,3,ADAG;AGL;AKTS,12,ABEO-AII;ABNB-ABX;ABT-ALNY;ABX-AEG;ACA-AIN;AEBI-AMG;AEC-ALLT;AEO-AFRI;AIR-AIRO;AIRO-ALTG;AKTS-AMCX;ALLT-ALNY,0.0016300985589623451,2.9529818508052905,0.013986013986013986,1.0310207004308056,"AAL,AAP,AAPG,AARD,ABAT,ABCL,ABEO,ABEV,ABG,ABNB,ABSI,ABT,ABUS,ACAD,ACB,ACHC,ACHR,ACHV,ACIW,ACM,ACN,ACNB,ACRS,ACVA,ADAG,ADAM,ADBE,ADP,ADSK,ADUR,ADUS,AEBI,AEG,AENT,AEO,AERO,AEXA,AEYE,AFBI,AFCG,AFRM,AGBK,AGEN,AGIO,AGL,AGYS,AI,AIN,AIOT,AIRO,AKTS,ALAB,ALC,ALGN,ALGT,ALH,ALHC,ALK,ALKT,ALLT,ALM,ALMS,ALOY,ALRM,ALVO,AMBQ,AMLX,QQQ","AAMI,AAON,ABCB,ABX,ACA,ACEL,ACIC,ACR,ACU,ADNT,ADPT,AEC,AFRI,AGM,AGPU,AGRO,AGX,AHCO,AII,AIP,AIR,AIV,ALLY,ALNT,ALNY,ALRS,ALTG,ALX,AMAL,AMCX,AMD,AMG,AMN"
2026-03-24 18:30:00+00:00,L0184,L0188,decay,expansion,0.5125183388595357,1.1491816172126221,0,,7,ACLS-ADI;ACLS-AEP;AD-AEP;AEG-AIZ;AEIS-AHR;AHR-AMCI;AHRT-AMPH,0.002593485842226073,2.111345720527398,0.026890756302521007,1.030380030398875,"AAPL,AAUC,ABBV,ABR,ACET,ACGL,ACI,ADEA,ADI,ADM,ADTN,ADV,AEE,AEP,AES,AESI,AFG,AFL,AHR,AIG,AIZ,AJG,ALKS,ALL,ALSN,ALTO,AM,AMGN,AMP,AMPH","AA,AAOI,ABAT,ABNB,ABVX,ACDC,ACHR,ACLS,ACMR,AD,AEG,AEHR,AEIS,AEM,AEVA,AFYA,AG,AGCC,AGI,AGNC,AHRT,AIOT,AIP,AIRG,AIRO,AIRS,AKAM,AKO-B,ALB,ALGM,ALMU,ALTG,AMAT,AMBA,AMCI,AMD,AMKR,AMLX,AMPG,QQQ"
2026-03-24 18:45:00+00:00,L0183,L0188,decay,maturity,0.6614842566288079,0.7172390451855679,4,AFRI;AIP;ALTG;ALX,8,ABX-ADNT;ABX-ADSE;ABX-ALNY;ACMR-ALTG;ADSE-AMLX;AEC-AMD;AIP-AMD;AIRO-AIV,0.0008257555309683084,2.838058970499066,0.025210084033613446,1.1269132457741213,"AAON,ABCB,ACA,ACEL,ACIC,ACR,ACU,ADNT,ADPT,ADSE,ADT,AEC,AFRI,AGL,AGM,AGPU,AGRO,AGX,AHCO,AII,AIP,AIR,AIV,AKTS,ALLY,ALNT,ALNY,ALOT,ALRS,ALTG,ALV,ALX,AMAL,AMCX,AMG,AMN","AA,AAOI,ABAT,ABNB,ABVX,ABX,ACDC,ACHR,ACLS,ACMR,AD,AEG,AEHR,AEIS,AEM,AEVA,AFYA,AG,AGCC,AGI,AGNC,AHRT,AIOT,AIRG,AIRO,AIRS,AKAM,AKO-B,ALB,ALGM,ALMU,AMAT,AMBA,AMCI,AMD,AMKR,AMLX,AMPG,QQQ"
2026-03-24 19:00:00+00:00,L0188,L0181,decay,maturity,0.5921502453570673,0.7272149207082255,0,,5,ADSE-AMPG;AEHR-ALAB;AGI-AMBA;AI-ALMU;AKO-B-ALVO,0.0031948688556440175,1.843638015869787,0.01926605504587156,0.8596089620439153,"AA,AAOI,ABVX,ACDC,ACLS,ACMR,AD,AEHR,AEVA,AFRI,AFYA,AG,AGCC,AHRT,AIP,AIRG,AIRS,AKAM,AKO-B,ALGM,ALMU,ALTG,ALX,AMAT,AMBA,AMCI,AMD,AMKR,AMPG","AAP,AAPG,AARD,ABAT,ABEO,ABEV,ABSI,ABT,ABUS,ABX,ACAD,ACB,ACHC,ACHV,ACIW,ACM,ACN,ACNB,ACRS,ACVA,ADAG,ADBE,ADP,ADSE,ADSK,ADUR,ADUS,AEBI,AEC,AEM,AENT,AEO,AEXA,AEYE,AFBI,AFCG,AFRM,AGBK,AGEN,AGI,AGIO,AGL,AGYS,AI,ALAB,ALC,ALGN,ALH,ALHC,ALKT,ALLT,ALM,ALMS,ALOY,ALRM,ALVO,AMBQ,AMLX,QQQ"
2026-03-24 19:15:00+00:00,L0203,L0202,confirmation,confirmation,1.4453142466987638,0.35309658045797354,0,,2,AER-AGCO;AER-AIN,0.005303798068780452,1.2614054591738277,0.0233983286908078,0.8583843622440993,"ABG,ACNB,ACOG,ADAG,AERO,AGCO,AGL,AGMB,AIN,AKTS,ALAR,ALCO,ALGT,ALK","AAOI,AAPL,AAUC,ABR,ACDC,ACET,ACGL,ACI,ACLS,ACMR,ACU,ADI,ADM,ADTN,ADV,AEE,AEIS,AEP,AER,AESI,AFYA,AGCC,AGNC,AIG,AIP,AIRS,ALB,ALGM,ALKS,ALL,ALMU,ALOT,ALSN,ALTG,ALTO,AM,AMAT,AMGN,AMKR,AMPG"
2026-03-24 19:30:00+00:00,L0184,L0181,expansion,maturity,0.5174979621192759,0.29608022019701885,1,ALOT,17,AAUC-AFBI;ABBV-ABCL;ABBV-ALH;ABM-AGL;ACEL-AEBI;ACEL-ALH;ACN-AME;ADAG-AEE;ADAM-ADMA;ADMA-AENT;AEXA-ALOT;AFBI-AGMB;AFBI-AGPU;AFCG-AGMB;AFCG-ALOT;ALGN-ALLE;ALLT-ALOT,-0.00031228698207996786,2.995732273553991,0.01670533642691415,0.9955123235474234,"A,AAMI,AAON,AAPL,AAT,AAUC,ABBV,ABCB,ABM,ABR,ACA,ACCO,ACEL,ACET,ACGL,ACI,ACIC,ACNT,ACR,ACRE,ACT,ACTG,ACU,ADC,ADEA,ADI,ADM,ADMA,ADNT,ADPT,ADTN,ADV,AEE,AEP,AER,AES,AESI,AFG,AFL,AFRI,AGM,AGMB,AGO,AGPU,AGRO,AGX,AHCO,AHR,AIG,AII,AIR,AIRJ,AIT,AIV,AIZ,AJG,AKR,ALG,ALKS,ALL,ALLE,ALLY,ALNT,ALOT,ALRS,ALSN,ALTO,ALV,ALX,AM,AMAL,AMBP,AMCR,AMCX,AME,AMG,AMGN,AMH,AMN,AMP,AMPH","AAP,AAPG,AARD,ABCL,ABEO,ABEV,ABT,ABUS,ACAD,ACHC,ACHV,ACIW,ACM,ACN,ACNB,ACRS,ACVA,ADAG,ADAM,ADBE,ADP,ADSK,ADT,ADUS,AEBI,AEC,AEM,AENT,AEXA,AEYE,AFBI,AFCG,AFRM,AGBK,AGEN,AGIO,AGL,AGYS,AI,ALAB,ALC,ALGN,ALH,ALHC,ALKT,ALLT,ALM,ALMS,ALNY,ALOY,ALRM,ALVO"
2026-03-25 13:45:00+00:00,L0212,L0205,confirmation,maturity,0.2542606080744001,0.3809876590021214,0,,38,AARD-ABG;AARD-AGO;ABAT-ACOG;ABAT-ADNT;ABAT-ALB;ABG-AEBI;ABG-AIV;ABNB-ACGL;ABVX-AIG;ABVX-ALLY;ABVX-AMCX;ACHR-ADNT;ACHR-AIZ;ACHV-ADNT;ACHV-AKTS;ACI-AEBI;ACN-AEBI;ACNB-ADUR;ACNB-AEBI;ACNB-AGNC;ACOG-AGCC;ACOG-ALAB;ACRS-AMBP;ACT-AEBI;ACT-AIV;ADNT-ALMS;ADT-ALV;AEBI-AIN;AEBI-AIZ;AEM-AMBP;AFG-AIV;AHR-AMBA;AKTS-ALMS;AKTS-AMBA;ALAB-AMBP;ALH-AMBP;AMCI-AMP;AMP-AMPH,0.0074001571629196405,3.682358632601498,0.0160857908847185,1.113577006906039,"A,AAP,AAT,AAUC,ABG,ABM,ABSI,ACA,ACCO,ACEL,ACGL,ACI,ACN,ACNB,ACNT,ACOG,ACT,AD,ADBE,ADC,ADEA,ADM,ADNT,ADP,AEE,AEP,AFG,AFL,AGBK,AGCO,AGL,AGO,AHCO,AHR,AIG,AIN,AIT,AIZ,AJG,AKR,AKTS,ALAR,ALB,ALCO,ALG,ALL,ALLY,ALSN,ALTO,ALV,AM,AMBP,AMCX,AME,AMP","AAL,AARD,ABAT,ABCL,ABEO,ABNB,ABUS,ABVX,ACAD,ACB,ACET,ACHR,ACHV,ACRS,ADAG,ADT,ADUR,ADV,AEBI,AEC,AEG,AEM,AERO,AEVA,AFRM,AG,AGCC,AGEN,AGNC,AI,AIP,AIR,AIRO,AIV,AKAM,ALAB,ALH,ALHC,ALK,ALKT,ALLT,ALMS,ALNY,ALOY,AMBA,AMCI,AMD,AMLX,AMPH,QQQ"
2026-03-25 13:45:00+00:00,L0212,L0213,confirmation,confirmation,0.2542606080744001,0.2590271470570077,6,AAUC;ACOG;ADNT;AKTS;ALB;AM,25,A-AGRO;AAOI-ALB;AAUC-ADSE;AAUC-AES;AAUC-AFYA;ABG-AGX;ACI-ADMA;ACN-ADMA;ACNB-AGX;ACT-ADMA;AD-AMAT;ADBE-AESI;ADC-ADUS;ADEA-AMKR;ADM-AFBI;ADM-AFRI;ADM-AFYA;ADUS-AJG;AENT-AEP;AFYA-AM;AGL-AGX;AGPU-AM;AGRO-AM;AGX-AIZ;AM-AMAT,0.010761770186945796,3.6655129978934093,0.015503875968992248,1.0726901574081236,"A,AAP,AAT,AAUC,ABG,ABM,ABSI,ACA,ACCO,ACEL,ACGL,ACI,ACN,ACNB,ACNT,ACOG,ACT,AD,ADBE,ADC,ADEA,ADM,ADNT,ADP,AEE,AEP,AFG,AFL,AGBK,AGCO,AGL,AGO,AHCO,AHR,AIG,AIN,AIT,AIZ,AJG,AKR,AKTS,ALAR,ALB,ALCO,ALG,ALL,ALLY,ALSN,ALTO,ALV,AM,AMBP,AMCX,AME,AMP","AAOI,ACDC,ACMR,ADMA,ADSE,ADUS,AEIS,AENT,AES,AESI,AFBI,AFRI,AFYA,AGPU,AGRO,AGX,AIRS,AMAT,AMKR"
2026-03-25 13:45:00+00:00,L0210,L0213,confirmation,confirmation,0.52766833203069,0.2590271470570077,1,AEHR,12,AAOI-AEHR;ACDC-ACIW;ACVA-ADMA;ACVA-ADUS;ACVA-AGX;ADMA-AGM;ADMA-ALLE;ADUS-ALLE;AEHR-AEIS;AEHR-AMKR;AESI-AKO-B;AIRS-AKO-B,0.008681084029376507,2.7643113341725885,0.015503875968992248,0.9294120586648053,"AAON,ACIC,ACIW,ACM,ACR,ACTG,ACVA,ADSK,AEHR,AEYE,AGM,AGYS,AHRT,AII,AIOT,AIRG,AKO-B,ALC,ALGN,ALLE,ALNT,ALRM,ALRS,ALVO,ALX,AMH,AMN","AAOI,ACDC,ACMR,ADMA,ADSE,ADUS,AEIS,AENT,AES,AESI,AFBI,AFRI,AFYA,AGPU,AGRO,AGX,AIRS,AMAT,AMKR"
2026-03-25 13:45:00+00:00,L0210,L0205,confirmation,maturity,0.52766833203069,0.3809876590021214,0,,9,AAL-AEYE;AARD-AGM;ABAT-AEHR;ABUS-AIOT;ACHR-ACIC;AEBI-AGM;AEHR-ALMS;AEM-AEYE;AEYE-AKAM,0.005319471005350351,2.3544132188845555,0.0160857908847185,0.86361297066369,"AAON,ACIC,ACIW,ACM,ACR,ACTG,ACVA,ADSK,AEHR,AEYE,AGM,AGYS,AHRT,AII,AIOT,AIRG,AKO-B,ALC,ALGN,ALLE,ALNT,ALRM,ALRS,ALVO,ALX,AMH,AMN","AAL,AARD,ABAT,ABCL,ABEO,ABNB,ABUS,ABVX,ACAD,ACB,ACET,ACHR,ACHV,ACRS,ADAG,ADT,ADUR,ADV,AEBI,AEC,AEG,AEM,AERO,AEVA,AFRM,AG,AGCC,AGEN,AGNC,AI,AIP,AIR,AIRO,AIV,AKAM,ALAB,ALH,ALHC,ALK,ALKT,ALLT,ALMS,ALNY,ALOY,AMBA,AMCI,AMD,AMLX,AMPH,QQQ"
2026-03-25 15:00:00+00:00,L0219,L0213,confirmation,maturity,0.5675336797871087,0.4467522155977792,9,ABAT;ABX;ACET;AKO-B;ALGM;ALKS;ALMS;AMBA;AMGN,10,ACR-AMPH;ADNT-ALKS;ADNT-AMBA;ADTN-ALKS;ADTN-ALOY;ADTN-QQQ;AFCG-ALGM;AI-ALB;AI-ALMU;ALB-ALKS,0.0034785601310431957,3.379219494648637,0.01675977653631285,1.1516046087580727,"AAL,AAON,ABAT,ABBV,ABCL,ABEO,ABNB,ABT,ABUS,ABVX,ABX,ACAD,ACB,ACET,ACHR,ADAG,ADT,ADUR,ADV,AEG,AEM,AERO,AEVA,AFRM,AG,AI,AIOT,AIP,AIR,AIRJ,AIRO,AKAM,AKO-B,ALAB,ALGM,ALGT,ALHC,ALK,ALKS,ALKT,ALMS,ALNY,ALOY,ALRS,ALTG,ALVO,AMBA,AMCI,AMD,AMGN,AMLX,AMP,AMPG,AMPH,QQQ","AAOI,AAUC,ABSI,ACDC,ACHV,ACMR,ACOG,ACR,AD,ADNT,ADSE,ADTN,ADUS,AEHR,AEIS,AENT,AES,AESI,AFBI,AFCG,AFRI,AFYA,AGPU,AGRO,AGX,AIRG,AIRS,AKTS,ALB,ALMU,ALNT,ALOT,AM,AMAT,AMKR"
2026-03-25 15:00:00+00:00,L0205,L0213,decay,maturity,0.6299248077237269,0.4467522155977792,0,,1,AAUC-ACTG,-0.0019182708347216249,0.6931471805599453,0.01675977653631285,0.49880386861688514,"AA,AAMI,AAPL,ABCB,ABEV,ABM,ABR,ACLS,ACRE,ACRS,ACTG,ADAM,ADI,ADPT,AEC,AEO,AER,AEXA,AEYE,AGBK,AGCC,AGCO,AGEN,AGI,AGIO,AGMB,AGNC,AIG,AII,ALG,ALH,ALLT,ALM,AMAL,AMBP,AMBQ,AMCR,AMG","AAOI,AAUC,ABSI,ACDC,ACHV,ACMR,ACOG,ACR,AD,ADNT,ADSE,ADTN,ADUS,AEHR,AEIS,AENT,AES,AESI,AFBI,AFCG,AFRI,AFYA,AGPU,AGRO,AGX,AIRG,AIRS,AKTS,ALB,ALMU,ALNT,ALOT,AM,AMAT,AMKR"
2026-03-25 15:15:00+00:00,L0219,L0220,maturity,confirmation,0.5948883233476194,1.0908237009522206,2,ADT;ALKT,9,AARD-ABNB;ABM-AGIO;ABNB-AMG;ACHC-AMP;ADT-AII;AGNC-AII;ALC-ALVO;ALGN-ALKT;ALGT-ALLY,0.001989057316677645,2.6531649004876945,0.015942028985507246,1.1713961367597017,"AAL,AAON,AARD,ABBV,ABCL,ABEO,ABEV,ABR,ABUS,ABVX,ACAD,ACHC,ACHR,ACRE,ADAG,ADAM,ADPT,ADT,ADUR,ADV,AEC,AEG,AER,AERO,AEVA,AFRM,AG,AGCC,AGEN,AGIO,AGNC,AI,AIOT,AIP,AIR,AIRJ,AIRO,ALAB,ALGT,ALHC,ALK,ALKT,ALLT,ALNY,ALOY,ALTG,ALVO,AMD,AMG,AMPG,AMPH,QQQ","A,AAP,AAT,ABM,ABNB,ABT,ACA,ACCO,ACEL,ACGL,ACIW,ACM,ACN,ADBE,ADP,ADSK,AGBK,AGYS,AHCO,AHRT,AII,AIN,AIT,AJG,ALC,ALG,ALGN,ALLY,ALRM,ALSN,AMCX,AME,AMN,AMP"
2026-03-25 15:30:00+00:00,L0219,L0205,maturity,expansion,0.7279365964040755,0.46342145383338584,8,ABX;ACOG;AEC;AKO-B;ALAR;ALGM;ALLT;AMCI,40,AAL-AGEN;AAON-AKO-B;AAPL-ABAT;AARD-ALLT;ABCL-AGIO;ABEO-ALLT;ABEO-AMLX;ABUS-AMCR;ABVX-ACRE;ABX-AFCG;ACAD-AER;ACB-AEC;ACB-AIRJ;ACB-ALLT;ACHC-AKAM;ACLS-AFRM;ACLS-ALLT;ACNT-AMCI;ACOG-AGCO;ACRE-AFRM;ACRE-ALGM;ADAG-ADAM;ADAM-ALLT;ADPT-AFRM;ADPT-ALLT;AEO-AERO;AEO-AFRM;AEO-ALLT;AEXA-ALGT;AFCG-ALGM;AGCC-AMCI;AGNC-ALGM;AGNC-ALLT;AI-ALVO;ALG-ALGM;ALLT-ALTG;ALLT-ALVO;ALLT-AMBP;ALOY-AMG;AMAL-AMCI,0.0006956087308935821,4.0442708899875495,0.01702127659574468,1.3710283290574876,"AAL,ABAT,ABBV,ABCL,ABUS,ABVX,ABX,ACAD,ACET,ACHR,ACOG,ADAG,ADNT,ADUR,ADV,AEC,AEG,AERO,AEVA,AFRM,AI,AIOT,AIP,AIR,AIRJ,AIRO,AKAM,AKO-B,ALAB,ALAR,ALGM,ALGT,ALHC,ALK,ALKS,ALLT,ALMS,ALNY,ALOY,AMBA,AMCI,AMD,AMGN,AMLX,AMPG,AMPH,QQQ","AA,AAMI,AAON,AAPL,AARD,ABCB,ABEO,ABEV,ABR,ACB,ACHC,ACLS,ACNT,ACRE,ADAM,ADI,ADPT,AEM,AEO,AER,AEXA,AFCG,AG,AGCC,AGCO,AGEN,AGI,AGIO,AGNC,AIG,AII,ALG,ALH,ALM,ALTG,ALVO,AMAL,AMBP,AMBQ,AMCR,AMG"
2026-03-25 15:45:00+00:00,L0212,L0220,maturity,maturity,0.9815486389054222,0.5949318191354157,7,ABM;ACM;AEBI;AGCO;AHCO;AIN;AMCX,9,ABM-ACN;ABM-ALLY;ABT-ACGL;ACIW-AMCX;ACU-AJG;ACVA-AEYE;ACVA-ALC;ALC-ALTO;ALKT-ALTO,0.0022115225438028574,3.1872263114929145,0.016417910447761194,1.272213401852644,"AAP,AAT,ABG,ABM,ABSI,ACA,ACCO,ACEL,ACGL,ACI,ACIC,ACM,ACNB,ACR,ACT,ACTG,ACU,ACVA,AD,ADC,ADM,ADMA,ADUS,AEBI,AEE,AEP,AFG,AFL,AGCO,AGM,AGMB,AGO,AGX,AHCO,AHR,AIN,AIT,AIV,AIZ,AKR,ALL,ALLE,ALOT,ALRS,ALSN,ALTO,ALV,ALX,AM,AMCX,AME,AMH","A,AARD,ABNB,ABT,ACIW,ACN,ADBE,ADP,ADSK,ADT,AENT,AEYE,AGL,AGYS,AJG,ALC,ALGN,ALKT,ALLY,ALRM,AMN,AMP"
2026-03-25 16:00:00+00:00,L0205,L0220,maturity,expansion,0.9633008761903457,0.6774791157266479,2,AAPL;ACHC,27,AA-AMG;AA-AMP;AAMI-ALG;AAPL-ABM;AARD-ACB;AARD-AEM;ABCB-AFCG;ABCB-AGEN;ABCB-AGI;ABEO-ABNB;ABM-ACRE;ABT-AMBP;ACU-AIN;ADAM-AIN;ADI-AMCX;ADT-AIV;AEBI-AG;AEM-AER;AEO-AGYS;AG-AMG;AGCC-ALG;AHRT-ALGN;AJG-ALAR;ALGM-ALGN;ALGM-ALLY;ALTG-AMBQ;ALVO-AMP,0.0023444812977686524,3.473035698398158,0.018795180722891568,1.363312199283071,"AA,AAMI,AAPL,ABEO,ABEV,ABR,ABVX,ABX,ACB,ACHC,ACLS,ACNT,ACOG,ACRE,ACRS,ACTG,ACU,ADAM,ADI,ADPT,AEC,AEM,AEO,AFCG,AG,AGCC,AGEN,AGI,AGIO,AGMB,AGNC,AHRT,AIG,AIV,AKO-B,ALAR,ALGM,ALH,ALLT,ALM,ALTG,ALVO,ALX,AMAL,AMBP,AMCI,AMCR","A,AARD,ABCB,ABM,ABNB,ABT,ACIW,ACM,ACN,ADBE,ADP,ADSK,ADT,AEBI,AENT,AER,AEXA,AEYE,AGBK,AGCO,AGL,AGYS,AHCO,AII,AIN,AJG,ALC,ALG,ALGN,ALKT,ALLY,ALRM,AMBQ,AMCX,AMG,AMN,AMP"
2026-03-25 16:45:00+00:00,L0220,L0213,decay,expansion,0.4236104758189661,0.8033268133269366,1,AENT,4,A-AIRS;ADEA-AMP;AENT-AMKR;AGYS-AMBP,0.006929181516170502,2.040300185087956,0.021739130434782608,0.8814171025809772,"A,AARD,ABNB,ABT,ACHC,ACIW,ACN,ACVA,ADBE,ADP,ADSK,ADT,AENT,AEYE,AGL,AGYS,AIN,AJG,ALC,ALGN,ALKT,ALLY,ALRM,AMN,AMP","AAOI,AAPG,AAUC,ACDC,ACMR,AD,ADEA,ADSE,ADTN,AEHR,AEIS,AES,AESI,AFBI,AFRI,AFYA,AGMB,AGPU,AGRO,AIRS,AKTS,ALAR,ALB,ALCO,ALNT,ALOT,AMAT,AMBP,AMKR"
2026-03-25 17:00:00+00:00,L0212,L0220,expansion,expansion,0.4752034533184239,0.8129243442086354,3,AARD;AEBI;ALTO,15,AAP-AGYS;AAP-AIN;ACCO-AMCX;ACIW-AHCO;ACM-AIN;ACM-AJG;ACRS-AMPH;ACVA-AEBI;ACVA-ALTO;ADP-AEBI;ADT-AIZ;AGO-AMN;AGYS-AMH;AHRT-AIN;ALG-AMBQ,0.0026938157388940454,3.1032127114130823,0.019164619164619163,1.165116209986081,"AAP,AAPL,AARD,AAT,ABG,ABM,ABSI,ACA,ACCO,ACEL,ACGL,ACI,ACIC,ACM,ACNB,ACR,ACRS,ACT,ACTG,ACU,ADC,ADI,ADM,ADMA,ADUS,AEBI,AEE,AEP,AFG,AFL,AGBK,AGM,AGO,AGX,AHCO,AHR,AHRT,AII,AIRG,AIT,AIV,AIZ,AKR,ALL,ALLE,ALRS,ALSN,ALTO,ALV,ALX,AM,AMBQ,AME,AMH","A,ABNB,ABT,ACIW,ACN,ACVA,ADBE,ADP,ADSK,ADT,ADUR,AERO,AEYE,AGL,AGYS,AIN,AJG,ALC,ALG,ALGN,ALHC,ALKT,ALLY,ALRM,AMCX,AMG,AMN,AMP,AMPH"
2026-03-25 17:00:00+00:00,L0219,L0220,maturity,expansion,0.5175325115997457,0.8129243442086354,1,AIRJ,8,ABT-ALKS;ABUS-AMPH;ADV-AMG;ADV-AMPH;AIP-ALHC;AIRJ-ALC;ALHC-ALKS;ALKS-AMPH,0.0045960829593241215,2.4388285305918305,0.019164619164619163,1.0117188822651648,"AAL,AAON,ABAT,ABBV,ABCL,ABEO,ABUS,ABX,ACAD,ACB,ACET,ACHR,ACHV,ACOG,ADAG,ADNT,ADV,AEG,AEVA,AFRM,AI,AIOT,AIP,AIR,AIRJ,AIRO,AKAM,ALAB,ALGT,ALK,ALKS,ALMS,ALMU,ALNY,ALOY,AMBA,AMD,AMGN,AMLX,AMPG,QQQ","A,ABNB,ABT,ACIW,ACN,ACVA,ADBE,ADP,ADSK,ADT,ADUR,AERO,AEYE,AGL,AGYS,AIN,AJG,ALC,ALG,ALGN,ALHC,ALKT,ALLY,ALRM,AMCX,AMG,AMN,AMP,AMPH"
2026-03-25 17:15:00+00:00,L0220,L0205,maturity,maturity,0.5430941037270949,0.17671234984617093,0,,13,AA-ADT;ABCB-ABNB;ABCB-ALKT;ABNB-ALVO;ACNT-ADT;ADAM-ADT;ADT-ALVO;AEBI-ALH;AGCC-ALHC;AGEN-ALKT;ALGM-ALGN;ALGN-AMG;ALVO-AMP,0.000508805806930468,2.6426850685981957,0.011851851851851853,0.8783909809993065,"A,AARD,ABNB,ABT,ACIW,ACN,ACVA,ADBE,ADP,ADSK,ADT,ADUR,AEBI,AENT,AERO,AEYE,AGL,AGYS,AIRJ,AJG,ALC,ALGN,ALHC,ALKT,ALLY,ALRM,ALTO,AMN,AMP","AA,AAMI,ABCB,ABEV,ABR,ACHC,ACLS,ACNT,ACRE,ADAM,ADI,ADPT,AEO,AER,AEXA,AG,AGCC,AGCO,AGEN,AGI,AGIO,AIG,AII,AKO-B,ALG,ALGM,ALH,ALM,ALTG,ALVO,AMAL,AMBQ,AMCR,AMG"
2026-03-25 17:30:00+00:00,L0219,L0220,expansion,expansion,0.3424808878506401,0.3983815290183587,2,ACET;AMPH,11,A-AIOT;ABVX-AEM;ABVX-ALAB;ABVX-AMD;ADT-AEC;ADUR-AEM;AERO-AKAM;AFRM-ALGT;AI-AMPG;AIP-ALHC;ALKT-AMPH,0.00019051431445404887,2.77377872836688,0.020388349514563104,0.9187616595796042,"AAL,AAON,ABAT,ABBV,ABCL,ABEO,ABUS,ACAD,ACB,ACET,ACHR,ACHV,ADAG,ADV,AEC,AEG,AEM,AEVA,AFCG,AGNC,AIOT,AIP,AIR,AIRO,AKAM,ALAB,ALGT,ALK,ALKS,ALLT,ALMS,ALMU,ALNY,ALOY,AMBA,AMCI,AMD,AMGN,AMLX,AMPG,AMPH","A,ABNB,ABT,ABVX,ACA,ACEL,ACHC,ACIW,ACM,ACN,ACVA,ADBE,ADP,ADSK,ADT,ADUR,AERO,AEYE,AFRM,AGL,AGYS,AI,AIN,AIRJ,AJG,ALC,ALGN,ALHC,ALKT,ALLY,ALNT,ALRM,AMCX,AMN,AMP"
2026-03-25 17:45:00+00:00,L0220,L0205,maturity,expansion,0.8065696815055629,0.46077821745383996,1,AEBI,20,AA-ADT;AAMI-AFRM;ABCB-ACET;ABCB-ALGN;ABNB-AMG;ABR-AGEN;ABT-ACNT;ABX-ACET;ABX-AFRM;ABX-AI;ABX-AMP;ACNT-ADT;AEBI-AGIO;AGEN-AMCR;AGI-AGYS;AGL-ALG;AII-ALGN;AIN-AMAL;ALLY-ALTG;ALV-ALVO,0.0011390706640668213,3.140434473882654,0.011678832116788322,1.1670648129760026,"A,AARD,ABNB,ABT,ABVX,ACET,ACIW,ACN,ACVA,ADBE,ADP,ADSK,ADT,ADUR,AEBI,AENT,AERO,AEYE,AFRM,AGEN,AGL,AGYS,AI,AIN,AIRJ,AJG,ALC,ALGN,ALHC,ALKT,ALLY,ALRM,ALVO,AMN,AMP,AMPH","AA,AAMI,AAP,ABCB,ABEV,ABR,ABX,ACHC,ACLS,ACNT,ACRE,ADAM,ADI,ADPT,AEO,AER,AEXA,AG,AGBK,AGCC,AGCO,AGI,AGIO,AIG,AII,AIV,ALG,ALGM,ALH,ALM,ALTG,ALV,AMAL,AMBQ,AMCR,AMG"
2026-03-25 18:15:00+00:00,L0220,L0205,expansion,maturity,0.9699806569382108,0.8963150012603343,0,,11,AA-ADT;ABCB-ABNB;ABCB-ABR;ABCB-ABX;ABCB-ADT;ABCB-ALGM;ABEV-ACRE;ABT-AGCC;ACRE-AGIO;ADT-AIG;ADT-AMCR,0.0022819909499958158,2.503744685790019,0.012213740458015267,1.1876569299757707,"A,AARD,ABNB,ABR,ABT,ABX,ACIW,ACN,ACRE,ACVA,ADAM,ADBE,ADP,ADSK,ADT,ADUR,AENT,AERO,AEYE,AGEN,AGL,AI,AIRJ,AJG,AKO-B,ALC,ALGM,ALGN,ALHC,ALKT,ALLY,ALRM,ALTG,ALV,ALVO,AMN,AMP","AA,AAMI,AAP,ABCB,ABEV,ACHC,ACLS,ACNT,ADI,ADPT,AEO,AER,AEXA,AG,AGBK,AGCC,AGCO,AGI,AGIO,AGYS,AIG,AII,AIV,ALG,ALH,ALM,AMAL,AMBQ,AMCR,AMG"
2026-03-25 18:30:00+00:00,L0219,L0227,maturity,maturity,0.6808539562370317,0.2963842289558445,0,,6,ABBV-AEP;ABG-AEM;ACEL-AGMB;AEBI-ALH;AEBI-AMLX;AHR-ALMS,0.00024820328690111637,1.9494496389055656,0.016783216783216783,0.7830513478017367,"AAL,AAON,ABAT,ABBV,ABCL,ABEO,ABUS,ACAD,ACB,ACHR,ACHV,ACRS,ADAG,ADNT,ADUR,ADV,AEC,AEG,AEM,AEVA,AFCG,AFRM,AGMB,AGNC,AI,AIP,AIR,AIRO,AKAM,ALAB,ALB,ALGT,ALH,ALHC,ALK,ALKS,ALLT,ALMS,ALMU,ALNY,ALOY,AMBA,AMCI,AMD,AMGN,AMLX,AMPG,AMPH,QQQ","AAPL,AAT,ABG,ABM,ACA,ACCO,ACEL,ACGL,ACIC,ACM,ACNB,ACOG,ACR,ACT,ACTG,ACU,ADC,ADM,AEBI,AEE,AEP,AFG,AFL,AGM,AGO,AHCO,AHR,AIN,AIOT,AIT,AIZ,AKR,ALCO,ALL,ALLE,ALNT,ALRS,ALSN,ALTO,ALV,ALX,AM,AMCX,AME,AMH"
2026-03-25 18:45:00+00:00,L0219,L0225,decay,expansion,0.2872052224098247,0.20665669926085264,0,,8,ABAT-ACAD;ABAT-AMD;ABEO-ACRS;ACHR-AMPH;AIR-ALMS;AIRO-AMPH;AKAM-AMPH;ALHC-AMPH,0.0003786589950323105,2.2014230734706515,0.023140495867768594,0.7019854192490314,"AAL,ABBV,ABCL,ABEO,ABUS,ACAD,ACB,ACHR,ADAG,ADUR,ADV,AEC,AEG,AEM,AERO,AEVA,AFCG,AFRM,AGNC,AIP,AIR,AIRO,AKAM,ALAB,ALGT,ALHC,ALK,ALLT,ALNY,ALOY,AMCI,AMD","AAOI,AAON,AAUC,ABAT,ABSI,ACDC,ACHV,ACI,ACMR,ACOG,ACRS,ACTG,AD,ADEA,ADMA,ADNT,ADSE,ADTN,ADUS,AEHR,AEIS,AES,AESI,AFBI,AFRI,AFYA,AGMB,AGPU,AGRO,AGX,AIRG,AIRS,AKTS,ALB,ALGM,ALKS,ALMS,ALMU,AMAT,AMBA,AMGN,AMKR,AMPH,QQQ"
2026-03-25 18:45:00+00:00,L0205,L0225,decay,expansion,0.5916305444854086,0.20665669926085264,0,,2,AA-ADNT;AA-ALMS,-0.0003035592380911112,1.0986122886681098,0.023140495867768594,0.5176103196710711,"AA,AAMI,AAP,ACLS,ADI,ADPT,AEBI,AEO,AER,AEXA,AG,AGBK,AGCC,AGCO,AGI,AGYS,AHRT,AII,ALG,ALH,ALM,AMBQ,AMG,AMLX","AAOI,AAON,AAUC,ABAT,ABSI,ACDC,ACHV,ACI,ACMR,ACOG,ACRS,ACTG,AD,ADEA,ADMA,ADNT,ADSE,ADTN,ADUS,AEHR,AEIS,AES,AESI,AFBI,AFRI,AFYA,AGMB,AGPU,AGRO,AGX,AIRG,AIRS,AKTS,ALB,ALGM,ALKS,ALMS,ALMU,AMAT,AMBA,AMGN,AMKR,AMPH,QQQ"
2026-03-25 19:00:00+00:00,L0205,L0219,expansion,expansion,0.6955544560780631,0.47744188153505485,1,QQQ,13,AA-ABVX;AAMI-ABEO;AAMI-AEG;AAMI-AFRM;AAMI-ALVO;ABCB-AI;ABEV-AMPG;ABVX-ADAM;ABVX-ALGM;AER-AEVA;AFRM-AHCO;AGI-ALAB;AMD-AMG,0.0021964964689686894,2.7862234483859716,0.00980926430517711,1.0499261530262047,"AA,AAMI,AAP,ABCB,ABEV,ABM,ACA,ACEL,ACLS,ACM,ACOG,ACRE,ADAM,ADI,ADNT,ADPT,AER,AEXA,AGBK,AGCO,AGI,AGYS,AHCO,AHRT,AII,AIN,ALG,ALGM,ALM,ALTG,AMBQ,AMCX,AMG,QQQ","AAL,ABBV,ABCL,ABEO,ABUS,ABVX,ACAD,ACB,ACHR,ADAG,ADUR,ADV,AEC,AEG,AEM,AERO,AEVA,AFCG,AFRM,AGNC,AI,AIOT,AIP,AIR,AIRO,AKAM,ALAB,ALGT,ALH,ALHC,ALK,ALLT,ALNY,ALOY,ALVO,AMCI,AMD,AMLX,AMPG,AMPH"
2026-03-25 19:00:00+00:00,L0205,L0227,expansion,maturity,0.6955544560780631,0.709796657276996,1,ABM,9,AAT-ABM;ABCB-ACGL;ABM-AFG;ABM-AMH;ACM-ALSN;ACOG-AHR;ACRE-ALV;ADNT-AEE;ADNT-AHR,0.0014934386999811977,2.4972751658590813,0.01889763779527559,1.0487587711405795,"AA,AAMI,AAP,ABCB,ABEV,ABM,ACA,ACEL,ACLS,ACM,ACOG,ACRE,ADAM,ADI,ADNT,ADPT,AER,AEXA,AGBK,AGCO,AGI,AGYS,AHCO,AHRT,AII,AIN,ALG,ALGM,ALM,ALTG,AMBQ,AMCX,AMG,QQQ","AAPL,AAT,ACCO,ACGL,ACIC,ACR,ACT,ACTG,ADC,ADM,AEE,AEP,AFG,AFL,AGO,AHR,AIT,AIZ,AKR,ALCO,ALL,ALRS,ALSN,ALTO,ALV,ALX,AM,AME,AMH"
2026-03-25 19:00:00+00:00,L0230,L0227,confirmation,maturity,0.3970178553313636,0.709796657276996,4,ACNB;ACU;AGM;ALLE,4,AGO-ALLE;ALOT-AMH;ALV-AMAL;ALV-AMBP,0.0013591571769211441,2.5753501365576463,0.01889763779527559,0.9787165335912108,"AAPG,ABG,ACHC,ACNB,ACNT,ACU,AEBI,AEO,AG,AGCC,AGIO,AGM,AIG,AIV,ALAR,ALLE,ALOT,AMAL,AMBP,AMCR","AAPL,AAT,ACCO,ACGL,ACIC,ACR,ACT,ACTG,ADC,ADM,AEE,AEP,AFG,AFL,AGO,AHR,AIT,AIZ,AKR,ALCO,ALL,ALRS,ALSN,ALTO,ALV,ALX,AM,AME,AMH"
2026-03-25 19:00:00+00:00,L0230,L0219,confirmation,expansion,0.3970178553313636,0.47744188153505485,1,AMBP,11,ACAD-AGCC;ACB-AMBP;ACNT-AEG;ACNT-AGNC;ACU-ALH;ADAG-AMCR;AEG-AMAL;AG-AGNC;AIV-AMPG;AMAL-AMPG;AMBP-AMLX,0.002062214945908636,2.6536800020766846,0.00980926430517711,0.9272293112248732,"AAPG,ABG,ACHC,ACNB,ACNT,ACU,AEBI,AEO,AG,AGCC,AGIO,AGM,AIG,AIV,ALAR,ALLE,ALOT,AMAL,AMBP,AMCR","AAL,ABBV,ABCL,ABEO,ABUS,ABVX,ACAD,ACB,ACHR,ADAG,ADUR,ADV,AEC,AEG,AEM,AERO,AEVA,AFCG,AFRM,AGNC,AI,AIOT,AIP,AIR,AIRO,AKAM,ALAB,ALGT,ALH,ALHC,ALK,ALLT,ALNY,ALOY,ALVO,AMCI,AMD,AMLX,AMPG,AMPH"
2026-03-25 19:15:00+00:00,L0205,L0225,maturity,expansion,0.502271429818361,0.296249635999049,0,,6,AA-ALB;AAON-ABX;ACLS-ADEA;ACRE-AHCO;AGEN-ALMS;ALOT-AMPG,0.001985488212085329,1.9738794530976267,0.021727019498607242,0.7362852359444207,"AA,AAMI,AAP,ABEV,ABG,ABR,ABX,ACLS,ACNT,ACRE,ADAM,ADI,ADPT,AEBI,AEO,AER,AEXA,AG,AGBK,AGCC,AGCO,AGEN,AGI,AGIO,AHRT,AIG,AIV,AKO-B,ALG,ALM,ALTG,AMAL,AMBQ,AMCR,AMG,AMPG","AAOI,AAON,AAPG,AAUC,ABAT,ACDC,ACHV,ACMR,ACOG,AD,ADEA,ADNT,ADSE,ADTN,AEHR,AEIS,AES,AESI,AFBI,AFRI,AFYA,AGPU,AGRO,AHCO,AIRG,AIRS,AKTS,ALAR,ALB,ALGM,ALKS,ALMS,ALMU,ALOT,AMAT,AMBA,AMGN,AMKR,AMPH"
2026-03-25 19:30:00+00:00,L0220,L0227,decay,expansion,0.5902036501545811,0.12845349546632995,0,,16,A-ACA;AAP-AEYE;AARD-AMCR;ABG-AGL;ABT-AHR;ACHC-AIRJ;ACHC-ALHC;ACVA-AIZ;ACVA-ALV;ADP-AMH;AGCO-ALLY;AGIO-AGL;AIN-AIRJ;AIRJ-ALCO;AIRJ-ALTO;ALLY-AMN,0.0012296526692807674,2.8404205605592985,0.017926186291739893,0.928391211769859,"A,AARD,ABNB,ABT,ACIW,ACN,ACVA,ADBE,ADP,ADSK,ADT,ADUR,AENT,AERO,AEYE,AGL,AI,AIOT,AIRJ,AJG,ALC,ALGN,ALHC,ALKT,ALLY,ALRM,AMP,AMPH","AAP,AAPL,AAT,ABG,ABM,ABSI,ACA,ACCO,ACEL,ACGL,ACHC,ACI,ACIC,ACM,ACNB,ACNT,ACR,ACT,ACTG,ACU,ADC,ADM,ADMA,ADUS,AEBI,AEE,AEP,AFG,AFL,AGBK,AGCO,AGIO,AGM,AGO,AGX,AHCO,AHR,AHRT,AIG,AIN,AIT,AIV,AIZ,AKR,ALCO,ALL,ALLE,ALNT,ALRS,ALSN,ALTO,ALV,ALX,AM,AMAL,AMCR,AMCX,AME,AMH,AMN"
2026-03-25 19:45:00+00:00,L0205,L0220,expansion,maturity,0.8168126330773798,0.6735911033020716,4,ABVX;ADT;ADUR;ALVO,49,A-ADT;A-ADUR;A-AEM;A-ALVO;AAMI-AIN;AAMI-AMN;AARD-AEM;ABCB-ALVO;ABEV-AJG;ABG-ACN;ABG-AGYS;ABG-AJG;ABNB-ALVO;ABVX-ACIW;ABVX-ADP;ABVX-ADSK;ABVX-AKO-B;ABVX-ALLY;ACHC-AEM;ACHC-AGCC;ACIW-ADT;ACIW-AEO;ACN-AGI;ACN-AGIO;ACN-AII;ACN-ALVO;ACN-AMBQ;ADBE-ADUR;ADP-ADT;ADSK-ADT;ADT-AJG;ADT-ALC;ADT-ALRM;ADUR-AENT;AEM-AJG;AENT-AERO;AEO-AJG;AEXA-AGYS;AEXA-AJG;AGCC-AJG;AGCC-ALRM;AGI-AJG;AGIO-ALGN;AGL-AMCR;AIG-AJG;AII-AJG;AIRJ-ALVO;ALC-ALH;ALC-ALVO,-6.987340748310089e-05,4.060443010546419,0.01769041769041769,1.4648854362040027,"AA,AAMI,AAP,ABEV,ABG,ABVX,ACLS,ACNT,ACRE,ADAM,ADI,ADPT,ADT,ADUR,AEBI,AEM,AEO,AER,AERO,AEXA,AG,AGBK,AGCC,AGCO,AGEN,AGI,AGIO,AGNC,AIG,AII,AIV,ALG,ALH,ALM,ALVO,AMAL,AMBQ,AMCR,AMG,AMLX","A,AARD,ABCB,ABNB,ABT,ACHC,ACIW,ACN,ACVA,ADBE,ADP,ADSK,AENT,AEYE,AFCG,AGL,AGYS,AIN,AIRJ,AJG,AKO-B,ALC,ALGN,ALKT,ALLY,ALRM,AMN,AMP"
2026-03-26 13:45:00+00:00,L0235,L0237,confirmation,confirmation,1.020811069798611,0.5619883080322792,7,ACB;ACNB;ACU;ADUR;AG;AMAL;AMCI,43,AAOI-AG;AAOI-AMPG;AAON-AEBI;AAPG-AIR;AARD-ACET;AARD-AMGN;ABAT-AG;ABSI-ACRS;ABSI-ACTG;ABSI-ALB;ACAD-AIT;ACB-AEHR;ACB-AGEN;ACB-AGMB;ACLS-AG;ACMR-AMAL;ACMR-AMCI;ACNB-AGEN;ACNB-AIR;ACNB-ALOY;ACR-ACTG;ACR-ADI;ACRS-ACU;ACU-ADI;ACU-AGMB;ACU-AIR;ADUR-AEHR;ADUS-AGMB;AEBI-AMBA;AEHR-AMAL;AEM-ALB;AER-AG;AER-AIG;AG-ALB;AG-AMKR;AG-QQQ;AGEN-AMCR;AGI-ALB;AIG-ALB;AIR-AMAL;AMAL-AMAT;AMAL-AMD;AMCR-AMGN,-0.0041165352740790695,4.060443010546419,0.025352112676056335,1.4937533828872802,"AAPG,AARD,ABEV,ABG,ABSI,ABUS,ACB,ACHC,ACNB,ACNT,ACR,ACT,ACU,ACVA,ADAG,ADUR,ADUS,AEBI,AEM,AEO,AEVA,AG,AGCO,AGI,AGIO,AGL,AGM,AGO,AGPU,AIG,AII,AIT,AIV,AIZ,AJG,ALAR,ALH,ALLE,ALOT,ALRS,ALTO,ALV,AMAL,AMBP,AMCI,AMCR,AMPG","AAOI,AAON,ABAT,ABR,ACAD,ACET,ACHV,ACLS,ACMR,ACRS,ACTG,ADI,ADMA,AEC,AEHR,AEIS,AER,AGBK,AGEN,AGMB,AGNC,AGRO,AGX,AIR,ALB,ALGM,ALM,ALMU,ALNT,ALOY,AMAT,AMBA,AMD,AMG,AMGN,AMKR,QQQ"
2026-03-26 14:15:00+00:00,L0241,L0240,confirmation,confirmation,1.1462819317157247,0.7537610033586711,2,AFBI;AIRJ,14,AA-ACR;AA-ALB;AAPG-ACR;AAPG-ALB;ABEV-AGO;ACET-AEM;ACR-ADAG;ACRE-AII;ACRE-AMCX;ADAG-AII;AFBI-ALCO;AGBK-AHRT;AIRJ-ALCO;AIRJ-ALLT,0.003001757082529366,2.9601141999239546,0.008379888268156424,1.3112984137435308,"AAPL,AARD,AAT,ABBV,ABCB,ABSI,ACET,ACHV,ACR,ACTG,ACU,ADC,ADM,AEE,AEP,AERO,AFBI,AGBK,AGM,AGO,AHR,AII,AIRJ,AKR,ALB,ALKS,ALMS,ALRS,AM,AMCX","AA,AAMI,AAON,AAPG,ABEV,ACB,ACHR,ACLS,ACRE,ADAG,ADPT,AEM,AENT,AEVA,AGMB,AGPU,AHRT,AIRO,ALAB,ALAR,ALCO,ALG,ALLT,ALOT,ALTG,ALX,AMBQ,AME,AMLX,AMPG"
2026-03-26 14:15:00+00:00,L0241,L0220,confirmation,maturity,1.1462819317157247,0.23773343642844347,1,AGO,17,AAL-AARD;AARD-AIOT;AAT-ALC;AAT-AMP;ACEL-ACR;ACEL-ALB;ACEL-ALKS;ACR-ALHC;ACU-AEYE;ADBE-AIRJ;AERO-ALHC;AGM-AGYS;AIP-ALKS;AKR-ALC;ALB-ALMU;ALGN-AMCX;ALKS-AMBA,0.00041511550080031157,2.9978057000229175,0.01990521327014218,1.167641817439501,"AAPL,AARD,AAT,ABBV,ABCB,ABSI,ACET,ACHV,ACR,ACTG,ACU,ADC,ADM,AEE,AEP,AERO,AFBI,AGBK,AGM,AGO,AHR,AII,AIRJ,AKR,ALB,ALKS,ALMS,ALRS,AM,AMCX","A,AAL,ABCL,ABNB,ABT,ABVX,ABX,ACEL,ACIW,ACM,ACN,ACVA,ADBE,ADP,ADSE,ADSK,ADT,ADTN,AEG,AEYE,AFCG,AFRI,AFRM,AGI,AGYS,AHCO,AI,AIOT,AIP,AIRG,AIRS,AJG,ALC,ALGN,ALGT,ALHC,ALKT,ALLY,ALMU,ALRM,ALVO,AMBA,AMN,AMP,AMPH"
2026-03-26 14:30:00+00:00,L0237,L0227,maturity,expansion,0.4230363199869836,0.12657585355458414,0,,11,AAON-ABSI;AAON-ACTG;AAON-ALSN;AAPL-ACRS;ACAD-ACHV;ACET-ALMS;ACHV-QQQ;ACTG-ALM;ACU-AMLX;ADI-AES;AEIS-AHR,0.007520870887674391,2.5456949514448213,0.01702127659574468,0.8038605814130373,"AAOI,AAON,AAP,ABAT,ABEO,ABR,ACA,ACAD,ACET,ACMR,ACRS,ADAM,ADI,ADMA,ADUR,AEC,AEHR,AEIS,AER,AG,AGEN,AGNC,AGRO,AGX,AIR,ALGM,ALM,ALNT,ALOY,AMAL,AMAT,AMCI,AMD,AMG,AMGN,AMKR,AMLX,QQQ","AAPL,AAT,AAUC,ABBV,ABG,ABSI,ACDC,ACGL,ACHV,ACI,ACIC,ACOG,ACTG,ACU,AD,ADC,ADM,ADNT,ADUS,ADV,AEE,AEO,AEP,AES,AESI,AEXA,AFG,AFL,AGBK,AGM,AGPU,AHR,AIZ,AKO-B,AKR,ALK,ALL,ALMS,ALNY,ALSN,AM,AMBP,AMH"
2026-03-26 14:45:00+00:00,L0237,L0243,expansion,confirmation,0.6069281534666641,0.4633586008293298,1,AERO,26,AAMI-ACAD;AAMI-ACRS;AAMI-ACTG;AAON-AIOT;AAP-ACEL;AAP-AMBA;AARD-ACRS;AARD-AERO;ABAT-AEVA;ABAT-ALB;ABAT-AMPG;ABCB-AMCI;ABEO-AIOT;ABX-AMAL;ACHV-AIOT;ACRE-ACU;ACTG-ALH;ADAM-AMCX;ADI-AGCO;ADI-AIT;ADI-AMBA;AEHR-ALMU;AGCO-ALOY;AGCO-AMAL;AIR-ALGT;ALRS-AMAL,0.004658144083805382,3.3832307577647005,0.008284023668639052,1.1681363192802692,"AAOI,AAON,AAP,ABAT,ABEO,ABR,ACAD,ACHV,ACMR,ACRS,ACTG,ACU,ADAM,ADI,ADMA,ADSE,ADUR,AEBI,AEC,AEHR,AEIS,AER,AERO,AG,AGEN,AGNC,AGRO,AGX,AHR,AIR,ALGM,ALM,ALNT,ALOY,AMAL,AMAT,AMCI,AMCR,AMD,AMG,AMKR,AMLX,QQQ","AAL,AAMI,AAPG,AARD,ABCB,ABCL,ABEV,ABX,ACB,ACEL,ACNB,ACR,ACRE,ADAG,ADTN,AEM,AEVA,AFRI,AGCO,AGIO,AHCO,AI,AII,AIOT,AIP,AIT,ALB,ALGN,ALGT,ALH,ALHC,ALKS,ALMU,ALRS,AMBA,AMCX,AMPG"
2026-03-26 15:00:00+00:00,L0243,L0237,decay,maturity,0.7353394591546899,0.34001581795252456,2,AERO;AMCX,7,AAOI-ALB;AAOI-ALMU;ABAT-AMCX;ABCB-AGEN;ABEO-ACNB;ACNB-ACU;ACRS-AERO,0.006706955377012491,2.5392918892510177,0.021311475409836064,0.9606262767563942,"AARD,ABCB,ABCL,ABSI,ABX,ACEL,ACNB,ACR,ADAG,ADEA,AERO,AI,AII,AIOT,AIP,AKAM,ALB,ALH,ALKS,ALMU,AMBA,AMCX","AAMI,AAOI,AAON,AAP,ABAT,ABEO,ABR,ACA,ACAD,ACHV,ACMR,ACRS,ACTG,ACU,ADAM,ADI,ADMA,ADSE,ADUR,AEBI,AEC,AEHR,AEIS,AER,AG,AGCO,AGEN,AGNC,AGRO,AGX,AHR,AIR,ALG,ALGM,ALM,ALNT,ALOY,AMAL,AMAT,AMCI,AMCR,AMD,AMG,AMKR,AMLX,QQQ"
2026-03-26 15:00:00+00:00,L0220,L0237,maturity,maturity,0.6554043795764124,0.34001581795252456,1,AEYE,3,ABAT-ALTO;ACHV-ALTO;AGCO-ALLY,0.0027215282898396254,1.836119649617305,0.021311475409836064,0.7608526929744828,"A,AAT,AAUC,ABNB,ABT,ABVX,ACGL,ACI,ACIC,ACIW,ACM,ACN,ACOG,ACT,AD,ADBE,ADP,ADSK,ADT,ADUS,ADV,AEG,AEO,AES,AESI,AEYE,AFG,AFL,AFRM,AFYA,AGI,AGM,AGYS,AIZ,AJG,ALC,ALKT,ALL,ALLY,ALRM,ALTO,AMH,AMN,AMP","AAMI,AAOI,AAON,AAP,ABAT,ABEO,ABR,ACA,ACAD,ACHV,ACMR,ACRS,ACTG,ACU,ADAM,ADI,ADMA,ADSE,ADUR,AEBI,AEC,AEHR,AEIS,AER,AG,AGCO,AGEN,AGNC,AGRO,AGX,AHR,AIR,ALG,ALGM,ALM,ALNT,ALOY,AMAL,AMAT,AMCI,AMCR,AMD,AMG,AMKR,AMLX,QQQ"
2026-03-26 15:15:00+00:00,L0245,L0220,confirmation,maturity,0.32190578875398257,0.194852279664929,9,AAT;ABT;ADM;AFG;AGPU;ALLE;ALRS;ALTO;AM,26,AAT-ACIW;AAT-AESI;AAT-ALKT;ABT-ADSK;ABT-ALKT;ABT-ALL;ACDC-ALRS;ACGL-ADM;ACM-ALLE;ACNT-AGM;ACOG-ADM;ACOG-ALRS;ADBE-AKR;ADBE-ALMS;ADM-ALV;ADT-AGCC;AES-AIV;AESI-AIV;AFCG-AGYS;AFL-ALTO;AFL-AM;AFYA-ALLE;AGBK-AGM;AGCC-ALV;AKR-ALC;ALNY-ALTO,0.002854584075976163,3.812985974500589,0.016941176470588234,1.110815090621409,"AAPL,AAT,ABBV,ABSI,ABT,ACET,ACNT,ADC,ADM,AEE,AEP,AFCG,AFG,AGBK,AGCC,AGO,AGPU,AIRJ,AIRS,AIV,AKR,ALLE,ALMS,ALRS,ALTO,AM,AMCR,AMGN","A,AAUC,ABG,ABM,ABNB,ABVX,ACDC,ACGL,ACI,ACIC,ACIW,ACM,ACN,ACOG,ACVA,AD,ADBE,ADNT,ADP,ADSK,ADT,ADUS,ADV,AEG,AEO,AES,AESI,AFL,AFRM,AFYA,AGM,AGYS,AIG,AIZ,AJG,ALC,ALKT,ALL,ALLY,ALNY,ALRM,ALV,AMBP,AMH,AMN,AMP"
2026-03-26 16:00:00+00:00,L0237,L0248,expansion,expansion,0.5281327985700823,0.6896971098357207,0,,21,AAMI-AIRO;AAOI-AAON;AAON-AGRO;AAP-ABCB;AAP-ACEL;ABAT-AMLX;ABCL-AIRJ;ABEO-ACNB;ABX-AGRO;ACB-AGEN;ACHR-ALMU;ACHV-AMLX;ACTG-AME;ADEA-AMCI;ADI-ALMU;AEBI-AIR;AG-ALMU;AG-AMBA;AGRO-AI;AGRO-AMBA;AIRO-AMLX,0.0005673425184795633,3.0936179635123224,0.010027855153203343,1.140257641672802,"AAOI,AAP,ABAT,ABEO,ABR,ACA,ACAD,ACET,ACHR,ACHV,ACLS,ACMR,ACRS,ACTG,ADAM,ADI,ADMA,ADSE,ADUR,AEC,AEHR,AEIS,AENT,AER,AEVA,AFBI,AFRI,AG,AGEN,AGMB,AGNC,AGRO,AGX,AHR,AHRT,AIR,AIRG,AIRJ,AIRO,AKTS,ALAB,ALG,ALGM,ALM,ALNT,ALOY,ALTG,AMAL,AMAT,AMCI,AMCR,AMD,AMG,AMGN,AMKR,AMPG,QQQ","AAL,AAMI,AAON,AAPG,AARD,ABCB,ABCL,ABX,ACB,ACEL,ACNB,ACR,ACU,ADAG,ADEA,AEBI,AI,AII,AIOT,AIP,AIT,AKAM,ALB,ALGT,ALH,ALK,ALKS,ALMU,ALOT,AMBA,AME,AMLX"
2026-03-26 16:30:00+00:00,L0237,L0220,expansion,expansion,0.7817325317048044,0.5274384126759342,0,,4,ADI-AEBI;AFG-AGMB;AGCO-AMAL;ALOT-ALRS,0.0036573109100572765,1.6800326372564176,0.012738853503184714,0.8146702706538037,"AAMI,AAOI,AAP,AAPG,ABAT,ABEO,ABR,ACA,ACAD,ACB,ACHR,ACHV,ACLS,ACMR,ACRS,ACTG,ADAM,ADI,ADMA,ADUR,AEC,AEHR,AEIS,AENT,AER,AEVA,AG,AGEN,AGMB,AGNC,AGX,AHR,AHRT,AIR,AIRO,AKTS,ALAB,ALAR,ALB,ALG,ALGM,ALM,ALMU,ALNT,ALOT,ALOY,ALTG,AMAL,AMAT,AMCI,AMCR,AMD,AMG,AMGN,AMKR,AMLX,AMPG,QQQ","A,AAUC,ABM,ACDC,ACGL,ACI,ACIC,ACIW,ACM,ACOG,ACVA,AD,ADEA,ADM,ADNT,ADTN,ADV,AEBI,AEG,AEO,AES,AESI,AEXA,AFG,AFL,AFYA,AGCO,AGIO,AGM,AIG,AIT,AIV,AIZ,AJG,ALK,ALL,ALLE,ALLY,ALNY,ALRS,ALSN,ALV,AM,AMBP,AME,AMH,AMP"
2026-03-26 16:45:00+00:00,L0256,L0220,decay,maturity,0.7489859706731453,0.6676285468166834,5,ACNT;ADEA;AGBK;AGPU;AKAM,16,AAL-ALC;AAT-ADAG;ABM-AKAM;ABX-AES;ACIW-ALC;ACM-ADTN;ACNT-AEG;ACNT-ALLY;ACVA-ADAG;ADAG-AES;ADM-AGI;ADV-AKAM;AEE-AGO;AFYA-AGBK;AHCO-ALRS;ALNY-ALTO,0.0020309881074354053,3.3033308936783503,0.013793103448275862,1.2528860441837775,"ABCL,ABX,ACNT,ACR,ACRE,ACT,ACU,ADAG,ADEA,ADTN,AEM,AFRM,AGBK,AGI,AGO,AGPU,AHCO,AIOT,AIP,AKAM,ALC,ALGN,ALH,ALTO,AMBA","A,AAL,AAT,AAUC,ABM,ACDC,ACGL,ACI,ACIC,ACIW,ACM,ACOG,ACVA,AD,ADC,ADM,ADNT,ADV,AEE,AEG,AEO,AEP,AES,AESI,AEXA,AFG,AFL,AFYA,AGM,AIG,AIV,AIZ,AJG,AKR,ALGT,ALK,ALL,ALLE,ALLY,ALNY,ALRS,ALV,AM,AMH,AMP"
2026-03-26 16:45:00+00:00,L0256,L0237,decay,maturity,0.7489859706731453,0.7496301235808172,0,,4,AAMI-AEM;ABX-ACHR;ADEA-ALAB;AGRO-AIOT,0.002000433043576777,1.6486669533137979,0.02546419098143236,0.8655711952518531,"ABCL,ABX,ACNT,ACR,ACRE,ACT,ACU,ADAG,ADEA,ADTN,AEM,AFRM,AGBK,AGI,AGO,AGPU,AHCO,AIOT,AIP,AKAM,ALC,ALGN,ALH,ALTO,AMBA","AAMI,AAOI,AAP,ABAT,ABEO,ABEV,ABR,ACA,ACAD,ACB,ACET,ACHR,ACHV,ACLS,ACMR,ACRS,ACTG,ADAM,ADI,ADMA,ADUR,AEC,AEHR,AEIS,AENT,AER,AEVA,AG,AGEN,AGMB,AGNC,AGRO,AGX,AHR,AHRT,AI,AIR,AIRJ,AIRO,AKTS,ALAB,ALB,ALG,ALGM,ALLT,ALM,ALMU,ALNT,ALOY,ALTG,AMAL,AMAT,AMCI,AMCR,AMD,AMG,AMGN,AMKR,AMPG,QQQ"
2026-03-26 17:15:00+00:00,L0237,L0220,maturity,maturity,0.3639244189406474,0.0954588910664681,0,,1,ADM-ALMU,0.00041831156704574823,0.7138470310665503,0.013605442176870748,0.3183175670953029,"AAOI,AAP,ABAT,ABEO,ABR,ACA,ACAD,ACB,ACET,ACHR,ACLS,ACMR,ACRS,ADAM,ADI,ADMA,ADUR,AEC,AEHR,AEIS,AENT,AER,AFBI,AG,AGEN,AGMB,AGNC,AGX,AHRT,AIR,AIRJ,AIRO,AKTS,ALAB,ALB,ALCO,ALG,ALGM,ALLT,ALM,ALMU,ALNT,ALOY,ALTG,AMAL,AMAT,AMCI,AMCR,AMD,AMG,AMGN,AMKR,AMPG,QQQ","A,AAT,AAUC,ACDC,ACGL,ACI,ACIC,ACIW,ACM,ACOG,ACVA,AD,ADM,ADNT,ADV,AEG,AEO,AES,AESI,AEXA,AFG,AFL,AFYA,AGPU,AIG,AIV,AIZ,AJG,ALK,ALL,ALLE,ALLY,ALNY,ALV,AM,AMH,AMP"
2026-03-26 18:00:00+00:00,L0254,L0220,expansion,maturity,0.5078540203569069,0.6673666686330101,5,AAT;AEE;AEP;AFCG;AKR,12,A-AAT;ABT-ACI;ACDC-ADP;ACDC-AMPH;ACIW-AEYE;ACIW-ALKT;ACIW-ALRM;ACM-AKR;ACM-ALH;ACN-ADNT;AEO-AJG;AEP-AIV,0.0016293732915073633,3.1425534723463815,0.013888888888888888,1.140287908116904,"AAPL,AAT,ABCL,ABG,ABNB,ABSI,ABT,ACN,ACR,ACVA,ADBE,ADP,ADPT,ADSK,ADT,ADUS,AEE,AEO,AEP,AEYE,AFCG,AGIO,AGYS,AIP,AIRS,AKAM,AKR,ALC,ALH,ALHC,ALKT,ALMS,ALRM,AMBP,AMN,AMPH","A,AAL,AAUC,ACDC,ACGL,ACI,ACIC,ACIW,ACM,AD,ADM,ADNT,ADV,AEG,AES,AESI,AEXA,AFL,AFYA,AGBK,AGM,AIG,AIV,AIZ,AJG,ALGT,ALK,ALL,ALLE,ALLY,ALNY,AM,AMH,AMP"
2026-03-26 18:00:00+00:00,L0254,L0237,expansion,expansion,0.5078540203569069,0.33852459786789935,0,,1,AAP-AEYE,0.0007901052304077893,0.7318920704507423,0.02346368715083799,0.44040615615275314,"AAPL,AAT,ABCL,ABG,ABNB,ABSI,ABT,ACN,ACR,ACVA,ADBE,ADP,ADPT,ADSK,ADT,ADUS,AEE,AEO,AEP,AEYE,AFCG,AGIO,AGYS,AIP,AIRS,AKAM,AKR,ALC,ALH,ALHC,ALKT,ALMS,ALRM,AMBP,AMN,AMPH","AAOI,AAP,ABAT,ABEO,ACAD,ACHV,ACMR,ACRS,ADAM,ADI,ADMA,ADUR,AEC,AEHR,AEIS,AER,AG,AGEN,AGNC,AGRO,AGX,AIR,AIRO,AKTS,ALAB,ALB,ALGM,ALM,ALMU,ALNT,ALOY,AMAL,AMAT,AMCI,AMD,AMG,AMKR,AMPG,QQQ"
2026-03-26 18:15:00+00:00,L0237,L0266,expansion,confirmation,1.1415747332088046,0.5419440823540917,14,ACB;ACHR;ACNT;ACTG;ACU;AEVA;AG;AGRO;AI;AIRO;ALAB;AMBQ;AMLX;AMPG,10,AA-AG;AAMI-ACAD;ACB-ALGN;ACNT-AEM;ACNT-AGI;ACTG-AME;ACU-AIOT;ACU-AIP;AGCO-AHR;AIRG-ALG,0.0024296264455188066,3.6697721324728185,0.012698412698412698,1.4244034396918355,"AAOI,AAP,ABAT,ABEO,ABR,ABVX,ACA,ACAD,ACB,ACET,ACHR,ACHV,ACLS,ACMR,ACNT,ACRS,ACTG,ACU,ADAM,ADI,ADMA,ADUR,AEC,AEHR,AEIS,AENT,AER,AEVA,AG,AGEN,AGMB,AGNC,AGRO,AGX,AHR,AHRT,AI,AIR,AIRJ,AIRO,AKTS,ALAB,ALAR,ALCO,ALG,ALGM,ALLT,ALM,ALNT,ALOY,ALTG,ALX,AMAL,AMAT,AMBQ,AMCI,AMCR,AMD,AMG,AMGN,AMKR,AMLX,AMPG,QQQ","AA,AAMI,ABCL,ABEV,ABX,ACOG,ADEA,ADTN,AEM,AFRI,AGCO,AGI,AHCO,AIN,AIOT,AIP,AIRG,AIT,ALB,ALGN,ALMU,ALRS,ALSN,ALTO,AME"
2026-03-26 18:30:00+00:00,L0266,L0265,expansion,maturity,0.27875440854429767,0.22918508051508757,0,,15,AAL-ALB;AARD-ACB;ACCO-ACT;ACHR-AMBA;AEBI-ALB;AERO-AGRO;AERO-AI;AGCC-AGCO;AGCO-AMCX;ALB-ALGT;ALB-ALRS;ALB-ALVO;ALB-AMCX;ALGT-ALSN;ALRS-AMPG,0.00019956374308094382,2.773835218434763,0.008519269776876268,0.8471185417930379,"AA,AAMI,AAON,ABCL,ABEV,ABUS,ABX,ACB,ACHC,ACHR,ACNT,ACOG,ACRE,ACT,ACTG,ACU,ADEA,ADPT,ADTN,AEM,AEVA,AFG,AFRM,AG,AGCO,AGI,AGO,AGPU,AGRO,AHCO,AI,AIOT,AIP,AIRO,AIT,ALAB,ALB,ALGN,ALMU,ALSN,ALTO,AMBQ,AME,AMLX,AMPG","AAL,AAPG,AARD,ABCB,ACCO,ACEL,ACNB,ADAG,AEBI,AERO,AFRI,AGCC,AGL,AII,AIN,ALGT,ALK,ALKS,ALRS,ALV,ALVO,AMBA,AMCX"
2026-03-26 18:45:00+00:00,L0266,L0268,decay,confirmation,0.9486938195796263,0.9548819676362146,0,,4,AA-AIRO;ABEV-ACTG;AGBK-ALLT;AIRO-ALB,0.0022076900204410776,1.652644709443512,0.008522727272727272,0.9855123226165393,"AA,AAL,AAMI,AAON,ABEV,ABX,ACNT,ACOG,ADEA,ADTN,AEM,AFRI,AFRM,AGBK,AGCO,AGI,AGO,AGPU,AHCO,AIN,AIOT,AIP,AIRG,AIT,ALB,ALGN,ALGT,ALRS,ALSN,ALTO,AMBA,AME","ABVX,ACA,ACHR,ACLS,ACTG,AENT,AEVA,AGMB,AHR,AHRT,AIRJ,AIRO,ALAB,ALAR,ALCO,ALG,ALLT,ALMS,ALNT,ALTG,AMBQ,AMGN,AMLX,AMPG"
2026-03-26 18:45:00+00:00,L0254,L0268,decay,confirmation,0.3195396372198584,0.9548819676362146,0,,5,ABT-ALMS;ABUS-AEVA;ACLS-AEYE;ADPT-AMLX;ALMS-ALOT,0.0002869538002414629,1.7965306324427976,0.008522727272727272,0.8327375486584303,"ABG,ABM,ABNB,ABT,ABUS,ACCO,ACHC,ACN,ACR,ACT,ACVA,ADBE,ADP,ADPT,ADSK,ADT,ADUS,AEYE,AFBI,AFCG,AFG,AGIO,AGL,AGYS,AIRS,ALC,ALH,ALHC,ALKT,ALOT,ALRM,ALX,AMBP,AMN,AMPH","ABVX,ACA,ACHR,ACLS,ACTG,AENT,AEVA,AGMB,AHR,AHRT,AIRJ,AIRO,ALAB,ALAR,ALCO,ALG,ALLT,ALMS,ALNT,ALTG,AMBQ,AMGN,AMLX,AMPG"
2026-03-26 18:45:00+00:00,L0266,L0237,decay,maturity,0.9486938195796263,0.5285563064502667,0,,3,ACHV-ALB;AG-AIOT;ALRS-AMAL,0.004135265946388245,1.4846740512080017,0.020512820512820513,0.8174204736878915,"AA,AAL,AAMI,AAON,ABEV,ABX,ACNT,ACOG,ADEA,ADTN,AEM,AFRI,AFRM,AGBK,AGCO,AGI,AGO,AGPU,AHCO,AIN,AIOT,AIP,AIRG,AIT,ALB,ALGN,ALGT,ALRS,ALSN,ALTO,AMBA,AME","AAOI,ABAT,ABEO,ACAD,ACHV,ACMR,ADI,ADMA,ADUR,AEC,AEHR,AEIS,AER,AG,AGEN,AGNC,AGRO,AGX,AIR,ALGM,ALM,ALMU,ALOY,AMAL,AMAT,AMCI,AMD,AMG,AMKR,QQQ"
2026-03-26 18:45:00+00:00,L0254,L0237,decay,maturity,0.3195396372198584,0.5285563064502667,0,,1,ABUS-AMD,0.00221452972618863,0.7981614739682532,0.020512820512820513,0.45704607467002395,"ABG,ABM,ABNB,ABT,ABUS,ACCO,ACHC,ACN,ACR,ACT,ACVA,ADBE,ADP,ADPT,ADSK,ADT,ADUS,AEYE,AFBI,AFCG,AFG,AGIO,AGL,AGYS,AIRS,ALC,ALH,ALHC,ALKT,ALOT,ALRM,ALX,AMBP,AMN,AMPH","AAOI,ABAT,ABEO,ACAD,ACHV,ACMR,ADI,ADMA,ADUR,AEC,AEHR,AEIS,AER,AG,AGEN,AGNC,AGRO,AGX,AIR,ALGM,ALM,ALMU,ALOY,AMAL,AMAT,AMCI,AMD,AMG,AMKR,QQQ"
2026-03-26 19:00:00+00:00,L0237,L0266,expansion,expansion,0.8630847208635791,0.6359082150688092,8,ACTG;AEVA;AIRO;ALAB;ALNT;AMBQ;AMLX;AMPG,17,AAMI-ACNB;AAMI-ALGM;AAMI-AMAL;ACAD-ALOT;ACHV-AEBI;ACNB-AEBI;ACNB-AFRI;ACNT-ALAB;ACRE-AEC;ACTG-AME;ADI-ALTO;AEC-ALOT;ALGM-ALTO;ALGN-AMBQ;ALSN-AMBQ;ALSN-AMPG;AMBQ-AME,0.002854478545486927,3.534721003347488,0.011267605633802818,1.335068272461659,"AAOI,ABAT,ABEO,ACAD,ACHV,ACMR,ACNB,ACTG,ADI,ADMA,ADUR,AEC,AEHR,AEIS,AER,AEVA,AGEN,AGNC,AGRO,AGX,AIR,AIRO,ALAB,ALGM,ALM,ALMU,ALNT,ALOY,AMAL,AMAT,AMBQ,AMCI,AMD,AMG,AMKR,AMLX,AMPG,QQQ","AA,AAL,AAMI,AAON,AAPG,ABEV,ABX,ACEL,ACNT,ACOG,ACRE,ACU,ADEA,ADTN,AEBI,AEM,AERO,AFRI,AGBK,AGCO,AGI,AGO,AGPU,AHCO,AII,AIN,AIOT,AIP,AIT,ALB,ALGN,ALGT,ALK,ALKS,ALOT,ALRS,ALSN,ALTO,AMBA,AMCX,AME"
2026-03-26 19:15:00+00:00,L0266,L0270,expansion,confirmation,0.4264744078535213,0.4847942109241082,1,AHR,21,AA-AG;AAL-ABVX;AAL-AMCR;AARD-ACB;ABEV-ABR;ABR-ACTG;ABUS-ALAB;ABX-ACHR;ACCO-AFRM;ACLS-ALNT;ADAM-AHR;ADAM-ALSN;AEVA-AG;AFG-AGMB;AHR-AHRT;AHR-AMCR;AHRT-AMLX;AIT-AMBA;ALB-AMBA;ALG-AMLX;ALLT-AMBQ,0.0028817447600886226,3.189989584817558,0.008349900596421472,1.0721304669271416,"AA,AAL,AAMI,AAON,ABCL,ABEV,ABX,ACB,ACHC,ACNT,ACOG,ACRE,ACT,ACTG,ACU,ADTN,AEM,AEVA,AFG,AFRI,AFRM,AGCO,AGI,AGO,AGPU,AHCO,AHR,AI,AIN,AIOT,AIP,AIRO,AIT,ALAB,ALB,ALGN,ALGT,ALK,ALNT,ALOT,ALRS,ALSN,ALTO,AMBQ,AME,AMLX,AMPG","AAP,AARD,ABBV,ABCB,ABR,ABUS,ABVX,ACA,ACCO,ACET,ACHR,ACLS,ACRS,ADAM,AENT,AFBI,AG,AGCC,AGL,AGMB,AHRT,AIRJ,AKTS,ALCO,ALG,ALLT,ALMS,ALTG,ALVO,ALX,AMBA,AMCR,AMGN"
2026-03-26 19:30:00+00:00,L0270,L0254,decay,expansion,0.6340536633415533,0.7675009310104092,1,ALVO,16,AAPL-AHR;ABG-ACCO;ABM-AIRJ;ABNB-ACCO;ABT-ALMS;ABVX-AMPH;ACCO-ALNY;ACDC-AM;ACN-ALVO;ACT-ALAR;ADPT-ALCO;ADT-AEE;ADT-AIRG;AEYE-ALX;AFCG-ALMS;ALAR-ALRM,0.0008415310585405678,2.948858310355595,0.01839622641509434,1.1604403898567517,"ABBV,ABCB,ABVX,ACCO,ACLS,ADC,AEE,AENT,AGCC,AGMB,AHR,AHRT,AIRG,AIRJ,AKO-B,ALAR,ALCO,ALG,ALLT,ALMS,ALTG,ALVO,ALX,AM,AMCR,AMGN","A,AAPL,AAT,ABG,ABM,ABNB,ABSI,ABT,ACDC,ACHC,ACIW,ACM,ACN,ACR,ACT,ACVA,ADBE,ADNT,ADP,ADPT,ADSK,ADT,ADTN,ADUS,ADV,AEO,AEP,AESI,AEYE,AFCG,AFRM,AGIO,AGYS,AIRS,AKAM,AKR,ALC,ALH,ALHC,ALKT,ALNY,ALRM,AMBP,AMH,AMN,AMPH"
2026-03-27 13:45:00+00:00,L0275,L0254,confirmation,maturity,0.33667555887595163,0.49436910165540887,0,,16,AAPL-ALOT;ABG-ACRS;ABR-ACDC;ABR-ADUR;ABR-AGPU;ACCO-ADSE;ACDC-ACT;ACDC-AENT;ACDC-AGEN;ADT-AGPU;AEM-AIT;AEM-ALSN;AEM-AME;AENT-AGCC;AFG-AGPU;ALLY-AMBQ,0.005316617665812373,2.8640084900239673,0.014932126696832578,0.9675553396699248,"AA,AAOI,AAP,AAPG,AAPL,AAUC,ABAT,ABBV,ABEO,ABEV,ABSI,ACA,ACDC,ACI,ACLS,ACMR,ACR,ACRS,ACU,ADC,ADM,ADMA,ADSE,ADTN,ADUR,ADV,AEBI,AEC,AEE,AEHR,AEIS,AEO,AEP,AER,AES,AESI,AEXA,AFCG,AG,AGCC,AGI,AGL,AGPU,AGRO,AGX,AHR,AIT,AJG,ALAB,ALB,ALCO,ALKS,ALLE,ALM,ALNT,ALSN,ALTO,AM,AMAT,AMBP,AMBQ,AMCR,AME,AMGN,AMKR,AMLX,AMPH","AAL,AAT,ABG,ABM,ABNB,ABR,ABT,ABVX,ACCO,ACGL,ACIW,ACN,ACOG,ACT,ACTG,ACVA,AD,ADBE,ADEA,ADNT,ADP,ADSK,ADT,ADUS,AEG,AEM,AENT,AFBI,AFG,AFL,AFRM,AGEN,AGM,AGMB,AGO,AGYS,AHRT,AI,AIG,AIOT,AIP,AIRG,AIRS,AIV,AIZ,AKO-B,ALAR,ALC,ALG,ALGN,ALGT,ALH,ALK,ALKT,ALL,ALLY,ALOT,ALRM,ALX,AMH,AMN,AMP"
2026-03-27 14:15:00+00:00,L0275,L0279,expansion,confirmation,0.5689547319850092,0.7612674072981979,1,ABEO,17,AA-ACDC;AA-AGPU;AAPG-ALHC;AAPG-AMCI;AAPL-AGPU;ABEO-ACDC;ABEO-AMCI;ABEV-AFRI;ABT-AHCO;ABT-ALHC;ACR-ADM;ACR-AES;ACR-AFCG;AD-AFG;AD-AMH;AEBI-AFRI;AGL-ALHC,0.004785974393598735,3.019380313419887,0.013422818791946308,1.1559251429587258,"AA,AAOI,AAP,AAPG,AAPL,AAUC,ABBV,ABEO,ABEV,ABSI,ABT,ACI,ACLS,ACMR,ACRS,AD,ADC,ADM,ADMA,ADTN,ADV,AEBI,AEC,AEE,AEHR,AEIS,AEM,AEO,AEP,AER,AES,AESI,AEXA,AFCG,AG,AGCC,AGI,AGL,AGRO,AGX,AHR,AJG,ALAB,ALB,ALCO,ALKS,ALM,ALNT,ALSN,ALTO,AM,AMAT,AMBP,AMCR,AME,AMGN,AMKR,AMLX,AMPH","A,AAT,ABR,ACDC,ACEL,ACIC,ACR,ACRE,ACT,ACU,ADAG,ADAM,ADPT,ADT,ADUR,ADUS,AENT,AFBI,AFG,AFJK,AFRI,AGEN,AGMB,AGPU,AHCO,AII,AIRG,AIRS,AIZ,AKO-B,AKR,ALAR,ALC,ALHC,ALOT,ALRM,AMCI,AMH,AMN"
2026-03-27 14:30:00+00:00,L0281,L0275,confirmation,maturity,0.7101270450708694,0.3705882826770628,5,ABT;ACA;AGCO;AIT;ALLE,15,AA-ACA;AAMI-ALCO;AAP-AKO-B;ABT-AEM;ABT-AMCR;ACA-AEM;ACA-AES;ACA-AG;ACA-ALM;ACM-AGBK;ACM-ALNT;AEM-AGCO;AG-AIT;AIT-ALNT;ALLE-AME,-0.0016630353638902307,3.258096538021482,0.020689655172413793,1.1418421811056123,"AAMI,AAON,ABM,ABT,ABX,ACA,ACM,AEG,AFYA,AGCO,AHCO,AIT,AKO-B,ALC,ALLE","AA,AAOI,AAP,AAPL,AAUC,ABBV,ABEV,ABSI,ACI,ACLS,ACMR,ACR,ACRS,ADC,ADM,ADMA,ADTN,ADV,AEBI,AEC,AEE,AEHR,AEIS,AEM,AEO,AEP,AER,AES,AESI,AEXA,AFCG,AG,AGBK,AGCC,AGI,AGL,AGRO,AGX,AHR,AJG,ALAB,ALB,ALCO,ALKS,ALM,ALNT,ALSN,ALTO,AM,AMAT,AMBP,AMCR,AME,AMGN,AMKR,AMLX,AMPH"
2026-03-27 15:00:00+00:00,L0278,L0279,decay,maturity,0.3533046680346398,0.6622227000852221,0,,2,AD-ADI;ADAM-ALMU,0.002830294892191887,1.1887666208791106,0.013793103448275862,0.6039188311729775,"ABAT,ABCL,ABUS,ACAD,ACB,ACET,ACHC,ACHR,ACHV,ADAG,ADI,ADTN,AEVA,AIR,AIRJ,AIRO,ALGM,ALLT,ALMS,ALMU,ALNY,ALOY,ALTG,AMBA,AMD,AMPG,QQQ","AAT,ABR,ACCO,ACDC,ACEL,ACIC,ACRE,ACT,ACU,AD,ADAM,ADT,ADUR,ADUS,AENT,AFBI,AFG,AFJK,AFL,AGEN,AGMB,AGPU,AII,AIRG,AIZ,AKO-B,AKR,AKTS,ALAR,ALOT,ALRM,ALX,AMCI,AMH,AMN"
2026-03-27 15:15:00+00:00,L0254,L0278,decay,expansion,0.45356646368235964,0.6617297691319222,0,,17,A-ACTG;AAON-ABG;AARD-ALHC;ABCL-ABG;ABNB-AIRJ;ACAD-AGIO;ACB-AI;ACTG-ALKT;ADSE-AGIO;AEG-AFRM;AEG-AHRT;AGCO-AGIO;AGCO-AGNC;AGCO-AHRT;AGIO-ALNY;AIOT-AIRJ;AKAM-ALLT,0.004909913754090667,2.9172836608037285,0.013223140495867768,1.0658932561195968,"A,AAL,AAPG,ABCB,ABG,ABNB,ABVX,ACGL,ACIW,ACN,ACOG,ACVA,ADBE,ADEA,ADP,ADPT,ADSK,ADUS,AERO,AFG,AFL,AFRM,AGIO,AGM,AGNC,AGO,AGYS,AHRT,AI,AIG,AIOT,AIP,AIRS,AIV,AIZ,AKAM,AKTS,ALG,ALGN,ALGT,ALH,ALHC,ALK,ALKT,ALL,ALLY,ALMU,ALRS,ALX,AMAL,AMCX,AMP","AAON,AARD,ABAT,ABCL,ABUS,ACAD,ACB,ACCO,ACET,ACHR,ACHV,ACTG,ADAG,ADI,ADSE,AEG,AEVA,AFJK,AGBK,AGCO,AIR,AIRJ,AIRO,AIT,ALC,ALGM,ALLE,ALLT,ALMS,ALNY,ALOY,ALSN,ALTG,ALV,AMBA,AMD,AMPG,QQQ"
2026-03-27 15:30:00+00:00,L0279,L0254,expansion,maturity,0.3815293169605498,0.35562295547278944,0,,17,A-ADAM;A-ADUS;ABCB-ACEL;ACCO-ALH;ADP-ADT;ADUS-ALGN;AFG-ALGT;AGEN-AIG;AGM-AMN;AGNC-ALRS;AHRT-AIZ;AII-ALG;AIRS-AKTS;AKR-AMP;ALGT-ALRM;ALL-AMCI;AMCI-AMP,0.0015774609637446702,2.8990972518346454,0.013986013986013986,0.9480178967865652,"AAPG,AAT,ABR,ACCO,ACDC,ACEL,ACIC,ACRE,ACT,ADAM,ADSE,ADT,ADUR,ADUS,AENT,AFBI,AFG,AFJK,AFL,AGEN,AGMB,AGNC,AGPU,AII,AIRG,AIZ,AKO-B,AKR,AKTS,ALAR,ALC,ALOT,ALRM,AMCI,AMH,AMN","A,AAL,ABCB,ABM,ABNB,ABVX,ACGL,ACIW,ACN,ACOG,ACVA,ADBE,ADEA,ADNT,ADP,ADPT,ADSK,AERO,AFRM,AGIO,AGM,AGO,AGYS,AHRT,AI,AIG,AIOT,AIP,AIRS,AIV,AKAM,ALG,ALGN,ALGT,ALH,ALHC,ALK,ALKT,ALL,ALLY,ALMU,ALRS,ALVO,ALX,AMAL,AMCX,AMG,AMP"
2026-03-27 15:45:00+00:00,L0284,L0254,maturity,maturity,1.062455975538306,0.49699949443356073,10,AAMI;AAPG;ABM;ABX;ACNB;ACTG;ADNT;AEYE;AHCO;AMG,10,A-AGCO;ABG-ADPT;ABG-AIV;ABG-ALX;ABG-AMCX;ABNB-AEYE;ACM-ADPT;ACTG-ALLY;AEYE-AIP;AEYE-ALMU,0.001897329664643621,3.44008896907182,0.014117647058823528,1.3299765303183384,"AAMI,AAPG,ABG,ABM,ABX,ACM,ACNB,ACNT,ACTG,AD,ADNT,AEBI,AEG,AEYE,AFRI,AFYA,AGCO,AHCO,AIN,AIT,ALC,ALCO,ALV,AMBQ,AMG","A,AAL,ABCB,ABNB,ABVX,ACGL,ACIW,ACN,ACOG,ACVA,ADBE,ADEA,ADP,ADPT,ADSK,AERO,AFRM,AGIO,AGM,AGO,AGYS,AHRT,AI,AIG,AIOT,AIP,AIRS,AIV,AKAM,ALG,ALGN,ALGT,ALH,ALHC,ALK,ALKT,ALL,ALLY,ALMU,ALRS,ALX,AMAL,AMCX,AMP"
2026-03-27 16:00:00+00:00,L0278,L0279,expansion,maturity,0.9149042253360626,0.9731226203457555,1,AGMB,14,AAON-AMN;AAT-ACNT;ACCO-AGCO;ACM-AKO-B;ACNT-AKO-B;ACNT-ALRM;ADSE-AGBK;AEG-ALNY;AFBI-QQQ;AFYA-ALRM;AGBK-AGNC;AKTS-ALMS;ALRM-ALVO;AMBA-AMN,0.005555066512897611,2.865367670000841,0.013095238095238094,1.2847142569190413,"AAON,AARD,ABAT,ABCL,ABG,ABUS,ACAD,ACB,ACET,ACHC,ACHR,ACHV,ACM,ACNT,ADI,ADPT,AEVA,AFYA,AGBK,AGCO,AGMB,AIN,AIR,AIRJ,AIRO,AIT,ALCO,ALGM,ALLE,ALLT,ALMS,ALNY,ALOY,ALTG,ALV,ALVO,AMBA,AMBQ,AMD,AMPG,QQQ","AAT,ABR,ABT,ACCO,ACDC,ACEL,ACIC,ACRE,ACT,AD,ADAM,ADSE,ADT,ADUR,ADUS,AEG,AENT,AFBI,AFG,AFJK,AFL,AFRI,AGEN,AGNC,AGPU,AII,AIRG,AIZ,AKO-B,AKR,AKTS,ALAR,ALC,ALOT,ALRM,AMCI,AMH,AMN"
2026-03-27 16:45:00+00:00,L0275,L0278,decay,expansion,0.8051225459766277,0.3960636760649079,0,,20,AAP-ALLE;AAPL-ALSN;ABUS-ALNT;ABUS-AMD;ACLS-AEHR;ACMR-AGI;ACMR-ALTO;ACRS-ALKS;ADAG-AHR;ADM-ALSN;ADTN-AME;AGMB-AM;AGMB-AMGN;AIR-ALKS;AIT-ALM;ALCO-ALM;ALLE-AMPH;ALM-ALNT;AMBP-AMKR;AMCR-AME,0.002337758953217417,3.0555931164866026,0.021024258760107817,1.1274077845481274,"AA,AAOI,AAP,AAPL,AAUC,ABBV,ABEO,ABEV,ABSI,ABUS,ACA,ACI,ACLS,ACR,ADC,ADM,ADMA,ADV,AEC,AEE,AEIS,AEM,AEO,AEP,AES,AESI,AEXA,AFCG,AG,AGCC,AGI,AGL,AGRO,AGX,AHR,AJG,ALB,ALKS,ALM,ALTO,AM,AMAT,AME,AMGN,AMKR,AMLX,AMPH","AAON,AARD,ABAT,ABCL,ABG,ACAD,ACB,ACET,ACHC,ACHR,ACHV,ACM,ACMR,ACRS,AD,ADAG,ADI,ADSE,ADTN,AEG,AEHR,AER,AEVA,AGBK,AGCO,AGIO,AGMB,AIN,AIR,AIRJ,AIRO,AIT,ALAB,ALCO,ALGM,ALLE,ALLT,ALMS,ALNT,ALNY,ALOY,ALSN,ALTG,ALV,AMBA,AMBP,AMCR,AMCX,AMD,AMN,QQQ"
2026-03-27 17:00:00+00:00,L0279,L0254,decay,expansion,1.1545504892775276,0.770195214317428,1,AMP,26,A-AGNC;A-ALC;AAT-ACNB;AAT-ADP;AAT-AHCO;ABCB-AMCI;ABNB-AKTS;ACCO-ADP;ACEL-ALLY;ACGL-AMH;ACIW-ADT;ACN-ALL;ACNB-AFBI;ACRE-ALGT;ACTG-ALAR;ADP-ADT;ADT-AIG;ADUS-AII;AFCG-AIV;AFJK-AIRS;AGEN-ALK;AGO-AIZ;AGO-AMH;AGYS-ALL;AIP-AKTS;AMAL-AMP,0.001436799968359992,3.3722380795758466,0.016551724137931035,1.422965989593138,"AAT,ABR,ACCO,ACDC,ACEL,ACIC,ACRE,ACT,ACU,ADAM,ADSE,ADT,ADUR,AEC,AENT,AFBI,AFCG,AFG,AFJK,AFL,AFRI,AGEN,AGNC,AGPU,AII,AIRG,AIZ,AKR,AKTS,ALAR,ALC,ALL,ALOT,ALRM,AMCI,AMH,AMP","A,AAL,AAMI,AAPG,ABCB,ABM,ABNB,ABVX,ABX,ACGL,ACIW,ACM,ACN,ACNB,ACOG,ACTG,ACVA,ADBE,ADEA,ADNT,ADP,ADPT,ADSK,ADUS,AEBI,AERO,AEYE,AFRM,AGIO,AGM,AGO,AGYS,AHCO,AHRT,AI,AIG,AIOT,AIP,AIRS,AIV,AKAM,AKO-B,ALG,ALGN,ALGT,ALH,ALHC,ALK,ALKT,ALLY,ALMU,ALRS,ALVO,ALX,AMAL,AMG"
2026-03-27 17:15:00+00:00,L0278,L0279,expansion,expansion,0.6855334557547736,0.45235193897889114,0,,2,ACHC-AEBI;AGNC-ALVO,0.0035392569843679667,1.2101315100360137,0.015354330708661417,0.646201645535402,"AAON,AARD,ABAT,ABCL,ACAD,ACB,ACET,ACHC,ACHR,ACHV,ACM,ACMR,ACRS,ADAG,ADI,ADPT,AEHR,AEVA,AGBK,AIR,AIRO,ALAB,ALGM,ALLT,ALMS,ALOY,ALTG,ALVO,AMBA,AMD,AMN,AMPG,QQQ","A,AAT,ABR,ABT,ACCO,ACDC,ACEL,ACGL,ACIC,ACNB,ACRE,ACT,ACU,ADAM,ADSE,ADT,ADUR,ADUS,AEBI,AENT,AFBI,AFCG,AFG,AFJK,AFL,AFRI,AGEN,AGMB,AGNC,AGPU,AHCO,AII,AIRG,AIZ,AKO-B,AKR,AKTS,ALAR,ALC,ALL,ALOT,ALRM,AMCI,AMH"
2026-03-27 17:30:00+00:00,L0254,L0275,expansion,expansion,0.8093618076256147,0.33420745001739216,0,,8,AAMI-ACA;ABSI-ALAR;ABX-AGL;ACU-ALX;ADUR-AGNC;AGCC-ALHC;AIV-ALAB;AKO-B-ALNT,0.0013033787836320698,2.2116027014098725,0.024242424242424242,0.8996078162817338,"A,AAL,AAMI,AAPG,ABCB,ABM,ABNB,ABVX,ABX,ACIW,ACM,ACN,ACNB,ACOG,ACTG,ACVA,ADBE,ADEA,ADNT,ADP,ADPT,ADSK,ADUS,AEBI,AERO,AEYE,AFRM,AGM,AGNC,AGO,AGYS,AHCO,AHRT,AI,AIOT,AIP,AIRJ,AIRS,AIV,AKAM,AKO-B,AKTS,ALAR,ALG,ALGN,ALGT,ALH,ALHC,ALK,ALKT,ALLY,ALMU,ALRS,ALX,AMAL,AMCX,AMG","AA,AAOI,AAP,AAPL,AAUC,ABBV,ABEO,ABEV,ABSI,ABUS,ACA,ACDC,ACET,ACI,ACLS,ACMR,ACR,ACRS,ACU,ADC,ADM,ADMA,ADTN,ADUR,ADV,AEC,AEE,AEHR,AEIS,AEM,AEO,AEP,AES,AESI,AEXA,AG,AGBK,AGCC,AGI,AGL,AGRO,AGX,AHR,AJG,ALAB,ALB,ALKS,ALM,ALNT,ALTO,AM,AMAT,AME,AMGN,AMKR,AMLX,AMPH"
2026-03-27 17:45:00+00:00,L0254,L0278,decay,maturity,0.43297173083515506,0.5453420717955609,2,AEYE;AMPG,7,AARD-ALVO;ACHR-AMPG;ACM-ALKT;AEYE-ALOY;AGMB-AIRJ;AKAM-AMN;ALMU-QQQ,0.0020062514231540263,2.5014871915998205,0.011965811965811965,0.9206608104840417,"A,AAL,AAMI,AAPG,ABCB,ABM,ABNB,ABVX,ABX,ACIW,ACN,ACNT,ACOG,ACTG,ACVA,ADBE,ADEA,ADNT,ADP,ADPT,ADSK,AERO,AEYE,AFRM,AGM,AGO,AGYS,AHRT,AI,AIOT,AIP,AIRJ,AIRS,AIV,AKAM,ALG,ALGN,ALGT,ALH,ALHC,ALK,ALKT,ALLY,ALMU,ALRS,ALVO,ALX,AMAL,AMG,AMP,AMPG","AAON,AARD,ABAT,ABCL,ACAD,ACB,ACHC,ACHR,ACHV,ACM,ADAG,ADI,AEVA,AGMB,AIR,AIRO,ALGM,ALLT,ALMS,ALOY,ALTG,AMBA,AMD,AMN,QQQ"
2026-03-27 18:00:00+00:00,L0285,L0278,expansion,expansion,1.0826761272189462,0.7160907907104764,7,ABG;ACM;AFYA;AIN;AIT;ALCO;AMBQ,10,ABG-ACB;ABG-ALGM;ACB-AIT;ACHR-AGCO;ADI-AER;ADI-ALSN;ADI-AMCX;AEYE-AKO-B;ALGM-ALLE;ALLE-ALOY,0.0033963922469411045,3.232369937407825,0.011864406779661017,1.3495022207477323,"ABG,ACM,ACNB,ACNT,ACU,AD,AEBI,AEG,AER,AFBI,AFRI,AFYA,AGCO,AGIO,AHCO,AIN,AIT,AKO-B,ALCO,ALLE,ALNY,ALSN,ALV,AMBP,AMBQ,AMCR,AMCX","AAON,AARD,ABAT,ABCL,ACAD,ACB,ACET,ACHC,ACHR,ACHV,ACRS,ADAG,ADI,AEVA,AEYE,AGMB,AIR,AIRO,ALGM,ALLT,ALMS,ALOY,ALTG,AMBA,AMD,AMN,AMPG,QQQ"
2026-03-27 18:15:00+00:00,L0254,L0279,expansion,maturity,0.7445978802035393,0.2961944402265825,2,AGNC;AHRT,19,ABT-ACN;ABVX-AIRG;ACCO-ALK;ACCO-AMAL;ACEL-ADSK;ACIW-AFG;ACRE-ALGT;ADAM-ALGT;ADEA-ADP;ADEA-ALOT;ADSK-AGO;AFJK-AGNC;AGEN-AHRT;AGEN-AMAL;AGO-ALG;AI-ALAR;AIG-ALLY;AKTS-ALRM;ALRM-AMG,0.0019116413895972073,3.1859874482659474,0.013043478260869565,1.1106910799346537,"A,AAL,AAMI,AAPG,ABCB,ABM,ABNB,ABVX,ABX,ACIW,ACN,ACNB,ACNT,ACOG,ACTG,ACVA,ADBE,ADEA,ADNT,ADPT,ADSK,ADUS,AEBI,AFRM,AGM,AGNC,AGYS,AHCO,AHRT,AI,AIOT,AIP,AIRJ,AIRS,AIV,AKAM,AKO-B,AKTS,ALG,ALGN,ALGT,ALHC,ALK,ALKT,ALLY,ALMU,ALRS,ALVO,ALX,AMAL,AMG","AAT,ABR,ABT,ACCO,ACDC,ACEL,ACGL,ACIC,ACRE,ACT,ADAM,ADP,ADSE,ADT,ADUR,AENT,AERO,AFBI,AFG,AFJK,AFL,AGEN,AGO,AGPU,AIG,AII,AIRG,AIZ,AKR,ALAR,ALC,ALH,ALL,ALOT,ALRM,AMCI,AMH,AMP"
2026-03-27 18:45:00+00:00,L0279,L0275,expansion,maturity,0.3840532954911739,0.1810610676082349,1,AEP,6,AAP-ALC;AAPL-ALOT;ABBV-AEP;ACRE-AFCG;AEC-AFJK;AEM-AIRG,0.0013835089921485633,2.2124799424054444,0.01899736147757256,0.7255038987528197,"AAT,ABR,ABT,ACCO,ACDC,ACGL,ACIC,ACRE,ACT,ADAM,ADP,ADT,ADUR,AEG,AENT,AEP,AERO,AFBI,AFG,AFJK,AFL,AGEN,AGNC,AGO,AGPU,AHRT,AIG,AII,AIRG,AIZ,AKR,ALAR,ALC,ALH,ALL,ALOT,ALRM,AMCI,AMH,AMP","AA,AAOI,AAP,AAPL,AAUC,ABBV,ABEO,ABEV,ABSI,ABUS,ACA,ACET,ACI,ACLS,ACMR,ACR,ACRS,ACU,ADC,ADM,ADMA,ADTN,ADV,AEBI,AEC,AEE,AEHR,AEIS,AEM,AEO,AES,AESI,AEXA,AFCG,AFRI,AG,AGBK,AGCC,AGI,AGL,AGRO,AGX,AHR,AJG,ALAB,ALB,ALKS,ALM,ALNT,ALTO,AM,AMAT,AMBP,AME,AMGN,AMKR,AMLX,AMPH"
2026-03-27 19:00:00+00:00,L0285,L0279,expansion,maturity,0.9271536429993048,0.8181498300340518,1,AEG,10,ACRE-AKTS;ACRE-AMN;ACT-AEG;ADPT-AGEN;AFJK-ALOT;AFL-AMCR;AGPU-AMCR;AHRT-AMBQ;AKR-ALV;ALRM-ALVO,0.005558139877393842,2.6068155318846076,0.013121272365805169,1.1772631157360296,"A,ABX,ACM,ACNB,ACNT,ACU,AD,ADPT,ADSE,AEG,AER,AFCG,AFJK,AFYA,AGCO,AGIO,AGMB,AHCO,AIN,AIT,AKTS,ALCO,ALLE,ALSN,ALV,ALVO,AMBP,AMBQ,AMCR,AMCX,AMN,AMPH","AAT,ABR,ABT,ACCO,ACDC,ACGL,ACIC,ACRE,ACT,ADAM,ADP,ADT,ADUR,AENT,AERO,AFBI,AFG,AFL,AGEN,AGNC,AGO,AGPU,AHRT,AIG,AII,AIRG,AIZ,AKR,ALAR,ALC,ALH,ALL,ALOT,ALRM,AMCI,AMH,AMP"
2026-03-27 19:15:00+00:00,L0275,L0285,maturity,maturity,1.2476356212089905,0.669481109233748,2,AEBI;AMBP,6,ABX-AMPH;ACMR-ALCO;ACNT-ALNT;AD-ALKS;ADPT-ALKS;ALV-AMBP,0.0019501118222251534,2.415468248908863,0.009580838323353292,1.1804392071085403,"AA,AAOI,AAP,AAPL,AAUC,ABBV,ABEO,ABEV,ABSI,ABUS,ACA,ACET,ACI,ACLS,ACMR,ACR,ACRS,ADAG,ADC,ADM,ADMA,ADTN,ADV,AEBI,AEE,AEHR,AEIS,AEM,AEO,AEP,AES,AESI,AEXA,AG,AGBK,AGCC,AGI,AGL,AGRO,AGX,AHR,AJG,ALAB,ALB,ALKS,ALM,ALNT,ALTO,AM,AMAT,AMBP,AME,AMGN,AMKR,AMLX,AMPH","A,ABX,ACCO,ACNB,ACNT,AD,ADAM,ADEA,ADPT,AER,AFYA,AGCO,AGM,AGNC,AHCO,AHRT,AIN,AIP,AIT,AKO-B,AKTS,ALCO,ALG,ALLE,ALSN,ALV,ALVO,AMAL,AMBQ,AMCR,AMCX,AMN"
2026-03-27 19:15:00+00:00,L0279,L0285,maturity,maturity,0.3064194550251691,0.669481109233748,1,ALAR,12,A-ALRM;A-AMH;ACGL-ALCO;ACNT-AENT;ACNT-AKR;ACT-AMBQ;AEG-ALV;AERO-AIN;AFBI-AGNC;AIG-AIP;AIP-ALRM;ALC-ALV,0.0014020681846886873,2.7173539083168503,0.009580838323353292,0.9735457721053907,"AAT,ABR,ABT,ACDC,ACGL,ACIC,ACRE,ACT,ADP,ADT,ADUR,AEG,AENT,AERO,AFBI,AFG,AFL,AGEN,AGO,AGPU,AIG,AII,AIRG,AIZ,AKR,ALAR,ALC,ALH,ALL,ALOT,ALRM,AMCI,AMH,AMP","A,ABX,ACCO,ACNB,ACNT,AD,ADAM,ADEA,ADPT,AER,AFYA,AGCO,AGM,AGNC,AHCO,AHRT,AIN,AIP,AIT,AKO-B,AKTS,ALCO,ALG,ALLE,ALSN,ALV,ALVO,AMAL,AMBQ,AMCR,AMCX,AMN"
2026-03-27 19:30:00+00:00,L0285,L0278,expansion,expansion,0.9831619102733499,0.6897436991739506,4,ABG;AGMB;AIT;ALCO,15,ABG-ACMR;ABG-AMBA;ACM-ALNT;ACM-ALOY;ADNT-ALHC;ADNT-ALLT;AEBI-AGIO;AEBI-ALHC;AEHR-AIT;AGIO-AKO-B;AGIO-AMCR;AKO-B-ALNY;ALKS-AMCR;ALMS-ALVO;ALNY-ALV,0.0013840122846886516,3.183803984332347,0.023529411764705882,1.3013520906819827,"AAL,AAMI,AAPG,ABG,ABM,ABX,ACEL,ACM,ACNB,ACNT,AD,ADNT,AEBI,AER,AFYA,AGCO,AGMB,AHCO,AIN,AIT,AKO-B,ALAR,ALCO,ALG,ALGT,ALK,ALLE,ALSN,ALV,ALVO,AMAL,AMBP,AMBQ,AMCR,AMCX,AMN","AAOI,AAON,AARD,ABAT,ABCL,ABUS,ACAD,ACB,ACET,ACHC,ACHR,ACHV,ACMR,ACRS,ACTG,ADAG,ADI,ADTN,AEHR,AESI,AEVA,AGBK,AGIO,AIR,AIRO,ALAB,ALGM,ALHC,ALKS,ALLT,ALMS,ALNT,ALNY,ALOY,ALTG,AMBA,AMD,QQQ"
2026-03-30 13:45:00+00:00,L0289,L0290,confirmation,confirmation,0.8397448200202455,0.46081877207208966,0,,11,ACB-AGPU;ACMR-AMBA;AEHR-AGPU;AEIS-AGPU;AEVA-QQQ;AEXA-ALGM;AGCC-AGX;AGPU-AMAT;AGX-QQQ;ALGM-AME;ALX-AMAT,0.0033332770690321922,2.5123051677789743,0.027642276422764227,1.0223917110358587,"AA,AAMI,AAPG,ABCB,ABEV,ABNB,ABVX,ABX,ACAD,ACDC,ACHV,ACVA,AD,ADAG,ADI,ADM,AEC,AEG,AEM,AEO,AEXA,AEYE,AFRI,AFRM,AGBK,AGCC,AGIO,AGM,AGMB,AGPU,AGRO,AGYS,AHR,AIOT,AKO-B,ALCO,ALHC,ALKS,ALKT,ALMU,ALNY,ALTG,ALVO,ALX,AMBA,AMCR,AMCX,AMD,AME,AMG,AMLX,QQQ","AAL,AAOI,AAON,AAPL,AAUC,ABAT,ABT,ACA,ACB,ACCO,ACET,ACHR,ACLS,ACMR,ACNB,ACOG,ACTG,ACU,ADAM,ADEA,ADMA,ADNT,ADTN,AEHR,AEIS,AER,AEVA,AFBI,AFYA,AG,AGCO,AGI,AGL,AGX,AIP,AIR,AIRO,AIT,ALAB,ALG,ALGM,ALGT,ALK,ALM,ALMS,ALNT,ALOY,ALSN,ALV,AMAT,AMBQ,AMKR,AMPG"
2026-03-30 14:00:00+00:00,L0293,L0289,confirmation,maturity,0.3361909453323127,0.2640714700156275,1,ALRM,19,ABCB-AMAL;ABCL-AGM;ACHC-ADV;ACN-ALRM;ACNT-AD;ACRE-AD;ACRE-AMCR;ACRS-ALH;AD-AMAL;ADBE-ADV;ADBE-ALRM;ADP-ALRM;ADSK-ADV;ADV-AMCX;AENT-AIRS;ALH-AMCR;ALRM-ALTO;AMAL-AMLX;AMCR-AMN,-0.003113538841716945,3.091042453358316,0.024691358024691357,0.9565430416476647,"ABCL,ACM,ACNT,ACRE,ADV,AENT,AERO,AIN,ALH,ALRM,ALRS,AMAL,AMN","A,AA,AAP,AAT,ABBV,ABCB,ABNB,ABX,ACDC,ACEL,ACHC,ACHV,ACIW,ACN,ACRS,ACVA,AD,ADAG,ADBE,ADM,ADP,ADPT,ADSK,ADT,AEM,AES,AESI,AEYE,AFCG,AFRM,AGBK,AGM,AGMB,AGRO,AGYS,AHR,AIOT,AIRG,AIRS,AIV,AKO-B,ALC,ALCO,ALKT,ALNY,ALTG,ALTO,ALVO,AMCR,AMCX,AMG,AMGN,AMLX,AMPH"
2026-03-30 14:45:00+00:00,L0289,L0290,expansion,expansion,0.785471371486359,1.2922460622785426,0,,7,AAL-ACIC;ACB-AHRT;ADBE-AIOT;ADEA-AMLX;ADT-AIOT;ADUS-ALSN;AGYS-AMAL,0.00491322937887162,2.139044811256795,0.03697478991596639,1.1636226514310641,"A,AAP,AARD,ABBV,ABG,ABM,ABNB,ACEL,ACGL,ACHC,ACI,ACIC,ACIW,ACN,ACR,ACRE,ACRS,ACT,ACVA,ADBE,ADC,ADP,ADSK,ADT,ADUS,ADV,AEBI,AEE,AEP,AES,AESI,AEYE,AFCG,AFG,AFL,AGBK,AGM,AGNC,AGO,AGYS,AHCO,AHRT,AIG,AIRG,AIRJ,AIZ,AJG,AKO-B,AKR,ALC,ALCO,ALKT,ALL,ALNY,ALRM,ALTO,AMBP,AMCR,AMGN,AMH,AMLX,AMPH","AAL,AAON,ABCL,ABR,ACB,ACHR,ACLS,ACM,ACMR,ACTG,ACU,ADEA,ADI,ADSE,ADTN,ADUR,AEHR,AEIS,AERO,AEVA,AFJK,AGX,AI,AII,AIOT,AIP,AIRO,AKAM,ALAB,ALAR,ALB,ALGM,ALLT,ALM,ALNT,ALRS,ALSN,AMAL,AMAT,AMBA,AMBQ,AMCI,AMD,AME,AMKR,QQQ"
2026-03-30 15:45:00+00:00,L0289,L0300,decay,maturity,0.4432639049984679,0.6498190599919256,0,,16,A-AEYE;A-ALCO;ABBV-AEYE;ABM-AEYE;ABM-ALCO;ABNB-AMPH;ACEL-ADP;ACGL-ADBE;ACHC-ALL;ACN-ALKT;ADT-AMPH;ADV-ALKT;AEO-ALGN;AEYE-AFCG;ALCO-AMGN;ALTO-AMCR,0.001238127419128432,2.840470052805531,0.020994475138121547,1.041191573969219,"AAP,AARD,ABCL,ABG,ABNB,ACEL,ACHC,ACIW,ACR,ACRS,ACVA,ADBE,ADT,ADUS,AEBI,AEG,AEO,AEYE,AFRM,AGM,AHCO,AIOT,AIRG,AIRJ,ALCO,ALKT,ALLY,ALTO,AMCX,AMG,AMLX","A,ABBV,ABM,ACGL,ACI,ACIC,ACN,ACT,ADC,ADP,ADSK,ADV,AEE,AEP,AES,AFCG,AFG,AFL,AGNC,AGO,AIG,AIV,AIZ,AJG,AKR,ALC,ALGN,ALHC,ALL,ALLE,ALNY,ALRM,AMCR,AMGN,AMH,AMPH"
2026-03-30 16:15:00+00:00,L0304,L0290,confirmation,maturity,0.972587454731625,0.21971247048436654,0,,2,AGMB-AMCI;ALMU-ALTG,-0.0022286332678049803,1.0986122886681098,0.037606837606837605,0.6379840753728505,"A,AA,AAP,AARD,AAT,ABBV,ABG,ABNB,ABX,ACEL,ACHC,ACIW,ACN,ACNT,ACR,ACRS,ACVA,ADBE,ADM,ADP,ADSK,ADT,ADUS,AEBI,AEO,AESI,AEXA,AEYE,AFCG,AFRM,AGBK,AGCC,AGMB,AGRO,AGYS,AHCO,AHR,AIOT,AIRG,AIRJ,AIRS,AIV,ALC,ALCO,ALKT,ALNY,ALTG,ALTO,ALVO,AMCR,AMCX,AMGN,AMLX","AAON,ACDC,ACLS,ACMR,ACU,ADEA,ADI,ADSE,ADTN,AEHR,AEIS,AERO,AEVA,AG,AGPU,AGX,AII,AIP,AIR,AIRO,AKAM,ALAB,ALAR,ALB,ALGM,ALLT,ALM,ALMU,ALNT,ALOY,ALSN,AM,AMAT,AMBA,AMBQ,AMCI,AMD,AME,AMKR,QQQ"
2026-03-30 16:30:00+00:00,L0298,L0290,decay,expansion,0.10424223992333384,0.7098653097828159,0,,14,AAL-ABAT;AAON-ABAT;ABEO-ALH;ABSI-ACHR;ABSI-AG;ACA-AGEN;ACLS-ALK;ACOG-ALAB;ACOG-ALNT;ADTN-AMPG;AER-AERO;AFBI-AIRO;AFBI-ALOY;AIR-AIT,0.002890614327043295,2.7271376336686663,0.03833333333333333,0.9317666733290115,"AAPL,AAUC,ABAT,ABEO,ABSI,ABT,ACA,ACCO,ACET,ACNB,ACOG,ADAM,ADMA,AER,AFBI,AFYA,AIT,AKTS,ALG,ALK,ALMS,AMPG","AAL,AAOI,AAON,ABCL,ABEV,ACHR,ACLS,ACMR,ACU,ADEA,ADI,ADTN,ADUR,AEHR,AEIS,AERO,AEVA,AG,AGCO,AGEN,AGI,AGL,AGPU,AGX,AI,AII,AIP,AIR,AIRO,AKAM,ALAB,ALAR,ALB,ALGM,ALH,ALLT,ALM,ALNT,ALOY,ALSN,ALX,AM,AMAT,AMBA,AMBQ,AMCI,AMD,AME,AMKR,QQQ"
2026-03-30 16:30:00+00:00,L0304,L0290,decay,expansion,0.8376361458564615,0.7098653097828159,0,,5,ABCL-ALTO;ABG-ALB;AGPU-ALTG;ALGM-AMAL;ALX-AMP,0.003173982026055455,1.8433074465936872,0.03833333333333333,0.9308272983402051,"AAP,AARD,ABG,ABNB,ABX,ACEL,ACHC,ACIW,ACNT,ACR,ACRS,ACVA,AD,ADBE,ADPT,ADT,ADUS,AEBI,AEG,AEO,AFRM,AGBK,AGM,AGYS,AHCO,AIOT,AIRG,AIRJ,ALKS,ALKT,ALLY,ALRS,ALTG,ALTO,AMAL,AMCX,AMG,AMLX,AMP","AAL,AAOI,AAON,ABCL,ABEV,ACHR,ACLS,ACMR,ACU,ADEA,ADI,ADTN,ADUR,AEHR,AEIS,AERO,AEVA,AG,AGCO,AGEN,AGI,AGL,AGPU,AGX,AI,AII,AIP,AIR,AIRO,AKAM,ALAB,ALAR,ALB,ALGM,ALH,ALLT,ALM,ALNT,ALOY,ALSN,ALX,AM,AMAT,AMBA,AMBQ,AMCI,AMD,AME,AMKR,QQQ"
2026-03-30 16:45:00+00:00,L0290,L0306,decay,confirmation,0.4100791998120079,0.596153694656429,6,AEC;AEM;AENT;AG;AGI;ALOT,10,AA-ALX;ABEV-ABUS;ABEV-AGIO;ABVX-ALLT;ADM-AENT;ADM-AGI;AENT-AEXA;ALMU-AMD;ALMU-AME;AMAL-AMBA,0.0019939477842854103,3.144126191195288,0.0273972602739726,1.092011005180449,"ABEV,ACLS,ADEA,ADI,AEC,AEHR,AEIS,AEM,AENT,AG,AGI,AGPU,AGX,AII,AKAM,ALB,ALGM,ALLT,ALM,ALOT,ALX,AMAT,AMBA,AMCI,AMD,AME,AMKR,QQQ","AA,AAMI,AAPG,ABCB,ABUS,ABVX,ACAD,ACDC,ACHV,AD,ADAG,ADM,ADPT,ADSE,AEG,AEXA,AFRI,AFRM,AGBK,AGCC,AGIO,AGMB,AGRO,AGYS,AHR,AIRS,AKO-B,ALHC,ALKS,ALLY,ALMU,ALRS,ALTG,ALVO,AM,AMAL,AMG,AMP"
2026-03-30 17:00:00+00:00,L0306,L0290,maturity,expansion,0.49706175550884163,0.16631114217786708,0,,11,ABEV-ACDC;ABEV-AGMB;ABEV-AHR;ACDC-ALGM;AD-ALGN;AEXA-AME;AGCC-AMD;AGI-AII;AGIO-AME;ALKS-ALLT;ALMU-QQQ,-0.0017245203925995156,2.4849066497880004,0.02914285714285714,0.8246099603244413,"AA,AAMI,AAPG,ABCB,ABUS,ABVX,ACAD,ACDC,ACHV,ACTG,AD,ADAG,ADM,ADPT,ADSE,AEC,AEG,AEM,AENT,AEXA,AFRI,AG,AGBK,AGCC,AGI,AGIO,AGMB,AGRO,AHR,AIRS,AKO-B,ALKS,ALLY,ALMU,ALOT,ALTG,AMAL,AMG,AMP","AAL,ABEV,ACHR,ACLS,ACM,ACMR,ACU,ADEA,ADI,ADUR,AEHR,AEIS,AEVA,AGPU,AGX,AHCO,AI,AII,AIP,AKAM,ALB,ALGM,ALGN,ALLT,ALM,ALX,AMAT,AMBA,AMBQ,AMCI,AMD,AME,AMKR,QQQ"
2026-03-30 17:15:00+00:00,L0309,L0300,confirmation,expansion,0.885235778196726,0.2928688695543548,1,ALGN,7,A-AIRS;AEC-ALNY;AEE-AEM;AFL-AMN;AGM-AIN;AIZ-ALGN;AKR-AMN,0.0031699348764959723,2.3337923888928382,0.020141342756183747,0.9399006929619614,"AAL,ABR,ACB,ACHR,ACM,ACRE,ACTG,ADNT,ADSE,ADUR,AEC,AEM,AG,AGCO,AGEN,AGI,AHRT,AIN,AIRS,ALGN,ALGT,ALV,AMBP,AMN","A,AAP,AARD,AAT,ABBV,ABG,ABM,ABNB,ACEL,ACGL,ACHC,ACI,ACIC,ACIW,ACN,ACR,ACRS,ACT,ACVA,ADBE,ADC,ADP,ADSK,ADT,ADV,AEBI,AEE,AEP,AES,AESI,AEYE,AFCG,AFG,AFL,AGM,AGNC,AGO,AGYS,AIG,AIRG,AIRJ,AIV,AIZ,AJG,AKR,ALC,ALCO,ALHC,ALKT,ALL,ALLE,ALNY,ALRM,ALTO,ALVO,AMCR,AMGN,AMH,AMPH"
2026-03-30 17:45:00+00:00,L0306,L0310,maturity,confirmation,0.7025491843667312,1.1524504327992446,2,ABEV;ACDC,3,ABEV-ALGM;ACRS-ALSN;AEIS-AI,0.0008242863113991916,2.089692400530822,0.0375,1.0845479852824982,"AA,AAPG,ABCB,ABCL,ABEV,ABUS,ABVX,ABX,ACAD,ACDC,ACHV,ACNT,ACRS,AD,ADAG,ADM,ADPT,ADUS,AEG,AEM,AENT,AEO,AEXA,AFRI,AFRM,AGBK,AGCC,AGIO,AGMB,AGRO,AHR,AI,AIOT,AIRJ,AIRS,AKO-B,ALKS,ALKT,ALLY,ALMU,ALOT,ALRS,ALTG,ALVO,AMAL,AMCX,AMG,AMLX,AMP","AAOI,AAON,ACLS,ACMR,ACU,ADEA,ADI,ADTN,AEHR,AEIS,AERO,AEVA,AGI,AGPU,AGX,AII,AIP,AIR,AIRO,AKAM,ALAB,ALAR,ALB,ALGM,ALH,ALLE,ALLT,ALM,ALNT,ALOY,ALSN,ALX,AM,AMAT,AMBA,AMBQ,AMCI,AMD,AME,AMKR,QQQ"
2026-03-30 18:45:00+00:00,L0314,L0313,confirmation,expansion,0.9620835123619532,0.4790003643034332,0,,8,ABG-ACRS;ABR-ALRS;ACIW-AMN;ACM-AEO;ACRS-ADT;ACRS-AEBI;ACRS-AMLX;AIN-ALOT,-0.001845697668613866,2.1972245773362196,0.020689655172413793,0.9847347556095328,"A,AA,AAP,AAPG,AARD,ABCB,ABCL,ABG,ABNB,ABUS,ABVX,ABX,ACAD,ACEL,ACHC,ACHV,ACIW,ACNT,ACR,ACVA,AD,ADAG,ADBE,ADM,ADPT,ADSK,ADT,ADUS,AEBI,AEG,AENT,AEO,AESI,AEXA,AEYE,AFCG,AFRI,AFRM,AGBK,AGCC,AGIO,AGM,AGMB,AGRO,AGYS,AHCO,AHR,AI,AIOT,AIRG,AIRS,AKO-B,ALCO,ALKS,ALKT,ALLY,ALMU,ALOT,ALRS,ALTO,ALVO,AMAL,AMCX,AMG,AMLX,AMP","ABR,ACB,ACM,ACRE,ACRS,ADNT,AEC,AEM,AG,AGEN,AGI,AIN,AIRJ,ALV,AMBP,AMN"
2026-03-30 19:30:00+00:00,L0314,L0318,expansion,expansion,1.1679843886948134,0.6459953622791307,16,AAMI;ABEV;ADI;AGPU;AII;ALB;ALGM;ALLT;ALMU;ALOT;ALX;AMBA;AMCI;AMD;AME;QQQ,22,AAMI-AGEN;AAMI-AIR;AAMI-ALNT;ACB-AIRS;ACM-QQQ;ACOG-AFRI;ADI-ALAB;ADPT-ALH;ADUR-QQQ;AEIS-ALLT;AEIS-ALOT;AEIS-AME;AER-AFRI;AEVA-AII;AG-QQQ;AGI-AGMB;AGI-ALOT;AGI-QQQ;AGX-ALGM;AIR-ALLT;ALAB-QQQ;ALAR-ALRS,0.0019325851390021853,4.0108408174534,0.02546419098143236,1.5507237583027478,"AAMI,ABCB,ABEV,ABUS,ABVX,ACAD,ACDC,ACHV,ADAG,ADI,ADPT,AEC,AEM,AENT,AEXA,AFRI,AGCC,AGIO,AGMB,AGPU,AHR,AII,AIRS,AKO-B,ALB,ALGM,ALKS,ALLT,ALMU,ALOT,ALRS,ALX,AMAL,AMBA,AMCI,AMCR,AMD,AME,AMLX,AMP,QQQ","AAL,AAOI,AAON,AAPL,AAUC,ABAT,ABEO,ABSI,ABT,ACA,ACB,ACCO,ACET,ACHR,ACLS,ACM,ACMR,ACNB,ACOG,ACTG,ACU,ADAM,ADMA,ADNT,ADTN,ADUR,AEHR,AEIS,AER,AERO,AEVA,AFBI,AFYA,AG,AGCO,AGEN,AGI,AGL,AGX,AIP,AIR,AIRO,AIT,AKTS,ALAB,ALAR,ALG,ALGT,ALH,ALK,ALM,ALMS,ALNT,ALOY,ALSN,ALV,AMAT,AMBQ,AMKR,AMPG"
2026-03-30 19:45:00+00:00,L0317,L0318,expansion,maturity,0.6967518763899997,0.802525915441874,6,AA;ACDC;ADAG;AEXA;AGRO;ALVO,127,AA-AAON;AA-ABAT;AA-ABEV;AA-ACU;AA-AEHR;AA-AEIS;AA-AEVA;AA-AIR;AA-ALNT;AA-AMAT;AA-AMCI;AA-AMKR;AA-QQQ;AAL-ACDC;AAL-AMG;AAMI-ABCL;AAMI-AEG;AAOI-ADAG;AAON-ADM;AAON-AEM;AAON-AEO;AAON-AGRO;AAP-ADNT;AAP-ADUR;ABCL-ACB;ABCL-ADNT;ABCL-AEHR;ABCL-AG;ABCL-AIP;ABCL-ALGM;ABVX-AERO;ABVX-ALSN;ABX-ADUR;ABX-AIP;ABX-ALAB;ACB-ADM;ACB-AEG;ACB-AEM;ACB-AEYE;ACB-AFRM;ACB-AGBK;ACDC-ACMR;ACDC-ADTN;ACDC-AEIS;ACDC-AGCO;ACDC-ALNT;ACDC-AMAT;ACDC-AMKR;ACHR-ALKT;ACHR-ALVO;ACM-ACNT;ACM-AEM;ACM-AFCG;ACM-AGBK;ACM-ALNY;ACMR-ADAG;ACTG-AD;ACVA-ADNT;ACVA-ADUR;ACVA-AG;AD-AGL;AD-AGX;ADAG-ADTN;ADAG-AGX;ADAG-AMAT;ADI-AGRO;ADM-AERO;ADM-AG;ADM-ALG;ADM-ALSN;ADM-AME;ADNT-AEG;ADNT-AEO;ADNT-AFRM;ADNT-AGBK;ADNT-AGM;ADNT-AIRS;ADNT-ALNY;ADNT-ALVO;ADUR-AEG;ADUR-AFRM;ADUR-AGBK;ADUR-AGMB;ADUR-AMLX;AEC-AGPU;AEG-AEHR;AEG-AG;AEG-ALH;AEHR-AEM;AEHR-AEO;AEHR-AGBK;AEHR-AGRO;AEHR-AMLX;AEM-ALGM;AEM-ALSN;AENT-AIRO;AEO-AGI;AEO-ALAB;AEXA-AGX;AEXA-AIR;AEXA-ALH;AEXA-ALLT;AEXA-ALM;AFRM-AIP;AFRM-ALH;AG-AGBK;AG-AGMB;AG-ALNY;AG-ALTO;AG-AMLX;AGBK-AGI;AGBK-ALGM;AGCO-AMG;AGI-ALNY;AGL-ALKT;AGL-AMCX;AGMB-AIR;AGMB-ALAB;AGMB-ALAR;AGMB-ALSN;AGRO-AMAT;AGRO-AMBA;AGRO-AMKR;AGRO-QQQ;AIV-ALSN;ALGM-AMLX;ALVO-AMBA,0.0034244508715346456,4.944085472268591,0.0360655737704918,1.6912145416822835,"A,AA,AAP,AARD,ABBV,ABCL,ABG,ABNB,ABVX,ABX,ACDC,ACEL,ACHC,ACIW,ACN,ACNT,ACR,ACVA,AD,ADAG,ADBE,ADM,ADP,ADSK,ADT,ADUS,AEBI,AEC,AEG,AEM,AENT,AEO,AESI,AEXA,AEYE,AFCG,AFRM,AGBK,AGM,AGMB,AGRO,AHCO,AIOT,AIRG,AIRS,AIV,AKO-B,ALC,ALCO,ALKT,ALNY,ALRM,ALTO,ALVO,AMCR,AMCX,AMG,AMGN,AMLX,AMPH","AAL,AAMI,AAOI,AAON,ABAT,ABEV,ACA,ACB,ACHR,ACLS,ACM,ACMR,ACTG,ACU,ADI,ADNT,ADTN,ADUR,AEHR,AEIS,AERO,AEVA,AG,AGCO,AGI,AGL,AGPU,AGX,AII,AIP,AIR,AIRO,ALAB,ALAR,ALB,ALG,ALGM,ALH,ALLT,ALM,ALMU,ALNT,ALOT,ALOY,ALSN,ALX,AM,AMAT,AMBA,AMBQ,AMCI,AMD,AME,AMKR,QQQ"
2026-03-31 14:00:00+00:00,L0318,L0323,decay,expansion,0.5214611765334701,0.5284994963440421,0,,25,AA-ACET;AA-AEBI;AA-AEG;AA-AIR;AAP-AMBA;ABAT-AIR;ABAT-AKO-B;ABSI-AMBA;ADEA-AEBI;ADPT-AIRG;ADPT-AMBA;ADUR-AMBA;AEBI-AEIS;AEBI-AMBA;AEG-AMCI;AEIS-AIR;AGMB-AIRG;AHCO-AKO-B;AI-ALGT;AIP-AIR;AIR-QQQ;AIRG-AMPG;AKO-B-ALLT;AKO-B-ALM;AMBQ-AMPG,0.011444095056504011,3.3011711137831905,0.01910828025477707,1.1431472223472678,"AA,AAL,AAOI,AARD,ABAT,ACDC,ACHR,ACLS,ACMR,ADEA,ADI,ADSE,ADTN,AEIS,AEVA,AFRM,AGX,AHCO,AIP,AIRG,AKAM,ALAB,ALB,ALGM,ALGT,ALK,ALLT,ALM,ALMU,ALNT,ALOY,AMAT,AMBA,AMBQ,AMCI,AMD,AMKR,QQQ","AAP,ABBV,ABCL,ABEO,ABEV,ABSI,ABUS,ABVX,ACAD,ACB,ACET,ACHV,ACM,ACOG,ACRS,ACU,ADAG,ADPT,ADUR,AEBI,AEC,AEG,AEHR,AEM,AFBI,AG,AGCC,AGEN,AGI,AGIO,AGMB,AGRO,AI,AIR,AIRS,AKO-B,AKTS,ALAR,ALH,ALKS,ALMS,ALNY,ALSN,ALTO,AMBP,AMLX,AMPG,AMPH"
2026-03-31 14:15:00+00:00,L0323,L0318,expansion,maturity,0.1991978170686249,0.5112855961143076,1,AKO-B,77,AA-AG;AA-AGI;AAMI-ALGM;ABBV-ACHC;ABBV-ALGM;ABG-ACLS;ABG-AMAT;ABG-AMBA;ABUS-AHCO;ABUS-AIP;ABUS-ALGM;ACAD-ACLS;ACAD-AMKR;ACB-AEVA;ACB-AHCO;ACB-ALGM;ACDC-ALTG;ACET-AEVA;ACET-AIP;ACHC-AGEN;ACHC-ALCO;ACHC-ALNY;ACLS-ALSN;ACLS-ALV;ACM-ALB;ACOG-AKAM;ACRS-ADEA;ADEA-AG;ADEA-AGEN;ADEA-AGI;ADEA-AKO-B;ADEA-ALV;ADI-AG;ADNT-AIP;AEBI-AMD;AEG-AHCO;AEG-AMAT;AEIS-AKO-B;AEM-AEVA;AEM-ALB;AEM-ALGM;AEM-AMBA;AEM-AMCI;AEM-AMKR;AEO-ALGM;AEVA-AGI;AEVA-AKTS;AEYE-ALGM;AEYE-AMBQ;AFRM-AG;AFRM-ALSN;AG-AIP;AG-AIR;AG-ALAB;AG-ALB;AG-ALGM;AG-AMCI;AGBK-AMBQ;AGEN-ALGM;AGI-AIR;AGI-ALGM;AHCO-AKTS;AHCO-ALSN;AIP-ALTO;AKO-B-ALB;AKO-B-AMBQ;AKTS-ALK;AKTS-AMCI;ALGM-ALNY;ALGM-ALV;ALGM-AMPH;ALK-ALLY;ALLY-AMBA;ALSN-AMAT;ALSN-AMBQ;ALTG-AMBQ;ALV-AMBQ,0.00837210682220757,4.3924373877617695,0.03399433427762039,1.3163535210369652,"AAMI,AAON,AAP,ABBV,ABCL,ABEO,ABEV,ABG,ABSI,ABUS,ABVX,ACAD,ACB,ACET,ACHV,ACM,ACOG,ACRS,ACU,ADAG,ADM,ADMA,ADNT,ADPT,ADUR,AEBI,AEG,AEHR,AEM,AEO,AEYE,AFBI,AG,AGBK,AGCC,AGEN,AGI,AGIO,AGRO,AI,AIRS,AKO-B,AKTS,ALCO,ALH,ALKS,ALLY,ALMS,ALNY,ALSN,ALTG,ALTO,ALV,AMLX,AMPG,AMPH","AA,AAL,AAOI,AARD,ABAT,ACDC,ACHC,ACHR,ACLS,ACMR,AD,ADEA,ADI,ADTN,AEIS,AEVA,AFRM,AGX,AHCO,AIP,AIR,AIRG,AKAM,ALAB,ALB,ALGM,ALGT,ALK,ALLT,ALM,ALMU,ALNT,ALOY,AMAT,AMBA,AMBQ,AMCI,AMD,AMKR,QQQ"
2026-03-31 14:45:00+00:00,L0323,L0328,maturity,expansion,0.45672982600891665,0.6609808302049714,3,AAON;ADUS;AEO,34,AAMI-ABCL;AAMI-AEO;AAON-ADT;AAON-AMBQ;AAP-ALLY;ABCB-AGCC;ABG-AGEN;ABG-AGI;ABSI-AIV;ABUS-ALLY;ABVX-AMCR;ACHV-AMPH;ACNT-AHRT;ACVA-AGMB;ADM-ALH;ADM-ALMS;ADNT-AFBI;ADUR-AII;AEBI-ALSN;AEG-AGM;AEO-AEYE;AEO-AII;AEO-AIT;AEO-AIV;AEO-ALTG;AEYE-AIR;AG-AGBK;AGCO-AGRO;AGI-AMPH;AGIO-ALV;AGM-ALGM;ALGM-ALTG;ALH-ALSN;ALMS-AMCR,0.0035343669951544143,3.7221555304589895,0.013333333333333334,1.2678520794789139,"AA,AAON,AAP,ABBV,ABCL,ABEO,ABEV,ABSI,ABUS,ABVX,ACB,ACET,ACHV,ACM,ACNT,ACRS,ADPT,ADUR,ADUS,AEBI,AEG,AEHR,AEM,AEO,AEVA,AFBI,AG,AGCC,AGEN,AGI,AGIO,AGMB,AGRO,AHCO,AI,AIP,AIR,AIRS,AKTS,ALCO,ALGM,ALH,ALKS,ALMS,ALNY,ALTO,AMBA,AMLX","AAMI,ABCB,ABG,ACA,ACDC,ACEL,ACNB,ACR,ACU,ACVA,ADM,ADNT,ADT,AERO,AESI,AEYE,AGBK,AGCO,AGM,AGO,AHRT,AII,AIN,AIT,AIV,AKO-B,ALG,ALLE,ALLT,ALLY,ALSN,ALTG,ALV,ALX,AMAL,AMBQ,AMCR,AME,AMN,AMPH"
2026-03-31 15:15:00+00:00,L0318,L0312,maturity,expansion,0.6838322701444473,0.4525481999754039,2,AEC;AM,10,AAL-ALGN;AAUC-ACCO;ABAT-ACHR;ACA-AIT;ACMR-ADV;ACTG-AM;AGPU-ALLT;AIT-ALLT;ALGN-AMPG;ALOY-AMGN,0.005537724879104644,2.744303212925864,0.019791666666666666,1.0299586942674213,"AA,AAL,AAOI,AARD,ABAT,ACA,ACCO,ACMR,AD,ADEA,ADI,ADTN,AEC,AEIS,AGEN,AGX,ALAB,ALB,ALGT,ALHC,ALK,ALLT,ALM,ALNT,ALOY,AM,AMAT,AMBA,AMD,AMKR,AMPG,QQQ","A,AAPL,AAT,AAUC,ABM,ABNB,ABR,ABT,ACGL,ACHC,ACHR,ACI,ACIC,ACIW,ACN,ACNT,ACRE,ACT,ACTG,ADAG,ADAM,ADBE,ADC,ADMA,ADP,ADSK,ADUS,ADV,AEE,AEP,AES,AEXA,AFCG,AFG,AFJK,AFL,AFYA,AGL,AGNC,AGO,AGPU,AGYS,AHR,AHRT,AIG,AII,AIN,AIRJ,AIRO,AIT,AIV,AIZ,AJG,AKAM,AKR,ALAR,ALC,ALCO,ALGN,ALKT,ALL,ALLE,ALMS,ALOT,ALRM,AMCX,AMGN,AMH,AMN"
2026-03-31 15:30:00+00:00,L0323,L0312,maturity,maturity,0.38208244540939046,0.36193408690960965,0,,11,AAP-ABBV;AAP-ADUS;AAT-ALMS;ABBV-AMBA;ABNB-ALMS;ABR-ACM;ADBE-AFCG;AEBI-ALAR;AEC-AIRS;AFCG-ALRM;AKAM-AMBP,0.0026860038051381707,2.5070431837987415,0.019723183391003457,0.852924233154036,"AAP,ABCL,ABEO,ABEV,ABSI,ABUS,ABVX,ACAD,ACB,ACET,ACHV,ACM,ACRS,ADPT,ADUR,AEBI,AEHR,AEM,AEVA,AFBI,AFCG,AG,AGCC,AGEN,AGI,AGIO,AGMB,AGPU,AGRO,AHCO,AI,AIRS,AKTS,ALGT,ALH,ALKS,ALMS,ALNY,ALTO,AMBA,AMBP,AMLX","A,AAPG,AAPL,AAT,AAUC,ABBV,ABM,ABNB,ABR,ABT,ACGL,ACHC,ACI,ACIC,ACIW,ACN,ACNT,ACOG,ACRE,ACT,ACTG,ADAG,ADAM,ADBE,ADC,ADMA,ADP,ADSK,ADUS,ADV,AEC,AEE,AENT,AEP,AES,AEXA,AFG,AFJK,AFL,AFYA,AGL,AGNC,AGO,AGYS,AHR,AHRT,AIG,AII,AIN,AIRG,AIRJ,AIRO,AIZ,AJG,AKAM,AKR,ALAR,ALC,ALCO,ALKT,ALL,ALLE,ALOT,ALRM,ALRS,AM,AMAL,AMCX,AMGN,AMH,AMP"
2026-03-31 15:45:00+00:00,L0318,L0323,expansion,maturity,1.0783490591395692,0.581425508490001,3,AFRM;ALK;AMCI,17,AAL-AAP;AAP-ADI;AAP-ALMU;ABEO-QQQ;ABVX-AEC;ACM-AMPG;ADI-AEHR;ADPT-AFRM;AEBI-AHCO;AEC-ALGT;AEM-AMD;AGRO-AMKR;AHCO-ALHC;AHCO-ALNT;AIR-ALGN;AIR-AMCI;ALK-ALNY,0.0024224443768616766,3.188096749228496,0.017266187050359715,1.297546485653549,"AAL,AAOI,AARD,ABAT,ACAD,ACCO,ACLS,ACMR,AD,ADEA,ADI,ADSE,ADTN,AEBI,AEC,AEIS,AFRM,AGX,ALAB,ALAR,ALB,ALGN,ALHC,ALK,ALLT,ALM,ALMU,ALNT,ALOY,AMAT,AMCI,AMD,AMKR,AMPG,QQQ","AA,AAP,ABCL,ABEO,ABEV,ABSI,ABUS,ABVX,ACB,ACET,ACHV,ACM,ACRS,ADPT,ADUR,AEHR,AEM,AEVA,AFBI,AG,AGCC,AGEN,AGI,AGIO,AGMB,AGRO,AHCO,AI,AIR,AIRS,AKTS,ALGT,ALH,ALKS,ALMS,ALNY,ALTO,AMBA,AMLX"
2026-03-31 16:15:00+00:00,L0312,L0328,decay,expansion,0.6108638011801832,0.6788570474596016,1,ALHC,23,AAMI-AGO;AAMI-AIN;ABCB-ALRM;ABM-AME;ACEL-AGCO;ACEL-AME;ACNB-AGCO;ACNB-ALSN;ACNB-AMG;ACTG-ALG;ACTG-AMG;ACVA-AIT;AEXA-ALMS;AFG-AIV;AFYA-AKO-B;AGCO-AGO;AGO-AIV;AGO-AME;AIN-AME;AIV-AIZ;ALG-ALLE;ALHC-AMAT;ALRM-AME,0.002953456249088049,3.2693919510853218,0.016304347826086956,1.206709894537179,"AAPG,AAUC,ABM,ABT,ACCO,ACEL,ACGL,ACI,ACIC,ACMR,ACNB,ACRE,ACTG,ADC,ADUS,ADV,AEE,AEP,AEXA,AFG,AFJK,AFL,AFYA,AGO,AGYS,AHR,AHRT,AIG,AII,AIN,AIRJ,AIRO,AIT,AIZ,AJG,AKR,ALCO,ALHC,ALL,ALLE,ALOT,ALRM,AMAL","AAMI,AAON,ABCB,ABG,ABSI,ABX,ACA,ACAD,ACB,ACDC,ACLS,ACU,ACVA,ADM,ADNT,ADT,AEBI,AEG,AEO,AER,AERO,AESI,AEYE,AGBK,AGCO,AGM,AIOT,AIP,AIV,AKO-B,ALG,ALGM,ALLY,ALMS,ALMU,ALSN,ALTG,ALV,ALX,AMAT,AMBQ,AME,AMG,AMN,AMPH"
2026-03-31 17:15:00+00:00,L0334,L0328,confirmation,maturity,0.756843455309515,0.4150134336643511,7,ADEA;ADI;AEYE;ALB;AMBQ;AMCI;AMKR,11,AAON-ABAT;AAON-ALB;ACB-AEVA;ACB-AMPG;ADNT-AEIS;ADT-AMBQ;AEO-ALB;AER-AMKR;AFRM-ALAB;ALLY-AMKR;ALV-AMBQ,0.002926889865193516,3.269290915235196,0.011864406779661017,1.170659456517908,"AAL,AAOI,AARD,ABAT,AD,ADEA,ADI,ADTN,AEIS,AEVA,AEYE,AGX,AKO-B,ALAB,ALB,ALK,ALLT,ALM,ALOY,AMBA,AMBQ,AMCI,AMD,AMKR,AMPG,QQQ","AAMI,AAON,ABG,ABX,ACB,ACLS,ACVA,ADNT,ADT,AEBI,AEG,AEO,AER,AERO,AFRM,AGBK,AGM,AIOT,AIP,ALGM,ALLY,ALMU,ALSN,ALTG,ALV,AMAT,AMCR,AMPH"
2026-03-31 17:45:00+00:00,L0328,L0331,expansion,maturity,0.21001104268676485,0.30819408607782767,0,,5,ABAT-AKO-B;ADEA-ADSE;ADNT-AIV;AHRT-AMPH;AKO-B-AMCI,-9.179642984236125e-05,1.791759469228055,0.017964071856287425,0.6060960167148346,"AAL,AAMI,AAON,ABAT,ABG,ACB,ACLS,ACVA,ADEA,ADI,ADNT,ADT,AEBI,AEG,AEIS,AER,AERO,AEVA,AEYE,AFRM,AGBK,AGM,AIOT,AIP,AIR,ALB,ALGM,ALH,ALHC,ALLY,ALMU,ALSN,ALTG,ALV,AMAT,AMBA,AMBQ,AMCI,AMKR,AMPG,AMPH,QQQ","AAPG,AAPL,AAT,AAUC,ABT,ACDC,ACGL,ACI,ACIC,ACIW,ACN,ACNT,ACOG,ACR,ACRE,ACT,ADAG,ADBE,ADC,ADM,ADMA,ADP,ADSE,ADSK,ADV,AEE,AEP,AES,AESI,AEXA,AFCG,AFG,AFL,AFYA,AGL,AGNC,AGPU,AGRO,AGYS,AHR,AHRT,AIG,AIRJ,AIRO,AIV,AIZ,AJG,AKAM,AKO-B,AKR,ALAR,ALCO,ALL,ALOT,ALVO,AM,AMGN,AMH"
2026-03-31 18:00:00+00:00,L0332,L0334,maturity,expansion,0.6608636028649252,0.46935479181450546,1,ALKT,9,ACCO-ACHR;ACMR-ACNB;ACMR-AFRI;AD-ALKT;ADI-AMCR;ADTN-ALAB;AGCO-ALLT;ALAB-ALKT;ALNT-ALOY,0.0005305477789079305,2.489318136347459,0.015561959654178673,0.9637293464388207,"A,ABCB,ABM,ABNB,ABR,ABX,ACA,ACEL,ACHC,ACHR,ACM,ACNB,ACNT,ACTG,ADTN,AENT,AFJK,AFRI,AGCO,AGO,AII,AIN,AIRG,AIT,AIV,ALC,ALG,ALGN,ALGT,ALK,ALKT,ALLE,ALNT,ALRM,ALRS,AMAL,AMBA,AMBP,AMCR,AMCX,AME,AMG,AMN,AMP","AAL,AAOI,AARD,ABAT,ACCO,ACMR,AD,ADEA,ADI,AEC,AEIS,AEVA,AFRM,AGX,ALAB,ALB,ALLT,ALM,ALOY,AMCI,AMD,AMPG,QQQ"
2026-03-31 18:15:00+00:00,L0334,L0328,decay,expansion,0.7261480594199019,0.6561046978843024,0,,3,ACCO-ALHC;AD-ALHC;ALM-QQQ,0.0023694694391451776,1.4438429494783445,0.02493074792243767,0.779376176749213,"AAOI,AARD,ACCO,ACMR,AD,AEC,AGX,ALAB,ALKT,ALM,ALOY,AMD","AAL,AAMI,AAON,ABAT,ABG,ACB,ACLS,ACVA,ADEA,ADI,ADNT,ADT,AEBI,AEG,AEIS,AER,AERO,AEVA,AEYE,AFRM,AGBK,AGM,AIOT,AIP,AIR,AKO-B,ALB,ALGM,ALH,ALHC,ALLY,ALMU,ALSN,ALTG,ALV,AMAT,AMBA,AMBQ,AMCI,AMKR,AMPG,AMPH,QQQ"
2026-03-31 18:30:00+00:00,L0332,L0323,maturity,expansion,0.5927091843204776,0.13285208643320479,0,,7,ABCB-ACU;ABX-AG;ADUS-ALLE;AEO-AII;AEO-AMAL;AEO-AME;AGCC-AIRG,0.0004339365214036661,2.0848510901707615,0.026143790849673203,0.7428027223962461,"A,ABCB,ABM,ABNB,ABR,ABX,ACA,ACEL,ACHC,ACHR,ACM,ACNB,ACTG,ACVA,ADTN,AFJK,AFRI,AGCO,AHRT,AII,AIN,AIRG,AIT,ALC,ALG,ALGN,ALGT,ALK,ALKT,ALLE,ALLT,ALNT,ALRM,AMAL,AMBP,AMCR,AMCX,AME,AMG,AMN,AMP","AA,AAP,ABBV,ABCL,ABEO,ABEV,ABSI,ABUS,ABVX,ACAD,ACDC,ACET,ACHV,ACRS,ACU,ADAM,ADM,ADPT,ADUR,ADUS,AEHR,AEM,AEO,AESI,AFBI,AFYA,AG,AGCC,AGEN,AGI,AGIO,AGMB,AGRO,AHCO,AI,AIRS,AKO-B,AKTS,ALAR,ALKS,ALMS,ALNY,ALTO,ALX,AMLX"
2026-03-31 18:45:00+00:00,L0334,L0328,expansion,expansion,0.45746265320669766,0.8547305423543643,2,AAL;ABAT,18,A-AEBI;A-AIR;AAL-AGBK;AAON-ALGN;ABAT-AMKR;ABNB-ABX;ABNB-ADT;ABX-AMP;ACHR-ALB;ACHR-AMBA;AD-AEIS;ADEA-ALM;ADEA-AMD;AEIS-ALGN;AEIS-ALK;AER-AFRI;AFRM-ALOY;ALNT-ALSN,0.001061091257724911,3.1400970468823797,0.023333333333333334,1.1821822203889136,"A,AAL,AAOI,AARD,ABAT,ABNB,ACCO,ACHR,ACMR,AD,ADTN,AEC,AFRI,AGX,AIRG,AIRO,ALAB,ALGN,ALGT,ALK,ALKT,ALLT,ALM,ALNT,ALOT,ALOY,AMCX,AMD,AMG,AMP","AAMI,AAON,ABG,ABX,ACB,ACLS,ACU,ACVA,ADEA,ADI,ADNT,ADT,AEBI,AEG,AEIS,AER,AERO,AEVA,AEYE,AFRM,AGBK,AGM,AIOT,AIP,AIR,ALB,ALGM,ALH,ALHC,ALLY,ALMU,ALSN,ALTG,ALV,AMAT,AMBA,AMBQ,AMCI,AMKR,AMPG,AMPH"
2026-03-31 19:00:00+00:00,L0332,L0331,expansion,expansion,0.3359511980776969,0.2627768051378121,2,ACHC;AFJK,22,AAOI-ADTN;AAPL-ABCB;AAT-ABM;ABM-ACIC;ABM-AGO;ABM-AKR;ABR-AMGN;ACCO-ALC;ACHC-ACIW;ACNB-AIZ;ACTG-AMH;AD-ALG;ADSE-ALKT;ADTN-ALM;AES-ALLE;AEXA-AII;AGCO-ALLT;AGO-AIV;AIRG-ALOY;AKAM-ALGT;ALKT-AMD;ALOY-AMP,-0.0005060069088358432,3.295836866004329,0.016030534351145036,1.0059821976184067,"A,ABCB,ABM,ABNB,ABR,ABX,ACA,ACEL,ACHC,ACHR,ACM,ACNB,ACNT,ACTG,ADTN,ADUS,AENT,AFJK,AFRI,AGCO,AHRT,AII,AIN,AIOT,AIR,AIRG,AIT,AIV,ALC,ALG,ALGN,ALGT,ALH,ALK,ALKT,ALLE,ALNT,ALRM,ALRS,AMAL,AMBA,AMBP,AMCR,AMCX,AME,AMG,AMN,AMP","AAOI,AAPG,AAPL,AARD,AAT,AAUC,ABT,ACCO,ACGL,ACI,ACIC,ACIW,ACMR,ACN,ACOG,ACR,ACRE,ACT,AD,ADAG,ADBE,ADC,ADMA,ADP,ADSE,ADSK,ADV,AEC,AEE,AEP,AES,AEXA,AFCG,AFG,AFL,AFYA,AGL,AGNC,AGO,AGPU,AGX,AGYS,AHR,AIG,AIRJ,AIRO,AIZ,AJG,AKAM,AKR,ALAB,ALCO,ALL,ALLT,ALM,ALOT,ALOY,ALVO,AMD,AMGN,AMH"
2026-04-01 13:30:00+00:00,L0331,L0323,decay,maturity,0.5467112403963583,0.20865444520980037,0,,44,AAP-AGNC;AAPG-ACHV;AAPG-ADAG;AAPG-AGPU;AAUC-AMGN;AAUC-AMLX;ABBV-ABT;ABBV-ADM;ABBV-AEP;ABBV-AESI;ABBV-AFBI;ABBV-AFYA;ABBV-AGRO;ABBV-ALX;ABBV-AMH;ABT-ACAD;ABT-AGI;ABT-AKAM;ABVX-AEXA;ABVX-AGL;ABVX-AIRJ;ACDC-ACU;ACHC-AGL;ACHV-ADSE;ACU-AESI;ACU-AFJK;ACU-ALX;ADM-AI;ADMA-AEXA;ADMA-AFBI;ADPT-AGL;ADSE-AGPU;AEE-AMGN;AEP-AMGN;AES-AMLX;AEXA-AGI;AEXA-ALVO;AFCG-ALX;AFJK-AGMB;AFJK-ALKS;AGI-AIRJ;AGI-AMH;AGL-AMGN;ALKS-ALX,0.029420621460303664,3.869993243225677,0.012121212121212123,1.1959261983064484,"AAPG,AAUC,ABT,ACDC,ACNT,ADC,ADM,ADSE,AEE,AEP,AES,AESI,AEXA,AFBI,AFJK,AFYA,AGL,AGNC,AGRO,AIRJ,ALCO,ALX,AM,AMH","AAP,ABBV,ABCL,ABSI,ABVX,ACAD,ACHC,ACHV,ACOG,ACRS,ACU,ADAG,ADMA,ADPT,AEM,AENT,AFCG,AGCC,AGEN,AGI,AGIO,AGMB,AGPU,AI,AKAM,ALKS,ALLY,ALMS,ALVO,AMGN,AMLX"
2026-04-01 13:30:00+00:00,L0331,L0335,decay,expansion,0.5467112403963583,0.9658863840980513,0,,13,AAPG-AKTS;ABEO-ADSE;ABEO-AGNC;ABT-ACET;ABUS-AFJK;ADSE-AKTS;ADSE-ALM;AESI-ALTO;AEVA-AGL;AGNC-ALM;AGX-AIRJ;AIRJ-ALB;AIRJ-AMBA,0.01776894903741777,2.7585465218943024,0.022285714285714287,1.1467587749647556,"AAPG,AAUC,ABT,ACDC,ACNT,ADC,ADM,ADSE,AEE,AEP,AES,AESI,AEXA,AFBI,AFJK,AFYA,AGL,AGNC,AGRO,AIRJ,ALCO,ALX,AM,AMH","AA,AAL,AAOI,ABAT,ABEO,ABUS,ACET,ACHR,ADEA,ADI,ADTN,ADUR,AEHR,AEIS,AEVA,AFRM,AG,AGX,AKTS,ALAB,ALB,ALK,ALLT,ALM,ALTO,AMBA,AMD,AMKR,AMPG,QQQ"
2026-04-01 13:45:00+00:00,L0336,L0337,confirmation,confirmation,0.2469264456443183,0.2750857541539134,9,ACM;ADEA;ADI;ADNT;AER;ALGN;ALK;AMBQ;AMCX,26,AAOI-ALK;AAON-ALV;AAON-AMCX;ACEL-ADT;ACEL-AER;ACHR-ADI;ACHR-ADNT;ACLS-ALK;ACM-ALGM;AD-AEG;ADI-AEYE;ADNT-AMKR;ADTN-ALGN;ADTN-AMBQ;AEG-ALGN;AEO-ALSN;AIR-ALSN;AIRG-AMBP;AIRO-ALK;AIT-ALGM;AKTS-ALG;ALG-AMG;ALGM-ALH;ALH-ALTG;ALK-AMCI;ALLT-AMBQ,-0.0019057197496294975,3.8066624897703196,0.019944598337950138,1.111260972132742,"A,ABEV,ABM,ACA,ACCO,ACM,ACNB,ACNT,AD,ADEA,ADI,ADNT,ADT,ADUS,AEBI,AER,AGBK,AGCO,AGM,AHR,AIN,AIT,AKTS,ALC,ALGN,ALH,ALHC,ALK,ALKT,ALLE,ALM,ALMU,ALRS,ALSN,ALV,AMBP,AMBQ,AMCX,AME,AMG,AMN,AMP","AAL,AAMI,AAOI,AAON,AARD,ABAT,ABCB,ACB,ACEL,ACHR,ACLS,ACMR,ACTG,ADTN,AEG,AEIS,AEO,AERO,AEYE,AFRI,AGEN,AGX,AIP,AIR,AIRG,AIRO,ALAR,ALG,ALGM,ALGT,ALLT,ALNT,ALTG,AMAL,AMAT,AMCI,AMCR,AMD,AMKR,AMPG"
2026-04-01 14:00:00+00:00,L0336,L0337,decay,maturity,0.7397601488487664,0.41244337415620325,0,,16,A-AIR;AAMI-AME;AAON-AEBI;AAON-AMBP;ABEV-ADEA;ACEL-AIRG;ACM-ADT;ACNB-AIR;ADEA-AGBK;ADEA-AKTS;AEIS-AKTS;AGL-ALM;AIOT-AMBQ;AIR-ALH;AIRG-AMKR;ALK-AMP,0.011341225355863571,2.8977953864297956,0.02320441988950276,1.0735905664923653,"A,AAPG,ABEV,ACA,ACNB,ACNT,ADSE,ADT,AEBI,AES,AGBK,AGCO,AHR,AIN,AIOT,AIRG,AIT,AKTS,ALH,ALHC,ALLE,ALM,ALRS,ALSN,ALV,AMBP,AME,AMG,AMP","AAL,AAMI,AAOI,AAON,ABAT,ABCB,ACEL,ACHC,ACHR,ACHV,ACLS,ACM,ADEA,ADI,ADNT,ADTN,AEG,AEIS,AEO,AER,AERO,AEVA,AEYE,AFRI,AGL,AGPU,AIR,AIRO,AKAM,ALG,ALGM,ALGN,ALGT,ALK,ALLT,ALNT,ALTG,AMBQ,AMCX,AMKR,AMPG,AMPH,QQQ"
2026-04-01 14:15:00+00:00,L0338,L0336,maturity,expansion,0.4785327172544989,0.28636253099540354,4,ABM;ACCO;AMBQ;AMN,31,AAPG-AEC;AAT-ADAG;ABM-ACNT;ABM-ALV;ABM-AMP;ABR-AGCO;ABX-ADUS;ACA-AMBQ;ACCO-ALKT;ACCO-AMP;ACIW-ALKT;ACN-AENT;ACNT-AMN;AD-AER;ADC-AII;ADNT-AGM;ADT-AKR;ADT-ALC;ADT-ALRM;ADUS-AIG;ADUS-ALOY;AENT-AHRT;AENT-ALOT;AGBK-AIOT;AGM-ALV;AHRT-AII;AIN-AMN;AIOT-ALM;AIT-AKR;ALMU-AMG;AMBQ-AMG,-0.0019278226827736944,3.6888794541139363,0.011881188118811881,1.1534706162212767,"AAT,ABG,ABM,ABNB,ABR,ABX,ACCO,ACGL,ACI,ACIC,ACIW,ACN,ACR,ACRE,ACT,ACVA,AD,ADBE,ADC,ADP,ADSK,AEC,AFG,AFL,AFRM,AGM,AGO,AGYS,AHCO,AHRT,AIG,AIOT,AIRS,AIV,AIZ,AJG,AKR,ALAB,ALC,ALCO,ALL,ALMU,ALOT,ALOY,ALRM,AMBQ,AMN","A,AAPG,ABEV,ACA,ACHV,ACM,ACNB,ACNT,ADAG,ADEA,ADI,ADNT,ADSE,ADT,ADUS,AEBI,AENT,AER,AGBK,AGCO,AHR,AII,AIN,AIT,AKTS,ALH,ALHC,ALKT,ALLE,ALM,ALNY,ALRS,ALSN,ALV,AMBP,AME,AMG,AMP"
2026-04-01 14:30:00+00:00,L0337,L0336,expansion,maturity,1.5253022896242394,0.7053212161540334,3,ACM;ADNT;ALGN,22,AAON-AIN;AAON-ALLY;AAON-AMBP;ABEV-ACM;ACA-ADNT;ACA-ALGN;ACEL-AMG;ACHR-ALLY;ACHR-ALSN;ACHV-ALNY;ADAG-AGL;ADAG-AGPU;ADNT-AMG;ADSE-ALGM;AERO-ALLY;AES-ALG;AIT-ALGN;ALGN-ALV;ALH-AMKR;ALLY-ALNT;ALM-AMCX;AMCX-AMG,0.004543061600998044,3.382840118766815,0.011881188118811881,1.5166792596430074,"AAL,AAMI,AAOI,AAON,ABAT,ABCB,ACEL,ACHR,ACHV,ACLS,ACM,ADNT,ADTN,AEG,AERO,AEVA,AEYE,AGL,AGPU,AIR,AIRG,AIRO,AKAM,ALG,ALGM,ALGN,ALGT,ALK,ALNT,AMCX,AMKR,AMPG,AMPH,QQQ","A,AAPG,ABEV,ABM,ACA,ACCO,ACNB,ACNT,ADAG,ADEA,ADI,ADSE,ADT,AEBI,AEO,AER,AES,AGBK,AGCO,AGNC,AIN,AIT,AKTS,ALH,ALHC,ALLE,ALLY,ALM,ALNY,ALRS,ALSN,ALV,AMBP,AMBQ,AME,AMG,AMN,AMP"
2026-04-01 14:30:00+00:00,L0331,L0336,decay,maturity,0.362409999505001,0.7053212161540334,0,,3,ADM-AGNC;AENT-AMN;AGNC-AM,0.0019487448735162616,1.4338634198891207,0.011881188118811881,0.6805673978878123,"AAPL,AAUC,ABBV,ABT,ACDC,ACOG,ACU,ADM,AEE,AENT,AEP,AESI,AEXA,AFBI,AFYA,AGRO,AKO-B,ALX,AM,AMGN,AMH","A,AAPG,ABEV,ABM,ACA,ACCO,ACNB,ACNT,ADAG,ADEA,ADI,ADSE,ADT,AEBI,AEO,AER,AES,AGBK,AGCO,AGNC,AIN,AIT,AKTS,ALH,ALHC,ALLE,ALLY,ALM,ALNY,ALRS,ALSN,ALV,AMBP,AMBQ,AME,AMG,AMN,AMP"
2026-04-01 15:00:00+00:00,L0339,L0336,decay,maturity,0.40178069375158687,0.1988111171616977,1,AGPU,25,A-AERO;A-AMPG;AAL-AEO;AAON-ACMR;AAON-ALB;AAON-AMPG;ACEL-ACHR;ACEL-ALK;ACEL-ALLT;ACEL-QQQ;ACHC-AGX;ACHC-ALB;ACHC-AMKR;ACHC-AMPH;ACLS-AIR;ACLS-AME;ACM-ALNT;ADNT-AGPU;ADNT-AMCX;AEG-ALLY;AGCO-ALTG;AGPU-ALM;AKAM-AMG;ALNT-AMBQ;AMBP-AMPH,0.0008098913240246475,3.335092804050115,0.00980926430517711,1.0154221339322906,"AA,AAL,AAMI,AAOI,AAPL,ABAT,ABCB,ABUS,ABVX,ACHR,ACLS,ACMR,ACU,ADTN,ADUR,ADV,AEG,AEHR,AEM,AERO,AEVA,AEYE,AFJK,AFRM,AGI,AGL,AGMB,AGPU,AGX,AIP,AIRG,AIRO,AKAM,ALAR,ALB,ALGT,ALK,ALLT,ALNT,ALTG,ALX,AMAT,AMBA,AMCI,AMCX,AMD,AMKR,AMPG,AMPH,QQQ","A,AAON,AAPG,ABEV,ACA,ACEL,ACHC,ACHV,ACM,ACNB,ACNT,ADAG,ADEA,ADI,ADNT,ADT,AEBI,AEO,AER,AGBK,AGCO,AGM,AIN,AIR,AIT,AKTS,ALG,ALGM,ALGN,ALH,ALLE,ALLY,ALM,ALSN,ALV,AMBP,AMBQ,AME,AMG,AMP"
2026-04-01 15:00:00+00:00,L0340,L0336,expansion,maturity,0.4724385640778714,0.1988111171616977,1,ALKT,6,A-AG;ABR-ACM;ACHC-ALTO;AD-AMG;AER-AFRI;ALAB-ALGN,0.00017883331747725606,2.199209642650593,0.00980926430517711,0.7526487046802954,"ABR,ABX,AD,ADUS,AFRI,AG,AIRJ,ALAB,ALC,ALKT,ALMU,ALOY,ALRM,ALTO","A,AAON,AAPG,ABEV,ACA,ACEL,ACHC,ACHV,ACM,ACNB,ACNT,ADAG,ADEA,ADI,ADNT,ADT,AEBI,AEO,AER,AGBK,AGCO,AGM,AIN,AIR,AIT,AKTS,ALG,ALGM,ALGN,ALH,ALLE,ALLY,ALM,ALSN,ALV,AMBP,AMBQ,AME,AMG,AMP"
2026-04-01 15:00:00+00:00,L0339,L0340,decay,expansion,0.40178069375158687,0.17226742979259652,0,,6,ABX-ADV;ABX-AMPH;ACHR-ALC;AD-AKAM;AD-ALNT;ALOY-AMBA,0.0006310580065473914,1.9548848698777725,0.006896551724137931,0.6619701372913188,"AA,AAL,AAMI,AAOI,AAPL,ABAT,ABCB,ABUS,ABVX,ACHR,ACLS,ACMR,ACU,ADTN,ADUR,ADV,AEG,AEHR,AEM,AERO,AEVA,AEYE,AFJK,AFRM,AGI,AGL,AGMB,AGPU,AGX,AIP,AIRG,AIRO,AKAM,ALAR,ALB,ALGT,ALK,ALLT,ALNT,ALTG,ALX,AMAT,AMBA,AMCI,AMCX,AMD,AMKR,AMPG,AMPH,QQQ","ABR,ABX,AD,ADUS,AFRI,AG,AIRJ,ALAB,ALC,ALKT,ALMU,ALOY,ALRM,ALTO"
2026-04-01 15:15:00+00:00,L0341,L0336,confirmation,maturity,0.9424186079808679,0.6552996049938525,1,AEO,11,AA-ADEA;ABEV-AMLX;ACHC-ADI;ACHC-AGM;ADNT-AMPH;AEO-AIN;AEO-AIT;AEO-AKTS;AEO-ALH;ALLT-AMBQ;ALM-AMD,0.007446160016115755,2.6908779993110734,0.010693069306930692,1.1536389241162242,"AA,AAP,AAPL,AARD,ABAT,ABCL,ABEO,ABSI,ABUS,ABVX,ACAD,ACB,ACET,ACHC,ACMR,ACOG,ACRS,ACTG,ACU,ADMA,ADPT,ADUR,ADV,AEHR,AEIS,AEM,AEO,AEVA,AEXA,AFCG,AFJK,AFRM,AGCC,AGEN,AGI,AGIO,AGL,AGMB,AGX,AI,AIP,AIRJ,AKO-B,ALAR,ALB,ALKS,ALLT,ALMS,ALTO,ALVO,ALX,AMAL,AMBA,AMCI,AMCR,AMD,AMLX,AMPH","A,AAPG,ABEV,ABM,ACA,ACCO,ACHV,ACNB,ACNT,ADAG,ADEA,ADI,ADNT,ADT,AEBI,AGBK,AGCO,AGM,AGPU,AIN,AIT,AKTS,ALG,ALH,ALHC,ALKT,ALLE,ALM,ALRS,ALSN,ALV,AMBP,AMBQ,AME,AMG,AMN,AMP"
2026-04-01 15:15:00+00:00,L0340,L0336,decay,maturity,0.28395288195770163,0.6552996049938525,0,,4,ABR-ADT;ACCO-ALC;AD-ALKT;AD-ALLE,0.009019492892548442,1.7752826843548695,0.010693069306930692,0.7272003775702232,"ABR,AD,ADUS,AFRI,AG,ALAB,ALC,ALMU,ALOY","A,AAPG,ABEV,ABM,ACA,ACCO,ACHV,ACNB,ACNT,ADAG,ADEA,ADI,ADNT,ADT,AEBI,AGBK,AGCO,AGM,AGPU,AIN,AIT,AKTS,ALG,ALH,ALHC,ALKT,ALLE,ALM,ALRS,ALSN,ALV,AMBP,AMBQ,AME,AMG,AMN,AMP"
2026-04-01 15:45:00+00:00,L0331,L0341,expansion,maturity,0.4262302395640012,0.2735634905747155,1,ACOG,5,ABCL-AMGN;ABT-ADUR;ACAD-ACDC;ACAD-AGNC;AFYA-ALTO,-0.0009854814852587879,2.0794415416798357,0.011260053619302948,0.7314875125044694,"AAUC,ABBV,ABT,ACDC,ACOG,ADM,AEE,AEP,AESI,AFBI,AFYA,AGNC,AGRO,AM,AMGN","AA,AAP,AAPL,AARD,ABCL,ABEO,ABSI,ABUS,ABVX,ACAD,ACB,ACET,ACHC,ACMR,ACRS,ACTG,ADMA,ADPT,ADUR,AEHR,AEIS,AEM,AEXA,AFCG,AFJK,AGCC,AGEN,AGI,AGIO,AGL,AGMB,AGX,AI,AIP,AIRJ,AKO-B,ALAR,ALB,ALKS,ALMS,ALTO,ALVO,ALX,AMAL,AMCI,AMD,AMLX"
2026-04-01 15:45:00+00:00,L0336,L0341,maturity,maturity,0.29189101370389575,0.2735634905747155,0,,6,AA-ADEA;AARD-AEO;ABVX-AGPU;ACHC-ALSN;ACHC-AMN;ACM-AGL,0.004910699266474694,2.013711634676879,0.011260053619302948,0.6747532679956986,"A,AAPG,ABEV,ABM,ACA,ACHV,ACM,ACNB,ACNT,ADAG,ADEA,ADI,ADNT,ADSE,ADT,AEBI,AEO,AER,AES,AGBK,AGCO,AGM,AGPU,AIN,AIT,AKAM,AKTS,ALGN,ALH,ALHC,ALKT,ALLE,ALLY,ALM,ALRS,ALSN,ALV,AMBP,AME,AMG,AMN,AMP","AA,AAP,AAPL,AARD,ABCL,ABEO,ABSI,ABUS,ABVX,ACAD,ACB,ACET,ACHC,ACMR,ACRS,ACTG,ADMA,ADPT,ADUR,AEHR,AEIS,AEM,AEXA,AFCG,AFJK,AGCC,AGEN,AGI,AGIO,AGL,AGMB,AGX,AI,AIP,AIRJ,AKO-B,ALAR,ALB,ALKS,ALMS,ALTO,ALVO,ALX,AMAL,AMCI,AMD,AMLX"
2026-04-01 16:00:00+00:00,L0336,L0338,maturity,maturity,0.30166254024917394,0.6930405360173879,0,,7,ABG-ADT;ADT-AGM;ADT-AHR;ADT-AIRS;ADUS-ALM;AIRS-AMBQ;AIRS-AMG,0.002645361882969155,2.1119736121299066,0.016901408450704224,0.8289395371800508,"A,AAPG,ABEV,ABM,ABR,ACA,ACCO,ACHV,ACM,ACNB,ACNT,ADAG,ADEA,ADI,ADNT,ADSE,ADT,AEBI,AEO,AER,AES,AGBK,AGCO,AGPU,AIN,AIR,AIT,AKTS,ALG,ALGM,ALH,ALHC,ALKT,ALLE,ALLY,ALM,ALRS,ALSN,ALV,AMBP,AMBQ,AME,AMG,AMN,AMP","AAT,ABG,ABNB,ABX,ACGL,ACI,ACIC,ACIW,ACN,ACR,ACRE,ACT,ACU,ACVA,ADAM,ADBE,ADC,ADP,ADSK,ADUS,AEC,AENT,AFG,AFL,AGM,AGO,AGYS,AHCO,AHR,AHRT,AIG,AII,AIOT,AIRS,AIV,AIZ,AJG,AKR,ALCO,ALL,ALNY,ALOT,ALRM,AMH"
2026-04-01 16:00:00+00:00,L0341,L0338,maturity,maturity,0.3280297309151309,0.6930405360173879,0,,4,AAPL-ALOT;AGX-AMH;ALCO-AMCI;ALOT-AMAL,0.002783234411253943,1.6636085172049295,0.016901408450704224,0.7247584206485936,"AAP,AAPL,AARD,ABAT,ABCL,ABEO,ABSI,ABUS,ABVX,ACAD,ACB,ACET,ACMR,ACOG,ACRS,ADMA,ADPT,ADUR,AEHR,AEIS,AEM,AERO,AEVA,AFCG,AGCC,AGEN,AGI,AGIO,AGMB,AGX,AI,AIP,AIRG,AIRJ,ALAR,ALB,ALLT,ALMS,ALTG,ALVO,AMAL,AMAT,AMBA,AMCI,AMCR,AMD,AMLX,AMPG","AAT,ABG,ABNB,ABX,ACGL,ACI,ACIC,ACIW,ACN,ACR,ACRE,ACT,ACU,ACVA,ADAM,ADBE,ADC,ADP,ADSK,ADUS,AEC,AENT,AFG,AFL,AGM,AGO,AGYS,AHCO,AHR,AHRT,AIG,AII,AIOT,AIRS,AIV,AIZ,AJG,AKR,ALCO,ALL,ALNY,ALOT,ALRM,AMH"
2026-04-01 16:00:00+00:00,L0336,L0341,maturity,maturity,0.30166254024917394,0.3338846225707168,0,,6,AAP-AKTS;ADEA-AEIS;AEM-AGPU;AGPU-ALMS;AIR-ALLT;AIRG-AMG,-0.00013787252828478813,1.9459101490553132,0.016172506738544475,0.6795675621205772,"A,AAPG,ABEV,ABM,ABR,ACA,ACCO,ACHV,ACM,ACNB,ACNT,ADAG,ADEA,ADI,ADNT,ADSE,ADT,AEBI,AEO,AER,AES,AGBK,AGCO,AGPU,AIN,AIR,AIT,AKTS,ALG,ALGM,ALH,ALHC,ALKT,ALLE,ALLY,ALM,ALRS,ALSN,ALV,AMBP,AMBQ,AME,AMG,AMN,AMP","AAP,AAPL,AARD,ABAT,ABCL,ABEO,ABSI,ABUS,ABVX,ACAD,ACB,ACET,ACMR,ACOG,ACRS,ADMA,ADPT,ADUR,AEHR,AEIS,AEM,AERO,AEVA,AFCG,AGCC,AGEN,AGI,AGIO,AGMB,AGX,AI,AIP,AIRG,AIRJ,ALAR,ALB,ALLT,ALMS,ALTG,ALVO,AMAL,AMAT,AMBA,AMCI,AMCR,AMD,AMLX,AMPG"
2026-04-01 16:15:00+00:00,L0339,L0336,expansion,maturity,0.3867275640875699,0.534262532858565,6,AAON;AER;AEYE;AIR;AKAM;ALGM,10,ACM-ALNT;ADAG-AEYE;ADAG-AMCX;AEG-AME;AEYE-AMN;AGM-AMPH;AIN-AKAM;AIRO-ALLY;AIRO-AMBQ;ALG-ALGM,0.0025693774223327637,3.146603485037091,0.011741682974559686,1.0647091527892971,"AAL,AAMI,AAOI,AAON,ABAT,ABCB,ACEL,ACHR,ACLS,ADTN,ADUR,AEG,AER,AERO,AEVA,AEYE,AFRM,AGL,AIR,AIRO,AKAM,ALGM,ALGT,ALK,ALNT,ALTG,AMAT,AMBA,AMCX,AMKR,AMPG,AMPH,QQQ","A,AAPG,ABEV,ABM,ABR,ACA,ACCO,ACHV,ACM,ACNB,ACNT,ADAG,ADEA,ADI,ADNT,ADSE,ADT,AEBI,AEO,AES,AGBK,AGCO,AGM,AGPU,AIN,AIT,AKTS,ALG,ALGN,ALH,ALHC,ALKT,ALLE,ALLY,ALM,ALRS,ALSN,ALV,AMBP,AMBQ,AME,AMG,AMN,AMP"
2026-04-01 16:15:00+00:00,L0331,L0336,decay,maturity,0.4713621014519927,0.534262532858565,0,,8,ABEV-AGNC;ABT-ALGN;ACM-AMH;ACNT-AEP;AEE-ALLE;AEE-AMBP;AFBI-AGM;AMBP-AMGN,0.0012084307672921568,2.2105622424375015,0.011741682974559686,0.8560892033487266,"AAUC,ABBV,ABT,ACDC,ADM,AEE,AEP,AESI,AFBI,AFYA,AGNC,AGRO,AM,AMGN,AMH","A,AAPG,ABEV,ABM,ABR,ACA,ACCO,ACHV,ACM,ACNB,ACNT,ADAG,ADEA,ADI,ADNT,ADSE,ADT,AEBI,AEO,AES,AGBK,AGCO,AGM,AGPU,AIN,AIT,AKTS,ALG,ALGN,ALH,ALHC,ALKT,ALLE,ALLY,ALM,ALRS,ALSN,ALV,AMBP,AMBQ,AME,AMG,AMN,AMP"
2026-04-01 16:15:00+00:00,L0331,L0339,decay,expansion,0.4713621014519927,0.34820059316025187,0,,3,AAUC-ACLS;ABT-ADUR;ADUR-AFBI,-0.0013609466550406069,1.3862943611198906,0.022096317280453255,0.595756846255714,"AAUC,ABBV,ABT,ACDC,ADM,AEE,AEP,AESI,AFBI,AFYA,AGNC,AGRO,AM,AMGN,AMH","AAL,AAMI,AAOI,AAON,ABAT,ABCB,ACEL,ACHR,ACLS,ADTN,ADUR,AEG,AER,AERO,AEVA,AEYE,AFRM,AGL,AIR,AIRO,AKAM,ALGM,ALGT,ALK,ALNT,ALTG,AMAT,AMBA,AMCX,AMKR,AMPG,AMPH,QQQ"
2026-04-01 16:30:00+00:00,L0339,L0338,decay,expansion,0.410511535568946,0.6414740786805091,0,,3,ABM-ALCO;AD-AGL;AGM-ALCO,0.0027012162609025836,1.4516423106967629,0.01705150976909414,0.6810639884143913,"AAL,AAMI,AAOI,ABCB,ACHR,ACLS,ADTN,AEG,AGL,AGMB,AGX,AIRO,ALCO,ALGT,ALK,ALKS,ALNT,AMCI,AMKR,AMPH,QQQ","AAT,ABG,ABM,ABNB,ABR,ABX,ACCO,ACGL,ACI,ACIC,ACIW,ACN,ACR,ACRE,ACT,ACU,ACVA,AD,ADAM,ADBE,ADC,ADP,ADSK,ADUS,AENT,AFBI,AFG,AFL,AFRI,AGM,AGO,AGRO,AGYS,AHCO,AHR,AHRT,AIG,AII,AIOT,AIRS,AIV,AIZ,AJG,AKR,ALC,ALKT,ALL,ALMU,ALNY,ALRM,AM,AMH,AMN"
2026-04-01 16:45:00+00:00,L0341,L0339,decay,expansion,0.296075232611125,0.2701565393668176,16,AAON;AAPL;ACEL;ACRS;ADMA;ADUR;AEIS;AEVA;AFRM;AGEN;AIR;ALB;ALLT;AMBA;AMCR;AMD,34,AAON-AFCG;AAON-AI;AAON-ALAR;AAON-ALTG;AAPL-AEHR;AAPL-ALTG;ABEV-AFYA;ABT-AGI;ABT-AMPH;ABUS-ABVX;ABUS-ACHC;ABUS-ACTG;ABVX-AEVA;ABVX-AFRM;ACEL-ACMR;ACEL-ACTG;ACEL-AMCI;ACMR-AFRM;ADUR-ALTG;AEG-AEVA;AEHR-AEIS;AEHR-AMD;AERO-AI;AERO-ALAR;AEXA-AFRM;AFJK-AFYA;AFRM-AI;AFRM-AKO-B;AFRM-ALTO;AIP-AIR;AIR-ALVO;ALB-ALTG;ALLT-ALVO;AMD-AMPH,-0.0016961367218755186,4.204692619390966,0.01940700808625337,1.2239537376540621,"AAON,AAPL,ABAT,ABBV,ABCL,ABEO,ABEV,ABSI,ABT,ABUS,ACAD,ACB,ACEL,ACET,ACOG,ACRS,ADMA,ADUR,AEIS,AERO,AEVA,AFJK,AFRM,AGCC,AGEN,AIR,AIRG,ALB,ALG,ALGN,ALLT,AMBA,AMBQ,AMCR,AMD,AMLX,AMPG","AA,AAMI,AAOI,ABCB,ABVX,ACHC,ACHR,ACLS,ACM,ACMR,ACTG,ADPT,ADTN,AEC,AEG,AEHR,AEM,AER,AEXA,AFCG,AFYA,AGI,AGL,AGMB,AGX,AI,AIP,AIRO,AKAM,AKO-B,ALAR,ALCO,ALGM,ALGT,ALK,ALKS,ALMS,ALNT,ALOT,ALTG,ALTO,ALVO,ALX,AMAL,AMAT,AMCI,AMCX,AMKR,AMPH,QQQ"
2026-04-01 16:45:00+00:00,L0338,L0339,decay,expansion,0.38619471739249306,0.2701565393668176,0,,8,AA-AD;ABM-ALOT;ACU-AIP;ACVA-ALTO;AD-ALKS;AEC-AGRO;AFYA-ALRM;AGM-AMPH,0.0018166088848374784,2.2172081129389367,0.01940700808625337,0.7541184564754654,"ABG,ABM,ABNB,ABR,ABX,ACCO,ACGL,ACI,ACIC,ACIW,ACN,ACR,ACRE,ACT,ACU,ACVA,AD,ADBE,ADP,ADSK,AENT,AFBI,AFG,AFL,AFRI,AGM,AGO,AGRO,AGYS,AHCO,AHRT,AIG,AIOT,AIRS,AIV,AIZ,AJG,ALC,ALKT,ALL,ALRM,AMN","AA,AAMI,AAOI,ABCB,ABVX,ACHC,ACHR,ACLS,ACM,ACMR,ACTG,ADPT,ADTN,AEC,AEG,AEHR,AEM,AER,AEXA,AFCG,AFYA,AGI,AGL,AGMB,AGX,AI,AIP,AIRO,AKAM,AKO-B,ALAR,ALCO,ALGM,ALGT,ALK,ALKS,ALMS,ALNT,ALOT,ALTG,ALTO,ALVO,ALX,AMAL,AMAT,AMCI,AMCX,AMKR,AMPH,QQQ"
2026-04-01 17:00:00+00:00,L0344,L0339,confirmation,expansion,0.9184737664783484,0.7114623300223712,0,,11,AAPL-ABT;AAUC-ACLS;ABT-ACMR;ABT-ADUR;ABVX-AG;ADV-ALTO;ADV-AMH;AFJK-ALTO;AFYA-ALTO;AFYA-AMH;AKO-B-ALAR,0.0019184058182872832,2.5007669232213963,0.026984126984126982,1.118220178803184,"AAUC,ABBV,ABT,ADV,AESI,AFJK,AFYA,AG,AIRJ,AKO-B,ALAB,ALGN,ALMU,ALOY","AA,AAMI,AAOI,AAON,AAPL,ABCB,ABVX,ACEL,ACHC,ACHR,ACLS,ACM,ACMR,ACRS,ACTG,ADMA,ADPT,ADTN,ADUR,AEG,AEHR,AEIS,AEM,AER,AEVA,AEXA,AFCG,AFRM,AGEN,AGI,AGL,AGMB,AGX,AI,AIP,AIR,AIRO,AKAM,ALAR,ALB,ALCO,ALGT,ALK,ALLT,ALMS,ALNT,ALOT,ALTG,ALTO,ALVO,ALX,AMAL,AMAT,AMBA,AMCI,AMCR,AMCX,AMD,AMH,AMKR,AMPH,QQQ"
2026-04-01 17:15:00+00:00,L0343,L0336,expansion,maturity,0.9568580510291875,0.7200780436742159,6,ACAD;AEE;AEP;AERO;AGNC;AMGN,24,AAP-ACAD;AAP-AGNC;AARD-ABCL;AARD-ACAD;ABCL-AGIO;ABEV-AGCO;ABSI-ACA;ACAD-AEBI;ACHV-ALLT;ADEA-AGNC;AEE-AES;AEE-AIT;AEE-AKTS;AEE-ALKS;AEP-ALG;AEP-ALKS;AERO-AGIO;AFYA-ALKS;AGBK-AGNC;AGNC-AMBP;ALG-ALLT;ALKS-ALLT;ALLT-ALM;ALLY-ALTO,0.0013595182390417904,3.614585552243007,0.010567514677103717,1.408312343673338,"AAUC,ABAT,ABBV,ABCL,ABEO,ABEV,ABSI,ABT,ABUS,ACAD,ACB,ACDC,ACET,ACOG,ACRS,ADM,ADV,AEE,AEP,AERO,AESI,AFJK,AFYA,AG,AGCC,AGNC,AIRG,AIRJ,AKO-B,ALAB,ALLT,ALMU,ALOT,ALOY,ALTO,AMBQ,AMGN,AMLX,AMPG","A,AAL,AAP,AAPG,AARD,ACA,ACHV,ACNB,ACNT,ADAG,ADEA,ADI,ADNT,ADSE,ADT,AEBI,AEO,AES,AEYE,AGBK,AGCO,AGIO,AGPU,AIN,AIT,AKTS,ALG,ALGM,ALGN,ALH,ALHC,ALKS,ALLE,ALLY,ALM,ALRS,ALSN,ALV,AMBP,AMCX,AME,AMG,AMP"
2026-04-01 17:30:00+00:00,L0343,L0338,expansion,maturity,0.905322602537487,0.6356009138244745,1,AFBI,9,ABNB-ALMU;ABX-ALTO;ACIC-AKO-B;ACU-AFYA;AFRM-ALC;AGM-ALCO;ALC-ALMU;ALC-ALOY;ALL-ALMU,0.0017806419637054205,2.4996363166760633,0.016981132075471698,1.0897333038889252,"AA,AAPL,AAUC,ABAT,ABBV,ABCL,ABEO,ABEV,ABSI,ABT,ABUS,ABVX,ACB,ACDC,ACET,ACOG,ACRS,ACTG,ADM,ADUR,ADV,AESI,AEXA,AFBI,AFJK,AFRM,AFYA,AG,AGCC,AGI,AIRJ,AKO-B,ALAB,ALB,ALCO,ALGN,ALKS,ALMU,ALOY,ALTO,ALX,AMBA,AMBQ,AMCX,AMLX,AMPG","ABG,ABM,ABNB,ABR,ABX,ACCO,ACGL,ACI,ACIC,ACIW,ACN,ACR,ACRE,ACT,ACU,ACVA,AD,ADAM,ADBE,ADP,ADSK,ADUS,AEC,AENT,AFG,AFL,AFRI,AGM,AGO,AGRO,AGYS,AHCO,AHRT,AIG,AIOT,AIRS,AIV,AIZ,AJG,ALC,ALKT,ALL,ALRM,AM,AMN"
2026-04-01 17:45:00+00:00,L0339,L0338,expansion,maturity,0.9292812657305429,0.2021147750444918,1,ALOT,6,ABR-AFRM;ABX-AMH;ACU-AFRM;ADAM-ALOT;AFBI-AFYA;AIOT-ALOT,0.0008883349946700037,2.20704657206324,0.016981132075471698,0.8937276250596412,"AA,AAMI,AAOI,AAON,AAPL,AAUC,ABCB,ABVX,ACEL,ACHC,ACHR,ACLS,ACM,ACMR,ACTG,ADMA,ADPT,ADTN,ADUR,AEG,AEHR,AEM,AER,AEVA,AEXA,AFCG,AFRI,AFRM,AFYA,AGEN,AGI,AGL,AGMB,AGX,AI,AIP,AIRO,AKAM,ALAR,ALB,ALGT,ALK,ALKS,ALMS,ALNT,ALOT,ALTG,ALVO,ALX,AMAL,AMAT,AMBA,AMCI,AMCR,AMCX,AMH,AMKR,AMPH,QQQ","ABG,ABM,ABNB,ABR,ABX,ACCO,ACGL,ACI,ACIC,ACIW,ACN,ACR,ACRE,ACT,ACU,ACVA,AD,ADAM,ADBE,ADP,ADSK,AEC,AENT,AFBI,AFG,AFL,AGM,AGO,AGRO,AGYS,AHCO,AHRT,AIG,AIOT,AIRS,AIV,AIZ,AJG,ALC,ALKT,ALL,ALRM,ALRS,AM,AMN"
2026-04-01 17:45:00+00:00,L0336,L0345,maturity,maturity,0.5709125639919663,0.9643635839084943,0,,2,AAT-ADT;ADC-AMBP,0.0015166692901402712,1.1479314966831413,0.01714285714285714,0.750137147112352,"A,AAL,AAP,AAPG,AARD,ABEV,ACA,ACHV,ACNB,ACNT,ADAG,ADEA,ADI,ADM,ADNT,ADSE,ADT,AEBI,AEE,AEO,AEP,AERO,AES,AEYE,AGBK,AGCO,AGIO,AGNC,AGPU,AIN,AIT,AKTS,ALCO,ALG,ALGM,ALH,ALHC,ALLE,ALLY,ALM,ALSN,ALV,AMBP,AME,AMG,AMGN,AMP","AAT,ADC,AHR,AII,AKR,ALNY"
2026-04-01 17:45:00+00:00,L0336,L0338,maturity,maturity,0.5709125639919663,0.2021147750444918,0,,4,ABEV-ADAM;ACR-AEBI;ADAG-AHRT;AEC-AGNC,0.0012692323653027415,1.6345057202943667,0.016981132075471698,0.6430818015958498,"A,AAL,AAP,AAPG,AARD,ABEV,ACA,ACHV,ACNB,ACNT,ADAG,ADEA,ADI,ADM,ADNT,ADSE,ADT,AEBI,AEE,AEO,AEP,AERO,AES,AEYE,AGBK,AGCO,AGIO,AGNC,AGPU,AIN,AIT,AKTS,ALCO,ALG,ALGM,ALH,ALHC,ALLE,ALLY,ALM,ALSN,ALV,AMBP,AME,AMG,AMGN,AMP","ABG,ABM,ABNB,ABR,ABX,ACCO,ACGL,ACI,ACIC,ACIW,ACN,ACR,ACRE,ACT,ACU,ACVA,AD,ADAM,ADBE,ADP,ADSK,AEC,AENT,AFBI,AFG,AFL,AGM,AGO,AGRO,AGYS,AHCO,AHRT,AIG,AIOT,AIRS,AIV,AIZ,AJG,ALC,ALKT,ALL,ALRM,ALRS,AM,AMN"
2026-04-01 18:00:00+00:00,L0347,L0336,confirmation,maturity,0.6373267933916791,0.22214053291638847,2,ACDC;AKO-B,5,ACHC-ADI;AGIO-AIRG;AKO-B-ALM;ALCO-AMBP;AMGN-AMH,0.0003948890735046007,2.3065262073254624,0.012915851272015654,0.8364091274145883,"AA,AAPL,AAUC,ABBV,ABT,ABVX,ACDC,ACHC,ACRS,ACTG,ADM,ADUR,ADUS,ADV,AEM,AESI,AEXA,AFJK,AFRI,AFRM,AFYA,AG,AGI,AIRG,AIRJ,AKO-B,ALAB,ALB,ALCO,ALGN,ALKS,ALMU,ALOY,ALTO,ALX,AMH,AMPG","A,AAL,AAP,AAPG,ACA,ACHV,ACNB,ACNT,ADAG,ADEA,ADI,ADNT,ADSE,ADT,AEBI,AEE,AEO,AEP,AERO,AES,AEYE,AGBK,AGCO,AGIO,AGNC,AGPU,AIN,AIT,AKTS,ALG,ALGM,ALH,ALHC,ALLE,ALLY,ALM,ALRS,ALSN,ALV,AMBP,AMCX,AME,AMG,AMGN,AMP"
2026-04-01 18:30:00+00:00,L0336,L0347,maturity,expansion,0.6211022643808046,0.5186440520491836,0,,13,A-ABUS;ABEO-AMGN;ABEV-AMLX;ABSI-AMBP;ABUS-AMGN;ACAD-AEBI;ACAD-AEE;ACAD-ALLE;ACAD-AMBQ;ACDC-ADC;ACDC-AMBP;ACOG-ALG;ALG-AMLX,0.001623756776098162,2.6505888480356177,0.014084507042253521,1.006683782994239,"A,AAL,AAP,AAPG,AARD,AAT,ABEV,ACA,ACHV,ACNB,ACNT,ADAG,ADAM,ADC,ADEA,ADI,ADNT,ADSE,ADT,AEBI,AEE,AEO,AEP,AERO,AES,AEYE,AGBK,AGCO,AGIO,AGNC,AGPU,AHR,AII,AIN,AIT,AKO-B,AKR,AKTS,ALCO,ALG,ALH,ALHC,ALLE,ALLY,ALM,ALNY,ALRS,ALSN,ALV,AMBP,AMBQ,AMCX,AME,AMG,AMGN,AMP","AAPL,ABAT,ABBV,ABCL,ABEO,ABSI,ABT,ABUS,ACAD,ACB,ACDC,ACET,ACOG,ACTG,ADM,ADUR,ADV,AESI,AEXA,AFJK,AFYA,AGCC,AIRG,AIRJ,ALB,ALOY,ALTO,ALX,AMH,AMLX,AMPG,AMPH"
2026-04-01 19:00:00+00:00,L0347,L0339,decay,expansion,0.8660169152841166,0.6938594720672862,2,AAPL;AMH,8,AAPL-AFRM;AAPL-AIP;ABT-AIR;ACEL-ACTG;ACHC-ACTG;ACU-ALX;AEXA-AFJK;AGMB-AMH,0.0010186099370912416,2.5727542807059387,0.028954423592493294,1.1154946499207794,"AAPL,ABBV,ABT,ACDC,ACI,ACTG,ACU,ADM,ADV,AEP,AESI,AFBI,AFJK,AFRI,AFYA,AGM,AIRJ,ALAB,ALCO,ALOY,ALTO,AMH","AA,AAMI,AAOI,AAON,ABCB,ABVX,ACEL,ACHC,ACHR,ACLS,ACM,ACMR,ACRS,ADMA,ADPT,ADTN,ADUR,AEG,AEHR,AEIS,AEM,AER,AEVA,AEXA,AFCG,AFRM,AG,AGCC,AGEN,AGI,AGL,AGMB,AGX,AI,AIP,AIR,AIRO,AKAM,ALAR,ALB,ALGN,ALGT,ALK,ALKS,ALMS,ALNT,ALTG,ALVO,ALX,AMAL,AMAT,AMBA,AMCI,AMCR,AMD,AMKR,AMPH,QQQ"
2026-04-01 19:30:00+00:00,L0349,L0336,expansion,maturity,0.9466586277929816,0.9313826484926185,4,ADT;AGBK;AGNC;AMGN,20,A-ABEO;AAON-ALLT;ABEV-AERO;ABEV-AGCO;ABUS-AMBQ;ACA-ALLT;ACB-AGIO;ACET-AERO;ACOG-ALG;ADT-AES;ADT-AMBQ;AEE-AGNC;AGBK-AIN;AGNC-ALH;AII-ALM;AIR-AMGN;AKO-B-ALCO;AKTS-ALOT;ALGM-ALOT;ALM-ALOT,0.003290959168225527,3.3785800579940752,0.010546874999999999,1.4096394286341987,"AAT,ABAT,ABCL,ABEO,ABEV,ABSI,ABUS,ACAD,ACB,ACET,ACOG,ACRS,ADAM,ADC,ADMA,ADT,AGBK,AGCC,AGNC,AHR,AII,AIRG,AKO-B,AKR,ALLT,ALNY,ALOT,AMBA,AMBP,AMGN,AMLX","A,AAL,AAON,AAP,AAPG,AARD,ACA,ACHV,ACNB,ACNT,ADAG,ADEA,ADI,ADNT,ADSE,AEBI,AEE,AEO,AEP,AERO,AES,AEYE,AGCO,AGIO,AGPU,AIN,AIR,AIT,AKTS,ALCO,ALG,ALGM,ALH,ALHC,ALLE,ALLY,ALM,ALRS,ALSN,ALV,AMBQ,AME,AMG,AMP"
2026-04-01 19:45:00+00:00,L0336,L0339,maturity,expansion,0.7128190696996299,0.30577131790108714,0,,121,AAL-ADAG;AAL-ADI;AAL-ADNT;AAL-AEYE;AAL-AGCO;AAL-ALM;AAMI-ADNT;AAMI-AGCO;AAMI-ALLY;AAMI-ALSN;AAMI-AMP;AAOI-ACHV;AAOI-AES;AAON-AEYE;AAON-AIN;AAON-AIT;AAON-ALG;AAON-ALH;AAON-ALLE;AAON-AMP;AAP-ALVO;AAPL-ALLY;ABCB-ADNT;ABCB-AGCO;ACA-AER;ACEL-AEBI;ACEL-AGCO;ACEL-AIN;ACEL-ALG;ACEL-ALV;ACEL-AMG;ACEL-AMP;ACHR-ALM;ACLS-ALHC;ACMR-ADNT;ACMR-AMG;ADAG-ALGT;ADAG-ALK;ADAG-AMAT;ADEA-ADPT;ADEA-AMAL;ADEA-AMAT;ADEA-QQQ;ADI-AER;ADI-AFCG;ADI-ALK;ADI-ALVO;ADI-QQQ;ADM-AEE;ADMA-ADT;ADMA-AGNC;ADNT-ADPT;ADNT-ADTN;ADNT-AER;ADNT-ALGT;ADNT-ALK;ADNT-ALNT;ADNT-QQQ;ADPT-ADT;ADPT-ALLY;ADPT-ALV;ADSE-ALMS;ADT-AI;AEP-AIRG;AEP-ALB;AER-ALV;AER-AMG;AEYE-ALK;AEYE-QQQ;AFCG-AMG;AFCG-AMP;AFRM-AGCO;AGBK-AMAL;AGCO-AGEN;AGCO-ALK;AGCO-ALTG;AGCO-ALVO;AGCO-AMBA;AGCO-AMCR;AGCO-AMD;AGCO-AMKR;AGCO-QQQ;AGEN-ALSN;AGEN-ALV;AGEN-AMG;AGEN-AMP;AGNC-AI;AGNC-AMAL;AGNC-AMCR;AIN-AKAM;AIRO-ALHC;AIRO-ALRS;AIRO-AMP;AIT-ALGT;AIT-ALMS;ALH-AMCR;ALH-AMKR;ALK-ALLY;ALK-AMG;ALKS-AMP;ALLE-AMCR;ALLY-ALVO;ALLY-QQQ;ALM-ALMS;ALM-AMBA;ALM-AMCI;ALM-AMD;ALM-AMKR;ALM-QQQ;ALMS-AME;ALSN-ALTG;ALSN-AMCR;ALTG-AMP;ALV-ALVO;ALV-AMCR;ALVO-AMG;AMAL-AMP;AMAT-AMG;AMBA-AMG;AMCR-AMG;AMG-QQQ,0.0015781636029714718,4.805313785507466,0.026158038147138962,1.5108292683791524,"A,AAP,AAPG,ACA,ACHV,ACNB,ACNT,ADAG,ADEA,ADI,ADNT,ADSE,ADT,AEBI,AEE,AEO,AEP,AES,AEYE,AGBK,AGCO,AGIO,AGNC,AGPU,AIN,AIR,AIT,AKTS,ALG,ALGM,ALH,ALHC,ALLE,ALLY,ALM,ALRS,ALSN,ALV,AME,AMG,AMGN,AMP","AAL,AAMI,AAOI,AAON,AAPL,ABBV,ABCB,ACEL,ACHR,ACLS,ACM,ACMR,ADM,ADMA,ADPT,ADTN,ADUR,AEG,AEHR,AER,AEVA,AFCG,AFRM,AGEN,AGL,AGMB,AGX,AI,AIP,AIRG,AIRO,AKAM,ALAR,ALB,ALGT,ALK,ALKS,ALMS,ALNT,ALTG,ALVO,AMAL,AMAT,AMBA,AMCI,AMCR,AMD,AMKR,AMPH,QQQ"
2026-04-02 13:45:00+00:00,L0356,L0355,confirmation,confirmation,0.629430150637132,1.1760465275028764,10,A;AAOI;ABCL;ABSI;ADMA;ADV;AGIO;AKTS;ALB;AMPG,81,A-AA;A-ACM;A-AD;A-AG;A-AGI;A-AIRO;A-ALGM;A-ALOY;A-AMKR;AA-ABUS;AA-AKTS;AA-AMBP;AAOI-ALAB;AAON-ACAD;AAPG-ALAB;ABCL-ACHR;ABCL-ACLS;ABCL-ADTN;ABCL-ALAB;ABEV-ADTN;ABEV-AEG;ABEV-AGI;ABEV-AGX;ABSI-ACLS;ABSI-ALGM;ABSI-ALOY;ABVX-ALOY;ABX-AII;ACAD-AIT;ACAD-ALGT;ACB-AEM;ACB-AFRM;ACB-AG;ACB-AIT;ACB-ALGN;ACB-ALK;ACB-AMKR;ACHC-AGNC;ACHR-AI;ACHR-AMLX;ACHV-ACLS;ACHV-ALAB;ACLS-AMLX;ACM-AEXA;ACM-AGNC;ACM-AI;ACMR-ADV;ADMA-ALAB;ADMA-ALGT;ADMA-ALK;ADMA-ALMU;ADMA-AMD;ADMA-AMKR;ADTN-AGNC;ADTN-ALLT;ADV-AG;ADV-AGI;ADV-AGX;ADV-AIP;ADV-AIRO;ADV-ALAB;AEVA-AI;AEVA-AMLX;AEXA-AG;AEXA-AGL;AFRI-AIRO;AGIO-AIRO;AGIO-ALMS;AGNC-ALGM;AGNC-ALLY;AGNC-QQQ;AGX-ALB;AI-QQQ;AII-ALM;AIP-AMPG;AIR-AMPG;ALAB-AMLX;ALGM-AMPG;ALMU-AMLX;ALMU-AMPG;ALTO-AMBP,0.011493852362036705,4.636178279598421,0.03131868131868132,1.70538537553941,"A,AAOI,AAPG,AAT,AAUC,ABBV,ABCL,ABEO,ABEV,ABSI,ABUS,ABVX,ACAD,ACB,ACET,ACHV,ACRS,ADMA,ADT,ADV,AEXA,AFRI,AFYA,AGCC,AGIO,AGNC,AHR,AHRT,AI,AII,AKO-B,AKR,AKTS,ALB,ALLT,AMBP,AMGN,AMLX,AMPG,AMPH","AA,AAON,AAPL,ABAT,ABX,ACHC,ACHR,ACLS,ACM,ACMR,AD,ADAG,ADTN,ADUR,AEG,AEHR,AEIS,AEM,AEVA,AFRM,AG,AGI,AGL,AGX,AGYS,AIOT,AIP,AIR,AIRO,AIT,ALAB,ALGM,ALGN,ALGT,ALHC,ALK,ALLY,ALM,ALMS,ALMU,ALNT,ALOY,ALTO,AMAT,AMBA,AMBQ,AMCI,AMD,AMKR,QQQ"
2026-04-02 15:00:00+00:00,L0359,L0355,expansion,expansion,0.2894540395842694,0.38271341518350566,1,ACHC,10,A-AGI;AAON-ALLT;ABAT-AD;ACHC-AMAT;ACM-ALLY;AEIS-AGX;AGL-AGX;AGL-ALGM;ALLY-ALTO;ALLY-AMKR,-0.00021638397083734162,2.5649493574615367,0.03149171270718232,0.847611332701794,"A,ACA,ACB,ACHC,AD,ADSE,ADSK,AEG,AEIS,AEO,AEXA,AGL,AGNC,AGYS,AIT,ALC,ALGN,ALLT,ALLY,AMBP,AMCI,AME,AMP","AA,AAOI,AAON,ABAT,ABCL,ABEV,ABSI,ABX,ACHR,ACLS,ACM,ACMR,ACVA,ADMA,ADTN,ADV,AEHR,AEM,AEVA,AG,AGI,AGX,AI,AIP,AIR,AIRO,AIRS,AKAM,AKTS,ALAB,ALB,ALGM,ALHC,ALKT,ALM,ALMS,ALMU,ALNT,ALOY,ALTO,AMAT,AMBA,AMBQ,AMD,AMKR,AMLX,AMPG,QQQ"
2026-04-02 15:45:00+00:00,L0338,L0359,expansion,maturity,0.34143864539974234,0.5475367774970512,0,,3,ABEV-AFBI;AD-AGCC;ADSK-AIG,0.0003802647697739303,1.395756076822441,0.01889763779527559,0.6184662917439396,"AAPG,AAT,AAUC,ABG,ABT,ACCO,ACDC,ACGL,ACI,ACN,ACNT,ACOG,ACR,ACRE,ACT,ACTG,ACU,ADBE,ADC,ADM,ADP,ADSE,AEE,AEP,AES,AESI,AEXA,AFBI,AFG,AFL,AGCC,AGM,AGO,AGRO,AHCO,AHR,AHRT,AIG,AIRG,AIV,AIZ,AJG,AKAM,AKR,ALC,ALL,ALOT,ALRS,ALX,AM,AMH","A,AAON,ABEV,ACA,ACHC,ACM,AD,ADSK,ADTN,AEG,AEIS,AEM,AENT,AEO,AG,AGI,AGL,AGNC,AGYS,AIT,ALGN,ALLT,ALLY,ALNT,ALTO,AME,AMP"
2026-04-02 16:00:00+00:00,L0364,L0338,decay,maturity,0.3250060159998791,0.5548820684404832,0,,13,AAT-AMLX;ABEO-AM;ACCO-ACRS;ADUR-AEC;AEC-AKAM;AFYA-AM;AGCC-ALCO;AGM-ALCO;AGM-AMGN;AI-AMPH;AIV-AKAM;AIZ-AKAM;ALCO-AMPH,0.0036543188980431296,2.6648247574025,0.03067484662576687,0.9347738416765987,"AAOI,ABCL,ABEO,ABSI,ABUS,ABVX,ACHV,ACNB,ACRS,ADUR,AFYA,AGIO,AI,AIRO,AKAM,ALAR,ALB,ALCO,ALHC,AMBP,AMBQ,AMGN,AMLX","AAPG,AAT,AAUC,ABBV,ABG,ABT,ACCO,ACDC,ACET,ACGL,ACI,ACN,ACNT,ACOG,ACR,ACRE,ACT,ACTG,ACU,ADBE,ADC,ADM,ADP,ADSE,AEC,AEE,AEP,AES,AESI,AEXA,AFBI,AFG,AFL,AGCC,AGM,AGMB,AGO,AGRO,AHCO,AHR,AHRT,AIG,AIRG,AIV,AIZ,AJG,AKO-B,AKR,ALC,ALL,ALOT,ALRS,ALX,AM,AMH,AMPH"
2026-04-02 16:15:00+00:00,L0355,L0359,decay,expansion,0.3894586992073611,0.25575744662418104,1,AEIS,9,A-ABEV;ACHC-AMAT;AD-ALM;AEG-AGI;AEIS-AME;AEM-ALLY;AGEN-ALLY;AGI-AIT;ALGN-AMKR,0.001433277502655983,2.4967798625882383,0.005940594059405941,0.818650898505433,"AA,AAL,AAON,ABAT,ABEV,ABX,ACB,ACHR,ACLS,ACMR,ADAG,ADI,ADPT,ADTN,ADV,AEHR,AEIS,AEM,AERO,AEVA,AFRM,AG,AGEN,AGI,AGX,AIP,AIR,AKTS,ALAB,ALGM,ALGT,ALK,ALM,ALMS,ALMU,ALNT,ALTG,ALTO,ALVO,AMAT,AMBA,AMD,AMKR,AMPG,QQQ","A,ACA,ACHC,ACM,AD,ADSK,AEG,AENT,AGL,AGNC,AGYS,AIT,ALGN,ALLT,ALLY,AME,AMP"
2026-04-02 16:30:00+00:00,L0364,L0355,decay,maturity,0.6844221570990185,0.584189437214363,6,ACHV;ADUR;AI;AKAM;ALAR;AMBQ,11,ACET-ADMA;ACHR-AMLX;ACHV-AEVA;ACLS-AMPH;ADI-ALCO;ADPT-ADUR;ADUR-AGPU;ADUR-AMPG;AKAM-ALMS;ALHC-ALKT;ALMS-AMBQ,0.002042473352048546,3.1865281274818207,0.027945205479452055,1.1814072909863875,"AAOI,ABBV,ABCL,ABEO,ABSI,ABUS,ABVX,ACET,ACHV,ACNB,ACNT,ACRE,ACRS,ADUR,AEC,AFYA,AGIO,AGM,AGMB,AI,AIRO,AKAM,AKO-B,ALAR,ALB,ALCO,ALHC,ALKS,ALOT,ALOY,AMBP,AMBQ,AMGN,AMLX,AMPH","AA,AAL,AAON,ABAT,ABEV,ABX,ACB,ACHR,ACLS,ACMR,ACVA,ADAG,ADI,ADMA,ADPT,ADTN,ADV,AEHR,AEM,AERO,AEVA,AFRM,AG,AGI,AGPU,AGX,AIOT,AIP,AIR,AIRS,AKTS,ALAB,ALGM,ALGT,ALK,ALKT,ALM,ALMS,ALMU,ALNT,ALTG,ALTO,ALVO,AMAT,AMBA,AMD,AMKR,AMPG,QQQ"
2026-04-02 16:45:00+00:00,L0355,L0338,maturity,maturity,0.32169170224147875,0.43815500189616463,0,,2,ACHV-ACR;ACR-ALMS,-0.001077478751540184,1.0986122886681098,0.01935483870967742,0.5055103092147721,"AA,AAON,ABAT,ABX,ACB,ACHR,ACHV,ACLS,ACMR,ACVA,ADAG,ADI,ADMA,ADPT,ADUR,ADV,AERO,AEVA,AFRM,AGPU,AGX,AI,AIOT,AIP,AIR,AIRS,AKAM,AKTS,ALAB,ALAR,ALGM,ALGT,ALK,ALM,ALMS,ALMU,ALNT,ALTG,ALTO,ALVO,AMAT,AMBA,AMBQ,AMD,AMKR,AMPG,QQQ","AAPG,AAT,AAUC,ABG,ABT,ACCO,ACDC,ACGL,ACI,ACN,ACNT,ACOG,ACR,ACRE,ACT,ACTG,ACU,ADBE,ADC,ADM,ADP,ADSE,AEE,AEP,AES,AESI,AFBI,AFG,AFL,AGCC,AGO,AGRO,AHCO,AHR,AHRT,AIG,AIRG,AIV,AIZ,AJG,AKR,ALL,ALOT,ALRS,AM,AMH"
2026-04-02 17:00:00+00:00,L0338,L0355,expansion,maturity,0.3798290737882144,0.2307152087596201,0,,3,ABT-ALB;ACR-AMPG;AGNC-AIG,0.0010456005547894165,1.4120985643178396,0.027945205479452055,0.5403797066657281,"AAPG,AAT,AAUC,ABBV,ABG,ABT,ACCO,ACDC,ACET,ACGL,ACI,ACN,ACNT,ACOG,ACR,ACRE,ACT,ACTG,ACU,ADBE,ADC,ADM,ADP,ADSE,AEC,AEE,AEP,AES,AESI,AFBI,AFG,AFL,AGCC,AGM,AGMB,AGO,AGRO,AHCO,AHR,AHRT,AIG,AIRG,AIV,AIZ,AJG,AKO-B,AKR,ALL,ALOT,ALRS,ALX,AM,AMH,AMPH","AA,AAL,AAON,AAPL,ABAT,ABEV,ABX,ACB,ACLS,ACMR,ADAG,ADEA,ADI,ADPT,ADTN,ADV,AEG,AEHR,AEM,AEVA,AEYE,AFRM,AG,AGI,AGNC,AGPU,AGX,AIP,AIR,AIRS,AKTS,ALB,ALCO,ALGM,ALGT,ALK,ALLT,ALM,ALMU,ALNT,ALTG,ALTO,ALVO,AMAT,AMBA,AMD,AMKR,AMPG,QQQ"
2026-04-02 17:30:00+00:00,L0353,L0359,maturity,expansion,0.6146244197653568,1.2589297111643323,0,,14,AAMI-AMP;AAPL-ABCB;ACA-AGCO;ACA-ALLE;ACCO-AME;ACIC-AMP;ACM-AGBK;ADSK-ADT;ADT-ALC;AEG-AGCO;AER-ALC;AGBK-AIT;AGNC-ALV;ALG-ALGN,0.002292109653353691,2.723215357642168,0.01889763779527559,1.24570472435874,"AAMI,AAP,AARD,ABCB,ABM,ABNB,ABR,ACAD,ACCO,ACEL,ACIC,ACIW,ADAM,ADNT,ADSE,ADT,ADUS,AEBI,AER,AEYE,AFCG,AGBK,AGCC,AGCO,AGPU,AII,AIN,AIRJ,ALG,ALH,ALLE,ALNY,ALRM,ALSN,ALV,AMAL,AMCI,AMCR,AMCX,AMG,AMN","A,AAPL,ABEV,ACA,ACHC,ACM,AD,ADSK,ADTN,AEG,AEIS,AEM,AEO,AEXA,AG,AGI,AGL,AGNC,AGYS,AIT,ALC,ALGN,ALLT,ALLY,ALNT,AME,AMP"
2026-04-02 17:45:00+00:00,L0353,L0355,expansion,expansion,0.31800648173254775,0.5698086074662375,3,AIRJ;ALG;ALVO,32,AAMI-AAPL;AAON-AER;AAPL-AEO;ABEV-ABUS;ABEV-ACA;ABEV-AMCR;ABNB-ACIC;ABNB-AGBK;ABNB-ALSN;ABNB-ALV;ABR-QQQ;ACA-AEIS;ACA-AIT;ACAD-AFRM;ACIC-ADSK;ADMA-ALVO;ADNT-AGPU;ADPT-ALSN;ADT-AGNC;ADUS-AGEN;ADUS-QQQ;AEO-AKTS;AERO-AGCO;AERO-ALRM;AERO-ALSN;AERO-ALV;AGCO-AGNC;AIN-ALTG;ALG-ALM;ALGM-ALVO;ALK-ALSN;AMCR-AME,0.001067638280801475,3.666295439961072,0.02526315789473684,1.1867078604341141,"AAMI,AAP,ABCB,ABG,ABM,ABR,ABUS,ACA,ACAD,ACCO,ACEL,ACIC,ACIW,ACRS,ADAM,ADNT,ADSE,ADT,ADUS,AEBI,AEO,AER,AFCG,AFRI,AFYA,AGBK,AGCO,AII,AIN,AIRJ,ALG,ALH,ALLE,ALNY,ALRM,ALSN,ALV,ALVO,AMAL,AMBP,AMCI,AMCR,AMCX,AMG,AMN,AMP","A,AA,AAL,AAON,AAPL,ABAT,ABEV,ABNB,ABX,ACB,ACHC,ACLS,ACM,ACMR,AD,ADAG,ADEA,ADI,ADMA,ADPT,ADSK,ADTN,ADV,AEG,AEHR,AEIS,AEM,AENT,AERO,AEXA,AEYE,AFRM,AG,AGEN,AGI,AGL,AGNC,AGPU,AGX,AGYS,AIP,AIR,AIRS,AIT,AKTS,ALB,ALGM,ALGN,ALGT,ALK,ALLT,ALLY,ALM,ALNT,ALTG,ALTO,AMAT,AMBA,AMD,AME,AMKR,AMPG,QQQ"
2026-04-02 18:30:00+00:00,L0365,L0353,expansion,expansion,0.6214533080881415,0.8288747669488835,4,AER;AEYE;AGPU;AIRJ,16,AAP-AAPL;AARD-ADEA;ABM-AER;ABNB-AER;ACA-ACEL;ACEL-ACM;ACEL-ALLT;ACM-AMAL;ADPT-ALH;ADPT-ALSN;ADUS-AGEN;AGCO-ALLY;AGCO-AME;AGNC-ALRM;AIRJ-AMCX;AMCR-AME,0.0019038446553167887,3.226462352873361,0.007929515418502203,1.242903438042223,"A,AAL,AAPL,ABEV,ACA,ACB,ACHC,ACM,AD,ADAG,ADEA,ADPT,ADSK,AEG,AENT,AER,AEXA,AEYE,AFRM,AGEN,AGNC,AGPU,AGYS,AIR,AIRJ,AIRS,AIT,ALGN,ALGT,ALK,ALLT,ALLY,ALTG,AMCI,AME,AMP","AAMI,AAP,AARD,ABCB,ABM,ABNB,ABR,ACAD,ACEL,ACIC,ACIW,ADAM,ADNT,ADSE,ADT,ADUS,AEBI,AERO,AGBK,AGCO,AII,AIN,ALG,ALH,ALLE,ALNY,ALRM,ALSN,ALV,ALVO,AMAL,AMCR,AMCX,AMG"
2026-04-02 18:45:00+00:00,L0365,L0355,decay,expansion,0.3833445250248843,0.5946285302672454,0,,19,AAL-AGEN;AAON-ADEA;ABAT-AENT;ACA-ALLT;ACA-ALMU;ACB-AGI;ACB-ALGT;ACHC-ALAB;ACM-ACMR;ACM-AIOT;ACMR-ALGN;AD-AMPG;ADAG-AFRM;ADI-AENT;ADPT-ALGN;AENT-AMBQ;AFRM-AGI;AGYS-ALNT;ALLY-AMPG,0.0016172403848031536,3.0037859573284926,0.03166666666666666,1.049088405919762,"A,AAPL,ACA,ACB,ACHC,ACM,AD,ADEA,ADSK,AEG,AENT,AEXA,AFRM,AGEN,AGNC,AGYS,AIT,ALC,ALG,ALGN,ALLY,AMCI,AME,AMP","AAL,AAON,ABAT,ABX,ACHR,ACLS,ACMR,ACVA,ADAG,ADI,ADMA,ADPT,ADTN,ADV,AEHR,AEIS,AEM,AEVA,AG,AGI,AGL,AGX,AIOT,AIP,AIR,AIRS,AKTS,ALAB,ALGM,ALGT,ALK,ALLT,ALM,ALMS,ALMU,ALNT,ALTG,ALTO,ALVO,AMAT,AMBA,AMBQ,AMD,AMKR,AMPG,QQQ"
2026-04-02 19:00:00+00:00,L0338,L0355,expansion,maturity,0.8114282689918958,0.4921255001084083,0,,4,AA-ALKS;ABT-AKAM;ACHV-ALMS;ADUR-AI,0.0032325765932910144,1.6720854579278577,0.033707865168539325,0.8141436749873366,"AAPG,AAT,AAUC,ABBV,ABG,ABT,ACCO,ACDC,ACET,ACGL,ACHV,ACI,ACN,ACNT,ACOG,ACR,ACRE,ACT,ACTG,ADBE,ADC,ADM,ADP,ADSE,ADUR,AEC,AEE,AEP,AES,AESI,AFBI,AFG,AFL,AFRI,AGM,AGMB,AGO,AGRO,AHCO,AHR,AHRT,AIG,AIRG,AIV,AIZ,AJG,AKO-B,AKR,ALKS,ALL,ALOT,ALRS,AM,AMH,AMPH","AA,AAON,ABAT,ABEV,ABX,ACHR,ACLS,ACMR,ACVA,ADAG,ADI,ADMA,ADTN,ADV,AEHR,AEIS,AEM,AEVA,AG,AGI,AGL,AGX,AI,AIOT,AIP,AIR,AIRS,AKAM,AKTS,ALAB,ALCO,ALGM,ALM,ALMS,ALMU,ALNT,AMAT,AMBA,AMBQ,AMD,AMKR,AMPG,QQQ"
2026-04-02 19:30:00+00:00,L0365,L0338,decay,maturity,0.4228948627835525,0.4534633813665768,4,AENT;AEXA;ALC;ALX,10,ACN-AENT;ACT-ADSK;ACTG-AENT;ACU-AGNC;ACU-AMCI;ADBE-AENT;ADSK-AHRT;AENT-AES;AEXA-AFBI;AFL-ALC,-0.001469847047701478,2.9444389791664403,0.01910828025477707,1.0018834600748654,"A,AAPL,ACA,ACHC,ACM,AD,ADEA,ADSK,AEG,AENT,AEXA,AEYE,AFRM,AGNC,AGPU,AGYS,AIT,ALC,ALG,ALGN,ALLT,ALMU,ALX,AMCI,AME,AMP","AAPG,AAT,AAUC,ABG,ABT,ACCO,ACDC,ACGL,ACI,ACN,ACNT,ACOG,ACR,ACRE,ACT,ACTG,ACU,ADBE,ADC,ADM,ADP,ADSE,AEE,AEP,AES,AESI,AFBI,AFG,AFL,AGCC,AGM,AGO,AGRO,AHCO,AHR,AHRT,AIG,AIRG,AIV,AIZ,AJG,AKR,ALL,ALOT,ALRS,AM,AMAL,AMH"
2026-04-06 13:45:00+00:00,L0369,L0370,confirmation,confirmation,0.5343825348275708,0.7129020073885465,4,ACAD;ACR;AKTS;ALTO,22,AA-ACEL;AA-ACM;AA-AG;AA-AKAM;ABAT-AMN;ABBV-ACM;ABEO-ACT;ABUS-AGBK;ABUS-ALHC;ABX-AFCG;ACAD-ADBE;ACEL-ALTO;ACIC-ACR;ACM-AGX;ACM-AKTS;ACM-ALKS;ACR-ADBE;AEBI-ALTO;AEYE-AGIO;AKAM-ALB;AKTS-ALHC;ALHC-ALTO,0.01046049501746893,3.467173915293566,0.017777777777777778,1.2436455081548934,"AA,AAL,AAON,ABAT,ABBV,ABEO,ABUS,ABVX,ACAD,ACDC,ACET,ACLS,ACNB,ACR,AFCG,AFYA,AGIO,AGX,AIRS,AKTS,ALAR,ALB,ALCO,ALGT,ALK,ALKS,ALMS,ALMU,ALOY,ALTO,AMBQ","A,ABM,ABT,ABX,ACA,ACEL,ACIC,ACM,ACN,ACNT,ACRS,ACT,ADBE,ADP,ADSE,ADSK,AEBI,AEM,AESI,AEYE,AFBI,AFRI,AG,AGBK,AGI,AGPU,AIRG,AKAM,ALGN,ALHC,ALKT,AMBP,AMCR,AMGN,AMN"
2026-04-06 14:00:00+00:00,L0369,L0370,expansion,expansion,0.5561801356532055,0.19961600785263497,1,AMN,19,A-AA;A-ABBV;AAL-ACAD;ABBV-ALTO;ABUS-ACAD;ABX-ACNT;ACA-ACLS;ACAD-ALK;ACDC-AG;ACEL-ACLS;ACHV-ADSK;ACMR-ALKT;ACNB-ALKT;ACNT-ADT;ACNT-AMPG;ADBE-ADEA;ADSK-AMPG;AFBI-AMLX;AG-ALB,0.007405971933621913,3.1241517497788824,0.01702127659574468,1.0103299719858345,"AA,AAL,AAMI,AAON,AAP,AARD,ABAT,ABBV,ABCL,ABEO,ABG,ABNB,ABSI,ABUS,ABVX,ABX,ACB,ACDC,ACET,ACHV,ACLS,ACMR,ACNB,ACT,ADEA,ADT,ADUS,AEC,AENT,AERO,AEVA,AFCG,AGBK,AGIO,AGMB,AGX,AI,AIN,AIOT,AIP,AIRO,AIRS,ALAR,ALB,ALCO,ALGT,ALK,ALKS,ALLT,ALMS,ALOY,ALX,AMAT,AMLX,AMN,AMPG,AMPH,QQQ","A,ABM,ABT,ACA,ACAD,ACEL,ACIC,ACM,ACN,ACNT,ACR,ACRS,ADBE,ADC,ADP,ADSE,ADSK,AEBI,AEM,AESI,AEYE,AFBI,AFRI,AG,AGI,AGL,AGPU,AHR,AIRG,AIV,AIZ,AKAM,AKR,AKTS,ALHC,ALKT,ALTO,ALV,AMBP,AMCR,AMGN"
2026-04-06 14:45:00+00:00,L0370,L0376,expansion,confirmation,0.6315009661656519,0.27274683382284826,0,,14,ABBV-AGL;ACAD-ACIC;ACET-ALAR;ACGL-ALC;ACIC-ADSE;ACIC-AIG;ACIC-ALAR;ACT-AEC;ADSE-AIZ;AEC-ALOT;AEC-AMBQ;AEP-ALC;ALLY-ALRS;AM-AMN,0.0007971517916303128,2.7133504750780357,0.025628140703517585,0.9534561798715866,"A,AA,AAT,AAUC,ABBV,ABCB,ABM,ABT,ABVX,ACA,ACET,ACGL,ACIC,ACIW,ACM,ACN,ACR,ACRS,ACTG,AD,ADC,ADM,ADPT,AEBI,AEC,AEE,AEP,AES,AESI,AEYE,AFG,AFL,AFRI,AGCC,AGCO,AGIO,AGO,AGPU,AGX,AHCO,AHR,AHRT,AIT,AIV,AIZ,AKAM,AKR,AKTS,ALB,ALG,ALGN,ALH,ALHC,ALKS,ALL,ALLE,ALMU,ALOY,ALRS,ALSN,ALTO,ALV,AMBP,AMCI,AMCR,AME,AMGN,AMN","AAMI,AAOI,AAPL,AARD,ABCL,ABEO,ABEV,ABNB,ABR,ABSI,ACAD,ACB,ACHC,ACHR,ACI,ACMR,ACOG,ACRE,ACT,ACVA,ADAG,ADAM,ADI,ADMA,ADSE,ADT,ADTN,ADUR,ADUS,ADV,AEG,AEHR,AEO,AER,AERO,AEVA,AEXA,AFRM,AFYA,AGBK,AGEN,AGL,AGM,AGNC,AGRO,AI,AIG,AII,AIN,AIOT,AIP,AIR,AIRJ,AIRO,AJG,AKO-B,ALAB,ALAR,ALC,ALGM,ALLT,ALLY,ALM,ALNT,ALNY,ALOT,ALTG,ALVO,ALX,AM,AMAL,AMAT,AMBA,AMBQ,AMCX,AMD,AMG,AMH,AMKR,AMP,AMPH,QQQ"
2026-04-06 15:15:00+00:00,L0370,L0378,expansion,confirmation,0.8096315895166016,0.6156073231450313,1,ALH,18,A-AD;A-ADM;A-ALL;A-ALLE;A-ALSN;AA-ADM;AAUC-AKAM;AAUC-ALV;ABM-AHRT;ABVX-ALSN;ACET-AEP;ACN-ALOY;ACRS-ADM;AD-AMCI;ADM-AMCI;AFRI-AGCC;AFRI-ALG;ALKS-AMGN,0.0020694924060080666,3.054328922333093,0.007643312101910828,1.1923004011970497,"A,AA,AAPG,AAT,ABAT,ABBV,ABG,ABM,ABT,ABUS,ABVX,ACA,ACCO,ACDC,ACEL,ACET,ACIC,ACM,ACN,ACRS,ACU,ADBE,ADC,ADP,ADSK,AEBI,AEE,AEM,AESI,AEYE,AFBI,AFRI,AG,AGI,AGIO,AGPU,AHCO,AHR,AIRG,AIV,AIZ,AKAM,AKR,AKTS,ALAR,ALCO,ALGN,ALH,ALHC,ALKT,ALTO,ALV,AMBP,AMCI,AMCR,AME,AMGN","AAUC,ABCB,ACGL,ACIW,AD,ADM,ADPT,AEP,AES,AFG,AFL,AGCC,AGCO,AGO,AGX,AHRT,AIT,ALB,ALG,ALKS,ALL,ALLE,ALMU,ALOY,ALRS,ALSN"
2026-04-06 15:45:00+00:00,L0370,L0377,expansion,expansion,0.5494445410125289,0.8237500946346448,0,,9,ABCB-ABR;ABR-ALRS;ACHC-ADTN;ACHC-AER;ACIW-AFYA;ACIW-AGL;ACT-AEC;AEC-AEG;AEE-AGL,0.0015016155957709998,2.3174896225608332,0.012328767123287671,0.9931801114028536,"A,AA,AAT,AAUC,ABBV,ABCB,ABM,ABVX,ACA,ACDC,ACGL,ACHC,ACIC,ACIW,ACM,ACN,ACR,ACRS,ACTG,AD,ADC,ADM,ADNT,ADPT,ADSE,ADSK,AEC,AEE,AENT,AEP,AES,AESI,AEYE,AFG,AFL,AFRI,AGCC,AGCO,AGIO,AGO,AGX,AGYS,AHCO,AHR,AHRT,AIRS,AIT,AIV,AIZ,AKAM,AKR,AKTS,ALAR,ALB,ALG,ALGN,ALGT,ALH,ALKS,ALL,ALLE,ALMS,ALMU,ALOY,ALRM,ALRS,ALSN,ALV,AMBP,AMBQ,AMCI,AMCR,AME,AMGN,AMN","AAOI,AAPL,ABEV,ABR,ABSI,ACHR,ACI,ACRE,ACT,ACVA,ADAG,ADAM,ADMA,ADTN,ADUR,ADV,AEG,AEHR,AEO,AER,AFRM,AFYA,AGEN,AGL,AGM,AGNC,AGRO,AIG,AII,AIOT,AIR,AIRJ,AJG,AKO-B,ALAB,ALC,ALLT,ALLY,ALM,ALNY,ALOT,ALTG,ALVO,AMAL,AMCX,AMD,AMG,AMH,AMKR,AMP"
2026-04-06 16:30:00+00:00,L0370,L0380,decay,expansion,0.6171969897399249,0.43302022005406604,2,ACIC;AFBI,6,AAP-AMCI;AAUC-ACTG;ACGL-ACHC;ACR-AGIO;AEC-ALRM;ALMU-AMPG,0.0015985142963472754,2.4123226441078045,0.017142857142857144,0.920717252536577,"AAUC,ABBV,ABCB,ACGL,ACIC,ACIW,ACR,AD,AEC,AEE,AEP,AES,AFBI,AFG,AFL,AFYA,AGL,AGO,AGX,AHCO,AHRT,ALG,ALH,ALL,ALLE,ALMU,ALRS,AMBQ,AMCI","AAL,AAON,AAP,AAPG,ABAT,ABCL,ABG,ABX,ACDC,ACHC,ACHV,ACLS,ACNB,ACNT,ACTG,ACU,ADEA,ADSE,ADSK,ADUS,AEIS,AEM,AENT,AFCG,AG,AGI,AGIO,AGMB,AIRS,ALCO,ALK,ALMS,ALNT,ALRM,ALTO,AM,AMLX,AMN,AMPG,AMPH"
2026-04-06 16:45:00+00:00,L0380,L0382,expansion,confirmation,0.6247581043635192,0.6372755732328097,10,AAPG;ABT;ABVX;ACET;ACIC;AFBI;AIRG;ALAR;ALGN;ALTO,22,AAPG-ALB;AAT-ACIC;ABVX-AFRI;ABVX-AHCO;ACEL-ALRM;ACIC-AEC;ACIC-ALSN;ACN-ADBE;ACN-AGI;ACRS-AEBI;ACRS-ALGN;ADNT-ALH;ADSK-ALGN;AENT-AGCC;AGCO-AGIO;AGIO-AHRT;AGO-ALAR;AHR-ALTO;AHRT-ALK;AHRT-AMLX;AIN-AMPG;AIT-ALMS,0.000810398958492442,3.763082990712017,0.013636363636363636,1.3214263055023574,"AAL,AAP,AAPG,ABAT,ABCL,ABG,ABT,ABVX,ABX,ACCO,ACDC,ACEL,ACET,ACHV,ACIC,ACLS,ACNB,ACNT,ACU,ADBE,ADEA,ADNT,ADP,ADSE,ADUS,AEBI,AEIS,AEM,AENT,AFBI,AFCG,AG,AGI,AGIO,AGMB,AGPU,AIRG,AIRS,ALAR,ALCO,ALGN,ALHC,ALK,ALKT,ALMS,ALNT,ALTO,AMLX,AMN,AMPG","A,AA,AAT,AAUC,ABBV,ABCB,ABM,ACA,ACGL,ACIW,ACM,ACN,ACR,ACRS,ACTG,AD,ADC,ADM,ADPT,ADSK,AEC,AEE,AEP,AES,AESI,AEYE,AFG,AFL,AFRI,AFYA,AGCC,AGCO,AGO,AGX,AGYS,AHCO,AHR,AHRT,AIN,AIT,AIV,AIZ,AKAM,AKR,AKTS,ALB,ALG,ALGT,ALH,ALKS,ALL,ALLE,ALMU,ALOY,ALRM,ALRS,ALSN,ALV,AMBP,AMCI,AMCR,AME,AMGN"
2026-04-06 17:15:00+00:00,L0382,L0383,maturity,confirmation,0.5327707758192585,0.6153121931514336,1,ACLS,8,AAP-AMN;ABM-ALRM;ACLS-ALNT;ACLS-ALX;AENT-AFRI;AGCC-AIN;AGIO-AHRT;ALMU-AMPG,0.003152537035930436,2.4261517007159763,0.019889502762430938,0.9539462412845664,"A,AA,AAT,AAUC,ABBV,ABCB,ABM,ABT,ABVX,ACA,ACGL,ACIC,ACIW,ACLS,ACM,ACN,ACR,ACRS,ACTG,AD,ADC,ADM,ADNT,ADPT,ADSK,AEE,AEP,AES,AESI,AEYE,AFG,AFL,AFRI,AGCC,AGCO,AGO,AGX,AGYS,AHCO,AHR,AHRT,AIT,AIV,AIZ,AKAM,AKR,AKTS,ALAR,ALB,ALG,ALGN,ALGT,ALH,ALKS,ALL,ALLE,ALMS,ALMU,ALOY,ALRS,ALSN,ALV,AMBP,AMCI,AMCR,AME,AMGN,AMN","AAL,AAMI,AAON,AAP,ABCL,ABEO,ABNB,ABX,ACB,ACHV,ACMR,ACNB,ACNT,ACT,ADEA,ADSE,ADUR,ADUS,AEC,AEIS,AENT,AERO,AEVA,AFCG,AGIO,AGMB,AI,AIN,AIP,AIRO,AIRS,ALGM,ALK,ALNT,ALRM,ALX,AMAT,AMBQ,AMLX,AMPG,QQQ"
2026-04-06 17:30:00+00:00,L0382,L0380,expansion,maturity,1.0341065013978175,0.6800785605349461,12,AAPG;ABT;ABVX;ACDC;ACN;AESI;AEYE;AFBI;AHR;AIV;AKTS;AMGN,13,AAP-ADNT;AAP-AHRT;AAP-ALMS;AAT-ACEL;AAT-AGPU;ABVX-AGPU;ACEL-AMBP;ACU-ALRM;ADP-AESI;ADP-AMGN;ADUR-AMBQ;AIRG-ALL;ALTO-AMBP,0.0023205300967674702,3.6436742478012807,0.019512195121951223,1.4281009097984418,"A,AA,AAPG,AAT,AAUC,ABBV,ABCB,ABM,ABT,ABVX,ACA,ACDC,ACGL,ACIC,ACIW,ACM,ACN,ACR,ACRS,ACTG,AD,ADC,ADM,ADNT,ADPT,ADSE,ADSK,AEC,AEE,AEP,AES,AESI,AEYE,AFBI,AFG,AFL,AFRI,AFYA,AGCC,AGCO,AGL,AGO,AGX,AGYS,AHCO,AHR,AHRT,AIN,AIT,AIV,AIZ,AKAM,AKR,AKTS,ALAR,ALB,ALG,ALGN,ALGT,ALH,ALKS,ALL,ALLE,ALMS,ALMU,ALOY,ALRM,ALRS,ALSN,ALV,AMBP,AMBQ,AMCI,AMCR,AME,AMGN,AMN","AAP,ABAT,ABG,ABUS,ACCO,ACEL,ACET,ACU,ADBE,ADP,ADUR,AEBI,AEM,AFCG,AG,AGBK,AGI,AGPU,AIRG,ALCO,ALHC,ALKT,ALTO"
2026-04-06 18:15:00+00:00,L0382,L0385,maturity,confirmation,1.0264569088674178,0.5704853107301092,2,AAPG;ALRM,5,AAPG-AFCG;ACDC-ALSN;ADPT-ALTO;ALCO-ALG;ALMU-AMPG,0.0011740386835299432,2.3142570962009246,0.018750000000000003,1.0604594399294893,"AAPG,AAUC,ABBV,ABCB,ACGL,ACIW,ACR,AD,ADM,ADPT,AEC,AEE,AEP,AES,AFBI,AFG,AFL,AFYA,AGCC,AGCO,AGO,AGX,AGYS,AHCO,AIT,ALAR,ALB,ALG,ALGT,ALH,ALKS,ALL,ALLE,ALMU,ALOY,ALRM,ALRS,ALSN,AMBQ","AAP,ABAT,ABCL,ABG,ABX,ACDC,ACHV,ACLS,ACNT,ACTG,ACU,ADNT,ADSE,AEM,AFCG,AG,AGI,AGIO,AGMB,AHRT,ALCO,ALKT,ALMS,ALTO,AM,AMLX,AMN,AMPG"
2026-04-06 19:15:00+00:00,L0377,L0387,maturity,maturity,0.7759958313440501,0.35646540220033907,1,AM,2,AAP-AM;AFBI-AMH,0.0018779613892547786,1.6463089709491936,0.018750000000000003,0.7541281128006151,"AAOI,AAPL,ABEV,ABR,ABSI,ACAD,ACHC,ACHR,ACI,ACRE,ACVA,ADAM,ADMA,ADTN,ADV,AEG,AEHR,AER,AEXA,AFRM,AGEN,AGL,AGM,AGNC,AGRO,AIG,AII,AIOT,AIR,AIRJ,AJG,AKO-B,ALAB,ALC,ALLT,ALLY,ALM,ALNY,ALOT,ALTG,ALVO,AM,AMAL,AMBA,AMD,AMG,AMH,AMKR,AMP","AAP,AAPG,ABAT,ABG,ABT,ABUS,ACCO,ACEL,ACET,ACN,ACU,ADBE,ADP,ADUR,AEBI,AEM,AESI,AEYE,AFBI,AG,AGI,AGPU,AIRG,AKTS,ALHC,ALKT,ALTO,AMGN"
2026-04-06 19:30:00+00:00,L0384,L0387,decay,expansion,0.5684418704265357,0.7094216751270617,0,,32,A-ACIW;A-ALLE;AAT-AEP;AAT-ALL;ABBV-ABVX;ABBV-AIRG;ABM-AIT;ABVX-AGCC;ACA-ALRM;ACDC-ALSN;ACIC-ACR;ACIC-AEE;ACIC-ALL;ACIW-ACM;ACN-ALG;AD-AKTS;AD-AME;ADC-AES;ADC-AFG;ADP-AFBI;ADPT-AFG;ADPT-AGX;AES-AHR;AES-AIV;AES-AME;AGO-ALV;AHCO-AMCI;AIRG-AMBQ;AIT-AME;AIZ-ALL;AKR-ALGT;ALB-AME,0.0013371084351092577,3.500551218596843,0.01518987341772152,1.260775349327948,"AAPG,AAUC,ABBV,ABCB,ACGL,ACIW,ACR,AD,ADM,AEC,AEE,AEP,AES,AFBI,AFG,AFL,AFYA,AGCC,AGCO,AGO,AGX,AGYS,AHCO,AIT,ALAR,ALB,ALCO,ALG,ALGT,ALH,ALKS,ALL,ALLE,ALMU,ALOY,ALRM,ALRS,ALSN,AMBQ","A,AA,AAP,AAT,ABAT,ABG,ABM,ABT,ABVX,ACA,ACCO,ACDC,ACEL,ACHV,ACIC,ACLS,ACM,ACN,ACRS,ACTG,ACU,ADBE,ADC,ADNT,ADP,ADPT,ADSE,ADSK,AEBI,AEM,AESI,AEYE,AFRI,AG,AGI,AGIO,AGPU,AHR,AIRG,AIV,AIZ,AKAM,AKR,AKTS,ALGN,ALHC,ALKT,ALMS,ALTO,ALV,AM,AMBP,AMCI,AMCR,AME,AMGN,AMN,AMPG"
2026-04-07 14:15:00+00:00,L0384,L0395,expansion,maturity,1.5712296988127823,0.571185635274906,2,AGRO;AKAM,30,AAT-ADAM;AAT-AEP;ABCB-ABM;ABG-ALLE;ABM-ACVA;ABM-AGRO;ABM-AMCI;ACEL-AGRO;ACEL-AHCO;ACEL-AKAM;ACGL-AEE;ACI-ADV;ACM-ALSN;ACM-AMG;ACN-AHCO;ACN-AIN;ACN-ALSN;ACN-AMCI;ACU-ADTN;ACU-ALLE;ACU-ALSN;ACVA-ADP;ADP-AGRO;ADTN-AEBI;ADTN-AEXA;ADV-AFYA;AEBI-AIN;AES-AMH;AFYA-AKAM;AGCC-AMG,0.005644429009407759,3.5713463438125688,0.012738853503184714,1.5374720142049265,"AAT,AAUC,ABCB,ABT,ABX,ACGL,ACIC,ACNB,ACRS,ACVA,ADMA,ADTN,ADV,AERO,AES,AESI,AFG,AFL,AGCO,AGO,AGRO,AHCO,AIG,AIN,AIT,AIZ,AJG,AKAM,ALAR,ALGT,ALH,ALL,ALLE,ALRS,ALSN,ALV,AMAL,AMCI,AME,AMG,AMP,AMPH","AA,AAOI,ABG,ABM,ABR,ACCO,ACDC,ACEL,ACI,ACIW,ACLS,ACM,ACN,ACNT,ACR,ACT,ACTG,ACU,AD,ADAM,ADC,ADM,ADP,ADUS,AEBI,AEE,AEG,AEIS,AEP,AEXA,AFBI,AFJK,AFYA,AGCC,AGL,AGPU,AHRT,AIV,AKR,ALC,ALG,ALHC,ALOT,ALX,AMCX,AMH,AMN"
2026-04-07 14:15:00+00:00,L0384,L0399,expansion,confirmation,1.5712296988127823,0.40335274691357426,1,AMPH,11,AAP-ADV;ABNB-AIN;ABUS-AMG;ACAD-ACVA;ACAD-AMP;ACIC-ADBE;ADBE-AKAM;ADNT-AGCO;ADT-AMCI;ALSN-AMLX;ALTG-AMPH,0.0034772075596265495,2.6635910972533416,0.007692307692307693,1.2594263541850883,"AAT,AAUC,ABCB,ABT,ABX,ACGL,ACIC,ACNB,ACRS,ACVA,ADMA,ADTN,ADV,AERO,AES,AESI,AFG,AFL,AGCO,AGO,AGRO,AHCO,AIG,AIN,AIT,AIZ,AJG,AKAM,ALAR,ALGT,ALH,ALL,ALLE,ALRS,ALSN,ALV,AMAL,AMCI,AME,AMG,AMP,AMPH","A,AAP,ABNB,ABUS,ACAD,ADBE,ADNT,ADSK,ADT,AEC,AGIO,AGYS,AIP,AIRS,ALKS,ALKT,ALLY,ALTG,AMLX"
2026-04-07 14:15:00+00:00,L0398,L0395,decay,maturity,0.13885162735671044,0.571185635274906,1,AHR,7,AA-AM;ADC-AHR;ADM-AGNC;AENT-ALG;AEXA-AGNC;AEXA-ALB;AGL-AMBA,0.004319392493925989,2.3448721816812017,0.012738853503184714,0.8011400522352631,"AAMI,AARD,ACA,ACOG,ACRE,ADAG,ADEA,AEHR,AENT,AFRI,AGBK,AGNC,AGX,AHR,AIRG,ALB,ALGM,ALMU,AM,AMAT,AMBA,AMKR","AA,AAOI,ABG,ABM,ABR,ACCO,ACDC,ACEL,ACI,ACIW,ACLS,ACM,ACN,ACNT,ACR,ACT,ACTG,ACU,AD,ADAM,ADC,ADM,ADP,ADUS,AEBI,AEE,AEG,AEIS,AEP,AEXA,AFBI,AFJK,AFYA,AGCC,AGL,AGPU,AHRT,AIV,AKR,ALC,ALG,ALHC,ALOT,ALX,AMCX,AMH,AMN"
2026-04-07 14:45:00+00:00,L0395,L0399,maturity,expansion,0.6192654436424695,0.22448216300262286,8,ABR;ACEL;ACNT;ACT;ADAM;ADM;AGCC;ALC,19,A-ADM;ABM-AGRO;ABR-AEC;ACIW-ACT;ACIW-AGRO;ACIW-ALC;ACIW-ALG;ACLS-ADM;ACLS-ALC;ACLS-ALG;ACT-ACTG;ACTG-ADAM;ACTG-AGRO;ADAM-AMN;AFBI-AFYA;AFBI-ALG;AGCC-AMPH;AGYS-ALC;AKAM-AMPH,0.0028734516235999763,3.5914690623725782,0.014492753623188404,1.1531654606301507,"AA,AAOI,AAT,ABG,ABR,ACCO,ACDC,ACEL,ACI,ACNB,ACNT,ACR,ACT,AD,ADAM,ADC,ADM,ADUS,AEE,AEG,AEP,AFJK,AFYA,AGCC,AGL,AGPU,AGRO,AHR,AHRT,AIV,AKAM,AKO-B,AKR,ALC,ALG,ALHC,ALOT,AM,AMCX,AMH","A,AAP,ABM,ABNB,ACAD,ACIW,ACLS,ACN,ACTG,ACU,ACVA,ADBE,ADNT,ADP,ADSK,ADT,AEBI,AEC,AFBI,AGIO,AGYS,AHCO,AI,AIP,AIRS,ALCO,ALKS,ALKT,ALLY,ALTG,AMCI,AMN,AMPH"
2026-04-07 15:00:00+00:00,L0399,L0391,expansion,maturity,1.2897882119201787,0.6091914229756092,0,,16,AAON-ABNB;ABBV-ACAD;ABNB-AEO;ABNB-ALK;ABNB-ALVO;ABNB-QQQ;ACHV-AIP;ADI-ALLY;ADNT-ALNY;ADT-AER;AI-AIRO;AIOT-ALLY;AIRO-ALNT;AIRS-QQQ;ALK-ALLY;ALNT-QQQ,0.0024448593321722,2.8474924363311063,0.006896551724137931,1.2826014823101335,"A,ABM,ABNB,ABR,ACAD,ACEL,ACIW,ACLS,ACM,ACN,ACNT,ACT,ACTG,ACU,ACVA,ADAM,ADBE,ADM,ADNT,ADP,ADSE,ADSK,ADT,AEBI,AEC,AFBI,AGCC,AGEN,AGIO,AGYS,AHCO,AI,AIP,AIRS,ALC,ALCO,ALGN,ALKS,ALKT,ALLY,ALNT,ALTG,AMCI,AMLX,AMN,AMPH","AAL,AAON,AAPL,ABAT,ABBV,ABCL,ABEO,ABEV,ABSI,ABVX,ACB,ACET,ACHR,ACHV,ACRS,ADI,ADPT,AEO,AER,AFRI,AGMB,AII,AIOT,AIRJ,AIRO,AKTS,ALK,ALMS,ALNY,ALOY,ALVO,AMAL,AMCR,QQQ"
2026-04-07 15:15:00+00:00,L0395,L0400,expansion,maturity,1.2338293018019006,0.49952347101223615,0,,13,AA-AEHR;AA-AENT;AA-AGI;AAOI-AGI;ABG-AEXA;ABG-AGNC;ABR-ACNB;ACEL-AEYE;ACM-AGNC;ACR-ALGM;AGPU-ALX;AKR-ALGM;ALOT-AM,0.0019359180732863024,2.6527905815751804,0.02622950819672131,1.1871379034675444,"AA,AAOI,AAT,ABG,ABR,ACCO,ACDC,ACEL,ACI,ACIW,ACLS,ACM,ACNT,ACR,ACT,AD,ADAM,ADC,ADM,ADUS,AEE,AEG,AEP,AFJK,AFYA,AGCC,AGL,AGPU,AGRO,AHRT,AIV,AKAM,AKR,ALC,ALG,ALHC,ALOT,AMCX,AMH","AAMI,AAPG,AARD,ACA,ACET,ACHC,ACMR,ACNB,ACOG,ACRE,ADAG,ADEA,ADTN,ADUR,AEBI,AEHR,AEIS,AEM,AENT,AEVA,AEXA,AEYE,AFRM,AG,AGBK,AGI,AGNC,AGX,AIR,AIRO,ALAB,ALB,ALGM,ALGT,ALLE,ALLT,ALM,ALMU,ALNT,ALRM,ALX,AM,AMAT,AMBA,AMBP,AMD,AMKR,AMPG,QQQ"
2026-04-07 15:45:00+00:00,L0384,L0391,expansion,expansion,0.47078611692103506,0.11678903865692442,0,,1,AIT-ALNY,0.0026969544705934823,0.8196456582014418,0.006756756756756757,0.38219747473726184,"AAUC,ABCB,ABM,ABT,ABX,ACGL,ACIC,ACM,ACNB,ADMA,ADV,AES,AFG,AFL,AGCO,AGM,AGO,AHR,AIG,AIT,AIZ,AJG,ALAR,ALH,ALL,ALSN,ALV,AME,AMG,AMP","AAL,AAON,AAPL,ABAT,ABBV,ABCL,ABEO,ABEV,ABSI,ABVX,ACB,ACHR,ACHV,ACRS,ADI,ADPT,AEO,AER,AESI,AFCG,AFRI,AGMB,AII,AIOT,AIRJ,AIRO,AKTS,ALGN,ALK,ALMS,ALNY,ALOY,ALVO,AMAL,AMBA,AMCR,AMGN"
2026-04-07 16:00:00+00:00,L0395,L0391,maturity,maturity,0.9189713153575635,0.6038842879667424,0,,2,ACVA-ADPT;ADSE-AMAL,0.0027778177172876894,1.1871669045023352,0.00980926430517711,0.755119796768652,"AA,AAOI,ABG,ABR,ACCO,ACDC,ACEL,ACI,ACLS,ACNT,ACR,ACT,ACVA,AD,ADAM,ADM,ADP,ADSE,ADUS,AEC,AEG,AFBI,AFJK,AFYA,AGCC,AGL,AGPU,AHCO,AIV,AKO-B,ALC,ALCO,ALG,ALHC,ALOT,AMCX,AMN","AAL,AAON,AAPL,ABAT,ABBV,ABCL,ABEO,ABEV,ABSI,ABVX,ACB,ACHR,ACHV,ACRS,ADI,ADPT,AEO,AER,AESI,AFCG,AFRI,AGEN,AGMB,AII,AIOT,AIP,AIRJ,AIRO,AKTS,ALGN,ALK,ALMS,ALNT,ALNY,ALOY,ALVO,AMAL,AMBA,AMCR,AMGN"
2026-04-07 16:30:00+00:00,L0400,L0391,expansion,maturity,0.9405746411831885,0.36728408970219145,0,,6,ADTN-AKTS;AEVA-ALOY;AFRM-AGEN;AII-AIRG;AIRJ-ALRS;ALGT-ALK,0.0010688262118492275,1.961063697764218,0.008174386920980926,0.8838497017448157,"AAMI,AAPG,AARD,ACA,ACHC,ACMR,ACNB,ACOG,ACRE,ADAG,ADEA,ADTN,ADUR,AEBI,AEHR,AEIS,AEM,AENT,AERO,AEVA,AEXA,AFRM,AG,AGBK,AGI,AGX,AIR,AIRG,AIRO,ALAB,ALB,ALGM,ALGT,ALLT,ALM,ALMU,ALRM,ALRS,ALX,AM,AMAT,AMBA,AMD,AMKR,AMPG,QQQ","AAL,AAON,AAPL,ABAT,ABBV,ABCL,ABEO,ABEV,ABSI,ABVX,ACB,ACHR,ACHV,ACRS,ADI,ADMA,ADPT,AEO,AER,AESI,AFCG,AFRI,AGEN,AGMB,AII,AIOT,AIP,AIRJ,AKTS,ALGN,ALK,ALMS,ALNT,ALNY,ALOY,ALVO,AMAL,AMCR,AMGN"
2026-04-07 16:45:00+00:00,L0400,L0391,maturity,maturity,0.3843526229240729,0.11452086661129676,3,AIRO;ALGT;AMBA,7,AAON-AIRO;AAPL-ACET;ACET-AMCR;ADMA-ALMU;AENT-AFRI;AGMB-AIRO;AIRJ-AIRO,0.001369925943436101,2.6487949500355406,0.008196721311475409,0.8130902925662173,"AAMI,AAPG,AARD,ACA,ACET,ACHC,ACMR,ACNB,ACOG,ACRE,ADAG,ADEA,ADUR,AEBI,AEHR,AEIS,AEM,AENT,AEVA,AFRM,AG,AGBK,AGI,AGNC,AGX,AIR,AIRO,ALAB,ALB,ALGM,ALGT,ALLT,ALM,ALMU,ALRM,ALRS,ALX,AMAT,AMBA,AMBP,AMD,AMKR,AMPG,QQQ","AAL,AAON,AAPL,ABAT,ABBV,ABCL,ABEO,ABEV,ABSI,ABVX,ACB,ACHR,ACHV,ACRS,ADI,ADMA,ADPT,AEO,AER,AESI,AFRI,AGEN,AGMB,AII,AIOT,AIP,AIRJ,AKTS,ALGN,ALK,ALMS,ALNT,ALNY,ALOY,ALVO,AMAL,AMCR,AMGN"
2026-04-07 16:45:00+00:00,L0400,L0403,maturity,confirmation,0.3843526229240729,0.47278961198408453,1,AEBI,2,ADTN-AEVA;AHCO-ALRM,0.0023106914304662496,1.654615682241593,0.008888888888888889,0.6721299243661788,"AAMI,AAPG,AARD,ACA,ACET,ACHC,ACMR,ACNB,ACOG,ACRE,ADAG,ADEA,ADUR,AEBI,AEHR,AEIS,AEM,AENT,AEVA,AFRM,AG,AGBK,AGI,AGNC,AGX,AIR,AIRO,ALAB,ALB,ALGM,ALGT,ALLT,ALM,ALMU,ALRM,ALRS,ALX,AMAT,AMBA,AMBP,AMD,AMKR,AMPG,QQQ","ABG,ACIW,ACN,ACTG,ACU,ACVA,ADP,ADSE,ADTN,AEXA,AEYE,AFBI,AGRO,AHCO,AHRT,AIN,AKO-B,ALCO,ALLE,AMN"
2026-04-07 16:45:00+00:00,L0395,L0403,decay,confirmation,0.4884504659399627,0.47278961198408453,0,,2,ACT-ACTG;AGRO-ALG,0.002748968458035961,1.186286371126609,0.008888888888888889,0.5862769494921997,"AA,AAOI,ABR,ACCO,ACDC,ACEL,ACI,ACNT,ACR,ACT,AD,ADAM,ADC,ADM,ADUS,AEE,AEG,AEP,AFJK,AFYA,AGCC,AGL,AGPU,AIV,ALC,ALG,ALHC,ALOT,AMCX,AMH","ABG,ACIW,ACN,ACTG,ACU,ACVA,ADP,ADSE,ADTN,AEXA,AEYE,AFBI,AGRO,AHCO,AHRT,AIN,AKO-B,ALCO,ALLE,AMN"
2026-04-07 17:00:00+00:00,L0384,L0395,expansion,maturity,1.083721533991727,0.49442569003952624,3,ADM;AKR;AM,4,AAT-ACM;ACM-ACNT;ADAM-AFRI;AES-AIV,0.004046962829306722,2.4340252252134738,0.009230769230769232,1.0833350888973599,"AAUC,ABCB,ABT,ACGL,ACM,ADM,ADMA,AES,AFCG,AFG,AFL,AFRI,AGCO,AGM,AGO,AHR,AIG,AIRG,AIT,AIZ,AJG,AKR,ALH,ALL,ALMU,ALSN,ALV,AM,AME,AMG,AMP","AA,AAOI,AAT,ABR,ACCO,ACDC,ACEL,ACI,ACNT,ACR,ACT,AD,ADAM,ADC,ADUS,AEE,AEG,AEP,AFJK,AFYA,AGCC,AGL,AGPU,AIV,ALG,ALHC,ALOT,ALX,AMCX,AMH"
2026-04-07 17:00:00+00:00,L0399,L0395,maturity,maturity,0.2566117297162536,0.49442569003952624,1,ALC,4,ACIW-ADC;ACIW-ADUS;ADBE-AGCC;ALG-ALTO,0.0021985843777656555,1.9768353457563617,0.009230769230769232,0.7209046777504399,"A,AAP,ABNB,ABUS,ABX,ACAD,ACIC,ACIW,ACLS,ADBE,ADNT,ADSE,ADSK,ADT,ADV,AEC,AEYE,AGIO,AGYS,AI,AIRS,AKAM,ALAR,ALC,ALKS,ALKT,ALLY,ALTG,ALTO,AMBQ,AMLX,AMPH","AA,AAOI,AAT,ABR,ACCO,ACDC,ACEL,ACI,ACNT,ACR,ACT,AD,ADAM,ADC,ADUS,AEE,AEG,AEP,AFJK,AFYA,AGCC,AGL,AGPU,AIV,ALG,ALHC,ALOT,ALX,AMCX,AMH"
2026-04-07 17:15:00+00:00,L0399,L0384,maturity,maturity,0.9394162401519883,0.484624984305243,0,,11,AAP-ADP;AAP-AKAM;AAP-ALKS;ABM-ACIW;ABT-ALLY;ABUS-AFCG;ABX-AGM;AGCO-AGYS;AGCO-AMPH;AGIO-ALTG;AGYS-AMG,0.00011198411948498688,2.485839415622367,0.012043795620437956,1.050478790585827,"A,ABNB,ABUS,ABX,ACAD,ACIW,ACLS,ACN,ACTG,ADBE,ADNT,ADP,ADSK,ADT,ADV,AEC,AERO,AGRO,AGYS,AI,AIRS,AKAM,ALKS,ALKT,ALLY,ALTG,ALTO,AMBQ,AMCI,AMLX,AMPH","AAP,AAUC,ABCB,ABM,ABT,ACGL,ACIC,ACM,ACNB,ADMA,AES,AFCG,AFG,AFL,AFRI,AGCO,AGIO,AGM,AGO,AHR,AIG,AIT,AIZ,AJG,ALAR,ALH,ALL,ALSN,ALV,AMAL,AME,AMG,AMP"
2026-04-07 17:15:00+00:00,L0399,L0395,maturity,expansion,0.9394162401519883,0.15314083926797759,0,,9,ABR-AMBQ;ABX-ALC;ACCO-ACLS;ACEL-ACIW;ACEL-ACLS;ACT-AKAM;ACTG-ALX;AD-ADP;ADC-AGRO,0.001245165288764838,2.3149598616181026,0.0136986301369863,0.9085618837510633,"A,ABNB,ABUS,ABX,ACAD,ACIW,ACLS,ACN,ACTG,ADBE,ADNT,ADP,ADSK,ADT,ADV,AEC,AERO,AGRO,AGYS,AI,AIRS,AKAM,ALKS,ALKT,ALLY,ALTG,ALTO,AMBQ,AMCI,AMLX,AMPH","AA,AAOI,AAT,ABR,ACCO,ACDC,ACEL,ACI,ACNT,ACR,ACT,AD,ADAG,ADAM,ADC,ADM,ADUS,AEE,AEG,AEP,AFJK,AFYA,AGCC,AGL,AGPU,AIV,AKR,ALC,ALG,ALGM,ALHC,ALOT,ALX,AM,AMCX,AMH"
2026-04-07 17:15:00+00:00,L0400,L0384,expansion,maturity,0.38872878301297475,0.484624984305243,2,AAMI;ALCO,6,AAMI-ALSN;ACNB-AIR;AGCO-AIRG;AIRG-ALV;ALCO-AMP;ALH-ALMU,0.00039695082523394376,2.4014974211308795,0.012043795620437956,0.8641870548212508,"AAMI,AAPG,AARD,ACA,ACET,ACHC,ACHV,ACMR,ACOG,ADEA,ADUR,AEHR,AEIS,AEM,AENT,AEVA,AFRM,AG,AGBK,AGEN,AGI,AGX,AIP,AIR,AIRG,AIRO,ALAB,ALB,ALCO,ALGN,ALGT,ALLT,ALM,ALMU,ALNT,ALRM,ALRS,AMAT,AMBA,AMBP,AMD,AMKR,AMPG,QQQ","AAP,AAUC,ABCB,ABM,ABT,ACGL,ACIC,ACM,ACNB,ADMA,AES,AFCG,AFG,AFL,AFRI,AGCO,AGIO,AGM,AGO,AHR,AIG,AIT,AIZ,AJG,ALAR,ALH,ALL,ALSN,ALV,AMAL,AME,AMG,AMP"
2026-04-07 17:15:00+00:00,L0400,L0395,expansion,expansion,0.38872878301297475,0.15314083926797759,0,,8,AA-AEIS;AAMI-ACNT;AAMI-ALG;AEHR-AGL;AGBK-ALGM;AGPU-AMKR;ALB-ALX;ALRS-AM,0.0015301319945137948,2.2140831364917783,0.0136986301369863,0.7181364653277782,"AAMI,AAPG,AARD,ACA,ACET,ACHC,ACHV,ACMR,ACOG,ADEA,ADUR,AEHR,AEIS,AEM,AENT,AEVA,AFRM,AG,AGBK,AGEN,AGI,AGX,AIP,AIR,AIRG,AIRO,ALAB,ALB,ALCO,ALGN,ALGT,ALLT,ALM,ALMU,ALNT,ALRM,ALRS,AMAT,AMBA,AMBP,AMD,AMKR,AMPG,QQQ","AA,AAOI,AAT,ABR,ACCO,ACDC,ACEL,ACI,ACNT,ACR,ACT,AD,ADAG,ADAM,ADC,ADM,ADUS,AEE,AEG,AEP,AFJK,AFYA,AGCC,AGL,AGPU,AIV,AKR,ALC,ALG,ALGM,ALHC,ALOT,ALX,AM,AMCX,AMH"
2026-04-07 17:45:00+00:00,L0384,L0395,expansion,expansion,0.5156205884175614,0.39095162691294216,0,,6,AAT-ALAR;ABG-ACRE;ABT-ADAM;ACI-ADM;AHR-AHRT;AKR-ALLE,-0.0013033262803219259,1.9459101490553132,0.013533834586466164,0.7604792770509493,"AAMI,AAUC,ABCB,ABM,ABT,ACGL,ACIC,ACM,ACRE,ACU,ADAG,ADM,ADMA,ADTN,AEBI,AERO,AES,AFG,AFL,AGCO,AGIO,AGO,AHR,AIG,AIN,AIT,AIZ,AJG,ALAR,ALC,ALCO,ALH,ALL,ALLE,ALMU,ALRS,ALSN,ALV,AM,AME,AMG,AMP","AA,AAOI,AAT,ABG,ABR,ACDC,ACEL,ACI,ACNT,ACR,ACT,AD,ADAM,ADC,ADUS,AEE,AEG,AEP,AEXA,AFJK,AFYA,AGL,AGNC,AGPU,AHRT,AIV,AKR,ALG,ALGM,ALHC,ALOT,ALX,AMCX,AMH"
2026-04-07 18:00:00+00:00,L0404,L0395,decay,maturity,0.678000363409595,0.3955034077233848,0,,4,ACCO-AEC;ACEL-ACLS;ADAM-AGYS;ADP-ALG,0.0013594579068012536,1.636264011557839,0.01343283582089552,0.733132059602488,"A,ABNB,ACAD,ACIW,ACLS,ACN,ACTG,ACVA,ADBE,ADP,ADSK,ADT,ADV,AEC,AGRO,AGYS,AI,AIRS,AKAM,ALKS,ALKT,ALLY,ALTG,ALTO,AMBQ,AMCI,AMLX,AMPH","AA,AAOI,AAT,ABG,ABR,ACCO,ACDC,ACEL,ACI,ACNT,ACR,ACT,AD,ADAM,ADC,ADUS,AEE,AEG,AEP,AFJK,AFYA,AGCC,AGL,AGNC,AGPU,AHRT,AIV,AKR,ALG,ALGM,ALHC,ALOT,ALX,AMCX,AMH"
2026-04-07 18:00:00+00:00,L0391,L0395,maturity,maturity,0.39235266675521374,0.3955034077233848,0,,1,ACNT-AMAL,0.00047694373643025756,0.716714464421499,0.01343283582089552,0.4175503638220886,"AAL,AAON,AAPL,ABAT,ABBV,ABCL,ABEO,ABEV,ABSI,ABVX,ACB,ACHR,ACHV,ACRS,ADI,ADPT,AEO,AER,AESI,AGEN,AGMB,AII,AIOT,AIP,AIRJ,AIRO,AKTS,ALGN,ALK,ALMS,ALNT,ALNY,ALOY,ALVO,AMAL,AMBA,AMCR,AMGN","AA,AAOI,AAT,ABG,ABR,ACCO,ACDC,ACEL,ACI,ACNT,ACR,ACT,AD,ADAM,ADC,ADUS,AEE,AEG,AEP,AFJK,AFYA,AGCC,AGL,AGNC,AGPU,AHRT,AIV,AKR,ALG,ALGM,ALHC,ALOT,ALX,AMCX,AMH"
2026-04-07 18:15:00+00:00,L0405,L0404,confirmation,expansion,0.5127367816864004,0.17139205846196826,4,ADSE;AFBI;AHCO;AKO-B,2,ACIW-AFBI;ACU-AGIO,-0.0031689624302089214,2.3978952727983707,0.015980629539951573,0.8071095646750961,"AAMI,ABCB,ACRE,ACU,ADMA,ADSE,ADTN,AEBI,AEXA,AFBI,AFRI,AHCO,AIN,AKO-B,ALCO,ALLE,ALSN,ALV","A,ABNB,ABUS,ACAD,ACIW,ACLS,ACN,ACTG,ACVA,ADBE,ADNT,ADP,ADSK,ADT,AEC,AEYE,AFCG,AGIO,AGRO,AGYS,AI,AIRS,AKAM,ALC,ALKS,ALKT,ALLY,ALTG,ALTO,AMBQ,AMLX,AMN,AMPH"
2026-04-07 18:15:00+00:00,L0391,L0404,maturity,expansion,0.33226885643959553,0.17139205846196826,0,,2,ABBV-ADNT;ABCL-AMLX,-0.0004054968012496829,1.0986122886681098,0.015980629539951573,0.4281484410684893,"AAL,AAON,AAPL,ABAT,ABBV,ABCL,ABEO,ABEV,ABSI,ABVX,ACB,ACHR,ACHV,ACRS,ADI,ADPT,AEO,AER,AESI,AGEN,AGMB,AII,AIOT,AIP,AIRJ,AIRO,AKTS,ALGN,ALK,ALMS,ALNT,ALNY,ALOY,ALVO,AMAL,AMBA,AMCR,AMGN","A,ABNB,ABUS,ACAD,ACIW,ACLS,ACN,ACTG,ACVA,ADBE,ADNT,ADP,ADSK,ADT,AEC,AEYE,AFCG,AGIO,AGRO,AGYS,AI,AIRS,AKAM,ALC,ALKS,ALKT,ALLY,ALTG,ALTO,AMBQ,AMLX,AMN,AMPH"
2026-04-07 18:30:00+00:00,L0400,L0404,expansion,expansion,0.63748222847797,0.5639279180551515,0,,12,ACHC-ADP;ACN-AEBI;ADAG-AFCG;ADP-ALLE;ADV-AFRI;AFRM-ALLY;AGI-ALTG;AIRG-ALTO;AIRS-QQQ;ALAB-ALTO;ALH-ALMU;ALTG-AMBP,0.0007993352483026683,2.5710792638166176,0.015676959619952493,1.0055444038570838,"AAMI,AAPG,AARD,ABCB,ACA,ACET,ACHC,ACMR,ACNB,ACOG,ACU,ADAG,ADEA,ADMA,ADTN,ADUR,AEBI,AEHR,AEIS,AEM,AENT,AERO,AEVA,AEXA,AFRI,AFRM,AG,AGBK,AGI,AGX,AHR,AIN,AIR,AIRG,ALAB,ALB,ALCO,ALGT,ALLE,ALLT,ALM,ALMU,ALRM,ALRS,ALSN,ALV,AM,AMAL,AMAT,AMBA,AMBP,AMD,AMKR,AMPG,QQQ","A,AAP,ABNB,ABUS,ABX,ACAD,ACIW,ACLS,ACN,ACTG,ACVA,ADBE,ADNT,ADP,ADSE,ADSK,ADT,ADV,AEC,AEYE,AFBI,AFCG,AGIO,AGM,AGRO,AGYS,AHCO,AI,AIRS,AKAM,AKO-B,ALH,ALKS,ALKT,ALLY,ALTG,ALTO,AMBQ,AMCI,AMLX,AMPH"
2026-04-07 19:00:00+00:00,L0404,L0400,expansion,maturity,0.38389596476163307,0.7297834548321478,0,,4,A-AMBP;AEYE-AMBA;AFRM-AIR;ALKS-AMBQ,0.001226040010806173,1.6336629037224015,0.023529411764705882,0.7460489635734405,"A,ABNB,ABUS,ACAD,ACIW,ACLS,ACN,ACTG,ACVA,ADBE,ADNT,ADP,ADSE,ADSK,ADT,AEC,AEYE,AFBI,AFRM,AGCC,AGRO,AGYS,AHCO,AI,AIRS,AKAM,AKO-B,ALKS,ALKT,ALLY,ALTG,ALTO,AMCI,AMLX,AMPH","AAPG,AARD,ACA,ACHC,ACMR,ACNB,ACOG,ADAG,ADEA,ADUR,AEHR,AEIS,AEM,AENT,AERO,AEVA,AG,AGBK,AGI,AGX,AIR,AIRG,ALAB,ALB,ALGT,ALLT,ALM,ALMU,ALRM,ALRS,AMAT,AMBA,AMBP,AMBQ,AMD,AMKR,AMPG,QQQ"
2026-04-07 19:15:00+00:00,L0404,L0391,decay,maturity,0.7199773078224659,1.0338681248010961,7,ABNB;ABUS;ACAD;AGYS;ALKS;AMGN;AMLX,15,A-AFRM;A-AMCR;AAL-ACAD;AAON-AGYS;AAON-ALKT;AAON-ALTG;ABEV-AMGN;ABNB-ADPT;ABNB-AIP;ABSI-ABUS;ABUS-AEO;ACAD-ALNY;AESI-AGM;AEYE-AIP;ALMS-AMGN,0.003917888505384326,3.4141724683269192,0.009836065573770493,1.381172156704864,"A,AAP,ABNB,ABUS,ABX,ACAD,ACIW,ACLS,ADBE,ADNT,ADSK,ADV,AEC,AEYE,AGCC,AGM,AGYS,AI,AIRS,AKAM,ALKS,ALKT,ALLY,ALTG,ALTO,AMBQ,AMGN,AMLX,AMPH","AAL,AAON,AAPL,ABAT,ABBV,ABCL,ABEO,ABEV,ABSI,ABVX,ACB,ACHR,ACHV,ACRS,ADI,ADPT,ADUR,AEO,AER,AESI,AFCG,AFRM,AGEN,AGMB,AII,AIOT,AIP,AIRJ,AIRO,AKTS,ALGN,ALK,ALMS,ALNT,ALNY,ALOY,ALVO,AMAL,AMCR"
2026-04-07 19:15:00+00:00,L0406,L0395,confirmation,maturity,1.108670383641126,0.5896118680413822,2,ADSE;AKO-B,13,AA-ALB;ACT-AGRO;ACU-ADC;ADC-ADP;ADSE-AHRT;ADTN-AGNC;AEBI-AEG;AEBI-ALX;AEXA-AGNC;AEXA-AM;AFBI-ALG;AHRT-ALCO;AKO-B-AMCX,0.00013745762407779694,2.8911351199283155,0.018320610687022898,1.2350165470898846,"AAMI,ABCB,ACN,ACTG,ACU,ACVA,ADMA,ADP,ADSE,ADT,ADTN,AEBI,AERO,AEXA,AFBI,AGRO,AHCO,AIN,AKO-B,ALB,ALCO,ALH,ALLE,ALSN,ALV,AMBP,AMCI","AA,AAOI,ABG,ACCO,ACDC,ACEL,ACI,ACR,ACRE,ACT,AD,ADC,ADUS,AEE,AEG,AEP,AFJK,AFYA,AGL,AGNC,AGPU,AHR,AHRT,AIV,AKR,ALG,ALGM,ALHC,ALOT,ALX,AM,AMCX,AMH"
2026-04-07 19:15:00+00:00,L0406,L0391,confirmation,maturity,1.108670383641126,1.0338681248010961,0,,8,AAMI-AAON;AAMI-ALVO;AAON-ADMA;ABSI-ADSE;ACB-ADMA;ACB-ADT;ACB-AMBP;AEBI-AFRM,0.0015170600963756442,2.2139403110486664,0.009836065573770493,1.1977220401308988,"AAMI,ABCB,ACN,ACTG,ACU,ACVA,ADMA,ADP,ADSE,ADT,ADTN,AEBI,AERO,AEXA,AFBI,AGRO,AHCO,AIN,AKO-B,ALB,ALCO,ALH,ALLE,ALSN,ALV,AMBP,AMCI","AAL,AAON,AAPL,ABAT,ABBV,ABCL,ABEO,ABEV,ABSI,ABVX,ACB,ACHR,ACHV,ACRS,ADI,ADPT,ADUR,AEO,AER,AESI,AFCG,AFRM,AGEN,AGMB,AII,AIOT,AIP,AIRJ,AIRO,AKTS,ALGN,ALK,ALMS,ALNT,ALNY,ALOY,ALVO,AMAL,AMCR"
2026-04-07 19:15:00+00:00,L0404,L0395,decay,maturity,0.7199773078224659,0.5896118680413822,2,AEC;AGCC,1,ACIW-ACT,0.0025382860330864787,1.8331938527292795,0.018320610687022898,0.8539233075445277,"A,AAP,ABNB,ABUS,ABX,ACAD,ACIW,ACLS,ADBE,ADNT,ADSK,ADV,AEC,AEYE,AGCC,AGM,AGYS,AI,AIRS,AKAM,ALKS,ALKT,ALLY,ALTG,ALTO,AMBQ,AMGN,AMLX,AMPH","AA,AAOI,ABG,ACCO,ACDC,ACEL,ACI,ACR,ACRE,ACT,AD,ADC,ADUS,AEE,AEG,AEP,AFJK,AFYA,AGL,AGNC,AGPU,AHR,AHRT,AIV,AKR,ALG,ALGM,ALHC,ALOT,ALX,AM,AMCX,AMH"
2026-04-07 19:30:00+00:00,L0395,L0384,expansion,maturity,0.5881204165972934,0.1957732361539371,0,,19,AAT-ACI;AAT-AIV;ACDC-ADM;ACIC-ADC;ADAM-AFG;ADAM-AFL;ADAM-AIZ;ADC-AFL;ADNT-ADSE;AEE-AMN;AES-AFJK;AES-AKO-B;AFJK-AME;AFL-ALX;AGCC-AGIO;AIV-AMN;AKO-B-AME;ALG-AMG;AMH-AMN,5.220528692007065e-06,2.995758375856783,0.012087912087912088,0.9859208766027516,"AA,AAOI,ABG,ABR,ACCO,ACDC,ACEL,ACI,ACNT,ACR,ACRE,ACT,AD,ADAM,ADC,ADSE,ADUS,AEC,AEE,AEG,AEP,AFJK,AFYA,AGCC,AGL,AGNC,AGPU,AHR,AHRT,AIV,AKO-B,AKR,ALG,ALGM,ALHC,ALOT,ALX,AMCX,AMH","AAP,AAT,AAUC,ABM,ABT,ABX,ACGL,ACIC,ACM,ADM,ADNT,ADV,AES,AFG,AFL,AFRI,AGCO,AGIO,AGM,AGO,AIG,AIT,AIZ,AJG,ALAR,ALC,ALL,AME,AMG,AMN,AMP"
2026-04-08 13:45:00+00:00,L0411,L0409,confirmation,confirmation,0.49676474109888646,1.3274768215660482,24,AAUC;ABBV;ABT;ABUS;ACGL;ACHC;ACN;ACTG;ADC;AENT;AEP;AES;AFG;AFJK;AFL;AGL;AIG;AIRO;AIZ;ALB;ALCO;ALTO;AMBQ;AMLX,33,AA-AIRO;AARD-ABT;AARD-ALKT;AARD-ALRM;ABBV-AESI;ABBV-ALAR;ABT-ALL;ACGL-AEE;ACHC-ALL;ACHV-ALL;ACTG-AM;ADAG-ALTO;ADAG-AMBQ;ADC-AEE;ADC-ALAR;ADC-AM;ADSK-AGPU;AEE-AFJK;AEE-AIZ;AEP-AESI;AEP-ALAR;AEP-AM;AES-AGIO;AESI-AFJK;AESI-ALTO;AFJK-ALAR;AGL-ALAR;AGPU-ALRM;AGRO-ALTO;AIZ-ALL;ALAR-AMBQ;ALL-ALTO;ALTO-AM,0.004417876712977886,4.412092440300712,0.024,1.6538955788746583,"AAPG,AAPL,AAT,AAUC,ABBV,ABSI,ABT,ABUS,ABVX,ACAD,ACET,ACGL,ACHC,ACHV,ACIC,ACIW,ACN,ACR,ACT,ACTG,AD,ADBE,ADC,ADP,ADSK,ADTN,ADUR,ADUS,ADV,AENT,AEP,AES,AEXA,AFBI,AFG,AFJK,AFL,AGCC,AGEN,AGL,AGO,AHCO,AIG,AIRO,AIV,AIZ,AJG,ALB,ALCO,ALKS,ALKT,ALNY,ALOT,ALRM,ALTO,ALX,AMBQ,AMGN,AMH,AMLX","AA,AARD,ACDC,ACI,ADAG,ADM,ADSE,AEE,AESI,AFRI,AGIO,AGPU,AGRO,ALAR,ALL,AM"
2026-04-08 13:45:00+00:00,L0412,L0414,confirmation,confirmation,0.4154254584023941,0.1994976854638289,0,,24,AAL-AI;AAL-ALAB;ABCL-ALM;ACMR-AEM;ACMR-AGI;ACMR-ALM;ACVA-AG;ACVA-AGMB;ACVA-ALM;AEBI-AGMB;AEG-AG;AEG-AIP;AEHR-QQQ;AEO-AI;AEO-AIRS;AEVA-AI;AEVA-QQQ;AFRM-AIRS;AI-ALGT;AIR-QQQ;AIRS-ALOY;ALGM-QQQ;ALGT-AMD;ALGT-QQQ,0.0028175143525004387,3.230082848336483,0.016260162601626018,0.9944366796342317,"AAOI,ABEO,AEM,AG,AGI,AGMB,AI,AIP,AIRS,ALAB,ALM,AMD,QQQ","AAL,AAP,ABAT,ABCL,ABEV,ABNB,ABR,ABX,ACCO,ACHR,ACLS,ACM,ACMR,ACVA,ADI,ADNT,AEBI,AEC,AEG,AEHR,AEIS,AEO,AEVA,AFRM,AGBK,AIOT,AIR,AKO-B,ALC,ALG,ALGM,ALGN,ALGT,ALK,ALLY,ALMS,ALNT,ALOY,ALTG,ALV,AMAT,AMCI,AMCR,AMG,AMKR,AMPG"
2026-04-08 14:00:00+00:00,L0411,L0409,decay,expansion,0.7650881881680895,0.5953984454160075,41,AAPL;AAT;ABSI;ABVX;ACAD;ACET;ACHV;ACIC;ACIW;ACNB;ACR;ACT;AD;ADBE;ADP;ADSK;ADTN;ADUR;ADUS;ADV;AEXA;AFBI;AGCC;AGEN;AGO;AHCO;AHRT;AII;AIRG;AIV;AJG;AKR;ALKT;ALNY;ALOT;ALRM;ALRS;ALX;AMGN;AMH;AMN,25,AAPL-ALB;AAPL-AMLX;AARD-ACIC;AARD-ADBE;AAT-AAUC;ABVX-ADSE;ABVX-ALCO;ACGL-ACHV;ACHC-ACHV;ACHC-ADV;ACHC-AFBI;ACHC-AJG;ACHV-AGPU;ACHV-ALTO;ACIC-AGPU;ACN-AHCO;ACTG-AGO;AD-AES;ADUS-AGL;ADV-AMLX;AES-ALKT;AFL-AMGN;AGL-ALX;AII-AMBQ;ALB-AMGN,0.006725325947627425,4.688339072175079,0.020134228187919462,1.5832508923471869,"AAPL,AAT,ABEO,ABSI,ABVX,ACAD,ACET,ACHV,ACIC,ACIW,ACNB,ACNT,ACR,ACRE,ACRS,ACT,AD,ADBE,ADP,ADSK,ADTN,ADUR,ADUS,ADV,AER,AEXA,AFBI,AFCG,AGCC,AGEN,AGNC,AGO,AHCO,AHR,AHRT,AII,AIN,AIRG,AIRJ,AIV,AJG,AKR,ALKS,ALKT,ALNY,ALOT,ALRM,ALRS,ALX,AMGN,AMH,AMN,AMPH","AA,AARD,AAUC,ABBV,ABT,ABUS,ACDC,ACGL,ACHC,ACI,ACN,ACTG,ADAG,ADC,ADM,ADSE,AEE,AENT,AEP,AES,AESI,AFG,AFJK,AFL,AFRI,AGIO,AGL,AGPU,AGRO,AIG,AIRO,AIZ,ALAR,ALB,ALCO,ALL,ALTO,AM,AMBQ,AMLX"
2026-04-08 14:15:00+00:00,L0416,L0412,expansion,expansion,1.1572610876467644,0.44431492959451657,16,AAMI;AAON;ABEV;ABG;ADEA;ADT;AERO;AGBK;AGCO;AIOT;AIT;ALNT;ALTG;AMBP;AME;AMP,74,A-ALV;AAL-ABEV;AAL-AGBK;AAL-AIOT;AAL-ALLY;AAMI-AEVA;AAON-AIP;AAON-AIR;AAON-ALLT;AAON-ALMU;AAON-AMKR;AAP-ACMR;AAP-AGI;AAP-AIRJ;AAP-AKO-B;ABAT-AGYS;ABEV-ACM;ABEV-AEM;ABG-ALGN;ABM-AMCR;ABR-ADT;ABR-AGNC;ABR-ALLE;ABR-ALTG;ABX-AME;ACA-ACVA;ACB-AEG;ACCO-ADT;ACEL-ADPT;ACHR-ADEA;ACHR-AIOT;ACLS-ALH;ACM-AME;ACNT-AEG;ACOG-AFRM;ACRS-AEM;ACRS-AGI;ACU-AFRM;ACVA-AEO;ACVA-AME;ADAM-ALVO;ADMA-AMBA;ADPT-ALSN;AEBI-AEG;AEBI-AKO-B;AEBI-AMCI;AEBI-AMPG;AEG-AIN;AER-AGI;AER-ALC;AEVA-AFCG;AEYE-AMBA;AFRM-AGMB;AFYA-AKTS;AG-AIOT;AG-ALLY;AGBK-QQQ;AIOT-AIP;AIOT-AIR;AIOT-ALAB;AIOT-ALG;AIOT-ALM;AIOT-AMD;AIOT-QQQ;AKO-B-ALSN;ALK-ALNT;ALLT-ALSN;ALLY-AMBA;ALLY-AMCI;ALSN-AMBA;ALTG-ALVO;ALV-AMBP;AMBA-AME;AMG-AMP,0.002830365003319457,4.675470543012941,0.025806451612903226,1.6532114086675551,"A,AAMI,AAON,AAP,ABCB,ABEO,ABEV,ABG,ABM,ACA,ACB,ACEL,ACNT,ACOG,ACRE,ACRS,ACU,ADAM,ADEA,ADMA,ADT,AEBI,AEO,AER,AERO,AEYE,AFCG,AGBK,AGCO,AGM,AGMB,AGNC,AGYS,AHR,AI,AIN,AIOT,AIT,AKAM,AKTS,ALH,ALHC,ALKS,ALLE,ALLY,ALNT,ALSN,ALTG,AMAL,AMBP,AMCX,AME,AMP,AMPH","AAL,AAOI,ABAT,ABCL,ABNB,ABR,ABX,ACCO,ACHR,ACLS,ACM,ACMR,ACVA,ADI,ADNT,ADPT,AEC,AEG,AEHR,AEIS,AEM,AEVA,AFRI,AFRM,AFYA,AG,AGI,AGX,AIP,AIR,AIRJ,AKO-B,ALAB,ALC,ALG,ALGM,ALGN,ALGT,ALK,ALLT,ALM,ALMS,ALMU,ALOY,ALV,ALVO,AMAT,AMBA,AMCI,AMCR,AMD,AMG,AMKR,AMPG,QQQ"
2026-04-08 14:45:00+00:00,L0412,L0420,maturity,confirmation,0.4117393633438068,0.4718395315621975,0,,12,ABSI-AMAL;ACAD-AHR;ACAD-AKAM;ACCO-ALRS;ACIW-ALLY;ACNT-ACRE;ACNT-AHRT;ACOG-AGEN;ADAM-AGYS;ADMA-ADUS;ADTN-ALKS;AEG-AGNC,0.0024889599008020014,2.583914227457421,0.013043478260869565,0.9130087470752869,"A,AAL,AAMI,AAON,ABCB,ABCL,ABEV,ABG,ABM,ABNB,ABR,ABX,ACA,ACCO,ACEL,ACM,ACNT,ACOG,ACU,ACVA,ADAM,ADI,ADMA,ADNT,ADPT,ADT,AEC,AEG,AEIS,AEO,AERO,AFRM,AFYA,AGBK,AGCO,AGM,AHR,AIT,AKAM,ALC,ALG,ALK,ALKS,ALLE,ALLT,ALLY,ALMS,ALNT,ALSN,ALTG,ALV,ALVO,AMAL,AMAT,AMBP,AMCR,AMCX,AME,AMG,AMKR,AMP","AAPL,AAT,ABSI,ABVX,ACAD,ACHV,ACIC,ACIW,ACNB,ACR,ACRE,ACT,AD,ADBE,ADP,ADSK,ADTN,ADUS,AEXA,AFBI,AFL,AGCC,AGEN,AGNC,AGO,AGYS,AHCO,AHRT,AIRG,AIV,AJG,AKR,ALKT,ALNY,ALRM,ALRS,ALX,AMGN,AMH,AMN"
2026-04-08 15:15:00+00:00,L0424,L0409,confirmation,maturity,0.43298899567812105,0.20797354134993434,0,,9,ABCL-ALOT;ACNT-AHRT;ACR-AMCX;ACRE-AEM;AEVA-AMN;AFRI-AMCI;AG-ALOT;AGI-ALOT;ALRS-AMCX,-0.0008674889631947735,2.302585092994046,0.01801125703564728,0.7706367229122753,"AAL,AAOI,ABAT,ABCL,ABEV,ABNB,ABX,ACCO,ACHR,ACLS,ACM,ACMR,ACNT,ACOG,ACVA,ADEA,ADI,ADPT,AEC,AEG,AEHR,AEIS,AEM,AEO,AEVA,AFRM,AFYA,AG,AGI,AGX,AI,AIP,AIR,AKAM,AKTS,ALAB,ALC,ALG,ALGN,ALGT,ALK,ALLT,ALM,ALMS,ALMU,ALNT,ALOY,ALV,ALVO,AMAT,AMBA,AMCI,AMCR,AMCX,AMD,AME,AMKR,AMP,AMPG,QQQ","AA,AAPL,AARD,AAT,AAUC,ABBV,ABT,ABVX,ACDC,ACGL,ACHC,ACHV,ACI,ACIC,ACIW,ACN,ACNB,ACR,ACRE,ACT,ACTG,AD,ADAG,ADBE,ADC,ADM,ADP,ADSE,ADSK,ADUS,ADV,AEE,AENT,AEP,AES,AESI,AEXA,AFBI,AFG,AFJK,AFL,AFRI,AGCC,AGIO,AGL,AGO,AGPU,AGRO,AHCO,AHRT,AIG,AIRO,AIV,AIZ,AJG,AKR,ALAR,ALB,ALCO,ALKT,ALL,ALOT,ALRM,ALRS,ALTO,ALX,AM,AMBQ,AMGN,AMH,AMLX,AMN"
2026-04-08 16:00:00+00:00,L0409,L0427,decay,maturity,0.6084291101495722,0.6438813137287606,0,,1,AEM-AFJK,0.001925132644828409,0.7850484951810615,0.012244897959183673,0.5737919856526427,"AA,AARD,AAUC,ABBV,ACDC,ACI,ADAG,ADC,ADM,ADSE,AEE,AEP,AESI,AFJK,AFRI,AGIO,AGPU,AGRO,ALAR,ALL,AM","A,AAMI,AAON,AAP,ABCB,ABG,ABM,ABNB,ABR,ABX,ACA,ACM,ACNT,ACU,ADAM,ADMA,ADNT,ADT,ADV,AEBI,AEG,AEM,AER,AERO,AGBK,AGCO,AGM,AGNC,AHR,AIN,AIOT,AIR,AIRJ,AIT,AKO-B,ALC,ALGN,ALH,ALHC,ALLE,ALLY,ALNT,ALSN,ALTG,ALV,ALVO,AMAL,AMBP,AMCI,AMCX,AME,AMG,AMP"
2026-04-08 16:15:00+00:00,L0424,L0427,decay,expansion,0.6730315073667773,0.5526880099003034,0,,33,A-ALM;AAL-ACCO;AAL-AFYA;AAMI-AFCG;ABAT-ABNB;ABCB-QQQ;ABEO-ABX;ABEV-AEYE;ABG-ACMR;ABNB-ACCO;ABNB-ADPT;ABNB-ALAB;ABX-AMKR;ACB-ACM;ACB-ALNT;ACCO-AMCX;ACEL-AIOT;ACHR-ACLS;ACMR-ALH;ACNT-AEYE;ACNT-AFCG;ADEA-ALGM;ADPT-AMCR;AEC-AMAT;AEG-AGI;AEG-ALM;AEVA-ALGT;AGCO-ALG;AGCO-AMBA;AIN-AIP;ALG-ALNT;ALLT-ALNT;ALNT-QQQ,0.0013179879751987755,3.530229465822787,0.014831460674157302,1.2524979407369443,"AAOI,ABAT,ABCL,ABEO,ABSI,ACB,ACCO,ACEL,ACHR,ACMR,ACOG,ACVA,ADEA,ADI,ADPT,ADUR,AEC,AEHR,AEIS,AEO,AEVA,AEYE,AFCG,AFRM,AFYA,AG,AGI,AGX,AGYS,AI,AIP,AIRS,AKTS,ALAB,ALG,ALK,ALLT,ALM,ALMS,ALMU,ALOY,AMBA,AMD,AMKR,AMPG,AMPH,QQQ","A,AAL,AAMI,AAON,AAP,ABCB,ABEV,ABG,ABM,ABNB,ABR,ABX,ACA,ACLS,ACM,ACNT,ACU,ADAM,ADMA,ADNT,ADT,AEBI,AEG,AEM,AER,AERO,AGBK,AGCO,AGM,AGNC,AHR,AIN,AIOT,AIR,AIRJ,AIT,AKO-B,ALC,ALGM,ALGN,ALGT,ALH,ALHC,ALLE,ALLY,ALNT,ALSN,ALTG,ALV,ALVO,AMAL,AMAT,AMBP,AMCI,AMCR,AMCX,AME,AMG,AMP"
2026-04-08 16:45:00+00:00,L0427,L0429,expansion,confirmation,0.7747554330695895,0.6981789130778541,1,AMCX,31,A-ADPT;AAL-AFRM;AAL-ALHC;ABAT-ABX;ABG-AMBA;ACB-AFRM;ACB-ALGT;ACEL-AMCR;ACET-ALLT;ACMR-AFRM;ACMR-AKO-B;ACMR-ALC;ACMR-ALK;ACMR-ALMS;ACVA-AMCR;ADEA-AMBP;ADEA-AMCR;ADPT-ALHC;AEM-ALNY;AEO-ALGT;AEO-ALV;AER-AGI;AEVA-AIRJ;AEYE-ALNT;AFRM-AG;AGCO-AMBA;AGX-AMAT;AKTS-ALG;AKTS-AMKR;ALAB-ALLT;ALAB-ALV,0.0007367739162873477,3.5285251622035734,0.02136986301369863,1.3272170738471814,"A,AAMI,AAON,AAP,ABCB,ABEV,ABG,ABM,ABNB,ABR,ABX,ACA,ACCO,ACM,ACU,ADAM,ADI,ADNT,ADT,AEBI,AEC,AEG,AEHR,AEIS,AEM,AER,AERO,AFRM,AFYA,AGBK,AGCO,AGM,AGNC,AHR,AIN,AIOT,AIR,AIRJ,AIT,AKO-B,ALC,ALG,ALGM,ALGN,ALGT,ALH,ALHC,ALK,ALKS,ALLE,ALLT,ALLY,ALMS,ALNT,ALSN,ALTG,ALV,ALVO,AMAL,AMAT,AMBP,AMCI,AMCR,AMCX,AME,AMG,AMKR,AMP","AAL,AAOI,ABAT,ABCL,ABEO,ABSI,ABUS,ACB,ACEL,ACET,ACHR,ACLS,ACMR,ACNT,ACOG,ACRS,ACVA,ADEA,ADMA,ADPT,ADUR,AEO,AEVA,AEYE,AFCG,AG,AGI,AGMB,AGX,AGYS,AI,AIP,AIRS,AKAM,AKTS,ALAB,ALM,ALMU,ALNY,ALOY,AMBA,AMD,AMPG,AMPH,QQQ"
2026-04-08 17:30:00+00:00,L0430,L0432,decay,confirmation,0.5699229510422349,0.26700673915928724,0,,11,ABAT-ACNT;ABAT-ACRS;ABAT-AGMB;ACAD-ALMS;ACB-ACET;ACNT-ACVA;ADUS-AI;ALK-ALNY;ALLT-ALMU;ALMS-ALMU;ALX-AMD,0.0012656824110308662,2.495398767932338,0.013926499032882012,0.8770175738984735,"AAL,AAOI,ABAT,ABCL,ACB,ACEL,ACHR,ACLS,ACMR,ACOG,ACVA,ADI,ADPT,AEIS,AEO,AEVA,AFCG,AFRM,AFYA,AG,AGX,AGYS,AI,AIRS,AKAM,AKTS,ALAB,ALGT,ALK,ALKS,ALLT,ALM,ALMS,ALOY,AMBA,AMD,AMKR,AMPH,QQQ","AAPL,AAT,ABEO,ABSI,ABVX,ACAD,ACET,ACIC,ACIW,ACNB,ACNT,ACR,ACRE,ACRS,ACT,AD,ADBE,ADP,ADSK,ADTN,ADUR,ADUS,ADV,AEXA,AFBI,AFL,AFRI,AGCC,AGEN,AGL,AGMB,AGO,AHCO,AHRT,AIG,AII,AIN,AIRG,AIV,AJG,AKR,ALB,ALKT,ALMU,ALNY,ALOT,ALRM,ALRS,ALX,AMGN,AMH,AMN"
2026-04-08 18:00:00+00:00,L0433,L0430,confirmation,expansion,0.9530666447213462,0.5578542015573077,6,ABEO;ACET;ACRS;ADUR;AGMB;AMPH,8,ABAT-ACRS;ABEO-ACMR;ACB-ACRS;ACET-ALOY;ACRS-AIRS;ADTN-AIRS;ADUR-AEVA;AFCG-AMPG,0.002846360672265291,3.057985501047333,0.02320441988950276,1.2212532921288548,"ABEO,ACAD,ACET,ACRS,ADTN,ADUR,AFCG,AGMB,AHCO,ALB,ALNY,AMPH","AAL,AAOI,ABAT,ABEV,ACB,ACEL,ACLS,ACMR,ACOG,ADAM,ADI,ADPT,AEHR,AEIS,AEM,AEO,AEVA,AEYE,AFRM,AG,AGX,AGYS,AI,AIRS,AKTS,ALAB,ALGN,ALGT,ALK,ALKS,ALLT,ALM,ALMS,ALMU,ALOY,ALV,AMAT,AMBA,AMCI,AMD,AMKR,AMPG,QQQ"
2026-04-08 18:15:00+00:00,L0434,L0428,decay,maturity,0.5342318812199397,0.43710974987806783,3,ABSI;ADV;AFRI,7,ABNB-AGNC;ABSI-AKR;ACAD-AER;ACN-ADV;ACVA-ALNY;ADBE-ADV;ALB-AMPG,0.0017251129174837843,2.651304263952528,0.01899441340782123,0.9570777173287074,"AAP,ABCL,ABNB,ABSI,ACCO,ACHR,ACM,ACNT,ACVA,ADT,ADV,AEBI,AEG,AER,AFCG,AFRI,AGI,AHR,AII,AIN,AIOT,AIP,AIR,AIRJ,ALG,ALNT,AMG,AMPG","AA,AAPL,AARD,AAT,AAUC,ABBV,ABT,ABUS,ABVX,ACAD,ACDC,ACGL,ACHC,ACHV,ACI,ACIC,ACIW,ACN,ACNB,ACR,ACRE,ACT,ACTG,AD,ADAG,ADBE,ADC,ADM,ADP,ADSE,ADSK,ADTN,ADUS,AEE,AENT,AEP,AES,AESI,AEXA,AFBI,AFG,AFJK,AFL,AGCC,AGEN,AGIO,AGL,AGNC,AGO,AGPU,AGRO,AHCO,AHRT,AIG,AIRG,AIRO,AIV,AIZ,AJG,AKR,ALAR,ALB,ALCO,ALKT,ALL,ALNY,ALOT,ALRM,ALRS,ALTO,ALX,AM,AMBQ,AMGN,AMH,AMLX,AMN"
2026-04-08 18:30:00+00:00,L0427,L0430,decay,expansion,0.4480515233042523,0.581010793843434,5,ACLS;ADEA;ALGM;ALKS;AMCX,26,AAL-AMP;AAMI-ACB;ABEV-ALC;ABX-AKAM;ABX-ALAB;ACB-ALC;ACMR-ALC;ADEA-AEVA;ADEA-AFYA;AEC-ALV;AEO-ALKS;AEO-ALV;AERO-ALGT;AGX-ALSN;AGX-AMCR;AIP-ALGM;AIRS-AMCX;AKO-B-ALAB;ALAB-AMCR;ALAB-AMCX;ALGT-ALTG;ALM-AMP;ALMU-AME;ALSN-AMAT;ALSN-AMPG;ALV-AMCI,0.0003556666197255254,3.611878712062996,0.026158038147138962,1.2156120788821259,"AAMI,AAON,ABCB,ABG,ABM,ABR,ABX,ACLS,ACU,ADAM,ADEA,AERO,AGBK,AHR,AIR,AIT,AKO-B,ALC,ALGM,ALGN,ALH,ALKS,ALLE,ALSN,ALTG,ALV,ALVO,AMBP,AMCR,AMCX,AME,AMP","AAL,AAOI,ABAT,ABEO,ABEV,ACB,ACET,ACHR,ACMR,ACOG,ACRS,ADI,ADPT,ADUR,AEC,AEHR,AEIS,AEM,AEO,AEVA,AEYE,AFCG,AFRM,AFYA,AG,AGI,AGMB,AGX,AGYS,AI,AIP,AIRS,AKAM,AKTS,ALAB,ALGT,ALK,ALLT,ALM,ALMS,ALMU,ALOY,AMAT,AMBA,AMCI,AMD,AMKR,AMPG,AMPH,QQQ"
2026-04-08 18:45:00+00:00,L0430,L0428,maturity,maturity,0.6368692773236521,0.367597581488324,0,,7,ABSI-AG;ACET-ALOY;ACHR-AFCG;ACNT-ALRS;ACRS-AII;AEO-AFCG;AGMB-AII,0.003384411975275725,2.120876292130134,0.021150278293135434,0.8347316724200966,"AAL,AAOI,ABAT,ABEO,ABEV,ACB,ACHR,ACLS,ACMR,ACNT,ACOG,ACRS,ADEA,ADI,ADPT,ADUR,AEHR,AEM,AEO,AEVA,AEYE,AFRM,AG,AGI,AGMB,AGX,AGYS,AI,AIP,AIRS,ALAB,ALGM,ALGT,ALK,ALKS,ALLT,ALM,ALMS,ALMU,ALOY,AMAT,AMBA,AMCX,AMD,AMKR,AMPG,QQQ","AA,AAPL,AARD,AAT,AAUC,ABBV,ABSI,ABT,ABUS,ABVX,ACAD,ACDC,ACET,ACGL,ACHC,ACHV,ACI,ACIC,ACIW,ACN,ACNB,ACR,ACRE,ACT,ACTG,AD,ADAG,ADBE,ADC,ADM,ADP,ADSE,ADSK,ADTN,ADUS,ADV,AEE,AENT,AEP,AES,AESI,AEXA,AFBI,AFCG,AFG,AFJK,AFL,AFRI,AGCC,AGEN,AGIO,AGL,AGO,AGPU,AGRO,AHCO,AHRT,AIG,AII,AIRG,AIRO,AIV,AIZ,AJG,AKR,ALAR,ALB,ALCO,ALKT,ALL,ALNY,ALOT,ALRM,ALRS,ALTO,ALX,AM,AMBQ,AMGN,AMH,AMLX"
2026-04-08 19:00:00+00:00,L0428,L0430,maturity,maturity,0.2175206047110147,0.2823002784180343,0,,7,ACHV-ADUR;ACRS-ALCO;ACVA-ALNY;ADUR-AII;AENT-AI;AIRO-ALMU;ALMU-ALRS,0.0032317525474354625,2.1190438232217774,0.023013698630136987,0.6831592755386796,"AA,AAPL,AARD,AAT,AAUC,ABBV,ABT,ABUS,ABVX,ACAD,ACDC,ACGL,ACHC,ACHV,ACI,ACIC,ACIW,ACN,ACNB,ACR,ACRE,ACT,ACTG,AD,ADAG,ADBE,ADC,ADM,ADP,ADSE,ADSK,ADTN,ADUS,ADV,AEE,AENT,AEP,AES,AESI,AEXA,AFBI,AFG,AFJK,AFL,AGCC,AGEN,AGIO,AGL,AGO,AGPU,AGRO,AHCO,AHRT,AIG,AII,AIRG,AIRO,AIV,AIZ,AJG,AKR,ALAR,ALB,ALCO,ALKT,ALL,ALNY,ALOT,ALRM,ALRS,ALTO,ALX,AM,AMBQ,AMGN,AMH,AMLX","AAL,AAOI,ABAT,ABCL,ABEO,ABEV,ABSI,ACB,ACET,ACHR,ACLS,ACMR,ACNT,ACOG,ACRS,ACVA,ADI,ADPT,ADUR,AEHR,AEM,AEO,AEVA,AFCG,AFRI,AFRM,AG,AGI,AGMB,AGX,AGYS,AI,AIP,AIRS,ALAB,ALGT,ALK,ALLT,ALMS,ALMU,ALOY,AMAT,AMBA,AMD,AMPG,QQQ"
2026-04-08 19:15:00+00:00,L0427,L0430,expansion,maturity,0.7681211076048823,0.33961151087947716,4,ABX;ACVA;AEIS;AIP,46,AAOI-AAON;ABAT-ALGM;ABAT-ALH;ABAT-AMCR;ABCB-ADAM;ABEV-AIR;ABNB-AEVA;ABNB-ALAB;ABSI-AIP;ABX-AGMB;ABX-ALAB;ACCO-ACLS;ACCO-ALGT;ACCO-AMAT;ACEL-AFCG;ACEL-ALGT;ACET-AII;ACLS-ADEA;ACLS-ALGM;ACM-ADI;ACM-ALGT;ACM-QQQ;ACMR-AIOT;ACRS-AEBI;ACU-ALGT;ACVA-QQQ;ADAM-ALGN;ADPT-ALNT;ADT-AMAT;AEG-AFRM;AEHR-AGNC;AEIS-ALGT;AEO-ALLE;AEYE-ALVO;AGX-ALTG;AGYS-ALLY;AKO-B-QQQ;ALGM-AMPG;ALGT-AMP;ALMS-AMCR;ALNT-AMBA;ALOY-AMN;ALV-QQQ;AMAT-AMG;AMBP-AMKR;AMCX-QQQ,0.001681873865891248,4.010386471689119,0.022888283378746595,1.3383496459743995,"A,AAMI,AAON,AAP,ABCB,ABG,ABM,ABNB,ABR,ABX,ACA,ACCO,ACEL,ACM,ACU,ACVA,ADEA,ADMA,ADNT,ADT,AEBI,AEC,AEG,AEIS,AER,AERO,AGBK,AGCO,AGM,AGNC,AHR,AII,AIN,AIOT,AIP,AIR,AIRJ,AIT,AKO-B,ALC,ALG,ALGM,ALGN,ALH,ALHC,ALKS,ALLE,ALLY,ALNT,ALSN,ALTG,ALV,ALVO,AMAL,AMBP,AMCI,AMCR,AMCX,AME,AMG,AMN,AMP","AAL,AAOI,ABAT,ABCL,ABEO,ABEV,ABSI,ACB,ACET,ACHR,ACLS,ACMR,ACNT,ACOG,ACRS,ADAM,ADI,ADPT,ADUR,AEHR,AEM,AEO,AEVA,AEYE,AFCG,AFRI,AFRM,AG,AGI,AGMB,AGX,AGYS,AI,AIRS,ALAB,ALGT,ALK,ALLT,ALM,ALMS,ALMU,ALOY,AMAT,AMBA,AMD,AMKR,AMPG,QQQ"
2026-04-09 14:45:00+00:00,L0444,L0437,decay,maturity,0.5172540044887058,0.4470744621226904,2,AAL;ADPT,14,A-AAL;ABAT-ADNT;ABEO-AGPU;ACCO-ALSN;ACDC-AIRO;ACEL-AES;ACIW-ADPT;ACM-ALNY;ADNT-AIR;ADNT-ALLY;ADPT-AMLX;ADT-AIP;AGL-ALGT;AGL-ALSN,0.00100888212909922,2.9497348372650527,0.021176470588235293,1.0299087198879173,"AAL,AAON,ABAT,ABCL,ABEO,ABSI,ACA,ACHR,ACHV,ACM,ACMR,ACNT,ACRS,ACTG,ADPT,AENT,AEO,AES,AHRT,AIOT,AIP,AIR,AIRO,ALGT,ALLY,ALMU,ALSN,AMP,AMPG","A,AAPG,AAPL,ABG,ABM,ABNB,ABT,ABX,ACCO,ACDC,ACEL,ACIW,ACN,ACVA,ADBE,ADNT,ADP,ADSK,ADT,ADUS,AEYE,AFCG,AFG,AFRM,AGEN,AGIO,AGL,AGMB,AGPU,AGYS,AHCO,AI,AII,AIRG,AKAM,ALC,ALK,ALKT,ALLT,ALNY,ALRM,ALV,ALVO,AMAL,AMBP,AMCR,AMCX,AMLX,AMN"
2026-04-09 15:45:00+00:00,L0449,L0451,decay,confirmation,0.7054994237162916,0.6385353159833896,0,,10,ABAT-AHRT;ABBV-AMLX;ABEO-ALLE;ABSI-ALLE;ACDC-ACOG;ADC-AIN;AGBK-AIRG;AHRT-AMLX;AIN-AIRG;ALGN-ALLE,0.0048212818801403046,2.4407917559414454,0.014084507042253521,1.015521036951604,"AAMI,AAT,AAUC,ABBV,ACCO,ACGL,ACOG,ADAG,ADC,ADV,AES,AFG,AFL,AHRT,AIG,AIRG,AIV,AIZ,AJG,AKR,ALCO,ALL,ALLE,ALMS,AMGN,AMH","ABAT,ABCL,ABEO,ABSI,ABUS,ACAD,ACB,ACDC,ACHR,ACHV,ACI,ACR,ACU,AD,ADMA,AEC,AENT,AFRI,AFYA,AGBK,AGIO,AGPU,AIN,AIRO,AKTS,ALGN,ALHC,ALM,ALMU,AMBQ,AMCX,AMLX"
2026-04-09 16:00:00+00:00,L0440,L0452,expansion,confirmation,0.40101976426475994,0.8372773256339476,5,AAP;AEXA;AGCO;AGO;AMCI,6,AAP-AEG;ABAT-AMPG;AEXA-AMG;AIOT-AMP;AIOT-AMPG;ALG-ALLY,0.007865956868045032,2.87844512230936,0.01024390243902439,1.0926369929128057,"AA,AAOI,AAP,AARD,ABAT,ABCL,ABEV,ABR,ABUS,ABVX,ACET,ACHC,ACHR,ACHV,ACLS,ACM,ACMR,ACRE,ACRS,ACT,ADAM,ADTN,ADUR,AEBI,AEIS,AEM,AENT,AEO,AERO,AESI,AEVA,AEXA,AFBI,AFRI,AG,AGCC,AGCO,AGI,AGM,AGNC,AGO,AGX,AIOT,AIR,AIRO,AIRS,AKTS,ALAB,ALB,ALG,ALGM,ALKS,ALM,ALMU,ALNT,ALOY,ALTG,ALTO,AMAT,AMBA,AMBQ,AMCI,AMD,QQQ","AAL,ABCB,ABSI,ACA,ACNB,ACNT,ACTG,ADEA,ADNT,AEG,AFJK,AIP,AJG,ALGT,ALK,ALLY,ALV,AMG,AMP,AMPG"
2026-04-09 16:45:00+00:00,L0437,L0452,expansion,maturity,0.7353245493276974,0.8176291091252779,1,ACU,16,AAP-AEC;ABG-ADEA;ACA-AMLX;ACEL-AFG;ACEL-AFRI;ACN-ADPT;ACNB-AI;ADEA-ADT;ADNT-AMCR;ADP-AJG;ADPT-ALKT;ADUS-AFG;AFRI-ALRM;AJG-AMCR;ALC-ALV;ALG-AMN,0.00676561362342909,2.9794281488342493,0.011241217798594848,1.212429317414244,"A,AAPG,AAPL,AAT,ABG,ABM,ABNB,ABT,ABX,ACAD,ACB,ACEL,ACIW,ACN,ACU,ACVA,AD,ADBE,ADMA,ADP,ADSE,ADSK,ADT,ADUS,AEC,AEYE,AFCG,AFRM,AFYA,AGBK,AGEN,AGIO,AGL,AGMB,AGPU,AGYS,AHCO,AI,AII,AIRG,AKAM,AKO-B,ALAR,ALC,ALGN,ALHC,ALKT,ALLT,ALNY,ALRM,ALRS,ALVO,ALX,AMAL,AMBP,AMCR,AMCX,AMLX,AMN","AAL,AAON,AAP,ABCB,ACA,ACCO,ACIC,ACNB,ACNT,ACR,ACTG,ADAG,ADEA,ADNT,ADPT,AEG,AER,AEXA,AFG,AFJK,AFRI,AGCO,AGO,AIG,AIP,AIT,AJG,ALG,ALGT,ALK,ALLE,ALLY,ALSN,ALV,AMCI,AME,AMP,AMPG"
2026-04-09 17:00:00+00:00,L0449,L0437,expansion,maturity,0.33262895132103115,0.5947387232400226,1,ADPT,12,ABBV-ALX;ABEO-AGIO;ABT-AIZ;ACAD-AMCX;ACB-ACDC;ACIW-AFYA;AD-AHRT;ADPT-AMCX;AFYA-ALRM;AGBK-AHRT;AIRG-AMGN;AIRO-AMCX,0.0030942974844947457,2.728468961977178,0.020785219399538105,0.9634453257725413,"AAMI,AAUC,ABAT,ABBV,ABEO,ACAD,ACB,ACGL,ACHV,ACI,ACOG,ACTG,ADC,ADPT,ADV,AES,AFL,AFYA,AHRT,AIN,AIRO,AIV,AIZ,AKR,ALCO,ALGN,ALL,ALLE,ALMS,AMGN,AMH","A,AAPG,AAPL,AAT,ABG,ABM,ABNB,ABT,ABX,ACCO,ACDC,ACEL,ACIW,ACN,ACVA,AD,ADAG,ADBE,ADEA,ADMA,ADP,ADSE,ADSK,ADT,ADUS,AEC,AEYE,AFCG,AFRM,AGBK,AGIO,AGL,AGMB,AGPU,AGYS,AHCO,AI,AII,AIRG,AKAM,AKO-B,ALAR,ALC,ALHC,ALKT,ALLT,ALNY,ALRM,ALRS,ALVO,ALX,AMAL,AMBP,AMCR,AMCX,AMLX,AMN"
2026-04-09 18:15:00+00:00,L0440,L0459,maturity,confirmation,1.548179628563643,1.1539257681297919,7,ABR;ADUR;AENT;AFRI;ALB;ALTG;AMCI,12,ACET-ALM;ACHR-ACMR;ACMR-ADUR;ACMR-ALMU;ACT-AERO;ADAM-AMG;ADI-AFRI;ADTN-AENT;AEIS-AIR;AGX-AMCI;ALB-ALGM;AMBA-AMBQ,0.004477510112337768,3.312284234225066,0.025069637883008356,1.6424631232467481,"AAL,AARD,ABAT,ABCL,ABR,ABSI,ACHR,ACM,ACNB,ACNT,ACRS,ACTG,ADNT,ADUR,AEG,AENT,AEO,AERO,AEVA,AEXA,AFRI,AG,AIOT,AIP,AIR,AIRO,AIRS,AJG,AKTS,ALAB,ALB,ALG,ALGT,ALK,ALLY,ALM,ALMU,ALSN,ALTG,AMBQ,AMCI,AMG,AMP,AMPG,QQQ","AA,AAOI,ABEV,ABUS,ABVX,ACET,ACHC,ACLS,ACMR,ACRE,ACT,ADAM,ADI,ADM,ADTN,AEBI,AEE,AEHR,AEIS,AEM,AEP,AESI,AFBI,AGCC,AGI,AGNC,AGRO,AGX,AIRJ,ALGM,ALH,ALKS,ALNT,ALOY,ALTO,AM,AMAT,AMBA,AMD,AMKR,AMPH"
2026-04-09 18:30:00+00:00,L0449,L0459,maturity,expansion,0.5728350069032297,0.3478811940743439,0,,7,AAP-ALB;ACHC-AHR;ACHV-ADM;ACHV-AENT;ACR-AGM;AGO-AMCI;AMGN-AMPH,0.000493167492095381,2.0855872119537198,0.024590163934426226,0.801300187871866,"AAMI,AAON,AAP,AAUC,ABBV,ABCB,ABEO,ACA,ACGL,ACHV,ACIC,ACOG,ACR,ADC,ADV,AER,AES,AFG,AFJK,AFL,AGCO,AGO,AHR,AIG,AIN,AIRG,AIT,AIV,AIZ,AKR,ALCO,ALL,ALLE,ALMS,ALOT,ALSN,AME,AMGN,AMH","AA,AAOI,ABEV,ABR,ABUS,ABVX,ACET,ACHC,ACLS,ACMR,ACRE,ACT,ADAM,ADI,ADM,ADTN,ADUR,AEBI,AEE,AEHR,AEIS,AEM,AENT,AEP,AFBI,AFRI,AGCC,AGI,AGM,AGNC,AGRO,AGX,AIRJ,ALB,ALGM,ALH,ALKS,ALNT,ALOY,ALTG,ALTO,AM,AMAT,AMBA,AMCI,AMD,AMKR,AMPH"
2026-04-09 19:00:00+00:00,L0460,L0459,expansion,expansion,0.7177007873944323,0.45210334638852573,0,,18,ABEV-AIT;ABEV-AMCI;ABR-AEXA;ABR-AIP;ABVX-ACHV;ACHV-ADM;ACHV-ALTG;ACIC-AGRO;ACOG-AGRO;AEBI-AMCI;AEP-AIT;AEP-ALMS;AEP-AME;AGCO-AGNC;AGM-ALTG;AGRO-ALCO;AGRO-AME;AHR-AM,0.0009285732521675527,2.9493143030808104,0.023140495867768594,1.0917408902852554,"AAMI,AAON,AAP,AAUC,ABBV,ACA,ACGL,ACHV,ACI,ACIC,ACNB,ACNT,ACOG,ACTG,ADC,ADV,AEG,AER,AES,AEXA,AFG,AFL,AGCO,AGM,AGO,AHR,AHRT,AIG,AIN,AIP,AIRG,AIT,AIV,AIZ,AJG,AKR,ALCO,ALL,ALLE,ALLY,ALMS,ALOT,ALSN,ALX,AMCI,AME,AMGN,AMH,AMP","AA,AAOI,ABEV,ABR,ABUS,ABVX,ACET,ACHC,ACLS,ACMR,ACRE,ACT,ADAM,ADI,ADM,ADTN,AEBI,AEE,AEHR,AEIS,AEM,AENT,AEP,AESI,AFBI,AGCC,AGI,AGNC,AGRO,AGX,AIRJ,ALB,ALGM,ALH,ALKS,ALNT,ALOY,ALTG,ALTO,AM,AMAT,AMD,AMKR,AMPH"
2026-04-09 19:45:00+00:00,L0437,L0459,expansion,maturity,0.5886891520969031,0.3426935411167082,0,,161,A-AAP;AA-AAL;AA-ALGT;AA-AMCR;AA-AMPG;AAL-AEIS;AAL-AEM;AAL-AG;AAL-AMBA;AAOI-AGPU;AAP-ABG;AAP-AEYE;AAP-AMBP;AAUC-AFBI;AAUC-ALTO;ABEV-ACCO;ABEV-ADMA;ABEV-ALC;ABG-ACHC;ABT-ALTG;ABUS-ACIW;ABUS-ALKT;ABUS-AMLX;ABVX-AGIO;ABVX-AGPU;ABVX-ALRS;ACB-ACT;ACCO-ACLS;ACCO-ADM;ACCO-AEBI;ACCO-ALGM;ACEL-ACRE;ACEL-ALTG;ACET-AII;ACET-AMCR;ACET-AMPG;ACHC-ACVA;ACHC-AII;ACHC-ALC;ACHC-ALVO;ACHC-AMBP;ACLS-ADAG;ACLS-ADPT;ACLS-AHRT;ACLS-ALNY;ACLS-ALV;ACLS-AMCR;ACLS-AMPG;ACMR-ADNT;ACMR-AHRT;ACMR-ALGN;ACMR-ALV;ACMR-AMCR;ACN-AGCC;ACRE-ADT;ACRE-AKO-B;ACT-AGL;ACT-AKAM;ACT-AMLX;ACVA-AEBI;ACVA-AMPH;ADAG-AEBI;ADAG-AEHR;ADAG-AMD;ADAM-AEYE;ADI-AGBK;ADI-AGIO;ADI-AGPU;ADI-ALC;ADI-ALGN;ADM-ADPT;ADM-AHRT;ADMA-AGNC;ADMA-AGX;ADNT-ALGM;ADNT-ALNT;ADNT-ALOY;ADPT-ALNT;ADSE-AIRJ;ADSE-AM;ADSK-AGCC;ADTN-AGIO;ADTN-AGPU;ADUS-AGCC;AEBI-ALVO;AEIS-AGBK;AEIS-AGL;AEIS-AGPU;AEIS-AII;AEIS-ALK;AEIS-AMN;AEM-AI;AEM-ALAR;AEM-ALK;AEM-ALLT;AEM-AMCR;AEM-AMN;AEP-AHRT;AFBI-AFYA;AFBI-AIV;AFBI-ALHC;AFCG-AGCC;AFRM-AG;AFRM-AGCC;AFRM-AGNC;AFRM-ALOY;AG-AI;AG-ALK;AG-ALKT;AG-ALLT;AG-AMCX;AGBK-ALH;AGBK-AMPH;AGCC-AI;AGCC-ALHC;AGCC-ALK;AGCC-ALKT;AGCC-AMN;AGI-ALGT;AGI-ALV;AGI-AMBP;AGI-AMCR;AGIO-ALOY;AGIO-AMAT;AGIO-AMKR;AGIO-AMPH;AGMB-ALGM;AGMB-AMBA;AGMB-AMD;AGNC-AI;AGNC-ALK;AGNC-AMCX;AGPU-AGX;AGX-ALGN;AHRT-ALGM;AII-ALTO;AIRJ-ALGN;AIV-ALTG;AIV-AMAT;ALB-AMCR;ALC-ALGM;ALC-ALOY;ALC-ALTO;ALC-AMAT;ALC-AMD;ALGM-ALNY;ALGM-ALV;ALGM-AMCR;ALGN-ALH;ALGN-AMPH;ALGT-ALH;ALH-AMPG;ALKS-AMPG;ALNT-ALNY;ALNT-AMCR;ALNT-AMPG;ALNY-ALOY;ALOY-ALV;ALTO-ALV;ALV-AMBA;ALV-AMD,0.0010827938549482496,5.0882645032269105,0.023076923076923078,1.5549424722323495,"A,AAL,AAPG,AAPL,AAT,AAUC,ABG,ABM,ABNB,ABT,ABX,ACB,ACCO,ACEL,ACIW,ACN,ACR,ACVA,AD,ADAG,ADBE,ADMA,ADNT,ADP,ADPT,ADSE,ADSK,ADT,ADUS,AEYE,AFCG,AFRM,AFYA,AGBK,AGIO,AGL,AGMB,AGPU,AGYS,AHCO,AHRT,AI,AII,AIV,AKAM,AKO-B,ALAR,ALC,ALGN,ALGT,ALHC,ALK,ALKT,ALLT,ALNY,ALRM,ALRS,ALV,ALVO,AMAL,AMBP,AMCR,AMCX,AMLX,AMN,AMPG","AA,AAOI,AAP,ABEV,ABUS,ABVX,ACET,ACHC,ACLS,ACMR,ACRE,ACT,ADAM,ADI,ADM,ADTN,AEBI,AEE,AEHR,AEIS,AEM,AEP,AFBI,AG,AGCC,AGI,AGM,AGNC,AGRO,AGX,AIRJ,ALB,ALGM,ALH,ALKS,ALNT,ALOY,ALTG,ALTO,AM,AMAT,AMBA,AMD,AMKR,AMPH"
2026-04-10 14:00:00+00:00,L0472,L0469,confirmation,expansion,0.6046789953365815,0.49140438611487625,0,,17,AAT-ALB;ABCL-AGI;ACB-ADNT;ACHR-AG;ACHR-ALM;ACHV-ACMR;ACHV-AMKR;ACMR-AGI;AEM-AMKR;AGI-ALAB;AIV-AMKR;ALAB-ALB;ALB-ALTO;ALB-AMAT;ALGN-AMBA;ALM-AMAT;ALM-AMKR,0.004662465071305633,2.9159445525048406,0.029427792915531336,1.062225321498977,"ACB,ACET,ACHV,ADEA,ADI,ADSE,AEM,AER,AG,AGI,AIRG,AIRJ,AIV,ALB,ALGN,ALM,ALTG","AAOI,AAON,AAT,ABAT,ABCL,ABEV,ABR,ACCO,ACHR,ACLS,ACMR,ACVA,ADAG,ADC,ADM,ADNT,ADTN,ADUR,AEBI,AEHR,AEIS,AERO,AEVA,AFRM,AGCO,AGMB,AHR,AHRT,AKR,ALAB,ALC,ALG,ALGM,ALH,ALMS,ALMU,ALNT,ALNY,ALOY,ALTO,ALV,ALVO,AMAT,AMBA,AMCI,AMCR,AMCX,AMD,AMH,AMKR,AMPG,QQQ"
2026-04-10 14:00:00+00:00,L0466,L0469,decay,expansion,0.3368023143014056,0.49140438611487625,0,,6,ACDC-AMCX;AEIS-AGL;AEIS-AGX;AFYA-ALMS;AI-AMCX;AIRS-AMCX,0.0009720637463033199,1.9597012382563574,0.029427792915531336,0.7428014886263036,"AAMI,ABEO,ABNB,ABT,ACA,ACDC,ACEL,ACI,ACIW,ACN,ACNB,ACOG,ACR,ACRE,ACU,AD,ADBE,ADP,ADSK,AEC,AENT,AEO,AESI,AEXA,AFYA,AGCC,AGEN,AGL,AGM,AGRO,AGX,AI,AIN,AIR,AIRS,AKAM,AKTS,ALAR,ALKT,ALOT,ALRM,AMGN,AMLX,AMP","AAOI,AAON,AAT,ABAT,ABCL,ABEV,ABR,ACCO,ACHR,ACLS,ACMR,ACVA,ADAG,ADC,ADM,ADNT,ADTN,ADUR,AEBI,AEHR,AEIS,AERO,AEVA,AFRM,AGCO,AGMB,AHR,AHRT,AKR,ALAB,ALC,ALG,ALGM,ALH,ALMS,ALMU,ALNT,ALNY,ALOY,ALTO,ALV,ALVO,AMAT,AMBA,AMCI,AMCR,AMCX,AMD,AMH,AMKR,AMPG,QQQ"
2026-04-10 14:15:00+00:00,L0471,L0472,maturity,expansion,1.108902529393883,0.7070987106103634,8,AA;AAUC;ACHC;AEE;AES;ALLT;AMBP;AMN,18,AA-AEM;AA-AGI;AA-ALB;AAL-ADSE;AAUC-AKR;ACB-AMBP;ACB-AMN;ACHC-AEM;ACHV-AMN;ACNT-ADSE;ADSE-AES;ADV-ALNT;AEE-AHRT;AHRT-AMBP;AKR-AMBP;AKR-AMN;ALH-AMN;ALNT-AMBP,0.004462091135792434,3.568016311112788,0.0183206106870229,1.4395525413825243,"A,AA,AAL,AAP,AAUC,ABG,ABX,ACHC,ACNT,ADV,AEE,AEG,AES,AFRI,AHCO,AIP,AIRO,ALGT,ALK,ALLT,ALSN,AMBP,AMBQ,AMN","AAT,ABAT,ACB,ACET,ACHV,ACMR,ADC,ADEA,ADI,ADSE,AEHR,AEM,AER,AG,AGI,AHR,AHRT,AIRG,AIRJ,AIV,AKR,ALB,ALGN,ALH,ALM,ALMU,ALNT,ALOY,ALTG,AMAT,AMKR"
2026-04-10 14:45:00+00:00,L0469,L0474,expansion,confirmation,0.4422435128103954,0.5051588629721384,0,,1,AHRT-AKO-B,0.0038321471074596047,0.868450295084172,0.012154696132596685,0.5031564909256926,"AA,AAON,AARD,AAT,ABCL,ABEV,ABR,ACCO,ACHR,ACLS,ACMR,ACOG,ACVA,ADAG,ADC,ADM,ADNT,ADTN,ADUR,AEBI,AEE,AEHR,AEIS,AEP,AERO,AEVA,AFRM,AGCO,AGI,AGMB,AHR,AHRT,AIV,AKR,ALAB,ALB,ALC,ALG,ALGM,ALH,ALMS,ALMU,ALNT,ALNY,ALOY,ALTO,ALV,AMAT,AMBA,AMCR,AMD,AMH,AMKR,AMPG,QQQ","AAPL,ABCB,ABEO,ABM,ACGL,ACIC,ACT,ACTG,ACU,AD,ADT,AEXA,AFG,AFL,AGO,AGYS,AIG,AIT,AIZ,AJG,AKO-B,ALAR,ALCO,ALL,ALLE,ALX,AME,AMG"
2026-04-10 15:30:00+00:00,L0469,L0466,maturity,maturity,0.5667923500031906,0.35817100545814984,2,A;AAUC,12,AAP-AIT;AAPL-ABX;ACA-AMN;ACB-AMBQ;ACU-AIRO;ADAG-AGYS;ADAM-AFRI;ADAM-AIRS;AEE-AMBP;AGX-AIRO;AIRO-AIT;AMLX-AMN,0.0030252380965976045,2.85085237581499,0.017045454545454544,0.9927589187739678,"A,AAON,AAP,AARD,AAUC,ABCL,ABEV,ABR,ABX,ACB,ACCO,ACHC,ACHR,ACLS,ACVA,ADAG,ADAM,ADM,ADNT,ADTN,ADUR,AEBI,AEG,AERO,AEVA,AFRM,AGCO,AGI,AGMB,AGNC,AHCO,AIRJ,AIRO,ALAB,ALC,ALG,ALGM,ALMS,ALNY,ALTO,ALV,AMBA,AMBP,AMCR,AMCX,AMD,AMH,AMN,AMPG,QQQ","AAMI,AAPL,ABCB,ABEO,ABM,ABNB,ABT,ACA,ACDC,ACEL,ACGL,ACI,ACIC,ACIW,ACM,ACN,ACNB,ACR,ACT,ACTG,ACU,AD,ADBE,ADP,ADSK,ADT,AEC,AEE,AEO,AEP,AESI,AFG,AFL,AFRI,AFYA,AGEN,AGO,AGRO,AGX,AGYS,AIG,AIN,AIR,AIRS,AIT,AIZ,AJG,AKAM,AKO-B,AKTS,ALAR,ALCO,ALKT,ALL,ALLE,ALLY,ALOT,ALRM,ALRS,ALX,AMAL,AMBQ,AME,AMG,AMGN,AMLX,AMP"
2026-04-10 16:15:00+00:00,L0476,L0466,maturity,maturity,0.8518117160722919,0.43652803438531695,0,,4,ACOG-ALKT;AGEN-AIRJ;AGRO-ALLT;ALKT-AMN,0.0004682883736677468,1.618760093045529,0.017341040462427744,0.7937931044680291,"AA,AAT,ABAT,ACB,ACHV,ACMR,ACOG,ACRE,ADC,ADEA,ADI,ADV,AEHR,AEM,AER,AES,AG,AGL,AHCO,AHR,AHRT,AIP,AIRG,AIRJ,AIV,AKR,ALB,ALGN,ALH,ALLT,ALM,ALMU,ALNT,ALOY,ALTG,AMAT,AMBA,AMBP,AMCX,AMH,AMKR,AMN","AAMI,AAPL,ABCB,ABEO,ABM,ABNB,ABT,ACA,ACDC,ACEL,ACGL,ACI,ACIC,ACIW,ACM,ACN,ACNB,ACR,ACT,ACU,AD,ADBE,ADP,ADSK,ADT,AEC,AEE,AEO,AEP,AESI,AFBI,AFG,AFL,AFYA,AGEN,AGO,AGRO,AGYS,AI,AIG,AIN,AIR,AIRS,AIT,AIZ,AJG,AKAM,AKO-B,AKTS,ALCO,ALKT,ALL,ALLE,ALLY,ALOT,ALRM,ALRS,ALX,AMAL,AME,AMG,AMGN,AMLX,AMP"
2026-04-10 16:15:00+00:00,L0469,L0466,maturity,maturity,0.5865277974037435,0.43652803438531695,1,AAUC,3,AAOI-ACA;ABEO-ABX;ABX-ALLE,0.00042460463009774685,1.7988112904230436,0.017341040462427744,0.7592207282118432,"AAL,AAOI,AAON,AAUC,ABCL,ABEV,ABR,ABX,ACCO,ACET,ACHC,ACHR,ACLS,ACVA,ADAG,ADM,ADNT,ADTN,ADUR,AEBI,AEG,AERO,AEVA,AFRM,AGCO,AGI,AGMB,AGNC,ALAB,ALC,ALG,ALGM,ALGT,ALK,ALMS,ALNY,ALTO,ALV,AMCR,AMD,AMPG,QQQ","AAMI,AAPL,ABCB,ABEO,ABM,ABNB,ABT,ACA,ACDC,ACEL,ACGL,ACI,ACIC,ACIW,ACM,ACN,ACNB,ACR,ACT,ACU,AD,ADBE,ADP,ADSK,ADT,AEC,AEE,AEO,AEP,AESI,AFBI,AFG,AFL,AFYA,AGEN,AGO,AGRO,AGYS,AI,AIG,AIN,AIR,AIRS,AIT,AIZ,AJG,AKAM,AKO-B,AKTS,ALCO,ALKT,ALL,ALLE,ALLY,ALOT,ALRM,ALRS,ALX,AMAL,AME,AMG,AMGN,AMLX,AMP"
2026-04-10 16:30:00+00:00,L0470,L0476,expansion,maturity,0.6414655150537794,0.3081429809427596,2,AFJK;AMBQ,7,ABBV-ADI;ACET-ADI;ACET-AIRG;ADUS-AER;AEHR-AFJK;AEM-AMBQ;AFJK-ALGN,0.0005157227860763669,2.4891951309774485,0.01652892561983471,0.909660670386299,"ABBV,ABG,ABSI,ABUS,ABVX,ACAD,ACET,ACNT,ACRS,ACTG,ADMA,ADPT,ADSE,ADUS,AENT,AES,AEXA,AFCG,AFJK,AGBK,AGCC,AGIO,AGM,AGNC,AGPU,AII,AIOT,ALHC,ALKS,ALSN,ALVO,AM,AMBQ,AMCI,AMPH","AAP,AAT,ABAT,ACB,ACHV,ACMR,ACOG,ACRE,ADAM,ADC,ADEA,ADI,ADV,AEHR,AEM,AER,AEYE,AG,AGL,AHCO,AHR,AHRT,AIP,AIRG,AIRJ,AIV,AKR,ALB,ALGN,ALH,ALLT,ALM,ALMU,ALNT,ALOY,ALTG,AMAT,AMCX,AMKR,AMN"
2026-04-10 17:00:00+00:00,L0470,L0466,expansion,maturity,0.5653236750272722,0.34775754333467135,1,AGYS,4,AAPL-AMBQ;ABUS-AFG;ACIC-AGYS;AFG-AIOT,0.00026101473486050963,1.9496319963078097,0.01764705882352941,0.7639794234090649,"ABG,ABUS,ABVX,ACAD,ACNT,ACRS,ACTG,ADPT,ADSE,AENT,AEXA,AFCG,AGBK,AGCC,AGIO,AGM,AGPU,AGYS,AII,AIOT,ALHC,ALKS,ALSN,ALVO,AM,AMBQ,AMCI,AMPH","AAMI,AAPL,ABCB,ABEO,ABM,ABNB,ABT,ACDC,ACEL,ACGL,ACI,ACIC,ACIW,ACM,ACN,ACNB,ACR,ACT,ACU,AD,ADBE,ADP,ADSK,ADT,AEC,AEE,AEO,AEP,AESI,AFBI,AFG,AFL,AFYA,AGEN,AGO,AGRO,AI,AIG,AIN,AIR,AIRS,AIZ,AJG,AKAM,AKO-B,AKTS,ALCO,ALKT,ALL,ALLE,ALLY,ALOT,ALRM,ALRS,ALX,AMAL,AME,AMG,AMGN,AMLX,AMP"
2026-04-10 17:15:00+00:00,L0466,L0469,expansion,maturity,0.28418860252176825,0.885901966076768,1,ABX,1,ABEV-ABX,0.0002635924320202321,1.3928625540370725,0.019834710743801654,0.7022180157003992,"A,AAMI,AAPL,AAUC,ABCB,ABEO,ABM,ABNB,ABT,ABX,ACA,ACDC,ACEL,ACGL,ACI,ACIC,ACIW,ACM,ACN,ACNB,ACR,ACT,ACU,AD,ADBE,ADP,ADSK,ADT,AEC,AEE,AEO,AEP,AESI,AFBI,AFG,AFL,AFRI,AFYA,AGEN,AGO,AGRO,AGX,AGYS,AI,AIG,AIN,AIR,AIRO,AIRS,AIT,AIZ,AJG,AKAM,AKO-B,AKTS,ALAR,ALCO,ALKT,ALL,ALLE,ALLT,ALLY,ALOT,ALRM,ALRS,ALX,AMAL,AME,AMG,AMGN,AMLX,AMP","AAL,AAON,AARD,ABCL,ABEV,ABR,ACCO,ACHC,ACHR,ACLS,ACVA,ADAG,ADM,ADNT,ADTN,ADUR,AEBI,AEG,AERO,AEVA,AFRM,AGCO,AGI,AGMB,AGNC,AIP,ALAB,ALC,ALG,ALGM,ALGT,ALK,ALMS,ALSN,ALTO,ALV,AMBA,AMCR,AMD,AMPG,AMPH,QQQ"
2026-04-10 17:30:00+00:00,L0466,L0469,decay,expansion,0.42620953015747914,0.45224823018138594,0,,4,AAUC-AERO;ACOG-ALG;ACOG-AMBP;AGEN-AIRJ,0.0012968752125743777,1.6350447452918777,0.02125340599455041,0.6754865253238115,"AAMI,AAPL,AAUC,ABCB,ABEO,ABM,ABNB,ABT,ACDC,ACEL,ACGL,ACI,ACIC,ACIW,ACM,ACN,ACNB,ACOG,ACR,ACT,ACU,AD,ADBE,ADP,ADSK,ADT,AEE,AEO,AEP,AESI,AFBI,AFG,AFL,AFYA,AGEN,AGO,AGRO,AGYS,AI,AIG,AIN,AIR,AIRS,AIZ,AJG,AKAM,AKO-B,AKTS,ALCO,ALKT,ALL,ALLE,ALLY,ALOT,ALRM,ALRS,ALX,AMAL,AME,AMG,AMGN,AMLX,AMP","AA,AAL,AAON,AAP,AARD,ABCL,ABEV,ABR,ABX,ACCO,ACHC,ACHR,ACLS,ACVA,ADAG,ADEA,ADM,ADNT,ADTN,ADUR,AEBI,AEG,AERO,AEVA,AFRM,AGCO,AGI,AGMB,AIP,AIRJ,ALAB,ALC,ALG,ALGM,ALGT,ALK,ALMS,ALTO,ALV,AMAT,AMBA,AMBP,AMCR,AMCX,AMD,AMPG,QQQ"
2026-04-10 17:45:00+00:00,L0476,L0466,maturity,maturity,0.5691155637508463,0.62588769949756,3,AEC;ALLT;AMN,11,AAPL-ALNY;ABEO-AHRT;ACDC-ALH;ACOG-ADEA;ACOG-AGL;ADSK-ALLT;AEP-ALH;AGL-AMGN;AGRO-AIRG;AGRO-ALLT;AIRJ-AMAL,0.0011645846934698056,2.8968208328007097,0.015789473684210523,1.0850746082273308,"AAPG,AAT,ABAT,ACB,ACHV,ACMR,ACRE,ADC,ADEA,ADV,AEC,AEHR,AEM,AEYE,AG,AGL,AHCO,AHR,AHRT,AIRG,AIRJ,AIV,AKR,ALB,ALGN,ALH,ALLT,ALM,ALMU,ALNT,ALNY,ALOY,ALTG,AMAT,AMH,AMKR,AMN","AAMI,AAPL,ABCB,ABEO,ABM,ABNB,ABT,ACDC,ACEL,ACGL,ACI,ACIC,ACIW,ACM,ACN,ACNB,ACOG,ACR,ACT,ACU,AD,ADBE,ADP,ADSK,AEE,AEO,AEP,AESI,AFBI,AFG,AFL,AFYA,AGEN,AGO,AGRO,AGYS,AI,AIG,AIR,AIRS,AIZ,AJG,AKAM,AKO-B,AKTS,ALCO,ALKT,ALL,ALLE,ALLY,ALOT,ALRM,ALRS,ALX,AMAL,AMG,AMGN,AMLX,AMP"
2026-04-10 17:45:00+00:00,L0470,L0466,decay,maturity,0.27670521423665084,0.62588769949756,0,,5,ABCB-AM;ABUS-ACGL;ACN-ACRS;ACTG-AGO;AESI-AFCG,0.0012427202236722223,1.8122598958760892,0.015789473684210523,0.7262112691419171,"AAON,AARD,ABUS,ABVX,ACAD,ACRS,ACTG,ADPT,AERO,AFCG,AGBK,AGCC,AGIO,AGNC,AGPU,AII,AIOT,ALHC,ALKS,ALSN,ALVO,AM,AMBQ,AMCI,AMPH","AAMI,AAPL,ABCB,ABEO,ABM,ABNB,ABT,ACDC,ACEL,ACGL,ACI,ACIC,ACIW,ACM,ACN,ACNB,ACOG,ACR,ACT,ACU,AD,ADBE,ADP,ADSK,AEE,AEO,AEP,AESI,AFBI,AFG,AFL,AFYA,AGEN,AGO,AGRO,AGYS,AI,AIG,AIR,AIRS,AIZ,AJG,AKAM,AKO-B,AKTS,ALCO,ALKT,ALL,ALLE,ALLY,ALOT,ALRM,ALRS,ALX,AMAL,AMG,AMGN,AMLX,AMP"
2026-04-10 18:00:00+00:00,L0466,L0469,decay,maturity,0.5067724396618702,0.18957284579966063,0,,2,AIRJ-AMN;ALK-AMN,0.0001381741021759808,1.103207517817668,0.013422818791946308,0.4867188879116682,"AAMI,ABNB,ABT,ACDC,ACEL,ACI,ACIW,ACM,ACN,ACNB,ACR,ACU,AD,ADBE,ADP,ADSK,AEC,AEE,AEO,AESI,AFYA,AGEN,AGRO,AGX,AI,AIN,AIR,AIRS,AKAM,AKO-B,AKTS,ALKT,ALLT,ALLY,ALOT,ALRM,ALRS,ALX,AMAL,AMLX,AMN,AMP","AAL,AAP,AARD,ABCL,ABEV,ABR,ABX,ACCO,ACHC,ACHR,ACLS,ACVA,ADAG,ADEA,ADM,ADNT,ADUR,AEBI,AEG,AEVA,AFRM,AGCO,AGI,AGMB,AIRJ,ALAB,ALC,ALG,ALGM,ALGT,ALK,ALTO,ALV,AMBP,AMCR,AMCX,AMD,AMPG,QQQ"
2026-04-10 18:15:00+00:00,L0476,L0469,maturity,maturity,0.6840421283910237,0.5655651327641367,3,ADEA;ALTO;AMBA,20,AA-ABAT;AAON-AMBA;AAP-AHCO;AAT-ALC;ACHR-ALTO;ACHV-ADM;ACOG-AMBP;ACVA-AEHR;ADAG-AHR;ADC-ALSN;ADEA-ALGT;AEG-ALTO;AEM-AEVA;AGI-ALGN;AGMB-ALTO;AHR-AIRJ;ALB-ALC;ALMS-ALTO;ALNT-AMAT;ALTO-AMAT,0.0009833474177867174,3.2994722773547567,0.01813186813186813,1.2024700279050176,"A,AAOI,AAPG,AAT,ABAT,ACA,ACB,ACHV,ACMR,ACOG,ACRE,ADAM,ADC,ADEA,ADV,AEC,AEHR,AEIS,AEM,AEYE,AFRI,AG,AGL,AHCO,AHR,AHRT,AIRG,AIRO,AIV,AKR,ALB,ALGN,ALH,ALLT,ALM,ALMU,ALNT,ALNY,ALOY,ALTG,ALTO,AMBA,AMBQ,AMH,AMKR","AA,AAL,AAON,AAP,AARD,ABCL,ABEV,ABR,ABX,ACCO,ACHC,ACHR,ACLS,ACVA,ADAG,ADM,ADNT,ADTN,ADUR,AEBI,AEG,AEVA,AFRM,AGCO,AGI,AGMB,AIRJ,ALAB,ALC,ALG,ALGM,ALGT,ALK,ALMS,ALSN,ALV,AMAT,AMBP,AMCR,AMCX,AMD,QQQ"
2026-04-10 18:30:00+00:00,L0469,L0466,maturity,expansion,0.7489509137650084,0.4291906223714263,0,,2,ACOG-ADEA;ADEA-ALKT,0.0012519292649812996,1.1394960177621485,0.0156794425087108,0.6406683816577742,"AAL,AAON,AARD,ABCL,ABEV,ABR,ACCO,ACHC,ACHR,ACLS,ACVA,ADAG,ADEA,ADM,ADNT,ADTN,ADUR,AEBI,AEG,AERO,AEVA,AFRM,AGCO,AGI,AGMB,AIP,ALAB,ALC,ALG,ALGM,ALGT,ALK,ALMS,ALSN,ALTO,ALV,AMBA,AMCR,AMCX,AMD,AMPG,AMPH,QQQ","AAMI,AAPL,ABCB,ABEO,ABM,ABNB,ABT,ACDC,ACEL,ACGL,ACI,ACIC,ACIW,ACM,ACN,ACNB,ACOG,ACR,ACT,ACU,AD,ADBE,ADP,ADSK,AEE,AEO,AEP,AESI,AFBI,AFG,AFL,AFYA,AGEN,AGO,AGRO,AGYS,AI,AIG,AIN,AIR,AIRS,AIT,AIZ,AJG,AKAM,AKO-B,AKTS,ALCO,ALKT,ALL,ALLE,ALLY,ALOT,ALRM,ALRS,ALX,AMAL,AME,AMG,AMGN,AMLX,AMN,AMP"
2026-04-10 18:45:00+00:00,L0487,L0466,confirmation,maturity,1.2678182181997932,0.4799501936752959,2,AFRI;ALAR,5,AAMI-AENT;AEXA-AIT;AEXA-ALRS;AFG-AGM;AKAM-AKO-B,0.0099735590047203,2.3976548712198658,0.016695652173913042,1.12624858919358,"ACNT,ADSE,AENT,AEXA,AFRI,AGM,AKO-B,ALAR","A,AAMI,AAPL,ABCB,ABEO,ABM,ABNB,ABT,ABX,ACA,ACDC,ACEL,ACGL,ACI,ACIC,ACIW,ACM,ACN,ACNB,ACR,ACT,ACTG,ACU,AD,ADBE,ADP,ADSK,ADT,AEE,AEO,AEP,AESI,AFBI,AFG,AFL,AFYA,AGEN,AGO,AGRO,AGX,AI,AIG,AIN,AIR,AIRS,AIT,AIZ,AJG,AKAM,AKTS,ALCO,ALKT,ALL,ALLE,ALLY,ALOT,ALRM,ALRS,ALX,AMAL,AME,AMG,AMGN,AMLX,AMP"
2026-04-10 19:00:00+00:00,L0470,L0476,expansion,maturity,0.486214803988271,0.5422255584705283,2,AAOI;AAPG,8,AAOI-ACMR;ADUS-AIRG;ADUS-AIV;AER-AHCO;AER-ALH;AES-AIV;AIP-ALLT;AIP-AMBA,0.0004377621557978273,2.5683111016605995,0.017777777777777778,0.9532765508194564,"AAOI,AAPG,ABBV,ABG,ABSI,ABUS,ABVX,ACAD,ACET,ACNT,ACRS,ADI,ADMA,ADPT,ADSE,ADUS,AENT,AER,AES,AEXA,AFCG,AFJK,AGBK,AGCC,AGIO,AGM,AGNC,AGPU,AGYS,AII,AIOT,AIP,AKO-B,ALHC,ALKS,AM","AA,AAT,ABAT,ACHV,ACMR,ACRE,ACVA,ADAM,ADC,ADEA,ADV,AEHR,AEIS,AEM,AEYE,AG,AGL,AHCO,AHR,AHRT,AIRG,AIV,AKR,ALB,ALGN,ALH,ALK,ALLT,ALM,ALMU,ALNT,ALOY,ALTG,AMAT,AMBA,AMH,AMKR"
2026-04-10 19:15:00+00:00,L0476,L0469,expansion,maturity,0.8003075300745555,0.4059746269626395,7,ACVA;AFRM;ALK;ALNY;ALOY;AMBA;AMH,36,A-AERO;AA-ACB;AA-AHRT;AA-ALM;AAL-AAOI;AAOI-AGI;AAON-AMBA;AAP-ACB;AAP-ADAM;AAT-ABEV;ABAT-AGI;ABCL-ALOY;ABEV-AMH;ABX-AEBI;ABX-ALMS;ACHR-ACVA;ACHR-ALNY;ACMR-ALMS;ACOG-AMBP;ADM-AFRM;ADNT-AMH;AEBI-AMH;AEVA-AHCO;AEVA-ALM;AGI-AHCO;AHR-ALSN;AHR-AMD;AHRT-AMBP;AHRT-AMCR;AKR-AMBP;ALG-AMKR;ALH-ALK;ALH-ALM;ALMS-AMH;ALMU-ALV;ALV-AMBA,-0.0011427322606323287,3.9318256327243257,0.01813186813186813,1.34756083551202,"A,AAOI,AAPG,AAT,ABAT,ABX,ACB,ACHV,ACMR,ACOG,ACRE,ACVA,ADAM,ADC,ADEA,ADV,AEC,AEHR,AEIS,AEM,AEYE,AFRM,AG,AGL,AHCO,AHR,AHRT,AIRJ,AIRO,AIV,AKR,ALB,ALGN,ALK,ALLT,ALM,ALMU,ALNT,ALNY,ALOY,ALTG,AMBA,AMBQ,AMH,AMKR,AMN","AA,AAL,AAON,AAP,AARD,ABCL,ABEV,ABR,ACCO,ACHC,ACHR,ACLS,ADAG,ADM,ADNT,ADTN,ADUR,AEBI,AEG,AERO,AEVA,AGCO,AGI,AGMB,ALAB,ALC,ALG,ALGM,ALGT,ALH,ALMS,ALSN,ALTO,ALV,AMAT,AMBP,AMCI,AMCR,AMCX,AMD,AMPG,QQQ"
2026-04-10 19:30:00+00:00,L0470,L0466,expansion,expansion,0.4961115237365127,0.933662983813586,2,AFJK;AKO-B,24,AAMI-AEXA;ABCB-ACRS;ABNB-AENT;ABUS-ABX;ABUS-ALLY;ACAD-ALLY;ACNT-AMBQ;ACRS-AD;ACRS-AFL;ACTG-AGIO;ADMA-AIT;AESI-AGCC;AFG-AGM;AFL-AGCC;AFRI-AGM;AFRI-ALHC;AGCC-AIG;AGCC-ALLY;AGIO-ALSN;AIOT-AIRO;AIOT-ALLE;AIOT-AMBQ;ALLY-AM;AM-AMG,0.0024765567504800856,3.3757994226042474,0.016574585635359115,1.2753683957613955,"AAPG,ABBV,ABG,ABSI,ABUS,ACAD,ACET,ACNT,ACRS,ADMA,ADPT,ADSE,ADUS,AENT,AEXA,AFCG,AFJK,AGBK,AGCC,AGIO,AGM,AGNC,AGPU,AGYS,AII,AIOT,AKO-B,ALHC,ALKS,ALVO,AM,AMCI","A,AAMI,AAPL,AAUC,ABCB,ABEO,ABM,ABNB,ABT,ABX,ACA,ACDC,ACEL,ACGL,ACI,ACIC,ACIW,ACM,ACN,ACNB,ACR,ACT,ACTG,ACU,AD,ADBE,ADP,ADSK,ADT,AEC,AEE,AEO,AEP,AESI,AFBI,AFG,AFL,AFRI,AFYA,AGEN,AGO,AGRO,AGX,AI,AIG,AIN,AIR,AIRO,AIRS,AIT,AIZ,AJG,AKAM,AKTS,ALAR,ALCO,ALKT,ALL,ALLE,ALLY,ALOT,ALRM,ALRS,ALSN,ALX,AMAL,AMBQ,AME,AMG,AMGN,AMLX,AMP"
2026-04-10 19:45:00+00:00,L0469,L0476,maturity,expansion,0.6600366556047431,0.4356823116507295,0,,142,AAL-ACB;AAL-ACET;AAL-ADAM;AAL-ADC;AAL-ADI;AAL-AER;AAON-ACB;AAON-ADAM;AAON-AEYE;AAON-AMN;AAP-ACOG;AAP-AGX;AAP-AHCO;AAP-ALMU;AAT-ABEV;AAT-ALOY;AAUC-ALC;ABAT-ALGM;ABAT-ALK;ABCL-AEHR;ABCL-AES;ABCL-AG;ABCL-AGL;ABCL-ALGN;ABCL-ALM;ABEV-ADC;ABEV-AER;ABEV-AMBP;ABEV-AMN;ABR-ACB;ABR-ACRE;ABR-ADAM;ABX-AEBI;ABX-AFRM;ACB-ACHC;ACB-ACHR;ACB-ADNT;ACB-ADUR;ACB-AERO;ACB-AEVA;ACB-ALGT;ACB-ALK;ACB-ALV;ACB-AMCR;ACET-ALGT;ACET-ALK;ACET-AMCR;ACHR-ACRE;ACHR-AEM;ACHR-ALNT;ACHV-ALGM;ACLS-AEIS;ACLS-AEM;ACLS-AG;ACLS-ALM;ACOG-AEBI;ACOG-ALTO;ACOG-AMBA;ACRE-ADTN;ACRE-ADUR;ACRE-AGI;ACRE-ALGT;ACRE-ALK;ACRE-AMCR;ACRE-QQQ;ADAG-ALMU;ADAM-AERO;ADAM-AEVA;ADAM-AGI;ADAM-ALK;ADAM-AMPG;ADAM-QQQ;ADC-ALGT;ADC-ALK;ADC-ALOY;ADC-ALV;ADC-AMCR;ADEA-AER;ADI-ALK;ADI-ALV;ADI-AMCR;ADI-AMD;ADI-QQQ;ADM-ADMA;ADM-AHCO;ADM-ALB;ADM-ALH;ADM-ALMU;ADMA-AFRM;ADMA-ALAB;ADNT-ALTG;ADTN-AEM;ADTN-ALNT;ADTN-AMLX;ADUS-ALV;ADV-AEBI;AEBI-AHCO;AEBI-ALB;AEHR-ALAB;AEIS-AMBA;AEIS-AMPG;AEM-AEVA;AEM-ALK;AEM-AMCR;AER-ALGT;AER-ALK;AER-ALV;AER-AMCR;AER-AMCX;AEVA-AG;AFRM-AHCO;AFRM-ALB;AG-ALGM;AG-AMBA;AGCO-AGX;AGCO-ALM;AGCO-ALSN;AGI-AGL;AGL-ALAB;AGX-ALC;AGX-ALG;AGX-ALMS;AGX-ALTO;AHCO-ALAB;AHCO-ALG;AIRG-ALAB;AIRG-AMD;AKR-ALOY;ALAB-ALB;ALAB-ALGN;ALB-ALG;ALB-ALMS;ALC-AMN;ALG-ALMU;ALGM-ALGN;ALGN-AMBA;ALGN-AMD;ALGT-ALNT;ALNT-AMCR;ALV-AMN;AMBP-AMH;AMH-AMN,0.0015018260892247781,4.9638943071906905,0.016216216216216217,1.572121699406747,"AAL,AAON,AAP,AARD,ABCL,ABEV,ABR,ACCO,ACHC,ACHR,ACLS,ADAG,ADEA,ADM,ADNT,ADTN,ADUR,AEBI,AEG,AERO,AEVA,AFRM,AGCO,AGI,AGMB,AIP,ALAB,ALC,ALG,ALGM,ALGT,ALK,ALMS,ALNY,ALOY,ALTO,ALV,AMBA,AMCI,AMCR,AMCX,AMD,AMH,AMPG,AMPH,QQQ","AA,AAT,AAUC,ABAT,ABX,ACB,ACET,ACHV,ACMR,ACOG,ACRE,ACVA,ADAM,ADC,ADI,ADMA,ADUS,ADV,AEHR,AEIS,AEM,AER,AES,AEYE,AG,AGL,AGX,AHCO,AHR,AHRT,AIRG,AIRJ,AIV,AKR,ALB,ALGN,ALH,ALM,ALMU,ALNT,ALSN,ALTG,AMAT,AMBP,AMKR,AMLX,AMN"
2026-04-13 14:00:00+00:00,L0496,L0494,confirmation,maturity,0.4881520126688209,0.9903527258367723,3,ACRS;AFRI;AGIO,8,ABUS-ADP;ABX-AIR;ACN-AGIO;ACN-ALTO;ACRS-AEBI;ACRS-ALMS;AGEN-AMKR;AGIO-AKAM,0.0009267604036722332,2.7142095957163095,0.02054794520547945,1.1251860122615773,"A,AARD,ABCL,ABEO,ABSI,ABUS,ABX,ACIW,ACRS,ACVA,ADPT,ADSK,ADT,ADUR,AEG,AEHR,AEVA,AFRI,AFRM,AG,AGIO,AGL,AGYS,AIOT,AIRJ,AKTS,ALAR,ALC,ALGN,ALHC,ALOY,ALTO,AMBA,AMBQ,AMGN,AMKR,AMLX,AMPG","AAP,AAUC,ACA,ACDC,ACIC,ACN,ACOG,ADAG,ADBE,ADM,ADMA,ADP,ADV,AEBI,AESI,AFBI,AFYA,AGCO,AGEN,AGRO,AGX,AHCO,AII,AIP,AIR,AIT,AJG,AKAM,ALAB,ALB,ALG,ALH,ALM,ALMS,ALMU,ALX,AM"
2026-04-13 14:15:00+00:00,L0498,L0493,expansion,maturity,0.3814489844993107,0.1509184468108118,3,ACNB;ADTN;ALNT,38,AAL-ACNB;AAL-ADNT;AAL-AGNC;AAMI-ACAD;AAMI-AMP;AAOI-ADI;ABEV-ABR;ABEV-AMCI;ABM-ABNB;ABNB-ABT;ABNB-ADNT;ABNB-AGNC;ABR-ACET;ABR-AMN;ABT-ACAD;ACAD-ALNT;ACB-ACM;ACET-AMPH;ACNB-AKO-B;ACNB-AMG;ACR-ALK;ADNT-AEG;ADTN-AIRO;ADTN-AIRS;AEG-AMN;AEO-AFJK;AER-ALLY;AER-AMCI;AER-AMPH;AGNC-AMCI;ALGT-AMPH;ALHC-AMBP;ALK-ALKT;ALK-AMN;ALKT-ALNY;ALLT-ALVO;ALLT-AMBP;ALV-AMCI,0.008903620764613152,3.826255118470654,0.011267605633802818,1.1179641498557706,"AAMI,AAON,AAPG,AAPL,AAT,ABCB,ABEV,ABG,ABM,ABT,ACCO,ACEL,ACET,ACHV,ACI,ACM,ACNB,ACR,ACRE,ACT,ACTG,AD,ADC,ADI,ADNT,ADTN,ADUS,AEE,AEO,AEP,AER,AFCG,AGCC,AGNC,AGO,AHR,AIV,AKR,ALCO,ALGT,ALKT,ALLE,ALNT,ALOT,ALRS,ALSN,ALTG,ALV,ALVO,AMAL,AMBP,AMCR,AMCX,AMH,AMN","AAL,AAOI,ABAT,ABBV,ABNB,ABR,ABVX,ACAD,ACB,ACHC,ACHR,ACU,ADEA,ADT,ADUR,AEC,AEG,AEVA,AFJK,AI,AIRJ,AIRO,AIRS,AKO-B,ALHC,ALK,ALLT,ALLY,ALNY,ALOY,AMCI,AMD,AMG,AMGN,AMP,AMPH,QQQ"
2026-04-13 14:15:00+00:00,L0498,L0499,expansion,confirmation,0.3814489844993107,0.11721978239346603,0,,20,AAON-AME;ABG-ADAM;ABG-AHRT;ACCO-ACMR;ACET-ALKS;ACHV-ALGM;ACRE-AGBK;ADC-AHRT;ADI-AHRT;AEO-AHRT;AEP-AMAT;AEP-AME;AER-AERO;AER-AME;AG-ALNT;AGO-AME;AGPU-AMAL;AIOT-ALNT;AIV-AKTS;AKR-AME,0.0013565480476245284,3.0509614155479268,0.019834710743801654,0.9153161905663849,"AAMI,AAON,AAPG,AAPL,AAT,ABCB,ABEV,ABG,ABM,ABT,ACCO,ACEL,ACET,ACHV,ACI,ACM,ACNB,ACR,ACRE,ACT,ACTG,AD,ADC,ADI,ADNT,ADTN,ADUS,AEE,AEO,AEP,AER,AFCG,AGCC,AGNC,AGO,AHR,AIV,AKR,ALCO,ALGT,ALKT,ALLE,ALNT,ALOT,ALRS,ALSN,ALTG,ALV,ALVO,AMAL,AMBP,AMCR,AMCX,AMH,AMN","AA,ACLS,ACMR,ADAM,AEHR,AEIS,AEM,AERO,AEYE,AG,AGBK,AGI,AGPU,AHRT,AIN,AIOT,AKTS,ALGM,ALKS,AMAT,AME"
2026-04-13 14:15:00+00:00,L0491,L0493,decay,maturity,0.6666195098771732,0.1509184468108118,1,AENT,6,AAOI-AENT;ABAT-AENT;ACGL-AEC;ACHC-AENT;ACU-AEXA;AEG-AGM,0.009683436714112759,2.2994144389197917,0.011267605633802818,0.8218051375814139,"ACGL,ACNT,ADSE,AENT,AES,AEXA,AFG,AFL,AGM,AGMB,AIG,AIZ,ALL,ALRM","AAL,AAOI,ABAT,ABBV,ABNB,ABR,ABVX,ACAD,ACB,ACHC,ACHR,ACU,ADEA,ADT,ADUR,AEC,AEG,AEVA,AFJK,AI,AIRJ,AIRO,AIRS,AKO-B,ALHC,ALK,ALLT,ALLY,ALNY,ALOY,AMCI,AMD,AMG,AMGN,AMP,AMPH,QQQ"
2026-04-13 14:15:00+00:00,L0491,L0499,decay,confirmation,0.6666195098771732,0.11721978239346603,1,AGMB,7,AA-ADSE;ACLS-AGMB;ADSE-AEYE;ADSE-AIOT;AEHR-AENT;AEXA-AIN;AG-AGMB,0.0021363639971241355,2.323723729365113,0.019834710743801654,0.8190579266340403,"ACGL,ACNT,ADSE,AENT,AES,AEXA,AFG,AFL,AGM,AGMB,AIG,AIZ,ALL,ALRM","AA,ACLS,ACMR,ADAM,AEHR,AEIS,AEM,AERO,AEYE,AG,AGBK,AGI,AGPU,AHRT,AIN,AIOT,AKTS,ALGM,ALKS,AMAT,AME"
2026-04-13 14:45:00+00:00,L0498,L0491,decay,maturity,0.3067163705538601,0.8609135328330554,0,,9,ABG-AFL;ACEL-AFL;ACGL-AER;ACM-AIZ;ACM-ALRM;ACR-ACT;ACT-AER;AER-AIG;AFG-AHR,0.003135169274173677,2.3334553579425426,0.006792452830188678,0.9346716784262386,"AAMI,AAON,AAPL,AAT,AAUC,ABCB,ABEV,ABG,ABM,ABT,ACCO,ACEL,ACET,ACI,ACM,ACNB,ACR,ACRE,AD,ADC,ADI,ADNT,ADTN,ADUS,AEO,AER,AERO,AGCC,AGM,AHR,AKR,ALCO,ALGT,ALRS,ALTG,ALV,ALVO,AMAL,AMBP,AMCR,AMCX,AMH,AMPH","ACGL,ACT,ACTG,AFG,AFL,AIG,AIZ,ALKT,ALL,ALRM"
2026-04-13 15:00:00+00:00,L0493,L0500,expansion,confirmation,0.3905285762046697,0.49368182135841965,2,AHRT;ALNT,21,AA-QQQ;AAL-ADC;ABR-AFJK;ACAD-AEM;ACHV-AMGN;ADEA-AMCI;AEG-AME;AEIS-AIOT;AEIS-ALLY;AEIS-AMD;AEP-AMGN;AEVA-ALAR;AG-AGMB;AG-ALAR;AGBK-ALNY;AGBK-QQQ;AGI-AMGN;AHRT-ALKS;ALLE-ALNY;ALLY-AME;ALSN-AMGN,0.00452174706151709,3.2753383744387117,0.014835164835164835,1.0863229876038794,"AAL,AAOI,ABAT,ABBV,ABNB,ABR,ABVX,ACAD,ACB,ACHC,ACHR,ACNB,ADEA,ADT,ADTN,ADUR,AEC,AEG,AEVA,AG,AGNC,AHRT,AI,AIOT,AIRJ,AIRO,AIRS,ALGT,ALHC,ALK,ALLT,ALLY,ALNT,ALNY,ALOY,AMD,AMG,AMGN,AMP,AMPG,AMPH,QQQ","AA,AAPG,ABEV,ABUS,ACET,ACHV,ACLS,ACMR,ACNT,ADAM,ADC,ADI,ADSE,AEE,AEIS,AEM,AEP,AES,AEYE,AFCG,AFJK,AGBK,AGI,AGMB,AGO,AHR,AIV,AKO-B,AKR,AKTS,ALAR,ALGM,ALKS,ALLE,ALOT,ALSN,AMAT,AMCI,AME,AMKR"
2026-04-13 15:00:00+00:00,L0498,L0500,decay,confirmation,0.10221526908306088,0.49368182135841965,3,AAON;ALRS;AMH,18,AAON-ACET;AAON-ADI;AAON-AEYE;AAPL-ADAM;AAPL-AIV;AAT-AEE;ABG-AMCI;ABT-ALOT;ACET-ALRS;ADAM-AMN;ADC-AER;ADI-ALV;ADSE-ADUS;AEO-AME;AER-AGO;AKO-B-AMCR;ALAR-AMH;ALV-AMCI,0.003582491510314867,3.2331040873998447,0.014835164835164835,0.9892704237076799,"AAMI,AAON,AAPL,AAT,ABCB,ABG,ABM,ABT,ACCO,ACEL,ACI,ACM,ACR,ACRE,ACT,AD,ADNT,ADUS,AEO,AER,AERO,AGCC,AGM,ALCO,ALRS,ALTG,ALV,ALVO,AMAL,AMBP,AMCR,AMCX,AMH,AMN","AA,AAPG,ABEV,ABUS,ACET,ACHV,ACLS,ACMR,ACNT,ADAM,ADC,ADI,ADSE,AEE,AEIS,AEM,AEP,AES,AEYE,AFCG,AFJK,AGBK,AGI,AGMB,AGO,AHR,AIV,AKO-B,AKR,AKTS,ALAR,ALGM,ALKS,ALLE,ALOT,ALSN,AMAT,AMCI,AME,AMKR"
2026-04-13 15:00:00+00:00,L0498,L0494,decay,maturity,0.10221526908306088,0.7407073602490781,0,,3,ADUS-AFRI;AFRI-ALTG;ALMS-AMH,0.0005607983039226383,1.4002169481445677,0.02097902097902098,0.6060778789826368,"AAMI,AAON,AAPL,AAT,ABCB,ABG,ABM,ABT,ACCO,ACEL,ACI,ACM,ACR,ACRE,ACT,AD,ADNT,ADUS,AEO,AER,AERO,AGCC,AGM,ALCO,ALRS,ALTG,ALV,ALVO,AMAL,AMBP,AMCR,AMCX,AMH,AMN","AAP,AAUC,ACA,ACDC,ACIC,ACN,ADAG,ADBE,ADM,ADV,AEBI,AESI,AFBI,AFRI,AFYA,AGCO,AGEN,AGRO,AGX,AHCO,AII,AIP,AIR,AIRG,AJG,AKAM,ALAB,ALB,ALG,ALH,ALM,ALMS,ALMU,AM"
2026-04-13 15:00:00+00:00,L0493,L0494,expansion,maturity,0.3905285762046697,0.7407073602490781,0,,1,AAUC-ALLY,0.001500053855124861,0.7654703470259626,0.02097902097902098,0.5338852208394681,"AAL,AAOI,ABAT,ABBV,ABNB,ABR,ABVX,ACAD,ACB,ACHC,ACHR,ACNB,ADEA,ADT,ADTN,ADUR,AEC,AEG,AEVA,AG,AGNC,AHRT,AI,AIOT,AIRJ,AIRO,AIRS,ALGT,ALHC,ALK,ALLT,ALLY,ALNT,ALNY,ALOY,AMD,AMG,AMGN,AMP,AMPG,AMPH,QQQ","AAP,AAUC,ACA,ACDC,ACIC,ACN,ADAG,ADBE,ADM,ADV,AEBI,AESI,AFBI,AFRI,AFYA,AGCO,AGEN,AGRO,AGX,AHCO,AII,AIP,AIR,AIRG,AJG,AKAM,ALAB,ALB,ALG,ALH,ALM,ALMS,ALMU,AM"
2026-04-13 15:15:00+00:00,L0500,L0498,maturity,maturity,0.7333476626263657,0.986992073308344,14,AAON;AAUC;ABEV;ACET;ACLS;ADAM;ADI;AGPU;AHRT;ALGM;ALKS;ALRS;AMAT;AME,17,AAMI-AAON;AAMI-AAUC;AAMI-ADI;AAMI-ALRS;AAT-AFCG;AAT-ALLE;ABCB-AHRT;ABEV-ALGT;ABM-AGBK;ACHV-AMCR;ADAM-AMCR;ADC-AMAL;AER-ALKS;AKR-ALV;AKTS-AMBP;ALKS-AMCR;ALV-AMAT,0.0022402993636205792,3.8334997913604396,0.012,1.4762768686205228,"AA,AAON,AAPG,AAUC,ABEV,ABUS,ACET,ACHV,ACLS,ACMR,ACNT,ADAM,ADC,ADI,AEE,AEM,AEP,AES,AEYE,AFCG,AFJK,AGBK,AGI,AGO,AGPU,AHR,AHRT,AIN,AIV,AKO-B,AKR,AKTS,ALAR,ALGM,ALKS,ALLE,ALNT,ALOT,ALRS,ALSN,AMAT,AME,AMH,AMKR","AAMI,AAPL,AAT,ABCB,ABG,ABM,ABT,ACCO,ACEL,ACI,ACM,ACR,ACRE,ACT,AD,ADNT,ADUS,AEO,AER,AERO,AGCC,AGM,ALCO,ALGT,ALTG,ALV,ALVO,AMAL,AMBP,AMCI,AMCR,AMCX,AMPH"
2026-04-13 15:15:00+00:00,L0494,L0491,maturity,maturity,0.6448731062968058,0.2308185568187653,0,,2,ACGL-AGX;AIG-AIP,-0.0005058039678260684,1.0986122886681098,0.005660377358490566,0.5382096277054723,"AAP,ACA,ACDC,ACIC,ACN,ADAG,ADM,ADV,AEBI,AESI,AFBI,AFRI,AFYA,AGCO,AGEN,AGRO,AGX,AHCO,AII,AIP,AIR,AIRG,AJG,AKAM,ALAB,ALB,ALG,ALH,ALM,ALMS,ALMU,AM","ACGL,ACTG,AFG,AFL,AIG,AIZ,ALKT,ALL,ALRM"
2026-04-13 15:30:00+00:00,L0498,L0491,expansion,maturity,0.2951509980760141,0.4198363842993288,4,ACM;ACT;AGCC;AGM,4,ACGL-ACM;ACM-ALRM;AER-AIG;AER-AIZ,0.0005853323818882927,2.5694418080609216,0.005660377358490566,0.8577057233316068,"AAMI,AAON,AAPL,AAT,AAUC,ABCB,ABEV,ABM,ABR,ACCO,ACEL,ACET,ACI,ACLS,ACM,ACR,ACT,AD,ADAM,ADI,ADTN,AEO,AER,AERO,AGCC,AGM,AGPU,AHRT,ALGM,ALKS,ALRS,ALV,AMAL,AMAT,AMCR,AMCX,AME,AMPH","ACGL,ACTG,AFG,AFL,AIG,AIZ,ALKT,ALL,ALRM"
2026-04-13 15:30:00+00:00,L0493,L0491,decay,maturity,0.3473013463443435,0.4198363842993288,1,AEC,1,AFL-AGBK,-0.00038934126496315,1.3862943611198906,0.005660377358490566,0.5775639660768479,"AA,ABAT,ABBV,ABUS,ACAD,ACHC,ACHR,ACMR,ACU,ADSE,ADT,ADUR,AEC,AEG,AEHR,AEIS,AENT,AEVA,AEYE,AG,AGBK,AIOT,AKO-B,ALAR,ALHC,ALLY,ALNY,ALOY,AMG,AMGN,AMKR,AMP,AMPG","ACGL,ACTG,AFG,AFL,AIG,AIZ,ALKT,ALL,ALRM"
2026-04-13 15:45:00+00:00,L0500,L0498,expansion,maturity,0.29529652104401555,0.4986254501894416,6,AAON;ABEV;AFCG;AKO-B;ALNT;AMH,25,AAON-ADTN;ABEV-ACEL;ABT-AKR;ACET-ALGM;ACET-ALV;ACET-AMCR;ACI-AKO-B;ACLS-AMCX;ACNB-AKO-B;ACRE-AGO;ADAM-AEP;ADC-ALTG;ADI-AIV;ADSE-ALTG;ADTN-ALNT;AEO-AME;AFCG-ALGM;AIV-ALCO;AKO-B-ALTG;ALGT-ALNT;ALKS-AMPH;ALLE-AMBP;ALNT-ALV;ALV-AMAT;AMCR-AMH,-0.001980368251679465,3.6375861597263857,0.015476190476190475,1.149894559873062,"AA,AAON,AAPG,ABBV,ABEV,ABUS,ACET,ACHV,ACLS,ACMR,ACNT,ADC,ADSE,AEE,AEM,AEP,AES,AEYE,AFCG,AFJK,AG,AGBK,AGI,AGO,AGPU,AHR,AIN,AIV,AKO-B,AKR,AKTS,ALAR,ALKS,ALLE,ALNT,ALOT,ALSN,AMAT,AME,AMGN,AMH,AMKR","AAMI,AAOI,AAPL,AAT,ABCB,ABG,ABM,ABR,ABT,ACB,ACCO,ACEL,ACI,ACNB,ACR,ACRE,AD,ADAM,ADI,ADNT,ADTN,ADUS,AEO,AER,AERO,AHRT,AIRS,ALCO,ALGM,ALGT,ALRS,ALTG,ALV,ALVO,AMAL,AMBP,AMCR,AMCX,AMD,AMPH"
2026-04-13 15:45:00+00:00,L0493,L0498,maturity,maturity,0.4698724636271314,0.4986254501894416,1,AMN,23,AAL-AAMI;AAL-ACRE;AAMI-AEHR;AAOI-ABAT;ABG-AGNC;ACB-ALLY;ACEL-AMN;ACHR-ADTN;ACHR-ALGT;ACNB-AIRO;ADAM-AMCI;ADEA-AEO;ADI-ALK;ADNT-ALNY;ADTN-AMP;AGNC-ALGT;AHRT-ALHC;AHRT-ALK;AIRO-ALGT;ALGT-AMP;ALLY-AMCX;AMCI-AMD;AMCX-AMN,0.0016742662119213492,3.264515378546625,0.015476190476190475,1.1089996473530568,"AAL,ABAT,ABNB,ABVX,ACAD,ACHC,ACHR,ACU,ADEA,ADT,ADUR,AEG,AEHR,AEIS,AEVA,AGNC,AI,AIOT,AIRJ,AIRO,ALHC,ALK,ALLT,ALLY,ALNY,ALOY,AMCI,AMG,AMN,AMP,AMPG,QQQ","AAMI,AAOI,AAPL,AAT,ABCB,ABG,ABM,ABR,ABT,ACB,ACCO,ACEL,ACI,ACNB,ACR,ACRE,AD,ADAM,ADI,ADNT,ADTN,ADUS,AEO,AER,AERO,AHRT,AIRS,ALCO,ALGM,ALGT,ALRS,ALTG,ALV,ALVO,AMAL,AMBP,AMCR,AMCX,AMD,AMPH"
2026-04-13 16:00:00+00:00,L0498,L0493,maturity,expansion,0.30849126722463516,0.6544933912024764,2,ADTN;AKO-B,19,AAMI-AIRO;AAMI-AMPH;ABAT-ACNB;ABAT-ADNT;ABBV-ALNT;ABM-ALK;ABNB-AIRS;ACAD-ALTG;ACEL-ALGT;ADNT-AHRT;ADNT-ALHC;ADNT-ALLT;ADNT-ALOY;ADNT-AMP;ADTN-ALLY;ADTN-AMG;AERO-AI;AERO-ALK;AI-ALTG,-0.00045314012095332146,3.1780538303479458,0.01405152224824356,1.0855165834523566,"AAMI,AAON,AAPL,AAT,ABCB,ABEV,ABG,ABM,ABT,ACCO,ACEL,ACI,ACNB,ACR,ACRE,AD,ADAM,ADI,ADNT,ADTN,ADUS,AERO,AFCG,AGCC,AIRS,AKO-B,ALCO,ALNT,ALRS,ALTG,ALV,ALVO,AMAL,AMBP,AMCR,AMCX,AMH,AMN","AAL,AAOI,ABAT,ABBV,ABNB,ABR,ABVX,ACAD,ACB,ACHC,ACHR,ACU,ADEA,ADT,ADUR,AEG,AEHR,AEIS,AEO,AER,AEVA,AGNC,AHRT,AI,AIOT,AIRJ,AIRO,ALGT,ALHC,ALK,ALKS,ALLT,ALLY,ALOY,AMCI,AMD,AMG,AMP,AMPH,QQQ"
2026-04-13 16:00:00+00:00,L0494,L0493,maturity,expansion,0.3566599320704241,0.6544933912024764,0,,1,ACIC-AEHR,0.004836949519813061,0.9097473513695564,0.01405152224824356,0.5328905631614957,"ACA,ACDC,ACIC,ACN,ACOG,ADAG,ADM,ADV,AEBI,AESI,AEXA,AFBI,AFYA,AGEN,AGMB,AGRO,AGX,AHCO,AII,AIP,AIR,AIT,AJG,AKAM,ALAB,ALAR,ALB,ALG,ALH,ALM,ALMS,ALMU,ALX,AM","AAL,AAOI,ABAT,ABBV,ABNB,ABR,ABVX,ACAD,ACB,ACHC,ACHR,ACU,ADEA,ADT,ADUR,AEG,AEHR,AEIS,AEO,AER,AEVA,AGNC,AHRT,AI,AIOT,AIRJ,AIRO,ALGT,ALHC,ALK,ALKS,ALLT,ALLY,ALOY,AMCI,AMD,AMG,AMP,AMPH,QQQ"
2026-04-13 16:15:00+00:00,L0493,L0498,decay,expansion,0.3622853082300558,0.30203787912737096,12,ABAT;ABNB;ABVX;ACHR;ADEA;ADT;AI;AIRO;ALHC;ALLY;AMP;QQQ,14,AAL-ADUR;AAMI-ALLY;AAOI-AI;ABG-ABNB;ABR-AKO-B;ABVX-AHRT;ACET-AEHR;ACNB-AEC;ADEA-AEO;ADEA-AER;ADEA-AMPH;AIRS-AMP;ALHC-AMBP;ALKS-AMCI,-0.0006987664964981377,3.6635616461296463,0.015204678362573098,1.1174680694940256,"ABAT,ABNB,ABVX,ACHC,ACHR,ACU,ADEA,ADT,ADTN,ADUR,AEC,AEG,AEHR,AEIS,AEVA,AI,AIOT,AIRJ,AIRO,AKO-B,ALHC,ALLY,ALNY,ALOY,AMCI,AMG,AMP,AMPG,QQQ","AAL,AAMI,AAOI,AAPL,AAT,ABCB,ABEV,ABG,ABM,ABR,ABT,ACB,ACCO,ACEL,ACET,ACI,ACM,ACNB,ACR,ACRE,AD,ADAM,ADI,ADNT,ADUS,AEO,AER,AERO,AGM,AGNC,AHRT,AIRS,ALCO,ALGT,ALK,ALKS,ALLT,ALNT,ALTG,ALV,ALVO,AMAL,AMBP,AMCR,AMCX,AMD,AMH,AMN,AMPH"
2026-04-13 16:15:00+00:00,L0493,L0502,decay,confirmation,0.3622853082300558,0.18743624122420477,1,ADTN,2,ACMR-AEG;AEIS-AMKR,0.0013045595260336995,1.6351945348828958,0.012103746397694523,0.5755306605166562,"ABAT,ABNB,ABVX,ACHC,ACHR,ACU,ADEA,ADT,ADTN,ADUR,AEC,AEG,AEHR,AEIS,AEVA,AI,AIOT,AIRJ,AIRO,AKO-B,ALHC,ALLY,ALNY,ALOY,AMCI,AMG,AMP,AMPG,QQQ","AA,AAON,ABUS,ACLS,ACMR,AES,AEYE,AFCG,AFRI,AGBK,AGCC,AGCO,AGO,AGPU,AIN,ALGM,ALLE,ALRS,AMAT,AME,AMKR"
2026-04-13 16:15:00+00:00,L0491,L0502,decay,confirmation,0.2553178315129552,0.18743624122420477,0,,4,ACT-AGBK;AFG-AGO;AFL-AGBK;AIZ-AME,0.004940778017044067,1.7036707487858467,0.012103746397694523,0.5605594709772638,"ACGL,ACT,ACTG,AFG,AFL,AIG,AIZ,ALKT,ALL,ALRM","AA,AAON,ABUS,ACLS,ACMR,AES,AEYE,AFCG,AFRI,AGBK,AGCC,AGCO,AGO,AGPU,AIN,ALGM,ALLE,ALRS,AMAT,AME,AMKR"
2026-04-13 16:15:00+00:00,L0491,L0498,decay,expansion,0.2553178315129552,0.30203787912737096,0,,3,ADUS-AFL;AFL-ALK;AFL-ALV,0.00293745199451223,1.457159358956159,0.015204678362573098,0.5337772546855235,"ACGL,ACT,ACTG,AFG,AFL,AIG,AIZ,ALKT,ALL,ALRM","AAL,AAMI,AAOI,AAPL,AAT,ABCB,ABEV,ABG,ABM,ABR,ABT,ACB,ACCO,ACEL,ACET,ACI,ACM,ACNB,ACR,ACRE,AD,ADAM,ADI,ADNT,ADUS,AEO,AER,AERO,AGM,AGNC,AHRT,AIRS,ALCO,ALGT,ALK,ALKS,ALLT,ALNT,ALTG,ALV,ALVO,AMAL,AMBP,AMCR,AMCX,AMD,AMH,AMN,AMPH"
2026-04-13 16:30:00+00:00,L0498,L0502,maturity,expansion,0.7277184122827345,0.9532146203845623,0,,18,AAMI-ABM;AAMI-ACB;AAPL-AMBP;ABCB-ACB;ABNB-AIRS;ABR-ACI;ACEL-ALGM;ACEL-ALTG;ACI-ALK;ACI-AMD;AD-AER;ADAM-AMN;AER-ALGM;AIN-ALLY;ALK-ALV;ALLY-ALV;ALV-AMD;AMCR-AME,0.002290397256729193,2.956421622091373,0.011634349030470913,1.2451304676776027,"AAL,AAOI,ABAT,ABG,ABM,ABNB,ABR,ABT,ABVX,ACAD,ACB,ACEL,ACHR,ACM,ACR,ACRE,ADEA,ADNT,ADT,ADUS,AEO,AER,AERO,AFRI,AGM,AGNC,AHRT,AI,AIRO,ALCO,ALGT,ALHC,ALK,ALLT,ALLY,ALNT,ALVO,AMBP,AMCR,AMCX,AMD,AMN,AMP,AMPH,QQQ","AAMI,AAON,AAPL,AAT,AAUC,ABCB,ABEV,ACCO,ACET,ACI,ACLS,ACNB,AD,ADAM,ADI,ADTN,AEP,AES,AEYE,AFCG,AGCC,AGCO,AGO,AGPU,AIN,AIRS,ALGM,ALKS,ALLE,ALRS,ALTG,ALV,AMAL,AMAT,AME"
2026-04-13 16:30:00+00:00,L0494,L0502,expansion,expansion,0.2507927084448914,0.9532146203845623,0,,5,AAON-ALG;AAP-AIN;AAUC-ALX;ACOG-AIN;ADM-AES,0.0026792111748363823,1.8354447394566442,0.011634349030470913,0.8218085358675677,"AAP,ACA,ACDC,ACIC,ACN,ACOG,ADAG,ADBE,ADM,ADMA,ADV,AEBI,AESI,AEXA,AFBI,AFYA,AGEN,AGMB,AGRO,AGX,AHCO,AII,AIP,AIR,AIRG,AIT,AJG,AKAM,ALAB,ALB,ALG,ALH,ALM,ALMS,ALMU,ALX,AM","AAMI,AAON,AAPL,AAT,AAUC,ABCB,ABEV,ACCO,ACET,ACI,ACLS,ACNB,AD,ADAM,ADI,ADTN,AEP,AES,AEYE,AFCG,AGCC,AGCO,AGO,AGPU,AIN,AIRS,ALGM,ALKS,ALLE,ALRS,ALTG,ALV,AMAL,AMAT,AME"
2026-04-13 16:30:00+00:00,L0498,L0491,maturity,maturity,0.7277184122827345,0.34201933961280107,0,,4,ABM-ACTG;ABNB-AFL;AER-AIZ;ALKT-AMN,0.000958136995905079,1.6284193594364682,0.006805293005671078,0.7290469593786284,"AAL,AAOI,ABAT,ABG,ABM,ABNB,ABR,ABT,ABVX,ACAD,ACB,ACEL,ACHR,ACM,ACR,ACRE,ADEA,ADNT,ADT,ADUS,AEO,AER,AERO,AFRI,AGM,AGNC,AHRT,AI,AIRO,ALCO,ALGT,ALHC,ALK,ALLT,ALLY,ALNT,ALVO,AMBP,AMCR,AMCX,AMD,AMN,AMP,AMPH,QQQ","ACGL,ACT,ACTG,AFG,AFL,AIG,AIZ,ALKT,ALL"
2026-04-13 16:30:00+00:00,L0494,L0491,expansion,maturity,0.2507927084448914,0.34201933961280107,0,,2,ACGL-AIT;ACTG-ALMS,0.0013469509140122682,1.1425319098337303,0.006805293005671078,0.46449738582659095,"AAP,ACA,ACDC,ACIC,ACN,ACOG,ADAG,ADBE,ADM,ADMA,ADV,AEBI,AESI,AEXA,AFBI,AFYA,AGEN,AGMB,AGRO,AGX,AHCO,AII,AIP,AIR,AIRG,AIT,AJG,AKAM,ALAB,ALB,ALG,ALH,ALM,ALMS,ALMU,ALX,AM","ACGL,ACT,ACTG,AFG,AFL,AIG,AIZ,ALKT,ALL"
2026-04-13 16:45:00+00:00,L0500,L0494,expansion,maturity,0.7430445223219369,1.015339684643664,0,,9,AARD-ADMA;AAUC-AGX;AAUC-AIT;AAUC-ALG;AENT-AEYE;AES-AFYA;AEYE-AFYA;AGCO-ALH;AIT-ALLE,0.0013025557273067534,2.3155265472346067,0.02040816326530612,1.1094581233881278,"AA,AAON,AAPG,AARD,AAUC,ABBV,ABEV,ABUS,ACET,ACHV,ACLS,ACMR,ACNT,ACRS,ADC,AEE,AEM,AEP,AES,AEYE,AFCG,AFJK,AG,AGBK,AGCO,AGI,AGPU,AHR,AIN,AIV,AKR,AKTS,ALGM,ALKS,ALLE,ALOT,ALSN,AMAT,AMBQ,AME,AMH,AMKR","AAP,ACA,ACDC,ACIC,ACN,ACOG,ADAG,ADBE,ADM,ADMA,ADP,ADV,AEBI,AENT,AESI,AEXA,AFBI,AFYA,AGEN,AGRO,AGX,AHCO,AII,AIP,AIR,AIRG,AIT,AJG,AKAM,ALAB,ALB,ALG,ALH,ALM,ALMS,ALMU,ALX,AM"
2026-04-13 17:00:00+00:00,L0496,L0494,decay,maturity,0.3098216461666,0.5727605134621457,1,ADP,12,A-ADBE;AA-AFYA;ABUS-AEBI;ABUS-AESI;ABX-ADMA;ACOG-ALGN;ADMA-ADP;ADP-ALX;ADSE-ADV;AFYA-ALC;AGIO-ALMS;AIRG-AMBQ,-0.0007263995648827404,2.70805020110221,0.020689655172413793,0.9448906464400383,"A,AA,AARD,AAUC,ABBV,ABCL,ABEO,ABSI,ABUS,ABX,ACIW,ACMR,ACRS,ACU,ACVA,ADP,ADPT,ADSE,ADSK,AEG,AEHR,AENT,AEYE,AFRM,AG,AGBK,AGIO,AGL,AGMB,AGYS,ALAR,ALC,ALGN,ALLE,ALNY,ALOY,AMBA,AMBQ,AMGN,AMKR,AMLX","AAP,ACA,ACDC,ACIC,ACN,ACOG,ADAG,ADBE,ADM,ADMA,ADV,AEBI,AESI,AEXA,AFBI,AFYA,AGEN,AGRO,AGX,AHCO,AII,AIP,AIR,AIRG,AIT,AJG,AKAM,ALAB,ALB,ALG,ALH,ALM,ALMS,ALMU,ALX,AM"
2026-04-13 17:00:00+00:00,L0498,L0494,decay,maturity,0.8053823870640688,0.5727605134621457,0,,1,AAP-AIN,0.00011727088713087142,0.6989936012446126,0.020689655172413793,0.5912947187448796,"AAON,AAPL,AAT,ABCB,ABEV,ABM,ABT,ACCO,ACEL,ACET,ACI,ACLS,ACNB,ACR,AD,ADI,ADNT,ADUS,AEO,AER,AFJK,AGCC,AGCO,AGM,AGPU,AIN,AIRS,ALCO,ALGM,ALKS,ALNT,ALRS,ALTG,ALV,ALVO,AMAL,AMAT,AMBP,AMCR,AMCX,AME,AMH,AMN","AAP,ACA,ACDC,ACIC,ACN,ACOG,ADAG,ADBE,ADM,ADMA,ADV,AEBI,AESI,AEXA,AFBI,AFYA,AGEN,AGRO,AGX,AHCO,AII,AIP,AIR,AIRG,AIT,AJG,AKAM,ALAB,ALB,ALG,ALH,ALM,ALMS,ALMU,ALX,AM"
2026-04-13 17:15:00+00:00,L0491,L0494,maturity,maturity,0.628736772243609,0.6152359285048524,0,,2,ACGL-AIP;AFG-AGX,0.0030354352202266455,1.1949956869197622,0.020689655172413793,0.6750441802303411,"ACGL,ACM,ACT,ACTG,AFG,AFL,AIG,AIZ,ALKT,ALL,ALRM,ALTO","AAP,ACA,ACDC,ACIC,ACN,ACOG,ADAG,ADBE,ADM,ADMA,ADP,ADV,AEBI,AESI,AFBI,AFRI,AGEN,AGRO,AGX,AHCO,AII,AIP,AIR,AIRG,AIT,AJG,AKAM,ALAB,ALB,ALG,ALH,ALM,ALMS,ALMU,ALX,AM"
2026-04-13 17:15:00+00:00,L0498,L0494,expansion,maturity,0.34476444782616267,0.6152359285048524,0,,2,AAUC-AGX;ADUS-AIT,0.0014506990992231295,1.1458361188154607,0.020689655172413793,0.5775625908790318,"AAON,AAPL,AAT,AAUC,ABCB,ABEV,ABG,ABM,ABT,ACCO,ACEL,ACHV,ACI,ACNB,ACNT,ACR,ACRE,AD,ADAM,ADC,ADI,ADNT,ADUS,AEE,AEM,AEO,AEP,AER,AERO,AFCG,AGCC,AGI,AGM,AGNC,AGO,AHR,AIRS,AIV,AKO-B,AKR,AKTS,ALCO,ALGT,ALLE,ALNT,ALOT,ALRS,ALSN,ALTG,ALV,ALVO,AMAL,AMBP,AMCR,AMCX,AMH,AMN","AAP,ACA,ACDC,ACIC,ACN,ACOG,ADAG,ADBE,ADM,ADMA,ADP,ADV,AEBI,AESI,AFBI,AFRI,AGEN,AGRO,AGX,AHCO,AII,AIP,AIR,AIRG,AIT,AJG,AKAM,ALAB,ALB,ALG,ALH,ALM,ALMS,ALMU,ALX,AM"
2026-04-13 18:00:00+00:00,L0507,L0506,decay,maturity,1.0696570994172763,0.6501808981568372,2,AEYE;AGCO,1,AGCO-AGO,0.0018122089095413685,1.8215158071287187,0.007874015748031496,0.9725114534166184,"AA,AARD,ABUS,ACHV,ACMR,ACNT,ADC,AEE,AEM,AEP,AEYE,AFJK,AFYA,AG,AGCO,AGI,AHR,AIV,AKR,AKTS,ALNT,ALOT,ALSN,AMBQ,AMGN,AMH","AAUC,ACGL,ACM,ACT,ACTG,AEC,AES,AFG,AFL,AGM,AGO,AIG,AIZ,ALKT,ALL,AMCX"
2026-04-13 18:45:00+00:00,L0507,L0510,expansion,expansion,0.534865405966207,0.3788360790816968,0,,6,ABAT-AMBP;ACHR-AGBK;AEG-AEYE;AEVA-AMGN;AGBK-AMP;AMBQ-AMG,0.0013117368944222108,1.964475833703996,0.015168539325842695,0.7675046848392466,"AA,AAT,ABBV,ABT,ACHV,ACMR,ACNT,ADC,AEE,AEM,AEP,AEYE,AFJK,AG,AGBK,AGI,AHR,AIV,AKR,AKTS,ALC,ALLE,ALNT,ALOT,ALSN,AMBP,AMBQ,AMGN,AMH","A,AAOI,ABAT,ABNB,ABVX,ACHC,ACHR,ACU,ADT,ADTN,ADUR,AEC,AEG,AEHR,AEIS,AENT,AEVA,AFRI,AI,AIOT,AIRJ,AIRO,ALGN,ALHC,ALLY,ALOY,AMBA,AMG,AMKR,AMP,AMPG,QQQ"
2026-04-13 19:30:00+00:00,L0498,L0506,decay,maturity,0.529757185207707,0.9748129321702631,0,,8,AAUC-ALL;ACCO-AIG;ACI-AFL;ADTN-AFL;AEC-AMAL;AFG-ALRS;AGCO-AGO;ALL-ALRS,0.0008165733888745308,2.2062567022664927,0.008264462809917356,1.0041748802015018,"AAMI,AAON,AAPL,AAUC,ABBV,ABCB,ABEV,ABM,ACCO,ACET,ACI,ACLS,ACM,ACTG,ACVA,AD,ADEA,ADI,ADTN,AER,AFJK,AGBK,AGCC,AGCO,AGM,AGPU,ALGM,ALKS,ALLE,ALLY,ALRS,ALV,ALVO,AMAL,AMAT,AMBA,AMCX,AME,AMP,AMPH","ACGL,ACT,AEC,AFG,AFL,AGO,AIG,AIZ,ALL,ALRM"
2026-04-13 19:30:00+00:00,L0514,L0506,confirmation,maturity,0.8728255644291074,0.9748129321702631,0,,4,ACNT-AIZ;AFL-ALSN;AFL-AMBP;AGO-AHR,0.003754347679205239,1.6818394577975262,0.008264462809917356,0.9759910828506803,"AA,AAT,ABT,ABUS,ACHV,ACMR,ACNT,ADC,AEE,AEM,AEP,AES,AEYE,AFCG,AFYA,AG,AGI,AHR,AIV,AKR,AKTS,ALOT,ALSN,AMBP,AMBQ,AMGN,AMH","ACGL,ACT,AEC,AFG,AFL,AGO,AIG,AIZ,ALL,ALRM"
2026-04-13 19:45:00+00:00,L0494,L0514,expansion,expansion,0.7587364138993312,0.5993395558055726,14,AAP;ACA;ADM;ADV;AGRO;AGX;AIT;AJG;AKAM;ALAB;ALG;ALM;ALX;AM,104,AA-ALB;AA-AM;AAON-ALH;AAP-ABBV;AAP-AKR;AAP-ALKS;AAP-ALLE;AAP-AMCR;AAP-AME;AAP-AMGN;AAPL-AEBI;AAPL-AIP;AAPL-ALB;AAPL-ALG;AAPL-ALH;AAT-ADM;AAT-AGRO;AAT-ALX;AAUC-ABEV;AAUC-ADAM;AAUC-AMN;ABEV-ACIC;ABT-AGMB;ABT-AIRG;ABT-ALX;ACA-ACI;ACA-ACR;ACA-ADI;ACA-AEP;ACA-AKR;ACA-ALRS;ACA-AMAL;ACA-AMAT;ACDC-AHRT;ACET-AGEN;ACHV-AGEN;ACHV-AGMB;ACI-AGRO;ACI-ALAB;ACIC-AGI;ACIC-AMN;ACLS-AGMB;ACLS-AIP;ACLS-ALH;ACMR-AHCO;ACMR-AII;ACOG-AFJK;ACR-ADM;ACR-AGX;ACR-AIT;ACRE-AEBI;ACRE-AGMB;ADAM-ALH;ADI-ADM;ADI-ALH;ADI-ALM;ADM-AEE;ADM-AEP;ADM-AFRI;ADM-AIV;ADM-ALOT;ADM-AMAT;ADM-AMCR;ADUS-AJG;ADV-AGPU;ADV-ALRS;AEE-ALM;AEM-AEXA;AEM-AGEN;AEP-ALAB;AESI-AGBK;AEXA-AG;AEYE-AGEN;AFCG-AHCO;AFCG-AIP;AFCG-ALB;AFRI-AGRO;AFRI-ALAB;AG-AGEN;AGBK-AII;AGCC-AJG;AGCC-ALB;AGEN-AGI;AGEN-ALGT;AGRO-AHRT;AGRO-AKR;AGRO-ALOT;AGX-AMAL;AHCO-ALGM;AHRT-AM;AIN-ALKS;AIN-ALTG;AIRG-AMN;AIV-ALH;AKAM-AMBP;AKO-B-ALAB;AKR-AM;AKTS-ALAB;ALAB-AMBP;ALB-ALGM;ALG-AMAL;ALGT-ALMS;ALM-AMBP;ALTG-ALX,0.00119229378469754,4.8912451881323875,0.015584415584415584,1.6325717502822303,"AAP,AAUC,ACA,ACDC,ACIC,ACN,ACOG,ADAG,ADM,ADV,AEBI,AESI,AEXA,AFBI,AGEN,AGMB,AGRO,AGX,AHCO,AII,AIN,AIP,AIR,AIRG,AIT,AJG,AKAM,ALAB,ALB,ALG,ALH,ALM,ALMS,ALMU,ALX,AM","AA,AAON,AAPL,AAT,ABBV,ABEV,ABT,ACET,ACHV,ACI,ACLS,ACMR,ACNT,ACR,ACRE,ADAM,ADC,ADI,ADUS,AEE,AEM,AEP,AES,AEYE,AFCG,AFJK,AFRI,AFYA,AG,AGBK,AGCC,AGCO,AGI,AGPU,AHR,AHRT,AIV,AKO-B,AKR,AKTS,ALAR,ALGM,ALGT,ALKS,ALLE,ALOT,ALRS,ALTG,AMAL,AMAT,AMBP,AMCR,AME,AMGN,AMH,AMN"
2026-04-14 13:30:00+00:00,L0514,L0515,expansion,expansion,0.5206496825279143,0.6371624133474325,0,,52,AA-ALOY;ABAT-AGCC;ABAT-ALM;ABEO-AMH;ABG-ALOY;ABT-ALTG;ABVX-AMH;ACI-ALOY;ACIW-AFYA;ACN-ADV;ACN-AKAM;ACN-ALOT;ACT-AGNC;ACTG-AIRJ;ACTG-ALKT;ACTG-AMLX;AD-ADSK;ADBE-ADV;ADBE-AKAM;ADBE-ALOT;ADI-ALHC;ADI-AMBQ;ADMA-ALX;ADNT-ALG;ADNT-ALLE;ADNT-AMH;ADSE-ALOY;ADSK-AJG;ADSK-AM;ADV-AGNC;AEE-AGL;AEP-AGL;AFRI-ALOY;AFYA-AI;AFYA-ALNY;AGCC-ALKT;AGCC-ALLT;AGCC-ALRM;AGCC-AMPG;AGIO-AIT;AGL-AGX;AGL-ALL;AGL-AMH;AGNC-AGO;AGNC-AGX;AGNC-AHR;AGNC-ALL;AGNC-ALRS;AGYS-ALOT;ALG-AMPG;ALLE-ALOY;AMBP-AMBQ,0.020515020936727524,4.008269148785039,0.01839622641509434,1.3521703499211277,"AA,AAOI,AAP,AAT,ABBV,ABCB,ABG,ABUS,ACA,ACAD,ACGL,ACI,ACR,ACT,ACTG,AD,ADC,ADI,ADM,ADP,ADSE,ADUS,ADV,AEE,AEP,AES,AFG,AFL,AFRI,AFYA,AGCC,AGO,AGRO,AGX,AHR,AHRT,AIG,AIT,AIV,AIZ,AJG,AKAM,AKO-B,AKR,AKTS,ALAB,ALCO,ALG,ALKS,ALL,ALLE,ALM,ALNT,ALOT,ALRS,ALTG,ALTO,ALX,AM,AMAL,AMAT,AMBP,AMCR,AME,AMGN,AMH","AARD,ABAT,ABCL,ABEO,ABNB,ABSI,ABT,ABVX,ABX,ACB,ACHR,ACIW,ACN,ACRS,ACVA,ADBE,ADEA,ADMA,ADNT,ADPT,ADSK,ADT,ADUR,AEG,AESI,AEVA,AFBI,AFRM,AGIO,AGL,AGNC,AGYS,AI,AIOT,AIRJ,ALC,ALHC,ALKT,ALLT,ALNY,ALOY,ALRM,AMBQ,AMLX,AMN,AMPG"
2026-04-14 14:00:00+00:00,L0517,L0519,expansion,confirmation,0.891187281904225,0.8207729575395979,1,AKAM,32,AAMI-AGIO;AAOI-ABUS;AAPL-ACU;AAPL-AEHR;AARD-AD;ABM-ALTG;ABT-ACOG;ABT-ALM;ACEL-ALTG;ACHC-AGM;ACLS-ALH;ACM-ALRM;ACOG-ALX;ACRE-AEO;ACRE-ALLY;ACVA-AMCX;ADAM-AEHR;ADAM-ALLY;ADNT-AEG;ADSK-ADV;ADT-AMCX;ADV-ALMU;AEG-AMPH;AEHR-AGM;AFYA-ALOT;AFYA-AMPH;AGM-ALLY;AGM-AMPH;AGPU-AKAM;AGPU-ALMU;AIRG-ALLY;ALLY-ALSN,0.012397131882607937,3.5901555669122467,0.01509433962264151,1.4133911145046048,"AA,AAMI,AAOI,AAON,AAP,ABM,ACDC,ACEL,ACHC,ACM,ACOG,ACTG,ACU,AD,ADNT,ADSE,ADSK,ADUS,AEHR,AEIS,AEO,AGCO,AGNC,AHRT,AIN,AIR,AKAM,ALG,ALH,ALHC,ALLY,ALM,ALMU,ALOT,ALOY,AM,AMCI,AMCX,AMP,AMPH","A,AAPL,AARD,AAUC,ABEV,ABT,ABUS,ABX,ACIW,ACLS,ACMR,ACN,ACNB,ACRE,ACRS,ACVA,ADAM,ADBE,ADPT,ADT,ADV,AEG,AEM,AERO,AEXA,AEYE,AFBI,AFCG,AFJK,AFRM,AFYA,AG,AGBK,AGI,AGIO,AGM,AGMB,AGPU,AGYS,AHCO,AIOT,AIRG,ALAR,ALC,ALGM,ALKT,ALLT,ALMS,ALNY,ALRM,ALSN,ALTG,ALVO,ALX,AMBA,AMKR,AMLX,AMN,QQQ"
2026-04-14 14:30:00+00:00,L0520,L0521,maturity,confirmation,0.3253321720126029,0.5821785000717884,0,,47,AAL-ALC;AAUC-AII;ABEO-AEM;ABEV-ACB;ABEV-ALK;ABEV-ALKT;ABEV-AMPG;ABR-AEM;ABR-AERO;ABT-ACB;ABT-ADMA;ABT-AI;ABT-AII;ABT-AMD;ABT-AMPG;ABT-QQQ;ACCO-AFJK;ACCO-AGIO;ACET-AG;ACHR-AEM;ACHR-ALC;ACMR-AMKR;ACRE-AEM;ACRS-ADEA;ACRS-ALK;ACRS-ALMS;ADEA-AGI;ADMA-AEM;ADMA-AG;ADT-AG;ADUR-AMN;AEM-AER;AEM-AMG;AEM-QQQ;AER-AGI;AEYE-AIRS;AFBI-AMD;AFRM-AMN;AG-AGBK;AG-AII;AG-AMD;AGBK-AGI;AGI-ALKT;AGI-AMPG;AGIO-AGL;AGIO-AIP;ALMS-ALNY,0.006584818533156067,3.8848261377999456,0.020512820512820513,1.246536659152227,"A,AAL,AAMI,ABAT,ABCL,ABEO,ABNB,ABR,ABSI,ABVX,ABX,ACB,ACCO,ACET,ACHR,ACHV,ACLS,ACNT,ACRE,ADAM,ADEA,ADMA,ADT,ADTN,ADUR,AEBI,AENT,AER,AESI,AEVA,AFRM,AGBK,AGEN,AGL,AI,AII,AIOT,AIP,AIRJ,AIRS,ALAR,ALB,ALGN,ALGT,ALK,ALKT,ALLT,ALMS,ALRM,ALV,AMBA,AMD,AMG,AMKR,AMPG,QQQ","AAUC,ABEV,ABT,ACMR,ACRS,AEG,AEM,AERO,AEYE,AFBI,AFJK,AG,AGI,AGIO,ALC,ALNY,AMN"
2026-04-14 15:15:00+00:00,L0519,L0520,decay,expansion,0.780887691733863,0.5210335283599542,3,AEBI;AFCG;AHCO,26,A-ADAG;AAL-AGMB;ABCL-AFCG;ABNB-AEBI;ABR-AIRO;ABR-AMBA;ABT-ADPT;ABX-AII;ACRE-AFCG;ACRS-ALMS;ADBE-AMKR;ADPT-AMKR;ADUR-AGPU;ADUR-AII;AEBI-AEVA;AEM-AFCG;AEM-AGMB;AEVA-AMBA;AGBK-QQQ;AGMB-AI;AGMB-QQQ;AGPU-ALRM;AGYS-AMKR;AHCO-AIP;AI-AII;ALMS-ALRM,0.0027825870783999562,3.5049042921033697,0.019251336898395723,1.269690139588747,"AAPL,ABUS,ACIW,ACN,ACNB,ADAG,ADBE,ADPT,ADV,AEBI,AEC,AEXA,AFCG,AFYA,AGBK,AGMB,AGPU,AGYS,AHCO,AII,AIOT,AIRO,AKAM,ALGM,ALMS,ALVO,AMBA","A,AAL,ABAT,ABCL,ABNB,ABR,ABSI,ABT,ABVX,ABX,ACB,ACET,ACHR,ACHV,ACIC,ACLS,ACMR,ACNT,ACRE,ACRS,ADEA,ADMA,ADT,ADTN,ADUR,AEM,AENT,AER,AERO,AESI,AEVA,AFRM,AG,AGCC,AGEN,AGI,AI,AIP,AIRJ,AIRS,ALAR,ALB,ALGN,ALGT,ALK,ALLT,ALNY,ALRM,AMD,AMG,AMKR,AMPG,QQQ"
2026-04-14 15:30:00+00:00,L0517,L0519,maturity,expansion,1.1171840191293467,0.548136620483747,0,,7,ACM-AFRM;ACM-AMKR;ACNT-ALKT;AGCC-AI;AGCO-ALSN;AGIO-ALMS;AMAT-AMBQ,0.003462205990217626,2.121808813526467,0.014594594594594595,1.0322375844547342,"AA,AAON,AAP,AAPG,AAUC,ABM,ACCO,ACDC,ACEL,ACHC,ACM,ACNT,ACTG,AD,ADI,ADNT,ADP,ADSE,ADSK,ADTN,ADUS,AEG,AEIS,AEO,AFBI,AFJK,AGCC,AGCO,AGIO,AGL,AGM,AGNC,AGX,AIN,AIR,AIT,AKTS,ALG,ALH,ALHC,ALLE,ALM,ALMU,ALNT,ALOY,ALTG,ALX,AMAT,AMBP,AMCI,AMCR,AME,AMLX,AMP,AMPH","A,AAPL,AARD,ABT,ABUS,ABX,ACIW,ACLS,ACN,ACNB,ADAG,ADAM,ADBE,ADPT,ADT,ADUR,ADV,AEC,AEXA,AFRM,AFYA,AGBK,AGMB,AGPU,AGYS,AI,AII,AIOT,AIRG,AIRO,AKAM,ALAR,ALGM,ALKT,ALLT,ALLY,ALMS,ALRM,ALSN,ALVO,AMBA,AMBQ,AMCX,AMKR,AMN,QQQ"
2026-04-14 15:45:00+00:00,L0520,L0519,expansion,maturity,1.007941307449351,0.39935268021590997,4,ADTN;AFCG;AIRO;AMD,41,A-ABNB;AAL-AFRM;AAL-ALKT;AAL-AMKR;AAL-AMN;AAUC-ALKT;ABAT-AMN;ABNB-ALLT;ABR-ALKT;ABR-AMN;ABX-ACB;ACET-ALAR;ACHR-AGMB;ACHR-AMKR;ACRE-AGYS;ACRE-QQQ;ADAM-AEM;ADEA-AMKR;ADMA-ADUR;ADMA-AMN;ADTN-AFRM;ADTN-QQQ;AEM-ALGM;AEM-ALLY;AEVA-ALSN;AEVA-AMBA;AFCG-AMKR;AFJK-ALSN;AFYA-ALC;AG-ALKT;AGBK-ALK;AGI-ALLY;AHCO-AIRO;AII-AIRO;AIRJ-ALRM;AIRO-ALVO;ALGM-AMD;ALGN-ALMS;ALK-ALKT;ALK-ALLY;ALLY-AMD,0.0013994053297210485,3.9148179067097413,0.013071895424836602,1.402853457290739,"AAL,AAMI,AAUC,ABAT,ABCL,ABEO,ABEV,ABNB,ABR,ABSI,ABVX,ACB,ACCO,ACET,ACHR,ACHV,ACIC,ACMR,ACNT,ACRE,ACRS,ADEA,ADMA,ADTN,AEBI,AEG,AEM,AENT,AER,AERO,AESI,AEVA,AEYE,AFBI,AFCG,AFJK,AG,AGEN,AGI,AGIO,AGL,AIP,AIRJ,AIRO,AIRS,ALB,ALC,ALGN,ALGT,ALK,ALV,AMD,AMG,AMLX,AMPG","A,AAPL,AARD,ABT,ABUS,ABX,ACIW,ACLS,ACN,ACNB,ADAG,ADAM,ADBE,ADPT,ADT,ADUR,ADV,AEC,AEXA,AFRM,AFYA,AGBK,AGMB,AGPU,AGYS,AHCO,AI,AII,AIOT,AKAM,ALAR,ALGM,ALKT,ALLT,ALLY,ALMS,ALRM,ALSN,ALVO,AMBA,AMKR,AMN,QQQ"
2026-04-14 16:00:00+00:00,L0517,L0514,maturity,maturity,0.8162850152967742,0.5272479173372889,3,AHRT;ALRS;AMH,15,AA-AGRO;AAON-ABBV;AAT-AMCR;AAT-AMH;ABBV-AEIS;ABBV-ALLE;ABCB-ALLE;AEIS-AIV;AEIS-AMGN;AGIO-ALNT;AHR-ALRS;AHRT-AM;AKR-ALM;ALLE-ALNT;ALNT-ALTG,0.0017325197986792773,3.098886696672192,0.014285714285714284,1.1799244111011242,"AA,AAON,AAP,AAPG,ABM,ACAD,ACDC,ACEL,ACHC,ACNT,ACR,ACTG,AD,ADI,ADNT,ADSE,ADUS,AEHR,AEIS,AEO,AFJK,AGCC,AGCO,AGIO,AGL,AGM,AGNC,AHRT,AIN,AIR,AIT,AKTS,ALG,ALH,ALHC,ALKS,ALLE,ALM,ALMU,ALOT,ALOY,ALRS,ALTG,ALX,AMAT,AMCI,AMCR,AME,AMH,AMP,AMPH","AAOI,AAT,ABBV,ABCB,ABG,ACA,ACGL,ACI,ACOG,ACT,ADC,ADM,ADP,ADSK,AEE,AEP,AES,AFG,AFL,AFRI,AGO,AGRO,AGX,AHR,AIG,AIV,AIZ,AJG,AKO-B,AKR,ALAB,ALCO,ALL,ALNT,ALTO,AM,AMAL,AMBP,AMGN"
2026-04-14 16:15:00+00:00,L0519,L0514,maturity,maturity,0.2992958312038009,0.841627853583494,0,,2,ADBE-ALRS;ALL-ALNY,0.0010490926506463438,1.1329844927570591,0.017266187050359712,0.6281131566830073,"A,AAPL,AARD,ABT,ABUS,ABX,ACIW,ACLS,ACM,ACN,ACNB,ACRS,ACU,ADAG,ADBE,ADPT,ADT,ADUR,ADV,AEC,AENT,AEXA,AFCG,AFRM,AFYA,AGBK,AGMB,AGPU,AGYS,AHCO,AI,AII,AIOT,AIRG,AIRO,AKAM,ALAR,ALGM,ALKT,ALLT,ALLY,ALMS,ALNY,ALRM,ALSN,ALVO,AMBA,AMBQ,AMD,AMKR,QQQ","AAOI,AAT,ABBV,ABCB,ABG,ACA,ACGL,ACI,ACOG,ACT,ADC,ADM,ADP,ADSK,AEE,AEP,AES,AFG,AFL,AFRI,AGO,AGRO,AGX,AHR,AHRT,AIG,AIV,AIZ,AJG,AKO-B,AKR,ALAB,ALCO,ALL,ALRS,ALTO,AM,AMAL,AMBP,AMGN,AMH"
2026-04-14 16:30:00+00:00,L0520,L0517,maturity,expansion,0.6228781468922893,0.632208351600112,0,,17,AAMI-ACMR;ABM-ACHV;ABSI-ALMU;ACB-AMH;ACCO-AGCO;ACCO-AMP;ACNT-AMCR;ACTG-AMLX;ADNT-AEG;AEBI-AGNC;AEBI-ALMU;AESI-AGL;AFBI-AGNC;AGL-AIP;AGL-AIRJ;AIN-AIP;ALM-AMPG,0.0023605979804415256,2.9034009414664674,0.01111111111111111,1.104042851581004,"AAL,AAUC,ABAT,ABCL,ABEO,ABEV,ABNB,ABR,ABSI,ABVX,ACB,ACCO,ACET,ACHR,ACHV,ACIC,ACMR,ACNT,ACRE,ACRS,ACVA,ADEA,ADMA,ADUR,AEBI,AEG,AEM,AER,AERO,AESI,AEVA,AEYE,AFBI,AG,AGCC,AGEN,AGI,AI,AIP,AIRJ,AIRS,ALC,ALGN,ALGT,ALK,AMCX,AMG,AMLX,AMN,AMPG","AA,AAMI,AAON,AAP,AAPG,ABBV,ABM,ACAD,ACDC,ACEL,ACHC,ACR,ACTG,AD,ADI,ADNT,ADSE,ADUS,AEHR,AEIS,AEO,AFJK,AGCO,AGIO,AGL,AGM,AGNC,AIN,AIR,AIT,AKTS,ALB,ALG,ALH,ALHC,ALKS,ALLE,ALM,ALMU,ALNT,ALOT,ALOY,ALTG,ALV,ALX,AMAT,AMCI,AMCR,AME,AMH,AMP,AMPH"
2026-04-14 16:45:00+00:00,L0519,L0520,maturity,maturity,0.7341207776487803,0.17201190228498386,16,A;ABT;ABX;ACLS;ADAM;ADT;AFRM;AGBK;AGMB;AI;AIOT;ALAR;ALLT;ALMS;AMKR;QQQ,37,A-AMN;AAUC-AMBQ;ABCL-AI;ABEV-AIOT;ABSI-AMLX;ABX-AMG;ACB-ADUR;ACB-AFRM;ACET-ALLT;ACHR-ADTN;ACHR-ADUR;ACLS-ALGN;ACLS-AMG;ACMR-AFCG;ACNT-AMD;ACRE-AFYA;ACRS-ALC;ACTG-AEYE;ACVA-AFRM;ACVA-ALKT;ACVA-ALLY;ADAM-AMN;ADT-ALGN;AEBI-AII;AEM-AIOT;AEM-ALGM;AEYE-ALAR;AFBI-ALSN;AG-AMD;AGBK-AGEN;AGCC-AII;AGEN-ALLT;AI-AMCX;AIRS-AMKR;ALC-ALSN;ALC-AMLX;ALGN-QQQ,0.00033745833206921816,4.24897720921605,0.016326530612244896,1.3365330858759785,"A,AAPL,AARD,ABT,ABUS,ABX,ACIW,ACLS,ACM,ACN,ACNB,ACRS,ACTG,ACU,AD,ADAG,ADAM,ADBE,ADPT,ADT,ADTN,ADUR,ADV,AEC,AEXA,AFCG,AFRM,AFYA,AGBK,AGMB,AGPU,AGYS,AHCO,AI,AII,AIOT,AIRG,AIRO,AKAM,ALAR,ALGM,ALKT,ALLT,ALLY,ALMS,ALNY,ALRM,ALSN,ALVO,AMBA,AMBQ,AMD,AMKR,AMLX,QQQ","AAL,AAUC,ABAT,ABCL,ABEO,ABEV,ABNB,ABR,ABSI,ABVX,ACB,ACCO,ACET,ACHR,ACHV,ACIC,ACMR,ACNT,ACRE,ACVA,ADEA,ADMA,AEBI,AEG,AEM,AENT,AER,AERO,AESI,AEVA,AEYE,AFBI,AG,AGCC,AGEN,AGI,AIP,AIRJ,AIRS,ALC,ALGN,ALGT,ALK,AMCX,AMG,AMN,AMPG"
2026-04-14 17:00:00+00:00,L0519,L0514,decay,maturity,0.796915603048059,0.5351979174107016,3,AIRG;ALNY;ALOT,5,ADBE-AHRT;ADC-ALNY;AGX-AIRG;AHRT-AIRG;AIRG-AIV,0.0015807298623258248,2.497993392453156,0.02,1.027132404250917,"AAPL,ACIW,ACMR,ACN,ACNB,ACRE,ACRS,ACTG,ACU,ADAG,ADBE,ADPT,ADUR,ADV,AEC,AEXA,AFCG,AFYA,AGM,AGPU,AGYS,AII,AIRG,AIRO,ALGM,ALKT,ALLY,ALNY,ALOT,ALRM,ALSN,ALVO,AMBA,AMBQ","AAOI,AAP,AAT,ABBV,ABCB,ABG,ACA,ACDC,ACGL,ACI,ACOG,ACT,ADC,ADM,ADP,ADSK,AEE,AEP,AES,AFG,AFL,AFRI,AGO,AGRO,AGX,AHR,AHRT,AIG,AIV,AIZ,AJG,AKR,ALAB,ALCO,ALL,ALRS,ALTO,AM,AMAL,AMBP,AMGN"
2026-04-14 17:15:00+00:00,L0520,L0517,maturity,expansion,0.6487603652610034,0.8697057219164563,0,,13,A-ACM;AARD-AFRM;ABCL-AIP;ABCL-ALMU;ABR-AMLX;AEBI-AIP;AEBI-AKTS;AER-AGIO;AESI-ALM;AFRM-AIRJ;AGIO-AMG;AIP-ALGN;AIRJ-AMG,0.0006074082048144192,2.6433865749291217,0.017460317460317457,1.119005517504566,"A,AAL,ABAT,ABCL,ABEO,ABEV,ABNB,ABR,ABSI,ABT,ABVX,ABX,ACB,ACET,ACHR,ACHV,ACIC,ACLS,ACMR,ACNT,ACRS,ADEA,ADMA,ADT,ADUR,AEBI,AEC,AEG,AEM,AER,AERO,AESI,AEYE,AFRM,AG,AGBK,AGCC,AGEN,AGI,AI,AII,AIRS,ALAR,ALC,ALGN,ALGT,ALK,ALLT,ALRM,AMCX,AMG,AMKR,AMN,AMPG,QQQ","AA,AAMI,AAON,AAP,AAPG,AARD,ABM,ACAD,ACCO,ACDC,ACEL,ACHC,ACM,AD,ADI,ADNT,ADSE,ADTN,ADUS,AEIS,AENT,AEO,AEVA,AFJK,AGCO,AGIO,AGL,AHCO,AIN,AIP,AIR,AIRJ,AIT,AKTS,ALB,ALG,ALH,ALHC,ALKS,ALLE,ALM,ALMU,ALNT,ALOY,ALSN,ALTG,ALV,ALX,AMAT,AMCI,AMCR,AMD,AME,AMH,AMLX,AMP"
2026-04-14 17:30:00+00:00,L0520,L0519,decay,expansion,0.4116364759779459,1.2753976160952563,6,AAUC;ACIC;AEG;AFBI;AGCC;AMLX,29,AAL-AFRM;AAUC-AGM;ABEV-AENT;ABEV-AIOT;ABEV-QQQ;ABSI-AIRO;ABX-AG;ACB-AGNC;ACB-ALLT;ACET-ADT;ACET-QQQ;ACIC-AGPU;ACIW-AEM;ACLS-AFCG;ACLS-QQQ;ACRE-AMG;ACTG-AEYE;ADAM-AEM;ADEA-AENT;ADEA-QQQ;AEBI-AMPH;AEG-AENT;AERO-ALKT;AEYE-AGM;AG-ALAR;AGBK-ALK;AGEN-AGM;AIP-ALKT;ALGN-QQQ,0.00176264374749735,3.7418576072298415,0.015242494226327943,1.4438610035633703,"AAL,AAUC,ABAT,ABCL,ABEO,ABEV,ABNB,ABR,ABSI,ABVX,ACB,ACET,ACHR,ACHV,ACIC,ACLS,ACMR,ACNT,ACRS,ADEA,ADMA,AEBI,AEG,AEM,AER,AERO,AESI,AEVA,AEYE,AFBI,AG,AGCC,AGEN,AGI,AGMB,AIP,AIRJ,AIRS,ALC,ALGN,ALGT,ALK,AMG,AMLX,AMN,AMPG","A,AAPL,AARD,ABT,ABUS,ABX,ACIW,ACM,ACN,ACNB,ACRE,ACTG,ACU,ACVA,ADAG,ADAM,ADBE,ADPT,ADT,ADUR,ADV,AEC,AENT,AEXA,AFCG,AFRM,AFYA,AGBK,AGM,AGNC,AGPU,AGYS,AHCO,AI,AII,AIOT,AIRO,AKAM,ALAR,ALGM,ALKT,ALLT,ALLY,ALMS,ALRM,ALVO,AMBA,AMBQ,AMCX,AMD,AMKR,AMPH,QQQ"
2026-04-14 17:45:00+00:00,L0519,L0520,maturity,expansion,0.7837279056942202,0.8743657103804697,6,ACIC;ADAM;ADUR;AGCC;AIRG;AMLX,38,A-AFRM;A-ALGN;AAL-ADAM;AAPL-AGEN;AAPL-ALLT;ABCL-ADUR;ABEO-AEG;ABEO-AMBQ;ABX-ACNT;ABX-ALGN;ABX-QQQ;ACET-AMBA;ACHR-ADUR;ACIC-ALK;ACIW-ACLS;ACIW-AFRM;ACIW-AMKR;ACLS-ADAM;ACMR-ALKT;ACNT-AEC;ACVA-ADBE;ACVA-ALNY;ADAM-AGI;ADBE-AMN;ADMA-ALNY;ADPT-AG;AEVA-AMLX;AFBI-AMKR;AFCG-ALC;AFCG-ALLT;AFCG-QQQ;AGBK-AIOT;AI-ALKT;AI-AMD;AIOT-ALAR;AIRJ-AIRO;ALLT-ALRM;ALNY-AMN,0.0005946732708252966,3.9329909794651985,0.015894039735099338,1.4830599356489715,"A,AAPL,AARD,AAUC,ABT,ABUS,ABX,ACIC,ACIW,ACN,ACNB,ACRE,ACTG,ACU,ADAG,ADAM,ADBE,ADPT,ADUR,ADV,AEC,AEG,AENT,AEXA,AFBI,AFCG,AFYA,AGCC,AGM,AGNC,AGPU,AGYS,AHCO,AII,AIOT,AIRG,AIRO,AKAM,ALGM,ALKT,ALLY,ALNY,ALRM,ALSN,ALVO,AMBA,AMBQ,AMD,AMLX,AMPH","AAL,ABAT,ABCL,ABEO,ABEV,ABNB,ABR,ABSI,ABVX,ACB,ACET,ACHR,ACHV,ACLS,ACMR,ACNT,ACRS,ACVA,ADEA,ADMA,ADT,AEBI,AEM,AER,AERO,AESI,AEVA,AEYE,AFRM,AG,AGBK,AGEN,AGI,AGMB,AI,AIP,AIRJ,AIRS,ALAR,ALC,ALGN,ALGT,ALK,ALLT,ALMS,AMCX,AMG,AMKR,AMN,AMPG,QQQ"
2026-04-14 18:00:00+00:00,L0519,L0514,expansion,maturity,0.7290489030554019,1.0045270288194892,0,,4,ACU-AMBP;ADSK-ALNY;AFYA-ALRS;ALGM-ALRS,0.003287174738943577,1.6731105851883155,0.019867549668874173,0.9413305583098773,"A,AAPL,AARD,AAUC,ABT,ABUS,ABX,ACIW,ACLS,ACM,ACN,ACNB,ACRE,ACTG,ACU,ACVA,ADAG,ADBE,ADPT,ADT,ADV,AEC,AEG,AENT,AEXA,AFBI,AFCG,AFRM,AFYA,AGM,AGMB,AGNC,AGPU,AGYS,AHCO,AI,AII,AIOT,AIRO,AKAM,ALGM,ALKT,ALLT,ALLY,ALMS,ALNY,ALRM,ALVO,AMBA,AMBQ,AMCX,AMD,AMKR,AMN,AMPH,QQQ","AA,AAOI,AAP,AAT,ABBV,ABCB,ABG,ACA,ACDC,ACGL,ACI,ACOG,ACT,ADC,ADM,ADP,ADSK,AEE,AEP,AES,AFG,AFL,AFRI,AGO,AGRO,AGX,AHR,AIG,AIZ,AJG,AKR,AKTS,ALAB,ALCO,ALL,ALM,ALRS,ALTO,AM,AMAL,AMBP,AMGN"
2026-04-14 18:15:00+00:00,L0517,L0514,maturity,maturity,0.7774122278541262,0.7213104926796579,3,AHRT;AIV;ALOT,21,AAOI-AAON;AAP-AMAT;AAT-ALM;ABBV-ADI;ACA-ALNT;ACHC-AGX;ACOG-ALOT;ACR-AGO;ACR-ALL;ADC-AIR;ADUS-AJG;AFG-AKTS;AFL-AKO-B;AGO-AHRT;AGO-ALOT;AGX-ALLE;AIG-ALLE;AIV-AMBP;AIZ-AKTS;ALKS-AM;ALMU-ALTO,0.001394590421114117,3.3371728276958987,0.02027027027027027,1.2869505636246503,"AA,AAMI,AAON,AAPG,ABM,ACAD,ACEL,ACHC,ACR,AD,ADI,ADNT,ADSE,ADUS,AEHR,AEIS,AEO,AESI,AFJK,AGCO,AGL,AHRT,AIN,AIR,AIT,AIV,AKO-B,AKTS,ALB,ALG,ALH,ALHC,ALKS,ALLE,ALM,ALMU,ALNT,ALOT,ALOY,ALTG,ALV,ALX,AMAT,AMCI,AMCR,AME,AMH,AMP","AAOI,AAP,AAT,ABBV,ABCB,ABG,ACA,ACDC,ACGL,ACI,ACOG,ACT,ADC,ADM,ADP,ADSK,AEE,AEP,AES,AFG,AFL,AFRI,AGO,AGRO,AGX,AHR,AIG,AIZ,AJG,AKR,ALAB,ALCO,ALL,ALRS,ALTO,AM,AMAL,AMBP,AMGN"
2026-04-14 19:00:00+00:00,L0520,L0514,decay,expansion,0.33032023048724324,0.2726882920827205,0,,2,ABUS-ADSK;AGYS-ALRS,-0.00026678829453885555,1.0986122886681098,0.015189873417721518,0.45783410995067475,"AAPL,AARD,ABUS,ACIW,ACN,ACNB,ACRE,ACVA,ADAG,ADBE,ADPT,ADV,AEXA,AFCG,AFYA,AGM,AGPU,AGYS,AHCO,AIOT,AIRO,AKAM,ALGM,ALKT,ALLY,ALNY,ALRM,ALVO,AMBA,AMBQ,AMD,AMN,AMPH","AAOI,AAP,AAT,ABBV,ABCB,ABG,ACA,ACGL,ACI,ACOG,ACT,ADC,ADM,ADP,ADSK,ADUS,AEE,AEP,AES,AFG,AFL,AFRI,AGO,AGRO,AGX,AHR,AIG,AIZ,AJG,AKR,ALAB,ALCO,ALL,ALRS,ALTO,AM,AMAL,AMAT,AMBP,AMCR,AMGN"
2026-04-15 14:15:00+00:00,L0545,L0546,confirmation,confirmation,0.6669280621783296,0.06172789901668793,0,,6,ACEL-AEBI;ACEL-ALH;ACRE-AGL;ACT-AD;ADUS-AKO-B;AGL-ALRS,0.005881997058168054,2.02659437036334,0.004400977995110024,0.7259055276486067,"AA,AAMI,AAP,AAPL,AAT,ABCB,ABG,ABM,ACEL,ACGL,ACI,ACIC,ACRE,ACT,ACTG,ACU,ADAM,ADC,ADUS,AEG,AENT,AFG,AFL,AFYA,AGBK,AGO,AGPU,AHCO,AIG,AIZ,ALCO,ALGM,ALGT,ALL,ALNY,ALRS,AMAL,AMBA,AMBP,AMH,AMPH","AAPG,AARD,ACCO,AD,AEBI,AFBI,AFJK,AGEN,AGIO,AGL,AGM,AKO-B,ALH,ALX,AMLX"
2026-04-15 14:45:00+00:00,L0542,L0540,expansion,maturity,0.7748305386915764,0.6176845560329124,3,AFBI;AGEN;AKO-B,10,ABUS-AGMB;ACB-ALH;ACOG-ALKS;AD-AFBI;AD-AGMB;ADUS-AMCR;ADV-ALHC;AENT-AIR;AEO-AGEN;AGIO-AKO-B,0.0018819418910425156,2.8442227637954165,0.022666666666666665,1.132210219366201,"AA,AAOI,AAON,AAPL,AAT,ABBV,ABCB,ABVX,ACA,ACCO,ACHV,ACMR,ACNB,ACR,ACTG,ADEA,ADI,ADM,ADTN,AEE,AEG,AEHR,AEIS,AEP,AER,AEXA,AFBI,AFG,AFRI,AFYA,AGCO,AGEN,AGMB,AGRO,AGX,AIN,AIR,AIT,AIV,AKO-B,ALAB,ALB,ALCO,ALG,ALGM,ALGT,ALH,ALHC,ALKS,ALLE,ALNT,ALNY,ALRS,ALSN,ALTG,ALTO,ALV,AMAL,AMAT,AMBP,AMCI,AMCR,AMD,AME,AMGN,AMKR","A,AAPG,AARD,AAUC,ABAT,ABCL,ABEO,ABEV,ABNB,ABR,ABT,ABUS,ABX,ACB,ACDC,ACET,ACHR,ACIW,ACLS,ACM,ACN,ACOG,ACVA,AD,ADAG,ADBE,ADMA,ADP,ADPT,ADSK,ADT,ADUR,ADUS,ADV,AEC,AENT,AEO,AES,AESI,AEVA,AEYE,AFCG,AFJK,AFRM,AGCC,AGIO,AGM,AGYS,AHRT,AI,AII,AIOT,AIP,AIRJ,AIRS,AJG,AKAM,AKTS,ALAR,ALC,ALGN,ALKT,ALLT,ALLY,ALMS,ALMU,ALOT,ALRM,ALVO,ALX,AMBA,AMCX,AMLX,AMN,AMP,AMPG"
2026-04-15 15:15:00+00:00,L0551,L0540,confirmation,maturity,0.503720419690189,0.6701553288237058,6,AD;AEC;AGIO;AGM;AIRG;AMCX,23,AAL-ALGT;AAMI-ADAG;AAPG-ALGT;ABG-ABX;ACB-AGIO;ACDC-AEC;ACEL-AIG;ACIC-ALGN;ACM-AGO;ACM-AGPU;ACT-AMH;ADNT-AFL;ADUR-AEG;AEC-AFRM;AEC-ALAR;AEO-AIRG;AFJK-AMCX;AGCC-AIRG;AGCC-AIZ;AGEN-AM;AII-ALH;AKO-B-ALLY;ALH-ALMS,0.004421869351062924,3.595727085275534,0.02119205298013245,1.2542733038200717,"AA,AAMI,AAPL,ABCB,ABG,ABM,ACCO,ACGL,ACI,ACIC,ACNT,ACR,ACT,ACTG,AD,ADC,ADM,AEC,AEG,AFBI,AFG,AFL,AFRI,AGBK,AGEN,AGIO,AGM,AGMB,AGO,AGPU,AIG,AIRG,AIV,AIZ,AKO-B,ALCO,ALGM,ALGT,ALH,ALL,ALNY,ALRS,AMAL,AMBP,AMCX","A,AAL,AAPG,AARD,AAUC,ABAT,ABCL,ABEO,ABEV,ABNB,ABR,ABT,ABUS,ABX,ACB,ACDC,ACEL,ACET,ACHR,ACIW,ACLS,ACM,ACN,ACOG,ACVA,ADAG,ADBE,ADMA,ADNT,ADP,ADPT,ADSK,ADT,ADUR,ADUS,ADV,AEBI,AEO,AERO,AES,AESI,AEVA,AEYE,AFCG,AFJK,AFRM,AGCC,AGYS,AHRT,AI,AII,AIOT,AIP,AIRJ,AIRS,AJG,AKAM,AKTS,ALAR,ALC,ALGN,ALK,ALKT,ALLT,ALLY,ALMS,ALMU,ALOT,ALRM,ALVO,ALX,AM,AMBA,AMH,AMLX,AMN,AMP,AMPG"
2026-04-15 15:45:00+00:00,L0552,L0540,confirmation,maturity,0.5268472211743381,0.5893163150405966,13,AAPG;AARD;ABCL;ACHR;ACM;ADNT;ADSE;ADUR;AJG;ALMU;ALOT;AMBA;AMPG,14,A-ADUR;A-AIRJ;AAL-ADPT;ABCL-ADMA;ABCL-ADSK;ABCL-AMN;ABNB-ALK;ACHR-ACVA;ADBE-ADUR;ADP-ADUS;ADP-ALOT;ADP-AMPG;ADPT-AIRJ;ADV-ALLY,0.0016994774341583252,3.7177085664930756,0.022068965517241378,1.2675865473153356,"AAL,AAPG,AARD,ABCL,ACHR,ACM,ADAG,ADNT,ADSE,ADUR,ADUS,ADV,AERO,AIRJ,AJG,ALK,ALMU,ALOT,AMBA,AMPG","A,AAUC,ABAT,ABEO,ABNB,ABR,ABT,ABUS,ABX,ACB,ACDC,ACET,ACIW,ACLS,ACN,ACVA,ADBE,ADMA,ADP,ADPT,ADSK,ADT,AEBI,AEC,AEO,AES,AESI,AEVA,AEYE,AFCG,AFJK,AFRM,AGCC,AGIO,AGM,AGYS,AHRT,AI,AII,AIOT,AIP,AIRG,AIRS,AKAM,AKTS,ALAR,ALC,ALGN,ALKT,ALLT,ALLY,ALMS,ALRM,ALVO,ALX,AM,AMCX,AMLX,AMN,AMP"
2026-04-15 16:15:00+00:00,L0542,L0554,expansion,confirmation,0.652164411063995,0.30737127538411024,0,,3,AAL-AEHR;AAL-AMKR;ALK-AMCR,0.005635975394397974,1.5181112465690574,0.004511278195488721,0.6680652093060192,"AAOI,AAON,ABBV,ABVX,ACA,ACAD,ACCO,ACHC,ACHV,ACMR,ACNB,ACR,ACRE,ACRS,ADEA,ADI,ADTN,AEE,AEHR,AEIS,AEM,AEP,AER,AEXA,AFRI,AFYA,AG,AGCO,AGI,AGL,AGRO,AGX,AHR,AIN,AIR,AIRO,AIT,AKR,ALAB,ALB,ALG,ALHC,ALKS,ALLE,ALM,ALNT,ALOY,ALSN,ALTG,ALTO,ALV,AMAT,AMBQ,AMCI,AMCR,AMD,AME,AMG,AMGN,AMKR,AMPH,QQQ","AAL,ADUS,AERO,ALK,ALLY"
2026-04-15 17:00:00+00:00,L0540,L0558,maturity,expansion,0.511250609242248,0.5498016531120774,0,,10,AARD-AFCG;ABCL-ALC;ABNB-AKAM;ACB-ACHR;ACHR-AIOT;ACIW-ALMU;ACLS-AKTS;ADPT-ALMU;ADT-AKTS;ALK-AMLX,0.004109902569325641,2.4345769486210123,0.005172413793103448,0.9277357779305162,"A,AAUC,ABAT,ABEO,ABEV,ABR,ABT,ABUS,ABX,ACB,ACDC,ACEL,ACET,ACIW,ACLS,ACN,ACOG,ACVA,AD,ADBE,ADNT,ADP,ADPT,ADSK,ADT,ADUS,AEBI,AEC,AEO,AES,AESI,AEVA,AEYE,AFBI,AFCG,AFJK,AFRM,AGCC,AGEN,AGIO,AGM,AGYS,AHCO,AHRT,AI,AII,AIOT,AIP,AIRG,AIRJ,AIRS,AJG,AKAM,AKO-B,ALC,ALGN,ALH,ALKT,ALLT,ALLY,ALMS,ALOT,ALRM,ALVO,ALX,AM,AMCX,AMLX,AMN,AMP","AAL,AAPG,AARD,ABCL,ABNB,ABSI,ACHR,ACM,ADMA,ADUR,ADV,AERO,AKTS,ALAR,ALK,ALMU,AMBA,AMPG"
2026-04-15 17:15:00+00:00,L0542,L0540,expansion,maturity,0.6758784228525542,0.6480083687535774,0,,11,AAL-ADPT;AARD-AERO;ACHR-QQQ;ADI-ALAB;ADNT-AGL;ADUR-AMG;ADV-AHR;AES-AHR;AG-AIP;ALAB-QQQ;ALK-AMP,0.0004270966146577848,2.4884594694986295,0.02292134831460674,1.0227191071036879,"AAL,AAOI,AAON,AAP,AAPG,AAT,ABBV,ABSI,ABVX,ACA,ACAD,ACCO,ACHC,ACHV,ACMR,ACNB,ACR,ACRS,ACTG,ADAM,ADEA,ADI,ADTN,AEE,AEHR,AEIS,AEM,AENT,AEP,AER,AERO,AEXA,AFRI,AFYA,AG,AGCO,AGI,AGL,AGNC,AGRO,AGX,AHR,AIN,AIR,AIRJ,AIRO,AIT,AIV,AKR,ALB,ALCO,ALG,ALGT,ALHC,ALK,ALKS,ALLE,ALM,ALNT,ALNY,ALOY,ALSN,ALTG,ALTO,ALV,AMAT,AMBQ,AMCI,AMCR,AMD,AME,AMG,AMGN,AMKR,AMPH,QQQ","A,AARD,ABAT,ABCL,ABEO,ABEV,ABNB,ABR,ABT,ABUS,ABX,ACB,ACDC,ACEL,ACET,ACHR,ACIW,ACLS,ACM,ACN,ACOG,ACRE,ACVA,ADBE,ADMA,ADNT,ADP,ADPT,ADSK,ADT,ADUR,ADV,AEBI,AEC,AEO,AES,AESI,AEVA,AEYE,AFCG,AFJK,AFRM,AGCC,AGYS,AI,AII,AIOT,AIP,AIRS,AJG,AKAM,AKTS,ALAB,ALAR,ALC,ALGN,ALKT,ALLT,ALLY,ALMS,ALMU,ALOT,ALRM,ALVO,ALX,AMBA,AMCX,AMLX,AMN,AMP,AMPG"
2026-04-15 18:00:00+00:00,L0542,L0540,maturity,maturity,0.24605532990848866,0.7827128028794802,1,ADV,12,AAL-AMBA;ABCL-AIRJ;ABNB-AERO;ABX-AIRJ;ACHR-QQQ;ACOG-ALAB;ACRS-AMBA;ADUR-AMD;ADUR-QQQ;AEXA-ALX;ALK-AMBA;ALKS-ALOT,-8.24581366032362e-06,2.70805020110221,0.02292134831460674,0.9890811923591343,"AA,AAL,AAOI,AAON,AAP,AAT,ABBV,ABCB,ABSI,ABVX,ACA,ACAD,ACCO,ACHC,ACHV,ACMR,ACNB,ACR,ACRS,ACTG,ADEA,ADI,ADTN,ADV,AEE,AEHR,AEIS,AEM,AENT,AEP,AER,AERO,AEXA,AFRI,AFYA,AG,AGCO,AGI,AGL,AGNC,AGPU,AGRO,AGX,AHR,AIN,AIR,AIRJ,AIRO,AIT,AIV,AKR,ALAB,ALB,ALCO,ALGT,ALHC,ALK,ALKS,ALLE,ALM,ALNT,ALNY,ALOY,ALSN,ALTG,ALTO,ALV,AMAT,AMBQ,AMCI,AMCR,AMD,AME,AMG,AMGN,AMKR,AMPH,QQQ","A,AAPG,AARD,AAUC,ABAT,ABCL,ABEO,ABEV,ABNB,ABR,ABT,ABUS,ABX,ACB,ACDC,ACEL,ACET,ACHR,ACIW,ACLS,ACM,ACN,ACOG,ACVA,ADAG,ADBE,ADMA,ADNT,ADP,ADPT,ADSK,ADT,ADUR,AEBI,AEC,AEO,AES,AESI,AEVA,AEYE,AFCG,AFJK,AFRM,AGCC,AGYS,AI,AII,AIOT,AIP,AIRS,AKAM,AKTS,ALAR,ALC,ALGN,ALKT,ALLT,ALLY,ALMS,ALMU,ALOT,ALRM,ALVO,ALX,AM,AMBA,AMCX,AMLX,AMN,AMP,AMPG"
2026-04-15 18:45:00+00:00,L0555,L0540,expansion,maturity,0.6642700125007144,0.8018919139454612,4,ADNT;ADUR;AHRT;AJG,33,AAMI-ABCL;AAMI-AGCC;AARD-ADUR;AAUC-ACT;AAUC-AHRT;ABG-ALH;ABR-AJG;ACEL-ADSE;ACEL-AHRT;ACIW-AD;ACM-AGO;ACN-AGO;ACN-AHRT;AD-AEBI;AD-ALAR;AD-AMCX;ADC-ALMS;ADNT-AGYS;ADPT-ADUR;ADUR-AFCG;ADUR-AMCX;AES-AFBI;AES-AIRG;AEVA-AIRJ;AFRM-AHRT;AGIO-ALH;AGYS-AMH;AHCO-ALGM;AHRT-AII;AHRT-ALH;AHRT-AMN;AKTS-AMH;ALL-AM,0.0019819220760837197,3.7423773814420973,0.022869955156950672,1.3788734165679195,"AAL,AAMI,AAPL,ABG,ABM,ACGL,ACI,ACNT,ACT,ACU,AD,ADAM,ADC,ADM,ADNT,ADSE,ADUR,ADUS,AEG,AERO,AFBI,AFG,AFL,AFRI,AGBK,AGEN,AGIO,AGM,AGMB,AGO,AHRT,AIG,AIRG,AIRJ,AIZ,AJG,AKO-B,ALG,ALGM,ALK,ALL,ALNY,ALRS,AMAL,AMBP,AMH","A,AARD,AAUC,ABAT,ABCL,ABEO,ABEV,ABNB,ABR,ABT,ABUS,ABX,ACB,ACDC,ACEL,ACET,ACHR,ACIC,ACIW,ACLS,ACM,ACN,ACOG,ACVA,ADAG,ADBE,ADMA,ADP,ADPT,ADSK,ADT,ADV,AEBI,AEC,AEO,AES,AESI,AEVA,AEYE,AFCG,AFJK,AFRM,AGCC,AGYS,AHCO,AI,AII,AIOT,AIP,AIRS,AKAM,AKTS,ALAR,ALC,ALGN,ALH,ALKT,ALLT,ALLY,ALMS,ALMU,ALOT,ALRM,ALVO,ALX,AM,AMBA,AMCX,AMLX,AMN,AMP,AMPG"
2026-04-15 19:00:00+00:00,L0540,L0542,maturity,maturity,0.46818613197427295,0.6504900172515007,0,,10,ABSI-ADMA;ACNB-ADNT;ACOG-ALKS;ACRE-AES;ACRE-AMCX;ADNT-ADUS;ADUR-AMG;AENT-AGNC;AENT-AMG;AKR-ALOT,0.002046246314421296,2.416326606597339,0.02642487046632124,0.943648226987015,"A,AARD,AAUC,ABAT,ABCL,ABEO,ABEV,ABNB,ABR,ABT,ABUS,ABX,ACB,ACDC,ACEL,ACET,ACHR,ACIC,ACIW,ACLS,ACM,ACN,ACOG,ACVA,ADAG,ADBE,ADMA,ADNT,ADP,ADPT,ADSK,ADT,ADUR,ADV,AEBI,AEC,AENT,AEO,AES,AESI,AEVA,AEYE,AFCG,AFJK,AFRM,AGCC,AGYS,AHRT,AI,AII,AIOT,AIP,AIRS,AJG,AKAM,AKTS,ALAR,ALC,ALGN,ALKT,ALLT,ALLY,ALMS,ALMU,ALOT,ALRM,ALVO,ALX,AM,AMBA,AMCX,AMLX,AMN,AMP,AMPG","AA,AAOI,AAON,AAP,AAPG,ABBV,ABSI,ABVX,ACA,ACAD,ACCO,ACHC,ACHV,ACMR,ACNB,ACR,ACRE,ACRS,ACTG,ADEA,ADI,ADTN,ADUS,AEHR,AEIS,AEM,AEP,AER,AEXA,AFYA,AG,AGCO,AGI,AGL,AGNC,AGPU,AGRO,AGX,AHR,AIN,AIR,AIRO,AIT,AIV,AKR,ALAB,ALB,ALCO,ALGT,ALHC,ALKS,ALLE,ALM,ALNT,ALOY,ALSN,ALTG,ALTO,ALV,AMAT,AMBQ,AMCI,AMCR,AMD,AME,AMG,AMGN,AMKR,AMPH,QQQ"
2026-04-15 19:45:00+00:00,L0567,L0542,confirmation,maturity,0.53329590084345,0.66049567613006,0,,32,AAL-AEHR;AAL-AER;AAL-ALB;AAL-AMD;AAPG-AGRO;AARD-AFYA;AARD-AMCI;ABBV-ALK;ABCL-QQQ;ACA-ADUR;ACHR-AEIS;ACHV-AMG;ACMR-ALK;ACMR-AMPG;ACR-AENT;ACTG-AENT;ADEA-AIRJ;ADI-AMG;ADUR-AFYA;ADV-AER;AEHR-AMG;AEIS-AMBA;AER-AERO;AFYA-ALK;AFYA-AMPG;AGL-AMPG;AGNC-AMPG;AGX-ALK;AIN-AMPG;AIT-AMG;ALGT-AMPG;AMBA-QQQ,0.005103859351947904,3.5118554186985595,0.02566844919786096,1.2399515951463722,"AAL,AAPG,AARD,ABCL,ACHR,ACM,ACRS,ADSE,ADUR,ADV,AENT,AERO,AIRJ,ALK,AMBA,AMG,AMPG","AAOI,AAON,AAP,ABBV,ABCB,ABSI,ABVX,ACA,ACCO,ACHV,ACMR,ACNB,ACR,ACTG,ADEA,ADI,ADTN,ADUS,AEE,AEHR,AEIS,AEP,AER,AEXA,AFRI,AFYA,AGCO,AGL,AGMB,AGNC,AGRO,AGX,AHR,AIN,AIR,AIT,AIV,ALAB,ALB,ALCO,ALGT,ALHC,ALKS,ALLE,ALNT,ALSN,ALTG,ALTO,ALV,AMAT,AMCI,AMCR,AMD,AME,AMGN,AMKR,QQQ"
2026-04-16 13:45:00+00:00,L0570,L0572,confirmation,confirmation,0.46702012056258846,0.615313313057094,0,,3,ACNB-ACOG;AEO-AGX;AEO-AIR,-0.0067397430539131165,1.3862943611198906,0.01171875,0.6730314328658773,"AAOI,AAUC,ABBV,ACAD,ACDC,ACLS,ACNB,ADEA,ADI,ADTN,AEHR,AEM,AEO,AES,AESI,AEXA,AG,AGI,AGIO,AGM,AHR,AIP,AKAM,AKO-B,AKR,ALB,ALGM,ALKS,ALMS,ALOT,ALRM,ALTO,ALV,AMD,AME,AMGN,AMKR,AMN","A,AAON,AAPL,ABEO,ABEV,ABT,ABVX,ABX,ACEL,ACHC,ACIC,ACMR,ACN,ACOG,ACR,ACRE,ADAG,ADAM,ADPT,AEIS,AFBI,AFCG,AGEN,AGNC,AGX,AHCO,AIN,AIOT,AIR,AIRG,AIRS,ALAB,ALH,ALL,ALLT,ALMU,ALNY,ALOY,ALRS,ALTG,AMAL,AMAT,AMCI,AMCR,AMP"
2026-04-16 14:00:00+00:00,L0573,L0572,confirmation,maturity,0.2565003733962671,0.2737153626928586,0,,6,AAOI-ACHC;AAOI-AMAT;ACDC-ALLT;ACEL-ALKT;ACLS-ALNT;AEO-AMAT,0.0007527318666689098,1.9566060557402913,0.013008130081300813,0.6501674542740057,"AA,AAOI,AAP,AAT,ABG,ABNB,ABUS,ACCO,ACDC,ACHV,ACIW,ACLS,AD,ADBE,ADC,ADEA,ADI,ADNT,ADP,ADSK,ADT,ADTN,AEBI,AEC,AEG,AEHR,AEM,AEO,AEXA,AG,AGBK,AGI,AGYS,AHRT,AIG,AII,AIP,AIT,AIV,AJG,AKAM,AKO-B,ALB,ALGM,ALGN,ALKT,ALLE,ALLY,ALOT,ALRM,ALV,AMCX,AMD,AMG,AMKR,AMN","A,AAON,AAPL,ABEO,ABEV,ABT,ABVX,ACEL,ACHC,ACIC,ACMR,ACN,ACOG,ACR,ACRE,ADAM,ADPT,ADUS,AEIS,AFBI,AGEN,AGNC,AGX,AHCO,AIN,AIOT,AIR,AIRG,AIRS,ALAB,ALH,ALL,ALLT,ALMU,ALNT,ALNY,ALOY,ALRS,ALSN,ALTG,AMAT,AMCI,AMCR,AMP"
2026-04-16 14:15:00+00:00,L0575,L0576,confirmation,confirmation,0.11892033437478028,0.545686440096455,11,ACGL;ACI;ACRS;ADV;AFJK;AFL;AFRI;AGCC;AGO;AGPU;ALLT,10,ABBV-AFL;ABBV-AGO;ACGL-AIZ;ACI-AES;ACI-AHR;ACT-AGO;ADV-AESI;AGO-AIZ;AGPU-ALX;AGPU-AMGN,-0.0009514875127933919,3.4965075614664802,0.02040816326530612,1.0765701471977864,"ACGL,ACI,ACRS,ADV,AFCG,AFJK,AFL,AFRI,AGCC,AGO,AGPU,ALLT","ABBV,ABCB,ABM,ACAD,ACDC,ACNB,ACOG,ACT,ACTG,ACU,ADM,ADMA,AEE,AEP,AES,AESI,AFG,AGIO,AGM,AGRO,AHR,AIZ,AKR,ALAR,ALCO,ALKS,ALMS,ALSN,ALTO,ALX,AM,AMAL,AMBP,AME,AMGN,AMH,AMN,AMPH"
2026-04-16 14:30:00+00:00,L0577,L0573,confirmation,maturity,0.7092212470582486,1.090130233214388,10,AAOI;ACLS;ADI;ADTN;AEM;AG;AGI;AIP;ALGM;AMKR,11,AAOI-ADEA;AAOI-ALB;ABG-AEM;AD-ALGM;ADEA-ADTN;ADP-AMKR;AEM-AKO-B;AEM-ALGN;AEM-ALV;AIP-ALLE;AKAM-ALGM,0.0023131570196710527,3.4729385172705007,0.01291866028708134,1.4099778724424783,"AAOI,ACLS,ADI,ADTN,ADUR,AEM,AG,AGI,AIP,ALGM,AMKR","AA,AAP,AAT,ABG,ABNB,ABUS,ACCO,ACHV,ACIW,AD,ADBE,ADEA,ADP,ADSK,ADT,AEC,AEG,AEHR,AEXA,AGYS,AHRT,AIG,AII,AIRJ,AKAM,AKO-B,ALB,ALGN,ALKT,ALLE,ALLY,ALOT,ALRM,ALV,AMCX,AMD"
2026-04-16 16:00:00+00:00,L0576,L0573,maturity,maturity,0.3113045143666869,0.17389529148363614,1,AMN,18,AAP-ADMA;AAP-AME;ABM-ALLY;ABNB-ALKS;ABSI-ACHV;ACCO-ADC;ACCO-ALGM;AD-ADC;AD-AIT;ADC-ALRM;ADP-AMN;ADTN-AESI;ADTN-AGM;AEC-AMN;AEXA-AMN;AGMB-AMD;ALGN-ALLE;AMCX-AMN,-2.248970304208342e-05,3.044522437723423,0.012887828162291169,0.9086237254102963,"ABBV,ABM,ABSI,ACAD,ACDC,ACEL,ACGL,ACI,ACNB,ACOG,ACT,ACTG,ADC,ADM,ADMA,ADSE,AEE,AEP,AES,AESI,AFG,AFL,AFRI,AFYA,AGCO,AGIO,AGM,AGMB,AGO,AGRO,AHR,AIP,AIT,AIV,AIZ,AJG,AKR,ALAR,ALG,ALGM,ALKS,ALLE,ALLT,ALSN,ALTO,ALX,AM,AME,AMGN,AMH,AMN","AA,AAP,AAT,ABG,ABNB,ABUS,ACCO,ACHV,ACIW,AD,ADBE,ADEA,ADP,ADSK,ADT,ADTN,AEC,AEG,AEHR,AEXA,AGYS,AHRT,AII,AKAM,AKO-B,ALB,ALGN,ALHC,ALKT,ALLY,ALMS,ALOT,ALRM,ALV,AMCX,AMD,AMKR"
2026-04-16 16:00:00+00:00,L0576,L0572,maturity,maturity,0.3113045143666869,0.2419005320322569,1,ACOG,6,ABCB-ALX;ABSI-AMBQ;ACOG-ALH;AFBI-AFL;AFCG-ALSN;AGNC-ALLT,0.00021737862334703095,2.1996369831811027,0.015087040618955511,0.718133815807802,"ABBV,ABM,ABSI,ACAD,ACDC,ACEL,ACGL,ACI,ACNB,ACOG,ACT,ACTG,ADC,ADM,ADMA,ADSE,AEE,AEP,AES,AESI,AFG,AFL,AFRI,AFYA,AGCO,AGIO,AGM,AGMB,AGO,AGRO,AHR,AIP,AIT,AIV,AIZ,AJG,AKR,ALAR,ALG,ALGM,ALKS,ALLE,ALLT,ALSN,ALTO,ALX,AM,AME,AMGN,AMH,AMN","A,AAON,AAPG,AAPL,AAUC,ABCB,ABEO,ABEV,ABT,ABVX,ABX,ACHC,ACIC,ACMR,ACN,ACR,ACRE,ADAG,ADAM,ADPT,AEIS,AEO,AFBI,AFCG,AGEN,AGNC,AGX,AHCO,AIN,AIOT,AIR,AIRG,AIRS,ALAB,ALC,ALCO,ALH,ALL,ALMU,ALNT,ALNY,ALOY,ALRS,ALTG,AMAL,AMAT,AMBP,AMBQ,AMCI,AMCR,AMLX,AMP,AMPG"
2026-04-16 16:15:00+00:00,L0574,L0576,expansion,maturity,0.9457209981054256,0.5038290971851267,0,,14,AAL-AFYA;AAT-AIRJ;ABCL-AFRI;ABCL-AFYA;ACHR-ALG;ACVA-ADMA;AFRI-AIRJ;AFRI-ALK;AFRI-AMBQ;AFRI-AMLX;AFYA-ALM;AFYA-AMBQ;AGIO-AMLX;ALG-ALM,0.002319566866617606,2.7233956344697146,0.01875,1.1185264372045944,"AAL,AAUC,ABAT,ABCL,ABR,ABVX,ACA,ACB,ACET,ACHR,ACM,ACNT,ACVA,ADUR,AENT,AER,AERO,AEVA,AEYE,AFRM,AGBK,AGX,AI,AIRJ,AIRO,ALGT,ALK,ALM,ALVO,AMBA,AMBQ,AMLX,AMPG,QQQ","AAP,AAT,ABBV,ABM,ABSI,ACAD,ACDC,ACGL,ACI,ACNB,ACRS,ACT,ACTG,ACU,ADC,ADM,ADMA,ADV,AEBI,AEE,AEP,AES,AESI,AFBI,AFG,AFJK,AFL,AFRI,AFYA,AGCC,AGIO,AGM,AGO,AGPU,AGRO,AHRT,AIZ,AJG,AKR,ALAR,ALG,ALKS,ALLT,ALMS,ALTO,ALX,AM,AMCX,AME,AMGN,AMH"
2026-04-16 16:15:00+00:00,L0583,L0576,confirmation,maturity,0.6176806417236529,0.5038290971851267,1,AG,18,AAMI-ACGL;ACGL-ADNT;ADC-ADNT;ADC-AEM;ADNT-AGO;AEE-AG;AEP-AG;AEP-AIG;AFG-AMPH;AFL-AIG;AFL-AMPH;AG-AKR;AG-AMGN;AG-AMH;AGI-AJG;AGL-AGM;AIV-AJG;AKTS-ALLT,0.0005891876837722521,3.047324164854964,0.01875,1.101096462886375,"AAMI,AARD,ADNT,AEM,AG,AGI,AGL,AHR,AIG,AIV,AKTS,AMPH","AAP,AAT,ABBV,ABM,ABSI,ACAD,ACDC,ACGL,ACI,ACNB,ACRS,ACT,ACTG,ACU,ADC,ADM,ADMA,ADV,AEBI,AEE,AEP,AES,AESI,AFBI,AFG,AFJK,AFL,AFRI,AFYA,AGCC,AGIO,AGM,AGO,AGPU,AGRO,AHRT,AIZ,AJG,AKR,ALAR,ALG,ALKS,ALLT,ALMS,ALTO,ALX,AM,AMCX,AME,AMGN,AMH"
2026-04-16 16:45:00+00:00,L0576,L0574,expansion,expansion,0.1161382817297868,0.6258562309947353,0,,11,AAP-AKR;ABR-ALGM;ABVX-AFBI;ACET-AGCC;ACTG-ALGM;ADMA-AIT;ADMA-ALLE;AFL-ALC;AG-ALM;AGCC-ALGT;AKR-ALG,-0.001305252662859857,2.4849066497880004,0.008333333333333333,0.8450750162643567,"AAMI,AAOI,AARD,ABBV,ABM,ACAD,ACDC,ACGL,ACI,ACNB,ACOG,ACRS,ADC,ADM,ADNT,ADTN,AEE,AEM,AEP,AES,AESI,AFBI,AFG,AFJK,AFL,AG,AGCC,AGCO,AGI,AGIO,AGL,AGM,AGMB,AGO,AGPU,AGRO,AHR,AIG,AIT,AIV,AIZ,AJG,AKR,AKTS,ALGM,ALKS,ALKT,ALLE,ALLT,ALMS,ALSN,ALTO,ALX,AM,AME,AMGN,AMH,AMN,AMPH","AAL,AAP,AAUC,ABAT,ABCL,ABR,ABSI,ABVX,ACA,ACB,ACET,ACHR,ACM,ACNT,ACTG,ACVA,ADMA,ADUR,AENT,AER,AERO,AEVA,AEYE,AFRI,AFRM,AFYA,AGBK,AGX,AI,AIRJ,AIRO,ALC,ALG,ALGT,ALK,ALM,ALVO,AMBA,AMBQ,AMPG,QQQ"
2026-04-16 17:45:00+00:00,L0574,L0576,maturity,maturity,0.49956055267332317,1.1273278862248928,2,ACNT;ADUR,8,AAUC-AEBI;ABBV-AFRI;ADEA-ALGT;ADUR-AGI;AEBI-AFRM;AEM-AEYE;AER-AGL;AGL-ALGT,0.002118776028510183,2.5811162433962442,0.018518518518518517,1.1361233702963036,"AAUC,ABAT,ABCL,ABR,ABSI,ACA,ACB,ACET,ACHR,ACM,ACNT,ACVA,ADUR,AER,AEVA,AEYE,AFRI,AFRM,AFYA,AGBK,AGX,AI,AIRO,AIRS,ALGN,ALGT,ALHC,ALK,ALM,ALVO,AMBA,AMBQ,QQQ","AAMI,ABBV,ABM,ACAD,ACDC,ACGL,ACI,ACNB,ACRS,ADC,ADEA,ADM,ADNT,ADTN,ADV,AEBI,AEE,AEM,AEP,AES,AESI,AFG,AFJK,AFL,AG,AGCC,AGI,AGIO,AGL,AGM,AGO,AGPU,AGRO,AGYS,AHR,AIG,AIV,AIZ,AJG,AKR,AKTS,ALAR,ALKS,ALKT,ALLT,ALMS,ALTO,ALX,AM,AMGN,AMH,AMN,AMPH"
2026-04-16 18:15:00+00:00,L0574,L0576,expansion,expansion,0.6523014457140424,0.7659325890875819,0,,2,ADT-AFYA;AENT-AIV,0.003182686341460794,1.199443151163068,0.01584507042253521,0.7277077587946347,"ABAT,ABCL,ABR,ABSI,ACA,ACB,ACET,ACHR,ACM,ACNT,ACTG,ACVA,ADUR,AENT,AER,AEVA,AEYE,AFRM,AFYA,AGX,AI,AIRO,ALG,ALHC,ALK,ALM,ALVO,AMBA,QQQ","AAMI,AAOI,ABBV,ABM,ACAD,ACDC,ACGL,ACI,ACNB,ACOG,ACRS,ACT,ADC,ADM,ADMA,ADNT,ADSE,ADT,ADTN,ADV,AEE,AEM,AEP,AES,AESI,AFG,AFJK,AFL,AG,AGCC,AGI,AGIO,AGL,AGM,AGO,AGPU,AHR,AIG,AIT,AIV,AIZ,AJG,AKR,AKTS,ALC,ALKS,ALKT,ALLT,ALTO,ALV,ALX,AM,AMCX,AMGN,AMH,AMN,AMPH"
2026-04-16 18:45:00+00:00,L0572,L0576,maturity,maturity,0.795450344701438,0.5970452183968996,1,AAOI,15,AAOI-AG;AAOI-AGI;ABBV-ALSN;ACAD-ALSN;ACLS-AG;ACLS-AKR;ACNB-ALSN;ACTG-AFCG;ADUS-AEM;AEP-AIN;AEP-ALSN;AEP-AMAL;AFCG-AFG;AG-AIN;ALC-ALGN,0.0007075757312122732,2.8942950280817956,0.01643835616438356,1.1437881793746076,"A,AAOI,AAON,AAPG,AAPL,AARD,ABCB,ABEO,ABEV,ABT,ABVX,ACEL,ACHC,ACIC,ACLS,ACMR,ACN,ACOG,ACR,ACRE,ADAG,ADAM,ADPT,ADUS,AEIS,AEO,AFCG,AFYA,AGEN,AGNC,AGRO,AHCO,AIN,AIOT,AIR,AIRG,ALAB,ALC,ALCO,ALH,ALL,ALMU,ALNT,ALNY,ALOY,ALRS,ALSN,ALTG,AMAL,AMAT,AMBP,AMCI,AMCR,AMLX,AMP,AMPG","AAMI,AAT,ABBV,ABM,ACAD,ACDC,ACNB,ACT,ACTG,ADC,ADEA,ADI,ADM,ADMA,ADNT,ADSE,ADT,ADTN,AEBI,AEE,AEG,AEM,AEP,AESI,AFG,AG,AGI,AGIO,AGYS,AHR,AHRT,AIG,AIV,AIZ,AJG,AKR,AKTS,ALGN,ALKT,ALLT,ALTO,ALV,ALX,AM,AMGN,AMH,AMN,AMPH"
2026-04-16 19:15:00+00:00,L0574,L0572,expansion,maturity,0.6308496714424467,0.6571718483723867,13,AAUC;ABVX;ABX;ACM;ACR;AEO;AGX;AIRS;ALK;ALMU;ALOY;AMBQ;AMPG,27,AAON-ACR;AAON-ALGT;AAON-ALK;AAUC-ACRE;ABCL-ALLE;ABEO-AGX;ABR-ALTG;ABX-ADPT;ABX-AEIS;ABX-ALCO;ABX-AMBP;ACHR-ALLE;ACIC-AEO;ACM-AGCO;ACN-ALVO;ACNT-AMAT;ACR-ADAG;ACR-AHCO;ADPT-ALOY;ADUS-AGEN;ADUS-ALL;AEIS-AIRS;AEO-AMCR;AIRS-AMAT;AIRS-AMCI;ALM-ALNY;AMBQ-AMCI,0.001380917674396187,3.9915380373041787,0.012903225806451613,1.3862264491414624,"AAL,AAUC,ABAT,ABCL,ABR,ABSI,ABUS,ABVX,ABX,ACA,ACB,ACET,ACHR,ACM,ACNT,ACR,ACTG,ACVA,ADI,ADSE,ADUR,ADUS,AENT,AEO,AER,AERO,AEVA,AEYE,AFRM,AFYA,AGBK,AGX,AI,AIRJ,AIRO,AIRS,ALC,ALG,ALGN,ALGT,ALHC,ALK,ALM,ALMU,ALOY,ALVO,AMBA,AMBQ,AMLX,AMPG,QQQ","A,AAON,AAPG,AAPL,ABCB,ABEO,ABEV,ABT,ACEL,ACHC,ACIC,ACLS,ACMR,ACN,ACOG,ACRE,ADAG,ADAM,ADPT,AEIS,AFBI,AFCG,AGCO,AGEN,AGMB,AGNC,AHCO,AIN,AIOT,AIR,AIRG,ALAB,ALCO,ALH,ALL,ALLE,ALNT,ALNY,ALRS,ALSN,ALTG,AMAL,AMAT,AMBP,AMCI,AMCR,AMP"
2026-04-17 14:30:00+00:00,L0613,L0612,confirmation,confirmation,0.7040050232843891,0.8370242773113701,2,ABVX;AIRO,10,AARD-ACHR;AARD-ADBE;ABVX-AGX;ACET-ACHR;ACHV-ACMR;AEHR-AMLX;AEYE-AGX;AFRM-AI;AIRO-AMBA;ALAR-ALNT,0.0029265637858770788,2.72737273791769,0.026592797783933517,1.14814089432574,"ABCL,ABEO,ABR,ABSI,ABVX,ACB,ACHR,ACHV,ACIW,ACOG,ADBE,ADSK,AENT,AEYE,AGIO,AHR,AI,AIRG,AIRO,AIRS,AIV,AKO-B,ALAR,ALKT,ALLT,ALM,ALRM,ALVO,AMLX,AMN","AAMI,AAOI,AAON,AARD,ABCB,ACA,ACEL,ACET,ACIC,ACLS,ACMR,ACR,ACRE,ADMA,ADPT,ADTN,ADV,AEBI,AEHR,AEIS,AEO,AEVA,AFRM,AGCC,AGM,AGO,AGX,AII,AIN,AIOT,AIP,AIR,ALAB,ALH,ALLY,ALMS,ALNT,ALOY,ALX,AMAL,AMAT,AMBA,AMBQ,QQQ"
2026-04-17 15:00:00+00:00,L0615,L0616,confirmation,confirmation,0.5084224197599513,0.348619359318063,0,,14,AAON-ACRE;ACM-ACRE;ACM-ALKT;ACNT-AMKR;ACRE-AIT;ACRE-AMPH;AEBI-AMPG;AHCO-AMPH;AIT-ALLE;AIT-ALSN;ALSN-AMKR;ALSN-AMPH;AME-AMKR;AME-AMPH,0.0017495512729510665,2.7196463799260404,0.007352941176470588,0.938127069881385,"AAON,ACM,ADPT,AEBI,AIT,ALGM,AMKR,AMPH","A,AAT,ABX,ACB,ACNT,ACRE,ACU,AEC,AEM,AGCO,AHCO,AIRJ,AKTS,ALG,ALGN,ALKT,ALLE,ALM,ALMU,ALSN,AMBP,AMCR,AME,AMN,AMPG"
2026-04-17 15:00:00+00:00,L0617,L0616,confirmation,confirmation,0.9740008827173324,0.348619359318063,0,,3,ACIW-AMCR;AHR-ALMU;AKAM-ALKT,0.0028028407832607627,1.454019380831758,0.007352941176470588,0.7613938589950288,"ABCL,ABEO,ABSI,ABVX,ACHR,ACIW,ACOG,ACRS,ACVA,ADBE,ADMA,AENT,AEYE,AGIO,AGL,AGMB,AGYS,AHR,AI,AIRO,AIRS,AIV,AKAM,AKO-B,ALAR,ALCO,ALLT,ALRM,ALVO,AMLX","A,AAT,ABX,ACB,ACNT,ACRE,ACU,AEC,AEM,AGCO,AHCO,AIRJ,AKTS,ALG,ALGN,ALKT,ALLE,ALM,ALMU,ALSN,AMBP,AMCR,AME,AMN,AMPG"
2026-04-17 15:15:00+00:00,L0618,L0617,confirmation,expansion,0.8070792433872453,0.8263026652266673,1,ACAD,9,ABX-AKR;ACAD-ALVO;ACIW-ALG;ACN-AHRT;AENT-ALG;AGI-AIRJ;AHCO-AHR;AIRS-ALHC;ALCO-ALG,0.0008011636091396213,2.4915608249862666,0.012887828162291169,1.114837953055084,"A,AAPG,AAT,ABT,ABX,ACAD,ACGL,ACHC,ACI,ACT,ACU,ADP,ADUS,AEM,AFBI,AFCG,AFG,AFL,AGCO,AHCO,AHRT,AIG,AIRJ,AIZ,AJG,AKTS,ALG,ALGN,ALHC,ALL,ALLE,ALMU,ALOT,AMBP,AMG,AMGN,AMH,AMN,AMP","ABCL,ABEO,ABSI,ABVX,ACHR,ACIW,ACN,ACRS,ACVA,ADBE,ADEA,ADMA,ADSK,AENT,AERO,AEYE,AG,AGI,AGIO,AGL,AGMB,AGYS,AHR,AI,AIRO,AIRS,AIV,AKAM,AKO-B,AKR,ALAR,ALCO,ALLT,ALRM,ALV,ALVO,AMLX"
2026-04-17 15:15:00+00:00,L0618,L0608,confirmation,expansion,0.8070792433872453,0.4756597698813785,1,ALG,10,AAL-ACAD;ABAT-AEM;ABBV-AMGN;ABNB-AFCG;ABNB-AGCO;ABNB-ALG;ABX-ACB;ACAD-ALTG;AEM-ALK;AFBI-AIRG,0.0026060690288431942,2.584797753158617,0.00995260663507109,1.032514033265502,"A,AAPG,AAT,ABT,ABX,ACAD,ACGL,ACHC,ACI,ACT,ACU,ADP,ADUS,AEM,AFBI,AFCG,AFG,AFL,AGCO,AHCO,AHRT,AIG,AIRJ,AIZ,AJG,AKTS,ALG,ALGN,ALHC,ALL,ALLE,ALMU,ALOT,AMBP,AMG,AMGN,AMH,AMN,AMP","AAL,AAP,AAPL,ABAT,ABBV,ABEV,ABG,ABNB,ABR,ACB,ACHV,ACOG,ADAM,ADI,ADT,AEG,AEO,AFRI,AFYA,AGBK,AGNC,AIR,AIRG,ALC,ALGT,ALK,ALKT,ALM,ALTG,AMCR,AMCX,QQQ"
2026-04-17 15:30:00+00:00,L0617,L0608,maturity,maturity,0.9891958188618324,0.7637161778371784,6,ACAD;ACN;ADEA;AG;AGI;ALV,15,AAPL-ABVX;ABAT-ACRS;ABBV-ACAD;ABEV-ALV;ABG-ALV;ABM-AG;ABM-AGI;ABNB-ACB;ABR-AGI;ACAD-AIT;ACHR-AER;ACN-AFYA;AEG-AGI;AER-AGI;ALV-AMCX,0.0035911373561248183,3.3449484506683023,0.011347517730496453,1.3638128393363533,"ABCL,ABEO,ABSI,ABVX,ACAD,ACB,ACHR,ACIW,ACN,ACRS,ACVA,ADBE,ADEA,ADMA,ADSK,AENT,AEYE,AG,AGI,AGIO,AGL,AGMB,AGYS,AI,AIRO,AIRS,AIV,AKAM,AKO-B,ALAR,ALKT,ALLT,ALRM,ALV,ALVO,AMLX","AAL,AAP,AAPL,ABAT,ABBV,ABEV,ABG,ABM,ABNB,ABR,ACA,ACCO,ACRE,ADAM,ADT,AEG,AER,AFYA,AGBK,AGM,AGNC,AIOT,AIR,AIRG,AIT,ALC,ALG,ALGT,ALK,ALRS,ALTG,AMCR,AMCX,AME"
2026-04-17 15:45:00+00:00,L0612,L0618,decay,maturity,0.5979900836371572,0.33985090899447395,0,,3,AAP-ALKS;AGYS-ALCO;AIP-AME,-0.0005295304581522942,1.3862943611198906,0.008433734939759036,0.6291909483104259,"AAMI,AAOI,AARD,ACET,ACHV,ACIC,ACLS,ACMR,ACNB,ACRS,ADAG,ADTN,AEHR,AEIS,AERO,AEXA,AGMB,AGX,AGYS,AII,AIP,ALAB,ALKS,ALLY,ALMS,AMAT,AMBA","A,AAP,AAT,ABX,ACHC,ACNT,ACT,ACU,AEC,AEM,AENT,AGCO,AHCO,AHRT,AIRJ,AKR,AKTS,ALCO,ALG,ALGN,ALLE,ALMU,ALSN,AMBP,AME,AMLX,AMN,AMPG"
2026-04-17 16:00:00+00:00,L0608,L0612,decay,expansion,0.5534786869814742,0.8848378320909583,3,AAPL;ALLY;AMCX,12,AAPL-AARD;ABCL-ALLY;ACET-AMCX;ACVA-AEBI;ADEA-AEHR;ADV-ALLY;AER-AIP;AGNC-AMLX;AGNC-AMPH;AGX-ALLY;ALGM-ALLY;AMBA-AMCX,0.005275539821013808,2.9718264929128524,0.02222222222222222,1.1777849122832762,"AAL,AAP,AAPL,ABAT,ABBV,ABEV,ACNB,ACVA,ADAM,ADEA,AEG,AER,AERO,AFRI,AFYA,AG,AGBK,AGMB,AGNC,AIRG,ALC,ALK,ALKS,ALKT,ALLY,ALM,ALRM,ALTG,ALV,AMCR,AMCX","AAMI,AAOI,AARD,ABCL,ACET,ACLS,ACMR,ADAG,ADSE,ADTN,ADV,AEBI,AEHR,AEIS,AEO,AEXA,AGO,AGX,AII,AIP,ALAB,ALGM,ALMS,ALOY,ALX,AMAT,AMBA,AMKR,AMLX,AMPH,QQQ"
2026-04-17 16:00:00+00:00,L0617,L0612,expansion,expansion,0.6769126384629747,0.8848378320909583,1,ABVX,6,AARD-ABVX;ABCL-ABEO;ABVX-ACMR;ACLS-AHR;ADPT-ALOY;AIV-QQQ,0.004951295937644318,2.2507789928034856,0.02222222222222222,1.0345532227003846,"ABEO,ABM,ABR,ABSI,ABVX,ACAD,ACHR,ACIW,ACN,ACOG,ACRS,ACT,ADBE,ADMA,ADPT,ADSK,AENT,AEYE,AGI,AGIO,AGL,AGYS,AHR,AI,AIRO,AIRS,AIV,AKAM,AKO-B,AKR,ALAR,ALCO,ALG,ALLT,ALVO,AMCI,AMP","AAMI,AAOI,AARD,ABCL,ACET,ACLS,ACMR,ADAG,ADSE,ADTN,ADV,AEBI,AEHR,AEIS,AEO,AEXA,AGO,AGX,AII,AIP,ALAB,ALGM,ALMS,ALOY,ALX,AMAT,AMBA,AMKR,AMLX,AMPH,QQQ"
2026-04-17 16:45:00+00:00,L0612,L0600,decay,maturity,0.9501762696032404,0.723203454890461,0,,3,AAOI-ADUR;ACLS-AFBI;AFBI-AMCX,0.0018220876809209585,1.4308395203946178,0.01935483870967742,0.8626270232532165,"AAMI,AAOI,AARD,ABCL,ABVX,ACET,ACHV,ACIC,ACLS,ACMR,ACNB,ADAG,ADSE,ADTN,AEHR,AEIS,AENT,AEO,AEXA,AGX,AII,AIP,ALAB,ALKS,ALLY,ALMS,AMAT,AMBA,AMCX,AMLX,AMPH,QQQ","AA,AAPG,AAUC,ABT,ABUS,ACDC,ACGL,ACI,ACTG,AD,ADC,ADM,ADP,ADUR,ADUS,AEE,AEP,AES,AESI,AFBI,AFCG,AFG,AFJK,AFL,AGCC,AGEN,AGL,AGPU,AGRO,AHR,AIG,AIZ,AJG,ALB,ALCO,ALHC,ALL,ALNY,ALOT,ALTO,AM,AMCI,AMD,AMG,AMGN,AMP"
2026-04-17 17:00:00+00:00,L0617,L0622,expansion,confirmation,0.6714711464120803,0.45871240295838944,0,,9,ABCB-AGMB;ABEV-ALLY;ABR-ADT;ACAD-AER;ACHR-AIOT;ACNB-ADMA;ACOG-AG;AEVA-AGMB;AI-ALNT,0.0003824525629170239,2.306402323718855,0.00821917808219178,0.9168885224531834,"AAL,ABAT,ABEO,ABEV,ABM,ABR,ABSI,ACAD,ACB,ACHR,ACIW,ACN,ACVA,ADBE,ADEA,ADMA,ADNT,ADSK,AEC,AEG,AEYE,AFRI,AG,AGI,AGIO,AGMB,AGYS,AI,AIRG,AIRO,AIRS,AIV,AKAM,ALAR,ALC,ALKS,ALLT,ALMR,ALMU,ALTG,ALV,ALVO,AMPG","AAMI,ABCB,ACA,ACCO,ACEL,ACHV,ACIC,ACM,ACMR,ACNB,ACOG,ADPT,ADT,ADV,AER,AEVA,AFRM,AGX,AIN,AIOT,AIP,AIT,ALLY,ALNT,ALRS,AMAL"
2026-04-17 17:15:00+00:00,L0617,L0600,decay,maturity,0.869237623445324,0.28936510168297946,1,AMH,4,AFL-AKR;AGMB-AMGN;AKR-ALCO;AMGN-AMH,0.005927402060478926,2.0271925547172516,0.0196078431372549,0.8573201326883921,"ABBV,ABCL,ABEO,ABM,ABSI,ACAD,ACB,ACHR,ACIW,ACN,ACOG,ACRS,ACVA,ADBE,ADMA,ADPT,ADSK,AEC,AEVA,AGI,AGIO,AGL,AGMB,AGYS,AHR,AI,AIRO,AIRS,AIV,AKAM,AKO-B,AKR,ALAR,ALKS,ALKT,ALLT,ALVO,AMH","AA,AAUC,ABT,ABUS,ACDC,ACGL,ACI,ACTG,AD,ADC,ADM,ADP,ADUR,AEE,AENT,AEP,AES,AESI,AFBI,AFCG,AFG,AFJK,AFL,AGCC,AGEN,AGPU,AGRO,AIG,AIZ,AJG,ALB,ALCO,ALHC,ALL,ALMR,ALNY,ALTO,ALX,AM,AMCI,AMD,AMG,AMGN,AMP"
2026-04-17 17:45:00+00:00,L0612,L0618,maturity,expansion,0.38475544470936907,0.753946880508572,0,,14,ABBV-ACET;ABCB-AHCO;ABNB-ACRE;ABNB-AMAL;ACA-ACNT;ACM-AMCR;ACOG-ACR;ACT-AEXA;ADNT-AGI;ADNT-ALC;ADNT-AMCR;ADT-AKR;AGM-AME;AKO-B-ALRS,0.00021611832198686898,2.7094899529751424,0.016216216216216217,1.0214156182416005,"AAMI,AAOI,AARD,ABCB,ABVX,ACA,ACCO,ACEL,ACET,ACHV,ACIC,ACLS,ACM,ACMR,ACNB,ACR,ACRE,ADAG,ADNT,ADPT,ADT,ADTN,ADV,AEHR,AEIS,AER,AEVA,AEXA,AFRM,AGM,AGX,AII,AIN,AIOT,AIP,ALAB,ALH,ALLY,ALMS,ALNT,ALRS,AMAL,AMAT,AMBA,AMBQ,AMCX","A,AAON,AAP,AAPG,AAT,ABBV,ABM,ABNB,ABR,ABX,ACB,ACHC,ACN,ACNT,ACOG,ACT,ACU,ADSE,ADUS,AEG,AEM,AG,AGCO,AGI,AGL,AGNC,AHCO,AHR,AHRT,AIRJ,AIT,AKO-B,AKR,AKTS,ALC,ALCO,ALG,ALGN,ALLE,ALM,ALOT,ALSN,ALTG,AMBP,AMCR,AME,AMH,AMN"
2026-04-17 17:45:00+00:00,L0608,L0618,decay,expansion,0.4937973792500886,0.753946880508572,0,,8,AAL-ACB;AAL-ALGN;AAON-ADI;AAP-ALGT;ABNB-ADAM;ADAM-ALM;ADAM-AMCR;ALGT-AMCR,0.00023234137916006148,2.1998028216855583,0.016216216216216217,0.9267064157814201,"AAL,AAPL,ABEV,ABG,ADAM,ADI,AFRI,AFYA,AGBK,AIR,AIRG,ALGT,ALK","A,AAON,AAP,AAPG,AAT,ABBV,ABM,ABNB,ABR,ABX,ACB,ACHC,ACN,ACNT,ACOG,ACT,ACU,ADSE,ADUS,AEG,AEM,AG,AGCO,AGI,AGL,AGNC,AHCO,AHR,AHRT,AIRJ,AIT,AKO-B,AKR,AKTS,ALC,ALCO,ALG,ALGN,ALLE,ALM,ALOT,ALSN,ALTG,AMBP,AMCR,AME,AMH,AMN"
2026-04-17 17:45:00+00:00,L0612,L0617,maturity,maturity,0.38475544470936907,0.7165512160599213,0,,9,AARD-ALV;ABSI-ACCO;ABSI-AIOT;ACHR-ALLY;ACMR-ACRS;ADEA-ALMS;ADSK-ALLY;AGIO-ALMS;ALLT-ALRS,0.0029242073942441493,2.331407773823373,0.010218978102189781,0.9147767884019589,"AAMI,AAOI,AARD,ABCB,ABVX,ACA,ACCO,ACEL,ACET,ACHV,ACIC,ACLS,ACM,ACMR,ACNB,ACR,ACRE,ADAG,ADNT,ADPT,ADT,ADTN,ADV,AEHR,AEIS,AER,AEVA,AEXA,AFRM,AGM,AGX,AII,AIN,AIOT,AIP,ALAB,ALH,ALLY,ALMS,ALNT,ALRS,AMAL,AMAT,AMBA,AMBQ,AMCX","ABCL,ABEO,ABSI,ACAD,ACHR,ACIW,ACRS,ADBE,ADEA,ADMA,ADSK,AERO,AEYE,AGIO,AGMB,AGYS,AI,AIRO,AIRS,AIV,AKAM,ALAR,ALKS,ALLT,ALRM,ALV,ALVO"
2026-04-17 17:45:00+00:00,L0608,L0617,decay,maturity,0.4937973792500886,0.7165512160599213,0,,5,ABEV-AERO;ABG-ACHR;ACHR-AIR;AIRG-ALV;ALK-ALV,0.002940430451417342,1.839603637694414,0.010218978102189781,0.8245383347319349,"AAL,AAPL,ABEV,ABG,ADAM,ADI,AFRI,AFYA,AGBK,AIR,AIRG,ALGT,ALK","ABCL,ABEO,ABSI,ACAD,ACHR,ACIW,ACRS,ADBE,ADEA,ADMA,ADSK,AERO,AEYE,AGIO,AGMB,AGYS,AI,AIRO,AIRS,AIV,AKAM,ALAR,ALKS,ALLT,ALRM,ALV,ALVO"
2026-04-17 18:00:00+00:00,L0618,L0600,decay,maturity,0.4942440763082401,0.4912959772718582,0,,6,ACGL-ADUS;ACVA-AMP;ADUS-AMGN;AFG-AIRJ;AIG-ALOT;AJG-AMH,0.0001981270033866167,1.9487365368183407,0.020134228187919462,0.7858662845068025,"A,AAP,AAPG,AAT,ABBV,ABM,ABX,ACB,ACHC,ACNT,ACU,ACVA,ADUS,AEC,AEM,AGCO,AGI,AGL,AHCO,AHR,AHRT,AIRJ,AKO-B,AKR,AKTS,ALCO,ALGN,ALKT,ALLE,ALM,ALMU,ALOT,ALSN,AMBP,AMCR,AME,AMH,AMN,AMPG","AA,AAUC,ABT,ABUS,ACDC,ACGL,ACI,ACTG,AD,ADC,ADM,ADP,ADUR,AEE,AENT,AEP,AES,AESI,AFBI,AFG,AFJK,AFL,AGEN,AGPU,AGRO,AIG,AIZ,AJG,ALB,ALHC,ALL,ALNY,ALTO,ALX,AM,AMCI,AMD,AMG,AMGN,AMP"
2026-04-17 18:00:00+00:00,L0617,L0600,decay,maturity,0.8963128534383564,0.4912959772718582,0,,1,AGEN-AIRS,0.003119048895314336,0.8380718122180311,0.020134228187919462,0.6288207364957601,"ABEO,ABSI,ACAD,ACIW,ACN,AGIO,AGMB,AGYS,AI,AIRS,AIV,AKAM,ALAR,ALKS,ALLT,ALVO","AA,AAUC,ABT,ABUS,ACDC,ACGL,ACI,ACTG,AD,ADC,ADM,ADP,ADUR,AEE,AENT,AEP,AES,AESI,AFBI,AFG,AFJK,AFL,AGEN,AGPU,AGRO,AIG,AIZ,AJG,ALB,ALHC,ALL,ALNY,ALTO,ALX,AM,AMCI,AMD,AMG,AMGN,AMP"
2026-04-17 18:15:00+00:00,L0627,L0612,confirmation,maturity,0.6344381646312189,0.7102399458352191,0,,29,AAL-AIR;AAL-ALGM;AAPL-ACHV;ABAT-ALLY;ABCB-ALGM;ABG-ACMR;ABG-ADV;ABNB-ACA;ABNB-AMAL;ABR-ACRE;ABVX-AMCX;ACA-AEBI;ACA-AIT;ACA-ALRS;ACA-AMCX;ACCO-ALG;ACCO-ALK;ACEL-AMCR;ACEL-AMCX;ACET-AMCX;ACMR-ADEA;ACMR-ALK;ADAM-ALH;AEHR-AGNC;AFRI-AIR;AFRM-AIT;AGNC-ALLY;AIOT-ALC;AIP-ALV,0.001234103154274635,3.4053026208060877,0.02113821138211382,1.2578998200487703,"AAL,AAON,AAP,AAPL,ABAT,ABCB,ABEV,ABG,ABM,ABNB,ABR,ACAD,ACIW,ACM,ACN,ACT,ADAM,ADEA,ADI,ADNT,ADPT,AEBI,AEG,AEM,AER,AERO,AEVA,AFRI,AFYA,AG,AGBK,AGM,AGNC,AGO,AIRG,AIT,AIV,ALC,ALG,ALGT,ALK,ALMR,ALRM,ALRS,ALSN,ALTG,ALV,AMBQ,AMCR,AMCX,AME,AMKR","AAMI,AAOI,AARD,ABCL,ABVX,ACA,ACCO,ACEL,ACET,ACHV,ACIC,ACLS,ACMR,ACNB,ACOG,ACR,ACRE,ACRS,ADAG,ADSE,ADT,ADTN,ADV,AEHR,AEIS,AEO,AEXA,AFRM,AGIO,AGMB,AGX,AII,AIN,AIOT,AIP,AIR,ALAB,ALAR,ALGM,ALH,ALLY,ALMS,ALNT,AMAL,AMAT,AMBA,AMLX,AMPH,QQQ"
2026-04-17 18:30:00+00:00,L0627,L0600,decay,expansion,0.9152075274960261,0.5178012245352009,0,,3,ABT-AGO;ADI-ADUR;AGCC-AGO,0.0016106451403175015,1.4257709343342884,0.01948051948051948,0.789267437115018,"AAON,AAPL,ABCB,ABNB,ABX,ACA,ACM,ACR,ACRE,ADAM,ADI,ADNT,ADPT,ADV,AEBI,AEIS,AEVA,AFRM,AFYA,AGBK,AGM,AGNC,AGO,AGX,AIT,ALGM,ALH,ALRS,ALSN,AMCX,AME,AMKR","AA,AAPG,AAUC,ABT,ABUS,ACDC,ACGL,ACI,ACTG,AD,ADC,ADM,ADP,ADUR,ADUS,AEE,AENT,AEP,AES,AESI,AFBI,AFCG,AFG,AFJK,AFL,AGCC,AGEN,AGPU,AGRO,AIG,AIZ,AJG,ALB,ALHC,ALL,ALNY,ALOT,ALTO,ALX,AM,AMCI,AMD,AMG,AMGN,AMP"
2026-04-17 18:45:00+00:00,L0628,L0629,expansion,confirmation,1.0644907911717654,0.7288656483609678,2,AIV;ALAR,10,ABSI-ALK;ACHR-ACNB;ACHR-AEYE;ACHR-ALK;ACHR-ALTG;ACRS-ALH;ADEA-ADMA;ADSK-AFRI;AER-AI;ALKS-ALRM,0.0029387440881691873,2.727452382793947,0.012887828162291169,1.2218032017826503,"ABEO,ABSI,ACHR,ACRS,ACVA,ADBE,ADMA,ADSK,AGI,AGIO,AGYS,AI,AIRO,AIRS,AIV,AKAM,ALAR,ALKS,ALLT,ALMR,ALVO","AAL,AAP,AAPL,ABAT,ABEV,ABG,ABR,ACHV,ACNB,ADAM,ADEA,AEG,AER,AERO,AEYE,AFRI,AFYA,AG,AGM,AGNC,AIR,AIRG,ALC,ALGT,ALH,ALK,ALLY,ALRM,ALTG,ALV,AMCX"
2026-04-17 18:45:00+00:00,L0627,L0629,decay,confirmation,0.23167112014990304,0.7288656483609678,1,AGBK,24,AAL-AIT;AAP-AIT;ABEV-ADT;ABG-AFRM;ABG-AGBK;ABR-ACCO;ACA-ACNB;ACA-AGM;ACA-ALGT;ACA-ALLY;ACA-AMCX;ACRE-AGM;ACRE-ALH;ADEA-ADNT;ADNT-ALK;ADT-ALC;ADT-ALLY;AER-ALNT;AEVA-AG;AIOT-ALC;AIOT-ALV;ALGM-ALRM;ALGT-AMAL;ALLY-AMAL,0.0007717580301687121,3.298691151727148,0.012887828162291169,1.114766992709392,"AAON,ABCB,ACA,ACCO,ACEL,ACM,ACR,ACRE,ADI,ADNT,ADPT,ADT,ADV,AEBI,AEIS,AEVA,AFRM,AGBK,AGO,AIN,AIOT,AIT,ALGM,ALNT,ALRS,AMAL,AMBQ,AMKR","AAL,AAP,AAPL,ABAT,ABEV,ABG,ABR,ACHV,ACNB,ADAM,ADEA,AEG,AER,AERO,AEYE,AFRI,AFYA,AG,AGM,AGNC,AIR,AIRG,ALC,ALGT,ALH,ALK,ALLY,ALRM,ALTG,ALV,AMCX"
2026-04-17 18:45:00+00:00,L0628,L0630,expansion,confirmation,1.0644907911717654,0.4307162133214298,0,,10,ABX-ALLT;ACB-ACHR;ACB-ACVA;ACIW-AIRS;ACIW-AIV;ACVA-AKTS;ACVA-ALKT;ADSK-AKO-B;AGI-ALGN;AIRO-AMPG,0.00332393596181646,2.4276653145261933,0.012587412587412588,1.0573665418676188,"ABEO,ABSI,ACHR,ACRS,ACVA,ADBE,ADMA,ADSK,AGI,AGIO,AGYS,AI,AIRO,AIRS,AIV,AKAM,ALAR,ALKS,ALLT,ALMR,ALVO","A,AAPG,AAT,ABBV,ABM,ABNB,ABX,ACAD,ACB,ACHC,ACIW,ACN,ACNT,ACOG,ACT,ACU,ADUS,AEC,AEM,AGCO,AGL,AHCO,AHR,AHRT,AIRJ,AKO-B,AKR,AKTS,ALCO,ALG,ALGN,ALKT,ALLE,ALM,ALMU,ALOT,ALSN,AMBP,AMCI,AMCR,AME,AMH,AMN,AMPG"
2026-04-17 18:45:00+00:00,L0627,L0630,decay,confirmation,0.23167112014990304,0.4307162133214298,0,,16,AAT-ADT;ABNB-ACEL;ACA-ALMU;ACAD-AIT;ACCO-AMCR;ACM-ALKT;ACOG-AMAL;ACT-ADT;ADT-AKR;ADT-ALLE;AEBI-AMCR;AEM-AMAL;AGO-AHCO;AIT-ALG;AIT-ALGN;ALGM-AMN,0.0011569499038159847,2.839995878249821,0.012587412587412588,0.910603281491967,"AAON,ABCB,ACA,ACCO,ACEL,ACM,ACR,ACRE,ADI,ADNT,ADPT,ADT,ADV,AEBI,AEIS,AEVA,AFRM,AGBK,AGO,AIN,AIOT,AIT,ALGM,ALNT,ALRS,AMAL,AMBQ,AMKR","A,AAPG,AAT,ABBV,ABM,ABNB,ABX,ACAD,ACB,ACHC,ACIW,ACN,ACNT,ACOG,ACT,ACU,ADUS,AEC,AEM,AGCO,AGL,AHCO,AHR,AHRT,AIRJ,AKO-B,AKR,AKTS,ALCO,ALG,ALGN,ALKT,ALLE,ALM,ALMU,ALOT,ALSN,AMBP,AMCI,AMCR,AME,AMH,AMN,AMPG"
2026-04-17 19:00:00+00:00,L0630,L0600,decay,maturity,0.8363841141376936,0.7027923428613655,7,ABBV;AGL;AHR;AKO-B;AKR;ALCO;AMCI,4,AAT-ACI;ABM-AFL;ACHC-AGPU;ACT-AFBI,0.003079027053900063,2.960514478702787,0.019736842105263157,1.2048420830912039,"A,AAPG,AAT,ABBV,ABM,ABX,ACHC,ACNT,ACT,ACU,ADUS,AEC,AEM,AGCO,AGL,AHCO,AHR,AHRT,AIRJ,AKO-B,AKR,AKTS,ALCO,ALGN,ALLE,ALM,ALMU,ALOT,ALSN,AMBP,AMCI,AME,AMN","AA,AAUC,ABT,ABUS,ACDC,ACGL,ACI,ACTG,AD,ADC,ADM,ADP,ADUR,AEE,AENT,AEP,AES,AESI,AFBI,AFCG,AFG,AFJK,AFL,AGCC,AGEN,AGPU,AGRO,AIG,AIZ,AJG,ALB,ALHC,ALL,ALMR,ALNY,ALTO,ALX,AM,AMD,AMG,AMGN,AMH,AMP"
2026-04-17 19:00:00+00:00,L0628,L0600,maturity,maturity,0.48381064569879995,0.7027923428613655,0,,2,ABUS-AIRO;ADUR-AIRO,0.0023748537059873343,1.1747969082814647,0.019736842105263157,0.6526406499542052,"ABEO,ABSI,ACB,ACHR,ACVA,ADBE,ADMA,ADPT,AGI,AGIO,AGYS,AI,AIRO,AKAM,ALKS,ALKT,ALLT,ALOY,ALVO,AMPG","AA,AAUC,ABT,ABUS,ACDC,ACGL,ACI,ACTG,AD,ADC,ADM,ADP,ADUR,AEE,AENT,AEP,AES,AESI,AFBI,AFCG,AFG,AFJK,AFL,AGCC,AGEN,AGPU,AGRO,AIG,AIZ,AJG,ALB,ALHC,ALL,ALMR,ALNY,ALTO,ALX,AM,AMD,AMG,AMGN,AMH,AMP"
2026-04-17 19:15:00+00:00,L0627,L0600,expansion,maturity,0.7403573238986807,0.46093313049864637,1,AFCG,7,ABBV-ADT;ACR-ALX;ADI-ADUR;ADT-AKR;AEIS-AGCC;AGCC-AMBQ;ALNT-ALX,0.0030301238875836134,2.3324363174040563,0.019230769230769232,0.9463808310548276,"AAON,ABCB,ACA,ACCO,ACEL,ACM,ACOG,ACR,ACRE,ACT,ADI,ADNT,ADT,ADV,AEBI,AEIS,AFCG,AFRM,AGBK,AGO,AIN,AIOT,AIT,ALG,ALGM,ALMR,ALNT,ALRS,AMAL,AMBQ,AMKR","AA,AAUC,ABBV,ABT,ABUS,ACDC,ACGL,ACI,ACTG,AD,ADC,ADM,ADP,ADUR,AEE,AENT,AEP,AES,AESI,AFG,AFJK,AFL,AGCC,AGEN,AGL,AGPU,AGRO,AHR,AIG,AIZ,AJG,AKO-B,AKR,ALB,ALCO,ALHC,ALL,ALNY,ALTO,ALX,AM,AMCI,AMD,AMG,AMGN,AMH,AMP"
2026-04-17 19:45:00+00:00,L0629,L0600,decay,maturity,0.7401424226974928,0.44986179401541526,0,,88,AA-ABAT;AA-AIRG;AA-ALK;AAL-AD;AAL-ADUR;AAL-AGCC;AAL-AGEN;AAL-AMCI;AAPL-AESI;AAPL-AGPU;AAPL-AMD;AAUC-AI;AAUC-AIRS;ABAT-ALB;ABAT-ALTO;ABEV-ADM;ABEV-AES;ABEV-AFL;ABEV-AIG;ABEV-ALHC;ABG-ABT;ABT-ACHV;ABT-ADAM;ABT-AGNC;ABT-ALK;ACHR-ALNY;ACHV-ACI;ACHV-AES;ACTG-AIRS;AD-AGNC;AD-AI;AD-ALC;ADAM-ADUR;ADAM-AMGN;ADBE-ADP;ADBE-AESI;ADBE-AMP;ADEA-ALHC;ADEA-AMP;ADM-AFYA;ADM-AIV;ADNT-ALTO;ADNT-AMG;ADP-ADSK;ADP-AIRS;ADP-AIV;ADP-ALAR;ADP-ALLT;ADSK-AJG;ADUR-AGNC;ADUR-AIR;ADUR-ALK;AEP-AFYA;AEP-AIV;AER-AFCG;AER-AGCC;AERO-AGEN;AERO-AM;AES-AFRI;AES-AFYA;AES-AGBK;AESI-AEYE;AEYE-AMP;AFBI-AFYA;AFCG-AGNC;AFCG-ALK;AFCG-AMCX;AFJK-ALAR;AFL-AFYA;AFL-ALV;AGCC-AGNC;AGCC-ALK;AGEN-AGNC;AGNC-AMCI;AGPU-AIRG;AGPU-AIV;AI-AJG;AIG-AIRG;AIG-AIV;AIRS-AMP;AIV-ALHC;ALAR-ALHC;ALAR-AMD;ALB-ALLY;ALC-AMGN;ALK-AMCI;ALMR-AMCX;ALV-AMP,0.002371368871536106,4.491297285759128,0.02,1.4828255864536544,"AAL,AAP,AAPL,ABAT,ABEV,ABG,ABR,ACHR,ACHV,ADAM,ADBE,ADEA,ADNT,ADSK,AER,AERO,AEYE,AFRI,AFYA,AGBK,AGNC,AI,AIR,AIRG,AIRS,AIV,ALAR,ALC,ALGT,ALK,ALLT,ALLY,ALRM,ALV,AMCX","AA,AAUC,ABT,ABUS,ACDC,ACGL,ACI,ACTG,AD,ADC,ADM,ADP,ADUR,AEE,AEP,AES,AESI,AFBI,AFCG,AFG,AFJK,AFL,AGCC,AGEN,AGPU,AGRO,AIG,AIZ,AJG,ALB,ALHC,ALL,ALMR,ALNY,ALTO,AM,AMCI,AMD,AMG,AMGN,AMP"
2026-04-17 19:45:00+00:00,L0612,L0600,decay,maturity,0.5293721432271133,0.44986179401541526,0,,73,AAUC-ABEO;AAUC-ACRS;AAUC-ALKS;AAUC-ALVO;ABCL-ACTG;ABCL-AD;ABEO-AD;ABEO-AMCI;ABSI-ABUS;ABSI-AMGN;ABUS-ABVX;ABUS-ACRS;ABUS-ALKS;ABUS-ALVO;ABUS-AMBA;ABVX-AM;ACDC-ACRS;ACDC-ADTN;ACDC-AEXA;ACDC-ALAB;ACDC-ALMS;ACET-AMD;ACI-ALVO;ACRS-ACTG;ACRS-AM;ACTG-ADMA;ACTG-ADTN;ACTG-AII;ACVA-ALB;ACVA-ALTO;AD-ALKS;AD-ALVO;AD-AMBA;AD-AMLX;ADM-AGYS;ADM-AKAM;ADMA-ALNY;ADMA-AM;ADP-AGYS;ADP-AKAM;ADUR-AGIO;ADUR-AMBA;AEP-AEXA;AESI-AIRO;AESI-ALAB;AEXA-AFJK;AEXA-AGRO;AFJK-ALKS;AFJK-ALVO;AGEN-AGIO;AGEN-ALVO;AGEN-AMBA;AGIO-ALNY;AGIO-AM;AGIO-AMCI;AGPU-AGYS;AGRO-AKAM;AGRO-ALAB;AGRO-ALMU;AGYS-ALHC;AGYS-AMP;AII-AMCI;AIRO-AM;AIRO-AMP;AKAM-ALHC;AKAM-AMD;ALAB-AM;ALB-AMPG;ALNY-ALVO;ALNY-AMBA;ALTO-AMPG;AMBA-AMCI;AMCI-AMLX,0.004325637593865395,4.309893531020925,0.02,1.3742435639279897,"ABCL,ABEO,ABSI,ABVX,ACET,ACRS,ACVA,ADAG,ADMA,ADTN,AEC,AEXA,AGIO,AGMB,AGYS,AII,AIRO,AKAM,ALAB,ALH,ALKS,ALMS,ALMU,ALVO,AMBA,AMLX,AMPG","AA,AAUC,ABT,ABUS,ACDC,ACGL,ACI,ACTG,AD,ADC,ADM,ADP,ADUR,AEE,AEP,AES,AESI,AFBI,AFCG,AFG,AFJK,AFL,AGCC,AGEN,AGPU,AGRO,AIG,AIZ,AJG,ALB,ALHC,ALL,ALMR,ALNY,ALTO,AM,AMCI,AMD,AMG,AMGN,AMP"
2026-04-20 14:15:00+00:00,L0635,L0643,expansion,confirmation,0.660669280949036,0.395164600997403,2,ABEV;AEBI,20,AAMI-AIOT;AAPL-ACOG;ABEV-ALV;ABEV-AMKR;ACHV-ALHC;ACLS-AIG;ACOG-ALV;ACRS-ACTG;ACRS-AJG;ADI-AJG;ADM-AEBI;AEBI-AIOT;AEBI-ALHC;AGO-AIV;AHRT-ALHC;AIOT-AMP;ALHC-AMG;ALHC-AMP;ALLY-ALV;AMBP-AMD,0.0003399325651116669,3.22023463153259,0.02142857142857143,1.1250231081813646,"AAMI,ABCB,ABEV,ACA,ACCO,ACHV,ACOG,ACT,ACTG,ADC,ADUS,AEBI,AEE,AEP,AES,AEXA,AFBI,AFG,AFL,AGCO,AGM,AGO,AHR,AHRT,AIG,AIT,AIZ,AJG,AKO-B,AKR,ALCO,ALL,ALLE,ALLY,ALMR,ALNT,ALOT,ALSN,ALX,AMAL,AMBP,AME,AMG,AMGN,AMH,AMP","AAON,AAPL,ABX,ACDC,ACGL,ACLS,ACR,ACRS,ADBE,ADEA,ADI,ADM,ADTN,AEO,AESI,AFYA,AGPU,AGRO,AIOT,AIRG,AIRO,AIV,AKAM,AKTS,ALAR,ALGM,ALHC,ALM,ALV,AMD,AMKR"
2026-04-20 14:30:00+00:00,L0637,L0635,decay,maturity,1.0052212722366134,0.593573775967743,9,AA;ACAD;ACET;ADSE;AFRI;ALGN;ALMS;ALMU;AMBP,24,AA-AEP;ABAT-ACIC;ABAT-AMG;ABCB-ADSE;ACCO-AEIS;ACCO-ALMS;ACET-ACT;ACET-AEP;ACET-AIG;ACHC-ADUS;ACIC-ALGN;ACOG-ALB;ADC-ADSE;ADSE-AIT;ADSE-AKR;AEHR-AMP;AEIS-AHRT;AEIS-AMP;AFJK-AMBP;AFL-ALB;AKO-B-ALMU;ALGN-ALL;ALTO-AMG;AMN-AMP,0.002111355250235647,3.766098228816868,0.01714285714285714,1.4237345002369526,"AA,AAOI,AARD,ABAT,ACAD,ACET,ACHC,ADMA,ADSE,AEHR,AEIS,AFRI,ALB,ALGN,ALKS,ALKT,ALMS,ALMU,ALOY,ALTO,AM,AMAT,AMBP,AMN,AMPG","AAON,ABCB,ACCO,ACHV,ACIC,ACOG,ACT,ACTG,ADC,ADUS,ADV,AEE,AEP,AES,AEXA,AFBI,AFG,AFJK,AFL,AGM,AGO,AHR,AHRT,AIG,AIT,AIZ,AJG,AKO-B,AKR,ALAB,ALCO,ALL,ALMR,ALOT,ALSN,ALX,AMAL,AME,AMG,AMGN,AMH,AMP"
2026-04-20 14:45:00+00:00,L0638,L0642,maturity,expansion,0.2822253792854379,0.8888966030096203,1,ALTG,23,A-AEVA;AAP-ACNT;ABM-ALGT;ABNB-ACRE;ABSI-ALH;ABT-ADPT;ABT-AHCO;ABT-ALNT;ABUS-ACHR;ACB-ALK;ACB-ALTG;ACEL-AGMB;ACHR-QQQ;ACRE-ACVA;ACRE-ADPT;AD-ADPT;AD-AEVA;AD-AI;ADAG-ALVO;ADPT-AII;ADUR-ALOY;AG-AHCO;AII-AIRJ,0.003081719158217311,3.269879610153261,0.020047732696897375,1.1718136571313673,"A,AAL,AAOI,AAP,AAT,ABBV,ABCL,ABEO,ABR,ABT,ABUS,ABVX,ACMR,ACRE,AD,ADAM,ADMA,AEC,AEG,AEM,AENT,AER,AERO,AFCG,AG,AGBK,AGCC,AGEN,AGI,AGIO,AGMB,AGNC,AGX,AII,AIP,ALC,ALG,ALGT,ALH,ALK,ALNY,ALOY,ALTG,ALVO,AM,AMAT,AMBA,AMCR,AMLX,AMPG,AMPH,QQQ","AAPG,AAUC,ABG,ABM,ABNB,ABSI,ACB,ACEL,ACHR,ACI,ACIW,ACM,ACN,ACNB,ACNT,ACTG,ACVA,ADAG,ADP,ADPT,ADSK,ADT,ADUR,AEVA,AEYE,AFRM,AGYS,AHCO,AI,AIN,AIR,AIRJ,AIRS,ALB,ALKS,ALKT,ALLT,ALNT,ALRM,AMBQ,AMCI,AMCX"
2026-04-20 15:15:00+00:00,L0635,L0643,decay,expansion,0.8878062749840817,1.053352919307323,4,ACIC;AEE;AEXA;AFYA,26,AA-ACT;AA-AFBI;AAON-AGCO;AAPL-AEXA;ABX-AEXA;ACCO-AME;ACDC-AEE;ACDC-AIG;ACIC-AEHR;ACIC-AIV;ACIC-AKAM;ADI-AFBI;ADM-AGO;AEE-AIV;AEO-AFYA;AEXA-AKAM;AEXA-AMD;AFBI-ALV;AFBI-AMKR;AFG-ALAR;AFL-AKAM;AFYA-ALGM;AGM-AKAM;AGO-AIV;AGO-ALTO;ALTO-AMG,0.004874010570347309,3.5691777336876926,0.021195652173913043,1.4778215395354315,"ABCB,ACGL,ACIC,ACT,ACTG,AEE,AES,AEXA,AFBI,AFG,AFL,AFYA,AGCO,AGM,AGO,AHR,AIG,AIT,AIZ,AKR,ALL,ALLE,ALMR,ALSN,ALX,AMAL,AME,AMG,AMGN,AMH","AA,AAON,AAPL,ABEV,ABX,ACCO,ACDC,ACET,ACLS,ACOG,ACR,ACRS,ADC,ADEA,ADI,ADM,ADTN,ADUS,AEBI,AEHR,AEIS,AEO,AEP,AESI,AFRM,AGPU,AGRO,AHRT,AIOT,AIRG,AIRO,AIV,AJG,AKAM,AKO-B,AKTS,ALAR,ALCO,ALGM,ALHC,ALM,ALOT,ALTO,ALV,AMD,AMKR,AMN,AMP"
2026-04-20 16:30:00+00:00,L0635,L0638,expansion,maturity,0.5343616593188594,0.5955028715698076,1,AMGN,6,A-ACAD;A-AMGN;AARD-AEG;ABUS-ACHC;ADV-ALB;AGBK-ALX,0.0021032479708082974,2.2203251153436394,0.017277486910994764,0.8966322611391591,"AA,AAMI,AARD,AAUC,ABCB,ABEV,ACA,ACAD,ACDC,ACET,ACGL,ACHC,ACLS,ACT,ACTG,ACU,ADSE,ADT,AES,AEXA,AFBI,AFG,AFL,AFRI,AFYA,AGL,AGM,AGO,AHR,AIG,AIT,AIZ,AKR,ALB,ALGN,ALL,ALLE,ALLY,ALMR,ALMS,ALSN,ALX,AMAL,AME,AMGN,AMH","A,AAL,AAOI,AAP,AAT,ABAT,ABBV,ABCL,ABEO,ABR,ABT,ABUS,ABVX,ACMR,ACRE,AD,ADAM,ADMA,ADPT,ADV,AEC,AEG,AEHR,AEIS,AEM,AENT,AER,AERO,AEVA,AFCG,AG,AGBK,AGCC,AGEN,AGI,AGIO,AGMB,AGNC,AGX,AHCO,AII,AIP,ALC,ALG,ALGT,ALH,ALK,ALMU,ALNY,ALOY,ALTG,ALVO,AM,AMAT,AMBA,AMCR,AMLX,AMPG,AMPH,QQQ"
2026-04-20 16:45:00+00:00,L0645,L0635,maturity,maturity,0.6622393647916776,0.7533231234663692,0,,14,AAPL-AMG;AARD-ALKS;ACDC-ALTO;ACGL-ADTN;ACM-AMAL;ACRS-AMP;ACT-ALNT;ACTG-AEYE;ADBE-AMG;ADNT-ALSN;ADT-AEYE;ADTN-ALV;AJG-AMP;AMBQ-AMG,0.0014056491781957448,2.7173775602471144,0.01643835616438356,1.10647888996385,"AAON,AAPG,AAPL,AAUC,ABG,ABM,ACA,ACCO,ACHV,ACI,ACIW,ACM,ACN,ACRS,ADBE,ADNT,ADP,ADSK,ADTN,AEYE,AFJK,AFRM,AGCO,AGPU,AGYS,AIN,AIOT,AIR,AIRS,AJG,AKO-B,ALAB,ALHC,ALKS,ALKT,ALLT,ALNT,ALRM,ALRS,ALTO,AMBP,AMBQ,AMCX,AMKR","AAMI,AARD,ABCB,ABEV,ACAD,ACDC,ACEL,ACET,ACGL,ACHC,ACLS,ACT,ACTG,ACU,ADC,ADSE,ADT,AEO,AES,AESI,AFG,AFL,AFRI,AFYA,AGL,AGM,AGO,AHR,AHRT,AIG,AIRO,AIT,AIZ,AKR,ALGN,ALL,ALLE,ALLY,ALMR,ALMS,ALSN,ALV,ALX,AMAL,AME,AMG,AMH,AMP"
2026-04-20 17:15:00+00:00,L0648,L0645,confirmation,maturity,0.780471842045276,0.7350116697301686,3,AAUC;ADBE;AEBI,10,ACHV-ALHC;ACN-AEBI;ACN-AMG;ACRS-ADI;ACRS-AMG;ADI-AIRS;ALHC-AMBQ;ALNT-AMBP;ALNT-AMBQ;AMBQ-AMG,0.0013394902343861759,2.841061818367508,0.017475728155339806,1.1675318673478112,"AAON,AAPL,AAUC,ACCO,ACHC,ACLS,ADBE,ADI,ADNT,ADTN,AEBI,AEO,AESI,AFBI,AFRM,AFYA,AGCO,AGPU,AGYS,AIOT,AIRO,AJG,AKO-B,ALHC,ALNT,ALV,AMG,AMKR,AMP","AAPG,ABG,ABM,ABSI,ACB,ACHR,ACHV,ACI,ACIW,ACM,ACN,ACRS,ACVA,ADAG,ADP,ADSK,ADUR,AEYE,AFJK,AI,AIN,AIR,AIRS,ALAB,ALKS,ALKT,ALLT,ALRM,ALRS,AMBP,AMBQ,AMCI,AMCX"
2026-04-20 17:30:00+00:00,L0645,L0638,expansion,maturity,0.5286192245987672,0.30660479536078017,2,ABUS;ACNB,16,ABEO-AIRJ;ABG-ABM;ABNB-ABSI;ABSI-AHCO;ABUS-AGIO;ABUS-AMLX;ACHR-AMPG;ACHV-AGMB;ACM-AM;ADMA-ALRS;ADV-ALNY;AFJK-AMLX;AHCO-ALRS;AII-AIRJ;AII-AMCX;ALK-ALLT,0.0022284164442680776,3.0550780377181894,0.015584415584415584,1.016674377755074,"AAMI,AAPG,AAUC,ABM,ABSI,ABUS,ACB,ACEL,ACGL,ACHR,ACHV,ACI,ACIW,ACM,ACN,ACNB,ACNT,ACRS,ACU,ACVA,ADAG,ADBE,ADP,ADSK,ADUR,ADV,AEBI,AEYE,AFJK,AI,AIN,AIR,AIRJ,AIRS,ALAB,ALKT,ALLT,ALRM,ALRS,AMBP,AMBQ,AMCI,AMCX","A,AAL,AAP,AARD,AAT,ABBV,ABEO,ABG,ABNB,ABR,ABT,ABVX,ACMR,ACRE,AD,ADAM,ADMA,ADPT,AEC,AEG,AEM,AENT,AER,AERO,AFCG,AG,AGBK,AGCC,AGCO,AGEN,AGI,AGIO,AGMB,AGNC,AGX,AHCO,AII,ALC,ALG,ALH,ALK,ALMR,ALMU,ALNY,ALOY,ALTG,ALVO,AM,AMBA,AMCR,AMLX,AMPG,AMPH,QQQ"
2026-04-20 18:45:00+00:00,L0635,L0638,expansion,maturity,0.6024814046812283,0.10696543991816607,1,ALMR,2,ABCL-ALSN;AGCO-ALMR,0.0016890159458853304,1.6426602084216444,0.016551724137931035,0.6259818641059192,"AA,AARD,ABCB,ABEV,ABX,ACCO,ACDC,ACET,ACHC,ACIC,ACLS,ACOG,ACR,ACT,ADC,ADEA,ADM,ADSE,ADUS,ADV,AEE,AEO,AEP,AES,AEXA,AFBI,AFG,AFL,AFYA,AGL,AGM,AGO,AGRO,AHR,AHRT,AIG,AIOT,AIRG,AIRO,AIT,AIV,AIZ,AKAM,AKO-B,AKR,AKTS,ALAR,ALCO,ALGM,ALGN,ALL,ALLE,ALLY,ALM,ALMR,ALOT,ALSN,ALV,ALX,AMAL,AMD,AME,AMGN,AMH,AMN,AMP","A,AAL,AAOI,AAP,ABBV,ABCL,ABEO,ABR,ABVX,ACHR,ACMR,ACRE,AD,ADAM,AEC,AEG,AEM,AENT,AER,AERO,AFCG,AG,AGBK,AGCC,AGCO,AGEN,AGI,AGIO,AGNC,AGX,AII,ALC,ALG,ALGT,ALH,ALK,ALMU,ALNY,ALOY,ALVO,AMBA,AMCR,AMLX,AMPG,QQQ"
2026-04-20 19:00:00+00:00,L0656,L0635,confirmation,maturity,0.9435905583241826,0.27456462489849554,4,AFRI;AGMB;ALB;ALMS,5,AFL-ALMS;AFYA-ALNT;AGMB-AMH;AIT-ALMS;AKAM-AMBP,0.0021277577616274357,2.6541412626641465,0.017142857142857144,1.0315532992042686,"ACA,ACHV,AFRI,AGMB,ALB,ALMS,ALNT,AMBP","AA,AARD,ABCB,ABEV,ABX,ACCO,ACDC,ACET,ACHC,ACIC,ACLS,ACOG,ACRS,ACT,ADC,ADEA,ADM,ADSE,ADUS,ADV,AEE,AEO,AEP,AES,AESI,AEXA,AFBI,AFG,AFL,AFYA,AGL,AGM,AGO,AGRO,AHR,AHRT,AIG,AIOT,AIRG,AIRO,AIT,AIV,AIZ,AKAM,AKO-B,AKR,AKTS,ALAR,ALCO,ALGM,ALGN,ALL,ALLE,ALLY,ALM,ALOT,ALSN,ALV,ALX,AMAL,AMD,AME,AMGN,AMH,AMN,AMP"
2026-04-20 19:00:00+00:00,L0656,L0657,confirmation,confirmation,0.9435905583241826,0.3956066252083356,4,ACA;ACHV;ALNT;AMBP,0,,0.0035631180508062243,2.2360511749174234,0.013012048192771084,0.962723756018027,"ACA,ACHV,AFRI,AGMB,ALB,ALMS,ALNT,AMBP","AAON,AAPG,AAPL,ACGL,ACI,ACM,ACN,ACR,ACU,ADBE,ADI,ADMA,ADNT,ADP,ADSK,ADTN,AEBI,AFJK,AFRM,AGPU,AGYS,AIR,AIRS,AJG,ALHC,ALKT,ALRM,ALRS,ALTO,AMBQ,AMCX,AMG,AMKR"
2026-04-20 19:00:00+00:00,L0657,L0635,confirmation,maturity,-0.021506869518656165,0.27456462489849554,1,ACGL,17,AAON-AGL;AAPL-AESI;ABEV-AFRM;ACGL-AEO;ACGL-ALLE;ACM-AGM;ACR-ADV;ACR-AKTS;ACRS-ACU;ADBE-AEO;ADI-AIOT;ADNT-AMP;ADTN-AESI;AJG-AMN;AKAM-AMKR;AKTS-AMG;ALV-AMG,-0.0014353602891787887,2.995732273553991,0.017142857142857144,0.8274218235738781,"AAON,AAPG,AAPL,ACGL,ACI,ACM,ACN,ACR,ACU,ADBE,ADI,ADMA,ADNT,ADP,ADSK,ADTN,AEBI,AFJK,AFRM,AGPU,AGYS,AIR,AIRS,AJG,ALHC,ALKT,ALRM,ALRS,ALTO,AMBQ,AMCX,AMG,AMKR","AA,AARD,ABCB,ABEV,ABX,ACCO,ACDC,ACET,ACHC,ACIC,ACLS,ACOG,ACRS,ACT,ADC,ADEA,ADM,ADSE,ADUS,ADV,AEE,AEO,AEP,AES,AESI,AEXA,AFBI,AFG,AFL,AFYA,AGL,AGM,AGO,AGRO,AHR,AHRT,AIG,AIOT,AIRG,AIRO,AIT,AIV,AIZ,AKAM,AKO-B,AKR,AKTS,ALAR,ALCO,ALGM,ALGN,ALL,ALLE,ALLY,ALM,ALOT,ALSN,ALV,ALX,AMAL,AMD,AME,AMGN,AMH,AMN,AMP"
2026-04-20 19:15:00+00:00,L0657,L0635,maturity,maturity,0.5701467439913152,0.8146471196806305,0,,16,AA-ALNT;AAON-ACGL;ABEV-ADEA;ABEV-AFBI;ABEV-AGO;ACDC-ACU;ACGL-ACN;ACGL-AJG;ACLS-AFRM;ACN-AGL;ACRS-AEBI;ACRS-AESI;ACT-ALNT;ACU-ADUS;ADUS-ALHC;ADUS-AMG,0.0023041274398565292,2.8466760052143654,0.022727272727272728,1.130516251314266,"AAON,AAPG,AAPL,ABEV,ACA,ACHV,ACM,ACN,ACU,ADBE,ADI,ADMA,ADNT,ADP,ADTN,AEBI,AESI,AFJK,AFRM,AGPU,AGYS,AIR,AIRS,AJG,ALAB,ALHC,ALKT,ALNT,ALTO,AMBP,AMBQ,AMG,AMKR","AA,ABCB,ABX,ACCO,ACDC,ACET,ACGL,ACHC,ACIC,ACLS,ACOG,ACRS,ACT,ADC,ADEA,ADM,ADSE,ADUS,AEE,AEO,AEP,AES,AEXA,AFBI,AFG,AFL,AFRI,AFYA,AGL,AGM,AGMB,AGO,AGRO,AHR,AHRT,AIG,AIOT,AIRG,AIRO,AIT,AIV,AIZ,AKAM,AKO-B,AKR,AKTS,ALAR,ALB,ALCO,ALGM,ALGN,ALL,ALLE,ALLY,ALM,ALMR,ALMS,ALOT,ALSN,ALV,ALX,AMAL,AMD,AME,AMGN,AMH,AMN,AMP"
2026-04-20 19:30:00+00:00,L0659,L0657,confirmation,expansion,0.29799311609862544,0.6661055174012614,0,,5,ACCO-AEIS;ACM-ACR;ACR-ADV;ACR-AMBQ;AEIS-AHRT,0.0020002199307782575,1.8245528393153714,0.013259668508287291,0.747356750155052,"AAOI,ABAT,ACR,AEIS,AM,AMAT","AAON,AAPG,AAPL,ABEV,ACCO,ACM,ACOG,ACRS,ADBE,ADEA,ADI,ADMA,ADP,ADTN,ADV,AEBI,AESI,AEXA,AFBI,AFJK,AFRM,AGPU,AGYS,AHRT,AIOT,AIR,AIRS,AJG,ALAB,ALHC,ALKT,ALLT,ALTO,ALV,AMBQ,AMG,AMKR"
2026-04-20 19:30:00+00:00,L0659,L0648,confirmation,maturity,0.29799311609862544,0.3474048320295653,0,,1,AIZ-AM,0.0009996309381676838,0.7419197702019787,0.01298076923076923,0.3810464423735673,"AAOI,ABAT,ACR,AEIS,AM,AMAT","AAMI,AAT,AAUC,ABG,ABM,ABNB,ABSI,ACB,ACEL,ACGL,ACHR,ACI,ACIW,ACN,ACNB,ACNT,ACTG,ACU,ACVA,ADAG,ADNT,ADSK,ADT,ADUR,AEVA,AEYE,AI,AIN,AIRJ,AIZ,ALRM,ALRS,AMCI,AMCX"
2026-04-20 19:45:00+00:00,L0648,L0657,maturity,expansion,0.45314675241231617,0.6960518047413711,0,,94,AAMI-AIOT;AAMI-AMG;AAON-ABM;AAON-ACI;AAPL-ACB;AAPL-ACVA;AAPL-AIN;AAPL-AMPH;AAT-AMG;AAUC-ADTN;AAUC-AFBI;ABEV-ACIW;ABEV-AGCO;ABEV-ALTO;ABG-ADBE;ABG-AMBQ;ABM-ADTN;ABM-AFRM;ABM-AHRT;ABM-AIOT;ABM-AMKR;ABNB-ACN;ABNB-ADBE;ABNB-ADP;ABNB-AIRS;ABSI-ADBE;ABSI-AGPU;ABUS-ADBE;ABUS-ADI;ABUS-AGPU;ACA-ADNT;ACB-ADI;ACEL-ADP;ACEL-AEBI;ACEL-AIOT;ACEL-AMG;ACHV-ADNT;ACI-ADBE;ACI-AHRT;ACIW-AHRT;ACIW-AMG;ACIW-AMKR;ACNB-ADBE;ACNB-ADSK;ACNB-AGPU;ACNB-AIRS;ACNB-ALRM;ACNT-AGPU;ACNT-AIR;ACVA-ADBE;ACVA-AGPU;ADAG-ADBE;ADBE-AEYE;ADBE-AIN;ADBE-AMCI;ADBE-AMLX;ADEA-AGCO;ADEA-ALTO;ADNT-AEBI;ADNT-AHRT;ADNT-AMKR;ADP-AI;ADP-AMCI;ADSK-AMCI;ADTN-AFRI;ADTN-ALTO;ADUR-AESI;ADUR-AEXA;ADUR-AGYS;ADUR-ALKT;AEBI-AI;AEBI-ALTG;AESI-AIRJ;AESI-ALTO;AGCO-AMKR;AGL-AIRJ;AGPU-AHCO;AGPU-AII;AGPU-AMCI;AGRO-AMPH;AI-ALV;AI-AMBQ;AIOT-AIRJ;AIOT-ALTG;AIOT-AMCX;AIR-AMPH;AIRJ-ALAB;AIRJ-ALKT;AIRJ-ALV;AIRJ-AMBQ;AIRJ-AMKR;ALAB-ALTO;ALNT-ALTG;AMCX-AMG,0.004684669751441106,4.558796004220433,0.01643835616438356,1.4869243216258718,"AAMI,AAT,AAUC,ABG,ABM,ABNB,ABSI,ABUS,ACB,ACEL,ACI,ACIW,ACNB,ACNT,ACRS,ACU,ACVA,ADAG,ADNT,ADUR,AEYE,AFRI,AGCO,AHCO,AI,AII,AIN,AIRJ,ALRS,ALTG,ALTO,AMCI,AMCX,AMLX,AMPH","AAON,AAPG,AAPL,ABEV,ACA,ACHV,ACM,ACN,ADBE,ADEA,ADI,ADP,ADSK,ADTN,AEBI,AESI,AEXA,AFBI,AFJK,AFRM,AGL,AGPU,AGRO,AGYS,AHRT,AIOT,AIR,AIRS,AJG,AKAM,ALAB,ALB,ALHC,ALKT,ALMS,ALNT,ALRM,ALV,AMBP,AMBQ,AMG,AMKR"
2026-04-21 13:45:00+00:00,L0663,L0664,confirmation,confirmation,1.2910544530729917,0.2518925512160433,0,,2,ABAT-AMBA;ALNT-AMBP,0.0034523188951425254,1.2075360153968866,0.011827956989247311,0.7665422986843193,"AAOI,AAPG,ABM,ABR,ABVX,ACA,ACCO,ACDC,ACEL,ACHR,ACHV,ACIW,ACMR,ACOG,ACRE,ACT,ADEA,ADMA,ADNT,ADPT,ADUR,AEBI,AEG,AEHR,AEIS,AENT,AEO,AESI,AEXA,AFBI,AFCG,AGBK,AGCC,AGCO,AGL,AGNC,AGX,AIOT,AIP,AIRG,AIRJ,AIRO,AKTS,ALAB,ALB,ALGM,ALGN,ALLE,ALLT,ALLY,ALMS,ALMU,ALNT,ALOT,ALTG,ALTO,ALV,ALVO,AMAT,AMBA,AMBQ,AMCX,AMD,AMG,AMKR,AMN,AMP","AAL,AAPL,AARD,ABAT,ABBV,ABCL,ABT,ABUS,ABX,ACAD,ACB,ACET,ACNT,ACR,ACRS,ACU,AD,ADAG,ADUS,ADV,AER,AFG,AGEN,AGMB,AGPU,AHCO,AHR,AII,AIN,AKAM,ALAR,ALC,ALKS,ALNY,ALOY,ALRS,ALX,AM,AMBP,AMGN,AMH,AMLX,AMPH"
2026-04-21 14:15:00+00:00,L0668,L0670,maturity,confirmation,0.23350955531456014,0.663371189501978,0,,12,A-AAMI;AAMI-ABEO;AAON-AJG;ABSI-AFBI;ABVX-ALKT;ACT-ALHC;ADMA-AI;ADPT-AEO;ADPT-ALGN;AEVA-AMN;AEYE-AGM;AGM-ALKT,0.0020809072884730995,2.580829575828585,0.007228915662650603,0.9153559547515053,"A,ABEO,ABNB,ABSI,ACHC,ACLS,ACN,ACVA,ADBE,ADM,ADP,ADPT,ADSK,AES,AEVA,AEYE,AFRM,AGYS,AI,AIRG,AIRS,AJG,AKO-B,ALHC,ALKT,ALRM,ALSN,AMPG,QQQ","AAMI,AAON,AAUC,ABM,ABVX,ACEL,ACIW,ACOG,ACT,ADMA,ADNT,ADTN,AEO,AFBI,AFYA,AGM,AIOT,ALG,ALGN,ALTG,AMCX,AMG,AMN"
2026-04-21 14:15:00+00:00,L0667,L0670,decay,confirmation,0.6487066002988856,0.663371189501978,0,,5,ACIC-ACIW;ADC-ALG;AEC-ALTG;AGX-ALTG;AIOT-ALCO,0.0005535462405532598,1.8009429424338042,0.007228915662650603,0.8449434098981077,"AA,AAP,AAPG,AARD,AAT,ABCB,ABG,ABX,ACA,ACIC,ACNB,ACRS,ACU,ADC,ADSE,ADUS,AEC,AEE,AEP,AERO,AEXA,AFRI,AGBK,AGCC,AGIO,AGX,AII,AIN,AIV,AKR,AKTS,ALCO,AMAL,AMLX","AAMI,AAON,AAUC,ABM,ABVX,ACEL,ACIW,ACOG,ACT,ADMA,ADNT,ADTN,AEO,AFBI,AFYA,AGM,AIOT,ALG,ALGN,ALTG,AMCX,AMG,AMN"
2026-04-21 14:30:00+00:00,L0663,L0671,expansion,confirmation,0.4334832344190453,0.592619712334725,0,,52,AAT-AMKR;ABEV-ACGL;ABEV-AIZ;ABR-ACRE;ACDC-ADAM;ACDC-AIT;ACGL-AEBI;ACGL-AEO;ACGL-AGBK;ACGL-AGX;ACGL-ALMS;ACI-AFJK;ACI-AIG;ACM-AFYA;ACMR-ACT;ACMR-ALLE;ACRE-ALAB;ACRE-ALV;ACT-ALMU;ACTG-AFYA;ACTG-AI;ACTG-AIOT;ACTG-AIP;ACTG-ALAB;ADAM-ALAB;ADAM-AMP;ADEA-AHRT;AEIS-AMCI;AENT-ALLE;AEO-AIZ;AESI-AGO;AFL-ALMS;AGCO-ALLE;AGCO-AME;AGNC-AGO;AGNC-AIZ;AGO-ALGN;AGO-AMP;AI-AMCR;AIG-ALMS;AIRO-AMCR;AIT-ALAB;AIT-ALGM;AIZ-ALMS;AKTS-ALLE;ALAB-AMCR;ALL-ALMS;ALLY-AME;ALMU-AMCI;ALNT-AMCI;ALTG-AMCR;AMCI-AMD,0.002335184079129249,3.9746882432139317,0.007806691449814126,1.3026739485470862,"AAOI,ABEV,ABM,ABR,ABVX,ACCO,ACDC,ACEL,ACHR,ACHV,ACI,ACIW,ACMR,ADEA,ADMA,ADNT,ADTN,ADUR,AEBI,AEC,AEG,AEHR,AEIS,AENT,AEO,AESI,AEVA,AFCG,AFYA,AGBK,AGCO,AGL,AGNC,AGX,AI,AIOT,AIP,AIRJ,AIRO,AKTS,ALAB,ALB,ALG,ALGM,ALGN,ALLT,ALLY,ALMS,ALMU,ALNT,ALTG,ALTO,ALV,ALVO,AMAT,AMBA,AMBQ,AMCX,AMD,AMG,AMKR,AMP","AAT,ACGL,ACM,ACRE,ACT,ACTG,ADAM,AFJK,AFL,AGO,AHRT,AIG,AIT,AIZ,ALL,ALLE,AMCI,AMCR,AME"
2026-04-21 15:00:00+00:00,L0673,L0663,confirmation,maturity,0.9011355300113615,0.7884062104896606,1,ALLE,23,AA-ACDC;AAPG-ADUR;AAT-ACOG;AAUC-AMBA;ABG-ACM;ACA-AIV;ACA-ALGT;ACA-ALH;ACCO-ALLE;ACHV-AGI;ADAM-AEXA;ADI-AKTS;ADNT-ALK;ADSE-AGBK;AENT-AHRT;AERO-AMAL;AGCC-AMAT;AGI-AKTS;AHRT-AMCR;ALB-ALK;ALGT-AMCR;ALK-ALLY;ALLE-ALV,0.004536432679742575,3.2753938905191413,0.026016260162601626,1.3296134338044823,"AA,AAL,AAP,AAPG,AAUC,ABAT,ABCB,ABCL,ABG,ABX,ACB,ACIC,ACNB,ACOG,ADC,ADI,ADSE,ADT,ADUS,AEC,AEM,AER,AEXA,AFBI,AFRI,AG,AGCC,AGI,AHCO,AHRT,AIN,AIR,AIV,AKR,ALGT,ALH,ALK,ALLE,ALM,ALOY,AMAL,AMBP","AAOI,AAT,ABR,ACA,ACCO,ACDC,ACHR,ACHV,ACM,ACMR,ACRE,ADAM,ADEA,ADNT,ADUR,AEBI,AEG,AEIS,AENT,AERO,AESI,AFCG,AFYA,AGBK,AGCO,AGL,AGNC,AGX,AIP,AIRG,AIRJ,AIRO,AIT,AKTS,ALAB,ALB,ALGM,ALLY,ALMU,ALNT,ALTO,ALV,AMAT,AMBA,AMBQ,AMCI,AMCR,AMCX,AMD,AME,AMG,AMKR"
2026-04-21 15:15:00+00:00,L0663,L0664,maturity,expansion,0.25133997852952794,0.42919725826603333,0,,6,ABEV-AFYA;ABT-AIG;ACI-AMAT;AFYA-ALB;AFYA-AMAT;AIG-AMBP,0.005601129261776805,2.0228861274049708,0.013422818791946308,0.711896125708703,"AAOI,ABEV,ABM,ACCO,ACDC,ACEL,ACGL,ACHV,ACIW,ACMR,ACT,ADEA,ADMA,AEBI,AEG,AEIS,AENT,AEO,AESI,AFL,AGBK,AGL,AGNC,AGO,AGX,AIG,AIP,AIRJ,AIRO,AIZ,AKTS,ALAB,ALB,ALG,ALGM,ALL,ALLE,ALLY,ALMS,ALMU,ALNT,ALOT,ALTO,ALV,AMAT,AMBQ,AMCX,AMD,AMG,AMKR,AMP","AAPL,ABAT,ABBV,ABCL,ABT,ABUS,ACAD,ACB,ACET,ACI,ACNT,ACR,AD,ADAG,ADT,AFG,AFJK,AFYA,AGEN,AGIO,AGMB,AGPU,AGRO,AHCO,AHR,AII,AKAM,ALAR,ALC,ALKS,ALNY,ALOY,ALRS,ALX,AM,AMBP,AMGN,AMH,AMPH"
2026-04-21 16:00:00+00:00,L0668,L0673,maturity,expansion,0.4066402872243978,0.580450486118519,5,AAUC;ACIC;ACOG;AFBI;AFRI,8,AAT-ABX;ABX-AERO;ACIC-ADSE;ACIC-AIG;ADT-ALTG;ADTN-ALK;AEHR-ALM;AERO-AMBA,0.003459481755271554,2.9624830009356753,0.018404907975460124,1.0395087184331129,"A,AAMI,AAON,AAUC,ABEO,ABNB,ABSI,ABVX,ABX,ACHC,ACIC,ACLS,ACN,ACOG,ACVA,ADBE,ADM,ADP,ADPT,ADSK,ADTN,ADV,AEHR,AES,AEVA,AEYE,AFBI,AFRI,AFRM,AGM,AGYS,AI,AIOT,AIRS,AJG,AKO-B,ALCO,ALGN,ALHC,ALKT,ALLT,ALMR,ALRM,ALSN,ALTG,ALVO,AMBA,AMPG,QQQ","AA,AAL,AAP,AAPG,AARD,AAT,ABAT,ABCB,ABCL,ABEV,ABG,ACB,ACGL,ACI,ACNB,ADC,ADI,ADSE,ADT,ADUS,AEC,AEE,AEM,AEP,AER,AERO,AEXA,AFJK,AFL,AFYA,AG,AGCC,AGI,AGIO,AGMB,AGRO,AHCO,AIG,AIN,AIR,AIV,AIZ,AKR,ALGT,ALH,ALK,ALL,ALM,ALMS,ALOT,ALOY,AMAL,AMBP,AMLX"
2026-04-21 16:30:00+00:00,L0668,L0673,expansion,maturity,0.43892452700166856,0.3218568199441228,0,,8,AA-ALMR;AAP-ABNB;ABNB-AIRG;ABX-AGYS;ACOG-AGMB;AFYA-ALSN;ALLT-ALMS;ALMR-ALMS,0.0019212450133636594,2.2183470849865348,0.011787819253438114,0.7845893482183868,"A,AAMI,AAON,AAUC,ABEO,ABNB,ABSI,ABVX,ACHC,ACLS,ACN,ACOG,ACVA,ADBE,ADM,ADP,ADPT,ADSK,ADTN,ADV,AEHR,AES,AEVA,AEYE,AFBI,AFRM,AGM,AGYS,AI,AIOT,AIRS,AJG,AKO-B,ALGN,ALHC,ALKT,ALLT,ALMR,ALRM,ALSN,ALVO,AMBA,AMN,AMPG,QQQ","AA,AAP,AAPG,AAT,ABCB,ABEV,ABG,ABX,ACA,ACGL,ACI,ACIC,ACNB,ADSE,ADUR,AEBI,AEE,AEP,AER,AERO,AEXA,AFJK,AFL,AFRI,AFYA,AGCC,AGMB,AGO,AHRT,AIG,AIRG,AIT,AIV,AIZ,ALB,ALCO,ALL,ALMS,ALOT,AMAL,AMCI,AME"
2026-04-21 17:00:00+00:00,L0678,L0679,expansion,confirmation,1.0800585391206534,0.38291617630942315,3,ADSE;AMCI;AME,6,AA-ABEV;AA-ACGL;ABEV-AEC;ABEV-AGCC;ACGL-AEP;AFL-ALOT,0.004278234555386007,2.5973289315439154,0.01276595744680851,1.0901395411320232,"AA,AAL,AAP,AAPG,AARD,AAUC,ABAT,ABCB,ABG,ABX,ACA,ACB,ACI,ACNB,ACRE,ADC,ADI,ADSE,ADT,ADUS,AEC,AEM,AEP,AER,AERO,AEXA,AFJK,AFRI,AFYA,AG,AGCC,AGI,AGIO,AGMB,AGRO,AHCO,AIN,AIR,AIT,AIV,AKR,ALGT,ALH,ALK,ALKS,ALM,ALMS,ALOT,ALOY,AMAL,AMBP,AMCI,AME,AMLX","ABEV,ACGL,ACIC,AEE,AES,AFL,AGO,AIG,AIZ,ALL,AM"
2026-04-21 17:30:00+00:00,L0679,L0663,expansion,maturity,0.8396774832537522,0.7001841856601477,1,AIT,4,ACGL-ALTO;ACIC-ALLY;ADAM-AME;AMAT-AME,0.003401444759219885,1.9933585258008275,0.016574585635359115,0.9627843199696807,"AAUC,ACGL,ACIC,ACOG,ADC,ADSE,AEE,AEP,AES,AFBI,AFL,AFRI,AGO,AIG,AIT,AIZ,ALL,AM,AMCI,AME","AAOI,ABEV,ABM,ACCO,ACDC,ACEL,ACHV,ACIW,ACMR,ACRE,ACT,ADAM,ADEA,ADMA,AEC,AEG,AEIS,AENT,AEO,AGBK,AGCC,AGNC,AGX,AIRJ,AKTS,ALG,ALLE,ALLY,ALMU,ALNT,ALOT,ALTO,ALV,AMAT,AMBQ,AMCX,AMG,AMKR,AMP"
2026-04-21 17:30:00+00:00,L0678,L0663,expansion,maturity,0.2553020576368065,0.7001841856601477,4,ADUR;AEBI;AERO;ALB,4,AAPG-AGCC;ABEV-ALB;ADUR-ALTO;AEBI-AKTS,-0.0011088586179539561,2.5649493574615367,0.016574585635359115,0.9303694001997743,"AA,AAL,AAP,AAPG,AARD,ABAT,ABCB,ABCL,ABG,ABX,ACA,ACB,ACI,ACNB,ACRS,ADI,ADT,ADUR,ADUS,AEBI,AEM,AER,AERO,AEXA,AFJK,AFYA,AG,AGI,AGIO,AGMB,AGRO,AHCO,AII,AIN,AIR,AIV,AKR,ALB,ALGT,ALH,ALK,ALKS,ALM,ALOY,AMAL,AMBP,AMLX","AAOI,ABEV,ABM,ACCO,ACDC,ACEL,ACHV,ACIW,ACMR,ACRE,ACT,ADAM,ADEA,ADMA,AEC,AEG,AEIS,AENT,AEO,AGBK,AGCC,AGNC,AGX,AIRJ,AKTS,ALG,ALLE,ALLY,ALMU,ALNT,ALOT,ALTO,ALV,AMAT,AMBQ,AMCX,AMG,AMKR,AMP"
2026-04-21 17:30:00+00:00,L0678,L0681,expansion,confirmation,0.2553020576368065,0.5619202598227937,0,,9,AAON-ABX;AAP-AAT;AAT-AGMB;ABX-ACM;ABX-AGCO;ACA-ALGM;ADUS-AMBA;AGIO-ALMS;AHRT-ALB,0.0015483868774026632,2.317950309897836,0.008620689655172414,0.8259473761606149,"AA,AAL,AAP,AAPG,AARD,ABAT,ABCB,ABCL,ABG,ABX,ACA,ACB,ACI,ACNB,ACRS,ADI,ADT,ADUR,ADUS,AEBI,AEM,AER,AERO,AEXA,AFJK,AFYA,AG,AGI,AGIO,AGMB,AGRO,AHCO,AII,AIN,AIR,AIV,AKR,ALB,ALGT,ALH,ALK,ALKS,ALM,ALOY,AMAL,AMBP,AMLX","AAON,AAT,ABR,ACHC,ACHR,ACM,ACTG,ADNT,AFRM,AGCO,AHRT,AI,AIP,AIRO,ALAB,ALGM,ALLT,ALMS,AMBA,AMCR"
2026-04-21 17:45:00+00:00,L0664,L0679,expansion,maturity,0.9218611755007013,0.5989046141472456,0,,1,AIG-AMH,0.0025340308202430606,0.8124415544687941,0.016,0.6617401255115826,"AAPL,ABBV,ABCL,ABSI,ABT,ABUS,ACAD,ACB,ACET,ACNT,ACR,ACRS,ACU,AD,ADAG,AFG,AGEN,AGPU,AHR,AKAM,ALAR,ALNY,ALRS,ALX,AMGN,AMH,AMLX,AMPH","AAUC,ABM,ACEL,ACGL,ACIC,ACIW,ACOG,ACT,AEE,AEO,AEP,AES,AFBI,AFL,AGM,AGO,AIG,AIZ,ALL,ALOT,AM"
2026-04-21 17:45:00+00:00,L0678,L0679,decay,maturity,0.6084366506886754,0.5989046141472456,0,,2,AEXA-AFL;AEXA-AIG,0.0015530173550359905,1.1490841286638398,0.016,0.6518734116167362,"AA,AAL,AAP,AAPG,AARD,ABAT,ABCB,ABG,ABX,ACA,ACNB,ADC,ADI,ADSE,ADT,ADUS,AEM,AER,AEXA,AG,AGI,AGIO,AGRO,AHCO,AII,AIN,AIR,AIV,AKR,ALGT,ALH,ALK,ALKS,ALM,ALMS,ALOY,AMAL,AMBP,AMCI,AME","AAUC,ABM,ACEL,ACGL,ACIC,ACIW,ACOG,ACT,AEE,AEO,AEP,AES,AFBI,AFL,AGM,AGO,AIG,AIZ,ALL,ALOT,AM"
2026-04-21 18:15:00+00:00,L0663,L0679,maturity,expansion,1.0735297705064721,0.9032472894082233,2,AEC;ALG,5,ABM-ACMR;ABM-AMCX;ACIW-AGL;AEC-AEP;AFL-AGCC,0.003553791204467416,2.3375061064850824,0.016551724137931035,1.179892403216369,"AAOI,AAP,AAPG,AAT,ABEV,ABG,ABR,ACCO,ACDC,ACHR,ACHV,ACM,ACMR,ACRE,ACTG,ADAM,ADEA,ADNT,ADUR,AEBI,AEC,AEG,AEIS,AENT,AEO,AERO,AGBK,AGCC,AGCO,AGL,AGNC,AGX,AHRT,AIP,AIRJ,AIRO,AKTS,ALAB,ALB,ALG,ALGM,ALLE,ALLT,ALLY,ALMU,ALNT,ALTO,ALV,AMAL,AMAT,AMBA,AMBQ,AMCR,AMCX,AMD,AMG,AMKR,AMP","ABM,ACGL,ACIC,ACIW,ACT,ADMA,AEE,AEP,AES,AFL,AGO,AIG,AIZ,ALL,ALOT,AM"
2026-04-21 18:45:00+00:00,L0679,L0678,decay,maturity,0.3093712529550794,0.6503156898065164,0,,5,ADC-ADI;AEE-AKR;AFL-AMBP;AGRO-ALL;AGRO-ALOT,0.005314342910423875,1.8766265655773156,0.018181818181818184,0.7597899969500803,"ACGL,ACIC,ACT,ADC,ADSE,AEC,AEE,AEP,AFL,AGO,AIG,AIZ,ALL,ALOT,AM,AMCI","AAL,AARD,ABAT,ABCB,ABCL,ABX,ACB,ACNB,ADI,ADT,ADUS,AEM,AER,AEXA,AG,AGI,AGIO,AGRO,AHCO,AIN,AIR,AIV,AKR,ALGT,ALH,ALK,ALM,ALOY,ALTG,AMBP,AME,AMLX"
2026-04-21 19:45:00+00:00,L0679,L0678,decay,expansion,0.8543570941935112,0.5613939694064757,0,,24,AA-AAL;AA-AIR;AAPG-AARD;AARD-AEBI;ABAT-ADUR;ABCB-ADUS;ABCB-ALMR;ABCB-ALOY;ABEV-ALOY;ABM-ADUS;ACB-ADUR;ADC-AGCC;ADI-ADUR;ADT-AEBI;ADUR-AG;ADUR-AHCO;ADUS-ALB;AEBI-AEM;AEBI-AG;AEBI-AIR;AIG-ALOY;AKR-ALOY;ALB-ALGT;ALB-ALOY,0.009185331175103784,3.2549582771940044,0.019200000000000002,1.2413448883784972,"AA,AAPG,AAT,ABCB,ABEV,ABG,ABM,ACGL,ACIC,ACNB,ACT,ADC,ADSE,ADUR,AEBI,AEC,AEE,AEP,AES,AEXA,AFBI,AFL,AFRI,AFYA,AGO,AGRO,AIG,AIRG,AIV,AIZ,AKR,ALB,ALL,ALOT,AM,AMAL,AMCI","AAL,AARD,ABAT,ACB,ACVA,ADI,ADT,ADUS,AEM,AER,AG,AGCC,AGI,AHCO,AIN,AIR,ALC,ALGT,ALK,ALM,ALMR,ALMS,ALOY,AME,QQQ"
2026-04-21 19:45:00+00:00,L0664,L0678,maturity,expansion,0.3157564827772369,0.5613939694064757,0,,24,AAL-ACAD;AAL-ALNY;AAPL-QQQ;ABAT-ACET;ABAT-AGMB;ABCL-ALM;ABT-ADT;ABT-AEM;ABT-ALM;ACI-ALOY;ACR-ALGT;ACR-AME;ACRS-ADI;ACVA-ALNY;AD-AHCO;AD-QQQ;ADAG-AGCC;ADT-ALNY;AFG-ALOY;AGIO-ALGT;AGPU-AHCO;ALGT-ALKS;ALKS-AME;ALMS-ALNY,0.0056671692145755515,3.2412913853403613,0.019200000000000002,1.0763479819902042,"AAPL,AAUC,ABBV,ABCL,ABT,ABUS,ACAD,ACET,ACI,ACNT,ACR,ACRS,ACU,AD,ADAG,AFG,AFJK,AGEN,AGIO,AGMB,AGPU,AHR,AII,AKAM,ALAR,ALKS,ALNY,ALRS,ALX,AMBP,AMGN,AMH,AMLX,AMPH","AAL,AARD,ABAT,ACB,ACVA,ADI,ADT,ADUS,AEM,AER,AG,AGCC,AGI,AHCO,AIN,AIR,ALC,ALGT,ALK,ALM,ALMR,ALMS,ALOY,AME,QQQ"
2026-04-22 14:00:00+00:00,L0686,L0690,decay,confirmation,0.8041518564231356,1.0123669731228422,0,,4,ABUS-AGEN;ABUS-AGYS;ABUS-AMBA;AGEN-ALOY,0.006001264788210392,1.7227891829898119,0.01875,0.9784654446112463,"ABBV,ABEV,ABUS,ACGL,ACI,ACT,ADM,ADMA,AEC,AEO,AEXA,AFBI,AFG,AFL,AFRI,AGO,AIG,AIZ,AJG,ALAR,ALB,ALL,ALOY,ALRS,AMGN,AMLX,AMN","AAOI,AAPL,ABR,ABSI,ABX,ACET,ACLS,ACNB,ACU,AEBI,AEVA,AFYA,AGEN,AGYS,AIN,AIOT,AIP,AIR,AIRJ,ALAB,ALG,ALGM,ALMS,ALNT,ALSN,ALTG,AMAL,AMBA,AMKR,QQQ"
2026-04-22 14:15:00+00:00,L0688,L0686,decay,expansion,0.26807122369033626,0.8118805010030743,0,,15,ABCB-AMLX;ABCB-AMP;ABEV-ALB;ACAD-AII;ACGL-ADAG;ACIC-AIZ;ACM-AIG;ACM-AIZ;ADAG-AMGN;AEO-AIRS;AEO-AKR;AGIO-ALB;AGIO-ALGN;AGIO-ALGT;AIZ-ALKS,0.005697767250239849,2.807580356696148,0.01651376146788991,1.0283576708022435,"A,AA,AAL,AAT,ACAD,ACCO,ACIC,ACIW,ACM,ACOG,ACR,ACTG,ADAG,ADC,ADNT,ADP,ADPT,ADSE,ADTN,AEG,AEIS,AER,AGCC,AHR,AHRT,AIRS,AIT,AIV,AKR,ALB,ALC,ALGN,ALGT,ALH,ALHC,ALK,ALKS,ALLY,ALMR,ALV,AMAT,AMBQ,AMCI,AMCR,AME,AMG,AMH,AMLX,AMP,AMPH","ABBV,ABCB,ABEV,ABM,ACEL,ACGL,ACI,ACN,ACT,ADEA,ADMA,ADUS,AEC,AEO,AEXA,AFBI,AFG,AFJK,AFL,AGEN,AGIO,AGO,AIG,AII,AIZ,AJG,AKO-B,ALAR,ALL,ALOY,ALRS,AMBP,AMGN,AMN"
2026-04-22 14:30:00+00:00,L0685,L0694,expansion,confirmation,0.42784485214432716,0.5165640742506522,1,AMBA,23,AAP-ACNT;AAPG-AKAM;ABAT-AD;ABAT-AM;ABEO-ACRS;ABEO-ADAM;ABEO-AGX;ABEO-AMBA;ABNB-ACNT;ACB-AD;ACHV-ALKT;ACNT-ADSK;ACU-AHCO;AD-AIRO;AEE-ALLE;AEM-ALX;AEP-ALLE;AEYE-ALX;AFRM-AGM;AGYS-ALX;AGYS-AMCX;AIRO-AM;ALOT-AMPG,0.0013289530761539936,3.263194877359596,0.022222222222222223,1.1024547305917263,"AAMI,AAON,AAP,AARD,ABAT,ABCL,ABNB,ABR,ABT,ABVX,ACA,ACB,ACHR,ACMR,ACRE,ACRS,ACVA,ADAM,ADBE,ADI,ADSK,ADT,ADUR,AEHR,AEM,AERO,AESI,AEYE,AFCG,AFRM,AG,AGBK,AGI,AGL,AGNC,AGPU,AGX,AGYS,AHCO,AI,AIRO,AKAM,AKTS,ALKT,ALLE,ALLT,ALM,ALMU,ALRM,ALTO,ALVO,AMBA,AMPG,QQQ","AAPG,AAUC,ABEO,ABG,ABUS,ACEL,ACHV,ACNT,ACU,AD,ADM,ADV,AEE,AENT,AEP,AES,AFRI,AGM,AGMB,AGRO,AIRG,ALOT,ALX,AM,AMAL,AMCX"
2026-04-22 15:00:00+00:00,L0690,L0685,expansion,maturity,0.37317920564379653,0.45893727047419264,4,ACDC;AGM;AIP;ALCO,24,AAOI-AMD;AAPG-AMCX;AAPL-AG;AAPL-AHCO;ABAT-AIP;ABNB-AIRJ;ABUS-AESI;ACDC-AGBK;ACDC-AHCO;ACET-AI;ACHR-AIP;ACU-ALOT;ADSK-AGM;ADV-AGRO;AEBI-AI;AEM-AGM;AEM-AIP;AEM-AMKR;AESI-ALCO;AGCO-ALTG;AGM-ALX;AGNC-AIRJ;AIP-ALOT;AKTS-ALCO,-0.0019578748033382,3.4965075614664802,0.0187012987012987,1.1265670280072115,"AAOI,AAPG,AAPL,ABUS,ACDC,ACET,ACNB,ACU,ADTN,ADV,AEBI,AEVA,AFRI,AFYA,AGM,AIN,AIOT,AIP,AIR,AIRJ,ALAB,ALAR,ALCO,ALG,ALGM,ALNT,ALTG,AMAL,AMKR","AAMI,AAON,AAP,ABAT,ABCL,ABEO,ABG,ABNB,ABT,ABVX,ACB,ACHR,ACLS,ACMR,ACNT,ACRE,ACRS,ACVA,AD,ADAM,ADBE,ADI,ADSK,ADT,ADUR,AEHR,AEM,AERO,AESI,AEYE,AFCG,AFRM,AG,AGBK,AGCO,AGI,AGL,AGMB,AGNC,AGPU,AGRO,AGX,AGYS,AHCO,AI,AIRG,AIRO,AKAM,AKTS,ALKT,ALLT,ALM,ALMS,ALMU,ALOT,ALTO,ALVO,ALX,AM,AMBA,AMCX,AMD,AMPG,QQQ"
2026-04-22 15:15:00+00:00,L0686,L0688,maturity,maturity,0.2943523368827641,0.26187379734896316,8,ACAD;ADSE;AGIO;AII;ALAR;AMBP;AMCI;AMPH,17,AAT-AMBP;ABCB-ALGN;ABEV-AEG;ABM-ACM;ABM-ACTG;ACAD-ALC;ACAD-ALGT;ACHV-ALAR;ACI-AHR;ACN-AGO;ADAG-ADEA;ADM-ALKS;AEO-AGCC;AFL-AKR;ALB-ALOY;ALLY-AMPH;ALOY-AMCR,0.0009538266258459771,3.529161969331972,0.013793103448275862,1.0512272981197526,"AAPG,ABBV,ABCB,ABEV,ABM,ACAD,ACGL,ACI,ACT,ADEA,ADM,ADMA,ADSE,ADUS,AEC,AENT,AEO,AEXA,AFBI,AFG,AFJK,AFL,AFRI,AGEN,AGIO,AGO,AIG,AII,AIZ,AJG,ALAR,ALL,ALOY,ALRS,AMBP,AMCI,AMGN,AMN,AMPH","A,AA,AAL,AARD,AAT,ACCO,ACHV,ACIC,ACIW,ACM,ACN,ACOG,ACR,ACTG,ADAG,ADNT,ADP,ADPT,AEG,AEIS,AER,AGCC,AHR,AHRT,AIRS,AIT,AIV,AKO-B,AKR,ALB,ALC,ALGN,ALGT,ALH,ALHC,ALK,ALKS,ALLY,ALMR,ALNY,ALV,AMBQ,AMCR,AME,AMG,AMH,AMLX,AMP"
2026-04-22 15:30:00+00:00,L0685,L0686,decay,maturity,0.5748204935981093,0.6099995556788594,0,,6,AAP-AARD;ABVX-AG;ABVX-AMD;ACB-ACEL;ACEL-AFCG;ALRM-AMLX,0.0017646091291680932,1.9708063524760149,0.016274864376130196,0.8505888325585139,"AAMI,AAON,AAP,ABAT,ABCL,ABEO,ABG,ABNB,ABSI,ABT,ACB,ACHC,ACHR,ACLS,ACMR,ACNT,ACRE,ACRS,ACVA,ADAM,ADBE,ADI,ADSK,ADT,ADUR,AEHR,AEM,AERO,AESI,AEYE,AFCG,AFRM,AG,AGBK,AGCO,AGI,AGL,AGMB,AGNC,AGPU,AGRO,AGX,AGYS,AHCO,AI,AIRG,AIRO,AKAM,AKTS,ALCO,ALKT,ALLT,ALM,ALMS,ALMU,ALOT,ALRM,ALTO,ALVO,AM,AMBA,AMCX,AMD,AMPG,QQQ","AA,AARD,ABBV,ABCB,ABEV,ABM,ABVX,ACCO,ACEL,ACGL,ACI,ACIW,ACN,ACT,ADEA,ADMA,ADPT,ADUS,AEC,AEG,AENT,AEO,AEXA,AFBI,AFG,AFJK,AFL,AGEN,AGO,AIG,AIRS,AIZ,AJG,ALL,ALLY,ALOY,ALRS,ALX,AMGN,AMLX,AMN,AMP"
2026-04-22 15:45:00+00:00,L0685,L0696,maturity,expansion,0.8505922648474863,0.8451986494187549,0,,10,ABUS-ACRS;ABUS-ADAM;ACDC-AHCO;ACDC-AKTS;ACRE-ACU;AEP-AGL;AEP-ALTO;AESI-AM;AG-ALLE;AGBK-ALOT,0.0066723390482366085,2.4567843920528265,0.015384615384615385,1.1252410646007713,"AAMI,AAON,AAP,ABAT,ABCL,ABEO,ABG,ABNB,ABR,ABSI,ABT,ACHC,ACHR,ACHV,ACLS,ACMR,ACNT,ACRE,ACRS,ACVA,AD,ADAM,ADBE,ADI,ADSK,ADT,ADUR,ADV,AEHR,AEM,AERO,AEYE,AFRM,AG,AGI,AGL,AGMB,AGNC,AGPU,AGRO,AGX,AGYS,AHCO,AI,AIOT,AIP,AIRG,AIRJ,AIRO,AKAM,AKTS,ALKT,ALLT,ALM,ALMU,ALOT,ALRM,ALTO,ALVO,AM,AMBA,AMCX,AMPG,QQQ","AAPG,AAUC,ABUS,ACB,ACDC,ACEL,ACU,ADM,AEE,AEP,AES,AESI,AFCG,AFRI,AGBK,AGM,ALCO,ALLE,ALX,AMAL"
2026-04-22 16:00:00+00:00,L0690,L0686,expansion,maturity,0.7523257856326142,0.31522285245560266,0,,1,ABR-ACEL,8.073711069300771e-05,0.6971759098555859,0.01636363636363636,0.4970131143449069,"AAOI,AAPL,ABR,ABX,ACA,ACET,ACNB,ADC,ADTN,AEBI,AEVA,AFYA,AGBK,AIN,AIOT,AIP,AIR,AIRJ,ALAB,ALCO,ALG,ALGM,ALLE,ALSN,ALTG,ALX,AMKR","AARD,ABBV,ABCB,ABEV,ABM,ABUS,ABVX,ACEL,ACGL,ACI,ACN,ACT,ACU,ADEA,ADMA,ADUS,AEC,AENT,AEO,AEXA,AFBI,AFG,AFJK,AFL,AGEN,AGO,AIG,AII,AIZ,AJG,ALB,ALL,ALLY,ALOY,ALRS,AMBP,AMGN,AMN,AMP"
2026-04-22 16:30:00+00:00,L0685,L0698,maturity,confirmation,0.7524949667263411,0.5795506560348447,6,ACEL;AESI;AGBK;ALCO;ALLE;ALX,7,ACB-AGI;ACHC-AGI;ACHR-AEP;ACNT-ALOT;ADAM-AES;AEP-AGBK;AEP-AGRO,0.0020265200291760266,3.005813883062888,0.016,1.1534671575940776,"AAMI,AAON,AAP,AAPL,ABAT,ABCL,ABEO,ABNB,ABR,ABT,ABVX,ABX,ACEL,ACHR,ACMR,ACRE,ACRS,ACU,ACVA,AD,ADAM,ADBE,ADI,ADSK,ADT,ADUR,ADV,AEHR,AEM,AERO,AESI,AEYE,AFRM,AG,AGBK,AGCO,AGI,AGL,AGMB,AGNC,AGPU,AGRO,AGYS,AHCO,AI,AIP,AIRG,AIRO,AKAM,AKTS,ALCO,ALKT,ALLE,ALLT,ALM,ALMU,ALOT,ALRM,ALTO,ALVO,ALX,AM,AMBA,AMCX,AMD,AMPG,QQQ","AAPG,AAUC,ABG,ACB,ACDC,ACHC,ACNT,ADM,ADSE,AEE,AEP,AES,AFCG,AFRI,AMAL"
2026-04-22 17:00:00+00:00,L0699,L0690,confirmation,maturity,0.6433398347462387,0.5883263253852733,0,,5,ADC-AMH;ADTN-AKR;AEIS-ALG;AER-AIN;ALGM-AME,0.001660362584516406,1.8190562098313012,0.01391304347826087,0.8263508570190181,"AA,AAL,AAT,ACCO,ACHC,ACIC,ACIW,ACM,ACR,ADP,AEIS,AER,AGCC,AHR,AHRT,AII,AIT,AKR,ALC,ALGN,ALGT,ALH,ALHC,ALK,ALMR,ALNY,ALV,AMAT,AMBQ,AME,AMG,AMH,AMLX","AAOI,ACA,ACET,ACNB,ADC,ADTN,ADV,AEBI,AEVA,AFYA,AIN,AIR,ALAB,ALG,ALGM,ALMS,ALNT,ALSN,ALTG,AMKR"
2026-04-22 17:15:00+00:00,L0698,L0690,maturity,maturity,0.7561050130138749,0.2813343521013691,0,,4,ADC-AEE;AGBK-ALSN;AIN-AIV;ALLE-AMKR,0.001104820599721279,1.6312937363556543,0.01574344023323615,0.7214167596584722,"AAP,AAPG,AAUC,ABG,ACB,ACDC,ACHC,ACMR,ACNT,ACTG,AD,ADM,ADSE,ADV,AEE,AEP,AES,AESI,AFCG,AFRI,AGBK,AGL,AGM,AGMB,AGPU,AGRO,AIRG,AIV,ALCO,ALLE,ALLT,ALOT,AM,AMAL","AAOI,AAPL,ACNB,ADC,ADTN,AEBI,AEVA,AFYA,AIN,AIR,ALAB,ALG,ALGM,ALMS,ALNT,ALSN,ALTG,AMD,AMKR"
2026-04-22 18:00:00+00:00,L0698,L0699,decay,maturity,0.5612404852618396,0.9463316967759252,0,,2,ABUS-ACRS;AIV-AMAL,0.0017689794767647982,1.1559052325418238,0.012941176470588235,0.7431891392173736,"AAPG,AAUC,ABUS,ACB,ACDC,ADSE,AES,AFCG,AFRI,ALCO,AMAL,AMPH","A,AA,AAL,AAT,ABG,ACCO,ACHC,ACHV,ACIC,ACIW,ACM,ACNT,ACOG,ACR,ACRS,ACTG,ADM,ADP,AEIS,AER,AGCC,AGIO,AGM,AHRT,AII,AIT,AIV,ALB,ALC,ALGN,ALGT,ALH,ALHC,ALK,ALMR,ALNY,ALV,AMAT,AMBQ,AMCR,AME,AMG,AMH,AMLX"
2026-04-22 18:15:00+00:00,L0685,L0688,maturity,maturity,1.0923826353508508,0.504572781586542,1,ABVX,10,AAON-AENT;AAPL-ACAD;AARD-AFRM;ABAT-ACHV;ABCB-ACEL;ACHV-AIRO;ACHV-AMCX;AEC-AIRG;AES-ALRS;AGEN-AHCO,0.001610483683180064,2.5772615859702723,0.01615798922800718,1.1258257199579869,"AAMI,AAON,AAP,AAPL,AAUC,ABAT,ABCL,ABNB,ABR,ABT,ABVX,ABX,ACEL,ACHR,ACMR,ACRE,ACU,ACVA,AD,ADAM,ADBE,ADI,ADSK,ADT,ADUR,ADV,AEE,AEHR,AEM,AEP,AERO,AES,AESI,AEYE,AFRM,AG,AGBK,AGCO,AGI,AGL,AGM,AGMB,AGNC,AGPU,AGRO,AGYS,AHCO,AI,AIOT,AIP,AIRG,AIRO,AKAM,AKTS,ALCO,ALKT,ALLT,ALM,ALMU,ALOT,ALRM,ALTO,ALVO,ALX,AM,AMAL,AMBA,AMCX,AMD,AMPG,QQQ","AARD,ABBV,ABCB,ABEO,ABEV,ABM,ABUS,ACAD,ACGL,ACHV,ACI,ACN,ACT,ADAG,ADEA,ADMA,ADPT,ADUS,AEC,AENT,AEO,AEXA,AFBI,AFG,AFJK,AFL,AGEN,AGO,AIG,AII,AIRS,AIZ,AJG,AKO-B,AKR,ALAR,ALL,ALLY,ALOY,ALRS,AMBP,AMCI,AMGN,AMN,AMP,AMPH"
2026-04-22 18:30:00+00:00,L0699,L0690,maturity,maturity,0.527083016857476,0.555581420144518,0,,4,ACM-AHR;ADC-AIT;AHR-AIT;ALNY-AMD,0.0008088929462246597,1.6254863042660759,0.015517241379310345,0.7334984933740137,"A,AA,AAL,AAT,ABG,ACCO,ACHC,ACHV,ACIC,ACIW,ACM,ACNT,ACOG,ACR,ACRS,ACTG,ADM,ADNT,ADP,AEG,AEIS,AER,AGCC,AGIO,AHRT,AII,AIT,AKR,ALC,ALGN,ALGT,ALH,ALHC,ALK,ALKS,ALMR,ALNY,ALV,AMAT,AMBQ,AME,AMG,AMH,AMLX","AAOI,ABX,ACA,ACET,ACNB,ACU,ADC,ADTN,AEBI,AEVA,AFYA,AHR,AIN,AIR,ALAB,ALG,ALGM,ALLE,ALNT,ALRM,ALSN,ALTG,AMD,AMKR"
2026-04-22 18:45:00+00:00,L0698,L0699,decay,maturity,0.6132418927123992,0.2681372996137851,1,AGM,0,,9.463721653446555e-05,1.101761897323776,0.01062992125984252,0.5414487202177756,"AAPG,AAUC,ACU,AERO,AES,AFRI,AGM,AIV,AMAL","A,AA,AAL,AAT,ABEO,ABG,ABSI,ACHC,ACHV,ACIC,ACM,ACNT,ACOG,ACR,ACTG,ADM,ADP,AEIS,AER,AGCC,AGIO,AII,AIT,AKR,ALB,ALC,ALGN,ALGT,ALH,ALHC,ALKS,ALMR,ALV,AMAT,AMBQ,AMCI,AMCR,AME,AMH,AMLX"
2026-04-22 19:00:00+00:00,L0685,L0699,decay,maturity,0.3628741223126969,0.2252533524008185,1,AMBA,11,AAT-AEE;ABEO-ACCO;ACCO-ACVA;ACHC-AMD;ACIW-AMBA;ADI-AMG;ADP-ALRM;AES-AGM;AES-AMG;ALNY-AMD;ALRM-AMAT,-9.062379831448197e-06,2.6390573296152584,0.012587412587412588,0.8380906867059811,"AAMI,AAON,AAP,AAPL,AAUC,ABAT,ABCL,ABEO,ABNB,ABT,ABVX,ACB,ACDC,ACHR,ACHV,ACMR,ACRE,ACU,ACVA,AD,ADBE,ADI,ADSE,ADSK,ADT,ADUR,ADV,AEE,AEM,AEP,AERO,AES,AESI,AEYE,AFCG,AFRM,AG,AGBK,AGI,AGL,AGMB,AGPU,AGRO,AGX,AGYS,AHCO,AIRG,AIRO,AKAM,AKTS,ALCO,ALKT,ALLE,ALLT,ALM,ALMU,ALOT,ALRM,ALTO,ALVO,ALX,AM,AMBA,AMCX,AMD,AMPG,QQQ","A,AA,AAL,AAT,ABG,ACCO,ACHC,ACIC,ACIW,ACM,ACNT,ACOG,ACR,ACRS,ACTG,ADM,ADP,AEIS,AER,AGCC,AGIO,AGM,AHR,AHRT,AII,AIT,AKR,ALC,ALGN,ALGT,ALH,ALHC,ALK,ALKS,ALMR,ALNY,ALV,AMAT,AMBQ,AMCR,AME,AMG,AMH,AMLX"
2026-04-22 19:15:00+00:00,L0699,L0688,decay,expansion,1.1081237857545323,0.8274805988090522,8,ACHC;ACIW;AHRT;AII;ALGN;ALHC;ALV;AMG,43,A-ACIW;AAL-ABSI;AAL-ALC;AARD-AMG;AAT-AKR;ABEV-ACOG;ABG-ALGT;ACEL-ACIW;ACEL-AMBA;ACGL-AHRT;ACGL-ALMR;ACHC-AMPH;ACIW-ACN;ACIW-ADP;ACIW-AMCI;ACIW-AMP;ACT-ALHC;ACT-ALKS;ADAG-ALHC;ADM-AEO;ADM-AMLX;ADMA-ALGN;ADMA-ALMR;AEIS-ALOY;AFG-AHRT;AFG-ALV;AFL-ALH;AFL-ALHC;AGCC-AIG;AGCC-AJG;AGCC-ALOY;AGO-ALKS;AGO-ALV;AHRT-AMCI;AIG-ALV;AIT-AJG;AJG-ALGN;AKO-B-ALAR;AKR-ALH;ALC-ALK;ALGT-ALV;ALK-AMH;ALL-ALMR,0.0035825868253596127,4.100297784618965,0.020176991150442476,1.608782310196383,"AAL,AAT,ABG,ACCO,ACHC,ACIW,ACNT,ACOG,ACR,ACRS,ACTG,ADM,AEIS,AER,AGCC,AHR,AHRT,AII,AIT,AKO-B,ALGN,ALH,ALHC,ALK,ALKS,ALMR,ALNY,ALV,AMAT,AMBA,AMBQ,AME,AMG","A,AA,AARD,ABBV,ABCB,ABEV,ABM,ABSI,ABUS,ACAD,ACEL,ACGL,ACI,ACIC,ACM,ACN,ACT,ADAG,ADEA,ADMA,ADNT,ADP,ADPT,ADUS,AEC,AEG,AENT,AEO,AEXA,AFBI,AFG,AFJK,AFL,AGEN,AGIO,AGO,AIG,AIRS,AIZ,AJG,AKR,ALAR,ALB,ALC,ALGT,ALL,ALLY,ALOY,ALRS,AMBP,AMCI,AMCR,AMGN,AMH,AMLX,AMN,AMP,AMPH"
2026-04-22 19:30:00+00:00,L0688,L0685,expansion,expansion,0.6598797105619219,0.8995291030465832,0,,17,AAP-ABVX;AAP-ACIW;AAP-AEC;AAPG-ACB;AAPG-ACDC;AAPG-AFCG;AAPG-AGX;ABVX-AGX;ABVX-ALRM;ACAD-AKTS;ACB-AMCX;ACEL-ALRM;AD-AFRI;AEE-AMPH;AGNC-AMCX;AHCO-AMCI;AM-AMCX,0.002910610623075627,2.9064124739681607,0.018072289156626505,1.1971366059480857,"A,AAPG,AARD,AAUC,ABBV,ABCB,ABEV,ABM,ABVX,ACAD,ACEL,ACGL,ACHC,ACI,ACIW,ACN,ACT,ADAG,ADEA,ADMA,ADNT,ADP,ADPT,ADSE,ADUS,AEC,AEG,AENT,AEO,AES,AEXA,AFBI,AFG,AFJK,AFL,AFRI,AGEN,AGIO,AGM,AGO,AGYS,AHRT,AIG,AII,AIRS,AIZ,AJG,ALAR,ALB,ALGN,ALHC,ALL,ALLY,ALOY,ALRS,ALV,ALX,AMBP,AMCI,AMCR,AMCX,AMG,AMGN,AMLX,AMN,AMP,AMPH","AAMI,AAON,AAP,ABAT,ABCL,ABEO,ABNB,ABT,ACB,ACDC,ACHR,ACLS,ACMR,ACRE,ACVA,AD,ADAM,ADBE,ADI,ADSK,ADT,ADUR,AEE,AEHR,AEM,AEP,AESI,AFCG,AFRM,AG,AGCO,AGI,AGL,AGMB,AGNC,AGPU,AGRO,AGX,AHCO,AIP,AIRG,AIRO,AKAM,AKTS,ALKT,ALLE,ALLT,ALM,ALMS,ALMU,ALOT,ALRM,ALTO,ALVO,AM,AMBA,AMPG"
2026-04-23 13:45:00+00:00,L0705,L0703,confirmation,confirmation,1.0637896171461032,0.32499619463668317,0,,9,AAOI-ACOG;ABG-ABR;ABG-ADAM;ACET-AGMB;ADAM-AGNC;AGI-AII;AIRS-ALAR;AIRS-ALM;ALB-ALLT,0.006211863248609006,2.3628507162474683,0.015566037735849057,1.0096833282570803,"AAL,AAOI,AAON,AAP,ABBV,ABCB,ABCL,ABEO,ABG,ABVX,ACB,ACDC,ACNT,ACRS,ADI,ADM,ADMA,ADNT,ADTN,ADUR,AEC,AEE,AEG,AEHR,AEIS,AEP,AES,AESI,AEXA,AFCG,AFJK,AFRI,AGCC,AGMB,AGNC,AGRO,AGX,AII,AIP,AIZ,ALAB,ALAR,ALB,ALG,ALGM,ALLE,ALM,ALMS,ALNY,ALTG,ALTO,ALV,AM,AMAT,AMBA,AMBP,AMCR,AMGN,AMKR,AMLX","A,AAPG,ABM,ABR,ABUS,ACAD,ACCO,ACET,ACHC,ACIW,ACN,ACOG,ACRE,ACU,ACVA,ADAM,ADBE,ADEA,ADP,ADPT,ADSE,ADSK,ADT,ADUS,AEBI,AEM,AGI,AGO,AGPU,AGYS,AIRS,AJG,AKAM,AKO-B,ALGN,ALKT,ALLT,ALOT,ALOY,ALRM,ALVO,AMAL,AMN,AMPG"
2026-04-23 14:15:00+00:00,L0709,L0711,maturity,confirmation,1.0569524395323597,0.4233630675416195,4,AAPL;AERO;AHCO;ALCO,2,AAUC-AFCG;ABEO-AMLX,0.007244548585731536,2.4616768193131424,0.015151515151515152,1.0617865842232066,"AAMI,AAP,AAPL,AAT,AAUC,ABG,ABM,ACEL,ACGL,ACI,ACIC,ACNB,ACNT,ACR,ACT,ACTG,AD,ADC,AENT,AER,AERO,AFJK,AFL,AGCO,AGEN,AGIO,AGNC,AHCO,AIN,AIT,AIV,AKR,ALCO,ALH,ALHC,ALKS,ALL,ALLY,ALSN,ALX,AMCR,AME,AMGN,AMLX,AMPH","AAOI,ABAT,ABEO,ABVX,ACB,ACET,ACHR,ACHV,ACOG,ADTN,ADUR,AEHR,AEVA,AFCG,AGMB,AGRO,AIRJ,AIZ,ALAR,ALM,AMKR,QQQ"
2026-04-23 14:30:00+00:00,L0705,L0703,expansion,expansion,0.9664535695861617,0.9681756946240402,1,AIV,5,ACIC-AJG;ACTG-AMPH;ADUS-AGEN;AFG-AKO-B;AIV-ALC,0.0015514714032178745,2.098649278868119,0.016666666666666666,1.1075510989800903,"AAL,AAMI,AAON,AAT,AAUC,ABBV,ABCB,ABM,ABSI,ABT,ACA,ACEL,ACGL,ACI,ACIC,ACMR,ACNB,ACNT,ACR,ACRS,ACT,AD,ADAG,ADC,ADI,ADM,ADMA,AEC,AEE,AEIS,AENT,AEP,AER,AES,AESI,AEXA,AFG,AFJK,AFL,AFRI,AGBK,AGCC,AGCO,AGEN,AHR,AIG,AII,AIN,AIR,AIRG,AIT,AIV,AKR,AKTS,ALGM,ALK,ALL,ALLE,ALMS,ALNT,ALNY,ALSN,ALTG,ALV,ALX,AMAT,AMBP,AME,AMGN,AMH,AMPH","A,AAPG,ABEV,ABR,ABUS,ACAD,ACCO,ACHC,ACIW,ACM,ACN,ACRE,ACTG,ACU,ACVA,ADAM,ADBE,ADEA,ADP,ADPT,ADSE,ADSK,ADT,ADUS,AEBI,AEM,AG,AGI,AGL,AGO,AGPU,AGYS,AHRT,AI,AIRO,AIRS,AJG,AKAM,AKO-B,ALC,ALGN,ALH,ALKT,ALLT,ALOT,ALOY,ALRM,ALVO,AMAL,AMG,AMN,AMP,AMPG"
2026-04-23 15:00:00+00:00,L0705,L0713,maturity,confirmation,0.43775788312709374,0.4756346514928697,0,,21,AAMI-AGCO;AAP-ADI;AAP-AESI;AAP-AIP;AAP-AMBA;AAUC-AIR;ABCB-ACEL;ACA-AKR;ACNT-ACT;ADM-AFG;ADMA-AIN;ADMA-ALX;ADNT-ALLE;AER-AEXA;AER-ALK;AGCC-AII;AGCO-ALV;AHR-AME;AII-AKTS;ALLE-AMLX;AMCR-AMH,0.0008490520995110273,3.094894352983635,0.014156079854809437,1.0498647606101192,"AAL,AAMI,AAON,AAPL,AAT,ABBV,ABCB,ABCL,ABSI,ABT,ACA,ACDC,ACMR,ACNT,ACRS,ADAG,ADC,ADI,ADM,ADMA,AEC,AEE,AEIS,AEP,AES,AESI,AEXA,AFRI,AGBK,AGCC,AGMB,AGX,AHR,AIG,AIP,AIR,AIRG,AKTS,ALCO,ALG,ALGM,ALK,ALLE,ALMS,ALNT,ALNY,ALTG,ALTO,ALV,AM,AMAT,AMBA,AMBP,AMH","AAP,AAUC,ABM,ACEL,ACGL,ACI,ACIC,ACNB,ACR,ACT,AD,ADNT,AEG,AENT,AER,AFG,AFJK,AFL,AGCO,AGEN,AGNC,AII,AIN,AIT,AIV,AKR,ALGT,ALHC,ALKS,ALL,ALLY,ALSN,ALX,AMCR,AME,AMGN,AMLX,AMPH"
2026-04-23 16:00:00+00:00,L0705,L0703,maturity,maturity,0.3822676727424923,0.5214571380221146,1,AENT,12,AAUC-ALRS;ABG-ALGN;ACEL-AIV;ACI-ADT;ADUS-AMGN;AEG-AEO;AENT-AKO-B;AEO-AFJK;AGEN-AMP;AGEN-AMPG;AGNC-ALC;AGNC-AMN,0.00038075732300058007,2.7105853670051343,0.020224719101123594,0.9517974928458341,"AAPL,AAT,AAUC,ABCB,ABG,ABM,ABSI,ACA,ACEL,ACGL,ACI,ACIC,ACNB,ACR,ACT,AD,ADNT,AEG,AENT,AER,AFG,AFJK,AFL,AGCO,AGEN,AGNC,AHCO,AHR,AII,AIN,AIR,AIT,AKR,AKTS,ALGT,ALHC,ALK,ALKS,ALL,ALLY,ALSN,ALV,AMBP,AMCR,AME,AMGN,AMH,AMLX,AMPH","A,AA,AAPG,AARD,ABEV,ABNB,ABR,ABUS,ABX,ACAD,ACCO,ACHC,ACIW,ACLS,ACM,ACN,ACRE,ACTG,ACU,ACVA,ADAM,ADBE,ADEA,ADP,ADPT,ADSE,ADSK,ADT,ADUS,AEBI,AEM,AEO,AEYE,AFCG,AFRM,AG,AGI,AGIO,AGL,AGM,AGO,AGPU,AGYS,AHRT,AI,AIRO,AIRS,AIV,AJG,AKAM,AKO-B,ALC,ALGN,ALH,ALKT,ALLT,ALMR,ALMU,ALOT,ALOY,ALRM,ALRS,ALVO,AMAL,AMBQ,AMG,AMN,AMP,AMPG"
2026-04-23 16:30:00+00:00,L0703,L0705,decay,expansion,0.49489952852336744,0.45821362419304024,1,AGEN,5,ABM-ALC;ABSI-AGEN;ACI-ALOT;ADUS-AKR;AGO-AMPH,0.0019099025521427393,2.103034800838492,0.01607142857142857,0.8141033603102595,"A,AAPG,ABEV,ABR,ACAD,ACCO,ACHC,ACIW,ACM,ACN,ACRE,ACTG,ACU,ACVA,ADAM,ADBE,ADEA,ADP,ADPT,ADSE,ADSK,ADT,ADUS,AEM,AGEN,AGO,AGPU,AGYS,AIRS,AJG,AKAM,AKO-B,ALC,ALGN,ALH,ALKT,ALLT,ALOT,ALRM,AMAL,AMN,AMP","AAPL,AAUC,ABCB,ABG,ABM,ABSI,ACA,ACEL,ACGL,ACI,ACIC,ACNB,ACR,ACT,AD,ADNT,AEE,AEG,AENT,AFG,AFJK,AFL,AGCO,AGNC,AHCO,AHR,AII,AIN,AIR,AIT,AIV,AKR,AKTS,ALGT,ALHC,ALK,ALKS,ALL,ALLE,ALLY,ALSN,ALV,AMBP,AMCR,AME,AMGN,AMH,AMLX,AMPH"
2026-04-23 16:45:00+00:00,L0705,L0715,maturity,maturity,0.5926889650920307,0.5951298674658196,3,AEE;AER;AIR,34,AAL-ADNT;AAMI-ALSN;AAON-AIR;AAON-ALK;AAP-ACT;AAPL-ADMA;AAT-AHR;AAUC-ALCO;ABBV-AD;ACA-AIG;ACI-AIG;ACMR-AMBP;ACNT-AHCO;ACNT-ALK;ACNT-ALLY;ACNT-AMCR;ACNT-AMLX;ADTN-ALSN;ADTN-AMH;AEE-ALMS;AEE-AM;AEP-ALL;AFL-AII;AGBK-ALX;AGEN-ALTG;AHR-ALTG;AIR-ALNT;AIR-AMAT;ALCO-ALX;ALG-ALK;ALK-ALTG;ALK-AMAT;ALLE-AMH;ALNT-ALSN,0.00029687747883144766,3.714295896088386,0.025974025974025976,1.2888157276855554,"AAPL,AAUC,ABCB,ABG,ABM,ABSI,ACA,ACEL,ACGL,ACI,ACIC,ACNB,ACR,ACT,AD,ADNT,AEE,AEG,AENT,AER,AFBI,AFG,AFJK,AFL,AGCO,AGEN,AGNC,AHCO,AHR,AIN,AIR,AIT,AIV,AKR,AKTS,ALGT,ALHC,ALK,ALKS,ALL,ALLY,ALSN,ALV,ALX,AMBP,AMCR,AME,AMGN,AMH,AMLX,AMPH","AAL,AAMI,AAON,AAP,AAT,ABBV,ABCL,ABT,ACDC,ACMR,ACNT,ACRS,ADAG,ADC,ADI,ADM,ADMA,ADTN,ADUR,AEC,AEIS,AEP,AES,AESI,AEXA,AFRI,AGBK,AGCC,AGRO,AGX,AIG,AII,AIP,AIRG,ALCO,ALG,ALGM,ALLE,ALMS,ALNT,ALNY,ALTG,ALTO,AM,AMAT,AMBA"
2026-04-23 17:00:00+00:00,L0716,L0703,maturity,maturity,0.7235114008728949,0.4506053597892384,5,AARD;AHRT;ALH;ALLT;AMPG,23,AARD-AKAM;ABEV-AMAL;ACAD-ALLT;ACCO-AI;ACLS-ADEA;ACN-ALMU;ADEA-ALH;ADP-AMBQ;ADPT-AMPG;ADSK-AHRT;AEM-AMPG;AGI-AJG;AGI-ALC;AGL-AGYS;AGL-ALKT;AGO-AMPG;AGPU-ALLT;AGYS-AI;AGYS-ALH;AI-ALOT;AIRO-ALOT;ALGN-ALH;ALGN-ALMU,0.002070343471132219,3.5324313055829095,0.015751789976133652,1.2377056230907875,"AA,AARD,ABEV,ABNB,ABX,ACHC,ACLS,AEYE,AFRM,AG,AGI,AGL,AGM,AHRT,AI,AIRO,ALH,ALLT,ALMR,ALMU,ALRS,ALX,AMBQ,AMCX,AMG,AMPG","A,AAPG,ABR,ABUS,ACAD,ACCO,ACIW,ACM,ACN,ACRE,ACTG,ACU,ACVA,ADAM,ADBE,ADEA,ADP,ADPT,ADSE,ADSK,ADT,ADUS,AEM,AGO,AGPU,AGYS,AIRS,AIV,AJG,AKAM,AKO-B,ALC,ALGN,ALKT,ALOT,ALRM,AMAL,AMN,AMP"
2026-04-23 17:00:00+00:00,L0711,L0703,expansion,maturity,0.042724521724586725,0.4506053597892384,4,AENT;ALOY;ALVO;AMCI,5,ACOG-AEM;ADEA-QQQ;ADPT-AEVA;AEVA-ALGN;ALGN-QQQ,0.003596771857701242,2.664424083267823,0.015751789976133652,0.8164677537675233,"AAOI,ABAT,ABEO,ABVX,ACB,ACET,ACHR,ACHV,ACOG,ADV,AEHR,AENT,AERO,AEVA,AFBI,AFJK,AFYA,AGMB,AGX,AIOT,AIRJ,ALAB,ALAR,ALB,ALM,ALOY,ALTO,ALVO,AMCI,AMD,AMKR,QQQ","A,AAPG,ABR,ABUS,ACAD,ACCO,ACIW,ACM,ACN,ACRE,ACTG,ACU,ACVA,ADAM,ADBE,ADEA,ADP,ADPT,ADSE,ADSK,ADT,ADUS,AEM,AGO,AGPU,AGYS,AIRS,AIV,AJG,AKAM,AKO-B,ALC,ALGN,ALKT,ALOT,ALRM,AMAL,AMN,AMP"
2026-04-23 17:00:00+00:00,L0716,L0705,maturity,maturity,0.7235114008728949,0.4143598831139605,0,,3,ACIC-ALX;ACT-AMBQ;AGNC-AHRT,0.002561630040872842,1.448368051138462,0.019494584837545122,0.7063775857063038,"AA,AARD,ABEV,ABNB,ABX,ACHC,ACLS,AEYE,AFRM,AG,AGI,AGL,AGM,AHRT,AI,AIRO,ALH,ALLT,ALMR,ALMU,ALRS,ALX,AMBQ,AMCX,AMG,AMPG","AAPL,AAT,AAUC,ABBV,ABCB,ABM,ABSI,ABT,ACA,ACEL,ACGL,ACI,ACIC,ACNB,ACNT,ACRS,ACT,AD,ADMA,ADNT,AEG,AFG,AFL,AGCO,AGNC,AHCO,AHR,AIG,AII,AIN,AIT,AKR,AKTS,ALGT,ALK,ALKS,ALL,ALLY,ALSN,ALV,AMBP,AMCR,AME,AMGN,AMH,AMPH"
2026-04-23 17:00:00+00:00,L0711,L0705,expansion,maturity,0.042724521724586725,0.4143598831139605,1,AFJK,4,AERO-AII;AFJK-AIN;AFJK-AMCR;AFJK-AME,0.004088058427441865,2.0026692714958156,0.019494584837545122,0.6407168270511497,"AAOI,ABAT,ABEO,ABVX,ACB,ACET,ACHR,ACHV,ACOG,ADV,AEHR,AENT,AERO,AEVA,AFBI,AFJK,AFYA,AGMB,AGX,AIOT,AIRJ,ALAB,ALAR,ALB,ALM,ALOY,ALTO,ALVO,AMCI,AMD,AMKR,QQQ","AAPL,AAT,AAUC,ABBV,ABCB,ABM,ABSI,ABT,ACA,ACEL,ACGL,ACI,ACIC,ACNB,ACNT,ACRS,ACT,AD,ADMA,ADNT,AEG,AFG,AFL,AGCO,AGNC,AHCO,AHR,AIG,AII,AIN,AIT,AKR,AKTS,ALGT,ALK,ALKS,ALL,ALLY,ALSN,ALV,AMBP,AMCR,AME,AMGN,AMH,AMPH"
2026-04-23 17:15:00+00:00,L0705,L0717,expansion,confirmation,0.35486524920644913,0.6548131094168448,1,AKTS,4,AAP-AMCR;ABM-ACR;ACT-ALLY;ALTG-AMLX,0.004212670028209686,2.0043497976994624,0.00371900826446281,0.8045488082515232,"AAL,AAMI,AAON,AAPL,AAT,AAUC,ABBV,ABCB,ABM,ABSI,ABT,ACA,ACEL,ACGL,ACI,ACIC,ACMR,ACNB,ACNT,ACRS,ACT,AD,ADC,ADMA,ADNT,AEG,AEIS,AFG,AFJK,AFL,AGBK,AGCO,AHCO,AHR,AIG,AII,AIN,AIP,AIR,AIRG,AIT,AKR,AKTS,ALG,ALGT,ALK,ALL,ALNT,ALSN,ALTG,ALV,AMAT,AMBP,AMCR,AME,AMGN,AMH","AAP,ABG,ACR,AGEN,AGNC,ALHC,ALKS,ALLY,AMLX,AMPH"
2026-04-23 17:15:00+00:00,L0703,L0705,expansion,expansion,0.44579015171164904,0.3231060020306894,1,AMCI,5,ACIC-AIV;ACM-AKTS;AENT-ALGT;AFJK-AHRT;ALGT-AMP,-0.001987725350772962,2.0794415416798357,0.01802120141342756,0.7532324117546746,"A,AAPG,AARD,ABR,ABUS,ACAD,ACCO,ACIW,ACM,ACN,ACRE,ACTG,ACU,ACVA,ADAM,ADBE,ADEA,ADP,ADPT,ADSE,ADSK,ADT,ADUS,AEBI,AEM,AENT,AGO,AGPU,AGYS,AHRT,AIRS,AIV,AJG,AKAM,AKO-B,ALC,ALH,ALKT,ALLT,ALOT,ALOY,ALRM,ALVO,AMAL,AMCI,AMN,AMP,AMPG","AAL,AAMI,AAON,AAPL,AAT,AAUC,ABBV,ABCB,ABM,ABSI,ABT,ACA,ACEL,ACGL,ACI,ACIC,ACMR,ACNB,ACNT,ACRS,ACT,AD,ADC,ADMA,ADNT,AEG,AEIS,AFG,AFJK,AFL,AGBK,AGCO,AHCO,AHR,AIG,AII,AIN,AIP,AIR,AIRG,AIT,AKR,AKTS,ALG,ALGT,ALK,ALL,ALNT,ALSN,ALTG,ALV,AMAT,AMBP,AMCR,AME,AMGN,AMH"
2026-04-23 17:15:00+00:00,L0703,L0717,expansion,confirmation,0.44579015171164904,0.6548131094168448,0,,4,AARD-ALHC;ABG-ACVA;ACAD-ALKS;AGNC-AMP,0.0022249446774367243,1.6529751551361362,0.00371900826446281,0.7439826183622517,"A,AAPG,AARD,ABR,ABUS,ACAD,ACCO,ACIW,ACM,ACN,ACRE,ACTG,ACU,ACVA,ADAM,ADBE,ADEA,ADP,ADPT,ADSE,ADSK,ADT,ADUS,AEBI,AEM,AENT,AGO,AGPU,AGYS,AHRT,AIRS,AIV,AJG,AKAM,AKO-B,ALC,ALH,ALKT,ALLT,ALOT,ALOY,ALRM,ALVO,AMAL,AMCI,AMN,AMP,AMPG","AAP,ABG,ACR,AGEN,AGNC,ALHC,ALKS,ALLY,AMLX,AMPH"
2026-04-23 17:30:00+00:00,L0716,L0705,expansion,maturity,1.0461408577313362,0.0009983155898591403,2,ABM;ALRS,6,ACLS-AEG;ACT-ALMR;AEBI-AMCR;AFL-ALRS;AGM-ALG;ALRS-ALSN,0.00253888669249136,2.420713728412763,0.016871704745166957,0.9218509398113244,"AA,AARD,ABEV,ABM,ABNB,ABX,ACLS,ADEA,AEBI,AENT,AEO,AEYE,AFCG,AFRM,AG,AGI,AGIO,AGL,AGM,AI,ALH,ALMR,ALMU,ALRS,AMBQ,AMCX,AMG,AMPG","AAL,AAMI,AAON,AAPL,AAT,AAUC,ABBV,ABCB,ABSI,ABT,ACA,ACEL,ACGL,ACI,ACIC,ACMR,ACNB,ACRS,ACT,AD,ADC,ADMA,ADNT,ADTN,AEG,AEIS,AER,AERO,AFBI,AFG,AFJK,AFL,AGBK,AGCO,AHCO,AHR,AIG,AII,AIN,AIP,AIR,AIRG,AIT,AKR,ALG,ALGT,ALK,ALL,ALNT,ALSN,ALTG,ALV,AMAT,AMBP,AMCI,AMCR,AME,AMGN,AMH"
2026-04-23 17:30:00+00:00,L0716,L0715,expansion,expansion,1.0461408577313362,1.0860882888403587,0,,1,ACNT-AGIO,0.0035531705943867564,0.8566753508642814,0.03007518796992481,0.8583488598830675,"AA,AARD,ABEV,ABM,ABNB,ABX,ACLS,ADEA,AEBI,AENT,AEO,AEYE,AFCG,AFRM,AG,AGI,AGIO,AGL,AGM,AI,ALH,ALMR,ALMU,ALRS,AMBQ,AMCX,AMG,AMPG","AAP,ABCL,ABEO,ACDC,ACNT,ADAG,ADI,ADM,ADUR,AEC,AEE,AEP,AES,AESI,AEXA,AFRI,AGCC,AGRO,ALGM,ALLE,ALMS,ALNY,ALTO,AM,AMBA"
2026-04-23 17:30:00+00:00,L0717,L0715,maturity,expansion,0.5378820334518829,1.0860882888403587,0,,2,ACNT-ALLY;ACNT-AMLX,0.0026657895650714636,1.1837432465991147,0.03007518796992481,0.7876381865329398,"ABG,ACR,AGEN,AGNC,AKTS,ALHC,ALKS,ALLY,AMLX,AMPH","AAP,ABCL,ABEO,ACDC,ACNT,ADAG,ADI,ADM,ADUR,AEC,AEE,AEP,AES,AESI,AEXA,AFRI,AGCC,AGRO,ALGM,ALLE,ALMS,ALNY,ALTO,AM,AMBA"
2026-04-23 17:30:00+00:00,L0717,L0705,maturity,maturity,0.5378820334518829,0.0009983155898591403,0,,5,AD-AMPH;AEG-AMLX;AKTS-ALGT;ALGT-ALLY;ALGT-AMLX,0.0016515056631760672,1.8189125590784347,0.016871704745166957,0.6189230001939063,"ABG,ACR,AGEN,AGNC,AKTS,ALHC,ALKS,ALLY,AMLX,AMPH","AAL,AAMI,AAON,AAPL,AAT,AAUC,ABBV,ABCB,ABSI,ABT,ACA,ACEL,ACGL,ACI,ACIC,ACMR,ACNB,ACRS,ACT,AD,ADC,ADMA,ADNT,ADTN,AEG,AEIS,AER,AERO,AFBI,AFG,AFJK,AFL,AGBK,AGCO,AHCO,AHR,AIG,AII,AIN,AIP,AIR,AIRG,AIT,AKR,ALG,ALGT,ALK,ALL,ALNT,ALSN,ALTG,ALV,AMAT,AMBP,AMCI,AMCR,AME,AMGN,AMH"
2026-04-23 17:45:00+00:00,L0715,L0716,decay,expansion,0.909838383829341,0.6627444588282648,0,,1,AAP-AM,0.006787942256778479,0.9853667774884394,0.016666666666666666,0.7206165471693915,"ABCL,ACDC,ADAG,ADI,ADM,ADMA,ADUR,AEC,AEE,AEP,AES,AESI,AEXA,AFRI,AGCC,AGRO,ALGM,ALMS,ALNY,ALTO,AM","AA,AAP,AARD,ABEV,ABG,ABNB,ABX,ACHC,ACLS,ACM,ACR,ADEA,AEBI,AEG,AEM,AEO,AFCG,AFRM,AG,AGEN,AGI,AGIO,AGL,AGM,AGNC,AHRT,AIRO,AKTS,ALC,ALGN,ALGT,ALH,ALHC,ALKS,ALLT,ALLY,ALMR,AMBQ,AMCR,AMCX,AMLX,AMP,AMPG,AMPH"
2026-04-23 18:00:00+00:00,L0705,L0715,decay,expansion,1.410296101606857,1.1487001191389827,1,AII,11,AAL-AME;AAT-ADMA;ABBV-AD;ACRS-AMH;ADMA-AIN;AEXA-ALL;AEXA-ALV;AII-AM;AIN-ALLE;AKR-AMBP;ALLE-ALV,0.001712578843580559,2.6512158207124386,0.022556390977443608,1.433886280048478,"AAPL,AAT,AAUC,ABCB,ABM,ABSI,ABT,ACA,ACEL,ACGL,ACI,ACIC,ACNB,ACNT,ACT,AD,ADNT,AER,AFBI,AFG,AFJK,AFL,AGCO,AHCO,AHR,AIG,AII,AIN,AIT,AIV,AKR,ALGT,ALK,ALL,ALRS,ALSN,ALV,ALVO,AMCI,AME,AMGN,AMH","AAL,ABBV,ABCL,ACDC,ACRS,ADAG,ADI,ADM,ADMA,ADUR,AEC,AEE,AEP,AES,AESI,AEXA,AFRI,AGCC,ALGM,ALLE,ALMS,ALNY,AM,AMBP"
2026-04-23 18:15:00+00:00,L0711,L0705,decay,expansion,0.25403286218651056,0.2334107451309654,0,,3,AAUC-ALCO;ABAT-AKTS;ADC-AIRG,-0.003813221526797861,1.3862943611198906,0.01818181818181818,0.49553394520248817,"ABAT,ACB,ACET,ACHR,ACHV,ACOG,ADV,AEVA,AGMB,AIOT,AIRG,AIRJ,AIZ,ALAR,ALB,ALCO,ALM,ALX","AAP,AAPL,AAT,AAUC,ABCB,ABG,ABT,ACA,ACEL,ACGL,ACI,ACIC,ACNB,ACNT,ACRS,ACT,AD,ADC,ADMA,ADNT,AEG,AFBI,AFG,AFJK,AFL,AGCO,AGNC,AHCO,AHR,AIG,AIN,AIT,AIV,AKR,AKTS,ALHC,ALKS,ALL,ALLE,ALLY,ALRS,ALSN,ALV,ALVO,AMBP,AMCI,AMCR,AME,AMGN,AMH,AMLX,AMPH"
2026-04-23 18:15:00+00:00,L0711,L0715,decay,maturity,0.25403286218651056,0.3292185778712686,0,,2,ACHV-AII;ACOG-AEXA,-0.003720525943208486,1.0986122886681098,0.030534351145038167,0.4542086568561169,"ABAT,ACB,ACET,ACHR,ACHV,ACOG,ADV,AEVA,AGMB,AIOT,AIRG,AIRJ,AIZ,ALAR,ALB,ALCO,ALM,ALX","ABBV,ABCL,ABEO,ACDC,ADAG,ADI,ADM,ADUR,AEC,AEE,AEP,AES,AESI,AEXA,AFRI,AGCC,AGRO,AII,ALGM,ALMS,ALNY,ALTO,AM"
2026-04-23 18:30:00+00:00,L0705,L0718,maturity,confirmation,0.4680958596420073,0.9367135499248811,6,ACA;AER;AHR;ALGT;ALK;ALSN,5,ADTN-AMLX;AER-AIR;AGBK-ALSN;AIT-AMAT;ALK-AMKR,0.0010888626929954626,2.896402771898192,0.022807017543859647,1.1489645684761935,"AAP,AAPL,AAT,AAUC,ABCB,ABG,ABT,ACA,ACEL,ACGL,ACI,ACIC,ACNB,ACNT,ACRS,ACT,AD,ADMA,ADNT,AEG,AER,AFBI,AFG,AFJK,AFL,AGCO,AGNC,AHCO,AHR,AIG,AIN,AIT,AKR,AKTS,ALGT,ALHC,ALK,ALKS,ALL,ALLE,ALLY,ALRS,ALSN,ALV,AMCI,AMCR,AME,AMGN,AMH,AMLX,AMPH","AAL,AAMI,AAOI,AAON,ABSI,ACMR,ADTN,AEHR,AEIS,AFYA,AGBK,AGX,AIP,AIR,ALAB,ALG,ALNT,ALTG,AMAT,AMD,AMKR,QQQ"
2026-04-23 18:30:00+00:00,L0716,L0718,expansion,confirmation,0.5671806918723264,0.9367135499248811,1,AENT,3,AGEN-AIR;AGI-QQQ;AGM-AIR,0.0015712465756223537,1.8176098922016595,0.022807017543859647,0.9089917982211562,"AA,AARD,ABEV,ABM,ABNB,ABUS,ABX,ACHC,ACLS,ACM,ACR,ACVA,ADEA,AEBI,AEM,AENT,AEO,AEYE,AFCG,AFRM,AG,AGEN,AGI,AGIO,AGL,AGM,AI,AIOT,AIRO,ALC,ALGN,ALH,ALLT,ALMR,ALMU,ALOY,AMBQ,AMCX,AMG,AMP,AMPG","AAL,AAMI,AAOI,AAON,ABSI,ACMR,ADTN,AEHR,AEIS,AFYA,AGBK,AGX,AIP,AIR,ALAB,ALG,ALNT,ALTG,AMAT,AMD,AMKR,QQQ"
2026-04-23 18:30:00+00:00,L0716,L0711,expansion,maturity,0.5671806918723264,0.21370788331266716,1,AIOT,2,ACLS-ALB;AEM-AEVA,-0.0015134840505197644,1.6094379124341003,0.007751937984496124,0.6377888413616976,"AA,AARD,ABEV,ABM,ABNB,ABUS,ABX,ACHC,ACLS,ACM,ACR,ACVA,ADEA,AEBI,AEM,AENT,AEO,AEYE,AFCG,AFRM,AG,AGEN,AGI,AGIO,AGL,AGM,AI,AIOT,AIRO,ALC,ALGN,ALH,ALLT,ALMR,ALMU,ALOY,AMBQ,AMCX,AMG,AMP,AMPG","ABAT,ACB,ACET,ACHR,ACHV,ACOG,ADC,ADV,AEVA,AGMB,AIRG,AIRJ,AIZ,ALAR,ALB,ALCO,ALM,ALX"
2026-04-23 18:30:00+00:00,L0705,L0711,maturity,maturity,0.4680958596420073,0.21370788331266716,0,,2,ACA-ADC;ACNB-ALCO,-0.0019958679331466556,1.0986122886681098,0.007751937984496124,0.4803569857511042,"AAP,AAPL,AAT,AAUC,ABCB,ABG,ABT,ACA,ACEL,ACGL,ACI,ACIC,ACNB,ACNT,ACRS,ACT,AD,ADMA,ADNT,AEG,AER,AFBI,AFG,AFJK,AFL,AGCO,AGNC,AHCO,AHR,AIG,AIN,AIT,AKR,AKTS,ALGT,ALHC,ALK,ALKS,ALL,ALLE,ALLY,ALRS,ALSN,ALV,AMCI,AMCR,AME,AMGN,AMH,AMLX,AMPH","ABAT,ACB,ACET,ACHR,ACHV,ACOG,ADC,ADV,AEVA,AGMB,AIRG,AIRJ,AIZ,ALAR,ALB,ALCO,ALM,ALX"
2026-04-23 18:45:00+00:00,L0718,L0715,expansion,maturity,1.0954886197540812,0.30566541171897343,0,,10,AAL-AEXA;AAON-ABBV;ABCL-ABSI;ACMR-ACRS;AEC-ALAB;AER-AM;AERO-ALAB;AGX-ALTO;AHR-ALNY;ALG-ALTO,0.0035483919782564044,2.429644014103276,0.029411764705882353,1.0321689776736176,"AAL,AAMI,AAOI,AAON,ABSI,ACA,ACMR,ADC,ADTN,AEHR,AEIS,AENT,AER,AFYA,AGBK,AGX,AHR,AIP,AIR,ALAB,ALG,ALGT,ALK,ALNT,ALSN,ALTG,AMAT,AMBP,AMD,AMKR,QQQ","ABBV,ABCL,ABEO,ABVX,ACDC,ACRS,ADAG,ADI,ADM,ADMA,ADUR,AEC,AEE,AEP,AERO,AES,AESI,AEXA,AFRI,AGCC,AGRO,AII,ALGM,ALMS,ALNY,ALTO,AM,AMBA"
2026-04-23 18:45:00+00:00,L0705,L0703,maturity,maturity,0.1823362748435498,0.43687728089379313,0,,15,ACCO-AMCI;ACI-ADT;ACNT-ACTG;ADAM-AIV;ADT-AFL;ADT-AGNC;ADT-ALLY;ADUS-AGEN;ADUS-AHCO;ADUS-ALHC;ADUS-AMGN;AFL-AJG;AGO-AMPH;AKAM-ALHC;ALOT-ALVO,-0.0005552303045988083,2.772588722239781,0.014492753623188404,0.8810851603246265,"AAP,AAPL,AAT,AAUC,ABCB,ABG,ABM,ABT,ACEL,ACGL,ACI,ACIC,ACNB,ACNT,ACR,ACT,AD,ADNT,AEG,AFBI,AFG,AFJK,AFL,AGCO,AGEN,AGNC,AHCO,AIG,AIN,AIT,AIV,AKR,AKTS,ALHC,ALKS,ALL,ALLE,ALLY,ALRS,ALV,ALVO,AMCI,AMCR,AME,AMGN,AMH,AMLX,AMPH","A,AAPG,AARD,ABR,ACAD,ACCO,ACIW,ACN,ACRE,ACTG,ACU,ACVA,ADAM,ADBE,ADP,ADPT,ADSE,ADSK,ADT,ADUS,AGO,AGPU,AGYS,AIRS,AJG,AKAM,AKO-B,ALKT,ALOT,ALOY,ALRM,AMAL,AMN"
2026-04-23 18:45:00+00:00,L0705,L0715,maturity,maturity,0.1823362748435498,0.30566541171897343,0,,3,AAT-ABBV;ABBV-ABT;ACI-ADMA,-0.0005368728889152408,1.3862943611198906,0.029411764705882353,0.49738586095461196,"AAP,AAPL,AAT,AAUC,ABCB,ABG,ABM,ABT,ACEL,ACGL,ACI,ACIC,ACNB,ACNT,ACR,ACT,AD,ADNT,AEG,AFBI,AFG,AFJK,AFL,AGCO,AGEN,AGNC,AHCO,AIG,AIN,AIT,AIV,AKR,AKTS,ALHC,ALKS,ALL,ALLE,ALLY,ALRS,ALV,ALVO,AMCI,AMCR,AME,AMGN,AMH,AMLX,AMPH","ABBV,ABCL,ABEO,ABVX,ACDC,ACRS,ADAG,ADI,ADM,ADMA,ADUR,AEC,AEE,AEP,AERO,AES,AESI,AEXA,AFRI,AGCC,AGRO,AII,ALGM,ALMS,ALNY,ALTO,AM,AMBA"
2026-04-23 19:15:00+00:00,L0719,L0715,confirmation,maturity,1.0948676178418952,0.2882677829367074,0,,3,AAP-ALMS;ABVX-AGNC;AGCC-ALKS,-0.00037261744728311896,1.3862943611198906,0.030303030303030304,0.7660596650590079,"AAP,AARD,ABG,ACI,ACR,ACTG,AENT,AGEN,AGNC,AIV,AKTS,ALHC,ALKS,ALLY,AMLX,AMPH","ABBV,ABCL,ABEO,ABVX,ACDC,ADAG,ADI,ADM,ADUR,AEC,AEE,AEP,AES,AESI,AFRI,AGCC,AGRO,AII,ALGM,ALMS,ALNY,ALTO,AM,AMBA"
2026-04-23 19:15:00+00:00,L0716,L0715,maturity,maturity,0.41601044776796264,0.2882677829367074,0,,3,ABEO-ABX;ADAG-AERO;ADAG-AGIO,-0.0013868171954527497,1.3862943611198906,0.030303030303030304,0.5624025140368282,"AA,ABEV,ABNB,ABUS,ABX,ACLS,ADEA,AEBI,AEG,AEM,AEO,AERO,AEYE,AFCG,AFRM,AG,AGI,AGIO,AGL,AGM,AHRT,AI,AIOT,AIRO,ALC,ALGN,ALH,ALMR,ALMU,AMBQ,AMCX,AMG,AMP,AMPG","ABBV,ABCL,ABEO,ABVX,ACDC,ADAG,ADI,ADM,ADUR,AEC,AEE,AEP,AES,AESI,AFRI,AGCC,AGRO,AII,ALGM,ALMS,ALNY,ALTO,AM,AMBA"
2026-04-23 19:30:00+00:00,L0705,L0715,maturity,expansion,0.644018398035041,0.7115239815415584,0,,14,ABCB-AEE;ABT-ACRS;ACNT-AFBI;ACRS-ALK;ADMA-AIG;AEE-AMBP;AEP-ALL;AES-AMH;AEXA-AMBP;AFBI-AMCI;AFJK-AIN;AGCO-ALLE;AIG-ALLE;ALLE-AMBP,0.0023164419399108738,2.723375118663201,0.029197080291970802,1.0918860555825756,"AAPL,AAT,AAUC,ABCB,ABM,ABT,ACA,ACEL,ACGL,ACI,ACIC,ACNB,ACNT,ACT,AD,ADNT,AEG,AER,AFG,AFL,AGCO,AHCO,AIG,AII,AIN,AIT,AKR,ALGT,ALK,ALL,ALRS,ALSN,ALV,ALX,AMBP,AMCI,AMCR,AME,AMGN,AMH","ABBV,ABCL,ABEO,ACDC,ACRS,ADAG,ADI,ADM,ADMA,ADUR,AEC,AEE,AEP,AES,AESI,AEXA,AFBI,AFJK,AFRI,AGCC,AGRO,AHR,ALGM,ALLE,ALMS,ALNY,ALTO,AM,AMBA"
2026-04-23 19:30:00+00:00,L0705,L0718,maturity,maturity,0.644018398035041,0.4997860682079153,3,AER;ALK;ALSN,6,AAMI-ALK;ABT-ACMR;AEG-ALTG;AER-AFYA;AER-ALAB;AFYA-ALX,0.0016356839041691273,2.5774530434284912,0.022740524781341108,0.9909156794472108,"AAPL,AAT,AAUC,ABCB,ABM,ABT,ACA,ACEL,ACGL,ACI,ACIC,ACNB,ACNT,ACT,AD,ADNT,AEG,AER,AFG,AFL,AGCO,AHCO,AIG,AII,AIN,AIT,AKR,ALGT,ALK,ALL,ALRS,ALSN,ALV,ALX,AMBP,AMCI,AMCR,AME,AMGN,AMH","AAL,AAMI,AAOI,AAON,ABSI,ACMR,ADTN,AEHR,AEIS,AENT,AFYA,AGBK,AGX,AIP,AIR,ALAB,ALG,ALNT,ALTG,AMAT,AMD,AMKR,QQQ"
2026-04-23 19:30:00+00:00,L0703,L0715,expansion,expansion,0.6939701122624029,0.7115239815415584,0,,1,AFJK-AGL,0.003851519199088216,0.8692628203866459,0.029197080291970802,0.6433434952816455,"A,AA,AAPG,AARD,ABEV,ABNB,ABR,ABUS,ACAD,ACCO,ACHC,ACIW,ACLS,ACM,ACN,ACRE,ACU,ACVA,ADBE,ADEA,ADP,ADPT,ADSE,ADSK,ADT,AEBI,AEM,AEYE,AFCG,AFRM,AG,AGI,AGL,AGM,AGO,AGPU,AGYS,AHRT,AI,AIRO,AJG,AKAM,AKO-B,ALC,ALGN,ALH,ALKT,ALLT,ALMU,ALOT,ALOY,ALRM,ALVO,AMAL,AMBQ,AMG,AMN,AMP,AMPG","ABBV,ABCL,ABEO,ACDC,ACRS,ADAG,ADI,ADM,ADMA,ADUR,AEC,AEE,AEP,AES,AESI,AEXA,AFBI,AFJK,AFRI,AGCC,AGRO,AHR,ALGM,ALLE,ALMS,ALNY,ALTO,AM,AMBA"
2026-04-23 19:30:00+00:00,L0703,L0718,expansion,maturity,0.6939701122624029,0.4997860682079153,0,,1,ABSI-ALH,0.0031707611633464694,0.840306096155641,0.022740524781341108,0.5716144568972069,"A,AA,AAPG,AARD,ABEV,ABNB,ABR,ABUS,ACAD,ACCO,ACHC,ACIW,ACLS,ACM,ACN,ACRE,ACU,ACVA,ADBE,ADEA,ADP,ADPT,ADSE,ADSK,ADT,AEBI,AEM,AEYE,AFCG,AFRM,AG,AGI,AGL,AGM,AGO,AGPU,AGYS,AHRT,AI,AIRO,AJG,AKAM,AKO-B,ALC,ALGN,ALH,ALKT,ALLT,ALMU,ALOT,ALOY,ALRM,ALVO,AMAL,AMBQ,AMG,AMN,AMP,AMPG","AAL,AAMI,AAOI,AAON,ABSI,ACMR,ADTN,AEHR,AEIS,AENT,AFYA,AGBK,AGX,AIP,AIR,ALAB,ALG,ALNT,ALTG,AMAT,AMD,AMKR,QQQ"
2026-04-23 19:45:00+00:00,L0715,L0718,maturity,expansion,0.791859766057868,0.818995533353456,0,,28,AAL-AEXA;AAL-AMBA;AAMI-AGCC;AAOI-ALGM;ABCL-AEHR;ACMR-AEXA;ACMR-AMBA;ADI-AENT;AEHR-ALGM;AEIS-AMBA;AENT-ALGM;AER-AES;AER-AM;AEXA-AMAT;AEXA-AMD;AEXA-AMKR;AEXA-QQQ;AGCC-AMD;AGCC-AMKR;AGCC-QQQ;AIP-ALGM;ALAB-AMBA;ALCO-ALGM;ALGM-AMD;ALGM-AMKR;ALGM-QQQ;AMAT-AMBA;AMBA-QQQ,0.00542443199083209,3.3858279818443484,0.024277456647398842,1.3333552037815941,"AAP,ABBV,ABCL,ABEO,ABVX,ACDC,ADAG,ADI,ADM,ADMA,ADUR,AEC,AEE,AEP,AES,AESI,AEXA,AFJK,AFRI,AGCC,AGRO,AIZ,ALGM,ALMS,ALNY,ALTO,AM,AMBA","AAL,AAMI,AAOI,AAON,ABSI,ACMR,ADTN,AEHR,AEIS,AENT,AER,AFYA,AGBK,AGX,AIP,AIR,ALAB,ALCO,ALG,ALK,ALNT,ALSN,ALTG,AMAT,AMD,AMKR,QQQ"
2026-04-23 19:45:00+00:00,L0715,L0719,maturity,maturity,0.791859766057868,0.6634931057496637,0,,25,AAP-AGIO;AAP-ALHC;ABEO-AGIO;ABG-AGRO;ABG-ALNY;ACDC-ALMR;ACNT-ADI;ACTG-ADM;ADAG-ALHC;ADI-AEG;ADI-ALHC;ADI-ALLY;ADI-AMLX;ADMA-ALHC;ADMA-AMPH;ADNT-AESI;ADUR-AGIO;AEC-AKTS;AEE-AGIO;AEP-AIT;AFRI-AGNC;AGIO-ALNY;AGNC-AMBA;ALMR-ALMS;AMBA-AMBQ,0.0044477093033492565,3.275058442364145,0.007272727272727273,1.2564613812242047,"AAP,ABBV,ABCL,ABEO,ABVX,ACDC,ADAG,ADI,ADM,ADMA,ADUR,AEC,AEE,AEP,AES,AESI,AEXA,AFJK,AFRI,AGCC,AGRO,AIZ,ALGM,ALMS,ALNY,ALTO,AM,AMBA","ABG,ACNT,ACTG,ADNT,AEG,AEO,AFBI,AGEN,AGIO,AGNC,AHCO,AII,AIT,AKTS,ALGT,ALH,ALHC,ALLY,ALMR,ALV,AMBQ,AMCR,AMLX,AMPH"
2026-04-24 14:00:00+00:00,L0705,L0722,expansion,expansion,0.7094931013594802,0.6401118874644394,1,AIRS,27,AA-ABNB;AA-AIRS;AAP-AIR;AAPL-ADV;AAPL-ALG;AARD-ACTG;ABEO-ALG;ABEV-ALG;ABNB-ADV;ABNB-ALG;ACAD-ADV;ACAD-ALB;ACAD-ALG;ACCO-ACDC;ACEL-ALG;ACNB-AGM;ACNB-AIRG;ADAG-AEC;ADV-ALVO;ADV-AMN;AEC-ALOY;AEYE-AIRS;AEYE-ALX;AGIO-ALG;AIOT-AIRS;AIRS-ALB;AIRS-AMPG,0.0040421937010250986,3.414581393850193,0.016783216783216783,1.2610443276272068,"AAP,AAPL,ABBV,ABEO,ABEV,ABNB,ABT,ABUS,ACAD,ACDC,ACEL,ACET,ACGL,ACI,ACIC,ACNB,ACRE,ACTG,ACU,AD,ADAG,ADC,ADM,ADUR,AEE,AEP,AFBI,AFCG,AFG,AFJK,AFL,AGEN,AGIO,AGMB,AGO,AGRO,AHCO,AHRT,AIG,AII,AIN,AIRS,AIZ,AJG,ALKS,ALL,ALNY,ALOT,ALOY,ALRS,ALTO,ALVO,ALX,AM,AMCI,AMCX,AMGN,AMH,AMN","AA,AAMI,AARD,ABAT,ABM,ABVX,ACA,ACCO,ACHC,ACHV,ACOG,ACRS,ADEA,ADI,ADTN,ADV,AEBI,AEC,AEM,AENT,AEYE,AFYA,AG,AGBK,AGI,AGM,AHR,AIOT,AIR,AIRG,AIRJ,AIRO,AKTS,ALB,ALCO,ALG,ALGN,ALM,ALMS,ALNT,ALSN,AMAL,AMPG"
2026-04-24 14:15:00+00:00,L0724,L0705,maturity,maturity,0.5580778733997787,0.7894729267467043,0,,1,AEYE-AIV,0.0027861344860866666,0.823567121401153,0.018947368421052633,0.612999125657391,"AAL,AAOI,AAON,AAPG,ABCL,ACB,ACHR,ACLS,ACMR,ADTN,ADUS,AEBI,AEHR,AEIS,AERO,AEVA,AEXA,AEYE,AFJK,AGCC,AI,AIP,AIRG,ALAB,ALAR,ALCO,ALGM,ALGT,ALK,ALM,ALMR,ALMU,AMAT,AMBA,AMBP,AMBQ,AMD,AMKR,AMP,QQQ","AAP,AAPL,ABBV,ABEO,ABEV,ABG,ABNB,ABT,ABUS,ACAD,ACDC,ACEL,ACET,ACGL,ACI,ACIC,ACNB,ACRE,ACTG,ACU,AD,ADAG,ADC,ADM,ADP,ADSE,ADUR,ADV,AEE,AEP,AESI,AFBI,AFCG,AFG,AFL,AGEN,AGIO,AGO,AGRO,AHCO,AHRT,AIG,AII,AIV,AIZ,AJG,ALHC,ALKS,ALL,ALNY,ALOT,ALOY,ALRS,ALTO,ALVO,ALX,AM,AMCI,AMCX,AMGN,AMH,AMN"
2026-04-24 14:30:00+00:00,L0723,L0724,decay,maturity,0.5061889190681554,0.27265649461042984,5,A;ADNT;ALCO;ALV;AMG,19,A-AAL;A-AGCC;A-ALMR;ABCL-ALTG;ABR-ALMU;ACCO-AEYE;ACHR-AG;ACIW-AI;ADBE-AEXA;ADBE-AIOT;ADPT-AEHR;AEBI-AEIS;AEBI-ALAB;AEBI-QQQ;AEM-AMBP;AEXA-AKO-B;ALAB-ALRM;ALAB-ALV;ALGM-ALV,-0.0002924682921729982,3.4011973816621555,0.030252100840336135,1.0884907846451648,"A,AA,AAUC,ABR,ABX,ACCO,ACIW,ADBE,ADMA,ADNT,ADPT,ADSK,AEBI,AEG,AEM,AES,AESI,AFRM,AG,AGI,AIRS,AIV,AKO-B,AKR,ALCO,ALLT,ALM,ALRM,ALTG,ALV,AMG,AMPH","AAL,AAOI,AAON,AAPG,ABCL,ACB,ACHR,ACLS,ACMR,ACNT,ACT,ADUS,AEHR,AEIS,AERO,AEVA,AEXA,AEYE,AFJK,AFRI,AGCC,AGNC,AGYS,AI,AIOT,AIP,AIRG,ALAB,ALAR,ALGM,ALGT,ALK,ALMR,ALMU,AMAT,AMBA,AMBP,AMBQ,AMD,AMKR,AMP,QQQ"
2026-04-24 14:45:00+00:00,L0722,L0724,decay,maturity,0.7481456377426022,0.8039900780124732,0,,5,ACLS-AIRJ;ADTN-AENT;AEC-AMKR;AEHR-AIRJ;AKTS-AMBQ,0.003760021412745118,1.8525412773213756,0.03202247191011236,0.9335794048433833,"AARD,ABAT,ABCB,ABG,ABM,ABVX,ACA,ACHC,ACHR,ACHV,ACOG,ACRS,AEC,AENT,AGCO,AGM,AHR,AIR,AIRJ,AIRO,AKO-B,AKTS,ALB,ALGN,ALMS,ALSN,AMAL,AME","A,AAL,AAOI,AAON,AAPG,ABCL,ACB,ACLS,ACMR,ADNT,ADTN,ADUS,AEHR,AEIS,AER,AERO,AEVA,AEXA,AFRI,AGCC,AGNC,AGYS,AI,AIP,ALAB,ALAR,ALCO,ALGM,ALGT,ALK,ALMR,ALMU,ALV,AMAT,AMBA,AMBP,AMBQ,AMD,AMG,AMKR,AMP,QQQ"
2026-04-24 15:00:00+00:00,L0705,L0727,decay,confirmation,0.22643221598970895,0.2783332554561926,0,,2,ABEV-ADI;ACIW-AII,-0.0002858673324226402,1.0986122886681098,0.018181818181818184,0.42880998632807066,"AAP,ABEO,ABEV,ABNB,ABUS,ACAD,ACDC,ACEL,ACET,ADSE,AFCG,AGEN,AGIO,AHCO,AII,AJG,ALG,ALNY,ALOT,ALOY,ALTO,AMCX,AMN","A,AA,ABR,ACCO,ACIW,ACNT,ADBE,ADEA,ADI,ADPT,ADSK,AEBI,AEG,AEM,AFRM,AFYA,AG,AGI,AGX,AIOT,AIRS,AKR,ALCO,ALLT,ALM,ALNT,ALRM,ALTG,ALV,AMG,AMPG,AMPH"
2026-04-24 15:15:00+00:00,L0727,L0728,expansion,confirmation,0.7307484815987451,0.7885616155252841,0,,10,AAT-ADAM;AAUC-AEE;AAUC-AEP;ABEO-AIRS;ABEO-ALNT;ACR-ADI;ADAM-AMH;ADSE-AIRS;ADV-AFJK;AGEN-ALLT,0.00030456399554168456,2.4006602104287813,0.017857142857142856,1.0586366531729756,"A,AA,AAUC,ABCL,ABR,ABX,ACCO,ACIW,ACNT,ACT,ADAM,ADBE,ADEA,ADI,ADMA,ADPT,ADSK,AEBI,AEM,AES,AEYE,AFJK,AFRM,AFYA,AG,AGI,AGX,AI,AIOT,AIRG,AIRS,ALCO,ALLT,ALM,ALNT,ALRM,ALTG,ALV,AMG,AMPG","AAP,AAPL,AAT,ABBV,ABEO,ABEV,ABNB,ABUS,ACAD,ACDC,ACEL,ACET,ACGL,ACI,ACIC,ACNB,ACR,ACRE,ACU,ADAG,ADC,ADM,ADSE,ADUR,ADV,AEE,AEP,AESI,AFCG,AFG,AFL,AGEN,AGIO,AGO,AGRO,AHCO,AHRT,AIG,AII,AIN,AIV,AIZ,AJG,ALG,ALKS,ALL,ALNY,ALOT,ALOY,ALRS,ALTO,ALVO,ALX,AM,AMCI,AMCX,AMGN,AMH,AMN"
2026-04-24 15:45:00+00:00,L0730,L0724,confirmation,maturity,1.0194121538665175,0.5858454471513572,1,ABCL,15,AAOI-ABCL;AAOI-ALV;AAON-ALM;ABCL-ACHR;ABCL-ALK;ACB-ADBE;ADPT-AEHR;AEG-ALK;AG-AGX;AGYS-AIRG;AI-ALLT;AI-ALM;ALK-ALV;ALMU-ALTG;ALV-AMKR,0.005172667326405644,2.918703633695711,0.030508474576271188,1.2158294599157309,"A,AA,ABCL,ABG,ABR,ABSI,ABT,ACIW,ACM,ACN,ACTG,ACVA,ADBE,ADI,ADP,ADPT,ADSK,ADT,AEG,AEM,AEO,AESI,AFRM,AG,AGI,AGL,AGPU,AIOT,AIRG,AKAM,AKR,ALC,ALCO,ALH,ALHC,ALKT,ALLT,ALLY,ALM,ALRM,ALTG,ALV,AMCR,AMG,AMLX,AMPH","AAL,AAOI,AAON,AAPG,ACB,ACHR,ACLS,ACMR,ACNT,ADUS,AEC,AEHR,AEIS,AERO,AEVA,AEXA,AEYE,AFRI,AGCC,AGNC,AGX,AGYS,AI,AIP,ALAB,ALAR,ALGM,ALGT,ALK,ALMR,ALMU,AMAT,AMBA,AMBP,AMBQ,AMD,AMKR,AMP,QQQ"
2026-04-24 15:45:00+00:00,L0730,L0731,confirmation,confirmation,1.0194121538665175,0.39624303176292475,5,ABSI;ACTG;AESI;AGPU;ALH,12,AAT-AESI;AAT-ALC;ABG-ACR;ABSI-AJG;ABT-AFG;ABX-ADBE;ACM-ADAG;ACTG-AFL;ACVA-ADC;ADM-ADP;ADMA-ALHC;AFL-AGPU,0.0007466789684258401,3.1387353879491626,0.014814814814814814,1.2116026248983454,"A,AA,ABCL,ABG,ABR,ABSI,ABT,ACIW,ACM,ACN,ACTG,ACVA,ADBE,ADI,ADP,ADPT,ADSK,ADT,AEG,AEM,AEO,AESI,AFRM,AG,AGI,AGL,AGPU,AIOT,AIRG,AKAM,AKR,ALC,ALCO,ALH,ALHC,ALKT,ALLT,ALLY,ALM,ALRM,ALTG,ALV,AMCR,AMG,AMLX,AMPH","AAPL,AAT,AAUC,ABBV,ABX,ACGL,ACI,ACNB,ACR,ACRE,ACU,ADAG,ADAM,ADC,ADM,ADMA,AEE,AEP,AES,AFG,AFL,AGO,AGRO,AIG,AIN,AIV,AIZ,AJG,ALL,ALX,AM,AMGN,AMH"
2026-04-24 16:30:00+00:00,L0722,L0728,maturity,maturity,0.6950722006510457,0.7294350429191714,0,,4,ABEO-ALSN;ABVX-ACAD;ABVX-ACET;AIRS-AMPG,0.0016722460713936016,1.642335717905341,0.007194244604316547,0.8390152392380479,"AAMI,AARD,ABAT,ABCB,ABG,ABM,ABVX,ACA,ACHC,ACHV,ACOG,ACRS,ACTG,ADEA,ADNT,ADTN,AEBI,AEC,AENT,AFYA,AGBK,AGM,AHR,AIR,AIRJ,AIRO,AKO-B,AKTS,ALB,ALGN,ALMS,ALNT,ALSN,AMPG","AAP,ABEO,ABEV,ABNB,ABUS,ACAD,ACDC,ACEL,ACET,AD,ADSE,ADUR,AFCG,AFJK,AGEN,AGIO,AHCO,AII,AIRS,ALG,ALKS,ALNY,ALOT,ALOY,ALTO,AMCI,AMCX,AMN"
2026-04-24 16:45:00+00:00,L0722,L0724,maturity,maturity,0.6697412939618508,0.8268866217329865,0,,13,ABAT-ABCL;ABM-AFRI;ACHC-AMP;ACHR-ACOG;ACHR-AIRO;ACHV-AEXA;ADTN-AMBA;AEHR-AGX;AEHR-AIRJ;AFRI-AIRJ;AFRI-AMPH;AFYA-AMBQ;AGX-ALGT,0.0016490003908984363,2.6507670763631106,0.030508474576271188,1.1162564149856695,"AARD,ABAT,ABCB,ABG,ABM,ABVX,ACA,ACHC,ACHV,ACOG,ACRS,ACTG,ADNT,ADTN,AEC,AENT,AFYA,AGBK,AGM,AGX,AHR,AIR,AIRJ,AIRO,AKO-B,AKTS,ALB,ALGN,ALMS,ALSN,AMAL,AME,AMPH","A,AAL,AAOI,AAON,AAPG,ABCL,ACB,ACHR,ACLS,ACMR,ACNT,ADUS,AEHR,AEIS,AERO,AEVA,AEXA,AFRI,AGCC,AGNC,AGYS,AI,AIP,ALAB,ALAR,ALGM,ALGT,ALK,ALMR,ALMU,ALV,AMAT,AMBA,AMBP,AMBQ,AMD,AMKR,AMP,QQQ"
2026-04-24 16:45:00+00:00,L0722,L0728,maturity,maturity,0.6697412939618508,0.10334954686539238,1,ACRS,11,AAP-ALSN;ABAT-ADSE;ABEO-AGBK;ABEO-ALMS;ACAD-ALGN;ACAD-ALMS;ACEL-ACRS;ACET-ALMS;ACRS-AMCX;AFCG-AIRJ;AFCG-ALSN,0.001196543438709341,2.6475677518696323,0.007246376811594203,0.8949061467373202,"AARD,ABAT,ABCB,ABG,ABM,ABVX,ACA,ACHC,ACHV,ACOG,ACRS,ACTG,ADNT,ADTN,AEC,AENT,AFYA,AGBK,AGM,AGX,AHR,AIR,AIRJ,AIRO,AKO-B,AKTS,ALB,ALGN,ALMS,ALSN,AMAL,AME,AMPH","AAP,ABEO,ABEV,ABNB,ABUS,ACAD,ACDC,ACEL,ACET,ADSE,ADUR,AFCG,AFJK,AGEN,AGIO,AHCO,AII,AIRS,ALG,ALKS,ALNY,ALOT,ALOY,ALTO,AMCI,AMCX,AMN"
2026-04-24 17:00:00+00:00,L0730,L0728,expansion,expansion,1.5044175888627418,0.27619932636115513,11,ACT;AD;ADI;AER;AEYE;AGCO;AGL;AGMB;AIRG;AIT;ALLE,19,ABEO-AGL;ABUS-AGCO;ACN-AESI;ACRS-AEO;ACRS-AIRG;ACVA-AESI;ADP-AEO;ADSE-AIRS;ADUR-AMLX;ADV-AKR;ADV-AMPH;AESI-ALC;AFCG-ALLY;AGEN-ALC;AGEN-AMCR;AGL-ALNY;AIT-AMN;AKAM-AMN;ALHC-AMCR,0.003536003001499921,3.7460534304752184,0.006993006993006993,1.4717473832349248,"A,AA,ABR,ABT,ABX,ACCO,ACIW,ACM,ACN,ACOG,ACT,ACVA,AD,ADBE,ADEA,ADI,ADPT,ADSK,ADT,AEBI,AEG,AEM,AEO,AER,AEYE,AFRI,AFRM,AFYA,AG,AGCO,AGI,AGL,AGMB,AGX,AIOT,AIRG,AIRS,AIT,AKAM,AKR,ALC,ALCO,ALKT,ALLE,ALLT,ALLY,ALM,ALRM,ALTG,AMCR,AME,AMG,AMLX,AMPG,AMPH","AAP,ABEO,ABEV,ABNB,ABUS,ACAD,ACDC,ACEL,ACET,ACRS,ADP,ADSE,ADUR,ADV,AESI,AFCG,AFJK,AGEN,AGIO,AHCO,AHRT,AII,ALG,ALHC,ALKS,ALNY,ALOT,ALOY,ALTO,ALX,AMCX,AMN"
2026-04-24 17:30:00+00:00,L0730,L0724,expansion,maturity,1.2560705258327505,0.9593124198968959,2,ADEA;AI,12,AAOI-ADEA;ABCL-ABR;AD-AERO;AEBI-AMG;AER-AGNC;AEXA-AI;AI-ALGM;AI-ALMU;AIOT-ALGM;ALGM-ALRM;ALM-ALMU;ALMR-ALRM,0.001104040920836269,2.8396867049299304,0.030422535211267605,1.3790999402330666,"AA,ABR,ABT,ABX,ACCO,ACIW,ACM,ACNB,ACT,ACVA,AD,ADBE,ADEA,ADI,ADPT,ADSK,ADT,AEG,AEM,AEO,AER,AFBI,AFRM,AG,AGI,AGL,AGMB,AI,AIOT,AIRG,AIT,AKAM,ALC,ALCO,ALH,ALHC,ALKT,ALLE,ALLT,ALLY,ALM,ALRM,AMCR,AMG,AMLX","AAL,AAOI,AAON,AAPG,ABCL,ACB,ACHR,ACLS,ACMR,ACNT,ADUS,AEBI,AEC,AEHR,AEIS,AERO,AEVA,AEXA,AFRI,AFYA,AGCC,AGNC,AGX,AGYS,AIP,ALAB,ALAR,ALGM,ALGT,ALK,ALMR,ALMU,AMAT,AMBA,AMBP,AMBQ,AMD,AMKR,AMP,QQQ"
2026-04-24 17:45:00+00:00,L0728,L0724,expansion,maturity,0.4829555350770718,0.623304412763991,0,,2,ACET-AEYE;AFRI-AMCI,0.000982656711130403,1.130842494003162,0.031843575418994415,0.6193651441659584,"AAP,ABEO,ABEV,ABNB,ABUS,ACAD,ACDC,ACEL,ACET,ACIC,ACRS,AD,ADI,ADSE,ADUR,ADV,AFBI,AFCG,AGEN,AGIO,AGL,AGMB,AGRO,AHCO,AHRT,AIT,ALG,ALKS,ALLE,ALNY,ALOT,ALOY,ALRS,ALTO,ALVO,ALX,AMCI,AMCX,AMN","AAL,AAOI,AAON,AAPG,ABCL,ACB,ACHR,ACLS,ACMR,ACNT,ACOG,ADEA,ADUS,AEBI,AEC,AEHR,AEIS,AERO,AEVA,AEXA,AEYE,AFRI,AFYA,AGCC,AGNC,AGX,AGYS,AI,AIP,ALAB,ALAR,ALGM,ALGT,ALK,ALMR,ALMU,AMAT,AMBA,AMBP,AMBQ,AMD,AMKR,AMP,QQQ"
2026-04-24 18:00:00+00:00,L0728,L0731,maturity,expansion,0.9738611869640423,1.269715134284017,6,ADUR;ADV;AFBI;AHRT;ALTO;ALX,37,AAP-AAPL;AAPL-AGIO;ABBV-ADV;ABBV-AFCG;ABEV-ACGL;ABEV-ALL;ABNB-ACGL;ABNB-ADP;ABNB-AMCR;ABT-AD;ABT-AMCI;ABUS-ACGL;ABUS-ACM;ABUS-AEO;ABUS-AMCR;ACIC-ALX;ACM-AFBI;ACM-AGL;ACNB-AHRT;ACVA-AMCI;ADAG-AFBI;ADAG-AGRO;ADAM-ALX;ADSE-AEO;ADSE-AMCR;ADUR-ALLY;AEO-AGIO;AESI-AHRT;AFG-ALX;AGIO-AII;AGIO-ALC;AHRT-AIN;AHRT-ALL;AII-ALX;ALHC-AMCX;ALL-ALX;ALLY-ALNY,0.0009212142176693305,3.9138637386740727,0.018149466192170817,1.6542612509717614,"AAP,ABEO,ABEV,ABNB,ABUS,ABVX,ACAD,ACDC,ACEL,ACET,ACRS,AD,ADI,ADSE,ADUR,ADV,AER,AFBI,AFCG,AGCO,AGEN,AGIO,AGL,AGMB,AGRO,AHCO,AHRT,AIT,ALG,ALKS,ALLE,ALMS,ALNY,ALOT,ALOY,ALTO,ALX,AMCI,AMCX","AAPL,AAT,AAUC,ABBV,ABSI,ABT,ACGL,ACI,ACIC,ACM,ACN,ACNB,ACR,ACRE,ACTG,ACU,ACVA,ADAG,ADAM,ADC,ADM,ADMA,ADP,AEE,AEO,AEP,AES,AESI,AFG,AFJK,AFL,AFRM,AGO,AGPU,AIG,AII,AIN,AIV,AIZ,AJG,ALC,ALH,ALHC,ALKT,ALL,ALLY,ALRS,AM,AMCR,AMGN,AMH,AMLX,AMN"
2026-04-24 19:30:00+00:00,L0728,L0731,expansion,maturity,1.1315448280498517,0.5519521185627788,4,ACDC;ADP;AGPU;ALTO,65,AAPL-ABNB;AAPL-ABUS;AAPL-ACEL;AAPL-AGRO;AAPL-ALC;AAPL-AMCI;AAT-AHCO;ABBV-AFRM;ABG-AFL;ABG-AMH;ABNB-AFG;ABNB-AMN;ABSI-AMGN;ABT-ACNB;ABT-ACVA;ABT-AIN;ABT-AMGN;ABUS-ACR;ABUS-ALRS;ACAD-ACI;ACDC-AFL;ACDC-ALL;ACEL-AFJK;ACEL-ALL;ACGL-AGPU;ACGL-AHCO;ACI-AII;ACI-ALTO;ACI-AMCI;ACI-AMCR;ACIC-AHCO;ACM-AIZ;ACNB-AGMB;ACNB-ALLE;ACR-ADSE;ACR-ALNY;ACU-ALNY;ACVA-AGMB;ACVA-AHCO;ADAG-AFBI;ADC-AGEN;ADP-AFG;ADUR-AGO;ADUR-AMGN;AEO-AMN;AEP-AGPU;AESI-AGPU;AESI-ALKS;AFG-AII;AFG-ALC;AFG-ALKS;AFG-AMCR;AFG-AMLX;AFL-AGMB;AFL-AGPU;AFRM-ALKT;AGL-AMGN;AGMB-AMGN;AGPU-AMGN;AGPU-AMH;AHCO-AMGN;AIV-AMGN;ALC-ALKT;ALKS-AMGN;ALOT-AMGN,0.000991729844827205,4.305404371436556,0.014201183431952662,1.583530354357721,"AAP,AAUC,ABEO,ABEV,ABG,ABNB,ABSI,ABT,ABUS,ACAD,ACDC,ACEL,ACET,ACM,ACN,ACRS,AD,ADI,ADP,ADSE,ADUR,AEO,AFBI,AFCG,AFRM,AGCO,AGEN,AGIO,AGL,AGMB,AGPU,AGRO,AHCO,AII,AIT,AIV,ALC,ALG,ALHC,ALKS,ALLE,ALMS,ALNY,ALOT,ALOY,ALTO,AMCI,AMCR,AMCX,AMLX","AAPL,AAT,ABBV,ACGL,ACI,ACIC,ACNB,ACR,ACRE,ACTG,ACU,ACVA,ADAG,ADAM,ADC,ADM,ADV,AEE,AEP,AES,AESI,AFG,AFJK,AFL,AGO,AHRT,AIG,AIN,AIZ,AJG,ALH,ALKT,ALL,ALLY,ALRS,ALVO,AM,AMGN,AMH,AMN"
2026-04-24 19:45:00+00:00,L0722,L0724,expansion,maturity,0.24173374132600742,0.3551687091416144,0,,165,AA-AGNC;AAL-ACA;AAL-AKAM;AAMI-AGCC;AAOI-ABVX;AAOI-ACA;AAOI-ACOG;AAOI-ADBE;AAOI-ADTN;AAOI-AG;AAOI-AGI;AAOI-AIRJ;AAOI-ALM;AAON-ACA;AAON-ACHC;AAON-AHR;AAON-AIR;AAON-AIRO;AAON-AIRS;AAON-AKO-B;AAON-ALB;AAON-ALGN;AAON-ALSN;AAON-AME;AAPG-ABVX;AAPG-AIRJ;AARD-ADUS;ABAT-ABCL;ABAT-ACB;ABAT-ADUS;ABAT-AEC;ABAT-ALAR;ABG-AI;ABM-ADUS;ABM-AEBI;ABVX-ACMR;ABVX-AEHR;ABVX-AGCC;ABVX-ALAB;ABVX-ALGM;ABVX-AMKR;ACA-AGX;ACA-ALAB;ACA-ALGM;ACA-AMAT;ACA-AMD;ACA-AMKR;ACB-ACHV;ACB-ACN;ACB-ADSK;ACB-AEG;ACHC-ALK;ACHC-AMKR;ACHR-ACHV;ACHR-ACRS;ACHR-AIRO;ACHR-ALMS;ACHR-AMAL;ACHV-ADUS;ACHV-AEXA;ACHV-AI;ACHV-AMP;ACLS-ACOG;ACLS-AGM;ACLS-AIRJ;ACMR-ACOG;ACMR-AIRJ;ACMR-AME;ACN-ADUS;ACN-AI;ACNT-AEIS;ACNT-AMAT;ACNT-QQQ;ACOG-ALAB;ACOG-ALGM;ACRS-ADUS;ACRS-AI;ACT-AMBA;ADBE-AEIS;ADBE-ALAB;ADBE-ALGM;ADBE-AMBA;ADBE-AMBQ;ADEA-AEIS;ADEA-AMAT;ADEA-AMKR;ADEA-QQQ;ADTN-ALGM;ADTN-AMD;ADUS-AENT;ADUS-AFYA;ADUS-AIOT;ADUS-AIR;ADUS-AMAL;AEC-AKTS;AEC-ALMS;AEG-AGNC;AEHR-AEM;AEHR-AG;AEHR-AGI;AEHR-AIRJ;AEHR-ALM;AEIS-AG;AEIS-AIRS;AEIS-AKAM;AEIS-AMPG;AEM-ALAB;AEM-ALGM;AEM-ALMU;AEM-AMBA;AENT-ALGT;AERO-ALSN;AEVA-AIRJ;AEVA-AKAM;AEVA-ALM;AEVA-AME;AEXA-AFYA;AEXA-AIRO;AEXA-ALB;AEXA-ALGN;AEXA-AMAL;AFYA-AI;AFYA-AMP;AG-ALAB;AG-ALMR;AG-AMAT;AG-AMBA;AG-AMD;AG-QQQ;AGCC-AIRO;AGI-ALAB;AGI-ALGM;AGI-AMAT;AGI-AMBA;AGM-ALMR;AGM-AMKR;AGYS-ALLT;AI-AIR;AI-AKTS;AI-ALMS;AI-ALTG;AI-AMAL;AIP-AKAM;AIR-ALAR;AIRJ-ALGM;AIRJ-AMAT;AIRJ-AMD;AIRJ-AMKR;AIRS-ALMU;AIRS-AMBA;AKAM-ALK;AKAM-AMAT;AKAM-AMBA;ALAB-ALM;ALAR-ALMS;ALGT-AMAL;ALK-AME;ALM-AMAT;ALM-AMBA;ALM-AMBQ;ALMU-AME;AMAL-AMP;AMAT-AMPG;AME-AMKR;AMPG-QQQ,-0.0003321847761981189,5.111987788356544,0.030508474576271188,1.4616439534158632,"A,AA,AAMI,AARD,ABAT,ABCB,ABG,ABM,ABVX,ABX,ACA,ACCO,ACHC,ACHV,ACN,ACNT,ACOG,ACRS,ACT,ADBE,ADEA,ADNT,ADPT,ADSK,ADTN,AEG,AEM,AENT,AFYA,AG,AGBK,AGI,AGM,AHR,AIOT,AIR,AIRG,AIRJ,AIRO,AIRS,AKAM,AKO-B,AKTS,ALB,ALCO,ALGN,ALKT,ALLT,ALM,ALMS,ALNT,ALRM,ALSN,ALTG,ALV,AMAL,AMBP,AME,AMG,AMPG","AAL,AAOI,AAON,AAPG,ABCL,ACB,ACHR,ACLS,ACMR,ADUS,AEBI,AEC,AEHR,AEIS,AERO,AEVA,AEXA,AEYE,AFRI,AGCC,AGNC,AGX,AGYS,AI,AIP,ALAB,ALAR,ALGM,ALGT,ALK,ALMR,ALMU,AMAT,AMBA,AMBQ,AMD,AMKR,AMP,QQQ"
2026-04-27 13:45:00+00:00,L0739,L0738,confirmation,confirmation,1.1555975568286403,1.1662096012421626,1,AKAM,21,AAL-ADEA;AAL-ALM;AAON-ACA;AAON-AESI;ACA-ALSN;ACDC-ALV;ACNT-AJG;ACNT-AMKR;ADEA-ALK;ADEA-ALLT;ADMA-AESI;AEO-ALB;AEO-ALGN;AGBK-AJG;AGX-AIRS;AIP-AIRS;AIP-ALOY;AIRO-AMPG;ALK-AMPG;ALLT-AMPG;ALV-AMBA,0.01037528133019805,3.2203758246266445,0.032478632478632474,1.5065078984496967,"AA,AAL,AAON,AAP,ABNB,ACCO,ACN,ACNT,ADBE,ADMA,ADNT,ADP,ADPT,ADSE,ADSK,AERO,AEXA,AEYE,AFYA,AGBK,AGL,AHR,AIOT,AIRO,AIRS,AIT,AKAM,ALAR,ALB,ALGN,ALK,ALKT,ALLT,ALMU,ALNT,ALOY,ALRM,ALSN,ALV,ALX,AMCI","AAOI,AAPG,AAPL,ABVX,ACA,ACDC,ACLS,ACMR,ACOG,ACR,ADEA,ADI,ADTN,AEHR,AEIS,AEM,AEO,AESI,AEVA,AG,AGI,AGPU,AGX,AIP,AIRJ,AJG,ALAB,ALGM,ALM,ALMR,AMAT,AMBA,AMBQ,AMD,AMKR,AMPG,QQQ"
2026-04-27 14:15:00+00:00,L0741,L0742,expansion,confirmation,0.677681591235302,0.96439166264913,0,,10,AAL-ACHR;AAP-AARD;AARD-ALHC;ACHR-AIRO;ACHR-ALGT;ADPT-ADSK;ADPT-ALB;ADV-AGCO;AERO-AGNC;ALTG-AMLX,0.01185753638856113,2.5002675348860244,0.008801955990220049,1.1190091532853688,"A,AA,AAMI,AAP,ABAT,ABCB,ABCL,ABEO,ABUS,ACCO,ACET,ACHR,ACI,ACRE,ACTG,AD,ADM,ADPT,ADSE,ADUR,AEBI,AEC,AEE,AEG,AENT,AEP,AFCG,AFRI,AFYA,AGCO,AGIO,AGMB,AGNC,AHCO,AIR,AIT,AIV,AKTS,ALCO,ALHC,ALLE,ALLT,ALNT,ALOT,ALTO,ALV,ALVO,AM,AMBP,AMCR,AMG,AMGN,AMLX,AMN,AMPH","AAL,AARD,ABNB,ADBE,ADMA,ADSK,ADV,AERO,AEYE,AFRM,AGL,AGYS,AIRO,AKAM,AKO-B,ALAR,ALB,ALGT,ALK,ALKT,ALMU,ALOY,ALTG,AMCI"
2026-04-27 14:45:00+00:00,L0740,L0744,decay,confirmation,0.38821522864157576,0.7056851155045705,1,AAUC,24,AARD-AAUC;AAUC-ADBE;AAUC-ADC;AAUC-ALRM;AAUC-AMAL;ABBV-ABG;ABBV-ABUS;ABBV-AEBI;ABBV-ALG;ABEV-ALC;ABR-AMCX;ABSI-ACGL;ABT-ABX;ABX-ALG;ACI-AER;ACI-ALNY;ACI-ALRM;ACRE-AKR;AD-ALC;AD-AMAL;ADAG-ADNT;ADC-ALG;AGRO-ALKS;AI-ALOT,0.0009488721552770585,3.299345046452769,0.017183770883054894,1.1555839304894944,"AA,AAP,AAUC,ABEV,ABG,ABR,ABSI,ABT,ABUS,ACCO,ACI,ACRE,AD,ADAM,ADM,ADNT,AEBI,AEE,AEP,AFBI,AFRI,AGNC,AHR,AIT,ALG,ALGT,ALKS,ALLE,ALLY,ALNT,ALOT,ALSN,AM,AMCR,AMGN,AMN,AMP,AMPH","AARD,AAT,ABBV,ABM,ABX,ACAD,ACB,ACGL,ACN,ACRS,ACVA,ADAG,ADBE,ADC,ADP,ADSK,ADUS,AER,AES,AEYE,AFRM,AGL,AGO,AGRO,AGYS,AHRT,AI,AIV,AKR,ALB,ALC,ALH,ALKT,ALMS,ALNY,ALRM,ALTG,AMAL,AMCX,AMH"
2026-04-27 14:45:00+00:00,L0745,L0738,confirmation,maturity,0.5195614781669483,0.273317268447629,3,AAL;ADEA;AMPG,9,ABNB-AKO-B;ACHC-QQQ;ADEA-AEVA;ADEA-AIP;ADEA-ALGM;ADMA-AGX;ADV-AIRJ;AGCC-AMAT;ALGM-ALMU,0.009158246568404138,2.8282495540351444,0.03409090909090909,0.9500396488567957,"AAL,ABNB,ACHC,ADEA,ADMA,ADV,AERO,AGCC,AIRO,AIRS,ALAR,ALGN,ALK,ALMU,ALOY,AMCI,AMPG","AAOI,AAON,AAPG,AAPL,ABVX,ACA,ACDC,ACLS,ACMR,ACNT,ACOG,ACR,ADI,ADTN,AEHR,AEIS,AEM,AEO,AESI,AEVA,AG,AGI,AGPU,AGX,AIP,AIRJ,AKAM,AKO-B,ALAB,ALGM,ALM,ALMR,AMAT,AMBA,AMBQ,AMD,AME,AMKR,QQQ"
2026-04-27 14:45:00+00:00,L0745,L0744,confirmation,confirmation,0.5195614781669483,0.7056851155045705,0,,4,ABBV-ALAR;ACB-AIRO;ADC-ALAR;AEYE-AGCC,0.011307947163004428,1.8133243853135175,0.017183770883054894,0.8234826400622932,"AAL,ABNB,ACHC,ADEA,ADMA,ADV,AERO,AGCC,AIRO,AIRS,ALAR,ALGN,ALK,ALMU,ALOY,AMCI,AMPG","AARD,AAT,ABBV,ABM,ABX,ACAD,ACB,ACGL,ACN,ACRS,ACVA,ADAG,ADBE,ADC,ADP,ADSK,ADUS,AER,AES,AEYE,AFRM,AGL,AGO,AGRO,AGYS,AHRT,AI,AIV,AKR,ALB,ALC,ALH,ALKT,ALMS,ALNY,ALRM,ALTG,AMAL,AMCX,AMH"
2026-04-27 14:45:00+00:00,L0740,L0738,decay,maturity,0.38821522864157576,0.273317268447629,0,,3,AAUC-AKO-B;ACI-ACNT;ACNT-AHR,-0.0012008284393232316,1.3862943611198906,0.03409090909090909,0.5501469757703704,"AA,AAP,AAUC,ABEV,ABG,ABR,ABSI,ABT,ABUS,ACCO,ACI,ACRE,AD,ADAM,ADM,ADNT,AEBI,AEE,AEP,AFBI,AFRI,AGNC,AHR,AIT,ALG,ALGT,ALKS,ALLE,ALLY,ALNT,ALOT,ALSN,AM,AMCR,AMGN,AMN,AMP,AMPH","AAOI,AAON,AAPG,AAPL,ABVX,ACA,ACDC,ACLS,ACMR,ACNT,ACOG,ACR,ADI,ADTN,AEHR,AEIS,AEM,AEO,AESI,AEVA,AG,AGI,AGPU,AGX,AIP,AIRJ,AKAM,AKO-B,ALAB,ALGM,ALM,ALMR,AMAT,AMBA,AMBQ,AMD,AME,AMKR,QQQ"
2026-04-27 15:00:00+00:00,L0744,L0740,decay,expansion,0.6075603061961913,0.3305369691010364,0,,16,AAT-AI;ABR-ALRM;ABT-AKR;ABX-AER;ACB-ACHV;ADAG-ADBE;ADC-ALLE;ADC-ALNY;ADNT-AIV;AER-AMP;AGRO-AMAL;AGRO-AMP;AHRT-ALC;ALC-AMH;ALH-AMCX;ALNY-ALTG,0.00920146843418479,2.8859256019004027,0.013953488372093023,1.005003606320083,"AARD,AAUC,ABM,ACAD,ACB,ACGL,ACN,ACRS,ADBE,ADC,ADP,ADSK,AER,AES,AFJK,AGL,AGO,AGRO,AGYS,AHRT,AI,AIV,AKO-B,AKR,ALB,ALKT,ALRM,ALTG,AMCX,AMH","AA,AAP,AAT,ABBV,ABEV,ABG,ABR,ABT,ABUS,ABX,ACCO,ACHV,ACI,ACRE,AD,ADAG,ADAM,ADM,ADNT,ADUS,AEBI,AEE,AEP,AFBI,AFCG,AFRI,AGCC,AGCO,AGMB,AGNC,AIT,ALC,ALG,ALH,ALKS,ALLE,ALLY,ALMS,ALNT,ALNY,ALOT,ALSN,ALTO,AM,AMAL,AMBP,AMCR,AMGN,AMN,AMP,AMPH"
2026-04-27 15:00:00+00:00,L0744,L0745,decay,maturity,0.6075603061961913,0.8002105920085966,0,,4,ABM-ADV;ABNB-AGYS;ACGL-AMCI;ADMA-AI,0.006356387631967664,1.7291104974465863,0.005867970660146699,0.8554890894221049,"AARD,AAUC,ABM,ACAD,ACB,ACGL,ACN,ACRS,ADBE,ADC,ADP,ADSK,AER,AES,AFJK,AGL,AGO,AGRO,AGYS,AHRT,AI,AIV,AKO-B,AKR,ALB,ALKT,ALRM,ALTG,AMCX,AMH","ABNB,ACHC,ACU,ADMA,ADV,AERO,AEYE,AFRM,AIRO,AIRS,ALAR,ALGT,ALK,ALMU,ALOY,AMCI"
2026-04-27 15:00:00+00:00,L0745,L0740,maturity,expansion,0.40740321051882056,0.3305369691010364,1,ALGT,5,ABT-ACU;ABUS-ALGT;ACU-AFBI;ADAG-ALGT;ALGT-AMBP,0.002845080802217126,2.1143872743688497,0.013953488372093023,0.7520718957339835,"ABNB,ACHC,ACU,ADMA,ADV,AERO,AEYE,AFRM,AIRO,AIRS,ALAR,ALGT,ALK,ALMU,ALOY,AMCI","AA,AAP,AAT,ABBV,ABEV,ABG,ABR,ABT,ABUS,ABX,ACCO,ACHV,ACI,ACRE,AD,ADAG,ADAM,ADM,ADNT,ADUS,AEBI,AEE,AEP,AFBI,AFCG,AFRI,AGCC,AGCO,AGMB,AGNC,AIT,ALC,ALG,ALH,ALKS,ALLE,ALLY,ALMS,ALNT,ALNY,ALOT,ALSN,ALTO,AM,AMAL,AMBP,AMCR,AMGN,AMN,AMP,AMPH"
2026-04-27 15:15:00+00:00,L0740,L0744,maturity,expansion,0.39823418899234364,0.4952887147283613,10,AAT;ABEV;ABR;ABSI;ABT;ADUS;AFBI;ALC;ALKS;AMP,29,AAP-AGL;ABBV-ACAD;ABBV-ADC;ABCB-ACI;ABCL-ACHV;ABCL-AFCG;ABEV-AGRO;ABM-AGMB;ABSI-AER;ABSI-ALNY;ABT-ACN;ABX-ACI;ABX-AMP;ACB-ALOT;ACHV-AI;ACI-AGRO;AD-AMAL;ADAG-ADC;ADAG-AGL;ADAM-ADC;ADC-AMN;ADUS-AGRO;AI-AMP;AIV-AMN;ALB-ALTO;ALC-AMAL;ALLE-AMCX;ALRM-AMP;AMGN-AMH,0.0018442312139086425,3.9157046821591623,0.01714285714285714,1.2495544702274306,"AA,AAP,AAT,ABBV,ABEV,ABG,ABR,ABSI,ABT,ABUS,ACCO,ACHV,ACI,ACRE,AD,ADAG,ADAM,ADM,ADNT,ADUS,AEBI,AEC,AEE,AEP,AFBI,AFCG,AFRI,AGCC,AGCO,AGMB,AGNC,AHR,AIT,ALC,ALG,ALGT,ALKS,ALLE,ALLY,ALMS,ALNT,ALOT,ALSN,ALTO,AM,AMBP,AMCR,AMGN,AMN,AMP,AMPH","AARD,AAUC,ABCB,ABCL,ABM,ABNB,ABX,ACAD,ACB,ACGL,ACN,ACRS,ADBE,ADC,ADP,ADSK,AER,AES,AEYE,AFJK,AFRM,AGEN,AGL,AGO,AGRO,AGYS,AHRT,AI,AIRO,AIV,AKO-B,AKR,ALB,ALH,ALKT,ALNY,ALRM,AMAL,AMCI,AMCX,AMH"
2026-04-27 15:15:00+00:00,L0741,L0744,decay,expansion,0.7275044741668744,0.4952887147283613,4,A;ADPT;AIOT;ALTG,19,AAMI-AIRO;AAMI-AIV;ABAT-ACRS;ABAT-AFJK;ABCL-ADUR;ACAD-ADPT;ACAD-AIOT;ACHR-ACRS;ACN-ADPT;ADPT-AES;ADPT-AGEN;ADPT-AMAL;ADSE-ALNY;ADUR-AGEN;AEG-AMAL;AES-ALV;AFJK-ALLT;AGL-AIOT;AGRO-ALCO,0.0028945779777131975,3.3424892192680664,0.01714285714285714,1.205031690057016,"A,AAMI,ABAT,ABEO,ACET,ACHR,ACTG,ADPT,ADSE,ADUR,AEG,AENT,AFYA,AGIO,AIN,AIOT,AIR,AKTS,ALCO,ALHC,ALLT,ALTG,ALV,ALVO,AMLX","AARD,AAUC,ABCB,ABCL,ABM,ABNB,ABX,ACAD,ACB,ACGL,ACN,ACRS,ADBE,ADC,ADP,ADSK,AER,AES,AEYE,AFJK,AFRM,AGEN,AGL,AGO,AGRO,AGYS,AHRT,AI,AIRO,AIV,AKO-B,AKR,ALB,ALH,ALKT,ALNY,ALRM,AMAL,AMCI,AMCX,AMH"
2026-04-27 15:30:00+00:00,L0745,L0738,expansion,maturity,1.0715966789908513,0.6257128203967628,1,ALMU,11,AAL-AEIS;AAL-AG;AAL-ALMR;ACDC-ADV;ADEA-AEHR;ADI-AMCI;AG-ALMU;AGPU-ALMU;ALK-AMBA;ALOY-QQQ;AME-AMPG,0.00487702339887619,2.6733001750834466,0.032478632478632474,1.1823896884589409,"AAL,ABNB,ADEA,ADMA,ADSE,ADV,AERO,AEYE,AFRM,AGCC,AIRO,ALGN,ALGT,ALK,ALMU,ALOY,AMCI,AMPG","AAOI,AAON,AAPG,AAPL,ABVX,ACA,ACDC,ACLS,ACMR,ACOG,ACR,ADI,ADTN,AEHR,AEIS,AEM,AEO,AESI,AEVA,AG,AGI,AGPU,AGX,AIP,AIRJ,AIRS,ALAB,ALGM,ALM,ALMR,AMAT,AMBA,AMBQ,AMD,AME,AMKR,QQQ"
2026-04-27 15:30:00+00:00,L0731,L0738,expansion,maturity,0.1574111709987141,0.6257128203967628,0,,13,AAMI-ALMR;ACA-ACNT;ACA-AJG;ACHC-ADI;ACHC-AESI;ACIW-ADTN;ACNT-AMD;ACR-AGM;ACT-AEM;AFL-AIRS;AIG-AIRS;AJG-AMD;ALV-AME,0.003788591595366597,2.6657590139257135,0.032478632478632474,0.9062487457718663,"AAMI,AAUC,ACHC,ACIC,ACIW,ACM,ACNB,ACNT,ACT,ACU,ACVA,AD,ADT,AEG,AEXA,AFG,AFJK,AFL,AGBK,AGM,AIG,AII,AIN,AIRG,AIZ,AJG,AKO-B,ALL,ALRS,ALV,AMG","AAOI,AAON,AAPG,AAPL,ABVX,ACA,ACDC,ACLS,ACMR,ACOG,ACR,ADI,ADTN,AEHR,AEIS,AEM,AEO,AESI,AEVA,AG,AGI,AGPU,AGX,AIP,AIRJ,AIRS,ALAB,ALGM,ALM,ALMR,AMAT,AMBA,AMBQ,AMD,AME,AMKR,QQQ"
2026-04-27 15:45:00+00:00,L0738,L0731,maturity,expansion,0.48596777370792066,0.694387229116689,0,,10,AAMI-ACR;AAON-ACLS;AAON-AEIS;ACMR-AESI;ADI-AESI;AEO-AGM;AEO-AJG;AGPU-AIRS;AIRJ-AME;AJG-ALMU,0.003677146742120385,2.430777291448501,0.008664259927797834,0.9631004626986778,"AAOI,AAPG,AAPL,ABVX,ACA,ACDC,ACLS,ACMR,ACOG,ACR,ADI,ADTN,AEHR,AEIS,AEM,AEO,AEVA,AG,AGI,AGPU,AGX,AIP,AIRJ,ALAB,ALB,ALGM,ALM,ALMR,ALMU,AMAT,AMBA,AMBQ,AMD,AMKR,QQQ","AAMI,AAON,ACCO,ACEL,ACHC,ACIC,ACIW,ACM,ACNB,ACNT,ACT,ACU,ACVA,ADT,AEG,AESI,AEXA,AFG,AFL,AGBK,AGM,AHR,AIG,AII,AIN,AIRG,AIRS,AIT,AIZ,AJG,ALL,ALRS,ALSN,ALV,AME,AMG"
2026-04-27 16:00:00+00:00,L0731,L0744,decay,maturity,0.5636948678311955,0.47561779500241896,4,ADSE;ADT;AEG;ALGN,8,AAMI-ACAD;AAT-ADT;ABCB-ALGN;ACNB-ALX;ADPT-ADT;ADPT-AEG;ADSK-AII;ALTG-ALV,0.0009762225963640958,2.838939404696316,0.015456674473067915,1.0238471511951235,"AAMI,AAUC,ACEL,ACIC,ACIW,ACM,ACNB,ACNT,ACT,ACVA,ADSE,ADT,AEG,AEXA,AFG,AFJK,AFL,AGBK,AGM,AIG,AII,AIRS,AIZ,AJG,ALGN,ALL,ALRS,ALV,AME,AMG","AARD,AAT,ABCB,ABM,ABNB,ACAD,ACB,ACGL,ACN,ACRS,ADAG,ADBE,ADMA,ADP,ADPT,ADSK,ADUS,ADV,AER,AES,AEYE,AFRM,AGEN,AGL,AGO,AGRO,AGYS,AHRT,AI,AIOT,AIRG,AIRO,AIV,AKO-B,AKR,AKTS,ALB,ALKT,ALMS,ALNY,ALOY,ALRM,ALTG,ALX,AMAL,AMCX,AMH"
2026-04-27 16:15:00+00:00,L0744,L0738,maturity,maturity,0.449013193405824,0.3705595403462859,0,,5,ABNB-ACR;ABNB-AERO;ADSK-AKAM;ADV-AKAM;AGYS-AKAM,0.00027569441590458155,1.7963438518015922,0.03707865168539325,0.7005195808288399,"AARD,AAT,ABCB,ABM,ABNB,ACAD,ACB,ACGL,ACN,ACRS,ADAG,ADBE,ADMA,ADP,ADPT,ADSE,ADSK,ADT,ADUS,ADV,AEG,AER,AES,AEYE,AFRM,AGEN,AGO,AGRO,AGYS,AHRT,AI,AIOT,AIRG,AIRO,AIV,AKR,ALB,ALGN,ALKT,ALNY,ALRM,ALTG,ALX,AMCX,AMH","AAL,AAOI,AAON,AAPG,AAPL,ABVX,ACA,ACDC,ACLS,ACMR,ACOG,ACR,ADEA,ADI,ADTN,AEHR,AEIS,AEM,AEO,AERO,AESI,AEVA,AG,AGI,AGPU,AGX,AIP,AIRJ,AKAM,AKO-B,ALAB,ALGM,ALK,ALM,ALMR,ALMU,ALOY,AMAT,AMBA,AMBQ,AMD,AME,AMKR,AMPG,QQQ"
2026-04-27 16:30:00+00:00,L0746,L0738,expansion,maturity,0.9932771191157689,0.5993306137508685,1,AGCC,1,AGMB-AMPG,0.0028247561713214964,1.454531257593893,0.03539325842696629,0.8467241230225093,"AA,AARD,ABAT,ABBV,ABCB,ABCL,ABEO,ABM,ABSI,ACAD,ACB,ACET,ACHR,ACHV,ACRE,ACRS,ACTG,ADM,ADMA,ADSE,ADUR,ADV,AEC,AENT,AFCG,AFYA,AGCC,AGCO,AGIO,AGMB,AGNC,AGO,AHCO,AIOT,AIR,AIRO,AIV,AKTS,ALCO,ALHC,ALLT,ALNT,ALOT,ALTG,ALVO,AM,AMBP,AMCX,AMGN,AMH,AMLX","AAL,AAOI,AAON,AAPG,AAPL,ABVX,ACA,ACDC,ACLS,ACMR,ACOG,ACR,ADEA,ADI,ADTN,AEHR,AEIS,AEM,AEO,AERO,AESI,AEVA,AG,AGI,AGPU,AGX,AIP,AIRJ,AKO-B,ALAB,ALGM,ALK,ALM,ALMR,ALMU,ALOY,AMAT,AMBA,AMBQ,AMD,AME,AMKR,AMPG,QQQ"
2026-04-27 16:45:00+00:00,L0746,L0741,decay,maturity,1.1533887150444113,0.6873346033557461,14,ABEO;ABSI;ACET;ACTG;AFYA;AGEN;AGMB;AIR;AKTS;ALCO;ALNT;ALVO;AMGN;AMLX,22,A-ABAT;A-ACET;AA-ALHC;AA-AM;ABAT-ACHV;ABEO-AMN;ABEO-AMPH;ABEV-AM;ABT-AGEN;ABX-ALCO;ACET-ADM;ACET-AEP;ACET-AER;ACHR-ALVO;ADUR-AMBP;AENT-AGMB;AFCG-AGMB;AGEN-AMP;AGNC-ALNT;AIR-ALNY;AKTS-AMP;ALHC-AMPH,0.0017318417085334659,3.9352156481792493,0.015145631067961164,1.5382927522250536,"ABAT,ABEO,ABSI,ACET,ACTG,ADUR,AEC,AFYA,AGEN,AGIO,AGMB,AHCO,AIR,AKTS,ALCO,ALHC,ALLT,ALNT,ALVO,AM,AMGN,AMLX","A,AA,AAP,ABBV,ABEV,ABG,ABR,ABT,ABUS,ABX,ACCO,ACHR,ACHV,ACI,ACRE,AD,ADAG,ADAM,ADC,ADM,ADNT,AEBI,AEE,AENT,AEP,AER,AERO,AFBI,AFCG,AFRI,AGCO,AGNC,AIT,ALAR,ALC,ALG,ALGT,ALH,ALKS,ALLE,ALLY,ALMS,ALNY,ALSN,ALTO,AMAL,AMBP,AMCR,AMN,AMP,AMPH"
2026-04-27 18:15:00+00:00,L0741,L0749,decay,expansion,0.667754049079761,0.8877350033210488,2,ALSN;AMCX,18,A-ALTO;AA-AEBI;AAP-AEP;ABEV-AGMB;ABG-AGMB;ACHR-ALOT;ACHV-AMCR;ACRS-ALNY;ACTG-ADM;ADAM-AMCI;ADUR-AGEN;ADUR-ALOT;AEG-AMP;AERO-ALLY;AIOT-AIRO;ALC-ALHC;ALKS-AM;ALOT-AMN,0.0022313646622933447,3.145149043212797,0.015294117647058823,1.255228094170501,"A,AAP,AAT,ABBV,ABEV,ABG,ABR,ABT,ABUS,ABX,ACCO,ACET,ACI,ACRE,AD,ADAG,ADAM,ADC,ADM,ADNT,ADUS,AEBI,AEE,AFBI,AFRI,AFYA,AGEN,AIOT,ALAR,ALC,ALCO,ALG,ALGT,ALH,ALKS,ALLE,ALLY,ALMS,ALNY,ALOT,ALSN,ALX,AMAL,AMCR,AMCX,AMGN,AMP,AMPH","AA,AAL,AARD,ABAT,ABCB,ABCL,ABEO,ABSI,ACB,ACHR,ACHV,ACRS,ACTG,ADEA,ADUR,ADV,AEC,AEG,AENT,AEP,AERO,AFCG,AGCC,AGCO,AGIO,AGMB,AGNC,AIR,AIRG,AIRO,AIV,AKTS,ALHC,ALK,ALLT,ALNT,ALOY,ALTG,ALTO,ALVO,AM,AMBP,AMCI,AMLX,AMN,AMPG"
2026-04-27 18:30:00+00:00,L0749,L0741,maturity,expansion,0.753998157469036,0.8431571294987542,18,AAL;ABAT;ABCB;ABCL;ACB;ACHR;ACRS;ADUR;ADV;AEC;AENT;AERO;AFCG;AGCC;AIV;AKTS;ALHC;ALSN,27,A-ACRS;A-AMCX;AA-AFCG;AAL-ALGT;AAT-AMCX;AAUC-AFYA;ABBV-ABCL;ABBV-ACHR;ACB-ALAR;ACB-ALMS;ACET-ACRS;ACET-AMCX;ACHR-AGCO;ACM-AD;ACTG-AGIO;ACTG-ALTO;ADAG-ADEA;ADC-ALTO;ADNT-AIRO;AEG-AGEN;AFYA-AKTS;AGCO-AIV;AGEN-AIRG;AIRO-ALH;ALAR-ALOY;ALGT-ALOY;ALTO-ALVO,0.0001295146648772061,4.159085429550172,0.015939278937381403,1.5213088353184872,"AAL,AAMI,AARD,AAUC,ABAT,ABCB,ABCL,ACB,ACEL,ACHR,ACIW,ACM,ACRS,ACT,ADEA,ADT,ADUR,ADV,AEC,AEG,AENT,AERO,AFCG,AFJK,AGCC,AGIO,AGM,AII,AIRG,AIRO,AIV,AKO-B,AKTS,ALB,ALHC,ALK,ALLT,ALOY,ALSN,ALTG,ALTO,ALV,AMCX,AMPG","A,AA,AAP,AAT,ABBV,ABEO,ABEV,ABG,ABR,ABSI,ABT,ABUS,ABX,ACCO,ACET,ACHV,ACI,ACRE,ACTG,AD,ADAG,ADAM,ADC,ADM,ADNT,ADUS,AEBI,AEE,AEP,AER,AFBI,AFRI,AFYA,AGCO,AGEN,AGMB,AGNC,AIOT,AIR,AIT,ALAR,ALC,ALCO,ALG,ALGT,ALH,ALKS,ALLE,ALLY,ALMS,ALNT,ALNY,ALOT,ALVO,AM,AMAL,AMBP,AMCI,AMCR,AMGN,AMLX,AMN,AMP,AMPH"
2026-04-27 18:45:00+00:00,L0731,L0738,expansion,maturity,0.6920218845211438,0.7751714027258307,0,,19,AAMI-AGI;AAOI-AESI;AAON-ACA;AAON-ACMR;ACHC-ACMR;ACNT-AGX;ACOG-AGM;ACOG-AIG;ACVA-AKAM;ADEA-AGBK;ADEA-AIRG;ADI-AEXA;ADTN-AJG;AEG-AEM;AGM-AME;AGPU-AIG;AGPU-AJG;ALLT-ALTO;ALLT-AMPG,0.002138006326276809,3.006365570767565,0.03399433427762039,1.1968485290076267,"AAMI,AAON,AARD,AAUC,ABM,ACEL,ACHC,ACIC,ACIW,ACM,ACNB,ACNT,ACT,ACU,ACVA,AEG,AESI,AEXA,AFG,AFJK,AFL,AGBK,AGIO,AGM,AHCO,AIG,AII,AIN,AIRG,AIRO,AIRS,AIZ,AJG,AKO-B,ALB,ALL,ALLT,ALRS,ALV,AMG,AMH","AAOI,AAPG,AAPL,ABVX,ACA,ACDC,ACLS,ACMR,ACOG,ACR,ADEA,ADI,ADTN,AEHR,AEIS,AEM,AEO,AEVA,AG,AGI,AGPU,AGX,AIP,AIRJ,AKAM,ALAB,ALGM,ALK,ALM,ALMR,ALMU,ALTO,AMAT,AMBA,AMBQ,AMD,AME,AMKR,AMPG,QQQ"
2026-04-27 19:00:00+00:00,L0748,L0738,decay,maturity,0.32428280075500787,0.6484231857096397,0,,2,AEYE-AIP;AG-ALOY,0.001494271622505039,1.1472205830464255,0.03399433427762039,0.5837160918426437,"AARD,ABNB,ACB,ACGL,ACN,ADBE,ADP,ADPT,ADSE,ADSK,ADUS,AER,AERO,AEYE,AFRM,AGL,AGO,AGRO,AGYS,AI,AIOT,AIRO,AKO-B,ALAR,ALB,ALGN,ALKT,ALMS,ALOY,ALRM,ALTG,AMCI","AAL,AAOI,AAPG,AAPL,ABVX,ACA,ACDC,ACLS,ACMR,ACOG,ACR,ADEA,ADI,ADTN,AEHR,AEIS,AEM,AEO,AEVA,AG,AGI,AGPU,AGX,AIP,AIRJ,AKAM,ALAB,ALGM,ALK,ALM,ALMR,ALMU,AMAT,AMBA,AMBQ,AMD,AME,AMKR,AMPG,QQQ"
2026-04-27 19:30:00+00:00,L0741,L0738,expansion,maturity,1.1869601853469087,0.5180937538313071,0,,5,AAL-ALGT;ABVX-AESI;ACOG-AHR;ADI-AMCI;ALMU-AMCI,0.0023143532453104854,1.8296066954341652,0.03399433427762039,0.974017005753649,"A,AA,AAP,ABBV,ABCB,ABEO,ABEV,ABG,ABSI,ABT,ABUS,ABX,ACCO,ACET,ACHV,ACI,ACNB,ACRE,ACTG,ACU,AD,ADAM,ADC,ADM,ADNT,ADUR,ADUS,AEBI,AEC,AEE,AEG,AENT,AEP,AERO,AESI,AEXA,AFBI,AFRI,AFYA,AGCC,AGCO,AGEN,AGMB,AGNC,AHCO,AHR,AIN,AIOT,AIR,AIT,AKTS,ALAR,ALC,ALCO,ALG,ALGT,ALH,ALHC,ALKS,ALLE,ALLY,ALMS,ALNT,ALNY,ALOT,ALOY,ALSN,ALVO,AM,AMAL,AMBP,AMCI,AMCR,AMGN,AMLX,AMN,AMP,AMPH","AAL,AAOI,AAPG,AAPL,ABVX,ACA,ACDC,ACLS,ACMR,ACOG,ACR,ADEA,ADI,ADTN,AEHR,AEIS,AEM,AEO,AEVA,AG,AGI,AGPU,AGX,AIP,AIRJ,AKAM,ALAB,ALGM,ALK,ALM,ALMR,ALMU,AMAT,AMBA,AMBQ,AMD,AME,AMKR,AMPG,QQQ"
2026-04-28 13:45:00+00:00,L0754,L0755,confirmation,confirmation,1.2160242463477655,0.927456582051597,0,,5,ABM-AGPU;ABX-AENT;ACHC-ACMR;ACHC-ALGM;ADAG-ALCO,-0.00744119739101734,1.791759469228055,0.030399999999999996,1.0955441158268224,"AAUC,ABM,ABR,ABX,ACAD,ACGL,ACHC,ACIC,ACIW,ACN,ACT,ACU,ADBE,ADP,ADSE,ADSK,AES,AFBI,AFG,AGBK,AGEN,AGO,AGYS,AHCO,AHRT,AIG,AIZ,AKTS,ALCO,ALKS,ALKT,ALL,ALLY,ALNY,ALOT,ALRM,ALRS,AMAL,AMP","AA,AAMI,AAOI,AAON,ABCL,ABG,ABNB,ABSI,ACA,ACB,ACHR,ACM,ACMR,ACR,ACRS,ADAG,ADPT,ADT,ADTN,ADUR,AEC,AEHR,AEIS,AEM,AENT,AEO,AERO,AEVA,AEXA,AEYE,AFCG,AFRM,AG,AGCC,AGI,AGPU,AGX,AIN,AIOT,AIP,AIRJ,AIRO,AIRS,AJG,AKO-B,ALAB,ALB,ALC,ALGM,ALGN,ALLE,ALM,ALMU,ALTO,AMAT,AMBA,AMBQ,AMCI,AMD,AMKR,QQQ"
2026-04-28 14:00:00+00:00,L0758,L0756,confirmation,expansion,1.152229521022474,0.3445225879708848,2,ACIC;ADC,25,AAL-ABT;AAL-AMG;AARD-ALOT;ABBV-ACIW;ABBV-AMLX;ABM-ABX;ABM-ACCO;ABVX-ACIC;ACAD-AEE;ACGL-ACI;ACGL-AEE;ACGL-AEP;ACI-ACN;ACI-ADP;ACIC-AMG;ACIW-ADC;ACRE-AMPH;ADC-ALKT;ADMA-AMG;ADMA-AMP;AEP-AFL;AEP-AIZ;AFL-AGO;AGEN-AMAL;ALCO-ALRS,0.011972390057053417,3.440329597492784,0.015734265734265732,1.3114681719313435,"AAL,ABBV,ABX,ACCO,ACET,ACI,ACIC,ACOG,ACRE,ADC,ADMA,AEE,AENT,AEP,AES,AFJK,AGM,AGMB,AGNC,AGO,AKTS,ALCO,ALOT,AMAL","AAPG,AAPL,AARD,AAUC,ABAT,ABCB,ABM,ABR,ABT,ABVX,ACAD,ACDC,ACGL,ACHV,ACIW,ACN,ACNB,ACT,ACU,ACVA,ADBE,ADP,ADSE,ADSK,AEG,AESI,AFBI,AFG,AFL,AFYA,AGEN,AGIO,AGL,AGRO,AGYS,AHCO,AHRT,AI,AIT,AIV,AIZ,ALHC,ALKS,ALKT,ALL,ALLY,ALMS,ALNY,ALOY,ALRM,ALRS,ALVO,AM,AMG,AMGN,AMH,AMLX,AMN,AMP,AMPG,AMPH"
2026-04-28 14:15:00+00:00,L0755,L0758,maturity,expansion,0.47240802641343005,0.5268225170220637,0,,23,AAOI-AGX;ABCL-ALH;ABM-AJG;ABX-AJG;ACAD-ADAM;ACB-AFBI;ACCO-ACR;ACCO-ACRS;ACHC-AFBI;ACHC-AKTS;ACMR-ADI;ADEA-AGMB;ADI-AMCI;ADTN-AEVA;AEIS-AEVA;AENT-ALGM;AEVA-ALM;AFJK-AGNC;AFRI-AMAL;AGNC-ALX;AGNC-AMAL;AIR-ALM;ALLY-AMBP,0.005040495423600078,3.1988383913354825,0.011881188118811881,1.1012609390823407,"AA,AAMI,AARD,ABCL,ABNB,ABSI,ACB,ACHC,ACHR,ACLS,ACM,ACMR,ACR,ACRS,ADAG,ADAM,ADTN,ADUR,AEC,AEHR,AEIS,AEM,AERO,AEXA,AEYE,AFCG,AFRI,AFRM,AG,AGI,AGMB,AGNC,AGPU,AGX,AIN,AIOT,AIP,AIRJ,AIRO,AIRS,AJG,AKO-B,ALAB,ALB,ALC,ALGM,ALGN,ALLE,ALM,ALMU,ALTG,ALTO,AMAT,AMBA,AMBP,AMBQ,AMCI,AMD,AMKR,QQQ","AAL,AAOI,ABBV,ABEV,ABM,ABX,ACAD,ACCO,ACET,ACI,ACOG,ACRE,ADEA,ADI,ADMA,ADV,AEE,AENT,AEP,AES,AEVA,AFBI,AFJK,AGM,AGO,AII,AIR,AIRG,AIT,AKTS,ALCO,ALGT,ALH,ALLY,ALOT,ALX,AMAL,AMCX"
2026-04-28 14:30:00+00:00,L0756,L0757,decay,expansion,0.6429654454955436,0.547946977394513,1,AARD,13,AAPL-ABR;AARD-AJG;ABR-AIRG;ABR-AMH;ABVX-ALG;ACTG-ADAM;ACTG-AGL;ACU-AEBI;ADBE-AEBI;ADM-AM;ADM-AMPG;AER-AMLX;ALKT-AMLX,0.00402551528532058,2.797436903736735,0.010650887573964497,1.0582305859372954,"AAPL,AARD,AAUC,ABAT,ABCB,ABVX,ACDC,ACHV,ACIW,ACNB,ACU,ADAM,ADBE,ADSE,AEG,AESI,AFRI,AFYA,AGIO,AGL,AGRO,AGYS,AI,AIRG,AIV,ALMS,ALNY,ALOY,ALRM,ALTG,ALVO,AM,AMAL,AMH,AMLX,AMN,AMPG,AMPH","A,AAON,AAP,AAT,ABEO,ABG,ABR,ACA,ACEL,ACNT,ACTG,ACVA,AD,ADM,ADNT,ADPT,ADSK,ADT,ADUS,ADV,AEBI,AER,AGBK,AGCC,AGCO,AHR,AHRT,AIG,AJG,AKAM,AKR,ALAR,ALG,ALKS,ALKT,ALMR,ALV,AMCR,AME"
2026-04-28 14:45:00+00:00,L0757,L0759,maturity,confirmation,0.35424335802111123,0.753801606177764,0,,6,AARD-ABEV;AAT-ABX;ABEV-ALGT;ADC-AGBK;ADI-ALLY;AENT-ALOT,0.0009130482212640345,1.9588693605825942,0.016453382084095063,0.8245988367179253,"A,AAOI,AAP,AARD,AAT,ABEO,ABG,ACA,ACEL,ACNT,ACVA,ADEA,ADI,ADM,ADNT,ADPT,ADT,ADUS,ADV,AENT,AER,AEVA,AGBK,AGCC,AGCO,AHR,AIG,AIR,AJG,AKAM,AKR,ALAR,ALG,ALGT,ALLT,ALMR,ALNT,ALSN,ALV,AMCR,AME","AAL,ABBV,ABEV,ABM,ABT,ABX,ACGL,ACI,ACIC,ACN,ACOG,ACRE,ACT,ADC,ADP,AEE,AEP,AES,AFBI,AFG,AFL,AGO,AHCO,AHRT,AIT,AIZ,ALCO,ALHC,ALKS,ALL,ALLY,ALOT,ALRS,AMAL,AMCX,AMGN"
2026-04-28 15:00:00+00:00,L0755,L0756,decay,expansion,0.23581293228667377,0.41746847553568733,1,AFRI,5,ABAT-ALTG;AFRI-AI;AFRI-ALMS;AFRI-ALNY;AFRI-ALRM,0.0012031574224238284,2.0943690379302122,0.015901060070671377,0.721961840839862,"AA,AAMI,AAOI,ABCL,ABNB,ABSI,ACB,ACHC,ACLS,ACM,ACMR,ACR,ACRS,ADI,ADTN,ADUR,AEHR,AEIS,AEM,AERO,AEXA,AEYE,AFCG,AFRI,AG,AGI,AGPU,AGX,AIP,AIRJ,AIRO,AIRS,AKO-B,ALAB,ALB,ALC,ALGM,ALGN,ALLE,ALM,ALMU,ALTG,ALTO,AMAT,AMBA,AMBQ,AMCI,AMD,AMKR,QQQ","AAPL,ABAT,ABCB,ABR,ABT,ABUS,ABVX,ACDC,ACGL,ACHV,ACIC,ACIW,ACN,ACNB,ACRE,ACT,ADBE,ADP,ADSE,ADSK,AEG,AESI,AFBI,AFG,AFL,AFYA,AGIO,AGL,AGRO,AGYS,AHCO,AHRT,AI,AIRG,AIT,AIV,AIZ,ALHC,ALKS,ALL,ALLY,ALMS,ALNY,ALOY,ALRM,ALRS,ALVO,AM,AMGN,AMH,AMLX,AMN,AMP,AMPG,AMPH"
2026-04-28 15:15:00+00:00,L0756,L0755,expansion,expansion,0.6248397358571688,0.5705976213057339,2,ADSE;AIR,12,AAOI-ADSE;AAOI-AIR;AARD-ADSE;AARD-ALMS;AAUC-AGX;ACHC-ADSE;ACLS-AIR;ADSE-ALTO;AEHR-AIR;AIR-ALB;AIR-ALGM;ALK-ALTO,0.0004809715610463172,2.8360385937538353,0.0320855614973262,1.0724536898119286,"AAL,AAPG,AAPL,AAUC,ABAT,ABCB,ABEV,ABM,ABR,ABT,ABUS,ABVX,ACDC,ACGL,ACHV,ACIC,ACIW,ACN,ACNB,ACRE,ACT,ACTG,ACU,AD,ADBE,ADEA,ADMA,ADP,ADSE,ADSK,AEG,AESI,AFBI,AFG,AFL,AFRI,AFYA,AGEN,AGIO,AGL,AGRO,AGYS,AHCO,AHRT,AI,AIR,AIRG,AIV,AIZ,ALHC,ALK,ALKS,ALKT,ALL,ALLY,ALMS,ALNY,ALOY,ALRM,ALRS,ALVO,AM,AMCX,AMG,AMGN,AMH,AMLX,AMN,AMP,AMPG,AMPH","AA,AAMI,AAOI,AAON,AARD,ABCL,ABNB,ABSI,ACB,ACCO,ACHC,ACHR,ACLS,ACM,ACMR,ACR,ACRS,ADAG,ADI,ADTN,ADUR,AEC,AEHR,AEIS,AEM,AERO,AEVA,AEXA,AEYE,AFCG,AG,AGI,AGM,AGPU,AGX,AII,AIN,AIOT,AIP,AIRJ,AIRO,AIRS,AKO-B,ALAB,ALB,ALC,ALGM,ALGN,ALLE,ALM,ALMU,ALTG,ALTO,ALX,AMAT,AMBA,AMBQ,AMCI,AMD,AMKR,QQQ"
2026-04-28 15:45:00+00:00,L0764,L0757,confirmation,maturity,1.1789504644600275,0.5213822977739402,13,AAL;AAOI;AAPG;AAUC;ADEA;ADSE;AEVA;AGEN;AGMB;AIR;ALLT;ALNT;ALTO,7,AAL-ALK;AAUC-AER;ADEA-ADI;ADSE-ADUS;ADV-AMCX;AEO-ALTO;ALGT-AMCX,0.0058116666914429516,3.543309217949304,0.00981308411214953,1.397399095774339,"AAL,AAOI,AAPG,AAUC,ACCO,ACET,ACIC,ACU,ADEA,ADSE,AENT,AEVA,AFJK,AGEN,AGM,AGMB,AGNC,AII,AIR,ALH,ALLT,ALNT,ALNY,ALTO,ALX,AMAL,AMCX,AMG","A,AAP,AARD,AAT,ABCB,ABEO,ABG,ACA,ACEL,ACNT,ACVA,ADI,ADM,ADNT,ADPT,ADT,ADUS,ADV,AEO,AER,AFRM,AGBK,AGCC,AGCO,AHR,AIG,AJG,AKAM,AKR,ALAR,ALG,ALGT,ALK,ALLY,ALV,AMBP,AMCR,AME"
2026-04-28 16:00:00+00:00,L0757,L0755,expansion,expansion,0.7199051245738244,0.42938205863040346,1,AKTS,17,AAOI-AGI;AAON-ADUS;AAON-AEO;AAUC-AGX;ABCL-AKTS;ABSI-AGCC;ACHR-ADPT;ACHR-AMBP;ACLS-AER;ADSE-AERO;ADUS-AFCG;ADV-AIRJ;AEO-ALGM;AFRM-AIRO;AGCO-ALB;AGI-ALV;ALAR-ALTG,0.0009056528797373176,3.000250316209666,0.028571428571428567,1.099134448299399,"A,AAL,AAOI,AAP,AAPG,AAT,AAUC,ABEO,ABG,ACA,ACEL,ACNT,ACVA,ADEA,ADI,ADM,ADNT,ADPT,ADSE,ADT,ADUS,ADV,AEO,AER,AEVA,AFRM,AGBK,AGCC,AGCO,AGEN,AGMB,AHR,AIG,AIR,AJG,AKAM,AKR,AKTS,ALAR,ALG,ALGT,ALK,ALLT,ALLY,ALNT,ALTO,ALV,AMBP,AMCR,AME","AA,AAMI,AAON,ABCL,ABNB,ABSI,ACB,ACET,ACHC,ACHR,ACLS,ACM,ACMR,ACR,ACRS,ADAG,ADTN,ADUR,AEC,AEHR,AEIS,AEM,AENT,AERO,AEXA,AEYE,AFCG,AFJK,AFRI,AG,AGI,AGM,AGNC,AGPU,AGX,AII,AIN,AIOT,AIP,AIRJ,AIRO,AIRS,AKO-B,ALAB,ALB,ALC,ALGM,ALGN,ALH,ALLE,ALM,ALMR,ALMU,ALSN,ALTG,ALX,AMAT,AMBA,AMBQ,AMCI,AMD,AMKR,QQQ"
2026-04-28 16:15:00+00:00,L0755,L0765,maturity,confirmation,0.16141009625866976,0.6835427830147203,1,AKTS,4,AAPL-AFRI;ACET-AEE;ACI-AGNC;AENT-AFG,0.0008637240243842825,1.9581735597389374,0.017708333333333333,0.7456855037167514,"AA,AAMI,ABCL,ABNB,ABSI,ACB,ACCO,ACET,ACHC,ACLS,ACM,ACMR,ACR,ACRS,ADAG,ADTN,ADUR,AEHR,AEIS,AEM,AENT,AERO,AEXA,AEYE,AFCG,AFJK,AFRI,AG,AGI,AGM,AGNC,AGX,AII,AIN,AIOT,AIP,AIRJ,AIRO,AIRS,AKO-B,AKTS,ALAB,ALB,ALC,ALGM,ALGN,ALH,ALLE,ALM,ALMR,ALMU,ALSN,ALTG,ALX,AMAT,AMBA,AMBQ,AMCI,AMD,AMKR,QQQ","AAPL,ABBV,ABCB,ABEV,ABM,ABR,ABT,ABUS,ABVX,ABX,ACAD,ACDC,ACGL,ACHV,ACI,ACIW,ACN,ACNB,ACRE,ACT,ACTG,ACU,AD,ADBE,ADC,ADP,ADSK,AEE,AEG,AEP,AES,AESI,AFBI,AFG,AFL,AFYA,AGIO,AGL,AGO,AGRO,AGYS,AHCO,AHRT,AI,AIRG,AIT,AIV,AIZ,ALCO,ALHC,ALKS,ALKT,ALL,ALMS,ALOT,ALRM,ALRS,ALVO,AM,AMCX,AMGN,AMH,AMLX,AMN,AMP,AMPG,AMPH"
2026-04-28 16:45:00+00:00,L0767,L0766,confirmation,expansion,1.260248389922714,0.9010592435397016,1,ABEV,4,AAL-ABEV;AAOI-ABEV;ABEV-ALK;ABEV-AMCX,0.004189995932392776,2.004044222380494,0.005217391304347826,1.1501859543295003,"AARD,AAT,ABEV,ABM,ABR,ABX,ACCO,ACHC,ACN,ACRE,ADMA,ADP,AFBI,AFG,AHCO,AHRT,AJG,ALCO,ALHC,ALKS,ALMR,ALOT","AAL,AAOI,AAPG,AAUC,ABAT,ADEA,ADSE,AEVA,AGEN,AIR,AKTS,ALK,ALLT,ALTO,AMCX"
2026-04-28 17:00:00+00:00,L0766,L0757,maturity,maturity,0.5700969920681181,0.5370606490658614,0,,3,AAOI-ALG;AAOI-ALNT;ADEA-ADI,0.0022599392104893923,1.4412544807283105,0.009022556390977442,0.6938142959809181,"AAL,AAOI,AAPG,AAUC,ABAT,ABEV,ADEA,ADSE,AEVA,AGEN,AIR,AKTS,ALGT,ALK,ALLT,AMCX","A,AAON,AAP,ABEO,ABG,ACA,ACEL,ACHC,ACNT,ACVA,ADI,ADM,ADNT,ADPT,ADT,ADUS,ADV,AEO,AER,AGBK,AGCC,AGCO,AHR,AIG,AKAM,AKR,ALAR,ALG,ALMR,ALNT,ALV,AMCR,AME"
2026-04-28 17:30:00+00:00,L0765,L0766,expansion,expansion,1.044269615073529,0.29184536424765356,2,AIRG;AKTS,19,AAPG-AMPH;AAUC-AMGN;ABR-AGEN;ABUS-AKTS;ABVX-ADMA;ABVX-AFYA;ABVX-ALRS;ACU-ALRS;AEP-AMCX;AFYA-AMP;AGEN-AIRG;AHCO-ALGT;AI-AMP;ALGT-ALOY;ALNY-AMP;ALRM-AMP;AMG-AMP;AMN-AMP;AMP-AMPH,0.003441698499955237,3.1922923896486872,0.008620689655172414,1.2002006946568025,"AAPL,ABAT,ABBV,ABCB,ABM,ABR,ABT,ABX,ACAD,ACDC,ACGL,ACHV,ACI,ACIC,ACIW,ACN,ACNB,ACOG,ACRE,ACT,ACTG,AD,ADBE,ADC,ADMA,ADP,ADSK,AEBI,AEE,AEG,AEP,AES,AESI,AFBI,AFG,AFL,AFRI,AFYA,AGIO,AGL,AGO,AGRO,AGYS,AHCO,AHRT,AI,AIRG,AIT,AIV,AIZ,AKTS,ALCO,ALHC,ALKS,ALKT,ALL,ALMS,ALNY,ALOT,ALOY,ALRM,ALRS,ALVO,AM,AMAL,AMG,AMGN,AMH,AMLX,AMN,AMPG,AMPH","AAL,AAOI,AAPG,AAUC,ABEV,ABUS,ABVX,ACU,ADEA,ADI,ADSE,AEVA,AGEN,AIR,ALGT,ALK,ALLT,ALNT,AMCX,AMP"
2026-04-28 18:15:00+00:00,L0757,L0755,expansion,expansion,0.7001433148105631,0.6824451010673853,2,ACHC;AEO,17,AAOI-AEHR;AAOI-AFRM;AARD-ABG;ABEV-ADUR;ABEV-AGI;ABG-AG;ACA-ACMR;ACA-AIN;ACM-ADV;ACVA-AFRM;ADPT-AMBQ;AEC-AGMB;AEM-AEO;AGMB-AIRJ;AIP-AME;AIR-ALB;ALGM-AME,0.001485992266680114,3.097774254160375,0.03183023872679045,1.193994624112497,"A,AAL,AAOI,AAP,AAPG,AAT,ABEO,ABEV,ABG,ABR,ACA,ACHC,ACNT,ACU,ACVA,ADEA,ADI,ADNT,ADPT,ADSE,ADT,ADUS,ADV,AENT,AEO,AER,AGBK,AGCO,AGMB,AHR,AIG,AIR,AJG,AKAM,AKR,ALAR,ALG,ALGT,ALK,ALMR,ALNT,ALTO,ALV,AMBP,AMCR,AMCX,AME","AA,AAMI,AAON,AARD,ABAT,ABCL,ABNB,ABSI,ACB,ACCO,ACHR,ACLS,ACM,ACMR,ACR,ACRS,ADAG,ADTN,ADUR,AEC,AEHR,AEIS,AEM,AERO,AEVA,AEXA,AEYE,AFCG,AFRM,AG,AGCC,AGI,AGM,AGPU,AGX,AII,AIN,AIOT,AIP,AIRJ,AIRO,AIRS,AKO-B,AKTS,ALAB,ALB,ALC,ALGM,ALGN,ALH,ALLE,ALLT,ALM,ALMU,ALSN,ALTG,ALX,AMAT,AMBA,AMBQ,AMCI,AMD,AMKR,QQQ"
2026-04-28 18:45:00+00:00,L0757,L0755,expansion,maturity,0.5410995154929202,0.555275823308001,1,ADAM,12,AAON-ADNT;AAP-ACLS;ABNB-AGCC;ACA-ACMR;ACHR-ADAM;ACR-AEO;ACVA-AFRM;ADAM-AERO;AENT-ALC;AGCC-ALSN;ALMR-ALSN;ALTO-AMCX,0.0019112046575173736,2.720711077267925,0.028647214854111404,1.0133874531853744,"A,AAP,AARD,AAT,ABEO,ABG,ACA,ACEL,ACHC,ACNT,ACVA,ADAM,ADI,ADNT,ADPT,ADT,ADUS,ADV,AENT,AEO,AER,AGBK,AGCC,AGCO,AHR,AIG,AJG,AKAM,AKR,ALAR,ALG,ALK,ALMR,ALV,AMCR,AMCX,AME","AA,AAMI,AAON,ABCL,ABNB,ABSI,ACB,ACCO,ACHR,ACLS,ACM,ACMR,ACR,ACRS,ADAG,ADSE,ADTN,ADUR,AEC,AEHR,AEIS,AEM,AERO,AEXA,AEYE,AFCG,AFJK,AFRM,AG,AGI,AGM,AGMB,AGNC,AGX,AII,AIN,AIOT,AIP,AIRJ,AIRO,AIRS,AKO-B,ALAB,ALB,ALC,ALGM,ALGN,ALH,ALLE,ALM,ALMU,ALSN,ALTO,ALX,AMAT,AMBA,AMBP,AMBQ,AMCI,AMD,AMKR,QQQ"
2026-04-28 19:30:00+00:00,L0765,L0757,decay,maturity,0.9752595379108314,0.4761002570698669,2,AHRT;ALKS,32,A-AHRT;AAP-AJG;AARD-AIG;AAT-AHCO;ABBV-ADC;ABEO-ACAD;ABEO-AHRT;ABM-ADC;ABM-ADUS;ABX-ADV;ABX-AIG;ACI-ADV;ACNT-AHCO;ACVA-AHRT;ADC-ADP;ADC-AGO;ADC-AIZ;ADC-ALHC;ADC-ALL;ADUS-AFBI;ADUS-AFG;ADUS-ALKS;AFCG-AJG;AFG-AHR;AFG-AIG;AHCO-AIG;AHCO-AKR;AHR-AIZ;AHR-ALKS;AHRT-AKAM;AIG-ALL;AJG-ALV,0.0007927821261546342,3.613058274829001,0.012857142857142857,1.3406010786300313,"AARD,AAUC,ABBV,ABM,ABR,ABX,ACAD,ACET,ACGL,ACI,ACIC,ACN,ACRE,ACT,ADMA,ADP,AEE,AEG,AEP,AES,AESI,AFBI,AFG,AFL,AGO,AHCO,AHRT,AIT,AIZ,AJG,ALHC,ALKS,ALL,ALOT,ALRS,AM,AMAL,AMGN,AMH","A,AAP,AAT,ABEO,ABG,ACA,ACEL,ACHC,ACNT,ACVA,ADC,ADI,ADM,ADNT,ADPT,ADT,ADUS,ADV,AEBI,AENT,AEO,AER,AFCG,AFRM,AGBK,AGCC,AGCO,AHR,AIG,AIR,AKAM,AKR,ALAR,ALG,ALLY,ALMR,ALNT,ALSN,ALV,AMCR,AME"
2026-04-29 14:00:00+00:00,L0779,L0780,confirmation,confirmation,1.198699238934336,0.3737907775029879,0,,27,A-ALC;AAT-ALTO;ABCL-ABT;ABCL-ALMU;ABT-AEM;ABT-ALM;ACCO-ACGL;ACGL-ALTG;ACHR-ACR;ACHR-AGBK;ACHR-AIRS;ACHR-ALRM;ACIC-ALTG;ACRE-AHCO;ADAM-AMBP;ADMA-AHCO;ADMA-ALMU;AEBI-ALOY;AGBK-ALK;AGEN-AM;AGL-ALC;AI-ALLY;AIRJ-ALKT;AIRJ-ALRM;ALC-ALHC;ALC-AMBP;ALTO-AMBP,0.0016988751012831926,3.338253588629627,0.01804511278195489,1.3090171690058974,"A,AARD,AAT,ABT,ABX,ACGL,ACHV,ACIC,ACR,ADPT,ADT,AEBI,AGBK,AGL,AHCO,AIG,AIRS,AKO-B,ALG,ALHC,ALKT,ALLY,ALMU,ALRM,AM,AMAL,AMBP,AMCR,AMGN","AA,AAL,AAPG,ABAT,ABCL,ABEV,ACB,ACCO,ACHR,ACOG,ACRE,ADAG,ADAM,ADMA,AEIS,AEM,AEVA,AFYA,AG,AGEN,AGI,AGNC,AI,AIRJ,AIRO,ALC,ALK,ALM,ALOY,ALTG,ALTO,AMLX,AMPG"
2026-04-29 14:00:00+00:00,L0779,L0778,confirmation,confirmation,1.198699238934336,0.6573596371122897,1,ADT,6,ACGL-AMG;ACHC-ALG;AGBK-ALLE;AGL-ALCO;ALLY-AMN;AMG-AMGN,0.008800247684121132,2.290515018680937,0.011707317073170732,1.1312025150451976,"A,AARD,AAT,ABT,ABX,ACGL,ACHV,ACIC,ACR,ADPT,ADT,AEBI,AGBK,AGL,AHCO,AIG,AIRS,AKO-B,ALG,ALHC,ALKT,ALLY,ALMU,ALRM,AM,AMAL,AMBP,AMCR,AMGN","AAMI,AAP,ABSI,ABUS,ACHC,ACM,ACU,AEG,AEO,AGCO,AKTS,ALCO,ALGN,ALGT,ALLE,ALNT,ALV,AMG,AMN,AMP,AMPH"
2026-04-29 14:00:00+00:00,L0781,L0780,confirmation,confirmation,0.7650372029445659,0.3737907775029879,0,,20,AAL-AFRM;AAPG-AGYS;ABAT-AGCC;ABBV-ADAG;ACB-AIOT;ACCO-ADUR;ACNB-ADAG;ACRE-AII;ACTG-AIRJ;ADNT-ALC;ADUR-ALM;ADUR-ALTG;AEHR-ALOY;AEIS-AGCC;AFRM-ALK;AFYA-AII;AGCC-AGEN;AII-ALK;AII-ALTO;ALC-ALMS,0.00036325096152722836,3.046250709883814,0.01804511278195489,1.105917838522513,"AAPL,ABBV,ABEO,ABNB,ABR,ACAD,ACIW,ACNB,ACTG,ADBE,ADEA,ADNT,ADSK,ADUR,AEHR,AES,AEXA,AEYE,AFRI,AFRM,AGCC,AGPU,AGYS,AII,AIN,AIOT,AIP,AIRG,ALLT,ALMS,ALRS,ALVO,AMBQ,AMD,AMKR","AA,AAL,AAPG,ABAT,ABCL,ABEV,ACB,ACCO,ACHR,ACOG,ACRE,ADAG,ADAM,ADMA,AEIS,AEM,AEVA,AFYA,AG,AGEN,AGI,AGNC,AI,AIRJ,AIRO,ALC,ALK,ALM,ALOY,ALTG,ALTO,AMLX,AMPG"
2026-04-29 14:00:00+00:00,L0781,L0778,confirmation,confirmation,0.7650372029445659,0.6573596371122897,2,AFRI;AGCC,9,AAMI-AAPL;ABBV-AMG;ABNB-ACHC;ACHC-ACTG;ACHC-AFRM;ACHC-AMD;ACU-AGYS;AES-AGCO;AKTS-AMD,0.007464623544365168,2.6910032136423405,0.011707317073170732,1.1012259529886175,"AAPL,ABBV,ABEO,ABNB,ABR,ACAD,ACIW,ACNB,ACTG,ADBE,ADEA,ADNT,ADSK,ADUR,AEHR,AES,AEXA,AEYE,AFRI,AFRM,AGCC,AGPU,AGYS,AII,AIN,AIOT,AIP,AIRG,ALLT,ALMS,ALRS,ALVO,AMBQ,AMD,AMKR","AAMI,AAP,ABSI,ABUS,ACHC,ACM,ACU,AEG,AEO,AGCO,AKTS,ALCO,ALGN,ALGT,ALLE,ALNT,ALV,AMG,AMN,AMP,AMPH"
2026-04-29 14:15:00+00:00,L0765,L0781,expansion,expansion,1.0506009112544468,0.7587425943838166,1,AEBI,48,A-ADPT;A-ALVO;AAL-ABM;AARD-ACIW;AAT-ALMS;ABBV-AES;ABBV-AFL;ABCB-AEO;ABCB-ALGT;ABEO-ABM;ABM-AEXA;ABM-AEYE;ABM-AGYS;ABM-ALCO;ABT-ALGT;ABT-ALK;ACAD-ACNT;ACAD-ADC;ACAD-AIG;ACCO-ALK;ACI-AEYE;ACI-AGYS;ACR-ALTO;ACTG-ALG;ADMA-ALHC;ADUR-AHCO;ADUR-AHRT;ADUS-ALCO;AEE-ALCO;AEE-AMBQ;AEO-ALLY;AEP-AEXA;AEP-ALCO;AEXA-AHR;AGPU-ALTO;AI-ALMU;AII-AIRG;AJG-ALV;AKO-B-ALMU;AKO-B-ALTG;AKO-B-ALTO;ALG-ALMS;ALG-AMD;ALK-ALLY;ALLY-ALV;ALMU-ALRS;ALV-AMCR;AM-AMAL,0.006040947278961539,3.9436010245308464,0.015313225058004639,1.5310002915828915,"A,AARD,AAT,ABCB,ABG,ABM,ABT,ABVX,ACA,ACCO,ACEL,ACGL,ACHV,ACI,ACIC,ACNT,ACRE,ACT,ADAM,ADC,ADMA,ADUS,ADV,AEBI,AEE,AEP,AES,AFBI,AFG,AFL,AFYA,AGM,AGNC,AGO,AHCO,AHR,AHRT,AIG,AII,AIV,AIZ,AJG,ALG,ALKS,ALL,ALLY,ALMR,ALMU,ALNY,ALTG,ALTO,ALX,AM,AMBP,AMCR,AMCX,AMG,AMGN,AMH","AAL,AAPL,ABBV,ABEO,ABNB,ABR,ABX,ACAD,ACIW,ACN,ACNB,ACR,ACTG,ADBE,ADEA,ADNT,ADPT,ADSK,ADUR,AEHR,AEO,AEXA,AEYE,AFRM,AGBK,AGL,AGPU,AGYS,AI,AIN,AIOT,AIP,AIRG,AIRJ,AIRS,AKO-B,ALCO,ALGT,ALHC,ALK,ALKT,ALLT,ALMS,ALRM,ALRS,ALV,ALVO,AMAL,AMBQ,AMD,AMKR"
2026-04-29 14:45:00+00:00,L0781,L0782,expansion,confirmation,0.5948012402205001,0.31935523040466524,4,AARD;AEBI;AM;AMBP,22,A-AEBI;A-ALMS;AAPL-AEG;AAPL-AHCO;AARD-ACI;AARD-ACNT;AARD-AHCO;ABM-ACAD;ABM-ACI;ABM-AEE;ACAD-AM;ADPT-AEXA;ADPT-AHR;ADSK-ADUR;ADSK-AEG;AGPU-ALNY;AHR-AMAL;AIRS-AMCR;ALL-AM;ALRM-AMCR;AM-AMCR;AM-AMGN,0.0023602991714142263,3.44157223357758,0.014054054054054054,1.1367481076900525,"AAPL,AARD,ABEO,ABM,ABNB,ABR,ABX,ACHC,ACIW,ACNB,ACTG,ADBE,ADEA,ADNT,ADPT,ADSK,AEBI,AEHR,AEYE,AFRI,AFRM,AGL,AGPU,AGYS,AII,AIN,AIP,AIRG,AIRJ,AIRS,ALG,ALKT,ALLT,ALMS,ALRM,ALRS,ALVO,AM,AMAL,AMBP,AMBQ,AMKR","A,AAT,ABBV,ABVX,ACAD,ACCO,ACGL,ACI,ACIC,ACNT,ADAG,ADC,ADUR,ADV,AEE,AEG,AEP,AER,AES,AEXA,AFBI,AFL,AGM,AGMB,AGNC,AHCO,AHR,AHRT,AIG,AIR,AIV,AIZ,ALCO,ALKS,ALL,ALMR,ALNY,ALTG,AMCR,AMCX,AMGN,AMH"
2026-04-29 15:00:00+00:00,L0781,L0776,maturity,expansion,0.6099411095229103,0.44132178716394965,5,ACR;ACTG;AHR;AKO-B;AMD,12,AAON-AFRI;ABSI-AEHR;ACET-ALMU;ACLS-AKO-B;ACLS-AMD;AEXA-ALAB;AFRI-ALX;AHR-ALSN;AHR-QQQ;AIOT-AIRS;AIRS-ALX;ALRS-AMBA,0.0021706212137360126,3.144887444637635,0.03048780487804878,1.106173900897174,"AAPL,ABEO,ABM,ABR,ABX,ACIW,ACNB,ACR,ACTG,ADEA,ADNT,ADPT,ADSK,AEHR,AEIS,AEXA,AEYE,AFRI,AFRM,AGPU,AGYS,AHR,AI,AII,AIN,AIP,AIRG,AIRJ,AIRS,AKO-B,ALG,ALHC,ALKT,ALLT,ALMS,ALMU,ALRS,ALVO,AMAL,AMBQ,AMD,AMKR","AAOI,AAON,AAUC,ABBV,ABG,ABSI,ABVX,ACA,ACDC,ACEL,ACET,ACLS,ACMR,ACRS,ACT,ACVA,AD,ADI,ADM,ADP,ADSE,ADTN,AEC,AER,AERO,AESI,AFBI,AFL,AGCC,AGCO,AGIO,AGMB,AGO,AGRO,AGX,AIOT,AIR,AIT,AKAM,AKR,ALAB,ALAR,ALB,ALGM,ALGN,ALH,ALKS,ALMR,ALNY,ALOT,ALSN,ALX,AMAT,AMBA,AMCI,AME,QQQ"
2026-04-29 15:15:00+00:00,L0782,L0781,maturity,maturity,0.41060206132930166,0.4835757405395644,4,ABM;ADPT;AEXA;AIRJ,14,AAPG-ALGT;AAPL-AHCO;AARD-ADSK;AAT-ABR;ABBV-AIG;ABT-AIRS;ABT-ALKT;ACIW-AEXA;ADEA-AES;ADPT-AMBQ;ADSK-AMGN;AEBI-AEIS;AGYS-AIRJ;AHCO-ALVO,0.001595908688614145,3.1424089871282677,0.012826603325415676,1.055779577841539,"A,AAPG,AARD,AAT,ABM,ABT,ACAD,ACGL,ACI,ACNT,ADC,ADPT,AEBI,AEE,AEP,AES,AEXA,AFYA,AGBK,AHCO,AIG,AIRJ,ALCO,ALHC,ALMU,AM,AMBP,AMCR,AMGN","AAMI,AAPL,ABBV,ABEO,ABNB,ABR,ABX,ACIW,ACNB,ADEA,ADNT,ADSK,ADUR,AEG,AEHR,AEIS,AEYE,AFRM,AGL,AGPU,AGYS,AI,AII,AIN,AIP,AIRG,AIRS,ALGT,ALKT,ALLT,ALM,ALMS,ALRM,ALRS,ALVO,AMAL,AMBQ,AMG,AMKR"
2026-04-29 15:15:00+00:00,L0782,L0780,maturity,maturity,0.41060206132930166,0.31575013738672014,1,AFYA,10,ABT-ACHR;ACGL-ALC;ACI-AFBI;ACRE-AGBK;ADMA-ALHC;AEVA-AIRJ;AFYA-AGEN;AG-AGBK;AGEN-AMGN;ALC-ALCO,0.005218710895860568,2.6043084552393765,0.018750000000000003,0.8717952734246507,"A,AAPG,AARD,AAT,ABM,ABT,ACAD,ACGL,ACI,ACNT,ADC,ADPT,AEBI,AEE,AEP,AES,AEXA,AFYA,AGBK,AHCO,AIG,AIRJ,ALCO,ALHC,ALMU,AM,AMBP,AMCR,AMGN","AAL,ABAT,ABCL,ABEV,ACB,ACHR,ACHV,ACN,ACOG,ACRE,ADAG,ADAM,ADBE,ADMA,AEM,AEVA,AFBI,AG,AGEN,AGI,AGM,AGNC,AIRO,ALC,ALOY,ALTO,AMLX,AMPG"
2026-04-29 15:30:00+00:00,L0782,L0778,expansion,expansion,0.799502972157021,0.2050956805147241,8,ACCO;ADV;AFG;AGBK;AHRT;AIR;AIZ;ALL,23,AAPG-AAT;AARD-AFJK;ABT-AGCO;ACCO-AFJK;ACN-AES;ADMA-ADT;ADMA-ADUS;ADV-ALK;ADV-ALLY;AEE-AIN;AEG-AIZ;AES-AIN;AFG-AFJK;AFJK-AIG;AFJK-AJG;AGBK-ALLE;AGCO-AIZ;AIG-AIN;AIT-ALLY;AIT-ALNT;AIZ-AMG;ALC-ALGT;ALGN-ALL,0.0002927990863099694,3.6896111840500514,0.013012048192771084,1.225734199042952,"A,AARD,AAT,ABT,ACAD,ACCO,ACGL,ACI,ACIC,ACNT,ADC,ADMA,ADV,AEBI,AEE,AEP,AES,AFG,AFRI,AGBK,AHCO,AHRT,AIG,AIR,AIRS,AIT,AIV,AIZ,AJG,ALC,ALCO,ALHC,ALL,ALM,ALMS,ALMU,AM,AMBP,AMCR,AMGN,AMH","AAMI,AAP,AAPG,ABBV,ABCB,ACN,ADT,ADUR,ADUS,AEG,AENT,AEO,AFJK,AGCO,AIN,ALGN,ALGT,ALH,ALK,ALLE,ALLT,ALLY,ALNT,ALV,AMG,AMN,AMP"
2026-04-29 16:00:00+00:00,L0785,L0778,confirmation,expansion,0.3747910606748321,0.5367853640562515,1,ALCO,5,AEE-AGCO;AENT-AFJK;AIV-ALGN;AIV-ALL;AIZ-AMH,9.16411227080971e-05,2.080586400113105,0.012587412587412588,0.7955076393357132,"AARD,ACI,ACNT,ADC,AEE,AEP,AES,AFJK,AIG,AIV,AJG,ALCO,ALNY,AMH","AA,AAMI,AAP,ABCB,ABNB,ABUS,ACCO,ACM,ACU,ADT,ADUS,ADV,AENT,AEO,AFBI,AFCG,AFG,AGCO,AGM,AGNC,AGO,AHRT,AII,AIR,AIT,AIZ,AKTS,ALGN,ALGT,ALH,ALK,ALL,ALLE,ALLY,ALNT,ALTG,ALV,AMCX,AMN,AMP,AMPH"
2026-04-29 16:15:00+00:00,L0776,L0781,expansion,maturity,0.8561324918049841,0.43095493393080564,3,AENT;AGCC;AMBA,10,ABNB-ACEL;ACEL-ACHC;ACEL-ACNB;ACEL-AGPU;ACET-ACLS;ACTG-QQQ;ADTN-AFRI;AEHR-AMBA;AENT-AMBQ;AHR-AII,0.002164272707886994,2.8458640019095975,0.013223140495867768,1.0995756992725165,"AAOI,AAON,AAUC,ABG,ABVX,ACA,ACDC,ACEL,ACET,ACMR,ACRS,ACT,ACVA,AD,ADI,ADM,ADP,ADSE,ADTN,AEC,AENT,AER,AERO,AESI,AGCC,AGIO,AGM,AGMB,AGO,AGRO,AGX,AHR,AIOT,AIR,AKAM,AKR,ALAB,ALAR,ALB,ALGM,ALKS,ALMR,ALNY,ALOT,ALSN,ALX,AMAT,AMBA,AMCI,AME,QQQ","AAPL,ABEO,ABNB,ABR,ABX,ACHC,ACIW,ACLS,ACNB,ACR,ACTG,ADEA,ADNT,ADPT,ADSK,ADUR,AEG,AEHR,AEXA,AEYE,AFRI,AFRM,AGPU,AGYS,AII,AIN,AIP,AIRG,AKO-B,ALG,ALKT,ALLT,ALRS,ALVO,AMAL,AMBQ,AMD,AMKR"
2026-04-29 16:15:00+00:00,L0782,L0781,decay,maturity,0.18961931391935458,0.43095493393080564,6,AEIS;AGL;AI;ALHC;ALMS;ALRM,18,AAPL-AGL;ABNB-ALC;ABNB-ALRM;ABR-AGL;ACHC-ALOY;ACHC-ALRM;ACNB-AEIS;ACNB-ALRM;ACTG-AEIS;ADBE-AFRI;AEG-AFYA;AEG-ALTO;AEIS-AFRM;AEIS-AIP;AFRM-ALMS;AGPU-ALOY;AI-AII;AI-ALG,0.0008950810006354004,3.436870402139885,0.013223140495867768,1.0473733459643995,"AAL,ABAT,ABEV,ACB,ACHR,ACHV,ACN,ACOG,ACRE,ADAG,ADAM,ADBE,ADMA,AEIS,AEM,AEVA,AFYA,AG,AGBK,AGEN,AGI,AGL,AI,AIRJ,AIRO,ALC,ALHC,ALM,ALMS,ALOY,ALRM,ALTO,AMPG","AAPL,ABEO,ABNB,ABR,ABX,ACHC,ACIW,ACLS,ACNB,ACR,ACTG,ADEA,ADNT,ADPT,ADSK,ADUR,AEG,AEHR,AEXA,AEYE,AFRI,AFRM,AGPU,AGYS,AII,AIN,AIP,AIRG,AKO-B,ALG,ALKT,ALLT,ALRS,ALVO,AMAL,AMBQ,AMD,AMKR"
2026-04-29 16:45:00+00:00,L0787,L0781,decay,maturity,1.0502076204905109,0.5472172608697354,5,AARD;ABM;ADPT;ALHC;ALMU,7,A-ALVO;AAPL-AIG;AARD-AEBI;AARD-AMBQ;ABBV-ADUR;ACAD-ACGL;AEHR-ALHC,0.001853415509685874,2.9006158602789918,0.0180327868852459,1.2070863475106088,"A,AAPG,AARD,AAT,ABBV,ABM,ABT,ACGL,ACI,ACNT,ADC,ADPT,AEE,AEP,AES,AEXA,AHCO,AIG,AIV,ALC,ALCO,ALHC,ALM,ALMU,AM,AMBP,AMCR,AMGN","AAPL,ABEO,ABNB,ABR,ABX,ACAD,ACIW,ACLS,ACNB,ACR,ACTG,ADEA,ADNT,ADSK,ADUR,AEBI,AEHR,AEIS,AENT,AEYE,AFRM,AGL,AGYS,AI,AII,AIN,AIOT,AIP,AIRG,AIRS,AKAM,AKO-B,ALG,ALKT,ALLT,ALMS,ALRM,ALRS,ALVO,AMAL,AMBA,AMBQ,AMD,AMKR"
2026-04-29 16:45:00+00:00,L0782,L0781,expansion,maturity,0.7022695546589302,0.5472172608697354,5,ACHC;ADBE;AGPU;AIRJ;ALOY,6,ABR-ABSI;ACHR-AENT;ACHR-AII;ACR-ALTO;ADBE-AGL;AEVA-AFRM,0.0029340283945202827,2.85032509001562,0.0180327868852459,1.0901322351952916,"AAL,ABAT,ABEV,ABSI,ACB,ACHC,ACHR,ACHV,ACOG,ACRE,ACU,ADAG,ADAM,ADBE,ADMA,AEM,AEVA,AFYA,AG,AGEN,AGI,AGM,AGPU,AIRJ,AIRO,AKTS,ALOY,ALTO,AMLX,AMPG,AMPH","AAPL,ABEO,ABNB,ABR,ABX,ACAD,ACIW,ACLS,ACNB,ACR,ACTG,ADEA,ADNT,ADSK,ADUR,AEBI,AEHR,AEIS,AENT,AEYE,AFRM,AGL,AGYS,AI,AII,AIN,AIOT,AIP,AIRG,AIRS,AKAM,AKO-B,ALG,ALKT,ALLT,ALMS,ALRM,ALRS,ALVO,AMAL,AMBA,AMBQ,AMD,AMKR"
2026-04-29 16:45:00+00:00,L0782,L0778,expansion,maturity,0.7022695546589302,0.47496530254931535,0,,9,AA-AGI;AA-AGPU;AAL-ALK;ABEV-ADUS;ACN-AG;ACN-AGEN;ACRE-AMP;AEG-AFYA;ALK-AMPH,0.002620077255414799,2.3284485053494914,0.013138686131386862,0.9372533864195546,"AAL,ABAT,ABEV,ABSI,ACB,ACHC,ACHR,ACHV,ACOG,ACRE,ACU,ADAG,ADAM,ADBE,ADMA,AEM,AEVA,AFYA,AG,AGEN,AGI,AGM,AGPU,AIRJ,AIRO,AKTS,ALOY,ALTO,AMLX,AMPG,AMPH","AA,AAMI,AAP,ABCB,ACEL,ACN,ADT,ADUS,AEG,AEO,AFBI,AFRI,AGBK,AIT,ALGT,ALK,ALLE,ALLY,ALNT,ALV,AMG,AMN,AMP"
2026-04-29 16:45:00+00:00,L0787,L0778,decay,maturity,1.0502076204905109,0.47496530254931535,0,,4,ABM-AEO;ACGL-ADUS;ADT-ALHC;AEO-AHCO,0.00153946437058039,1.6397627196767606,0.013138686131386862,0.8694633597508461,"A,AAPG,AARD,AAT,ABBV,ABM,ABT,ACGL,ACI,ACNT,ADC,ADPT,AEE,AEP,AES,AEXA,AHCO,AIG,AIV,ALC,ALCO,ALHC,ALM,ALMU,AM,AMBP,AMCR,AMGN","AA,AAMI,AAP,ABCB,ACEL,ACN,ADT,ADUS,AEG,AEO,AFBI,AFRI,AGBK,AIT,ALGT,ALK,ALLE,ALLY,ALNT,ALV,AMG,AMN,AMP"
2026-04-29 17:00:00+00:00,L0781,L0782,expansion,expansion,0.5925195456641101,0.4521362416393734,3,AI;ALHC;ALMU,14,AAL-ALV;AAT-ALMS;ACAD-ADPT;ACAD-ALVO;ACHR-ADBE;ACIW-AMGN;ACNB-ALM;ADSK-AHCO;AEVA-ALV;AGEN-AGL;AGEN-AGPU;AI-AMLX;ALC-ALVO;ALOY-AMCR,8.392223389819264e-05,3.0449219875779776,0.017518248175182483,1.0772549703118166,"AAPL,AARD,ABEO,ABM,ABNB,ABR,ABX,ACHC,ACIW,ACLS,ACNB,ACR,ACTG,ADBE,ADEA,ADNT,ADPT,ADSK,AEBI,AEHR,AEIS,AEYE,AFRM,AGBK,AGL,AGPU,AGYS,AI,AII,AIOT,AIP,AIRG,AIRJ,AIRS,AKO-B,ALG,ALGT,ALHC,ALKT,ALMS,ALMU,ALOY,ALRM,ALRS,ALV,ALVO,AMAL,AMBA,AMBQ,AMD,AMKR","A,AAL,AAPG,AAT,ABAT,ABEV,ABSI,ABT,ACAD,ACB,ACGL,ACHR,ACHV,ACIC,ACOG,ACRE,ADAG,ADAM,ADMA,AEM,AEVA,AFG,AFYA,AG,AGEN,AGI,AHCO,AIRO,ALC,ALM,ALTO,AM,AMBP,AMCR,AMGN,AMLX,AMPG"
2026-04-29 17:00:00+00:00,L0788,L0782,expansion,expansion,0.5802467770674237,0.4521362416393734,1,ABCL,11,ABCL-ALM;ABSI-ABUS;ABT-ABUS;ABT-AGCO;ACN-AMLX;ACRE-AMCX;AFBI-AMBP;AFG-AIR;AGI-ALTG;AGNC-AIRO;AHRT-AIRO,0.0001996573992073536,2.6404824379458787,0.017518248175182483,0.9724632523247861,"AA,AAP,ABCB,ABCL,ABUS,ACCO,ACEL,ACM,ACN,ACU,ADT,ADUS,ADV,AEO,AFBI,AFCG,AGCO,AGM,AGNC,AHRT,AIR,AIZ,AKTS,ALGN,ALH,ALK,ALKS,ALLE,ALLY,ALTG,AMCX,AMN,AMP,AMPH","A,AAL,AAPG,AAT,ABAT,ABEV,ABSI,ABT,ACAD,ACB,ACGL,ACHR,ACHV,ACIC,ACOG,ACRE,ADAG,ADAM,ADMA,AEM,AEVA,AFG,AFYA,AG,AGEN,AGI,AHCO,AIRO,ALC,ALM,ALTO,AM,AMBP,AMCR,AMGN,AMLX,AMPG"
2026-04-29 17:00:00+00:00,L0781,L0776,expansion,maturity,0.5925195456641101,0.4144656643154188,3,AIOT;AKO-B;AMBA,6,ADTN-AEYE;AEYE-ALAB;AGCC-AMBA;AGMB-ALMU;AGX-AMBA;AKAM-AMBA,0.0009629059277358465,2.5723290292525225,0.032679738562091505,0.9500797810913031,"AAPL,AARD,ABEO,ABM,ABNB,ABR,ABX,ACHC,ACIW,ACLS,ACNB,ACR,ACTG,ADBE,ADEA,ADNT,ADPT,ADSK,AEBI,AEHR,AEIS,AEYE,AFRM,AGBK,AGL,AGPU,AGYS,AI,AII,AIOT,AIP,AIRG,AIRJ,AIRS,AKO-B,ALG,ALGT,ALHC,ALKT,ALMS,ALMU,ALOY,ALRM,ALRS,ALV,ALVO,AMAL,AMBA,AMBQ,AMD,AMKR","AAOI,AAON,AAUC,ABG,ABVX,ACA,ACDC,ACET,ACMR,ACRS,ACT,ACVA,AD,ADI,ADM,ADP,ADSE,ADTN,AEC,AENT,AERO,AESI,AFL,AGCC,AGIO,AGMB,AGO,AGRO,AGX,AHR,AIN,AKAM,AKR,ALAB,ALAR,ALB,ALGM,ALMR,ALNY,ALOT,ALSN,ALX,AMAT,AMCI,AME,QQQ"
2026-04-29 17:00:00+00:00,L0788,L0776,expansion,maturity,0.5802467770674237,0.4144656643154188,0,,9,ABCB-ACA;ABG-ALH;AEC-AGNC;AEC-AKTS;AENT-AIR;AEO-ALSN;AFCG-ALMR;AGMB-AMPH;ALSN-AMP,0.0010786410930450074,2.313313745559886,0.032679738562091505,0.881644129589138,"AA,AAP,ABCB,ABCL,ABUS,ACCO,ACEL,ACM,ACN,ACU,ADT,ADUS,ADV,AEO,AFBI,AFCG,AGCO,AGM,AGNC,AHRT,AIR,AIZ,AKTS,ALGN,ALH,ALK,ALKS,ALLE,ALLY,ALTG,AMCX,AMN,AMP,AMPH","AAOI,AAON,AAUC,ABG,ABVX,ACA,ACDC,ACET,ACMR,ACRS,ACT,ACVA,AD,ADI,ADM,ADP,ADSE,ADTN,AEC,AENT,AERO,AESI,AFL,AGCC,AGIO,AGMB,AGO,AGRO,AGX,AHR,AIN,AKAM,AKR,ALAB,ALAR,ALB,ALGM,ALMR,ALNY,ALOT,ALSN,ALX,AMAT,AMCI,AME,QQQ"
2026-04-29 17:15:00+00:00,L0790,L0788,confirmation,expansion,0.7987824234120368,0.2676119422838426,2,AFRI;AIT,12,ABCB-AIT;ACCO-ALL;ACGL-AIZ;ADT-AFRI;ADT-AIT;ADUS-AFRI;AES-AHRT;AFRI-AMPH;AGCO-AIT;AIR-AIT;AIR-AJG;ALKS-ALNY,0.002592826262116432,2.8483501219996157,0.00981308411214953,1.0334778028254903,"ACAD,ACGL,ACIC,ACN,ACNT,ADC,AEE,AEP,AES,AFJK,AFRI,AIG,AIT,AIV,AJG,ALL,ALNY,AM,AMGN,AMH","AA,AAP,ABCB,ABM,ABSI,ABUS,ACCO,ACEL,ACM,ACU,ADT,ADUS,ADV,AEO,AEXA,AFBI,AFCG,AFG,AGCO,AGM,AGNC,AGPU,AHRT,AIR,AIZ,AKTS,ALCO,ALGN,ALH,ALK,ALKS,ALLE,ALLY,ALTG,AMCX,AMN,AMP,AMPH"
2026-04-29 17:15:00+00:00,L0789,L0788,confirmation,expansion,0.1952335291276565,0.2676119422838426,3,AAMI;ALNT;AMG,4,AAMI-AEO;ADUS-ALNT;AIR-ALSN;ALLY-AMG,0.000836528604850173,2.405471307535636,0.00981308411214953,0.7416934309241812,"AAMI,ABBV,ADUR,AEG,AER,AIN,ALLT,ALNT,ALSN,AMG","AA,AAP,ABCB,ABM,ABSI,ABUS,ACCO,ACEL,ACM,ACU,ADT,ADUS,ADV,AEO,AEXA,AFBI,AFCG,AFG,AGCO,AGM,AGNC,AGPU,AHRT,AIR,AIZ,AKTS,ALCO,ALGN,ALH,ALK,ALKS,ALLE,ALLY,ALTG,AMCX,AMN,AMP,AMPH"
2026-04-29 17:30:00+00:00,L0782,L0790,expansion,expansion,1.0328601601346323,0.7689077481355013,9,AAT;ACRE;ADMA;AFYA;ALC;ALM;ALTO;AMBP;AMCR,14,A-AAT;AAT-AFG;ABEV-AIZ;ABEV-ALTG;ABEV-AMCX;ABSI-AIZ;ADAG-AEP;ADAM-AIZ;AFCG-AGCO;AGCO-AGNC;AIZ-AMLX;AJG-AMPH;AMCR-AMGN;AMCX-AMPG,0.0001697142724879086,3.4970217149411322,0.015,1.4170358012163233,"AAL,AAT,ABAT,ABCL,ABEV,ABSI,ABUS,ACB,ACHC,ACHR,ACHV,ACM,ACOG,ACRE,ACU,ADAG,ADAM,ADBE,ADMA,AEM,AEVA,AFCG,AFYA,AG,AGBK,AGEN,AGI,AGM,AGNC,AI,AIRJ,AIRO,AKTS,ALC,ALHC,ALM,ALMU,ALOY,ALTO,AMBP,AMCR,AMLX,AMPG,AMPH","A,AAPG,ABBV,ABT,ACAD,ACCO,ACGL,ACIC,ACN,ACNT,ADC,AEE,AEP,AES,AFG,AFJK,AFL,AGCO,AGMB,AHCO,AHRT,AIG,AIV,AIZ,AJG,ALL,ALTG,AM,AMCX,AMGN,AMH"
2026-04-29 17:45:00+00:00,L0781,L0790,decay,maturity,0.47882567013483435,0.2348693483147281,1,ADV,16,AAPL-ACIC;AAPL-AES;AAPL-AIG;ABEO-ACAD;ACI-ACNT;ACI-AEE;ACI-AFYA;ACNT-AEYE;ADPT-AMBP;ADV-AES;ADV-AFG;AEE-ALCO;AEHR-ALM;AES-ALRS;AFYA-AGYS;AGYS-ALC,0.0015353420312749222,2.9524872522868377,0.013235294117647059,0.9542156127242252,"AAPL,AARD,ABBV,ABEO,ABR,ABX,ACI,ACIW,ACNB,ACTG,ADEA,ADNT,ADPT,ADSK,ADUR,ADV,AEG,AEHR,AEXA,AEYE,AFRM,AGYS,AII,AIN,AIP,AIRG,ALCO,ALKT,ALLT,ALRS,ALVO,AMAL,AMBQ,AMKR","A,AAPG,AAT,ABT,ACAD,ACGL,ACIC,ACNT,ACRE,ADC,ADMA,AEE,AEP,AES,AFG,AFJK,AFYA,AHCO,AHRT,AIG,AIV,AJG,ALC,ALL,ALM,ALTO,AM,AMBP,AMCR,AMGN"
2026-04-29 18:30:00+00:00,L0781,L0788,expansion,maturity,0.1751154926931545,0.710554776235172,4,AAPL;ABBV;ADUR;AEG,9,AAPL-AFRI;AAPL-ALK;AAPL-ALLY;ABCB-AHR;ACNB-AFRI;ACR-AMCX;ADUR-AMP;AFRI-ALAB;AGCO-AIRS,3.150262637063861e-05,2.890546757173846,0.010071942446043165,0.9898485613388659,"AAOI,AAPL,ABBV,ABEO,ABR,ABX,ACIW,ACLS,ACNB,ACR,ACTG,ACVA,ADEA,ADNT,ADSE,ADTN,ADUR,AEG,AEHR,AENT,AESI,AEYE,AGCC,AGYS,AHR,AII,AIN,AIOT,AIP,AIRG,AIRS,AKAM,AKO-B,ALAB,ALG,ALLT,ALRS,ALVO,AMAT,AMBA,AMBQ,AMD,AMKR,QQQ","AA,AAMI,AAP,ABCB,ACEL,ACRE,ADT,ADUS,AEO,AFRI,AGCO,AGPU,AIR,AIT,ALGN,ALH,ALK,ALKS,ALLE,ALLY,ALNT,ALSN,AMCX,AMG,AMN,AMP,AMPH"
2026-04-29 18:30:00+00:00,L0793,L0788,confirmation,maturity,0.41755473257212705,0.710554776235172,0,,11,AAMI-AGI;AAP-AGI;ABCL-AMCX;ACEL-AFBI;ACN-ALK;ACN-ALLY;AEM-AGCO;AFBI-ALSN;AGI-ALH;AGNC-AIR;ALTG-AMCX,-7.086573168635368e-05,2.4849066497880004,0.010071942446043165,0.9611703064560962,"ABAT,ABCL,ABEV,ABSI,ABUS,ACHV,ACM,ACN,ACOG,ACU,ADAG,ADAM,AEM,AFBI,AFCG,AFJK,AG,AGI,AGM,AGNC,AIRO,ALTG,AMLX,AMPG","AA,AAMI,AAP,ABCB,ACEL,ACRE,ADT,ADUS,AEO,AFRI,AGCO,AGPU,AIR,AIT,ALGN,ALH,ALK,ALKS,ALLE,ALLY,ALNT,ALSN,AMCX,AMG,AMN,AMP,AMPH"
2026-04-29 18:45:00+00:00,L0782,L0781,expansion,expansion,1.045797623870346,0.4690491480853952,0,,14,AAT-AEBI;ABCL-ACR;ABX-ALHC;ACHR-ALG;ACHR-ALMS;ADAG-ALMS;AEBI-ALRM;AEHR-ALHC;AEHR-ALTO;AEIS-AEVA;AENT-AGNC;AFRM-ALHC;AIRS-ALRM;AMBP-AMBQ,0.0029280068119987845,2.727382173945531,0.029347826086956522,1.1407017489861486,"AAL,AAT,ABAT,ABCL,ABEV,ACB,ACHR,ACHV,ACN,ACOG,ACRE,ACU,ADAG,ADAM,ADBE,ADMA,AEM,AEVA,AFJK,AFYA,AG,AGBK,AGEN,AGI,AGL,AGNC,AHRT,AI,AIRJ,AIRO,AIZ,ALC,ALHC,ALM,ALOY,ALRM,ALTG,ALTO,AMBP,AMCR,AMCX,AMPG","AAOI,AARD,ABEO,ABR,ABX,ACDC,ACIW,ACLS,ACMR,ACNB,ACR,ACTG,ACVA,ADEA,ADNT,ADPT,ADSE,ADSK,ADTN,ADV,AEBI,AEHR,AEIS,AENT,AESI,AEYE,AFRM,AGCC,AGX,AGYS,AHR,AII,AIN,AIOT,AIP,AIRG,AIRS,AKAM,AKO-B,ALAB,ALG,ALKT,ALLT,ALMS,ALRS,ALVO,AMAL,AMAT,AMBA,AMBQ,AMD,AMKR,QQQ"
2026-04-29 18:45:00+00:00,L0782,L0788,expansion,maturity,1.045797623870346,0.76273563056042,0,,5,AAMI-ALC;AAMI-AMCX;ACHR-ALV;ADUR-ALTG;ALGT-ALOY,-0.00019527094264049083,1.791759469228055,0.01307506053268765,0.9924611027161467,"AAL,AAT,ABAT,ABCL,ABEV,ACB,ACHR,ACHV,ACN,ACOG,ACRE,ACU,ADAG,ADAM,ADBE,ADMA,AEM,AEVA,AFJK,AFYA,AG,AGBK,AGEN,AGI,AGL,AGNC,AHRT,AI,AIRJ,AIRO,AIZ,ALC,ALHC,ALM,ALOY,ALRM,ALTG,ALTO,AMBP,AMCR,AMCX,AMPG","AA,AAMI,AAP,AAPL,ABBV,ABCB,ABNB,ACEL,ADT,ADUR,ADUS,AEG,AEO,AFRI,AGPU,AIT,ALGT,ALK,ALLE,ALLY,ALNT,ALV,AMG,AMN,AMP"
2026-04-29 18:45:00+00:00,L0790,L0788,decay,maturity,0.3864784794186339,0.76273563056042,0,,6,AAMI-AFG;AAMI-ALMU;ABBV-AIG;ABCB-AFG;ACEL-AES;AJG-ALLY,0.002756791465799324,1.9845371621821688,0.01307506053268765,0.8428597826191615,"A,AAPG,ABM,ABT,ACAD,ACGL,ACI,ACIC,ACNT,ADC,AEE,AEP,AES,AEXA,AFG,AHCO,AIG,AJG,ALCO,ALL,ALMU,AM,AMGN,AMH","AA,AAMI,AAP,AAPL,ABBV,ABCB,ABNB,ACEL,ADT,ADUR,ADUS,AEG,AEO,AFRI,AGPU,AIT,ALGT,ALK,ALLE,ALLY,ALNT,ALV,AMG,AMN,AMP"
2026-04-29 18:45:00+00:00,L0790,L0781,decay,expansion,0.3864784794186339,0.4690491480853952,0,,3,ACNB-AES;ACR-ALMU;AEHR-ALMU,0.0058800692204386,1.5234457079939416,0.029347826086956522,0.6419218891627375,"A,AAPG,ABM,ABT,ACAD,ACGL,ACI,ACIC,ACNT,ADC,AEE,AEP,AES,AEXA,AFG,AHCO,AIG,AJG,ALCO,ALL,ALMU,AM,AMGN,AMH","AAOI,AARD,ABEO,ABR,ABX,ACDC,ACIW,ACLS,ACMR,ACNB,ACR,ACTG,ACVA,ADEA,ADNT,ADPT,ADSE,ADSK,ADTN,ADV,AEBI,AEHR,AEIS,AENT,AESI,AEYE,AFRM,AGCC,AGX,AGYS,AHR,AII,AIN,AIOT,AIP,AIRG,AIRS,AKAM,AKO-B,ALAB,ALG,ALKT,ALLT,ALMS,ALRS,ALVO,AMAL,AMAT,AMBA,AMBQ,AMD,AMKR,QQQ"
2026-04-29 19:00:00+00:00,L0788,L0790,decay,expansion,0.7786039673245639,0.33606365928931164,0,,8,AAP-AMCR;AAPL-AEXA;ADUS-AHCO;AEO-AHCO;AHRT-AMPH;ALK-AMCR;ALL-AMP;AMCR-AMPH,-0.0017142351134680212,2.1972245773362196,0.014364640883977901,0.8858611284508142,"AA,AAMI,AAP,AAPL,ABCB,ACEL,ADT,ADUR,ADUS,AEG,AEO,AFRI,AGPU,AIT,ALK,ALLE,ALLY,ALNT,AMG,AMN,AMP,AMPH","A,AAPG,AAT,ABM,ABT,ACAD,ACGL,ACI,ACIC,ACNT,ACOG,ACRE,ADC,AEE,AEP,AES,AEXA,AFG,AFJK,AHCO,AHRT,AIG,AIZ,AJG,ALCO,ALL,AM,AMCR,AMGN,AMH"
2026-04-29 19:15:00+00:00,L0788,L0795,expansion,confirmation,0.6371618285592827,0.3850989464831756,3,AGNC;AMCX;AMPH,12,AAMI-ALGN;ABCB-AGI;ACCO-AGNC;ACHV-AMPH;ADT-AIR;AEO-AG;AG-AMN;AG-AMPH;AGI-AHRT;AGNC-AMLX;ALGN-ALNT;ALH-AMCR,0.0015303317923098803,2.9524610936445597,0.01791044776119403,1.0474800730880565,"AAMI,AAP,AAPL,ABCB,ABM,ACEL,ACR,ACRE,ADT,ADUR,ADUS,AEG,AENT,AEO,AGBK,AGNC,AHRT,AIT,AKO-B,ALGT,ALK,ALLE,ALLY,ALNT,ALV,AMCR,AMCX,AMG,AMN,AMP,AMPH","ABAT,ABCL,ABEV,ABSI,ABUS,ACCO,ACHV,ACM,ACOG,ACU,ADAG,ADAM,ADMA,AEM,AEVA,AFCG,AFJK,AG,AGCO,AGI,AGM,AIR,AIRO,AIRS,AIZ,AKTS,ALGN,ALH,ALKS,ALMR,ALNY,ALTG,AMLX,AMPG"
2026-04-29 19:15:00+00:00,L0788,L0790,expansion,maturity,0.6371618285592827,0.372420666058211,2,AHRT;AMCR,13,ABCB-AFG;ABT-ALK;ADT-AFG;ADUS-AGO;ADUS-ALL;AGBK-AM;AHCO-ALLY;AHCO-AMCR;AHRT-ALL;AIT-ALL;AJG-AMCR;ALL-AMCX;AMCR-AMGN,0.0004091701266588643,2.8926423455302532,0.015189873417721518,1.0283138157804697,"AAMI,AAP,AAPL,ABCB,ABM,ACEL,ACR,ACRE,ADT,ADUR,ADUS,AEG,AENT,AEO,AGBK,AGNC,AHRT,AIT,AKO-B,ALGT,ALK,ALLE,ALLY,ALNT,ALV,AMCR,AMCX,AMG,AMN,AMP,AMPH","A,AAPG,ABBV,ABT,ACAD,ACGL,ACI,ACIC,ACNT,ADC,AEE,AEP,AES,AEXA,AFBI,AFG,AFL,AGMB,AGO,AHCO,AIG,AIV,AJG,ALCO,ALL,ALX,AM,AMGN,AMH"
2026-04-29 19:15:00+00:00,L0782,L0795,maturity,confirmation,0.679114119818686,0.3850989464831756,2,ACN;AMBP,11,AA-AIRS;AA-AKTS;AAT-AGI;ABSI-ACB;ABUS-ACN;ABUS-ADBE;ABUS-AGEN;ABUS-ALMU;ACHR-ACU;ADSK-AG;AEM-AMBP,0.002193523454479873,2.786205118509549,0.01791044776119403,1.0185017666821248,"AA,AAL,AAT,ABNB,ABR,ACB,ACHC,ACHR,ACN,ADBE,ADSK,AFYA,AGEN,AGL,AGPU,AI,AIRJ,ALC,ALHC,ALM,ALMS,ALMU,ALOY,ALRM,ALTO,AMBP","ABAT,ABCL,ABEV,ABSI,ABUS,ACCO,ACHV,ACM,ACOG,ACU,ADAG,ADAM,ADMA,AEM,AEVA,AFCG,AFJK,AG,AGCO,AGI,AGM,AIR,AIRO,AIRS,AIZ,AKTS,ALGN,ALH,ALKS,ALMR,ALNY,ALTG,AMLX,AMPG"
2026-04-29 19:15:00+00:00,L0782,L0790,maturity,maturity,0.679114119818686,0.372420666058211,1,ALMU,9,AAT-ABT;ABBV-AFYA;ABT-ALMS;ACN-AJG;ACNT-ALMU;AFYA-AMGN;AHCO-ALMU;AHCO-ALTO;AHCO-AMBP,0.0010723617888288572,2.4938033051658666,0.015189873417721518,0.9411897430671939,"AA,AAL,AAT,ABNB,ABR,ACB,ACHC,ACHR,ACN,ADBE,ADSK,AFYA,AGEN,AGL,AGPU,AI,AIRJ,ALC,ALHC,ALM,ALMS,ALMU,ALOY,ALRM,ALTO,AMBP","A,AAPG,ABBV,ABT,ACAD,ACGL,ACI,ACIC,ACNT,ADC,AEE,AEP,AES,AEXA,AFBI,AFG,AFL,AGMB,AGO,AHCO,AIG,AIV,AJG,ALCO,ALL,ALX,AM,AMGN,AMH"
2026-04-29 19:30:00+00:00,L0795,L0790,expansion,maturity,0.6654330322315642,0.6272291389274847,2,AIZ;AMCX,11,ABBV-ALKS;ABT-ACU;ACCO-AHRT;ACCO-AMCR;ACI-ACU;AEE-ALNY;AFJK-AGMB;AGM-AHCO;AGM-AJG;AIG-ALNY;AJG-AMPH,0.0010319018037989736,2.779017400211408,0.013284132841328412,1.084545621326766,"ABAT,ABCL,ABEV,ABSI,ABUS,ACCO,ACHV,ACM,ACN,ACOG,ACU,ADAG,ADAM,ADMA,AEM,AEVA,AFCG,AFJK,AG,AGCO,AGI,AGM,AGNC,AIRO,AIRS,AIV,AIZ,AKTS,ALGN,ALH,ALKS,ALMR,ALNY,ALTG,AMBP,AMCX,AMLX,AMPG,AMPH","A,AAPG,ABBV,ABT,ACAD,ACGL,ACI,ACIC,ACNT,ADC,ADV,AEE,AEP,AES,AEXA,AFG,AGMB,AHCO,AHRT,AIG,AJG,ALCO,ALL,ALMU,AM,AMCR,AMGN,AMH"
2026-04-29 19:30:00+00:00,L0781,L0790,expansion,maturity,0.7972407842332346,0.6272291389274847,0,,10,ABT-AIOT;ACI-ALVO;ACNT-ALG;ACTG-ADV;ADV-AII;AFRI-AM;AHCO-ALRS;AIG-ALVO;ALMU-AMKR;ALVO-AMGN,0.0017111938213929534,2.4133318213223425,0.013284132841328412,1.0326665522050007,"AARD,ABEO,ABX,ACIW,ACLS,ACNB,ACR,ACTG,ACVA,ADEA,ADNT,ADPT,ADSE,ADUR,AEBI,AEHR,AEIS,AENT,AEYE,AFRI,AFRM,AGCC,AGYS,AII,AIN,AIOT,AIP,AIRG,AKO-B,ALG,ALKT,ALLT,ALRS,ALVO,AMAL,AMBA,AMBQ,AMD,AMKR","A,AAPG,ABBV,ABT,ACAD,ACGL,ACI,ACIC,ACNT,ADC,ADV,AEE,AEP,AES,AEXA,AFG,AGMB,AHCO,AHRT,AIG,AJG,ALCO,ALL,ALMU,AM,AMCR,AMGN,AMH"
2026-04-29 19:45:00+00:00,L0776,L0788,decay,maturity,0.34080378046730925,0.6495451861991087,0,,67,AA-AAON;AA-ACA;AA-AME;AAL-AAON;AAL-ACMR;AAL-AERO;AAL-ALB;AAMI-AAUC;AAMI-ACVA;AAMI-ADM;AAON-AAP;AAON-ADT;AAON-ALV;AAP-ABVX;AAP-ACA;AAP-AD;AAP-ADI;AAP-AFBI;AAP-AKR;AAP-ALB;AAP-ALGM;AAP-ALSN;AAP-AME;AAUC-ALNT;ABCB-ALGM;ABM-ACMR;ABVX-ADT;ACA-ADT;ACA-ALGT;ACA-ALLY;ACA-ALV;ACEL-ALX;ACRS-AGBK;ACT-AGBK;AD-ADT;AD-ALGT;AD-ALV;ADI-ADT;ADI-AEO;ADI-ALLE;ADI-ALV;ADM-ADUS;ADM-ALNT;ADP-ADUS;ADP-ALNT;ADP-AMN;ADSE-AEO;ADSE-ALK;ADT-AER;ADT-AFBI;ADT-AME;ADUS-AGIO;ADUS-AGO;AEC-AGBK;AEO-AIR;AEO-ALGM;AGBK-AGRO;AGBK-ALX;AGIO-AMN;AIR-ALK;AIR-ALLE;ALAR-ALLY;ALB-ALLY;ALGM-ALK;ALGM-ALV;ALSN-ALV;ALV-AME,0.0019309117633383721,4.222343257318185,0.010268948655256722,1.3542308466277602,"AAON,AAUC,ABG,ABVX,ACA,ACET,ACMR,ACRS,ACT,ACVA,AD,ADI,ADM,ADP,ADSE,AEC,AER,AERO,AFBI,AGIO,AGO,AGRO,AIR,AKR,ALAR,ALB,ALGM,ALH,ALMR,ALOT,ALSN,ALX,AMCI,AME","AA,AAL,AAMI,AAP,ABCB,ABM,ACEL,ADT,ADUS,AEO,AGBK,AIT,ALGT,ALK,ALLE,ALLY,ALNT,ALV,AMN"
2026-04-29 19:45:00+00:00,L0790,L0781,maturity,expansion,0.5253709615423876,0.706201194783669,0,,35,AAPL-AFG;AAPL-AFL;AAPL-AJG;ABBV-AGX;ABBV-ALLT;ABR-AEE;ABR-AEP;ABR-AES;ABR-AMH;ACDC-AFL;ACIW-ACNT;ACIW-AFL;ACIW-AIG;ACNT-ACR;ACR-AFL;ADSK-AFG;ADSK-AFL;ADUR-AHRT;AEE-ALRS;AES-ALRS;AFG-AGYS;AFG-AII;AFG-AIN;AFG-ALKT;AFL-AGYS;AFL-AIN;AFL-ALAB;AFL-ALKT;AFL-AMKR;AIN-AJG;AIOT-AMCR;AIV-AMGN;AJG-ALAB;AJG-ALKT;ALAB-AM,0.004029742209240794,3.5946504806707127,0.03114754098360656,1.2728063982130362,"ABBV,ABT,ACAD,ACGL,ACI,ACIC,ACNT,ADC,ADV,AEE,AEP,AES,AEXA,AFG,AFL,AGMB,AHRT,AIG,AIZ,AJG,ALCO,ALL,AM,AMCR,AMCX,AMG,AMGN,AMH,AMP","AAOI,AAPL,AARD,ABEO,ABNB,ABR,ABX,ACDC,ACIW,ACLS,ACNB,ACR,ACTG,ADEA,ADNT,ADSK,ADTN,ADUR,AEG,AEHR,AEIS,AENT,AESI,AEYE,AFRI,AFRM,AGCC,AGX,AGYS,AHR,AII,AIN,AIOT,AIP,AIRG,AIV,AKAM,AKO-B,ALAB,ALG,ALKT,ALLT,ALRM,ALRS,ALVO,AMAL,AMAT,AMBA,AMBQ,AMD,AMKR,QQQ"
2026-04-29 19:45:00+00:00,L0776,L0781,decay,expansion,0.34080378046730925,0.706201194783669,0,,42,AAPL-ADP;AAPL-AEC;AAUC-ADNT;AAUC-ALLT;ABEO-AGIO;ABVX-AEG;ABX-ACRS;ACA-ADUR;ACA-AEG;ACMR-AEIS;ACMR-AGCC;ACR-ADP;ACRS-AMKR;ACT-ALKT;ACVA-AMAL;AD-ADUR;AD-ALRS;ADI-AIV;ADP-AFRI;ADP-AIN;ADP-AIRG;ADUR-AER;ADUR-AERO;ADUR-ALSN;ADUR-AME;AEG-AER;AEG-AMCI;AENT-AME;AER-ALLT;AFBI-AGX;AFBI-ALG;AFRI-AGIO;AGIO-AIRG;AGIO-AKAM;AGIO-ALRM;AGX-AME;AII-ALOT;AIOT-AKR;AKO-B-ALGM;ALB-ALG;ALG-AME;ALLT-ALSN,0.003167153336107731,3.7685385959342055,0.03114754098360656,1.2609082727063858,"AAON,AAUC,ABG,ABVX,ACA,ACET,ACMR,ACRS,ACT,ACVA,AD,ADI,ADM,ADP,ADSE,AEC,AER,AERO,AFBI,AGIO,AGO,AGRO,AIR,AKR,ALAR,ALB,ALGM,ALH,ALMR,ALOT,ALSN,ALX,AMCI,AME","AAOI,AAPL,AARD,ABEO,ABNB,ABR,ABX,ACDC,ACIW,ACLS,ACNB,ACR,ACTG,ADEA,ADNT,ADSK,ADTN,ADUR,AEG,AEHR,AEIS,AENT,AESI,AEYE,AFRI,AFRM,AGCC,AGX,AGYS,AHR,AII,AIN,AIOT,AIP,AIRG,AIV,AKAM,AKO-B,ALAB,ALG,ALKT,ALLT,ALRM,ALRS,ALVO,AMAL,AMAT,AMBA,AMBQ,AMD,AMKR,QQQ"
2026-04-29 19:45:00+00:00,L0790,L0788,maturity,maturity,0.5253709615423876,0.6495451861991087,0,,18,AAL-ACI;ABBV-ADT;ACEL-AMCX;ACIC-AGBK;ACNT-AGBK;ADT-AEE;ADT-AEP;ADT-AMCR;ADT-AMGN;ADUS-AFG;ADUS-AFL;ADUS-AJG;AFG-AGBK;AFG-AMN;AFL-AGBK;AFL-AMN;AGBK-AJG;AJG-AMN,0.0027935006364714354,2.959034578222446,0.010268948655256722,1.093773831176349,"ABBV,ABT,ACAD,ACGL,ACI,ACIC,ACNT,ADC,ADV,AEE,AEP,AES,AEXA,AFG,AFL,AGMB,AHRT,AIG,AIZ,AJG,ALCO,ALL,AM,AMCR,AMCX,AMG,AMGN,AMH,AMP","AA,AAL,AAMI,AAP,ABCB,ABM,ACEL,ADT,ADUS,AEO,AGBK,AIT,ALGT,ALK,ALLE,ALLY,ALNT,ALV,AMN"
2026-04-30 13:45:00+00:00,L0799,L0797,confirmation,confirmation,0.899889709762105,0.5405085259123573,0,,6,AAMI-ALGM;AAMI-AMPH;AAUC-AFCG;AGPU-AMG;AIOT-AMG;ALMS-AMG,0.012926955241709948,2.1153750699959537,0.025974025974025976,0.964859342097431,"AA,AAL,AAON,AAP,ABAT,ABBV,ABCL,ABVX,ACA,ACB,ACHR,ACHV,ACM,ACMR,ACU,ADI,ADPT,ADT,ADUR,AEBI,AEM,AER,AERO,AEVA,AFBI,AFCG,AG,AGCC,AGPU,AGX,AIOT,AIP,AIRJ,AIRO,AIT,AKR,ALB,ALG,ALGM,ALLE,ALLT,ALM,ALMS,ALMU,ALOY,ALSN,AMPH","AAMI,AAPL,AAUC,ABT,ACCO,ACDC,ACIC,ACNB,ACNT,ACT,ACVA,ADAG,ADEA,ADM,ADSE,ADUS,ADV,AEC,AESI,AFG,AFL,AFRI,AFYA,AGBK,AGM,AGNC,AGO,AGRO,AHCO,AIG,AII,AIN,AIZ,AJG,ALGN,ALHC,ALKT,ALNT,ALNY,ALOT,ALX,AM,AMAL,AMCX,AMG,AMP"
2026-04-30 14:00:00+00:00,L0797,L0801,decay,confirmation,1.1505629831279545,0.6275366920562081,20,AAPL;ACIC;ACNB;ACNT;ADM;ADSE;ADUS;AFL;AGM;AGO;AHCO;AIG;AII;AIN;ALHC;ALNY;ALOT;ALX;AMCX;AMP,33,AAPL-AGBK;AAUC-ABG;ACCO-AMBP;ACIC-AGBK;ACIC-AM;ACIW-ACNT;ACIW-ADUS;ACLS-AFL;ACLS-AHCO;ACLS-AIN;ACLS-ALHC;ACN-ACNT;ACN-AIG;ACNT-AGEN;ACTG-AMCX;ADBE-ALNY;ADM-ALGN;ADUS-AFG;ADUS-AMBP;ADV-ALNY;AFG-AGO;AFG-AMAL;AFG-AMP;AFRM-AMCX;AGBK-AIN;AGEN-AIG;AGEN-AMCX;AGL-AIG;AGM-AKTS;AHCO-AMKR;AHCO-AMN;ALOT-AM;AM-AMP,0.005203551147133112,4.311072311083189,0.018266978922716625,1.6139380271644534,"AAPL,AAUC,ACCO,ACIC,ACNB,ACNT,ADAG,ADM,ADSE,ADUS,AEC,AFJK,AFL,AFYA,AGM,AGNC,AGO,AHCO,AIG,AII,AIN,AIZ,ALHC,ALNT,ALNY,ALOT,ALX,AMAL,AMCX,AMP","AAMI,ABG,ABNB,ABT,ABX,ACDC,ACEL,ACET,ACHC,ACIW,ACLS,ACN,ACR,ACRS,ACT,ACTG,ACVA,ADBE,ADP,ADSK,ADV,AESI,AEYE,AFG,AFRI,AFRM,AGBK,AGEN,AGI,AGIO,AGL,AGRO,AGYS,AI,AIRG,AIRS,AJG,AKAM,AKTS,ALAB,ALGN,ALKT,ALRM,AM,AMBA,AMBP,AMKR,AMN,QQQ"
2026-04-30 14:30:00+00:00,L0798,L0801,expansion,maturity,0.9452982133057108,0.22919536502919566,0,,16,ABT-ALAR;ABVX-ABX;ABX-AEVA;ABX-AEXA;ACAD-ADV;ACGL-ADV;ACTG-AMPH;ADMA-AIG;ADMA-AKTS;ADV-AMCI;AGO-ALAR;AGPU-AIT;AII-AKO-B;AII-ALAR;AIOT-AMG;ALMS-AMG,0.0031581229995936155,2.8516200898327977,0.017341040462427744,1.0678542520280356,"A,AAON,AAP,AAPG,ABAT,ABBV,ABEV,ABR,ABSI,ABVX,ACA,ACAD,ACGL,ACHV,ACOG,ACRE,ACU,AD,ADAM,ADC,ADI,ADMA,ADNT,ADPT,ADTN,AEBI,AEE,AEG,AEM,AENT,AEP,AES,AEVA,AEXA,AFBI,AGCO,AGMB,AGX,AHRT,AIOT,AIR,AIT,AIV,AKO-B,AKR,ALAR,ALC,ALCO,ALGM,ALGT,ALH,ALKS,ALL,ALMR,ALMS,ALRS,ALSN,ALTG,ALV,ALVO,AMCI,AMCR,AMD,AME,AMGN,AMH,AMLX,AMPG,AMPH","AAMI,AAPL,ABNB,ABT,ABX,ACDC,ACEL,ACHC,ACIC,ACIW,ACLS,ACN,ACNT,ACR,ACRS,ACT,ACTG,ACVA,ADAG,ADBE,ADM,ADP,ADSK,ADUS,ADV,AESI,AFG,AFJK,AFL,AFRI,AFRM,AGBK,AGEN,AGI,AGIO,AGL,AGM,AGO,AGPU,AGRO,AGYS,AHCO,AI,AIG,AII,AIN,AIRG,AIRS,AJG,AKAM,AKTS,ALAB,ALGN,ALHC,ALKT,ALNY,ALOT,ALRM,ALX,AM,AMBA,AMG,AMKR,AMN"
2026-04-30 15:15:00+00:00,L0805,L0798,decay,expansion,0.8494829736514693,0.5391255328075985,7,ACAD;ACGL;ADMA;ALC;ALL;ALLY;AMCI,12,AAP-AAT;AAT-AGPU;ABBV-ACAD;ABBV-ALL;ABCB-AEG;ACAD-AGPU;ACGL-ALKS;ACHV-ALC;ACI-AEP;AEG-ALLY;AEO-ALGT;AGX-AMCI,7.11242901161313e-05,3.296100254611231,0.01283422459893048,1.2425327492803677,"AAT,AAUC,ABCB,ACAD,ACGL,ACI,ACNB,ADAG,ADMA,AEO,AFJK,AFYA,AGNC,AGO,AHR,AIZ,ALAR,ALC,ALL,ALLY,ALNT,AMAL,AMBP,AMCI,AMP","A,AAON,AAP,AAPG,ABAT,ABBV,ABEV,ABSI,ABVX,ACA,ACHV,ACRE,ACU,AD,ADAM,ADC,ADI,ADNT,ADPT,ADTN,ADUR,AEBI,AEE,AEG,AEIS,AEM,AENT,AEP,AFBI,AGCO,AGPU,AGX,AIOT,AIR,AIT,AIV,ALCO,ALGM,ALGT,ALH,ALKS,ALMR,ALMS,ALRS,ALSN,ALV,ALVO,AME,AMGN"
2026-04-30 15:30:00+00:00,L0801,L0799,maturity,expansion,0.4617080987913619,0.8673843021950648,2,ABX;QQQ,12,AAMI-ALGM;AARD-ACRS;AARD-AGL;ABEO-AMBA;ABUS-QQQ;ABX-ALMU;ACET-ACT;ACHR-ADSE;ACHR-AMG;ADEA-ADUS;ADEA-AMKR;AEYE-ALHC,0.0009425033640582114,2.838742169330979,0.023076923076923078,1.111874801090211,"AAMI,AAPL,ABG,ABNB,ABT,ABX,ACCO,ACDC,ACEL,ACHC,ACIC,ACIW,ACLS,ACN,ACNT,ACR,ACRS,ACT,ACTG,ACVA,ADAG,ADBE,ADM,ADP,ADSE,ADSK,ADUS,ADV,AESI,AFG,AFL,AFRI,AFRM,AGBK,AGEN,AGI,AGIO,AGL,AGM,AGO,AGRO,AGYS,AHCO,AI,AIG,AII,AIN,AIRG,AIRS,AJG,AKAM,AKTS,ALAB,ALAR,ALGN,ALHC,ALKT,ALNY,ALOT,ALRM,ALX,AM,AMBA,AMBP,AMCX,AMG,AMKR,AMN,QQQ","AAON,AARD,ABAT,ABCL,ABEO,ABUS,ABVX,ACA,ACET,ACHR,ACMR,ACOG,ADEA,ADNT,ADUR,AEBI,AEHR,AERO,AEVA,AEXA,AEYE,AGCC,AGMB,AGPU,AIOT,AIP,AIRO,ALG,ALGM,ALH,ALLT,ALM,ALMR,ALMS,ALMU,ALOY,ALSN,ALTG,ALVO,AMAT,AMBQ,AMD,AMLX,AMPG,AMPH"
2026-04-30 16:15:00+00:00,L0798,L0801,expansion,maturity,0.52454543081949,0.7042716657997719,1,AGNC,2,ACNB-AKO-B;ALLY-AMAL,0.00160090223653242,1.6409540645447236,0.026143790849673203,0.7828052137494104,"A,AAON,AAP,AAPG,AAT,ABBV,ACAD,ACGL,ACHV,ACRE,ACU,AD,ADAM,ADC,ADI,ADMA,ADPT,ADTN,ADUR,AEE,AEG,AEIS,AEM,AENT,AEO,AEP,AES,AEXA,AFBI,AGCO,AGNC,AGX,AIR,AIRJ,AIV,AKO-B,ALC,ALGT,ALH,ALKS,ALL,ALLY,ALMR,ALRS,ALV,AMCI,AME,AMGN,AMH","AAPL,ABCB,ABT,ACCO,ACDC,ACI,ACIC,ACLS,ACNB,ACNT,ACR,ACT,ACVA,ADAG,ADM,ADUS,AEC,AFG,AFL,AFRI,AFYA,AGBK,AGM,AGO,AGRO,AHCO,AII,AIN,AIRG,AIZ,AJG,AKTS,ALGN,ALHC,ALKT,ALNT,ALNY,ALOT,ALX,AM,AMAL,AMCX,AMKR,AMN,AMP"
2026-04-30 16:30:00+00:00,L0807,L0798,expansion,maturity,0.7338800774688884,0.8377640438186702,11,AAT;ABEV;ABR;ABVX;ADT;AES;AHRT;AIRJ;ALGT;ALLY;AMCR,30,A-ABEV;A-AHR;A-ALLY;AAT-ALSN;ABAT-AG;ABAT-AHRT;ABBV-AIRJ;ABM-ALSN;ABR-ABSI;ABR-ADI;ABVX-ACHV;ACA-ALGT;ACGL-ALLY;ACRE-AFCG;ADAM-AMCR;ADPT-AMCR;ADT-AIR;ADT-ALH;ADT-ALRS;AEE-AMCR;AENT-AGCO;AEP-AMCR;AER-AMCI;AG-AIV;AGCO-AHR;AHRT-AMH;AIR-AKO-B;AIR-AMCR;ALK-AME;ALMS-AMCR,0.0017227617790922523,3.9735371360396563,0.0096514745308311,1.4663252415758063,"AA,AAL,AAT,AAUC,ABEV,ABM,ABR,ABVX,ACM,ADT,AENT,AEO,AER,AES,AFCG,AG,AHR,AHRT,AIRJ,AKO-B,AKR,ALB,ALCO,ALGT,ALK,ALLE,ALLY,ALTO,AMBP,AMCR","A,AAON,AAP,AAPG,ABAT,ABBV,ABSI,ACA,ACAD,ACGL,ACHV,ACRE,ACU,AD,ADAM,ADC,ADI,ADMA,ADPT,ADTN,AEE,AEG,AEIS,AEM,AEP,AEXA,AFBI,AGCO,AGPU,AGX,AIR,AIT,AIV,ALC,ALH,ALKS,ALL,ALMR,ALMS,ALRS,ALSN,ALV,AMCI,AME,AMGN,AMH"
2026-04-30 17:45:00+00:00,L0799,L0809,maturity,maturity,0.24073876221326101,0.39233269697295853,0,,4,ABX-ACT;ACDC-ADEA;ACET-ACT;AMKR-QQQ,-0.0008388222195208073,1.6094379124341003,0.026143790849673203,0.5962024844918419,"ABCL,ABUS,ABX,ACET,ACHR,ACMR,ACOG,ADEA,ADNT,AEBI,AEHR,AERO,AEVA,AEXA,AEYE,AGCC,AGMB,AGPU,AIP,AIRO,AKAM,ALAR,ALG,ALGM,ALLT,ALM,ALMU,ALOY,ALTG,ALVO,AMAT,AMBQ,AMD,AMG,AMLX,AMPG,AMPH,QQQ","AAPL,ABT,ACCO,ACDC,ACI,ACIC,ACLS,ACNB,ACNT,ACR,ACT,ACVA,ADAG,ADM,ADUS,ADV,AEC,AFG,AFL,AFRI,AFYA,AGBK,AGIO,AGM,AGO,AGRO,AHCO,AIG,AII,AIN,AIRG,AIZ,AJG,AKTS,ALGN,ALHC,ALKT,ALNT,ALOT,ALX,AM,AMAL,AMCX,AMKR,AMP"
2026-04-30 18:30:00+00:00,L0812,L0798,maturity,maturity,0.5982566791148994,0.18165478756757444,0,,4,ABVX-AMG;ADNT-AMLX;ADSE-ADTN;ADSE-AEBI,-0.00036563159665092826,1.6094379124341003,0.014885496183206106,0.6385657425407482,"AAMI,ABG,ABNB,ACEL,ACHC,ACIW,ACN,ACTG,ADBE,ADP,ADSE,ADSK,AFRM,AGEN,AGI,AGL,AGYS,AI,AIRS,ALAB,ALRM,AMBA,AMG,AMLX","A,AAON,AAP,AAPG,AAT,ABAT,ABBV,ABEV,ABM,ABR,ABSI,ABVX,ACA,ACAD,ACGL,ACHV,ACOG,ACRE,ACU,AD,ADAM,ADC,ADI,ADNT,ADPT,ADT,ADTN,AEBI,AEE,AEG,AEIS,AENT,AEO,AEP,AES,AGCO,AHRT,AIR,AIRJ,AIT,AIV,AKR,ALC,ALGT,ALH,ALK,ALKS,ALL,ALLY,ALMR,ALMS,ALRS,ALSN,ALV,ALVO,AMCI,AMCR,AME,AMGN,AMH"
2026-04-30 19:45:00+00:00,L0799,L0820,maturity,confirmation,0.417499483041461,0.5363899895221919,0,,18,AAOI-ACCO;AARD-ABCB;AARD-ACAD;ACAD-AEBI;ACAD-ALM;ACB-AFJK;ACCO-ACET;ACCO-AEYE;ACCO-AGMB;ACCO-ALMU;ACCO-ALOY;ACHR-AEO;AEBI-AII;AEBI-AMP;AEO-AERO;AEO-ALG;AGCC-AII;AGNC-ALM,0.001267479034140706,2.9510877691790207,0.009523809523809523,1.0253673554924223,"AAOI,AARD,ABCL,ABUS,ABX,ACB,ACET,ACHR,ACMR,AEBI,AEHR,AERO,AEVA,AEXA,AEYE,AGCC,AGMB,AGPU,AIOT,AIP,AIRO,AKO-B,ALG,ALLT,ALM,ALMU,ALOY,AMAT,AMD,AMPG,QQQ","AAUC,ABCB,ACAD,ACCO,ACGL,ACI,ACNB,AD,ADAG,ADMA,ADNT,ADTN,AEC,AEE,AEG,AEO,AEP,AFJK,AFYA,AGCO,AGNC,AGO,AII,AIZ,ALAR,ALC,ALL,ALLY,ALNT,ALV,AMAL,AMBP,AMGN,AMH,AMP"
2026-05-01 14:30:00+00:00,L0830,L0823,confirmation,expansion,0.6468607234477892,0.4234706559541969,7,ABNB;ACGL;ACIC;ADMA;AFL;AIRG;ALCO,17,AAOI-ABNB;AAON-ABM;ABM-ACGL;ABNB-ACNB;ACGL-ACM;ACGL-ACU;ACGL-AEXA;ACGL-AMG;ACHC-AMCX;ACIC-ACU;ADM-ADMA;ADV-AIRG;AEXA-ALCO;AEYE-ALCO;AFG-AKAM;AHCO-QQQ;ALL-AMCX,0.00446350232232362,3.479587963241493,0.01780821917808219,1.1936676375076813,"AAL,AAON,ABEV,ABNB,ACGL,ACIC,ADMA,ADUR,AEE,AEG,AEP,AFCG,AFG,AFL,AFRI,AGPU,AHCO,AIRG,AIV,AIZ,ALCO,ALGN,ALH,AMCX,AMN","AAOI,AAPL,AAUC,ABM,ACB,ACCO,ACET,ACHC,ACIW,ACM,ACN,ACNB,ACOG,ACU,ACVA,ADAG,ADBE,ADM,ADP,ADSK,ADTN,ADV,AEIS,AESI,AEVA,AEXA,AEYE,AFJK,AFRM,AGCC,AGMB,AGO,AGRO,AGX,AGYS,AI,AIG,AII,AIOT,AIRJ,AIRS,AJG,AKAM,ALAB,ALAR,ALGT,ALKT,ALL,ALLT,ALMR,ALMS,ALMU,ALOY,ALRM,ALRS,ALTO,AMBP,AMCR,AMG,QQQ"
2026-05-01 14:45:00+00:00,L0831,L0823,confirmation,expansion,0.4995125316308099,0.758042628145905,1,AMPG,16,AAON-ADMA;AAON-AFL;ACM-AMD;ACMR-AGO;ACVA-AIP;ACVA-AMPG;ADP-ALOT;ADTN-AMN;ADUR-AIRG;ADV-AHCO;AEHR-AMAT;AFL-AMPG;AHCO-AIOT;AIG-AMPG;AJG-AMCX;ALMR-AMN,0.003957884502597153,2.9650559523089974,0.018414322250639385,1.1212926843478597,"AAON,ABEV,ABX,ACLS,ACMR,ADEA,ADT,ADUR,AEBI,AEG,AERO,AFCG,AFRI,AGCO,AHCO,AIP,ALH,ALNT,ALOT,ALV,AMAT,AMCX,AMD,AMKR,AMN,AMPG","AAOI,AAPL,AAUC,ABM,ABNB,ABR,ACB,ACCO,ACET,ACGL,ACIC,ACIW,ACM,ACN,ACNB,ACOG,ACU,ACVA,ADAG,ADBE,ADM,ADMA,ADP,ADSK,ADTN,ADUS,ADV,AEHR,AEIS,AESI,AEVA,AEXA,AEYE,AFJK,AFL,AFRM,AGCC,AGMB,AGO,AGRO,AGX,AGYS,AI,AIG,AII,AIN,AIOT,AIRG,AIRJ,AIRS,AJG,AKAM,ALAB,ALAR,ALCO,ALGT,ALL,ALLT,ALMR,ALMS,ALMU,ALOY,ALRM,ALRS,ALTO,AMBA,AMBP,AMCR,AMG,QQQ"
2026-05-01 15:45:00+00:00,L0834,L0823,decay,maturity,0.8612992089026547,0.23390566753454717,7,ABNB;ADMA;ADV;AIRG;AIRJ;AMCR;AMCX,15,ABNB-ACB;ABNB-ACM;ABNB-AMBP;ACVA-AIP;ACVA-AMCR;ACVA-AMCX;ADV-ALRM;AEIS-AHCO;AEP-ALMR;AEXA-AMCX;AEYE-AIRG;AII-AMD;AIRG-ALRM;AMAT-AMPG;AMBP-AMCR,0.0012435406388249248,3.405333949718117,0.019047619047619046,1.1827520932178326,"AAON,ABEV,ABNB,ACLS,ACMR,ADMA,ADPT,ADSE,ADT,ADUR,ADV,AEBI,AEG,AEP,AERO,AFCG,AFG,AFRI,AGCO,AGPU,AHCO,AIP,AIRG,AIRJ,AIZ,ALGN,ALVO,AMAT,AMCR,AMCX,AMD,AMN","AAOI,AAPL,AAUC,ABM,ACB,ACCO,ACET,ACGL,ACHC,ACIW,ACM,ACN,ACOG,ACU,ACVA,ADAG,ADBE,ADM,ADP,ADSK,ADTN,AEHR,AEIS,AESI,AEVA,AEXA,AEYE,AFJK,AFRM,AGCC,AGMB,AGRO,AGYS,AI,AIG,AII,AIOT,AIRS,AJG,AKAM,ALAB,ALAR,ALGT,ALL,ALLT,ALMR,ALMS,ALMU,ALOY,ALRM,ALRS,ALTO,AMBA,AMBP,AMG,AMPG,QQQ"
2026-05-01 15:45:00+00:00,L0825,L0823,decay,maturity,0.5616831023612853,0.23390566753454717,1,ALKT,3,ADAG-AGEN;ADAM-ALTO;AIN-ALMU,0.0009846473403740674,1.8080370565571107,0.019047619047619046,0.6935430379651703,"AAPG,AARD,ABAT,ABBV,ABCL,ABSI,ABVX,ACA,ACAD,ACDC,ACHR,ACHV,ACR,ACRS,ACTG,ADAM,ADC,ADI,AES,AFYA,AGEN,AGIO,AGNC,AIN,AIRO,AKO-B,AKR,ALB,ALHC,ALKT,ALM,ALX,AMGN,AMLX","AAOI,AAPL,AAUC,ABM,ACB,ACCO,ACET,ACGL,ACHC,ACIW,ACM,ACN,ACOG,ACU,ACVA,ADAG,ADBE,ADM,ADP,ADSK,ADTN,AEHR,AEIS,AESI,AEVA,AEXA,AEYE,AFJK,AFRM,AGCC,AGMB,AGRO,AGYS,AI,AIG,AII,AIOT,AIRS,AJG,AKAM,ALAB,ALAR,ALGT,ALL,ALLT,ALMR,ALMS,ALMU,ALOY,ALRM,ALRS,ALTO,AMBA,AMBP,AMG,AMPG,QQQ"
2026-05-01 16:00:00+00:00,L0837,L0825,confirmation,maturity,0.58046447377752,0.6516163205974878,0,,1,ACT-ALKS,0.0034791183716151863,0.8535263532036292,0.013605442176870748,0.5850466429399404,"ABR,ACIC,ACNB,ACT,ADUS,AENT,AGO,AGX,AIV,AMCI","AAPG,AARD,ABAT,ABBV,ABCL,ABSI,ABT,ABVX,ACA,ACAD,ACDC,ACHR,ACHV,ACR,ACRS,ACTG,ADAM,ADC,ADI,AEC,AES,AFYA,AGEN,AGIO,AGL,AGNC,AIRO,AKR,AKTS,ALB,ALHC,ALKS,ALM,ALX,AMGN,AMLX,AMPH"
2026-05-01 16:15:00+00:00,L0833,L0823,expansion,maturity,0.7735406260379327,0.6297152488213614,1,ALCO,4,ACGL-AFL;ADM-AFL;ADTN-AEE;AENT-AGL,0.001548440326587297,1.9677896144002784,0.01883408071748879,0.9157492781654812,"AAMI,AAT,ABCB,ABG,ABR,ACEL,ACI,ACLS,ACMR,ACNB,ACNT,ACRE,ACT,AD,ADEA,ADNT,AEE,AFL,AGBK,AGL,AGM,AHR,AHRT,AIR,AIT,AIV,ALCO,ALG,ALGM,ALH,ALKS,ALNT,ALNY,ALOT,ALSN,ALTG,ALV,AM,AMAL,AMBQ,AMCI,AMH,AMKR,AMP,AMPH","AAOI,AAPL,AAUC,ABM,ABNB,ACB,ACCO,ACET,ACGL,ACHC,ACIC,ACIW,ACM,ACN,ACOG,ACU,ACVA,ADAG,ADBE,ADM,ADMA,ADP,ADSK,ADTN,ADUS,ADV,AEHR,AEIS,AENT,AESI,AEVA,AEXA,AEYE,AFJK,AFRM,AGCC,AGMB,AGRO,AGX,AGYS,AI,AIG,AII,AIN,AIOT,AIRG,AIRJ,AIRS,AJG,AKAM,ALAB,ALAR,ALGT,ALL,ALLT,ALMR,ALMS,ALMU,ALOY,ALRM,ALRS,ALTO,AMBA,AMBP,AMCR,AMCX,AMG,AMPG,QQQ"
2026-05-01 17:15:00+00:00,L0836,L0825,decay,maturity,0.42085596012531856,0.7405850403395653,12,A;AA;AAP;ABX;AEM;AEO;AER;AFBI;ALK;ALLE;ALLY;AME,9,A-AD;AA-ALB;AA-ALX;ABAT-AME;ACA-ALK;AEBI-AGBK;AEC-AEO;AEO-ALHC;AFCG-ALGM,0.0029957464557810454,3.5351329530914475,0.013422818791946308,1.234228961231119,"A,AA,AAL,AAON,AAP,ABEO,ABEV,ABX,ACMR,ADPT,ADSE,ADT,ADUR,AEBI,AEG,AEM,AEO,AER,AERO,AFBI,AFCG,AFRI,AG,AGCO,AGI,AGPU,AHCO,AIP,ALC,ALGN,ALK,ALLE,ALLY,ALOT,ALVO,AMAT,AMCX,AMD,AME","AAPG,AARD,ABAT,ABBV,ABCL,ABSI,ABT,ABVX,ACA,ACAD,ACDC,ACHR,ACHV,ACR,ACRS,ACTG,AD,ADAM,ADC,ADI,AEC,AES,AFYA,AGBK,AGEN,AGIO,AGL,AGNC,AIRO,AKR,AKTS,ALB,ALGM,ALHC,ALM,ALNY,ALX,AMGN,AMLX"
2026-05-01 17:45:00+00:00,L0843,L0823,confirmation,maturity,0.2695015393094447,0.5818232351576887,4,ADBE;AGRO;ALKT;ALMS,17,ABUS-AI;ACHC-AGMB;ACHC-ALMS;ACM-ADP;ACN-AII;ACN-AIRG;ACNB-AEXA;ACU-ADP;ADAG-ALMS;ADBE-AEIS;ADMA-AKO-B;ADSK-AKAM;AESI-AGYS;AGRO-AGYS;AGRO-ALAB;AGYS-ALMS;AI-AMBA,0.0009971069521270692,3.2619242297926054,0.014361702127659574,1.0730327451074402,"AAUC,ABR,ABUS,ACIC,ACN,ACNB,ACT,ADBE,ADP,ADUS,AENT,AESI,AGMB,AGRO,AGX,AIN,AKAM,AKO-B,ALKT,ALMS,ALTO,AMBA,AMCI","AAOI,AAPL,ABM,ABNB,ACB,ACCO,ACET,ACGL,ACHC,ACIW,ACM,ACOG,ACU,ACVA,ADAG,ADM,ADMA,ADSK,ADTN,ADV,AEHR,AEIS,AEVA,AEXA,AEYE,AFJK,AFRM,AGCC,AGYS,AHCO,AI,AIG,AII,AIOT,AIRG,AIRJ,AIRS,AJG,ALAB,ALAR,ALGT,ALL,ALLT,ALMR,ALMU,ALOY,ALRM,ALRS,AMBP,AMCR,AMG,QQQ"
2026-05-01 17:45:00+00:00,L0840,L0823,expansion,maturity,1.0051470611619113,0.5818232351576887,0,,2,ABNB-ADUR;ADPT-AIRS,0.0011505756701808423,1.1362476326523072,0.014361702127659574,0.7623072523781057,"AAL,AAT,ABCB,ABEO,ABG,ACLS,ACMR,ACRE,ADEA,ADNT,ADPT,ADUR,AERO,AG,AHRT,ALG,ALK,ALSN,ALV,ALVO,AMAL,AMBQ,AMH","AAOI,AAPL,ABM,ABNB,ACB,ACCO,ACET,ACGL,ACHC,ACIW,ACM,ACOG,ACU,ACVA,ADAG,ADM,ADMA,ADSK,ADTN,ADV,AEHR,AEIS,AEVA,AEXA,AEYE,AFJK,AFRM,AGCC,AGYS,AHCO,AI,AIG,AII,AIOT,AIRG,AIRJ,AIRS,AJG,ALAB,ALAR,ALGT,ALL,ALLT,ALMR,ALMU,ALOY,ALRM,ALRS,AMBP,AMCR,AMG,QQQ"
2026-05-01 18:30:00+00:00,L0845,L0843,maturity,maturity,0.6711273794376933,0.462186291780365,0,,3,AAT-AIV;AGBK-ALKT;ALNY-ALTO,0.0014573537046089768,1.4220801843018642,0.014598540145985401,0.6977039284627814,"A,AA,AAL,AAMI,AAP,AAT,ABCB,ABG,ABT,ABX,ACA,ACEL,ACI,ACLS,ACNT,ACRE,AD,AEM,AEO,AER,AFBI,AGBK,AGM,AHR,AHRT,AIR,AIT,AKO-B,ALCO,ALG,ALGM,ALHC,ALK,ALLE,ALLY,ALNY,ALSN,ALTG,ALV,AMAL,AMBQ,AME,AMH,AMKR,AMP","AAUC,ABR,ABUS,ACIC,ACN,ACT,ADAG,ADBE,ADP,ADUS,AENT,AESI,AGMB,AGO,AGRO,AGX,AII,AIN,AIV,AKAM,ALKT,ALMS,ALTO,AM,AMBA,AMCI,AMPG"
2026-05-01 18:45:00+00:00,L0843,L0845,maturity,maturity,0.519824434386367,0.5402093120794772,0,,2,ABR-AMPH;AENT-AIT,0.0004995657873223536,1.1151273540367463,0.012442396313364055,0.5986583218959445,"AAUC,ABR,ABUS,ACIC,ACN,ACNB,ACT,ADAG,ADBE,ADP,ADUS,AENT,AESI,AGMB,AGO,AGRO,AGX,AII,AIN,AIV,AKAM,ALKT,ALMS,ALTO,AMBA,AMCI,AMPG","A,AA,AAMI,AAP,AAT,ABCB,ABG,ABT,ABX,ACEL,ACI,ACLS,ACRE,ADEA,ADNT,AEBI,AEM,AEO,AER,AFBI,AGL,AGM,AHR,AHRT,AIR,AIT,ALCO,ALG,ALGM,ALHC,ALK,ALKS,ALLE,ALLY,ALNY,ALOT,ALSN,ALTG,ALV,AMAL,AMBQ,AME,AMH,AMKR,AMP,AMPH"
2026-05-01 19:00:00+00:00,L0846,L0823,expansion,maturity,0.4387587297185925,0.4723292501263155,0,,9,ABEO-ADMA;ABEO-AIOT;ABNB-AII;ABNB-ALRM;ACGL-AFG;ACVA-ADUR;ADMA-ADV;AEE-ALRS;AIRJ-AMAT,0.0013553250464610755,2.31604731968269,0.014516129032258063,0.8545156432289835,"AA,AAL,AAON,AAP,ABEO,ABEV,ABNB,ABT,ACMR,ADSE,ADT,ADUR,ADV,AEE,AEG,AEM,AEO,AEP,AER,AERO,AFBI,AFCG,AFG,AFL,AFRI,AG,AGCO,AGI,AGPU,AHCO,AIP,AIZ,ALC,ALGN,ALK,ALLE,ALLY,ALVO,AMAT,AMCX,AMD,AME,AMN","AAOI,AAPL,ABM,ACB,ACCO,ACET,ACGL,ACHC,ACIW,ACM,ACOG,ACU,ACVA,ADM,ADMA,ADSK,ADTN,AEHR,AEIS,AEVA,AEXA,AEYE,AFJK,AFRM,AGCC,AGYS,AI,AIG,AII,AIOT,AIRG,AIRJ,AIRS,AJG,ALAB,ALAR,ALGT,ALL,ALLT,ALMR,ALMU,ALOY,ALRM,ALRS,AMBP,AMCR,AMG,QQQ"
2026-05-01 19:15:00+00:00,L0846,L0843,decay,maturity,0.23269628688737842,0.29284257093996535,2,AIP;AMPG,3,ABNB-AGO;AFL-AIZ;AKAM-AMPG,-0.001854415939305909,2.0794415416798357,0.014388489208633094,0.679680316149457,"ABEV,ABNB,ACMR,ADSE,ADT,ADUR,ADV,AEG,AFCG,AFRI,AG,AGI,AGPU,AHCO,AIP,AIRJ,AIZ,AMAT,AMCR,AMCX,AMD,AMN,AMPG","AAUC,ABR,ABUS,ACIC,ACN,ACNB,ADBE,ADP,ADUS,AEE,AENT,AEP,AESI,AFG,AFL,AGMB,AGO,AGRO,AGX,AII,AIN,AIV,AKAM,ALKT,ALMS,ALTO,ALVO,AMBA,AMCI"
2026-05-01 19:30:00+00:00,L0846,L0847,expansion,confirmation,1.1570593418785,0.8521042935474136,7,ADPT;ADUR;AFG;AFRI;AIZ;ALOT;AMN,23,AA-ADSE;AAON-AIZ;AAP-ABNB;AAP-ADT;AAP-AMN;ABX-ADPT;ACMR-AMAT;ADPT-ALV;ADSE-ALC;ADSE-ALLE;ADSE-ALTG;AEBI-AEE;AEBI-AFG;AEG-ALC;AEO-ALOT;AEP-AHRT;AEP-AMBQ;AERO-AMBQ;AFG-ALV;AFG-AMBQ;AFL-AHRT;AFRI-AGCO;AGI-ALV,0.0014541875571012497,3.6414056654793168,0.012471131639722863,1.5149711767435619,"ABEO,ABNB,ADEA,ADMA,ADPT,ADSE,ADT,ADUR,ADV,AEE,AEG,AEP,AERO,AFG,AFL,AFRI,AG,AGI,AGPU,AHCO,AIRJ,AIZ,ALOT,ALVO,AMAT,AMCX,AMD,AMN","A,AA,AAL,AAMI,AAON,AAP,ABCB,ABEV,ABG,ABT,ABX,ACA,ACLS,ACMR,ACRE,ADNT,AEBI,AEM,AEO,AER,AFBI,AFCG,AGBK,AGCO,AGM,AHRT,AIR,ALC,ALG,ALGM,ALGN,ALH,ALHC,ALK,ALLE,ALLY,ALNT,ALSN,ALTG,ALV,AMAL,AMBQ,AME,AMH,AMP"
2026-05-01 19:45:00+00:00,L0847,L0843,expansion,maturity,0.5516095967129662,0.36946921959503715,0,,16,A-AAPG;A-ACIC;A-AENT;AAP-AIRG;AAPG-ABG;AAPG-ALGN;AAUC-AFBI;ABEV-AMPG;ABG-AENT;ABR-AKR;ACIC-AIZ;ACNB-ALLE;ADBE-AIP;AENT-AIP;AENT-ALGN;ALNT-AMPG,0.006419110344722867,2.8702773799983463,0.014705882352941176,0.9960988722449287,"A,AA,AAL,AAMI,AAON,AAP,ABCB,ABEV,ABG,ABT,ABX,ACA,ACEL,ACLS,ACMR,ACRE,ADNT,ADPT,ADUR,AEBI,AEM,AEO,AER,AFBI,AFCG,AFG,AFRI,AGCO,AGM,AHRT,AIP,AIR,AIZ,AKR,ALC,ALG,ALGM,ALGN,ALH,ALHC,ALK,ALLE,ALLY,ALNT,ALOT,ALSN,ALTG,ALV,AMAL,AMBQ,AME,AMH,AMN,AMP","AAPG,AAUC,ABR,ABUS,ACIC,ACN,ACNB,ADAG,ADBE,ADP,ADUS,AENT,AESI,AFJK,AGMB,AGRO,AGX,AII,AIN,AIRG,ALKT,ALMS,ALTO,AMBA,AMCI,AMPG"
2026-05-04 14:45:00+00:00,L0853,L0859,expansion,maturity,0.46709609680566977,0.6690672349365112,2,AIZ;ALLY,10,AAP-ADPT;ABNB-ACVA;ACA-AKAM;ACGL-ALMS;ACHV-ACM;ACTG-ALMS;ADPT-AMPH;ADUS-AIOT;ADUS-AMH;ALH-ALMS,0.00019172264728695154,2.709327535944516,0.015827338129496403,1.0205549842282078,"AAP,AAT,ABBV,ABEO,ABSI,ACAD,ACB,ACI,ACM,ACRS,ACVA,ADEA,ADM,ADUS,AESI,AFBI,AFL,AGCO,AII,AIR,AIZ,AKAM,ALLY,ALMS,ALOT,ALTG,ALTO,ALVO,AM,AMAT,AME,AMLX,AMP,AMPG,AMPH","ABAT,ABNB,ABR,ABX,ACA,ACET,ACGL,ACHV,ACIW,ACN,ACNB,ACNT,ACTG,ADBE,ADP,ADPT,ADSK,ADV,AFCG,AFJK,AGBK,AGMB,AGRO,AGYS,AI,AIOT,AIRO,AIV,ALC,ALH,ALKT,ALLT,ALNY,ALOY,ALRM,AMCI,AMH"
2026-05-04 15:15:00+00:00,L0863,L0851,confirmation,expansion,0.3031386906770136,0.49348515211620125,0,,12,AAOI-AEE;ACB-ACM;ACCO-ACDC;ACLS-ALSN;ACM-QQQ;ACMR-ALSN;ACRE-AIN;ACRS-AGPU;ADAG-AMH;ADEA-ALAB;AESI-ALSN;AGX-ALGM,0.0009561175247654319,2.572277193361548,0.013829787234042552,0.8841309192634578,"AAMI,AAOI,AAON,AARD,ABCL,ABEO,ABEV,ABUS,ABVX,ACB,ACDC,ACHC,ACLS,ACMR,ACRE,AD,ADAG,ADSE,ADUR,AEHR,AEM,AERO,AESI,AEXA,AEYE,AGCC,AGEN,AGI,AGPU,AHR,AIP,AIRG,AIV,AJG,AKO-B,ALAB,ALGM,ALGT,ALHC,ALKS,ALM,ALMR,ALNT,ALRS,ALVO,AMAT,AMBP,AMG,AMKR,AMN,AMPG,QQQ","AAT,AAUC,ABBV,ABCB,ACAD,ACCO,ACGL,ACHV,ACI,ACIC,ACM,ACRS,ACT,ACU,ADC,ADEA,ADI,ADM,ADTN,ADUS,AEE,AEP,AFBI,AFL,AGO,AGX,AHCO,AHRT,AIG,AII,AIN,AIOT,AIRJ,AIZ,AKR,ALG,ALH,ALL,ALMS,ALOT,ALSN,ALTG,ALTO,ALV,AM,AMAL,AMBQ,AMCX,AME,AMH,AMP"
2026-05-04 15:45:00+00:00,L0851,L0859,decay,maturity,0.6539632799152445,0.5765878813248609,1,AIRJ,9,ABAT-AIRJ;ABNB-AMCX;ACGL-ALCO;ACVA-ALLY;ADC-ADSK;AEP-ALCO;ALH-ALL;ALKT-AMPH;AMCX-AMH,0.0022946567041799426,2.503848258672524,0.015751789976133652,0.9974901815365826,"AAT,AAUC,ABBV,ABCB,ACGL,ACI,ACIC,ACT,ACVA,ADC,ADI,ADM,ADTN,ADUS,AEE,AEP,AFBI,AFL,AGCO,AGO,AHCO,AII,AIRJ,AIZ,AKR,ALL,ALTG,AM,AMAL,AMCX,AMP,AMPH","AAL,ABAT,ABNB,ABR,ABX,ACA,ACET,ACIW,ACN,ACNB,ACNT,ACTG,ADBE,ADMA,ADP,ADPT,ADSK,ADV,AEBI,AFCG,AGBK,AGMB,AGRO,AGYS,AI,AIOT,AIRO,ALC,ALCO,ALH,ALKT,ALLT,ALLY,ALNY,ALOY,ALRM,ALX,AMCI,AMH"
2026-05-04 15:45:00+00:00,L0863,L0859,maturity,maturity,0.48507153507029666,0.5765878813248609,1,AIRS,10,AARD-ACTG;ABEO-ACTG;ABR-AIRS;ACA-ACHV;ACIW-AIRS;ADBE-ALAR;AEYE-ALKT;AEYE-ALLY;AGPU-ALCO;AHR-ALLT,0.001919328817166388,2.579605497442402,0.015751789976133652,0.9657619677755678,"AAMI,AAOI,AAP,AARD,ABCL,ABEO,ABEV,ABUS,ABVX,ACAD,ACB,ACDC,ACHC,ACHV,ACLS,ACM,ACMR,ACRS,AD,ADEA,ADSE,AESI,AEXA,AEYE,AFYA,AGCC,AGEN,AGPU,AHR,AIR,AIRS,AKAM,AKO-B,ALAB,ALAR,ALGM,ALKS,ALMR,ALMS,ALOT,ALTO,ALV,ALVO,AMAT,AMG,AMKR,AMLX,AMPG,QQQ","AAL,ABAT,ABNB,ABR,ABX,ACA,ACET,ACIW,ACN,ACNB,ACNT,ACTG,ADBE,ADMA,ADP,ADPT,ADSK,ADV,AEBI,AFCG,AGBK,AGMB,AGRO,AGYS,AI,AIOT,AIRO,ALC,ALCO,ALH,ALKT,ALLT,ALLY,ALNY,ALOY,ALRM,ALX,AMCI,AMH"
2026-05-04 16:15:00+00:00,L0863,L0859,maturity,maturity,0.7536172113428872,0.24003386774905275,3,AEXA;AIV;ALH,16,AAMI-ADMA;AAMI-AGBK;AAP-ABX;ABCL-AI;ABEO-AGMB;ABX-AIR;ACA-AFCG;ACA-ALKT;ACA-AMCI;ADMA-AJG;ADP-AKTS;AERO-AGRO;AEYE-ALLY;AGYS-AJG;AIRJ-ALTO;AIV-ALLT,4.652432107832283e-05,3.1356964751302407,0.015789473684210523,1.0843878635627737,"AAMI,AAP,AARD,AAUC,ABCL,ABEO,ABEV,ABSI,ABUS,ABVX,ACA,ACB,ACDC,ACHC,ACHV,ACM,ACTG,ADEA,ADSE,AERO,AESI,AEXA,AEYE,AFBI,AFYA,AGCC,AGCO,AGEN,AGPU,AHR,AIR,AIV,AJG,AKAM,AKO-B,AKTS,ALH,ALKS,ALMR,ALMS,ALNT,ALTO,ALV,ALVO,AMAT,AMG,AMLX,AMN,AMPG","AAL,ABAT,ABNB,ABR,ABX,ACIW,ACN,ACNB,ACNT,ADBE,ADMA,ADP,ADPT,ADSK,ADV,AEBI,AFCG,AFRM,AGBK,AGM,AGMB,AGRO,AGYS,AI,AIOT,AIRJ,AIRO,AIRS,ALAR,ALC,ALKT,ALLT,ALLY,ALNY,ALOY,ALRM,AMCI,AMH"
2026-05-04 16:45:00+00:00,L0852,L0851,decay,maturity,1.002344191774028,0.6389045442250186,2,AFBI;AGX,8,AA-ABT;AAUC-ADTN;AEO-AER;AER-ALG;AFRM-AMAL;AGX-AM;AHCO-AMBQ;AHRT-ALMU,-0.00011555722448974848,2.5649493574615367,0.014906832298136644,1.1358479850098187,"AA,AAL,ABSI,ACCO,ACR,ACVA,ADI,ADTN,AEO,AFBI,AFRI,AFRM,AG,AGX,AIN,ALG,ALGT,ALHC,ALK,ALLE,ALMU,ALSN,ALX,AMBQ","AAT,AAUC,ABBV,ABCB,ABT,ACGL,ACI,ACIC,ACT,ACU,ADC,ADM,ADUS,AEE,AEP,AER,AFL,AGO,AHCO,AHRT,AIG,AII,AIRJ,AIZ,AKR,ALL,AM,AMAL,AMCX,AME,AMP,AMPH"
2026-05-04 16:45:00+00:00,L0859,L0851,decay,maturity,0.5346245761258288,0.6389045442250186,0,,5,ABCB-ABR;ADPT-AMP;AIOT-AMPH;ALLY-AM;ALLY-AMP,0.0009538735030218959,1.8075323130553416,0.014906832298136644,0.8061778392138101,"ABAT,ABNB,ABR,ACIW,ACN,ACNB,ACNT,ADAG,ADBE,ADP,ADPT,ADSK,ADV,AFCG,AGBK,AGM,AGMB,AGRO,AGYS,AI,AIOT,AIRO,AIRS,ALC,ALCO,ALKT,ALLT,ALLY,ALNY,ALOY,ALRM,AMH","AAT,AAUC,ABBV,ABCB,ABT,ACGL,ACI,ACIC,ACT,ACU,ADC,ADM,ADUS,AEE,AEP,AER,AFL,AGO,AHCO,AHRT,AIG,AII,AIRJ,AIZ,AKR,ALL,AM,AMAL,AMCX,AME,AMP,AMPH"
2026-05-04 17:00:00+00:00,L0859,L0867,expansion,expansion,1.1666232489693082,0.472539939856514,5,AIP;AIRG;ALRS;AMBP;AMN,3,ACMR-AERO;AEHR-AMBP;AEM-AIP,0.001921347517054528,2.652687920428112,0.02287390029325513,1.158352021798763,"ABAT,ABR,ACET,ACIW,ACN,ACNB,ACNT,ADAG,ADBE,ADP,ADPT,ADSK,ADUS,ADV,AEBI,AERO,AFCG,AGM,AGMB,AGRO,AGYS,AI,AIOT,AIP,AIRG,AIRJ,AIRO,AIV,AJG,AKTS,ALC,ALCO,ALKT,ALLT,ALLY,ALNY,ALOY,ALRS,AMBP,AMCI,AMH,AMN,AMPH","AAOI,AAON,ACLS,ACMR,ACRE,ADTN,AEHR,AEIS,AEM,AG,AGI,ALAB,ALGM,ALGT,ALM,ALMR,ALNT,ALSN,ALTG,AMKR,QQQ"
2026-05-04 17:00:00+00:00,L0859,L0868,expansion,confirmation,1.1666232489693082,0.4000798091976403,1,AEBI,6,AAPL-AIRG;ACN-AFJK;ADAG-AMCR;AER-AGM;AFG-AIP;ALLY-ALMU,0.0029992599156685174,2.2300064422315087,0.008349900596421472,1.028765013097425,"ABAT,ABR,ACET,ACIW,ACN,ACNB,ACNT,ADAG,ADBE,ADP,ADPT,ADSK,ADUS,ADV,AEBI,AERO,AFCG,AGM,AGMB,AGRO,AGYS,AI,AIOT,AIP,AIRG,AIRJ,AIRO,AIV,AJG,AKTS,ALC,ALCO,ALKT,ALLT,ALLY,ALNY,ALOY,ALRS,AMBP,AMCI,AMH,AMN,AMPH","A,AA,AAPG,AAPL,ABG,ACEL,ACHR,ACOG,ACR,ADAM,ADNT,ADT,AEC,AEG,AENT,AEO,AER,AES,AEVA,AFG,AFJK,AFRI,AGIO,AGL,AGNC,ALGN,ALLE,ALMU,ALX,AMBA,AMCR,AMD,AMGN"
2026-05-04 17:45:00+00:00,L0870,L0851,confirmation,maturity,1.3394467772842948,0.7166846853826608,0,,13,AA-AMAL;AAT-ALV;AAUC-ACVA;AAUC-AGPU;ABM-AHRT;ABT-ADTN;ACGL-ACHV;ACI-AFRI;ADI-AIT;AGX-AME;AHCO-ALV;ALH-ALTG;ALSN-AMPH,0.0015914311516098678,2.6503605719684673,0.015,1.2816795817922035,"AA,ABM,ABSI,ACCO,ACHV,ACOG,ACR,ACVA,ADI,ADNT,ADTN,AEC,AEIS,AEO,AFRI,AG,AGPU,AGX,AIN,ALB,ALG,ALHC,ALK,ALMU,ALSN,ALTG,ALV,AMBA,AMBQ","AAT,AAUC,ABBV,ABCB,ABT,ACGL,ACI,ACIC,ACT,ADC,ADM,AEE,AEP,AER,AFL,AGO,AHCO,AHRT,AIG,AIT,AIZ,AKR,ALH,ALL,ALLE,AM,AMAL,AMCX,AME,AMP,AMPH"
2026-05-04 17:45:00+00:00,L0859,L0851,maturity,maturity,0.6227339344357578,0.7166846853826608,6,ABR;ADUS;AEBI;AIRJ;ALCO;AMH,8,ABR-ADC;ACNB-ALLE;ADC-AGBK;AEBI-AGO;AEBI-AIG;ALH-ALRM;ALLY-AM;ALLY-AMPH,0.001169050286989659,3.05007390589795,0.015,1.166594062420013,"ABAT,ABNB,ABR,ACIW,ACN,ACNB,ACNT,AD,ADAG,ADBE,ADMA,ADP,ADPT,ADSK,ADUS,ADV,AEBI,AERO,AEXA,AEYE,AFCG,AFJK,AFRM,AGBK,AGCC,AGM,AGMB,AGRO,AGYS,AI,AIOT,AIRJ,AIRO,AIRS,AIV,AJG,AKTS,ALC,ALCO,ALKT,ALLT,ALLY,ALNY,ALOY,ALRM,AMCI,AMH,AMN","AAT,AAUC,ABBV,ABCB,ABT,ACGL,ACI,ACIC,ACT,ADC,ADM,AEE,AEP,AER,AFL,AGO,AHCO,AHRT,AIG,AIT,AIZ,AKR,ALH,ALL,ALLE,AM,AMAL,AMCX,AME,AMP,AMPH"
2026-05-04 18:00:00+00:00,L0868,L0851,expansion,expansion,0.6313347342660337,0.4212705645835506,3,AHRT;ALLE;ALX,19,A-AGIO;ABG-ACT;ACT-ADAM;ACT-AIT;ADAM-AGIO;ADC-AHRT;ADM-AES;ADNT-AIG;AEBI-AFG;AEBI-AHRT;AEBI-ALG;AEE-ALLE;AEP-AHRT;AER-AIG;AFG-AIG;AFG-ALL;AGL-AME;AGNC-AIG;ALLE-AME,0.0011712592240655795,3.262591264755566,0.015356489945155392,1.1337328793355401,"A,AAPG,AAPL,ABG,ABM,ABSI,ACEL,ACHR,ACOG,ACR,ACU,ACVA,ADAM,ADNT,ADT,ADUR,AEC,AEG,AENT,AEO,AER,AES,AEVA,AFG,AFRI,AFRM,AGL,AGNC,AHRT,AIP,AIRG,AIT,ALB,ALG,ALGN,ALLE,ALMU,ALRS,ALX,AMBA,AMBP,AMBQ,AMCR,AMD,AMGN","AAT,AAUC,ABBV,ABCB,ABR,ABT,ACGL,ACI,ACIC,ACT,ADC,ADM,ADUS,AEBI,AEE,AEP,AFL,AGCO,AGIO,AGO,AHCO,AIG,AII,AIRJ,AIZ,AKR,ALCO,ALL,AM,AMAL,AMCX,AME,AMH,AMP,AMPH"
2026-05-04 18:15:00+00:00,L0851,L0859,expansion,maturity,1.123973067460524,0.391771077493382,3,ADUS;AMCX;AMPH,7,ACIW-ADC;ACM-AFBI;ADPT-AMP;ADPT-AMPH;AHCO-AIRJ;AIOT-AMP;ALOY-AMPH,0.002575910068117082,2.6572894671115943,0.017183770883054894,1.1216231758965285,"AA,AAT,AAUC,ABBV,ABCB,ABT,ACAD,ACGL,ACI,ACIC,ACRS,ACT,AD,ADC,ADEA,ADM,ADTN,ADUS,AEE,AEP,AFBI,AFL,AGCO,AGO,AGX,AHCO,AHRT,AII,AIZ,AKR,ALH,ALL,ALLE,ALMS,ALOT,ALSN,ALTO,ALX,AM,AMAL,AMCX,AME,AMP,AMPH","ABAT,ABNB,ABR,ACA,ACET,ACHV,ACIW,ACM,ACN,ACNB,ACNT,ADBE,ADP,ADPT,ADSK,ADV,AEYE,AFCG,AFJK,AGBK,AGMB,AGRO,AGYS,AI,AIOT,AIRJ,AIRO,AIV,AKAM,ALAR,ALC,ALCO,ALKT,ALLT,ALLY,ALNY,ALOY,ALRM,AMCI,AMH"
2026-05-04 18:45:00+00:00,L0851,L0859,decay,maturity,0.7776127213035101,0.17046404975007817,0,,10,AAT-ALLY;ABR-AMH;ACGL-AGYS;ACGL-AIRO;ADUS-AMCX;AEE-AIRJ;AFG-AMH;AFL-AMPH;ALLY-AM;AMH-AMP,0.001241105142980814,2.409114871084872,0.015865384615384615,0.8890815567796022,"AAT,ABBV,ABCB,ABR,ABT,ACGL,ACI,ACIC,ACT,ACU,ADC,ADM,AEBI,AEE,AEP,AFG,AFL,AFRI,AGIO,AGO,AHCO,AIG,AIZ,AKR,ALCO,ALL,AM,AMCX,AME,AMP","ABAT,ABNB,ACET,ACIW,ACN,ACNB,ACNT,ADBE,ADP,ADPT,ADSK,ADUS,ADV,AEYE,AFCG,AGBK,AGM,AGMB,AGRO,AGYS,AI,AIOT,AIRJ,AIRO,AIV,ALAR,ALC,ALKT,ALLT,ALLY,ALNY,ALOY,ALRM,AMCI,AMH,AMPH"
2026-05-04 18:45:00+00:00,L0874,L0859,confirmation,maturity,0.1644803645263494,0.17046404975007817,0,,5,ACET-ADUR;AERO-ALLT;AGRO-AKTS;AIOT-AKTS;AIRG-ALLT,-0.00017919862875714898,1.791759469228055,0.015865384615384615,0.5508029992822497,"AAL,AAOI,AAON,ABX,ACLS,ACMR,ACRE,ADAG,ADUR,AEHR,AEIS,AEM,AERO,AGI,AIP,AIRG,AJG,AKTS,ALAB,ALGM,ALGT,ALNT,ALRS,ALTG,AMBP,AMKR,AMN,QQQ","ABAT,ABNB,ACET,ACIW,ACN,ACNB,ACNT,ADBE,ADP,ADPT,ADSK,ADUS,ADV,AEYE,AFCG,AGBK,AGM,AGMB,AGRO,AGYS,AI,AIOT,AIRJ,AIRO,AIV,ALAR,ALC,ALKT,ALLT,ALLY,ALNY,ALOY,ALRM,AMCI,AMH,AMPH"
2026-05-04 19:00:00+00:00,L0868,L0851,expansion,expansion,0.4441408055974698,0.8324824959233614,1,AA,28,A-AEBI;AA-AGO;AA-AMP;AAPL-AFG;AAT-AER;ABCB-AEO;ABG-AFRI;ABT-AEBI;ABT-AIG;ABT-ALL;ACAD-AIN;ACCO-AKR;ACI-AIT;ACIC-AMBA;ACVA-AGCO;AD-AMCR;ADTN-AEE;ADTN-ALHC;ADTN-AMAL;AEBI-AEO;AEE-AES;AER-AIZ;AES-ALCO;AG-ALHC;AG-AMCX;AGCO-ALMS;AGO-ALLE;AMBQ-AMP,0.0008591776713728905,3.436754911722886,0.015026833631484795,1.2444297434316935,"A,AA,AAPG,AAPL,ABG,ABSI,ABT,ACCO,ACEL,ACHR,ACOG,ACR,ADAM,ADI,ADNT,ADT,ADTN,ADUR,AEC,AEG,AENT,AEO,AER,AES,AEVA,AFBI,AG,AGCO,AGIO,AGL,AGNC,AGX,AIN,AIT,ALB,ALG,ALGN,ALK,ALLE,ALMU,ALSN,ALX,AMBA,AMBQ,AMCR,AMD,AMGN","AAP,AAT,AAUC,ABBV,ABCB,ABM,ABR,ACAD,ACGL,ACHV,ACI,ACIC,ACM,ACRS,ACT,ACU,ACVA,AD,ADC,ADEA,ADM,AEBI,AEE,AEP,AFG,AFL,AFRI,AGO,AHCO,AHRT,AIG,AII,AIZ,AKR,ALCO,ALH,ALHC,ALL,ALMS,ALOT,ALTO,ALV,AM,AMAL,AMCX,AME,AMP"
2026-05-04 19:45:00+00:00,L0868,L0863,decay,expansion,0.6892999012060658,0.9811316506618122,0,,103,A-ABCL;A-ABEV;A-ABUS;A-ABVX;A-AESI;A-AIRS;A-ALAB;A-AMAT;A-AMKR;A-QQQ;AAMI-ALX;AAOI-AAPL;AAON-ABT;AAON-ACHR;AAON-ADAM;AAON-ADNT;AAON-AMBP;AAPG-ABR;AAPG-AIRG;AAPL-AEHR;AAPL-AHR;AAPL-AIRG;AAPL-ALAB;AAPL-ALGT;ABCL-AEG;ABCL-AER;ABEO-AIG;ABEV-AEG;ABEV-AER;ABG-ALGT;ABG-ALTG;ABR-ACEL;ABR-AIG;ABT-ADEA;ABT-AEIS;ABT-AFYA;ABT-AKO-B;ABUS-AENT;ABUS-AMD;ABVX-AMD;ACB-ADT;ACB-AGL;ACB-AGPU;ACB-AMD;ACEL-ACTG;ACEL-ALMR;ACLS-AMD;ACMR-AEG;ACMR-AMD;ACRE-AMGN;ADAG-AIG;ADAM-ADEA;ADAM-AEIS;ADAM-AFYA;ADAM-AJG;ADAM-AMPG;ADEA-AEVA;ADEA-AGL;ADEA-ALGN;ADNT-ALGM;ADT-ALAB;AEG-AERO;AEG-AGEN;AEG-AIR;AEG-ALM;AEG-ALNT;AEG-QQQ;AEIS-AEVA;AEIS-ALGN;AEIS-AMBP;AENT-AKTS;AENT-ALAB;AENT-ALKS;AER-ALNT;AER-AMAT;AER-QQQ;AERO-AIP;AESI-AGIO;AEVA-AEYE;AFYA-ALX;AGEN-AMD;AGIO-ALVO;AGIO-AMAT;AGPU-AMPG;AHR-AIP;AIG-AIRS;AIP-AKTS;AIP-ALNT;AIP-AMN;AIR-AMD;AIRS-AMCR;AJG-AMBP;AKTS-AMCR;ALAB-AMD;ALGT-AMCR;ALKS-AMD;ALNT-AMCR;ALTG-AMD;AMAT-AMD;AMBP-AMN;AMD-AMKR;AMD-AMLX;AMD-QQQ,0.0019870979012921453,4.646299747190105,0.022641509433962263,1.666100628772984,"A,AAPG,AAPL,ABG,ABT,ACEL,ACHR,ADAM,ADNT,ADT,AEG,AENT,AER,AEVA,AGIO,AGL,AGNC,AGPU,AIG,AIP,ALGN,ALX,AMBP,AMCR,AMD,AMGN","AAMI,AAOI,AAON,ABCL,ABEO,ABEV,ABR,ABUS,ABVX,ACB,ACHC,ACLS,ACMR,ACRE,ACTG,ADAG,ADEA,AEHR,AEIS,AEM,AERO,AESI,AEXA,AEYE,AFYA,AGEN,AGI,AHR,AIR,AIRG,AIRS,AJG,AKO-B,AKTS,ALAB,ALCO,ALGM,ALGT,ALKS,ALM,ALMR,ALNT,ALRS,ALTG,ALVO,AMAT,AMG,AMKR,AMLX,AMN,AMPG,QQQ"
2026-05-04 19:45:00+00:00,L0868,L0851,decay,maturity,0.6892999012060658,0.92409188596772,5,ACEL;ADT;AGNC;AIG;AMGN,49,A-ADM;A-AEBI;A-AEP;A-AHRT;AAT-AIG;ABBV-ABT;ABBV-AMBP;ABCB-ABG;ABCB-ADT;ABG-ACGL;ABM-ADT;ABT-ACOG;ABT-ADC;ABT-ALV;ACAD-ADT;ACAD-AGIO;ACAD-AMD;ACEL-ACGL;ACEL-ADC;ACEL-ALV;ACEL-AMP;ACGL-AGNC;ACHR-ALV;ACI-ADT;ACI-AGL;ACIC-ADT;ACOG-AEVA;ACRS-AER;ACRS-AGIO;ADAM-ALV;ADC-AGNC;ADC-AMGN;ADM-AER;ADT-ALMS;ADT-ALV;AENT-ALH;AENT-AMCX;AEP-AER;AER-AHRT;AER-ALTO;AFL-AGL;AFL-AMGN;AGIO-AII;AGIO-ALTO;AGL-AII;AGNC-AGO;AGNC-AKR;AIG-AKR;AIG-ALV,0.0021111484966240823,4.097856967326568,0.01437125748502994,1.5106374666065323,"A,AAPG,AAPL,ABG,ABT,ACEL,ACHR,ADAM,ADNT,ADT,AEG,AENT,AER,AEVA,AGIO,AGL,AGNC,AGPU,AIG,AIP,ALGN,ALX,AMBP,AMCR,AMD,AMGN","AARD,AAT,ABBV,ABCB,ABM,ACAD,ACGL,ACI,ACIC,ACOG,ACRS,ACT,ACU,ADC,ADM,AEBI,AEE,AEP,AES,AFG,AFL,AFRI,AGO,AHRT,AII,AIZ,AKR,ALH,ALL,ALMS,ALTO,ALV,AM,AMAL,AMCX,AME,AMH,AMP"
2026-05-05 13:30:00+00:00,L0851,L0879,maturity,confirmation,0.7569659314679341,0.14841255623205415,0,,5,AARD-ALH;AARD-AMG;ACDC-ALV;AD-AEE;AFRI-AME,0.00629536117776297,1.8915348345970593,0.00819672131147541,0.7457267631559825,"AAT,ABCB,ABM,ABR,ACEL,ACGL,ACHC,ACHV,ACI,ACIC,ACM,ACRE,ACT,ACTG,ACU,ACVA,ADC,ADI,ADT,AEE,AES,AFBI,AFG,AFL,AFRI,AGNC,AGO,AIG,AIZ,AKR,ALH,ALL,ALOT,ALV,AM,AMAL,AMG,AMGN,AMH,AMP,AMPG","AARD,AAUC,ACAD,ACDC,AD,ADSE,AGCC,AGIO,AGPU,AII,AME"
2026-05-05 13:45:00+00:00,L0881,L0880,confirmation,confirmation,0.5239893090955351,0.38425598328582605,1,AEXA,13,AAON-AIT;AAPG-ABCB;AAPG-AGEN;AAPG-AHR;AAUC-ACVA;ACCO-AIN;ACM-AHR;ADC-AEXA;ADSK-AEXA;AEXA-ALC;AGEN-AGYS;AGIO-AGYS;AGYS-ALMU,0.0018329673912376165,2.783979644838476,0.016981132075471698,0.9710156687353481,"A,AAL,AAOI,AAPL,AAUC,ABCB,ABCL,ABEO,ABEV,ABUS,ABVX,ACAD,ACB,ACET,ACLS,ACMR,ACRS,ADM,ADT,AEBI,AEC,AEG,AEHR,AEP,AER,AERO,AEXA,AFCG,AGEN,AGIO,AGM,AGX,AHR,AIN,AIP,AIR,AIT,AKAM,AKTS,ALAB,ALB,ALGT,ALK,ALLT,ALM,ALMS,ALMU,ALNT,ALTG,ALTO,AMAT,AMBA,AMBQ,AMCR,AMCX,AMD,AMKR,AMLX,AMPH,QQQ","AAON,AAPG,ABNB,ABT,ACCO,ACHV,ACIW,ACM,ACN,ACOG,ACVA,ADAM,ADBE,ADC,ADEA,ADP,ADSK,ADTN,ADUR,ADUS,ADV,AEIS,AEVA,AFRM,AFYA,AGBK,AGCO,AGL,AGRO,AGYS,AHCO,AI,AIOT,AIRJ,AIV,AKO-B,ALC,ALGN,ALKT,ALLE,ALRM,ALSN,AM,AMBP,AMN"
2026-05-05 14:00:00+00:00,L0851,L0883,expansion,confirmation,0.7446079222049043,1.123866163204875,0,,18,AAT-ACNT;ABAT-ALX;ABBV-ACR;ABR-ACNT;ABSI-ALRS;ACEL-AMCI;ACHC-AMCI;ACHR-ALX;ACNT-ACTG;ACR-ACRE;ACR-AEE;ACR-AEM;ACR-AMH;ACTG-AIRJ;AIRS-ALRS;AIRS-ALX;ALL-AMCI;ALNY-AMCI,0.005803617532365024,2.974527112582177,0.007462686567164179,1.3052934067535529,"AAMI,AAP,AARD,AAT,ABBV,ABM,ABR,ACDC,ACEL,ACGL,ACHC,ACI,ACIC,ACRE,ACT,ACTG,ACU,AD,ADAG,ADI,ADMA,ADNT,ADSE,AEE,AEM,AES,AFBI,AFG,AFRI,AFYA,AG,AGNC,AGO,AIG,AII,AIN,AIRG,AIV,AIZ,AJG,AKR,ALAR,ALCO,ALGM,ALH,ALL,ALLY,ALNY,ALOT,ALRS,ALV,ALX,AMAL,AMBP,AMG,AMGN,AMH,AMP","AAPG,ABAT,ABSI,ACHR,ACNT,ACR,ADPT,ADV,AEYE,AFJK,AGIO,AGMB,AGPU,AGYS,AIRJ,AIRO,AIRS,ALHC,ALOY,ALVO,AMCI,AMPG,AMPH"
2026-05-05 14:45:00+00:00,L0881,L0880,decay,maturity,0.5279836854437072,0.673775806645544,0,,11,ABAT-AKO-B;ACCO-ALX;ACHR-ALGN;ADMA-AFJK;ADMA-AGIO;ADTN-ALHC;AFJK-AIRJ;AGMB-AGRO;AGPU-ALRM;AHCO-AMN;AIRJ-AMN,0.0013992554740980268,2.496499652779746,0.011538461538461539,0.986383530052481,"AAPG,AAUC,ABAT,ABCB,ACHC,ACHR,ACNT,ACVA,ADPT,ADV,AFJK,AGIO,AGMB,AGPU,AGYS,AIRO,AIRS,AIT,ALHC,ALOY,ALRS,ALVO,ALX,AMN,AMPG,AMPH","AAON,ABR,ABT,ACCO,ACIW,ACN,ACOG,ADAM,ADBE,ADEA,ADMA,ADP,ADSK,ADTN,ADUS,AEIS,AEVA,AEYE,AGBK,AGL,AGRO,AHCO,AI,AIOT,AIRJ,AJG,AKO-B,ALGN,ALKT,ALLE,ALRM,ALSN,AMBP"
2026-05-05 15:00:00+00:00,L0851,L0881,decay,expansion,0.7044722334779686,0.6792064773239795,0,,15,ABEO-ALNY;ACHC-ACT;ACHC-ADC;ACHC-AMCI;ACNT-ALCO;ACR-ACVA;ADI-ADUR;ADMA-AFYA;ADMA-ALCO;ADMA-AM;ADT-AKTS;AFJK-ALG;AHR-ALVO;AIT-AKR;ALG-AMBQ,0.006490227358881384,2.8123515201626077,0.011320754716981131,1.1198896064887833,"AAP,AAPL,AAT,ABBV,ABG,ABM,ABNB,ABR,ACEL,ACGL,ACI,ACIC,ACR,ACRE,ACT,ACU,AD,ADAG,ADC,ADI,ADNT,ADSE,AEE,AEO,AES,AFBI,AFG,AFL,AFRI,AFYA,AGNC,AGO,AHR,AIG,AII,AIRG,AIV,AIZ,AKR,AKTS,ALCO,ALG,ALH,ALL,ALNY,ALOT,ALV,AM,AMAL,AMCI,AMG,AMGN,AMH,AMP","AAOI,AAPG,AAUC,ABAT,ABCB,ABCL,ABEO,ABSI,ABUS,ABVX,ACAD,ACET,ACHC,ACHR,ACNT,ACTG,ACVA,ADMA,ADPT,ADT,ADUR,ADV,AFJK,AGCC,AGEN,AGIO,AGMB,AGPU,AGYS,AIRO,AIRS,AIT,ALHC,ALMU,ALOY,ALRS,ALVO,ALX,AMBA,AMBQ,AMD,AMLX,AMN,AMPG,AMPH"
2026-05-05 15:15:00+00:00,L0881,L0851,maturity,maturity,0.7151401399294324,0.724888150963503,0,,14,ABG-AMPH;ACB-ADSE;ACHC-AGPU;ACNB-ALH;ACNT-ALH;ACU-AGCC;AD-AGCC;ADI-ADV;ADV-ALG;AENT-ALG;AEXA-AIN;AGCC-AIZ;AGIO-ALL;AIG-AMPH,0.0030655681912321597,2.7282812868664412,0.01584507042253521,1.116455569547871,"AAOI,AAPG,ABAT,ABCB,ABCL,ABEO,ABSI,ABUS,ACAD,ACB,ACET,ACHR,ACNB,ACNT,ACVA,ADMA,ADPT,ADT,ADV,AEHR,AENT,AEXA,AFJK,AGCC,AGEN,AGIO,AGMB,AGPU,AGYS,AIP,AIRO,AIRS,AIT,ALHC,ALMU,ALOY,ALRS,ALTG,ALVO,ALX,AMBA,AMBQ,AMLX,AMN,AMPG,AMPH","AAP,AAT,ABBV,ABG,ABM,ABNB,ABR,ACEL,ACGL,ACHC,ACI,ACIC,ACR,ACRE,ACT,ACTG,ACU,AD,ADAG,ADC,ADI,ADNT,ADSE,AEE,AEM,AEO,AES,AFBI,AFG,AFL,AFRI,AFYA,AG,AGNC,AGO,AHR,AIG,AII,AIN,AIRG,AIV,AIZ,AKR,ALCO,ALG,ALH,ALL,ALNY,ALOT,ALV,AM,AMAL,AMCI,AMG,AMGN,AMH,AMP"
2026-05-05 15:30:00+00:00,L0851,L0881,maturity,maturity,0.45370154711425764,0.3468354952369206,3,ADSE;AFBI;AGNC,10,ABM-ADV;ABM-AIT;ABR-ALRS;ACHC-AMH;ACIC-ALRS;ADAG-AIRS;ADSE-AFJK;ADSE-ALMU;AFG-AMPH;AIN-AIT,2.2971071302890778e-05,2.833348458876638,0.01141304347826087,0.9502101839462521,"AAMI,AAP,AAT,ABBV,ABG,ABM,ABNB,ABR,ACEL,ACGL,ACI,ACIC,ACR,ACRE,ACT,ACU,AD,ADAG,ADC,ADI,ADNT,ADSE,AEE,AEO,AES,AFBI,AFG,AFL,AFRI,AFYA,AGNC,AGO,AHR,AIG,AII,AIN,AIRG,AIV,AIZ,AKR,ALCO,ALG,ALH,ALL,ALNY,ALOT,ALV,AM,AMAL,AMCI,AMG,AMGN,AMH,AMP","AAOI,AAPG,AAUC,ABAT,ABCB,ABCL,ABEO,ABSI,ABUS,ACAD,ACB,ACET,ACHC,ACHR,ACVA,ADMA,ADPT,ADT,ADV,AFJK,AGCC,AGEN,AGIO,AGMB,AGPU,AGYS,AIP,AIRO,AIRS,AIT,ALHC,ALMU,ALOY,ALRS,ALVO,AMBA,AMBQ,AMD,AMLX,AMN,AMPG,AMPH"
2026-05-05 15:45:00+00:00,L0881,L0851,maturity,maturity,0.7389830436690982,0.921005557052034,4,ABCB;ACHC;AFBI;AGNC,8,AAP-ADV;AAPG-AIN;ABNB-AGNC;ACHC-AEE;ADC-AGNC;ADV-ALV;AFBI-AMCI;AHR-ALHC,0.003618926159106195,2.854277724943613,0.015384615384615384,1.2138737037599352,"AAOI,AAPG,AAUC,ABAT,ABCB,ABCL,ABSI,ABUS,ACAD,ACB,ACET,ACHC,ACHR,ACNT,ACVA,ADMA,ADPT,ADSE,ADT,ADV,AFBI,AFJK,AGCC,AGEN,AGIO,AGMB,AGNC,AGPU,AGYS,AIRO,AIRS,AIT,ALHC,ALMU,ALOY,ALRS,ALVO,ALX,AMBA,AMBQ,AMD,AMLX,AMN,AMPG,AMPH","AAMI,AAP,AAT,ABBV,ABG,ABM,ABNB,ACDC,ACEL,ACGL,ACHV,ACI,ACM,ACR,ACRE,ACT,ACTG,ACU,AD,ADAG,ADC,ADI,ADNT,ADUR,AEE,AEM,AEO,AES,AFG,AFL,AFRI,AFRM,AG,AGCO,AGI,AGO,AHR,AIG,AII,AIN,AIOT,AIRG,AIZ,AKR,ALGM,ALH,ALL,ALMR,ALNY,ALOT,ALV,AM,AMAL,AMCI,AMG,AMGN,AMH,AMP"
2026-05-05 16:00:00+00:00,L0851,L0886,maturity,maturity,0.6141550938871907,1.2989757482622402,0,,21,A-ACU;AA-AIZ;AA-ALMR;AA-AMAL;AAP-ALLY;AARD-AIRG;AAT-ACNB;AAT-ALK;ABCB-AKTS;ABG-AESI;ACDC-AIZ;ACDC-ALL;ACNB-AIZ;ACR-AEC;ADAG-AEC;AEBI-ALH;AEG-ALNY;AENT-AKR;AGM-ALCO;AGX-AIRG;ALCO-ALTG,0.0025977978366427124,3.102781452881315,0.018867924528301886,1.3524648045444032,"AAMI,AAP,AAT,ABBV,ABCB,ABG,ABM,ABNB,ACEL,ACGL,ACHC,ACI,ACM,ACR,ACRE,ACT,ACU,AD,ADAG,ADC,ADI,ADNT,AEE,AEO,AES,AFBI,AFG,AFL,AFRI,AGCO,AGNC,AGO,AHR,AIG,AII,AIN,AIRG,AIZ,AKR,ALCO,ALH,ALL,ALMR,ALNY,ALOT,ALV,AM,AMAL,AMCI,AMG,AMGN,AMH,AMP","A,AA,AAL,AAPL,AARD,ABEV,ABVX,ABX,ACA,ACDC,ACLS,ACMR,ACNB,ACRS,ADM,AEBI,AEC,AEG,AENT,AEP,AER,AERO,AESI,AFCG,AGM,AGX,AHRT,AIR,AKAM,AKTS,ALAB,ALAR,ALB,ALG,ALGT,ALK,ALKS,ALLT,ALLY,ALM,ALMS,ALNT,ALTG,ALTO,AMAT,AMCR,AMCX,AME,AMKR,QQQ"
2026-05-05 16:45:00+00:00,L0881,L0891,expansion,confirmation,0.2623946700624328,0.24259451752622463,1,AGYS,9,ABM-AGYS;ACVA-AIN;ADMA-AMH;AEXA-AGYS;AGIO-AMH;AGMB-AMH;AIRS-ALTG;AIT-AMPG;ALTG-ALVO,0.0004536883207038045,2.4886802567744692,0.010169491525423728,0.7751922441990281,"AAOI,AAPG,AAUC,ABAT,ABCL,ABSI,ABUS,ACAD,ACB,ACET,ACHR,ACVA,ADMA,ADPT,ADV,AEHR,AFJK,AGEN,AGIO,AGMB,AGPU,AGYS,AIP,AIRO,AIRS,ALHC,ALMU,ALOY,ALVO,AMBA,AMBQ,AMD,AMLX,AMN,AMPG","ABCB,ABG,ABM,ACGL,ACHC,ACIC,ACNB,ACU,AEO,AEXA,AFBI,AFYA,AGNC,AIN,AIT,AKR,ALTG,AMH"
2026-05-05 17:00:00+00:00,L0891,L0880,decay,maturity,0.11168213199093649,0.876520096087614,0,,2,ACHC-ALRM;AIT-ALLE,0.0034225559793412685,1.206645907779573,0.011570247933884297,0.5998576825585411,"ABCB,ACGL,ACHC,ACIC,ACNB,AEXA,AGNC,AGYS,AIN,AIT,AKR,ALTG,AMH","AAON,ABR,ABT,ACCO,ACHV,ACIW,ACN,ACOG,ACR,ADAM,ADBE,ADEA,ADP,ADSK,ADTN,ADUS,AEIS,AEVA,AEYE,AFRM,AFYA,AGBK,AGL,AGRO,AHCO,AI,AIOT,AJG,AKO-B,ALC,ALGM,ALGN,ALKT,ALLE,ALRM,ALSN,AMBP"
2026-05-05 17:00:00+00:00,L0891,L0886,decay,maturity,0.11168213199093649,0.08996622688339755,1,ACNB,4,ABCB-AMPH;ABX-ACGL;ACDC-ACNB;ALTG-AMPH,0.0012600722693605348,1.9637510813476058,0.018404907975460124,0.5541930141955207,"ABCB,ACGL,ACHC,ACIC,ACNB,AEXA,AGNC,AGYS,AIN,AIT,AKR,ALTG,AMH","A,AA,AAL,AAPL,AARD,ABEV,ABVX,ABX,ACA,ACDC,ACLS,ACMR,ACRS,ADM,ADT,AEBI,AEC,AEG,AENT,AEP,AER,AERO,AESI,AFCG,AGX,AHRT,AII,AIR,AIRG,AKAM,AKTS,ALAB,ALAR,ALB,ALG,ALGT,ALK,ALKS,ALLT,ALLY,ALM,ALMR,ALMS,ALNT,ALNY,ALTO,AMAL,AMAT,AMCR,AMCX,AME,AMKR,AMPH,QQQ"
2026-05-05 17:45:00+00:00,L0851,L0886,expansion,maturity,0.8090924386139349,0.2627307884204996,6,ABX;AEC;AESI;ALG;ALLY;AMCR,11,ABEV-AEC;ABX-AKAM;ACM-ADT;ACRE-ALRS;ADM-AESI;ADT-AEO;AEP-AKR;AESI-AIR;ALB-ALL;ALCO-ALRS;ALGT-ALL,-0.0007692552753724158,3.1780538303479458,0.024258760107816708,1.1196992397134893,"AAMI,AAP,AAT,ABBV,ABG,ABM,ABNB,ABX,ACDC,ACEL,ACGL,ACI,ACM,ACNB,ACR,ACRE,ACT,ACTG,ACU,AD,ADAG,ADC,ADI,ADNT,ADSE,AEC,AEE,AEM,AEO,AES,AESI,AEXA,AFBI,AFG,AFL,AFRI,AG,AGCC,AGCO,AGI,AGNC,AGO,AIN,AIRG,AIV,AIZ,AKR,ALCO,ALG,ALH,ALL,ALLY,ALOT,ALV,AM,AMCI,AMCR,AMG,AMH,AMP","A,AAL,AAOI,AAPL,AAUC,ABCL,ABEO,ABEV,ABUS,ABVX,ACA,ACAD,ACB,ACET,ACLS,ACMR,ACRS,ADM,ADT,AEBI,AEHR,AENT,AEP,AER,AGEN,AGIO,AGM,AGX,AIP,AIR,AIRS,AKAM,AKTS,ALAB,ALB,ALGT,ALK,ALLT,ALM,ALMS,ALMU,ALNT,ALRS,ALTO,AMAT,AMBA,AMBQ,AMCX,AMD,AMKR,AMLX,AMPH,QQQ"
2026-05-05 18:15:00+00:00,L0886,L0895,maturity,confirmation,0.693301463372725,0.4336800494000279,0,,3,ACNB-ALNT;AIN-AMPH;ALTG-AMPH,0.0008705616603492672,1.4078249470947404,0.01081081081081081,0.6916723122271325,"A,AA,AAL,AAPL,AARD,ABEO,ABEV,ABVX,ABX,ACA,ACDC,ACLS,ACMR,ACRS,ADM,ADT,AEBI,AEC,AEG,AENT,AEP,AER,AERO,AESI,AFCG,AGX,AHRT,AIP,AIR,AIRG,AKAM,ALAB,ALAR,ALB,ALG,ALGT,ALK,ALKS,ALLT,ALLY,ALM,ALMR,ALMS,ALNT,ALTO,AMAT,AMCR,AMCX,AMD,AME,AMKR,AMPH,QQQ","ABCB,ACIC,ACNB,AEXA,AGNC,AGYS,AIN,AIT,AKR,ALTG,AMH"
2026-05-05 18:45:00+00:00,L0851,L0881,maturity,expansion,0.753722769558229,0.4135205795707402,0,,13,ABCB-ABG;ABCB-ACHC;ACGL-AIT;ACIC-ACT;ACM-ACVA;ACR-AGPU;ADSE-AEE;ADSE-AEM;ADSE-AIV;ADV-AFBI;AEE-AMH;AGRO-AMH;ALV-AMH,0.0022959355264902115,2.655323848984705,0.00949868073878628,1.015428769095685,"AAMI,AAP,AAT,ABBV,ABG,ABM,ABNB,ACEL,ACGL,ACHC,ACHV,ACI,ACM,ACR,ACRE,ACT,ACU,AD,ADC,ADI,ADNT,ADV,AEE,AEM,AEO,AES,AFG,AFL,AFRI,AG,AGCO,AGO,AGRO,AIV,AIZ,ALCO,ALH,ALOT,ALV,AM,AMAL,AMCI,AMG,AMGN,AMP","AAOI,AAPG,AAUC,ABAT,ABCB,ABCL,ABSI,ABUS,ACAD,ACB,ACHR,ACIC,ACNB,ACNT,ACVA,ADMA,ADPT,ADSE,AEHR,AENT,AEXA,AFBI,AFJK,AGCC,AGEN,AGIO,AGM,AGMB,AGNC,AGPU,AGYS,AIN,AIRO,AIRS,AIT,AKR,AKTS,ALHC,ALMU,ALOY,ALRS,ALTG,ALVO,ALX,AMBA,AMBQ,AMCX,AMH,AMLX,AMN,AMPG,AMPH"
2026-05-06 13:45:00+00:00,L0899,L0898,confirmation,confirmation,0.6285454135593979,0.4743450380505004,1,AFRI,11,AARD-ACRS;AARD-ALNY;ACA-AGO;ACM-ADV;ACRS-ADV;AD-AII;ADPT-ADV;ADV-ALRM;AFYA-AIRG;AIRJ-ALMS;ALAR-AMCI,0.010941267979433178,2.7143057143801497,0.018292682926829267,1.0121874665170312,"AAMI,AAON,AARD,ABCB,ABEO,ABEV,ABG,ABR,ACGL,ACHC,ACI,ACNB,ACVA,AD,ADC,ADUR,ADV,AEO,AERO,AES,AEVA,AFBI,AFG,AFL,AFRI,AFYA,AGMB,AGNC,AGO,AHR,AHRT,AIN,AIRJ,AIT,AIV,AJG,AKR,AKTS,ALCO,ALL,ALLE,ALMR,ALOT,ALTG,ALVO,AMCI,AME,AMG,AMGN,AMP","AA,AAPG,AAPL,ABBV,ABM,ABT,ACA,ACDC,ACEL,ACHV,ACIC,ACIW,ACM,ACN,ACR,ACRE,ACRS,ACTG,ADAG,ADBE,ADM,ADMA,ADP,ADPT,ADSK,ADUS,AEE,AEP,AESI,AEXA,AEYE,AGCC,AGRO,AGX,AGYS,AHCO,AII,AIRG,AIRS,AIZ,ALAR,ALB,ALC,ALHC,ALKS,ALKT,ALLT,ALMS,ALMU,ALNY,ALRM,ALTO,AM,AMN,AMPG"
2026-05-06 14:00:00+00:00,L0900,L0881,expansion,expansion,0.4329704911840662,0.6862148847282749,7,ABEV;AEC;AGMB;AKTS;ALG;ALM;ALVO,67,AAMI-ABX;AAMI-AEBI;AAOI-AGMB;AAOI-AMAT;AAON-AIP;AAUC-AFRM;ABAT-ACAD;ABAT-ALG;ABAT-AMGN;ABEV-AIRO;ABEV-AMBA;ABNB-AGNC;ABNB-AKTS;ABSI-AG;ABSI-AMCR;ACAD-ACRS;ACB-AEC;ACCO-AFG;ACET-AES;ACET-AIR;ACET-ALGT;ACLS-AEVA;ACMR-AIP;ACMR-AMKR;ACOG-ADTN;ACU-AIRJ;ACVA-AGMB;ACVA-AMAL;ADEA-ADI;ADEA-AEM;ADEA-AGI;ADEA-AMAT;ADI-ALX;ADI-AMKR;ADNT-ALX;ADSE-AMGN;ADTN-ALX;ADV-ALVO;AEBI-AMGN;AEC-AIRJ;AEC-AIRO;AEHR-ALGM;AEHR-AMAT;AEIS-AKO-B;AEO-AIP;AEVA-AGCO;AEVA-ALMR;AEVA-AMCR;AFJK-AMGN;AGL-AMCX;AGMB-AMBA;AHCO-AMGN;AHRT-ALOT;AHRT-AME;AIP-ALV;AIP-AMAT;AIP-AMD;AIRJ-ALM;AIRJ-ALVO;AIRO-AKTS;AIRO-ALG;AIRO-AMCR;AIRO-AME;AKO-B-ALMR;ALG-ALX;ALNT-ALVO;ALNT-AMCX,0.006806835677707568,4.4149860024108705,0.0208,1.4426221133764199,"AAL,AAMI,AAON,AAT,AAUC,ABCB,ABEV,ABG,ABR,ACAD,ACHR,ACI,ACLS,ACMR,ACNB,ACNT,ACT,ACU,ADI,ADNT,ADT,ADTN,AEC,AEG,AEIS,AEM,AEO,AER,AERO,AES,AFCG,AFG,AFYA,AG,AGBK,AGCO,AGI,AGM,AGMB,AGNC,AIG,AIN,AIR,AIT,AIV,AKR,AKTS,ALG,ALGM,ALGT,ALH,ALK,ALLE,ALLY,ALM,ALMR,ALOT,ALOY,ALSN,ALTG,ALV,ALVO,AMAL,AMAT,AMBP,AMCR,AMCX,AMD,AME,AMGN,AMPH,QQQ","A,AAOI,AAP,AARD,ABAT,ABCL,ABEO,ABNB,ABSI,ABUS,ABVX,ABX,ACB,ACCO,ACET,ACOG,ACRS,ACVA,ADEA,ADSE,ADUR,ADV,AEBI,AEHR,AENT,AEVA,AFJK,AFRM,AGEN,AGIO,AGL,AGPU,AHCO,AHRT,AI,AIOT,AIP,AIRJ,AIRO,AJG,AKAM,AKO-B,ALAB,ALGN,ALHC,ALKS,ALMU,ALNT,ALRS,ALX,AMBA,AMBQ,AMKR,AMLX,AMN"
2026-05-06 15:30:00+00:00,L0900,L0906,maturity,confirmation,0.35141838983451745,0.38596170339476515,0,,29,AAUC-AGPU;ABEO-ACHR;ABEV-ACLS;ABEV-AMAT;ABR-AEM;ABR-ALOT;ABSI-AEO;ABUS-AMCI;ACNT-AGPU;ACRS-ALLE;ADT-ADUR;AEG-ALMR;AEO-AKTS;AEO-ALTG;AER-ALM;AGBK-AMAT;AGCO-AIRO;AGPU-AIT;AKTS-ALH;ALGN-ALLE;ALGN-AME;ALK-ALVO;ALLY-ALM;ALM-AMAT;ALM-AMCR;ALMR-AME;ALTG-AMCI;ALTG-AME;ALVO-AMCI,0.0017138498078566045,3.4068939580101225,0.014598540145985401,1.0751272984932132,"AAL,AAON,AAT,AAUC,ABCB,ABG,ACAD,ACHR,ACLS,ACNB,ACNT,ACT,ACU,ADEA,ADNT,ADT,AEG,AEM,AEO,AER,AFCG,AFG,AFJK,AG,AGCO,AGI,AGM,AIN,AIR,AIT,ALG,ALGT,ALH,ALK,ALLE,ALLY,ALOT,ALOY,ALSN,ALV,AMAT,AMBP,AMCI,AMCR,AMCX,AMD,AME,AMPH,QQQ","AARD,ABAT,ABCL,ABEO,ABEV,ABR,ABSI,ABUS,ACRS,ADUR,AEC,AERO,AEVA,AGBK,AGL,AGMB,AGPU,AHRT,AIRO,AJG,AKTS,ALAB,ALGN,ALM,ALMR,ALTG,ALVO"
2026-05-06 15:45:00+00:00,L0909,L0900,confirmation,expansion,0.727300236793754,0.4664907683230807,0,,12,AAOI-AAON;ACET-ADNT;ACET-AEVA;ACET-AIR;ADEA-AEHR;ADEA-AIP;ADI-AIV;AEIS-AEVA;AEIS-AGCO;AEIS-AGI;AIP-AME;ALGM-ALM,0.0041312528774142265,2.5962337266458375,0.015267175572519082,1.0094858095323878,"AAOI,ABVX,ACA,ACET,ADI,AEHR,AEIS,AIP,ALGM,ALX,AMKR","AAL,AAON,AAT,AAUC,ABCB,ABEV,ABG,ABR,ABSI,ACAD,ACHC,ACHR,ACI,ACLS,ACMR,ACNB,ACNT,ACT,ACU,ADEA,ADNT,ADT,AEG,AEM,AEO,AER,AERO,AEVA,AFCG,AFG,AFJK,AG,AGBK,AGCO,AGI,AGM,AGMB,AGNC,AIG,AIN,AIR,AIRO,AIT,AIV,AJG,AKTS,ALG,ALGT,ALH,ALK,ALLE,ALLY,ALM,ALMR,ALOT,ALOY,ALSN,ALTG,ALV,ALVO,AMAL,AMAT,AMBP,AMCI,AMCR,AMCX,AMD,AME,AMPH,QQQ"
2026-05-06 16:30:00+00:00,L0909,L0900,expansion,maturity,0.7104723814894001,0.6580699846986344,0,,4,AAOI-AAON;AAOI-ACMR;ADI-AIR;AIG-ALX,0.0010902221547439694,1.631008038641105,0.020418848167539267,0.8213775467418174,"AAOI,ABVX,ABX,ACA,ACET,ACR,ADI,AEHR,ALX,AMKR","AAL,AAON,AAT,ABCB,ABG,ABR,ABSI,ACAD,ACHC,ACHR,ACLS,ACMR,ACNB,ACNT,ACT,ACU,ADEA,ADNT,ADT,ADTN,AEG,AEIS,AEM,AEO,AER,AFCG,AFG,AG,AGBK,AGCO,AGI,AGM,AIG,AIN,AIP,AIR,AIT,AIV,AKR,ALG,ALGM,ALGT,ALH,ALK,ALLE,ALLY,ALM,ALOT,ALOY,ALSN,ALTG,ALV,AMAL,AMAT,AMBP,AMCI,AMCR,AMCX,AMD,AME,AMPH,QQQ"
2026-05-06 16:45:00+00:00,L0898,L0900,maturity,maturity,0.5096104330230696,0.32810660820039056,0,,3,ADEA-AFRI;AEBI-ALTG;AFG-AFJK,0.0012542796321213245,1.4171697630626112,0.020580474934036936,0.6086946243727964,"AA,AAPG,AAPL,ABBV,ABM,ABT,ACB,ACCO,ACDC,ACEL,ACHV,ACIC,ACIW,ACM,ACN,ACRE,ACTG,ADAG,ADBE,ADM,ADMA,ADP,ADPT,ADSK,ADUS,ADV,AEBI,AEE,AEP,AESI,AEXA,AEYE,AFJK,AFRI,AGCC,AGEN,AGRO,AGYS,AHCO,AI,AII,AIOT,AIRG,AIRS,AIZ,AKAM,ALAR,ALB,ALC,ALHC,ALKS,ALKT,ALLT,ALMS,ALMU,ALNY,ALRM,ALRS,ALTO,AM,AMH,AMLX,AMN,AMPG","AAL,AAON,AAT,ABCB,ABG,ABR,ABSI,ACHC,ACHR,ACLS,ACMR,ACNB,ACNT,ACT,ACU,ADEA,ADNT,ADT,ADTN,AEG,AEIS,AEM,AEO,AER,AFCG,AFG,AG,AGBK,AGCO,AGI,AGM,AIG,AIN,AIP,AIR,AIT,AIV,AKR,ALG,ALGM,ALGT,ALH,ALK,ALLE,ALLY,ALM,ALOT,ALOY,ALSN,ALTG,ALV,AMAL,AMAT,AMBP,AMCR,AMCX,AMD,AME,QQQ"
2026-05-06 17:00:00+00:00,L0909,L0900,expansion,expansion,0.5837567015421425,0.42111449121766603,4,ACGL;AES;AGO;AMGN,13,AAT-AES;ABVX-ADEA;ACET-ALSN;ACET-QQQ;ACGL-ADT;ACGL-AER;ACHC-ALL;ACNB-ALX;ADI-AER;ADI-AIV;AEIS-ALNT;ALGM-ALX;ALGT-AMG,-0.0008735157316550612,3.091042453358316,0.021818181818181816,1.077494698440249,"AAMI,AAOI,ABNB,ABVX,ABX,ACA,ACET,ACGL,ACR,ACRS,AD,ADI,AEHR,AES,AFBI,AFL,AFRI,AFRM,AFYA,AGO,AII,ALL,ALNT,ALX,AMG,AMGN,AMKR,AMLX,AMP","AAL,AAON,AAT,AAUC,ABCB,ABG,ABR,ABSI,ACAD,ACHC,ACHR,ACLS,ACMR,ACNB,ACNT,ACT,ACU,ADEA,ADNT,ADT,ADTN,AEG,AEIS,AEM,AEO,AER,AERO,AEVA,AFCG,AFG,AG,AGBK,AGCO,AGI,AGM,AIG,AIN,AIP,AIR,AIT,AIV,AKR,ALG,ALGM,ALGT,ALH,ALK,ALLE,ALLY,ALM,ALMR,ALOT,ALOY,ALSN,ALTG,ALV,AMAL,AMAT,AMBP,AMCI,AMCR,AMCX,AMD,AME,AMPH,QQQ"
2026-05-06 17:15:00+00:00,L0911,L0900,maturity,maturity,0.5435612850423004,1.0537334208595448,1,AME,16,AAON-AHRT;ABEO-AEVA;ABEV-AKTS;ABNB-AMCI;ABR-ACVA;ABR-AENT;ACHC-AKTS;ACI-AJG;AEG-AIRO;AERO-AME;AEVA-AKTS;AGMB-AME;AGO-AJG;AIRO-AMD;AKO-B-AMGN;ALAR-AMPH,0.001210512564284727,2.9507898881425767,0.018320610687022898,1.2196339754092511,"A,AAOI,AAP,AARD,ABAT,ABCL,ABEO,ABNB,ABUS,ACB,ACOG,ACVA,ADC,ADSE,ADUR,ADV,AEC,AENT,AFRI,AFRM,AFYA,AGL,AGPU,AHR,AHRT,AI,AIRJ,AIRO,AJG,AKAM,AKO-B,AKTS,ALAB,ALAR,ALGN,ALLT,ALVO,AMBA,AMBQ,AME","AAL,AAON,AAT,AAUC,ABCB,ABEV,ABG,ABR,ABSI,ACAD,ACGL,ACHC,ACHR,ACI,ACLS,ACMR,ACNB,ACNT,ACT,ACU,ADAM,ADEA,ADNT,ADT,ADTN,AEG,AEM,AEO,AER,AERO,AES,AEVA,AFCG,AFG,AG,AGBK,AGCO,AGI,AGM,AGMB,AGNC,AGO,AIG,AIN,AIP,AIR,AIT,AIV,AKR,ALG,ALGT,ALH,ALK,ALLE,ALLY,ALM,ALMR,ALOT,ALOY,ALSN,ALTG,ALV,AMAL,AMAT,AMBP,AMCI,AMCR,AMCX,AMD,AMGN,AMPH,QQQ"
2026-05-06 17:30:00+00:00,L0898,L0911,maturity,maturity,0.3448732009998251,0.2875186332249582,0,,8,AAP-ACM;AAP-ALKT;ABCL-AGIO;ACB-AIRO;ACVA-ADPT;ADV-AGMB;AEBI-AKO-B;AHR-AIRJ,-0.0011641260716714896,2.1972245773362196,0.013333333333333334,0.7410236946014899,"A,AA,AAPG,AAPL,ABBV,ABM,ABT,ACB,ACCO,ACDC,ACEL,ACHV,ACIC,ACIW,ACM,ACN,ACOG,ACRE,ACRS,ACTG,ADAG,ADBE,ADM,ADMA,ADP,ADPT,ADSK,ADUS,ADV,AEBI,AEE,AEP,AESI,AEXA,AEYE,AFJK,AGCC,AGEN,AGIO,AGRO,AGYS,AHCO,AHR,AI,AIOT,AIRG,AIRS,AIZ,AKAM,ALB,ALC,ALHC,ALKS,ALKT,ALLT,ALMS,ALMU,ALNY,ALRM,ALRS,ALTO,AM,AMH,AMN,AMPG","AAP,AAUC,ABAT,ABCL,ABEO,ABEV,ABNB,ABR,ABSI,ABUS,ACI,ACVA,ADAM,ADC,ADSE,ADUR,AEC,AENT,AEO,AERO,AEVA,AFRM,AFYA,AGL,AGMB,AGNC,AGO,AGPU,AIRJ,AIRO,AJG,AKO-B,AKTS,ALGN,ALMR,ALNT,ALVO,AMCI,AMGN,AMPH"
2026-05-06 18:00:00+00:00,L0914,L0898,expansion,maturity,1.5462976599354434,0.4976200571572773,0,,1,AA-AD,0.0018609792314236984,0.7821181843331086,0.01818181818181818,0.8114321339383661,"ABX,ACGL,ACHC,AD,ADAM,AES,AFG,AFL,AFYA,AGO,AIG,AIV,ALL,ALNT,ALX,AMG,AMP","A,AA,AAPG,AAPL,ABBV,ABM,ABT,ACCO,ACDC,ACEL,ACHV,ACIC,ACIW,ACM,ACN,ACRE,ACTG,ADAG,ADBE,ADM,ADMA,ADP,ADPT,ADSK,ADUS,AEBI,AEE,AEP,AESI,AEXA,AEYE,AFJK,AGCC,AGEN,AGIO,AGRO,AGX,AGYS,AHCO,AIRG,AIRS,AIZ,ALAR,ALB,ALC,ALHC,ALKS,ALKT,ALLT,ALMU,ALNY,ALRM,ALTO,AM,AMN,AMPG"
2026-05-06 18:30:00+00:00,L0911,L0900,maturity,maturity,0.8573156993200517,0.4170773167408555,7,ABEV;ACI;AGCO;AGMB;AGNC;ALMR;ALTG,18,AAL-AERO;AAL-AGPU;ABEV-AIV;ABSI-AMD;ACAD-AGL;ACHC-AEG;ACHC-AMAL;ACHR-AJG;ACMR-ALMR;ADT-AIRJ;AGNC-AMD;AIN-ALLE;AIP-QQQ;AIRO-AMCX;AKTS-AMBP;ALG-ALTG;ALLE-ALSN;ALLE-AMPH,0.0011204943293705583,3.4998972473462913,0.016,1.259692216654845,"AAON,ABAT,ABCL,ABEO,ABEV,ABSI,ABUS,ACHC,ACI,ADAM,ADC,ADUR,AEC,AENT,AERO,AEVA,AGCO,AGL,AGMB,AGNC,AGO,AGPU,AHRT,AIP,AIRJ,AIRO,AJG,AKTS,ALGN,ALLE,ALMR,ALNT,ALTG,ALVO,AME","AAL,AAT,AAUC,ABCB,ABG,ABR,ACAD,ACHR,ACLS,ACMR,ACNB,ACNT,ACT,ACU,ADEA,ADNT,ADT,ADTN,AEG,AEM,AEO,AER,AFCG,AG,AGBK,AGI,AGM,AIN,AIR,AIT,AIV,ALG,ALGT,ALH,ALK,ALLY,ALM,ALOT,ALOY,ALSN,ALV,AMAL,AMAT,AMBP,AMCI,AMCR,AMCX,AMD,AMPH,QQQ"
2026-05-06 18:45:00+00:00,L0911,L0914,expansion,maturity,0.9790858220734745,1.2566800696715483,0,,6,ABX-AMBQ;ACHC-AME;ACVA-AFRM;AD-AMH;AFRM-AIOT;AHR-AMP,0.00380021333694458,1.9987765293527093,0.007947019867549669,1.1716159528418166,"AAMI,AAOI,AAON,AARD,ABAT,ABCL,ABEO,ABSI,ABUS,ACB,ACOG,ACR,ACRS,ACVA,ADC,ADUR,ADV,AEC,AENT,AERO,AEVA,AFRI,AGL,AGPU,AHR,AHRT,AI,AIOT,AIP,AIRJ,AIRO,AIT,AJG,AKAM,AKO-B,AKTS,ALAB,ALGN,ALLE,ALMS,ALRS,ALVO,AMBA,AMBQ,AME,AMH,AMLX","ABNB,ABX,ACGL,ACHC,AD,ADAM,ADSE,AFBI,AFL,AFRM,AFYA,AGO,AII,ALCO,ALL,ALNT,ALX,AMG,AMGN,AMP"
2026-05-06 19:15:00+00:00,L0900,L0917,maturity,confirmation,0.5248580548275864,0.7407151806031038,1,AGCO,21,ABCB-ALTG;ABR-AGMB;ABSI-ALK;ABSI-ALLY;ABUS-ACNB;ABUS-ACT;ACAD-ACNB;ACET-AEVA;ACHR-AIRO;ACNT-AEVA;ADEA-ALK;AEC-ALSN;AEO-ALH;AEO-ALK;AERO-ALM;AERO-AMCX;AEVA-ALSN;AIN-ALLE;AIP-QQQ;ALGT-AME;ALK-AME,0.001616617402760312,3.1847671513418985,0.014285714285714285,1.1780066156075388,"AAL,AAT,ABCB,ABG,ABR,ACET,ACHR,ACLS,ACMR,ACNB,ACNT,ACT,ACU,ADI,ADNT,ADT,ADTN,AEG,AEIS,AEM,AER,AFCG,AG,AGBK,AGCO,AGI,AGM,AIG,AIN,AIR,AIV,ALG,ALGM,ALGT,ALH,ALK,ALLY,ALM,ALMR,ALOT,ALOY,ALSN,ALV,AMAL,AMAT,AMBP,AMCI,AMCR,AMCX,AMD,QQQ","AAON,AAUC,ABEO,ABEV,ABSI,ABUS,ACAD,ACVA,ADEA,ADUR,AEC,AENT,AEO,AERO,AEVA,AGL,AGMB,AGPU,AIP,AIRJ,AIRO,AIT,AJG,AKTS,ALGN,ALLE,ALTG,ALVO,AME,AMPH"
2026-05-06 19:30:00+00:00,L0900,L0898,maturity,maturity,0.47951253818253836,0.442539069810835,0,,1,ACAD-ALAR,0.0033810618333518505,0.8493412783296159,0.01818181818181818,0.49167807470768876,"AAL,AAT,ABCB,ABG,ABR,ACAD,ACHR,ACLS,ACMR,ACNB,ACNT,ACT,ACU,ADEA,ADT,ADTN,AEG,AEM,AER,AFCG,AG,AGBK,AGI,AGM,AIN,AIP,AIR,AIT,AIV,ALG,ALGT,ALH,ALK,ALLY,ALM,ALOT,ALOY,ALSN,ALV,AMAL,AMAT,AMBP,AMCI,AMCR,AMCX,AMD,QQQ","AA,AAPG,AAPL,ABAT,ABBV,ABM,ABT,ACCO,ACDC,ACEL,ACHV,ACIC,ACIW,ACM,ACN,ACRE,ACTG,ADAG,ADBE,ADM,ADMA,ADP,ADPT,ADSE,ADSK,ADUS,AEBI,AEE,AEP,AESI,AEXA,AEYE,AFJK,AGCC,AGIO,AGRO,AGX,AGYS,AHCO,AIRG,AIRS,AIZ,ALAR,ALB,ALC,ALHC,ALKS,ALKT,ALLT,ALMU,ALNY,ALRM,ALTO,AM,AMN,AMPG"
2026-05-06 19:45:00+00:00,L0917,L0900,expansion,maturity,0.6173341042897377,0.38702653896549793,0,,96,A-ACAD;A-ACU;A-AMBP;A-AMCR;AAL-AAON;AAL-AGL;AAMI-AMBP;AAON-ABG;AAON-ABR;AAON-ACAD;AAON-ACU;AAON-ADT;AAON-AEM;AAON-AFCG;AAON-AG;AAON-AGBK;AAON-AGI;AAON-AIV;AAON-ALGT;AAON-ALK;AAON-AMAL;ABCB-ALTG;ABEO-ACHR;ABEV-ALMR;ABR-AGL;ACAD-AGO;ACAD-AJG;ACHR-ADC;ACHR-ADUR;ACHR-AGNC;ACHR-AKTS;ACHR-AME;ACI-ACMR;ACI-AFCG;ACI-AGBK;ACLS-ADAM;ACLS-AIP;ACLS-ALNT;ACMR-ACVA;ACMR-AGL;ACNB-ALLE;ACNB-ALTG;ACNT-ALNT;ACNT-ALVO;ACT-ALNT;ACT-ALVO;ACU-AGL;ACVA-AEM;ACVA-AFCG;ACVA-AG;ACVA-AGBK;ACVA-AGI;ACVA-AIV;ACVA-AMAL;ADAM-AER;ADAM-ALOT;ADAM-AMAT;ADEA-AEVA;ADEA-AIP;ADEA-ALNT;ADEA-ALVO;ADT-AGPU;ADTN-AEVA;ADTN-ALNT;ADUR-AMD;AEC-ALGT;AEC-ALK;AEC-AMCR;AEG-AGCO;AEM-AGL;AEM-AGPU;AENT-ALOT;AENT-ALV;AERO-ALG;AEVA-ALM;AEVA-ALOY;AFCG-AGL;AG-AGL;AGBK-AGL;AGI-AGL;AGL-ALGT;AGL-ALK;AGL-AMAL;AGM-AGO;AGM-AJG;AGMB-ALOT;AGMB-AMD;AIR-AKO-B;AIT-AKO-B;ALGT-ALTG;ALK-ALTG;ALLE-ALV;ALM-ALNT;ALM-ALVO;ALNT-ALOY;ALNT-AMAT,0.004120957280974835,4.578950389058129,0.016216216216216217,1.4484782226735353,"A,AAMI,AAON,AAP,ABEO,ABEV,ABSI,ABUS,ACHC,ACI,ACR,ACVA,ADAM,ADC,ADUR,AEC,AENT,AEO,AERO,AEVA,AGCO,AGL,AGMB,AGNC,AGO,AGPU,AIP,AIRJ,AIRO,AJG,AKO-B,AKTS,ALGN,ALLE,ALNT,ALTG,ALVO,AME","AAL,AAT,ABCB,ABG,ABR,ACAD,ACHR,ACLS,ACMR,ACNB,ACNT,ACT,ACU,ADEA,ADT,ADTN,AEG,AEM,AER,AFCG,AG,AGBK,AGI,AGM,AIN,AIR,AIT,AIV,AKR,ALG,ALGT,ALH,ALK,ALLY,ALM,ALMR,ALOT,ALOY,ALSN,ALV,AMAL,AMAT,AMBP,AMCI,AMCR,AMCX,AMD,QQQ"
2026-05-07 14:15:00+00:00,L0921,L0919,expansion,maturity,0.31514815659583884,0.41453605560763473,1,ACCO,17,AAMI-ACHC;AAMI-ACR;AAMI-AKTS;AAPG-AGX;ABAT-ACCO;ABR-AHRT;ABVX-AERO;ACA-ALHC;ACCO-AGX;ACCO-AMBQ;ACET-ADPT;ACET-AJG;ACHC-AMCI;ACM-ALHC;AERO-AIRO;AHRT-AMCX;AIN-QQQ,0.0046947094378992915,3.0189345538965964,0.0303030303030303,0.9781843566806457,"A,AA,AAL,AAMI,AAON,AAPG,AAPL,ABCL,ABNB,ABR,ABT,ACAD,ACCO,ACEL,ACI,ACIW,ACMR,ACN,ACU,ACVA,ADBE,ADP,ADPT,ADSK,ADUS,ADV,AEBI,AEC,AEM,AERO,AES,AEYE,AFCG,AFRM,AG,AGBK,AGCC,AGI,AGIO,AGL,AGM,AGO,AGPU,AGYS,AHCO,AI,AII,AIOT,AIRS,AIV,AJG,ALAR,ALB,ALGT,ALHC,ALK,ALKS,ALKT,ALLT,ALRM,ALV,AMAL,AMBA,AMCI,AMCX,AMN,AMPH,QQQ","AAOI,AARD,AAUC,ABAT,ABEO,ABEV,ABSI,ABUS,ABVX,ACA,ACB,ACDC,ACET,ACHC,ACHR,ACHV,ACLS,ACM,ACNT,ACR,ACRE,ACRS,ACT,ACTG,AD,ADAM,ADC,ADEA,ADI,ADMA,ADNT,ADTN,ADUR,AEE,AEHR,AEIS,AENT,AEP,AER,AESI,AEVA,AFRI,AFYA,AGEN,AGMB,AGNC,AGRO,AGX,AHR,AHRT,AIN,AIP,AIR,AIRG,AIRJ,AIRO,AIT,AKAM,AKO-B,AKTS,ALAB,ALGM,ALH,ALL,ALM,ALMR,ALMS,ALMU,ALNT,ALNY,ALOT,ALOY,ALTO,ALVO,ALX,AM,AMAT,AMBQ,AMD,AME,AMKR,AMLX,AMPG"
2026-05-07 15:00:00+00:00,L0920,L0921,maturity,maturity,0.36677118907967876,0.29694392094226546,7,A;ABT;ACIC;ADPT;AEBI;AEC;ALGT,37,AAMI-AEXA;AAPL-ABT;AAPL-ALGT;ABBV-AIRS;ABBV-AMCI;ABCL-AMP;ABG-AMAL;ABNB-ALGN;ABT-ACU;ABT-ADV;ABT-AGPU;ACAD-ADP;ACEL-ACVA;ACI-ADBE;ACI-AGPU;ACIC-AMAL;ACN-AGO;ACN-ALRS;ACN-AMCR;ACU-ALLE;ADBE-AGO;ADP-ALLE;ADSE-ALKT;AEBI-AFCG;AEBI-AG;AEC-AII;AES-AGYS;AEYE-AMBP;AG-AGM;AGCC-AGM;AGI-ALTG;AGIO-ALRS;AGPU-ALTG;AIV-AMCR;ALCO-AMG;ALCO-AMH;ALG-AMCI,-0.0016899439360713586,3.9512437185814275,0.01958041958041958,1.189862525589003,"A,AAPG,AAT,ABBV,ABG,ABM,ABT,ABX,ACAD,ACEL,ACGL,ACI,ACIC,ACOG,ADAG,ADM,ADPT,ADSE,ADT,AEBI,AEC,AEG,AENT,AEO,AES,AEXA,AFG,AFL,AGCO,AGM,AGO,AIG,AIZ,AJG,AKR,ALC,ALCO,ALG,ALGN,ALGT,ALLE,ALLY,ALRS,ALTG,ALV,AMBP,AMCR,AMGN,AMP","AA,AAL,AAMI,AAON,AAPL,ABCL,ABNB,ABR,ACCO,ACIW,ACMR,ACN,ACU,ACVA,ADBE,ADP,ADSK,ADUS,ADV,AEM,AEYE,AFBI,AFCG,AFRM,AG,AGBK,AGCC,AGI,AGIO,AGL,AGPU,AGYS,AI,AII,AIOT,AIRS,AIV,ALAR,ALB,ALK,ALKS,ALKT,ALLT,ALRM,AMAL,AMBA,AMCI,AMCX,AMG,AMH,AMN,AMPH"
2026-05-07 15:15:00+00:00,L0921,L0919,expansion,maturity,0.5894309319113501,0.3561926283592336,2,ACCO;ALHC,5,AA-AMCI;AAMI-AMCI;ACCO-AMBQ;ALHC-ALOY;AMCI-AMPH,-0.0006291712634265423,2.302585092994046,0.030690537084398974,0.8639369218923465,"A,AA,AAL,AAMI,AAON,AAPL,ABCL,ABNB,ABR,ABT,ACCO,ACIC,ACIW,ACMR,ACN,ACU,ACVA,ADBE,ADP,ADPT,ADSK,ADUS,ADV,AEBI,AEC,AEM,AEYE,AFBI,AFCG,AFRM,AG,AGBK,AGCC,AGI,AGIO,AGL,AGPU,AGYS,AHCO,AI,AII,AIOT,AIRS,ALAR,ALB,ALGT,ALHC,ALK,ALKS,ALKT,ALLT,ALRM,AMAL,AMBA,AMCX,AMG,AMH,AMN,AMPH","AAOI,AAP,AARD,ABAT,ABEO,ABEV,ABSI,ABUS,ABVX,ACA,ACB,ACDC,ACET,ACHC,ACHR,ACHV,ACLS,ACNT,ACR,ACRE,ACRS,ACT,ACTG,AD,ADAM,ADEA,ADI,ADMA,ADNT,ADTN,ADUR,AEE,AEHR,AEIS,AEP,AER,AESI,AEVA,AFRI,AFYA,AGEN,AGMB,AGNC,AGRO,AGX,AHR,AHRT,AIP,AIRG,AIRJ,AIRO,AKAM,AKTS,ALAB,ALCO,ALGM,ALH,ALL,ALM,ALMR,ALMS,ALMU,ALNT,ALNY,ALOT,ALOY,ALTO,ALVO,ALX,AM,AMAT,AMBQ,AMCI,AMD,AME,AMKR,AMLX,AMPG"
2026-05-07 15:30:00+00:00,L0919,L0921,expansion,maturity,0.8591564055857212,0.7312723316086771,3,ACCO;ALHC;QQQ,8,AAMI-ACCO;AAP-AMCI;ACCO-AMCX;ACET-ADPT;AG-QQQ;AGMB-AMCI;AKTS-AMCI;AMCI-AMLX,0.001696247432846576,2.719295056290122,0.019134396355353075,1.1598225446841528,"AAOI,AAP,AARD,AAUC,ABAT,ABEV,ABSI,ABUS,ABVX,ACA,ACB,ACCO,ACDC,ACET,ACHC,ACHR,ACHV,ACLS,ACM,ACNT,ACR,ACRE,ACRS,ACT,ACTG,AD,ADAM,ADC,ADEA,ADI,ADMA,ADNT,ADTN,ADUR,AEE,AEHR,AEIS,AEP,AER,AERO,AESI,AEVA,AFRI,AFYA,AGEN,AGMB,AGNC,AGRO,AGX,AHR,AHRT,AIN,AIP,AIR,AIRG,AIRJ,AIRO,AIT,AKAM,AKO-B,AKTS,ALAB,ALGM,ALH,ALHC,ALL,ALM,ALMR,ALMS,ALMU,ALNT,ALNY,ALOT,ALOY,ALTO,ALVO,ALX,AM,AMAT,AMBQ,AMD,AME,AMKR,AMLX,AMPG,QQQ","A,AA,AAL,AAMI,AAON,AAPG,AAPL,ABCL,ABNB,ABR,ABT,ACAD,ACIC,ACIW,ACMR,ACN,ACU,ACVA,ADBE,ADP,ADPT,ADSK,ADUS,ADV,AEBI,AEC,AEM,AES,AEYE,AFBI,AFCG,AFRM,AG,AGBK,AGCC,AGI,AGIO,AGL,AGM,AGPU,AGYS,AHCO,AI,AII,AIOT,AIRS,AIV,ALAR,ALB,ALGT,ALK,ALKS,ALKT,ALLT,ALRM,AMAL,AMBA,AMCI,AMCX,AMH,AMN,AMPH"
2026-05-07 16:00:00+00:00,L0921,L0919,decay,maturity,0.2584856411505085,0.28942684870040813,2,AAMI;ABCB,6,AAL-ACNB;AAMI-ACHC;ABCB-AIT;AERO-AMPH;ALHC-ALLT;ALM-QQQ,-0.0006770188338123262,2.3978952727983707,0.0315,0.7685725651548676,"A,AA,AAL,AAMI,AAON,AAPL,ABCB,ABCL,ABNB,ABR,ABT,ACIC,ACIW,ACMR,ACN,ACU,ACVA,ADBE,ADP,ADPT,ADSK,ADUS,ADV,AEBI,AEC,AEM,AEYE,AFCG,AFRM,AG,AGBK,AGCC,AGI,AGIO,AGL,AGPU,AGYS,AHCO,AI,AII,AIOT,AIRS,ALAR,ALB,ALGT,ALK,ALKS,ALKT,ALLT,ALRM,ALTG,AMAL,AMBA,AMCX,AMN,AMPH,QQQ","AAOI,AAP,AAPG,AARD,AAUC,ABAT,ABEO,ABEV,ABSI,ABUS,ABVX,ACA,ACB,ACCO,ACDC,ACET,ACHC,ACHR,ACHV,ACLS,ACM,ACNB,ACNT,ACR,ACRE,ACRS,ACT,ACTG,AD,ADAM,ADC,ADEA,ADI,ADMA,ADNT,ADSE,ADTN,ADUR,AEE,AEHR,AEIS,AEP,AER,AERO,AESI,AEVA,AFRI,AGEN,AGMB,AGNC,AGRO,AGX,AHR,AHRT,AIN,AIP,AIR,AIRG,AIRJ,AIRO,AIT,AKAM,AKTS,ALAB,ALGM,ALH,ALHC,ALL,ALM,ALMR,ALMS,ALMU,ALNT,ALNY,ALOT,ALOY,ALSN,ALTO,ALVO,ALX,AM,AMAT,AMBQ,AMD,AME,AMKR,AMLX,AMPG"
2026-05-07 17:00:00+00:00,L0919,L0920,expansion,expansion,0.3799124153003125,0.8701964363694674,2,ADSE;AFYA,9,AAP-ACM;AAT-AHRT;ABX-AIT;ACCO-AGX;ACI-AIN;ADM-ADNT;AEXA-AIRJ;AFYA-ALG;ALSN-AMLX,0.0019173511682311073,2.652659761133117,0.017328519855595668,1.0407968737625524,"AAOI,AARD,AAUC,ABAT,ABCB,ABEO,ABEV,ABSI,ABUS,ABVX,ACA,ACB,ACDC,ACHC,ACHR,ACHV,ACLS,ACM,ACNB,ACNT,ACR,ACRE,ACRS,ACT,ACTG,AD,ADAM,ADC,ADEA,ADI,ADMA,ADNT,ADSE,ADTN,ADUR,AEE,AEHR,AEIS,AEP,AER,AESI,AEVA,AFRI,AFYA,AGEN,AGMB,AGNC,AGRO,AGX,AHR,AHRT,AIN,AIP,AIR,AIRG,AIRJ,AIRO,AIT,AKAM,AKTS,ALAB,ALGM,ALH,ALL,ALM,ALMR,ALMS,ALMU,ALNT,ALNY,ALOT,ALOY,ALTO,ALVO,ALX,AM,AMAT,AMBQ,AMD,AME,AMKR,AMLX,AMPG","AAP,AAT,ABBV,ABG,ABM,ABX,ACCO,ACEL,ACGL,ACI,ACOG,ADAG,ADM,ADT,AEG,AENT,AEO,AEXA,AFBI,AFG,AFL,AGCO,AGO,AIG,AIZ,AJG,AKO-B,AKR,ALC,ALCO,ALG,ALGN,ALHC,ALLE,ALLY,ALRS,ALSN,AMBP,AMCR,AMG,AMGN,AMH,AMP,AMPH"
2026-05-07 17:45:00+00:00,L0919,L0920,expansion,maturity,0.6364661047012644,0.6797478741206514,7,ACCO;AD;ADSE;AFYA;ALCO;ALHC;AMCI,16,AAP-ADC;AAP-AKR;AAP-ALLY;AAT-ADI;AAUC-ADEA;AAUC-AHR;ABEV-ADC;ACOG-ADNT;AD-AIZ;ADI-AKR;ADM-AMCI;ADSE-ALC;ADT-AMCI;ADUR-AKO-B;AFYA-AGCO;AIT-AME,-0.00013463685172609985,3.4339872044851463,0.018053097345132742,1.256068959369631,"AAMI,AAOI,AAP,AARD,ABAT,ABEO,ABEV,ABSI,ABUS,ABVX,ACA,ACB,ACCO,ACDC,ACET,ACHC,ACHR,ACHV,ACLS,ACNT,ACR,ACRE,ACRS,ACT,ACTG,AD,ADAM,ADEA,ADI,ADMA,ADNT,ADSE,ADTN,ADUR,AEE,AEHR,AEIS,AEP,AER,AERO,AESI,AEVA,AFRI,AFYA,AGEN,AGMB,AGNC,AGRO,AGX,AHR,AHRT,AIP,AIR,AIRG,AIRJ,AIRO,AKAM,AKTS,ALAB,ALCO,ALGM,ALH,ALHC,ALL,ALM,ALMR,ALMS,ALMU,ALNT,ALNY,ALOT,ALOY,ALTO,ALVO,ALX,AM,AMAT,AMBQ,AMCI,AMD,AME,AMKR,AMLX,AMPG","A,AAPG,AAPL,AAT,AAUC,ABBV,ABCB,ABG,ABM,ABT,ABX,ACAD,ACGL,ACI,ACM,ACN,ACNB,ACOG,ACU,ADC,ADM,ADT,AEBI,AEG,AENT,AEO,AEXA,AFBI,AFG,AFL,AGCO,AGO,AHCO,AIG,AIN,AIT,AIV,AIZ,AJG,AKO-B,AKR,ALC,ALG,ALGN,ALGT,ALLE,ALLY,ALRS,ALSN,ALV,AMBP,AMCR,AMGN,AMH,AMP,AMPH"
2026-05-07 18:15:00+00:00,L0920,L0919,expansion,maturity,0.3949308179457541,0.12554083886594994,2,ADC;ALNY,14,AAPG-AMD;AARD-ADC;ABEV-ADC;ABM-ALHC;ACT-ALCO;AD-ALNY;ADC-ADEA;ADC-AER;ADI-AKR;AFBI-ALOT;AGEN-AIT;ALC-ALH;ALCO-AMPG;ALH-ALNY,-0.0023541292757727206,2.9444389791664403,0.030769230769230767,0.8968666264505059,"A,AAP,AAPG,AAT,ABBV,ABCB,ABG,ABM,ABT,ABX,ACAD,ACGL,ACI,ACM,ACN,ACNB,ADC,ADSE,ADT,AEG,AENT,AEO,AEXA,AFBI,AFG,AFL,AFYA,AGCO,AGO,AHCO,AIG,AIN,AIR,AIT,AIZ,AJG,AKO-B,AKR,ALC,ALCO,ALG,ALGN,ALGT,ALLE,ALLY,ALNY,ALRS,ALSN,ALV,AMBP,AMCI,AMCR,AMGN,AMH,AMP,AMPH","AAOI,AARD,AAUC,ABAT,ABEO,ABEV,ABSI,ABUS,ABVX,ACA,ACB,ACCO,ACDC,ACET,ACHC,ACHR,ACHV,ACLS,ACNT,ACR,ACRE,ACRS,ACT,ACTG,AD,ADAM,ADEA,ADI,ADMA,ADNT,ADTN,ADUR,AEE,AEHR,AEIS,AEP,AER,AERO,AESI,AEVA,AFRI,AGEN,AGMB,AGNC,AGRO,AGX,AHR,AHRT,AIP,AIRG,AIRJ,AIRO,AKAM,AKTS,ALAB,ALGM,ALH,ALHC,ALL,ALM,ALMR,ALMS,ALMU,ALNT,ALOT,ALOY,ALTO,ALVO,ALX,AM,AMAT,AMBQ,AMD,AME,AMKR,AMLX,AMPG"
2026-05-07 18:30:00+00:00,L0920,L0919,decay,maturity,0.43514336850092533,0.36349486890477356,0,,14,AAP-ABEO;AAP-AME;AAP-AMPG;AAT-ADC;ABCB-ADC;ABEV-ACM;ABUS-ADSE;ACCO-AFYA;ACET-ADSE;ACM-ALMU;AEE-AFYA;AGMB-ALC;ALC-ALNY;ALOY-ALSN,0.00023324920039158314,2.709603988019147,0.030690537084398974,0.9215960487891562,"A,AAP,AAT,ABBV,ABCB,ABG,ABM,ABX,ACGL,ACI,ACM,ACNB,ADSE,ADT,AEG,AENT,AEO,AEXA,AFBI,AFG,AFL,AFYA,AGCO,AGO,AHCO,AIG,AIN,AIR,AIT,AIZ,AJG,AKO-B,AKR,ALC,ALCO,ALG,ALGN,ALLE,ALLY,ALRS,ALSN,ALV,AMBP,AMCI,AMCR,AMGN,AMH,AMP,AMPH","AAOI,AARD,AAUC,ABAT,ABEO,ABEV,ABSI,ABUS,ABVX,ACA,ACB,ACCO,ACDC,ACET,ACHC,ACHR,ACHV,ACLS,ACNT,ACR,ACRE,ACRS,ACT,ACTG,AD,ADAM,ADC,ADEA,ADI,ADMA,ADNT,ADTN,ADUR,AEE,AEHR,AEIS,AEP,AER,AESI,AEVA,AFRI,AGEN,AGMB,AGNC,AGRO,AGX,AHR,AHRT,AIP,AIRG,AIRJ,AIRO,AKAM,AKTS,ALAB,ALGM,ALH,ALHC,ALL,ALM,ALMR,ALMS,ALMU,ALNT,ALNY,ALOT,ALOY,ALTO,ALVO,ALX,AM,AMAT,AMBQ,AMD,AME,AMKR,AMLX,AMPG"
2026-05-07 18:45:00+00:00,L0920,L0921,expansion,maturity,1.0279008008215278,0.8357612747913536,0,,38,A-AAPL;AA-ALHC;AAON-AHCO;AAPG-AIOT;ABBV-ACIW;ABBV-ALAR;ABT-ADT;ABT-AEG;ABT-ALG;ABT-ALLE;ABT-AMP;ABX-AIV;ABX-ALKT;ABX-AMAL;ACEL-AENT;ACGL-AMG;ACI-AGYS;ACI-ALGT;ACIC-ACOG;ACOG-AIOT;ADBE-AMH;ADPT-AENT;AEG-ALAR;AEG-ALGT;AES-AMCI;AEXA-ALAR;AFBI-AGM;AFRM-AMCR;AGCC-ALCO;AGCC-AMPH;AGCO-AMBA;AGIO-AMGN;AGL-AHCO;AGM-AMBP;AGM-AMCI;AIRS-AMCI;ALGT-ALV;AMN-AMPH,0.0013488741824403405,3.6670143304989655,0.019221967963386728,1.4787355005031138,"A,AAP,AAPG,AAT,AAUC,ABBV,ABCB,ABG,ABM,ABX,ACCO,ACGL,ACI,ACM,ACNB,ACOG,AD,ADC,ADM,ADSE,ADT,AEG,AENT,AEO,AEXA,AFBI,AFG,AFL,AFYA,AGCO,AGO,AHCO,AIG,AIN,AIR,AIT,AIZ,AJG,AKO-B,AKR,ALC,ALCO,ALG,ALGN,ALHC,ALLE,ALLY,ALNY,ALRS,ALSN,ALV,AMBP,AMCI,AMCR,AMGN,AMH,AMP,AMPH","AA,AAL,AAMI,AAON,AAPL,ABCL,ABNB,ABR,ABT,ACAD,ACEL,ACIC,ACIW,ACMR,ACN,ACU,ACVA,ADAG,ADBE,ADP,ADPT,ADSK,ADUS,ADV,AEBI,AEC,AEM,AES,AEYE,AFCG,AFRM,AG,AGBK,AGCC,AGI,AGIO,AGL,AGM,AGPU,AGYS,AI,AII,AIOT,AIRS,AIV,ALAR,ALB,ALGT,ALK,ALKS,ALKT,ALLT,ALRM,ALTG,AMAL,AMBA,AMCX,AMG,AMN,QQQ"
2026-05-07 19:00:00+00:00,L0921,L0920,maturity,maturity,0.29331270155052297,0.7477597105122045,3,AAMI;ACAD;AGM,15,ABG-AEBI;ABR-AHCO;ABX-AEYE;ACEL-ADT;ACEL-AIG;ACEL-AIZ;ADAG-AGO;ADAG-ALC;ADPT-AEXA;ADSK-ALGT;ADUS-AENT;AERO-AMPH;AGIO-AJG;AGO-AGPU;ALB-ALGT,0.0006399033300112933,3.0939468829163834,0.017926186291739893,1.088497372291675,"AA,AAL,AAMI,AAON,AAPL,ABCL,ABNB,ABR,ABT,ACAD,ACEL,ACIC,ACIW,ACMR,ACN,ACU,ACVA,ADAG,ADBE,ADP,ADPT,ADSK,ADUS,ADV,AEBI,AEC,AEM,AERO,AES,AEYE,AFCG,AFRM,AG,AGBK,AGCC,AGI,AGIO,AGL,AGM,AGPU,AGYS,AI,AII,AIOT,AIRS,AIV,ALAR,ALB,ALK,ALKS,ALKT,ALLT,ALRM,ALTG,AMAL,AMBA,AMCX,AMG,AMN,QQQ","A,AAP,AAPG,AAT,AAUC,ABBV,ABCB,ABG,ABM,ABX,ACCO,ACGL,ACHC,ACI,ACM,ACNB,ACOG,AD,ADC,ADM,ADSE,ADT,AEG,AENT,AEO,AEXA,AFBI,AFG,AFL,AFYA,AGCO,AGO,AHCO,AHR,AIG,AIN,AIR,AIT,AIZ,AJG,AKO-B,AKR,ALC,ALG,ALGN,ALGT,ALHC,ALLE,ALLY,ALNY,ALRS,ALSN,ALV,AMBP,AMCI,AMCR,AMGN,AMH,AMP,AMPH"
2026-05-07 19:30:00+00:00,L0920,L0919,expansion,maturity,0.9127915718074933,0.5714326529448371,1,AERO,23,AAP-ACGL;AAP-AKR;AAP-ALG;AARD-AERO;AAT-ALCO;ABEO-ALNY;ABEO-AMCI;ABEV-ADSE;ABUS-AKR;ACA-ACB;ACA-AMCI;ACHV-AEXA;ACRE-AD;ADI-AKR;ADSE-ALCO;AENT-ALH;AEVA-ALNY;AEXA-AIRO;AFBI-AFYA;AGMB-ALNY;ALC-ALH;ALC-ALOY;ALCO-ALG,0.0043373239459469914,3.2746409367538694,0.03092783505154639,1.2685666768718984,"A,AAMI,AAT,ABBV,ABG,ABM,ABT,ACAD,ACB,ACGL,ACI,AD,ADSE,ADT,AEG,AENT,AEO,AERO,AES,AEXA,AFBI,AFG,AFL,AGCO,AGM,AGO,AIG,AIZ,AJG,AKO-B,AKR,ALC,ALG,ALGN,ALGT,ALLE,ALLY,ALNY,ALRS,ALSN,ALV,AMBP,AMCI,AMCR,AMG,AMGN,AMH,AMP","AAOI,AAP,AARD,ABAT,ABEO,ABEV,ABSI,ABUS,ABVX,ACA,ACCO,ACDC,ACET,ACHC,ACHR,ACHV,ACLS,ACNT,ACR,ACRE,ACRS,ACT,ACTG,ADAM,ADEA,ADI,ADMA,ADTN,ADUR,AEE,AEHR,AEIS,AEP,AER,AESI,AEVA,AFRI,AFYA,AGEN,AGMB,AGNC,AGRO,AGX,AHR,AHRT,AIP,AIR,AIRG,AIRJ,AIRO,AKAM,AKTS,ALAB,ALCO,ALGM,ALH,ALL,ALM,ALMR,ALMS,ALMU,ALNT,ALOT,ALOY,ALTO,ALVO,ALX,AM,AMAT,AMBQ,AMD,AME,AMKR,AMLX,AMPG"
2026-05-07 19:45:00+00:00,L0921,L0919,maturity,maturity,0.2904887563650533,0.3860074334226071,0,,305,AA-AHRT;AA-AIRO;AA-ALM;AAL-AEHR;AAL-AGX;AAL-AIRO;AAL-ALM;AAMI-ACA;AAMI-ACHV;AAMI-AFRI;AAMI-ALM;AAOI-AAON;AAOI-AAPL;AAOI-AMN;AAOI-QQQ;AAON-ABAT;AAON-AEE;AAON-AEHR;AAON-AGX;AAON-ALM;AAPL-ABEV;AAPL-ADI;AAPL-ADTN;AAPL-AER;AAPL-AFYA;AAPL-AHR;AAPL-AIR;AAPL-AKAM;AAPL-ALMU;AAPL-AMAT;AAPL-AMD;AAPL-AMPG;AARD-ADBE;AARD-AEYE;AARD-AGYS;AARD-AIOT;ABAT-AEM;ABAT-AGCC;ABAT-AGI;ABAT-ALRM;ABCL-ABEO;ABCL-ABVX;ABCL-ADEA;ABCL-ADI;ABCL-AIP;ABCL-AKAM;ABCL-ALMU;ABCL-AMLX;ABCL-AMPG;ABEO-ALLT;ABEV-AEC;ABEV-AFRM;ABEV-ALKS;ABEV-AMN;ABNB-ALOT;ABNB-ALOY;ABR-ABSI;ABR-ACDC;ABSI-ACN;ABSI-ADBE;ABSI-ADPT;ABSI-AGCC;ABSI-AGO;ABSI-AI;ABSI-AIV;ABSI-ALTG;ABSI-AMCX;ABT-AEP;ABT-AIRG;ABT-ALL;ABT-ALNT;ABT-AME;ABVX-AG;ABVX-QQQ;ACA-AGBK;ACA-AGM;ACA-ALK;ACA-ALLT;ACAD-ACNT;ACAD-ALVO;ACCO-ACN;ACCO-AGBK;ACCO-AGL;ACCO-AGYS;ACDC-AGO;ACDC-AGPU;ACDC-ALTG;ACDC-AMCX;ACET-AFRM;ACET-AMN;ACHC-ACMR;ACHC-ACVA;ACHC-AFRM;ACHC-AG;ACHC-AGI;ACHC-AIRS;ACHC-ALKS;ACHC-ALLT;ACHC-ALRM;ACHC-AMBA;ACHC-AMN;ACHR-ACN;ACHR-ADBE;ACHR-ADPT;ACHR-ADSK;ACHR-AES;ACHR-AEYE;ACHR-AGYS;ACHR-AIOT;ACIW-ACR;ACIW-AFRI;ACIW-ALMS;ACLS-ADSK;ACLS-AFCG;ACLS-AGO;ACLS-ALTG;ACMR-ADAM;ACMR-ADMA;ACMR-AERO;ACMR-AHRT;ACMR-ALM;ACMR-AMBQ;ACN-AEVA;ACN-AKTS;ACN-ALNT;ACNT-AEBI;ACNT-AFCG;ACR-AGM;ACRE-ALAR;ACRS-ACU;ACRS-ADSK;ACRS-AGBK;ACRS-AGCC;ACRS-AGL;ACTG-ALB;ACU-AGMB;ACU-ALMR;ACU-ALNT;ACU-ALOT;ACU-AMLX;ACVA-ADMA;ACVA-ALAB;ACVA-ALMR;ACVA-ALOY;ACVA-ALTO;ADAG-AIRJ;ADAG-ALOY;ADAM-AGBK;ADAM-AGL;ADBE-AESI;ADBE-AEVA;ADBE-AKTS;ADEA-AFRM;ADEA-ALB;ADEA-QQQ;ADI-AMN;ADI-QQQ;ADMA-AGBK;ADMA-AGI;ADMA-ALLT;ADMA-ALRM;ADMA-AMN;ADP-AEVA;ADP-AIRG;ADP-ALNT;ADP-ALTO;ADPT-AEVA;ADPT-ALTO;ADSK-AKTS;ADSK-ALNT;ADTN-QQQ;ADUR-AEC;ADUR-AFRM;ADUR-AG;ADUR-AMBA;ADUR-QQQ;ADUS-AGMB;ADUS-AHRT;ADUS-ALOT;ADV-AEP;ADV-AEVA;AEBI-ALL;AEC-AFYA;AEC-AHR;AEC-AIRJ;AEC-AKAM;AEE-ALB;AEHR-AFRM;AEHR-AG;AEHR-AGI;AEHR-ALB;AEHR-ALK;AEHR-AMN;AEHR-QQQ;AEIS-QQQ;AEM-AGX;AEM-AIRJ;AEM-AKAM;AEM-ALM;AEM-AMBQ;AEM-AMKR;AEP-AGO;AEP-AII;AEP-AIOT;AEP-AMCX;AER-AMN;AES-AKTS;AESI-AGO;AESI-AGPU;AESI-AGYS;AESI-ALTG;AESI-AMCX;AESI-AMG;AEVA-AGO;AEVA-ALKT;AEVA-AMCX;AFCG-ALGM;AFCG-AME;AFRI-AGBK;AFRI-AGM;AFRM-AIRJ;AFRM-ALM;AFRM-ALMU;AFRM-AMBQ;AFRM-AMD;AFRM-AMKR;AFYA-ALRM;AFYA-AMN;AFYA-QQQ;AG-AGX;AG-AIRJ;AG-ALM;AG-ALMU;AG-AMBQ;AG-AMKR;AGBK-ALAB;AGBK-ALOY;AGBK-AMLX;AGCC-ALAB;AGCC-ALOY;AGI-AGX;AGI-AIRO;AGI-ALAB;AGI-ALM;AGI-ALMU;AGI-AMBQ;AGL-AHRT;AGL-AKTS;AGM-AKTS;AGM-ALMS;AGM-AMLX;AGMB-AII;AGNC-ALRM;AGNC-AMN;AGO-AGRO;AGO-AIRG;AGO-ALNT;AGO-ALTO;AGO-AM;AGPU-ALL;AGX-ALB;AGX-ALK;AGX-QQQ;AGYS-AKTS;AGYS-ALH;AHR-AMN;AHR-QQQ;AI-ALOY;AII-ALOT;AII-ALX;AIP-AMBA;AIRG-ALTG;AIRG-AMG;AIRJ-AIRS;AIRJ-ALKS;AIRJ-ALRM;AIRJ-AMN;AIRJ-QQQ;AIRO-ALK;AIRO-ALLT;AIRO-AMBA;AIRS-AMLX;AKAM-ALRM;AKAM-AMN;AKAM-QQQ;AKTS-ALTG;AKTS-AMCX;ALB-AMKR;ALK-ALM;ALKT-ALOY;ALLT-ALOY;ALMS-AMAL;ALMU-AMBA;ALMU-QQQ;ALOY-AMBA;ALRM-AMBQ;ALTO-AMCX;ALTO-AMG;AMAT-AMN;AMAT-QQQ;AMBQ-AMN;AMBQ-QQQ;AMD-AMN;AMKR-QQQ;AMPG-QQQ,0.0013239073887234554,5.724017657860023,0.0310880829015544,1.6386164838365371,"AA,AAL,AAMI,AAON,AAPL,ABCL,ABNB,ABR,ABT,ACAD,ACEL,ACIC,ACIW,ACMR,ACN,ACU,ACVA,ADAG,ADBE,ADP,ADPT,ADSK,ADUS,ADV,AEBI,AEC,AEM,AES,AEYE,AFCG,AFRM,AG,AGBK,AGCC,AGI,AGL,AGM,AGO,AGPU,AGYS,AI,AII,AIOT,AIRS,AIV,ALAR,ALB,ALK,ALKS,ALKT,ALLT,ALRM,ALTG,AMAL,AMBA,AMCX,AMG,AMN,QQQ","AAOI,AARD,ABAT,ABEO,ABEV,ABSI,ABVX,ACA,ACCO,ACDC,ACET,ACHC,ACHR,ACHV,ACLS,ACNT,ACR,ACRE,ACRS,ACT,ACTG,ADAM,ADEA,ADI,ADMA,ADTN,ADUR,AEE,AEHR,AEIS,AEP,AER,AERO,AESI,AEVA,AFRI,AFYA,AGEN,AGMB,AGNC,AGRO,AGX,AHR,AHRT,AIP,AIR,AIRG,AIRJ,AIRO,AKAM,AKTS,ALAB,ALGM,ALH,ALL,ALM,ALMR,ALMS,ALMU,ALNT,ALOT,ALOY,ALTO,ALVO,ALX,AM,AMAT,AMBQ,AMD,AME,AMKR,AMLX,AMPG"
2026-05-08 14:15:00+00:00,L0935,L0936,confirmation,confirmation,0.8248221925490239,0.5036859170112166,1,ACTG,2,AAPG-ACNB;AERO-AMPG,0.01043249317444861,1.7989418337590224,0.008536585365853657,0.8495683791127057,"AAPG,ABAT,ABCL,ABEO,ACHC,ACHR,ACRS,ACTG,ACVA,AGCC,AGIO,AIP,AIRO,AIRS,ALAB,ALGM,ALLT,ALOT,ALOY,ALRM,AMPG","AA,AAMI,AARD,ABCB,ACAD,ACLS,ACNB,ACR,ACT,ADAG,AERO,AEXA,AFRI,AGM,AGNT,AKTS,ALH,ALMR,ALMS,ALV,AMAL,AMLX"
2026-05-08 14:30:00+00:00,L0936,L0933,expansion,expansion,0.6269912979902171,0.39392753502503164,1,ACLS,9,A-AARD;ACLS-AEVA;ACLS-AEYE;ACLS-AIV;ACLS-ALNT;ALC-ALG;ALG-ALMR;ALG-AME;ALNT-ALV,0.0013589029040304013,2.4961672019924364,0.013888888888888888,0.932400783736017,"AA,AARD,AAT,ABCB,ACAD,ACEL,ACLS,ACNT,ACT,ACTG,ADAG,ADC,ADMA,AEBI,AEIS,AERO,AGNT,AHCO,AKTS,ALC,ALCO,ALMR,ALMS,ALNY,ALV,ALX,AMAL,AME,AMLX","A,AAP,ABBV,ABM,ABNB,ABR,ABSI,ABT,ABX,ACDC,ACI,ACIC,ACN,ACRS,ACU,ADBE,ADP,ADPT,ADSK,ADV,AEO,AES,AESI,AEVA,AEYE,AFBI,AGL,AGO,AGPU,AGRO,AGYS,AI,AII,AIOT,AIRG,AIV,AJG,AKO-B,ALG,ALGN,ALKT,ALLE,ALLY,ALNT,ALTG,ALTO,AM,AMCX,AMG,AMH,AMPH"
2026-05-08 15:00:00+00:00,L0920,L0933,expansion,maturity,1.090632933800788,1.0732547047950782,1,ALG,35,AAP-ABNB;AARD-ALV;AARD-AMLX;AAUC-ACHV;ABBV-AMGN;ABM-ACGL;ABM-AEO;ABM-ALG;ABR-AEO;ABX-ALV;ACDC-ACHV;ACDC-AEP;ACDC-AHRT;ACDC-AIG;ACI-ALG;ACI-ALV;ADBE-AIG;ADPT-ALMR;ADSK-ALG;AERO-AGL;AESI-AIZ;AESI-ALL;AEYE-AIN;AGBK-AGYS;AGEN-AGL;AGMB-AMCX;AGMB-AMPH;AGYS-ALG;AHRT-ALGN;AIN-ALLE;AIRG-AMGN;ALAR-AM;ALMR-ALTG;AMBP-AMH;AME-AMH,0.0034748216858133674,3.6466888716444217,0.013888888888888888,1.5629218428231988,"AA,AAMI,AAT,ABCB,ABG,ABNB,ABUS,ACA,ACAD,ACCO,ACEL,ACGL,ACHV,ACIW,ACM,ACNB,ACOG,ACR,ACRE,ACT,ACTG,ADAG,ADAM,ADC,ADM,ADSE,ADT,ADUS,AEBI,AEE,AENT,AEO,AEP,AERO,AFCG,AFG,AFL,AFRI,AGBK,AGCO,AGEN,AGIO,AGM,AGMB,AGNT,AHCO,AHRT,AIG,AIN,AIR,AIT,AIZ,AKR,AKTS,ALAR,ALC,ALCO,ALG,ALH,ALHC,ALL,ALLY,ALMR,ALMS,ALNY,ALRS,ALV,ALVO,AMAL,AMBP,AMCR,AME,AMGN,AMLX,AMP","A,AAP,AARD,AAUC,ABBV,ABM,ABR,ABSI,ABT,ABX,ACB,ACDC,ACI,ACIC,ACLS,ACN,ACRS,ACU,ADBE,ADP,ADPT,ADSK,ADV,AES,AESI,AEVA,AEYE,AFBI,AGL,AGO,AGPU,AGRO,AGYS,AI,AII,AIOT,AIRG,AIV,AJG,AKO-B,ALGN,ALKT,ALLE,ALNT,ALTG,ALTO,AM,AMCX,AMG,AMH,AMPH"
2026-05-08 15:30:00+00:00,L0932,L0937,maturity,confirmation,1.0352760553030653,0.6551527229627546,2,ADNT;ALX,5,ACNT-ALX;ADNT-AEXA;AFRM-ALC;ALCO-AMAT;ALNY-AMBA,0.0030530928634107113,2.3326592271226088,0.013306451612903227,1.0922894080023338,"AAOI,AAON,AAPL,ABEV,ABVX,ACET,ACMR,AD,ADEA,ADI,ADMA,ADNT,ADTN,ADUR,AEC,AEG,AEHR,AEIS,AEM,AER,AFRM,AFYA,AG,AGI,AGX,AHR,AIR,AIRJ,AIRS,AKAM,ALB,ALGT,ALK,ALKS,ALM,ALMU,ALSN,ALX,AMAT,AMBA,AMBQ,AMCI,AMD,AMKR,AMN,QQQ","AA,AAMI,AAPG,AARD,AAT,ABCB,ACAD,ACEL,ACNB,ACNT,ACR,ACT,ADAG,ADC,AEBI,AENT,AEXA,AGNC,AGNT,AHCO,AKTS,ALC,ALCO,ALH,ALMR,ALMS,ALNY,ALV,AMAL,AMLX"
2026-05-08 15:45:00+00:00,L0937,L0932,maturity,expansion,0.3591080251499349,0.5748920423500732,2,AAMI;AEXA,7,AAMI-AGNC;AAT-ALGT;ACET-AEXA;ACHC-ALNY;ACNT-AMD;AEIS-AENT;AHCO-AHR,0.0015710493316873908,2.4979137670383174,0.035483870967741936,0.9100010426547431,"AA,AAMI,AARD,AAT,ABCB,ACAD,ACEL,ACNB,ACNT,ACR,ACT,ADAG,ADC,ADNT,AEBI,AENT,AEXA,AFRI,AGNT,AHCO,AKTS,ALC,ALCO,ALH,ALMR,ALMS,ALNY,ALV,ALX,AMAL,AMLX","AAL,AAOI,AAON,AAPG,AAPL,ABAT,ABCL,ABEV,ABVX,ACET,ACHC,ACMR,AD,ADEA,ADI,ADMA,ADTN,ADUR,AEC,AEG,AEHR,AEIS,AEM,AER,AERO,AFRM,AFYA,AG,AGCC,AGI,AGNC,AGX,AHR,AIP,AIR,AIRJ,AIRO,AIRS,AKAM,ALAB,ALB,ALGM,ALGT,ALK,ALKS,ALLT,ALM,ALMU,ALOT,ALOY,ALRM,ALSN,AMAT,AMBA,AMBQ,AMCI,AMD,AMKR,AMN,AMPG,QQQ"
2026-05-08 16:00:00+00:00,L0937,L0932,maturity,maturity,0.5792526564558921,0.7597788485856203,5,ACNT;ADNT;AHCO;ALCO;ALX,9,AAMI-ALC;AAPG-AKTS;AAPL-ACEL;ABEV-ACNB;ABEV-ALC;ACET-ALNY;ACNT-AGX;AGI-ALX;AGX-ALX,0.001970625191461295,3.0055371739884174,0.030563002680965144,1.1576781954117028,"AA,AARD,AAT,ABCB,ABSI,ACAD,ACEL,ACLS,ACNB,ACNT,ACT,ADAG,ADC,ADNT,AEBI,AENT,AERO,AGNT,AHCO,AKTS,ALC,ALCO,ALH,ALMR,ALMS,ALNY,ALV,ALX,AMAL,AMLX","AAL,AAMI,AAOI,AAON,AAPG,AAPL,ABAT,ABCL,ABEV,ABVX,ACET,ACHC,ACMR,AD,ADEA,ADI,ADMA,ADTN,ADUR,AEC,AEG,AEHR,AEIS,AEM,AER,AEXA,AFRM,AFYA,AG,AGI,AGNC,AGX,AHR,AIP,AIR,AIRJ,AIRO,AIRS,AKAM,ALB,ALGT,ALK,ALKS,ALLT,ALM,ALMU,ALOT,ALOY,ALRM,ALSN,AMAT,AMBA,AMBQ,AMCI,AMD,AMKR,AMN,AMPG,QQQ"
2026-05-08 16:15:00+00:00,L0933,L0932,maturity,maturity,0.5343894672328044,0.5259015709009438,0,,1,AIOT-AIP,0.0034718503011390567,0.8532167506229096,0.030645161290322583,0.5359882732894004,"A,AAP,ABBV,ABM,ABR,ABT,ABX,ACDC,ACI,ACIC,ACN,ACRS,ACU,ADBE,ADP,ADPT,ADSK,ADV,AES,AESI,AEVA,AEYE,AFBI,AGL,AGO,AGPU,AGRO,AGYS,AI,AII,AIOT,AIRG,AIV,AJG,AKO-B,ALGN,ALKT,ALLE,ALMR,ALNT,ALTG,ALTO,AM,AMCX,AMG,AMPH","AAOI,AAON,AAPL,ABAT,ABCL,ABEV,ABVX,ACET,ACHC,ACMR,ACNT,AD,ADEA,ADI,ADMA,ADNT,ADTN,ADUR,AEC,AEG,AEHR,AEIS,AEM,AER,AFRM,AFYA,AG,AGI,AGX,AHCO,AHR,AIP,AIR,AIRJ,AIRO,AIRS,AKAM,ALB,ALCO,ALK,ALKS,ALLT,ALM,ALMU,ALOT,ALOY,ALRM,ALSN,ALX,AMAT,AMBA,AMBQ,AMCI,AMD,AMKR,AMN,AMPG,QQQ"
2026-05-08 16:45:00+00:00,L0920,L0933,expansion,maturity,1.226464121814807,0.6280283644447506,6,ACIW;AERO;AGBK;AGCC;ALAB;AM,28,AAP-ADT;ABBV-AM;ABSI-AM;ACB-ACIW;ACB-ALAB;ACHV-AFCG;ACM-AJG;ACRS-AMGN;ACTG-AES;ADP-ALHC;ADPT-ALAB;ADT-AGYS;AES-AME;AESI-ALVO;AESI-AMBP;AEVA-AMH;AEYE-AIZ;AEYE-ALVO;AGO-AM;AGO-AMH;AGPU-AIP;AIOT-AIT;AIOT-ALLT;AIP-AIRG;AIT-AIV;AIT-ALLY;AJG-AMBP;ALL-ALLY,0.00103730979753891,3.7160988954783085,0.018518518518518517,1.4881502475252222,"AAT,AAUC,ABEO,ABG,ACA,ACCO,ACGL,ACI,ACIW,ACM,ACTG,ACVA,ADC,ADM,ADT,ADUS,AEBI,AEE,AENT,AEP,AERO,AFCG,AFG,AFL,AGBK,AGCC,AGCO,AGEN,AGIO,AGM,AHRT,AIG,AIN,AIP,AIT,AIZ,AKR,ALAB,ALCO,ALGM,ALHC,ALL,ALLT,ALRS,ALVO,AM,AMBP,AMCR,AME,AMGN,AMH,AMP","A,AAP,ABBV,ABM,ABNB,ABR,ABSI,ABT,ABX,ACB,ACDC,ACHR,ACHV,ACIC,ACN,ACRS,ACU,ADBE,ADP,ADPT,ADSK,ADV,AEO,AES,AESI,AEVA,AEYE,AFBI,AGL,AGMB,AGO,AGPU,AGRO,AGYS,AI,AII,AIOT,AIRG,AIV,AJG,AKO-B,ALG,ALGN,ALKT,ALLE,ALLY,ALNT,ALOY,ALTG,ALTO,AMCX,AMG,AMPH"
2026-05-08 17:30:00+00:00,L0933,L0920,expansion,expansion,0.9086335689958641,0.6943654482024302,2,ALG;AM,26,AAP-AGCO;AARD-AGMB;ABBV-ACRS;ABBV-ALLY;ABEO-ACHV;ABNB-AESI;ABR-AGMB;ABT-ALHC;ACB-ACHV;ACB-AII;ACDC-AIT;ACHV-AIN;ACI-AEP;ACRS-AMPH;ADP-AIG;ADP-AIZ;ADPT-AGCC;AEO-AGMB;AESI-AMH;AGBK-AII;AGL-ALAB;AGPU-AIP;AGPU-AMBP;AIV-ALRS;ALLE-AMGN;ALOY-ALTO,0.004024054505862296,3.4468844966866317,0.015028901734104046,1.3448751645912618,"A,AAP,AARD,ABBV,ABM,ABR,ABSI,ABT,ABX,ACAD,ACDC,ACHR,ACHV,ACI,ACIC,ACIW,ACLS,ACN,ACU,ADBE,ADP,ADPT,ADSK,ADV,AEO,AES,AESI,AEVA,AEYE,AFBI,AGL,AGNT,AGO,AGPU,AGRO,AGYS,AI,AII,AIOT,AIRG,AIV,AJG,AKO-B,AKTS,ALG,ALGN,ALKT,ALLE,ALNT,ALTG,ALTO,ALV,AM,AMCX,AMG,AMLX,AMPH","AAL,AAT,AAUC,ABEO,ABG,ABNB,ACB,ACGL,ACM,ACRE,ACRS,ACTG,ACVA,ADC,ADM,ADT,ADUS,AEE,AEP,AERO,AFCG,AFG,AFL,AGBK,AGCC,AGCO,AGEN,AGIO,AGM,AGMB,AHRT,AIG,AIN,AIP,AIT,AIZ,AKR,ALAB,ALAR,ALGM,ALHC,ALL,ALLT,ALLY,ALOT,ALOY,ALRS,ALVO,AMBP,AMCR,AME,AMGN,AMH,AMP,AMPG"
2026-05-08 18:00:00+00:00,L0940,L0932,expansion,maturity,1.0752459678330457,1.5811746898173524,2,ACA;ALCO,16,AAPL-ACEL;ABCB-ALSN;ACA-ADTN;ACA-AMN;ACTG-AEBI;ADC-AHR;ADI-ALNY;AEBI-AGX;AEM-AHCO;AEM-ALC;AER-AHCO;AGI-AHCO;AGNC-AIRO;AHCO-AKAM;ALCO-AMAT;AMAT-AMBA,0.004435382317751646,3.065423352053862,0.027493261455525605,1.567406024526914,"AA,AAMI,AAPG,AARD,AAT,ABCB,ABSI,ABX,ACA,ACAD,ACCO,ACEL,ACLS,ACMR,ACNB,ACT,ADAG,ADAM,ADC,ADNT,AEBI,AENT,AEXA,AFRI,AGNC,AGNT,AHCO,AKTS,ALC,ALCO,ALGT,ALH,ALMR,ALMS,ALNY,ALV,AMAL,AMBA,AME,AMLX","AAOI,AAON,AAPL,ABAT,ABCL,ABEV,ABVX,ACET,ACHC,ACNT,ACTG,AD,ADEA,ADI,ADMA,ADTN,ADUR,AEC,AEG,AEHR,AEIS,AEM,AER,AFRM,AFYA,AG,AGI,AGX,AHR,AIP,AIR,AIRJ,AIRO,AIRS,AKAM,ALB,ALG,ALK,ALKS,ALLT,ALM,ALMU,ALOT,ALRM,ALSN,ALX,AMAT,AMBQ,AMCI,AMD,AMKR,AMN,AMP,AMPG,QQQ"
2026-05-08 18:30:00+00:00,L0933,L0920,expansion,expansion,0.5141587668520357,0.929508080459086,12,ABEO;ABNB;ACCO;ACVA;AEO;AFCG;AGEN;AIN;ALKT;ALLE;AMBP;AMGN,13,AAP-AES;AAP-AIOT;ACDC-ACRE;ACI-ADSK;ADBE-ALLY;ADP-ALHC;ADUS-AEO;ADUS-AJG;AFL-ALLE;AFL-AMBP;AHRT-AIN;AIV-AM;ALTG-AM,0.0024233778240159154,3.6439432207915936,0.014814814814814814,1.346308081613457,"A,AARD,ABBV,ABEO,ABM,ABNB,ABR,ABSI,ABT,ABX,ACCO,ACDC,ACIC,ACLS,ACN,ACRS,ACU,ACVA,ADBE,ADP,ADPT,ADSK,ADV,AEO,AES,AESI,AEVA,AEYE,AFBI,AFCG,AGEN,AGL,AGO,AGPU,AGRO,AGYS,AI,AII,AIN,AIOT,AIRG,AIV,AJG,AKO-B,ALGN,ALKT,ALLE,ALNT,ALTG,ALTO,AMBP,AMCX,AMG,AMGN,AMPH","AAP,AAUC,ABG,ABUS,ACGL,ACI,ACOG,ACRE,ADC,ADM,ADSE,ADT,ADUS,AEE,AEP,AFG,AFL,AGCO,AGMB,AHRT,AIG,AIT,AIZ,AKR,ALG,ALHC,ALL,ALLY,ALRS,ALVO,AM,AMCR,AMH"
2026-05-08 18:45:00+00:00,L0920,L0932,expansion,maturity,0.8424060889937267,0.39053432297059004,1,AAL,6,AAON-AGIO;AAUC-ABVX;ACRE-ALRM;ADI-ALAR;AEHR-AERO;ALAR-ALRM,0.0008457319345325232,2.2065777214879154,0.028333333333333332,0.9257765539612738,"AAL,AAUC,ABEO,ABG,ABNB,ABUS,ACCO,ACGL,ACIW,ACM,ACOG,ACRE,ACVA,ADC,ADM,ADSE,ADT,ADUS,AEE,AEO,AEP,AERO,AFCG,AFG,AFL,AGBK,AGCO,AGEN,AGIO,AGM,AGMB,AHRT,AIG,AIN,AIT,AIZ,AKR,ALAR,ALHC,ALKT,ALL,ALLE,ALLY,ALRS,ALVO,AM,AMBP,AMCR,AMGN,AMH","AAOI,AAON,AAPL,ABEV,ABVX,ACET,ACMR,ACNT,AD,ADEA,ADI,ADMA,ADTN,ADUR,AEC,AEG,AEHR,AEM,AER,AFRM,AFYA,AG,AGI,AGX,AHR,AIR,AIRJ,AKAM,ALB,ALCO,ALK,ALKS,ALMU,ALRM,ALSN,ALX,AMAT,AMBA,AMBQ,AMCI,AMD,AMKR,AMN,QQQ"
2026-05-08 19:00:00+00:00,L0940,L0943,decay,expansion,0.7154045422579234,0.4599718300347407,6,ABUS;ACOG;ACR;ADSE;AFJK;AGIO,6,ABNB-ABUS;ABUS-ACDC;ABUS-AGRO;ABUS-AIOT;ACCO-ACT;ACVA-AGNT,0.00386873928073328,2.9645962354253848,0.013793103448275862,1.0958309360613867,"AA,ABCB,ABUS,ACAD,ACNB,ACOG,ACR,ACT,ADAG,ADAM,ADSE,AEBI,AENT,AFJK,AGIO,AGNT,AKTS,ALH,ALMS,ALNY,ALV,AMAL,AME,AMLX","ABAT,ABCL,ABEO,ABNB,ACB,ACCO,ACDC,ACHR,ACHV,ACTG,ACVA,AES,AESI,AEVA,AGCC,AGRO,AGYS,AI,AIOT,AIP,AIRG,AIRO,AIRS,ALAB,ALG,ALGM,ALKT,ALLE,ALLT,ALOT,ALOY,AMBP,AMGN,AMP,AMPG"
2026-05-08 19:15:00+00:00,L0943,L0920,decay,expansion,1.642211432967305,0.5175043178060946,0,,12,ABEO-AIN;ABEO-ALLE;ACB-AGBK;ACHV-ADT;ACRE-ADT;ACTG-AEE;ACVA-ALLT;AGCC-AGMB;AGCC-ALHC;AGM-ALAR;AIRO-AMGN;ALLT-AMBP,0.004626774811185896,2.5999212257656046,0.014035087719298244,1.3000002948313159,"ABAT,ABCL,ABEO,ABUS,ACB,ACHR,ACHV,ACOG,ACR,ACRE,ACTG,ADSE,AFCG,AFJK,AGCC,AGEN,AGIO,AIP,AIRO,AIRS,ALAB,ALAR,ALG,ALGM,ALLT,ALOT,ALOY,AMPG","AAL,AAT,AAUC,ABG,ABNB,ACGL,ACM,ACVA,ADC,ADM,ADT,ADUS,AEE,AEO,AEP,AERO,AFG,AFL,AFRI,AGBK,AGCO,AGM,AGMB,AHRT,AIG,AIN,AIT,AIZ,AKR,ALHC,ALKT,ALL,ALLE,ALLY,ALRS,ALVO,AM,AMBP,AMCR,AMGN,AMH,AMP"
2026-05-08 19:30:00+00:00,L0940,L0933,expansion,maturity,0.8871584462968589,0.5390460659718731,0,,14,AARD-ACOG;ABR-ALV;ACCO-AIOT;ACI-AGNT;ACI-ALV;ACOG-AGRO;ACOG-AIRG;ADAM-ALLY;ADPT-ALV;ADSE-AIRG;ADSE-ALTO;AES-ALV;AIV-AKTS;ALG-AMG,0.0034891741815954447,2.7310449450418313,0.01282051282051282,1.1125456668641545,"AA,AAMI,AAPG,AAT,ABCB,ACAD,ACCO,ACEL,ACNB,ACOG,ACRE,ACT,ACTG,ADAG,ADAM,ADC,ADNT,ADSE,AEBI,AENT,AEXA,AGNT,AHCO,AKTS,ALC,ALCO,ALG,ALH,ALMR,ALMS,ALNY,ALV,AMAL,AMCR,AME,AMLX","A,AAP,AARD,ABBV,ABM,ABR,ABSI,ABT,ABX,ACDC,ACI,ACIC,ACLS,ACN,ACU,ADBE,ADP,ADPT,ADSK,ADV,AEO,AES,AESI,AEVA,AEYE,AFBI,AGL,AGO,AGPU,AGRO,AGYS,AI,AII,AIOT,AIRG,AIV,AJG,AKO-B,ALGN,ALLY,ALNT,ALTG,ALTO,AMCX,AMG,AMPH"
2026-05-11 14:00:00+00:00,L0949,L0947,maturity,expansion,0.02152345984929123,0.6343727734713339,7,AAON;AAUC;ABG;ACLS;ACOG;ADV;AGBK,24,AAON-AEHR;AAON-AMD;AAP-AIRO;AARD-ACOG;AAUC-ABCL;AAUC-ADPT;AAUC-AMCX;ABAT-ALMR;ACOG-ADPT;ACOG-AEXA;ACOG-AGL;ACVA-AEXA;ADAG-AIRO;ADAM-ADSE;ADBE-ADV;ADEA-AGL;ADI-AEHR;ADI-AEXA;ADI-ALAB;ADI-AMCX;ADV-ALH;AEXA-AGMB;AGBK-ALMU;AMCX-AMN,0.005710413213819265,3.6780975709818793,0.028051948051948054,1.1205010549494494,"A,AAL,AAON,AAP,AAPL,AAUC,ABAT,ABCB,ABG,ABM,ABR,ACA,ACCO,ACET,ACHC,ACHR,ACI,ACIW,ACLS,ACM,ACN,ACNB,ACOG,ACR,ACRE,ACT,ACTG,ACU,ACVA,AD,ADAG,ADAM,ADEA,ADI,ADNT,ADP,ADSK,ADT,ADV,AEIS,AEO,AERO,AEYE,AFRI,AFRM,AGBK,AGEN,AGM,AGMB,AGNT,AGPU,AGYS,AHRT,AI,AIOT,AIRG,AJG,ALAR,ALG,ALGM,ALGN,ALGT,ALHC,ALK,ALKT,ALLE,ALLT,ALLY,ALNT,ALOY,ALRM,ALRS,ALTG,ALV,ALX,AMAL,AMBP,AMG,AMN,AMP","AA,AAOI,AAPG,AARD,ABCL,ABEV,ABNB,ABSI,ABUS,ABVX,ABX,ACB,ACHV,ACMR,ACRS,ADBE,ADM,ADMA,ADPT,ADSE,ADTN,ADUR,ADUS,AEBI,AEC,AEG,AEHR,AEM,AENT,AES,AEVA,AEXA,AG,AGCC,AGI,AGIO,AGL,AGNC,AGO,AGRO,AHCO,AIN,AIP,AIRJ,AIRO,AIRS,AIV,AKAM,AKTS,ALAB,ALB,ALH,ALKS,ALM,ALMR,ALMS,ALMU,ALOT,ALTO,ALVO,AMAT,AMBA,AMBQ,AMCX,AMD,AMKR,AMLX,AMPG,AMPH,QQQ"
2026-05-11 14:15:00+00:00,L0947,L0920,decay,maturity,1.5666565158182637,0.8573957557612866,0,,4,ABBV-AGO;ABT-ABVX;ABVX-ALNY;ADMA-ALC,0.008238696493208408,1.761964929002573,0.017391304347826087,1.1703156093766822,"AAON,AARD,AAUC,ABCL,ABEO,ABG,ABVX,ACB,ACHV,ACLS,ACOG,ADBE,ADMA,ADUR,ADV,AEBI,AEHR,AEVA,AEXA,AFCG,AGBK,AGL,AGO,AIN,AIP,AIRJ,AIRO,AIRS,AIV,AKTS,ALAB,ALMU,ALTO,AMAT,AMCX,AMD,AMKR,AMLX,AMPG,QQQ","AAMI,AAT,ABBV,ABT,ACAD,ACDC,ACEL,ACGL,ACIC,ACNT,ADC,ADSE,AEE,AEP,AER,AFBI,AFG,AFJK,AFL,AFYA,AGCO,AGX,AHR,AIG,AII,AIR,AIT,AIZ,AKO-B,AKR,ALC,ALL,ALNY,ALSN,AM,AMCI,AMCR,AME,AMGN,AMH"
2026-05-11 14:30:00+00:00,L0949,L0952,maturity,confirmation,1.0342351629069093,0.4109251160889681,0,,2,ADBE-AIN;ADMA-ALAR,0.0037718231324106455,1.2170417266921463,0.02027027027027027,0.7408490559123403,"A,AAL,AAP,AAPL,AAUC,ABAT,ABCB,ABG,ABM,ABR,ABVX,ACA,ACCO,ACET,ACHC,ACHR,ACI,ACIW,ACM,ACN,ACNB,ACR,ACRE,ACT,ACTG,ACU,ACVA,AD,ADAG,ADAM,ADBE,ADEA,ADI,ADNT,ADP,ADSK,ADT,ADV,AEIS,AEO,AERO,AEYE,AFRI,AFRM,AGEN,AGM,AGMB,AGNT,AGPU,AGYS,AHRT,AI,AIOT,AIRG,AJG,ALAR,ALG,ALGM,ALGN,ALGT,ALHC,ALK,ALKT,ALLE,ALLT,ALLY,ALNT,ALOY,ALRM,ALRS,ALSN,ALTG,ALV,ALX,AMAL,AMBP,AMG,AMN,AMP","AA,AAOI,AAPG,ABEV,ABNB,ABSI,ABUS,ABX,ACMR,ACRS,ADM,ADMA,ADPT,ADTN,ADUS,AEC,AEG,AEM,AENT,AES,AG,AGCC,AGI,AGIO,AGRO,AHCO,AHR,AIN,AIV,AKAM,AKTS,ALB,ALH,ALKS,ALM,ALVO,AMBA,AMBQ,AMPH"
2026-05-11 14:45:00+00:00,L0947,L0920,decay,maturity,0.7777460968472498,0.37921631327386146,0,,2,ACDC-AMN;AFCG-AIT,-0.00032378174364566803,1.0986122886681098,0.016245487364620937,0.624178618308054,"AAON,AARD,ABAT,ACHR,ACLS,ACOG,ACR,ACVA,ADAG,ADEA,ADI,AEHR,AEIS,AEXA,AFCG,AGBK,AGL,AIP,AIRO,ALAB,ALLT,AMBQ,AMCX,AMD,AMKR,AMN,QQQ","AAMI,AAT,ABBV,ABT,ACAD,ACDC,ACEL,ACGL,ACIC,ACNT,ADC,ADSE,ADUS,AEE,AEP,AER,AESI,AFBI,AFG,AFJK,AFL,AFYA,AGCO,AGNC,AGX,AIG,AII,AIR,AIT,AIZ,AKO-B,AKR,ALC,ALCO,ALL,ALNY,ALSN,AM,AMCI,AMCR,AME,AMGN,AMH"
2026-05-11 15:00:00+00:00,L0952,L0947,maturity,expansion,0.8690314330140083,0.8679183587541635,11,ABEO;ACB;ADPT;ADUR;AEBI;AGO;AIN;AIRS;AKTS;AMLX;AMPG,12,AARD-AEBI;ABCL-ABSI;ABCL-AEBI;ACDC-AGL;ADPT-AI;AEBI-AEXA;AENT-AMN;AFCG-AMBQ;AGL-ALH;AIRO-ALMR;ALMU-AMLX;ALTO-AMKR,0.005209863418713212,3.5701236863721926,0.024,1.4172158591234996,"AA,AAOI,AAPG,ABEO,ABEV,ABNB,ABSI,ABUS,ABX,ACB,ACDC,ACHV,ACMR,ACRS,ADM,ADPT,ADTN,ADUR,AEBI,AEC,AEG,AEM,AENT,AES,AESI,AG,AGCC,AGI,AGIO,AGO,AGRO,AHCO,AHR,AIN,AIRS,AIV,AKAM,AKTS,ALB,ALH,ALKS,ALM,ALMR,ALMS,ALOT,ALTO,ALVO,AMBA,AMBQ,AMLX,AMPG,AMPH","AAON,AARD,ABAT,ABCL,ACHR,ACLS,ACOG,ACR,ACVA,ADAG,ADEA,ADI,AEHR,AEIS,AEVA,AEXA,AFCG,AGBK,AGL,AI,AIP,AIRJ,AIRO,ALAB,ALLT,ALMU,AMAT,AMD,AMKR,AMN,QQQ"
2026-05-11 15:45:00+00:00,L0949,L0947,expansion,expansion,0.4594456080690876,0.3181564825670342,2,ACVA;ALLT,22,AAL-ADEA;AAP-ACR;AAPL-ACLS;AARD-AI;ABAT-ALLT;ACA-AGM;ACA-ALRS;ACCO-AFRI;ACDC-ACRE;ACDC-AFRM;ACOG-AGYS;ACVA-AEBI;ADAG-ALAR;ADEA-AIOT;ADEA-ALGM;ADI-AGEN;ADI-ALOY;ADNT-ADPT;ADSE-AIOT;AEYE-ALAB;AGBK-AIRO;ALRM-AMCI,0.0021052215015515685,3.3036037422529017,0.02622950819672131,1.0631159889835702,"A,AAL,AAP,AAPL,ABCB,ABG,ABM,ABR,ACCO,ACET,ACHC,ACHR,ACI,ACIW,ACN,ACNB,ACRE,ACTG,ACU,ACVA,AD,ADAM,ADBE,ADNT,ADP,ADSK,ADT,ADV,AEO,AERO,AEYE,AFRM,AGBK,AGEN,AGM,AGMB,AGNT,AGPU,AGYS,AHRT,AI,AIOT,AIRG,AJG,ALAR,ALG,ALGM,ALGN,ALGT,ALHC,ALK,ALKT,ALLE,ALLT,ALLY,ALNT,ALOY,ALRM,ALRS,ALTG,ALV,ALX,AMAL,AMG,AMP","AAON,AARD,AAUC,ABAT,ABCL,ABEO,ACA,ACB,ACDC,ACHV,ACLS,ACOG,ACR,ADAG,ADEA,ADI,ADMA,ADPT,ADSE,ADUR,AEBI,AEHR,AEIS,AER,AESI,AEVA,AEXA,AFCG,AFRI,AGIO,AGL,AGO,AIP,AIRJ,AIRO,AIRS,ALAB,ALMU,ALOT,ALTO,AMAT,AMCI,AMCX,AMD,AMKR,AMLX,AMN,AMPG,QQQ"
2026-05-11 16:30:00+00:00,L0956,L0920,confirmation,expansion,0.09799820269248188,0.4321069761070112,1,ACET,4,ACDC-AEIS;ACIC-AIRJ;ADSE-AEC;AEHR-AFCG,0.0057236418360844254,2.0245053282824723,0.02027027027027027,0.6681984262510066,"AAON,AARD,ABAT,ABCL,ACA,ACET,ACHR,ACLS,ACOG,ACR,ADEA,ADI,ADSE,AEHR,AEIS,AEVA,AEXA,AGBK,AGL,AIP,AIRJ,AIRO,ALAB,ALMU,AMAT,AMCX,AMD,AMKR,AMN,QQQ","AAMI,AAT,ABBV,ABT,ACAD,ACDC,ACGL,ACIC,ACNT,ADC,AEC,AEE,AEP,AER,AESI,AFBI,AFCG,AFG,AFJK,AFL,AFYA,AGCO,AGRO,AGX,AIG,AIR,AIT,AIZ,AKR,ALC,ALL,ALNY,ALOT,AM,AMCI,AMCR,AME,AMGN,AMH"
2026-05-11 17:00:00+00:00,L0956,L0949,decay,expansion,0.18852711776066416,0.5382256788466371,1,AGBK,10,ACCO-ADI;ACHC-AMN;ACHR-ALRS;AD-AEIS;ADBE-ADI;ADEA-AGEN;AEIS-AFRI;AEIS-AIOT;AGBK-AJG;AGYS-AMN,0.0011314283474348485,2.57361499709604,0.015207373271889401,0.8637106942469839,"AAON,AARD,ABAT,ABCL,ACHR,ACLS,ADAG,ADEA,ADI,ADSE,AEHR,AEIS,AEVA,AEXA,AGBK,AGL,AIP,AIRJ,AIRO,ALAB,ALLT,ALMU,AMAT,AMD,AMKR,AMN,QQQ","A,AAL,AAP,AAPL,ABG,ABM,ABR,ACCO,ACHC,ACI,ACIW,ACN,ACNB,ACR,ACRE,ACTG,ACU,ACVA,AD,ADBE,ADNT,ADP,ADSK,ADV,AEO,AEYE,AFRI,AFRM,AGEN,AGM,AGNT,AGPU,AGYS,AI,AIOT,AIRG,AJG,ALAR,ALG,ALGM,ALGT,ALHC,ALK,ALKT,ALLE,ALNT,ALOY,ALRM,ALRS,ALTG,ALV,AMAL,AMG,AMP"
2026-05-11 17:30:00+00:00,L0956,L0952,expansion,maturity,0.44665059250992806,0.16937400054881677,0,,12,AARD-QQQ;AAUC-ABCL;AAUC-AGIO;AAUC-ALM;AAUC-AMD;ABCL-AEHR;ABNB-ADPT;ACOG-AMD;ADPT-AGI;ADPT-AMD;AEBI-AEXA;AEHR-AEVA,0.0011121464776806533,2.5734679439619312,0.02526315789473684,0.8319638375923168,"AAON,AARD,AAUC,ABAT,ACA,ACHR,ACLS,ACOG,ACR,ACVA,ADAM,ADEA,ADI,ADPT,AEHR,AEIS,AEXA,AGMB,AI,AIP,AIRO,ALLT,ALTG,AMCX,AMN","AA,AAOI,AAPG,ABCL,ABEO,ABEV,ABNB,ABSI,ABUS,ABVX,ABX,ACB,ACET,ACHV,ACMR,ACRS,ADM,ADMA,ADTN,ADUR,ADUS,AEBI,AEG,AEM,AENT,AES,AEVA,AFCG,AG,AGCC,AGI,AGIO,AGL,AGNC,AGO,AHCO,AIN,AIRJ,AIRS,AIV,AKAM,AKTS,ALAB,ALB,ALCO,ALH,ALKS,ALM,ALMR,ALMS,ALMU,ALOT,ALTO,ALVO,AMAT,AMBA,AMBQ,AMD,AMKR,AMLX,AMPG,AMPH,QQQ"
2026-05-11 18:45:00+00:00,L0956,L0958,decay,expansion,0.6801028286266273,0.38214885176600893,0,,5,ACLS-AER;ADUS-AGNC;AER-AMCX;AFRI-AGX;AFRI-AM,0.004569104057736695,1.8651509380290412,0.017173524150268335,0.7875392672475914,"AAON,AARD,AAUC,ABAT,ABCL,ABVX,ACET,ACHR,ACLS,ACOG,ACR,ADEA,ADMA,ADSE,ADUS,AEHR,AEIS,AEVA,AEXA,AFRI,AGL,AIN,AIP,AIRJ,AIRO,ALAB,ALLT,ALMU,AMAT,AMBQ,AMCX,AMD,AMKR,QQQ","AAMI,AAT,ABBV,ABCB,ABT,ACAD,ACDC,ACEL,ACGL,ACIC,ACM,ACNT,ACT,ADC,AEE,AEP,AER,AESI,AFBI,AFG,AFJK,AFL,AFYA,AGCO,AGNC,AGRO,AGX,AIG,AII,AIR,AIT,AIZ,AKO-B,AKR,ALC,ALGN,ALL,ALLY,ALMS,ALNY,ALSN,ALX,AM,AMBP,AMCI,AMCR,AME,AMGN,AMH"
2026-05-11 19:30:00+00:00,L0958,L0956,expansion,expansion,0.6134828921024487,1.0024236504281547,0,,6,ABBV-ALOT;ACDC-AMPH;ACIC-AMLX;AEP-AMLX;AFCG-ALC;AMCI-AMPH,0.0022306723112706095,1.977279686948285,0.020338983050847456,0.9821427319538792,"AAMI,AAT,ABBV,ACAD,ACDC,ACEL,ACGL,ACIC,ACNT,ADC,AEE,AEP,AER,AESI,AFBI,AFG,AFJK,AFL,AFYA,AGCO,AGRO,AGX,AHR,AIG,AII,AIR,AIT,AIZ,AKR,ALC,ALL,ALMR,ALNY,AM,AMCI,AMCR,AME,AMGN,AMH","AAON,AARD,AAUC,ABCL,ABEO,ABVX,ACET,ACHR,ACMR,ADMA,ADUS,AEHR,AEVA,AEXA,AFCG,AGL,AIN,AIRJ,AIRO,AIV,ALAB,ALMU,ALOT,AMAT,AMBQ,AMCX,AMD,AMKR,AMLX,AMN,AMPG,AMPH,QQQ"
2026-05-12 14:45:00+00:00,L0963,L0958,expansion,expansion,0.8268313932656486,0.40985117749825867,2,ABX;AGEN,17,AAOI-ACOG;AAPG-ACR;ABM-AII;ABVX-ALMU;ABX-AFCG;ABX-AFRI;ABX-AGL;ABX-ALC;ACDC-ADPT;ACRE-ADSK;AESI-AKO-B;AEVA-ALLT;AFRM-ALMR;AGCC-ALH;AGEN-AMGN;AGMB-ALLT;AGMB-ALMR,0.006409514928236604,3.1197602795200527,0.01818181818181818,1.153672113836458,"AAMI,AAOI,AAPG,ABAT,ABEV,ABVX,ABX,ACB,ACDC,ACHR,ACHV,ACLS,ACRE,ADEA,ADI,ADNT,ADUR,AEBI,AEC,AEHR,AEM,AESI,AEVA,AFRM,AG,AGEN,AGI,AGMB,AGPU,AGX,AI,AII,AIN,AIOT,AIP,AIRG,AIRO,AIRS,ALAB,ALB,ALGM,ALH,ALM,ALMS,ALOY,ALRS,ALTO,ALV,AMBA,AMD,AMKR,AMPG,AMPH,QQQ","A,AAPL,AAUC,ABBV,ABM,ABT,ACAD,ACEL,ACGL,ACIC,ACIW,ACN,ACOG,ACR,ACTG,ACU,ADC,ADMA,ADP,ADPT,ADSE,ADSK,ADT,ADV,AES,AEXA,AFCG,AFG,AFJK,AFRI,AFYA,AGCC,AGL,AGM,AGYS,AHR,AJG,AKO-B,AKTS,ALC,ALCO,ALGN,ALHC,ALKS,ALL,ALLT,ALMR,ALMU,ALNY,AMBQ,AMCX,AMGN"
2026-05-12 15:00:00+00:00,L0963,L0967,expansion,maturity,1.1581405816540102,0.20564300711182662,0,,15,AAMI-AGRO;AARD-AESI;AARD-ALB;ACHC-ALMS;ACRE-AIZ;AD-ADNT;AD-ADSE;ADUS-ALV;AEIS-AGI;AER-ALV;AESI-AMN;AHCO-AII;ALRM-ALV;ALV-AMAL;ALV-AMPH,0.0048712308052927256,2.8025796568589505,0.012903225806451613,1.1117154747154565,"AAMI,AAOI,AAPG,ABAT,ABEV,ABVX,ACDC,ACHR,ACHV,ACLS,ACOG,ACRE,ACTG,ADEA,ADI,ADNT,ADSE,ADUR,AEBI,AEC,AEHR,AEM,AESI,AEVA,AEXA,AFCG,AFJK,AFRM,AG,AGCC,AGI,AGMB,AGPU,AGX,AII,AIN,AIOT,AIP,AIRG,AIRO,AIRS,AKO-B,ALAB,ALB,ALCO,ALGM,ALH,ALHC,ALLT,ALM,ALMS,ALMU,ALOY,ALRS,ALTO,ALV,AMBA,AMBQ,AMD,AMKR,AMPG,QQQ","AAP,AARD,AAT,ABCB,ABG,ABUS,ACCO,ACET,ACHC,ACI,ACM,ACNT,ACT,ACVA,AD,ADAG,ADBE,ADUS,AEE,AEG,AEIS,AEO,AEP,AER,AERO,AFL,AFRI,AGCO,AGIO,AGNC,AGNT,AGO,AGRO,AHCO,AHRT,AIG,AIV,AIZ,AKR,ALAR,ALG,ALKT,ALLE,ALLY,ALRM,ALSN,ALX,AMAL,AMBP,AMCI,AMCR,AMG,AMH,AMLX,AMN,AMP,AMPH"
2026-05-12 15:15:00+00:00,L0966,L0958,maturity,expansion,1.0446612244658418,0.7188067493298828,0,,3,AARD-ABX;ACEL-AIT;AFRI-AKTS,0.004490755731239915,1.4926963382213279,0.02146690518783542,0.9054345124722246,"AA,AAL,AAON,AARD,ABCL,ABEO,ABR,ABSI,ACA,ACB,ACMR,ADM,ADNT,ADPT,ADTN,AEIS,AEYE,AFRI,AGBK,AI,AIR,AIT,AIV,AKAM,ALK,ALNT,ALSN,ALTG,ALV,ALVO,AMAT,AME","A,AAOI,AAPL,ABBV,ABM,ABT,ABX,ACAD,ACEL,ACGL,ACIC,ACIW,ACN,ACNT,ACOG,ACR,ACU,ACVA,ADC,ADMA,ADP,ADSK,ADT,ADV,AES,AEXA,AFBI,AFCG,AFG,AFJK,AFL,AFYA,AGCC,AGL,AGM,AGYS,AHCO,AHR,AIG,AIZ,AJG,AKTS,ALC,ALCO,ALGN,ALHC,ALKS,ALL,ALLT,ALMU,ALNY,AMBQ,AMGN"
2026-05-12 15:30:00+00:00,L0958,L0967,maturity,expansion,0.7147160490483218,0.4811839654759716,3,ABCB;ACM;ALX,35,ABCB-ALGT;ABCB-AMP;ABG-AHCO;ABR-ACR;ACEL-AD;ACEL-AMBP;ACEL-AME;ACEL-AMN;ACET-ACIC;ACGL-AD;ACI-AEG;ACI-AGNC;ACIW-ALTG;ACM-ALRM;ACNB-ALLY;ACR-AGNC;ACT-AMN;ACVA-AIRJ;ACVA-ALKT;AD-ADUS;AD-AFG;AD-AHCO;ADBE-AIG;ADBE-AMH;ADSK-AMBP;ADUS-ALOT;AEO-AGO;AEP-AM;AHRT-AMCR;AIRJ-AMH;AIZ-AMG;ALLE-ALOT;ALLY-ALOT;ALLY-ALRM;ALX-AMN,0.004780493443831801,3.7489874564910126,0.013636363636363636,1.2980623230254955,"A,AAPL,AAT,ABBV,ABCB,ABM,ABT,ABX,ACAD,ACEL,ACGL,ACI,ACIC,ACIW,ACM,ACN,ACNT,ACR,ACT,ACU,ACVA,ADC,ADMA,ADP,ADSK,ADT,ADUS,AEE,AEP,AES,AFBI,AFG,AFL,AGL,AGM,AGO,AGYS,AHCO,AHR,AHRT,AIG,AIZ,AJG,AKR,AKTS,ALC,ALGN,ALKS,ALL,ALLE,ALLY,ALNY,ALX,AMGN,AMH,AMPH","AA,AAL,AAON,AAP,AARD,ABCL,ABEO,ABG,ABNB,ABR,ABUS,ACA,ACCO,ACET,ACHC,ACMR,ACNB,ACRS,AD,ADAG,ADAM,ADBE,ADNT,AEG,AEIS,AENT,AEO,AER,AERO,AFRI,AGCO,AGIO,AGNC,AGNT,AGRO,AIR,AIRJ,AIV,AKAM,ALAR,ALG,ALGT,ALK,ALKT,ALMS,ALNT,ALOT,ALRM,ALSN,ALTG,ALV,ALVO,AM,AMAL,AMAT,AMBP,AMCI,AMCR,AME,AMG,AMLX,AMN,AMP"
2026-05-12 15:45:00+00:00,L0969,L0958,confirmation,maturity,1.187686090209262,0.6014864875862974,0,,7,ABM-ACRE;ACEL-ADSE;ACIW-ADSE;ADSE-ADT;ADV-ALNY;ADV-AMGN;AKO-B-AMH,0.013430294580757618,2.2346305527626886,0.02585278276481149,1.0992873289440617,"AARD,ABSI,ACR,ACRE,ADM,ADSE,ADV,AFJK,AFRI,AFYA,AGBK,AIT,AKO-B","A,AAPL,AAT,ABBV,ABM,ABT,ACAD,ACEL,ACGL,ACI,ACIC,ACIW,ACN,ACNT,ACT,ACU,ACVA,AD,ADC,ADMA,ADP,ADSK,ADT,ADUS,AEE,AEP,AES,AEXA,AFBI,AFG,AFL,AGL,AGM,AGO,AGYS,AHCO,AHR,AHRT,AIG,AIZ,AJG,AKR,AKTS,ALC,ALGN,ALKS,ALL,ALLE,ALLY,ALNY,ALOT,AMG,AMGN,AMH,AMPH"
2026-05-12 16:00:00+00:00,L0958,L0970,decay,maturity,0.5733477110830033,0.3652773017413051,0,,5,ABT-ADMA;ACAD-ADSE;ACHV-AKTS;AD-ADSE;AEXA-AKTS,0.007084100274369121,1.9033619672325681,0.00847457627118644,0.7586991820961125,"A,AAPL,ABBV,ABM,ABT,ACAD,ACEL,ACGL,ACIC,ACIW,ACN,ACNT,ACU,ACVA,AD,ADC,ADP,ADSK,ADT,ADUS,AES,AFBI,AFG,AFL,AGM,AGYS,AHCO,AHR,AIG,AIRG,AIZ,AJG,AKTS,ALC,ALGN,ALL,ALNY,AMGN","AAOI,ABEV,ABVX,ABX,ACHV,ACOG,ADMA,ADSE,AEVA,AEXA,AFCG,AFRI,AFRM,AGCC,AGEN,AGPU,AII,ALCO,ALH,ALHC,ALKS,ALLT,ALMR,ALMU,ALOY,AMBQ"
2026-05-12 17:15:00+00:00,L0967,L0963,expansion,maturity,1.0675470618984852,0.5016379613544362,2,AARD;ADPT,25,AAL-AMPG;AAON-ACB;AAON-AMKR;AAON-AMPG;AARD-AIN;AARD-ALMS;AAUC-ACMR;ABEO-ADTN;ABEO-AFJK;ACA-ACDC;ACET-AMBA;ACLS-ADNT;ACTG-AM;ACVA-AFJK;ACVA-AMCX;ADM-AMCX;ADNT-AIRO;ADV-AFJK;AEIS-AMBA;AENT-AFJK;AEYE-AGNC;AGIO-ALMS;AI-AIOT;AKAM-AMKR;ALNT-AMBA,0.003394138388102874,3.4124476539845907,0.023013698630136987,1.3273194752665447,"AA,AAL,AAON,AAP,AARD,ABCB,ABCL,ABEO,ABG,ABNB,ABR,ABUS,ACA,ACCO,ACET,ACHC,ACI,ACM,ACMR,ACNB,ACRS,ACVA,ADAG,ADAM,ADM,ADNT,ADPT,ADV,AEG,AEIS,AENT,AEO,AER,AERO,AGBK,AGCO,AGIO,AGNC,AGNT,AGRO,AHR,AI,AIR,AIRJ,AIT,AIV,AKAM,ALAR,ALG,ALGT,ALK,ALKT,ALLY,ALNT,ALOT,ALRM,ALSN,ALTG,ALV,ALVO,AM,AMAL,AMAT,AMBP,AMCI,AMCR,AME,AMG,AMLX,AMN,AMP","AAMI,AAPG,AAUC,ABAT,ABSI,ACB,ACDC,ACHR,ACLS,ACR,ACTG,ADEA,ADI,ADTN,ADUR,AEBI,AEC,AEHR,AEM,AESI,AEYE,AFJK,AG,AGI,AGL,AGMB,AGX,AIN,AIOT,AIP,AIRG,AIRO,AIRS,AKO-B,ALAB,ALB,ALGM,ALM,ALMS,ALTO,AMBA,AMCX,AMD,AMKR,AMPG,QQQ"
2026-05-12 17:45:00+00:00,L0967,L0975,expansion,confirmation,0.9979313540434416,0.42718219844987126,7,AAL;ABCL;AGCO;AI;ALVO;AMCI;AMLX,16,AA-ALVO;AA-AMCI;AAL-AIR;AAON-AM;ABCB-ALX;ABR-AMBP;ACMR-ALVO;ACNB-AEG;ADPT-AIV;AEO-ALX;AGCO-AIR;AHCO-ALX;AKAM-ALK;AKR-ALX;ALSN-ALX;ALX-AMCR,0.0029692939715459943,3.4435199904064304,0.011898016997167138,1.2901987658991765,"AAL,AAP,AAT,ABCB,ABCL,ABG,ABNB,ACCO,ACHC,ACI,ACM,ACT,ACVA,AD,ADAG,ADAM,ADBE,ADM,ADNT,ADSE,ADUS,AEE,AEG,AEO,AEP,AER,AERO,AFL,AFRI,AGCO,AGNC,AGNT,AGO,AGRO,AHCO,AHRT,AI,AIG,AIT,AIV,AIZ,AKR,ALAR,ALG,ALGT,ALK,ALKT,ALLE,ALLY,ALOT,ALRM,ALSN,ALTG,ALV,ALVO,AM,AMAL,AMBP,AMCI,AMCR,AMCX,AME,AMG,AMH,AMLX,AMN,AMP,AMPH","AA,AAON,AARD,ABEO,ABR,ABUS,ACA,ACET,ACMR,ACNB,ACRS,ADPT,ADTN,AEIS,AENT,AEYE,AFBI,AFJK,AGIO,AHR,AIR,AIRJ,AKAM,AKO-B,ALNT,ALX,AMAT"
2026-05-12 18:00:00+00:00,L0967,L0975,decay,maturity,0.905462491894449,0.9370505832851066,2,ACNB;AIV,12,ABG-ADPT;ABUS-AIV;ABUS-ALOT;ACA-AMBP;ACHC-AIRJ;ACM-AIRJ;AEO-AIRJ;AGIO-AIV;AGRO-ALVO;AIRJ-AIV;ALK-AMCI;AMAL-AMCI,0.005340823554433882,2.8641465500552945,0.010227272727272725,1.2703246509767812,"AAP,AAT,ABCB,ABG,ABNB,ACCO,ACHC,ACI,ACM,ACNB,ACVA,ADAG,ADAM,ADBE,ADNT,AEG,AEO,AER,AERO,AGNC,AGNT,AGRO,AHRT,AIT,AIV,ALAR,ALG,ALGT,ALK,ALKT,ALLE,ALLY,ALOT,ALRM,ALSN,ALTG,ALV,ALX,AM,AMAL,AMBP,AMCR,AME,AMG,AMH,AMN,AMP,AMPH","AA,AAL,AAON,AARD,ABCL,ABEO,ABR,ABUS,ACA,ACMR,ACRS,ADPT,AEIS,AENT,AGCO,AGIO,AI,AIR,AIRJ,AKAM,ALNT,ALVO,AMAT,AMCI,AMLX"
2026-05-12 18:30:00+00:00,L0963,L0975,maturity,expansion,0.10187162571005921,0.6638874973765966,3,AARD;ACTG;ADPT,16,AA-AMBA;AAON-ADEA;AAPG-AERO;ABSI-ALMS;ACET-ACTG;ACR-QQQ;ACRS-ADEA;ACTG-AHR;ADPT-AIRJ;ADPT-ALNT;ADPT-AMCI;AEC-AEYE;AEM-AERO;AIN-AKO-B;AIN-AMAT;AMAT-QQQ,0.0012374779907986522,3.140860132703388,0.01160220994475138,1.0166831015935562,"AAMI,AAPG,AARD,ABAT,ACB,ACDC,ACHR,ACLS,ACTG,ADEA,ADI,ADPT,ADUR,AEBI,AEC,AEHR,AEM,AESI,AG,AGEN,AGI,AGMB,AGX,AIN,AIOT,AIP,AIRG,AIRO,AIRS,ALAB,ALB,ALGM,ALM,ALMS,ALTO,AMBA,AMD,AMKR,AMPG,QQQ","AA,AAL,AAON,AAUC,ABCL,ABEO,ABR,ABSI,ABUS,ACA,ACET,ACMR,ACR,ACRS,ADTN,AEIS,AENT,AERO,AES,AEYE,AFJK,AGBK,AGCO,AGIO,AGL,AHR,AI,AIR,AIRJ,AKAM,AKO-B,ALNT,ALVO,AMAT,AMCI,AMLX"
2026-05-12 18:45:00+00:00,L0975,L0967,maturity,maturity,0.9179775908224492,0.7073134328612192,6,ACNB;ADM;AENT;AIRJ;ALX;AMCX,22,AAL-AMAT;AAON-AME;AAP-AIR;ABUS-ALVO;ACA-ADNT;ACA-ALV;ACHC-AGCO;ACHC-ALNT;ACI-AMLX;ACM-AIRJ;ADBE-AMCX;ADM-AGNC;ADM-AGRO;ADM-ALK;ADNT-ALX;ADV-AKO-B;AENT-AI;AERO-AMLX;AES-ALLY;AGRO-AMLX;AIRJ-AMAL;ALTG-AMCX,0.0024198904866352677,3.5622382423997543,0.0136986301369863,1.380201662225587,"AA,AAON,AARD,AAUC,ABEO,ABR,ABSI,ABUS,ACA,ACET,ACMR,ACNB,ACR,ACRS,ACTG,ADM,ADPT,ADTN,AEIS,AENT,AES,AEYE,AFJK,AGCO,AGIO,AGL,AHR,AIR,AIRJ,AKAM,AKO-B,ALNT,ALX,AMAT,AMCX,AMLX","AAL,AAP,ABCB,ABCL,ABG,ABNB,ACCO,ACHC,ACI,ACM,ACVA,ADAG,ADAM,ADBE,ADNT,ADV,AEG,AEO,AER,AERO,AGBK,AGNC,AGNT,AGRO,AHRT,AI,AIG,AIT,AIV,ALAR,ALG,ALGT,ALK,ALKT,ALLY,ALOT,ALRM,ALSN,ALTG,ALV,ALVO,AM,AMAL,AMBP,AMCI,AMCR,AME,AMG,AMH,AMN,AMP"
2026-05-12 19:00:00+00:00,L0967,L0963,maturity,maturity,0.7045313925024438,0.5400013435855693,0,,4,AARD-ABNB;ADEA-ADNT;ADM-AESI;AHRT-AIN,0.007926136022433639,1.756583589086051,0.021428571428571425,0.8157200038122024,"AAP,ABCB,ABG,ABNB,ACCO,ACHC,ACM,ACNB,ACVA,ADAG,ADAM,ADBE,ADM,ADNT,AEG,AENT,AEO,AER,AGNC,AGNT,AGRO,AHRT,AIG,AIRJ,AIT,AIV,ALAR,ALG,ALGT,ALK,ALKT,ALLY,ALOT,ALRM,ALSN,ALTG,ALV,ALVO,ALX,AM,AMAL,AMBP,AMCI,AMCR,AMCX,AME,AMG,AMH,AMN,AMP","AAMI,AAPG,AARD,ABAT,ABVX,ACB,ACDC,ACHV,ACLS,ADEA,ADI,ADPT,ADUR,AEBI,AEC,AEHR,AEM,AESI,AFRM,AG,AGEN,AGI,AGMB,AGX,AII,AIN,AIOT,AIP,AIRG,AIRO,AIRS,ALAB,ALB,ALGM,ALM,ALMR,ALMS,ALRS,ALTO,AMBA,AMD,AMKR,AMPG,QQQ"
2026-05-12 19:15:00+00:00,L0963,L0958,maturity,maturity,0.9105732032599833,0.568363992501583,1,AKTS,7,ACAD-AKTS;ACIC-AKTS;ACOG-AFRI;ACOG-ALC;ACOG-ALNY;ADMA-AFCG;AKTS-ALNY,0.0021472268272191286,2.323830079856226,0.02395644283121597,1.0282321451172087,"AAOI,AAPG,ABAT,ABSI,ABVX,ACB,ACDC,ACHV,ACOG,ADEA,ADUR,AEC,AEHR,AEM,AEVA,AEXA,AEYE,AFCG,AFRM,AG,AGCC,AGEN,AGI,AGMB,AGX,AIOT,AIP,AIRG,AIRO,AIRS,AKTS,ALAB,ALB,ALCO,ALHC,ALKS,ALLT,ALM,ALMR,ALMS,ALMU,ALOY,ALTO,AMBA,AMBQ,AMD,AMPG,QQQ","A,AAPL,AAT,ABBV,ABM,ABT,ABX,ACAD,ACEL,ACGL,ACI,ACIC,ACIW,ACN,ACNT,ACT,ACTG,ACU,AD,ADC,ADMA,ADP,ADSE,ADSK,ADT,ADUS,AEE,AEP,AFBI,AFG,AFL,AFRI,AGM,AGO,AGYS,AHCO,AIZ,AJG,AKR,ALC,ALGN,ALL,ALLE,ALNY,AMGN,AMH,AMPH"
2026-05-12 19:30:00+00:00,L0967,L0963,expansion,expansion,0.9413165171821288,0.9583287717166785,1,AGIO,31,AA-AM;AA-AMCI;AAL-ACA;AAL-AMAT;AAMI-AIV;AAON-AENT;AAP-AGBK;AAPG-ALNT;AAT-AESI;AAUC-AEC;ABCB-ACNB;ABR-ACCO;ABR-ACR;ACB-ACET;ACB-ALNT;ACMR-ALGT;ACMR-AMCI;ACNB-AEG;ACR-AEYE;ACRS-AMN;ADI-ALVO;ADNT-AGCO;ADPT-AIRJ;AEIS-AERO;AER-AIR;AERO-AIR;AGBK-AIT;AGCO-AIR;AGIO-ALMS;ALGT-ALV;ALVO-AMKR,0.007398153888061643,3.5478864467172664,0.030399999999999996,1.4614251983489586,"AAL,AAP,AARD,AAT,AAUC,ABCB,ABG,ABNB,ABUS,ACCO,ACET,ACHC,ACI,ACM,ACR,ACT,ACVA,ADAG,ADAM,ADBE,ADM,ADV,AEE,AEG,AENT,AEO,AEP,AER,AERO,AES,AGCO,AGIO,AGL,AGNC,AGNT,AGO,AGRO,AHR,AHRT,AIG,AIRJ,AIT,AIV,AKR,ALAR,ALG,ALGT,ALK,ALKT,ALLE,ALLY,ALNT,ALOT,ALRM,ALSN,ALTG,ALVO,ALX,AM,AMAL,AMBP,AMCI,AMCR,AMCX,AME,AMG,AMH,AMLX,AMN,AMP,AMPH","AA,AAMI,AAON,AAPG,ABAT,ABCL,ABEO,ABR,ABSI,ACA,ACB,ACDC,ACHR,ACHV,ACLS,ACMR,ACNB,ACRS,ADEA,ADI,ADNT,ADPT,ADTN,ADUR,AEBI,AEC,AEHR,AEIS,AEM,AESI,AEYE,AFJK,AG,AGBK,AGEN,AGI,AGMB,AGX,AI,AIOT,AIP,AIR,AIRG,AIRO,AIRS,AKAM,AKO-B,ALAB,ALB,ALGM,ALM,ALMR,ALMS,ALTO,ALV,AMAT,AMBA,AMD,AMKR,AMPG,QQQ"
2026-05-13 13:45:00+00:00,L0981,L0980,confirmation,confirmation,0.6674037377387756,0.6807306517284785,0,,3,ACEL-AMCX;AHCO-AMCX;ALRM-AMCR,0.0037149222334846854,1.4751044206937214,0.017061611374407582,0.7757756637197678,"AAPL,ABUS,ACAD,ACDC,ACNB,ACOG,ACR,ADI,ADMA,ADT,AEG,AERO,AFBI,AFRI,ALLE,ALRS,ALV,AMAL,AMBP,AMCR,AMCX,AMPH","AAP,AAT,ABM,ABNB,ACEL,ACIW,ACN,ACU,ACVA,ADAM,ADBE,ADP,ADSK,ADUS,AEO,AEP,AER,AES,AEXA,AEYE,AFRM,AGCO,AGNC,AGO,AGRO,AGYS,AHCO,AII,AIN,AIT,AJG,AKO-B,AKR,ALAR,ALC,ALGN,ALH,ALKT,ALLT,ALLY,ALRM,AMG,AMP"
2026-05-13 14:00:00+00:00,L0963,L0982,expansion,maturity,0.6899675748867562,1.1828586305573445,5,ACHV;AGCC;AIRG;AIRS;ALM,22,AAOI-ABSI;ABSI-ACRS;ABSI-AGL;ABSI-AIRS;ABX-AFBI;ACB-AEC;ACB-AEVA;ACB-AGMB;ACB-AIRS;ACB-ALMS;ACHV-AFCG;ACMR-AMBA;ACU-ALRS;AENT-AIRO;AG-AIRS;AGI-AIRS;AGL-AIP;AGL-ALRM;AIP-AIRS;AIRJ-ALM;ALM-ALTO;AMBQ-AMD,0.013495463877916336,3.536588812985578,0.016901408450704227,1.4485302761472303,"AA,AAOI,AAPG,AAPL,ABAT,ABCL,ABEO,ABR,ABUS,ACAD,ACDC,ACHR,ACHV,ACLS,ACR,ACRS,ADAG,ADEA,ADI,ADMA,ADT,ADTN,AEC,AEG,AEHR,AEIS,AENT,AERO,AEVA,AFBI,AFJK,AGCC,AGEN,AGIO,AGL,AGMB,AHR,AIRG,AIRS,AKAM,ALAB,ALCO,ALGM,ALKS,ALLE,ALM,ALMS,ALMU,ALNT,ALRS,ALX,AMAL,AMAT,AMBA,AMBP,AMD,AMKR,AMPH,QQQ","AAL,AAON,AAUC,ABSI,ABVX,ABX,ACA,ACB,ACET,ACM,ACMR,ACU,ADPT,ADUR,AEBI,AEM,AEYE,AFCG,AFRM,AG,AGI,AGPU,AGX,AI,AIOT,AIP,AIR,AIRJ,AIRO,ALB,ALHC,ALK,ALMR,ALOY,ALRM,ALTO,ALVO,AMBQ,AMCI,AMG,AMLX,AMPG"
2026-05-13 14:30:00+00:00,L0983,L0982,maturity,maturity,0.6322489148825767,0.1916492686244931,0,,5,AAUC-ACRE;ABEV-AIRO;ACM-ALMR;ACTG-AIRS;ACTG-ALK,0.008138942532241344,1.9189638000728784,0.01702127659574468,0.7294635965597023,"A,ABBV,ABEV,ABX,ACCO,ACGL,ACI,ACIC,ACNB,ACNT,ACRE,ACT,ACTG,AD,ADSE,AFBI,AFG,AFL,AFYA,AGCC,AGL,AGNT,AIG,AIZ,AKTS,ALG,ALL,ALMR,ALNY,ALOT,ALRS,ALSN,ALTG,AM,AMAL,AME,AMGN,AMH","AAL,AAON,AAUC,ABVX,ACA,ACB,ACET,ACM,ACU,ADPT,ADUR,AEBI,AEM,AENT,AEXA,AEYE,AFCG,AFRM,AG,AGBK,AGI,AGPU,AGRO,AGX,AI,AIOT,AIP,AIRJ,AIRO,AIRS,ALB,ALHC,ALK,ALKT,ALOY,ALTO,ALVO,AMBQ,AMCI,AMG,AMPG"
2026-05-13 15:00:00+00:00,L0983,L0980,expansion,maturity,0.7675398041899842,1.0377078721686253,0,,17,A-ACVA;AAPG-ALC;ABBV-ADC;ABCB-AGCO;ABCB-AIT;ABEV-ADBE;ACCO-AGYS;ACT-AIT;ACT-AMP;ADM-ALC;ADNT-AMP;AES-AFBI;AES-AIG;AFG-AGCO;AFL-AGCO;ALC-ALOT;ALG-AMP,0.0037419263971969485,2.9109471061591607,0.015566037735849057,1.2716459851077504,"A,AAPG,ABBV,ABCB,ABEV,ABG,ABX,ACCO,ACGL,ACHC,ACI,ACIC,ACNB,ACNT,ACOG,ACRE,ACT,ACTG,AD,ADM,ADNT,ADSE,AFBI,AFG,AFL,AFRI,AFYA,AGCC,AGL,AGNT,AHCO,AIG,AIZ,AKTS,ALG,ALL,ALMR,ALNY,ALOT,ALRS,ALSN,ALTG,ALV,AM,AMAL,AMCR,AMCX,AME,AMGN,AMH,AMLX,AMN","AAP,AAT,ABM,ABNB,ABT,ACEL,ACIW,ACN,ACVA,ADAM,ADBE,ADC,ADP,ADSK,ADUS,AEE,AEO,AEP,AER,AES,AGCO,AGM,AGNC,AGO,AGRO,AGYS,AHRT,AII,AIN,AIT,AIV,AJG,AKO-B,AKR,ALAR,ALC,ALGN,ALGT,ALH,ALKT,ALLT,ALLY,ALRM,AMP"
2026-05-13 15:15:00+00:00,L0980,L0982,maturity,maturity,0.6774918828612294,0.03538729141798641,1,ALKT,31,AAL-ABNB;AAL-ACVA;AAMI-AIV;AAON-ALKT;AAT-AG;AAT-AGI;ABM-ACA;ABM-AEYE;ABVX-ALAR;ACA-AIN;ACIW-AIR;ACIW-ALK;ADAM-ADUS;ADAM-AER;ADAM-AIT;ADBE-AMPG;ADP-AI;ADP-ALK;ADSK-AIR;ADUR-AIN;ADUR-ALGT;AEXA-ALKT;AEXA-AMP;AFCG-ALAR;AGCO-AGI;AGCO-AMG;AII-ALH;AIR-AKR;AIR-ALGT;AKR-ALK;AMG-AMP,0.000882082138559781,3.5289515243066254,0.01702127659574468,1.0986548248497827,"AAP,AAT,ABM,ABNB,ABT,ACEL,ACIW,ACN,ACVA,ADBE,ADC,ADP,ADSK,ADUS,AEE,AEO,AEP,AER,AES,AGCO,AGM,AGNC,AGO,AGRO,AGYS,AHRT,AII,AIN,AIT,AIV,AJG,AKR,ALAR,ALGN,ALGT,ALKT,ALLT,ALLY,ALRM,AMP","AAL,AAMI,AAON,ABCL,ABVX,ACA,ACB,ACET,ACM,ACMR,ACNT,ADAM,ADPT,ADUR,AEBI,AEM,AEXA,AEYE,AFCG,AFRM,AG,AGBK,AGI,AGX,AI,AIOT,AIP,AIR,AIRJ,AIRO,ALB,ALH,ALK,ALM,ALOY,ALTO,ALVO,AMBQ,AMCI,AMG,AMPG"
2026-05-13 15:15:00+00:00,L0963,L0982,decay,maturity,0.6913501588934068,0.03538729141798641,0,,6,ABCL-ABEO;ABCL-AHR;ABCL-ALKS;ACNB-ADAM;ACNT-ALRS;AFCG-ALKS,-0.00040019142033997923,1.9459101490553132,0.01702127659574468,0.707051963846608,"AAPL,ABBV,ABEO,ABUS,ACAD,ACDC,ACNB,ACOG,ACR,ADEA,ADI,ADMA,ADT,AEC,AEG,AFBI,AFRI,AGEN,AGIO,AHR,AKAM,ALGM,ALKS,ALLE,ALNT,ALNY,ALRS,AMBP,AMGN,AMPH","AAL,AAMI,AAON,ABCL,ABVX,ACA,ACB,ACET,ACM,ACMR,ACNT,ADAM,ADPT,ADUR,AEBI,AEM,AEXA,AEYE,AFCG,AFRM,AG,AGBK,AGI,AGX,AI,AIOT,AIP,AIR,AIRJ,AIRO,ALB,ALH,ALK,ALM,ALOY,ALTO,ALVO,AMBQ,AMCI,AMG,AMPG"
2026-05-13 15:30:00+00:00,L0986,L0980,confirmation,maturity,0.19151059071968746,0.4290665065432574,1,AKO-B,20,AA-AGNC;ABM-AKO-B;ABT-AENT;ACAD-AGM;ACN-AKO-B;ADBE-AKO-B;ADC-AHR;ADSK-AKO-B;AEE-AKO-B;AENT-AEO;AENT-AKR;AENT-ALAR;AENT-ALLT;AFRI-AIN;AGMB-ALGT;AGYS-AKO-B;AHRT-ALCO;AIT-AKO-B;AKO-B-ALGN;AKO-B-ALLY,-0.0005349212806322612,3.1354942159291497,0.01276595744680851,0.9719615767781922,"AA,AAOI,AAPL,AARD,ABAT,ABCL,ABEO,ABR,ABSI,ABUS,ACAD,ACDC,ACHR,ACHV,ACLS,ACMR,ACR,ACRS,ADAG,ADEA,ADI,ADMA,ADT,ADTN,AEC,AEG,AEHR,AEIS,AENT,AERO,AESI,AEVA,AFBI,AFJK,AFRI,AGEN,AGIO,AGMB,AHR,AIRG,AKAM,AKO-B,AKTS,ALAB,ALCO,ALGM,ALKS,ALLE,ALMS,ALMU,ALNT,ALRS,ALX,AMAT,AMBA,AMD,AMKR,AMPH,QQQ","AAP,AAT,ABM,ABNB,ABT,ACEL,ACIW,ACN,ACVA,ADBE,ADC,ADP,ADSK,ADUS,AEE,AEO,AEP,AER,AES,AGCO,AGM,AGNC,AGO,AGRO,AGYS,AHCO,AHRT,AII,AIN,AIR,AIT,AIV,AJG,AKR,ALAR,ALGN,ALGT,ALK,ALLT,ALLY,AMP"
2026-05-13 16:30:00+00:00,L0986,L0988,maturity,expansion,0.9076345528520455,0.10123349337303547,27,AAPL;ABBV;ABEO;ABUS;ACAD;ACDC;ACR;ACTG;ADEA;ADI;ADMA;ADT;AEC;AEG;AERO;AFBI;AGIO;AHR;AKAM;ALGM;ALLE;ALNT;ALNY;ALRS;AMBP;AMGN;AMPH,9,ACAD-AIRG;ADAG-ALRS;ADEA-AFJK;AEC-AFJK;AGIO-AMKR;AGIO-QQQ;AHR-AIRG;AKAM-ALKS;ALRS-QQQ,0.002298184670507908,4.162467564970375,0.02727272727272727,1.3473682142010273,"AAPL,ABBV,ABEO,ABUS,ACAD,ACDC,ACR,ACTG,ADEA,ADI,ADMA,ADT,AEC,AEG,AERO,AFBI,AGIO,AHR,AKAM,ALGM,ALLE,ALNT,ALNY,ALRS,AMBP,AMGN,AMPH","AA,AAOI,ABAT,ACHR,ACLS,ACMR,ACRS,ADAG,ADNT,ADTN,AEHR,AEIS,AENT,AESI,AEVA,AFJK,AFRI,AGEN,AGMB,AIRG,AIRJ,AKTS,ALAB,ALB,ALKS,ALM,ALMU,ALTO,ALX,AMAT,AMBA,AMBQ,AMD,AMKR,QQQ"
2026-05-13 16:45:00+00:00,L0982,L0988,expansion,expansion,0.03382949878249292,0.36561392661324854,0,,14,ABAT-ACHR;ABCL-ACLS;ACMR-AGX;AEM-AMAT;AEM-AMD;AFCG-AIRG;AFJK-AGI;AGMB-AGPU;AGMB-AMPG;AGX-AIRJ;AHR-AMCI;AIOT-AIRJ;AIRJ-AMG;ALH-AMAT,0.003599406103603542,2.731762861199053,0.0320855614973262,0.8075865771430847,"AAL,AAON,AAUC,ABCL,ABNB,ACA,ACB,ACET,ACHR,ACHV,ACU,ADUR,ADV,AEBI,AEM,AEXA,AEYE,AFCG,AG,AGBK,AGI,AGPU,AGX,AHCO,AIN,AIOT,AIRO,AJG,ALGT,ALH,ALHC,ALK,ALM,ALMS,ALOY,ALVO,AMBQ,AMCI,AMG,AMP,AMPG","AA,AAOI,AAPL,AARD,ABAT,ABBV,ABEO,ABUS,ACAD,ACDC,ACLS,ACMR,ACR,ACRS,ACTG,ADAG,ADEA,ADI,ADMA,ADNT,ADT,ADTN,AEC,AEG,AEHR,AEIS,AERO,AESI,AEVA,AFBI,AFJK,AFRI,AGEN,AGIO,AGM,AGMB,AHR,AIRG,AIRJ,AKAM,AKTS,ALAB,ALB,ALGM,ALKS,ALLE,ALMU,ALNT,ALNY,ALRS,ALTO,ALV,ALX,AMAT,AMBA,AMBP,AMD,AMGN,AMKR,AMPH,QQQ"
2026-05-13 17:00:00+00:00,L0980,L0988,maturity,maturity,0.6684679146297535,0.3084501958954279,0,,5,AA-AGRO;ACRS-AMN;ADC-AIRG;AEE-AHR;AGM-AKO-B,0.001544276427011937,1.8171717646872068,0.032432432432432434,0.7522332391942209,"AAP,AAT,ABM,ABT,ACEL,ACIW,ACN,ACVA,ADBE,ADC,ADP,ADPT,ADSK,ADUS,AEE,AENT,AEO,AEP,AES,AGNC,AGO,AGRO,AGYS,AII,AIT,AIV,AKO-B,ALAR,ALG,ALGN,ALKT,ALLT,ALLY,ALTG,AMN","AA,AAOI,AAPL,ABAT,ABBV,ABEO,ABR,ABUS,ACAD,ACDC,ACLS,ACMR,ACR,ACRS,ACTG,ADAG,ADEA,ADI,ADMA,ADNT,ADT,ADTN,AEC,AEG,AEHR,AEIS,AERO,AESI,AEVA,AFBI,AFRI,AGEN,AGIO,AGM,AGMB,AHR,AIRG,AKAM,AKTS,ALAB,ALGM,ALKS,ALLE,ALMU,ALNT,ALNY,ALRS,ALV,ALX,AMAT,AMBA,AMBP,AMD,AMGN,AMKR,AMPH,QQQ"
2026-05-13 17:15:00+00:00,L0980,L0988,maturity,maturity,0.5069717162191676,0.29268697160908597,0,,9,AA-AAT;AAP-ABBV;AAP-AHR;AAP-AMGN;ADUS-AEIS;AGM-AIR;AGNC-ALH;AGO-ALNT;AHR-AHRT,0.0020196748373564333,2.322580592251551,0.0320855614973262,0.8253555886359626,"AAP,AAT,ABM,ABT,ACIW,ACN,ACVA,ADBE,ADC,ADP,ADSK,ADUS,AEE,AENT,AEO,AEP,AER,AES,AFRM,AGCO,AGNC,AGO,AGRO,AGYS,AHRT,AII,AIR,AIT,AIV,AKR,ALAR,ALGN,ALKT,ALLT,ALLY,ALTO","AA,AAOI,AAPL,ABAT,ABBV,ABEO,ABR,ABUS,ACAD,ACDC,ACIC,ACLS,ACMR,ACR,ACRS,ACTG,ADAG,ADEA,ADI,ADMA,ADNT,ADT,ADTN,AEC,AEG,AEHR,AEIS,AERO,AESI,AEVA,AFBI,AFRI,AGEN,AGIO,AGM,AGMB,AHR,AIRG,AKAM,ALAB,ALB,ALGM,ALH,ALKS,ALLE,ALMU,ALNT,ALNY,ALRS,ALV,ALX,AMAT,AMBA,AMBP,AMCR,AMCX,AMD,AMGN,AMKR,AMPH,QQQ"
2026-05-13 17:30:00+00:00,L0982,L0980,maturity,maturity,0.7055363586058924,0.7195033457533137,1,ADPT,14,AAT-ADPT;AAT-AI;ABM-AIOT;ABNB-AGCO;ACEL-ALK;ACM-AGCO;ADPT-ALGN;AENT-ALM;AENT-ALOY;AEP-AMP;AEYE-ALKT;AGM-AII;AII-AJG;ALK-ALLY,0.0013513856392819434,2.8411312418960466,0.01291866028708134,1.1397325208248357,"AAL,AAON,ABNB,ABVX,ACB,ACET,ACM,ADPT,ADUR,AEM,AEXA,AEYE,AFCG,AG,AGBK,AGI,AGM,AGX,AI,AIN,AIOT,AIRG,AIRJ,AIRO,AJG,ALGT,ALH,ALK,ALM,ALOY,ALTO,ALVO,AMBQ,AMP,AMPG","AAP,AAT,ABM,ABT,ACEL,ACIW,ACN,ACVA,ADBE,ADC,ADP,ADSK,ADUS,AEE,AENT,AEO,AEP,AES,AFRM,AGCO,AGNC,AGO,AGRO,AGYS,AHRT,AII,AIR,AIT,AIV,AKO-B,ALAR,ALGN,ALKT,ALLT,ALLY,ALTG"
2026-05-13 18:00:00+00:00,L0983,L0982,expansion,expansion,1.2919833974170634,0.3740082128241308,1,AMP,17,A-AIP;AAL-AMP;AAMI-ALH;AAON-ABG;AAON-AIT;ABEV-AEYE;ABSI-AIP;ACCO-ALH;ACM-AGCO;ACM-ALRM;ACMR-AMP;AER-AEYE;AER-ALH;AGCO-AIP;AGM-ALC;AIP-AIRS;AIP-AM,0.004976853262633085,3.0203119688554603,0.01804511278195489,1.2575822422035168,"A,AAMI,AAPG,ABCB,ABEV,ABG,ABSI,ABX,ACCO,ACGL,ACHC,ACI,ACNB,ACNT,ACOG,ACRE,ACT,ADAM,ADM,ADSE,AEE,AENT,AER,AES,AFG,AFJK,AFL,AFYA,AGCC,AGCO,AGL,AGNC,AGNT,AGO,AGRO,AHRT,AIG,AIRS,AIT,AIZ,ALC,ALCO,ALG,ALL,ALMR,ALOT,ALRM,ALSN,ALTG,AM,AMAL,AMCR,AMCX,AME,AMH,AMLX,AMN,AMP","AAL,AAON,ABNB,ABVX,ACB,ACET,ACM,ACMR,ADUR,AEM,AEXA,AEYE,AFCG,AG,AGBK,AGI,AGM,AGX,AI,AIN,AIP,AIRG,AIRJ,AIRO,AJG,ALGT,ALH,ALM,ALOY,ALTO,ALVO,AMBQ,AMPG"
2026-05-13 18:15:00+00:00,L0992,L0980,confirmation,expansion,0.24981502746102363,0.6981156397973972,1,AMN,8,AARD-ALLT;AAUC-ACN;ABBV-ABT;ABM-AHCO;ACHV-AKTS;ACHV-ALMS;ACIW-AKTS;AFRM-AMCI,0.0005255616270005703,2.4026617281529923,0.014492753623188404,0.8872185452592526,"AAPG,AARD,AAUC,ABBV,ABCL,ACAD,ACIC,ACNT,ACRE,ACTG,AFJK,AGL,AGPU,AHCO,AHR,AIZ,AKTS,ALG,ALK,ALMS,ALNY,ALRS,AMAL,AMCI,AMGN,AMN","AAP,AAT,ABM,ABT,ACHV,ACIW,ACM,ACN,ACVA,ADBE,ADC,ADP,ADPT,ADSK,ADUS,AEO,AEP,AEXA,AFRM,AGNC,AGYS,AII,AIR,AIRO,AIV,AKO-B,AKR,ALAR,ALGN,ALKT,ALLT,ALLY,ALTG"
2026-05-13 18:30:00+00:00,L0982,L0983,expansion,maturity,0.776677900170504,0.498623486977165,6,ABG;ABR;ABVX;AEIS;AER;AMP,17,AAON-AGRO;ABCB-ALTO;ABR-ALC;ACMR-AGNT;ACMR-AIP;ACNB-ALK;ACRE-AIOT;AEIS-AFYA;AEIS-ALCO;AENT-ALTO;AER-ALMR;AFJK-ALB;AHRT-AIRJ;AIRJ-ALCO;ALG-ALOY;ALL-AMP;ALOT-ALTO,0.0013332385860849172,3.4056316643032623,0.012578616352201259,1.2358851246729465,"AAL,AAON,AARD,ABCL,ABG,ABR,ABVX,ACA,ACB,ACET,ACHV,ACMR,ACU,ADUR,ADV,AEBI,AEIS,AEM,AER,AEXA,AEYE,AFCG,AG,AGBK,AGI,AGM,AGPU,AGX,AHCO,AI,AIN,AIOT,AIRJ,AIRO,AKTS,ALB,ALH,ALK,ALMS,ALOY,ALTO,ALVO,AMBQ,AMCI,AMG,AMP,AMPG","A,AAMI,AAPG,AAUC,ABCB,ABEV,ABSI,ABX,ACCO,ACGL,ACHC,ACI,ACNB,ACNT,ACOG,ACRE,ACT,ADAM,ADM,ADSE,AENT,AFG,AFJK,AFL,AFYA,AGCC,AGL,AGNT,AGRO,AHRT,AIG,AIP,AIRS,AIZ,ALC,ALCO,ALG,ALGT,ALL,ALMR,ALOT,ALRM,AM,AMAL,AMCR,AMCX,AME,AMH,AMLX"
2026-05-13 19:00:00+00:00,L0982,L0994,expansion,confirmation,0.9633048038548504,0.9915672862279153,0,,6,ACB-ALM;ACHR-AIOT;ADUR-ALM;ADV-AMAT;AEHR-ALH;AEVA-AGBK,0.0014011114253662527,1.9657283424119414,0.02267441860465116,1.0812948754185125,"AAL,AAON,AARD,AAT,ABCL,ABNB,ACA,ACB,ACET,ACU,ADUR,ADV,AEBI,AEM,AEYE,AFCG,AFRM,AG,AGBK,AGPU,AGX,AHCO,AI,AIN,AIOT,AIRJ,AJG,AKR,ALGT,ALH,ALHC,ALK,ALMS,ALOY,ALRS,ALVO,AMBQ,AMCI,AMN","AA,AAOI,ABAT,ACHR,ACLS,ACMR,ADNT,AEHR,AERO,AESI,AEVA,AFRI,AGMB,ALAB,ALB,ALKS,ALM,ALMU,ALV,AMAT,AMBA,AMD,AMKR,QQQ"
2026-05-13 19:30:00+00:00,L0983,L0980,decay,expansion,1.4167033025412767,0.8139872516396057,1,AAUC,29,A-AGCO;AAMI-AEXA;AAMI-AMPG;AAP-AHRT;AAPG-ADPT;AAPG-AIV;AAPG-AKO-B;AARD-AENT;AAUC-ACIW;ABCB-ALSN;ABVX-ADM;ACHV-ALOT;ACIW-AENT;ACT-AGCO;ADAM-AIT;ADAM-ALSN;ADSE-AGO;ADUS-AEIS;AEIS-AGNC;AER-AIR;AES-AM;AFYA-ALC;AGCO-AME;AGYS-ALTG;AHRT-AII;AHRT-ALSN;ALC-AMLX;ALG-ALLY;ALGN-ALMR,0.003914656466804445,3.477894982134186,0.01276595744680851,1.5405958054048325,"A,AAMI,AAPG,AAUC,ABCB,ABEV,ABSI,ACCO,ACGL,ACHC,ACI,ACNT,ACOG,ACT,ADAM,ADM,ADSE,ADTN,AEIS,AENT,AER,AFG,AFJK,AFL,AFYA,AGCC,AGL,AGNT,AHRT,AIG,AIZ,ALCO,ALG,ALL,ALMR,ALOT,ALTG,AM,AMAL,AMCR,AMCX,AME,AMH,AMLX","AAP,AARD,ABT,ABVX,ACHV,ACIW,ACN,ACVA,ADBE,ADP,ADPT,ADSK,ADUS,AEE,AEO,AEP,AES,AEXA,AGCO,AGI,AGM,AGNC,AGO,AGRO,AGYS,AII,AIR,AIRG,AIRO,AIT,AIV,AKO-B,ALAR,ALC,ALGN,ALKT,ALLT,ALLY,ALSN,ALTO,AMPG"
2026-05-13 19:45:00+00:00,L0994,L0997,maturity,confirmation,1.066005632722837,0.4546413225040463,0,,40,AAL-AEG;AAPL-ALHC;AAPL-ALMS;AAPL-AMCI;ABAT-ABCL;ABCL-ACHR;ABCL-ALMU;ABEO-AFBI;ABEO-ALMU;ABUS-ALMS;ABX-ALMU;ACCO-AEG;ACDC-ACNB;ACDC-ALGT;ACDC-ALRS;ACEL-AEC;ACLS-AHCO;ACNB-ADMA;ADI-AFRI;ADI-ALMS;ADMA-ALGT;ADMA-ALX;ADT-ALRS;AEG-ALHC;AEG-ALK;AEHR-AFRI;AFBI-ALMS;AFRI-ALGM;AGCC-AMBP;AGIO-AHCO;AGIO-ALMS;AGPU-ALMU;AKAM-ALMS;AKAM-AMN;ALGM-AMN;ALGT-AMAT;ALGT-QQQ;ALKS-ALMS;ALMS-ALMU;ALRS-QQQ,0.003911518841050565,3.7230671353831797,0.008484848484848486,1.3882335976865872,"AA,AAOI,AAPL,ABAT,ABUS,ACDC,ACHR,ACLS,ACMR,ACR,ACRS,ADEA,ADI,ADMA,ADT,AEC,AEG,AEHR,AERO,AESI,AEVA,AFBI,AGEN,AGIO,AKAM,ALAB,ALGM,ALKS,ALLE,ALMU,AMAT,AMBA,AMBP,AMD,AMKR,AMPH,QQQ","AAL,ABCL,ABEO,ABX,ACCO,ACEL,ACNB,ADV,AFRI,AGCC,AGMB,AGPU,AHCO,AKTS,ALCO,ALG,ALGT,ALHC,ALK,ALMS,ALRM,ALRS,ALX,AMCI,AMN"
2026-05-13 19:45:00+00:00,L0980,L0997,maturity,confirmation,0.4865547007349479,0.4546413225040463,0,,39,AAL-AEO;AAUC-ALHC;ABCL-AIRO;ABCL-AIV;ABEO-AIRO;ABVX-ALMS;ABX-ACIW;ABX-ADBE;ABX-ADSK;ABX-AGYS;ABX-ALGN;ACCO-AII;ACCO-ALTO;ACHV-AGPU;ACIW-AGPU;ACN-ALGT;ACN-ALRM;ACNB-ALLY;ACNB-ALTO;ACVA-ALGT;ADBE-AGPU;ADPT-ALG;ADSK-ALHC;AEO-ALRS;AEP-AHCO;AGM-ALX;AGPU-AIRO;AGPU-AKO-B;AGPU-ALKT;AII-ALCO;AII-ALGT;AIR-ALGT;AIRO-AKTS;AIRO-ALMS;ALG-AMG;ALGT-ALLY;ALKT-ALMS;ALRM-AMG;ALTO-ALX,0.0016778739518485963,3.6930653658281574,0.008484848484848486,1.206897875701465,"AAP,AAT,AAUC,ABM,ABVX,ACHV,ACIW,ACM,ACN,ACVA,ADBE,ADC,ADP,ADPT,ADSK,ADUS,AEO,AEP,AEXA,AGI,AGM,AGYS,AII,AIR,AIRG,AIRO,AIV,AKO-B,AKR,ALAR,ALC,ALGN,ALKT,ALLT,ALLY,ALTO,AMG,AMPG","AAL,ABCL,ABEO,ABX,ACCO,ACEL,ACNB,ADV,AFRI,AGCC,AGMB,AGPU,AHCO,AKTS,ALCO,ALG,ALGT,ALHC,ALK,ALMS,ALRM,ALRS,ALX,AMCI,AMN"
2026-05-14 14:15:00+00:00,L1005,L1000,expansion,maturity,1.029136533516,0.3686410402865311,25,AAON;AAUC;ABR;ABX;ACAD;ACET;ACOG;ADAG;ADM;ADP;ADPT;ADUS;ADV;AFBI;AGCC;AGIO;AGL;AGRO;AIRG;AIV;ALGN;ALKT;ALNY;AMCR;AMGN,30,AARD-ADUS;AAUC-ADSK;ABCL-AIV;ABVX-AGRO;ACAD-AIRJ;ACAD-ALM;ACHC-ACMR;ACHR-ADAG;ACHR-ADUS;ACHV-AGL;ACOG-AIOT;ADAG-ALB;ADM-AGPU;ADUS-ALGM;ADV-AGI;ADV-AKO-B;AERO-AGCC;AERO-AGL;AERO-AIV;AEYE-AMCR;AFBI-ALAB;AG-AMGN;AGIO-ALM;AGMB-AGYS;AGPU-ALKT;AGYS-ALC;AGYS-ALKT;AIRG-ALHC;AIV-ALVO;ALVO-AMCR,0.004200047522317618,4.399621001441716,0.02096774193548387,1.5223836837915108,"A,AAON,AAP,AAUC,ABBV,ABR,ABSI,ABX,ACAD,ACET,ACHC,ACOG,ACT,ADAG,ADM,ADP,ADPT,ADUS,ADV,AEBI,AEXA,AFBI,AFJK,AGCC,AGCO,AGIO,AGL,AGMB,AGNT,AGRO,AHCO,AIRG,AIV,ALAR,ALC,ALGN,ALKT,ALNY,ALV,AMCR,AMGN","AA,AAOI,AAPL,AARD,ABAT,ABCL,ABEO,ABUS,ABVX,ACB,ACHR,ACHV,ACIW,ACMR,ACR,ACRS,ADBE,ADEA,ADI,ADSK,ADTN,ADUR,AEHR,AEM,AERO,AEYE,AFRM,AG,AGI,AGPU,AGYS,AIOT,AIRJ,AIRO,AKAM,AKO-B,ALAB,ALB,ALGM,ALHC,ALKS,ALM,ALMS,ALMU,ALOY,ALVO,AMBA,AMBQ,AMLX,AMN,AMPG,AMPH"
2026-05-14 14:30:00+00:00,L1000,L1008,expansion,confirmation,0.749245383573764,0.45035321922738286,1,AGCC,24,ABAT-ALCO;ABNB-ADPT;ABNB-ALHC;ABUS-ALCO;ABVX-AHCO;ACET-AFYA;ACHC-ALKT;ACLS-ADI;ACM-ADV;ACM-AG;ACOG-ALAR;ACRS-ADT;ADEA-ALMU;ADM-AEP;ADT-ALGM;ADV-AIRS;AEBI-AEYE;AEXA-ALNY;AGBK-AMD;AGCC-AKTS;AGCC-ALAR;AGIO-AKTS;AGMB-AMBA;ALCO-AMBQ,0.0023782048374414444,3.304606466470232,0.011162790697674419,1.1877056160625532,"AA,AAOI,AAON,AAPL,AARD,AAUC,ABAT,ABCL,ABEO,ABR,ABUS,ABVX,ABX,ACAD,ACB,ACET,ACHR,ACHV,ACIW,ACMR,ACOG,ACR,ACRS,ADAG,ADBE,ADI,ADM,ADP,ADPT,ADSK,ADTN,ADUR,ADUS,ADV,AEHR,AEM,AERO,AEYE,AFBI,AFRM,AG,AGCC,AGI,AGIO,AGL,AGPU,AGRO,AGYS,AIOT,AIRG,AIRJ,AIRO,AIV,AKAM,AKO-B,ALAB,ALB,ALGM,ALGN,ALHC,ALKS,ALKT,ALM,ALMS,ALMU,ALNY,ALOY,ALVO,AMBA,AMBQ,AMCR,AMD,AMGN,AMLX,AMN,AMPG,AMPH","AAL,AAMI,AAP,ABBV,ABM,ABNB,ABSI,ACCO,ACEL,ACHC,ACIC,ACLS,ACM,ADEA,ADT,AEBI,AEO,AEP,AER,AEXA,AFJK,AFYA,AGBK,AGCO,AGMB,AGNT,AHCO,AHR,AIRS,AKTS,ALAR,ALC,ALCO,ALG,ALH,ALK,ALL,ALNT,ALSN,AMBP,AME"
2026-05-14 15:00:00+00:00,L1009,L1006,confirmation,maturity,0.9985807060576013,0.5173660885870155,0,,2,ABNB-ALC;ABNB-ALGN,0.004461077856831253,1.237245416108487,0.008595988538681949,0.765384790701309,"AAON,AAUC,ABBV,ABR,ABSI,ABX,ACAD,ACET,ACHC,ACM,ACOG,ACT,ADAG,ADP,ADPT,ADUS,ADV,AEXA,AFBI,AFJK,AGIO,AGMB,AGRO,AHCO,ALAR,ALC,ALGN,ALNY,AMCR,AMGN","AAPG,ABNB,ACB,ACHV,ACR,AEHR,AEVA,AFRI,AFRM,AGEN,AGX,AGYS,AI,AIP,AIRG,AIRS,ALX,AMCI,AMKR,AMPG,QQQ"
2026-05-14 15:30:00+00:00,L1003,L1009,decay,maturity,0.5296225439159709,0.3770480950879441,0,,1,ADAM-ALAR,0.0005650829707519733,0.7210095432414464,0.014388489208633094,0.45441185089283104,"AAMI,ABCB,ABEV,ABG,ACA,ACDC,ACN,ACNB,ACRE,ACTG,ACU,ACVA,AD,ADAM,ADNT,AEC,AEIS,AENT,AESI,AFCG,AGM,AGNC,AGO,AGX,AHRT,AII,AIN,AIR,AIT,AIZ,AJG,ALGT,ALLE,ALMR,ALOT,ALRM,ALRS,ALTG,AMAT,AMG,AMP","AAON,AAUC,ABR,ABSI,ABX,ACAD,ACET,ACHC,ADAG,ADP,ADPT,ADUS,AEXA,AFBI,AFJK,AFYA,AGCO,AGIO,AGMB,AGNT,AGRO,AHCO,AKTS,ALAR,ALC,ALGN,ALNY,AMCR,AMGN"
2026-05-14 16:00:00+00:00,L1003,L1000,expansion,maturity,1.211751263501372,0.5371006206748131,1,ACOG,8,ABUS-AGMB;ACM-ADV;ACOG-ADI;ACTG-AIRJ;ADEA-ALG;AIRG-ALGM;ALCO-AMN;ALHC-ALL,0.0060789896378992125,2.4516858115286655,0.01978021978021978,1.1405440511020548,"A,AAL,AAMI,AAP,AAPG,AAT,ABBV,ABCB,ABEV,ABG,ABM,ABT,ACA,ACCO,ACDC,ACEL,ACGL,ACI,ACIC,ACLS,ACM,ACN,ACNB,ACNT,ACOG,ACRE,ACT,ACTG,ACU,ACVA,AD,ADAM,ADC,ADMA,ADNT,ADT,AEC,AEE,AEG,AEIS,AENT,AEO,AEP,AER,AES,AESI,AFCG,AFG,AFL,AFYA,AGBK,AGCO,AGM,AGMB,AGNC,AGNT,AGO,AGX,AHR,AHRT,AIG,AII,AIN,AIR,AIRG,AIRS,AIT,AIZ,AJG,AKR,AKTS,ALCO,ALG,ALGT,ALH,ALK,ALL,ALLE,ALLY,ALMR,ALNT,ALOT,ALRM,ALRS,ALSN,ALTG,ALTO,ALV,AM,AMAL,AMAT,AMBP,AMCX,AMD,AME,AMG,AMH,AMKR,AMP,QQQ","AA,AAOI,AAPL,AARD,ABAT,ABEO,ABUS,ABVX,ACHR,ACIW,ACMR,ACRS,ADEA,ADI,ADM,ADTN,ADUR,ADV,AEHR,AEM,AG,AGI,AGPU,AIOT,AIRJ,AIRO,AKAM,AKO-B,ALAB,ALB,ALGM,ALHC,ALKS,ALKT,ALM,ALMS,ALMU,ALOY,ALVO,AMBA,AMLX,AMN,AMPH"
2026-05-14 17:00:00+00:00,L1000,L1009,expansion,expansion,0.6547309026178537,0.6541284328902408,3,ADEA;AFJK;AFRI,41,AAON-ABX;AAON-ADAG;AAON-AEBI;AAPL-AIAI;AAPL-AKTS;AARD-ADUS;AAUC-ALMS;ABEO-ADAG;ABEO-AGRO;ABEO-ALGN;ABUS-ADUS;ABUS-AGMB;ABVX-ALGN;ACAD-AMN;ACET-ACHR;ACET-ALB;ACHR-AEBI;ACIW-AFRM;ACM-ALGN;ADAG-AEM;ADAG-ALKS;ADAG-AMBA;ADP-ALAB;ADPT-AERO;ADPT-AGCC;ADPT-ALGN;ADPT-AMCR;ADUS-ALKS;AEBI-AIV;AERO-AFRM;AERO-AIOT;AFBI-ALB;AFBI-ALMU;AFRI-ALGN;AGMB-AMPG;AGRO-ALVO;AIOT-ALKT;AKTS-ALMS;ALAB-ALKT;ALAB-AMN;ALKS-ALNY,0.003997878346126527,3.879495430130595,0.013953488372093023,1.3646246814408913,"AA,AAOI,AAON,AAPL,AARD,ABAT,ABCL,ABEO,ABUS,ABVX,ACAD,ACB,ACHR,ACHV,ACLS,ACM,ACMR,ACOG,ACR,ACRS,ADBE,ADEA,ADI,ADM,ADPT,ADSE,ADTN,ADV,AEHR,AEM,AFJK,AFRI,AFRM,AG,AGEN,AGI,AGIO,AGPU,AIOT,AIRJ,AIRO,AIV,AKAM,AKO-B,ALAB,ALB,ALGM,ALHC,ALKS,ALLT,ALM,ALMS,ALMU,ALOY,ALVO,AMBA,AMBQ,AMD,AMLX,AMPG,AMPH","A,AAUC,ABBV,ABR,ABSI,ABX,ACET,ACHC,ACI,ACIW,ACT,ADAG,ADP,ADSK,ADUR,ADUS,AEBI,AEG,AEP,AERO,AEXA,AEYE,AFBI,AGCC,AGCO,AGL,AGMB,AGRO,AGYS,AHCO,AIAI,AIG,AKTS,ALAR,ALC,ALCO,ALG,ALGN,ALKT,ALNY,ALTG,ALV,AMBP,AMCR,AMGN,AMN"
2026-05-14 17:15:00+00:00,L1009,L1000,decay,expansion,0.9823526485128066,0.5000296394278478,2,ADEA;AFRI,18,AA-ACHC;AAON-ADEA;AAUC-AGMB;ABR-ACR;ABR-AMCR;ABR-AMGN;ABSI-ALNY;ABVX-AFJK;ACHC-ALLT;ACHV-AFRI;ACI-AMGN;ACMR-ALAR;ADEA-AEHR;ADSK-ALC;ADUS-ALGN;AFRI-AGEN;AGCO-AGL;ALGN-AMGN,0.0005034361965954304,3.1376806769089614,0.021319796954314723,1.2323328251525838,"A,ABBV,ABNB,ABR,ABSI,ACHC,ACI,ACT,ADEA,AEG,AER,AEXA,AFJK,AFRI,AFYA,AGCC,AGCO,AGMB,AHCO,AIG,AKTS,ALAR,ALC,ALGN,ALV,AMBP","AA,AAOI,AAON,AAPL,AARD,AAUC,ABAT,ABCL,ABEO,ABUS,ABVX,ABX,ACAD,ACB,ACET,ACHR,ACHV,ACIW,ACMR,ACOG,ACR,ACRS,ADAG,ADBE,ADI,ADM,ADP,ADPT,ADSK,ADTN,ADUR,ADUS,ADV,AEBI,AEHR,AEM,AERO,AEYE,AFBI,AFRM,AG,AGEN,AGI,AGIO,AGL,AGPU,AGRO,AGYS,AIOT,AIRJ,AIRO,AIV,AKAM,AKO-B,ALAB,ALB,ALGM,ALHC,ALKS,ALKT,ALLT,ALM,ALMS,ALMU,ALNY,ALOY,ALVO,AMBA,AMBQ,AMCR,AMGN,AMLX,AMN,AMPG,AMPH"
2026-05-14 17:30:00+00:00,L1009,L1000,expansion,maturity,0.46983580197188135,0.574571413383577,0,,11,AAON-AEBI;AAUC-ABR;AAUC-AMCR;ABSI-ACR;ACAD-ALGN;ADAG-AGMB;ADM-AEXA;ADSK-AMGN;AGRO-AMGN;AGYS-ALGN;ALKS-ALNY,0.0027596367290243506,2.5076431775565027,0.02313624678663239,0.9437033960137581,"A,ABBV,ABNB,ABR,ABSI,ABX,ACHC,ACI,ACIC,ACT,ADP,AEBI,AEG,AEXA,AFJK,AGCC,AGCO,AGL,AGMB,AHCO,AIG,AKTS,ALAR,ALC,ALG,ALGN,ALNY,ALV,AMBP,AMCR,AMGN","AA,AAOI,AAON,AAPL,AARD,AAUC,ABAT,ABCL,ABEO,ABUS,ABVX,ACAD,ACB,ACET,ACHR,ACHV,ACIW,ACM,ACMR,ACOG,ACR,ACRS,ADAG,ADBE,ADEA,ADI,ADM,ADPT,ADSK,ADTN,ADUR,ADUS,ADV,AEHR,AEM,AERO,AEYE,AFBI,AFRI,AFRM,AG,AGEN,AGI,AGIO,AGPU,AGRO,AGYS,AIOT,AIRJ,AIRO,AIV,AKAM,AKO-B,ALAB,ALB,ALGM,ALHC,ALKS,ALKT,ALLT,ALM,ALMS,ALMU,ALOY,ALVO,AMBA,AMBQ,AMLX,AMN,AMPG,AMPH"
2026-05-14 18:00:00+00:00,L1017,L1000,confirmation,maturity,0.9567799920908626,0.7278975603800968,1,ACLS,7,ACLS-AMBA;ACMR-AMD;ACOG-AIRG;AEVA-AFRI;AFRI-AIP;AGEN-AMCI;AIRS-ALGM,0.008444502716884017,2.3836534534309988,0.02245989304812834,1.1046856130562568,"AAPG,ACLS,ADT,AEC,AEVA,AI,AIAI,AIN,AIP,AIRG,AIRS,AMAT,AMCI,AMD,AMKR,QQQ","AA,AAOI,AAON,AAPL,AARD,ABAT,ABCL,ABEO,ABUS,ABVX,ACAD,ACB,ACHR,ACHV,ACMR,ACOG,ACR,ACRS,ADBE,ADEA,ADI,ADM,ADPT,ADTN,ADV,AEHR,AEM,AFRI,AG,AGEN,AGI,AGIO,AGPU,AIOT,AIRJ,AIRO,AIV,AKAM,AKO-B,ALAB,ALB,ALGM,ALHC,ALKS,ALLT,ALM,ALMS,ALMU,ALOY,ALVO,AMBA,AMBQ,AMLX,AMPG,AMPH"
2026-05-14 18:15:00+00:00,L1003,L1016,maturity,maturity,0.7250156614926935,0.27021587921681767,0,,7,ABSI-ALLY;ACI-ALV;ADUR-AES;AEG-AER;AGCC-ALV;AGCO-ALSN;AGL-ALRM,0.0002495960779924644,2.0825566357073684,0.013605442176870748,0.821249437466226,"AAL,AAMI,AAP,AAT,ABCB,ABEV,ABG,ABM,ABT,ACA,ACCO,ACDC,ACEL,ACGL,ACN,ACNB,ACNT,ACRE,ACTG,ACU,ACVA,AD,ADAM,ADC,ADMA,ADNT,ADT,AEE,AEIS,AENT,AEO,AEP,AER,AES,AESI,AFCG,AFG,AFL,AFYA,AGBK,AGM,AGNC,AGO,AGX,AHR,AHRT,AIG,AII,AIN,AIR,AIRS,AIT,AIZ,AJG,AKR,ALCO,ALGT,ALK,ALLE,ALLY,ALMR,ALNT,ALOT,ALRM,ALRS,ALSN,ALTG,ALTO,ALV,AM,AMAL,AMAT,AMCX,AME,AMG,AMP","A,AAUC,ABBV,ABR,ABSI,ABX,ACET,ACHC,ACI,ACIW,ACT,ADAG,ADP,ADSK,ADUR,ADUS,AEBI,AEG,AERO,AEXA,AEYE,AFBI,AFRM,AGCC,AGCO,AGL,AGMB,AGRO,AHCO,AKTS,ALAR,ALKT,ALNY,AMCR,AMGN,AMH,AMN"
2026-05-14 18:30:00+00:00,L1016,L1000,maturity,maturity,0.4238292335860768,0.6438823377681379,4,ACET;ADAG;ADPT;AGRO,21,AAON-AAUC;AAON-AMCR;AAON-AMGN;ABCL-AERO;ABEO-AEBI;ABEO-AEYE;ABUS-ADUS;ACB-ACIW;ACIW-ACR;ACMR-AKTS;ACR-ADAG;ACR-ADSK;ADPT-AMBQ;ADSK-ADUR;ADSK-ALAB;ADSK-AMBA;ADUS-ALVO;AEBI-AIV;AFJK-AG;AIRO-AMCR;ALGN-ALMS,0.0003154544101562351,3.4022483439083353,0.025945945945945948,1.1747674492752402,"A,AAUC,ABBV,ABR,ABSI,ABX,ACAD,ACET,ACHC,ACI,ACIW,ACM,ACT,ADAG,ADP,ADPT,ADSK,ADUS,AEBI,AERO,AEXA,AEYE,AFBI,AFJK,AGCC,AGCO,AGL,AGMB,AGNT,AGRO,AGYS,AHCO,AKTS,ALAR,ALC,ALGN,ALKT,ALNY,AMCR,AMGN","AA,AAOI,AAON,AAPL,AARD,ABAT,ABCL,ABEO,ABUS,ABVX,ACB,ACHR,ACHV,ACLS,ACMR,ACR,ACRS,ADBE,ADEA,ADI,ADM,ADTN,ADUR,ADV,AEHR,AEM,AG,AGEN,AGI,AGIO,AGPU,AIOT,AIRJ,AIRO,AIV,AKAM,AKO-B,ALAB,ALB,ALGM,ALHC,ALKS,ALLT,ALM,ALMS,ALMU,ALOY,ALVO,AMBA,AMBQ,AMLX,AMPG,AMPH"
2026-05-14 19:00:00+00:00,L1000,L1016,maturity,maturity,0.58047757640036,0.5393077797806776,3,ADUS;AGYS;AMBA,20,AAON-ABX;AAON-AEBI;AARD-AAUC;AAUC-ALGM;ABEO-ADAG;ACB-ADSK;ACHR-ADUR;ACIW-ALB;ACIW-ALKS;ACIW-AMBA;ACR-AKAM;ADSK-ALMU;ADUS-AFBI;ADUS-AGMB;ADUS-AMGN;AEBI-AGEN;AFBI-AMBA;AFRM-AGYS;AGRO-AMBA;AIRJ-AMN,0.001085546799004078,3.2998493489171303,0.013793103448275862,1.1629669096008353,"AA,AAOI,AAON,AAPL,AARD,ABAT,ABCL,ABEO,ABUS,ABVX,ACAD,ACB,ACHR,ACHV,ACLS,ACMR,ACRS,ADBE,ADEA,ADI,ADM,ADPT,ADTN,ADUS,ADV,AEHR,AEM,AFJK,AG,AGEN,AGI,AGIO,AGPU,AGYS,AIOT,AIRJ,AIRO,AIV,AKAM,AKO-B,ALAB,ALB,ALGM,ALHC,ALKS,ALLT,ALM,ALMS,ALMU,ALOY,ALVO,AMBA,AMBQ,AMD,AMLX,AMPG,AMPH","A,AAUC,ABBV,ABR,ABSI,ABX,ACET,ACHC,ACI,ACIW,ACR,ACT,ADAG,ADP,ADSK,ADUR,AEBI,AEG,AERO,AEXA,AEYE,AFBI,AFRM,AGCC,AGL,AGMB,AGRO,AKTS,ALAR,ALKT,ALNY,AMCR,AMGN,AMH,AMN"
2026-05-14 19:30:00+00:00,L1003,L1000,decay,maturity,0.5956573476588946,0.6460365343014064,0,,2,AAPL-ALCO;AEP-AGIO,0.00283052702434361,1.188773691523216,0.02108108108108108,0.6728637496310564,"A,AAL,AAMI,AAP,AAT,ABBV,ABCB,ABEV,ABG,ABT,ACA,ACDC,ACEL,ACGL,ACI,ACN,ACNB,ACNT,ACRE,ACT,ACTG,ACU,ACVA,AD,ADAM,ADMA,ADNT,AEE,AEG,AEIS,AENT,AEO,AEP,AER,AES,AESI,AFCG,AFG,AFL,AGM,AGMB,AGNC,AGO,AHRT,AIG,AII,AIN,AIR,AIT,AIZ,AJG,AKR,ALAR,ALCO,ALGT,ALK,ALLE,ALLY,ALMR,ALNT,ALOT,ALRM,ALRS,ALTG,ALTO,ALV,AM,AMAL,AMAT,AMCX,AME,AMG,AMH,AMP","AA,AAOI,AAPL,AARD,ABAT,ABCL,ABEO,ABUS,ABVX,ACB,ACHR,ACHV,ACLS,ACMR,ACRS,ADBE,ADEA,ADI,ADM,ADPT,ADTN,ADV,AEHR,AEM,AG,AGEN,AGI,AGIO,AGPU,AIOT,AIRJ,AIRO,AKAM,AKO-B,ALAB,ALB,ALGM,ALHC,ALKS,ALLT,ALM,ALMS,ALMU,ALOY,ALVO,AMBQ,AMD,AMLX,AMPG,AMPH"
2026-05-14 19:45:00+00:00,L1016,L1025,maturity,maturity,0.9976784975643566,1.0078500034698266,0,,39,A-ALGN;AAON-AGCO;AAUC-AGCO;ABBV-ABT;ABBV-ACN;ABBV-ALC;ABEV-ADAG;ABEV-AGMB;ABEV-AMCR;ABM-AMH;ABT-ACIW;ABT-ADP;ABT-ADSK;ABT-AGYS;ABX-AGNT;ACET-AGCO;ACET-ALG;ACIW-ACN;ACIW-AFG;ACM-ADP;ACM-AEBI;ACM-AGYS;ACN-ACR;ACN-ADP;ACN-ADSK;ACN-AEBI;ACN-AGYS;ADP-AFG;ADP-ALC;ADUS-AGNT;ADUS-AMBP;AEBI-ALL;AEP-AMCR;AEP-AMGN;AEYE-AGCO;AFG-AGYS;AGCO-AKTS;AGCO-AMCR;AGMB-AMBP,0.0027284709503874183,3.6956774725141814,0.00782122905027933,1.5267511027963423,"A,AAON,AAUC,ABBV,ABR,ABSI,ABX,ACET,ACHC,ACI,ACIW,ACR,ACT,ADAG,ADP,ADSK,ADUS,AEBI,AEXA,AEYE,AFBI,AGCC,AGL,AGMB,AGRO,AGYS,AIV,AKTS,ALAR,ALNY,AMBA,AMCR,AMGN,AMH","ABEV,ABM,ABNB,ABT,ACIC,ACM,ACN,AEP,AFG,AFRI,AGCO,AGNT,ALC,ALG,ALGN,ALH,ALL,AMBP"
2026-05-15 14:15:00+00:00,L1000,L1034,decay,confirmation,0.4203298200445478,0.42161194700194327,0,,3,AAPL-ADAG;ACHC-ALAR;ACRS-AMBA,0.007178177824243903,1.551346358455919,0.00975609756097561,0.6418825343620733,"AA,AAOI,AAPG,AARD,ABAT,ABCL,ABSI,ACET,ACHC,ACHR,ACMR,ADAG,ADI,AEHR,AEIS,AEM,AEVA,AG,AGI,AGNC,AI,AIP,AIRS,AKAM,AKO-B,ALAB,ALB,ALGM,ALM,ALMU,ALOY,AMAT,AMBA,AMBQ,AMD,AMKR,AMPG,QQQ","A,AAPL,ABCB,ABM,ACIC,ACNB,ACRS,AD,ADC,ADMA,ADUS,AEG,AES,AGO,AII,AKR,ALAR,ALCO,ALLY,AMCI,AMG,AMLX,AMP"
2026-05-15 14:30:00+00:00,L1031,L1000,maturity,expansion,0.802279205187645,0.19740839386289644,3,ACA;ADNT;AKO-B,56,AA-ACA;AA-AIR;AA-ALGT;AAL-AAON;AAMI-AEP;AAPG-AIR;AAPG-ALLE;AAT-AFRM;AAT-ALM;ABEO-AMPG;ABR-ADAG;ABSI-ABX;ABSI-AMN;ABX-ADAG;ABX-AEHR;ABX-AEXA;ACA-ADEA;ACA-AEHR;ACB-AFRM;ACCO-AEO;ACCO-AIR;ACET-AGMB;ACET-AKO-B;ACHC-AIN;ACRE-ADAG;ACTG-ALB;ADM-AGIO;ADM-ALMU;ADNT-AEP;ADNT-AIP;ADNT-ALB;ADPT-ALLT;AEC-AEM;AEM-AGCO;AEM-ALGT;AEO-AFRM;AEP-AER;AEP-AME;AEP-AMG;AEVA-AIN;AEVA-AIRO;AEVA-ALGT;AEYE-AFRM;AEYE-ALAB;AFRM-AIT;AFRM-AMG;AG-AGCO;AG-AIN;AGCO-ALB;AHRT-ALM;AIOT-AMG;AIP-AMCR;AIR-AIRS;AIV-AMLX;AKAM-AKO-B;ALB-AMCR,0.0057486004661768675,4.152218109915554,0.03557951482479784,1.3432977344177706,"AAL,AAMI,AAP,AAT,ABEO,ABEV,ABG,ABR,ABUS,ABX,ACA,ACAD,ACB,ACEL,ACR,ACRE,ACTG,ADM,ADNT,ADPT,ADSE,ADUR,AEC,AEE,AEO,AER,AERO,AEYE,AFBI,AGCC,AGCO,AGM,AGMB,AGO,AGPU,AHRT,AIAI,AIN,AIR,AIRO,AIT,AIV,AKO-B,ALG,ALGN,ALGT,ALH,ALK,ALLE,ALMR,ALRS,ALSN,ALTG,AMAL,AMBP,AMCR,AME,AMG,AMGN,AMH,AMN","AA,AAOI,AAON,AAPG,AARD,ABAT,ABCL,ABNB,ABSI,ABVX,ACCO,ACET,ACHC,ACHR,ACHV,ACLS,ACMR,ACRS,ADAG,ADAM,ADEA,ADI,ADTN,AEHR,AEIS,AEM,AEP,AEVA,AEXA,AFRM,AG,AGBK,AGI,AGIO,AGNC,AGX,AI,AIOT,AIP,AIRS,AKAM,AKTS,ALAB,ALB,ALGM,ALLT,ALM,ALMU,ALNT,ALOY,ALV,ALX,AMAT,AMBA,AMBQ,AMD,AMKR,AMLX,AMPG,QQQ"
2026-05-15 14:45:00+00:00,L1031,L1030,decay,maturity,0.8214471170207138,0.3291013954950586,0,,3,ACT-ALMR;ADV-AERO;AGRO-ALH,0.0005343215307220817,1.3995639674425153,0.015827338129496403,0.6974296463347851,"AAL,AAP,AAT,ABEO,ABEV,ABR,ACAD,ACB,ACEL,ACRE,ACTG,ADPT,ADUR,AEC,AEO,AER,AERO,AEYE,AFBI,AFRI,AFRM,AGCC,AGCO,AGL,AGM,AGMB,AGPU,AHRT,AIAI,AIN,AIR,AIRG,AIRO,ALG,ALGN,ALGT,ALH,ALK,ALMR,ALTG,AMAL,AMBP,AMCR,AMN","ABBV,ABT,ACGL,ACI,ACIW,ACM,ACN,ACNT,ACOG,ACT,ACVA,ADBE,ADP,ADSK,ADT,ADV,AEBI,AFCG,AFG,AFJK,AFL,AFYA,AGNT,AGRO,AGYS,AHCO,AIG,AIZ,AJG,ALC,ALHC,ALKT,ALL,ALRM,ALTO,AM,AMPH"
2026-05-15 15:00:00+00:00,L1030,L1000,maturity,maturity,0.4619126342812513,0.5777800417889813,0,,3,ACRS-ALTO;ACT-AMLX;AGL-AGNT,0.0014182004379108548,1.4211353153349862,0.035199999999999995,0.6724716316548163,"ABBV,ABT,ACGL,ACI,ACIW,ACM,ACN,ACNT,ACOG,ACT,ACVA,ADBE,ADP,ADSK,ADT,ADV,AEBI,AFCG,AFG,AFJK,AFL,AFYA,AGNT,AGRO,AGYS,AHCO,AIG,AIZ,AJG,ALC,ALHC,ALKT,ALL,ALRM,ALTO,AM,AMCX,AMPH","AA,AAOI,AAON,AAPG,AARD,ABAT,ABCL,ABNB,ABSI,ABVX,ACA,ACCO,ACET,ACHC,ACHR,ACHV,ACLS,ACMR,ACRS,ADAG,ADAM,ADEA,ADI,ADNT,ADTN,AEC,AEHR,AEIS,AEM,AEVA,AG,AGBK,AGEN,AGI,AGIO,AGL,AGNC,AGX,AI,AIOT,AIP,AIR,AIRJ,AKAM,AKO-B,AKTS,ALAB,ALB,ALGM,ALGT,ALLT,ALM,ALMU,ALNT,ALOY,ALV,AMAT,AMBA,AMBQ,AMD,AMKR,AMLX,AMPG,QQQ"
2026-05-15 15:15:00+00:00,L1031,L1000,expansion,maturity,0.6961481164905942,0.5003312043479415,2,AEC;AIRS,33,AA-AIRS;AAON-AGCO;AAT-ACCO;ABEV-AI;ABR-ADAG;ABR-ALB;ABX-ADAG;ABX-AEVA;ACA-AMBP;ACAD-AGIO;ACB-AIR;ACCO-AHRT;ACCO-AIN;ACDC-ALMS;ACHV-ALTG;ACTG-AGMB;ADAG-AHR;ADI-ALG;ADPT-AGEN;ADPT-ALB;ADUR-AIP;AEO-AMLX;AESI-AEVA;AEVA-AIRS;AEVA-AMN;AFRM-AG;AGBK-AIN;AGIO-AIRG;AGPU-ALB;AHR-AKAM;AIN-AIR;AIR-AIRS;AIRG-AKTS,0.0022798698191763833,3.6435678908659876,0.034736842105263156,1.2750462952838473,"AAL,AAP,AAT,ABEO,ABEV,ABR,ABX,ACAD,ACB,ACDC,ACRE,ACTG,ADPT,ADUR,AEC,AEO,AER,AERO,AESI,AEYE,AFBI,AFRI,AFRM,AGCC,AGCO,AGM,AGPU,AHR,AHRT,AIAI,AIN,AIRG,AIRO,AIRS,ALG,ALGN,ALK,ALOT,ALTG,AMBP,AMCR,AMN","AA,AAOI,AAON,AAPG,AARD,AAUC,ABAT,ABCL,ABNB,ABSI,ABVX,ACA,ACCO,ACET,ACHC,ACHR,ACHV,ACLS,ACMR,ACRS,ADAG,ADAM,ADEA,ADI,ADNT,ADTN,AEHR,AEIS,AEM,AEVA,AG,AGBK,AGEN,AGI,AGIO,AGL,AGMB,AGNC,AGX,AI,AIOT,AIP,AIR,AIRJ,AKAM,AKO-B,AKTS,ALAB,ALB,ALGM,ALGT,ALLT,ALM,ALMS,ALMU,ALNT,ALNY,ALOY,ALV,ALVO,ALX,AMAT,AMBA,AMBQ,AMD,AMKR,AMLX,AMPG,QQQ"
2026-05-15 15:45:00+00:00,L1031,L1030,decay,expansion,1.3388868115887054,0.3178898950448513,3,AERO;ALCO;AMAL,7,ACNT-AMAL;ACTG-AHCO;ADP-AERO;ADT-AERO;AERO-AMPH;ALC-AMAL;AMAL-AMPH,0.004217878798954189,2.668740110294281,0.015751789976133652,1.1665808080600573,"AAP,ABEO,ABX,ACB,ACDC,ACTG,ACU,ADPT,ADUR,AEO,AER,AERO,AESI,AGCC,AGM,AGPU,AIAI,AIRO,ALCO,ALK,ALOT,ALTG,AMAL,AMN","ABBV,ABT,ACGL,ACI,ACIC,ACIW,ACM,ACN,ACNT,ACOG,ACT,ACVA,ADBE,ADP,ADSK,ADT,ADV,AEBI,AEXA,AFCG,AFG,AFJK,AFL,AFYA,AGNT,AGRO,AGYS,AHCO,AIG,AII,AIZ,AJG,ALC,ALKT,ALL,ALRM,ALTO,AM,AMPH"
2026-05-15 16:00:00+00:00,L1039,L1038,confirmation,expansion,1.080316256419682,0.5998278087683413,1,ACA,42,AA-AGMB;AA-AHRT;AAL-ALGT;ABEV-AGX;ABNB-AGCO;ABNB-AMP;ABR-ALGM;ABSI-ALMR;ABVX-ACRE;ACA-ACLS;ACA-AIRS;ACAD-ALLT;ACB-ALGT;ACHC-AMN;ACMR-AMCR;ACNB-ACRS;ADI-AEC;ADI-AGMB;ADNT-AGCO;ADUR-AIP;AEC-AGX;AEIS-ALTG;AENT-AFRM;AENT-AIN;AENT-ALTG;AENT-AMCR;AEO-AMLX;AER-AG;AER-AMBA;AFRI-AGL;AG-AMCR;AGBK-AMN;AGCO-AIP;AGEN-ALNY;AGPU-ALGT;AIAI-AMBA;AIOT-AMG;AIRO-AIRS;AIRO-AMAT;AIRO-AMPG;AKO-B-ALK;ALGT-AMG,0.001144550449680537,3.809202706130864,0.035199999999999995,1.4616238960891228,"AAL,AAP,AAPL,AAT,ABEO,ABEV,ABR,ABUS,ACA,ACAD,ACB,ACCO,ACEL,ACNB,ACRE,ACTG,ADUR,AEC,AEG,AEO,AER,AES,AEYE,AFBI,AFRI,AFRM,AGCC,AGCO,AGM,AGMB,AGPU,AHRT,AIAI,AIN,AIRO,AIZ,ALAR,ALG,ALGN,ALK,ALMR,ALNY,ALTG,AMBP,AMCR,AMG,AMN,AMP","AA,AAOI,AAON,AAPG,AARD,ABAT,ABCL,ABNB,ABSI,ABVX,ACET,ACHC,ACHR,ACHV,ACLS,ACMR,ACRS,ADAG,ADAM,ADEA,ADI,ADNT,ADTN,AEHR,AEIS,AEM,AENT,AEVA,AFYA,AG,AGBK,AGEN,AGI,AGIO,AGL,AGNC,AGX,AI,AIOT,AIP,AIR,AIRJ,AIRS,AKAM,AKO-B,ALAB,ALB,ALGM,ALGT,ALLT,ALM,ALMU,ALNT,ALOY,ALV,ALX,AMAT,AMBA,AMBQ,AMD,AMKR,AMLX,AMPG,QQQ"
2026-05-15 16:15:00+00:00,L1039,L1038,expansion,maturity,0.33145978126532477,0.6142406168101211,5,AEC;AENT;AGL;AIRO;ALMU,30,AAON-AGCO;AAPL-ALX;ABEV-QQQ;ABR-ABVX;ABSI-AMN;ACCO-AEVA;ACET-AGMB;ACMR-AIRO;ACU-AGNC;ADAM-AEC;ADEA-AKR;ADUR-AG;AEC-AEM;AEM-AER;AENT-ALV;AEO-AIR;AFRI-ALGT;AFRM-AIP;AFRM-ALLT;AFYA-AGBK;AG-AGL;AG-AIN;AGL-ALGM;AIN-AIP;AIOT-AKR;AIP-ALMU;AIR-ALK;ALAB-ALGN;ALGT-ALK;ALMU-AMD,-0.00010019290493801236,3.713572066704308,0.03405405405405405,1.2172112442068188,"AAL,AAP,AAPL,AAT,ABEO,ABEV,ABR,ACAD,ACB,ACCO,ACEL,ACNB,ACR,ACRE,ACTG,ACU,ADM,ADUR,AEC,AEG,AENT,AEO,AER,AES,AEYE,AFBI,AFRI,AFRM,AFYA,AGCC,AGCO,AGL,AGM,AGMB,AGPU,AHRT,AIN,AIRO,AIZ,AKR,ALAR,ALG,ALGN,ALHC,ALK,ALLY,ALMR,ALMU,ALTG,AMBP,AMCR,AMG,AMLX,AMN,AMP","AA,AAOI,AAON,AARD,ABAT,ABCL,ABNB,ABSI,ABVX,ACA,ACET,ACHC,ACHR,ACHV,ACLS,ACMR,ACRS,ADAG,ADAM,ADEA,ADI,ADNT,ADTN,AEHR,AEIS,AEM,AEVA,AG,AGBK,AGI,AGIO,AGNC,AGX,AI,AIOT,AIP,AIR,AIRJ,AIRS,AKAM,AKO-B,ALAB,ALB,ALGM,ALGT,ALLT,ALM,ALNT,ALOY,ALV,ALX,AMAT,AMBA,AMBQ,AMD,AMKR,AMPG,QQQ"
2026-05-15 16:30:00+00:00,L1034,L1038,expansion,maturity,0.5127706315093636,0.8569457686981524,4,ACHV;AGEN;ALMS;ALNY,28,AAON-AKR;ABAT-ACHV;ABAT-AESI;ABNB-AGEN;ABX-AGIO;ABX-AI;ACAD-AIRO;ACDC-ACRS;ACDC-AGIO;ACDC-AIR;ACHC-ALX;ACHV-ADNT;ACHV-AENT;ACHV-AIRO;ACNB-AMAT;ADAM-ALMS;ADNT-ALVO;AENT-ALSN;AEP-AIOT;AFYA-AIRJ;AFYA-AKAM;AFYA-ALOY;AGEN-ALB;AIRO-AIV;AIZ-ALAB;ALCO-ALOY;ALGT-ALTG;ALGT-AME,0.0015685968464822508,3.61514840242653,0.03567567567567568,1.3200533720202388,"A,AAMI,AAPG,AAPL,AAUC,ABCB,ABG,ABM,ABUS,ABX,ACAD,ACDC,ACEL,ACHV,ACNB,ACR,ACU,AD,ADC,ADM,ADMA,ADPT,ADSE,ADUS,AEE,AEG,AEP,AERO,AES,AESI,AFYA,AGEN,AGO,AHR,AIAI,AIT,AIV,AIZ,AKR,ALCO,ALH,ALHC,ALKS,ALLE,ALLY,ALMS,ALNY,ALOT,ALRS,ALSN,ALTG,ALVO,ALX,AMAL,AMCI,AME,AMGN,AMH,AMP","AA,AAOI,AAON,AARD,ABAT,ABCL,ABNB,ABSI,ACET,ACHC,ACHR,ACLS,ACMR,ACRS,ADAG,ADAM,ADEA,ADI,ADNT,ADTN,AEC,AEHR,AEIS,AEM,AENT,AEVA,AG,AGBK,AGI,AGIO,AGL,AGNC,AGX,AI,AIOT,AIP,AIR,AIRJ,AIRO,AKAM,AKO-B,AKTS,ALAB,ALB,ALGM,ALGT,ALLT,ALM,ALMU,ALNT,ALOY,ALV,AMAT,AMBA,AMBQ,AMD,AMKR,AMPG,QQQ"
2026-05-15 16:45:00+00:00,L1038,L1039,maturity,maturity,0.69810920932941,0.4821815800191426,3,ADUR;ALGT;ALNY,38,AA-AHRT;AAL-AIR;AAOI-AGIO;AAON-AEYE;AAON-AMBP;AAON-AMCR;AAT-ACHC;ABEV-AEVA;ABEV-QQQ;ABNB-AEO;ABR-AG;ABR-ALM;ABR-QQQ;ACB-AEVA;ACCO-AIP;ACHV-ALTG;ACMR-ALG;ACMR-AMCR;ACU-AKO-B;ADEA-AGIO;ADI-ALMR;ADI-ALTG;ADNT-AENT;AENT-AGEN;AEO-AKAM;AEVA-AIRS;AEVA-AMBP;AEVA-AMCR;AEYE-ALMU;AFRM-AIP;AFRM-AKAM;AGCO-AI;AGI-AHRT;AHRT-ALM;AIN-ALNY;AIOT-ALMR;AIP-AMBP;ALG-ALGM,0.003846821840852499,3.815174651289871,0.013888888888888888,1.3099642329603671,"AA,AAOI,AAON,AARD,ABAT,ABCL,ABNB,ABSI,ABVX,ACET,ACHC,ACHR,ACHV,ACLS,ACMR,ACRS,ADAG,ADAM,ADEA,ADI,ADNT,ADTN,ADUR,AEC,AEHR,AEIS,AEM,AEVA,AFRI,AG,AGBK,AGEN,AGI,AGL,AGNC,AGX,AI,AIOT,AIP,AIR,AIRJ,AIRO,AKAM,AKO-B,AKTS,ALAB,ALB,ALGM,ALGT,ALLT,ALM,ALMS,ALMU,ALNT,ALNY,ALOY,ALV,AMAT,AMBA,AMBQ,AMD,AMKR,AMPG,QQQ","AAL,AAP,AAT,ABEV,ABR,ABX,ACA,ACB,ACCO,ACDC,ACTG,ACU,AENT,AEO,AER,AEYE,AFRM,AGCC,AGCO,AGIO,AGMB,AHRT,AIN,AIRS,AIZ,ALAR,ALG,ALGN,ALK,ALMR,ALTG,AMBP,AMCR,AMN"
2026-05-15 17:00:00+00:00,L1039,L1038,maturity,maturity,0.1924314189493968,0.7241433030452945,3,ABEV;ADUR;AIRS,32,AA-AEO;ABAT-AFRM;ABEO-AMPG;ABEV-AMD;ABR-ADI;ABVX-ALGT;ACA-ACLS;ACA-AG;ACA-AIR;ACA-ALV;ACB-ACET;ACET-ACTG;ACET-ADUR;ACET-AGCO;ACHC-ALTG;ACHC-AMN;ACMR-AER;ACMR-AGCC;ACMR-AMBP;ADAM-AHRT;ADAM-AMBP;ADUR-AEM;AEM-AMCR;AEO-AGNC;AEO-ALB;AER-ALB;AG-AIRS;AGMB-AMCR;AHRT-ALB;AIR-ALK;ALG-ALGT;ALGM-ALGT,-0.0010637057130225003,3.6635616461296463,0.03567567567567568,1.1962141794821703,"AAL,AAP,AAT,ABEO,ABEV,ABR,ACA,ACB,ACCO,ACTG,ACU,ADUR,AEO,AER,AEYE,AFRM,AGCC,AGCO,AGPU,AHRT,AIN,AIRG,AIRS,ALAR,ALGN,ALGT,ALK,ALNY,ALTG,AMBP,AMCR,AMN","AA,AAOI,AAON,AAPG,AARD,ABAT,ABCL,ABNB,ABSI,ABVX,ACET,ACHC,ACHR,ACHV,ACLS,ACMR,ACRS,ADAG,ADAM,ADEA,ADI,ADNT,ADTN,AEC,AEHR,AEIS,AEM,AEVA,AG,AGI,AGIO,AGL,AGMB,AGNC,AGX,AI,AIOT,AIP,AIR,AIRJ,AKAM,AKO-B,ALAB,ALB,ALG,ALGM,ALLT,ALM,ALMU,ALNT,ALOY,ALV,AMAT,AMBA,AMBQ,AMD,AMKR,AMPG,QQQ"
2026-05-15 17:15:00+00:00,L1039,L1038,maturity,maturity,0.9552393538195748,0.8923596789732031,3,ACMR;ACRE;AENT,33,AA-AFRM;AA-AGCO;AAL-ACET;AAON-ACA;AAON-ACCO;AAON-AENT;AAON-AMCR;AAP-AKO-B;ABAT-AFRI;ABAT-AHRT;ABAT-AMBP;ABCL-ACRE;ABEO-ACET;ABEV-ACA;ABR-ALB;ABVX-AENT;ABVX-AIV;ACA-ACHV;ACA-ALNT;ACB-AEVA;ACB-AKAM;ACCO-AG;ACET-ALGT;ACET-ALK;ACRE-ALM;AEO-AKAM;AER-AG;AER-AKO-B;AEVA-AGCO;AFRI-ALB;AGMB-AMKR;ALG-ALV;ALGT-ALV,0.0026346014929004014,3.6954443616077493,0.035869565217391305,1.4835212350223794,"AAL,AAP,AAT,ABEO,ABR,ABUS,ACA,ACB,ACCO,ACMR,ACR,ACRE,ACTG,AENT,AEO,AER,AEYE,AFRI,AFRM,AGCC,AGCO,AGM,AGMB,AGPU,AHRT,AIN,AIV,ALG,ALGT,ALK,ALTG,AMBP,AMCR","AA,AAOI,AAON,AARD,ABAT,ABCL,ABEV,ABNB,ABSI,ABVX,ACET,ACHC,ACHR,ACHV,ACLS,ACRS,ADAG,ADAM,ADEA,ADI,ADNT,ADTN,ADUR,AEC,AEHR,AEIS,AEM,AEVA,AG,AGI,AGL,AGNC,AGX,AI,AIP,AIR,AIRJ,AIRO,AIRS,AKAM,AKO-B,ALAB,ALB,ALGM,ALLT,ALM,ALMU,ALNT,ALOY,ALV,AMAT,AMBA,AMBQ,AMD,AMKR,AMPG,QQQ"
2026-05-15 17:30:00+00:00,L1034,L1038,maturity,maturity,0.9793534747229407,0.5663791108196232,0,,24,AAPL-AMPG;AAUC-AEM;ABCL-AHR;ABVX-ADM;ACAD-ALMU;ACDC-AGX;ACLS-AKTS;ACLS-ALMS;ACMR-AERO;ACRS-AKR;ACU-AGNC;ACU-ALV;ADAG-AHR;ADAM-ALLE;ADAM-ALMR;ADAM-ALMS;ADEA-AKTS;ADMA-AI;ADMA-AIOT;AIOT-ALVO;AIP-ALMS;AIV-ALGM;AKR-ALGM;AKR-AMBA,0.0038566533476114273,3.2341846578160274,0.03577235772357723,1.2776317937753126,"A,AAMI,AAPL,AAUC,ABCB,ABG,ABM,ABX,ACAD,ACDC,ACEL,ACNB,ACU,AD,ADC,ADM,ADMA,ADPT,ADSE,ADUS,AEE,AEG,AEP,AERO,AES,AESI,AEXA,AFBI,AGBK,AGEN,AGM,AGNT,AGO,AHR,AII,AIRO,AIT,AIV,AIZ,AKR,AKTS,ALAR,ALCO,ALH,ALHC,ALKS,ALLE,ALLY,ALMR,ALMS,ALOT,ALRS,ALSN,ALVO,ALX,AMAL,AMCI,AME,AMGN,AMH,AMLX,AMN,AMP,AMPH","AA,AAOI,AAON,AAPG,AARD,ABAT,ABCL,ABNB,ABSI,ABVX,ACHC,ACHR,ACHV,ACLS,ACMR,ACRE,ACRS,ADAG,ADAM,ADEA,ADI,ADNT,ADTN,AEC,AEHR,AEIS,AEM,AENT,AEVA,AG,AGI,AGIO,AGL,AGNC,AGX,AI,AIOT,AIP,AIR,AIRJ,AKAM,AKO-B,ALAB,ALB,ALGM,ALLT,ALM,ALMU,ALNT,ALOY,ALV,AMAT,AMBA,AMBQ,AMD,AMKR,AMPG,QQQ"
2026-05-15 17:45:00+00:00,L1039,L1034,maturity,maturity,0.7955307692195506,0.09669422213474217,3,AIRG;AMG;AMN,21,AAL-ALX;AAMI-ACU;ABCB-AMG;ABR-ALX;ABUS-AGO;ACAD-AEXA;ACAD-ALNY;ACAD-AME;ACR-AERO;ACR-ALX;ACU-ALHC;ADAM-AGL;ADAM-AMG;AEO-AGIO;AEP-AIRG;AFBI-AGMB;AIV-ALLY;AIV-AMH;ALLE-AMBP;ALLE-AMN;ALMR-ALTG,0.001037192647345364,3.335901925756736,0.016,1.1040429788454718,"AAL,AAP,AAT,ABEO,ABEV,ABR,ABUS,ACA,ACAD,ACB,ACCO,ACMR,ACR,ACTG,ACU,ADUR,AEO,AER,AEYE,AFRM,AGCC,AGCO,AGL,AGMB,AGPU,AHRT,AIN,AIRG,AIV,ALAR,ALG,ALGN,ALK,ALTG,AMBP,AMCR,AMG,AMN","A,AAMI,AAPL,AAUC,ABCB,ABG,ABM,ABX,ACDC,ACEL,ACNB,AD,ADAM,ADC,ADM,ADMA,ADPT,ADSE,ADUS,AEE,AEG,AEP,AERO,AES,AESI,AEXA,AFBI,AGBK,AGEN,AGIO,AGM,AGO,AHR,AIOT,AIRJ,AIRO,AIT,AIZ,AKR,AKTS,ALCO,ALH,ALHC,ALKS,ALLE,ALLY,ALMR,ALMS,ALNY,ALOT,ALRS,ALSN,ALVO,ALX,AMAL,AMCI,AME,AMGN,AMH,AMLX,AMP,AMPH"
2026-05-15 18:15:00+00:00,L1040,L1030,confirmation,maturity,0.9056676564811638,0.19348039760330893,1,AIAI,1,AIAI-ALCO,0.0030519578140228987,1.4598226145232673,0.01722488038277512,0.6972838019135749,"AAOI,ABEV,ACHR,ACMR,ACRS,ADEA,ADI,ADTN,ADUR,AEC,AEHR,AEIS,AEYE,AGL,AIAI,AKO-B,ALAB,ALGM,ALM,ALMU,ALOY,AMAT,AMBA,AMBQ,AMD,AMKR,AMPG,QQQ","ABBV,ABT,ACGL,ACI,ACIC,ACIW,ACM,ACN,ACNT,ACOG,ACT,ACVA,ADBE,ADP,ADSK,ADT,ADV,AEBI,AFCG,AFG,AFJK,AFL,AFYA,AGNT,AGRO,AGYS,AHCO,AIG,AII,AJG,ALC,ALCO,ALKT,ALL,ALRM,ALTO,AM,AMCX,AMPH"
2026-05-15 18:30:00+00:00,L1039,L1040,maturity,expansion,1.0061494076412578,0.9992699816367472,1,ADUR,9,ABSI-ALTG;ABUS-AIRS;ACRE-ADI;ACTG-AIRS;ADI-AGCC;ADUR-ALAB;AENT-AIRS;AER-AKO-B;AEYE-ALK,0.004404656880069524,2.5209545213376185,0.03103448275862069,1.2365196195315993,"AAL,AAP,AAT,ABEO,ABR,ABUS,ACB,ACCO,ACR,ACRE,ACTG,ACU,AD,ADUR,AENT,AEO,AER,AFRM,AGCC,AGM,AGPU,AIN,AIV,ALAR,ALG,ALGN,ALK,ALMR,ALTG,AMBP,AMCR,AMN","AAOI,ABNB,ABSI,ACHC,ACHR,ACHV,ACMR,ADAG,ADEA,ADI,ADTN,AEHR,AEIS,AEM,AEVA,AEYE,AI,AIRO,AIRS,AKAM,AKO-B,ALAB,ALGM,ALM,ALMU,ALOY,AMAT,AMBA,AMBQ,AMD,AMKR,AMPG,QQQ"
2026-05-15 18:30:00+00:00,L1034,L1040,expansion,expansion,0.8013405579306426,0.9992699816367472,1,ACRS,9,AAPG-AEM;ABX-ACHV;ABX-ALGM;ACAD-AIRO;ACRS-ADTN;ADEA-ALCO;AFBI-AMD;AIRS-AMLX;AMKR-AMLX,0.00437632598914206,2.5207267636471133,0.03103448275862069,1.1750200251957883,"A,AAMI,AAPG,AAPL,AAUC,ABCB,ABG,ABM,ABX,ACAD,ACEL,ACNB,ACRS,ADC,ADM,ADMA,ADSE,ADUS,AEE,AEG,AEP,AERO,AES,AEXA,AFBI,AGO,AHCO,AHR,AIRG,AIT,AIZ,AKR,ALCO,ALH,ALHC,ALKS,ALLE,ALLY,ALOT,ALRS,ALSN,ALVO,ALX,AMAL,AMCI,AME,AMG,AMGN,AMH,AMLX,AMP,AMPH","AAOI,ABNB,ABSI,ACHC,ACHR,ACHV,ACMR,ADAG,ADEA,ADI,ADTN,AEHR,AEIS,AEM,AEVA,AEYE,AI,AIRO,AIRS,AKAM,AKO-B,ALAB,ALGM,ALM,ALMU,ALOY,AMAT,AMBA,AMBQ,AMD,AMKR,AMPG,QQQ"
2026-05-15 18:30:00+00:00,L1034,L1041,expansion,confirmation,0.8013405579306426,0.48262230629598196,4,ACAD;AEXA;ALHC;AMCI,5,AAUC-AESI;ACAD-ACDC;ACAD-AGEN;AESI-ALHC;AGEN-AMGN,0.002751633757725358,2.658521200364325,0.008403361344537815,1.0510796635607493,"A,AAMI,AAPG,AAPL,AAUC,ABCB,ABG,ABM,ABX,ACAD,ACEL,ACNB,ACRS,ADC,ADM,ADMA,ADSE,ADUS,AEE,AEG,AEP,AERO,AES,AEXA,AFBI,AGO,AHCO,AHR,AIRG,AIT,AIZ,AKR,ALCO,ALH,ALHC,ALKS,ALLE,ALLY,ALOT,ALRS,ALSN,ALVO,ALX,AMAL,AMCI,AME,AMG,AMGN,AMH,AMLX,AMP,AMPH","ACDC,ADPT,AESI,AGEN,AGIO,ALLT,ALMS,ALNY"
2026-05-15 18:30:00+00:00,L1039,L1041,maturity,confirmation,1.0061494076412578,0.48262230629598196,0,,3,AAP-AGIO;AAT-ALNY;ADPT-ALTG,0.0027799646486528218,1.453484784307671,0.008403361344537815,0.8112632144597705,"AAL,AAP,AAT,ABEO,ABR,ABUS,ACB,ACCO,ACR,ACRE,ACTG,ACU,AD,ADUR,AENT,AEO,AER,AFRM,AGCC,AGM,AGPU,AIN,AIV,ALAR,ALG,ALGN,ALK,ALMR,ALTG,AMBP,AMCR,AMN","ACDC,ADPT,AESI,AGEN,AGIO,ALLT,ALMS,ALNY"
2026-05-15 18:45:00+00:00,L1039,L1038,maturity,expansion,0.42788680540978163,0.49791644033222654,10,AAL;AAT;ACCO;AENT;AEO;AFRM;AHRT;AIN;AMBP;AMCR,20,AA-ACTG;AA-AFRM;AAON-AENT;AAON-AIRS;ABEO-ABVX;ABVX-AENT;ABX-AI;ABX-ALGT;ACB-AKAM;ACCO-AGMB;ACCO-AI;ACCO-AIOT;ACHV-AENT;ACHV-ALMR;ACLS-AENT;AEO-AI;AFRM-AGX;AGCO-AHRT;AGMB-ALK;AIOT-AMLX,-1.1115334928035736e-05,3.713572066704308,0.017142857142857144,1.208705418970108,"AAL,AAT,ABEO,ABR,ABX,ACB,ACCO,ACEL,ACRE,ACTG,ACU,AENT,AEO,AEYE,AFRM,AHRT,AIN,AIRG,AIRS,AIZ,ALAR,ALGN,ALK,ALMR,ALTG,AMBP,AMCR,AMLX,AMN","AA,AAON,AAPG,AARD,ABAT,ABCL,ABEV,ABNB,ABSI,ABVX,ACA,ACET,ACHC,ACHV,ACLS,ADAG,ADAM,ADNT,AEM,AEVA,AFRI,AG,AGBK,AGCO,AGI,AGL,AGMB,AGNC,AGX,AI,AIOT,AIP,AIR,AIRJ,AKAM,ALB,ALGM,ALGT,ALNT,ALV"
2026-05-15 18:45:00+00:00,L1039,L1034,maturity,maturity,0.42788680540978163,0.30213379900744264,11,ABX;ACB;ACEL;ACTG;ACU;AIRG;AIZ;ALAR;ALGN;ALK;AMN,11,AAL-ABG;ABG-ALGN;ACEL-AMAL;ACTG-AKR;ACTG-ALVO;ACTG-AMG;ADUS-AIRG;AGPU-AMLX;AIN-ALSN;ALGN-AME;ALKS-AMN,0.0013072440051473677,3.530197987437433,0.016,1.1039556781845254,"AAL,AAT,ABEO,ABR,ABX,ACB,ACCO,ACEL,ACRE,ACTG,ACU,AENT,AEO,AEYE,AFRM,AHRT,AIN,AIRG,AIRS,AIZ,ALAR,ALGN,ALK,ALMR,ALTG,AMBP,AMCR,AMLX,AMN","A,AAMI,AAP,AAPL,AAUC,ABCB,ABG,ABM,ABUS,ACNB,ACR,AD,ADC,ADM,ADMA,ADSE,ADUS,AEE,AEG,AEP,AER,AERO,AES,AFBI,AGCC,AGM,AGO,AGPU,AGRO,AHR,AIT,AIV,AKR,AKTS,ALCO,ALG,ALH,ALKS,ALLE,ALLY,ALOT,ALRS,ALSN,ALVO,ALX,AMAL,AME,AMG,AMGN,AMH,AMP,AMPH"
2026-05-15 18:45:00+00:00,L1030,L1034,maturity,maturity,0.2841333458949725,0.30213379900744264,1,AII,17,A-ADT;A-AII;ABM-ACNT;ABM-AFJK;ABM-AFL;ABM-AII;ABM-AMCX;ACIC-ADUS;ACIC-ALVO;ACNB-ACT;ACOG-AEG;ACOG-AERO;ACOG-ALOT;ACR-AGYS;AFJK-AMPH;AIAI-AKTS;AII-AIT,0.0029741424368694425,3.010493500776304,0.016,0.9309035186648005,"ABBV,ABT,ACGL,ACI,ACIC,ACIW,ACM,ACN,ACNT,ACOG,ACT,ACVA,ADBE,ADP,ADSK,ADT,ADV,AEBI,AFCG,AFG,AFJK,AFL,AFYA,AGNT,AGYS,AHCO,AIAI,AIG,AII,AJG,ALC,ALKT,ALL,ALRM,ALTO,AM,AMCX","A,AAMI,AAP,AAPL,AAUC,ABCB,ABG,ABM,ABUS,ACNB,ACR,AD,ADC,ADM,ADMA,ADSE,ADUS,AEE,AEG,AEP,AER,AERO,AES,AFBI,AGCC,AGM,AGO,AGPU,AGRO,AHR,AIT,AIV,AKR,AKTS,ALCO,ALG,ALH,ALKS,ALLE,ALLY,ALOT,ALRS,ALSN,ALVO,ALX,AMAL,AME,AMG,AMGN,AMH,AMP,AMPH"
2026-05-15 18:45:00+00:00,L1030,L1038,maturity,expansion,0.2841333458949725,0.49791644033222654,0,,2,ACIC-AGBK;AFJK-AFRI,0.001655783096794039,1.1523357591826755,0.017142857142857144,0.5252703042352571,"ABBV,ABT,ACGL,ACI,ACIC,ACIW,ACM,ACN,ACNT,ACOG,ACT,ACVA,ADBE,ADP,ADSK,ADT,ADV,AEBI,AFCG,AFG,AFJK,AFL,AFYA,AGNT,AGYS,AHCO,AIAI,AIG,AII,AJG,ALC,ALKT,ALL,ALRM,ALTO,AM,AMCX","AA,AAON,AAPG,AARD,ABAT,ABCL,ABEV,ABNB,ABSI,ABVX,ACA,ACET,ACHC,ACHV,ACLS,ADAG,ADAM,ADNT,AEM,AEVA,AFRI,AG,AGBK,AGCO,AGI,AGL,AGMB,AGNC,AGX,AI,AIOT,AIP,AIR,AIRJ,AKAM,ALB,ALGM,ALGT,ALNT,ALV"
2026-05-15 19:30:00+00:00,L1042,L1040,confirmation,expansion,0.7458144223789057,0.8768098009744165,1,ALK,7,ABR-QQQ;ADI-ALK;ADUR-ALK;AIRG-AIRS;ALK-ALM;ALK-AMD;ALK-QQQ,0.004531844868324697,2.3469066675704178,0.02774566473988439,1.0776757836095838,"AAL,AAT,ABEO,ABR,ACB,ACRE,AEO,AEYE,AFRM,AHRT,AIN,AIRG,AIZ,ALAR,ALK,ALMR,ALTG,AMBP,AMCR,AMN","AAOI,ABEV,ACHR,ACMR,ACRS,ADEA,ADI,ADTN,ADUR,AEHR,AEIS,AGL,AGPU,AIAI,AIRO,AIRS,AKO-B,ALAB,ALCO,ALM,ALMU,ALOY,AMAT,AMBA,AMBQ,AMD,AMKR,AMPG,QQQ"
2026-05-15 19:45:00+00:00,L1034,L1030,maturity,expansion,0.7042009047886726,0.5787933143099521,0,,166,A-ABT;A-ACGL;A-ACI;A-ACM;A-ACN;A-ACNT;A-ACVA;A-ADBE;A-ADP;A-AEBI;A-AFL;A-AIG;A-ALL;A-AM;AAMI-AHCO;AAP-AFG;AAP-ALCO;AAUC-AIG;ABBV-ABG;ABBV-AFJK;ABBV-AIT;ABBV-ALKS;ABBV-ALSN;ABBV-ALVO;ABBV-AME;ABBV-AMGN;ABCB-ABT;ABCB-ACVA;ABCB-ADP;ABCB-AFL;ABCB-ALC;ABEO-ADV;ABM-ABT;ABM-ACGL;ABM-ALC;ABM-ALKT;ABT-AD;ABT-ADC;ABT-AEE;ABT-AEG;ABT-AIT;ABT-AIV;ABT-ALLE;ABT-ALSN;ABT-AMG;ABT-AMH;ABUS-AGYS;ACAD-AFG;ACDC-ACI;ACDC-AFL;ACDC-AM;ACGL-AD;ACGL-ADMA;ACGL-ADUS;ACGL-AEP;ACGL-AES;ACGL-AGO;ACGL-AIT;ACGL-ALKS;ACGL-AMG;ACGL-AMP;ACI-ADMA;ACI-ALKS;ACIW-AKR;ACIW-AMH;ACM-ADMA;ACN-AFJK;ACNB-ADP;ACNB-ALC;ACNT-ADUS;ACNT-AESI;ACR-AJG;ACRE-ACT;ACRS-AIAI;ACT-AGO;ACT-AHR;ACT-ALOT;ACT-ALRS;ACVA-AGO;ACVA-AHR;ACVA-ALLY;AD-ADP;AD-AFL;AD-ALC;ADBE-ADMA;ADC-ADP;ADC-AGNT;ADC-AHCO;ADC-AJG;ADC-ALC;ADC-ALL;ADC-ALRM;ADMA-ADP;ADMA-ADSK;ADMA-AFL;ADMA-ALL;ADMA-AM;ADP-AEE;ADP-AEG;ADP-AEP;ADP-AES;ADP-AGO;ADP-AHR;ADP-ALHC;ADP-ALLE;ADP-AMAL;ADP-AMCI;ADP-AMH;ADSE-ALTO;ADSK-AGM;ADT-ALLE;ADT-AMG;ADT-AMH;ADV-AGPU;AEBI-AES;AEE-AFL;AEG-AFG;AEG-AFL;AEG-AIG;AEG-AJG;AEG-ALC;AEP-AFG;AEP-AFL;AEP-ALC;AEP-ALL;AES-AFL;AES-ALC;AESI-AM;AFCG-ALRS;AFL-AGO;AFL-AIT;AFL-ALKS;AFL-ALLE;AFL-ALLY;AFL-AMCI;AFL-AMG;AFL-AMP;AGM-ALRM;AGNT-ALRS;AGO-AHCO;AGO-AJG;AGO-ALC;AHCO-ALSN;AHCO-AMH;AHR-ALC;AHR-ALL;AHR-AM;AIG-AKR;AIG-ALLE;AIG-ALLY;AIV-ALC;AJG-ALHC;AJG-AMH;AKR-ALCO;ALC-ALHC;ALC-ALLE;ALC-ALLY;ALC-ALRS;ALC-AMAL;ALC-AMG;ALC-AMH;ALC-AMP;ALCO-AMAL;ALL-ALLY;ALL-AMP;ALTO-AMLX,0.006356188794597983,5.1217926886152725,0.01875,1.6681589378834056,"A,AAMI,AAP,AAPL,AAUC,ABCB,ABEO,ABG,ABM,ABUS,ACAD,ACDC,ACNB,ACOG,ACR,ACRE,ACRS,AD,ADC,ADM,ADMA,ADSE,ADUS,AEE,AEG,AEP,AERO,AES,AESI,AEXA,AFJK,AGCC,AGIO,AGM,AGO,AGPU,AGRO,AHR,AIT,AIV,AKR,ALH,ALHC,ALKS,ALLE,ALLY,ALMR,ALOT,ALRS,ALSN,ALVO,ALX,AMAL,AMCI,AME,AMG,AMGN,AMH,AMLX,AMP,AMPH","ABBV,ABT,ACGL,ACI,ACIC,ACIW,ACM,ACN,ACNT,ACT,ACVA,ADBE,ADP,ADSK,ADT,ADV,AEBI,AEYE,AFCG,AFG,AFL,AFYA,AGNT,AGYS,AHCO,AIAI,AIG,AII,AIZ,AJG,ALC,ALCO,ALKT,ALL,ALRM,ALTO,AM,AMCX"
2026-05-18 14:45:00+00:00,L1040,L1048,maturity,maturity,0.38601207554274725,0.35853756262238806,1,ADUR,11,AA-AIAI;AAPL-ABBV;AAPL-AFBI;ABSI-ACHC;ACOG-AFRI;ACRS-AGPU;ACRS-AGRO;ADM-AGEN;AFRM-AMLX;AGMB-AMBQ;AKTS-ALGN,0.0029720887541770935,2.6600643346778527,0.020833333333333332,0.8915059751190038,"AAOI,AAON,AAPL,ABAT,ABCL,ABEO,ABSI,ABVX,ACB,ACET,ACHR,ACHV,ACLS,ACMR,ACOG,ADEA,ADNT,ADSE,ADUR,AEHR,AEIS,AEO,AEVA,AFRM,AGEN,AGL,AGPU,AGRO,AGX,AI,AIAI,AIIR,AIOT,AIP,AIRG,AIRJ,AIRO,AIRS,AKAM,AKTS,ALAB,ALAR,ALB,ALGM,ALMR,ALMU,ALOY,ALTG,ALTO,ALVO,AMAT,AMBA,AMBQ,AMKR,AMPG,QQQ","AA,AAMI,AAPG,ABBV,ABUS,ACA,ACHC,ACRE,ACRS,ACU,ADM,ADPT,ADV,AEC,AFBI,AFJK,AFRI,AG,AGBK,AGIO,AGMB,AII,AIN,AIR,ALG,ALGN,ALH,ALM,ALNT,ALNY,ALSN,ALX,AME,AMGN,AMLX"
2026-05-18 15:00:00+00:00,L1047,L1040,maturity,maturity,0.6231827339854681,0.2992275151684567,0,,3,ACU-ADNT;AGL-AGYS;ALTG-ALV,0.004402951104566455,1.4907208405544097,0.02553191489361702,0.6532330721188224,"A,AAL,AAP,ABG,ABNB,ABR,ABT,ACAD,ACCO,ACEL,ACIC,ACM,ACN,ACT,ACU,ACVA,ADAM,ADBE,ADMA,ADSK,ADTN,ADUS,AEM,AEYE,AFCG,AFYA,AGI,AGM,AGNC,AGNT,AGO,AGYS,AHCO,AHRT,ALGT,ALHC,ALK,ALKT,ALL,ALLY,ALRM,ALV,AMBP,AMCR,AMN,AMP","AAOI,AAON,AAPG,ABAT,ABCL,ABEO,ABSI,ABVX,ACB,ACET,ACHR,ACHV,ACLS,ACMR,ACOG,ACRS,ADEA,ADM,ADNT,ADSE,ADV,AEHR,AEIS,AEO,AEVA,AEXA,AFRM,AGBK,AGEN,AGL,AGPU,AGRO,AGX,AI,AIAI,AIIR,AIOT,AIP,AIRG,AIRJ,AIRO,AIRS,AKAM,AKTS,ALAB,ALAR,ALB,ALGM,ALMR,ALMU,ALOY,ALTG,ALTO,ALVO,AMAT,AMKR,AMLX,AMPG,QQQ"
2026-05-18 15:00:00+00:00,L1049,L1040,decay,maturity,0.16035588049428498,0.2992275151684567,0,,5,ABX-AEVA;ABX-ALGM;ABX-QQQ;ACMR-AERO;AENT-AIIR,0.001424363857950084,1.8152214689566402,0.02553191489361702,0.5955101731720251,"AARD,AAT,AAUC,ABCB,ABEV,ABM,ABX,ACDC,ACGL,ACI,ACIW,ACNB,ACNT,ACR,ACTG,AD,ADAG,ADC,ADI,ADP,ADT,AEBI,AEE,AEG,AENT,AEP,AER,AERO,AES,AESI,AFG,AFL,AHR,AIG,AIV,AIZ,AJG,AKO-B,AKR,ALC,ALKS,ALOT,ALRS,AM,AMAL,AMCX,AMH,AMPH","AAOI,AAON,AAPG,ABAT,ABCL,ABEO,ABSI,ABVX,ACB,ACET,ACHR,ACHV,ACLS,ACMR,ACOG,ACRS,ADEA,ADM,ADNT,ADSE,ADV,AEHR,AEIS,AEO,AEVA,AEXA,AFRM,AGBK,AGEN,AGL,AGPU,AGRO,AGX,AI,AIAI,AIIR,AIOT,AIP,AIRG,AIRJ,AIRO,AIRS,AKAM,AKTS,ALAB,ALAR,ALB,ALGM,ALMR,ALMU,ALOY,ALTG,ALTO,ALVO,AMAT,AMKR,AMLX,AMPG,QQQ"
2026-05-18 15:15:00+00:00,L1048,L1047,expansion,maturity,0.6896589014616216,0.6754132724976727,1,AFYA,8,ACRE-ALHC;ADTN-AGMB;AEYE-ALG;AGI-ALM;AGM-ALLT;AGYS-AII;ALGN-ALLY;ALL-ALNY,0.004269081051461399,2.4359709342267655,0.02127659574468085,1.0217058751061818,"AA,AAMI,AAPG,ABUS,ACHC,ACRE,ADPT,ADUR,AFYA,AG,AGIO,AGM,AGMB,AII,AIN,AIR,AKTS,ALG,ALGN,ALH,ALM,ALNT,ALNY,ALX,AMLX","A,AAL,AAP,ABG,ABNB,ABR,ABT,ACEL,ACGL,ACIW,ACM,ACN,ACT,ACU,ACVA,ADAM,ADBE,ADSK,ADTN,ADUS,AEYE,AFCG,AFG,AGI,AGNC,AGNT,AGO,AGYS,AHCO,AHRT,AJG,ALCO,ALGT,ALHC,ALK,ALKT,ALL,ALLE,ALLT,ALLY,ALRM,ALV,AMBP,AMCR,AMCX,AMG,AMN"
2026-05-18 15:30:00+00:00,L1047,L1040,maturity,expansion,0.6121120447592289,0.4061108592908306,0,,6,AAPG-AFYA;ABX-ADTN;ACU-ADNT;ACU-ALAR;ADTN-AIIR;AGMB-ALCO,0.0037556838360615075,1.9981729682197693,0.032,0.8098101132699601,"A,AAL,AAP,AAT,ABM,ABNB,ABR,ABT,ACCO,ACEL,ACGL,ACIC,ACIW,ACM,ACN,ACT,ACU,ACVA,ADAM,ADBE,ADMA,ADSK,ADTN,ADUS,AFCG,AFG,AFYA,AGCO,AGNT,AGO,AGYS,AHCO,AHRT,AIG,AJG,ALCO,ALGT,ALHC,ALK,ALKT,ALL,ALLE,ALLT,ALLY,ALRM,AMBP,AMCR,AMCX,AMG,AMN,AMP","AAOI,AAON,AAPG,ABAT,ABCL,ABEO,ABSI,ABVX,ABX,ACB,ACET,ACHR,ACHV,ACLS,ACMR,ACOG,ACRS,ADEA,ADM,ADNT,ADSE,ADV,AEHR,AEIS,AEO,AEVA,AFRM,AGBK,AGCC,AGEN,AGL,AGMB,AGPU,AGRO,AGX,AI,AIAI,AIIR,AIOT,AIP,AIRG,AIRJ,AIRO,AIRS,AKAM,ALAB,ALAR,ALB,ALGM,ALMR,ALMU,ALOY,ALTG,ALTO,ALVO,AMAT,AMBA,AMBQ,AMD,AMKR,AMPG,QQQ"
2026-05-18 16:00:00+00:00,L1049,L1040,expansion,expansion,0.5307369336800998,0.9155931910456583,1,ADTN,2,ADTN-AMD;AEP-AGCC,0.0020162870350759476,1.6489717887596753,0.032,0.8509419846076463,"AARD,AAT,AAUC,ABCB,ABEV,ABM,ACAD,ACDC,ACGL,ACI,ACIW,ACNB,ACNT,ACR,ACTG,AD,ADAG,ADC,ADI,ADMA,ADP,ADT,ADTN,AEBI,AEE,AEG,AEM,AENT,AEP,AER,AERO,AES,AESI,AEXA,AFL,AGI,AHR,AIG,AIV,AIZ,AJG,AKO-B,AKR,ALC,ALHC,ALKS,ALOT,ALRS,AM,AMAL,AMCI,AMCX,AMH,AMP,AMPH","AAOI,AAON,ABAT,ABCL,ABEO,ABSI,ABVX,ABX,ACB,ACET,ACHR,ACHV,ACLS,ACMR,ACOG,ACRS,ADEA,ADM,ADNT,ADSE,ADV,AEHR,AEIS,AEO,AEVA,AFRM,AGBK,AGCC,AGEN,AGL,AGMB,AGPU,AGRO,AGX,AI,AIAI,AIIR,AIOT,AIP,AIRG,AIRJ,AIRO,AIRS,AKAM,ALAB,ALAR,ALB,ALGM,ALM,ALMR,ALMU,ALOY,ALTG,ALTO,ALVO,AMAT,AMBA,AMBQ,AMD,AMKR,AMPG,QQQ"
2026-05-18 16:45:00+00:00,L1048,L1047,maturity,expansion,0.2460136614373939,0.7460434285869562,1,ALGN,12,AAP-ALNT;ABR-AFYA;ABR-AGM;ACA-AGCO;ACI-AMGN;ACIC-AII;ACN-AII;ADMA-ALSN;AEYE-AKTS;AGI-ALGN;AGO-AIN;ALNY-ALRM,-0.0003953402629122138,2.70805020110221,0.019399538106235566,0.9775396079987929,"AA,AAMI,AAPG,AAPL,ABBV,ABUS,ACA,ACHC,ACRE,ADM,ADPT,ADUR,AFBI,AFRI,AFYA,AG,AGIO,AGM,AII,AIN,AIR,AIT,AKTS,ALG,ALGN,ALH,ALMS,ALNT,ALNY,ALSN,ALX,AME,AMGN,AMLX","A,AAL,AAP,ABG,ABM,ABNB,ABR,ABT,ACCO,ACEL,ACGL,ACI,ACIC,ACIW,ACM,ACN,ACT,ACTG,ACU,ADAM,ADBE,ADMA,ADSK,ADUS,AERO,AEYE,AFCG,AFG,AGCO,AGI,AGNC,AGNT,AGO,AGYS,AHCO,AHRT,AIG,AIV,AJG,AKR,ALGT,ALHC,ALK,ALKT,ALL,ALLE,ALLT,ALLY,ALRM,ALV,AMBP,AMCR,AMCX,AMG,AMN,AMP"
2026-05-18 17:30:00+00:00,L1047,L1040,maturity,expansion,0.8026841321644954,0.5436007576252948,1,AFYA,6,ABAT-AFYA;ADNT-ADUS;ADTN-ALK;ADUS-AGL;AEC-AFCG;AFYA-ALAR,0.0035662949085235596,2.2360851285078014,0.033421750663129975,0.967920011663357,"A,AAL,AAP,ABG,ABNB,ABR,ABT,ACCO,ACEL,ACIC,ACIW,ACM,ACN,ACT,ACU,ACVA,ADAM,ADBE,ADSK,ADUS,AEBI,AERO,AEYE,AFCG,AFG,AFYA,AGCO,AGI,AGNT,AGO,AGYS,AHCO,AHRT,ALCO,ALGN,ALGT,ALK,ALKT,ALL,ALLE,ALLY,ALNT,ALRM,ALV,AMCR,AMCX,AMG,AMN","AAOI,AAON,AAPL,ABAT,ABCL,ABEO,ABSI,ABVX,ABX,ACB,ACET,ACHR,ACHV,ACLS,ACMR,ACOG,ACRS,ADEA,ADM,ADNT,ADSE,ADTN,ADV,AEC,AEHR,AEIS,AEO,AEVA,AFJK,AFRI,AFRM,AGBK,AGCC,AGEN,AGL,AGPU,AGRO,AGX,AI,AIAI,AIIR,AIOT,AIP,AIRJ,AIRO,AIRS,AKAM,ALAB,ALAR,ALB,ALGM,ALLT,ALMR,ALMU,ALOY,ALTG,ALTO,ALVO,AMAT,AMBA,AMBQ,AMD,AMKR,AMPG,QQQ"
2026-05-18 17:45:00+00:00,L1040,L1049,maturity,expansion,0.21966402181123632,0.3304522812063279,0,,7,AAT-ADTN;AAUC-AGCC;ABSI-ACIC;ABX-ACDC;ADI-QQQ;AESI-AGRO;AIOT-ALKS,0.0003989592660218477,2.0844161386546305,0.01714285714285714,0.6887103541403554,"AAOI,AAON,AAPL,ABAT,ABCL,ABEO,ABSI,ABVX,ABX,ACB,ACET,ACHR,ACHV,ACLS,ACMR,ACOG,ACRS,ADEA,ADM,ADNT,ADSE,ADTN,AEHR,AEIS,AEO,AEVA,AFRI,AFRM,AFYA,AGBK,AGCC,AGEN,AGPU,AGRO,AGX,AI,AIAI,AIIR,AIOT,AIP,AIRJ,AIRO,AIRS,AKAM,ALAB,ALAR,ALB,ALGM,ALLT,ALMR,ALMU,ALOY,ALTG,ALTO,ALVO,AMAT,AMBA,AMBQ,AMD,AMKR,AMPG,QQQ","AARD,AAT,AAUC,ABCB,ABEV,ABM,ACAD,ACCO,ACDC,ACGL,ACI,ACIC,ACNB,ACNT,ACR,ACT,ACTG,AD,ADAG,ADC,ADI,ADMA,ADP,ADT,AEE,AEG,AEM,AENT,AEP,AER,AES,AESI,AEXA,AFG,AFL,AGI,AGMB,AGNC,AGO,AHR,AIG,AIRG,AIV,AIZ,AJG,AKO-B,AKR,ALC,ALGT,ALHC,ALKS,ALL,ALNT,ALOT,ALRS,AM,AMAL,AMCI,AMCX,AMG,AMH,AMP,AMPH"
2026-05-18 18:45:00+00:00,L1047,L1048,maturity,expansion,1.459053915012321,0.34638360047895833,2,ABG;AGL,12,ABG-ADAM;ABG-ADPT;ABG-ALH;ACHR-AERO;ADAM-ALLY;ADMA-ALGT;AFYA-AKAM;AGL-AII;AGM-AGNT;AGNC-ALLY;AGNC-AMCR;ALGN-AMCR,0.003235350828617811,2.8520659863992095,0.0070921985815602835,1.2557115810344202,"A,AAL,AAP,ABG,ABNB,ABR,ACEL,ACM,ACN,ADBE,ADSK,ADTN,ADUS,AERO,AESI,AFCG,AFYA,AGL,AGNT,AGYS,AHCO,AHRT,ALGT,ALK,ALKT,ALLT,ALLY,ALOT,ALRM,AMCR,AMN","AA,AAMI,AAPG,ABUS,ACHC,ACHR,ACRE,ADAM,ADMA,ADPT,ADUR,AEC,AEO,AEYE,AFRM,AG,AGIO,AGM,AGNC,AII,AIN,AKAM,AKTS,ALG,ALGN,ALH,ALNY,ALX,AMBA,AMLX"
2026-05-18 19:00:00+00:00,L1049,L1047,maturity,maturity,0.16859708360629239,0.7706259611084758,7,ACCO;ACT;AEBI;AESI;AFG;AGO;ALL,12,ABNB-AFG;ACNB-ALCO;ACVA-AGO;ACVA-AKO-B;ADC-AMP;ADUS-ALNT;AESI-AGNT;AGNT-AJG;AGYS-ALL;AIV-ALK;ALHC-AMCR;ALL-AMP,-0.0019694031216204166,3.295836866004329,0.01613691931540342,1.1081466678128233,"AARD,AAT,AAUC,ABCB,ABEV,ABM,ACAD,ACCO,ACDC,ACGL,ACI,ACIW,ACNB,ACNT,ACR,ACT,ACTG,AD,ADAG,ADC,ADI,ADP,ADT,AEBI,AEE,AEG,AEM,AENT,AEP,AER,AES,AESI,AEXA,AFG,AFL,AGI,AGMB,AGO,AHR,AIG,AIRG,AIV,AIZ,AJG,AKO-B,AKR,ALC,ALHC,ALKS,ALL,ALNT,ALRS,AM,AMAL,AMCX,AMG,AMH,AMPH","A,AAL,AAP,ABNB,ABR,ABT,ACEL,ACM,ACN,ACVA,ADBE,ADSK,ADUS,AFCG,AGCO,AGNT,AGYS,AHCO,AHRT,ALCO,ALGT,ALK,ALKT,ALLE,ALLY,ALRM,AMCR,AMN,AMP"
2026-05-18 19:00:00+00:00,L1063,L1047,confirmation,maturity,0.8194426317401711,0.7706259611084758,1,AERO,8,ABBV-AGCO;ACIC-AHCO;AERO-ALGT;AFRI-ALGT;AFRI-ALK;AGCO-ALMS;AGYS-AMBP;AMBP-AMP,-0.0031353087397292256,2.3978952727983707,0.01613691931540342,1.0789149339514972,"ABBV,ABX,ACA,ACIC,ACU,AERO,AFBI,AFRI,AGCC,AIOT,AIT,ALMS,ALSN,AMBP,AME,AMGN","A,AAL,AAP,ABNB,ABR,ABT,ACEL,ACM,ACN,ACVA,ADBE,ADSK,ADUS,AFCG,AGCO,AGNT,AGYS,AHCO,AHRT,ALCO,ALGT,ALK,ALKT,ALLE,ALLY,ALRM,AMCR,AMN,AMP"
2026-05-18 19:00:00+00:00,L1063,L1049,confirmation,maturity,0.8194426317401711,0.23237106285116838,0,,10,ABX-AIV;ACA-AMCX;ACI-AMGN;ACIW-ACU;AEG-AIT;AEM-ALMS;AES-AFRI;AFG-AMBP;AFRI-AKO-B;ALL-AMBP,-0.001165905618108809,2.3978952727983707,0.016122840690978885,0.9174363526806413,"ABBV,ABX,ACA,ACIC,ACU,AERO,AFBI,AFRI,AGCC,AIOT,AIT,ALMS,ALSN,AMBP,AME,AMGN","AARD,AAT,AAUC,ABCB,ABEV,ABM,ACAD,ACCO,ACDC,ACGL,ACI,ACIW,ACNB,ACNT,ACR,ACT,ACTG,AD,ADAG,ADC,ADI,ADP,ADT,AEBI,AEE,AEG,AEM,AENT,AEP,AER,AES,AESI,AEXA,AFG,AFL,AGI,AGMB,AGO,AHR,AIG,AIRG,AIV,AIZ,AJG,AKO-B,AKR,ALC,ALHC,ALKS,ALL,ALNT,ALRS,AM,AMAL,AMCX,AMG,AMH,AMPH"
2026-05-18 19:30:00+00:00,L1049,L1040,maturity,expansion,0.6212436128742131,0.7565600724350054,0,,7,AAT-ABX;ACET-AGCC;ACOG-ACTG;ADAG-AIIR;AERO-AGCC;AFJK-ALKS;AIRG-ALVO,0.005266935797408223,2.1432016638193754,0.03048128342245989,0.9537137140609784,"AARD,AAT,AAUC,ABCB,ABEV,ABM,ACCO,ACDC,ACGL,ACI,ACNB,ACNT,ACR,ACT,ACTG,ACVA,AD,ADAG,ADC,ADI,ADP,ADT,AEBI,AEE,AENT,AEP,AES,AFG,AFL,AGCC,AHR,AIG,AIRG,AIV,AIZ,AJG,AKO-B,AKR,ALC,ALCO,ALKS,ALRS,AM,AMAL,AMCI,AMCX,AMH,AMPH","AAOI,AAON,AAPL,ABAT,ABCL,ABEO,ABSI,ABVX,ABX,ACB,ACET,ACHV,ACLS,ACMR,ACOG,ACRS,ADEA,ADM,ADNT,ADSE,ADTN,ADV,AEHR,AEIS,AEO,AERO,AEVA,AFJK,AFRM,AGBK,AGEN,AGMB,AGPU,AGRO,AGX,AI,AIAI,AIIR,AIOT,AIP,AIRJ,AIRO,AIRS,ALAB,ALAR,ALB,ALGM,ALMR,ALMU,ALOY,ALTG,ALTO,ALVO,AMAT,AMBA,AMBQ,AMD,AMKR,AMPG,QQQ"
2026-05-18 19:45:00+00:00,L1066,L1040,confirmation,maturity,0.6225144593370349,0.5434556346507853,0,,15,AAPL-AGCC;ABAT-ACA;ABSI-ACA;ACA-ADNT;ACA-AIRO;ACA-ALB;ACA-ALTG;ACMR-AGCC;ADNT-ALSN;AGBK-ALSN;AGCC-AIIR;AGCC-AMPG;ALB-ALSN;ALB-AME;ALTG-AME,0.004273820202797651,2.79894957792144,0.0320855614973262,1.054341256901305,"ABBV,ACA,AEC,AFBI,AGCC,ALSN,AME,AMGN","AAOI,AAON,AAPL,ABAT,ABCL,ABEO,ABSI,ABVX,ACB,ACET,ACHR,ACHV,ACLS,ACMR,ACOG,ACRS,ADEA,ADM,ADNT,ADSE,ADTN,ADV,AEHR,AEIS,AEO,AERO,AEVA,AFRM,AGBK,AGEN,AGL,AGPU,AGRO,AGX,AI,AIAI,AIIR,AIOT,AIP,AIRJ,AIRO,AIRS,AKAM,ALAB,ALAR,ALB,ALGM,ALM,ALMR,ALMU,ALOY,ALTG,ALTO,ALVO,AMAT,AMBA,AMBQ,AMD,AMKR,AMPG,QQQ"
2026-05-19 13:45:00+00:00,L1067,L1068,confirmation,confirmation,0.34540047635104987,0.7476313455194553,10,AAUC;ACGL;ACIW;AFL;AIV;AJG;ALL;ALRM;AMCI;AMCX,25,A-ACIW;AARD-AIRJ;AARD-ALLT;ABT-AEO;ABT-AGNT;ACGL-AGNT;ACM-AJG;ACM-AMGN;ACN-ACVA;ADBE-ALAR;ADBE-ALKT;ADV-AI;ADV-ALOY;AEO-AFL;AEO-AJG;AEYE-AFL;AFL-AGNT;AGL-AJG;AGNT-ALL;AGNT-AMCX;AIRJ-AMCI;AKO-B-AMCI;ALAR-AMCI;ALAR-AMCX;ALAR-AMPG,0.012843289179727435,3.8561789280853374,0.013170731707317073,1.2939298883385835,"AAPL,AARD,AAUC,ABBV,ABT,ACDC,ACGL,ACI,ACIW,ACMR,ACN,ACOG,AD,ADBE,ADC,ADI,ADMA,ADP,ADSK,ADUS,ADV,AEC,AEE,AEP,AESI,AFBI,AFL,AGCC,AGMB,AGO,AGYS,AHR,AIG,AII,AIIR,AIV,AJG,ALC,ALHC,ALL,ALNY,ALRM,AM,AMCI,AMCX,AMGN,AMPG","A,ABNB,ABR,ACB,ACM,ACVA,AEO,AEYE,AFCG,AFRI,AFRM,AGL,AGNT,AHCO,AI,AIOT,AIRJ,AIRS,AKO-B,AKTS,ALAR,ALGN,ALKT,ALLT,ALMR,ALOY,ALRS,AMN"
2026-05-19 13:45:00+00:00,L1067,L1070,confirmation,confirmation,0.34540047635104987,0.5635993530417744,0,,4,ACHV-ADV;ADI-AIAI;AEBI-AMPG;AKAM-AMCI,0.0008875172934494913,1.627032560671879,0.017518248175182483,0.6820858262120945,"AAPL,AARD,AAUC,ABBV,ABT,ACDC,ACGL,ACI,ACIW,ACMR,ACN,ACOG,AD,ADBE,ADC,ADI,ADMA,ADP,ADSK,ADUS,ADV,AEC,AEE,AEP,AESI,AFBI,AFL,AGCC,AGMB,AGO,AGYS,AHR,AIG,AII,AIIR,AIV,AJG,ALC,ALHC,ALL,ALNY,ALRM,AM,AMCI,AMCX,AMGN,AMPG","AA,AAL,AAPG,ABAT,ABCL,ABEV,ABVX,ACA,ACET,ACHC,ACHV,ADAG,ADNT,ADT,ADUR,AEBI,AEG,AEM,AG,AGBK,AGEN,AGI,AGPU,AIAI,AIRO,AKAM,ALB,ALGT,ALH,ALK,ALM,ALNT,ALTG,ALTO,ALV,AMBP,AME"
2026-05-19 14:15:00+00:00,L1069,L1072,expansion,confirmation,0.3960763249576631,0.5566397329930415,11,ABG;ABM;ACEL;ACM;ACNB;ALCO;ALLE;ALVO;AMH;AMP;AMPH,19,AAT-AMP;ABM-ACR;ABM-AEP;ACAD-ADM;ACEL-ADC;ACEL-ALX;ACGL-AMP;ACM-AFG;ACRE-AFYA;ACT-ACTG;ACTG-ALH;ADC-AMP;AFG-AIZ;AFYA-AMPH;AGM-AMBP;AIG-AIZ;AIG-ALRS;AKR-AMH;AKR-AMP,0.0008696592994965613,3.7397380948895944,0.015286624203821656,1.2230423347381834,"AAL,AAMI,AAP,AAPG,ABCB,ABEV,ABG,ABM,ABR,ACA,ACCO,ACEL,ACHC,ACM,ACNB,ACRE,ACT,ADAG,ADAM,ADM,ADNT,ADT,AEG,AER,AGCO,AGNC,AHCO,AHRT,AIN,AIR,AIRG,AIRJ,AIT,AIZ,ALCO,ALG,ALGT,ALH,ALK,ALLE,ALLY,ALNT,ALRS,ALSN,ALV,ALVO,AMAL,AMBP,AMCR,AME,AMG,AMH,AMP,AMPH","AAT,AAUC,ABUS,ACAD,ACGL,ACIC,ACOG,ACR,ACTG,ACU,ADC,ADSE,AEE,AEP,AES,AFG,AFL,AFYA,AGM,AHR,AIG,AIV,AKR,ALL,ALNY,ALX,AM,AMGN"
2026-05-19 14:15:00+00:00,L1068,L1072,decay,confirmation,0.7407268285095436,0.5566397329930415,6,ACVA;AEO;AGNT;AJG;AKTS;ALRM,12,AAT-AKTS;ABUS-AKTS;ACAD-AKTS;ADC-AGNT;AEE-ALRM;AEO-AIV;AEO-ALNY;AEXA-AFL;AEYE-AFYA;AEYE-AGM;AFL-AMCX;AHR-ALRM,0.0036877543898299336,3.2335191043730527,0.015286624203821656,1.199882738174612,"A,ABNB,ACB,ACIW,ACVA,ADPT,AEO,AEXA,AEYE,AFCG,AFRM,AGBK,AGL,AGNT,AGRO,AI,AIOT,AIRS,AJG,AKTS,ALAR,ALGN,ALKT,ALLT,ALMR,ALOY,ALRM,AMCX","AAT,AAUC,ABUS,ACAD,ACGL,ACIC,ACOG,ACR,ACTG,ACU,ADC,ADSE,AEE,AEP,AES,AFG,AFL,AFYA,AGM,AHR,AIG,AIV,AKR,ALL,ALNY,ALX,AM,AMGN"
2026-05-19 14:15:00+00:00,L1068,L1040,decay,maturity,0.7407268285095436,0.9952260201073163,1,AIRS,7,ADTN-AIRS;ADV-AIRS;AERO-AIRS;AGBK-AMN;AGPU-AKTS;AIP-ALOY;AIRS-QQQ,0.004628625698387623,2.347832089441077,0.029059829059829057,1.1121028513043014,"A,ABNB,ACB,ACIW,ACVA,ADPT,AEO,AEXA,AEYE,AFCG,AFRM,AGBK,AGL,AGNT,AGRO,AI,AIOT,AIRS,AJG,AKTS,ALAR,ALGN,ALKT,ALLT,ALMR,ALOY,ALRM,AMCX","AAOI,ABSI,ACHR,ACHV,ACLS,ACNT,ACRS,ADEA,ADI,ADTN,ADV,AEHR,AEIS,AENT,AERO,AFJK,AGIO,AGPU,AGX,AIAI,AIP,ALAB,ALGM,ALKS,ALMS,ALMU,AMAT,AMBA,AMBQ,AMD,AMKR,AMLX,AMN,AMPG,QQQ"
2026-05-19 14:15:00+00:00,L1069,L1040,expansion,maturity,0.3960763249576631,0.9952260201073163,0,,8,AAP-ACNT;ABM-AMN;ACEL-ACRS;ACRS-ADAG;ACT-ALKS;ADM-AGPU;ADM-ALKS;AGIO-ALGT,0.0018105306080542505,2.21714191055946,0.029059829059829057,0.9760351555183332,"AAL,AAMI,AAP,AAPG,ABCB,ABEV,ABG,ABM,ABR,ACA,ACCO,ACEL,ACHC,ACM,ACNB,ACRE,ACT,ADAG,ADAM,ADM,ADNT,ADT,AEG,AER,AGCO,AGNC,AHCO,AHRT,AIN,AIR,AIRG,AIRJ,AIT,AIZ,ALCO,ALG,ALGT,ALH,ALK,ALLE,ALLY,ALNT,ALRS,ALSN,ALV,ALVO,AMAL,AMBP,AMCR,AME,AMG,AMH,AMP,AMPH","AAOI,ABSI,ACHR,ACHV,ACLS,ACNT,ACRS,ADEA,ADI,ADTN,ADV,AEHR,AEIS,AENT,AERO,AFJK,AGIO,AGPU,AGX,AIAI,AIP,ALAB,ALGM,ALKS,ALMS,ALMU,AMAT,AMBA,AMBQ,AMD,AMKR,AMLX,AMN,AMPG,QQQ"
2026-05-19 14:30:00+00:00,L1069,L1070,decay,maturity,0.5455560300904347,0.3038663158850572,2,AEBI;ALTG,22,AA-AGNC;AA-AIR;AA-ALK;AAON-ACRS;ABAT-ACT;ABAT-AIN;ABAT-ALK;ABAT-ALTG;ABCL-AIN;ABCL-AME;ABVX-ACA;ABVX-ACHC;ABX-ACRE;ABX-AIZ;ABX-ALG;ACET-ALGT;ACET-ALK;ACHC-AIRO;ADT-AIRO;AEBI-AGI;AEM-AME;AGEN-ALRS,0.0024843247956596315,3.30499599576905,0.019512195121951223,1.0840025320032027,"AAL,AAMI,AAP,AAPG,ABCB,ABEV,ABR,ACA,ACCO,ACHC,ACRE,ACRS,ACT,ACTG,ADAG,ADAM,ADM,ADNT,ADPT,ADT,AEBI,AER,AEXA,AGCO,AGNC,AHCO,AHRT,AIN,AIR,AIT,AIZ,ALG,ALGN,ALGT,ALH,ALK,ALLY,ALRS,ALSN,ALTG,ALV,AMAL,AMBP,AMCR,AME,AMG","AA,AAON,ABAT,ABCL,ABEO,ABVX,ABX,ACET,ADUR,AEG,AEM,AEVA,AEYE,AG,AGEN,AGI,AIRJ,AIRO,AKAM,ALB,ALM,ALNT,ALTO"
2026-05-19 14:30:00+00:00,L1072,L1070,expansion,maturity,0.6982483641841157,0.3038663158850572,0,,7,ABEO-ABUS;ACET-AGIO;ACGL-AEYE;AEYE-AFL;AEYE-AIV;AGI-AMH;AIRJ-AMP,0.001707442759652622,2.1005600033720406,0.019512195121951223,0.8287012341320548,"AAT,AAUC,ABBV,ABG,ABM,ABT,ABUS,ACAD,ACEL,ACGL,ACI,ACIC,ACM,ACNB,ACR,ACU,ACVA,ADC,ADSE,ADUS,AEE,AEO,AEP,AES,AFG,AFL,AFYA,AGIO,AGM,AGNT,AHR,AIG,AIV,AJG,AKR,AKTS,ALCO,ALKS,ALL,ALLE,ALNY,ALRM,ALVO,ALX,AM,AMGN,AMH,AMP,AMPH","AA,AAON,ABAT,ABCL,ABEO,ABVX,ABX,ACET,ADUR,AEG,AEM,AEVA,AEYE,AG,AGEN,AGI,AIRJ,AIRO,AKAM,ALB,ALM,ALNT,ALTO"
2026-05-19 14:45:00+00:00,L1069,L1040,maturity,expansion,0.5256969723374925,0.913595212579614,0,,8,ACAD-ADAG;ACRS-ADV;ACRS-AGIO;ACU-AHRT;ADT-AKTS;AHRT-AMGN;ALKS-ALSN;AMAL-AMBA,0.008613365120254457,2.2886217083155858,0.028977272727272727,1.0082896734631193,"AAL,AAMI,AAP,AAPG,ABCB,ABEV,ABR,ACA,ACCO,ACEL,ACHC,ACNT,ACRS,ACT,ACTG,ADAG,ADAM,ADM,ADNT,ADT,AER,AGCO,AGNC,AHCO,AHRT,AIN,AIR,AIT,AIZ,ALG,ALGT,ALH,ALK,ALLE,ALLY,ALRS,ALSN,ALV,AMAL,AMBP,AMCR,AME,AMG,AMPH","AAOI,ABSI,ABUS,ACAD,ACHR,ACHV,ACLS,ACU,AD,ADEA,ADI,ADTN,ADV,AEHR,AEIS,AENT,AERO,AGIO,AGPU,AGX,AIAI,AIP,AKTS,ALAB,ALGM,ALKS,ALMS,ALMU,AMAT,AMBA,AMBQ,AMD,AMGN,AMKR,AMLX,QQQ"
2026-05-19 14:45:00+00:00,L1068,L1040,maturity,expansion,0.550925659139708,0.913595212579614,0,,5,ACLS-ALOY;ACU-AIRG;ACU-ALOT;AIAI-ALOT;AIP-ALAR,0.01108836941421032,1.9613386497622247,0.028977272727272727,0.9340375148654436,"A,ABNB,ACB,ACIW,ADPT,AEXA,AFCG,AFRM,AGL,AGRO,AI,AIOT,AIRG,ALAR,ALGN,ALKT,ALLT,ALMR,ALOT,ALOY,AMCX","AAOI,ABSI,ABUS,ACAD,ACHR,ACHV,ACLS,ACU,AD,ADEA,ADI,ADTN,ADV,AEHR,AEIS,AENT,AERO,AGIO,AGPU,AGX,AIAI,AIP,AKTS,ALAB,ALGM,ALKS,ALMS,ALMU,AMAT,AMBA,AMBQ,AMD,AMGN,AMKR,AMLX,QQQ"
2026-05-19 15:00:00+00:00,L1072,L1068,expansion,maturity,0.7203503979592193,1.0552700952315908,3,AGNT;AJG;ALRM,7,A-ACTG;ACGL-AGRO;ACTG-AFRM;AEXA-AJG;AFBI-AGRO;AFCG-AKTS;AGRO-AIG,0.0035018070484511554,2.6637625347984764,0.00891089108910891,1.1999634153202283,"AAT,AAUC,ABBV,ABG,ABM,ABT,ACGL,ACI,ACIC,ACM,ACNB,ACR,ACRE,ACTG,ADC,ADSE,ADUS,AEE,AEO,AEP,AES,AEYE,AFBI,AFG,AFL,AFYA,AGM,AGNT,AHR,AIG,AIV,AJG,AKR,AKTS,ALCO,ALL,ALNY,ALRM,ALVO,ALX,AM,AMH,AMP","A,ABNB,ACB,ACIW,ADPT,AEXA,AFCG,AFRM,AGL,AGRO,AI,AIOT,ALAR,ALGN,ALKT,ALLT,ALMR,ALOY,AMCX"
2026-05-19 15:00:00+00:00,L1069,L1068,maturity,maturity,0.7293812003172659,1.0552700952315908,0,,10,AAL-AIOT;AAMI-AIOT;ABNB-ACCO;ACB-ALTG;ACIW-ACRS;ACT-AFRM;ADPT-ALLY;AEBI-AGRO;AGRO-ALG;AGRO-AMAL,0.002909236733103171,2.4239991882171905,0.00891089108910891,1.1427318193823208,"AAL,AAMI,AAP,AAPG,ABCB,ABEV,ABR,ACA,ACCO,ACEL,ACHC,ACNT,ACRS,ACT,ADAG,ADAM,ADM,ADNT,ADT,AEBI,AER,AGCO,AGNC,AHCO,AIR,AIRG,AIT,AIZ,ALG,ALGT,ALH,ALLE,ALLY,ALRS,ALSN,ALTG,ALV,AMAL,AMBP,AMCR,AME,AMG","A,ABNB,ACB,ACIW,ADPT,AEXA,AFCG,AFRM,AGL,AGRO,AI,AIOT,ALAR,ALGN,ALKT,ALLT,ALMR,ALOY,AMCX"
2026-05-19 15:30:00+00:00,L1072,L1040,expansion,maturity,0.4355245830209503,0.6149499673397203,0,,4,ABM-AMN;ACAD-ACEL;ACAD-AHRT;AER-AERO,0.008140747202560306,1.7602816538353236,0.028895184135977334,0.7595470561874287,"AAT,AAUC,ABCB,ABEV,ABG,ABM,ACEL,ACGL,ACIC,ACM,ACNB,ACR,ACRE,ADAM,ADC,ADM,ADT,AEE,AEO,AEP,AER,AES,AEYE,AFBI,AFG,AFL,AFYA,AGCO,AGM,AGNC,AGRO,AHR,AHRT,AIG,AIRG,AIRJ,AIV,AIZ,AKR,ALCO,ALH,ALL,ALLE,ALLY,ALNY,ALRS,ALV,ALVO,AM,AMBP,AMCR,AMG,AMH,AMP","AAOI,ABSI,ABUS,ACAD,ACHR,ACHV,ACLS,ACU,ADEA,ADI,ADTN,ADV,AEHR,AEIS,AENT,AERO,AGIO,AGPU,AGX,AIAI,AIP,AKTS,ALAB,ALGM,ALKS,ALMS,ALMU,AMAT,AMBA,AMBQ,AMD,AMGN,AMKR,AMLX,AMN,AMPG,QQQ"
2026-05-19 15:45:00+00:00,L1040,L1072,maturity,maturity,0.6730632369736727,0.34215349874417267,7,ABUS;ACAD;ACU;AGIO;AKTS;ALKS;AMGN,5,ACEL-ACU;ACIC-ALKS;ACU-AHRT;AGPU-ALCO;AHRT-AMGN,0.0039978716522455215,3.015524467718518,0.017475728155339806,1.0610674968682838,"AAOI,ABSI,ABUS,ACAD,ACHR,ACHV,ACLS,ACU,ADEA,ADI,ADTN,ADV,AEHR,AEIS,AENT,AERO,AGIO,AGPU,AGX,AIAI,AIP,AKTS,ALAB,ALGM,ALKS,ALMS,ALMU,AMAT,AMBA,AMBQ,AMD,AMGN,AMKR,AMLX,AMN,AMPG,QQQ","AAMI,AAT,AAUC,ABG,ABM,ACEL,ACGL,ACIC,ACM,ACNB,ACR,ACRE,ACTG,ADAM,ADC,ADM,ADSE,AEE,AEO,AEP,AER,AES,AEYE,AFBI,AFG,AFL,AFYA,AGCO,AGM,AGNC,AGRO,AHR,AHRT,AIG,AIRG,AIRJ,AIV,AIZ,AKR,ALCO,ALL,ALLE,ALLY,ALNY,ALVO,ALX,AM,AMAN,AMBP,AMCR,AMG,AMH,AMP"
2026-05-19 16:15:00+00:00,L1072,L1040,decay,maturity,0.7720615632328798,1.0212026412303425,1,AGPU,2,ACU-ALAB;AFJK-AMN,0.007776753976941109,1.7540014214583481,0.029565217391304348,0.9809143993122493,"AAT,AAUC,ABBV,ABUS,ACAD,ACEL,ACGL,ACI,ACIC,ACOG,ACR,ACU,AD,ADSE,ADUS,AEE,AEO,AEP,AES,AEYE,AFBI,AFG,AFJK,AFL,AFYA,AGIO,AGM,AGPU,AHR,AHRT,AIV,AKTS,ALKS,ALL,ALNY,ALX,AM,AMGN","AAOI,ABEO,ABSI,ACHR,ACHV,ACLS,ADEA,ADI,ADTN,ADV,AEHR,AEIS,AENT,AGX,AIAI,AIP,ALAB,ALGM,ALMS,ALMU,AMAT,AMBA,AMBQ,AMD,AMKR,AMLX,AMN,AMPG,QQQ"
2026-05-19 16:15:00+00:00,L1072,L1070,decay,maturity,0.7720615632328798,0.33628436705590836,0,,9,ACA-AGPU;ACAD-AERO;ACRS-AFJK;ACRS-ALX;AER-AKTS;AERO-AFJK;AFJK-ALTO;AHRT-ALSN;AM-AMPH,0.002968923537991941,2.331842136487619,0.01568627450980392,0.9178172543850117,"AAT,AAUC,ABBV,ABUS,ACAD,ACEL,ACGL,ACI,ACIC,ACOG,ACR,ACU,AD,ADSE,ADUS,AEE,AEO,AEP,AES,AEYE,AFBI,AFG,AFJK,AFL,AFYA,AGIO,AGM,AGPU,AHR,AHRT,AIV,AKTS,ALKS,ALL,ALNY,ALX,AM,AMGN","AA,AAL,AAMI,AAON,AAP,AAPG,ABAT,ABCB,ABCL,ABEV,ABVX,ACA,ACCO,ACET,ACHC,ACNT,ACRS,ACT,ACTG,ADAG,ADM,ADNT,ADUR,AEBI,AEG,AEM,AER,AERO,AEVA,AG,AGBK,AGEN,AGI,AGRO,AIN,AIR,AIRO,AIT,AKAM,ALB,ALG,ALGT,ALK,ALM,ALNT,ALSN,ALTG,ALTO,ALV,AMAL,AMAN,AME,AMPH"
2026-05-19 16:30:00+00:00,L1070,L1040,maturity,expansion,1.116902391125302,1.0661931581175004,0,,14,AAON-AEBI;ABAT-ACA;ABCL-AEM;ABEO-ADAG;ABSI-ACA;ABVX-AEG;ACET-ALGT;ADEA-AMN;ADNT-AIRO;ADNT-AKAM;AEVA-ALK;AEVA-ALNT;ALMS-AMAN;ALSN-AMBA,0.008282003458589315,2.761793181129381,0.03549295774647887,1.3507009037171578,"AA,AAL,AAMI,AAP,AAPG,ABCB,ABEV,ABG,ABR,ACA,ACCO,ACHC,ACNB,ACT,ADAG,ADAM,ADM,ADNT,ADT,AEBI,AEG,AEM,AER,AGBK,AGCO,AGEN,AGI,AGNC,AGRO,AHCO,AIN,AIR,AIRG,AIT,ALG,ALGT,ALH,ALK,ALLY,ALNT,ALRS,ALSN,ALTG,ALV,AMAL,AMAN,AMBP,AMCR,AME,AMG,AMN,AMP","AAOI,AAON,ABAT,ABCL,ABEO,ABSI,ABVX,ACET,ACHR,ACHV,ACLS,ACNT,ADEA,ADI,ADTN,ADUR,ADV,AEHR,AEIS,AENT,AEVA,AG,AGPU,AGX,AIAI,AIP,AIRJ,AIRO,AKAM,ALAB,ALB,ALGM,ALM,ALMS,ALMU,ALTO,AMAT,AMBA,AMBQ,AMD,AMKR,AMLX,QQQ"
2026-05-19 16:30:00+00:00,L1072,L1040,decay,expansion,0.793349799997398,1.0661931581175004,1,ACRS,5,ABEO-AGIO;ABEO-ALKS;ACET-AERO;ACIC-AENT;AGIO-ALMS,0.007515791920013726,2.1692341631710033,0.03549295774647887,1.1054953718891922,"ABUS,ACAD,ACEL,ACIC,ACR,ACRS,ACU,AD,AERO,AFJK,AGIO,AHRT,AIV,AKTS,ALKS,ALX,AMGN","AAOI,AAON,ABAT,ABCL,ABEO,ABSI,ABVX,ACET,ACHR,ACHV,ACLS,ACNT,ADEA,ADI,ADTN,ADUR,ADV,AEHR,AEIS,AENT,AEVA,AG,AGPU,AGX,AIAI,AIP,AIRJ,AIRO,AKAM,ALAB,ALB,ALGM,ALM,ALMS,ALMU,ALTO,AMAT,AMBA,AMBQ,AMD,AMKR,AMLX,QQQ"
2026-05-19 16:30:00+00:00,L1070,L1067,maturity,expansion,1.116902391125302,0.6504959279117515,0,,2,ADMA-AMAN;AGBK-ALOT,0.003332221007440239,1.2039394339923597,0.022058823529411766,0.8345131777386178,"AA,AAL,AAMI,AAP,AAPG,ABCB,ABEV,ABG,ABR,ACA,ACCO,ACHC,ACNB,ACT,ADAG,ADAM,ADM,ADNT,ADT,AEBI,AEG,AEM,AER,AGBK,AGCO,AGEN,AGI,AGNC,AGRO,AHCO,AIN,AIR,AIRG,AIT,ALG,ALGT,ALH,ALK,ALLY,ALNT,ALRS,ALSN,ALTG,ALV,AMAL,AMAN,AMBP,AMCR,AME,AMG,AMN,AMP","AAPL,AARD,ABBV,ABT,ACDC,ACI,ACMR,ACN,ADBE,ADMA,ADP,ADSK,ADUS,AEC,AESI,AFRI,AGCC,AGMB,AGO,AGYS,AII,AIIR,AIRS,ALC,ALHC,ALOT,AMCI"
2026-05-19 16:30:00+00:00,L1072,L1067,decay,expansion,0.793349799997398,0.6504959279117515,1,AD,0,,0.0025660094688646495,1.1806839971071572,0.022058823529411766,0.7316335411789459,"ABUS,ACAD,ACEL,ACIC,ACR,ACRS,ACU,AD,AERO,AFJK,AGIO,AHRT,AIV,AKTS,ALKS,ALX,AMGN","AAPL,AARD,ABBV,ABT,ACDC,ACI,ACMR,ACN,ADBE,ADMA,ADP,ADSK,ADUS,AEC,AESI,AFRI,AGCC,AGMB,AGO,AGYS,AII,AIIR,AIRS,ALC,ALHC,ALOT,AMCI"
2026-05-19 16:45:00+00:00,L1075,L1068,confirmation,expansion,0.5490573881548357,0.3730022214695632,0,,4,ABNB-AEYE;ACGL-ALRM;ACGL-AMCX;AEYE-AFCG,0.0011256575744482689,1.6317013833781018,0.014634146341463414,0.6867383506830647,"AAT,AAUC,ABEO,ABUS,ACAD,ACGL,ACIC,ACOG,ACR,ACU,ADAG,ADSE,AEE,AEO,AEP,AERO,AES,AEYE,AFBI,AFG,AFL,AFYA,AGEN,AGIO,AGM,AHR,AHRT,AIG,AIV,AKTS,ALKS,ALL,ALNY,ALX,AM,AMAN,AMCI,AMGN","A,ABNB,ABX,ACB,ACCO,ACIW,ACTG,ACVA,ADPT,AEBI,AEXA,AFCG,AFRM,AGL,AGNT,AGRO,AI,AIOT,AIRS,AJG,AKO-B,ALAR,ALGN,ALKT,ALLT,ALMR,ALOY,ALRM,AMCX"
2026-05-19 17:15:00+00:00,L1077,L1070,confirmation,expansion,0.3271648797358712,0.21006503796623316,2,ACR;AHRT,9,AAL-AHRT;AAON-ALKS;ABCL-ABUS;ABCL-ACAD;ABEO-ABVX;ABEO-AME;ADAM-AHRT;AGCO-AHRT;AHRT-AMG,0.0022436119616031647,2.6549560718799845,0.015384615384615385,0.8272156855883197,"ABEO,ABUS,ACAD,ACR,AERO,AGIO,AHRT,AKTS,ALKS,AMGN","AA,AAL,AAMI,AAON,AAP,AAPG,ABAT,ABCB,ABCL,ABEV,ABR,ABVX,ACA,ACET,ACHC,ACT,ADAG,ADAM,ADNT,ADT,ADUR,AEBI,AEG,AEM,AER,AEVA,AG,AGCO,AGEN,AGI,AGNC,AGPU,AHCO,AIN,AIR,AIRG,AIRO,AIT,AKAM,ALB,ALG,ALGT,ALH,ALK,ALM,ALNT,ALRS,ALSN,ALTG,ALTO,ALV,AMAL,AMCR,AME,AMG,AMPH"
2026-05-19 17:15:00+00:00,L1040,L1070,maturity,expansion,0.22149676674599245,0.21006503796623316,0,,8,AAON-AMBQ;AAP-AMKR;ABCL-AIAI;ABSI-AGPU;ACET-ALMS;ACHR-AMAL;ADEA-AME;AG-AMBA,0.00404907891061157,2.241231669091124,0.015384615384615385,0.692084150994141,"AAOI,ABSI,ACHR,ACHV,ACLS,ACNT,ADEA,ADI,ADSE,ADTN,ADV,AEHR,AEIS,AENT,AGX,AIAI,AIP,ALAB,ALGM,ALMS,ALMU,AMAT,AMBA,AMBQ,AMCI,AMD,AMKR,AMLX,AMPG,QQQ","AA,AAL,AAMI,AAON,AAP,AAPG,ABAT,ABCB,ABCL,ABEV,ABR,ABVX,ACA,ACET,ACHC,ACT,ADAG,ADAM,ADNT,ADT,ADUR,AEBI,AEG,AEM,AER,AEVA,AG,AGCO,AGEN,AGI,AGNC,AGPU,AHCO,AIN,AIR,AIRG,AIRO,AIT,AKAM,ALB,ALG,ALGT,ALH,ALK,ALM,ALNT,ALRS,ALSN,ALTG,ALTO,ALV,AMAL,AMCR,AME,AMG,AMPH"
2026-05-19 17:15:00+00:00,L1077,L1075,confirmation,expansion,0.3271648797358712,0.4861603837188886,0,,2,AGM-AHRT;AHRT-ALCO,0.000669339147862047,1.1206783377158183,0.01702127659574468,0.5267203549547442,"ABEO,ABUS,ACAD,ACR,AERO,AGIO,AHRT,AKTS,ALKS,AMGN","AAT,AAUC,ABG,ABM,ACEL,ACGL,ACIC,ACM,ACNB,ACOG,ACRE,ACTG,ADC,ADM,AEE,AEO,AEP,AES,AEYE,AFBI,AFG,AFL,AFYA,AGM,AGNT,AGRO,AHR,AIG,AIRJ,AIV,AIZ,AKR,ALCO,ALL,ALLE,ALLY,ALVO,ALX,AM,AMAN,AMBP,AMH,AMP"
2026-05-19 17:15:00+00:00,L1040,L1075,maturity,expansion,0.22149676674599245,0.4861603837188886,0,,1,AIAI-ALVO,0.002474806096870452,0.809809859823438,0.01702127659574468,0.4173028015846855,"AAOI,ABSI,ACHR,ACHV,ACLS,ACNT,ADEA,ADI,ADSE,ADTN,ADV,AEHR,AEIS,AENT,AGX,AIAI,AIP,ALAB,ALGM,ALMS,ALMU,AMAT,AMBA,AMBQ,AMCI,AMD,AMKR,AMLX,AMPG,QQQ","AAT,AAUC,ABG,ABM,ACEL,ACGL,ACIC,ACM,ACNB,ACOG,ACRE,ACTG,ADC,ADM,AEE,AEO,AEP,AES,AEYE,AFBI,AFG,AFL,AFYA,AGM,AGNT,AGRO,AHR,AIG,AIRJ,AIV,AIZ,AKR,ALCO,ALL,ALLE,ALLY,ALVO,ALX,AM,AMAN,AMBP,AMH,AMP"
2026-05-19 17:30:00+00:00,L1070,L1068,decay,maturity,1.112256881621375,0.652545892028568,0,,6,ABX-AIRO;ACCO-ADAG;AIRO-ALLT;AKO-B-AMAN;ALGN-ALV;ALMR-ALV,0.006044142879545689,2.0287289060398037,0.01613691931540342,1.0390435965022444,"AA,AAL,AAMI,AAON,AAPG,ABAT,ABCL,ABEV,ABVX,ACA,ACET,ACHC,ACR,ACT,ADAG,ADNT,ADUR,AEBI,AEG,AEM,AER,AEVA,AG,AGEN,AGI,AHCO,AHRT,AIN,AIR,AIRO,AIT,AKAM,ALB,ALG,ALGT,ALH,ALK,ALM,ALNT,ALSN,ALTG,ALTO,ALV,AMAL,AMAN,AME,AMPH","A,ABNB,ABX,ACB,ACCO,ACIW,ACVA,ADPT,AEXA,AFCG,AFRM,AGBK,AGL,AGNT,AI,AIAI,AIOT,AJG,AKO-B,ALAR,ALGN,ALKT,ALLT,ALMR,ALOY,ALRM,ALVO,AMCX,AMN"
2026-05-19 18:00:00+00:00,L1075,L1040,maturity,maturity,0.8947672658120289,0.6764326121768263,1,ACR,6,AAT-ACAD;ACIC-AKTS;ACR-AERO;ACRS-AGBK;ADI-AFBI;AKTS-ALX,0.00329545876593329,2.2331863402119954,0.028571428571428567,1.0339422627353696,"AAMI,AARD,AAT,AAUC,ABCB,ABG,ABM,ABR,ACEL,ACGL,ACIC,ACM,ACNB,ACOG,ACR,ACRE,ACTG,ACU,AD,ADAM,ADC,ADM,ADSE,AEE,AEO,AEP,AES,AFBI,AFG,AFJK,AFL,AFYA,AGBK,AGCO,AGM,AGNC,AGNT,AGRO,AHR,AHRT,AIG,AIT,AIV,AIZ,AKR,ALCO,ALG,ALL,ALLE,ALLY,ALNY,ALRS,ALX,AM,AMAN,AMBP,AMCR,AMG,AMH,AMN,AMP","AAOI,AAP,ABEO,ABSI,ABUS,ACAD,ACHR,ACHV,ACLS,ACNT,ACRS,ACT,ADEA,ADI,ADTN,ADV,AEHR,AEIS,AENT,AERO,AGIO,AGX,AIAI,AIP,AKTS,ALAB,ALGM,ALKS,ALMS,ALMU,AMAL,AMAT,AMBA,AMBQ,AMCI,AMD,AMGN,AMKR,AMLX,AMPG,QQQ"
2026-05-19 18:15:00+00:00,L1070,L1068,maturity,expansion,0.3566973483693436,0.4037561127191048,0,,6,ACB-ALM;ACCO-AME;ACTG-ALV;AEBI-AMN;AIN-AIRS;AIOT-AIRO,0.002835952036548406,1.985624586962352,0.015980629539951573,0.7269392794981153,"AA,AAL,AAON,AAPG,ABAT,ABCL,ABVX,ACA,ACET,ACHC,ACRS,ACT,ADAG,ADEA,ADNT,ADUR,AEBI,AEG,AEM,AEVA,AG,AGEN,AGI,AGPU,AHCO,AIN,AIR,AIRO,AKAM,ALB,ALGT,ALH,ALK,ALM,ALNT,ALSN,ALTG,ALTO,ALV,AMAN,AME,AMPH","A,ABNB,ABX,ACB,ACCO,ACIW,ACTG,ACVA,ADPT,AEXA,AFCG,AFRM,AGBK,AGL,AGNT,AGRO,AI,AIAI,AIOT,AIRJ,AIRS,AJG,AKO-B,ALAR,ALGN,ALKT,ALLT,ALMR,ALOY,ALRM,ALVO,AMCX,AMN"
2026-05-19 18:15:00+00:00,L1040,L1068,maturity,expansion,0.8598985086572926,0.4037561127191048,0,,1,ADV-AI,0.004717729287222028,0.9049356780632782,0.015980629539951573,0.6077274003597315,"AAOI,AAP,ABEO,ABSI,ABUS,ACAD,ACHR,ACHV,ACLS,ACNT,ACR,ADI,ADTN,ADV,AEHR,AEIS,AENT,AERO,AGIO,AGX,AIP,AKTS,ALAB,ALGM,ALKS,ALMS,ALMU,AMAL,AMAT,AMBA,AMBQ,AMCI,AMD,AMGN,AMKR,AMLX,AMPG,QQQ","A,ABNB,ABX,ACB,ACCO,ACIW,ACTG,ACVA,ADPT,AEXA,AFCG,AFRM,AGBK,AGL,AGNT,AGRO,AI,AIAI,AIOT,AIRJ,AIRS,AJG,AKO-B,ALAR,ALGN,ALKT,ALLT,ALMR,ALOY,ALRM,ALVO,AMCX,AMN"
2026-05-19 18:30:00+00:00,L1070,L1078,maturity,confirmation,0.6410661466506569,0.7456009516923463,0,,21,AAMI-ADAM;ABCB-ACA;ABCB-AGI;ABCB-AGPU;ABG-AHRT;ABG-AME;ACA-AMPH;ADAM-ADT;ADAM-ALV;AER-AGI;AGEN-AHR;AGEN-AMCR;AHCO-AIG;AIN-AKTS;AIT-ALH;AIT-ALK;AIT-AMAL;AIT-AME;ALG-AMBP;ALK-AMCR;ALLE-AME,0.0020816957694478333,3.1004602201447,0.018604651162790697,1.1939058822134945,"AA,AAL,AAMI,AAON,AAPG,ABAT,ABCL,ABEV,ABVX,ACA,ACET,ACHC,ACRS,ACT,ADAG,ADNT,ADT,ADUR,AEBI,AEG,AEM,AEVA,AG,AGEN,AGI,AGPU,AHCO,AHRT,AIN,AIR,AIRG,AIRO,AKAM,ALB,ALG,ALGT,ALH,ALK,ALM,ALNT,ALSN,ALTG,ALTO,ALV,AMAL,AME","AARD,AAT,AAUC,ABCB,ABG,ABM,ABR,ACEL,ACGL,ACIC,ACM,ACNB,ACOG,ACR,ACRE,AD,ADAM,ADC,ADM,ADSE,AEE,AEO,AEP,AER,AES,AEYE,AFBI,AFG,AFJK,AFL,AFYA,AGCO,AGM,AGNC,AHR,AIG,AIT,AIV,AIZ,AKR,AKTS,ALCO,ALL,ALLE,ALLY,ALNY,ALRS,AM,AMAN,AMBP,AMCR,AMG,AMH,AMP,AMPH"
2026-05-19 19:15:00+00:00,L1040,L1078,maturity,maturity,1.0350801297472123,0.40461567869071663,0,,6,AAOI-ADSE;AAOI-AMCI;ABM-AERO;ACAD-AHCO;AEHR-AMCI;AMCI-AMD,0.0052493218099698424,2.0182217981022315,0.017543859649122806,0.939095771004305,"AAOI,AAP,ABEO,ABSI,ABUS,ACAD,ACHV,ACLS,ACNT,ACR,ADEA,ADI,ADTN,ADV,AEHR,AEIS,AENT,AERO,AGIO,AGX,AIP,AKAM,ALAB,ALGM,ALKS,ALMS,ALMU,AMAT,AMBA,AMBQ,AMD,AMGN,AMKR,AMLX,AMPG,QQQ","AAT,AAUC,ABG,ABM,ABR,ACEL,ACGL,ACIC,ACM,ACNB,ACOG,ACRE,ADAM,ADC,ADM,ADSE,ADT,AEE,AEO,AEP,AES,AEYE,AFG,AFL,AFYA,AGM,AGNC,AHCO,AHR,AHRT,AIG,AIRJ,AIV,AIZ,AKR,AKTS,ALCO,ALL,ALLE,ALLY,ALNY,ALOT,ALRS,ALVO,AM,AMBP,AMCI,AMCR,AMG,AMH,AMP"
2026-05-19 19:30:00+00:00,L1078,L1067,expansion,maturity,1.2854423364394547,0.32043204816165044,4,ACOG;AD;AFBI;ALOT,11,ABBV-AD;ABT-AD;ABT-AEO;ABT-AIV;ACOG-AGO;ACOG-AGYS;ADMA-ADSE;ADMA-AEP;AEP-ALX;AES-AFRI;AIRS-AIV,0.00110262812631845,3.0012302724526134,0.022058823529411766,1.2353787070228968,"AARD,AAT,AAUC,ABCB,ABEV,ABG,ABM,ABR,ACEL,ACGL,ACIC,ACM,ACOG,ACRE,ACU,AD,ADAM,ADC,ADM,ADSE,ADT,AEE,AEO,AEP,AES,AFBI,AFG,AFL,AFYA,AGCO,AGEN,AGM,AGNC,AHCO,AHR,AHRT,AIG,AIRJ,AIV,AIZ,AKR,AKTS,ALCO,ALL,ALLE,ALLY,ALNY,ALOT,ALRS,ALVO,AM,AMBP,AMCR,AMG,AMH,AMP,AMPH","AAPL,ABBV,ABT,ACDC,ACI,ACMR,ACN,ADBE,ADMA,ADP,ADSK,ADUS,AEC,AESI,AEYE,AFJK,AFRI,AGCC,AGMB,AGO,AGYS,AII,AIIR,AIRS,ALC,ALHC,ALX"
2026-05-19 19:45:00+00:00,L1067,L1078,expansion,maturity,0.9848850709069565,0.6533258998363352,4,ABBV;ABT;ACI;AFBI,97,AAT-AGMB;AAT-ALOT;AAT-AMCI;AAUC-ABT;AAUC-ACN;AAUC-ADBE;AAUC-ADP;AAUC-ADSK;AAUC-AFRI;AAUC-AGCC;AAUC-AIIR;AAUC-AIRS;ABBV-ACCO;ABBV-ACGL;ABBV-ACM;ABBV-AIG;ABBV-ALLE;ABBV-AMCR;ABCB-ACOG;ABCB-AGMB;ABCB-ALOT;ABG-ACI;ABG-AGO;ABM-ADUS;ABM-ALC;ABM-ALHC;ABR-ABT;ABR-ACN;ABR-ADP;ABR-ADSK;ABT-ACEL;ABT-ACGL;ABT-ACM;ABT-ADT;ABT-AIZ;ABT-AMCR;ABT-AMH;ACDC-ADM;ACDC-AM;ACEL-ACI;ACEL-ACN;ACEL-ADMA;ACEL-ADSK;ACI-ACM;ACI-AHCO;ACI-AHRT;ACIC-ADMA;ACM-AIRS;ACN-ADT;ACN-ALLE;ACOG-ALLY;ACOG-ALRS;ACRE-AGO;ACTG-AGO;ACTG-AGYS;AD-AMAN;ADAM-AGO;ADAM-ALC;ADAM-ALOT;ADBE-ADT;ADBE-ALVO;ADM-AFRI;ADM-AIRS;ADM-AMCI;ADMA-ALVO;ADP-ADT;ADP-AIZ;ADP-ALLE;ADP-ALVO;ADP-AMCR;ADP-AMH;ADP-AMP;ADSK-ADT;ADSK-ALVO;ADUS-ALH;ADUS-ALLY;ADUS-ALRS;AEO-AGO;AEO-ALC;AFG-AGO;AGCO-ALC;AGMB-AMAN;AGNC-AGO;AGNC-ALC;AGO-AIV;AGO-AKR;AGO-AKTS;AGO-ALH;AGO-AMCR;AGO-AMP;AGRO-ALC;ALC-ALH;ALC-ALLY;ALC-ALRS;ALH-ALHC;ALOT-AMG;ALOT-AMH,0.0013997201604070142,4.664758713748317,0.016216216216216217,1.6600854020924993,"AAPL,ABBV,ABT,ACDC,ACI,ACMR,ACN,ACOG,ACR,AD,ADBE,ADMA,ADP,ADSK,ADUS,AEC,AESI,AFBI,AFRI,AGCC,AGMB,AGO,AGYS,AII,AIIR,AIRS,ALC,ALHC,ALOT,ALX,AMCI","AARD,AAT,AAUC,ABCB,ABG,ABM,ABR,ACCO,ACEL,ACGL,ACIC,ACM,ACRE,ACTG,ADAM,ADC,ADM,ADT,AEE,AEO,AEP,AEYE,AFG,AFL,AFYA,AGCO,AGM,AGNC,AGRO,AHCO,AHR,AHRT,AIAI,AIG,AIRJ,AIV,AIZ,AKO-B,AKR,AKTS,ALCO,ALH,ALL,ALLE,ALLY,ALNY,ALRS,ALVO,AM,AMAN,AMBP,AMCR,AMG,AMH,AMP"
2026-05-20 14:00:00+00:00,L1078,L1068,expansion,maturity,0.8051025775282503,0.751408172507523,6,ABR;ACDC;ADI;ALTO;AMCI;AMGN,52,A-AFRM;A-ALMR;AAP-AFRM;AAP-AGCC;AAP-ALGN;AAP-ALTG;AARD-AIAI;AAT-ADT;ABG-ALX;ABR-AFRI;ABR-ALGN;ABR-ALLT;ACB-ACGL;ACDC-AESI;ACDC-ALB;ACEL-AGBK;ACEL-ALKT;ACGL-ADBE;ACGL-AGBK;ACGL-AGNT;ACN-AJG;ACNB-ALTG;ACVA-AMGN;ADBE-ALTO;ADC-AMH;ADI-AFRI;ADI-AGL;ADI-ALLT;ADM-AESI;ADT-AIG;ADT-AIZ;ADT-ALV;ADT-AMN;ADV-AGBK;ADV-AGL;ADV-ALTG;AEC-AKTS;AESI-AGRO;AEYE-AMAL;AFBI-AFRI;AGL-ALL;AIG-ALGN;ALB-ALTO;ALG-ALGN;ALG-ALTG;ALGN-ALV;ALGN-AMCR;ALL-ALLT;ALLT-AMGN;ALRM-ALTO;ALTG-AMCR;ALV-ALX,0.01133955828845501,4.191682318872922,0.022588235294117645,1.5182620400230802,"A,AAP,AARD,AAT,ABBV,ABG,ABM,ABR,ACCO,ACDC,ACEL,ACGL,ACHC,ACI,ACNB,ADC,ADI,ADM,ADV,AEP,AERO,AES,AFBI,AFJK,AFL,AGRO,AHCO,AIG,AIN,AIT,AIV,AIZ,AJG,AKAM,AKO-B,AKR,AKTS,ALG,ALL,ALLE,ALOT,ALTO,ALV,AMAL,AMBP,AMCI,AMCR,AMGN,AMN,AMP","AAUC,ABAT,ABNB,ABT,ABX,ACB,ACHR,ACIC,ACIW,ACM,ACN,ACTG,ACVA,ADAG,ADBE,ADMA,ADP,ADSK,ADT,AEC,AENT,AESI,AEYE,AFRI,AFRM,AFYA,AGBK,AGCC,AGL,AGNT,AGYS,AI,AIAI,AII,AIIR,AIRO,AIRS,ALAR,ALB,ALGN,ALKT,ALLT,ALMR,ALMU,ALOY,ALRM,ALTG,ALVO,ALX,AMH"
2026-05-20 14:30:00+00:00,L1040,L1068,expansion,maturity,0.8963843461137572,0.9867427342989656,5,AARD;AENT;AIAI;AII;ALCO,7,AARD-ADP;ADAG-AIAI;AESI-AMBQ;AEXA-ALB;AGYS-ALCO;AII-ALOY;ALB-ALCO,0.004422165337018669,2.914642413383118,0.021327014218009477,1.2967977796022978,"AA,AAOI,AAON,AAPG,AAPL,AARD,ABCL,ABEO,ABEV,ABSI,ABUS,ABVX,ACAD,ACHV,ACLS,ACMR,ACNT,ACR,ACRS,ACU,AD,ADAM,ADEA,ADSE,ADTN,ADUS,AEBI,AEHR,AEIS,AENT,AER,AEXA,AGEN,AGIO,AGM,AGNC,AGPU,AGX,AHR,AIAI,AII,AIOT,AIP,AIR,AIRG,ALAB,ALCO,ALGM,ALH,ALHC,ALKS,ALM,ALMS,ALNT,ALNY,ALRS,AMAT,AMBA,AMBQ,AMD,AMKR,AMLX,AMPG,AMPH,QQQ","A,AAUC,ABAT,ABNB,ABT,ACB,ACDC,ACHR,ACIC,ACIW,ACM,ACN,ACVA,ADAG,ADBE,ADI,ADMA,ADP,ADSK,ADT,AESI,AEYE,AFRI,AFRM,AFYA,AGBK,AGCC,AGL,AGNT,AGYS,AI,AIIR,AIRO,AIRS,ALAR,ALB,ALGN,ALKT,ALLT,ALMR,ALMU,ALOY,ALRM,ALTO,ALVO,AMCI"
2026-05-20 15:00:00+00:00,L1087,L1078,expansion,expansion,1.0243916915540001,0.43279709535398336,4,ACOG;ACT;AGRO;AM,30,AAMI-ACRE;ABCB-ACNB;ABCB-AEP;ABEO-ALL;ABEV-AEM;ABG-AGI;ABG-AIT;ACCO-ADUS;ACCO-AIN;ACOG-AEE;ACOG-AEP;ACOG-ALOT;ACRE-ADUS;ACT-AIV;ACTG-AGMB;ACTG-AIN;ADPT-AIG;ADPT-AIT;AEC-ALGN;AEE-AM;AEG-AEM;AEP-AM;AFBI-AFG;AFBI-AMAN;AGCC-AIZ;AIN-ALSN;AIT-ALX;AIV-AKR;AKO-B-ALLY;ALLY-AMAL,0.0037586775433737785,3.673153135108353,0.013186813186813187,1.3574229418275052,"AAL,AAMI,AAON,ABCB,ABCL,ABEO,ABEV,ABG,ABM,ABSI,ACA,ACET,ACHV,ACOG,ACT,ADAM,ADNT,ADPT,ADUR,ADUS,AEC,AEG,AEO,AER,AEVA,AFCG,AFG,AG,AGCC,AGMB,AGNC,AGO,AGRO,AHR,AHRT,AIN,AIRJ,AKR,AKTS,ALC,ALGT,ALK,ALLY,ALMS,ALNT,ALX,AM,AMAN,AMG","A,AAP,AARD,AAT,ABBV,ACCO,ACEL,ACGL,ACHC,ACI,ACM,ACNB,ACRE,ACTG,ADC,ADI,ADM,ADV,AEE,AEM,AEP,AERO,AES,AFBI,AFJK,AFL,AGBK,AGCO,AGI,AHCO,AIG,AIT,AIV,AIZ,AJG,AKO-B,ALG,ALGN,ALL,ALLE,ALOT,ALSN,ALTG,ALV,AMAL,AMBP,AMCI,AMCR,AMCX,AME,AMH,AMN,AMP"
2026-05-20 15:45:00+00:00,L1087,L1040,maturity,maturity,0.6375683751205422,0.7470152636259741,2,AARD;ADAM,19,ABCL-ALC;ABEO-AEO;ABEV-ADAM;ACAD-ADAM;ACET-ALCO;ACET-ALMS;ACHV-ALK;ADAM-AIR;ADAM-AIRJ;ADNT-ALMS;ADUS-AER;ADUS-ALHC;AEG-AIR;AEO-ALNY;AEVA-ALGM;AGM-ALH;AGNC-AHRT;AKR-QQQ;ALH-ALKS,0.0014072310295887291,3.1839001697758054,0.030563002680965144,1.215934584470051,"AAL,AAMI,AARD,ABCB,ABG,ABM,ACA,ACET,ACTG,ADAM,ADNT,ADPT,ADUS,AEC,AEG,AEO,AEVA,AFCG,AFG,AG,AGMB,AGO,AHRT,AIN,AKR,AKTS,ALC,ALGT,ALH,ALK,ALLY,AMG","AA,AAOI,AAON,AAPG,AAPL,ABCL,ABEO,ABEV,ABSI,ABUS,ABVX,ACAD,ACHV,ACLS,ACMR,ACR,ACRS,ACU,AD,ADEA,ADSE,ADTN,ADUR,AEBI,AEHR,AEIS,AER,AEXA,AGEN,AGIO,AGM,AGNC,AGPU,AGX,AIOT,AIP,AIR,AIRG,AIRJ,ALAB,ALCO,ALGM,ALHC,ALKS,ALM,ALMS,ALNT,ALNY,ALRS,AMAN,AMAT,AMBA,AMBQ,AMD,AMKR,AMLX,AMPG,AMPH,QQQ"
2026-05-20 16:00:00+00:00,L1078,L1040,expansion,maturity,0.8725715632159687,0.4155676937327328,0,,9,AAON-AKAM;AARD-ADC;ABSI-ADPT;ACNT-AFCG;ACNT-ALMR;ADEA-AENT;ADTN-AENT;AER-AME;ALOT-AMBQ,0.00045254616998136044,2.307100345581106,0.030399999999999996,0.967776863479887,"A,AAP,AAT,ABBV,ABM,ABR,ABX,ACCO,ACI,ACNB,ACOG,ACRE,ADC,ADPT,ADT,AEE,AEM,AENT,AEP,AERO,AEYE,AFCG,AFJK,AFL,AGCO,AGI,AHCO,AIG,AIT,AIV,AIZ,AJG,AKAM,AKO-B,ALG,ALGN,ALLE,ALMR,ALOT,ALSN,ALTG,ALV,AM,AMAL,AMBP,AMCR,AMCX,AME,AMN,AMP","AA,AAOI,AAON,AAPG,AAPL,AARD,ABCL,ABEO,ABEV,ABSI,ABUS,ABVX,ACAD,ACLS,ACMR,ACNT,ACR,ACRS,ACU,AD,ADAM,ADEA,ADSE,ADTN,ADUR,AEBI,AEHR,AEIS,AER,AEXA,AGEN,AGIO,AGM,AGNC,AGPU,AGX,AHR,AIAI,AIOT,AIP,AIR,AIRG,ALAB,ALCO,ALGM,ALHC,ALKS,ALM,ALNT,ALNY,ALRS,AMAN,AMAT,AMBA,AMBQ,AMD,AMKR,AMLX,AMPG,AMPH,QQQ"
2026-05-20 17:30:00+00:00,L1087,L1068,expansion,maturity,0.7473651282807977,1.0040221843607906,0,,1,AI-ALX,0.0023764173383824527,0.8054225138928572,0.02,0.7297718222656907,"AAL,AAMI,AARD,ABCB,ABEO,ABG,ABM,ABSI,ACA,ACCO,ACET,ACHV,ACTG,ADNT,ADPT,ADUS,AEC,AEG,AEO,AEVA,AFCG,AFG,AG,AGCO,AGMB,AIAI,AIN,AIRJ,AKTS,ALC,ALGT,ALH,ALK,ALLY,ALMS,ALX,AME,AMG,AMLX","AAUC,ABAT,ABNB,ABT,ACB,ACGL,ACHR,ACIC,ACIW,ACM,ACN,ACVA,ADAG,ADBE,ADI,ADMA,ADP,ADSK,ADV,AFRI,AFRM,AFYA,AGBK,AGCC,AGL,AGNT,AGYS,AI,AIIR,AIRO,AIRS,ALAR,ALGN,ALKT,ALLT,ALMR,ALMU,ALOY,ALRM,ALTG,ALTO,ALVO,AMH"
2026-05-20 17:45:00+00:00,L1068,L1040,maturity,maturity,0.7949645560434891,0.5194737704876553,0,,1,AENT-AEXA,0.0025158592616207898,0.8116348239939905,0.027717391304347822,0.6013978126534931,"AAUC,ABAT,ABNB,ABT,ACB,ACGL,ACHR,ACIC,ACIW,ACM,ACN,ACVA,ADAG,ADBE,ADI,ADMA,ADP,ADSK,ADV,AENT,AFRI,AFRM,AFYA,AGBK,AGCC,AGL,AGNT,AGYS,AI,AII,AIIR,AIRO,AIRS,ALAR,ALKT,ALLT,ALMR,ALMU,ALOY,ALRM,ALTG,ALTO,ALVO,AMH","AAOI,AAPG,AAPL,ABCL,ABEV,ABUS,ABVX,ACAD,ACLS,ACMR,ACR,ACRS,ACU,AD,ADAM,ADEA,ADSE,ADTN,ADUR,AEBI,AEHR,AEIS,AER,AEXA,AGEN,AGIO,AGM,AGNC,AGO,AGPU,AIOT,AIR,AIRG,AKR,ALAB,ALGM,ALH,ALHC,ALKS,ALM,ALNT,ALNY,ALRS,AMAN,AMAT,AMBA,AMBQ,AMD,AMKR,AMPG,AMPH,QQQ"
2026-05-20 18:00:00+00:00,L1087,L1078,maturity,maturity,0.9046133602223166,0.12542415929703712,6,ABM;ACCO;ADUS;AFCG;AGMB;AGO,18,AA-AEG;AAP-ABM;AARD-ALV;AAT-AIN;ABG-ALGN;ACCO-ADC;ACCO-AMCX;ACCO-AMN;ACHC-ADUS;AEC-AMAL;AEO-AGCO;AFBI-AHRT;AGRO-ALC;AIT-ALTG;ALGN-ALX;ALLE-AME;ALMR-ALX;ALX-AMN,0.0018105230992659926,3.4398106125766965,0.018633540372670808,1.171758940055881,"AAL,AAMI,AAON,AARD,ABCB,ABG,ABM,ABSI,ABX,ACA,ACCO,ACET,ACRE,ACTG,ADNT,ADPT,ADUS,AEC,AEG,AEM,AENT,AEO,AEVA,AFCG,AFG,AG,AGCC,AGI,AGMB,AGO,AHRT,AIAI,AIN,AIRJ,AIT,AKAM,AKTS,ALC,ALG,ALGT,ALH,ALK,ALLY,ALMS,ALX,AME,AMG","A,AA,AAP,AAT,ABBV,ACDC,ACHC,ACI,ACNB,ACNT,ACOG,ACT,ADC,ADM,ADT,AEE,AEP,AERO,AES,AESI,AFBI,AFJK,AFL,AGCO,AGRO,AHCO,AHR,AIG,AII,AIP,AIV,AIZ,AJG,AKO-B,ALB,ALCO,ALGN,ALL,ALLE,ALMR,ALOT,ALSN,ALTG,ALV,AM,AMAL,AMCI,AMCR,AMCX,AMGN,AMN,AMP"
2026-05-20 18:30:00+00:00,L1040,L1087,expansion,maturity,0.3500697547617194,0.41349010430890687,13,AA;ABSI;ACR;AER;AGMB;AGO;AHR;AIP;AIR;AKR;ALH;ALNT;AMLX,16,AA-AFG;AARD-ALNY;ABCB-AHR;ABEV-AIR;ABEV-ALMS;ABG-ACET;ACA-AKR;ACA-ALH;ACAD-AG;ACR-ADNT;ACTG-ALH;ADEA-AGCO;ADNT-AKR;AEHR-AEVA;AEO-ALH;ALLY-AMAT,0.0004778280417667702,3.7623107267408433,0.01791044776119403,1.172332206570578,"AA,AAOI,AAON,AAPG,AAPL,ABCL,ABEO,ABSI,ABUS,ABVX,ACAD,ACET,ACHV,ACLS,ACMR,ACR,ACRS,ACU,AD,ADAM,ADEA,ADSE,ADTN,ADUR,AEBI,AEHR,AEIS,AER,AEXA,AFBI,AGEN,AGIO,AGM,AGMB,AGNC,AGO,AGPU,AGX,AHR,AII,AIOT,AIP,AIR,AIRG,AKR,ALAB,ALGM,ALH,ALHC,ALKS,ALM,ALMS,ALNT,ALNY,ALRS,AMAN,AMAT,AMBA,AMBQ,AMD,AMKR,AMLX,AMPG,AMPH,QQQ","AAL,AAMI,AARD,ABCB,ABEV,ABG,ABX,ACA,ACRE,ACTG,ADNT,ADPT,AEC,AEG,AEM,AENT,AEO,AEVA,AFG,AG,AGCO,AGI,AHRT,AIAI,AIN,AIRJ,AIT,AKTS,ALC,ALGT,ALK,ALLY,AME,AMG"
2026-05-20 19:00:00+00:00,L1087,L1068,maturity,maturity,0.6029350750581404,0.621891491445733,0,,4,ACIW-ACNB;AEO-AG;AG-ALGT;AI-AIAI,0.0026749263633973897,1.6615544687530825,0.022911694510739856,0.7862733413160437,"AA,AAL,AAMI,AARD,ABCB,ABEV,ABG,ABM,ACA,ACNB,ACT,ADNT,ADPT,ADUS,AEC,AEG,AEO,AFG,AFJK,AGMB,AGO,AIAI,AIN,AIV,AJG,AKO-B,AKR,AKTS,ALC,ALCO,ALGT,ALH,ALK,ALLY,ALX,AMAL,AMG,AMLX","AAUC,ABAT,ABNB,ABT,ABX,ACB,ACGL,ACHR,ACIW,ACM,ACN,ACVA,ADAG,ADBE,ADI,ADMA,ADP,ADSK,AENT,AEVA,AEYE,AFRI,AFYA,AG,AGBK,AGCC,AGL,AGNT,AGYS,AI,AIIR,AIRO,AIRS,AKAM,ALAR,ALKT,ALLT,ALMR,ALMU,ALOY,ALRM,ALTO,ALVO,AMH"
2026-05-20 19:15:00+00:00,L1087,L1068,decay,maturity,0.45622534723452113,0.3535382577766681,0,,6,AARD-AAUC;AARD-ADP;ABX-AIN;ACHR-AG;AGCC-AIAI;ALAR-ALX,0.0033522218000143766,1.9926877015249445,0.023021582733812947,0.7445542442946649,"AAL,AAMI,AARD,ABCB,ABG,ACA,ACTG,ADNT,AEC,AEG,AEO,AG,AIAI,AIN,AIRJ,ALGT,ALK,ALLY,ALX,AMG","AAUC,ABAT,ABNB,ABT,ABX,ACB,ACGL,ACHR,ACIW,ACM,ACN,ACVA,ADAG,ADBE,ADI,ADMA,ADP,ADSK,ADV,AEYE,AFRI,AFRM,AFYA,AGBK,AGCC,AGL,AGNT,AGYS,AI,AIIR,AIRO,AIRS,ALAR,ALKT,ALLT,ALMR,ALMU,ALOY,ALRM,ALTO,ALVO,AMH"
2026-05-20 19:30:00+00:00,L1087,L1068,expansion,maturity,0.470929022242201,0.3360732700029179,1,AERO,5,ACTG-AFRM;AEC-AFRM;AFRM-ALX;AGBK-AGCO;ALMR-ALX,0.0016282470314763486,2.099590273676299,0.01875,0.7698107560926104,"AAL,AAMI,ABCB,ABG,ABM,ACCO,ACRE,ACTG,ADNT,ADPT,ADUS,AEC,AEG,AEM,AEO,AERO,AFCG,AG,AGCO,AGI,AGMB,AIAI,AIN,AIT,ALGT,ALK,ALLY,ALX,AME,AMG","AAUC,ABAT,ABNB,ABT,ACB,ACGL,ACHR,ACIW,ACN,ACVA,ADAG,ADBE,ADI,ADMA,ADP,ADSK,ADV,AFRI,AFRM,AFYA,AGBK,AGCC,AGL,AGNT,AGYS,AI,AIIR,AIRO,AIRS,ALAR,ALKT,ALLT,ALMR,ALMU,ALOY,ALRM,ALVO,AMH"
2026-05-20 19:45:00+00:00,L1068,L1087,expansion,maturity,0.6586711132208753,0.8416962868622633,0,,58,AAL-ACHR;AAL-AERO;AAL-AFRM;AAL-AFYA;AAL-ALTG;AAMI-AERO;AAUC-AIRJ;ABAT-AEVA;ABCB-ACIW;ABCB-ALAR;ABNB-AG;ACA-ACIW;ACA-AFRM;ACA-ALKT;ACA-ALTG;ACGL-AFG;ACHR-AEVA;ACHR-AG;ACIW-ADPT;ACIW-AFG;ACIW-ALLY;ACM-ADPT;ACM-ALLY;ACN-ACTG;ACTG-ADP;ADBE-AFG;ADI-ADPT;ADMA-ALLY;ADNT-ALTG;ADP-AFG;ADSK-AFG;ADSK-AHRT;ADV-AEVA;ADV-AKR;ADV-ALLY;ADV-AMLX;AEG-AERO;AEO-AFRM;AERO-ALLY;AEVA-AKAM;AFG-ALKT;AFG-AMH;AFRM-ALK;AFRM-ALLY;AFYA-ALK;AFYA-ALLY;AG-AIRO;AGCC-ALGT;AHRT-ALKT;AIAI-ALMU;AIN-ALAR;AIRJ-ALLT;AKAM-AMLX;AKR-ALTG;ALAR-AMG;ALK-ALTG;ALLT-ALNY;ALRM-ALX,0.006906780996359885,4.0891758624718015,0.012949640287769784,1.4743466316860574,"AAUC,ABAT,ABNB,ABT,ABX,ACB,ACGL,ACHR,ACIC,ACIW,ACM,ACN,ACVA,ADAG,ADBE,ADI,ADMA,ADP,ADSK,ADV,AERO,AFRI,AFRM,AFYA,AGBK,AGCC,AGL,AGNT,AGYS,AI,AIIR,AIRO,AIRS,AKAM,ALAR,ALKT,ALLT,ALMU,ALOY,ALRM,ALTG,ALVO,AMH","AAL,AAMI,AARD,ABCB,ABG,ABM,ACA,ACTG,ADNT,ADPT,AEC,AEG,AEO,AEVA,AFG,AG,AHRT,AIAI,AIN,AIRJ,AKR,ALGT,ALH,ALK,ALLY,ALNY,ALX,AMG,AMLX"
2026-05-21 14:00:00+00:00,L1101,L1098,expansion,maturity,0.9770785510011477,0.9719388252845844,1,ACRS,29,ABAT-AIRJ;ABAT-ALMS;ABR-AEVA;ABSI-AIRG;ACLS-ADTN;ACLS-AEHR;ACLS-AIP;ACLS-ALAB;ACLS-AMBA;ACMR-AEVA;ACU-AIAI;ADTN-ALGM;AEC-AEXA;AEC-AGCC;AEVA-AMKR;AEXA-AMKR;AEYE-AIIR;AEYE-AIRG;AFCG-ALGM;AGMB-AIRO;AIOT-ALAR;AIP-ALB;ALAB-AMAT;ALAB-AMD;ALAB-AMKR;ALAB-QQQ;ALV-AMGN;AMBQ-AMD;AMBQ-QQQ,0.006056970945792273,3.4844870306067786,0.021311475409836064,1.4590236918488895,"AAL,AAMI,AAON,AAT,ABCB,ABG,ABM,ABR,ABSI,ABUS,ABVX,ACAD,ACET,ACHR,ACLS,ACMR,ACRS,ACTG,ACU,ADMA,ADNT,ADT,AEC,AEG,AEM,AEO,AER,AERO,AEYE,AFYA,AG,AGI,AGIO,AGMB,AIN,AIOT,AIR,AIRJ,AIT,AKR,AKTS,ALB,ALGM,ALGN,ALGT,ALH,ALK,ALKS,ALLE,ALLY,ALMS,ALNT,ALNY,ALSN,ALV,AMAL,AMAT,AMCR,AMD,AME,AMG,AMKR,AMLX,QQQ","AA,AAOI,AAP,AAPG,AAUC,ABAT,ABCL,ABEO,ACHV,ACNT,ACR,ADTN,ADUR,ADV,AEE,AEHR,AEIS,AEVA,AEXA,AFCG,AGCC,AGL,AGM,AGPU,AGRO,AGX,AIAI,AIIR,AIP,AIRG,AIRO,AKAM,ALAB,ALAR,ALC,ALLT,ALM,ALMR,ALMU,ALOT,AMAN,AMBA,AMBQ,AMGN,AMPG,AMPH"
2026-05-21 15:00:00+00:00,L1099,L1101,expansion,maturity,0.39912048195827604,1.0005276809891004,0,,35,A-ALH;AAL-AGO;AAMI-ACEL;AAMI-ACIW;AAMI-AD;ABG-ADP;ABG-AFBI;ABM-AMCR;ACCO-ALK;ACCO-AMCR;ACEL-AEO;ACEL-AIZ;ACEL-ALLY;ACM-ALLY;ACM-AMCR;ACTG-ALGN;ACTG-ALGT;ACTG-ALK;ACTG-AMCR;ACTG-AMG;AD-AEM;ADNT-AMCX;ADP-AMCR;ADSK-ALK;AEG-AMH;AEO-ALG;AEO-ALNY;AERO-AMCX;AFBI-AIOT;AFBI-ALGN;AFG-ALLE;AGI-AGYS;AHRT-AMCX;AIOT-AMH;AIV-ALK,0.0018626587116159499,3.5886796510186554,0.01702127659574468,1.3196175531282386,"A,AARD,AAT,ABM,ABSI,ABX,ACB,ACCO,ACEL,ACIW,ACM,ACNB,ACTG,AD,ADC,ADP,ADPT,ADSK,AES,AEYE,AFBI,AFG,AFRM,AGNT,AGO,AGYS,AHCO,AI,AIIR,AIN,AIV,AJG,ALCO,ALG,ALHC,ALKT,ALNY,ALRM,ALRS,ALX,AMCX,AMH","AAL,AAMI,AAPL,ABCB,ABEV,ABG,ABVX,ACRE,ADMA,ADNT,AEG,AEM,AEO,AERO,AG,AGI,AGMB,AHRT,AIOT,AIR,AIRJ,AIT,AIZ,AKR,AKTS,ALAR,ALGN,ALGT,ALH,ALK,ALKS,ALLE,ALLY,ALNT,ALSN,ALV,AMAL,AMCR,AME,AMG,AMP"
2026-05-21 15:45:00+00:00,L1112,L1113,confirmation,confirmation,0.7409448806460794,0.4291844066305411,2,ACAD;AMBP,14,AAL-AEM;ACHC-ADMA;ACHC-AG;ACM-AEM;ACN-ADAM;ADAM-AMN;ADMA-AGIO;ADT-AHRT;AER-AHRT;AGCO-AMCR;AGI-AHRT;AGNC-ALX;AHRT-ALL;AIT-ALL,-0.0005920407129451632,2.9444389791664403,0.009022556390977442,1.0885019144332428,"ABNB,ABSI,ABT,ACAD,ACET,ACGL,ACHC,ACI,ACIC,ACN,ACOG,ACT,ACVA,ADBE,ADI,ADT,AEM,AENT,AER,AFRI,AGCO,AGI,AGIO,AGYS,AKTS,ALL,ALVO,ALX,AMBP,AMN","A,AAL,ABCB,ABG,ABUS,ACM,ACTG,ADAM,ADMA,ADNT,AG,AGMB,AGNC,AHRT,AIOT,AIR,AIRJ,AIT,AIZ,AKR,ALGN,ALGT,ALH,ALK,ALLE,ALLY,ALMS,ALSN,AMCR,AME,AMG,AMH,AMP"
2026-05-21 15:45:00+00:00,L1112,L1099,confirmation,maturity,0.7409448806460794,0.1482417813596208,0,,18,AARD-AKTS;ABNB-AGNT;ABNB-AGO;ABT-ADSK;ACA-ACET;ACA-AGYS;ACGL-AMCX;ACIC-ADSK;ACIW-ADI;ACNB-ACOG;ACT-AGNT;AD-AKTS;ADBE-ALRS;ADPT-AENT;AER-ALKT;AGYS-ALHC;ALRS-AMN;AMCX-AMN,-0.00012353855709079653,2.9444389791664403,0.014150943396226415,1.004988384902754,"ABNB,ABSI,ABT,ACAD,ACET,ACGL,ACHC,ACI,ACIC,ACN,ACOG,ACT,ACVA,ADBE,ADI,ADT,AEM,AENT,AER,AFRI,AGCO,AGI,AGIO,AGYS,AKTS,ALL,ALVO,ALX,AMBP,AMN","AAMI,AARD,AAT,ABM,ABX,ACA,ACB,ACCO,ACEL,ACIW,ACNB,AD,ADC,ADP,ADPT,ADSK,ADUS,ADV,AEBI,AEO,AERO,AES,AEYE,AFBI,AFG,AFRM,AGNT,AGO,AHCO,AI,AIIR,AIN,AIV,AJG,ALCO,ALG,ALHC,ALKT,ALNY,ALRM,ALRS,ALTG,AMCX"
2026-05-21 15:45:00+00:00,L1110,L1113,decay,confirmation,0.3439455290073956,0.4291844066305411,1,ALNT,13,AAPL-ALGN;ABUS-ABVX;ABVX-AG;ADAM-ADM;AEC-AIOT;AEG-AMH;AFL-AGNC;AFL-AHRT;AGNC-ALAR;AHRT-ALAR;AII-AIR;AIZ-ALNT;ALMS-ALNT,0.0006260917871259153,2.776494159750632,0.009022556390977442,0.9274159040876856,"AAPL,ABBV,ABEV,ABVX,ACDC,ACRE,ADAG,ADM,AEC,AEG,AEP,AFJK,AFL,AFYA,AGBK,AGCC,AGEN,AIG,AII,ALAR,ALC,ALKS,ALNT,ALTO,AMAL,AMGN","A,AAL,ABCB,ABG,ABUS,ACM,ACTG,ADAM,ADMA,ADNT,AG,AGMB,AGNC,AHRT,AIOT,AIR,AIRJ,AIT,AIZ,AKR,ALGN,ALGT,ALH,ALK,ALLE,ALLY,ALMS,ALSN,AMCR,AME,AMG,AMH,AMP"
2026-05-21 15:45:00+00:00,L1110,L1099,decay,maturity,0.3439455290073956,0.1482417813596208,0,,2,AARD-ALTO;ACEL-AIG,0.001094593942980282,1.1344488828812793,0.014150943396226415,0.4333910553398587,"AAPL,ABBV,ABEV,ABVX,ACDC,ACRE,ADAG,ADM,AEC,AEG,AEP,AFJK,AFL,AFYA,AGBK,AGCC,AGEN,AIG,AII,ALAR,ALC,ALKS,ALNT,ALTO,AMAL,AMGN","AAMI,AARD,AAT,ABM,ABX,ACA,ACB,ACCO,ACEL,ACIW,ACNB,AD,ADC,ADP,ADPT,ADSK,ADUS,ADV,AEBI,AEO,AERO,AES,AEYE,AFBI,AFG,AFRM,AGNT,AGO,AHCO,AI,AIIR,AIN,AIV,AJG,ALCO,ALG,ALHC,ALKT,ALNY,ALRM,ALRS,ALTG,AMCX"
2026-05-21 16:00:00+00:00,L1099,L1110,decay,expansion,0.5773945860296146,0.4366489431135972,0,,7,ABM-ADT;ACEL-ADT;ACEL-AER;ADP-ADUS;ADT-AHCO;ADT-ALG;ALKT-ALL,0.001433029625331983,2.097195867065301,0.02,0.8315120255092888,"AAT,ABM,ABX,ACB,ACCO,ACEL,ACIW,ACNB,ADP,ADSK,ADV,AEO,AERO,AES,AFBI,AFRM,AHCO,AI,AIIR,AIN,AJG,ALG,ALKT,ALNY,ALRM,ALRS","AAPL,ABBV,ABEV,ABT,ABVX,ACDC,ACGL,ACHC,ACN,ACRE,ACT,ACVA,ADAG,ADAM,ADM,ADMA,ADT,ADUS,AEC,AEG,AEP,AER,AFJK,AFL,AFYA,AGBK,AGCC,AGIO,AGNC,AIG,AII,AIRO,ALAR,ALC,ALKS,ALL,ALOT,ALTO,AMAL,AMGN,AMN"
2026-05-21 16:15:00+00:00,L1113,L1099,decay,expansion,0.5433582659316034,0.8609538562569536,1,ADC,17,A-ACNB;AAL-AJG;AAMI-ALG;ABM-ALGT;ACB-AIRJ;ACCO-ACTG;ACEL-ALLY;ACM-ADAM;ACM-AFG;ACM-AIZ;ACM-AKR;ACM-ALLY;ACTG-ADSK;AEO-ALH;AGO-ALRS;AHCO-AMG;ALG-AMG,0.0016205305000767112,3.0038022758160507,0.014634146341463414,1.1744393275617993,"A,AAL,AAMI,AAT,ABCB,ABG,ACTG,ADAM,ADC,ADMA,ADNT,AFG,AG,AGMB,AGO,AHRT,AIOT,AIR,AIRJ,AIT,AIZ,AKR,ALGN,ALGT,ALH,ALK,ALLE,ALLY,ALSN,AMCR,AME,AMG,AMH,AMP","ABM,ABX,ACB,ACCO,ACEL,ACHV,ACIW,ACM,ACNB,ADP,ADSK,ADT,ADV,AEO,AERO,AFRM,AGNT,AHCO,AI,AIIR,AIN,AIV,AJG,ALCO,ALG,ALKT,ALRM,ALRS,AMCX"
2026-05-21 16:30:00+00:00,L1099,L1113,maturity,maturity,0.6843387729520429,0.5526953057649648,0,,13,A-AIN;ABCB-ALKT;ABG-ALG;ABM-AHRT;ACCO-AHRT;ACHV-AFG;ACNB-ADNT;ADT-AIZ;AERO-AMCR;AFG-ALCO;AHCO-ALK;AHRT-AMCX;AIN-ALK,0.0005780602805316448,2.6431778306825047,0.008955223880597014,1.033247964867818,"ABM,ABX,ACB,ACCO,ACEL,ACHV,ACIW,ACM,ACNB,ADC,ADP,ADPT,ADSK,ADT,ADV,AEO,AERO,AGNT,AHCO,AI,AIIR,AIN,AJG,ALCO,ALG,ALKT,ALRM,ALRS,AMBP,AMCX","A,AAL,AAT,ABCB,ABG,ACAD,ACTG,ADAM,ADMA,ADNT,AFG,AG,AGMB,AGO,AHRT,AIOT,AIR,AIRJ,AIT,AIZ,AKR,ALGN,ALGT,ALH,ALK,ALLE,ALLY,ALMS,ALSN,AMCR,AME,AMG,AMH,AMP"
2026-05-21 17:00:00+00:00,L1099,L1113,expansion,maturity,0.6188662709127766,0.2656063402135741,5,ABM;ADNT;ADT;AEO;AERO,32,A-ACNB;A-ADSK;AAL-AERO;AAT-ADT;AAT-AERO;ABG-ABM;ACIW-ALL;ACM-AIZ;ACTG-AGO;ACTG-ALX;ADNT-AIT;ADNT-ALGT;ADNT-ALLY;ADNT-ALSN;ADNT-AMCR;ADPT-AIRJ;ADSK-AHRT;ADSK-AIZ;ADT-ALLE;AEO-AIR;AEO-ALGT;AEO-ALLE;AEO-ALLY;AEO-ALSN;AEO-AMCR;AGNT-ALLY;AHCO-ALGT;AHCO-ALK;AIN-ALGT;ALKT-ALL;ALLE-ALRS;ALRS-AMCR,0.002237910986877978,3.7663910635365587,0.009022556390977442,1.2082929326806915,"AAMI,ABM,ABX,ACB,ACCO,ACEL,ACHV,ACIW,ACM,ACNB,ADC,ADNT,ADP,ADPT,ADSK,ADT,ADUS,ADV,AEO,AERO,AEYE,AFG,AGM,AGNT,AGO,AGYS,AHCO,AI,AIIR,AIN,AIV,AJG,ALCO,ALG,ALKT,ALNY,ALRM,ALRS,ALX,AMBP,AMCX,AMN","A,AAL,AAT,ABCB,ABG,ABSI,ACAD,ACTG,ADAM,ADMA,AG,AGMB,AHRT,AIOT,AIR,AIRJ,AIT,AIZ,AKR,ALGN,ALGT,ALH,ALK,ALL,ALLE,ALLY,ALMS,ALSN,AMCR,AME,AMG,AMH,AMP"
2026-05-21 17:00:00+00:00,L1115,L1113,decay,maturity,0.6096463288792696,0.2656063402135741,0,,17,A-ACGL;AAL-AGI;ABG-AGI;ABNB-ALGT;ABSI-ACT;ACGL-ALL;ACGL-AMG;ACT-ADMA;ADAM-AEM;AEM-AIOT;AER-ALGT;AER-ALK;AGI-ALGT;AGI-ALK;AGIO-ALMS;AIR-AKTS;AKTS-AME,0.002860317355953157,2.9061374752539804,0.009022556390977442,0.9904635529999949,"ABNB,ABT,ACET,ACGL,ACHC,ACI,ACIC,ACN,ACT,ACVA,ADBE,AEM,AER,AGCO,AGI,AGIO,AKTS,ALVO","A,AAL,AAT,ABCB,ABG,ABSI,ACAD,ACTG,ADAM,ADMA,AG,AGMB,AHRT,AIOT,AIR,AIRJ,AIT,AIZ,AKR,ALGN,ALGT,ALH,ALK,ALL,ALLE,ALLY,ALMS,ALSN,AMCR,AME,AMG,AMH,AMP"
2026-05-21 17:00:00+00:00,L1099,L1098,expansion,expansion,0.6188662709127766,0.29341731160231976,1,AGM,10,ABR-ADNT;ACHR-ACM;ACHR-ADC;ACHV-ALLT;ACOG-AEO;ACRS-ALRS;ADV-ALLT;AERO-AIRG;AGM-AGPU;ALOY-AMCX,0.0017271131509914994,2.5781473651133893,0.024390243902439022,0.921880452618242,"AAMI,ABM,ABX,ACB,ACCO,ACEL,ACHV,ACIW,ACM,ACNB,ADC,ADNT,ADP,ADPT,ADSK,ADT,ADUS,ADV,AEO,AERO,AEYE,AFG,AGM,AGNT,AGO,AGYS,AHCO,AI,AIIR,AIN,AIV,AJG,ALCO,ALG,ALKT,ALNY,ALRM,ALRS,ALX,AMBP,AMCX,AMN","AA,AAOI,AAP,AAPG,AAUC,ABAT,ABCL,ABEO,ABR,ACHR,ACLS,ACNT,ACOG,ACR,ACRS,ADTN,ADUR,AEC,AEE,AEHR,AEIS,AESI,AEVA,AEXA,AFCG,AGL,AGPU,AGRO,AGX,AIAI,AIP,AIRG,AIRO,AKAM,AKO-B,ALAB,ALGM,ALLT,ALM,ALMR,ALMU,ALOY,ALV,AM,AMAN,AMAT,AMBA,AMGN,AMLX,AMPG,AMPH"
2026-05-21 17:00:00+00:00,L1115,L1098,decay,expansion,0.6096463288792696,0.29341731160231976,0,,2,ACOG-AEM;AEM-ALV,0.0023495195200666785,1.174014075294393,0.024390243902439022,0.568081147553441,"ABNB,ABT,ACET,ACGL,ACHC,ACI,ACIC,ACN,ACT,ACVA,ADBE,AEM,AER,AGCO,AGI,AGIO,AKTS,ALVO","AA,AAOI,AAP,AAPG,AAUC,ABAT,ABCL,ABEO,ABR,ACHR,ACLS,ACNT,ACOG,ACR,ACRS,ADTN,ADUR,AEC,AEE,AEHR,AEIS,AESI,AEVA,AEXA,AFCG,AGL,AGPU,AGRO,AGX,AIAI,AIP,AIRG,AIRO,AKAM,AKO-B,ALAB,ALGM,ALLT,ALM,ALMR,ALMU,ALOY,ALV,AM,AMAN,AMAT,AMBA,AMGN,AMLX,AMPG,AMPH"
2026-05-21 17:15:00+00:00,L1117,L1113,maturity,maturity,0.665409474698542,0.9259557215406952,2,AFBI;AGI,6,AAON-ALGT;AAT-AFBI;ABCB-ALB;ACLS-AIR;ADNT-ADPT;AES-AMH,0.005750457581598312,2.448851553153238,0.00995260663507109,1.0911153381553413,"AAMI,AAON,ABUS,ACLS,ACMR,ACU,ADEA,ADPT,AENT,AES,AFBI,AGI,AHR,AIRS,ALB,AMAT,AMBQ,AMCI,AMD,AMKR,QQQ","A,AAL,AAT,ABCB,ABG,ABM,ACA,ACOG,ACTG,AD,ADAM,ADNT,ADT,AEO,AERO,AHRT,AIR,AIT,AIZ,AKR,ALGN,ALGT,ALH,ALK,ALLE,ALLY,ALSN,AMCR,AME,AMG,AMH,AMP"
2026-05-21 17:30:00+00:00,L1113,L1098,expansion,maturity,0.5516710638041047,0.40581801273837975,1,AIRJ,4,AAON-AIR;AAON-ALLE;ADTN-AEG;AEIS-AMP,0.0007624120407854207,1.9567428633477928,0.02276422764227642,0.779847072946035,"A,AAL,AAT,ABCB,ABEV,ABG,ABM,ACA,ACAD,ACTG,AD,ADAM,ADNT,ADUS,AEG,AEM,AEO,AERO,AFBI,AG,AGI,AGO,AHRT,AIOT,AIR,AIRJ,AIT,AIZ,ALGN,ALGT,ALH,ALK,ALLE,ALLY,ALNT,ALRS,ALSN,ALV,AMCR,AME,AMG,AMH,AMP","AA,AAOI,AAON,AAP,AAPG,AAUC,ABAT,ABCL,ABEO,ABR,ACHV,ACLS,ACNT,ACR,ACRS,ADTN,ADUR,ADV,AEC,AEE,AEHR,AEIS,AEVA,AEXA,AFCG,AGL,AGM,AGMB,AGPU,AGRO,AGX,AIAI,AIIR,AIP,AIRG,AKAM,AKO-B,ALAB,ALLT,ALM,ALMR,ALMS,ALMU,AM,AMAN,AMAT,AMBA,AMLX,AMPG,AMPH"
2026-05-21 18:15:00+00:00,L1118,L1099,maturity,maturity,0.3987831057613276,0.5305900762897049,11,ABSI;ABT;ABVX;ACCO;ACN;ACT;AGIO;AGNC;AKTS;ALL;ALVO,22,ABT-ACI;ACB-AII;ACCO-ACVA;ACCO-ADSK;ACEL-ACN;ACGL-AI;ACGL-ALNY;ACI-ADC;ACI-AGO;ACM-ALKT;ACN-AGYS;ACN-ALRM;ACT-AGCO;ADBE-AGNC;ADBE-ALVO;ADSK-AGNC;AEYE-AFRI;AFG-ALRM;AGIO-AHCO;AIZ-AMN;AJG-ALRM;ALRM-ALVO,-0.0005696387961506844,3.8066624897703196,0.02019230769230769,1.2335064232117356,"ABBV,ABSI,ABT,ABVX,ACAD,ACCO,ACGL,ACHC,ACHR,ACM,ACN,ACT,ADC,AENT,AFG,AFL,AFRI,AGEN,AGIO,AGNC,AGO,AIG,AII,AIZ,AJG,AKTS,ALC,ALL,ALOY,ALTO,ALVO,AMBP,AMCI,AMCX","AARD,ABNB,ABX,ACB,ACEL,ACET,ACI,ACIC,ACIW,ACNB,ACVA,ADBE,ADEA,ADI,ADP,ADPT,ADSK,AEBI,AER,AEYE,AFRM,AGCO,AGNT,AGYS,AHCO,AHR,AI,AIN,AIRS,AIV,ALCO,ALG,ALHC,ALKT,ALNY,ALRM,ALTG,ALX,AMN"
2026-05-21 19:15:00+00:00,L1123,L1099,confirmation,maturity,0.6863395433699572,0.7625245791521696,3,ACN;AJG;ALVO,23,A-ALG;ABT-ALX;ACAD-ADBE;ACEL-AGNC;ACHC-ADSK;ACHC-AGCO;ACI-AMN;ACIC-AII;ACN-AHCO;ACTG-ADSK;ACU-ALNY;ACVA-ALRS;ADC-ADSK;ADP-AMH;ADSK-AGNC;ADSK-AIZ;ADSK-ALVO;ADT-AGNT;ADUS-ALRM;AEBI-AENT;AFRI-AIIR;AII-ALX;AIN-ALRS,0.0001171845942735672,3.4015879207060995,0.020047732696897375,1.2880633768376977,"A,ABM,ABSI,ABT,ABVX,ACAD,ACGL,ACHC,ACN,ACT,ACTG,ACU,ADC,ADT,ADUS,AENT,AFG,AFRI,AGIO,AGNC,AHRT,AIG,AII,AIRS,AIZ,AJG,AKR,ALL,ALRS,ALVO,AMCI,AMCX,AMH,AMN","AARD,ABNB,ABX,ACB,ACCO,ACEL,ACET,ACHV,ACI,ACIC,ACIW,ACM,ACNB,ACVA,ADBE,ADI,ADP,ADPT,ADSK,ADV,AEBI,AEO,AER,AEYE,AFRM,AGCO,AGNT,AGYS,AHCO,AHR,AI,AIIR,AIN,AIV,ALCO,ALG,ALHC,ALKT,ALNY,ALRM,ALTG,ALX"
2026-05-21 19:30:00+00:00,L1122,L1099,expansion,maturity,0.23207411134283557,0.6232577836707252,2,ACHV;ADPT,13,AAMI-ABX;AARD-AGI;ABUS-ACA;ABUS-AI;ACA-ALB;ACHV-ACNB;ACHV-ALRM;ACMR-AFRM;ADBE-ADEA;ADBE-QQQ;ADPT-AFRM;ADPT-AGNT;ADPT-ALVO,0.0021872735233046114,2.9024500404532088,0.019952494061757718,0.985204952726634,"AAMI,ABUS,ACHV,ACLS,ACMR,ADEA,ADPT,AENT,AGI,AIRS,ALB,AMBQ,AMCI,AMD,AMKR,QQQ","AAON,AARD,ABNB,ABX,ACA,ACB,ACCO,ACEL,ACET,ACI,ACIC,ACIW,ACN,ACNB,ACVA,ADBE,ADI,ADP,ADSK,ADV,AEBI,AEO,AER,AEYE,AFRM,AGCO,AGNT,AGYS,AHCO,AHR,AI,AIIR,AIN,AIV,AJG,ALCO,ALG,ALHC,ALKT,ALNY,ALRM,ALTG,ALVO,ALX"
2026-05-21 19:45:00+00:00,L1113,L1098,expansion,expansion,0.5693604127416004,0.6104609246659286,0,,141,AA-ABBV;AA-ACM;AA-AEC;AA-AIRJ;AA-AKTS;AAOI-ABEV;AAOI-AEG;AAOI-AEM;AAOI-AG;AAOI-AGI;AAOI-ALH;AAOI-ALTO;AAOI-AMBP;AAOI-AMG;AAON-AEXA;AAON-AGX;AAON-AKAM;AAP-AEM;AAP-AGI;AAP-ALLE;AAP-AMG;AAPG-AFYA;AAPG-AMAL;AAPL-ABAT;AAPL-ALB;AAT-AKAM;AAUC-AIRJ;AAUC-AKTS;ABAT-AIOT;ABBV-ABEO;ABBV-AMAN;ABCB-ABR;ABCB-AIRG;ABCB-ALMR;ABCL-ADMA;ABCL-AGMB;ABEO-AIRO;ABEO-AMCX;ABEV-ABR;ABEV-AEIS;ABM-AGPU;ABR-AEM;ABR-AG;ABR-AGI;ABR-ALTO;ABR-AMG;ACDC-AEG;ACHR-ADM;ACHR-AEE;ACHR-ALMS;ACHR-AMGN;ACM-ALOY;ACM-AMGN;ACMR-AD;ACMR-AMBP;ACNT-ALKS;ACNT-ALRS;ACNT-AME;ACOG-AENT;ACR-AIOT;ACRS-AME;AD-AGX;AD-AIRG;ADAG-ALM;ADAM-AGX;ADM-AIOT;ADNT-ALGM;ADTN-AEVA;ADTN-AMBA;ADTN-AMGN;ADUS-AEIS;ADUS-AIRG;ADUS-AMLX;AEC-AIRS;AEC-ALB;AEE-ALNT;AEE-AMAL;AEG-AEIS;AEG-AEXA;AEIS-AEM;AEIS-AG;AEIS-AGI;AEIS-AIR;AEIS-AIT;AEIS-ALGT;AEM-AGL;AEM-AIRG;AEM-ALMR;AENT-AFYA;AEP-AGO;AERO-ALM;AESI-AGI;AESI-AMG;AEVA-AGMB;AEVA-AIRJ;AEVA-AIRO;AEVA-AMCX;AEXA-AGI;AFCG-AIOT;AG-AGL;AG-AMKR;AGCC-AIRJ;AGCC-AIRO;AGEN-AIRO;AGEN-AKTS;AGI-AGL;AGI-AIRG;AGI-AMPG;AGL-ALTO;AGL-AMG;AGMB-AMGN;AGRO-AMG;AIOT-AMBA;AIOT-AMGN;AIP-ALGT;AIP-AMG;AIRG-ALH;AIRJ-ALAB;AIRJ-ALB;AIRJ-ALLT;AIRJ-AMD;AIRJ-AMGN;AIRO-ALOY;AIT-ALGM;AKTS-ALB;AKTS-AMAN;AKTS-AMBA;AKTS-AMD;AKTS-AMGN;ALGM-AMP;ALGT-ALM;ALK-ALM;ALLY-ALM;ALM-ALSN;ALM-AMBP;ALM-AMCR;ALMR-AMBP;ALMR-AMG;ALMS-ALSN;ALOT-ALRS;AMBA-AMCX,0.004237946588546038,4.95880708234209,0.03333333333333333,1.5986481718077812,"AAL,AAON,AAPL,AAT,ABBV,ABCB,ABEV,ABG,ABM,ACHR,ACM,ACOG,ACRE,ACU,AD,ADAG,ADAM,ADMA,ADNT,ADSE,ADTN,ADUS,AEC,AEG,AEM,AERO,AFYA,AG,AGBK,AGI,AGMB,AGO,AHRT,AIOT,AIR,AIRJ,AIRO,AIT,AKR,AKTS,ALC,ALGN,ALGT,ALH,ALK,ALKS,ALLE,ALLY,ALNT,ALRS,ALSN,ALTO,ALV,AMAL,AMBP,AMCR,AMCX,AME,AMG,AMN,AMP,AMPH","AA,AAMI,AAOI,AAP,AAPG,AAUC,ABAT,ABCL,ABEO,ABR,ABUS,ACDC,ACLS,ACMR,ACNT,ACR,ACRS,ADEA,ADM,ADUR,AEE,AEHR,AEIS,AENT,AEP,AESI,AEVA,AEXA,AFCG,AFJK,AGCC,AGEN,AGL,AGM,AGPU,AGRO,AGX,AIAI,AIP,AIRG,AIRS,AKAM,AKO-B,ALAB,ALAR,ALB,ALGM,ALLT,ALM,ALMR,ALMS,ALMU,ALOT,ALOY,AM,AMAN,AMAT,AMBA,AMBQ,AMCI,AMD,AMGN,AMKR,AMLX,AMPG,QQQ"
2026-05-22 13:45:00+00:00,L1126,L1130,confirmation,confirmation,0.4888145815418334,0.9128233697125402,0,,2,AAPG-ABCL;AHR-AMCI,0.01672068564221263,1.5416019209792988,0.017518248175182483,0.8085196028474142,"A,AA,ABAT,ABBV,ABCL,ABT,ACAD,ACEL,ACHR,ACHV,ACI,ACIW,ACM,ACN,ACR,ACVA,ADBE,ADP,ADPT,ADSK,AEC,AEYE,AFCG,AGCC,AGCO,AGEN,AGMB,AGYS,AI,AII,AIIR,AIOT,AIRJ,AIRO,AIRS,AKAM,AKTS,ALAB,ALB,ALC,ALKT,ALL,ALLT,ALRM,ALVO,AMAN,AMCI,AMD,AMGN,AMPH","AAOI,AAP,AAPG,ABCB,ABEV,ABR,ACDC,ACGL,ACIC,ACRE,ACT,ADC,AEG,AEM,AENT,AER,AESI,AFBI,AFG,AFRI,AFYA,AG,AGI,AGL,AGNC,AGRO,AHR,AIG,AIRG,AJG,ALH,ALMR,ALNT,ALTO,AMBP,AMG,AMPG"
2026-05-22 14:00:00+00:00,L1132,L1126,confirmation,maturity,0.7513993139784303,0.601205636616629,6,AAUC;ADI;ADTN;AEVA;AMBA;QQQ,33,AA-ADTN;AA-AEVA;AA-AMBA;AARD-ACR;AARD-ACVA;AAT-AEBI;ABBV-ADUR;ABBV-AMBA;ABBV-AMCX;ABEO-AGYS;ABEO-AKTS;ACR-AMCX;ACVA-AEBI;ADI-AKTS;ADI-AMAN;ADP-AMBA;ADP-AMCX;ADP-AMN;ADSK-ALGM;AEBI-AIOT;AEBI-ALRM;AEHR-ALB;AEVA-AGCC;AEVA-AIIR;AEVA-AIOT;AEVA-ALLT;AII-AMBA;AIOT-AMBA;AIOT-QQQ;AIRO-AMBA;ALL-AMBA;AMAN-AMAT;AMAN-QQQ,-0.004455386311747134,3.828641396489095,0.016941176470588234,1.3654830107713798,"AAMI,AAON,AARD,AAUC,ABEO,ACET,ACHV,ACLS,ACMR,ACOG,ACRS,ADEA,ADI,ADTN,ADUR,AEBI,AEHR,AEVA,AFJK,AIP,ALGM,ALOT,ALOY,ALTG,ALV,AMAT,AMBA,AMBQ,AMCX,AMN,QQQ","A,AA,AAT,ABAT,ABBV,ABT,ABUS,ACEL,ACHR,ACI,ACIW,ACM,ACN,ACR,ACVA,ADBE,ADP,ADPT,ADSK,AEC,AEYE,AFCG,AGCC,AGCO,AGEN,AGMB,AGYS,AHRT,AI,AII,AIIR,AIOT,AIRJ,AIRO,AKAM,AKTS,ALAB,ALB,ALC,ALKT,ALL,ALLT,ALRM,AMAN,AMD,AMGN"
2026-05-22 14:00:00+00:00,L1130,L1132,expansion,confirmation,0.35704843361273086,0.25198727808364446,0,,29,AAMI-AFRI;AAMI-ALMU;AAMI-AMG;AAMI-AMLX;AAP-AMBQ;AAPG-ACMR;AAPG-AIP;AAPG-ALOY;ABSI-ACET;ABSI-ALOY;ACET-ACGL;ACET-ALHC;ACGL-ADUR;ACGL-AIP;ACMR-AEIS;ACMR-AENT;ACMR-ALTO;ACOG-AENT;ACRS-ALHC;ACRS-AMLX;ADEA-ALMU;ADUR-AIRG;AEBI-AENT;AEBI-AFYA;AEHR-AMPG;AER-ALOT;AFYA-ALGM;ALHC-ALOT;ALTO-AMBQ,0.005867916392162442,3.420568269995233,0.025787965616045842,1.0417209758501278,"AAOI,AAP,AAPG,ABCB,ABEV,ABR,ABSI,ACDC,ACGL,ACIC,ACRE,ACT,ADAM,ADC,AEG,AEIS,AEM,AENT,AER,AESI,AFBI,AFG,AFL,AFRI,AFYA,AG,AGI,AGL,AGNC,AGO,AGRO,AGX,AHR,AIG,AIRG,AJG,AKR,ALAR,ALH,ALHC,ALMR,ALMU,ALTO,AMBP,AMG,AMKR,AMLX,AMPG","AAMI,AAON,AARD,AAUC,ABEO,ACET,ACHV,ACLS,ACMR,ACOG,ACRS,ADEA,ADI,ADTN,ADUR,AEBI,AEHR,AEVA,AFJK,AIP,ALGM,ALOT,ALOY,ALTG,ALV,AMAT,AMBA,AMBQ,AMCX,AMN,QQQ"
2026-05-22 14:15:00+00:00,L1129,L1130,decay,expansion,0.7114728727857305,0.4219821157450376,11,ABM;ACA;ACCO;AD;AERO;AHCO;ALG;ALLE;ALM;ALRS;AMCR,26,ABM-ADC;ABM-AHR;ACA-ALHC;ACCO-AEM;ACCO-AGI;ACCO-AGO;ACCO-AMBQ;ACRE-ALK;ACT-AEO;ACT-AHCO;AD-AGI;AD-ALAR;ADUS-AGNT;ADUS-ALGN;AEG-ALK;AEG-ALLY;AER-ALG;AFL-ALG;AFYA-AMCR;AG-ALLY;AGI-ALGT;AGX-AMCR;AHR-ALG;AKAM-ALAR;AKR-ALC;AMBP-AMCR,0.002348059293581173,3.896600810970825,0.01818181818181818,1.3169139720292093,"AAL,AAT,ABM,ABNB,ABX,ACA,ACCO,AD,ADT,AEBI,AEO,AERO,AGBK,AGNT,AHCO,AHRT,AKAM,ALC,ALG,ALGN,ALGT,ALK,ALLE,ALLY,ALM,ALRS,ALSN,AMCR,AMPH","AAOI,AAP,ABCB,ABEV,ABR,ABSI,ACDC,ACET,ACGL,ACIC,ACRE,ACT,ADAM,ADC,ADM,ADUS,AEE,AEG,AEM,AEP,AER,AESI,AFBI,AFG,AFJK,AFL,AFRI,AFYA,AG,AGI,AGL,AGNC,AGO,AGRO,AGX,AHR,AIAI,AIG,AIP,AIRG,AIV,AIZ,AJG,AKR,ALAR,ALH,ALHC,ALMR,ALOT,ALOY,ALTO,AM,AMBP,AMBQ,AMG,AMH"
2026-05-22 14:15:00+00:00,L1129,L1126,decay,maturity,0.7114728727857305,0.5334132008536141,2,ALC;AMPH,22,A-ALSN;AAL-ACEL;AAL-AFCG;ABAT-ALSN;ABAT-AMPH;ABNB-ADBE;ABX-ADSK;ABX-ALL;ACM-AKAM;ACN-ALGN;ACVA-AMCR;ADI-ALSN;ADPT-ALSN;ADPT-AMPH;ADSK-AMCR;ADT-ADTN;ADTN-ALRS;AEC-AMPH;AHRT-ALB;AIIR-ALC;AIOT-ALSN;ALC-ALLT,0.0020077481167390943,3.3032454586195468,0.016941176470588234,1.2018183632172783,"AAL,AAT,ABM,ABNB,ABX,ACA,ACCO,AD,ADT,AEBI,AEO,AERO,AGBK,AGNT,AHCO,AHRT,AKAM,ALC,ALG,ALGN,ALGT,ALK,ALLE,ALLY,ALM,ALRS,ALSN,AMCR,AMPH","A,AA,AAUC,ABAT,ABT,ABUS,ACEL,ACHR,ACI,ACIW,ACM,ACN,ACR,ACVA,ADBE,ADI,ADP,ADPT,ADSK,ADTN,AEC,AEVA,AEYE,AFCG,AGCC,AGCO,AGEN,AGMB,AGYS,AI,AII,AIIR,AIOT,AIRJ,AIRO,AKTS,ALAB,ALB,ALKT,ALL,ALLT,ALRM,AMBA,AMD,AMGN,QQQ"
2026-05-22 14:30:00+00:00,L1130,L1136,expansion,confirmation,0.453124868272018,0.5543073717487295,0,,41,AAMI-ACT;AAMI-AMG;AAP-ALMU;AAPG-ALH;ABCB-ACTG;ABCB-ADNT;ABCB-AIR;ABCB-ALNT;ABCB-AMBQ;ABM-ADTN;ABSI-ALNT;ABSI-AMAT;ACCO-ACRS;ACCO-AHRT;ACCO-ALNT;ACGL-ACMR;ACIC-ACRS;ACMR-ALMR;ACMR-AMG;ACT-AMBQ;ADAM-ADTN;ADAM-ALNT;ADM-AGX;ADNT-ALHC;ADNT-ALRS;ADT-AERO;ADT-AMH;ADTN-ALG;AEHR-AGX;AEP-AMAT;AFYA-AMBQ;AGX-ALNT;AHR-AMBQ;AIP-AMKR;ALGM-AMCR;ALH-AMKR;ALHC-AMBQ;ALMR-AMKR;ALOY-AMCR;ALV-AMCR;AMG-AMKR,0.003352014347910881,3.745618925197745,0.023661971830985916,1.2421836990803083,"AAOI,AAP,ABCB,ABEV,ABM,ABR,ABSI,ACA,ACCO,ACDC,ACET,ACGL,ACIC,ACRE,ACT,AD,ADAM,ADC,ADUS,AEE,AEG,AEM,AENT,AEP,AER,AERO,AESI,AFBI,AFG,AFL,AFRI,AFYA,AG,AGI,AGL,AGNC,AGO,AGRO,AGX,AHCO,AHR,AIG,AIP,AIRG,AIZ,AJG,AKR,ALAR,ALG,ALH,ALHC,ALLE,ALM,ALMR,ALOT,ALRS,ALTO,AM,AMBP,AMCI,AMCR,AMG,AMH,AMLX","AAMI,AAON,AAPG,AAPL,AAT,ABG,ACHC,ACLS,ACMR,ACRS,ACTG,ADEA,ADM,ADNT,ADT,ADTN,AEBI,AEHR,AEIS,AFJK,AHRT,AIN,AIR,AIT,AIV,ALGM,ALMU,ALNT,ALOY,ALTG,ALV,AMAT,AMBQ,AME,AMKR,AMPG"
2026-05-22 15:00:00+00:00,L1131,L1126,expansion,expansion,0.3831093786507297,0.834127588077753,8,ABVX;ACOG;ADMA;ADSE;AFRM;AKAM;ALVO;AMPH,22,ABCL-AIOT;ABEO-ACAD;ABNB-AEYE;ABX-AGEN;ACAD-ALC;ACEL-AKO-B;ACHV-ADV;ACM-AKAM;ACR-AKO-B;ACVA-AGBK;ADAG-AFCG;ADMA-AIOT;AFRM-ALRM;AGBK-AIOT;AGEN-AGM;AGEN-ALKS;AGIO-ALC;AGMB-AHRT;AIOT-ALMS;AKAM-AMGN;ALGN-ALL;ALKT-AMP,0.002124664963048417,3.668994719102784,0.01948955916473318,1.2853432036689507,"AAL,AAT,ABCL,ABNB,ABVX,ABX,ACAD,ACB,ACNB,ACOG,ACU,AD,ADAG,ADMA,ADSE,ADV,AEO,AES,AEXA,AFRM,AGBK,AGIO,AGM,AGNT,AGPU,AHRT,AKAM,AKO-B,AKR,ALCO,ALGN,ALGT,ALK,ALKS,ALLY,ALMS,ALNY,ALVO,ALX,AMAL,AMP,AMPH","A,AA,AAUC,ABAT,ABBV,ABEO,ABT,ABUS,ACEL,ACHR,ACHV,ACI,ACIW,ACM,ACN,ACNT,ACR,ACVA,ADBE,ADI,ADP,ADPT,ADSK,AEC,AEVA,AEYE,AFCG,AGCC,AGCO,AGEN,AGMB,AGYS,AI,AII,AIIR,AIOT,AIRJ,AIRO,AIRS,AKTS,ALAB,ALB,ALC,ALKT,ALL,ALLT,ALRM,AMAN,AMBA,AMCX,AMD,AMGN,AMN,QQQ"
2026-05-22 15:15:00+00:00,L1126,L1130,expansion,expansion,1.2559789845200888,0.6619753054466369,0,,5,ABT-AFL;ACHC-AIZ;ACI-AFL;AENT-AKAM;AI-ALM,0.0026249788934364915,1.8345791293799723,0.015894039735099338,1.0364151752952757,"A,AA,AAPL,AARD,AAUC,ABAT,ABBV,ABEO,ABT,ABUS,ABVX,ACEL,ACHC,ACHR,ACHV,ACI,ACIW,ACM,ACN,ACNT,ACOG,ACR,ACVA,ADBE,ADI,ADMA,ADP,ADPT,ADSE,AEC,AEVA,AEYE,AFCG,AFRM,AGCC,AGCO,AGEN,AGMB,AGYS,AI,AII,AIIR,AIOT,AIRJ,AIRO,AIRS,AKAM,AKTS,ALAB,ALAR,ALB,ALC,ALKT,ALL,ALLT,ALRM,ALV,ALVO,AMAN,AMBA,AMCX,AMD,AMGN,AMN,AMPH,QQQ","AAOI,AAP,ABCB,ABEV,ABM,ABR,ACA,ACDC,ACGL,ACIC,ACRE,ACT,ADAM,ADC,ADUS,AEE,AEG,AEM,AENT,AEP,AER,AESI,AFBI,AFG,AFL,AFRI,AFYA,AG,AGI,AGL,AGNC,AGO,AGRO,AHCO,AHR,AIG,AIZ,AJG,AKR,ALG,ALH,ALHC,ALLE,ALM,ALMR,ALRS,AM,AMBP,AMBQ,AMCI,AMG,AMH,AMLX"
2026-05-22 15:45:00+00:00,L1140,L1126,maturity,maturity,0.5986500105614668,0.4701085015191653,5,AAT;ACR;ACVA;AGBK;AGMB,12,AAT-AFCG;AAT-AGEN;ABBV-ALKT;ABBV-AMD;ACHV-AGEN;ACI-ACVA;ACIW-AMCX;ACM-AMCX;ACN-AGBK;ADPT-ADSK;ADSK-AMD;AGMB-ALB,0.0012739529192913324,3.141017858225961,0.014018691588785047,1.1079848219189976,"AAPL,AARD,AAT,ABBV,ABCL,ABEO,ABSI,ACHC,ACHV,ACOG,ACR,ACVA,ADEA,ADI,ADM,ADSK,ADTN,AEBI,AEHR,AERO,AGBK,AGMB,AGX,ALGM,ALOY,ALV,AMAT,AMCR,AMCX,AMN","A,AA,AAUC,ABAT,ABT,ABUS,ACEL,ACHR,ACI,ACIW,ACM,ACN,ACNT,ADBE,ADP,ADPT,AEC,AEVA,AEYE,AFCG,AFRM,AGCC,AGCO,AGEN,AGYS,AI,AII,AIIR,AIOT,AIRJ,AIRO,AIRS,AKAM,AKTS,ALAB,ALB,ALC,ALKT,ALL,ALLT,ALRM,AMAN,AMBA,AMD,AMGN,AMPH,QQQ"
2026-05-22 16:00:00+00:00,L1139,L1126,expansion,expansion,0.801808004050459,0.5723852705067095,7,AAPL;ABBV;ACHV;ADI;AHRT;AMCX;AMN,12,AAUC-ADI;AAUC-ALTG;ABBV-ABT;ABBV-ADPT;ABBV-AIIR;ABUS-ADI;ACU-ALRM;ADMA-ADV;AFCG-ALKS;AHRT-ALC;AII-ALCO;AKAM-AMP,0.0023159076226875186,3.3043777244530137,0.015242494226327943,1.2406387876143532,"AAON,AAPL,AARD,ABBV,ABCL,ABEO,ABG,ACAD,ACCO,ACET,ACHC,ACHV,ACLS,ACOG,ACRS,ACTG,ACU,ADAM,ADEA,ADI,ADNT,ADT,ADUR,ADV,AEBI,AEIS,AGNC,AHCO,AHRT,AIN,AIR,AKR,ALCO,ALKS,ALLE,ALMS,ALNT,ALOT,ALRS,ALTG,ALV,ALX,AMAL,AMAT,AMCX,AME,AMN,AMP,AMPG","A,AA,AAT,AAUC,ABAT,ABT,ABUS,ACEL,ACHR,ACI,ACIW,ACM,ACN,ACR,ACVA,ADBE,ADMA,ADP,ADPT,ADSE,AEC,AEVA,AEYE,AFCG,AFRM,AGBK,AGCC,AGCO,AGEN,AGMB,AGYS,AI,AII,AIIR,AIOT,AIRJ,AIRO,AIRS,AKAM,AKTS,ALAB,ALB,ALC,ALKT,ALL,ALLT,ALRM,AMAN,AMBA,AMD,AMGN,AMPH,QQQ"
2026-05-22 16:30:00+00:00,L1130,L1143,maturity,confirmation,0.7787000468009334,0.1944804651250346,0,,8,AAPG-ABSI;ABCB-ALG;ABM-AMBQ;ACA-AMCR;AEO-AMCR;AERO-AIZ;AFL-AMCI;ALCO-AM,0.0014838059432804585,2.2135768793974306,0.008595988538681949,0.8466377717079504,"AAOI,AAON,AAP,AAPG,ABCB,ABEV,ABR,ACA,ACDC,ACGL,ACIC,ACLS,ACMR,ACNB,ACRE,ACT,ADAM,ADC,ADUR,ADUS,ADV,AEE,AEG,AEIS,AEM,AENT,AEO,AEP,AER,AESI,AFBI,AFG,AFJK,AFL,AFYA,AG,AGI,AGL,AGNC,AGO,AGRO,AGX,AHR,AIG,AIP,AIRG,AIV,AIZ,AJG,AKR,ALAR,ALH,ALHC,ALLE,ALMR,ALMU,ALRS,ALTO,AM,AMBP,AMBQ,AMG,AMH,AMKR,AMLX","AAMI,AARD,ABM,ABSI,ACHC,ADEA,ADM,ADSK,ADTN,AEBI,AEHR,AERO,AFRI,AGBK,ALCO,ALG,ALGM,ALOY,AMAT,AMCI,AMCR"
2026-05-22 17:00:00+00:00,L1126,L1131,maturity,maturity,0.18181607316764536,0.47642469265029286,3,ADMA;AFRM;ALMS,22,A-AGNT;AAL-AFRM;AAL-AI;AAL-ALKT;ABAT-ALVO;ABNB-AGEN;ABNB-ALKT;ABX-AIOT;ABX-ALL;ABX-ALMS;ACNT-AEYE;ACNT-AKTS;ACNT-AMGN;ADMA-AGNT;ADPT-AMP;AEYE-AGIO;AFRM-ALK;AFRM-ALVO;AGBK-AGPU;AGBK-ALMU;AGIO-ALL;AKAM-AMGN,0.001414519312675111,3.3721616255816333,0.011483253588516746,1.0422351241790675,"A,AA,AAPL,AAUC,ABAT,ABBV,ABCL,ABT,ABUS,ACEL,ACHR,ACHV,ACI,ACIW,ACM,ACN,ADBE,ADI,ADMA,ADP,ADPT,AEC,AEVA,AEYE,AFCG,AFRM,AGBK,AGCC,AGCO,AGEN,AGYS,AI,AIAI,AII,AIIR,AIOT,AIRJ,AIRO,AIRS,AKTS,ALAB,ALB,ALC,ALKT,ALL,ALLT,ALMS,ALRM,ALSN,AMAN,AMBA,AMD,AMGN,AMPH,QQQ","AAL,AAMI,ABNB,ABVX,ABX,ACA,ACB,ACNT,ACU,AD,ADAG,ADSE,AES,AEXA,AFRI,AGIO,AGM,AGNT,AGPU,AKAM,ALGT,ALK,ALLY,ALM,ALMU,ALNY,ALVO,ALX,AMP"
2026-05-22 17:15:00+00:00,L1144,L1131,decay,maturity,0.9403288669222726,0.158337243138546,5,ACA;ADUS;AFRI;ALGN;AMLX,11,AAMI-ADAG;AAMI-AGM;ABX-AFL;ABX-AIZ;ABX-AMLX;ACA-ALGT;ACIC-AEO;ADAM-AEXA;AEO-AGRO;AFYA-ALM;ALG-ALLY,0.0033517313422635198,3.1061627064743447,0.010047846889952153,1.1076476866703246,"AAMI,ABCB,ABM,ACA,ACGL,ACIC,ACT,ADAM,ADC,ADUS,AEE,AEP,AER,AFG,AFL,AFRI,AFYA,AGNC,AGO,AGRO,AGX,AHCO,AHR,AIZ,AKR,ALG,ALGN,ALLE,ALRS,AM,AMBP,AMBQ,AMCI,AMH,AMLX","AAL,ABNB,ABVX,ABX,ACB,ACU,AD,ADAG,ADMA,ADSE,AEO,AES,AEXA,AFRM,AGIO,AGM,AGNT,AGPU,ALGT,ALK,ALLY,ALM,ALMS,ALMU,ALNY,ALVO,ALX,AMAL"
2026-05-22 17:15:00+00:00,L1144,L1126,decay,maturity,0.9403288669222726,0.8269029571865334,0,,4,AEE-ALC;AFL-ALSN;AGMB-ALGN;ALGN-AMPH,0.0025396259734407067,1.6589825723465108,0.015277777777777776,0.9472068569859361,"AAMI,ABCB,ABM,ACA,ACGL,ACIC,ACT,ADAM,ADC,ADUS,AEE,AEP,AER,AFG,AFL,AFRI,AFYA,AGNC,AGO,AGRO,AGX,AHCO,AHR,AIZ,AKR,ALG,ALGN,ALLE,ALRS,AM,AMBP,AMBQ,AMCI,AMH,AMLX","A,AA,AAPL,AAUC,ABAT,ABT,ABUS,ACEL,ACHR,ACI,ACIW,ACM,ACN,ACNT,ACVA,ADBE,ADI,ADP,ADPT,AEC,AEVA,AEYE,AFCG,AGCC,AGCO,AGEN,AGMB,AGYS,AI,AII,AIIR,AIOT,AIRJ,AIRO,AIRS,AKAM,AKTS,ALAB,ALB,ALC,ALKT,ALL,ALLT,ALRM,ALSN,AMAN,AMBA,AMD,AMGN,AMP,AMPH,QQQ"
2026-05-22 17:30:00+00:00,L1131,L1144,expansion,expansion,0.40387968630167903,0.9074763625897044,3,ACA;ALLY;ALM,15,ACA-ADC;ACA-AEG;ADUS-AEM;AENT-ALMU;AER-ALLY;AEXA-AGI;AFL-ALMS;AFRI-AIRG;AFRI-AIT;AGNC-ALLY;AGNC-ALX;AGNT-AHCO;AIZ-ALLY;ALHC-ALM;ALM-AMBQ,0.001458359940443188,3.0976494875790426,0.016,1.1702191865621756,"AAL,ABNB,ABVX,ABX,ACA,ACB,ACU,AD,ADAG,ADSE,ADUS,ADV,AES,AEXA,AFRI,AFRM,AGIO,AGM,AGNT,AGPU,ALAR,ALGN,ALGT,ALK,ALLY,ALM,ALMS,ALMU,ALNY,ALVO,ALX,AMAL,AMLX","AAOI,AAP,ABCB,ABEV,ABM,ABR,ACDC,ACGL,ACIC,ACNB,ACRE,ACT,ADC,AEE,AEG,AEM,AENT,AEO,AEP,AER,AESI,AFBI,AFG,AFL,AFYA,AG,AGI,AGL,AGNC,AGO,AGRO,AHCO,AHR,AIG,AIR,AIRG,AIT,AIZ,AJG,ALG,ALH,ALHC,ALLE,ALMR,ALRS,AM,AMBP,AMBQ,AMG,AMH"
2026-05-22 17:30:00+00:00,L1145,L1144,confirmation,expansion,0.37429029689191967,0.9074763625897044,1,AAMI,2,ABM-ACR;AEE-ALCO,0.0022677714587189257,1.6537948636337967,0.016,0.8003787137529363,"AAMI,AARD,ABBV,ABCL,ABEO,ABG,ACAD,ACHC,ACHV,ACOG,ACR,ADEA,ALCO,ALV,AMCX,AME,AMN","AAOI,AAP,ABCB,ABEV,ABM,ABR,ACDC,ACGL,ACIC,ACNB,ACRE,ACT,ADC,AEE,AEG,AEM,AENT,AEO,AEP,AER,AESI,AFBI,AFG,AFL,AFYA,AG,AGI,AGL,AGNC,AGO,AGRO,AHCO,AHR,AIG,AIR,AIRG,AIT,AIZ,AJG,ALG,ALH,ALHC,ALLE,ALMR,ALRS,AM,AMBP,AMBQ,AMG,AMH"
2026-05-22 18:00:00+00:00,L1145,L1126,decay,expansion,0.76387598920298,0.8924670645080149,1,AHRT,11,AA-ACHV;AA-AHRT;AARD-AMAN;ABBV-ADI;ABEO-AEYE;ACHV-AGCO;ADI-AMN;ADT-AIOT;AGEN-ALKS;AHRT-ALRM;AMAN-AMN,0.0026579878758639097,2.6578649794234472,0.015313225058004639,1.1636661447278611,"AAMI,AARD,AAT,ABBV,ABCL,ABEO,ABG,ACAD,ACHV,ACOG,ADEA,ADT,AHRT,ALKS,ALV,AMCX,AME,AMN","A,AA,AAUC,ABAT,ABT,ABUS,ACEL,ACHR,ACI,ACIW,ACM,ACN,ACNT,ACR,ACVA,ADBE,ADI,ADP,ADPT,AEC,AEVA,AEYE,AFCG,AGCC,AGCO,AGEN,AGMB,AGYS,AI,AII,AIIR,AIOT,AIRJ,AIRO,AIRS,AKAM,AKTS,ALAB,ALB,ALC,ALKT,ALL,ALLT,ALRM,ALSN,AMAN,AMBA,AMD,AMGN,AMP,QQQ"
2026-05-22 18:30:00+00:00,L1151,L1126,confirmation,maturity,0.9778497126263608,0.585653773836523,1,AAPL,15,AAPL-AMBA;AAUC-AIAI;ABBV-AIAI;ABEO-ACM;ABEO-AHRT;ABEO-AKAM;ABEO-AMBA;ACVA-AGBK;ACVA-AMN;ADEA-AMCX;ADI-AEHR;ADSK-AMGN;ADTN-AII;AFCG-AIAI;AGX-ALSN,0.001001086231553927,2.895917939533076,0.016551724137931035,1.1955132894428238,"AAMI,AAON,AAPL,AARD,AAT,ABCL,ABEO,ABG,ABM,ABSI,ACAD,ACET,ACHC,ACHV,ACLS,ACMR,ACOG,ACRS,ACTG,ADEA,ADM,ADNT,ADSK,ADT,ADTN,ADUR,AEBI,AEHR,AEO,AERO,AFJK,AGBK,AGX,AIAI,AIN,AIT,AKO-B,ALCO,ALGM,ALNT,ALOT,ALOY,ALV,AMAT,AMCI,AMCR,AME,AMN,AMPG","A,AA,AAUC,ABAT,ABBV,ABUS,ACEL,ACHR,ACI,ACIW,ACM,ACN,ACNT,ACR,ACVA,ADBE,ADI,ADMA,ADP,ADPT,ADSE,AEC,AEVA,AEYE,AFCG,AGCC,AGCO,AGEN,AGMB,AGYS,AHRT,AI,AII,AIIR,AIOT,AIRJ,AIRO,AIRS,AKAM,AKTS,ALAB,ALB,ALC,ALKT,ALL,ALLT,ALRM,ALSN,AMAN,AMBA,AMCX,AMD,AMGN,AMP,AMPH,QQQ"
2026-05-22 18:45:00+00:00,L1126,L1144,maturity,maturity,0.17547962084907986,0.22313290540051067,0,,2,ACI-ALTG;AFL-ALC,0.0017340375343337655,1.15480475109694,0.015789473684210523,0.4106533667017437,"A,AA,AAPL,AAUC,ABAT,ABT,ABUS,ACEL,ACHR,ACI,ACIW,ACM,ACN,ACNT,ACR,ACVA,ADAG,ADBE,ADI,ADMA,ADP,ADPT,AEC,AEVA,AEYE,AFCG,AGCC,AGCO,AGEN,AGMB,AGYS,AI,AII,AIIR,AIOT,AIRJ,AIRO,AIRS,AKAM,AKTS,ALAB,ALB,ALC,ALKT,ALL,ALLT,ALMS,ALRM,ALSN,AMBA,AMD,AMGN,AMP,AMPH,QQQ","AAOI,AAP,ABCB,ABEV,ABR,ACA,ACCO,ACDC,ACGL,ACIC,ACNB,ACRE,ACT,ADAM,ADC,AEE,AEG,AEIS,AEM,AEP,AER,AESI,AFBI,AFG,AFL,AG,AGI,AGL,AGNC,AGO,AGRO,AGX,AHR,AIG,AIP,AIR,AIRG,AIZ,AJG,AKR,ALG,ALH,ALHC,ALLE,ALMR,ALRS,ALTG,ALTO,AM,AMBP,AMG,AMH,AMKR,AMLX"
2026-05-22 19:00:00+00:00,L1131,L1126,maturity,expansion,0.5852473005936257,0.7876361562291699,1,ADAG,11,AAL-QQQ;AARD-ACOG;ABNB-ACNT;ACNT-AGPU;ADBE-AFRM;ADMA-AES;ADMA-ALX;AEYE-ALVO;AFRM-AMGN;AGNT-AMP;AHRT-ALX,0.0008491066546412185,2.645104058778163,0.01764705882352941,1.0757881105649088,"AAL,ABG,ABNB,ABVX,ABX,ACB,ACOG,ACU,AD,ADAG,ADSE,ADUS,ADV,AES,AEXA,AFRI,AFRM,AGIO,AGM,AGNT,AGPU,ALGN,ALGT,ALK,ALLY,ALNY,ALVO,ALX,AMAL","A,AA,AAPL,AARD,AAT,AAUC,ABAT,ABBV,ABEO,ABT,ABUS,ACEL,ACHR,ACHV,ACI,ACIW,ACM,ACN,ACNT,ACR,ACVA,ADBE,ADI,ADMA,ADP,ADPT,AEC,AEVA,AEYE,AFCG,AGCC,AGCO,AGEN,AGMB,AGYS,AHRT,AI,AII,AIIR,AIOT,AIRJ,AIRO,AIRS,AKAM,AKTS,ALAB,ALB,ALC,ALKT,ALL,ALLT,ALMS,ALRM,ALSN,ALV,AMAN,AMBA,AMCX,AMD,AMGN,AMN,AMP,AMPH,QQQ"
2026-05-22 19:30:00+00:00,L1151,L1155,maturity,confirmation,0.37605381808243005,0.38727981847374127,0,,9,ABCL-ALTG;ABEO-ALMS;ABT-ADSK;ADM-AFL;ADT-AEE;AFL-AGBK;AFL-AMCI;AIV-AMAT;AKR-AMCR,0.0005576011317316443,2.3081456159092526,0.016901408450704224,0.8085717062117701,"AAPL,AARD,AAT,ABBV,ABCL,ABEO,ABSI,ACAD,ACHC,ACHV,ACOG,ACR,ACU,ACVA,ADEA,ADM,ADSK,ADT,ADTN,AEBI,AEHR,AERO,AGBK,AGX,AHRT,ALAR,ALGM,ALMU,ALOY,ALV,AMAN,AMAT,AMCI,AMCR,AMCX,AME,AMN","ABT,ACGL,AEE,AEP,AFL,AIV,AIZ,AKR,ALKS,ALMS,ALTG,AM,AMH"
2026-05-22 19:30:00+00:00,L1131,L1155,decay,confirmation,0.14532731540050228,0.38727981847374127,0,,2,ABX-ALMS;ALMS-ALX,0.0019506675307638943,1.1616079805928983,0.016901408450704224,0.45271934657810325,"AAL,ABG,ABNB,ABVX,ABX,ACB,ACNT,AD,ADSE,ADV,AES,AFRM,AGIO,AGM,AGNT,AGPU,ALGN,ALGT,ALK,ALLY,ALNY,ALVO,ALX","ABT,ACGL,AEE,AEP,AFL,AIV,AIZ,AKR,ALKS,ALMS,ALTG,AM,AMH"
2026-05-22 19:45:00+00:00,L1144,L1126,expansion,maturity,0.8325262282976551,0.30021924393575183,0,,205,AA-ABEV;AA-AEG;AA-AEM;AA-AG;AA-AGI;AA-AKO-B;AA-AMCI;AAMI-AHRT;AAOI-AGCC;AAON-AIRJ;AAON-QQQ;AAP-ABT;AAP-ACN;AAP-AII;AAP-ALAB;AAP-ALLT;AAP-ALRM;AAUC-ABEV;AAUC-AEM;AAUC-AHR;ABAT-AEG;ABAT-AG;ABCB-ACEL;ABCB-AHRT;ABCB-AIRJ;ABEV-ADI;ABEV-AEC;ABEV-ALSN;ABR-AMAN;ABT-ADUS;ABT-AEXA;ABT-ALHC;ABT-ALOT;ABT-AMPG;ABUS-AEM;ABUS-AG;ABUS-AGI;ACA-AIRO;ACEL-ADNT;ACEL-AGI;ACEL-AIN;ACEL-ALRS;ACGL-ACI;ACI-ADUS;ACI-AJG;ACI-AMLX;ACIC-ALL;ACIW-ADUS;ACIW-AIP;ACIW-ALHC;ACIW-AM;ACLS-AIRJ;ACM-ADUS;ACMR-ADI;ACN-ADUS;ACN-AEXA;ACN-AIP;ACN-ALHC;ACN-ALOT;ACN-AMPG;ACNB-ALSN;ACRS-AMP;ACVA-ADAM;ACVA-AGNC;ACVA-AHCO;ACVA-AIR;ACVA-ALM;ACVA-ALRS;ADAM-ADI;ADAM-AEC;ADAM-AHRT;ADAM-AIRO;ADBE-ALHC;ADBE-ALOT;ADI-ADNT;ADI-AEG;ADI-AEIS;ADI-AEM;ADI-AENT;ADI-AEO;ADI-AFRI;ADI-AGI;ADI-AGX;ADI-AIG;ADI-AIN;ADI-AIR;ADI-AIT;ADI-AKO-B;ADI-ALM;ADI-ALNT;ADI-ALRS;ADI-ALTG;ADI-AMG;ADI-AMKR;ADNT-AHRT;ADNT-AIRJ;ADP-ADUS;ADP-AIP;ADP-ALHC;ADP-ALOT;ADP-AMPG;ADPT-ADUS;ADUS-AMGN;AEC-AEG;AEC-AGI;AEC-AKO-B;AEC-ALRS;AEE-AGCC;AEG-AI;AEG-AIRO;AEG-ALB;AEG-ALSN;AEG-AMD;AEG-QQQ;AEIS-AIRS;AEM-AGMB;AEM-AIRO;AEM-ALB;AEM-ALSN;AEM-AMD;AEM-QQQ;AENT-AKTS;AEO-AIRJ;AEO-AIRO;AEO-AKTS;AEP-AGCC;AER-AHRT;AEXA-AGCC;AEXA-AKAM;AEXA-AMGN;AFBI-AII;AFBI-AMP;AFJK-AGCC;AFL-ALLT;AFRI-AGMB;AFRI-QQQ;AFYA-AMAN;AG-AI;AG-AIRO;AG-QQQ;AGCC-AIRG;AGCC-AIV;AGCC-AMH;AGI-AGMB;AGI-AHRT;AGI-AIRO;AGI-ALSN;AGI-AMD;AGI-QQQ;AGL-AII;AGMB-AGX;AGMB-ALNT;AGNC-AHRT;AGNC-ALL;AGO-ALL;AGX-ALB;AGX-ALSN;AGYS-AJG;AGYS-ALHC;AGYS-AM;AHCO-AIOT;AHR-ALB;AHRT-ALNT;AI-ALM;AI-AMCI;AIG-ALL;AIG-ALSN;AII-ALOT;AIIR-AJG;AIIR-AKR;AIN-AIRJ;AIR-AIRO;AIRJ-AIT;AIRO-AKO-B;AIRO-ALNT;AIRO-ALTG;AIRO-AMKR;AIRS-AMH;AIT-QQQ;AIV-AMP;AIZ-ALL;AJG-ALL;AJG-ALLT;AJG-AMGN;AKO-B-AMD;AKO-B-QQQ;AKR-ALSN;ALAB-ALOT;ALAB-AMPG;ALB-ALM;ALB-AMCI;ALHC-ALLT;ALKS-ALRM;ALLE-AMAN;ALLT-ALOT;ALNT-ALSN;ALNT-AMD;ALNT-QQQ;ALTO-QQQ;AMAN-AMBQ;AMCI-AMD;AMCI-QQQ;AMD-AMKR;AMH-AMP;AMKR-QQQ,0.0005590300934272818,5.328147505806124,0.01408450704225352,1.673973194177891,"AAMI,AAOI,AAON,AAP,AAPG,ABCB,ABEV,ABR,ACA,ACCO,ACDC,ACET,ACGL,ACIC,ACLS,ACMR,ACNB,ACOG,ACRE,ACRS,ACT,ACTG,ADAM,ADC,ADNT,ADUS,AEE,AEG,AEIS,AEM,AENT,AEO,AEP,AER,AESI,AEXA,AFBI,AFG,AFJK,AFL,AFRI,AFYA,AG,AGI,AGL,AGNC,AGO,AGRO,AGX,AHCO,AHR,AIG,AIN,AIP,AIR,AIRG,AIT,AIV,AIZ,AJG,AKO-B,AKR,ALCO,ALG,ALH,ALHC,ALKS,ALLE,ALM,ALMR,ALNT,ALOT,ALRS,ALTG,ALTO,AM,AMBP,AMBQ,AMCI,AMG,AMH,AMKR,AMLX,AMPG","A,AA,AAUC,ABAT,ABT,ABUS,ACEL,ACI,ACIW,ACM,ACN,ACVA,ADBE,ADI,ADP,ADPT,AEC,AEYE,AFCG,AGCC,AGCO,AGMB,AGYS,AHRT,AI,AII,AIIR,AIOT,AIRJ,AIRO,AIRS,AKAM,AKTS,ALAB,ALB,ALC,ALL,ALLT,ALRM,ALSN,AMAN,AMD,AMGN,AMP,QQQ"
2026-05-26 13:45:00+00:00,L1162,L1159,confirmation,confirmation,0.7310592426008216,0.37803630909764113,0,,20,AAMI-AMBP;ABAT-ABCL;ABAT-ACB;ABAT-ACET;ABAT-ALMR;ABCL-ACHR;ABCL-AFRM;ABCL-AGBK;ABCL-AIOT;ABSI-AIIR;ABUS-ALG;ACAD-ALM;ACB-AFRM;ACB-AIOT;ACHR-ACRS;AFRM-AFYA;AFRM-ALG;ALG-ALSN;ALH-AMBP;ALMS-AMLX,0.014001044910401106,3.1090656236286907,0.024590163934426226,1.1136835960068754,"AAT,ABCL,ABM,ABX,ACAD,ACB,ACET,ACGL,ACI,ACRS,ADC,ADT,AEE,AEP,AES,AFBI,AFL,AFYA,AGCO,AGIO,AGO,AGRO,AHCO,AHR,AIIR,AIV,AIZ,AJG,AKR,ALC,ALG,ALGN,ALKS,ALL,ALLE,ALLT,ALMR,ALNY,ALX,AMBP,AMGN,AMH,AMLX","AA,AAMI,AAPL,AAUC,ABAT,ABSI,ABUS,ACA,ACCO,ACHR,ACIC,ACLS,ACR,ACVA,ADEA,ADI,ADM,AEHR,AEIS,AERO,AESI,AFRM,AG,AGBK,AGEN,AGX,AI,AIOT,AIR,AIRO,ALB,ALGM,ALH,ALKT,ALLY,ALM,ALMS,ALMU,ALSN,ALTG,ALTO,AMAT,AMBA,AMBQ,AMD,AMKR,AMPH,QQQ"
2026-05-26 14:15:00+00:00,L1162,L1164,maturity,confirmation,0.6569240167597904,0.6434606381711979,0,,8,ABCL-AGCO;ACAD-AES;AEYE-ALVO;AGBK-ALNY;AGCC-AMLX;AGNT-ALC;ALAR-ALGN;ALNY-AMCX,0.01135387015528977,2.316032965216235,0.017777777777777778,0.9717903044500219,"ABAT,ABCL,ABEO,ABG,ABR,ACAD,ACB,ACET,ACHR,ACRS,AEYE,AFRM,AGBK,AGL,AGNT,AHCO,AIIR,AIOT,ALG,ALGN,ALH,ALKS,ALKT,ALLE,ALMS,AMAN,AMCX,AME,AMLX","AAOI,AAT,ABM,ABX,ACGL,ACNT,ADC,ADT,AEE,AEP,AES,AEXA,AFBI,AFCG,AFJK,AGCC,AGCO,AGIO,AGO,AGRO,AHR,AIRG,AIV,AIZ,AJG,AKR,ALAR,ALC,ALL,ALNY,ALVO,ALX,AMBP,AMG,AMGN,AMH,AMP"
2026-05-26 14:15:00+00:00,L1159,L1164,decay,confirmation,0.3802784514173158,0.6434606381711979,0,,6,AAOI-AEHR;AAOI-AGEN;AAPL-ALVO;ACR-AMG;AEIS-ALVO;AIRS-ALC,0.004114814335480332,2.0030303428816847,0.017777777777777778,0.8105459792636419,"AAPL,ABUS,ACA,ACCO,ACLS,ACR,AEHR,AEIS,AERO,AGEN,AIRS,ALB,ALGM,ALMU,ALOY,ALTG,AMBA","AAOI,AAT,ABM,ABX,ACGL,ACNT,ADC,ADT,AEE,AEP,AES,AEXA,AFBI,AFCG,AFJK,AGCC,AGCO,AGIO,AGO,AGRO,AHR,AIRG,AIV,AIZ,AJG,AKR,ALAR,ALC,ALL,ALNY,ALVO,ALX,AMBP,AMG,AMGN,AMH,AMP"
2026-05-26 14:30:00+00:00,L1165,L1162,confirmation,maturity,1.0565956892834305,0.16780612375469045,1,ALMR,2,ABAT-ALMR;ACB-ALMR,0.00065297960099997,1.6224129632359383,0.0057971014492753615,0.7737933499378122,"ABEV,ACOG,AEC,AEG,AEM,AENT,AEO,AER,AFJK,AFRI,AGI,AGM,AGPU,AIT,AKO-B,AKTS,ALLE,ALMR,AMCI,AMCR","ABAT,ABCL,ABEO,ABG,ABR,ACAD,ACB,ACET,ACHR,ACIC,ACLS,ACRS,AEYE,AFRM,AGBK,AGL,AGNT,AHCO,AIIR,AIOT,ALGN,ALH,ALKS,ALKT,ALMS,AME,AMLX"
2026-05-26 14:45:00+00:00,L1166,L1164,confirmation,maturity,1.130003231853003,0.7552616518899067,0,,5,AA-AKR;AAOI-ALNT;AAON-AD;AD-ADI;ADT-AMAN,0.002097416811011499,1.8261192978340064,0.018320610687022898,1.024857381184428,"AA,AAMI,AAON,AAPL,AAUC,ABR,ABUS,ACA,ACLS,ACR,ADI,ADUR,AEHR,AEIS,AERO,AG,AGEN,AGX,AI,AIRJ,AIRO,AIRS,ALB,ALGM,ALH,ALKT,ALM,ALMU,ALNT,ALOY,ALSN,ALTG,ALVO,AMAN,AMAT,AMBA,AMD,AMKR,QQQ","AAOI,AAT,ABM,ACGL,ACNT,AD,ADC,ADT,AEE,AEP,AES,AEXA,AGCC,AGCO,AGIO,AGMB,AGO,AGRO,AHR,AHRT,AIRG,AIV,AIZ,AJG,AKR,ALCO,ALL,ALNY,ALX,AMBP,AMG,AMGN,AMH"
2026-05-26 15:00:00+00:00,L1158,L1164,decay,maturity,0.7647778026341916,0.3667406194049609,0,,8,ABEV-AIZ;ACDC-AGRO;ACDC-AIZ;ACOG-AMH;AFBI-ALLE;AGCO-ALLE;AHR-AMAL;AHRT-AKO-B,0.0019030275288969278,2.2181488795561592,0.017910447761194027,0.8966793136649647,"ABEV,ACDC,ACOG,ADAM,ADM,AEC,AEG,AEM,AENT,AER,AESI,AFJK,AFRI,AGI,AGM,AGPU,AIT,AKO-B,AKTS,ALLE,AMAL,AMCI,AMCR","AAOI,AAT,ABM,ACAD,ACGL,ACNT,ADC,ADT,AEE,AEP,AES,AEXA,AFBI,AGCC,AGCO,AGIO,AGMB,AGO,AGRO,AHR,AHRT,AIRG,AIV,AIZ,AJG,AKR,ALAR,ALC,ALCO,ALL,ALNY,ALX,AMBP,AMG,AMGN,AMH"
2026-05-26 15:00:00+00:00,L1166,L1164,decay,maturity,0.5473066744571135,0.3667406194049609,0,,2,ABR-ALC;ACCO-AIRG,-0.0005795280449092388,1.0986122886681098,0.017910447761194027,0.5515538274898288,"AAMI,AAPL,ABG,ABR,ABUS,ABVX,ABX,ACA,ACCO,ACLS,ACR,ADEA,AEHR,AERO,AG,AGEN,AGL,AGNT,AI,ALB,ALGM,ALH,ALKS,ALKT,ALMS,ALMU,ALOY,ALTG,ALVO,AMAN,AMBA,AMBQ","AAOI,AAT,ABM,ACAD,ACGL,ACNT,ADC,ADT,AEE,AEP,AES,AEXA,AFBI,AGCC,AGCO,AGIO,AGMB,AGO,AGRO,AHR,AHRT,AIRG,AIV,AIZ,AJG,AKR,ALAR,ALC,ALCO,ALL,ALNY,ALX,AMBP,AMG,AMGN,AMH"
2026-05-26 15:15:00+00:00,L1162,L1158,expansion,expansion,0.15554106407331453,0.42264775599890125,0,,16,AAL-AER;AAUC-ACAD;AAUC-ACRS;ABAT-ABNB;ABAT-ALGT;ABEV-AGM;ABX-AESI;ACRE-AGCO;ACVA-AMBQ;AEG-AEYE;AEG-AGM;AEYE-ALK;AIG-AMBQ;AIN-ALK;ALK-ALLE;ALK-AME,-0.00039957743138074875,2.833213344056216,0.019736842105263157,0.8847205083515082,"ABAT,ABCL,ABX,ACAD,ACB,ACET,ACHR,ACRS,ADPT,ADT,AEO,AER,AEYE,AFBI,AFRM,AG,AGBK,AGCO,AGIO,AGM,AIIR,AIN,AIOT,AJG,ALAR,ALG,ALGN,ALLE,ALMR,AMAN,AMBP,AMBQ,AME,AMLX","AAL,AAUC,ABCB,ABEV,ABNB,ABSI,ABVX,ACDC,ACEL,ACIC,ACOG,ACRE,ACT,ACVA,ADAM,ADEA,ADM,AEBI,AEC,AEG,AEM,AENT,AESI,AFJK,AFRI,AGI,AGNC,AGPU,AIG,AIT,AKO-B,AKTS,ALGT,ALK,ALLY,ALRS,ALTO,ALV,AMAL,AMCI,AMCR,AMCX,AMPH"
2026-05-26 15:30:00+00:00,L1162,L1168,maturity,confirmation,0.2469699475368776,0.9319305350478706,0,,14,AAUC-ACRE;AAUC-ACT;ABUS-AEO;ACAD-ACRE;ACAD-AGNC;ACHR-ACIC;ACNB-AME;ACRE-AMLX;ADNT-AER;AEO-ALV;AGNC-AMLX;AIN-ALV;AIR-ALMR;ALLE-ALV,0.0010764409598778002,2.7152008472512987,0.022950819672131147,1.035912979539069,"AAUC,ABAT,ABCL,ABX,ACAD,ACB,ACET,ACHR,ACRS,ADPT,ADT,AEO,AER,AEYE,AFBI,AFRM,AGBK,AGCO,AGIO,AGL,AGM,AHCO,AIIR,AIN,AIOT,AJG,ALAR,ALG,ALGN,ALLE,ALMR,ALVO,AMAN,AME,AMLX","AA,AAL,AAOI,AAON,ABCB,ABNB,ABSI,ABUS,ACEL,ACIC,ACMR,ACNB,ACRE,ACT,ACVA,AD,ADI,ADNT,ADUR,AEBI,AEIS,AERO,AG,AGNC,AGX,AIG,AIR,AIRJ,AIRO,ALB,ALGM,ALGT,ALK,ALLY,ALM,ALMU,ALNT,ALRS,ALSN,ALTG,ALTO,ALV,AMAT,AMD,AMKR,AMPH,QQQ"
2026-05-26 15:45:00+00:00,L1158,L1164,expansion,maturity,0.42649021990923214,0.4898763224577122,0,,11,ACDC-AHR;ACRE-AMBP;ACRE-AMH;ACT-AGO;ADAM-AHR;ADC-ALCO;AEE-AIRS;AGNC-ALC;AIRS-AMH;AIZ-AMCI;AIZ-AMCR,-0.0006790882907807827,2.4849066497880004,0.014814814814814815,0.8983588473793056,"AAUC,ABCB,ABEO,ABEV,ABVX,ACAD,ACDC,ACEL,ACOG,ACRE,ACT,ADAM,AEC,AEG,AENT,AESI,AFRI,AGNC,AGPU,AIRS,AIT,AKO-B,AKTS,ALCO,AMAL,AMCI,AMCR,AMCX","AAT,ABM,ACGL,ACNT,ADC,AEE,AEP,AES,AGMB,AGO,AGRO,AHR,AHRT,AIV,AIZ,AKAM,ALC,ALKS,ALL,ALNY,ALX,AMBP,AMGN,AMH,AMP"
2026-05-26 15:45:00+00:00,L1170,L1161,confirmation,maturity,0.5305752397096068,0.23006524055229563,1,ALOY,3,ABR-AMLX;ACIW-AGNT;ALMS-AMLX,0.001350164646282792,1.8140127618802644,0.014117647058823528,0.6838129816074604,"AAOI,AAPL,ABG,ABR,ACA,ACCO,ACLS,ACR,ADEA,ADM,AEHR,AFJK,AGEN,AGNT,AI,ALH,ALKT,ALMS,ALOY,AMBA,AMBQ","A,AAP,AAPG,AARD,ABBV,ABT,ACHC,ACHV,ACI,ACIW,ACM,ACN,ACTG,ACU,ADAG,ADBE,ADMA,ADP,ADSE,ADSK,ADTN,ADUS,ADV,AEVA,AEXA,AFCG,AFG,AFL,AFYA,AGCC,AGYS,AIAI,AII,AIP,AIRG,ALAB,ALHC,ALLT,ALOT,ALRM,AM,AMLX,AMN,AMPG"
2026-05-26 15:45:00+00:00,L1170,L1164,confirmation,maturity,0.5305752397096068,0.4898763224577122,0,,1,ACCO-ALKS,0.0037327054888010025,0.864268982282305,0.014814814814814815,0.5244249364429941,"AAOI,AAPL,ABG,ABR,ACA,ACCO,ACLS,ACR,ADEA,ADM,AEHR,AFJK,AGEN,AGNT,AI,ALH,ALKT,ALMS,ALOY,AMBA,AMBQ","AAT,ABM,ACGL,ACNT,ADC,AEE,AEP,AES,AGMB,AGO,AGRO,AHR,AHRT,AIV,AIZ,AKAM,ALC,ALKS,ALL,ALNY,ALX,AMBP,AMGN,AMH,AMP"
2026-05-26 15:45:00+00:00,L1158,L1161,expansion,maturity,0.42649021990923214,0.23006524055229563,0,,1,AIRG-ALCO,-0.003061629133298993,0.6931471805599453,0.014117647058823528,0.3723710803372681,"AAUC,ABCB,ABEO,ABEV,ABVX,ACAD,ACDC,ACEL,ACOG,ACRE,ACT,ADAM,AEC,AEG,AENT,AESI,AFRI,AGNC,AGPU,AIRS,AIT,AKO-B,AKTS,ALCO,AMAL,AMCI,AMCR,AMCX","A,AAP,AAPG,AARD,ABBV,ABT,ACHC,ACHV,ACI,ACIW,ACM,ACN,ACTG,ACU,ADAG,ADBE,ADMA,ADP,ADSE,ADSK,ADTN,ADUS,ADV,AEVA,AEXA,AFCG,AFG,AFL,AFYA,AGCC,AGYS,AIAI,AII,AIP,AIRG,ALAB,ALHC,ALLT,ALOT,ALRM,AM,AMLX,AMN,AMPG"
2026-05-26 16:00:00+00:00,L1162,L1168,expansion,expansion,0.3148293707221879,0.4027472003107213,0,,26,AAMI-AIG;AAPL-QQQ;ABAT-ALGM;ABCL-ABEO;ABEO-AHCO;ABEO-AMLX;ACA-ADNT;ACA-ALM;ACA-ALTG;ACB-AER;ACCO-ALRS;ACIC-AEBI;ACLS-ALGM;ACR-ALRS;ADAM-AME;ADEA-AEBI;AEBI-ALKT;AEHR-AMAT;AEIS-AME;AERO-ALM;AGNC-ALLE;AI-QQQ;AIOT-ALSN;ALRS-AMBQ;AMAL-AMBQ;AMAL-AME,0.0031107569520827383,3.307292323036837,0.02085561497326203,1.0452243943150714,"AAMI,AAPL,ABAT,ABCL,ABG,ABR,ABVX,ABX,ACA,ACAD,ACB,ACCO,ACET,ACHR,ACIC,ACLS,ACR,ACRS,ADEA,ADM,ADPT,AEHR,AERO,AEYE,AFBI,AFRM,AGBK,AGCO,AGEN,AGL,AGNT,AHCO,AI,AIIR,AIOT,AIRS,ALC,ALG,ALGN,ALH,ALKT,ALLE,ALMR,ALMS,ALVO,AMAN,AMBA,AMBQ,AME,AMLX","AA,AAL,AAON,AAUC,ABCB,ABEO,ABNB,ABSI,ABUS,ACEL,ACMR,ACNB,ACRE,ACT,ACVA,AD,ADAM,ADI,ADNT,AEBI,AEIS,AEM,AEO,AER,AESI,AG,AGI,AGNC,AGX,AIG,AIN,AIR,AIRJ,AIRO,ALB,ALGM,ALGT,ALK,ALLY,ALM,ALMU,ALNT,ALRS,ALSN,ALTG,ALTO,ALV,AMAL,AMAT,AMCX,AMD,AMKR,AMPH,QQQ"
2026-05-26 16:15:00+00:00,L1164,L1161,maturity,maturity,0.3226536171100975,0.8316449505727005,2,AEXA;AMP,11,A-AEXA;A-AGO;AAPG-AMP;ACGL-AFL;ACHC-AMP;ADP-AEXA;ADUS-AMBP;ADV-AIRG;AFG-AKAM;AIP-AIRG;ALKS-ALRM,0.0010891768615692854,2.7793730121981257,0.014218009478672983,1.0432655247761717,"AAT,ABM,ACGL,ACNT,ACT,ADC,ADT,AEE,AEP,AES,AEXA,AGCC,AGMB,AGO,AGRO,AHR,AHRT,AIRG,AIRS,AIV,AIZ,AKAM,ALKS,ALL,ALNY,ALX,AMBP,AMGN,AMH,AMP","A,AAP,AAPG,AARD,ABBV,ABT,ACHC,ACHV,ACI,ACIW,ACM,ACN,ACTG,ACU,ADAG,ADBE,ADMA,ADP,ADSE,ADSK,ADTN,ADUS,ADV,AEVA,AFCG,AFG,AFL,AFYA,AGIO,AGYS,AIAI,AII,AIP,ALAB,ALHC,ALLT,ALOT,ALRM,AM,AMN,AMPG"
2026-05-26 16:45:00+00:00,L1164,L1161,expansion,maturity,0.8175282022620749,0.22193504175215345,2,ALAR;AMP,6,ABBV-ALAR;ADT-AGIO;ADT-AMAN;AES-AM;AEXA-AGRO;AFL-AGO,0.0015620301419403404,2.411995667358184,0.014117647058823528,0.916955537102638,"AAT,ABM,ACGL,ACNT,ADC,ADT,AEE,AEP,AES,AFBI,AGCC,AGCO,AGMB,AGO,AGRO,AHR,AHRT,AIRG,AIRS,AIV,AIZ,AJG,AKAM,ALAR,ALL,ALNY,ALX,AMBP,AMGN,AMH,AMP","A,AAP,AAPG,AARD,ABBV,ABT,ACHC,ACHV,ACI,ACIW,ACM,ACN,ACTG,ACU,ADAG,ADBE,ADMA,ADP,ADSE,ADSK,ADTN,ADUS,ADV,AEVA,AEXA,AFCG,AFG,AFL,AFYA,AGIO,AGYS,AIAI,AII,AIP,ALAB,ALHC,ALLT,ALOT,ALOY,ALRM,AM,AMAN,AMN,AMPG"
2026-05-26 17:15:00+00:00,L1164,L1168,maturity,expansion,0.24497703497952888,0.809127946603964,2,AD;AKR,6,ACDC-AGMB;ACNT-AIT;AGMB-AMPH;AGRO-AIT;AHR-AIG;AHR-ALTO,0.0018924250616692007,2.4149528262136406,0.01875,0.922782201028458,"AAT,ABM,ACGL,ACNT,AD,ADC,ADT,AEE,AEP,AES,AGMB,AGO,AGRO,AHR,AHRT,AIRS,AIV,AIZ,AKAM,AKR,ALL,ALNY,ALX,AMBP,AMGN,AMH,AMP","AAL,AAUC,ABCB,ABEV,ABNB,ACAD,ACCO,ACDC,ACEL,ACIC,ACOG,ACRE,ACT,ACVA,ADAM,ADEA,ADM,ADNT,AEBI,AEC,AEG,AEM,AENT,AEO,AER,AESI,AFRI,AG,AGI,AGNC,AGPU,AIG,AIN,AIT,AKO-B,AKTS,ALCO,ALGT,ALK,ALLE,ALLY,ALMR,ALRS,ALTO,ALV,AMAL,AMBQ,AMCI,AMCR,AMCX,AMPH"
2026-05-26 17:30:00+00:00,L1162,L1172,expansion,maturity,0.49368570850132676,0.712130173156838,1,ALVO,16,AAL-ACRE;AAPL-ABX;ABAT-AMKR;ABG-ALM;ABR-ALM;ABUS-ACET;ACNB-AER;ACNB-AME;ADI-AEO;ADUR-ALVO;AEO-AIRJ;AERO-ALNT;AEYE-AMKR;AIOT-ALKT;AIRO-ALKT;AIRS-ALTG,0.0025226451398339123,2.9576286909051395,0.02727272727272727,1.1052428463146435,"AAUC,ABAT,ABCL,ABEO,ABG,ABR,ABX,ACAD,ACB,ACET,ACHR,ACRE,ACRS,AEO,AER,AERO,AEYE,AFBI,AFRM,AGBK,AGCO,AGL,AGM,AGNC,AHCO,AIIR,AIN,AIRS,AJG,ALC,ALG,ALGN,ALKS,ALKT,ALLE,ALMR,ALNY,ALVO,AMAN,AME,AMLX","AA,AAL,AAOI,AAON,AAPL,ABUS,ACDC,ACMR,ACNB,ACOG,ADI,ADUR,AEHR,AEIS,AGEN,AGPU,AGX,AI,AIOT,AIR,AIRJ,AIRO,ALB,ALGM,ALM,ALMU,ALNT,ALSN,ALTG,AMAT,AMBA,AMD,AMG,AMKR,QQQ"
2026-05-26 17:30:00+00:00,L1162,L1164,expansion,maturity,0.49368570850132676,0.1877424781135973,4,ABX;ACAD;AIRS;ALC,5,AAUC-AGCC;ACAD-AMGN;ACT-AME;AES-AIRS;AGO-ALKS,0.0005577219417318702,2.6430331437367554,0.014598540145985401,0.8673765229405639,"AAUC,ABAT,ABCL,ABEO,ABG,ABR,ABX,ACAD,ACB,ACET,ACHR,ACRE,ACRS,AEO,AER,AERO,AEYE,AFBI,AFRM,AGBK,AGCO,AGL,AGM,AGNC,AHCO,AIIR,AIN,AIRS,AJG,ALC,ALG,ALGN,ALKS,ALKT,ALLE,ALMR,ALNY,ALVO,AMAN,AME,AMLX","AAT,ABM,ACGL,ACNT,ACT,ADC,ADT,AEE,AEP,AES,AGCC,AGMB,AGO,AGRO,AHR,AHRT,AIRG,AIV,AIZ,AKAM,ALAR,ALL,ALX,AMBP,AMGN,AMH,AMP"
2026-05-26 18:00:00+00:00,L1172,L1168,expansion,expansion,1.4023523128582296,0.45103792112991764,0,,16,AAUC-AG;ABSI-QQQ;ABVX-AGX;ACIC-ALV;ACOG-ACR;ACOG-ADUR;ADNT-AERO;ADNT-AKR;ADNT-ALM;AEBI-AERO;AEBI-AIRO;AEIS-ALV;AG-ALGM;AI-AIR;AIRO-AMBQ;ALGT-AMKR,0.0010891991405515,2.839599959906613,0.018867924528301886,1.2687472488523428,"AA,AAOI,AAON,AAPL,AAUC,ABR,ABUS,ACA,ACIC,ACLS,ACR,ADUR,AEHR,AEIS,AERO,AGEN,AGX,AI,AIOT,AIRJ,AIRO,AIRS,AKR,ALB,ALGM,ALH,ALKT,ALM,ALMU,ALNT,ALSN,ALTG,ALVO,AMAN,AMAT,AMBA,AMD,AMG,AMKR,QQQ","AAL,AAMI,ABCB,ABEO,ABEV,ABNB,ABSI,ABVX,ACCO,ACDC,ACEL,ACMR,ACOG,ACRE,ACVA,AD,ADAM,ADEA,ADI,ADM,ADNT,AEBI,AEC,AEG,AEM,AENT,AESI,AFRI,AG,AGI,AGNC,AGPU,AIG,AIR,AIT,AKO-B,AKTS,ALCO,ALGT,ALK,ALLY,ALRS,ALTO,ALV,AMAL,AMBQ,AMCI,AMCR,AMCX,AMPH"
2026-05-26 18:15:00+00:00,L1164,L1172,maturity,maturity,0.2362814607664155,0.7041377080326707,0,,2,AAON-ACNT;AGNT-AIRG,0.0013039307013968937,1.1411585781816413,0.026740947075208913,0.5714265372464176,"AAT,ABM,ACGL,ACNT,ACT,ADC,ADT,AEE,AEP,AES,AGMB,AGO,AGRO,AHR,AHRT,AIRG,AIV,AIZ,AKAM,AKR,ALKS,ALL,ALX,AMGN,AMH,AMP","AA,AAOI,AAON,AAPL,ABG,ABUS,ABVX,ACA,ACCO,ACIC,ACLS,ACR,ADUR,AEHR,AEIS,AERO,AGEN,AGNT,AGX,AI,AIOT,AIRJ,AIRO,ALB,ALGM,ALH,ALKT,ALM,ALMS,ALMU,ALNT,ALSN,ALTG,ALTO,ALVO,AMAT,AMBA,AMBQ,AMD,AMG,AMKR,QQQ"
2026-05-26 18:30:00+00:00,L1162,L1164,maturity,expansion,0.8802285210789689,0.43675969887408134,0,,4,ACRE-AMH;AFBI-ALX;AHRT-ALMR;ALKS-AMLX,0.0023763011558912694,1.6558691280115818,0.01875,0.8118762479888105,"AAUC,ABAT,ABCL,ABG,ABR,ABX,ACAD,ACB,ACET,ACHR,ACNB,ACRE,ACRS,ADT,AEO,AER,AEYE,AFBI,AFRM,AGBK,AGCO,AGL,AGM,AGNC,AGNT,AHCO,AIIR,AIN,AIRS,AJG,ALC,ALG,ALGN,ALLE,ALMR,ALMS,ALNY,AMBP,AME,AMLX","AAMI,AAT,ABM,ACGL,ACNT,ACT,AD,ADC,AEE,AEP,AES,AFL,AGMB,AGO,AGRO,AGYS,AHR,AHRT,AIRG,AIV,AIZ,AKAM,AKR,ALKS,ALL,ALX,AM,AMGN,AMH,AMP"
2026-05-26 19:15:00+00:00,L1162,L1164,maturity,maturity,0.7104698516865477,0.4763873240434977,1,AMBP,9,ABX-AMGN;ACB-ALX;ADT-AIV;ADT-ALX;AEP-AMBP;AGCC-AMP;AGMB-ALNY;ALC-ALKS;ALC-AMGN,-0.0010278800036758184,2.4849066497880004,0.015384615384615384,0.979591507473706,"AAUC,ABAT,ABCL,ABG,ABX,ACAD,ACB,ACET,ACHR,ACRE,ACRS,ADT,AEO,AER,AEYE,AFBI,AFRM,AGBK,AGCC,AGCO,AGIO,AGL,AGM,AGNC,AHCO,AIIR,AIN,AIRS,AJG,ALAR,ALC,ALG,ALGN,ALKT,ALLE,ALMR,ALMS,ALNY,AMBP,AME,AMLX","AAT,ABBV,ABM,ACGL,ACNT,ACT,ADC,AEE,AEP,AES,AEXA,AFL,AGMB,AGO,AGRO,AHRT,AIRG,AIV,AIZ,AKAM,ALKS,ALL,ALX,AM,AMGN,AMH,AMP"
2026-05-26 19:30:00+00:00,L1168,L1164,expansion,expansion,0.4990368731447876,0.2010177421666705,0,,16,AAMI-AAUC;AAMI-ADM;ACDC-ACNT;ACRE-AD;ACT-AEG;ACT-AMCX;AD-AER;ADEA-AMH;AEBI-AKR;AESI-AKR;AG-AMBP;AGMB-AIT;AGMB-AKO-B;AIV-ALCO;ALNY-AMGN;ALNY-AMH,-0.001708250434603542,2.833213344056216,0.01875,0.9211322206074914,"AA,AAL,AAUC,ABCB,ABEO,ABEV,ABNB,ABSI,ABVX,ACCO,ACDC,ACEL,ACMR,ACRE,ACVA,ADAM,ADEA,ADI,ADM,ADNT,AEBI,AEC,AEG,AEM,AENT,AEO,AER,AESI,AFRI,AG,AGI,AGNC,AGPU,AIG,AIN,AIT,AKO-B,AKTS,ALCO,ALGT,ALK,ALLE,ALLY,ALMR,ALNY,ALRS,ALV,AMAL,AMCI,AMCR,AMCX,AMPH","AAMI,AAT,ABM,ACGL,ACNT,ACT,AD,ADC,AEE,AEP,AES,AFL,AGMB,AGO,AGRO,AGYS,AHR,AHRT,AIV,AIZ,AKAM,AKR,ALKS,ALL,ALX,AM,AMBP,AMGN,AMH,AMP"
2026-05-26 19:45:00+00:00,L1172,L1164,maturity,maturity,0.2793384958447684,0.4737139296513528,1,AAON,36,AA-AAMI;AA-AKAM;AA-AM;AA-AMP;AAMI-ALGM;AAOI-AKAM;AAOI-AMP;AAON-AFL;AAON-AM;ABAT-ALX;ABSI-AKAM;ABSI-ALX;ACIC-ACT;ACR-AM;ACT-AERO;ADM-AEE;ADUR-AMP;AEE-ALTO;AEIS-AM;AEIS-AMP;AEP-AMG;AERO-ALKS;AGX-AKAM;AKAM-ALGM;AKAM-ALMU;AKAM-AMBQ;AKAM-AMG;ALM-AMP;ALMU-AM;ALMU-AMP;AM-AMAT;AM-AMBQ;AM-AMG;AMAT-AMP;AMBQ-AMP;AMG-AMP,-0.0002997508563566953,3.6635616461296463,0.019047619047619046,1.1446632820383909,"AA,AAL,AAOI,AAON,AAPL,ABAT,ABR,ABSI,ABUS,ABVX,ACA,ACIC,ACLS,ACR,ADI,ADM,ADUR,AEHR,AEIS,AERO,AGEN,AGX,AI,AIOT,AIRJ,AIRO,ALB,ALGM,ALGT,ALH,ALKT,ALM,ALMS,ALMU,ALNT,ALSN,ALTG,ALTO,AMAT,AMBA,AMBQ,AMD,AMG,AMKR,QQQ","AAMI,AAT,ABM,ACGL,ACNT,ACT,AD,ADC,AEE,AEP,AES,AFL,AGMB,AGO,AGRO,AHR,AHRT,AIV,AIZ,AKAM,AKR,ALKS,ALL,ALX,AM,AMGN,AMH,AMP"
2026-05-27 13:45:00+00:00,L1164,L1177,expansion,confirmation,0.9258562076267344,1.4361200705581059,9,AAMI;AAON;ACOG;AGRO;AIAI;AIRG;AIZ;AKO-B;AMH,46,AAMI-AMBA;AAMI-AME;AAON-AFYA;AAON-AIP;AAON-ALAB;AAON-ALVO;AARD-ACA;AARD-AD;AAUC-AIRS;ACA-AEXA;ACA-AIR;ACB-AIAI;ACB-AIZ;ACDC-ACNT;ACDC-AHR;ACLS-ACOG;ACNT-AEXA;ACNT-AIP;ACNT-AIR;ACNT-ALAR;ACNT-ALVO;ACNT-AMP;ACOG-AFYA;ACOG-AMAT;ACR-AEBI;ACR-AEIS;ACR-AIP;ACR-AMAT;ACU-AESI;ACU-AM;AD-AIR;ADAG-AMG;AEXA-AIV;AEXA-AMG;AGRO-AIR;AGRO-ALVO;AI-AIRG;AI-AMH;AIAI-ALAB;AIIR-AMG;AIP-AKO-B;AIP-AMG;AIR-AMG;AIRG-ALAB;ALVO-AMG;AMBA-AMG,0.015502573922276497,4.197957412485446,0.03442622950819672,1.7632461710030432,"AAMI,AAON,AAT,AAUC,ABT,ABX,ACA,ACGL,ACNB,ACNT,ACOG,ACR,ACU,AD,ADC,ADM,ADSE,ADUS,ADV,AEE,AEP,AES,AFCG,AFG,AFL,AFRI,AGMB,AGO,AGRO,AGYS,AHR,AHRT,AIAI,AIG,AIRG,AIV,AIZ,AKO-B,AKR,ALC,ALL,ALRS,AMAL,AMCI,AMG,AMH","AA,AAOI,AARD,ABAT,ABCL,ABSI,ACB,ACDC,ACHR,ACLS,ACMR,ADAG,ADEA,ADI,ADUR,AEBI,AEG,AEHR,AEIS,AEM,AESI,AEVA,AEXA,AFYA,AG,AGI,AGPU,AGX,AI,AIIR,AIP,AIR,AIRS,AKAM,ALAB,ALAR,ALGM,ALLT,ALM,ALMU,ALOY,ALTO,ALVO,ALX,AM,AMAT,AMBA,AMBQ,AMD,AME,AMKR,AMP,AMPG,QQQ"
2026-05-27 14:00:00+00:00,L1177,L1178,expansion,maturity,0.8213719028771593,0.34490217887880514,4,ACB;AIAI;AIRJ;AIRO,18,AAL-AFYA;AAON-ADNT;AAPL-AIRO;ACB-AII;ACET-AKO-B;ACHV-AIAI;ADNT-AGRO;ADNT-AIRO;ADT-AIAI;ADTN-AEBI;AER-AGCC;AFYA-ALH;AGBK-AIOT;AGRO-ALV;AIOT-ALV;AIRJ-ALOT;AIRJ-AMPH;AKO-B-ALH,0.002178476541303098,3.3038729218754304,0.013069306930693069,1.177810851035251,"AA,AAMI,AAOI,AAON,ABAT,ABCL,ABSI,ACB,ACDC,ACHR,ACLS,ACMR,ACOG,ADAG,ADEA,ADI,ADUR,AEBI,AEG,AEHR,AEIS,AEM,AESI,AEVA,AFYA,AG,AGCC,AGI,AGPU,AGRO,AGX,AI,AIAI,AIIR,AIOT,AIP,AIRG,AIRJ,AIRO,AIRS,AIZ,AKAM,AKO-B,AKTS,ALAB,ALAR,ALGM,ALLT,ALM,ALMU,ALOY,ALTO,ALVO,ALX,AM,AMAT,AMBA,AMBQ,AMD,AME,AMH,AMKR,AMP,AMPG,QQQ","AAL,AAPG,AAPL,AAT,AAUC,ABEO,ABG,ABVX,ACCO,ACET,ACHV,ACI,ACRS,ADNT,ADT,ADTN,AEO,AER,AERO,AFJK,AGBK,AGEN,AGIO,AII,AIN,ALB,ALG,ALGT,ALH,ALK,ALNT,ALOT,ALRM,ALTG,ALV,AMAN,AMBP,AMLX,AMPH"
2026-05-27 14:45:00+00:00,L1181,L1184,expansion,confirmation,0.8399915492701275,0.325162237977786,14,ABCB;ACA;ACNB;ACU;ADSE;AEXA;AEYE;AFCG;AHR;AIZ;AKR;ALCO;ALRS;AMG,10,ABCB-ACDC;ACA-AMP;ACDC-AEXA;ACDC-AHR;ACNT-AGL;ACNT-ALX;AEXA-ALM;AIRS-ALRS;AIV-ALX;ALX-AMAL,0.0018159955507144332,3.6682072374888492,0.020869565217391306,1.269728380329195,"ABBV,ABCB,ABNB,ABT,ABX,ACA,ACGL,ACIW,ACM,ACN,ACNB,ACNT,ACU,ACVA,ADAM,ADBE,ADM,ADMA,ADP,ADPT,ADSE,ADSK,ADV,AEC,AEE,AEP,AEXA,AEYE,AFCG,AFL,AGM,AGO,AHCO,AHR,AIG,AII,AIV,AIZ,AKR,ALC,ALCO,ALGN,ALHC,ALKT,ALL,ALMS,ALRS,ALSN,AMAL,AMCI,AMG","AA,ACDC,AEIS,AEM,AESI,AG,AGI,AGL,AIRS,ALM,ALOY,ALX,AM,AME,AMP"
2026-05-27 14:45:00+00:00,L1177,L1184,maturity,confirmation,0.4384293805385876,0.325162237977786,1,ACOG,10,AA-AKAM;ACR-AMP;AEIS-AKAM;AGX-ALM;AIIR-ALM;AIRS-AMBQ;AIRS-AMKR;AKAM-AMP;ALGM-AM;ALM-AMBQ,0.0030316576594486833,2.5880020344183055,0.020869565217391306,0.8792084289420972,"AAOI,AAON,ABAT,ABCL,ABSI,ACHR,ACLS,ACMR,ACOG,ACR,ADAG,ADEA,ADI,ADUR,AEBI,AEG,AEHR,AEVA,AFYA,AGCC,AGPU,AGX,AI,AIIR,AIP,AIRG,AKAM,AKO-B,AKTS,ALAB,ALAR,ALGM,ALLT,ALMU,ALTO,ALVO,AMAT,AMBA,AMBQ,AMD,AMKR,AMPG,QQQ","AA,ACDC,AEIS,AEM,AESI,AG,AGI,AGL,AIRS,ALM,ALOY,ALX,AM,AME,AMP"
2026-05-27 15:00:00+00:00,L1179,L1177,expansion,maturity,0.7964093874876446,0.5578278949786902,0,,1,ABCL-AIAI,0.0047236718237400055,0.9051760651240436,0.035694050991501414,0.6379193086696365,"A,AAP,AAUC,ABBV,ABEV,ABNB,ABR,ACEL,ACHC,ACIC,ACRE,ACT,ACTG,ACVA,ADAM,ADC,ADUS,ADV,AEC,AEE,AENT,AEP,AER,AES,AFBI,AFRI,AFRM,AGM,AGMB,AGYS,AHRT,AIAI,AIN,AJG,ALKS,ALLE,ALMR,ALNY,AMCI,AMCR,AMCX,AMGN,AMH,AMN","AAOI,AAON,ABAT,ABCL,ABSI,ACHR,ACLS,ACMR,ACR,ADEA,ADI,ADUR,AEBI,AEG,AEHR,AEVA,AFYA,AGCC,AGPU,AGX,AI,AIIR,AIP,AIRG,AKAM,AKO-B,AKTS,ALAB,ALAR,ALGM,ALLT,ALMU,ALTO,ALVO,AMAT,AMBA,AMBQ,AMD,AMKR,AMPG,QQQ"
2026-05-27 15:30:00+00:00,L1178,L1179,maturity,maturity,0.2239635856330956,0.8395410849631826,2,ABUS;ABVX,23,A-ADT;AAP-ACCO;AAP-AMBP;AAPG-ACHC;AAUC-AMBP;ABEO-AGIO;ABNB-AER;ABUS-ACRE;ACEL-ALK;ACEL-AMBP;ACI-ACRE;ACRE-AII;ACRE-ALG;ACRE-AMBP;ACT-AGBK;ADUS-AMBP;AFRI-AII;AGNC-AGNT;AGNC-AGYS;AGNC-ALRM;AGNT-AMPH;ALGT-AMGN;ALNY-AMBP,0.0012970513344043866,3.3368261401660027,0.013019891500904159,1.1552109199455196,"AAL,AAPG,AAPL,ABEO,ABG,ABUS,ABVX,ACCO,ACET,ACHV,ACI,ACOG,ACRS,ADNT,ADT,ADTN,AEO,AER,AERO,AFG,AFJK,AGBK,AGEN,AGNC,AGRO,AII,AIRJ,AIRO,ALB,ALG,ALGT,ALH,ALK,ALNT,ALOT,ALTG,ALV,AMAN,AMBP,AMLX,AMPH","A,AAP,AAT,AAUC,ABEV,ABNB,ABR,ACAD,ACEL,ACHC,ACIC,ACM,ACRE,ACT,ACTG,ADC,ADUS,AENT,AES,AFBI,AFRI,AGIO,AGMB,AGNT,AGYS,AHCO,AHRT,AIG,AJG,ALKS,ALLE,ALLY,ALMR,ALNY,ALRM,AMCR,AMCX,AMGN,AMN"
2026-05-27 16:00:00+00:00,L1179,L1177,expansion,maturity,1.0727656870892304,1.0394459680540034,0,,5,AAUC-AG;AAUC-ALX;ACTG-AKO-B;AD-AI;ADUS-AKO-B,0.004582338850013912,1.865355888001346,0.03739837398373984,1.1056122246408677,"A,AAP,AARD,AAT,AAUC,ABEV,ABM,ABNB,ABR,ABUS,ABVX,ACAD,ACB,ACEL,ACHC,ACIC,ACM,ACRE,ACT,ACTG,AD,ADC,ADT,ADUS,AENT,AES,AFBI,AFRI,AGCO,AGIO,AGMB,AGNC,AGNT,AGYS,AHCO,AHRT,AIN,AIT,AJG,ALG,ALKS,ALLE,ALLY,ALNY,ALRM,ALSN,AMBP,AMCR,AMCX,AMGN,AMN,AMPH","AA,AAMI,AAOI,AAON,ABAT,ABCL,ABSI,ACDC,ACHR,ACLS,ACMR,ACR,ADAG,ADEA,ADI,ADUR,AEBI,AEG,AEHR,AEIS,AEM,AESI,AEVA,AFYA,AG,AGCC,AGI,AGL,AGPU,AGX,AI,AIIR,AIP,AIR,AIRG,AIRS,AKAM,AKO-B,AKTS,ALAB,ALAR,ALGM,ALLT,ALM,ALMS,ALMU,ALOY,ALTO,ALX,AM,AMAT,AMBA,AMBQ,AMD,AME,AMKR,AMP,AMPG,QQQ"
2026-05-27 16:45:00+00:00,L1178,L1179,maturity,maturity,0.2658123943297787,0.17137918263694968,7,AAPG;ACTG;AFG;AGNC;AGYS;AII;AMBP,21,A-AERO;A-AGNC;AAP-ALV;AAPG-ACHC;AAPG-AHRT;ABEO-ACAD;ABEO-AIT;ABEV-ALV;ACET-ACHC;ACHC-AFJK;ACI-ACM;ACI-ACRE;ACIC-AFG;ACM-AMPH;ACRE-ALG;ACRE-ALRM;ADT-AMCR;AGBK-AGNT;AII-ALNY;AIT-ALH;AIT-ALNT,0.000158384267706424,3.583958798002899,0.012087912087912088,1.02896035940393,"AAL,AAPG,AAPL,AARD,ABEO,ABG,ABUS,ACB,ACCO,ACET,ACHV,ACI,ACOG,ACRS,ACTG,ADNT,ADT,ADTN,AEO,AER,AERO,AFG,AFJK,AGBK,AGEN,AGNC,AGYS,AIAI,AII,AIOT,AIRJ,AIRO,ALB,ALG,ALGT,ALH,ALK,ALLY,ALNT,ALOT,ALRM,ALTG,ALV,AMAN,AMBP,AMLX,AMPH","A,AAP,ABBV,ABEV,ABR,ABVX,ACAD,ACEL,ACHC,ACIC,ACM,ACRE,ACT,ADC,AES,AFBI,AGCO,AGIO,AGNT,AHCO,AHRT,AIT,AJG,ALKS,ALLE,ALNY,ALSN,AMCR,AMCX,AMGN,AMN"
2026-05-27 17:15:00+00:00,L1181,L1178,expansion,expansion,0.7324336901103158,0.4158158429071672,0,,7,AAT-ABNB;ABEV-AFBI;ACRE-AGNT;ADV-AGBK;AEC-ALV;AEYE-AGNC;AFG-AIG,0.0027695700991898775,2.113475389969145,0.016633663366336635,0.8753387569024818,"ABCB,ABM,ABNB,ABT,ABX,ACA,ACGL,ACIW,ACM,ACN,ACNB,ACNT,ACVA,AD,ADAM,ADBE,ADM,ADMA,ADP,ADPT,ADSE,ADSK,ADV,AEC,AEXA,AEYE,AFBI,AFCG,AFL,AFRI,AFRM,AGCO,AGM,AGNT,AGO,AGYS,AHCO,AIG,AIN,AIV,AIZ,AKR,ALC,ALGN,ALHC,ALKT,ALL,ALLY,ALMR,ALRM,ALSN,AMAL,AMCI,AMG,AMH","AAL,AAPG,AAPL,AAT,ABEO,ABEV,ABG,ABUS,ABVX,ACAD,ACCO,ACET,ACHV,ACI,ACOG,ACRE,ACRS,ACTG,ADNT,ADT,AEO,AER,AERO,AFG,AFJK,AGBK,AGEN,AGNC,AII,AIT,ALG,ALGT,ALH,ALK,ALNT,ALOT,ALTG,ALV,AMAN,AMBP,AMLX,AMPH"
2026-05-27 17:30:00+00:00,L1177,L1179,maturity,expansion,0.9590158653873198,0.7702910688469742,0,,3,AES-AKO-B;AES-ALCO;AFG-AGCC,0.003100267786066979,1.4609441172301596,0.012110091743119266,0.8858446233392958,"AA,AAMI,AAOI,AAON,AARD,AAUC,ABAT,ABCL,ABSI,ACA,ACB,ACDC,ACHR,ACLS,ACMR,ACNT,ACR,ACU,AD,ADAG,ADEA,ADI,ADSE,ADUR,AEBI,AEG,AEHR,AEIS,AEM,AESI,AEVA,AEYE,AFYA,AG,AGCC,AGI,AGL,AGPU,AGX,AHR,AI,AIAI,AIIR,AIOT,AIP,AIR,AIRG,AIRJ,AIRS,AKAM,AKO-B,AKR,AKTS,ALAB,ALAR,ALCO,ALGM,ALLT,ALM,ALMS,ALMU,ALOY,ALTO,ALVO,AM,AMAT,AMBA,AMBQ,AMD,AME,AMKR,AMP,AMPG,QQQ","A,AAP,AAT,ABNB,ABR,ACAD,ACEL,ACHC,ACIC,ACT,ADC,ADUS,AEE,AES,AFBI,AFG,AFRM,AGCO,AGIO,AHRT,AJG,ALKS,ALLE,ALMR,ALNY,ALSN,AMCR,AMCX,AMGN,AMN"
2026-05-27 18:00:00+00:00,L1181,L1189,expansion,confirmation,0.4003517467576062,0.3411508626041351,0,,9,AAON-AGMB;ACAD-AEYE;ACNB-AFCG;ACRE-ALLY;AD-AFRI;ADMA-AFCG;AES-ALCO;AGNT-ALLY;AIZ-ALL,0.00154355657286942,2.3179027422351104,0.007377049180327868,0.8030330257443492,"A,ABBV,ABEV,ABM,ABNB,ABR,ABT,ABX,ACAD,ACGL,ACHC,ACI,ACIC,ACIW,ACM,ACN,ACNB,ACRE,ACT,ACVA,ADAM,ADBE,ADC,ADM,ADMA,ADP,ADPT,ADSK,ADT,ADUS,ADV,AEC,AEE,AENT,AEP,AES,AFBI,AFL,AFRI,AFRM,AGCO,AGIO,AGM,AGMB,AGNC,AGNT,AGO,AGYS,AHCO,AHRT,AIG,AII,AIN,AIOT,AIV,AJG,AKO-B,ALC,ALGN,ALHC,ALKS,ALKT,ALL,ALLE,ALMR,ALNY,ALRM,ALSN,AMAL,AMCI,AMCR,AMCX,AMGN,AMH,AMN,AMPH","AAON,ABCB,ACA,ACNT,ACOG,AD,ADSE,AEXA,AEYE,AFCG,AIR,AIZ,AKR,ALCO,ALLY,ALRS,AMG"
2026-05-27 18:30:00+00:00,L1190,L1181,confirmation,maturity,1.3675369414230365,0.8209798997577534,20,AARD;ABCB;ACA;ACB;ACNT;AD;ADAG;ADSE;AEXA;AEYE;AFCG;AFRI;AHR;AIR;AIZ;AKR;ALRS;ALVO;AMCI;AMG,16,AARD-ABX;AAUC-AMPH;ABCB-AGM;ABX-ADAG;ABX-AIAI;ACNT-ADM;AD-AHCO;AD-ALLY;AD-AMPH;ADAG-ALGN;ADM-AEXA;AFL-AHR;AGO-ALVO;AIV-ALRS;AIV-AMCI;ALC-ALX,0.0017106893938034773,4.046047982658899,0.017349397590361446,1.6706694576575158,"AAMI,AARD,AAUC,ABCB,ACA,ACB,ACNT,AD,ADAG,ADSE,AEXA,AEYE,AFCG,AFRI,AHR,AIAI,AIR,AIZ,AKR,ALRS,ALVO,ALX,AMCI,AMG","ABM,ABT,ABX,ACI,ACIW,ACM,ACN,ACNB,ACVA,ADAM,ADBE,ADM,ADMA,ADP,ADPT,ADSK,ADT,AEC,AFL,AGM,AGNT,AGO,AGYS,AHCO,AIN,AIV,ALC,ALCO,ALGN,ALHC,ALKT,ALLY,ALRM,AMAL,AMH,AMPH"
2026-05-27 18:45:00+00:00,L1181,L1178,expansion,expansion,0.7268677632785951,0.4800480990172428,3,ACB;ADT;AIOT,16,AAPG-ACVA;AAT-ACB;AAT-ADM;AAUC-AMCI;ABG-AD;ABX-ALMR;ACCO-ACVA;ACHC-AGNT;ACHV-ACVA;ACHV-AEC;ACTG-AIOT;ADT-ALLY;AEXA-AGMB;AFRI-AGRO;AIT-ALHC;ALGN-ALLY,0.0011995747336186469,3.1406962044150224,0.018823529411764704,1.1500723392042718,"AARD,ABCB,ABM,ABT,ABX,ACA,ACB,ACGL,ACIW,ACM,ACN,ACNB,ACNT,ACR,ACVA,AD,ADAG,ADAM,ADBE,ADM,ADMA,ADP,ADPT,ADSE,ADSK,ADT,AEC,AEXA,AEYE,AFCG,AFG,AFL,AFRI,AGM,AGNT,AGO,AGYS,AHCO,AHR,AIG,AIN,AIOT,AIR,AIV,AIZ,AKR,ALC,ALGN,ALHC,ALKT,ALMS,ALRM,ALRS,ALVO,AMAL,AMCI,AMG,AMH","AAL,AAPG,AAPL,AAT,AAUC,ABEO,ABEV,ABG,ABUS,ABVX,ACAD,ACCO,ACET,ACHC,ACHV,ACI,ACOG,ACRS,ACTG,ADNT,AENT,AEO,AER,AERO,AFJK,AGBK,AGEN,AGMB,AGNC,AGRO,AII,AIRJ,AIRO,AIT,ALB,ALG,ALGT,ALH,ALK,ALLY,ALMR,ALNT,ALOT,ALTG,ALV,AMAN,AMBP,AMLX,AMPH"
2026-05-27 19:00:00+00:00,L1178,L1177,decay,maturity,0.8319353669812506,0.4077650694702203,1,AGMB,7,AAON-AGMB;ACB-AHR;AEBI-ALH;AER-ALLT;AI-AIOT;AIRJ-AMPG;AKTS-ALB,0.0019381846068426967,2.32178150331159,0.03739837398373984,0.9579652628608997,"AAL,AAPG,AAPL,AAT,ABEO,ABEV,ABG,ABVX,ACB,ACCO,ACET,ACHV,ACOG,ACRS,ACTG,ADNT,ADT,ADTN,AEO,AER,AERO,AFJK,AGBK,AGEN,AGMB,AIOT,AIRJ,AIRO,AIT,ALB,ALG,ALGT,ALH,ALK,ALLY,ALNT,ALOT,ALTG,ALV,AMAN,AMLX,AMPH","AA,AAOI,AAON,ABAT,ABCL,ABSI,ACDC,ACHR,ACLS,ACMR,ACR,ACU,ADEA,ADI,ADUR,AEBI,AEG,AEHR,AEIS,AEM,AESI,AEVA,AEXA,AFYA,AG,AGCC,AGI,AGL,AGPU,AGX,AHR,AI,AIIR,AIP,AIR,AIRG,AIRS,AKAM,AKTS,ALAB,ALAR,ALGM,ALLT,ALM,ALMS,ALMU,ALOY,ALTO,AM,AMAT,AMBA,AMBQ,AMD,AME,AMG,AMKR,AMP,AMPG,QQQ"
2026-05-27 19:30:00+00:00,L1181,L1178,expansion,maturity,0.5119241193770374,0.15433770142764303,3,ACOG;ADSE;AEYE,27,AAPL-ADSE;AARD-ACA;AARD-AMPH;AAT-AII;AAUC-ACA;AAUC-AEYE;AAUC-AII;AAUC-ALCO;AAUC-AMG;ACHC-ACVA;ACI-ACRS;ACI-AGRO;ACI-ALOT;ACM-AIN;ACOG-AER;ACOG-ALK;ACRS-ALRM;ADSE-AER;ADSE-AGRO;ADSE-ALB;AER-AMG;AEYE-AIT;AFG-AGBK;AGRO-AMPH;AII-ALGT;AIRO-ALRS;AIT-ALHC,0.00158436328638345,3.5310095929499004,0.011787819253438114,1.084399117366895,"ABCB,ABM,ABT,ABX,ACA,ACGL,ACI,ACIW,ACM,ACN,ACNB,ACNT,ACOG,ACR,ACVA,AD,ADAG,ADBE,ADM,ADMA,ADP,ADPT,ADSE,ADSK,ADT,AEC,AEXA,AEYE,AFCG,AFG,AFL,AFRI,AFYA,AGMB,AGNT,AGO,AGYS,AHCO,AHR,AIG,AII,AIV,AIZ,AKR,ALC,ALCO,ALG,ALGN,ALHC,ALKT,ALLY,ALMS,ALRM,ALRS,ALVO,AMAL,AMCI,AMG,AMH,AMPH","AAL,AAPG,AAPL,AARD,AAT,AAUC,ABEO,ABEV,ABG,ABVX,ACB,ACCO,ACET,ACHC,ACHV,ACRS,ACTG,ADNT,ADTN,AEO,AER,AERO,AFJK,AGBK,AGEN,AGRO,AIAI,AIN,AIOT,AIRJ,AIRO,AIT,ALB,ALGT,ALH,ALK,ALNT,ALOT,ALTG,ALV,AMAN,AMLX"
2026-05-27 19:45:00+00:00,L1178,L1181,decay,maturity,0.8404231514908267,0.45749567327586826,1,ADSE,50,AAMI-ALTG;AAMI-AMLX;AARD-ADNT;AAUC-ADTN;AAUC-ALV;ABBV-AEO;ABCB-AIT;ABCB-ALGT;ABCB-ALH;ABEV-AEP;ABEV-ALCO;ABG-AD;ABVX-ACI;ABVX-ADM;ABVX-ADMA;ABVX-AEXA;ACA-ADNT;ACA-AEYE;ACA-ALV;ACB-ACNT;ACCO-AEC;ACCO-AIN;ACI-AGCC;ACRS-AMPH;ACVA-ADSE;AD-ALGT;AD-ALV;ADM-AGCC;ADM-AIRO;ADM-ALOT;ADNT-AFRI;ADPT-AGCC;ADPT-AIOT;ADPT-AIRO;ADT-ALOT;AEC-ALV;AEO-AEXA;AEO-AFYA;AEO-AGYS;AEO-AIZ;AEO-AMPH;AERO-AFYA;AGRO-AII;AGRO-AMH;AIOT-ALKT;ALGT-ALLY;ALKT-ALOT;ALLY-ALV;ALOT-ALX;ALOT-AMPH,0.000768077588872984,3.971740067468763,0.01651376146788991,1.3847877285173829,"AAL,AAPL,ABEO,ABEV,ABG,ABVX,ACB,ACCO,ACOG,ACRS,ADNT,ADSE,ADTN,AEO,AER,AERO,AEYE,AFJK,AGCC,AGEN,AGRO,AIOT,AIRJ,AIRO,AIT,AKTS,ALB,ALGT,ALH,ALK,ALNT,ALOT,ALTG,ALV,AMAN,AMLX","AAMI,AARD,AAUC,ABBV,ABCB,ABM,ABT,ABX,ACA,ACGL,ACI,ACIW,ACM,ACN,ACNB,ACNT,ACVA,AD,ADBE,ADM,ADMA,ADP,ADPT,ADSK,ADT,AEC,AEP,AEXA,AFCG,AFG,AFL,AFRI,AFYA,AGNT,AGO,AGYS,AHCO,AIG,AII,AIN,AIV,AIZ,AKR,ALC,ALCO,ALG,ALGN,ALHC,ALKT,ALLY,ALRM,ALX,AMAL,AMCI,AMG,AMH,AMPH"
2026-05-28 14:00:00+00:00,L1181,L1197,maturity,expansion,0.8559243991549325,0.49061665073832395,3,AGIO;AGL;AMCX,13,ABNB-ALOT;ABT-ACM;ACET-AGL;ACR-AFCG;ACTG-AHR;ACVA-ALGN;ADTN-AGL;AFCG-ALGN;AGIO-ALLE;AGL-AGX;AGL-ALSN;AGO-ALHC;ALGN-AMCX,0.006713262991979718,3.028747537053547,0.015,1.1633991992313637,"A,AACP,ABT,ABVX,ACGC,ACHR,ACHV,ACIW,ACN,ACRS,ACTG,ACVA,AD,ADBE,ADMA,ADP,ADPT,ADSK,ADT,AFBI,AFCG,AGIO,AGL,AGNT,AGRO,AGYS,AI,AIIR,AIOT,AIRO,AJG,ALAB,ALAR,ALCO,ALHC,ALKS,ALKT,ALLT,ALMR,ALNY,ALOT,ALOY,ALRM,ALVO,ALX,AMCX,AMPH","AAMI,AAON,AAPG,AAUC,ABCB,ABG,ABNB,ABX,ACA,ACCO,ACET,ACHC,ACM,ACR,ACRE,ACT,ACU,ADAM,ADEA,ADNT,ADSE,ADTN,AEG,AEM,AENT,AER,AESI,AEVA,AFYA,AG,AGCO,AGI,AGNC,AGO,AGPU,AGX,AHCO,AHR,AHRT,AIN,AIT,AIV,AKR,ALC,ALG,ALGN,ALGT,ALH,ALK,ALLE,ALLY,ALNT,ALRS,ALSN,ALV,AMAL,AMBP,AMCR,AME,AMG"
2026-05-28 14:45:00+00:00,L1181,L1200,expansion,expansion,0.33437184172619366,0.3454505169882944,4,ABSI;AIP;ALMU;AMPG,22,AAON-AEC;AAUC-ABR;ABAT-AIAI;ABEO-AERO;ABR-ACAD;ABR-AGL;ABSI-ALGM;ABSI-AMLX;ACB-AGNC;ACR-AFCG;ACR-AGBK;ADAG-AEHR;ADAG-ALMS;ADEA-AGMB;ADV-AIRJ;AERO-ALLE;AGX-AIP;AIP-ALGM;AIRG-ALMU;AKAM-ALM;AKAM-AMBQ;ALGM-ALMU,0.0034621069207787514,3.4450933887073374,0.03106267029972752,1.06987945533614,"AACP,ABAT,ABCL,ABR,ABSI,ABT,ABVX,ACB,ACGC,ACHR,ACHV,ACIW,ACN,ACNT,ACRS,ACTG,ACVA,AD,ADAG,ADBE,ADMA,ADP,ADSK,ADV,AEC,AENT,AERO,AEYE,AFCG,AFRI,AFRM,AGBK,AGMB,AGNT,AGRO,AGYS,AI,AIG,AIP,AIRS,AJG,AKAM,AKTS,ALB,ALHC,ALKS,ALKT,ALMU,ALOY,ALTO,ALVO,AMAN,AMPG","AA,AAL,AAOI,AAON,AAPG,AAUC,ABEO,ABEV,ABUS,ACAD,ACLS,ACMR,ACR,ACT,ACU,ADEA,ADI,ADTN,ADUR,AEG,AEHR,AEIS,AEM,AER,AESI,AEVA,AG,AGEN,AGI,AGIO,AGL,AGNC,AGPU,AGX,AIAI,AIRG,AIRJ,ALGM,ALGT,ALK,ALLE,ALM,ALMS,AMAT,AMBA,AMBP,AMBQ,AMCR,AMD,AME,AMKR,AMLX,QQQ"
2026-05-28 16:00:00+00:00,L1201,L1197,expansion,expansion,0.6635197219232133,0.5016792415823188,4,ACET;ADTN;AIR;ALTG,36,AAMI-ALGM;AAON-AIT;AAUC-AIRG;AAUC-ALRS;AAUC-AMBP;ABG-ALTG;ABUS-AIRG;ACAD-ALM;ACDC-AEIS;ACET-AIT;ACHC-ACM;ACLS-AGPU;ACLS-AIAI;ACLS-ALH;ACLS-ALLE;ACLS-ALNT;ACT-AHRT;ADEA-AGO;ADI-ALSN;AEG-AIT;AEIS-AGCO;AEM-AGPU;AEM-AMBP;AENT-AHRT;AER-AMBP;AESI-AIAI;AGEN-AIV;AGEN-ALRS;AGI-ALC;AIR-ALH;AIR-AMAL;AIT-ALMS;AIT-AMKR;ALLE-AMCR;ALSN-AMKR;ALV-AMCR,0.000826760871859733,3.808498050479445,0.012857142857142857,1.3036127731000922,"AA,AAOI,AAON,AAPG,AAUC,ABEV,ABUS,ACET,ACHC,ACLS,ACMR,ACOG,ACR,ACT,ACU,ADEA,ADI,ADTN,ADUR,AEBI,AEC,AEG,AEHR,AEIS,AEM,AENT,AER,AESI,AEVA,AG,AGBK,AGEN,AGI,AGL,AGNC,AGX,AIP,AIR,AIRJ,AKAM,ALGM,ALM,ALMS,ALMU,ALTG,AMAT,AMBA,AMBQ,AMCR,AMD,AME,AMKR,AMLX,AMPG,QQQ","AAL,AAMI,ABCB,ABG,ABX,ACA,ACAD,ACCO,ACDC,ACM,ACRE,ADAG,ADC,ADNT,AEO,AFYA,AGCO,AGO,AGPU,AHR,AHRT,AIAI,AIN,AIRG,AIT,AIV,AKR,ALC,ALGN,ALGT,ALH,ALK,ALLE,ALLY,ALNT,ALRS,ALSN,ALV,AMAL,AMBP,AMG"
2026-05-28 17:00:00+00:00,L1205,L1203,expansion,maturity,0.8263009067264522,0.8405883690131295,0,,7,AARD-ABEV;ABM-AIAI;ACDC-AM;ACEL-AIAI;ACEL-AMAN;ACVA-AIAI;AIOT-ALMU,0.0027703933883458376,2.113485336680968,0.01592920353982301,1.0308274974230898,"AAOI,AAON,AAPG,AAUC,ABEV,ABR,ACAD,ACCO,ACDC,ACET,ACHC,ACLS,ACMR,ACOG,ACR,ACT,ACU,ADC,ADEA,ADTN,ADUR,AEC,AEG,AEHR,AEIS,AEM,AESI,AEVA,AG,AGEN,AGI,AGL,AGNC,AGX,AHR,AIAI,AIP,AIRJ,AKAM,ALGM,ALM,ALMS,ALMU,AMAN,AMAT,AMBA,AMBQ,AMCR,AMD,AME,AMKR,AMLX,AMPG,QQQ","A,AACP,AAP,AARD,AAT,ABBV,ABCL,ABM,ABT,ACEL,ACGL,ACI,ACIC,ACN,ACNB,ACNT,ACVA,ADM,ADP,ADPT,ADT,AEE,AEP,AES,AEXA,AFBI,AFL,AGCC,AGNT,AGYS,AIG,AII,AIIR,AIOT,AIRO,AIZ,AJG,ALAB,ALAR,ALCO,ALHC,ALL,ALLT,ALMR,ALNY,ALOT,ALRM,ALX,AM,AMCI,AMGN,AMH,AMN,AMPH"
2026-05-28 17:15:00+00:00,L1197,L1205,maturity,maturity,1.0993847715095515,0.8903338093325445,6,AAL;AGCO;AIT;ALK;ALLE;AMBP,31,AA-ALC;AA-QQQ;ABCB-AEG;ABCB-AEIS;ABCB-AGO;ABCB-AIRG;ABG-AKR;ABNB-ALC;ACAD-AMBP;ACDC-AG;ACHC-AGCO;ACHC-AIAI;ACMR-AGL;ACT-ALK;ADAM-AIAI;ADAM-AMG;ADC-ALB;AEG-ALH;AEG-ALLE;AGL-ALGM;AGPU-AMBP;AIR-AKR;AIRJ-ALGT;AKR-ALGN;AKR-ALMU;ALC-AMAL;ALGN-QQQ;ALGT-AMKR;ALH-ALRS;ALNT-ALV;AMBQ-AMPG,0.0017949733883142471,3.788260820354395,0.024193548387096774,1.547609811599292,"AA,AAL,AAMI,AAPL,ABCB,ABG,ABNB,ABX,ACA,ACCO,ACDC,ACET,ACMR,ACRE,ADNT,ADSE,ADUS,AEBI,AEO,AESI,AFG,AFJK,AFYA,AGCO,AGM,AHCO,AIAI,AIN,AIR,AIT,ALB,ALG,ALGM,ALGN,ALGT,ALH,ALK,ALLE,ALLY,ALMU,ALNT,ALSN,ALTG,AMAL,AMBP,AMBQ,AMCX,AMD,AMG,AMP","AAOI,AAON,AAPG,AAUC,ABR,ABUS,ACAD,ACHC,ACLS,ACM,ACR,ACT,ADAM,ADC,ADEA,ADI,ADTN,ADUR,AEC,AEG,AEHR,AEIS,AEM,AER,AEVA,AFRI,AG,AGEN,AGI,AGIO,AGL,AGNC,AGO,AGPU,AGX,AHR,AHRT,AIRG,AIRJ,AIV,AKR,ALC,ALM,ALRS,ALV,AMAN,AMAT,AMBA,AMCR,AME,AMKR,AMLX,AMPG,QQQ"
2026-05-28 17:30:00+00:00,L1197,L1202,decay,maturity,0.6564557043819719,0.2698451915040213,2,AFJK;AIRG,5,ABUS-ACET;ABUS-AIRG;ACET-AEC;ADMA-AFJK;ADMA-AIR,0.0009695292683318257,2.31223368791695,0.014285714285714284,0.8580915478878925,"AAMI,AAPL,ABCB,ABG,ABX,ACA,ACCO,ACDC,ACET,ACMR,ACRE,ADAM,ADNT,ADSE,AEBI,AEO,AESI,AFG,AFJK,AFYA,AGL,AGM,AGNC,AHCO,AIAI,AIR,AIRG,AKR,ALG,ALGM,ALGN,ALGT,ALH,ALMU,ALNT,ALSN,ALTG,AMAN,AMBQ,AMD,AMG","AACP,ABAT,ABEO,ABUS,ABVX,ACB,ACGC,ACHR,ACHV,ACIW,ACR,ACRS,AD,ADAG,ADBE,ADMA,ADSK,ADV,AEC,AENT,AERO,AEYE,AFCG,AFRI,AFRM,AGBK,AGRO,AI,AIRJ,AIRS,AKO-B,AKTS,ALKS,ALKT,ALMS,ALOY,ALTO,ALVO,AMPG"
2026-05-28 17:45:00+00:00,L1197,L1205,decay,maturity,0.511484142701774,1.0337235559215534,0,,12,ABG-AKR;ACA-AKR;ACHC-ADSE;ACRE-ALV;ACTG-AMAL;ADNT-ALGT;ADSE-AER;AFYA-ALV;AGM-ALH;ALGN-ALH;ALGT-AMG;ALK-ALSN,0.0019423807389102876,2.5797802247405865,0.02074468085106383,1.1116190678998046,"AAMI,AAPL,ABG,ACA,ACMR,ACRE,ACTG,ADNT,ADSE,ADUS,AEO,AFG,AFYA,AGM,AHCO,AIR,ALG,ALGN,ALMU,ALSN,ALTG,AMD,AMG,AMP","AAL,AAON,AAPG,AAUC,ABCB,ABNB,ACCO,ACDC,ACHC,ACLS,ACM,ACR,ACT,ADAM,ADC,ADEA,ADTN,ADUR,AEC,AEG,AEIS,AEM,AER,AESI,AEVA,AFRI,AG,AGCO,AGEN,AGI,AGO,AGPU,AGX,AHR,AHRT,AIAI,AIN,AIT,AIV,AKAM,AKR,ALC,ALGT,ALH,ALK,ALLE,ALLY,ALNT,ALRS,ALV,AMAL,AMBA,AMBP,AMBQ,AMCR,AME"
2026-05-28 18:30:00+00:00,L1205,L1197,maturity,expansion,0.7481037204111106,0.7709332675950151,3,ADI;AGCO;AHRT,35,AAL-AFYA;AAMI-ALC;AAOI-ALGM;AAPL-AGBK;AAPL-AGCO;ABG-AHRT;ABG-AIV;ABR-ALTG;ABX-AEHR;ACCO-AEG;ACCO-AIAI;ACDC-AIAI;ACMR-QQQ;ACOG-ALB;ACR-ALV;ADAM-AIRG;ADI-ALK;ADUS-AHRT;AEBI-ALGT;AEC-AGM;AEC-ALH;AEG-AIT;AEG-ALLY;AESI-AIN;AESI-ALG;AGCO-ALGT;AGI-ALV;AGO-ALV;AHR-ALB;AIN-AME;AIRJ-ALMS;AIT-ALRS;ALGT-AME;ALRS-ALV;ALTG-AMAT,0.000608480055234395,3.7391173318764293,0.012499999999999999,1.392365429370945,"AA,AAL,AAOI,AAON,AAPG,AAUC,ABCB,ABR,ABUS,ACAD,ACB,ACET,ACHC,ACLS,ACM,ACOG,ACR,ACT,ACU,ADAG,ADEA,ADI,ADTN,ADUR,ADV,AEBI,AEC,AEG,AEHR,AEIS,AEM,AENT,AER,AESI,AEVA,AFRI,AG,AGBK,AGCO,AGEN,AGI,AGIO,AGL,AGNC,AGO,AGPU,AGX,AHR,AHRT,AIAI,AIP,AIRG,AIV,AKAM,ALC,ALLE,ALM,ALMS,ALRS,AMAN,AMAT,AMBA,AMBP,AMCR,AME,AMKR,AMLX,AMPG,QQQ","AAMI,AAPL,ABG,ABNB,ABX,ACA,ACCO,ACDC,ACMR,ACRE,ACTG,ADAM,ADNT,ADSE,ADUS,AEO,AFG,AFJK,AFYA,AGM,AHCO,AIN,AIR,AIRJ,AIT,AKR,ALB,ALG,ALGM,ALGN,ALGT,ALH,ALK,ALLY,ALMU,ALNT,ALSN,ALTG,ALV,AMAL,AMBQ,AMD,AMG,AMP"
2026-05-28 19:30:00+00:00,L1202,L1205,expansion,maturity,1.0679354936818826,1.043924069810179,1,ABEO,26,ABAT-ADUR;ABCB-ABEO;ABCB-AGIO;ABEO-ABUS;ABEO-ACHC;ABEO-ACT;ABEO-AGO;ACAD-ALB;ACAD-ALKS;ACB-AMPG;ACHV-AGBK;ACT-AD;ACT-AERO;ADEA-AGIO;ADSE-ALMS;AEBI-AFCG;AEM-AFRI;AENT-ALOY;AERO-ALMS;AFRI-AGBK;AGBK-ALTO;AGBK-ALVO;AGIO-AMLX;AKAM-ALTO;ALB-AMKR;ALOY-AMPG,0.0033111279481090605,3.3786488227677927,0.025806451612903226,1.4820910424815021,"ABAT,ABEO,ABVX,ACB,ACGC,ACHR,ACHV,ACRS,ACVA,AD,ADBE,ADMA,ADSE,ADSK,ADV,AERO,AEYE,AFCG,AFRI,AFRM,AGIO,AGMB,AGNT,AGRO,AGYS,AI,AIRS,AKTS,ALB,ALCO,ALHC,ALKS,ALKT,ALOY,ALTO,ALVO","AAOI,AAON,AAPG,AAUC,ABCB,ABUS,ACAD,ACET,ACHC,ACLS,ACM,ACR,ACT,ACU,ADEA,ADI,ADTN,ADUR,AEBI,AEC,AEG,AEHR,AEIS,AEM,AENT,AER,AEVA,AG,AGBK,AGCO,AGEN,AGI,AGNC,AGO,AGPU,AGX,AHR,AHRT,AIP,AIRG,AIRJ,AIV,AKAM,ALC,ALM,ALMS,ALRS,ALV,AMAT,AMBA,AMCR,AME,AMKR,AMLX,AMPG"
2026-05-28 19:45:00+00:00,L1205,L1197,maturity,expansion,1.2039519854959417,0.879530525068718,14,AAON;ABCB;ABX;ACET;ACLS;ACM;AEG;AEM;AER;AG;AGEN;AGI;AMCR;AME,120,AA-AMAT;AAL-ALC;AAMI-AER;AAMI-AME;AAOI-AEBI;AAOI-AEO;AAOI-AGL;AAOI-AIRJ;AAON-ACMR;AAON-AFG;AAPL-ALMS;AAUC-AEBI;AAUC-AEO;ABCB-AFG;ABCB-AFJK;ABCB-ALH;ABCB-ALMU;ABCB-AMAL;ABEV-AEBI;ABEV-AEO;ABEV-AIRG;ABEV-AIRJ;ABG-AEG;ABR-ACU;ACA-AER;ACA-AME;ACAD-QQQ;ACET-ADNT;ACET-AFYA;ACET-AGL;ACHC-AEBI;ACLS-ACMR;ACLS-AGM;ACLS-ALGN;ACLS-AMD;ACM-AFG;ACMR-AEIS;ACR-ADAG;ACR-QQQ;ACRE-AEG;ACRE-AGNC;ACT-AEO;ACT-AHR;ACTG-AEHR;ACTG-AGO;ACTG-AMLX;ACU-AGL;ADEA-ALGM;ADNT-AER;ADTN-AFJK;ADTN-AIR;ADTN-AIT;ADTN-ALMU;ADUR-AEO;ADUR-AFG;ADUS-AHRT;ADUS-AMBA;AEBI-AEC;AEBI-AEHR;AEBI-AEIS;AEBI-AGNC;AEBI-AGO;AEBI-AHRT;AEBI-AMBA;AEBI-AMPG;AEC-AEO;AEC-AFG;AEG-AIR;AEG-AKR;AEG-ALH;AEG-AMAL;AEG-AMD;AEHR-AEO;AEHR-AGL;AEHR-AIR;AEHR-AIRJ;AEHR-ALMU;AEIS-AFG;AEIS-ALH;AEIS-ALMU;AEM-AMAT;AEO-AGNC;AEO-AMBA;AEO-AMPG;AER-AFJK;AER-ALV;AER-AMG;AER-AMP;AFG-AGNC;AFG-AGO;AFG-AGX;AFG-ALRS;AFG-AMBA;AFG-AMPG;AFYA-AGI;AGEN-AKR;AGEN-ALV;AGL-AMLX;AGM-AMAN;AGNC-AIRG;AGNC-AIRJ;AGNC-ALMU;AGO-AHR;AGX-ALH;AHR-AHRT;AHR-AMBA;AHRT-AIR;AHRT-AIRJ;AHRT-ALTG;AIR-AME;AIRJ-AMBA;AIRJ-AMPG;AKAM-AMP;ALC-AMG;ALGN-AMCR;ALGT-AME;ALK-AMKR;ALMU-AMBA;AMAN-QQQ;AMD-AME,0.0034050591639243066,5.006228973283567,0.017553191489361703,1.8792349752136939,"AA,AAOI,AAON,AAPG,AAUC,ABCB,ABEO,ABEV,ABUS,ABX,ACAD,ACET,ACHC,ACLS,ACM,ACOG,ACR,ACT,ACU,ADEA,ADTN,ADUR,AEC,AEG,AEHR,AEIS,AEM,AENT,AER,AEVA,AG,AGEN,AGI,AGNC,AGO,AGX,AHRT,AIP,AKAM,AKO-B,ALC,ALM,ALMS,ALRS,AMAN,AMBA,AMCR,AME,AMKR,AMLX,AMPG","AAL,AAMI,AAPL,ABG,ABNB,ABR,ACA,ACMR,ACRE,ACTG,ADAG,ADAM,ADI,ADNT,ADUS,AEBI,AEO,AFG,AFJK,AFYA,AGCO,AGL,AGM,AGPU,AHCO,AHR,AIN,AIR,AIRG,AIRJ,AIT,AIV,AKR,ALG,ALGM,ALGN,ALGT,ALH,ALK,ALLE,ALLY,ALMU,ALNT,ALSN,ALTG,ALV,AMAL,AMAT,AMBP,AMBQ,AMD,AMG,AMP,QQQ"
2026-05-29 14:00:00+00:00,L1219,L1197,confirmation,maturity,0.6135726209682563,0.5283127046026865,2,ABX;AIT,17,A-ALLE;ABCB-AFL;ABCB-AGM;ABX-ACEL;ACHC-AGEN;ACHV-AEYE;ACRS-ALVO;AESI-AIT;AESI-ALGT;AEYE-AGL;AFL-AIG;AGI-AIT;AGI-ALB;AGM-ALGT;AGNT-ALB;ALB-AMCR;ALG-ALGT,0.003621488926000893,3.107369747989393,0.018181818181818184,1.1221353073959037,"AAUC,ABCB,ABEO,ABUS,ABVX,ABX,ACET,ACGL,ACHC,ACHV,ACRS,ACVA,ADEA,AENT,AEVA,AFBI,AFG,AFJK,AFYA,AGBK,AGL,AIG,AIIR,AIOT,AIRG,AIT,AIV,AIZ,AJG,AKO-B,ALB,ALGT,ALH,ALKS,ALL,ALLE,ALSN,ALTO,ALV,AMAL,AMCI","A,AAPG,ACCO,ACDC,ACEL,ACR,ADI,ADT,AEM,AESI,AEYE,AFL,AFRI,AG,AGCO,AGEN,AGI,AGM,AGNT,AGPU,AGYS,ALG,ALGN,ALM,ALNY,ALVO,AM,AMAN,AMBP,AMCR,AME,AMH"
2026-05-29 14:15:00+00:00,L1197,L1214,maturity,maturity,0.8001691699625639,0.38107019207984033,0,,7,A-AJG;ACB-ACM;ACB-AG;ACB-AIT;AEYE-AJG;AFL-AJG;AIR-AME,0.00260230153799057,2.1114524508007624,0.01653543307086614,0.8847152362735418,"A,AA,AAPG,ABNB,ABX,ACCO,ACEL,ACM,ADI,ADNT,ADT,AEM,AEYE,AFL,AFRI,AG,AGCC,AGCO,AGEN,AGI,AGNT,AGPU,AIRS,AIT,ALM,ALNY,AM,AMBP,AMCR,AME","AACP,AAOI,AARD,ABAT,ABCL,ABM,ABSI,ACB,ACHR,ACIC,ACNB,ACNT,ACRE,ACTG,ADSK,ADTN,ADUR,ADUS,ADV,AEBI,AEC,AEHR,AEIS,AEO,AERO,AES,AFCG,AFG,AGNC,AHRT,AIN,AIR,AIRJ,AIRO,AJG,AKTS,ALAR,ALCO,ALH,ALHC,ALMU,ALOY,ALRS,AMBA,AMPG"
2026-05-29 15:00:00+00:00,L1223,L1214,confirmation,expansion,0.26838346661529794,0.35415151173328246,1,AHRT,36,ABAT-ALX;ABCB-AEP;ABCL-AGNC;ABM-ACRE;ABM-ACT;ABSI-AD;ABSI-AHRT;ACB-AGIO;ACGC-ACRS;ACGL-ADUS;ACIC-AIG;ACNB-ADUS;ACNB-AEO;ACNT-AIZ;ACRE-AIR;ACRE-AIRO;AD-AFG;AD-AIRO;AEBI-AIT;AEBI-AIV;AEBI-AMGN;AEO-AIT;AEP-AIZ;AEP-ALMR;AGO-ALLE;AHRT-AIR;AHRT-AIRO;AHRT-AMPG;AII-AKR;AII-ALL;AIN-ALSN;AIR-AIT;AIRG-AIRJ;AIRG-ALAR;AIRG-ALHC;ALL-ALRS,0.0048029826721176505,3.6758017694306577,0.013953488372093023,1.1078039591180526,"AAT,ABBV,ABT,ABUS,ACGL,ACHC,ACI,ACN,ACNB,ACNT,ACRE,ACRS,ACT,AD,ADAM,ADC,ADM,ADP,AEE,AEP,AERO,AFBI,AFCG,AFL,AGIO,AGNC,AGRO,AHR,AHRT,AIG,AIRG,AIT,AIV,AJG,AKR,ALL,ALLE,ALSN,ALX,AMGN","AACP,AAOI,AARD,AAUC,ABAT,ABCB,ABCL,ABEV,ABM,ABSI,ABVX,ACB,ACGC,ACHR,ACIC,ACM,ACTG,ADSK,ADTN,ADUR,ADUS,ADV,AEBI,AEC,AEG,AEHR,AEIS,AENT,AEO,AES,AFG,AGCC,AGO,AII,AIN,AIR,AIRJ,AIRO,AIZ,AKTS,ALAR,ALCO,ALH,ALHC,ALMR,ALMU,ALOY,ALRS,AMAL,AMBA,AMPG"
2026-05-29 15:15:00+00:00,L1214,L1223,maturity,maturity,0.6241089880869815,0.3136834404774969,0,,32,AACP-ADUS;AACP-AGNC;AAOI-AGNC;AAUC-ABM;ABCB-ALRS;ABM-ACGC;ABM-AHRT;ABM-AMPG;ABSI-AGNC;ABUS-AES;ABUS-AFYA;ABVX-AMGN;ACB-AGNC;ACI-ALAR;ACNT-ADSK;ACRE-ADSK;ACRE-AEC;ACRS-ADV;ADC-ALHC;ADUS-AII;ADUS-ALHC;AES-AGM;AES-AGNC;AFG-AGNC;AFYA-ALL;AGO-ALRS;AHRT-AKR;AIG-AMCI;AII-ALMR;AIRJ-AMGN;AIZ-AMPG;AMGN-AMPG,-0.001420215587131679,3.4965075614664802,0.015162454873646208,1.1577389871670105,"AACP,AAOI,AARD,AAUC,ABAT,ABCL,ABEO,ABEV,ABSI,ABVX,ACB,ACET,ACGC,ACHR,ACM,ACTG,ACVA,ADAG,ADSK,ADTN,ADUR,ADV,AEBI,AEC,AEG,AEHR,AEIS,AEO,AES,AFG,AFYA,AGBK,AGCC,AGL,AHRT,AII,AIR,AIRJ,AIRO,AKO-B,AKTS,ALAR,ALH,ALHC,ALMU,ALOY,ALRS,ALTO,AMBA,AMCI,AMPG","ABBV,ABCB,ABM,ABT,ABUS,ACGL,ACHC,ACI,ACIC,ACN,ACNB,ACNT,ACRE,ACRS,ACT,ADC,ADM,ADP,ADUS,AEE,AENT,AEP,AFBI,AFL,AGIO,AGM,AGNC,AGO,AGRO,AHR,AIG,AIT,AIZ,AJG,AKR,ALCO,ALL,ALLE,ALMR,ALX,AMAL,AMGN"
2026-05-29 16:15:00+00:00,L1219,L1227,maturity,maturity,0.5332319915396035,0.7059953418391267,2,AEVA;ALV,1,AAON-AIOT,0.0031447200453840196,1.8428441425743296,0.0029702970297029703,0.832924780211657,"AA,AAL,AAON,ABEO,ACA,ACHV,ACLS,ACMR,ACR,ACU,ADAG,ADEA,ADI,ADNT,AEM,AEVA,AEXA,AG,AGCC,AGCO,AGEN,AGI,AIIR,AIP,AIRS,AKTS,ALAB,ALB,ALG,ALGM,ALGT,ALK,ALM,ALMS,ALNT,ALV,ALVO,AMAN,AMAT,AMBP,AMBQ,AMCI,AMD,AMKR,AMLX,QQQ","ABR,ACET,ACVA,AFYA,AGBK,AGL,AIOT,AKO-B,ALTO"
2026-05-29 16:30:00+00:00,L1223,L1219,expansion,maturity,0.17333791478531038,0.43520513262419036,3,AGCC;AMAN;AMBP,8,AAUC-ACRS;ACRS-AGEN;ACU-ALSN;ADAG-AFCG;ADI-AIV;AIV-ALG;ALL-ALRS;ALRS-AMGN,-0.0008216131645895075,2.70805020110221,0.023140495867768594,0.863046538878568,"AAT,ABBV,ABCB,ABT,ABUS,ACGL,ACHC,ACI,ACIC,ACN,ACNB,ACNT,ACRS,ACT,ADC,ADM,ADP,ADUS,AEE,AENT,AEP,AFBI,AFCG,AFL,AGCC,AGIO,AGM,AGO,AGRO,AHR,AIG,AIRG,AIT,AIV,AIZ,AJG,AKR,ALAR,ALCO,ALL,ALLE,ALMR,ALSN,ALX,AMAL,AMAN,AMBP,AMGN","AA,AAL,AAON,AAUC,ABEO,ACA,ACHV,ACLS,ACMR,ACR,ACU,ADAG,ADEA,ADI,ADNT,AEM,AEXA,AG,AGCO,AGEN,AGI,AIAI,AIIR,AIP,AIRS,AKTS,ALAB,ALB,ALG,ALGM,ALGT,ALK,ALM,ALMS,ALNT,ALRS,ALVO,AMAT,AMBQ,AMCI,AMD,AMKR,AMLX,QQQ"
2026-05-29 16:45:00+00:00,L1217,L1214,maturity,maturity,0.17574324880340644,0.47651633129183124,0,,2,A-ABCL;ABG-AGX,0.0011903802515007555,1.13752462900697,0.012992125984251968,0.4820078501779516,"A,AAMI,AAP,AAPG,AAPL,AAT,ABG,ABNB,ABX,ACAD,ACCO,ACDC,ACEL,ACIW,ACOG,ADBE,ADMA,ADPT,ADSE,ADT,AER,AESI,AEYE,AFRI,AFRM,AGMB,AGNT,AGPU,AGYS,AHCO,AI,AKAM,ALC,ALGN,ALKS,ALKT,ALLT,ALLY,ALNY,ALOT,ALRM,AM,AMCR,AMCX,AMG,AMH,AMN,AMP,AMPH","AACP,AAOI,AARD,ABAT,ABCL,ABEV,ABM,ABSI,ACB,ACGC,ACHR,ACM,ACRE,ACTG,AD,ADSK,ADTN,ADUR,ADV,AEBI,AEC,AEG,AEHR,AEIS,AEO,AES,AFG,AGNC,AGX,AHRT,AII,AIN,AIR,AIRJ,AIRO,ALH,ALHC,ALMU,ALOY,ALRS,AMBA,AMPG"
2026-05-29 17:30:00+00:00,L1214,L1223,expansion,maturity,0.3167745078321751,0.14609415899699602,2,ABG;ALCO,20,AACP-AHRT;AACP-ALCO;AARD-AGO;ABM-ACTG;ABM-ADUR;ABM-AEIS;ABSI-ALMR;ACB-AMGN;ACGC-AEC;ACGL-ACM;ACHR-AGNC;ACRE-AMBA;ADSK-AIRO;ADUR-AEBI;AEO-AIZ;AEP-ALHC;AGNC-AMPG;AHR-ALHC;AHRT-AIN;AKR-ALHC,-5.843149119755253e-05,3.2188758248682006,0.016502946954813358,0.9460549983090235,"AAOI,AARD,ABAT,ABCL,ABEV,ABG,ABSI,ABVX,ACB,ACHR,ACM,ACTG,AD,ADTN,ADUR,ADV,AEC,AEG,AEHR,AEIS,AEO,AES,AFG,AGX,AHRT,AII,AIR,AIRJ,AIRO,AKTS,ALCO,ALHC,ALMU,ALOY,ALTG,AMBA,AMPG","AACP,AAT,AAUC,ABBV,ABCB,ABM,ABT,ACGC,ACGL,ACHC,ACI,ACIC,ACNB,ACRE,ACRS,ACT,ADAM,ADC,ADM,ADSK,ADUS,AEBI,AEE,AEP,AERO,AFCG,AGIO,AGNC,AGO,AGRO,AHR,AIN,AIRG,AIT,AIV,AIZ,AKR,ALAR,ALH,ALL,ALMR,ALRS,ALSN,AMAL,AMBP,AMGN"
2026-05-29 17:30:00+00:00,L1214,L1229,expansion,confirmation,0.3167745078321751,1.0061522417468276,0,,6,ABCL-AENT;ABG-ACNT;ABG-AMCX;AD-ADP;AEC-AMLX;AEG-AMAN,0.002198840033088345,1.9768388867519677,0.007692307692307692,0.8922415927155388,"AAOI,AARD,ABAT,ABCL,ABEV,ABG,ABSI,ABVX,ACB,ACHR,ACM,ACTG,AD,ADTN,ADUR,ADV,AEC,AEG,AEHR,AEIS,AEO,AES,AFG,AGX,AHRT,AII,AIR,AIRJ,AIRO,AKTS,ALCO,ALHC,ALMU,ALOY,ALTG,AMBA,AMPG","A,ABEO,ABUS,ABX,ACCO,ACEL,ACN,ACNT,ADP,ADT,AENT,AEYE,AFBI,AFL,AGCC,AGM,AIG,AJG,ALLE,ALX,AM,AMAN,AMCR,AMCX,AMLX"
2026-05-29 17:30:00+00:00,L1227,L1229,maturity,confirmation,0.34865891183838904,1.0061522417468276,0,,3,ABR-ABUS;ACET-AENT;AFBI-AGBK,0.0025315219827461988,1.4476604017291483,0.007692307692307692,0.7695122926616983,"ABR,ACET,ACU,ACVA,AEVA,AFYA,AGBK,AGL,AIOT,AKO-B,ALTO","A,ABEO,ABUS,ABX,ACCO,ACEL,ACN,ACNT,ADP,ADT,AENT,AEYE,AFBI,AFL,AGCC,AGM,AIG,AJG,ALLE,ALX,AM,AMAN,AMCR,AMCX,AMLX"
2026-05-29 17:30:00+00:00,L1227,L1223,maturity,maturity,0.34865891183838904,0.14609415899699602,0,,3,ABR-ALH;ACRE-ACU;AEBI-AGL,0.00027425045846030116,1.3931272253051317,0.016502946954813358,0.49918316962012044,"ABR,ACET,ACU,ACVA,AEVA,AFYA,AGBK,AGL,AIOT,AKO-B,ALTO","AACP,AAT,AAUC,ABBV,ABCB,ABM,ABT,ACGC,ACGL,ACHC,ACI,ACIC,ACNB,ACRE,ACRS,ACT,ADAM,ADC,ADM,ADSK,ADUS,AEBI,AEE,AEP,AERO,AFCG,AGIO,AGNC,AGO,AGRO,AHR,AIN,AIRG,AIT,AIV,AIZ,AKR,ALAR,ALH,ALL,ALMR,ALRS,ALSN,AMAL,AMBP,AMGN"
2026-05-29 17:45:00+00:00,L1223,L1227,expansion,expansion,1.0688498200584549,0.6439760508458503,1,AFBI,7,ABR-AENT;ABR-AIZ;ACGL-ACVA;ACU-ADAM;ACU-AIRG;AGL-AIRG;AIR-ALCO,0.00033561530290171504,2.3059356267108235,0.010285714285714285,1.0918745250918545,"A,AAT,ABBV,ABCB,ABG,ABT,ABUS,ABX,ACCO,ACEL,ACGL,ACHC,ACI,ACIC,ACN,ACNB,ACNT,ACRS,ACT,ADAM,ADC,ADM,ADP,ADSE,ADT,ADUS,AEE,AENT,AEP,AEYE,AFBI,AFCG,AFL,AGIO,AGM,AGO,AGRO,AHCO,AHR,AIG,AIRG,AIT,AIV,AIZ,AJG,AKR,ALCO,ALL,ALLE,ALMR,ALSN,ALX,AM,AMAL,AMCR,AMCX,AME,AMGN","ABR,ABVX,ACET,ACU,ACVA,AD,ADTN,ADV,AEHR,AEIS,AEVA,AFYA,AGBK,AGL,AGX,AIIR,AIOT,AIR,AKO-B,ALAB,ALOY,ALTO,AMD"
2026-05-29 18:00:00+00:00,L1223,L1227,decay,expansion,0.750114345418229,0.4612787145335637,0,,12,A-ACM;AAON-ABG;ABR-ABUS;ABR-AMAN;ABVX-AJG;ACU-AGM;ACVA-AGCC;AD-ADP;AEIS-AENT;AENT-AIOT;AFBI-ALL;AIOT-ALMR,0.002469320024829358,2.5837659786386697,0.011764705882352941,1.0111241185275581,"A,AAT,ABCB,ABG,ABT,ABUS,ABX,ACCO,ACEL,ACGL,ACIC,ACN,ACNT,ACT,ADAM,ADM,ADP,ADSE,ADT,ADUS,AEE,AENT,AEP,AES,AFCG,AFJK,AFL,AGCC,AGM,AGMB,AGO,AHR,AIG,AII,AIZ,AJG,ALL,ALLE,ALMR,ALNY,ALX,AM,AMAL,AMAN,AMBP,AMCR,AMCX,AME","AAON,ABAT,ABCL,ABR,ABSI,ABVX,ACET,ACHR,ACM,ACU,ACVA,AD,ADTN,ADV,AEG,AEHR,AEIS,AEVA,AFBI,AFYA,AGBK,AGL,AGX,AIIR,AIOT,AIR,AKO-B,ALAB,ALOY,ALTO,AMD"
2026-05-29 18:15:00+00:00,L1223,L1217,expansion,maturity,0.1665669813071678,0.2860194984592457,4,ADSE;AENT;AGMB;ALNY,13,A-ACR;AAPL-AGMB;ABX-ACR;ACAD-AFL;ACAD-AMAN;ACCO-AFRM;ADP-AGPU;ADPT-AIG;ADPT-ALX;AEYE-AGYS;AHCO-ALSN;ALGN-ALNY;ALNY-AMPH,-0.0005681506590917706,3.091042453358316,0.011650485436893203,0.910284130085037,"A,AAT,ABBV,ABCB,ABR,ABT,ABUS,ABX,ACCO,ACDC,ACEL,ACGL,ACHC,ACI,ACIC,ACN,ACNB,ACNT,ACRE,ACRS,ACT,ADAM,ADC,ADM,ADP,ADSE,ADT,ADUS,AEE,AENT,AEP,AERO,AEYE,AFBI,AFCG,AFL,AGCC,AGIO,AGMB,AGO,AGRO,AHR,AIG,AIRG,AIT,AIV,AIZ,AJG,AKR,ALAR,ALCO,ALL,ALLE,ALMR,ALNY,ALSN,ALX,AM,AMAL,AMAN,AMBP,AMCR,AMCX,AME,AMGN","AAMI,AAP,AAPG,AAPL,ABNB,ACAD,ACIW,ACOG,ACR,ADBE,ADMA,ADPT,AER,AFRM,AGNT,AGPU,AGYS,AHCO,ALC,ALGN,ALKS,ALKT,ALLY,ALOT,ALRM,AMH,AMN,AMP,AMPH"
2026-05-29 19:00:00+00:00,L1223,L1219,maturity,maturity,0.511497946036525,0.3904933572581079,1,AESI,6,AAPL-AESI;ABEO-AFCG;ABX-AEXA;ADNT-AESI;AESI-AMN;ALG-AME,0.0014125162560958415,2.2127973154353158,0.028254847645429362,0.8280349469940332,"A,AAT,AAUC,ABBV,ABCB,ABG,ABT,ABUS,ABX,ACCO,ACDC,ACEL,ACGL,ACIC,ACN,ACNB,ACNT,ACT,ADAM,ADC,ADM,ADT,ADUS,AEE,AEP,AESI,AFBI,AFCG,AFL,AFRI,AGMB,AGO,AHR,AIG,AIZ,AJG,AKR,ALL,ALLE,ALMR,ALNY,AM,AMAL,AMCI,AMCR,AMCX,AME,AMGN","AA,AAL,AAMI,AAON,AAPL,ABEO,ACHV,ACLS,ACMR,ACR,ADEA,ADI,ADNT,AEHR,AEIS,AEM,AEVA,AEXA,AG,AGCO,AGEN,AGI,AGX,AIAI,AIIR,AIP,AIRS,ALAB,ALB,ALG,ALGM,ALGT,ALK,ALM,ALMS,ALNT,ALV,ALVO,AMAT,AMBQ,AMD,AMKR,AMLX,AMN,QQQ"
2026-05-29 19:30:00+00:00,L1217,L1219,expansion,maturity,0.8535914441069243,0.1603416386691065,2,ACOG;AMPH,34,AA-AFRM;AAL-AIIR;AAL-ALTG;AAMI-AAP;AAP-AFRI;AAP-ALNT;AAPL-ACIW;AAPL-ADT;AAPL-AGMB;AAPL-ALLY;ABEO-ACAD;ABNB-AFRI;ACA-ADEA;ACA-ALVO;ACAD-AMN;ACHV-ALKT;ACLS-AGPU;ACOG-AEM;ACOG-ALMS;ACOG-AMD;ACOG-AMLX;ADEA-AMG;ADT-AESI;AER-AMN;AESI-ALRM;AGCO-AGPU;AI-AIAI;AKAM-ALMS;AKAM-ALNT;ALG-AME;ALGM-AMG;ALK-ALTG;ALNY-AMLX;AMLX-AMPH,0.0010736359981819987,3.666310776621028,0.024793388429752067,1.2244766272525291,"AAL,AAP,AAPG,ABNB,ACA,ACAD,ACIW,ACOG,ACR,ACU,ADBE,ADMA,ADPT,ADT,AER,AFJK,AFRM,AGM,AGMB,AGNT,AGPU,AGYS,AI,AKAM,ALC,ALGN,ALK,ALKS,ALKT,ALLT,ALLY,ALNY,ALOT,ALRM,AMCR,AME,AMG,AMH,AMP,AMPH","AA,AAMI,AAON,AAPL,ABEO,ABG,ACHV,ACLS,ACMR,ADAG,ADEA,ADI,ADNT,AEM,AESI,AEXA,AFRI,AG,AGCO,AGEN,AGI,AGX,AIAI,AIIR,AIP,AIRS,ALAB,ALB,ALG,ALGM,ALGT,ALM,ALMS,ALNT,ALTG,ALV,ALVO,AMAT,AMBQ,AMCI,AMD,AMKR,AMLX,AMN,QQQ"
2026-05-29 19:45:00+00:00,L1223,L1219,expansion,expansion,0.8098911166544298,0.7190292237266379,2,ABG;AIT,50,ABBV-ADI;ABBV-ADNT;ABBV-ALB;ABBV-ALG;ABEO-ACNB;ABEO-ADAM;ABEO-AMGN;ABG-ACMR;ABG-ALGM;ABG-AMKR;ABT-AMPH;ABVX-AGMB;ABVX-AJG;ACHC-ADEA;ACHC-AESI;ACHC-AMCI;ACHC-AMPH;ACHV-ALCO;ACIC-AEVA;ACM-ADEA;ACM-AESI;ACM-AEXA;ACN-AESI;ACNB-ALGT;ACOG-AGMB;ADAM-ADI;ADAM-ADNT;ADAM-ALB;ADAM-ALG;ADAM-ALV;ADEA-AGRO;ADI-ALSN;ADI-AMGN;ADNT-AIT;ADNT-ALSN;ADNT-AMGN;AEE-AMLX;AESI-AFBI;AESI-AGRO;AESI-AIV;AFCG-AIAI;AGBK-AMAN;AGCO-AIT;AIAI-AMCX;AIOT-ALTO;ALCO-ALM;ALSN-ALV;ALSN-AMBQ;ALV-AMGN;AMD-AMGN,0.005905493046157062,4.0180132102732,0.026158038147138962,1.467103110404691,"AAT,ABBV,ABCB,ABG,ABT,ABUS,ABX,ACEL,ACGL,ACHC,ACIC,ACM,ACN,ACNB,ACNT,ACT,AD,ADAM,ADC,ADM,ADP,ADSE,ADUS,AEE,AENT,AEP,AFBI,AFCG,AGCC,AGIO,AGMB,AGO,AGRO,AHR,AIG,AII,AIOT,AIT,AIV,AIZ,AJG,AKR,ALCO,ALL,ALLE,ALMR,ALNY,ALSN,ALX,AM,AMAL,AMAN,AMBP,AMCX,AMGN","AA,AAON,ABEO,ABVX,ACET,ACHV,ACLS,ACMR,ACOG,ACVA,ADAG,ADEA,ADI,ADNT,AEM,AESI,AEVA,AEXA,AFRI,AG,AGBK,AGCO,AGEN,AGI,AGL,AIAI,AIIR,AIP,AIRS,AKO-B,ALAB,ALB,ALG,ALGM,ALGT,ALM,ALMS,ALNT,ALTO,ALV,ALVO,AMAT,AMBQ,AMCI,AMD,AMKR,AMLX,AMN,AMPH,QQQ"
2026-06-01 13:45:00+00:00,L1219,L1236,expansion,confirmation,1.3716926864389882,0.38369000363088596,1,ABG,15,AAT-ABSI;ABEV-ADUS;ABEV-ALOT;ABG-ACR;ABG-ADSE;ABG-ADT;ABG-AFCG;ACHV-AFYA;AD-ALMR;ADSE-AEVA;ADSE-AGIO;ADUR-ALOT;ADUS-ALV;AGIO-ALX;ALKS-AMAN,0.012048259377479553,2.9551615983747572,0.010968921389396709,1.267050544823061,"A,AA,AAMI,AAON,ABAT,ABEV,ABG,ABR,ABSI,ABVX,ACA,ACB,ACET,ACHR,ACHV,ACLS,ACMR,ACOG,ACRS,AD,ADAG,ADI,ADNT,ADUR,ADV,AEBI,AEC,AEHR,AEIS,AEM,AEO,AERO,AEVA,AFJK,AFRM,AG,AGBK,AGCC,AGCO,AGEN,AGI,AGIO,AGL,AGMB,AGX,AIP,AIR,AIRO,AIRS,AIT,AKO-B,ALAB,ALB,ALCO,ALG,ALGM,ALHC,ALM,ALMS,ALNT,ALNY,ALRS,ALV,ALVO,AMAN,AMAT,AMBQ,AMD,AMKR,AMLX,QQQ","AACP,AAT,ABX,ACGC,ACGL,ACIC,ACNT,ACR,ACT,ACU,ADSE,ADT,ADUS,AENT,AEYE,AFCG,AFG,AFL,AFYA,AGM,AGO,AIG,AII,AIIR,AIZ,ALKS,ALL,ALLE,ALMR,ALOT,ALX"
2026-06-01 14:15:00+00:00,L1236,L1219,expansion,maturity,1.0991502729877434,0.7436056958088471,3,ACHV;ALMR;ALX,29,AAMI-ABR;AAMI-AIP;AARD-ADI;AARD-ALK;ABCB-ALGT;ABEV-ALMR;ABG-AGCO;ABG-AIRO;ACA-ALAB;ACA-ALGM;ACB-AERO;ACGC-ADAG;ACGL-ALV;ACHV-AMKR;ACIC-ALGM;ACIC-ALV;ACLS-ALX;ACNT-AGX;AD-AGM;ADUR-AERO;AEHR-ALX;AERO-AGX;AFCG-AIAI;AFL-ALV;AGM-ALK;AGX-AIZ;ALMR-QQQ;ALX-AMKR;AMAN-AMBQ,0.005498191341757774,3.5986762377341805,0.02809917355371901,1.45671072610558,"AACP,AAMI,AARD,AAT,ABCB,ABG,ABM,ABX,ACA,ACGC,ACGL,ACHV,ACIC,ACNT,ACR,ACT,ACU,ADSE,ADT,ADUS,ADV,AENT,AERO,AEYE,AFCG,AFG,AFL,AFYA,AGM,AGO,AIG,AII,AIIR,AIN,AIT,AIZ,ALKS,ALL,ALLE,ALMR,ALX,AMAN","AA,AAL,AAON,ABAT,ABEV,ABR,ABSI,ACB,ACET,ACHR,ACLS,ACMR,AD,ADAG,ADI,ADNT,ADUR,AEBI,AEG,AEHR,AEIS,AEM,AEVA,AG,AGCC,AGCO,AGI,AGX,AIAI,AIP,AIR,AIRO,AIRS,AKO-B,ALAB,ALCO,ALGM,ALGT,ALK,ALM,ALTG,ALV,AMAT,AMBQ,AMD,AMKR,QQQ"
2026-06-01 14:45:00+00:00,L1239,L1235,confirmation,maturity,0.8053722728009247,0.8072955537719797,2,ACGC;AEXA,9,ABG-ADMA;ACEL-AFCG;ACGC-AMG;ADM-ALKS;AEXA-AMG;AEXA-AMP;AGM-AMPG;AIIR-AJG;AJG-ALMR,0.005079980648588389,2.6747000880362273,0.01910828025477707,1.1553416120191446,"AACP,AAT,ABEV,ABG,ABX,ACGC,ACGL,ACIC,ACR,ACT,ACTG,ACU,AD,ADSE,AEXA,AEYE,AFCG,AFG,AFL,AFYA,AGM,AGO,AIG,AII,AIIR,ALKS,ALL,ALMR,ALOT","AAOI,AAP,ABCL,ABNB,ABT,ACDC,ACEL,ACHC,ACIW,ACM,ACN,ADBE,ADEA,ADM,ADMA,ADP,ADSK,ADT,ADTN,AES,AESI,AFBI,AGPU,AGRO,AGYS,AI,AIOT,AIRG,AIRJ,AIV,AJG,AKAM,ALKT,ALLT,ALMU,ALOY,ALRM,ALTO,AM,AMBA,AMCI,AMCX,AMG,AMH,AMN,AMP,AMPG,AMPH"
2026-06-01 15:15:00+00:00,L1219,L1239,decay,expansion,0.394129796528842,0.3093512525891857,3,ABEV;AD;ALMR,20,A-AEG;AAL-AGI;AAT-AEVA;ABAT-AME;ABEV-AFL;ABR-ALK;ABR-AMAL;ABSI-AEM;ACGC-AII;ACLS-AGMB;ACNB-ADI;ACVA-ALM;ACVA-AMBQ;AD-AIG;AEM-AKO-B;AEVA-AIRO;AGI-AKO-B;AGMB-AMD;AHR-AKO-B;AIRO-AMAT,0.0011648740473901853,3.300141934209469,0.012941176470588235,1.0380209747583637,"A,AA,AAON,ABAT,ABEV,ABR,ACA,ACET,ACGC,ACLS,ACMR,AD,ADAG,ADC,ADI,ADUR,AEBI,AEC,AEE,AEHR,AEIS,AEM,AEVA,AFRM,AG,AGCC,AGI,AGX,AHR,AIP,AIR,AIZ,ALAB,ALC,ALGM,ALHC,ALM,ALMR,AMAT,AMBQ,AMD,AMKR,QQQ","AAL,AAMI,AAPG,AARD,AAT,AAUC,ABSI,ABX,ACGL,ACHR,ACHV,ACI,ACNB,ACR,ACT,ACTG,ACU,ACVA,AEG,AER,AEYE,AFCG,AFG,AFL,AFRI,AFYA,AGM,AGMB,AGNC,AGO,AIG,AII,AIIR,AIRO,AKO-B,ALB,ALCO,ALK,ALL,ALOT,ALX,AMAL,AMAN,AME"
2026-06-01 15:45:00+00:00,L1219,L1239,expansion,expansion,0.9979367100743239,0.5088566414292655,0,,9,AACP-ADC;AAPG-AIP;ABEV-ALOT;ACIC-ADAG;ACLS-AGMB;ACNB-AMBQ;ACR-ALV;ACVA-AMBQ;AFL-AIZ,0.0036706525133922696,2.3386339784601877,0.013147410358565738,1.0386686116199086,"A,ABAT,ABEV,ABR,ACA,ACET,ACLS,ACMR,AD,ADAG,ADC,ADI,ADUR,AEBI,AEC,AEE,AEHR,AEIS,AEM,AEP,AEVA,AG,AGI,AGPU,AGX,AHR,AIP,AIR,AIZ,AKR,ALAB,ALC,ALGM,ALHC,ALRS,ALTG,ALV,AMAT,AMBQ,AMD,AMKR,QQQ","AACP,AAMI,AAPG,AARD,AAT,ABG,ABX,ACGL,ACHV,ACIC,ACNB,ACR,ACT,ACTG,ACU,ACVA,ADSE,ADV,AENT,AEYE,AFCG,AFG,AFL,AFYA,AGM,AGMB,AGO,AIG,AII,AIIR,ALL,ALM,ALOT,ALX,AMAL,AMAN"
2026-06-01 16:00:00+00:00,L1239,L1219,maturity,maturity,1.0110739116363407,0.5433382166544627,9,AAPG;ABSI;ACNB;ACVA;AGCC;AGMB;AII;AMAL;AMAN,5,ABSI-ACLS;ACLS-ALX;AEHR-AGCC;AEVA-ALX;AGCC-AIAI,0.0035954477734776447,3.1929237553660914,0.026890756302521007,1.268588190774142,"AACP,AAPG,AARD,AAT,ABSI,ABX,ACGL,ACHV,ACIC,ACNB,ACR,ACT,ACTG,ACU,ACVA,ADSE,ADV,AENT,AFCG,AFG,AFL,AFYA,AGCC,AGM,AGMB,AGO,AIG,AII,AIIR,ALL,ALOT,ALX,AMAL,AMAN","A,AAON,ABAT,ABEV,ABR,ACA,ACET,ACLS,ACMR,AD,ADAG,ADC,ADI,ADUR,AEBI,AEE,AEHR,AEIS,AEM,AEVA,AG,AGI,AGPU,AGX,AHR,AIAI,AIP,AIR,AIZ,ALAB,ALGM,ALHC,ALRS,ALV,AMAT,AMBQ,AMD,AME,AMKR,QQQ"
2026-06-01 16:30:00+00:00,L1219,L1235,decay,maturity,0.5319681643154848,0.40242900447177865,0,,4,AAON-AFBI;ABAT-AGYS;ACET-AEXA;ADEA-QQQ,0.0021936926641501486,1.6523765644052975,0.01835294117647059,0.696166232913974,"A,AAL,AAON,ABAT,ABR,ABSI,ACA,ACET,ACHR,ACLS,ACMR,ACNB,ADAG,ADC,ADI,ADUR,AEBI,AEC,AEE,AEG,AEHR,AEIS,AEM,AEVA,AG,AGI,AGX,AHR,AIAI,AIP,AIR,AIRO,AIT,AIZ,AKO-B,ALAB,ALGM,ALHC,ALK,ALRS,ALV,AMAT,AMBQ,AMD,AME,AMKR,QQQ","AAOI,AAP,ABCL,ABNB,ABT,ACDC,ACEL,ACHC,ACIW,ACM,ACN,ADBE,ADEA,ADMA,ADP,ADSK,ADT,ADTN,AES,AESI,AEXA,AFBI,AGPU,AGRO,AGYS,AI,AIOT,AIRG,AIRJ,AIV,AJG,AKAM,ALKT,ALLT,ALMU,ALOY,ALRM,ALTO,AM,AMBA,AMCI,AMCX,AMG,AMH,AMN,AMP,AMPG"
2026-06-01 17:00:00+00:00,L1242,L1235,confirmation,maturity,1.1470050342036087,0.5182850050561575,0,,6,ABNB-ADV;ACEL-AFCG;ACN-AFCG;ADM-ALM;AFCG-AGRO;AFCG-ALKT,0.0006731363828293979,1.955480441406383,0.01910828025477707,0.9913233641677422,"AACP,AAMI,AAPG,ABCB,ABG,ABM,ACB,ACIC,ACNT,ACR,ACVA,ADSE,ADUS,ADV,AENT,AFCG,AII,AIN,ALKS,ALLE,ALLY,ALM,ALOT,AMAL,AMAN","AAOI,AAP,ABCL,ABNB,ABT,ACDC,ACEL,ACHC,ACIW,ACM,ACN,ADBE,ADEA,ADM,ADMA,ADP,ADSK,ADT,ADTN,AES,AESI,AEXA,AFBI,AGPU,AGRO,AGYS,AI,AIOT,AIRG,AIRJ,AIV,AJG,AKAM,ALKT,ALLT,ALMU,ALOY,ALRM,ALTO,AM,AMBA,AMCI,AMCX,AMG,AMH,AMN,AMP,AMPG"
2026-06-01 17:00:00+00:00,L1238,L1235,expansion,maturity,0.0014579392566694133,0.5182850050561575,1,AMPH,0,,0.0010813210319611244,1.1340219358479746,0.01910828025477707,0.4422946092940582,"ABUS,ABVX,ACGC,ACOG,ACRS,AEO,AERO,AFJK,AFRI,AFRM,AGBK,AGCC,AGEN,AGIO,AGL,AIRS,ALCO,ALMS,ALNT,ALNY,AMLX,AMPH","AAOI,AAP,ABCL,ABNB,ABT,ACDC,ACEL,ACHC,ACIW,ACM,ACN,ADBE,ADEA,ADM,ADMA,ADP,ADSK,ADT,ADTN,AES,AESI,AEXA,AFBI,AGPU,AGRO,AGYS,AI,AIOT,AIRG,AIRJ,AIV,AJG,AKAM,ALKT,ALLT,ALMU,ALOY,ALRM,ALTO,AM,AMBA,AMCI,AMCX,AMG,AMH,AMN,AMP,AMPG"
2026-06-01 17:15:00+00:00,L1239,L1219,expansion,expansion,1.0549305000342835,0.6697448823502299,1,ACA,8,ABAT-ADM;ABEV-ALMR;ACA-AEM;ACB-AG;ADV-ALRS;AFG-ALX;AFG-AME;AGMB-AGO,0.0029588763136416674,2.424438733053052,0.026740947075208913,1.1275234400398984,"AACP,AAT,ABG,ABM,ABX,ACA,ACB,ACGL,ACIC,ACNT,ACR,ACT,ACTG,ACU,ADM,ADSE,ADUS,ADV,AENT,AFCG,AFG,AFL,AFYA,AGM,AGO,AIG,AIIR,AIN,AIT,AIZ,ALKS,ALL,ALLE,ALMR,ALOT","A,AA,AAON,AARD,ABAT,ABEV,ABR,ABSI,ACET,ACHV,ACLS,ACMR,ACNB,AD,ADAG,ADC,ADI,ADUR,AEBI,AEE,AEHR,AEIS,AEM,AEVA,AG,AGI,AGMB,AGX,AIP,AIR,AIRO,ALAB,ALGM,ALRS,ALV,ALX,AMAT,AMBQ,AMD,AME,AMKR,QQQ"
2026-06-01 17:30:00+00:00,L1240,L1219,maturity,maturity,0.7524786130178118,0.3862236405074115,2,ACHR;AEG,11,AA-ACAD;ABBV-ADC;ABBV-AEM;ABSI-AEG;ACAD-AMAL;ACHR-ADUR;AEG-ALGM;AEG-AMAT;AEVA-ALK;AIR-ALHC;ALGT-AMD,0.0001954232284333557,2.7738093721212054,0.027042253521126762,1.0391193571160373,"AAL,AAPL,AAUC,ABBV,ABEO,ACAD,ACCO,ACHR,ACI,ACIC,ACRE,ADAM,ADNT,ADPT,AEC,AEG,AENT,AEP,AER,AEYE,AFRI,AGCO,AGNC,AGNT,AHCO,AHR,AHRT,AKO-B,AKR,AKTS,ALAR,ALB,ALC,ALG,ALGN,ALGT,ALH,ALHC,ALK,ALSN,ALTG,ALVO,AMBP,AMCR,AMGN","A,AA,AAON,AAPG,ABAT,ABR,ABSI,ACA,ACET,ACLS,ACMR,ACNB,ADAG,ADC,ADI,ADUR,AEBI,AEE,AEHR,AEIS,AEM,AEVA,AG,AGI,AGX,AIP,AIR,AIRO,ALAB,ALGM,ALV,AMAL,AMAT,AMBQ,AMD,AME,AMKR,QQQ"
2026-06-01 17:30:00+00:00,L1235,L1219,maturity,maturity,0.3003758208276879,0.3862236405074115,1,AIAI,2,A-AIAI;ADUR-AKAM,0.0014620077854488045,1.6382587295276736,0.027042253521126762,0.6196008588106171,"AAOI,AAP,ABCL,ABNB,ABT,ACDC,ACEL,ACHC,ACIW,ACM,ACN,ADBE,ADEA,ADMA,ADP,ADSK,ADT,ADTN,AES,AESI,AEXA,AFBI,AGPU,AGRO,AGYS,AI,AIAI,AIOT,AIRG,AIRJ,AIV,AJG,AKAM,ALKT,ALLT,ALMU,ALOY,ALRM,ALTO,AM,AMBA,AMCX,AMG,AMH,AMN,AMP,AMPG,AMPH","A,AA,AAON,AAPG,ABAT,ABR,ABSI,ACA,ACET,ACLS,ACMR,ACNB,ADAG,ADC,ADI,ADUR,AEBI,AEE,AEHR,AEIS,AEM,AEVA,AG,AGI,AGX,AIP,AIR,AIRO,ALAB,ALGM,ALV,AMAL,AMAT,AMBQ,AMD,AME,AMKR,QQQ"
2026-06-01 17:45:00+00:00,L1219,L1235,maturity,maturity,0.3943714115088989,0.3329220848319455,0,,3,ADEA-QQQ;ADTN-AEIS;AGPU-QQQ,0.0008800694195087999,1.408057551028846,0.01835294117647059,0.5729553778359354,"A,AAON,ABAT,ABR,ABSI,ACA,ACET,ACHR,ACLS,ACMR,ACRS,AD,ADAG,ADI,ADUR,AEBI,AEG,AEHR,AEIS,AEM,AEVA,AFJK,AG,AGCC,AGI,AGMB,AGX,AIAI,AIR,AIRO,AIZ,ALAB,ALGM,ALRS,ALV,AMAT,AMD,AMKR,QQQ","AAOI,AAP,ABCL,ABNB,ABT,ACDC,ACEL,ACHC,ACIW,ACM,ACN,ADBE,ADEA,ADMA,ADP,ADSK,ADT,ADTN,AES,AESI,AEXA,AFBI,AGPU,AGRO,AGYS,AI,AIOT,AIRG,AIRJ,AIV,AJG,AKAM,ALKT,ALLT,ALMU,ALOY,ALRM,ALTO,AM,AMBA,AMCX,AMG,AMH,AMN,AMP,AMPG,AMPH"
2026-06-01 17:45:00+00:00,L1239,L1235,decay,maturity,0.35598047041915304,0.3329220848319455,0,,1,ALL-AMP,0.0024972465762402862,0.8108078343386517,0.01835294117647059,0.412125666336463,"AAT,ABEV,ACGL,ACHV,ACT,ACTG,ACU,ADM,AFG,AFL,AFYA,AGM,AGO,AIG,AIIR,ALL,ALMR,ALX,AMCI","AAOI,AAP,ABCL,ABNB,ABT,ACDC,ACEL,ACHC,ACIW,ACM,ACN,ADBE,ADEA,ADMA,ADP,ADSK,ADT,ADTN,AES,AESI,AEXA,AFBI,AGPU,AGRO,AGYS,AI,AIOT,AIRG,AIRJ,AIV,AJG,AKAM,ALKT,ALLT,ALMU,ALOY,ALRM,ALTO,AM,AMBA,AMCX,AMG,AMH,AMN,AMP,AMPG,AMPH"
2026-06-01 18:00:00+00:00,L1219,L1243,maturity,maturity,1.0486105276922109,0.5269444044567777,1,ACA,6,AAPG-ABSI;ACET-ALLE;ACLS-ACNB;ADAG-ALH;AGI-ALLY;ALV-AMBQ,0.0025175753398798406,2.2248135371502986,0.0096,1.0303098639322714,"A,AAON,ABR,ABSI,ACA,ACET,ACLS,ACMR,ADAG,ADC,ADI,ADUR,AEBI,AEC,AEE,AEG,AEHR,AEIS,AEM,AEP,AEVA,AFJK,AG,AGI,AGMB,AGX,AHR,AIAI,AIP,AIR,AIRO,ALAB,ALC,ALGM,ALHC,ALV,AMAT,AMD,AMKR,QQQ","AACP,AAMI,AAPG,ABCB,ABG,ABM,ABX,ACIC,ACNB,ACNT,ACR,ACVA,ADSE,ADUS,ADV,AENT,AFCG,AGCO,AII,AIN,AIT,ALH,ALKS,ALLE,ALLY,ALM,ALOT,AMAL,AMAN,AMBQ,AME"
2026-06-01 18:00:00+00:00,L1219,L1239,maturity,expansion,1.0486105276922109,0.267649009365018,0,,2,A-ABAT;AEP-AIZ,0.0018249679706059396,1.157666045026481,0.008519269776876268,0.6855722628403204,"A,AAON,ABR,ABSI,ACA,ACET,ACLS,ACMR,ADAG,ADC,ADI,ADUR,AEBI,AEC,AEE,AEG,AEHR,AEIS,AEM,AEP,AEVA,AFJK,AG,AGI,AGMB,AGX,AHR,AIAI,AIP,AIR,AIRO,ALAB,ALC,ALGM,ALHC,ALV,AMAT,AMD,AMKR,QQQ","AAT,ABAT,ABEV,ACGL,ACHV,ACT,ACTG,ACU,AD,ADM,AFG,AFL,AFYA,AGM,AGO,AIG,AIIR,AIZ,ALL,ALMR,ALRS,ALX,AMCI"
2026-06-01 18:00:00+00:00,L1238,L1239,expansion,expansion,0.4063047417471038,0.267649009365018,0,,3,ABAT-ACB;ABUS-ACT;ACHV-AFRM,3.096106229349971e-05,1.3870680882731603,0.008519269776876268,0.5502310378684581,"AA,ABUS,ABVX,ACB,ACGC,ACOG,ACRS,ADPT,AEO,AERO,AFRM,AGBK,AGCC,AGEN,AGIO,AGL,AIRS,ALCO,ALMS,ALNT,ALNY,AMLX","AAT,ABAT,ABEV,ACGL,ACHV,ACT,ACTG,ACU,AD,ADM,AFG,AFL,AFYA,AGM,AGO,AIG,AIIR,AIZ,ALL,ALMR,ALRS,ALX,AMCI"
2026-06-01 18:00:00+00:00,L1238,L1243,expansion,maturity,0.4063047417471038,0.5269444044567777,0,,1,AEO-ALLY,0.0007235684315674007,0.7286865311695425,0.0096,0.46358637665355007,"AA,ABUS,ABVX,ACB,ACGC,ACOG,ACRS,ADPT,AEO,AERO,AFRM,AGBK,AGCC,AGEN,AGIO,AGL,AIRS,ALCO,ALMS,ALNT,ALNY,AMLX","AACP,AAMI,AAPG,ABCB,ABG,ABM,ABX,ACIC,ACNB,ACNT,ACR,ACVA,ADSE,ADUS,ADV,AENT,AFCG,AGCO,AII,AIN,AIT,ALH,ALKS,ALLE,ALLY,ALM,ALOT,AMAL,AMAN,AMBQ,AME"
2026-06-01 18:15:00+00:00,L1238,L1243,maturity,maturity,0.4340276741025406,0.47494714190035464,3,ACB;AEO;ALCO,5,AACP-ABVX;ACA-ACRS;ACIC-AEO;ALCO-ALKS;ALCO-ALSN,0.0016652944614179432,2.4986886934574297,0.007157057654075546,0.8984381768133373,"ABUS,ABVX,ACB,ACGC,ACOG,ACRS,AEO,AERO,AFRM,AGBK,AGCC,AGEN,AGIO,AGL,AIRS,ALCO,ALMS,ALNT,ALNY,AMLX","AACP,AAMI,AAPG,ABCB,ABG,ABM,ABX,ACA,ACIC,ACNT,ACR,ACT,ACVA,ADSE,ADUS,ADV,AENT,AFCG,AGCO,AII,AIN,AIT,ALH,ALKS,ALLE,ALLY,ALM,ALOT,ALSN,AMAL,AMBQ,AME"
2026-06-01 18:15:00+00:00,L1235,L1243,maturity,maturity,0.38240781729955753,0.47494714190035464,1,ADT,5,AACP-AM;AAMI-ADT;ABNB-ADV;ACT-AMPG;AFCG-AGRO,0.0008472309855278581,2.0899762436550327,0.007157057654075546,0.7807741073218432,"AAOI,AAP,ABCL,ABNB,ABT,ACDC,ACEL,ACHC,ACIW,ACM,ACN,ADBE,ADEA,ADMA,ADP,ADSK,ADT,ADTN,AES,AESI,AEXA,AFBI,AGPU,AGRO,AGYS,AI,AIOT,AIRG,AIRJ,AIV,AJG,AKAM,ALKT,ALLT,ALMU,ALOY,ALRM,ALTO,AM,AMBA,AMCX,AMG,AMH,AMN,AMP,AMPG,AMPH","AACP,AAMI,AAPG,ABCB,ABG,ABM,ABX,ACA,ACIC,ACNT,ACR,ACT,ACVA,ADSE,ADUS,ADV,AENT,AFCG,AGCO,AII,AIN,AIT,ALH,ALKS,ALLE,ALLY,ALM,ALOT,ALSN,AMAL,AMBQ,AME"
2026-06-01 18:15:00+00:00,L1238,L1219,maturity,maturity,0.4340276741025406,0.24041221124615975,0,,4,AAON-AGL;AG-AMLX;AGI-AMLX;AGX-ALCO,0.0008015989442355931,1.6253427363752826,0.02346368715083799,0.6121872027710564,"ABUS,ABVX,ACB,ACGC,ACOG,ACRS,AEO,AERO,AFRM,AGBK,AGCC,AGEN,AGIO,AGL,AIRS,ALCO,ALMS,ALNT,ALNY,AMLX","A,AA,AAL,AAON,ABR,ABSI,ACET,ACHR,ACLS,ACMR,ACNB,ADAG,ADI,AEBI,AEG,AEHR,AEIS,AEM,AEVA,AFJK,AFRI,AG,AGI,AGMB,AGX,AIAI,AIP,AIR,AIRO,ALAB,ALC,ALGM,ALHC,ALK,ALV,AMAT,AMD,AMKR,QQQ"
2026-06-01 18:15:00+00:00,L1235,L1219,maturity,maturity,0.38240781729955753,0.24041221124615975,0,,1,ADTN-AFJK,-1.646453165449202e-05,0.6931471805599453,0.02346368715083799,0.3636523567763272,"AAOI,AAP,ABCL,ABNB,ABT,ACDC,ACEL,ACHC,ACIW,ACM,ACN,ADBE,ADEA,ADMA,ADP,ADSK,ADT,ADTN,AES,AESI,AEXA,AFBI,AGPU,AGRO,AGYS,AI,AIOT,AIRG,AIRJ,AIV,AJG,AKAM,ALKT,ALLT,ALMU,ALOY,ALRM,ALTO,AM,AMBA,AMCX,AMG,AMH,AMN,AMP,AMPG,AMPH","A,AA,AAL,AAON,ABR,ABSI,ACET,ACHR,ACLS,ACMR,ACNB,ADAG,ADI,AEBI,AEG,AEHR,AEIS,AEM,AEVA,AFJK,AFRI,AG,AGI,AGMB,AGX,AIAI,AIP,AIR,AIRO,ALAB,ALC,ALGM,ALHC,ALK,ALV,AMAT,AMD,AMKR,QQQ"
2026-06-01 18:30:00+00:00,L1239,L1240,decay,maturity,0.49707397395190767,0.6519015759471601,1,AAT,6,AAT-ABEO;AAT-AFRI;AAT-AGNC;ACTG-AHRT;ACTG-ALSN;AGO-AHRT,0.0014740102924406528,2.213469798420507,0.009542743538767395,0.8994915261056622,"AAT,ABAT,ACGL,ACHV,ACTG,ACU,AD,ADM,AFG,AFL,AGM,AGO,AIG,ALL,ALMR,ALX,AMAN,AMCI","AAPL,AARD,AAUC,ABBV,ABEO,ACAD,ACCO,ACI,ACRE,ADAM,ADNT,ADPT,AER,AEYE,AFRI,AGCO,AGNC,AGNT,AHCO,AHRT,AKO-B,AKTS,ALAR,ALB,ALG,ALGN,ALGT,ALH,ALSN,ALTG,ALVO,AMBP,AMCR,AMGN"
2026-06-01 18:30:00+00:00,L1243,L1240,decay,maturity,1.011075156303658,0.6519015759471601,0,,2,AAPL-AEO;ABM-ALGN,0.0032443866366520524,1.2013008368977849,0.009542743538767395,0.8006496404305068,"AAMI,ABCB,ABG,ABM,ABX,ACB,ACIC,ACNT,ACT,ACVA,ADT,ADUS,ADV,AENT,AEO,AFCG,AFYA,AIIR,AIN,AIT,ALCO,ALKS,ALLE,ALLY,ALM,ALOT,ALRS","AAPL,AARD,AAUC,ABBV,ABEO,ACAD,ACCO,ACI,ACRE,ADAM,ADNT,ADPT,AER,AEYE,AFRI,AGCO,AGNC,AGNT,AHCO,AHRT,AKO-B,AKTS,ALAR,ALB,ALG,ALGN,ALGT,ALH,ALSN,ALTG,ALVO,AMBP,AMCR,AMGN"
2026-06-01 18:30:00+00:00,L1243,L1235,decay,maturity,1.011075156303658,0.597305627888469,0,,1,ACEL-AFCG,0.002186511585023254,0.7968994249686426,0.017061611374407582,0.6842983332059599,"AAMI,ABCB,ABG,ABM,ABX,ACB,ACIC,ACNT,ACT,ACVA,ADT,ADUS,ADV,AENT,AEO,AFCG,AFYA,AIIR,AIN,AIT,ALCO,ALKS,ALLE,ALLY,ALM,ALOT,ALRS","AAOI,AAP,ABCL,ABT,ACDC,ACEL,ACHC,ACIW,ACM,ACN,ADBE,ADEA,ADP,ADSK,ADTN,AES,AESI,AEXA,AFBI,AGPU,AGRO,AGYS,AI,AIOT,AIRG,AIRJ,AIV,AJG,AKAM,ALKT,ALLT,ALMU,ALOY,ALRM,ALTO,AM,AMBA,AMCX,AMG,AMH,AMN,AMP,AMPG"
2026-06-01 18:30:00+00:00,L1239,L1235,decay,maturity,0.49707397395190767,0.597305627888469,0,,1,ABT-AMCI,0.0004161352408118546,0.7137404384024599,0.017061611374407582,0.5093082318588892,"AAT,ABAT,ACGL,ACHV,ACTG,ACU,AD,ADM,AFG,AFL,AGM,AGO,AIG,ALL,ALMR,ALX,AMAN,AMCI","AAOI,AAP,ABCL,ABT,ACDC,ACEL,ACHC,ACIW,ACM,ACN,ADBE,ADEA,ADP,ADSK,ADTN,AES,AESI,AEXA,AFBI,AGPU,AGRO,AGYS,AI,AIOT,AIRG,AIRJ,AIV,AJG,AKAM,ALKT,ALLT,ALMU,ALOY,ALRM,ALTO,AM,AMBA,AMCX,AMG,AMH,AMN,AMP,AMPG"
2026-06-01 19:00:00+00:00,L1219,L1235,maturity,maturity,0.7476110884054211,0.48875944898445345,0,,1,ADTN-AIP,0.0007833091076463461,0.7315651248327222,0.01839622641509434,0.5565618763874071,"A,AA,AACP,AAON,ABR,ABSI,ABVX,ACA,ACET,ACLS,ACMR,ACR,ADAG,ADC,ADI,ADSE,ADUR,AEBI,AEC,AEE,AEG,AEHR,AEIS,AEM,AERO,AFJK,AG,AGI,AGX,AHR,AIAI,AIP,AIR,AIZ,ALAB,ALC,ALGM,ALHC,ALV,AMBQ,AMD,AME,AMKR,QQQ","AAOI,AAP,ABCL,ABNB,ABT,ACDC,ACEL,ACHC,ACIW,ACM,ACN,ADBE,ADEA,ADMA,ADP,ADSK,ADTN,AES,AESI,AEXA,AFBI,AGPU,AGRO,AGYS,AI,AIOT,AIRG,AIRJ,AIV,AJG,AKAM,ALKT,ALLT,ALMU,ALOY,ALRM,ALTO,AM,AMBA,AMCX,AMG,AMH,AMN,AMP,AMPG,AMPH"
2026-06-01 19:15:00+00:00,L1238,L1235,expansion,maturity,0.7015006845944489,0.6960603952171462,0,,6,ABNB-AGIO;ABT-ADSE;ADSE-AFBI;ADSE-ALRM;ADSE-AMPH;ALNT-AMCX,0.0025818838039413095,1.9821302633168472,0.01839622641509434,0.9175603237349546,"AACP,ABUS,ABVX,ACB,ACGC,ACOG,ACR,ACRS,ADPT,ADSE,AERO,AFRM,AGBK,AGCC,AGEN,AGIO,AGL,AIRS,ALMS,ALNT,ALNY,AMLX","AAOI,AAP,ABCL,ABNB,ABT,ACDC,ACEL,ACHC,ACIW,ACM,ACN,ADBE,ADEA,ADMA,ADP,ADSK,ADTN,AES,AESI,AEXA,AFBI,AGPU,AGRO,AGYS,AI,AIOT,AIRG,AIRJ,AIV,AJG,AKAM,ALKT,ALLT,ALMU,ALOY,ALRM,ALTO,AM,AMBA,AMCX,AMG,AMH,AMN,AMP,AMPG,AMPH"
2026-06-01 19:30:00+00:00,L1240,L1239,decay,expansion,1.0196551915389636,0.7036836094577772,0,,8,ABCB-AGNT;ABEO-AIRO;ACAD-AGNT;ACRE-ALLE;ADM-ALKS;ADUS-AFCG;ALL-ALLY;ALMR-ALOT,0.005380229908041656,2.255286230316005,0.010865191146881288,1.0824529765500557,"ABCB,ABG,ABM,ACAD,ACNT,ACR,ADT,ADUS,ADV,AENT,AGCO,AIN,AIRO,AIT,AKO-B,ALB,ALG,ALGN,ALH,ALKS,ALLE,ALLY,ALOT,ALSN,ALTG","AAT,ABAT,ABEO,ABEV,ABX,ACGL,ACIC,ACRE,ACT,ACTG,ACU,AD,ADM,AEYE,AFCG,AFG,AFL,AFYA,AGM,AGNT,AGO,AIG,AIIR,AIZ,AKTS,ALL,ALMR,ALRS,AMCI"
2026-06-02 14:30:00+00:00,L1255,L1219,expansion,expansion,0.38670978443802856,0.5660586125593228,1,AMAN,25,AAMI-AAUC;AAMI-AIN;AAT-AFRI;AAT-ALM;AAUC-ALLE;AAUC-AMP;ACA-ACLS;ACGL-AMP;ACI-ADM;ACI-AMBQ;ACRS-AEE;ACT-ALH;ACTG-AMBP;ADC-AEE;ADT-ALGN;AER-ALLE;AGI-AHRT;AIG-AM;AIN-AKAM;AIN-AMG;AIRG-AKR;AIT-ALGN;ALAB-AMAN;ALGN-AMG;ALL-AMP,0.002291845506988466,3.340356355936001,0.035199999999999995,1.1261996080832055,"AAL,AAP,AAPG,AAT,AAUC,ABBV,ACA,ACCO,ACGC,ACGL,ACI,ACIC,ACRS,ACTG,AD,ADC,AEBI,AEM,AER,AEXA,AFG,AFL,AG,AGI,AGMB,AGO,AHCO,AIAI,AIG,AIIR,AIN,AIRG,AIZ,AKTS,ALB,ALGN,ALH,ALL,ALMR,ALOT,AMAN,AMCI,AMGN,AMH","AA,AAMI,AAOI,AAON,AAPL,ABAT,ABCB,ABEV,ACDC,ACHC,ACLS,ACMR,ACNT,ACRE,ACT,ADAM,ADEA,ADI,ADM,ADNT,ADT,ADTN,AEC,AEE,AEG,AEHR,AEIS,AEP,AESI,AEVA,AFRI,AGCO,AGM,AGNC,AHRT,AIP,AIR,AIRO,AIRS,AIT,AKAM,AKR,ALAB,ALG,ALGM,ALLE,ALLY,ALM,ALMU,ALNT,ALOY,ALSN,ALV,AM,AMAL,AMAT,AMBA,AMBP,AMBQ,AMCR,AME,AMG,AMKR,AMP"
2026-06-02 15:00:00+00:00,L1247,L1219,maturity,maturity,1.133064305191178,0.3682532664613819,0,,2,ADNT-ALX;AII-AMAN,0.00286812600097619,1.1899182806131297,0.03529411764705882,0.7531689592961092,"A,AARD,ABCL,ABEO,ABNB,ABSI,ABT,ABUS,ABVX,ABX,ACAD,ACB,ACET,ACHR,ACHV,ACIW,ACM,ACN,ACR,ACVA,ADBE,ADMA,ADP,ADPT,ADSE,ADSK,AEO,AEYE,AFCG,AFRM,AGBK,AGEN,AGIO,AGL,AGNT,AGYS,AHR,AI,AII,AIOT,AIV,AJG,ALAR,ALC,ALGT,ALK,ALKS,ALKT,ALLT,ALMS,ALNY,ALRM,ALTO,ALX,AMCX,AMLX,AMN,AMPH,QQQ","AA,AAOI,AAON,AAPL,ABAT,ABCB,ABEV,ACDC,ACHC,ACLS,ACMR,ACNT,ACRE,ACT,ADAM,ADEA,ADI,ADM,ADNT,ADTN,AEC,AEE,AEG,AEHR,AEIS,AEP,AESI,AEVA,AFRI,AGCO,AGM,AGNC,AGX,AHRT,AIP,AIR,AIRJ,AIRO,AIRS,AIT,AKAM,AKR,ALAB,ALG,ALGM,ALLY,ALM,ALMU,ALNT,ALOY,ALSN,ALV,AM,AMAL,AMAN,AMAT,AMBA,AMBP,AMBQ,AMCR,AME,AMG,AMKR"
2026-06-02 15:30:00+00:00,L1247,L1219,expansion,expansion,1.1166950232684028,0.48174487470927607,3,AENT;AERO;AMBP,9,AAPL-AGPU;ABR-AMBP;ACNB-AIRO;ACRE-ACU;ADM-ADV;AENT-AMKR;AERO-AMCR;AGIO-AIRO;AGPU-AIRG,0.0013499027118086815,2.7809902225400536,0.03333333333333333,1.179779525028317,"A,AACP,AARD,ABCL,ABEO,ABG,ABNB,ABSI,ABT,ABUS,ABVX,ABX,ACAD,ACB,ACEL,ACET,ACGC,ACHR,ACHV,ACIW,ACM,ACN,ACNB,ACOG,ACR,ACU,ACVA,ADAG,ADBE,ADMA,ADP,ADPT,ADSE,ADSK,ADUR,ADUS,ADV,AENT,AEO,AERO,AES,AEYE,AFBI,AFCG,AFRM,AFYA,AGBK,AGCC,AGEN,AGIO,AGL,AGNT,AGPU,AGRO,AGYS,AHR,AI,AII,AIIR,AIOT,AIV,AJG,ALAR,ALC,ALHC,ALKS,ALKT,ALLT,ALMS,ALNY,ALRM,ALRS,ALTO,ALVO,ALX,AMBP,AMCI,AMCX,AMD,AMLX,AMN,AMPH,QQQ","AA,AAOI,AAON,AAPL,AAT,ABAT,ABCB,ABEV,ABR,ACDC,ACHC,ACLS,ACMR,ACNT,ACRE,ACRS,ACT,ADAM,ADC,ADEA,ADI,ADM,ADNT,ADT,ADTN,AEC,AEE,AEG,AEHR,AEIS,AEP,AESI,AEVA,AFRI,AGCO,AGM,AGNC,AGX,AIP,AIR,AIRG,AIRJ,AIRO,AIRS,AIT,AKR,ALAB,ALCO,ALG,ALGM,ALM,ALMU,ALNT,ALOY,ALSN,ALV,AM,AMAL,AMAT,AMBA,AMBQ,AMCR,AME,AMG,AMKR,AMPG"
2026-06-02 16:00:00+00:00,L1255,L1219,maturity,maturity,0.9358704401761258,0.6211586254894811,1,ALH,18,AAL-AIR;AAMI-AEG;AAMI-AEP;AAOI-AG;AAON-ALH;ABCB-ALH;ABEV-AIRG;ACDC-AEXA;ACDC-ALLY;ACHC-ALGN;ACRS-AEE;ADEA-ALK;ADNT-ALH;AFG-AGM;AGCO-ALLY;AGM-ALOT;AHCO-AMCR;AKAM-AMAL,0.00048103852896019816,3.0468104778238816,0.033962264150943396,1.2339056787782938,"AAL,AAMI,AAP,AAPG,AAT,AAUC,ABBV,ABM,ACA,ACCO,ACGL,ACI,ACIC,ACRS,AD,ADC,AEBI,AEM,AENT,AER,AEXA,AFG,AFJK,AFL,AG,AGI,AGMB,AGO,AGPU,AHCO,AHRT,AIG,AIRG,AIZ,AKAM,AKO-B,AKTS,ALB,ALGN,ALGT,ALH,ALK,ALL,ALLE,ALLY,ALMR,ALOT,ALTG,AMAN,AMGN,AMH,AMP","AA,AAOI,AAON,AAPL,ABAT,ABCB,ABEV,ACDC,ACHC,ACLS,ACMR,ACNT,ACRE,ACT,ADAM,ADEA,ADI,ADM,ADNT,ADT,ADTN,AEC,AEE,AEG,AEHR,AEIS,AEP,AERO,AESI,AEVA,AFRI,AGCO,AGM,AGNC,AGX,AIP,AIR,AIRJ,AIT,AKR,ALAB,ALG,ALGM,ALM,ALMU,ALNT,ALOY,ALSN,ALV,AM,AMAL,AMAT,AMBA,AMBQ,AMCR,AME,AMG,AMKR,AMPG"
2026-06-02 16:30:00+00:00,L1219,L1255,expansion,maturity,0.8770232047357163,0.3682324176338293,10,ACRS;ADC;ADT;AEXA;AIRG;AIT;ALH;ALLY;ALMR;AME,20,AAL-AGNC;AAMI-AEHR;AAMI-AEVA;AAON-AMP;AAPL-ALL;ACA-AEHR;ACIC-ADC;ACIC-AGPU;AD-ADC;ADC-AFG;ADNT-ALTG;AEP-AIG;AER-ALH;AEVA-ALGN;AEVA-ALL;AEXA-AGO;AKAM-AMAL;ALG-AMP;ALGN-AMG;ALVO-AMPG,0.0007269249181263149,3.7153434844222897,0.016551724137931035,1.3048953164371258,"AA,AAOI,AAON,AAPL,ABAT,ABCB,ABEV,ABG,ABR,ACDC,ACHC,ACLS,ACMR,ACNT,ACRE,ACRS,ACT,ADAM,ADC,ADEA,ADI,ADM,ADNT,ADT,ADTN,AEC,AEE,AEG,AEHR,AEIS,AEP,AERO,AESI,AEVA,AEXA,AFRI,AGCO,AGM,AGNC,AGPU,AGX,AHRT,AIP,AIR,AIRG,AIRJ,AIRO,AIRS,AIT,AKR,ALAB,ALG,ALGM,ALH,ALLY,ALM,ALMR,ALMU,ALNT,ALOY,ALSN,ALV,AM,AMAL,AMAT,AMBA,AMBP,AMBQ,AMCR,AME,AMG,AMKR,AMPG","AAL,AAMI,AAP,AAPG,AAT,AAUC,ABBV,ACA,ACCO,ACGL,ACI,ACIC,AD,AEBI,AEM,AENT,AER,AFG,AFL,AG,AGI,AGMB,AGO,AHCO,AIAI,AIG,AIN,AIZ,AKAM,AKO-B,AKTS,ALB,ALCO,ALGN,ALGT,ALK,ALL,ALLE,ALOT,ALTG,ALVO,AMAN,AMGN,AMH,AMP"
2026-06-02 17:00:00+00:00,L1247,L1219,maturity,expansion,0.4543520487289009,0.5350793864861363,3,AERO;AGX;AIIR,11,ABCB-ACNB;ABCB-AIIR;ACHR-AIRS;ACNB-ALVO;ACRE-ALRS;ADT-AIIR;AES-ALTG;AFYA-ALLE;AGX-ALAB;AGX-ALMU;AIRJ-ALRS,0.00026839697966352105,2.8918617416503225,0.032984293193717276,1.0247425099561496,"A,AACP,ABCL,ABEO,ABG,ABM,ABNB,ABSI,ABT,ABUS,ABVX,ABX,ACAD,ACB,ACEL,ACET,ACGC,ACHR,ACHV,ACIW,ACM,ACN,ACNB,ACOG,ACR,ACTG,ACU,ACVA,ADAG,ADBE,ADMA,ADP,ADPT,ADSE,ADSK,ADUR,ADUS,ADV,AEO,AERO,AES,AEYE,AFBI,AFCG,AFJK,AFRM,AFYA,AGBK,AGCC,AGEN,AGIO,AGL,AGNT,AGPU,AGRO,AGX,AGYS,AHR,AI,AII,AIIR,AIOT,AIV,AJG,ALAR,ALC,ALCO,ALHC,ALK,ALKS,ALKT,ALLT,ALMS,ALRM,ALRS,ALTO,ALX,AMCI,AMCX,AMD,AMLX,AMN,AMPH,QQQ","AA,AAMI,AAOI,AAON,AAPL,ABAT,ABCB,ABEV,ABR,ACDC,ACHC,ACLS,ACMR,ACNT,ACRE,ACT,ADAM,ADEA,ADI,ADM,ADNT,ADT,ADTN,AEC,AEE,AEG,AEHR,AEIS,AEP,AESI,AEVA,AFRI,AGCO,AGM,AGNC,AHRT,AIN,AIP,AIR,AIRJ,AIRO,AIRS,AIT,AKR,ALAB,ALG,ALGM,ALGN,ALH,ALLE,ALM,ALMU,ALNT,ALOY,ALSN,ALTG,ALV,ALVO,AM,AMAL,AMAT,AMBA,AMBP,AMBQ,AMCR,AME,AMG,AMKR,AMP,AMPG"
2026-06-02 17:30:00+00:00,L1247,L1265,expansion,confirmation,0.9380886603034757,0.3381738384113916,1,ALVO,6,ACB-ACHR;ACN-AIOT;ACOG-ALVO;ADUR-AMCX;AFCG-ALX;AIOT-ALAR,0.0018260925717186183,2.2173113970532996,0.002962962962962963,0.9376510433222296,"A,AAP,AARD,ABBV,ABCL,ABEO,ABG,ABM,ABNB,ABSI,ABT,ABUS,ABVX,ABX,ACAD,ACB,ACEL,ACET,ACGC,ACHV,ACIW,ACM,ACN,ACR,ACTG,ACVA,ADAG,ADBE,ADMA,ADP,ADPT,ADSE,ADSK,ADUS,ADV,AEBI,AEO,AES,AEYE,AFCG,AFJK,AFRM,AFYA,AGBK,AGCC,AGEN,AGIO,AGL,AGNT,AGPU,AGRO,AGYS,AHR,AI,AII,AIV,AJG,AKTS,ALAR,ALC,ALCO,ALHC,ALK,ALKS,ALKT,ALLT,ALMS,ALNY,ALRM,ALRS,ALTO,ALVO,AMCX,AMD,AMGN,AMLX,AMN,AMPH,QQQ","AACP,ACHR,ACNB,ACOG,ACU,ADUR,AFBI,AIOT,AIRS,ALX"
2026-06-02 18:00:00+00:00,L1266,L1255,confirmation,expansion,0.816698810902935,0.5032652490695486,0,,2,ABG-AENT;ABM-AFYA,0.0015603955544065684,1.1493179363146724,0.01568627450980392,0.6856716432468837,"ABG,ACTG,ADAG,ADV,AFYA,AIIR,ALRS","AACP,AAL,AAMI,AAP,AAPG,AARD,AAT,AAUC,ABBV,ABM,ABX,ACA,ACCO,ACGL,ACI,ACIC,AD,ADC,ADUR,AEBI,AEM,AENT,AER,AEXA,AFG,AFL,AG,AGI,AGMB,AGO,AHCO,AIAI,AIG,AIN,AIZ,AKAM,AKO-B,AKTS,ALB,ALGN,ALGT,ALK,ALL,ALLE,ALNY,ALOT,ALVO,AMAN,AMCI,AMGN,AMH,AMP,AMPG"
2026-06-02 18:30:00+00:00,L1219,L1247,maturity,maturity,0.6206414644330761,0.48852294930373025,0,,1,AIIR-ALNT,0.003698728862218559,0.8628363192031122,0.02482758620689655,0.5521825418528543,"AA,AAMI,AAOI,AAON,AAPL,ABAT,ABCB,ABEV,ACDC,ACHC,ACLS,ACMR,ACNT,ACT,ADAM,ADEA,ADI,ADM,ADNT,ADT,ADTN,AEC,AEE,AEG,AEHR,AEIS,AEP,AERO,AESI,AFRI,AGCO,AGM,AGNC,AGPU,AGX,AHRT,AIP,AIR,AIRJ,AIRS,AIT,AKAM,AKR,ALAB,ALG,ALGM,ALLY,ALM,ALMR,ALMU,ALNT,ALOY,ALSN,ALV,AM,AMAL,AMAT,AMBA,AMBQ,AMCR,AME,AMG,AMKR,AMP","A,AAP,AARD,ABBV,ABCL,ABEO,ABNB,ABSI,ABT,ABUS,ABVX,ABX,ACAD,ACB,ACET,ACHV,ACIW,ACM,ACN,ACR,ACTG,ACVA,ADBE,ADMA,ADP,ADPT,ADSE,ADSK,AEBI,AEO,AEYE,AFCG,AFRM,AGBK,AGCC,AGEN,AGIO,AGL,AGNT,AGYS,AHR,AI,AII,AIIR,AIV,AJG,AKTS,ALAR,ALC,ALGT,ALK,ALKS,ALKT,ALLT,ALMS,ALNY,ALRM,AMCX,AMGN,AMLX,AMN,AMPH"
2026-06-02 18:45:00+00:00,L1247,L1219,maturity,maturity,0.7349073614708599,0.8901542384820558,0,,1,AIRS-ALK,0.0013372591201914474,0.7578697060266556,0.035106382978723406,0.6822518639393471,"A,AAP,AARD,ABBV,ABCL,ABEO,ABG,ABM,ABNB,ABSI,ABT,ABUS,ABVX,ABX,ACAD,ACB,ACEL,ACET,ACHV,ACIW,ACM,ACN,ACR,ACVA,ADAG,ADBE,ADMA,ADP,ADPT,ADSE,ADSK,ADUS,ADV,AEBI,AEO,AEYE,AFCG,AFRM,AFYA,AGBK,AGCC,AGEN,AGIO,AGL,AGNT,AGRO,AGYS,AHR,AI,AII,AIV,AJG,AKTS,ALAR,ALC,ALK,ALKS,ALKT,ALLT,ALMS,ALNY,ALRM,ALRS,AMCX,AMGN,AMLX,AMN,AMPH","AA,AAMI,AAOI,AAON,AAPL,ABAT,ABCB,ABEV,ACDC,ACHC,ACLS,ACMR,ACNT,ACT,ADAM,ADEA,ADI,ADM,ADNT,ADT,ADTN,AEC,AEE,AEG,AEHR,AEIS,AEP,AERO,AESI,AEVA,AFRI,AGCO,AGM,AGNC,AGX,AHRT,AIP,AIR,AIRJ,AIRS,AIT,AKAM,AKR,ALAB,ALG,ALGM,ALH,ALLY,ALM,ALMR,ALMU,ALNT,ALOY,ALSN,ALV,AM,AMAL,AMAT,AMBA,AMBQ,AMCR,AME,AMG,AMKR,AMP"
2026-06-02 19:00:00+00:00,L1255,L1219,expansion,maturity,1.06810937169107,0.4469666342149054,2,AKAM;ALLE,23,AAMI-ACIC;AAMI-AFL;AAMI-AIZ;AAPL-AAUC;AAT-AKR;ACCO-AIT;ACI-AEE;ACT-AD;ACT-AFG;AEE-ALL;AEE-AMCI;AEG-ALL;AFG-AFRI;AFG-AKR;AGCO-ALLE;AGI-AHRT;AGNC-AMCI;AHCO-AKR;AIAI-ALM;AIR-AIRG;AIRS-AKO-B;AKR-ALB;AKR-AMCI,0.0015911683003650978,3.3378711682282995,0.033421750663129975,1.294003856428337,"AAL,AAPG,AAT,AAUC,ABBV,ACA,ACCO,ACGL,ACI,ACIC,ACRS,ACTG,AD,ADC,AEM,AER,AEXA,AFG,AFL,AFYA,AG,AGI,AGMB,AGO,AHCO,AIAI,AIG,AIIR,AIRG,AIZ,AKAM,AKO-B,ALB,ALGT,ALK,ALL,ALLE,ALOT,AMAN,AMCI,AMGN,AMH","AA,AAMI,AAOI,AAON,AAPL,ABAT,ABCB,ABEV,ACDC,ACHC,ACLS,ACMR,ACNT,ACT,ADAM,ADEA,ADI,ADM,ADNT,ADT,ADTN,AEC,AEE,AEG,AEHR,AEIS,AEP,AERO,AESI,AEVA,AFRI,AGCO,AGM,AGNC,AGX,AHRT,AIP,AIR,AIRJ,AIRS,AIT,AKR,ALAB,ALG,ALGM,ALH,ALLY,ALM,ALMR,ALMU,ALNT,ALOY,ALSN,ALTG,ALV,AM,AMAL,AMAT,AMBA,AMBQ,AMCR,AME,AMG,AMKR,AMP"
2026-06-03 13:45:00+00:00,L1275,L1272,confirmation,confirmation,0.10553335597726383,0.9622476823103012,0,,22,AAON-ADUR;AAON-AEVA;AAP-ADNT;ACEL-ALRS;ACIC-ALG;ACM-ADPT;ACMR-ALB;ADNT-AEBI;ADNT-ALV;ADNT-AMG;ADPT-AMCR;ADUR-ALMU;AEVA-ALAB;AEVA-ALMS;AEVA-ALMU;AIRO-ALAB;AIRS-ALB;AKAM-ALAB;AKAM-ALGM;ALAB-AMBQ;ALRS-AMBP;AMBP-AMP,0.0060560680576600134,3.1614842603302415,0.010112359550561797,1.1122222305014142,"AAON,ABR,ACEL,ACLS,ACM,ADAM,ADI,ADNT,ADSE,AENT,AGNC,AGX,AHCO,AIR,AKR,ALAB,ALB,ALG,ALGM,ALMS,ALMU,AMAT,AMBP,AMCR,AMLX","AA,AAOI,AAP,ABCB,ABEV,ACET,ACHR,ACHV,ACIC,ACMR,ACU,ADPT,ADUR,ADV,AEBI,AEG,AEO,AERO,AEVA,AIRO,AIRS,AKAM,ALRS,ALV,ALX,AMAN,AMBQ,AMG,AMP"
2026-06-03 13:45:00+00:00,L1275,L1274,confirmation,confirmation,0.10553335597726383,0.52286202491813,3,ACM;ALB;AMCR,28,AAON-ADEA;AAON-ADTN;AAON-ALM;ABAT-ALB;ABR-ACRE;ACB-ACM;ACB-AMLX;ACEL-AJG;ACLS-ADEA;ACLS-ALM;ACM-AMBA;ACRE-AIR;ACRE-AMBP;ACVA-AMBP;ADEA-AGX;ADEA-ALAB;ADEA-ALMU;ADTN-ALAB;AGL-ALB;AGNT-ALB;AI-ALAB;AIAI-AMCR;ALAB-ALM;ALAB-ALOY;ALG-ALLY;ALGM-ALM;ALK-AMCR;ALM-ALMU,-0.004796316788997501,3.5553480614894135,0.02127659574468085,1.0805471190026739,"AAON,ABR,ACEL,ACLS,ACM,ADAM,ADI,ADNT,ADSE,AENT,AGNC,AGX,AHCO,AIR,AKR,ALAB,ALB,ALG,ALGM,ALMS,ALMU,AMAT,AMBP,AMCR,AMLX","AAL,AARD,ABAT,ABCL,ABSI,ABX,ACB,ACIW,ACN,ACR,ACRE,ACVA,ADBE,ADEA,ADMA,ADP,ADSK,ADT,ADTN,ADUS,AEM,AEYE,AFCG,AFRM,AG,AGCC,AGI,AGL,AGNT,AGYS,AI,AIAI,AIIR,AIOT,AIV,AJG,ALGT,ALK,ALKT,ALLT,ALLY,ALM,ALOY,ALRM,AMBA,AMN,AMPG"
2026-06-03 14:30:00+00:00,L1274,L1278,expansion,maturity,1.0959408495671954,1.1946708910180632,8,ABEV;ACHV;ADMA;ADV;AGI;AGL;AIRS;ALAR,52,AA-AAMI;AA-AER;AA-AFYA;AAMI-ALGT;AAOI-ALX;ABCB-AGPU;ABCB-ALKT;ABEV-AFYA;ABEV-ALV;ABG-AGI;ABG-AIAI;ABNB-ADP;ABNB-AFRM;ABNB-AGI;ABNB-ALGT;ABSI-AGNT;ABX-AFYA;ACEL-ADP;ACET-AEM;ACIW-ALLY;ACMR-AII;ACN-ALLY;ACRE-AEBI;ACTG-AEO;ACVA-AEBI;ACVA-AGNT;ACVA-AII;ACVA-ALV;ADMA-ALV;ADPT-AMG;ADUS-AEM;ADV-ALV;ADV-ALX;AEG-AEM;AEG-AGL;AEM-AFYA;AEM-ALV;AEYE-AGNT;AEYE-AIN;AFRM-AFYA;AFRM-AMG;AFYA-AIAI;AFYA-AIRS;AGBK-ALGT;AGNT-ALGT;AI-ALX;AIAI-ALLY;AIRS-AMG;AKAM-ALX;ALK-ALLY;ALV-AMCR;AMCR-AMG,0.004070841474458575,4.239988939355785,0.017578125,1.7498174757645237,"AA,AAL,AAOI,AARD,ABAT,ABCL,ABEV,ABSI,ABX,ACB,ACHR,ACHV,ACIW,ACM,ACMR,ACN,ACR,ACRE,ACVA,ADBE,ADMA,ADP,ADPT,ADSK,ADTN,ADUR,ADV,AEM,AEO,AERO,AEYE,AFRM,AG,AGCC,AGI,AGL,AGPU,AGYS,AI,AIAI,AIIR,AIOT,AIRO,AIRS,AKAM,ALAR,ALB,ALGT,ALK,ALKT,ALLT,ALOY,ALRM,AMAN,AMBA,AMBQ,AMCR,AMPG","AAMI,AAP,AAPG,AAT,ABCB,ABG,ABM,ABNB,ABR,ACCO,ACEL,ACET,ACIC,ACOG,ACRS,ACTG,ACU,ADAM,ADUS,AEBI,AEG,AER,AFBI,AFYA,AGBK,AGM,AGNC,AGNT,AGO,AHRT,AIG,AII,AIN,AIR,AJG,AKR,ALG,ALLE,ALLY,ALRS,ALV,ALVO,ALX,AMAL,AMBP,AMCI,AMCX,AMG,AMP,AMPH"
2026-06-03 15:30:00+00:00,L1279,L1278,maturity,expansion,0.3203577523019804,0.5714018626423996,0,,4,AA-ALM;ACM-AGX;ADMA-ADUR;AFCG-AKO-B,0.007149501470848918,1.7430855740389792,0.012676056338028168,0.705200686443763,"A,AAON,ABEO,ACLS,ADEA,ADI,ADUR,AEHR,AEVA,AFJK,AGMB,AGNC,AGX,AIP,AIRJ,AIRO,AKAM,AKO-B,ALAB,ALGM,ALM,ALMR,ALMS,ALMU,ALNT,ALOT,AMAT,AMBQ,AMLX,QQQ","AA,AAP,ABCB,ABEV,ABM,ABX,ACHV,ACIC,ACIW,ACM,ACN,ACR,ACU,ACVA,ADMA,ADPT,ADUS,ADV,AEBI,AEG,AEM,AERO,AFCG,AFYA,AGI,AGL,AGYS,AIAI,AIG,AII,AIIR,AIV,AJG,ALAR,ALKT,ALRM,ALRS,ALV,ALVO,ALX,AMBP,AMG,AMN,AMP"
2026-06-03 15:45:00+00:00,L1278,L1274,decay,expansion,0.6988512078481774,0.6833649509988651,0,,20,ABCB-ACM;ABM-AMBP;ABSI-ACU;ACHR-AERO;ACHV-AMBA;ACM-AMG;ACN-AEG;ACVA-ALVO;ACVA-AMP;ADBE-AEG;ADPT-AGCC;ADPT-AIRS;AEBI-AMCR;AEG-AFYA;AFRM-AMG;AFYA-AMBP;AGL-AJG;AGL-ALVO;AGNT-AJG;AIRS-AMP,0.0018827941094059497,3.0534481708211456,0.022377622377622378,1.1813835337160425,"AAP,ABCB,ABEV,ACHV,ACIC,ACU,ADNT,ADPT,ADUS,ADV,AEBI,AEG,AERO,AJG,ALRS,ALV,ALVO,ALX,AMBP,AMG,AMP","AA,AAL,AAOI,AARD,ABAT,ABCL,ABM,ABSI,ABX,ACB,ACHR,ACIW,ACM,ACMR,ACN,ACR,ACRE,ACVA,ADBE,ADMA,ADP,ADSK,ADTN,AEM,AEO,AEYE,AFRM,AFYA,AG,AGCC,AGI,AGL,AGNT,AGPU,AGYS,AI,AII,AIIR,AIOT,AIRS,AIV,ALAR,ALB,ALGT,ALK,ALKT,ALLT,ALOY,ALRM,AMAN,AMBA,AMCR,AMN,AMPG"
2026-06-03 16:15:00+00:00,L1279,L1278,maturity,expansion,0.27146594405525204,0.7292377108028473,1,AFJK,3,ACM-AMG;ADMA-ALMR;AFYA-ALOT,0.00941679859533906,1.9375437999160865,0.011455847255369928,0.7863154235247568,"A,AAON,AAUC,ABEO,ACDC,ACLS,ACM,ADEA,ADI,ADUR,AEHR,AEVA,AFJK,AGMB,AGX,AIP,AIRG,AIRJ,AIRO,AKAM,AKO-B,ALAB,ALGM,ALM,ALMR,ALMS,ALMU,ALNT,ALOT,AMAT,AMBQ,AMD,AMKR,AMLX,QQQ","AAP,ABCB,ABEV,ABM,ABX,ACHV,ACIC,ACIW,ACU,ACVA,ADMA,ADNT,ADPT,ADUS,ADV,AEBI,AEG,AFYA,AGL,AIG,AIRS,AJG,ALRS,ALV,ALVO,ALX,AMBP,AMG,AMP,AMPG"
2026-06-03 16:30:00+00:00,L1283,L1279,decay,maturity,0.8009149274691808,0.6052666910484334,1,AGNC,3,A-AFBI;AGNC-ALM;AKO-B-ALGN,-0.0014862864918541163,1.791759469228055,0.03103448275862069,0.8744495252760911,"AAMI,AAPG,AAT,ABG,ABNB,ABR,ACCO,ACEL,ACOG,ACRS,AENT,AER,AEXA,AFBI,AGNC,AGNT,AHRT,AIN,AIR,AKR,ALG,ALGN,AMCI,AMCX","A,AAON,AAUC,ABEO,ACDC,ACLS,ADEA,ADI,ADUR,AEHR,AEVA,AGMB,AGX,AIP,AIRJ,AIRO,AKAM,AKO-B,ALAB,ALGM,ALM,ALMR,ALMS,ALMU,ALNT,ALOT,ALTO,AMAT,AMBQ,AMD,AMKR,AMLX,QQQ"
2026-06-03 16:45:00+00:00,L1283,L1274,decay,maturity,0.6235659848936043,0.760468387364828,1,ACET,7,ACET-AEM;ACET-AFRM;ACHR-AER;ADSK-AER;AEM-AKR;AENT-ALAR;AER-AGPU,0.004573073820210993,2.34730100504157,0.014634146341463414,1.0042306848891418,"AAMI,AAPG,AAT,ACCO,ACET,ACOG,ACRS,ACTG,AENT,AER,AFBI,AHRT,AKR,ALGN,AMCI","AA,AAL,AAOI,AARD,ABAT,ABCL,ABSI,ACB,ACHR,ACHV,ACM,ACMR,ACN,ACR,ADBE,ADPT,ADSK,ADTN,ADUR,AEM,AEO,AERO,AEVA,AEYE,AFRM,AG,AGCC,AGL,AGPU,AI,AIOT,AIRO,AIRS,AKAM,ALAR,ALB,ALGT,ALK,ALKT,ALLT,ALOY,AMAN,AMBA,AMBQ,AMCR"
2026-06-03 17:00:00+00:00,L1274,L1273,maturity,maturity,0.4537688389793292,0.2906330255845555,0,,1,AGCO-AMCR,-2.639065496623516e-05,0.6931471805599453,0.019182948490230906,0.3994847967826864,"AA,AAL,AAOI,AARD,ABAT,ABCL,ABSI,ACB,ACET,ACHR,ACHV,ACM,ACMR,ADBE,ADSK,ADTN,AEM,AEO,AERO,AEYE,AFRM,AG,AGCC,AGI,AGL,AGPU,AI,AIAI,AIOT,AIRO,AIRS,ALAR,ALB,ALGT,ALK,ALKT,ALLT,ALOY,ALRM,AMAN,AMBA,AMBQ,AMCR","AACP,AAPL,ABBV,ABT,ABUS,ABVX,ACA,ACAD,ACGC,ACGL,ACHC,ACI,ACNB,ACNT,ACT,AD,ADAG,ADC,ADM,ADSE,AEC,AEE,AEIS,AEP,AES,AESI,AFG,AFL,AFRI,AGCO,AGEN,AGIO,AGO,AGRO,AHCO,AHR,AIG,AIT,AIZ,AKO-B,AKTS,ALC,ALCO,ALH,ALHC,ALKS,ALL,ALLE,ALMR,ALNY,ALSN,ALTG,AM,AMGN,AMH"
2026-06-03 17:15:00+00:00,L1273,L1279,maturity,maturity,0.48285906674233925,0.604965778679174,2,A;ALTO,6,ABUS-AMLX;ACDC-AIT;ADM-AESI;AEIS-ALNT;AENT-AMLX;ALH-AMKR,0.0025598639622330666,2.420900111231339,0.031395348837209305,0.9362817837598701,"A,AACP,AAPL,ABBV,ABT,ABUS,ABVX,ACA,ACAD,ACGL,ACHC,ACI,ACNB,ACNT,ACT,AD,ADAG,ADC,ADM,ADSE,AEC,AEE,AEIS,AENT,AEP,AES,AEXA,AFG,AFL,AFRI,AGCO,AGEN,AGIO,AGO,AGRO,AHCO,AHR,AIT,AIZ,AKO-B,AKTS,ALC,ALCO,ALH,ALHC,ALKS,ALL,ALMR,ALNY,ALSN,ALTG,ALTO,AM,AMCI,AME,AMGN,AMH","AAON,AAUC,ABEO,ACDC,ACLS,ADEA,ADI,ADUR,AEHR,AESI,AEVA,AGMB,AGX,AIP,AIRG,AIRJ,AKAM,ALAB,ALGM,ALM,ALMS,ALMU,ALNT,ALOT,AMAT,AMD,AMKR,AMLX,QQQ"
2026-06-03 17:15:00+00:00,L1273,L1284,maturity,confirmation,0.48285906674233925,0.5612543653232253,0,,3,A-AIR;ACNB-AFJK;AIV-AKO-B,0.0011581630096770823,1.4148371865015161,0.014705882352941176,0.6691492085979895,"A,AACP,AAPL,ABBV,ABT,ABUS,ABVX,ACA,ACAD,ACGL,ACHC,ACI,ACNB,ACNT,ACT,AD,ADAG,ADC,ADM,ADSE,AEC,AEE,AEIS,AENT,AEP,AES,AEXA,AFG,AFL,AFRI,AGCO,AGEN,AGIO,AGO,AGRO,AHCO,AHR,AIT,AIZ,AKO-B,AKTS,ALC,ALCO,ALH,ALHC,ALKS,ALL,ALMR,ALNY,ALSN,ALTG,ALTO,AM,AMCI,AME,AMGN,AMH","ABG,ABM,ABX,ACIW,ACN,ACR,ACRE,ACVA,ADMA,ADP,ADSK,ADT,AFCG,AFJK,AFYA,AGYS,AII,AIIR,AIN,AIOT,AIR,AIV,ALKT,ALLY,ALRM,AMN,AMPG"
2026-06-03 17:45:00+00:00,L1285,L1279,maturity,maturity,0.49366826846883816,0.7868921881614905,0,,2,ADAM-AIRJ;AGNC-AKR,0.0008914088539313525,1.1278930216348682,0.03130434782608695,0.6708370445717287,"AAMI,AAT,ABG,ABNB,ABR,ACCO,ACEL,ACOG,ACRE,ACRS,ACTG,ADAM,ADNT,ADP,ADT,AENT,AER,AFBI,AFJK,AGM,AGNT,AHRT,AIN,AIR,AKO-B,AKR,ALCO,ALG,ALGN,ALH,ALLY,ALRS,AMAL,AMBP,AMCX,AMPH","AAON,AAUC,ABEO,ACDC,ACLS,ADEA,ADI,ADUR,AEHR,AEVA,AGMB,AGNC,AGX,AIP,AIRG,AIRJ,AKAM,ALAB,ALGM,ALM,ALMS,ALMU,ALNT,ALOT,AMAT,AMBQ,AMD,AMKR,AMLX,QQQ"
2026-06-03 18:00:00+00:00,L1278,L1274,maturity,expansion,1.2718892314393553,0.8054265386158828,16,ABM;ABX;ACIW;ACM;ACN;ACRE;ACVA;ADT;AFCG;AFJK;AGYS;AII;AIIR;AIV;ALRM;AMN,17,ABCB-AMPG;ABX-ACHV;ACHV-ALMR;ACIW-ADSK;ACIW-AIRS;ACIW-ALLT;ACM-AEO;ACM-AI;ACVA-AIRS;ADSK-ALRM;AEBI-AERO;AEG-AFRM;AGPU-AIV;AIAI-AMG;AIOT-AIV;AIOT-ALRM;AIV-ALGT,0.003710067772772163,3.919415747194839,0.016783216783216783,1.6055661503327636,"AAP,ABCB,ABEV,ABM,ABX,ACIC,ACIW,ACM,ACN,ACRE,ACU,ACVA,ADMA,ADNT,ADT,ADUS,ADV,AEBI,AEG,AFCG,AFJK,AFYA,AGYS,AII,AIIR,AIV,AJG,AKO-B,ALMR,ALRM,ALRS,ALV,ALVO,ALX,AMBP,AMG,AMN,AMP","AA,AAL,AAOI,AARD,ABAT,ABCL,ABSI,ACB,ACET,ACHR,ACHV,ACMR,ACR,ADBE,ADPT,ADSK,ADTN,AEM,AEO,AERO,AEYE,AFRM,AG,AGCC,AGI,AGL,AGPU,AI,AIAI,AIOT,AIRO,AIRS,ALAR,ALB,ALGT,ALK,ALKT,ALLT,ALOY,AMAN,AMBA,AMCR,AMPG"
2026-06-03 18:15:00+00:00,L1274,L1279,expansion,maturity,0.9349706236939263,1.081696827940117,2,AFJK;AGPU,10,AARD-AGMB;ACHR-ADUR;ACM-ADUR;ADEA-ADTN;ADSK-ALM;ADTN-AIP;AEHR-AGPU;AEVA-AGPU;AEVA-ALLT;AMAN-AMBA,0.0020040234667249024,2.7213218976777234,0.031123919308357346,1.2899992978058972,"AA,AAL,AAOI,AARD,ABAT,ABCL,ABM,ABSI,ABX,ACB,ACET,ACHR,ACHV,ACIW,ACM,ACMR,ACN,ACR,ACRE,ACVA,ADBE,ADPT,ADSK,ADT,ADTN,AEM,AEO,AERO,AEYE,AFCG,AFJK,AFRM,AG,AGCC,AGI,AGL,AGPU,AGYS,AI,AIAI,AII,AIIR,AIOT,AIRO,AIRS,AIV,ALAR,ALB,ALGT,ALK,ALKT,ALLT,ALOY,ALRM,AMBA,AMCR,AMN,AMPG","A,AAON,AAUC,ABEO,ACLS,ADEA,ADI,ADUR,AEHR,AEVA,AGMB,AGNC,AGX,AIP,AIRG,AIRJ,AKAM,ALAB,ALGM,ALM,ALMS,ALMU,ALNT,ALOT,ALTO,AMAN,AMAT,AMBQ,AMD,AMKR,AMLX,QQQ"
2026-06-03 18:30:00+00:00,L1279,L1278,expansion,expansion,1.624894236219511,0.4642702929113514,2,AFJK;AGPU,0,,0.002665912004886195,1.661383322241002,0.012676056338028168,1.0439965977502135,"A,AAON,AAUC,ABEO,ACDC,ACLS,ACRS,ADAM,ADEA,ADI,ADUR,AEHR,AENT,AEVA,AFJK,AGMB,AGNC,AGPU,AGX,AIP,AIRG,AIRJ,AKAM,ALAB,ALGM,ALH,ALM,ALMR,ALMS,ALMU,ALNT,ALOT,ALTO,AMAN,AMAT,AMBQ,AMD,AMKR,AMLX,QQQ","AAP,ABCB,ABEV,ABM,ABR,ABX,ACIC,ACIW,ACM,ACN,ACRE,ACU,ACVA,ADMA,ADNT,ADUS,ADV,AEBI,AEG,AFCG,AFYA,AGI,AGL,AGYS,AIAI,AIG,AII,AIIR,AIOT,AIRS,AIV,AJG,ALAR,ALKT,ALRM,ALRS,ALV,ALVO,ALX,AMBP,AMG,AMN,AMP,AMPG"
2026-06-03 18:45:00+00:00,L1274,L1285,maturity,expansion,0.4223067199513961,0.31909802028953677,0,,9,ABG-AEM;ABNB-ADSK;ABNB-AEO;ABSI-AER;ACOG-AGCC;ACRS-AEYE;ADAM-ALK;ADBE-AIR;AGI-AIR,0.0021779528178740293,2.324130835650885,0.01442885771543086,0.8056184596423158,"AA,AAL,AAOI,AARD,ABAT,ABCL,ABSI,ACB,ACET,ACHR,ACMR,ACR,ADBE,ADPT,ADSK,ADTN,AEM,AEO,AERO,AEYE,AFRM,AG,AGCC,AGI,AI,AIAI,AIRO,ALB,ALGT,ALK,ALKT,ALLT,ALOY,AMBA,AMCR","AAMI,AAT,ABG,ABNB,ABR,ACCO,ACEL,ACOG,ACRE,ACRS,ACTG,ADAM,ADP,ADT,AENT,AER,AFBI,AFYA,AGM,AGNC,AGNT,AHRT,AIN,AIR,AKO-B,AKR,ALG,ALH,ALLE,ALLY,AMAL,AMAN,AMCX,AMPH"
2026-06-03 19:00:00+00:00,L1279,L1274,maturity,maturity,0.3781673996856144,0.880985547868448,0,,11,A-ALK;AAL-AGX;ABEO-AEVA;ACHR-ALAB;ACHV-ALMR;ADEA-ADTN;ADEA-AEYE;ADTN-AIP;AEVA-ALM;AEVA-ALOT;AKAM-AMBQ,0.000516582018462941,2.4892022605809867,0.011634349030470913,1.001791601766036,"A,AAON,AAUC,ABEO,ACLS,ADEA,ADI,AEHR,AFJK,AGMB,AGX,AIP,AIRG,AIRJ,AKAM,ALAB,ALGM,ALM,ALMR,ALMS,ALMU,ALNT,ALOT,ALTO,AMAT,AMD,AMKR,AMLX,QQQ","AA,AAL,AAOI,AARD,ABAT,ABCL,ABSI,ACB,ACET,ACHR,ACHV,ACMR,ACR,ADBE,ADSK,ADTN,ADUR,AEO,AERO,AEVA,AEYE,AFRM,AG,AGPU,AI,AIOT,AIRO,ALB,ALGT,ALK,ALLT,ALOY,AMBA,AMBQ,AMCR"
2026-06-03 19:45:00+00:00,L1274,L1278,maturity,expansion,0.7139608339116077,0.4753539388798227,0,,29,AA-AIV;AAOI-AAP;AAOI-ALAR;AAP-ACMR;AAP-ADTN;AAP-ALB;AAP-AMBA;AARD-ABM;ABNB-ALKT;ABNB-ALRM;ABNB-AMN;ABSI-ALRM;ACET-ADUS;ACMR-AIV;ACR-AGO;ADBE-AIR;ADPT-AIR;ADPT-AJG;ADTN-AIV;ADTN-ALAR;ADUS-AEM;AEM-ALVO;AEO-AIR;AFRM-AIR;AGCC-AMBA;AGPU-ALB;AIV-ALOY;AIV-AMBA;ALB-ALV,0.004347872454673052,3.415586271465312,0.011267605633802818,1.2123811405488276,"AA,AAL,AAOI,AARD,ABAT,ABCL,ABNB,ABSI,ACB,ACET,ACHR,ACMR,ACN,ACR,ADBE,ADPT,ADSK,ADTN,AEM,AEO,AER,AERO,AEYE,AFRM,AG,AGI,AI,AIRO,ALB,ALGT,ALK,ALLT,ALOY,AMBA,AMBQ,AMCR","AAP,ABCB,ABEV,ABM,ABX,ACHV,ACIC,ACIW,ACM,ACU,ACVA,ADMA,ADUS,ADV,AEBI,AEG,AFYA,AGCC,AGL,AGO,AGPU,AGYS,AIAI,AIG,AII,AIIR,AIOT,AIR,AIRS,AIV,AJG,ALAR,ALKT,ALMR,ALRM,ALRS,ALV,ALVO,ALX,AMBP,AMG,AMN,AMP"
2026-06-04 13:45:00+00:00,L1286,L1279,confirmation,maturity,0.6020962037050126,0.7935952996539487,0,,1,AER-ALV,0.0043679430382326245,0.8906833655917071,0.04576271186440678,0.6482426991852762,"AAPG,ABG,ABT,ACB,ACGL,ACHC,ACN,ACNT,ACTG,AD,ADAG,ADBE,ADP,ADSK,AEM,AER,AERO,AG,AGBK,AGEN,AGI,AGL,AGNC,AIT,AKR,ALC,ALHC,ALKS,AM,AMAN,AMCR","AA,AAOI,AAON,AAP,ABAT,ABUS,ACDC,ACHR,ACLS,ACMR,ACOG,ADEA,ADI,ADM,ADTN,ADUR,AEHR,AEIS,AESI,AEVA,AEYE,AGCC,AGMB,AGPU,AGRO,AGX,AI,AIAI,AIP,AIV,AKAM,ALAB,ALAR,ALB,ALGM,ALM,ALMU,ALNT,ALOT,ALOY,ALSN,ALV,AMAT,AMBA,AMBQ,AMD,AMKR,QQQ"
2026-06-04 14:15:00+00:00,L1288,L1279,maturity,maturity,0.551515538623197,0.7904799441579808,0,,10,ABAT-ALTO;ACU-AFBI;AEC-AGCC;AES-ALV;AEXA-AII;AFBI-AIIR;AFBI-ALRS;AGMB-ALTO;AGX-AIIR;AI-AIRJ,0.0043008283246308565,2.4362487247151137,0.0456338028169014,1.0185058964356668,"AARD,AAT,ABCB,ABCL,ABEO,ABSI,ACIC,ACNB,ACR,ACRE,ACRS,ACU,ADAM,ADPT,ADV,AEC,AES,AFCG,AFJK,AFRM,AFYA,AGCO,AGEN,AGIO,AGNC,AGPU,AII,AIIR,AIOT,AIRG,AIRJ,AIRO,AIRS,AKO-B,AKTS,ALGT,ALHC,ALLT,ALMR,ALMS,ALRS,ALTO,ALVO,AMAL,AMCI,AMH,AMPG","AA,AAOI,AAON,AAP,ABAT,ABUS,ACDC,ACHR,ACLS,ACMR,ACOG,ADEA,ADI,ADM,ADTN,ADUR,AEHR,AEIS,AESI,AEVA,AEXA,AEYE,AFBI,AGCC,AGMB,AGRO,AGX,AI,AIAI,AIP,AIV,AKAM,ALAB,ALAR,ALB,ALGM,ALM,ALMU,ALNT,ALOT,ALOY,ALSN,ALV,AMAT,AMBA,AMBQ,AMD,AMKR,QQQ"
2026-06-04 14:45:00+00:00,L1290,L1279,maturity,maturity,0.8749077948134707,0.7840749080549703,0,,2,ACA-AGPU;AFRI-AGPU,0.005540020589251071,1.2680743090584334,0.04550561797752809,0.8215392308217699,"AAL,AAPG,ABBV,ABM,ABVX,ACA,ACAD,ACET,ACGC,ACHC,ACHV,ACIW,ACM,ACRS,ADAG,ADMA,ADNT,ADSK,AENT,AEO,AER,AERO,AFRI,AG,AGCO,AGEN,AGI,AGIO,AGO,AII,AIR,AIRO,AIT,ALG,ALGT,ALK,ALKT,ALLE,ALRM,AMCR,AMCX,AME,AMG,AMLX","AA,AAOI,AAON,AAP,ABAT,ABUS,ACDC,ACHR,ACLS,ACMR,ACOG,ADEA,ADI,ADM,ADSE,ADTN,ADUR,AEHR,AEIS,AESI,AEVA,AEXA,AEYE,AFBI,AGCC,AGPU,AGRO,AGX,AI,AIAI,AIP,AIV,AKAM,ALAB,ALAR,ALB,ALGM,ALM,ALMU,ALNT,ALOT,ALOY,ALSN,ALV,AMAT,AMBA,AMBQ,AMD,AMKR,QQQ"
2026-06-04 15:30:00+00:00,L1288,L1292,expansion,expansion,0.6197609612545895,0.5163360566344076,0,,17,AAMI-AENT;ABEO-ADNT;ABEO-AMG;ABT-AIRS;ACEL-ACTG;ACET-AFL;ACI-ACRS;ACRE-ADAM;ACTG-ALLY;ADMA-AEG;ADPT-AJG;ADUS-AFCG;AFRM-ALLY;AGNC-ALLY;AIRG-AMCX;AIRS-ALCO;ALGN-AMN,0.0014643188915215433,2.8984739512551294,0.015217391304347827,1.0677302018761337,"AARD,AAT,ABCB,ABCL,ABEO,ABSI,ACET,ACGC,ACHV,ACIC,ACNB,ACR,ACRE,ACRS,ACT,ACTG,ACU,ADMA,ADPT,ADV,AEC,AENT,AEO,AES,AFBI,AFCG,AFJK,AFRM,AFYA,AGEN,AGIO,AGMB,AGNC,AHCO,AHR,AHRT,AIIR,AIOT,AIR,AIRG,AIRJ,AIRS,AKO-B,AKR,AKTS,ALHC,ALLT,ALMR,ALMS,ALNY,ALRS,ALTO,ALVO,ALX,AMCI,AMH,AMN,AMPG","A,AACP,AAMI,AAPL,AAUC,ABBV,ABEV,ABG,ABT,ACEL,ACI,ACM,ACN,ADAM,ADC,ADNT,ADT,ADUS,AEBI,AEG,AFG,AFL,AGBK,AGM,AGO,AIG,AIZ,AJG,ALC,ALCO,ALGN,ALL,ALLY,AM,AMAL,AMAN,AMBP,AMCX,AMG,AMP"
2026-06-04 16:30:00+00:00,L1279,L1288,maturity,maturity,0.19606330260402355,0.48911618757985786,1,ABAT,13,AAP-ACGC;ABAT-AIOT;ABUS-AKTS;ACOG-ACRE;ACU-ADSE;ACU-AMBQ;ADTN-AFYA;AEC-AGCC;AEC-ALOT;AFYA-AGCC;AFYA-ALOT;AGRO-AKO-B;AKO-B-ALB,0.0017450922168791294,2.7834364981453703,0.013986013986013986,0.9035108736894091,"AA,AAOI,AAON,AAP,ABAT,ABUS,ACDC,ACHR,ACLS,ACMR,ACOG,ADEA,ADI,ADM,ADSE,ADTN,ADUR,AEHR,AEIS,AESI,AEVA,AEXA,AEYE,AGCC,AGPU,AGRO,AGX,AI,AIAI,AIP,AIV,AKAM,ALAB,ALAR,ALB,ALGM,ALM,ALMU,ALNT,ALOT,ALOY,ALSN,ALV,AMAT,AMBA,AMBQ,AMD,AMKR,AMPG,QQQ","AAT,ABCL,ABEO,ABSI,ACGC,ACNB,ACRE,ACU,ADMA,ADPT,ADV,AEC,AEO,AES,AFBI,AFRI,AFRM,AFYA,AGCO,AGEN,AGIO,AGMB,AIIR,AIOT,AIRG,AIRJ,AIRS,AKO-B,AKTS,ALLT,ALMR,ALRS,ALVO"
2026-06-04 16:45:00+00:00,L1297,L1279,expansion,maturity,0.5976069886002799,0.809379712535985,0,,2,AACP-ACDC;AFYA-AIT,0.003313943510875106,1.2033909404022047,0.04550561797752809,0.7297695881380599,"A,AACP,AAMI,AAPG,AAPL,ABEV,ABG,ABM,ABNB,ABT,ABVX,ACAD,ACB,ACCO,ACEL,ACGL,ACIW,ACN,ACNT,ACT,ACVA,AD,ADAG,ADC,ADP,ADSK,ADT,ADUS,AEBI,AEE,AEG,AEM,AEP,AER,AFG,AG,AGBK,AGI,AGL,AGM,AGNT,AHR,AHRT,AIG,AIT,AIZ,ALC,ALGN,ALH,ALKS,ALKT,ALL,ALLE,ALRM,ALTG,ALX,AM,AMBP,AMCR,AMCX,AMGN,AMLX,AMPH","AA,AAOI,AAON,AAP,ABUS,ACDC,ACGC,ACHR,ACLS,ACMR,ADEA,ADI,ADM,ADSE,ADTN,ADUR,AEHR,AEIS,AESI,AEVA,AEXA,AEYE,AFYA,AGCC,AGPU,AGRO,AGX,AI,AIAI,AIP,AIV,AKAM,ALAB,ALAR,ALB,ALGM,ALM,ALMU,ALNT,ALOT,ALOY,ALSN,ALV,AMAT,AMBA,AMBQ,AMD,AMKR,AMPG,QQQ"
2026-06-04 17:00:00+00:00,L1297,L1279,decay,maturity,0.7034290967083909,0.5279906864111124,0,,1,AKO-B-ALOY,0.004311377822887152,0.8883593709342764,0.045251396648044694,0.5983034871666268,"AAPG,AAPL,ABNB,ABR,ABX,ACAD,ACB,ACCO,ACGL,ACIW,ACN,ACNT,ACT,ACVA,ADAG,ADBE,ADC,ADP,ADSK,ADT,ADUS,AEBI,AEG,AER,AGM,AGNT,AHR,AHRT,AIR,AKO-B,ALH,ALKS,ALKT,ALLE,ALNY,ALRM,ALTG,ALX,AMAN,AMGN,AMLX,AMN,AMPH","AA,AAOI,AAON,AAP,ABAT,ABUS,ACDC,ACHR,ACLS,ACMR,ACOG,ADEA,ADI,ADM,ADSE,ADTN,ADUR,AEHR,AEIS,AESI,AEVA,AEXA,AEYE,AFRI,AGCC,AGMB,AGPU,AGRO,AGX,AI,AIAI,AIP,AIV,AKAM,ALAB,ALAR,ALB,ALGM,ALM,ALMU,ALNT,ALOT,ALOY,ALSN,ALV,AMAT,AMBA,AMBQ,AMD,AMKR,AMPG,QQQ"
2026-06-04 17:15:00+00:00,L1288,L1279,maturity,maturity,0.4509314203215911,0.25267397887969345,0,,9,AACP-ACHR;AACP-ALOT;ABUS-AES;ACDC-AEC;AFCG-AGMB;AGMB-AKR;AGMB-ALMR;AGMB-AMH;ALLT-AMBQ,0.0028386354097165167,2.33057602025412,0.04512534818941504,0.8004944270523275,"AACP,AARD,AAT,ABCB,ABCL,ABEO,ABSI,ACGC,ACIC,ACNB,ACR,ACRE,ACU,ADMA,ADPT,ADV,AEC,AEO,AES,AFBI,AFCG,AFRM,AGCO,AGEN,AGIO,AGNC,AGYS,AHCO,AIIR,AIOT,AIRG,AIRJ,AIRS,AKR,AKTS,ALHC,ALLT,ALMR,ALMS,ALRS,ALVO,AMCI,AMH","AA,AAOI,AAON,AAP,ABAT,ABUS,ACDC,ACHR,ACLS,ACMR,ACOG,ADEA,ADI,ADM,ADSE,ADTN,ADUR,AEHR,AEIS,AESI,AEVA,AEXA,AEYE,AFRI,AFYA,AGCC,AGMB,AGPU,AGRO,AGX,AI,AIAI,AIP,AIV,AKAM,ALAB,ALAR,ALB,ALGM,ALM,ALMU,ALNT,ALOT,ALOY,ALSN,ALV,AMAT,AMBA,AMBQ,AMD,AMKR,AMPG,QQQ"
2026-06-04 17:30:00+00:00,L1306,L1279,decay,maturity,0.7647983713563187,0.4433959931527448,0,,2,AFRI-AII;AFRI-ALK,0.0016505797393620014,1.1521713726278129,0.0453781512605042,0.6573078751987479,"AAL,ABG,ABT,ACA,ACHC,ACNT,AD,AEE,AEM,AEP,AER,AG,AGI,AII,AIN,AIRO,AIT,ALG,ALGT,ALK,ALKS,ALTO,ALX,AMBP,AMCR,AME","AA,AAOI,AAON,AAP,ABUS,ACDC,ACHR,ACLS,ACMR,ACOG,ADEA,ADI,ADM,ADSE,ADTN,ADUR,AEHR,AEIS,AESI,AEVA,AEXA,AEYE,AFRI,AFYA,AGCC,AGPU,AGRO,AGX,AI,AIAI,AIP,AIV,AKAM,ALAB,ALAR,ALB,ALGM,ALM,ALMU,ALNT,ALOT,ALOY,ALSN,ALV,AMAT,AMBA,AMBQ,AMD,AMKR,AMPG,QQQ"
2026-06-04 18:00:00+00:00,L1307,L1279,expansion,maturity,0.8646436550482957,1.1518450991229356,1,AFRI,0,,0.0026361250784248114,1.1828347130944203,0.04576271186440678,0.9075197113046356,"AAL,AAMI,AAUC,ABBV,ABM,ABT,ACA,ACCO,ACEL,ACET,ACHV,ACI,ACM,ACTG,ACVA,ADMA,ADNT,AEG,AENT,AFL,AFRI,AG,AGNT,AGO,AIG,AJG,ALC,ALG,ALGT,ALK,ALKT,ALLY,ALTO,AMAL,AMBP,AMCR,AMCX,AME,AMG,AMP","AA,AAOI,AAON,AAP,ACDC,ACHR,ACLS,ACMR,ACOG,ADEA,ADI,ADM,ADSE,ADTN,ADUR,AEHR,AEIS,AESI,AEVA,AEXA,AEYE,AFYA,AGCC,AGMB,AGPU,AGRO,AGX,AIAI,AIP,AIV,AKAM,ALAB,ALAR,ALB,ALGM,ALM,ALMU,ALNT,ALOT,ALOY,ALSN,ALV,AMAT,AMBA,AMBQ,AMD,AMKR,QQQ"
2026-06-04 18:15:00+00:00,L1288,L1297,decay,expansion,0.046048952486834285,0.4249163800188105,2,AGYS;ALMS,22,AAPL-ACR;AARD-AHRT;ABCB-AMGN;ABNB-AFRM;ABNB-AGYS;ACAD-ACHV;ACCO-ACGC;ACEL-AIRS;ACGC-AMLX;ACHC-AGI;ACIC-ADBE;ACRE-ACVA;ACVA-AFRM;ACVA-AGIO;ADBE-AHCO;ADPT-AMN;AGEN-AMP;AGIO-AMP;AIR-ALMS;AIRS-AMAN;AIRS-AMP;AKR-ALHC,-0.0009251846931874752,3.295836866004329,0.017727272727272727,0.9679079071618666,"AACP,AARD,AAT,ABAT,ABCB,ABCL,ABEO,ABSI,ACGC,ACHC,ACHV,ACIC,ACNB,ACR,ACRE,ACRS,ACU,ADAM,ADPT,ADV,AEC,AEO,AES,AFBI,AFRM,AGCO,AGEN,AGIO,AGMB,AGNC,AGYS,AHCO,AII,AIIR,AIOT,AIRG,AIRJ,AIRO,AIRS,AKTS,ALHC,ALLT,ALMR,ALMS,ALRS,ALVO,AMCI,AMH","AAMI,AAPG,AAPL,AAUC,ABEV,ABG,ABNB,ABR,ABX,ACAD,ACB,ACCO,ACEL,ACGL,ACIW,ACN,ACNT,ACT,ACVA,AD,ADAG,ADBE,ADC,ADP,ADSK,ADT,ADUS,AEBI,AEE,AEG,AEM,AENT,AEP,AER,AFCG,AGBK,AGI,AGL,AGM,AGNT,AHR,AHRT,AIR,AIT,AKO-B,AKR,ALH,ALKS,ALKT,ALL,ALLE,ALNY,ALRM,ALTG,ALX,AM,AMAN,AMGN,AMLX,AMN,AMP,AMPH"
2026-06-04 18:45:00+00:00,L1297,L1279,decay,maturity,0.5248600236184859,0.2971912739079551,0,,1,ACCO-ADSE,-0.000526773976162076,0.6931471805599453,0.0456338028169014,0.42674725482045384,"A,AAPG,AAPL,ABEV,ABNB,ACAD,ACCO,ACGL,ACIW,ACN,ACT,ACVA,ADAG,ADBE,ADC,ADP,ADSK,ADT,ADUS,AEBI,AEG,AENT,AGBK,AGM,AGNT,AHR,AHRT,AIR,AIZ,AKO-B,ALCO,ALGN,ALH,ALKT,ALL,ALLE,ALRM,ALTG,AM,AMAN,AMGN,AMLX,AMN,AMPH","AA,AAOI,AAON,AAP,ACDC,ACHR,ACLS,ACMR,ACOG,ADEA,ADI,ADM,ADSE,ADTN,ADUR,AEHR,AEIS,AESI,AEVA,AEXA,AEYE,AFRI,AFYA,AGCC,AGMB,AGPU,AGRO,AGX,AIAI,AIP,AIV,AKAM,ALAB,ALAR,ALB,ALGM,ALM,ALMU,ALNT,ALOT,ALOY,ALSN,ALV,AMAT,AMBA,AMBQ,AMD,AMKR,QQQ"
2026-06-04 19:15:00+00:00,L1288,L1279,expansion,maturity,0.9473985755534284,0.9961739215919468,4,ABUS;AGPU;AI;AMPG,13,AAP-ACGC;ABAT-ACDC;ABAT-ADUR;ABUS-ALOY;ACMR-ALLT;ACNB-AFRI;ADV-AFRI;ADV-ALSN;AFCG-AFRI;AFYA-AI;AGMB-AMH;AGX-AIRG;AMBQ-AMPG,0.001993502490222454,3.1000630203878545,0.04576271186440678,1.3649519110202373,"AARD,AAT,ABAT,ABCB,ABCL,ABEO,ABSI,ABUS,ACGC,ACHC,ACIC,ACNB,ACRE,ACRS,ACU,ADAM,ADPT,ADV,AEC,AENT,AEO,AES,AFBI,AFCG,AFJK,AFRM,AGCO,AGIO,AGNC,AGPU,AGYS,AHRT,AI,AII,AIIR,AIOT,AIRG,AIRJ,AIRO,AIRS,AKR,AKTS,ALHC,ALLT,ALMR,ALMS,ALRS,ALTO,ALVO,AMAL,AMCI,AMH,AMN,AMPG","AA,AAOI,AAON,AAP,ACDC,ACHR,ACLS,ACMR,ACOG,ADEA,ADI,ADM,ADSE,ADTN,ADUR,AEHR,AEIS,AESI,AEVA,AEXA,AEYE,AFRI,AFYA,AGCC,AGMB,AGRO,AGX,AIAI,AIP,AIV,AKAM,ALAB,ALAR,ALB,ALGM,ALM,ALMU,ALNT,ALOT,ALOY,ALSN,ALV,AMAT,AMBA,AMBQ,AMD,AMKR,QQQ"
2026-06-05 13:45:00+00:00,L1318,L1279,confirmation,maturity,1.0032882563798813,0.4751213888592434,3,ABCL;AERO;ALSN,27,A-ALSN;ABCL-AEIS;ABCL-AMAT;ABCL-AMG;ABVX-AGCO;ACHV-ACMR;ACRE-ADAG;ADAG-AIRS;ADM-AME;ADM-AMKR;ADNT-ALV;AEYE-AIRO;AEYE-ALAB;AEYE-ALAR;AFRM-AMCI;AGEN-ALNT;AI-AII;AI-AMCI;AIAI-AIOT;AII-AMLX;AIR-ALNT;AIRS-AMD;ALGM-ALSN;ALKS-AMLX;ALSN-AMAT;ALSN-AMG;AMG-AMP,0.003702156594954431,3.537190365485509,0.03989361702127659,1.333804527496306,"AAL,AAT,ABCL,ABEO,ABG,ABR,ABUS,ABVX,ABX,ACA,ACB,ACET,ACHC,ACHV,ACIW,ACRE,ACRS,ACTG,ACU,ACVA,ADAM,ADBE,ADM,ADNT,ADSK,AEO,AERO,AEYE,AFJK,AGBK,AGEN,AGIO,AGNC,AGNT,AGRO,AGYS,AHRT,AII,AIN,AIOT,AIR,AIRS,AIV,ALG,ALGT,ALHC,ALKS,ALKT,ALMR,ALNY,ALRS,ALSN,AMCI,AMN,AMP","A,AA,AAMI,AAOI,AAON,AAPG,AARD,ABAT,ABSI,ACDC,ACHR,ACLS,ACMR,ACR,ADAG,ADEA,ADI,ADPT,ADTN,ADUR,AEC,AEHR,AEIS,AEM,AENT,AESI,AEVA,AEXA,AFRM,AG,AGCC,AGCO,AGI,AGL,AGMB,AGPU,AI,AIAI,AIP,AIRG,AIRJ,AIRO,AKAM,ALAB,ALAR,ALB,ALGM,ALH,ALLT,ALM,ALMU,ALNT,ALOT,ALOY,ALTO,ALV,ALVO,ALX,AMAT,AMBA,AMBQ,AMD,AME,AMG,AMKR,AMLX,AMPG,QQQ"
2026-06-05 14:00:00+00:00,L1317,L1279,expansion,maturity,0.6499365560294571,0.955233826752903,0,,5,ACOG-AMLX;ADPT-AEG;ADPT-ALLE;AEG-ALSN;AFYA-ALVO,0.005253298790194094,1.875691508102394,0.040214477211796246,0.9565061634420758,"AAP,AAPL,AAUC,ABBV,ABCB,ABEV,ABM,ABNB,ABT,ACAD,ACB,ACCO,ACEL,ACGL,ACHC,ACI,ACIC,ACN,ACOG,ACT,ADC,ADMA,ADP,ADT,ADUS,AEE,AEG,AEO,AEP,AER,AES,AFBI,AFG,AFL,AFYA,AGIO,AGM,AGO,AHCO,AHR,AHRT,AIG,AIN,AIT,AIV,AIZ,AJG,AKR,ALC,ALHC,ALK,ALL,ALLE,ALLY,ALMS,ALRM,ALTG,AMAL,AMBP,AMCR,AMCX,AMGN,AMH,AMN,AMPH","A,AA,AAMI,AAOI,AAON,AAPG,AARD,ABAT,ABCL,ABSI,ACDC,ACHR,ACLS,ACMR,ACR,ADEA,ADI,ADPT,ADTN,ADUR,AEC,AEHR,AEIS,AEM,AENT,AERO,AESI,AEVA,AEXA,AFRM,AG,AGI,AGL,AGMB,AGPU,AIP,AIRG,AIRJ,AIRO,AKAM,ALAB,ALAR,ALB,ALGM,ALH,ALLT,ALM,ALMU,ALNT,ALOT,ALOY,ALSN,ALTO,ALV,ALVO,ALX,AMAT,AMBA,AMBQ,AMD,AME,AMG,AMKR,AMLX,QQQ"
2026-06-05 14:30:00+00:00,L1318,L1279,expansion,maturity,0.936502328468011,0.522989994256502,0,,6,ABEO-ALOT;ACHV-ADNT;ACHV-AGBK;AGI-AIRS;AIRG-AMPG;ALH-ALKT,0.005481735919602215,2.0213056256467494,0.041379310344827586,0.9493809997807654,"ABEO,ABG,ABR,ABUS,ABX,ACAD,ACET,ACIW,ACRE,ACRS,ACTG,ACU,ACVA,ADAM,ADBE,ADNT,ADSK,AEO,AEYE,AGBK,AGNC,AGNT,AGRO,AGYS,AIN,AIOT,AIRS,ALG,ALKT,AMCX,AMPG","A,AA,AAMI,AAOI,AAON,AAPG,AARD,ABAT,ABCL,ABSI,ACDC,ACHR,ACHV,ACLS,ACMR,ACR,ADAG,ADEA,ADI,ADM,ADPT,ADTN,ADUR,AEC,AEG,AEHR,AEIS,AEM,AENT,AESI,AEVA,AEXA,AFRM,AG,AGCC,AGEN,AGI,AGL,AGMB,AGPU,AIAI,AIP,AIRG,AIRJ,AIRO,AKAM,ALAB,ALAR,ALB,ALGM,ALH,ALLT,ALM,ALMU,ALNT,ALOT,ALOY,ALSN,ALTO,ALV,ALVO,ALX,AMAT,AMBA,AMBQ,AMD,AME,AMG,AMKR,QQQ"
2026-06-05 14:45:00+00:00,L1318,L1319,maturity,maturity,0.8426928299730497,0.8212468478579242,2,AFJK;ALMR,9,AAP-AHR;ABCB-ALMR;ACAD-AEG;ACOG-ADT;ACU-ALLY;AFJK-AIR;AGNC-ALLY;ALLY-ALMR;ALMR-ALVO,0.0026108177844434977,2.657534273149825,0.013846153846153847,1.1656423947136716,"AAP,ABEO,ABR,ABUS,ABX,ACAD,ACB,ACET,ACIW,ACRE,ACRS,ACTG,ACU,ACVA,ADAM,ADBE,ADNT,ADT,AEO,AEYE,AFJK,AGBK,AGNC,AGNT,AGRO,AGYS,AIN,AIOT,AIRS,ALG,ALKT,ALMR,AMPG","AAL,ABCB,ABVX,ACA,ACOG,ADM,AEG,AER,AERO,AFBI,AFYA,AGM,AGX,AHR,AII,AIR,AIT,AKR,ALGT,ALH,ALK,ALKS,ALLE,ALLY,ALMS,ALRS,ALSN,ALVO,AMAL,AMH,AMLX"
2026-06-05 15:00:00+00:00,L1319,L1317,maturity,maturity,0.977622579362166,0.5953280203962724,14,AAL;AAT;ACOG;AFBI;AGX;AHR;AIR;AIV;AKR;ALK;ALKS;ALMS;ALRS;AMH,21,AAUC-ABCB;AAUC-ALK;AAUC-ALMS;ABBV-AKR;ABM-AKR;ABNB-ALKS;ABT-AGM;ACB-AIV;ACB-ALK;ACCO-ALK;ACOG-AEE;ADC-AFBI;ADMA-AHR;AFL-AGM;AFL-ALMS;AGM-AMPH;AHR-AHRT;AIG-AII;AIG-ALLY;AKR-AMP;ALLE-AMP,0.0035872114822268486,3.9191718146563828,0.0273224043715847,1.455776494247365,"AAL,AAT,ABCB,ABVX,ACA,ACOG,AEG,AERO,AFBI,AFJK,AFYA,AGM,AGX,AHR,AII,AIR,AIT,AIV,AKR,ALGT,ALK,ALKS,ALLE,ALLY,ALMR,ALMS,ALRS,ALSN,AMH,AMLX","AAPL,AAUC,ABBV,ABEV,ABM,ABNB,ABT,ACAD,ACB,ACCO,ACEL,ACGL,ACHC,ACI,ACIC,ACN,ACT,ADC,ADMA,ADP,ADUS,AEE,AEP,AER,AES,AFG,AFL,AGIO,AGO,AHCO,AHRT,AIG,AIZ,AJG,ALC,ALHC,ALL,ALNY,ALRM,ALTG,AMAL,AMBP,AMCR,AMCX,AMGN,AMN,AMP,AMPH"
2026-06-05 15:45:00+00:00,L1318,L1279,expansion,maturity,0.7472541605990779,0.8293558103703718,0,,6,AAPG-ACRS;ACET-ADBE;ACET-AGYS;ACR-AERO;AEG-ALV;AIRG-ALSN,0.0038628379115834832,1.9996247385406416,0.04,0.9788891759259952,"AAP,ABCB,ABEO,ABG,ABR,ABUS,ABX,ACA,ACAD,ACIW,ACM,ACRE,ACRS,ACTG,ACU,ACVA,AD,ADAM,ADBE,ADNT,ADP,AEG,AEO,AER,AERO,AEYE,AFYA,AGBK,AGNC,AGNT,AGRO,AGYS,AIN,AIOT,AIRS,AIT,ALG,ALKT,ALLE,ALLY,ALMR,ALSN,AM,AMAL,AMLX,AMP","A,AA,AAMI,AAOI,AAON,AAPG,AARD,ABAT,ABCL,ABSI,ACDC,ACET,ACHR,ACHV,ACLS,ACMR,ACR,ADEA,ADI,ADPT,ADTN,ADUR,AEC,AEHR,AEIS,AEM,AENT,AESI,AEVA,AEXA,AFRM,AG,AGCC,AGEN,AGI,AGL,AGMB,AGPU,AIAI,AIP,AIRG,AIRJ,AIRO,AKAM,ALAB,ALAR,ALB,ALGM,ALH,ALLT,ALM,ALMU,ALNT,ALOT,ALOY,ALTO,ALV,ALX,AMAT,AMBA,AMBQ,AMD,AME,AMG,AMKR,AMPG,QQQ"
2026-06-05 16:00:00+00:00,L1318,L1317,decay,expansion,0.2629811385938379,0.44956501532235926,1,AGM,32,AAT-AMAL;AAUC-ABCB;ABG-AGRO;ABR-ADBE;ABUS-ACHC;ABUS-AGNT;ABUS-AMCX;ACA-AGX;ACAD-ADUS;ACAD-AMCR;ACB-ADBE;ACCO-AIT;ACCO-ALMR;ACEL-AMAL;ACGL-AGM;ACHC-AGYS;ACIW-AGNT;ACM-ACN;ACM-AJG;ACRE-AGNC;ACRE-ALKT;ACTG-ALKT;ADAM-ADT;ADNT-ALNY;AEE-AFYA;AEE-AM;AFL-AMP;AGM-AIG;AGM-AMPH;AGNC-ALNY;AIN-ALHC;ALC-AM,0.0003647565608844161,3.5563896804185404,0.02882562277580071,1.1071851096958645,"ABCB,ABEO,ABUS,ACA,ACAD,ACIW,ACM,ACRS,ACU,ACVA,ADAM,ADBE,ADNT,AEG,AEO,AER,AERO,AEYE,AFYA,AGBK,AGM,AGNC,AGRO,AGYS,AIN,AIOT,AIRS,AIT,ALG,ALKT,ALLE,ALLY,ALMR,ALSN,AM,AMAL,AMLX,AMP","AAP,AAPL,AAT,AAUC,ABBV,ABEV,ABG,ABM,ABNB,ABR,ABT,ABX,ACB,ACCO,ACEL,ACGL,ACHC,ACI,ACIC,ACN,ACOG,ACRE,ACT,ACTG,ADC,ADMA,ADP,ADSK,ADT,ADUS,AEE,AEP,AES,AFBI,AFG,AFL,AGIO,AGNT,AGO,AGX,AHCO,AHR,AHRT,AIG,AIV,AIZ,AJG,AKR,ALC,ALHC,ALK,ALL,ALNY,ALRM,ALRS,ALTG,AMBP,AMCR,AMCX,AMGN,AMH,AMN,AMPH"
2026-06-05 16:45:00+00:00,L1317,L1279,maturity,maturity,1.0166677524672028,1.295720138299553,0,,1,ADSK-ALX,0.0061337907100096345,0.9606440471995865,0.038709677419354833,0.9396838306428266,"AAPL,AAUC,ABBV,ABEV,ABG,ABM,ABNB,ABR,ABT,ACAD,ACB,ACCO,ACEL,ACGL,ACHC,ACI,ACIC,ACN,ACT,ADC,ADMA,ADP,ADSK,ADT,ADUS,AEE,AEP,AES,AFBI,AFG,AFL,AGIO,AGM,AGNT,AGO,AGX,AHCO,AHR,AHRT,AIG,AIN,AIV,AIZ,AJG,AKR,ALC,ALG,ALHC,ALK,ALL,ALNY,ALRM,ALRS,ALTG,AMAL,AMBP,AMCR,AMCX,AMGN,AMH,AMN,AMP,AMPH","A,AA,AAMI,AAOI,AAON,AAPG,AARD,ABAT,ABCL,ABSI,ACDC,ACHR,ACHV,ACLS,ACMR,ACR,ADEA,ADI,ADPT,ADTN,ADUR,AEC,AEHR,AEIS,AEM,AENT,AESI,AEVA,AFRM,AG,AGEN,AGI,AGL,AGMB,AGPU,AIP,AIRG,AIRJ,AIRO,AKAM,ALAB,ALAR,ALB,ALGM,ALH,ALLT,ALM,ALMU,ALNT,ALOY,ALTO,ALV,ALVO,ALX,AMAT,AMBA,AMBQ,AMD,AME,AMG,AMKR,AMPG,QQQ"
2026-06-05 17:30:00+00:00,L1279,L1318,maturity,expansion,0.9403719857176239,0.7137617023066926,0,,4,AAPG-ACET;ACDC-ACET;ADNT-AIRO;ADNT-QQQ,0.0016554325120523572,1.6420102763640203,0.014634146341463414,0.9089377974495194,"A,AA,AAMI,AAOI,AAON,AAPG,AARD,ABAT,ABCL,ABSI,ACDC,ACHR,ACHV,ACLS,ACMR,ACR,ADEA,ADI,ADPT,ADTN,ADUR,AEC,AEHR,AEIS,AEM,AENT,AESI,AEVA,AEXA,AFRM,AG,AGCC,AGEN,AGI,AGL,AGMB,AGPU,AIP,AIRG,AIRJ,AIRO,AKAM,ALAB,ALAR,ALB,ALGM,ALH,ALLT,ALM,ALMU,ALNT,ALOT,ALOY,ALTO,ALV,ALX,AMAT,AMBA,AMBQ,AMD,AME,AMG,AMKR,AMPG,QQQ","AAP,ABEO,ABUS,ABX,ACAD,ACET,ACIW,ACM,ACRE,ACRS,ACTG,ACVA,ADAM,ADBE,ADNT,ADSK,AEO,AEYE,AGNC,AGNT,AGRO,AGYS,AIAI,AIN,AIOT,AIRS,ALG,ALKT,AM"
2026-06-05 17:45:00+00:00,L1318,L1279,maturity,maturity,0.2793659896069509,0.4097593393586973,0,,3,ACDC-ALKT;AIRS-ALAB;AIRS-AMBQ,0.0022212560288608074,1.4403386986013536,0.040214477211796246,0.5728544449218022,"ABEO,ABR,ABUS,ABX,ACAD,ACET,ACIW,ACM,ACRE,ACRS,ACTG,ACVA,ADAM,ADBE,ADNT,ADSK,AEO,AEYE,AGBK,AGNC,AGNT,AGRO,AGYS,AIAI,AIN,AIOT,AIRS,ALG,ALKT","A,AA,AAMI,AAOI,AAON,AAPG,AARD,ABAT,ABCL,ABSI,ACDC,ACHR,ACHV,ACLS,ACMR,ACR,ADEA,ADI,ADPT,ADTN,ADUR,AEC,AEHR,AEIS,AEM,AENT,AESI,AEVA,AEXA,AFRM,AG,AGCC,AGEN,AGI,AGL,AGMB,AGPU,AIP,AIRG,AIRJ,AIRO,AKAM,ALAB,ALAR,ALB,ALGM,ALH,ALLT,ALM,ALMU,ALNT,ALOT,ALOY,ALTO,ALV,ALX,AMAT,AMBA,AMBQ,AMD,AME,AMG,AMKR,AMPG,QQQ"
2026-06-05 18:00:00+00:00,L1279,L1321,maturity,maturity,0.7144882618469631,0.38377533705376,0,,7,A-AEG;AARD-ACA;ABVX-ALNT;ACLS-AI;ACR-AD;ADAG-ADEA;AEVA-AI,0.0068670924520120025,2.161794184613031,0.016568047337278104,0.8724128329240665,"A,AA,AAMI,AAOI,AAON,AAPG,AARD,ABAT,ABCL,ABSI,ACDC,ACHR,ACHV,ACLS,ACMR,ACR,ADEA,ADI,ADPT,ADTN,ADUR,AEC,AEHR,AEIS,AEM,AENT,AESI,AEVA,AEXA,AFRM,AG,AGCC,AGEN,AGI,AGL,AGMB,AGPU,AIP,AIRG,AIRJ,AIRO,AKAM,ALAB,ALAR,ALB,ALGM,ALH,ALLT,ALM,ALMU,ALNT,ALOT,ALOY,ALTO,ALV,ALX,AMAT,AMBA,AMBQ,AMD,AME,AMG,AMKR,AMPG,QQQ","AAL,ABCB,ABVX,ACA,ACGC,ACNB,ACNT,ACOG,ACU,AD,ADAG,ADM,ADSE,ADV,AEBI,AEG,AER,AERO,AESPU,AFCG,AFJK,AFRI,AFYA,AGCO,AI,AII,AIIR,AIR,AIT,AKO-B,AKTS,ALCO,ALGN,ALGT,ALKS,ALLE,ALLY,ALMR,ALSN,ALVO,AMAN,AMCI,AMLX,AMP"
2026-06-05 18:15:00+00:00,L1318,L1279,expansion,maturity,0.6988075465943822,0.5127577250778311,1,AIR,12,ABVX-AGMB;ACA-AME;ACDC-ACET;ACHV-ADAG;AEYE-AGI;AIAI-ALV;AIR-ALAB;AIRS-ALAB;AIRS-AMBQ;ALGM-ALSN;ALGT-ALTO;ALOT-AMLX,-0.0016498513869009912,2.70805020110221,0.03989361702127659,1.046466174330408,"AACP,AAL,ABCB,ABEO,ABUS,ABVX,ACA,ACAD,ACET,ACIW,ACM,ACRE,ACRS,ACTG,ACU,ACVA,AD,ADAG,ADAM,ADBE,ADM,ADNT,AEG,AEO,AER,AERO,AESPU,AEYE,AFJK,AFYA,AGNC,AGRO,AGYS,AIAI,AII,AIN,AIOT,AIR,AIRS,AIT,AIV,ALG,ALGT,ALKS,ALKT,ALLE,ALLY,ALMR,ALMS,ALSN,AM,AMAL,AMLX,AMP","A,AA,AAMI,AAOI,AAON,AAPG,AARD,ABAT,ABCL,ABSI,ACDC,ACHR,ACHV,ACLS,ACMR,ACR,ADEA,ADI,ADPT,ADTN,ADUR,AEC,AEHR,AEIS,AEM,AENT,AESI,AEVA,AEXA,AFRM,AG,AGCC,AGCO,AGEN,AGI,AGL,AGMB,AGPU,AI,AIP,AIRG,AIRJ,AIRO,AKAM,ALAB,ALAR,ALB,ALGM,ALH,ALLT,ALM,ALMU,ALNT,ALOT,ALOY,ALTO,ALV,ALVO,ALX,AMAT,AMBA,AMBQ,AMD,AME,AMG,AMKR,AMPG,QQQ"
2026-06-05 18:30:00+00:00,L1279,L1317,maturity,maturity,0.9061170791406157,0.3085383644801079,0,,1,AAOI-AGX,0.004808234516531229,0.908590542021724,0.02872340425531915,0.595852779229946,"A,AA,AAMI,AAOI,AAON,AAPG,AARD,ABAT,ABCL,ABSI,ACDC,ACHR,ACHV,ACLS,ACMR,ACR,ADEA,ADI,ADPT,ADTN,ADUR,AEC,AEHR,AEIS,AEM,AENT,AESI,AEVA,AEXA,AFRM,AG,AGCC,AGEN,AGI,AGL,AGMB,AGPU,AI,AIP,AIR,AIRG,AIRJ,AIRO,AKAM,ALAB,ALAR,ALB,ALGM,ALH,ALLT,ALM,ALMU,ALNT,ALOT,ALOY,ALTO,ALV,ALVO,ALX,AMAT,AMBA,AMBQ,AMD,AME,AMG,AMKR,AMPG,QQQ","AAP,AAPL,AAT,AAUC,ABBV,ABEV,ABG,ABM,ABNB,ABR,ABT,ABX,ACB,ACCO,ACEL,ACGL,ACHC,ACI,ACIC,ACN,ACRE,ACT,ACTG,ADC,ADMA,ADP,ADSK,ADT,ADUS,AEE,AEP,AES,AFBI,AFG,AFJK,AFL,AGBK,AGIO,AGM,AGNT,AGO,AGX,AHCO,AHR,AHRT,AIG,AIV,AIZ,AJG,AKR,ALC,ALHC,ALK,ALL,ALMS,ALNY,ALRM,ALRS,ALTG,AMBP,AMCR,AMCX,AMGN,AMH,AMPH"
2026-06-05 18:45:00+00:00,L1323,L1279,expansion,maturity,0.33698356410789787,0.8523416880539817,0,,12,A-AEG;AAL-AGMB;AAMI-ACNT;AAON-ALSN;ACR-AD;ACR-ADM;AD-AEXA;ADAG-AG;AFCG-AI;AIR-AME;ALCO-ALOT;ALGT-ALX,0.005618068156763911,2.607257519629625,0.04,1.01461195555597,"AAL,ABCB,ABEO,ABVX,ACA,ACGC,ACNB,ACNT,ACU,AD,ADAG,ADM,ADSE,ADV,AEBI,AEG,AER,AERO,AESPU,AFCG,AFJK,AFRI,AFYA,AGCO,AII,AIIR,AIR,AIT,AKO-B,AKTS,ALCO,ALGN,ALGT,ALKS,ALLE,ALLY,ALMR,ALMS,ALSN,AM,AMAN,AMCI,AMLX,AMN,AMP","A,AA,AAMI,AAOI,AAON,AAPG,AARD,ABAT,ABCL,ABSI,ACDC,ACHR,ACHV,ACLS,ACMR,ACR,ADEA,ADI,ADPT,ADTN,ADUR,AEC,AEHR,AEIS,AEM,AENT,AESI,AEVA,AEXA,AFRM,AG,AGCC,AGEN,AGI,AGL,AGMB,AGPU,AI,AIP,AIRG,AIRJ,AIRO,AKAM,ALAB,ALAR,ALB,ALGM,ALH,ALLT,ALM,ALMU,ALNT,ALOT,ALOY,ALTO,ALV,ALVO,ALX,AMAT,AMBA,AMBQ,AMD,AME,AMG,AMKR,AMPG,QQQ"
2026-06-05 19:15:00+00:00,L1323,L1279,decay,maturity,0.852996594431336,0.6443895270513906,0,,14,AAMI-ACNT;AAMI-AMCI;ACR-AIIR;ACRS-AFRI;ADPT-ADV;ADPT-AFCG;ADPT-AKO-B;ADPT-AMCI;AFCG-ALV;AFRI-ALOT;AFRI-AMPG;AIIR-AIRG;AIIR-ALOT;AIIR-ALVO,0.0055055925622582436,2.7440966030091167,0.03978779840848807,1.1412081569583705,"ACGC,ACNB,ACNT,ADV,AEBI,AFCG,AFJK,AFRI,AIIR,AKO-B,AKTS,ALCO,ALGN,AMAN,AMCI","A,AA,AAMI,AAOI,AAON,AAPG,AARD,ABAT,ABCL,ABSI,ACDC,ACHR,ACHV,ACLS,ACMR,ACR,ACRS,ADEA,ADI,ADPT,ADTN,ADUR,AEC,AEHR,AEIS,AEM,AENT,AESI,AEVA,AEXA,AFRM,AG,AGCC,AGCO,AGEN,AGI,AGL,AGMB,AGPU,AI,AIP,AIRG,AIRJ,AIRO,AKAM,ALAB,ALAR,ALB,ALGM,ALH,ALLT,ALM,ALMU,ALNT,ALOT,ALOY,ALTO,ALV,ALVO,ALX,AMAT,AMBA,AMBQ,AMD,AME,AMG,AMKR,AMPG,QQQ"
2026-06-05 19:30:00+00:00,L1324,L1279,confirmation,maturity,0.287399026570913,0.44353810374605857,9,ACGC;ACRS;ADPT;AFCG;AGCO;ALAR;ALOT;ALVO;AMCI,62,AA-ADPT;AA-AFCG;AA-ALSN;AAL-AARD;AAL-ALNT;AAMI-ACGC;AAOI-ALKS;AAOI-AMCI;AARD-AMCI;ABEO-ALNT;ABEO-AMG;ABSI-ACRS;ABVX-ACR;ABVX-ALTO;ACGC-ACHV;ACGC-AESI;ACGC-ALH;ACGC-ALV;ACHR-AFCG;ACHV-ALOT;ACMR-ALAR;ACNT-ADI;ACNT-AME;ACR-ADSE;ACRS-AGI;ACRS-AI;AD-ALX;ADEA-ADPT;ADI-ADM;ADI-AERO;ADM-AEXA;ADPT-AEVA;ADPT-AGI;ADPT-AGPU;ADPT-ALLT;ADPT-ALMU;ADPT-ALTO;ADPT-AMBA;ADV-AME;AEBI-ALH;AEBI-ALTO;AEIS-AMCI;AESI-ALAR;AESPU-AME;AEVA-AFCG;AEVA-AIR;AEXA-AFRI;AEXA-ALAR;AEXA-ALVO;AEXA-AMCI;AFCG-AGCC;AFCG-AIP;AFCG-AIRG;AFCG-ALH;AFCG-ALLT;AFCG-ALTO;AGEN-AMCI;AIAI-AMLX;AIP-AIR;ALGT-AME;AMCI-AME;AMCI-AMKR,0.0011856737546622753,4.395911879128075,0.04032258064516129,1.3243074959738845,"AACP,AAL,ABCB,ABEO,ABVX,ACA,ACGC,ACNB,ACNT,ACRS,ACU,AD,ADAG,ADM,ADPT,ADSE,ADV,AEBI,AEG,AER,AERO,AESPU,AFCG,AFJK,AFRI,AFYA,AGCO,AII,AIIR,AIR,AIT,AKO-B,AKTS,ALAR,ALGN,ALGT,ALKS,ALLE,ALLY,ALMR,ALMS,ALOT,ALSN,ALVO,AMCI,AMLX","A,AA,AAMI,AAOI,AAON,AAPG,AARD,ABAT,ABCL,ABSI,ACDC,ACHR,ACHV,ACLS,ACMR,ACR,ADEA,ADI,ADTN,ADUR,AEC,AEHR,AEIS,AEM,AENT,AESI,AEVA,AEXA,AFRM,AG,AGCC,AGEN,AGI,AGL,AGMB,AGPU,AI,AIAI,AIP,AIRG,AIRJ,AIRO,AKAM,ALAB,ALB,ALGM,ALH,ALLT,ALM,ALMU,ALNT,ALOY,ALTO,ALV,ALX,AMAT,AMBA,AMBQ,AMD,AME,AMG,AMKR,AMPG,QQQ"
