source_symbol,symbol,status,row_count,min_timestamp,max_timestamp,exchange_timezone,last_fetch_at,error_message
A,A,success,1561,2026-03-12 13:30:00+00:00,2026-06-05 20:00:00+00:00,America/New_York,2026-06-06 19:38:44.338436+00:00,
AA,AA,success,1561,2026-03-12 13:30:00+00:00,2026-06-05 20:00:00+00:00,America/New_York,2026-06-06 19:38:44.340895+00:00,
AACP,AACP,success,47,2026-05-28 13:45:00+00:00,2026-06-05 20:00:00+00:00,America/New_York,2026-06-06 19:38:44.341959+00:00,
AAL,AAL,success,1561,2026-03-12 13:30:00+00:00,2026-06-05 20:00:00+00:00,America/New_York,2026-06-06 19:38:44.343465+00:00,
AAMI,AAMI,success,1560,2026-03-12 13:30:00+00:00,2026-06-05 20:00:00+00:00,America/New_York,2026-06-06 19:38:44.344887+00:00,
AAOI,AAOI,success,1561,2026-03-12 13:30:00+00:00,2026-06-05 20:00:00+00:00,America/New_York,2026-06-06 19:38:44.346302+00:00,
AAON,AAON,success,1561,2026-03-12 13:30:00+00:00,2026-06-05 20:00:00+00:00,America/New_York,2026-06-06 19:38:44.347717+00:00,
AAP,AAP,success,1561,2026-03-12 13:30:00+00:00,2026-06-05 20:00:00+00:00,America/New_York,2026-06-06 19:38:44.349082+00:00,
AAPG,AAPG,success,253,2026-03-13 13:30:00+00:00,2026-06-05 20:00:00+00:00,America/New_York,2026-06-06 19:38:44.350022+00:00,
AAPL,AAPL,success,1561,2026-03-12 13:30:00+00:00,2026-06-05 20:00:00+00:00,America/New_York,2026-06-06 19:38:44.351331+00:00,
AARD,AARD,success,1518,2026-03-12 13:30:00+00:00,2026-06-05 20:00:00+00:00,America/New_York,2026-06-06 19:38:44.352814+00:00,
AAT,AAT,success,1559,2026-03-12 13:30:00+00:00,2026-06-05 20:00:00+00:00,America/New_York,2026-06-06 19:38:44.354105+00:00,
AAUC,AAUC,success,1546,2026-03-12 13:30:00+00:00,2026-06-05 20:00:00+00:00,America/New_York,2026-06-06 19:38:44.355415+00:00,
ABAT,ABAT,success,1561,2026-03-12 13:30:00+00:00,2026-06-05 20:00:00+00:00,America/New_York,2026-06-06 19:38:44.357132+00:00,
ABBV,ABBV,success,1561,2026-03-12 13:30:00+00:00,2026-06-05 20:00:00+00:00,America/New_York,2026-06-06 19:38:44.358626+00:00,
ABCB,ABCB,success,1561,2026-03-12 13:30:00+00:00,2026-06-05 20:00:00+00:00,America/New_York,2026-06-06 19:38:44.360020+00:00,
ABCL,ABCL,success,1561,2026-03-12 13:30:00+00:00,2026-06-05 20:00:00+00:00,America/New_York,2026-06-06 19:38:44.361272+00:00,
ABEO,ABEO,success,1560,2026-03-12 13:30:00+00:00,2026-06-05 20:00:00+00:00,America/New_York,2026-06-06 19:38:44.362504+00:00,
ABEV,ABEV,success,1561,2026-03-12 13:30:00+00:00,2026-06-05 20:00:00+00:00,America/New_York,2026-06-06 19:38:44.363840+00:00,
ABG,ABG,success,1544,2026-03-12 13:30:00+00:00,2026-06-05 20:00:00+00:00,America/New_York,2026-06-06 19:38:44.365069+00:00,
ABM,ABM,success,1561,2026-03-12 13:30:00+00:00,2026-06-05 20:00:00+00:00,America/New_York,2026-06-06 19:38:44.385738+00:00,
ABNB,ABNB,success,1561,2026-03-12 13:30:00+00:00,2026-06-05 20:00:00+00:00,America/New_York,2026-06-06 19:38:44.387974+00:00,
ABR,ABR,success,1561,2026-03-12 13:30:00+00:00,2026-06-05 20:00:00+00:00,America/New_York,2026-06-06 19:38:44.389726+00:00,
ABSI,ABSI,success,1561,2026-03-12 13:30:00+00:00,2026-06-05 20:00:00+00:00,America/New_York,2026-06-06 19:38:44.391159+00:00,
ABT,ABT,success,1561,2026-03-12 13:30:00+00:00,2026-06-05 20:00:00+00:00,America/New_York,2026-06-06 19:38:44.392610+00:00,
ABUS,ABUS,success,1561,2026-03-12 13:30:00+00:00,2026-06-05 20:00:00+00:00,America/New_York,2026-06-06 19:38:44.393911+00:00,
ABVX,ABVX,success,1561,2026-03-12 13:30:00+00:00,2026-06-05 20:00:00+00:00,America/New_York,2026-06-06 19:38:44.395296+00:00,
ABX,ABX,success,1559,2026-03-12 13:30:00+00:00,2026-06-05 20:00:00+00:00,America/New_York,2026-06-06 19:38:44.396539+00:00,
ACA,ACA,success,1559,2026-03-12 13:30:00+00:00,2026-06-05 20:00:00+00:00,America/New_York,2026-06-06 19:38:44.397884+00:00,
ACAD,ACAD,success,1561,2026-03-12 13:30:00+00:00,2026-06-05 20:00:00+00:00,America/New_York,2026-06-06 19:38:44.399628+00:00,
ACB,ACB,success,1558,2026-03-12 13:30:00+00:00,2026-06-05 20:00:00+00:00,America/New_York,2026-06-06 19:38:44.400902+00:00,
ACCO,ACCO,success,1560,2026-03-12 13:30:00+00:00,2026-06-05 20:00:00+00:00,America/New_York,2026-06-06 19:38:44.402090+00:00,
ACDC,ACDC,success,1561,2026-03-12 13:30:00+00:00,2026-06-05 20:00:00+00:00,America/New_York,2026-06-06 19:38:44.403401+00:00,
ACEL,ACEL,success,1554,2026-03-12 13:30:00+00:00,2026-06-05 20:00:00+00:00,America/New_York,2026-06-06 19:38:44.404691+00:00,
ACET,ACET,success,1417,2026-03-12 13:30:00+00:00,2026-06-05 20:00:00+00:00,America/New_York,2026-06-06 19:38:44.405921+00:00,
ACGC,ACGC,success,42,2026-05-28 13:45:00+00:00,2026-06-05 20:00:00+00:00,America/New_York,2026-06-06 19:38:44.406747+00:00,
ACGL,ACGL,success,1561,2026-03-12 13:30:00+00:00,2026-06-05 20:00:00+00:00,America/New_York,2026-06-06 19:38:44.408153+00:00,
ACHC,ACHC,success,1561,2026-03-12 13:30:00+00:00,2026-06-05 20:00:00+00:00,America/New_York,2026-06-06 19:38:44.409437+00:00,
ACHR,ACHR,success,1561,2026-03-12 13:30:00+00:00,2026-06-05 20:00:00+00:00,America/New_York,2026-06-06 19:38:44.410752+00:00,
ACHV,ACHV,success,1561,2026-03-12 13:30:00+00:00,2026-06-05 20:00:00+00:00,America/New_York,2026-06-06 19:38:44.411971+00:00,
ACI,ACI,success,1561,2026-03-12 13:30:00+00:00,2026-06-05 20:00:00+00:00,America/New_York,2026-06-06 19:38:44.413319+00:00,
ACIC,ACIC,success,1525,2026-03-12 13:30:00+00:00,2026-06-05 20:00:00+00:00,America/New_York,2026-06-06 19:38:44.414520+00:00,
ACIW,ACIW,success,1561,2026-03-12 13:30:00+00:00,2026-06-05 20:00:00+00:00,America/New_York,2026-06-06 19:38:44.415750+00:00,
ACLS,ACLS,success,1561,2026-03-12 13:30:00+00:00,2026-06-05 20:00:00+00:00,America/New_York,2026-06-06 19:38:44.417063+00:00,
ACM,ACM,success,1561,2026-03-12 13:30:00+00:00,2026-06-05 20:00:00+00:00,America/New_York,2026-06-06 19:38:44.418451+00:00,
ACMR,ACMR,success,1561,2026-03-12 13:30:00+00:00,2026-06-05 20:00:00+00:00,America/New_York,2026-06-06 19:38:44.419736+00:00,
ACN,ACN,success,1561,2026-03-12 13:30:00+00:00,2026-06-05 20:00:00+00:00,America/New_York,2026-06-06 19:38:44.421079+00:00,
ACNB,ACNB,success,1161,2026-03-12 13:30:00+00:00,2026-06-05 20:00:00+00:00,America/New_York,2026-06-06 19:38:44.422220+00:00,
ACNT,ACNT,success,1330,2026-03-12 13:30:00+00:00,2026-06-05 20:00:00+00:00,America/New_York,2026-06-06 19:38:44.423658+00:00,
ACOG,ACOG,success,921,2026-03-12 13:30:00+00:00,2026-06-05 20:00:00+00:00,America/New_York,2026-06-06 19:38:44.425254+00:00,
ACR,ACR,success,794,2026-03-12 13:30:00+00:00,2026-06-05 20:00:00+00:00,America/New_York,2026-06-06 19:38:44.426308+00:00,
ACRE,ACRE,success,1561,2026-03-12 13:30:00+00:00,2026-06-05 20:00:00+00:00,America/New_York,2026-06-06 19:38:44.427523+00:00,
ACRS,ACRS,success,1561,2026-03-12 13:30:00+00:00,2026-06-05 20:00:00+00:00,America/New_York,2026-06-06 19:38:44.428763+00:00,
ACT,ACT,success,1556,2026-03-12 13:30:00+00:00,2026-06-05 20:00:00+00:00,America/New_York,2026-06-06 19:38:44.430106+00:00,
ACTG,ACTG,success,1525,2026-03-12 13:30:00+00:00,2026-06-05 20:00:00+00:00,America/New_York,2026-06-06 19:38:44.431315+00:00,
ACU,ACU,success,872,2026-03-12 13:30:00+00:00,2026-06-05 20:00:00+00:00,America/New_York,2026-06-06 19:38:44.432409+00:00,
ACVA,ACVA,success,1561,2026-03-12 13:30:00+00:00,2026-06-05 20:00:00+00:00,America/New_York,2026-06-06 19:38:44.433629+00:00,
AD,AD,success,1490,2026-03-12 13:30:00+00:00,2026-06-05 20:00:00+00:00,America/New_York,2026-06-06 19:38:44.434831+00:00,
ADAG,ADAG,success,1232,2026-03-12 13:30:00+00:00,2026-06-05 20:00:00+00:00,America/New_York,2026-06-06 19:38:44.436090+00:00,
ADAM,ADAM,success,1561,2026-03-12 13:30:00+00:00,2026-06-05 20:00:00+00:00,America/New_York,2026-06-06 19:38:44.437357+00:00,
ADBE,ADBE,success,1561,2026-03-12 13:30:00+00:00,2026-06-05 20:00:00+00:00,America/New_York,2026-06-06 19:38:44.438691+00:00,
ADC,ADC,success,1561,2026-03-12 13:30:00+00:00,2026-06-05 20:00:00+00:00,America/New_York,2026-06-06 19:38:44.440209+00:00,
ADEA,ADEA,success,1561,2026-03-12 13:30:00+00:00,2026-06-05 20:00:00+00:00,America/New_York,2026-06-06 19:38:44.441604+00:00,
ADI,ADI,success,1561,2026-03-12 13:30:00+00:00,2026-06-05 20:00:00+00:00,America/New_York,2026-06-06 19:38:44.442993+00:00,
ADM,ADM,success,1561,2026-03-12 13:30:00+00:00,2026-06-05 20:00:00+00:00,America/New_York,2026-06-06 19:38:44.444398+00:00,
ADMA,ADMA,success,1561,2026-03-12 13:30:00+00:00,2026-06-05 20:00:00+00:00,America/New_York,2026-06-06 19:38:44.445637+00:00,
ADNT,ADNT,success,1561,2026-03-12 13:30:00+00:00,2026-06-05 20:00:00+00:00,America/New_York,2026-06-06 19:38:44.446915+00:00,
ADP,ADP,success,1561,2026-03-12 13:30:00+00:00,2026-06-05 20:00:00+00:00,America/New_York,2026-06-06 19:38:44.448181+00:00,
ADPT,ADPT,success,1561,2026-03-12 13:30:00+00:00,2026-06-05 20:00:00+00:00,America/New_York,2026-06-06 19:38:44.449392+00:00,
ADSE,ADSE,success,240,2026-03-12 16:45:00+00:00,2026-06-05 20:00:00+00:00,America/New_York,2026-06-06 19:38:44.450185+00:00,
ADSK,ADSK,success,1561,2026-03-12 13:30:00+00:00,2026-06-05 20:00:00+00:00,America/New_York,2026-06-06 19:38:44.451397+00:00,
ADT,ADT,success,1561,2026-03-12 13:30:00+00:00,2026-06-05 20:00:00+00:00,America/New_York,2026-06-06 19:38:44.452630+00:00,
ADTN,ADTN,success,1561,2026-03-12 13:30:00+00:00,2026-06-05 20:00:00+00:00,America/New_York,2026-06-06 19:38:44.453915+00:00,
ADUR,ADUR,success,1547,2026-03-12 13:30:00+00:00,2026-06-05 20:00:00+00:00,America/New_York,2026-06-06 19:38:44.455195+00:00,
ADUS,ADUS,success,1533,2026-03-12 13:30:00+00:00,2026-06-05 20:00:00+00:00,America/New_York,2026-06-06 19:38:44.456749+00:00,
ADV,ADV,success,1383,2026-03-12 13:30:00+00:00,2026-06-05 20:00:00+00:00,America/New_York,2026-06-06 19:38:44.457979+00:00,
AEBI,AEBI,success,1547,2026-03-12 13:30:00+00:00,2026-06-05 20:00:00+00:00,America/New_York,2026-06-06 19:38:44.459226+00:00,
AEC,AEC,success,1061,2026-03-12 13:30:00+00:00,2026-06-05 20:00:00+00:00,America/New_York,2026-06-06 19:38:44.460349+00:00,
AEE,AEE,success,1561,2026-03-12 13:30:00+00:00,2026-06-05 20:00:00+00:00,America/New_York,2026-06-06 19:38:44.461671+00:00,
AEG,AEG,success,1561,2026-03-12 13:30:00+00:00,2026-06-05 20:00:00+00:00,America/New_York,2026-06-06 19:38:44.462989+00:00,
AEHR,AEHR,success,1561,2026-03-12 13:30:00+00:00,2026-06-05 20:00:00+00:00,America/New_York,2026-06-06 19:38:44.464253+00:00,
AEIS,AEIS,success,1560,2026-03-12 13:30:00+00:00,2026-06-05 20:00:00+00:00,America/New_York,2026-06-06 19:38:44.465553+00:00,
AEM,AEM,success,1561,2026-03-12 13:30:00+00:00,2026-06-05 20:00:00+00:00,America/New_York,2026-06-06 19:38:44.466866+00:00,
AENT,AENT,success,785,2026-03-12 13:45:00+00:00,2026-06-05 20:00:00+00:00,America/New_York,2026-06-06 19:38:44.467888+00:00,
AEO,AEO,success,1561,2026-03-12 13:30:00+00:00,2026-06-05 20:00:00+00:00,America/New_York,2026-06-06 19:38:44.469075+00:00,
AEP,AEP,success,1561,2026-03-12 13:30:00+00:00,2026-06-05 20:00:00+00:00,America/New_York,2026-06-06 19:38:44.470363+00:00,
AER,AER,success,1561,2026-03-12 13:30:00+00:00,2026-06-05 20:00:00+00:00,America/New_York,2026-06-06 19:38:44.471703+00:00,
AERO,AERO,success,1520,2026-03-12 13:30:00+00:00,2026-06-05 20:00:00+00:00,America/New_York,2026-06-06 19:38:44.473082+00:00,
AES,AES,success,1561,2026-03-12 13:30:00+00:00,2026-06-05 20:00:00+00:00,America/New_York,2026-06-06 19:38:44.474413+00:00,
AESI,AESI,success,1561,2026-03-12 13:30:00+00:00,2026-06-05 20:00:00+00:00,America/New_York,2026-06-06 19:38:44.475607+00:00,
AESPU,AESPU,success,9,2026-06-04 19:30:00+00:00,2026-06-05 20:00:00+00:00,America/New_York,2026-06-06 19:38:44.476239+00:00,
AEVA,AEVA,success,1561,2026-03-12 13:30:00+00:00,2026-06-05 20:00:00+00:00,America/New_York,2026-06-06 19:38:44.477446+00:00,
AEXA,AEXA,success,1209,2026-03-12 13:30:00+00:00,2026-06-05 20:00:00+00:00,America/New_York,2026-06-06 19:38:44.478628+00:00,
AEYE,AEYE,success,1507,2026-03-12 13:30:00+00:00,2026-06-05 20:00:00+00:00,America/New_York,2026-06-06 19:38:44.479844+00:00,
AFBI,AFBI,success,353,2026-03-13 19:45:00+00:00,2026-06-05 20:00:00+00:00,America/New_York,2026-06-06 19:38:44.480722+00:00,
AFCG,AFCG,success,1487,2026-03-12 13:30:00+00:00,2026-06-05 20:00:00+00:00,America/New_York,2026-06-06 19:38:44.481876+00:00,
AFG,AFG,success,1558,2026-03-12 13:30:00+00:00,2026-06-05 20:00:00+00:00,America/New_York,2026-06-06 19:38:44.483189+00:00,
AFJK,AFJK,success,308,2026-03-12 14:45:00+00:00,2026-06-05 20:00:00+00:00,America/New_York,2026-06-06 19:38:44.484071+00:00,
AFL,AFL,success,1561,2026-03-12 13:30:00+00:00,2026-06-05 20:00:00+00:00,America/New_York,2026-06-06 19:38:44.485403+00:00,
AFRI,AFRI,success,438,2026-03-12 13:30:00+00:00,2026-06-05 20:00:00+00:00,America/New_York,2026-06-06 19:38:44.486314+00:00,
AFRM,AFRM,success,1561,2026-03-12 13:30:00+00:00,2026-06-05 20:00:00+00:00,America/New_York,2026-06-06 19:38:44.487644+00:00,
AFYA,AFYA,success,1354,2026-03-12 13:30:00+00:00,2026-06-05 20:00:00+00:00,America/New_York,2026-06-06 19:38:44.488820+00:00,
AG,AG,success,1561,2026-03-12 13:30:00+00:00,2026-06-05 20:00:00+00:00,America/New_York,2026-06-06 19:38:44.490265+00:00,
AGBK,AGBK,success,1547,2026-03-12 13:30:00+00:00,2026-06-05 20:00:00+00:00,America/New_York,2026-06-06 19:38:44.491567+00:00,
AGCC,AGCC,success,973,2026-03-12 13:30:00+00:00,2026-06-05 20:00:00+00:00,America/New_York,2026-06-06 19:38:44.492733+00:00,
AGCO,AGCO,success,1561,2026-03-12 13:30:00+00:00,2026-06-05 20:00:00+00:00,America/New_York,2026-06-06 19:38:44.494065+00:00,
AGEN,AGEN,success,1558,2026-03-12 13:30:00+00:00,2026-06-05 20:00:00+00:00,America/New_York,2026-06-06 19:38:44.495320+00:00,
AGI,AGI,success,1561,2026-03-12 13:30:00+00:00,2026-06-05 20:00:00+00:00,America/New_York,2026-06-06 19:38:44.496619+00:00,
AGIO,AGIO,success,1561,2026-03-12 13:30:00+00:00,2026-06-05 20:00:00+00:00,America/New_York,2026-06-06 19:38:44.497837+00:00,
AGL,AGL,success,1558,2026-03-12 13:30:00+00:00,2026-06-05 20:00:00+00:00,America/New_York,2026-06-06 19:38:44.499089+00:00,
AGM,AGM,success,1314,2026-03-12 13:30:00+00:00,2026-06-05 20:00:00+00:00,America/New_York,2026-06-06 19:38:44.500201+00:00,
AGMB,AGMB,success,1262,2026-03-12 13:30:00+00:00,2026-06-05 20:00:00+00:00,America/New_York,2026-06-06 19:38:44.501285+00:00,
AGNC,AGNC,success,1561,2026-03-12 13:30:00+00:00,2026-06-05 20:00:00+00:00,America/New_York,2026-06-06 19:38:44.502752+00:00,
AGNT,AGNT,success,521,2026-05-08 13:30:00+00:00,2026-06-05 20:00:00+00:00,America/New_York,2026-06-06 19:38:44.503771+00:00,
AGO,AGO,success,1557,2026-03-12 13:30:00+00:00,2026-06-05 20:00:00+00:00,America/New_York,2026-06-06 19:38:44.504997+00:00,
AGPU,AGPU,success,1389,2026-03-12 13:45:00+00:00,2026-06-05 20:00:00+00:00,America/New_York,2026-06-06 19:38:44.506272+00:00,
AGRO,AGRO,success,1561,2026-03-12 13:30:00+00:00,2026-06-05 20:00:00+00:00,America/New_York,2026-06-06 19:38:44.507569+00:00,
AGX,AGX,success,1559,2026-03-12 13:30:00+00:00,2026-06-05 20:00:00+00:00,America/New_York,2026-06-06 19:38:44.508840+00:00,
AGYS,AGYS,success,1550,2026-03-12 13:30:00+00:00,2026-06-05 20:00:00+00:00,America/New_York,2026-06-06 19:38:44.510107+00:00,
AHCO,AHCO,success,1561,2026-03-12 13:30:00+00:00,2026-06-05 20:00:00+00:00,America/New_York,2026-06-06 19:38:44.511394+00:00,
AHR,AHR,success,1561,2026-03-12 13:30:00+00:00,2026-06-05 20:00:00+00:00,America/New_York,2026-06-06 19:38:44.512704+00:00,
AHRT,AHRT,success,1561,2026-03-12 13:30:00+00:00,2026-06-05 20:00:00+00:00,America/New_York,2026-06-06 19:38:44.513940+00:00,
AI,AI,success,1561,2026-03-12 13:30:00+00:00,2026-06-05 20:00:00+00:00,America/New_York,2026-06-06 19:38:44.515178+00:00,
AIAI,AIAI,success,378,2026-05-14 15:45:00+00:00,2026-06-05 20:00:00+00:00,America/New_York,2026-06-06 19:38:44.516079+00:00,
AIG,AIG,success,1561,2026-03-12 13:30:00+00:00,2026-06-05 20:00:00+00:00,America/New_York,2026-06-06 19:38:44.517350+00:00,
AII,AII,success,1371,2026-03-12 13:30:00+00:00,2026-06-05 20:00:00+00:00,America/New_York,2026-06-06 19:38:44.518513+00:00,
AIIR,AIIR,success,146,2026-05-18 13:30:00+00:00,2026-06-05 20:00:00+00:00,America/New_York,2026-06-06 19:38:44.519353+00:00,
AIN,AIN,success,1533,2026-03-12 13:30:00+00:00,2026-06-05 20:00:00+00:00,America/New_York,2026-06-06 19:38:44.520617+00:00,
AIOT,AIOT,success,1561,2026-03-12 13:30:00+00:00,2026-06-05 20:00:00+00:00,America/New_York,2026-06-06 19:38:44.521827+00:00,
AIP,AIP,success,1561,2026-03-12 13:30:00+00:00,2026-06-05 20:00:00+00:00,America/New_York,2026-06-06 19:38:44.523154+00:00,
AIR,AIR,success,1560,2026-03-12 13:30:00+00:00,2026-06-05 20:00:00+00:00,America/New_York,2026-06-06 19:38:44.524476+00:00,
AIRG,AIRG,success,1257,2026-03-12 13:30:00+00:00,2026-06-05 20:00:00+00:00,America/New_York,2026-06-06 19:38:44.525627+00:00,
AIRJ,AIRJ,success,1554,2026-03-12 13:30:00+00:00,2026-06-05 20:00:00+00:00,America/New_York,2026-06-06 19:38:44.526983+00:00,
AIRO,AIRO,success,1561,2026-03-12 13:30:00+00:00,2026-06-05 20:00:00+00:00,America/New_York,2026-06-06 19:38:44.528200+00:00,
AIRS,AIRS,success,1560,2026-03-12 13:30:00+00:00,2026-06-05 20:00:00+00:00,America/New_York,2026-06-06 19:38:44.529445+00:00,
AIT,AIT,success,1561,2026-03-12 13:30:00+00:00,2026-06-05 20:00:00+00:00,America/New_York,2026-06-06 19:38:44.530735+00:00,
AIV,AIV,success,1561,2026-03-12 13:30:00+00:00,2026-06-05 20:00:00+00:00,America/New_York,2026-06-06 19:38:44.531947+00:00,
AIZ,AIZ,success,1558,2026-03-12 13:30:00+00:00,2026-06-05 20:00:00+00:00,America/New_York,2026-06-06 19:38:44.533251+00:00,
AJG,AJG,success,1561,2026-03-12 13:30:00+00:00,2026-06-05 20:00:00+00:00,America/New_York,2026-06-06 19:38:44.534625+00:00,
AKAM,AKAM,success,1561,2026-03-12 13:30:00+00:00,2026-06-05 20:00:00+00:00,America/New_York,2026-06-06 19:38:44.535892+00:00,
AKO.B,AKO-B,success,531,2026-03-12 13:30:00+00:00,2026-06-05 19:00:00+00:00,America/New_York,2026-06-06 19:38:44.536877+00:00,
AKR,AKR,success,1561,2026-03-12 13:30:00+00:00,2026-06-05 20:00:00+00:00,America/New_York,2026-06-06 19:38:44.538228+00:00,
AKTS,AKTS,success,1519,2026-03-12 13:30:00+00:00,2026-06-05 20:00:00+00:00,America/New_York,2026-06-06 19:38:44.539636+00:00,
ALAB,ALAB,success,1561,2026-03-12 13:30:00+00:00,2026-06-05 20:00:00+00:00,America/New_York,2026-06-06 19:38:44.541026+00:00,
ALAR,ALAR,success,976,2026-03-12 13:30:00+00:00,2026-06-05 20:00:00+00:00,America/New_York,2026-06-06 19:38:44.542152+00:00,
ALB,ALB,success,1561,2026-03-12 13:30:00+00:00,2026-06-05 20:00:00+00:00,America/New_York,2026-06-06 19:38:44.543535+00:00,
ALC,ALC,success,1561,2026-03-12 13:30:00+00:00,2026-06-05 20:00:00+00:00,America/New_York,2026-06-06 19:38:44.544888+00:00,
ALCO,ALCO,success,834,2026-03-12 13:30:00+00:00,2026-06-05 20:00:00+00:00,America/New_York,2026-06-06 19:38:44.546000+00:00,
ALG,ALG,success,1459,2026-03-12 13:30:00+00:00,2026-06-05 20:00:00+00:00,America/New_York,2026-06-06 19:38:44.547238+00:00,
ALGM,ALGM,success,1561,2026-03-12 13:30:00+00:00,2026-06-05 20:00:00+00:00,America/New_York,2026-06-06 19:38:44.548518+00:00,
ALGN,ALGN,success,1561,2026-03-12 13:30:00+00:00,2026-06-05 20:00:00+00:00,America/New_York,2026-06-06 19:38:44.549861+00:00,
ALGT,ALGT,success,1560,2026-03-12 13:30:00+00:00,2026-06-05 20:00:00+00:00,America/New_York,2026-06-06 19:38:44.551151+00:00,
ALH,ALH,success,1560,2026-03-12 13:30:00+00:00,2026-06-05 20:00:00+00:00,America/New_York,2026-06-06 19:38:44.552428+00:00,
ALHC,ALHC,success,1561,2026-03-12 13:30:00+00:00,2026-06-05 20:00:00+00:00,America/New_York,2026-06-06 19:38:44.553698+00:00,
ALK,ALK,success,1561,2026-03-12 13:30:00+00:00,2026-06-05 20:00:00+00:00,America/New_York,2026-06-06 19:38:44.554951+00:00,
ALKS,ALKS,success,1561,2026-03-12 13:30:00+00:00,2026-06-05 20:00:00+00:00,America/New_York,2026-06-06 19:38:44.556440+00:00,
ALKT,ALKT,success,1561,2026-03-12 13:30:00+00:00,2026-06-05 20:00:00+00:00,America/New_York,2026-06-06 19:38:44.557768+00:00,
ALL,ALL,success,1561,2026-03-12 13:30:00+00:00,2026-06-05 20:00:00+00:00,America/New_York,2026-06-06 19:38:44.559144+00:00,
ALLE,ALLE,success,1561,2026-03-12 13:30:00+00:00,2026-06-05 20:00:00+00:00,America/New_York,2026-06-06 19:38:44.560486+00:00,
ALLT,ALLT,success,1547,2026-03-12 13:30:00+00:00,2026-06-05 20:00:00+00:00,America/New_York,2026-06-06 19:38:44.561816+00:00,
ALLY,ALLY,success,1561,2026-03-12 13:30:00+00:00,2026-06-05 20:00:00+00:00,America/New_York,2026-06-06 19:38:44.563113+00:00,
ALM,ALM,success,1561,2026-03-12 13:30:00+00:00,2026-06-05 20:00:00+00:00,America/New_York,2026-06-06 19:38:44.564362+00:00,
ALMR,ALMR,success,869,2026-04-17 13:30:00+00:00,2026-06-05 20:00:00+00:00,America/New_York,2026-06-06 19:38:44.565514+00:00,
ALMS,ALMS,success,1561,2026-03-12 13:30:00+00:00,2026-06-05 20:00:00+00:00,America/New_York,2026-06-06 19:38:44.566778+00:00,
ALMU,ALMU,success,1561,2026-03-12 13:30:00+00:00,2026-06-05 20:00:00+00:00,America/New_York,2026-06-06 19:38:44.568092+00:00,
ALNT,ALNT,success,1544,2026-03-12 13:30:00+00:00,2026-06-05 20:00:00+00:00,America/New_York,2026-06-06 19:38:44.569411+00:00,
ALNY,ALNY,success,1561,2026-03-12 13:30:00+00:00,2026-06-05 20:00:00+00:00,America/New_York,2026-06-06 19:38:44.570772+00:00,
ALOT,ALOT,success,899,2026-03-12 16:15:00+00:00,2026-06-05 20:00:00+00:00,America/New_York,2026-06-06 19:38:44.571870+00:00,
ALOY,ALOY,success,1561,2026-03-12 13:30:00+00:00,2026-06-05 20:00:00+00:00,America/New_York,2026-06-06 19:38:44.573259+00:00,
ALRM,ALRM,success,1561,2026-03-12 13:30:00+00:00,2026-06-05 20:00:00+00:00,America/New_York,2026-06-06 19:38:44.574659+00:00,
ALRS,ALRS,success,1493,2026-03-12 13:30:00+00:00,2026-06-05 20:00:00+00:00,America/New_York,2026-06-06 19:38:44.576027+00:00,
ALSN,ALSN,success,1561,2026-03-12 13:30:00+00:00,2026-06-05 20:00:00+00:00,America/New_York,2026-06-06 19:38:44.577374+00:00,
ALTG,ALTG,success,1540,2026-03-12 13:30:00+00:00,2026-06-05 20:00:00+00:00,America/New_York,2026-06-06 19:38:44.578734+00:00,
ALTO,ALTO,success,1561,2026-03-12 13:30:00+00:00,2026-06-05 20:00:00+00:00,America/New_York,2026-06-06 19:38:44.580056+00:00,
ALV,ALV,success,1561,2026-03-12 13:30:00+00:00,2026-06-05 20:00:00+00:00,America/New_York,2026-06-06 19:38:44.581438+00:00,
ALVO,ALVO,success,1544,2026-03-12 13:30:00+00:00,2026-06-05 20:00:00+00:00,America/New_York,2026-06-06 19:38:44.582686+00:00,
ALX,ALX,success,910,2026-03-12 13:30:00+00:00,2026-06-05 20:00:00+00:00,America/New_York,2026-06-06 19:38:44.583744+00:00,
AM,AM,success,1561,2026-03-12 13:30:00+00:00,2026-06-05 20:00:00+00:00,America/New_York,2026-06-06 19:38:44.585009+00:00,
AMAL,AMAL,success,1487,2026-03-12 13:30:00+00:00,2026-06-05 20:00:00+00:00,America/New_York,2026-06-06 19:38:44.586371+00:00,
AMAN,AMAN,success,142,2026-05-19 14:00:00+00:00,2026-06-05 20:00:00+00:00,America/New_York,2026-06-06 19:38:44.587226+00:00,
AMAT,AMAT,success,1561,2026-03-12 13:30:00+00:00,2026-06-05 20:00:00+00:00,America/New_York,2026-06-06 19:38:44.588537+00:00,
AMBA,AMBA,success,1561,2026-03-12 13:30:00+00:00,2026-06-05 20:00:00+00:00,America/New_York,2026-06-06 19:38:44.590616+00:00,
AMBP,AMBP,success,1561,2026-03-12 13:30:00+00:00,2026-06-05 20:00:00+00:00,America/New_York,2026-06-06 19:38:44.592321+00:00,
AMBQ,AMBQ,success,1559,2026-03-12 13:30:00+00:00,2026-06-05 20:00:00+00:00,America/New_York,2026-06-06 19:38:44.594489+00:00,
AMCI,AMCI,success,1147,2026-03-12 13:30:00+00:00,2026-06-05 20:00:00+00:00,America/New_York,2026-06-06 19:38:44.596603+00:00,
AMCR,AMCR,success,1561,2026-03-12 13:30:00+00:00,2026-06-05 20:00:00+00:00,America/New_York,2026-06-06 19:38:44.598374+00:00,
AMCX,AMCX,success,1560,2026-03-12 13:30:00+00:00,2026-06-05 20:00:00+00:00,America/New_York,2026-06-06 19:38:44.600095+00:00,
AMD,AMD,success,1561,2026-03-12 13:30:00+00:00,2026-06-05 20:00:00+00:00,America/New_York,2026-06-06 19:38:44.601718+00:00,
AME,AME,success,1561,2026-03-12 13:30:00+00:00,2026-06-05 20:00:00+00:00,America/New_York,2026-06-06 19:38:44.603196+00:00,
AMG,AMG,success,1550,2026-03-12 13:30:00+00:00,2026-06-05 20:00:00+00:00,America/New_York,2026-06-06 19:38:44.604800+00:00,
AMGN,AMGN,success,1561,2026-03-12 13:30:00+00:00,2026-06-05 20:00:00+00:00,America/New_York,2026-06-06 19:38:44.606906+00:00,
AMH,AMH,success,1561,2026-03-12 13:30:00+00:00,2026-06-05 20:00:00+00:00,America/New_York,2026-06-06 19:38:44.608892+00:00,
AMKR,AMKR,success,1561,2026-03-12 13:30:00+00:00,2026-06-05 20:00:00+00:00,America/New_York,2026-06-06 19:38:44.610773+00:00,
AMLX,AMLX,success,1561,2026-03-12 13:30:00+00:00,2026-06-05 20:00:00+00:00,America/New_York,2026-06-06 19:38:44.612223+00:00,
AMN,AMN,success,1561,2026-03-12 13:30:00+00:00,2026-06-05 20:00:00+00:00,America/New_York,2026-06-06 19:38:44.613826+00:00,
AMP,AMP,success,1561,2026-03-12 13:30:00+00:00,2026-06-05 20:00:00+00:00,America/New_York,2026-06-06 19:38:44.615233+00:00,
AMPG,AMPG,success,1553,2026-03-12 13:30:00+00:00,2026-06-05 20:00:00+00:00,America/New_York,2026-06-06 19:38:44.616511+00:00,
AMPH,AMPH,success,1561,2026-03-12 13:30:00+00:00,2026-06-05 20:00:00+00:00,America/New_York,2026-06-06 19:38:44.617872+00:00,
AMPL,AMPL,success,1561,2026-03-12 13:30:00+00:00,2026-06-05 20:00:00+00:00,America/New_York,2026-06-06 19:38:44.619223+00:00,
AMPX,AMPX,success,1561,2026-03-12 13:30:00+00:00,2026-06-05 20:00:00+00:00,America/New_York,2026-06-06 19:38:44.620713+00:00,
AMPY,AMPY,success,1561,2026-03-12 13:30:00+00:00,2026-06-05 20:00:00+00:00,America/New_York,2026-06-06 19:38:44.622068+00:00,
AMR,AMR,success,1554,2026-03-12 13:30:00+00:00,2026-06-05 20:00:00+00:00,America/New_York,2026-06-06 19:38:44.623679+00:00,
AMRC,AMRC,success,1561,2026-03-12 13:30:00+00:00,2026-06-05 20:00:00+00:00,America/New_York,2026-06-06 19:38:44.625228+00:00,
AMRN,AMRN,success,1169,2026-03-12 13:45:00+00:00,2026-06-05 20:00:00+00:00,America/New_York,2026-06-06 19:38:44.626425+00:00,
AMRX,AMRX,success,1561,2026-03-12 13:30:00+00:00,2026-06-05 20:00:00+00:00,America/New_York,2026-06-06 19:38:44.627811+00:00,
AMRZ,AMRZ,success,1561,2026-03-12 13:30:00+00:00,2026-06-05 20:00:00+00:00,America/New_York,2026-06-06 19:38:44.629258+00:00,
AMSC,AMSC,success,1561,2026-03-12 13:30:00+00:00,2026-06-05 20:00:00+00:00,America/New_York,2026-06-06 19:38:44.630609+00:00,
AMSF,AMSF,success,1539,2026-03-12 13:30:00+00:00,2026-06-05 20:00:00+00:00,America/New_York,2026-06-06 19:38:44.632086+00:00,
AMT,AMT,success,1561,2026-03-12 13:30:00+00:00,2026-06-05 20:00:00+00:00,America/New_York,2026-06-06 19:38:44.633522+00:00,
AMTB,AMTB,success,1556,2026-03-12 13:30:00+00:00,2026-06-05 20:00:00+00:00,America/New_York,2026-06-06 19:38:44.634982+00:00,
AMTM,AMTM,success,1561,2026-03-12 13:30:00+00:00,2026-06-05 20:00:00+00:00,America/New_York,2026-06-06 19:38:44.657538+00:00,
AMWL,AMWL,success,1265,2026-03-12 13:30:00+00:00,2026-06-05 20:00:00+00:00,America/New_York,2026-06-06 19:38:44.659328+00:00,
AMX,AMX,success,1561,2026-03-12 13:30:00+00:00,2026-06-05 20:00:00+00:00,America/New_York,2026-06-06 19:38:44.661161+00:00,
AMZN,AMZN,success,1561,2026-03-12 13:30:00+00:00,2026-06-05 20:00:00+00:00,America/New_York,2026-06-06 19:38:44.662644+00:00,
AN,AN,success,1560,2026-03-12 13:30:00+00:00,2026-06-05 20:00:00+00:00,America/New_York,2026-06-06 19:38:44.664204+00:00,
ANAB,ANAB,success,1559,2026-03-12 13:30:00+00:00,2026-06-05 20:00:00+00:00,America/New_York,2026-06-06 19:38:44.665608+00:00,
ANDE,ANDE,success,1550,2026-03-12 13:30:00+00:00,2026-06-05 20:00:00+00:00,America/New_York,2026-06-06 19:38:44.667085+00:00,
ANDG,ANDG,success,1514,2026-03-12 13:30:00+00:00,2026-06-05 20:00:00+00:00,America/New_York,2026-06-06 19:38:44.668545+00:00,
ANET,ANET,success,1561,2026-03-12 13:30:00+00:00,2026-06-05 20:00:00+00:00,America/New_York,2026-06-06 19:38:44.670107+00:00,
ANF,ANF,success,1561,2026-03-12 13:30:00+00:00,2026-06-05 20:00:00+00:00,America/New_York,2026-06-06 19:38:44.671648+00:00,
ANGI,ANGI,success,1561,2026-03-12 13:30:00+00:00,2026-06-05 20:00:00+00:00,America/New_York,2026-06-06 19:38:44.673423+00:00,
ANGO,ANGO,success,1559,2026-03-12 13:30:00+00:00,2026-06-05 20:00:00+00:00,America/New_York,2026-06-06 19:38:44.675025+00:00,
ANIK,ANIK,success,1424,2026-03-12 13:30:00+00:00,2026-06-05 20:00:00+00:00,America/New_York,2026-06-06 19:38:44.676450+00:00,
ANIP,ANIP,success,1541,2026-03-12 13:30:00+00:00,2026-06-05 20:00:00+00:00,America/New_York,2026-06-06 19:38:44.677905+00:00,
ANL,ANL,success,1466,2026-03-12 13:30:00+00:00,2026-06-05 20:00:00+00:00,America/New_York,2026-06-06 19:38:44.679330+00:00,
ANNA,ANNA,success,1558,2026-03-12 13:30:00+00:00,2026-06-05 20:00:00+00:00,America/New_York,2026-06-06 19:38:44.680710+00:00,
ANNX,ANNX,success,1561,2026-03-12 13:30:00+00:00,2026-06-05 20:00:00+00:00,America/New_York,2026-06-06 19:38:44.682048+00:00,
ANPA,ANPA,success,641,2026-03-12 13:30:00+00:00,2026-06-05 20:00:00+00:00,America/New_York,2026-06-06 19:38:44.683150+00:00,
ANRO,ANRO,success,1558,2026-03-12 13:30:00+00:00,2026-06-05 20:00:00+00:00,America/New_York,2026-06-06 19:38:44.684508+00:00,
ANTX,ANTX,success,1516,2026-03-12 13:30:00+00:00,2026-06-05 20:00:00+00:00,America/New_York,2026-06-06 19:38:44.685982+00:00,
AOMR,AOMR,success,1413,2026-03-12 13:30:00+00:00,2026-06-05 20:00:00+00:00,America/New_York,2026-06-06 19:38:44.687434+00:00,
AON,AON,success,1561,2026-03-12 13:30:00+00:00,2026-06-05 20:00:00+00:00,America/New_York,2026-06-06 19:38:44.688916+00:00,
AORT,AORT,success,1558,2026-03-12 13:30:00+00:00,2026-06-05 20:00:00+00:00,America/New_York,2026-06-06 19:38:44.690746+00:00,
AOS,AOS,success,1561,2026-03-12 13:30:00+00:00,2026-06-05 20:00:00+00:00,America/New_York,2026-06-06 19:38:44.692358+00:00,
AOSL,AOSL,success,1558,2026-03-12 13:30:00+00:00,2026-06-05 20:00:00+00:00,America/New_York,2026-06-06 19:38:44.694129+00:00,
AOUT,AOUT,success,1111,2026-03-12 13:30:00+00:00,2026-06-05 20:00:00+00:00,America/New_York,2026-06-06 19:38:44.695519+00:00,
AP,AP,success,1524,2026-03-12 13:30:00+00:00,2026-06-05 20:00:00+00:00,America/New_York,2026-06-06 19:38:44.696988+00:00,
APA,APA,success,1561,2026-03-12 13:30:00+00:00,2026-06-05 20:00:00+00:00,America/New_York,2026-06-06 19:38:44.698614+00:00,
APAM,APAM,success,1561,2026-03-12 13:30:00+00:00,2026-06-05 20:00:00+00:00,America/New_York,2026-06-06 19:38:44.700168+00:00,
APC,APC,success,1408,2026-03-12 13:30:00+00:00,2026-06-05 20:00:00+00:00,America/New_York,2026-06-06 19:38:44.701652+00:00,
APD,APD,success,1561,2026-03-12 13:30:00+00:00,2026-06-05 20:00:00+00:00,America/New_York,2026-06-06 19:38:44.703343+00:00,
APEI,APEI,success,1549,2026-03-12 13:30:00+00:00,2026-06-05 20:00:00+00:00,America/New_York,2026-06-06 19:38:44.704804+00:00,
APG,APG,success,1561,2026-03-12 13:30:00+00:00,2026-06-05 20:00:00+00:00,America/New_York,2026-06-06 19:38:44.706578+00:00,
APGE,APGE,success,1561,2026-03-12 13:30:00+00:00,2026-06-05 20:00:00+00:00,America/New_York,2026-06-06 19:38:44.708301+00:00,
APH,APH,success,1561,2026-03-12 13:30:00+00:00,2026-06-05 20:00:00+00:00,America/New_York,2026-06-06 19:38:44.709840+00:00,
API,API,success,1556,2026-03-12 13:30:00+00:00,2026-06-05 20:00:00+00:00,America/New_York,2026-06-06 19:38:44.711290+00:00,
APLD,APLD,success,1561,2026-03-12 13:30:00+00:00,2026-06-05 20:00:00+00:00,America/New_York,2026-06-06 19:38:44.712744+00:00,
APLE,APLE,success,1561,2026-03-12 13:30:00+00:00,2026-06-05 20:00:00+00:00,America/New_York,2026-06-06 19:38:44.714263+00:00,
APO,APO,success,1561,2026-03-12 13:30:00+00:00,2026-06-05 20:00:00+00:00,America/New_York,2026-06-06 19:38:44.715824+00:00,
APOG,APOG,success,1547,2026-03-12 13:30:00+00:00,2026-06-05 20:00:00+00:00,America/New_York,2026-06-06 19:38:44.717322+00:00,
APP,APP,success,1561,2026-03-12 13:30:00+00:00,2026-06-05 20:00:00+00:00,America/New_York,2026-06-06 19:38:44.718830+00:00,
APPF,APPF,success,1560,2026-03-12 13:30:00+00:00,2026-06-05 20:00:00+00:00,America/New_York,2026-06-06 19:38:44.720296+00:00,
APPN,APPN,success,1561,2026-03-12 13:30:00+00:00,2026-06-05 20:00:00+00:00,America/New_York,2026-06-06 19:38:44.721859+00:00,
APPS,APPS,success,1561,2026-03-12 13:30:00+00:00,2026-06-05 20:00:00+00:00,America/New_York,2026-06-06 19:38:44.723572+00:00,
APT,APT,success,1174,2026-03-12 13:30:00+00:00,2026-06-05 20:00:00+00:00,America/New_York,2026-06-06 19:38:44.725032+00:00,
APTV,APTV,success,1561,2026-03-12 13:30:00+00:00,2026-06-05 20:00:00+00:00,America/New_York,2026-06-06 19:38:44.726655+00:00,
APURU,APURU,success,143,2026-05-21 13:30:00+00:00,2026-06-05 20:00:00+00:00,America/New_York,2026-06-06 19:38:44.727620+00:00,
APXT,APXT,success,136,2026-03-16 14:00:00+00:00,2026-06-05 20:00:00+00:00,America/New_York,2026-06-06 19:38:44.728571+00:00,
APYX,APYX,success,1404,2026-03-12 13:30:00+00:00,2026-06-05 20:00:00+00:00,America/New_York,2026-06-06 19:38:44.730038+00:00,
AQN,AQN,success,1561,2026-03-12 13:30:00+00:00,2026-06-05 20:00:00+00:00,America/New_York,2026-06-06 19:38:44.731686+00:00,
AQST,AQST,success,1561,2026-03-12 13:30:00+00:00,2026-06-05 20:00:00+00:00,America/New_York,2026-06-06 19:38:44.733098+00:00,
AR,AR,success,1561,2026-03-12 13:30:00+00:00,2026-06-05 20:00:00+00:00,America/New_York,2026-06-06 19:38:44.734584+00:00,
ARCB,ARCB,success,1549,2026-03-12 13:30:00+00:00,2026-06-05 20:00:00+00:00,America/New_York,2026-06-06 19:38:44.736041+00:00,
ARCC,ARCC,success,1561,2026-03-12 13:30:00+00:00,2026-06-05 20:00:00+00:00,America/New_York,2026-06-06 19:38:44.737937+00:00,
ARCL,ARCL,success,28,2026-05-29 15:15:00+00:00,2026-06-05 20:00:00+00:00,America/New_York,2026-06-06 19:38:44.738897+00:00,
ARCO,ARCO,success,1561,2026-03-12 13:30:00+00:00,2026-06-05 20:00:00+00:00,America/New_York,2026-06-06 19:38:44.741204+00:00,
ARCT,ARCT,success,1559,2026-03-12 13:30:00+00:00,2026-06-05 20:00:00+00:00,America/New_York,2026-06-06 19:38:44.742909+00:00,
ARDT,ARDT,success,1558,2026-03-12 13:30:00+00:00,2026-06-05 20:00:00+00:00,America/New_York,2026-06-06 19:38:44.745208+00:00,
ARDX,ARDX,success,1561,2026-03-12 13:30:00+00:00,2026-06-05 20:00:00+00:00,America/New_York,2026-06-06 19:38:44.746761+00:00,
ARE,ARE,success,1561,2026-03-12 13:30:00+00:00,2026-06-05 20:00:00+00:00,America/New_York,2026-06-06 19:38:44.748359+00:00,
ARES,ARES,success,1561,2026-03-12 13:30:00+00:00,2026-06-05 20:00:00+00:00,America/New_York,2026-06-06 19:38:44.749960+00:00,
ARGX,ARGX,success,1561,2026-03-12 13:30:00+00:00,2026-06-05 20:00:00+00:00,America/New_York,2026-06-06 19:38:44.751513+00:00,
ARHS,ARHS,success,1561,2026-03-12 13:30:00+00:00,2026-06-05 20:00:00+00:00,America/New_York,2026-06-06 19:38:44.753134+00:00,
ARI,ARI,success,1561,2026-03-12 13:30:00+00:00,2026-06-05 20:00:00+00:00,America/New_York,2026-06-06 19:38:44.754679+00:00,
ARIS,ARIS,success,1561,2026-03-12 13:30:00+00:00,2026-06-05 20:00:00+00:00,America/New_York,2026-06-06 19:38:44.756455+00:00,
ARKO,ARKO,success,1561,2026-03-12 13:30:00+00:00,2026-06-05 20:00:00+00:00,America/New_York,2026-06-06 19:38:44.758126+00:00,
ARLO,ARLO,success,1561,2026-03-12 13:30:00+00:00,2026-06-05 20:00:00+00:00,America/New_York,2026-06-06 19:38:44.759773+00:00,
ARM,ARM,success,1561,2026-03-12 13:30:00+00:00,2026-06-05 20:00:00+00:00,America/New_York,2026-06-06 19:38:44.761391+00:00,
ARMK,ARMK,success,1561,2026-03-12 13:30:00+00:00,2026-06-05 20:00:00+00:00,America/New_York,2026-06-06 19:38:44.762997+00:00,
ARMP,ARMP,success,1291,2026-03-12 13:30:00+00:00,2026-06-05 20:00:00+00:00,America/New_York,2026-06-06 19:38:44.764488+00:00,
AROC,AROC,success,1561,2026-03-12 13:30:00+00:00,2026-06-05 20:00:00+00:00,America/New_York,2026-06-06 19:38:44.766112+00:00,
AROW,AROW,success,1265,2026-03-12 13:30:00+00:00,2026-06-05 20:00:00+00:00,America/New_York,2026-06-06 19:38:44.767627+00:00,
ARQQ,ARQQ,success,1553,2026-03-12 13:30:00+00:00,2026-06-05 20:00:00+00:00,America/New_York,2026-06-06 19:38:44.769417+00:00,
ARQT,ARQT,success,1561,2026-03-12 13:30:00+00:00,2026-06-05 20:00:00+00:00,America/New_York,2026-06-06 19:38:44.771125+00:00,
ARR,ARR,success,1561,2026-03-12 13:30:00+00:00,2026-06-05 20:00:00+00:00,America/New_York,2026-06-06 19:38:44.773047+00:00,
ARRY,ARRY,success,1561,2026-03-12 13:30:00+00:00,2026-06-05 20:00:00+00:00,America/New_York,2026-06-06 19:38:44.774842+00:00,
ARTC,ARTC,success,102,2026-03-12 13:45:00+00:00,2026-06-05 20:00:00+00:00,America/New_York,2026-06-06 19:38:44.775853+00:00,
ARTNA,ARTNA,success,1166,2026-03-12 13:30:00+00:00,2026-06-05 20:00:00+00:00,America/New_York,2026-06-06 19:38:44.777356+00:00,
ARTV,ARTV,success,1517,2026-03-12 13:30:00+00:00,2026-06-05 20:00:00+00:00,America/New_York,2026-06-06 19:38:44.778964+00:00,
ARVN,ARVN,success,1555,2026-03-12 13:30:00+00:00,2026-06-05 20:00:00+00:00,America/New_York,2026-06-06 19:38:44.780935+00:00,
ARW,ARW,success,1561,2026-03-12 13:30:00+00:00,2026-06-05 20:00:00+00:00,America/New_York,2026-06-06 19:38:44.782676+00:00,
ARWR,ARWR,success,1561,2026-03-12 13:30:00+00:00,2026-06-05 20:00:00+00:00,America/New_York,2026-06-06 19:38:44.784531+00:00,
ARX,ARX,success,1561,2026-03-12 13:30:00+00:00,2026-06-05 20:00:00+00:00,America/New_York,2026-06-06 19:38:44.786191+00:00,
ARXS,ARXS,success,926,2026-04-16 13:30:00+00:00,2026-06-05 20:00:00+00:00,America/New_York,2026-06-06 19:38:44.787610+00:00,
AS,AS,success,1561,2026-03-12 13:30:00+00:00,2026-06-05 20:00:00+00:00,America/New_York,2026-06-06 19:38:44.789338+00:00,
ASAN,ASAN,success,1561,2026-03-12 13:30:00+00:00,2026-06-05 20:00:00+00:00,America/New_York,2026-06-06 19:38:44.791305+00:00,
ASB,ASB,success,1561,2026-03-12 13:30:00+00:00,2026-06-05 20:00:00+00:00,America/New_York,2026-06-06 19:38:44.793038+00:00,
ASC,ASC,success,1561,2026-03-12 13:30:00+00:00,2026-06-05 20:00:00+00:00,America/New_York,2026-06-06 19:38:44.794691+00:00,
ASH,ASH,success,1561,2026-03-12 13:30:00+00:00,2026-06-05 20:00:00+00:00,America/New_York,2026-06-06 19:38:44.796253+00:00,
ASIC,ASIC,success,1326,2026-03-12 13:30:00+00:00,2026-06-05 20:00:00+00:00,America/New_York,2026-06-06 19:38:44.797718+00:00,
ASIX,ASIX,success,1559,2026-03-12 13:30:00+00:00,2026-06-05 20:00:00+00:00,America/New_York,2026-06-06 19:38:44.799364+00:00,
ASLE,ASLE,success,1531,2026-03-12 13:30:00+00:00,2026-06-05 20:00:00+00:00,America/New_York,2026-06-06 19:38:44.800925+00:00,
ASM,ASM,success,1561,2026-03-12 13:30:00+00:00,2026-06-05 20:00:00+00:00,America/New_York,2026-06-06 19:38:44.802739+00:00,
ASMB,ASMB,success,1385,2026-03-12 13:30:00+00:00,2026-06-05 20:00:00+00:00,America/New_York,2026-06-06 19:38:44.804482+00:00,
ASML,ASML,success,1561,2026-03-12 13:30:00+00:00,2026-06-05 20:00:00+00:00,America/New_York,2026-06-06 19:38:44.806411+00:00,
ASND,ASND,success,1558,2026-03-12 13:30:00+00:00,2026-06-05 20:00:00+00:00,America/New_York,2026-06-06 19:38:44.808106+00:00,
ASO,ASO,success,1561,2026-03-12 13:30:00+00:00,2026-06-05 20:00:00+00:00,America/New_York,2026-06-06 19:38:44.809742+00:00,
ASPI,ASPI,success,1561,2026-03-12 13:30:00+00:00,2026-06-05 20:00:00+00:00,America/New_York,2026-06-06 19:38:44.811325+00:00,
ASPN,ASPN,success,1561,2026-03-12 13:30:00+00:00,2026-06-05 20:00:00+00:00,America/New_York,2026-06-06 19:38:44.812983+00:00,
ASPS,ASPS,success,695,2026-03-12 13:30:00+00:00,2026-06-05 20:00:00+00:00,America/New_York,2026-06-06 19:38:44.814325+00:00,
ASR,ASR,success,1519,2026-03-12 13:30:00+00:00,2026-06-05 20:00:00+00:00,America/New_York,2026-06-06 19:38:44.816000+00:00,
ASRT,ASRT,success,1471,2026-03-12 13:30:00+00:00,2026-06-05 20:00:00+00:00,America/New_York,2026-06-06 19:38:44.817612+00:00,
ASST,ASST,success,1561,2026-03-12 13:30:00+00:00,2026-06-05 20:00:00+00:00,America/New_York,2026-06-06 19:38:44.819183+00:00,
ASTC,ASTC,success,1028,2026-03-12 13:30:00+00:00,2026-06-05 20:00:00+00:00,America/New_York,2026-06-06 19:38:44.820736+00:00,
ASTE,ASTE,success,1536,2026-03-12 13:30:00+00:00,2026-06-05 20:00:00+00:00,America/New_York,2026-06-06 19:38:44.822375+00:00,
ASTH,ASTH,success,1560,2026-03-12 13:30:00+00:00,2026-06-05 20:00:00+00:00,America/New_York,2026-06-06 19:38:44.824341+00:00,
ASTI,ASTI,success,1561,2026-03-12 13:30:00+00:00,2026-06-05 20:00:00+00:00,America/New_York,2026-06-06 19:38:44.826032+00:00,
ASTL,ASTL,success,1561,2026-03-12 13:30:00+00:00,2026-06-05 20:00:00+00:00,America/New_York,2026-06-06 19:38:44.827890+00:00,
ASTS,ASTS,success,1561,2026-03-12 13:30:00+00:00,2026-06-05 20:00:00+00:00,America/New_York,2026-06-06 19:38:44.829509+00:00,
ASUR,ASUR,success,1250,2026-03-12 13:30:00+00:00,2026-06-05 20:00:00+00:00,America/New_York,2026-06-06 19:38:44.830945+00:00,
ASX,ASX,success,1561,2026-03-12 13:30:00+00:00,2026-06-05 20:00:00+00:00,America/New_York,2026-06-06 19:38:44.832646+00:00,
ASYS,ASYS,success,1542,2026-03-12 13:30:00+00:00,2026-06-05 20:00:00+00:00,America/New_York,2026-06-06 19:38:44.834230+00:00,
ATAI,ATAI,success,1561,2026-03-12 13:30:00+00:00,2026-06-05 20:00:00+00:00,America/New_York,2026-06-06 19:38:44.835953+00:00,
ATAT,ATAT,success,1560,2026-03-12 13:30:00+00:00,2026-06-05 20:00:00+00:00,America/New_York,2026-06-06 19:38:44.837660+00:00,
ATEC,ATEC,success,1561,2026-03-12 13:30:00+00:00,2026-06-05 20:00:00+00:00,America/New_York,2026-06-06 19:38:44.839267+00:00,
ATEN,ATEN,success,1561,2026-03-12 13:30:00+00:00,2026-06-05 20:00:00+00:00,America/New_York,2026-06-06 19:38:44.841133+00:00,
ATEX,ATEX,success,1552,2026-03-12 13:30:00+00:00,2026-06-05 20:00:00+00:00,America/New_York,2026-06-06 19:38:44.842846+00:00,
ATHM,ATHM,success,1560,2026-03-12 13:30:00+00:00,2026-06-05 20:00:00+00:00,America/New_York,2026-06-06 19:38:44.844456+00:00,
ATI,ATI,success,1561,2026-03-12 13:30:00+00:00,2026-06-05 20:00:00+00:00,America/New_York,2026-06-06 19:38:44.846170+00:00,
ATII,ATII,success,766,2026-03-16 17:45:00+00:00,2026-06-05 20:00:00+00:00,America/New_York,2026-06-06 19:38:44.847441+00:00,
ATKR,ATKR,success,1560,2026-03-12 13:30:00+00:00,2026-06-05 20:00:00+00:00,America/New_York,2026-06-06 19:38:44.849102+00:00,
ATLC,ATLC,success,1294,2026-03-12 13:45:00+00:00,2026-06-05 20:00:00+00:00,America/New_York,2026-06-06 19:38:44.850637+00:00,
ATLO,ATLO,success,1358,2026-03-12 13:30:00+00:00,2026-06-05 20:00:00+00:00,America/New_York,2026-06-06 19:38:44.852177+00:00,
ATLX,ATLX,success,1557,2026-03-12 13:30:00+00:00,2026-06-05 20:00:00+00:00,America/New_York,2026-06-06 19:38:44.854046+00:00,
ATMU,ATMU,success,1561,2026-03-12 13:30:00+00:00,2026-06-05 20:00:00+00:00,America/New_York,2026-06-06 19:38:44.855708+00:00,
ATNI,ATNI,success,1268,2026-03-12 13:45:00+00:00,2026-06-05 20:00:00+00:00,America/New_York,2026-06-06 19:38:44.857492+00:00,
ATO,ATO,success,1561,2026-03-12 13:30:00+00:00,2026-06-05 20:00:00+00:00,America/New_York,2026-06-06 19:38:44.859222+00:00,
ATOM,ATOM,success,1561,2026-03-12 13:30:00+00:00,2026-06-05 20:00:00+00:00,America/New_York,2026-06-06 19:38:44.860882+00:00,
ATR,ATR,success,1559,2026-03-12 13:30:00+00:00,2026-06-05 20:00:00+00:00,America/New_York,2026-06-06 19:38:44.862690+00:00,
ATRA,ATRA,success,1331,2026-03-12 13:30:00+00:00,2026-06-05 20:00:00+00:00,America/New_York,2026-06-06 19:38:44.864343+00:00,
ATRC,ATRC,success,1561,2026-03-12 13:30:00+00:00,2026-06-05 20:00:00+00:00,America/New_York,2026-06-06 19:38:44.866207+00:00,
ATRO,ATRO,success,1561,2026-03-12 13:30:00+00:00,2026-06-05 20:00:00+00:00,America/New_York,2026-06-06 19:38:44.868054+00:00,
ATS,ATS,success,1514,2026-03-12 13:30:00+00:00,2026-06-05 20:00:00+00:00,America/New_York,2026-06-06 19:38:44.870161+00:00,
AU,AU,success,1561,2026-03-12 13:30:00+00:00,2026-06-05 20:00:00+00:00,America/New_York,2026-06-06 19:38:44.872243+00:00,
AUB,AUB,success,1561,2026-03-12 13:30:00+00:00,2026-06-05 20:00:00+00:00,America/New_York,2026-06-06 19:38:44.874452+00:00,
AUDC,AUDC,success,1369,2026-03-12 13:30:00+00:00,2026-06-05 20:00:00+00:00,America/New_York,2026-06-06 19:38:44.876316+00:00,
AUGO,AUGO,success,1561,2026-03-12 13:30:00+00:00,2026-06-05 20:00:00+00:00,America/New_York,2026-06-06 19:38:44.878188+00:00,
AUNA,AUNA,success,1539,2026-03-12 13:30:00+00:00,2026-06-05 20:00:00+00:00,America/New_York,2026-06-06 19:38:44.880481+00:00,
AUPH,AUPH,success,1561,2026-03-12 13:30:00+00:00,2026-06-05 20:00:00+00:00,America/New_York,2026-06-06 19:38:44.882303+00:00,
AUR,AUR,success,1561,2026-03-12 13:30:00+00:00,2026-06-05 20:00:00+00:00,America/New_York,2026-06-06 19:38:44.884215+00:00,
AURA,AURA,success,1550,2026-03-12 13:30:00+00:00,2026-06-05 20:00:00+00:00,America/New_York,2026-06-06 19:38:44.885975+00:00,
AVA,AVA,success,1560,2026-03-12 13:30:00+00:00,2026-06-05 20:00:00+00:00,America/New_York,2026-06-06 19:38:44.888081+00:00,
AVAH,AVAH,success,1561,2026-03-12 13:30:00+00:00,2026-06-05 20:00:00+00:00,America/New_York,2026-06-06 19:38:44.890173+00:00,
AVAV,AVAV,success,1561,2026-03-12 13:30:00+00:00,2026-06-05 20:00:00+00:00,America/New_York,2026-06-06 19:38:44.892302+00:00,
AVB,AVB,success,1561,2026-03-12 13:30:00+00:00,2026-06-05 20:00:00+00:00,America/New_York,2026-06-06 19:38:44.894328+00:00,
AVBC,AVBC,success,1163,2026-03-12 13:30:00+00:00,2026-06-05 20:00:00+00:00,America/New_York,2026-06-06 19:38:44.895906+00:00,
AVBH,AVBH,success,1306,2026-03-12 13:30:00+00:00,2026-06-05 20:00:00+00:00,America/New_York,2026-06-06 19:38:44.897595+00:00,
AVBP,AVBP,success,1560,2026-03-12 13:30:00+00:00,2026-06-05 20:00:00+00:00,America/New_York,2026-06-06 19:38:44.899533+00:00,
AVEX,AVEX,success,902,2026-04-17 13:30:00+00:00,2026-06-05 20:00:00+00:00,America/New_York,2026-06-06 19:38:44.902130+00:00,
AVGO,AVGO,success,1561,2026-03-12 13:30:00+00:00,2026-06-05 20:00:00+00:00,America/New_York,2026-06-06 19:38:44.904198+00:00,
AVIR,AVIR,success,1552,2026-03-12 13:30:00+00:00,2026-06-05 20:00:00+00:00,America/New_York,2026-06-06 19:38:44.906042+00:00,
AVLN,AVLN,success,655,2026-04-30 13:30:00+00:00,2026-06-05 20:00:00+00:00,America/New_York,2026-06-06 19:38:44.907957+00:00,
AVNS,AVNS,success,1561,2026-03-12 13:30:00+00:00,2026-06-05 20:00:00+00:00,America/New_York,2026-06-06 19:38:44.909835+00:00,
AVNT,AVNT,success,1561,2026-03-12 13:30:00+00:00,2026-06-05 20:00:00+00:00,America/New_York,2026-06-06 19:38:44.912080+00:00,
AVNW,AVNW,success,1507,2026-03-12 13:30:00+00:00,2026-06-05 20:00:00+00:00,America/New_York,2026-06-06 19:38:44.913958+00:00,
AVO,AVO,success,1561,2026-03-12 13:30:00+00:00,2026-06-05 20:00:00+00:00,America/New_York,2026-06-06 19:38:44.915850+00:00,
AVPT,AVPT,success,1561,2026-03-12 13:30:00+00:00,2026-06-05 20:00:00+00:00,America/New_York,2026-06-06 19:38:44.918736+00:00,
AVR,AVR,success,1561,2026-03-12 13:30:00+00:00,2026-06-05 20:00:00+00:00,America/New_York,2026-06-06 19:38:44.920628+00:00,
AVT,AVT,success,1561,2026-03-12 13:30:00+00:00,2026-06-05 20:00:00+00:00,America/New_York,2026-06-06 19:38:44.922561+00:00,
AVTR,AVTR,success,1561,2026-03-12 13:30:00+00:00,2026-06-05 20:00:00+00:00,America/New_York,2026-06-06 19:38:44.924700+00:00,
AVTX,AVTX,success,1559,2026-03-12 13:30:00+00:00,2026-06-05 20:00:00+00:00,America/New_York,2026-06-06 19:38:44.926787+00:00,
AVY,AVY,success,1561,2026-03-12 13:30:00+00:00,2026-06-05 20:00:00+00:00,America/New_York,2026-06-06 19:38:44.928567+00:00,
AWI,AWI,success,1561,2026-03-12 13:30:00+00:00,2026-06-05 20:00:00+00:00,America/New_York,2026-06-06 19:38:44.930423+00:00,
AWK,AWK,success,1561,2026-03-12 13:30:00+00:00,2026-06-05 20:00:00+00:00,America/New_York,2026-06-06 19:38:44.932316+00:00,
AWR,AWR,success,1558,2026-03-12 13:30:00+00:00,2026-06-05 20:00:00+00:00,America/New_York,2026-06-06 19:38:44.934238+00:00,
AX,AX,success,1558,2026-03-12 13:30:00+00:00,2026-06-05 20:00:00+00:00,America/New_York,2026-06-06 19:38:44.936205+00:00,
AXG,AXG,success,1265,2026-03-12 13:30:00+00:00,2026-06-05 20:00:00+00:00,America/New_York,2026-06-06 19:38:44.937988+00:00,
AXGN,AXGN,success,1561,2026-03-12 13:30:00+00:00,2026-06-05 20:00:00+00:00,America/New_York,2026-06-06 19:38:44.940026+00:00,
AXIA,AXIA,success,1561,2026-03-12 13:30:00+00:00,2026-06-05 20:00:00+00:00,America/New_York,2026-06-06 19:38:44.942102+00:00,
AXON,AXON,success,1561,2026-03-12 13:30:00+00:00,2026-06-05 20:00:00+00:00,America/New_York,2026-06-06 19:38:44.943976+00:00,
AXP,AXP,success,1561,2026-03-12 13:30:00+00:00,2026-06-05 20:00:00+00:00,America/New_York,2026-06-06 19:38:44.946116+00:00,
AXR,AXR,success,541,2026-03-12 13:30:00+00:00,2026-06-05 20:00:00+00:00,America/New_York,2026-06-06 19:38:44.947444+00:00,
AXS,AXS,success,1561,2026-03-12 13:30:00+00:00,2026-06-05 20:00:00+00:00,America/New_York,2026-06-06 19:38:44.949324+00:00,
AXSM,AXSM,success,1559,2026-03-12 13:30:00+00:00,2026-06-05 20:00:00+00:00,America/New_York,2026-06-06 19:38:44.951187+00:00,
AXTA,AXTA,success,1561,2026-03-12 13:30:00+00:00,2026-06-05 20:00:00+00:00,America/New_York,2026-06-06 19:38:44.953098+00:00,
AXTI,AXTI,success,1561,2026-03-12 13:30:00+00:00,2026-06-05 20:00:00+00:00,America/New_York,2026-06-06 19:38:44.954919+00:00,
AYA,AYA,success,621,2026-05-04 14:30:00+00:00,2026-06-05 20:00:00+00:00,America/New_York,2026-06-06 19:38:44.956489+00:00,
AYI,AYI,success,1561,2026-03-12 13:30:00+00:00,2026-06-05 20:00:00+00:00,America/New_York,2026-06-06 19:38:44.958578+00:00,
AZ,AZ,success,1551,2026-03-12 13:30:00+00:00,2026-06-05 20:00:00+00:00,America/New_York,2026-06-06 19:38:44.960512+00:00,
AZN,AZN,success,1561,2026-03-12 13:30:00+00:00,2026-06-05 20:00:00+00:00,America/New_York,2026-06-06 19:38:44.962362+00:00,
AZO,AZO,success,1561,2026-03-12 13:30:00+00:00,2026-06-05 20:00:00+00:00,America/New_York,2026-06-06 19:38:44.964173+00:00,
AZTA,AZTA,success,1561,2026-03-12 13:30:00+00:00,2026-06-05 20:00:00+00:00,America/New_York,2026-06-06 19:38:44.965966+00:00,
AZZ,AZZ,success,1527,2026-03-12 13:30:00+00:00,2026-06-05 20:00:00+00:00,America/New_York,2026-06-06 19:38:44.967920+00:00,
B,B,success,1561,2026-03-12 13:30:00+00:00,2026-06-05 20:00:00+00:00,America/New_York,2026-06-06 19:38:44.969814+00:00,
BA,BA,success,1561,2026-03-12 13:30:00+00:00,2026-06-05 20:00:00+00:00,America/New_York,2026-06-06 19:38:44.971611+00:00,
BABA,BABA,success,1561,2026-03-12 13:30:00+00:00,2026-06-05 20:00:00+00:00,America/New_York,2026-06-06 19:38:44.973643+00:00,
BAC,BAC,success,1561,2026-03-12 13:30:00+00:00,2026-06-05 20:00:00+00:00,America/New_York,2026-06-06 19:38:44.975695+00:00,
BACC,BACC,success,201,2026-03-12 13:30:00+00:00,2026-06-05 20:00:00+00:00,America/New_York,2026-06-06 19:38:44.976970+00:00,
BAH,BAH,success,1561,2026-03-12 13:30:00+00:00,2026-06-05 20:00:00+00:00,America/New_York,2026-06-06 19:38:44.979659+00:00,
BALL,BALL,success,1561,2026-03-12 13:30:00+00:00,2026-06-05 20:00:00+00:00,America/New_York,2026-06-06 19:38:44.981457+00:00,
BALY,BALY,success,1175,2026-03-12 13:30:00+00:00,2026-06-05 20:00:00+00:00,America/New_York,2026-06-06 19:38:44.983079+00:00,
BAM,BAM,success,1561,2026-03-12 13:30:00+00:00,2026-06-05 20:00:00+00:00,America/New_York,2026-06-06 19:38:44.984983+00:00,
BANC,BANC,success,1561,2026-03-12 13:30:00+00:00,2026-06-05 20:00:00+00:00,America/New_York,2026-06-06 19:38:44.986880+00:00,
BAND,BAND,success,1558,2026-03-12 13:30:00+00:00,2026-06-05 20:00:00+00:00,America/New_York,2026-06-06 19:38:44.988658+00:00,
BANF,BANF,success,1370,2026-03-12 13:30:00+00:00,2026-06-05 20:00:00+00:00,America/New_York,2026-06-06 19:38:44.990635+00:00,
BANR,BANR,success,1541,2026-03-12 13:30:00+00:00,2026-06-05 20:00:00+00:00,America/New_York,2026-06-06 19:38:44.993016+00:00,
BAP,BAP,success,1560,2026-03-12 13:30:00+00:00,2026-06-05 20:00:00+00:00,America/New_York,2026-06-06 19:38:44.994965+00:00,
BARK,BARK,success,1326,2026-03-12 13:30:00+00:00,2026-06-05 20:00:00+00:00,America/New_York,2026-06-06 19:38:44.996647+00:00,
BATRK,BATRK,success,1553,2026-03-12 13:30:00+00:00,2026-06-05 20:00:00+00:00,America/New_York,2026-06-06 19:38:44.998455+00:00,
BAX,BAX,success,1561,2026-03-12 13:30:00+00:00,2026-06-05 20:00:00+00:00,America/New_York,2026-06-06 19:38:45.000338+00:00,
BB,BB,success,1561,2026-03-12 13:30:00+00:00,2026-06-05 20:00:00+00:00,America/New_York,2026-06-06 19:38:45.002337+00:00,
BBAI,BBAI,success,1561,2026-03-12 13:30:00+00:00,2026-06-05 20:00:00+00:00,America/New_York,2026-06-06 19:38:45.004363+00:00,
BBAR,BBAR,success,1561,2026-03-12 13:30:00+00:00,2026-06-05 20:00:00+00:00,America/New_York,2026-06-06 19:38:45.006666+00:00,
BBBY,BBBY,success,1561,2026-03-12 13:30:00+00:00,2026-06-05 20:00:00+00:00,America/New_York,2026-06-06 19:38:45.008701+00:00,
BBCP,BBCP,success,1338,2026-03-12 13:30:00+00:00,2026-06-05 20:00:00+00:00,America/New_York,2026-06-06 19:38:45.010514+00:00,
BBCQ,BBCQ,success,981,2026-03-12 13:30:00+00:00,2026-06-05 20:00:00+00:00,America/New_York,2026-06-06 19:38:45.012130+00:00,
BBDC,BBDC,success,1561,2026-03-12 13:30:00+00:00,2026-06-05 20:00:00+00:00,America/New_York,2026-06-06 19:38:45.014103+00:00,
BBIO,BBIO,success,1561,2026-03-12 13:30:00+00:00,2026-06-05 20:00:00+00:00,America/New_York,2026-06-06 19:38:45.016796+00:00,
BBNX,BBNX,success,1561,2026-03-12 13:30:00+00:00,2026-06-05 20:00:00+00:00,America/New_York,2026-06-06 19:38:45.018973+00:00,
BBOT,BBOT,success,1532,2026-03-12 13:30:00+00:00,2026-06-05 20:00:00+00:00,America/New_York,2026-06-06 19:38:45.046137+00:00,
BBSI,BBSI,success,1513,2026-03-12 13:30:00+00:00,2026-06-05 20:00:00+00:00,America/New_York,2026-06-06 19:38:45.048855+00:00,
BBT,BBT,success,1561,2026-03-12 13:30:00+00:00,2026-06-05 20:00:00+00:00,America/New_York,2026-06-06 19:38:45.051266+00:00,
BBVA,BBVA,success,1561,2026-03-12 13:30:00+00:00,2026-06-05 20:00:00+00:00,America/New_York,2026-06-06 19:38:45.053754+00:00,
BBW,BBW,success,1558,2026-03-12 13:30:00+00:00,2026-06-05 20:00:00+00:00,America/New_York,2026-06-06 19:38:45.056081+00:00,
BBWI,BBWI,success,1561,2026-03-12 13:30:00+00:00,2026-06-05 20:00:00+00:00,America/New_York,2026-06-06 19:38:45.058862+00:00,
BBY,BBY,success,1561,2026-03-12 13:30:00+00:00,2026-06-05 20:00:00+00:00,America/New_York,2026-06-06 19:38:45.061296+00:00,
BC,BC,success,1561,2026-03-12 13:30:00+00:00,2026-06-05 20:00:00+00:00,America/New_York,2026-06-06 19:38:45.063441+00:00,
BCAL,BCAL,success,1484,2026-03-12 13:30:00+00:00,2026-06-05 20:00:00+00:00,America/New_York,2026-06-06 19:38:45.065423+00:00,
BCAR,BCAR,success,1127,2026-03-12 13:30:00+00:00,2026-06-05 20:00:00+00:00,America/New_York,2026-06-06 19:38:45.067463+00:00,
BCAX,BCAX,success,1554,2026-03-12 13:30:00+00:00,2026-06-05 20:00:00+00:00,America/New_York,2026-06-06 19:38:45.069809+00:00,
BCBP,BCBP,success,1406,2026-03-12 13:30:00+00:00,2026-06-05 20:00:00+00:00,America/New_York,2026-06-06 19:38:45.071985+00:00,
BCC,BCC,success,1557,2026-03-12 13:30:00+00:00,2026-06-05 20:00:00+00:00,America/New_York,2026-06-06 19:38:45.074654+00:00,
BCE,BCE,success,1561,2026-03-12 13:30:00+00:00,2026-06-05 20:00:00+00:00,America/New_York,2026-06-06 19:38:45.077110+00:00,
BCH,BCH,success,1558,2026-03-12 13:30:00+00:00,2026-06-05 20:00:00+00:00,America/New_York,2026-06-06 19:38:45.079257+00:00,
BCIC,BCIC,success,1392,2026-03-12 13:30:00+00:00,2026-06-05 20:00:00+00:00,America/New_York,2026-06-06 19:38:45.081264+00:00,
BCML,BCML,success,882,2026-03-12 13:30:00+00:00,2026-06-05 20:00:00+00:00,America/New_York,2026-06-06 19:38:45.083174+00:00,
BCO,BCO,success,1560,2026-03-12 13:30:00+00:00,2026-06-05 20:00:00+00:00,America/New_York,2026-06-06 19:38:45.085377+00:00,
BCPC,BCPC,success,1477,2026-03-12 13:30:00+00:00,2026-06-05 20:00:00+00:00,America/New_York,2026-06-06 19:38:45.087684+00:00,
BCRX,BCRX,success,1561,2026-03-12 13:30:00+00:00,2026-06-05 20:00:00+00:00,America/New_York,2026-06-06 19:38:45.090037+00:00,
BCS,BCS,success,1561,2026-03-12 13:30:00+00:00,2026-06-05 20:00:00+00:00,America/New_York,2026-06-06 19:38:45.092312+00:00,
BCSF,BCSF,success,1559,2026-03-12 13:30:00+00:00,2026-06-05 20:00:00+00:00,America/New_York,2026-06-06 19:38:45.094446+00:00,
BCSS,BCSS,success,272,2026-03-12 13:30:00+00:00,2026-06-04 19:30:00+00:00,America/New_York,2026-06-06 19:38:45.095791+00:00,
BCYC,BCYC,success,1553,2026-03-12 13:30:00+00:00,2026-06-05 20:00:00+00:00,America/New_York,2026-06-06 19:38:45.097795+00:00,
BDC,BDC,success,1560,2026-03-12 13:30:00+00:00,2026-06-05 20:00:00+00:00,America/New_York,2026-06-06 19:38:45.099939+00:00,
BDCI,BDCI,success,101,2026-03-13 15:30:00+00:00,2026-06-05 20:00:00+00:00,America/New_York,2026-06-06 19:38:45.101258+00:00,
BDN,BDN,success,1561,2026-03-12 13:30:00+00:00,2026-06-05 20:00:00+00:00,America/New_York,2026-06-06 19:38:45.103362+00:00,
BDSX,BDSX,success,1211,2026-03-12 13:30:00+00:00,2026-06-05 20:00:00+00:00,America/New_York,2026-06-06 19:38:45.105207+00:00,
BDX,BDX,success,1561,2026-03-12 13:30:00+00:00,2026-06-05 20:00:00+00:00,America/New_York,2026-06-06 19:38:45.107589+00:00,
BE,BE,success,1561,2026-03-12 13:30:00+00:00,2026-06-05 20:00:00+00:00,America/New_York,2026-06-06 19:38:45.109768+00:00,
BEAG,BEAG,success,301,2026-03-12 15:30:00+00:00,2026-06-05 20:00:00+00:00,America/New_York,2026-06-06 19:38:45.111154+00:00,
BEAM,BEAM,success,1561,2026-03-12 13:30:00+00:00,2026-06-05 20:00:00+00:00,America/New_York,2026-06-06 19:38:45.113185+00:00,
BEKE,BEKE,success,1561,2026-03-12 13:30:00+00:00,2026-06-05 20:00:00+00:00,America/New_York,2026-06-06 19:38:45.115275+00:00,
BELFB,BELFB,success,1498,2026-03-12 13:30:00+00:00,2026-06-05 20:00:00+00:00,America/New_York,2026-06-06 19:38:45.117294+00:00,
BEN,BEN,success,1561,2026-03-12 13:30:00+00:00,2026-06-05 20:00:00+00:00,America/New_York,2026-06-06 19:38:45.119694+00:00,
BEPC,BEPC,success,1561,2026-03-12 13:30:00+00:00,2026-06-05 20:00:00+00:00,America/New_York,2026-06-06 19:38:45.122010+00:00,
BETA,BETA,success,1561,2026-03-12 13:30:00+00:00,2026-06-05 20:00:00+00:00,America/New_York,2026-06-06 19:38:45.124465+00:00,
BETR,BETR,success,1559,2026-03-12 13:30:00+00:00,2026-06-05 20:00:00+00:00,America/New_York,2026-06-06 19:38:45.126756+00:00,
BF.B,BF-B,success,1561,2026-03-12 13:30:00+00:00,2026-06-05 20:00:00+00:00,America/New_York,2026-06-06 19:38:45.128959+00:00,
BFAM,BFAM,success,1561,2026-03-12 13:30:00+00:00,2026-06-05 20:00:00+00:00,America/New_York,2026-06-06 19:38:45.131025+00:00,
BFC,BFC,success,1192,2026-03-12 13:30:00+00:00,2026-06-05 20:00:00+00:00,America/New_York,2026-06-06 19:38:45.132971+00:00,
BFH,BFH,success,1561,2026-03-12 13:30:00+00:00,2026-06-05 20:00:00+00:00,America/New_York,2026-06-06 19:38:45.135170+00:00,
BFLY,BFLY,success,1561,2026-03-12 13:30:00+00:00,2026-06-05 20:00:00+00:00,America/New_York,2026-06-06 19:38:45.137301+00:00,
BFS,BFS,success,1244,2026-03-12 13:30:00+00:00,2026-06-05 20:00:00+00:00,America/New_York,2026-06-06 19:38:45.139343+00:00,
BFST,BFST,success,1523,2026-03-12 13:30:00+00:00,2026-06-05 20:00:00+00:00,America/New_York,2026-06-06 19:38:45.141722+00:00,
BG,BG,success,1561,2026-03-12 13:30:00+00:00,2026-06-05 20:00:00+00:00,America/New_York,2026-06-06 19:38:45.144298+00:00,
BGC,BGC,success,1561,2026-03-12 13:30:00+00:00,2026-06-05 20:00:00+00:00,America/New_York,2026-06-06 19:38:45.146700+00:00,
BGS,BGS,success,1561,2026-03-12 13:30:00+00:00,2026-06-05 20:00:00+00:00,America/New_York,2026-06-06 19:38:45.149053+00:00,
BGSF,BGSF,success,670,2026-03-12 13:30:00+00:00,2026-06-05 20:00:00+00:00,America/New_York,2026-06-06 19:38:45.150812+00:00,
BGSI,BGSI,success,1179,2026-03-12 13:30:00+00:00,2026-06-05 20:00:00+00:00,America/New_York,2026-06-06 19:38:45.152985+00:00,
BH,BH,success,1468,2026-03-12 13:30:00+00:00,2026-06-05 20:00:00+00:00,America/New_York,2026-06-06 19:38:45.155327+00:00,
BHB,BHB,success,1417,2026-03-12 13:30:00+00:00,2026-06-05 20:00:00+00:00,America/New_York,2026-06-06 19:38:45.158061+00:00,
BHC,BHC,success,1561,2026-03-12 13:30:00+00:00,2026-06-05 20:00:00+00:00,America/New_York,2026-06-06 19:38:45.160473+00:00,
BHE,BHE,success,1560,2026-03-12 13:30:00+00:00,2026-06-05 20:00:00+00:00,America/New_York,2026-06-06 19:38:45.162918+00:00,
BHF,BHF,success,1560,2026-03-12 13:30:00+00:00,2026-06-05 20:00:00+00:00,America/New_York,2026-06-06 19:38:45.165288+00:00,
BHP,BHP,success,1561,2026-03-12 13:30:00+00:00,2026-06-05 20:00:00+00:00,America/New_York,2026-06-06 19:38:45.167787+00:00,
BHRB,BHRB,success,1432,2026-03-12 13:30:00+00:00,2026-06-05 20:00:00+00:00,America/New_York,2026-06-06 19:38:45.170216+00:00,
BHST,BHST,success,552,2026-03-12 14:00:00+00:00,2026-06-05 20:00:00+00:00,America/New_York,2026-06-06 19:38:45.172037+00:00,
BHVN,BHVN,success,1561,2026-03-12 13:30:00+00:00,2026-06-05 20:00:00+00:00,America/New_York,2026-06-06 19:38:45.174890+00:00,
BIDU,BIDU,success,1561,2026-03-12 13:30:00+00:00,2026-06-05 20:00:00+00:00,America/New_York,2026-06-06 19:38:45.177397+00:00,
BIDWU,BIDWU,success,55,2026-05-29 13:30:00+00:00,2026-06-05 20:00:00+00:00,America/New_York,2026-06-06 19:38:45.178882+00:00,
BIIB,BIIB,success,1561,2026-03-12 13:30:00+00:00,2026-06-05 20:00:00+00:00,America/New_York,2026-06-06 19:38:45.181360+00:00,
BILI,BILI,success,1561,2026-03-12 13:30:00+00:00,2026-06-05 20:00:00+00:00,America/New_York,2026-06-06 19:38:45.183848+00:00,
BILL,BILL,success,1561,2026-03-12 13:30:00+00:00,2026-06-05 20:00:00+00:00,America/New_York,2026-06-06 19:38:45.186289+00:00,
BIO,BIO,success,1561,2026-03-12 13:30:00+00:00,2026-06-05 20:00:00+00:00,America/New_York,2026-06-06 19:38:45.188772+00:00,
BIOA,BIOA,success,1558,2026-03-12 13:30:00+00:00,2026-06-05 20:00:00+00:00,America/New_York,2026-06-06 19:38:45.191600+00:00,
BIPC,BIPC,success,1561,2026-03-12 13:30:00+00:00,2026-06-05 20:00:00+00:00,America/New_York,2026-06-06 19:38:45.194341+00:00,
BIRK,BIRK,success,1561,2026-03-12 13:30:00+00:00,2026-06-05 20:00:00+00:00,America/New_York,2026-06-06 19:38:45.196913+00:00,
BJ,BJ,success,1561,2026-03-12 13:30:00+00:00,2026-06-05 20:00:00+00:00,America/New_York,2026-06-06 19:38:45.199294+00:00,
BJRI,BJRI,success,1552,2026-03-12 13:30:00+00:00,2026-06-05 20:00:00+00:00,America/New_York,2026-06-06 19:38:45.201665+00:00,
BKD,BKD,success,1561,2026-03-12 13:30:00+00:00,2026-06-05 20:00:00+00:00,America/New_York,2026-06-06 19:38:45.204236+00:00,
BKE,BKE,success,1557,2026-03-12 13:30:00+00:00,2026-06-05 20:00:00+00:00,America/New_York,2026-06-06 19:38:45.206938+00:00,
BKH,BKH,success,1561,2026-03-12 13:30:00+00:00,2026-06-05 20:00:00+00:00,America/New_York,2026-06-06 19:38:45.209913+00:00,
BKKT,BKKT,success,1561,2026-03-12 13:30:00+00:00,2026-06-05 20:00:00+00:00,America/New_York,2026-06-06 19:38:45.212562+00:00,
BKNG,BKNG,success,1561,2026-03-12 13:30:00+00:00,2026-06-05 20:00:00+00:00,America/New_York,2026-06-06 19:38:45.215054+00:00,
BKR,BKR,success,1561,2026-03-12 13:30:00+00:00,2026-06-05 20:00:00+00:00,America/New_York,2026-06-06 19:38:45.217997+00:00,
BKSY,BKSY,success,1561,2026-03-12 13:30:00+00:00,2026-06-05 20:00:00+00:00,America/New_York,2026-06-06 19:38:45.220685+00:00,
BKTI,BKTI,success,1198,2026-03-12 13:30:00+00:00,2026-06-05 20:00:00+00:00,America/New_York,2026-06-06 19:38:45.223244+00:00,
BKU,BKU,success,1561,2026-03-12 13:30:00+00:00,2026-06-05 20:00:00+00:00,America/New_York,2026-06-06 19:38:45.226044+00:00,
BKV,BKV,success,1561,2026-03-12 13:30:00+00:00,2026-06-05 20:00:00+00:00,America/New_York,2026-06-06 19:38:45.228577+00:00,
BL,BL,success,1561,2026-03-12 13:30:00+00:00,2026-06-05 20:00:00+00:00,America/New_York,2026-06-06 19:38:45.231034+00:00,
BLBD,BLBD,success,1557,2026-03-12 13:30:00+00:00,2026-06-05 20:00:00+00:00,America/New_York,2026-06-06 19:38:45.233634+00:00,
BLCO,BLCO,success,1559,2026-03-12 13:30:00+00:00,2026-06-05 20:00:00+00:00,America/New_York,2026-06-06 19:38:45.236089+00:00,
BLD,BLD,success,1561,2026-03-12 13:30:00+00:00,2026-06-05 20:00:00+00:00,America/New_York,2026-06-06 19:38:45.238571+00:00,
BLDP,BLDP,success,1561,2026-03-12 13:30:00+00:00,2026-06-05 20:00:00+00:00,America/New_York,2026-06-06 19:38:45.241324+00:00,
BLDR,BLDR,success,1561,2026-03-12 13:30:00+00:00,2026-06-05 20:00:00+00:00,America/New_York,2026-06-06 19:38:45.244030+00:00,
BLFS,BLFS,success,1559,2026-03-12 13:30:00+00:00,2026-06-05 20:00:00+00:00,America/New_York,2026-06-06 19:38:45.247507+00:00,
BLK,BLK,success,1561,2026-03-12 13:30:00+00:00,2026-06-05 20:00:00+00:00,America/New_York,2026-06-06 19:38:45.250959+00:00,
BLKB,BLKB,success,1561,2026-03-12 13:30:00+00:00,2026-06-05 20:00:00+00:00,America/New_York,2026-06-06 19:38:45.257759+00:00,
BLLN,BLLN,success,1559,2026-03-12 13:30:00+00:00,2026-06-05 20:00:00+00:00,America/New_York,2026-06-06 19:38:45.264496+00:00,
BLMN,BLMN,success,1561,2026-03-12 13:30:00+00:00,2026-06-05 20:00:00+00:00,America/New_York,2026-06-06 19:38:45.267442+00:00,
BLSH,BLSH,success,1561,2026-03-12 13:30:00+00:00,2026-06-05 20:00:00+00:00,America/New_York,2026-06-06 19:38:45.269994+00:00,
BLTE,BLTE,success,1468,2026-03-12 13:30:00+00:00,2026-06-05 20:00:00+00:00,America/New_York,2026-06-06 19:38:45.272461+00:00,
BLUW,BLUW,success,136,2026-03-12 18:00:00+00:00,2026-06-05 20:00:00+00:00,America/New_York,2026-06-06 19:38:45.275121+00:00,
BLX,BLX,success,1519,2026-03-12 13:30:00+00:00,2026-06-05 20:00:00+00:00,America/New_York,2026-06-06 19:38:45.277754+00:00,
BLZE,BLZE,success,1561,2026-03-12 13:30:00+00:00,2026-06-05 20:00:00+00:00,America/New_York,2026-06-06 19:38:45.280442+00:00,
BLZR,BLZR,success,168,2026-03-13 16:30:00+00:00,2026-06-05 20:00:00+00:00,America/New_York,2026-06-06 19:38:45.282438+00:00,
BMA,BMA,success,1556,2026-03-12 13:30:00+00:00,2026-06-05 20:00:00+00:00,America/New_York,2026-06-06 19:38:45.288593+00:00,
BMI,BMI,success,1558,2026-03-12 13:30:00+00:00,2026-06-05 20:00:00+00:00,America/New_York,2026-06-06 19:38:45.292086+00:00,
BMM,BMM,success,1298,2026-03-12 13:30:00+00:00,2026-06-05 20:00:00+00:00,America/New_York,2026-06-06 19:38:45.294620+00:00,
BMNR,BMNR,success,1561,2026-03-12 13:30:00+00:00,2026-06-05 20:00:00+00:00,America/New_York,2026-06-06 19:38:45.297259+00:00,
BMO,BMO,success,1561,2026-03-12 13:30:00+00:00,2026-06-05 20:00:00+00:00,America/New_York,2026-06-06 19:38:45.299890+00:00,
BMRC,BMRC,success,1395,2026-03-12 13:30:00+00:00,2026-06-05 20:00:00+00:00,America/New_York,2026-06-06 19:38:45.302894+00:00,
BMRN,BMRN,success,1561,2026-03-12 13:30:00+00:00,2026-06-05 20:00:00+00:00,America/New_York,2026-06-06 19:38:45.310438+00:00,
BMY,BMY,success,1561,2026-03-12 13:30:00+00:00,2026-06-05 20:00:00+00:00,America/New_York,2026-06-06 19:38:45.313258+00:00,
BN,BN,success,1561,2026-03-12 13:30:00+00:00,2026-06-05 20:00:00+00:00,America/New_York,2026-06-06 19:38:45.316174+00:00,
BNAI,BNAI,success,1556,2026-03-12 13:30:00+00:00,2026-06-05 20:00:00+00:00,America/New_York,2026-06-06 19:38:45.319328+00:00,
BNED,BNED,success,1552,2026-03-12 13:30:00+00:00,2026-06-05 20:00:00+00:00,America/New_York,2026-06-06 19:38:45.327782+00:00,
BNL,BNL,success,1561,2026-03-12 13:30:00+00:00,2026-06-05 20:00:00+00:00,America/New_York,2026-06-06 19:38:45.330897+00:00,
BNR,BNR,success,631,2026-03-12 14:00:00+00:00,2026-06-05 20:00:00+00:00,America/New_York,2026-06-06 19:38:45.333583+00:00,
BNS,BNS,success,1561,2026-03-12 13:30:00+00:00,2026-06-05 20:00:00+00:00,America/New_York,2026-06-06 19:38:45.341210+00:00,
BNT,BNT,success,984,2026-03-12 13:30:00+00:00,2026-06-05 20:00:00+00:00,America/New_York,2026-06-06 19:38:45.345168+00:00,
BNTC,BNTC,success,1401,2026-03-12 13:30:00+00:00,2026-06-05 20:00:00+00:00,America/New_York,2026-06-06 19:38:45.348618+00:00,
BNTX,BNTX,success,1561,2026-03-12 13:30:00+00:00,2026-06-05 20:00:00+00:00,America/New_York,2026-06-06 19:38:45.352830+00:00,
BNY,BNY,success,261,2026-05-22 13:30:00+00:00,2026-06-05 20:00:00+00:00,America/New_York,2026-06-06 19:38:45.355478+00:00,
BOBS,BOBS,success,1561,2026-03-12 13:30:00+00:00,2026-06-05 20:00:00+00:00,America/New_York,2026-06-06 19:38:45.359134+00:00,
BOC,BOC,success,1506,2026-03-12 13:30:00+00:00,2026-06-05 20:00:00+00:00,America/New_York,2026-06-06 19:38:45.361700+00:00,
BODI,BODI,success,1328,2026-03-12 13:30:00+00:00,2026-06-05 20:00:00+00:00,America/New_York,2026-06-06 19:38:45.364052+00:00,
BOF,BOF,success,1038,2026-03-12 13:30:00+00:00,2026-06-05 20:00:00+00:00,America/New_York,2026-06-06 19:38:45.366607+00:00,
BOH,BOH,success,1561,2026-03-12 13:30:00+00:00,2026-06-05 20:00:00+00:00,America/New_York,2026-06-06 19:38:45.369513+00:00,
BOKF,BOKF,success,1548,2026-03-12 13:30:00+00:00,2026-06-05 20:00:00+00:00,America/New_York,2026-06-06 19:38:45.372423+00:00,
BOOM,BOOM,success,1558,2026-03-12 13:30:00+00:00,2026-06-05 20:00:00+00:00,America/New_York,2026-06-06 19:38:45.376400+00:00,
BOOT,BOOT,success,1561,2026-03-12 13:30:00+00:00,2026-06-05 20:00:00+00:00,America/New_York,2026-06-06 19:38:45.379072+00:00,
BORR,BORR,success,1561,2026-03-12 13:30:00+00:00,2026-06-05 20:00:00+00:00,America/New_York,2026-06-06 19:38:45.381801+00:00,
BOTJ,BOTJ,success,541,2026-03-12 14:00:00+00:00,2026-06-05 20:00:00+00:00,America/New_York,2026-06-06 19:38:45.383915+00:00,
BOW,BOW,success,1524,2026-03-12 13:30:00+00:00,2026-06-05 20:00:00+00:00,America/New_York,2026-06-06 19:38:45.386628+00:00,
BOX,BOX,success,1561,2026-03-12 13:30:00+00:00,2026-06-05 20:00:00+00:00,America/New_York,2026-06-06 19:38:45.390361+00:00,
BP,BP,success,1561,2026-03-12 13:30:00+00:00,2026-06-05 20:00:00+00:00,America/New_York,2026-06-06 19:38:45.393366+00:00,
BPOP,BPOP,success,1561,2026-03-12 13:30:00+00:00,2026-06-05 20:00:00+00:00,America/New_York,2026-06-06 19:38:45.396547+00:00,
BPRN,BPRN,success,380,2026-03-12 13:30:00+00:00,2026-06-05 20:00:00+00:00,America/New_York,2026-06-06 19:38:45.399400+00:00,
BR,BR,success,1561,2026-03-12 13:30:00+00:00,2026-06-05 20:00:00+00:00,America/New_York,2026-06-06 19:38:45.403045+00:00,
BRAI,BRAI,success,774,2026-03-12 13:30:00+00:00,2026-06-05 20:00:00+00:00,America/New_York,2026-06-06 19:38:45.406239+00:00,
BRBR,BRBR,success,1561,2026-03-12 13:30:00+00:00,2026-06-05 20:00:00+00:00,America/New_York,2026-06-06 19:38:45.410361+00:00,
BRBS,BRBS,success,1530,2026-03-12 13:30:00+00:00,2026-06-05 20:00:00+00:00,America/New_York,2026-06-06 19:38:45.413797+00:00,
BRC,BRC,success,1543,2026-03-12 13:30:00+00:00,2026-06-05 20:00:00+00:00,America/New_York,2026-06-06 19:38:45.417280+00:00,
BRCB,BRCB,success,1556,2026-03-12 13:30:00+00:00,2026-06-05 20:00:00+00:00,America/New_York,2026-06-06 19:38:45.420827+00:00,
BRK.B,BRK-B,success,1561,2026-03-12 13:30:00+00:00,2026-06-05 20:00:00+00:00,America/New_York,2026-06-06 19:38:45.424551+00:00,
BRKHU,BRKHU,success,48,2026-05-22 14:00:00+00:00,2026-06-05 20:00:00+00:00,America/New_York,2026-06-06 19:38:45.426614+00:00,
BRKR,BRKR,success,1561,2026-03-12 13:30:00+00:00,2026-06-05 20:00:00+00:00,America/New_York,2026-06-06 19:38:45.429585+00:00,
BRO,BRO,success,1561,2026-03-12 13:30:00+00:00,2026-06-05 20:00:00+00:00,America/New_York,2026-06-06 19:38:45.432433+00:00,
BROS,BROS,success,1561,2026-03-12 13:30:00+00:00,2026-06-05 20:00:00+00:00,America/New_York,2026-06-06 19:38:45.435501+00:00,
BRSL,BRSL,success,1561,2026-03-12 13:30:00+00:00,2026-06-05 20:00:00+00:00,America/New_York,2026-06-06 19:38:45.438486+00:00,
BRSP,BRSP,success,1561,2026-03-12 13:30:00+00:00,2026-06-05 20:00:00+00:00,America/New_York,2026-06-06 19:38:45.442104+00:00,
BRT,BRT,success,1110,2026-03-12 13:30:00+00:00,2026-06-05 20:00:00+00:00,America/New_York,2026-06-06 19:38:45.444837+00:00,
BRUN,BRUN,success,495,2026-05-11 13:30:00+00:00,2026-06-05 20:00:00+00:00,America/New_York,2026-06-06 19:38:45.446825+00:00,
BRX,BRX,success,1561,2026-03-12 13:30:00+00:00,2026-06-05 20:00:00+00:00,America/New_York,2026-06-06 19:38:45.449758+00:00,
BRZE,BRZE,success,1561,2026-03-12 13:30:00+00:00,2026-06-05 20:00:00+00:00,America/New_York,2026-06-06 19:38:45.452712+00:00,
BSAC,BSAC,success,1559,2026-03-12 13:30:00+00:00,2026-06-05 20:00:00+00:00,America/New_York,2026-06-06 19:38:45.456386+00:00,
BSBR,BSBR,success,1561,2026-03-12 13:30:00+00:00,2026-06-05 20:00:00+00:00,America/New_York,2026-06-06 19:38:45.460244+00:00,
BSET,BSET,success,877,2026-03-12 13:30:00+00:00,2026-06-05 20:00:00+00:00,America/New_York,2026-06-06 19:38:45.462766+00:00,
BSRR,BSRR,success,1049,2026-03-12 13:30:00+00:00,2026-06-05 20:00:00+00:00,America/New_York,2026-06-06 19:38:45.465212+00:00,
BSVN,BSVN,success,449,2026-03-12 15:15:00+00:00,2026-06-05 20:00:00+00:00,America/New_York,2026-06-06 19:38:45.467184+00:00,
BSX,BSX,success,1561,2026-03-12 13:30:00+00:00,2026-06-05 20:00:00+00:00,America/New_York,2026-06-06 19:38:45.470220+00:00,
BSY,BSY,success,1561,2026-03-12 13:30:00+00:00,2026-06-05 20:00:00+00:00,America/New_York,2026-06-06 19:38:45.473744+00:00,
BTDR,BTDR,success,1561,2026-03-12 13:30:00+00:00,2026-06-05 20:00:00+00:00,America/New_York,2026-06-06 19:38:45.476844+00:00,
BTE,BTE,success,1561,2026-03-12 13:30:00+00:00,2026-06-05 20:00:00+00:00,America/New_York,2026-06-06 19:38:45.479673+00:00,
BTG,BTG,success,1561,2026-03-12 13:30:00+00:00,2026-06-05 20:00:00+00:00,America/New_York,2026-06-06 19:38:45.482446+00:00,
BTGO,BTGO,success,1561,2026-03-12 13:30:00+00:00,2026-06-05 20:00:00+00:00,America/New_York,2026-06-06 19:38:45.485204+00:00,
BTI,BTI,success,1561,2026-03-12 13:30:00+00:00,2026-06-05 20:00:00+00:00,America/New_York,2026-06-06 19:38:45.489140+00:00,
BTSG,BTSG,success,1561,2026-03-12 13:30:00+00:00,2026-06-05 20:00:00+00:00,America/New_York,2026-06-06 19:38:45.493083+00:00,
BTU,BTU,success,1561,2026-03-12 13:30:00+00:00,2026-06-05 20:00:00+00:00,America/New_York,2026-06-06 19:38:45.496103+00:00,
BUD,BUD,success,1561,2026-03-12 13:30:00+00:00,2026-06-05 20:00:00+00:00,America/New_York,2026-06-06 19:38:45.498995+00:00,
BUDA,BUDA,success,439,2026-03-12 13:45:00+00:00,2026-06-05 19:45:00+00:00,America/New_York,2026-06-06 19:38:45.501191+00:00,
BULL,BULL,success,1561,2026-03-12 13:30:00+00:00,2026-06-05 20:00:00+00:00,America/New_York,2026-06-06 19:38:45.504189+00:00,
BUR,BUR,success,1561,2026-03-12 13:30:00+00:00,2026-06-05 20:00:00+00:00,America/New_York,2026-06-06 19:38:45.507752+00:00,
BURL,BURL,success,1561,2026-03-12 13:30:00+00:00,2026-06-05 20:00:00+00:00,America/New_York,2026-06-06 19:38:45.510907+00:00,
BUSE,BUSE,success,1561,2026-03-12 13:30:00+00:00,2026-06-05 20:00:00+00:00,America/New_York,2026-06-06 19:38:45.513708+00:00,
BUUU,BUUU,success,298,2026-03-12 13:45:00+00:00,2026-06-04 19:45:00+00:00,America/New_York,2026-06-06 19:38:45.515795+00:00,
BV,BV,success,1561,2026-03-12 13:30:00+00:00,2026-06-05 20:00:00+00:00,America/New_York,2026-06-06 19:38:45.518932+00:00,
BVFL,BVFL,success,454,2026-03-12 13:30:00+00:00,2026-06-05 20:00:00+00:00,America/New_York,2026-06-06 19:38:45.521399+00:00,
BVN,BVN,success,1561,2026-03-12 13:30:00+00:00,2026-06-05 20:00:00+00:00,America/New_York,2026-06-06 19:38:45.525143+00:00,
BVS,BVS,success,1560,2026-03-12 13:30:00+00:00,2026-06-05 20:00:00+00:00,America/New_York,2026-06-06 19:38:45.528483+00:00,
BW,BW,success,1561,2026-03-12 13:30:00+00:00,2026-06-05 20:00:00+00:00,America/New_York,2026-06-06 19:38:45.531409+00:00,
BWA,BWA,success,1561,2026-03-12 13:30:00+00:00,2026-06-05 20:00:00+00:00,America/New_York,2026-06-06 19:38:45.534382+00:00,
BWAY,BWAY,success,1497,2026-03-12 13:30:00+00:00,2026-06-05 20:00:00+00:00,America/New_York,2026-06-06 19:38:45.537327+00:00,
BWB,BWB,success,1199,2026-03-12 13:30:00+00:00,2026-06-05 20:00:00+00:00,America/New_York,2026-06-06 19:38:45.541223+00:00,
BWEN,BWEN,success,1415,2026-03-12 13:30:00+00:00,2026-06-05 20:00:00+00:00,America/New_York,2026-06-06 19:38:45.544223+00:00,
BWFG,BWFG,success,860,2026-03-12 13:30:00+00:00,2026-06-05 20:00:00+00:00,America/New_York,2026-06-06 19:38:45.546714+00:00,
BWIN,BWIN,success,1561,2026-03-12 13:30:00+00:00,2026-06-05 20:00:00+00:00,America/New_York,2026-06-06 19:38:45.549497+00:00,
BWLP,BWLP,success,1557,2026-03-12 13:30:00+00:00,2026-06-05 20:00:00+00:00,America/New_York,2026-06-06 19:38:45.552708+00:00,
BWMN,BWMN,success,1450,2026-03-12 13:30:00+00:00,2026-06-05 20:00:00+00:00,America/New_York,2026-06-06 19:38:45.555460+00:00,
BWMX,BWMX,success,1415,2026-03-12 13:30:00+00:00,2026-06-05 20:00:00+00:00,America/New_York,2026-06-06 19:38:45.558781+00:00,
BWXT,BWXT,success,1561,2026-03-12 13:30:00+00:00,2026-06-05 20:00:00+00:00,America/New_York,2026-06-06 19:38:45.562044+00:00,
BX,BX,success,1561,2026-03-12 13:30:00+00:00,2026-06-05 20:00:00+00:00,America/New_York,2026-06-06 19:38:45.565016+00:00,
BXC,BXC,success,1474,2026-03-12 13:30:00+00:00,2026-06-05 20:00:00+00:00,America/New_York,2026-06-06 19:38:45.568313+00:00,
BXMT,BXMT,success,1561,2026-03-12 13:30:00+00:00,2026-06-05 20:00:00+00:00,America/New_York,2026-06-06 19:38:45.571727+00:00,
BXP,BXP,success,1561,2026-03-12 13:30:00+00:00,2026-06-05 20:00:00+00:00,America/New_York,2026-06-06 19:38:45.575472+00:00,
BXSL,BXSL,success,1561,2026-03-12 13:30:00+00:00,2026-06-05 20:00:00+00:00,America/New_York,2026-06-06 19:38:45.578517+00:00,
BY,BY,success,1532,2026-03-12 13:30:00+00:00,2026-06-05 20:00:00+00:00,America/New_York,2026-06-06 19:38:45.581350+00:00,
BYD,BYD,success,1561,2026-03-12 13:30:00+00:00,2026-06-05 20:00:00+00:00,America/New_York,2026-06-06 19:38:45.627911+00:00,
BYRN,BYRN,success,1561,2026-03-12 13:30:00+00:00,2026-06-05 20:00:00+00:00,America/New_York,2026-06-06 19:38:45.632241+00:00,
BZ,BZ,success,1561,2026-03-12 13:30:00+00:00,2026-06-05 20:00:00+00:00,America/New_York,2026-06-06 19:38:45.636469+00:00,
BZH,BZH,success,1561,2026-03-12 13:30:00+00:00,2026-06-05 20:00:00+00:00,America/New_York,2026-06-06 19:38:45.640572+00:00,
C,C,success,1561,2026-03-12 13:30:00+00:00,2026-06-05 20:00:00+00:00,America/New_York,2026-06-06 19:38:45.644275+00:00,
CAAP,CAAP,success,1542,2026-03-12 13:30:00+00:00,2026-06-05 20:00:00+00:00,America/New_York,2026-06-06 19:38:45.647381+00:00,
CAAS,CAAS,success,750,2026-03-12 15:45:00+00:00,2026-06-05 20:00:00+00:00,America/New_York,2026-06-06 19:38:45.649838+00:00,
CABA,CABA,success,1561,2026-03-12 13:30:00+00:00,2026-06-05 20:00:00+00:00,America/New_York,2026-06-06 19:38:45.652876+00:00,
CABO,CABO,success,1495,2026-03-12 13:30:00+00:00,2026-06-05 20:00:00+00:00,America/New_York,2026-06-06 19:38:45.655913+00:00,
CAC,CAC,success,1337,2026-03-12 13:30:00+00:00,2026-06-05 20:00:00+00:00,America/New_York,2026-06-06 19:38:45.659880+00:00,
CACC,CACC,success,1526,2026-03-12 13:30:00+00:00,2026-06-05 20:00:00+00:00,America/New_York,2026-06-06 19:38:45.662763+00:00,
CACI,CACI,success,1561,2026-03-12 13:30:00+00:00,2026-06-05 20:00:00+00:00,America/New_York,2026-06-06 19:38:45.665802+00:00,
CADL,CADL,success,1561,2026-03-12 13:30:00+00:00,2026-06-05 20:00:00+00:00,America/New_York,2026-06-06 19:38:45.669086+00:00,
CAE,CAE,success,1561,2026-03-12 13:30:00+00:00,2026-06-05 20:00:00+00:00,America/New_York,2026-06-06 19:38:45.673061+00:00,
CAG,CAG,success,1561,2026-03-12 13:30:00+00:00,2026-06-05 20:00:00+00:00,America/New_York,2026-06-06 19:38:45.677141+00:00,
CAH,CAH,success,1561,2026-03-12 13:30:00+00:00,2026-06-05 20:00:00+00:00,America/New_York,2026-06-06 19:38:45.680337+00:00,
CAI,CAI,success,1561,2026-03-12 13:30:00+00:00,2026-06-05 20:00:00+00:00,America/New_York,2026-06-06 19:38:45.683721+00:00,
CAKE,CAKE,success,1561,2026-03-12 13:30:00+00:00,2026-06-05 20:00:00+00:00,America/New_York,2026-06-06 19:38:45.687445+00:00,
CAL,CAL,success,1561,2026-03-12 13:30:00+00:00,2026-06-05 20:00:00+00:00,America/New_York,2026-06-06 19:38:45.691976+00:00,
CALM,CALM,success,1561,2026-03-12 13:30:00+00:00,2026-06-05 20:00:00+00:00,America/New_York,2026-06-06 19:38:45.695356+00:00,
CALX,CALX,success,1561,2026-03-12 13:30:00+00:00,2026-06-05 20:00:00+00:00,America/New_York,2026-06-06 19:38:45.698154+00:00,
CALY,CALY,success,1561,2026-03-12 13:30:00+00:00,2026-06-05 20:00:00+00:00,America/New_York,2026-06-06 19:38:45.701340+00:00,
CAMP,CAMP,success,1354,2026-03-12 13:30:00+00:00,2026-06-05 20:00:00+00:00,America/New_York,2026-06-06 19:38:45.704042+00:00,
CAMT,CAMT,success,1555,2026-03-12 13:30:00+00:00,2026-06-05 20:00:00+00:00,America/New_York,2026-06-06 19:38:45.707590+00:00,
CAPR,CAPR,success,1561,2026-03-12 13:30:00+00:00,2026-06-05 20:00:00+00:00,America/New_York,2026-06-06 19:38:45.711105+00:00,
CAR,CAR,success,1561,2026-03-12 13:30:00+00:00,2026-06-05 20:00:00+00:00,America/New_York,2026-06-06 19:38:45.714236+00:00,
CARE,CARE,success,1551,2026-03-12 13:30:00+00:00,2026-06-05 20:00:00+00:00,America/New_York,2026-06-06 19:38:45.717306+00:00,
CARG,CARG,success,1561,2026-03-12 13:30:00+00:00,2026-06-05 20:00:00+00:00,America/New_York,2026-06-06 19:38:45.721131+00:00,
CARL,CARL,success,1377,2026-03-12 13:30:00+00:00,2026-06-05 20:00:00+00:00,America/New_York,2026-06-06 19:38:45.726124+00:00,
CARR,CARR,success,1561,2026-03-12 13:30:00+00:00,2026-06-05 20:00:00+00:00,America/New_York,2026-06-06 19:38:45.730566+00:00,
CARS,CARS,success,1561,2026-03-12 13:30:00+00:00,2026-06-05 20:00:00+00:00,America/New_York,2026-06-06 19:38:45.735238+00:00,
CART,CART,success,1561,2026-03-12 13:30:00+00:00,2026-06-05 20:00:00+00:00,America/New_York,2026-06-06 19:38:45.741786+00:00,
CASH,CASH,success,1529,2026-03-12 13:30:00+00:00,2026-06-05 20:00:00+00:00,America/New_York,2026-06-06 19:38:45.745969+00:00,
CASS,CASS,success,1280,2026-03-12 13:30:00+00:00,2026-06-05 20:00:00+00:00,America/New_York,2026-06-06 19:38:45.749103+00:00,
CASY,CASY,success,1561,2026-03-12 13:30:00+00:00,2026-06-05 20:00:00+00:00,America/New_York,2026-06-06 19:38:45.752253+00:00,
CAT,CAT,success,1561,2026-03-12 13:30:00+00:00,2026-06-05 20:00:00+00:00,America/New_York,2026-06-06 19:38:45.755513+00:00,
CATO,CATO,success,983,2026-03-12 13:30:00+00:00,2026-06-05 20:00:00+00:00,America/New_York,2026-06-06 19:38:45.759301+00:00,
CATX,CATX,success,1561,2026-03-12 13:30:00+00:00,2026-06-05 20:00:00+00:00,America/New_York,2026-06-06 19:38:45.762684+00:00,
CATY,CATY,success,1561,2026-03-12 13:30:00+00:00,2026-06-05 20:00:00+00:00,America/New_York,2026-06-06 19:38:45.766839+00:00,
CAVA,CAVA,success,1561,2026-03-12 13:30:00+00:00,2026-06-05 20:00:00+00:00,America/New_York,2026-06-06 19:38:45.772739+00:00,
CB,CB,success,1561,2026-03-12 13:30:00+00:00,2026-06-05 20:00:00+00:00,America/New_York,2026-06-06 19:38:45.777513+00:00,
CBAN,CBAN,success,1554,2026-03-12 13:30:00+00:00,2026-06-05 20:00:00+00:00,America/New_York,2026-06-06 19:38:45.780850+00:00,
CBC,CBC,success,1560,2026-03-12 13:30:00+00:00,2026-06-05 20:00:00+00:00,America/New_York,2026-06-06 19:38:45.783929+00:00,
CBFV,CBFV,success,107,2026-03-12 13:30:00+00:00,2026-06-05 20:00:00+00:00,America/New_York,2026-06-06 19:38:45.785975+00:00,
CBIO,CBIO,success,1516,2026-03-12 13:30:00+00:00,2026-06-05 20:00:00+00:00,America/New_York,2026-06-06 19:38:45.790549+00:00,
CBK,CBK,success,1021,2026-03-12 13:30:00+00:00,2026-06-05 20:00:00+00:00,America/New_York,2026-06-06 19:38:45.793795+00:00,
CBL,CBL,success,1524,2026-03-12 13:30:00+00:00,2026-06-05 20:00:00+00:00,America/New_York,2026-06-06 19:38:45.796961+00:00,
CBLL,CBLL,success,1545,2026-03-12 13:30:00+00:00,2026-06-05 20:00:00+00:00,America/New_York,2026-06-06 19:38:45.800236+00:00,
CBNA,CBNA,success,218,2026-03-12 13:30:00+00:00,2026-06-05 20:00:00+00:00,America/New_York,2026-06-06 19:38:45.803041+00:00,
CBNK,CBNK,success,1110,2026-03-12 13:30:00+00:00,2026-06-05 20:00:00+00:00,America/New_York,2026-06-06 19:38:45.807231+00:00,
CBOE,CBOE,success,1561,2026-03-12 13:30:00+00:00,2026-06-05 20:00:00+00:00,America/New_York,2026-06-06 19:38:45.811639+00:00,
CBRE,CBRE,success,1561,2026-03-12 13:30:00+00:00,2026-06-05 20:00:00+00:00,America/New_York,2026-06-06 19:38:45.814947+00:00,
CBRL,CBRL,success,1561,2026-03-12 13:30:00+00:00,2026-06-05 20:00:00+00:00,America/New_York,2026-06-06 19:38:45.819409+00:00,
CBRS,CBRS,success,405,2026-05-14 13:30:00+00:00,2026-06-05 20:00:00+00:00,America/New_York,2026-06-06 19:38:45.823122+00:00,
CBSH,CBSH,success,1561,2026-03-12 13:30:00+00:00,2026-06-05 20:00:00+00:00,America/New_York,2026-06-06 19:38:45.826845+00:00,
CBT,CBT,success,1559,2026-03-12 13:30:00+00:00,2026-06-05 20:00:00+00:00,America/New_York,2026-06-06 19:38:45.829849+00:00,
CBU,CBU,success,1544,2026-03-12 13:30:00+00:00,2026-06-05 20:00:00+00:00,America/New_York,2026-06-06 19:38:45.833208+00:00,
CBZ,CBZ,success,1561,2026-03-12 13:30:00+00:00,2026-06-05 20:00:00+00:00,America/New_York,2026-06-06 19:38:45.836499+00:00,
CC,CC,success,1561,2026-03-12 13:30:00+00:00,2026-06-05 20:00:00+00:00,America/New_York,2026-06-06 19:38:45.841062+00:00,
CCAP,CCAP,success,1549,2026-03-12 13:30:00+00:00,2026-06-05 20:00:00+00:00,America/New_York,2026-06-06 19:38:45.844990+00:00,
CCB,CCB,success,1443,2026-03-12 13:30:00+00:00,2026-06-05 20:00:00+00:00,America/New_York,2026-06-06 19:38:45.848302+00:00,
CCBG,CCBG,success,1277,2026-03-12 13:30:00+00:00,2026-06-05 20:00:00+00:00,America/New_York,2026-06-06 19:38:45.851115+00:00,
CCC,CCC,success,1561,2026-03-12 13:30:00+00:00,2026-06-05 20:00:00+00:00,America/New_York,2026-06-06 19:38:45.854109+00:00,
CCCC,CCCC,success,1561,2026-03-12 13:30:00+00:00,2026-06-05 20:00:00+00:00,America/New_York,2026-06-06 19:38:45.858055+00:00,
CCEC,CCEC,success,555,2026-03-12 13:45:00+00:00,2026-06-05 20:00:00+00:00,America/New_York,2026-06-06 19:38:45.860531+00:00,
CCEP,CCEP,success,1561,2026-03-12 13:30:00+00:00,2026-06-05 20:00:00+00:00,America/New_York,2026-06-06 19:38:45.863989+00:00,
CCI,CCI,success,1561,2026-03-12 13:30:00+00:00,2026-06-05 20:00:00+00:00,America/New_York,2026-06-06 19:38:45.867777+00:00,
CCII,CCII,success,239,2026-03-13 15:00:00+00:00,2026-06-05 20:00:00+00:00,America/New_York,2026-06-06 19:38:45.870289+00:00,
CCIX,CCIX,success,443,2026-03-12 15:45:00+00:00,2026-06-05 20:00:00+00:00,America/New_York,2026-06-06 19:38:45.874081+00:00,
CCJ,CCJ,success,1561,2026-03-12 13:30:00+00:00,2026-06-05 20:00:00+00:00,America/New_York,2026-06-06 19:38:45.877915+00:00,
CCK,CCK,success,1560,2026-03-12 13:30:00+00:00,2026-06-05 20:00:00+00:00,America/New_York,2026-06-06 19:38:45.880902+00:00,
CCL,CCL,success,1561,2026-03-12 13:30:00+00:00,2026-06-05 20:00:00+00:00,America/New_York,2026-06-06 19:38:45.883907+00:00,
CCNE,CCNE,success,1483,2026-03-12 13:30:00+00:00,2026-06-05 20:00:00+00:00,America/New_York,2026-06-06 19:38:45.886880+00:00,
CCOI,CCOI,success,1561,2026-03-12 13:30:00+00:00,2026-06-05 20:00:00+00:00,America/New_York,2026-06-06 19:38:45.891230+00:00,
CCRN,CCRN,success,1557,2026-03-12 13:30:00+00:00,2026-06-05 20:00:00+00:00,America/New_York,2026-06-06 19:38:45.894459+00:00,
CCS,CCS,success,1554,2026-03-12 13:30:00+00:00,2026-06-05 20:00:00+00:00,America/New_York,2026-06-06 19:38:45.898471+00:00,
CCSI,CCSI,success,1493,2026-03-12 13:30:00+00:00,2026-06-05 20:00:00+00:00,America/New_York,2026-06-06 19:38:45.904362+00:00,
CCU,CCU,success,1522,2026-03-12 13:30:00+00:00,2026-06-05 20:00:00+00:00,America/New_York,2026-06-06 19:38:45.910683+00:00,
CD,CD,success,1424,2026-03-12 13:30:00+00:00,2026-06-05 20:00:00+00:00,America/New_York,2026-06-06 19:38:45.914363+00:00,
CDE,CDE,success,1561,2026-03-12 13:30:00+00:00,2026-06-05 20:00:00+00:00,America/New_York,2026-06-06 19:38:45.918813+00:00,
CDLR,CDLR,success,1384,2026-03-12 13:30:00+00:00,2026-06-05 20:00:00+00:00,America/New_York,2026-06-06 19:38:45.922406+00:00,
CDNA,CDNA,success,1561,2026-03-12 13:30:00+00:00,2026-06-05 20:00:00+00:00,America/New_York,2026-06-06 19:38:45.927245+00:00,
CDNL,CDNL,success,1560,2026-03-12 13:30:00+00:00,2026-06-05 20:00:00+00:00,America/New_York,2026-06-06 19:38:45.931738+00:00,
CDNS,CDNS,success,1561,2026-03-12 13:30:00+00:00,2026-06-05 20:00:00+00:00,America/New_York,2026-06-06 19:38:45.938719+00:00,
CDP,CDP,success,1561,2026-03-12 13:30:00+00:00,2026-06-05 20:00:00+00:00,America/New_York,2026-06-06 19:38:45.944197+00:00,
CDRE,CDRE,success,1560,2026-03-12 13:30:00+00:00,2026-06-05 20:00:00+00:00,America/New_York,2026-06-06 19:38:45.947956+00:00,
CDRO,CDRO,success,615,2026-03-12 13:30:00+00:00,2026-06-05 20:00:00+00:00,America/New_York,2026-06-06 19:38:45.950935+00:00,
CDW,CDW,success,1561,2026-03-12 13:30:00+00:00,2026-06-05 20:00:00+00:00,America/New_York,2026-06-06 19:38:45.955056+00:00,
CDZI,CDZI,success,1561,2026-03-12 13:30:00+00:00,2026-06-05 20:00:00+00:00,America/New_York,2026-06-06 19:38:45.959050+00:00,
CE,CE,success,1561,2026-03-12 13:30:00+00:00,2026-06-05 20:00:00+00:00,America/New_York,2026-06-06 19:38:45.962901+00:00,
CECO,CECO,success,1560,2026-03-12 13:30:00+00:00,2026-06-05 20:00:00+00:00,America/New_York,2026-06-06 19:38:45.967429+00:00,
CEG,CEG,success,1561,2026-03-12 13:30:00+00:00,2026-06-05 20:00:00+00:00,America/New_York,2026-06-06 19:38:45.974468+00:00,
CELC,CELC,success,1561,2026-03-12 13:30:00+00:00,2026-06-05 20:00:00+00:00,America/New_York,2026-06-06 19:38:45.978481+00:00,
CELH,CELH,success,1561,2026-03-12 13:30:00+00:00,2026-06-05 20:00:00+00:00,America/New_York,2026-06-06 19:38:45.981741+00:00,
CENTA,CENTA,success,1554,2026-03-12 13:30:00+00:00,2026-06-05 20:00:00+00:00,America/New_York,2026-06-06 19:38:45.984926+00:00,
CENX,CENX,success,1561,2026-03-12 13:30:00+00:00,2026-06-05 20:00:00+00:00,America/New_York,2026-06-06 19:38:45.988222+00:00,
CEPF,CEPF,success,304,2026-03-12 13:30:00+00:00,2026-06-05 20:00:00+00:00,America/New_York,2026-06-06 19:38:45.991753+00:00,
CEPO,CEPO,success,532,2026-03-12 13:30:00+00:00,2026-06-05 20:00:00+00:00,America/New_York,2026-06-06 19:38:45.994552+00:00,
CEPT,CEPT,success,1551,2026-03-12 13:30:00+00:00,2026-06-05 20:00:00+00:00,America/New_York,2026-06-06 19:38:45.999502+00:00,
CEPU,CEPU,success,1561,2026-03-12 13:30:00+00:00,2026-06-05 20:00:00+00:00,America/New_York,2026-06-06 19:38:46.007310+00:00,
CEPV,CEPV,success,201,2026-03-12 13:30:00+00:00,2026-06-03 16:15:00+00:00,America/New_York,2026-06-06 19:38:46.011650+00:00,
CERT,CERT,success,1561,2026-03-12 13:30:00+00:00,2026-06-05 20:00:00+00:00,America/New_York,2026-06-06 19:38:46.017570+00:00,
CEVA,CEVA,success,1561,2026-03-12 13:30:00+00:00,2026-06-05 20:00:00+00:00,America/New_York,2026-06-06 19:38:46.021537+00:00,
CF,CF,success,1561,2026-03-12 13:30:00+00:00,2026-06-05 20:00:00+00:00,America/New_York,2026-06-06 19:38:46.026683+00:00,
CFBK,CFBK,success,1038,2026-03-12 13:30:00+00:00,2026-06-05 20:00:00+00:00,America/New_York,2026-06-06 19:38:46.029864+00:00,
CFFI,CFFI,success,152,2026-03-12 19:45:00+00:00,2026-06-05 20:00:00+00:00,America/New_York,2026-06-06 19:38:46.034285+00:00,
CFFN,CFFN,success,1560,2026-03-12 13:30:00+00:00,2026-06-05 20:00:00+00:00,America/New_York,2026-06-06 19:38:46.040891+00:00,
CFG,CFG,success,1561,2026-03-12 13:30:00+00:00,2026-06-05 20:00:00+00:00,America/New_York,2026-06-06 19:38:46.046028+00:00,
CFR,CFR,success,1561,2026-03-12 13:30:00+00:00,2026-06-05 20:00:00+00:00,America/New_York,2026-06-06 19:38:46.051149+00:00,
CG,CG,success,1561,2026-03-12 13:30:00+00:00,2026-06-05 20:00:00+00:00,America/New_York,2026-06-06 19:38:46.055145+00:00,
CGAU,CGAU,success,1561,2026-03-12 13:30:00+00:00,2026-06-05 20:00:00+00:00,America/New_York,2026-06-06 19:38:46.060169+00:00,
CGBD,CGBD,success,1561,2026-03-12 13:30:00+00:00,2026-06-05 20:00:00+00:00,America/New_York,2026-06-06 19:38:46.064942+00:00,
CGCT,CGCT,success,790,2026-03-12 13:30:00+00:00,2026-06-05 20:00:00+00:00,America/New_York,2026-06-06 19:38:46.070616+00:00,
CGEM,CGEM,success,1561,2026-03-12 13:30:00+00:00,2026-06-05 20:00:00+00:00,America/New_York,2026-06-06 19:38:46.076416+00:00,
CGNT,CGNT,success,1557,2026-03-12 13:30:00+00:00,2026-06-05 20:00:00+00:00,America/New_York,2026-06-06 19:38:46.080807+00:00,
CGNX,CGNX,success,1561,2026-03-12 13:30:00+00:00,2026-06-05 20:00:00+00:00,America/New_York,2026-06-06 19:38:46.084454+00:00,
CGON,CGON,success,1561,2026-03-12 13:30:00+00:00,2026-06-05 20:00:00+00:00,America/New_York,2026-06-06 19:38:46.088419+00:00,
CHA,CHA,success,1560,2026-03-12 13:30:00+00:00,2026-06-05 20:00:00+00:00,America/New_York,2026-06-06 19:38:46.092584+00:00,
CHCI,CHCI,success,723,2026-03-12 13:30:00+00:00,2026-06-05 20:00:00+00:00,America/New_York,2026-06-06 19:38:46.097126+00:00,
CHCO,CHCO,success,1276,2026-03-12 13:30:00+00:00,2026-06-05 20:00:00+00:00,America/New_York,2026-06-06 19:38:46.102304+00:00,
CHCT,CHCT,success,1549,2026-03-12 13:30:00+00:00,2026-06-05 20:00:00+00:00,America/New_York,2026-06-06 19:38:46.108976+00:00,
CHD,CHD,success,1561,2026-03-12 13:30:00+00:00,2026-06-05 20:00:00+00:00,America/New_York,2026-06-06 19:38:46.112845+00:00,
CHDN,CHDN,success,1561,2026-03-12 13:30:00+00:00,2026-06-05 20:00:00+00:00,America/New_York,2026-06-06 19:38:46.116580+00:00,
CHE,CHE,success,1561,2026-03-12 13:30:00+00:00,2026-06-05 20:00:00+00:00,America/New_York,2026-06-06 19:38:46.120328+00:00,
CHEF,CHEF,success,1561,2026-03-12 13:30:00+00:00,2026-06-05 20:00:00+00:00,America/New_York,2026-06-06 19:38:46.123908+00:00,
CHH,CHH,success,1561,2026-03-12 13:30:00+00:00,2026-06-05 20:00:00+00:00,America/New_York,2026-06-06 19:38:46.126981+00:00,
CHKP,CHKP,success,1561,2026-03-12 13:30:00+00:00,2026-06-05 20:00:00+00:00,America/New_York,2026-06-06 19:38:46.129892+00:00,
CHMG,CHMG,success,601,2026-03-12 13:30:00+00:00,2026-06-05 20:00:00+00:00,America/New_York,2026-06-06 19:38:46.132062+00:00,
CHPT,CHPT,success,1559,2026-03-12 13:30:00+00:00,2026-06-05 20:00:00+00:00,America/New_York,2026-06-06 19:38:46.135541+00:00,
CHRD,CHRD,success,1561,2026-03-12 13:30:00+00:00,2026-06-05 20:00:00+00:00,America/New_York,2026-06-06 19:38:46.140579+00:00,
CHRN,CHRN,success,597,2026-05-05 13:30:00+00:00,2026-06-05 20:00:00+00:00,America/New_York,2026-06-06 19:38:46.143838+00:00,
CHRW,CHRW,success,1561,2026-03-12 13:30:00+00:00,2026-06-05 20:00:00+00:00,America/New_York,2026-06-06 19:38:46.148878+00:00,
CHT,CHT,success,1513,2026-03-12 13:30:00+00:00,2026-06-05 20:00:00+00:00,America/New_York,2026-06-06 19:38:46.154447+00:00,
CHTR,CHTR,success,1561,2026-03-12 13:30:00+00:00,2026-06-05 20:00:00+00:00,America/New_York,2026-06-06 19:38:46.160119+00:00,
CHWY,CHWY,success,1561,2026-03-12 13:30:00+00:00,2026-06-05 20:00:00+00:00,America/New_York,2026-06-06 19:38:46.164608+00:00,
CHYM,CHYM,success,1561,2026-03-12 13:30:00+00:00,2026-06-05 20:00:00+00:00,America/New_York,2026-06-06 19:38:46.169981+00:00,
CI,CI,success,1561,2026-03-12 13:30:00+00:00,2026-06-05 20:00:00+00:00,America/New_York,2026-06-06 19:38:46.176786+00:00,
CIA,CIA,success,1315,2026-03-12 13:30:00+00:00,2026-06-05 20:00:00+00:00,America/New_York,2026-06-06 19:38:46.180221+00:00,
CIEN,CIEN,success,1561,2026-03-12 13:30:00+00:00,2026-06-05 20:00:00+00:00,America/New_York,2026-06-06 19:38:46.184089+00:00,
CIFR,CIFR,success,1561,2026-03-12 13:30:00+00:00,2026-06-05 20:00:00+00:00,America/New_York,2026-06-06 19:38:46.188069+00:00,
CIGI,CIGI,success,1539,2026-03-12 13:30:00+00:00,2026-06-05 20:00:00+00:00,America/New_York,2026-06-06 19:38:46.191794+00:00,
CIM,CIM,success,1560,2026-03-12 13:30:00+00:00,2026-06-05 20:00:00+00:00,America/New_York,2026-06-06 19:38:46.195124+00:00,
CINF,CINF,success,1561,2026-03-12 13:30:00+00:00,2026-06-05 20:00:00+00:00,America/New_York,2026-06-06 19:38:46.198780+00:00,
CING,CING,success,1559,2026-03-12 13:30:00+00:00,2026-06-05 20:00:00+00:00,America/New_York,2026-06-06 19:38:46.202493+00:00,
CINT,CINT,success,1463,2026-03-12 13:30:00+00:00,2026-06-05 20:00:00+00:00,America/New_York,2026-06-06 19:38:46.207060+00:00,
CION,CION,success,1561,2026-03-12 13:30:00+00:00,2026-06-05 20:00:00+00:00,America/New_York,2026-06-06 19:38:46.210655+00:00,
CITR,CITR,success,1013,2026-03-12 13:30:00+00:00,2026-06-05 20:00:00+00:00,America/New_York,2026-06-06 19:38:46.213673+00:00,
CIVB,CIVB,success,1321,2026-03-12 13:30:00+00:00,2026-06-05 20:00:00+00:00,America/New_York,2026-06-06 19:38:46.218604+00:00,
CIX,CIX,success,210,2026-03-12 14:00:00+00:00,2026-06-05 20:00:00+00:00,America/New_York,2026-06-06 19:38:46.224651+00:00,
CL,CL,success,1561,2026-03-12 13:30:00+00:00,2026-06-05 20:00:00+00:00,America/New_York,2026-06-06 19:38:46.230461+00:00,
CLB,CLB,success,1559,2026-03-12 13:30:00+00:00,2026-06-05 20:00:00+00:00,America/New_York,2026-06-06 19:38:46.235667+00:00,
CLBK,CLBK,success,1554,2026-03-12 13:30:00+00:00,2026-06-05 20:00:00+00:00,America/New_York,2026-06-06 19:38:46.241979+00:00,
CLBT,CLBT,success,1561,2026-03-12 13:30:00+00:00,2026-06-05 20:00:00+00:00,America/New_York,2026-06-06 19:38:46.246298+00:00,
CLDT,CLDT,success,1557,2026-03-12 13:30:00+00:00,2026-06-05 20:00:00+00:00,America/New_York,2026-06-06 19:38:46.250253+00:00,
CLDX,CLDX,success,1561,2026-03-12 13:30:00+00:00,2026-06-05 20:00:00+00:00,America/New_York,2026-06-06 19:38:46.254691+00:00,
CLF,CLF,success,1561,2026-03-12 13:30:00+00:00,2026-06-05 20:00:00+00:00,America/New_York,2026-06-06 19:38:46.259363+00:00,
CLFD,CLFD,success,1499,2026-03-12 13:30:00+00:00,2026-06-05 20:00:00+00:00,America/New_York,2026-06-06 19:38:46.264101+00:00,
CLH,CLH,success,1561,2026-03-12 13:30:00+00:00,2026-06-05 20:00:00+00:00,America/New_York,2026-06-06 19:38:46.268888+00:00,
CLLS,CLLS,success,752,2026-03-12 13:30:00+00:00,2026-06-05 20:00:00+00:00,America/New_York,2026-06-06 19:38:46.274836+00:00,
CLMB,CLMB,success,1487,2026-03-12 13:30:00+00:00,2026-06-05 20:00:00+00:00,America/New_York,2026-06-06 19:38:46.279368+00:00,
CLMT,CLMT,success,1561,2026-03-12 13:30:00+00:00,2026-06-05 20:00:00+00:00,America/New_York,2026-06-06 19:38:46.285255+00:00,
CLNN,CLNN,success,1385,2026-03-12 13:30:00+00:00,2026-06-05 20:00:00+00:00,America/New_York,2026-06-06 19:38:46.292343+00:00,
CLOV,CLOV,success,1561,2026-03-12 13:30:00+00:00,2026-06-05 20:00:00+00:00,America/New_York,2026-06-06 19:38:46.300643+00:00,
CLPR,CLPR,success,1321,2026-03-12 13:30:00+00:00,2026-06-05 20:00:00+00:00,America/New_York,2026-06-06 19:38:46.308625+00:00,
CLPT,CLPT,success,1561,2026-03-12 13:30:00+00:00,2026-06-05 20:00:00+00:00,America/New_York,2026-06-06 19:38:46.314441+00:00,
CLS,CLS,success,1561,2026-03-12 13:30:00+00:00,2026-06-05 20:00:00+00:00,America/New_York,2026-06-06 19:38:46.320746+00:00,
CLSK,CLSK,success,1561,2026-03-12 13:30:00+00:00,2026-06-05 20:00:00+00:00,America/New_York,2026-06-06 19:38:46.326837+00:00,
CLW,CLW,success,1526,2026-03-12 13:30:00+00:00,2026-06-05 20:00:00+00:00,America/New_York,2026-06-06 19:38:46.331787+00:00,
CLX,CLX,success,1561,2026-03-12 13:30:00+00:00,2026-06-05 20:00:00+00:00,America/New_York,2026-06-06 19:38:46.337503+00:00,
CLYM,CLYM,success,1560,2026-03-12 13:30:00+00:00,2026-06-05 20:00:00+00:00,America/New_York,2026-06-06 19:38:46.343296+00:00,
CM,CM,success,1561,2026-03-12 13:30:00+00:00,2026-06-05 20:00:00+00:00,America/New_York,2026-06-06 19:38:46.347151+00:00,
CMBT,CMBT,success,1561,2026-03-12 13:30:00+00:00,2026-06-05 20:00:00+00:00,America/New_York,2026-06-06 19:38:46.353424+00:00,
CMC,CMC,success,1561,2026-03-12 13:30:00+00:00,2026-06-05 20:00:00+00:00,America/New_York,2026-06-06 19:38:46.358903+00:00,
CMCL,CMCL,success,1555,2026-03-12 13:30:00+00:00,2026-06-05 20:00:00+00:00,America/New_York,2026-06-06 19:38:46.364080+00:00,
CMCM,CMCM,success,616,2026-03-12 13:30:00+00:00,2026-06-05 20:00:00+00:00,America/New_York,2026-06-06 19:38:46.369247+00:00,
CMCO,CMCO,success,1556,2026-03-12 13:30:00+00:00,2026-06-05 20:00:00+00:00,America/New_York,2026-06-06 19:38:46.377438+00:00,
CMCSA,CMCSA,success,1561,2026-03-12 13:30:00+00:00,2026-06-05 20:00:00+00:00,America/New_York,2026-06-06 19:38:46.382666+00:00,
CMDB,CMDB,success,1106,2026-03-12 13:30:00+00:00,2026-06-05 20:00:00+00:00,America/New_York,2026-06-06 19:38:46.386599+00:00,
CME,CME,success,1535,2026-03-13 13:30:00+00:00,2026-06-05 20:00:00+00:00,America/New_York,2026-06-06 19:38:46.390580+00:00,
CMG,CMG,success,1561,2026-03-12 13:30:00+00:00,2026-06-05 20:00:00+00:00,America/New_York,2026-06-06 19:38:46.393779+00:00,
CMI,CMI,success,1561,2026-03-12 13:30:00+00:00,2026-06-05 20:00:00+00:00,America/New_York,2026-06-06 19:38:46.396993+00:00,
CMP,CMP,success,1561,2026-03-12 13:30:00+00:00,2026-06-05 20:00:00+00:00,America/New_York,2026-06-06 19:38:46.399991+00:00,
CMPR,CMPR,success,1449,2026-03-12 13:30:00+00:00,2026-06-05 20:00:00+00:00,America/New_York,2026-06-06 19:38:46.402997+00:00,
CMPS,CMPS,success,1561,2026-03-12 13:30:00+00:00,2026-06-05 20:00:00+00:00,America/New_York,2026-06-06 19:38:46.406179+00:00,
CMRE,CMRE,success,1559,2026-03-12 13:30:00+00:00,2026-06-05 20:00:00+00:00,America/New_York,2026-06-06 19:38:46.410474+00:00,
CMS,CMS,success,1561,2026-03-12 13:30:00+00:00,2026-06-05 20:00:00+00:00,America/New_York,2026-06-06 19:38:46.414104+00:00,
CMT,CMT,success,1041,2026-03-12 13:30:00+00:00,2026-06-05 20:00:00+00:00,America/New_York,2026-06-06 19:38:46.418874+00:00,
CMTL,CMTL,success,1528,2026-03-12 13:30:00+00:00,2026-06-05 20:00:00+00:00,America/New_York,2026-06-06 19:38:46.423535+00:00,
CMTV,CMTV,success,808,2026-03-12 13:30:00+00:00,2026-06-05 20:00:00+00:00,America/New_York,2026-06-06 19:38:46.426554+00:00,
CNA,CNA,success,1560,2026-03-12 13:30:00+00:00,2026-06-05 20:00:00+00:00,America/New_York,2026-06-06 19:38:46.429568+00:00,
CNC,CNC,success,1561,2026-03-12 13:30:00+00:00,2026-06-05 20:00:00+00:00,America/New_York,2026-06-06 19:38:46.435164+00:00,
CNH,CNH,success,1561,2026-03-12 13:30:00+00:00,2026-06-05 20:00:00+00:00,America/New_York,2026-06-06 19:38:46.440627+00:00,
CNI,CNI,success,1561,2026-03-12 13:30:00+00:00,2026-06-05 20:00:00+00:00,America/New_York,2026-06-06 19:38:46.444644+00:00,
CNK,CNK,success,1561,2026-03-12 13:30:00+00:00,2026-06-05 20:00:00+00:00,America/New_York,2026-06-06 19:38:46.448338+00:00,
CNL,CNL,success,1415,2026-03-12 13:30:00+00:00,2026-06-05 20:00:00+00:00,America/New_York,2026-06-06 19:38:46.452703+00:00,
CNM,CNM,success,1561,2026-03-12 13:30:00+00:00,2026-06-05 20:00:00+00:00,America/New_York,2026-06-06 19:38:46.456226+00:00,
CNMD,CNMD,success,1558,2026-03-12 13:30:00+00:00,2026-06-05 20:00:00+00:00,America/New_York,2026-06-06 19:38:46.459349+00:00,
CNNE,CNNE,success,1559,2026-03-12 13:30:00+00:00,2026-06-05 20:00:00+00:00,America/New_York,2026-06-06 19:38:46.463784+00:00,
CNO,CNO,success,1561,2026-03-12 13:30:00+00:00,2026-06-05 20:00:00+00:00,America/New_York,2026-06-06 19:38:46.466949+00:00,
CNOB,CNOB,success,1557,2026-03-12 13:30:00+00:00,2026-06-05 20:00:00+00:00,America/New_York,2026-06-06 19:38:46.470234+00:00,
CNP,CNP,success,1561,2026-03-12 13:30:00+00:00,2026-06-05 20:00:00+00:00,America/New_York,2026-06-06 19:38:46.473780+00:00,
CNQ,CNQ,success,1561,2026-03-12 13:30:00+00:00,2026-06-05 20:00:00+00:00,America/New_York,2026-06-06 19:38:46.477429+00:00,
CNR,CNR,success,1561,2026-03-12 13:30:00+00:00,2026-06-05 20:00:00+00:00,America/New_York,2026-06-06 19:38:46.482602+00:00,
CNS,CNS,success,1553,2026-03-12 13:30:00+00:00,2026-06-05 20:00:00+00:00,America/New_York,2026-06-06 19:38:46.488771+00:00,
CNTA,CNTA,success,1561,2026-03-12 13:30:00+00:00,2026-06-05 20:00:00+00:00,America/New_York,2026-06-06 19:38:46.492042+00:00,
CNX,CNX,success,1561,2026-03-12 13:30:00+00:00,2026-06-05 20:00:00+00:00,America/New_York,2026-06-06 19:38:46.543333+00:00,
CNXC,CNXC,success,1561,2026-03-12 13:30:00+00:00,2026-06-05 20:00:00+00:00,America/New_York,2026-06-06 19:38:46.547367+00:00,
CNXN,CNXN,success,1211,2026-03-12 13:30:00+00:00,2026-06-05 20:00:00+00:00,America/New_York,2026-06-06 19:38:46.551427+00:00,
CNXU,CNXU,success,255,2026-05-21 14:15:00+00:00,2026-06-05 20:00:00+00:00,America/New_York,2026-06-06 19:38:46.553602+00:00,
COAG,COAG,success,629,2026-05-01 13:30:00+00:00,2026-06-05 20:00:00+00:00,America/New_York,2026-06-06 19:38:46.557375+00:00,
COCO,COCO,success,1561,2026-03-12 13:30:00+00:00,2026-06-05 20:00:00+00:00,America/New_York,2026-06-06 19:38:46.560685+00:00,
CODA,CODA,success,1492,2026-03-12 13:30:00+00:00,2026-06-05 20:00:00+00:00,America/New_York,2026-06-06 19:38:46.564233+00:00,
CODI,CODI,success,1561,2026-03-12 13:30:00+00:00,2026-06-05 20:00:00+00:00,America/New_York,2026-06-06 19:38:46.569744+00:00,
COE,COE,success,399,2026-03-12 15:45:00+00:00,2026-06-05 18:30:00+00:00,America/New_York,2026-06-06 19:38:46.573610+00:00,
COF,COF,success,1561,2026-03-12 13:30:00+00:00,2026-06-05 20:00:00+00:00,America/New_York,2026-06-06 19:38:46.577706+00:00,
COFS,COFS,success,1220,2026-03-12 13:30:00+00:00,2026-06-05 20:00:00+00:00,America/New_York,2026-06-06 19:38:46.581080+00:00,
COGT,COGT,success,1561,2026-03-12 13:30:00+00:00,2026-06-05 20:00:00+00:00,America/New_York,2026-06-06 19:38:46.585843+00:00,
COHR,COHR,success,1561,2026-03-12 13:30:00+00:00,2026-06-05 20:00:00+00:00,America/New_York,2026-06-06 19:38:46.592325+00:00,
COHU,COHU,success,1561,2026-03-12 13:30:00+00:00,2026-06-05 20:00:00+00:00,America/New_York,2026-06-06 19:38:46.596128+00:00,
COIN,COIN,success,1561,2026-03-12 13:30:00+00:00,2026-06-05 20:00:00+00:00,America/New_York,2026-06-06 19:38:46.602018+00:00,
COKE,COKE,success,1560,2026-03-12 13:30:00+00:00,2026-06-05 20:00:00+00:00,America/New_York,2026-06-06 19:38:46.607067+00:00,
COLB,COLB,success,1561,2026-03-12 13:30:00+00:00,2026-06-05 20:00:00+00:00,America/New_York,2026-06-06 19:38:46.612362+00:00,
COLD,COLD,success,1561,2026-03-12 13:30:00+00:00,2026-06-05 20:00:00+00:00,America/New_York,2026-06-06 19:38:46.617381+00:00,
COLL,COLL,success,1559,2026-03-12 13:30:00+00:00,2026-06-05 20:00:00+00:00,America/New_York,2026-06-06 19:38:46.622743+00:00,
COLM,COLM,success,1561,2026-03-12 13:30:00+00:00,2026-06-05 20:00:00+00:00,America/New_York,2026-06-06 19:38:46.628043+00:00,
COMP,COMP,success,1561,2026-03-12 13:30:00+00:00,2026-06-05 20:00:00+00:00,America/New_York,2026-06-06 19:38:46.633185+00:00,
CON,CON,success,1561,2026-03-12 13:30:00+00:00,2026-06-05 20:00:00+00:00,America/New_York,2026-06-06 19:38:46.639032+00:00,
COO,COO,success,1561,2026-03-12 13:30:00+00:00,2026-06-05 20:00:00+00:00,America/New_York,2026-06-06 19:38:46.643416+00:00,
COOK,COOK,success,810,2026-03-12 13:30:00+00:00,2026-06-05 20:00:00+00:00,America/New_York,2026-06-06 19:38:46.647195+00:00,
COP,COP,success,1561,2026-03-12 13:30:00+00:00,2026-06-05 20:00:00+00:00,America/New_York,2026-06-06 19:38:46.652988+00:00,
COR,COR,success,1561,2026-03-12 13:30:00+00:00,2026-06-05 20:00:00+00:00,America/New_York,2026-06-06 19:38:46.659095+00:00,
CORT,CORT,success,1561,2026-03-12 13:30:00+00:00,2026-06-05 20:00:00+00:00,America/New_York,2026-06-06 19:38:46.663943+00:00,
CORZ,CORZ,success,1561,2026-03-12 13:30:00+00:00,2026-06-05 20:00:00+00:00,America/New_York,2026-06-06 19:38:46.669766+00:00,
COSO,COSO,success,1377,2026-03-12 13:30:00+00:00,2026-06-05 20:00:00+00:00,America/New_York,2026-06-06 19:38:46.675500+00:00,
COST,COST,success,1561,2026-03-12 13:30:00+00:00,2026-06-05 20:00:00+00:00,America/New_York,2026-06-06 19:38:46.680842+00:00,
COUR,COUR,success,1561,2026-03-12 13:30:00+00:00,2026-06-05 20:00:00+00:00,America/New_York,2026-06-06 19:38:46.686401+00:00,
COYA,COYA,success,1478,2026-03-12 13:30:00+00:00,2026-06-05 20:00:00+00:00,America/New_York,2026-06-06 19:38:46.691591+00:00,
CP,CP,success,1561,2026-03-12 13:30:00+00:00,2026-06-05 20:00:00+00:00,America/New_York,2026-06-06 19:38:46.695721+00:00,
CPA,CPA,success,1558,2026-03-12 13:30:00+00:00,2026-06-05 20:00:00+00:00,America/New_York,2026-06-06 19:38:46.700966+00:00,
CPAC,CPAC,success,701,2026-03-12 13:30:00+00:00,2026-06-05 20:00:00+00:00,America/New_York,2026-06-06 19:38:46.705212+00:00,
CPAY,CPAY,success,1561,2026-03-12 13:30:00+00:00,2026-06-05 20:00:00+00:00,America/New_York,2026-06-06 19:38:46.710337+00:00,
CPB,CPB,success,1561,2026-03-12 13:30:00+00:00,2026-06-05 20:00:00+00:00,America/New_York,2026-06-06 19:38:46.715448+00:00,
CPF,CPF,success,1488,2026-03-12 13:30:00+00:00,2026-06-05 20:00:00+00:00,America/New_York,2026-06-06 19:38:46.720412+00:00,
CPIX,CPIX,success,1182,2026-03-12 13:30:00+00:00,2026-06-05 20:00:00+00:00,America/New_York,2026-06-06 19:38:46.726657+00:00,
CPK,CPK,success,1463,2026-03-12 13:30:00+00:00,2026-06-05 20:00:00+00:00,America/New_York,2026-06-06 19:38:46.731434+00:00,
CPNG,CPNG,success,1561,2026-03-12 13:30:00+00:00,2026-06-05 20:00:00+00:00,America/New_York,2026-06-06 19:38:46.736667+00:00,
CPRI,CPRI,success,1561,2026-03-12 13:30:00+00:00,2026-06-05 20:00:00+00:00,America/New_York,2026-06-06 19:38:46.742420+00:00,
CPRT,CPRT,success,1561,2026-03-12 13:30:00+00:00,2026-06-05 20:00:00+00:00,America/New_York,2026-06-06 19:38:46.747531+00:00,
CPRX,CPRX,success,1561,2026-03-12 13:30:00+00:00,2026-06-05 20:00:00+00:00,America/New_York,2026-06-06 19:38:46.752222+00:00,
CPS,CPS,success,1533,2026-03-12 13:30:00+00:00,2026-06-05 20:00:00+00:00,America/New_York,2026-06-06 19:38:46.757221+00:00,
CPSH,CPSH,success,1494,2026-03-12 13:30:00+00:00,2026-06-05 20:00:00+00:00,America/New_York,2026-06-06 19:38:46.761386+00:00,
CPSS,CPSS,success,667,2026-03-12 13:30:00+00:00,2026-06-05 20:00:00+00:00,America/New_York,2026-06-06 19:38:46.764034+00:00,
CPT,CPT,success,1561,2026-03-12 13:30:00+00:00,2026-06-05 20:00:00+00:00,America/New_York,2026-06-06 19:38:46.767379+00:00,
CR,CR,success,1560,2026-03-12 13:30:00+00:00,2026-06-05 20:00:00+00:00,America/New_York,2026-06-06 19:38:46.775293+00:00,
CRAI,CRAI,success,1375,2026-03-12 13:30:00+00:00,2026-06-05 20:00:00+00:00,America/New_York,2026-06-06 19:38:46.780886+00:00,
CRBG,CRBG,success,1561,2026-03-12 13:30:00+00:00,2026-06-05 20:00:00+00:00,America/New_York,2026-06-06 19:38:46.787025+00:00,
CRBP,CRBP,success,1550,2026-03-12 13:30:00+00:00,2026-06-05 20:00:00+00:00,America/New_York,2026-06-06 19:38:46.795021+00:00,
CRC,CRC,success,1561,2026-03-12 13:30:00+00:00,2026-06-05 20:00:00+00:00,America/New_York,2026-06-06 19:38:46.800117+00:00,
CRCL,CRCL,success,1561,2026-03-12 13:30:00+00:00,2026-06-05 20:00:00+00:00,America/New_York,2026-06-06 19:38:46.805359+00:00,
CRCT,CRCT,success,1532,2026-03-13 13:30:00+00:00,2026-06-05 20:00:00+00:00,America/New_York,2026-06-06 19:38:46.810640+00:00,
CRD.A,CRD-A,success,1186,2026-03-12 13:30:00+00:00,2026-06-05 20:00:00+00:00,America/New_York,2026-06-06 19:38:46.813983+00:00,
CRDO,CRDO,success,1561,2026-03-12 13:30:00+00:00,2026-06-05 20:00:00+00:00,America/New_York,2026-06-06 19:38:46.817497+00:00,
CRESY,CRESY,success,1548,2026-03-12 13:30:00+00:00,2026-06-05 20:00:00+00:00,America/New_York,2026-06-06 19:38:46.823799+00:00,
CRGY,CRGY,success,1561,2026-03-12 13:30:00+00:00,2026-06-05 20:00:00+00:00,America/New_York,2026-06-06 19:38:46.829149+00:00,
CRH,CRH,success,1561,2026-03-12 13:30:00+00:00,2026-06-05 20:00:00+00:00,America/New_York,2026-06-06 19:38:46.834668+00:00,
CRI,CRI,success,1561,2026-03-12 13:30:00+00:00,2026-06-05 20:00:00+00:00,America/New_York,2026-06-06 19:38:46.841725+00:00,
CRK,CRK,success,1561,2026-03-12 13:30:00+00:00,2026-06-05 20:00:00+00:00,America/New_York,2026-06-06 19:38:46.845963+00:00,
CRL,CRL,success,1561,2026-03-12 13:30:00+00:00,2026-06-05 20:00:00+00:00,America/New_York,2026-06-06 19:38:46.849635+00:00,
CRM,CRM,success,1561,2026-03-12 13:30:00+00:00,2026-06-05 20:00:00+00:00,America/New_York,2026-06-06 19:38:46.854318+00:00,
CRMD,CRMD,success,1561,2026-03-12 13:30:00+00:00,2026-06-05 20:00:00+00:00,America/New_York,2026-06-06 19:38:46.860543+00:00,
CRML,CRML,success,1561,2026-03-12 13:30:00+00:00,2026-06-05 20:00:00+00:00,America/New_York,2026-06-06 19:38:46.865630+00:00,
CRMT,CRMT,success,1427,2026-03-12 13:30:00+00:00,2026-06-05 20:00:00+00:00,America/New_York,2026-06-06 19:38:46.870697+00:00,
CRNC,CRNC,success,1561,2026-03-12 13:30:00+00:00,2026-06-05 20:00:00+00:00,America/New_York,2026-06-06 19:38:46.876521+00:00,
CRNX,CRNX,success,1561,2026-03-12 13:30:00+00:00,2026-06-05 20:00:00+00:00,America/New_York,2026-06-06 19:38:46.881546+00:00,
CROX,CROX,success,1561,2026-03-12 13:30:00+00:00,2026-06-05 20:00:00+00:00,America/New_York,2026-06-06 19:38:46.886319+00:00,
CRS,CRS,success,1561,2026-03-12 13:30:00+00:00,2026-06-05 20:00:00+00:00,America/New_York,2026-06-06 19:38:46.892477+00:00,
CRSP,CRSP,success,1561,2026-03-12 13:30:00+00:00,2026-06-05 20:00:00+00:00,America/New_York,2026-06-06 19:38:46.897978+00:00,
CRSR,CRSR,success,1561,2026-03-12 13:30:00+00:00,2026-06-05 20:00:00+00:00,America/New_York,2026-06-06 19:38:46.903546+00:00,
CRT,CRT,success,1012,2026-03-12 13:30:00+00:00,2026-06-05 20:00:00+00:00,America/New_York,2026-06-06 19:38:46.910206+00:00,
CRTO,CRTO,success,1551,2026-03-12 13:30:00+00:00,2026-06-05 20:00:00+00:00,America/New_York,2026-06-06 19:38:46.915115+00:00,
CRUS,CRUS,success,1561,2026-03-12 13:30:00+00:00,2026-06-05 20:00:00+00:00,America/New_York,2026-06-06 19:38:46.919652+00:00,
CRVL,CRVL,success,1549,2026-03-12 13:30:00+00:00,2026-06-05 20:00:00+00:00,America/New_York,2026-06-06 19:38:46.925466+00:00,
CRVS,CRVS,success,1561,2026-03-12 13:30:00+00:00,2026-06-05 20:00:00+00:00,America/New_York,2026-06-06 19:38:46.930180+00:00,
CRWD,CRWD,success,1561,2026-03-12 13:30:00+00:00,2026-06-05 20:00:00+00:00,America/New_York,2026-06-06 19:38:46.935827+00:00,
CRWV,CRWV,success,1561,2026-03-12 13:30:00+00:00,2026-06-05 20:00:00+00:00,America/New_York,2026-06-06 19:38:46.942692+00:00,
CSCO,CSCO,success,1561,2026-03-12 13:30:00+00:00,2026-06-05 20:00:00+00:00,America/New_York,2026-06-06 19:38:46.946069+00:00,
CSGP,CSGP,success,1561,2026-03-12 13:30:00+00:00,2026-06-05 20:00:00+00:00,America/New_York,2026-06-06 19:38:46.950457+00:00,
CSIQ,CSIQ,success,1561,2026-03-12 13:30:00+00:00,2026-06-05 20:00:00+00:00,America/New_York,2026-06-06 19:38:46.957625+00:00,
CSL,CSL,success,1561,2026-03-12 13:30:00+00:00,2026-06-05 20:00:00+00:00,America/New_York,2026-06-06 19:38:46.962377+00:00,
CSPI,CSPI,success,661,2026-03-12 13:30:00+00:00,2026-06-05 20:00:00+00:00,America/New_York,2026-06-06 19:38:46.965330+00:00,
CSR,CSR,success,1437,2026-03-12 13:30:00+00:00,2026-06-05 20:00:00+00:00,America/New_York,2026-06-06 19:38:46.970449+00:00,
CSTL,CSTL,success,1551,2026-03-12 13:30:00+00:00,2026-06-05 20:00:00+00:00,America/New_York,2026-06-06 19:38:46.976437+00:00,
CSTM,CSTM,success,1561,2026-03-12 13:30:00+00:00,2026-06-05 20:00:00+00:00,America/New_York,2026-06-06 19:38:46.981210+00:00,
CSV,CSV,success,1393,2026-03-12 13:30:00+00:00,2026-06-05 20:00:00+00:00,America/New_York,2026-06-06 19:38:46.986183+00:00,
CSW,CSW,success,1554,2026-03-12 13:30:00+00:00,2026-06-05 20:00:00+00:00,America/New_York,2026-06-06 19:38:46.992839+00:00,
CSWC,CSWC,success,1561,2026-03-12 13:30:00+00:00,2026-06-05 20:00:00+00:00,America/New_York,2026-06-06 19:38:46.996934+00:00,
CSX,CSX,success,1561,2026-03-12 13:30:00+00:00,2026-06-05 20:00:00+00:00,America/New_York,2026-06-06 19:38:47.002301+00:00,
CTAS,CTAS,success,1561,2026-03-12 13:30:00+00:00,2026-06-05 20:00:00+00:00,America/New_York,2026-06-06 19:38:47.010510+00:00,
CTBI,CTBI,success,1335,2026-03-12 13:30:00+00:00,2026-06-05 20:00:00+00:00,America/New_York,2026-06-06 19:38:47.015076+00:00,
CTEV,CTEV,success,1479,2026-03-12 13:30:00+00:00,2026-06-05 20:00:00+00:00,America/New_York,2026-06-06 19:38:47.020018+00:00,
CTGO,CTGO,success,1561,2026-03-12 13:30:00+00:00,2026-06-05 20:00:00+00:00,America/New_York,2026-06-06 19:38:47.026409+00:00,
CTKB,CTKB,success,1561,2026-03-12 13:30:00+00:00,2026-06-05 20:00:00+00:00,America/New_York,2026-06-06 19:38:47.030518+00:00,
CTNM,CTNM,success,1520,2026-03-12 13:30:00+00:00,2026-06-05 20:00:00+00:00,America/New_York,2026-06-06 19:38:47.035415+00:00,
CTO,CTO,success,1555,2026-03-12 13:30:00+00:00,2026-06-05 20:00:00+00:00,America/New_York,2026-06-06 19:38:47.042694+00:00,
CTOS,CTOS,success,1561,2026-03-12 13:30:00+00:00,2026-06-05 20:00:00+00:00,America/New_York,2026-06-06 19:38:47.047429+00:00,
CTRE,CTRE,success,1561,2026-03-12 13:30:00+00:00,2026-06-05 20:00:00+00:00,America/New_York,2026-06-06 19:38:47.054070+00:00,
CTRI,CTRI,success,1561,2026-03-12 13:30:00+00:00,2026-06-05 20:00:00+00:00,America/New_York,2026-06-06 19:38:47.062722+00:00,
CTRN,CTRN,success,1352,2026-03-12 13:30:00+00:00,2026-06-05 20:00:00+00:00,America/New_York,2026-06-06 19:38:47.076161+00:00,
CTS,CTS,success,1536,2026-03-12 13:30:00+00:00,2026-06-05 20:00:00+00:00,America/New_York,2026-06-06 19:38:47.083274+00:00,
CTSH,CTSH,success,1561,2026-03-12 13:30:00+00:00,2026-06-05 20:00:00+00:00,America/New_York,2026-06-06 19:38:47.088802+00:00,
CTVA,CTVA,success,1561,2026-03-12 13:30:00+00:00,2026-06-05 20:00:00+00:00,America/New_York,2026-06-06 19:38:47.095322+00:00,
CUBE,CUBE,success,1561,2026-03-12 13:30:00+00:00,2026-06-05 20:00:00+00:00,America/New_York,2026-06-06 19:38:47.100162+00:00,
CUBI,CUBI,success,1558,2026-03-12 13:30:00+00:00,2026-06-05 20:00:00+00:00,America/New_York,2026-06-06 19:38:47.108382+00:00,
CUE,CUE,success,1494,2026-03-12 13:30:00+00:00,2026-06-05 20:00:00+00:00,America/New_York,2026-06-06 19:38:47.114559+00:00,
CURB,CURB,success,1561,2026-03-12 13:30:00+00:00,2026-06-05 20:00:00+00:00,America/New_York,2026-06-06 19:38:47.119915+00:00,
CURR,CURR,success,1252,2026-03-12 13:30:00+00:00,2026-06-05 20:00:00+00:00,America/New_York,2026-06-06 19:38:47.127010+00:00,
CUZ,CUZ,success,1561,2026-03-12 13:30:00+00:00,2026-06-05 20:00:00+00:00,America/New_York,2026-06-06 19:38:47.131581+00:00,
CV,CV,success,1425,2026-03-12 13:30:00+00:00,2026-06-05 20:00:00+00:00,America/New_York,2026-06-06 19:38:47.137684+00:00,
CVBF,CVBF,success,1561,2026-03-12 13:30:00+00:00,2026-06-05 20:00:00+00:00,America/New_York,2026-06-06 19:38:47.144527+00:00,
CVCO,CVCO,success,1522,2026-03-12 13:30:00+00:00,2026-06-05 20:00:00+00:00,America/New_York,2026-06-06 19:38:47.149421+00:00,
CVE,CVE,success,1561,2026-03-12 13:30:00+00:00,2026-06-05 20:00:00+00:00,America/New_York,2026-06-06 19:38:47.155024+00:00,
CVEO,CVEO,success,1232,2026-03-12 13:30:00+00:00,2026-06-05 20:00:00+00:00,America/New_York,2026-06-06 19:38:47.161209+00:00,
CVGI,CVGI,success,1557,2026-03-12 13:30:00+00:00,2026-06-05 20:00:00+00:00,America/New_York,2026-06-06 19:38:47.165950+00:00,
CVI,CVI,success,1561,2026-03-12 13:30:00+00:00,2026-06-05 20:00:00+00:00,America/New_York,2026-06-06 19:38:47.171723+00:00,
CVLG,CVLG,success,1516,2026-03-12 13:30:00+00:00,2026-06-05 20:00:00+00:00,America/New_York,2026-06-06 19:38:47.177313+00:00,
CVLT,CVLT,success,1561,2026-03-12 13:30:00+00:00,2026-06-05 20:00:00+00:00,America/New_York,2026-06-06 19:38:47.181728+00:00,
CVNA,CVNA,success,1561,2026-03-12 13:30:00+00:00,2026-06-05 20:00:00+00:00,America/New_York,2026-06-06 19:38:47.186887+00:00,
CVRX,CVRX,success,1537,2026-03-12 13:30:00+00:00,2026-06-05 20:00:00+00:00,America/New_York,2026-06-06 19:38:47.193690+00:00,
CVS,CVS,success,1561,2026-03-12 13:30:00+00:00,2026-06-05 20:00:00+00:00,America/New_York,2026-06-06 19:38:47.197525+00:00,
CVSA,CVSA,success,1555,2026-03-12 13:30:00+00:00,2026-06-05 20:00:00+00:00,America/New_York,2026-06-06 19:38:47.202787+00:00,
CVU,CVU,success,1204,2026-03-12 13:30:00+00:00,2026-06-05 20:00:00+00:00,America/New_York,2026-06-06 19:38:47.208509+00:00,
CVX,CVX,success,1561,2026-03-12 13:30:00+00:00,2026-06-05 20:00:00+00:00,America/New_York,2026-06-06 19:38:47.212832+00:00,
CW,CW,success,1561,2026-03-12 13:30:00+00:00,2026-06-05 20:00:00+00:00,America/New_York,2026-06-06 19:38:47.217665+00:00,
CWAN,CWAN,success,1561,2026-03-12 13:30:00+00:00,2026-06-05 20:00:00+00:00,America/New_York,2026-06-06 19:38:47.223889+00:00,
CWBC,CWBC,success,1539,2026-03-12 13:30:00+00:00,2026-06-05 20:00:00+00:00,America/New_York,2026-06-06 19:38:47.228481+00:00,
CWCO,CWCO,success,1488,2026-03-12 13:30:00+00:00,2026-06-05 20:00:00+00:00,America/New_York,2026-06-06 19:38:47.233776+00:00,
CWEN,CWEN,success,1561,2026-03-12 13:30:00+00:00,2026-06-05 20:00:00+00:00,America/New_York,2026-06-06 19:38:47.239274+00:00,
CWH,CWH,success,1561,2026-03-12 13:30:00+00:00,2026-06-05 20:00:00+00:00,America/New_York,2026-06-06 19:38:47.244421+00:00,
CWK,CWK,success,1561,2026-03-12 13:30:00+00:00,2026-06-05 20:00:00+00:00,America/New_York,2026-06-06 19:38:47.248663+00:00,
CWST,CWST,success,1561,2026-03-12 13:30:00+00:00,2026-06-05 20:00:00+00:00,America/New_York,2026-06-06 19:38:47.253173+00:00,
CWT,CWT,success,1561,2026-03-12 13:30:00+00:00,2026-06-05 20:00:00+00:00,America/New_York,2026-06-06 19:38:47.259666+00:00,
CX,CX,success,1561,2026-03-12 13:30:00+00:00,2026-06-05 20:00:00+00:00,America/New_York,2026-06-06 19:38:47.264562+00:00,
CXDO,CXDO,success,1513,2026-03-12 13:30:00+00:00,2026-06-05 20:00:00+00:00,America/New_York,2026-06-06 19:38:47.270526+00:00,
CXIIU,CXIIU,success,143,2026-04-28 13:30:00+00:00,2026-06-05 20:00:00+00:00,America/New_York,2026-06-06 19:38:47.274536+00:00,
CXM,CXM,success,1561,2026-03-12 13:30:00+00:00,2026-06-05 20:00:00+00:00,America/New_York,2026-06-06 19:38:47.278722+00:00,
CXT,CXT,success,1561,2026-03-12 13:30:00+00:00,2026-06-05 20:00:00+00:00,America/New_York,2026-06-06 19:38:47.284137+00:00,
CXW,CXW,success,1561,2026-03-12 13:30:00+00:00,2026-06-05 20:00:00+00:00,America/New_York,2026-06-06 19:38:47.289137+00:00,
CYD,CYD,success,1527,2026-03-12 13:30:00+00:00,2026-06-05 20:00:00+00:00,America/New_York,2026-06-06 19:38:47.294766+00:00,
CYRX,CYRX,success,1561,2026-03-12 13:30:00+00:00,2026-06-05 20:00:00+00:00,America/New_York,2026-06-06 19:38:47.299906+00:00,
CYTK,CYTK,success,1561,2026-03-12 13:30:00+00:00,2026-06-05 20:00:00+00:00,America/New_York,2026-06-06 19:38:47.309345+00:00,
CZFS,CZFS,success,217,2026-03-12 13:30:00+00:00,2026-06-05 20:00:00+00:00,America/New_York,2026-06-06 19:38:47.313603+00:00,
CZNC,CZNC,success,1011,2026-03-12 13:30:00+00:00,2026-06-05 20:00:00+00:00,America/New_York,2026-06-06 19:38:47.318369+00:00,
CZR,CZR,success,1561,2026-03-12 13:30:00+00:00,2026-06-05 20:00:00+00:00,America/New_York,2026-06-06 19:38:47.325683+00:00,
CZWI,CZWI,success,792,2026-03-12 13:30:00+00:00,2026-06-05 20:00:00+00:00,America/New_York,2026-06-06 19:38:47.331059+00:00,
D,D,success,1561,2026-03-12 13:30:00+00:00,2026-06-05 20:00:00+00:00,America/New_York,2026-06-06 19:38:47.336728+00:00,
DAAQ,DAAQ,success,246,2026-03-12 14:45:00+00:00,2026-06-05 20:00:00+00:00,America/New_York,2026-06-06 19:38:47.342181+00:00,
DAC,DAC,success,1411,2026-03-12 13:30:00+00:00,2026-06-05 20:00:00+00:00,America/New_York,2026-06-06 19:38:47.347182+00:00,
DAKT,DAKT,success,1558,2026-03-12 13:30:00+00:00,2026-06-05 20:00:00+00:00,America/New_York,2026-06-06 19:38:47.352572+00:00,
DAL,DAL,success,1561,2026-03-12 13:30:00+00:00,2026-06-05 20:00:00+00:00,America/New_York,2026-06-06 19:38:47.359190+00:00,
DAN,DAN,success,1561,2026-03-12 13:30:00+00:00,2026-06-05 20:00:00+00:00,America/New_York,2026-06-06 19:38:47.364200+00:00,
DAO,DAO,success,1397,2026-03-12 14:30:00+00:00,2026-06-05 20:00:00+00:00,America/New_York,2026-06-06 19:38:47.369195+00:00,
DAR,DAR,success,1561,2026-03-12 13:30:00+00:00,2026-06-05 20:00:00+00:00,America/New_York,2026-06-06 19:38:47.375218+00:00,
DASH,DASH,success,1561,2026-03-12 13:30:00+00:00,2026-06-05 20:00:00+00:00,America/New_York,2026-06-06 19:38:47.380227+00:00,
DAVE,DAVE,success,1557,2026-03-12 13:30:00+00:00,2026-06-05 20:00:00+00:00,America/New_York,2026-06-06 19:38:47.384979+00:00,
DB,DB,success,1561,2026-03-12 13:30:00+00:00,2026-06-05 20:00:00+00:00,America/New_York,2026-06-06 19:38:47.390556+00:00,
DBCA,DBCA,success,141,2026-03-17 18:30:00+00:00,2026-06-05 20:00:00+00:00,America/New_York,2026-06-06 19:38:47.394242+00:00,
DBD,DBD,success,1556,2026-03-12 13:30:00+00:00,2026-06-05 20:00:00+00:00,America/New_York,2026-06-06 19:38:47.399458+00:00,
DBI,DBI,success,1561,2026-03-12 13:30:00+00:00,2026-06-05 20:00:00+00:00,America/New_York,2026-06-06 19:38:47.404579+00:00,
DBRG,DBRG,success,1561,2026-03-12 13:30:00+00:00,2026-06-05 20:00:00+00:00,America/New_York,2026-06-06 19:38:47.409407+00:00,
DBVT,DBVT,success,1480,2026-03-12 13:30:00+00:00,2026-06-05 20:00:00+00:00,America/New_York,2026-06-06 19:38:47.414239+00:00,
DBX,DBX,success,1561,2026-03-12 13:30:00+00:00,2026-06-05 20:00:00+00:00,America/New_York,2026-06-06 19:38:47.419150+00:00,
DC,DC,success,1561,2026-03-12 13:30:00+00:00,2026-06-05 20:00:00+00:00,America/New_York,2026-06-06 19:38:47.426103+00:00,
DCBO,DCBO,success,1486,2026-03-12 13:30:00+00:00,2026-06-05 20:00:00+00:00,America/New_York,2026-06-06 19:38:47.429679+00:00,
DCH,DCH,success,1561,2026-03-12 13:30:00+00:00,2026-06-05 20:00:00+00:00,America/New_York,2026-06-06 19:38:47.434430+00:00,
DCI,DCI,success,1561,2026-03-12 13:30:00+00:00,2026-06-05 20:00:00+00:00,America/New_York,2026-06-06 19:38:47.439065+00:00,
DCO,DCO,success,1528,2026-03-12 13:30:00+00:00,2026-06-05 20:00:00+00:00,America/New_York,2026-06-06 19:38:47.443739+00:00,
DCOM,DCOM,success,1558,2026-03-12 13:30:00+00:00,2026-06-05 20:00:00+00:00,America/New_York,2026-06-06 19:38:47.448058+00:00,
DCTH,DCTH,success,1558,2026-03-12 13:30:00+00:00,2026-06-05 20:00:00+00:00,America/New_York,2026-06-06 19:38:47.452936+00:00,
DD,DD,success,1561,2026-03-12 13:30:00+00:00,2026-06-05 20:00:00+00:00,America/New_York,2026-06-06 19:38:47.459421+00:00,
DDI,DDI,success,1191,2026-03-12 13:30:00+00:00,2026-06-05 20:00:00+00:00,America/New_York,2026-06-06 19:38:47.462766+00:00,
DDOG,DDOG,success,1561,2026-03-12 13:30:00+00:00,2026-06-05 20:00:00+00:00,America/New_York,2026-06-06 19:38:47.466834+00:00,
DDS,DDS,success,1537,2026-03-12 13:30:00+00:00,2026-06-05 20:00:00+00:00,America/New_York,2026-06-06 19:38:47.471686+00:00,
DE,DE,success,1561,2026-03-12 13:30:00+00:00,2026-06-05 20:00:00+00:00,America/New_York,2026-06-06 19:38:47.477404+00:00,
DEA,DEA,success,1561,2026-03-12 13:30:00+00:00,2026-06-05 20:00:00+00:00,America/New_York,2026-06-06 19:38:47.482310+00:00,
DEC,DEC,success,1561,2026-03-12 13:30:00+00:00,2026-06-05 20:00:00+00:00,America/New_York,2026-06-06 19:38:47.487026+00:00,
DECK,DECK,success,1561,2026-03-12 13:30:00+00:00,2026-06-05 20:00:00+00:00,America/New_York,2026-06-06 19:38:47.493138+00:00,
DEI,DEI,success,1561,2026-03-12 13:30:00+00:00,2026-06-05 20:00:00+00:00,America/New_York,2026-06-06 19:38:47.497781+00:00,
DELL,DELL,success,1561,2026-03-12 13:30:00+00:00,2026-06-05 20:00:00+00:00,America/New_York,2026-06-06 19:38:47.502401+00:00,
DEO,DEO,success,1561,2026-03-12 13:30:00+00:00,2026-06-05 20:00:00+00:00,America/New_York,2026-06-06 19:38:47.507337+00:00,
DERM,DERM,success,1531,2026-03-12 13:30:00+00:00,2026-06-05 20:00:00+00:00,America/New_York,2026-06-06 19:38:47.512491+00:00,
DFH,DFH,success,1561,2026-03-12 13:30:00+00:00,2026-06-05 20:00:00+00:00,America/New_York,2026-06-06 19:38:47.573390+00:00,
DFIN,DFIN,success,1535,2026-03-12 13:30:00+00:00,2026-06-05 20:00:00+00:00,America/New_York,2026-06-06 19:38:47.578330+00:00,
DFTX,DFTX,success,1561,2026-03-12 13:30:00+00:00,2026-06-05 20:00:00+00:00,America/New_York,2026-06-06 19:38:47.582724+00:00,
DG,DG,success,1561,2026-03-12 13:30:00+00:00,2026-06-05 20:00:00+00:00,America/New_York,2026-06-06 19:38:47.586534+00:00,
DGICA,DGICA,success,1490,2026-03-12 13:30:00+00:00,2026-06-05 20:00:00+00:00,America/New_York,2026-06-06 19:38:47.590217+00:00,
DGII,DGII,success,1555,2026-03-12 13:30:00+00:00,2026-06-05 20:00:00+00:00,America/New_York,2026-06-06 19:38:47.593624+00:00,
DGX,DGX,success,1561,2026-03-12 13:30:00+00:00,2026-06-05 20:00:00+00:00,America/New_York,2026-06-06 19:38:47.596577+00:00,
DGXX,DGXX,success,1561,2026-03-12 13:30:00+00:00,2026-06-05 20:00:00+00:00,America/New_York,2026-06-06 19:38:47.599523+00:00,
DHC,DHC,success,1561,2026-03-12 13:30:00+00:00,2026-06-05 20:00:00+00:00,America/New_York,2026-06-06 19:38:47.602442+00:00,
DHI,DHI,success,1561,2026-03-12 13:30:00+00:00,2026-06-05 20:00:00+00:00,America/New_York,2026-06-06 19:38:47.606850+00:00,
DHR,DHR,success,1561,2026-03-12 13:30:00+00:00,2026-06-05 20:00:00+00:00,America/New_York,2026-06-06 19:38:47.610966+00:00,
DHT,DHT,success,1561,2026-03-12 13:30:00+00:00,2026-06-05 20:00:00+00:00,America/New_York,2026-06-06 19:38:47.614306+00:00,
DHX,DHX,success,1538,2026-03-12 13:30:00+00:00,2026-06-05 20:00:00+00:00,America/New_York,2026-06-06 19:38:47.618103+00:00,
DIBS,DIBS,success,1461,2026-03-12 13:30:00+00:00,2026-06-05 20:00:00+00:00,America/New_York,2026-06-06 19:38:47.623423+00:00,
DIN,DIN,success,1545,2026-03-12 13:30:00+00:00,2026-06-05 20:00:00+00:00,America/New_York,2026-06-06 19:38:47.627441+00:00,
DINO,DINO,success,1561,2026-03-12 13:30:00+00:00,2026-06-05 20:00:00+00:00,America/New_York,2026-06-06 19:38:47.631198+00:00,
DIOD,DIOD,success,1561,2026-03-12 13:30:00+00:00,2026-06-05 20:00:00+00:00,America/New_York,2026-06-06 19:38:47.635399+00:00,
DIS,DIS,success,1561,2026-03-12 13:30:00+00:00,2026-06-05 20:00:00+00:00,America/New_York,2026-06-06 19:38:47.640303+00:00,
DIT,DIT,success,83,2026-03-16 14:15:00+00:00,2026-05-29 13:45:00+00:00,America/New_York,2026-06-06 19:38:47.643612+00:00,
DJCO,DJCO,success,1205,2026-03-12 13:30:00+00:00,2026-06-05 20:00:00+00:00,America/New_York,2026-06-06 19:38:47.646446+00:00,
DJT,DJT,success,1561,2026-03-12 13:30:00+00:00,2026-06-05 20:00:00+00:00,America/New_York,2026-06-06 19:38:47.650289+00:00,
DK,DK,success,1561,2026-03-12 13:30:00+00:00,2026-06-05 20:00:00+00:00,America/New_York,2026-06-06 19:38:47.655208+00:00,
DKNG,DKNG,success,1561,2026-03-12 13:30:00+00:00,2026-06-05 20:00:00+00:00,America/New_York,2026-06-06 19:38:47.659602+00:00,
DKS,DKS,success,1561,2026-03-12 13:30:00+00:00,2026-06-05 20:00:00+00:00,America/New_York,2026-06-06 19:38:47.663280+00:00,
DLB,DLB,success,1561,2026-03-12 13:30:00+00:00,2026-06-05 20:00:00+00:00,America/New_York,2026-06-06 19:38:47.667100+00:00,
DLO,DLO,success,1561,2026-03-12 13:30:00+00:00,2026-06-05 20:00:00+00:00,America/New_York,2026-06-06 19:38:47.671793+00:00,
DLR,DLR,success,1561,2026-03-12 13:30:00+00:00,2026-06-05 20:00:00+00:00,America/New_York,2026-06-06 19:38:47.676648+00:00,
DLTH,DLTH,success,1172,2026-03-12 13:30:00+00:00,2026-06-05 20:00:00+00:00,America/New_York,2026-06-06 19:38:47.679736+00:00,
DLTR,DLTR,success,1561,2026-03-12 13:30:00+00:00,2026-06-05 20:00:00+00:00,America/New_York,2026-06-06 19:38:47.683766+00:00,
DLX,DLX,success,1560,2026-03-12 13:30:00+00:00,2026-06-05 20:00:00+00:00,America/New_York,2026-06-06 19:38:47.688359+00:00,
DMAC,DMAC,success,1479,2026-03-12 13:30:00+00:00,2026-06-05 20:00:00+00:00,America/New_York,2026-06-06 19:38:47.693042+00:00,
DMII,DMII,success,214,2026-03-12 13:45:00+00:00,2026-06-05 20:00:00+00:00,America/New_York,2026-06-06 19:38:47.695894+00:00,
DMRA,DMRA,success,1525,2026-03-12 13:30:00+00:00,2026-06-05 20:00:00+00:00,America/New_York,2026-06-06 19:38:47.699471+00:00,
DMRC,DMRC,success,1539,2026-03-12 13:30:00+00:00,2026-06-05 20:00:00+00:00,America/New_York,2026-06-06 19:38:47.703863+00:00,
DNA,DNA,success,1561,2026-03-12 13:30:00+00:00,2026-06-05 20:00:00+00:00,America/New_York,2026-06-06 19:38:47.708700+00:00,
DNLI,DNLI,success,1561,2026-03-12 13:30:00+00:00,2026-06-05 20:00:00+00:00,America/New_York,2026-06-06 19:38:47.712892+00:00,
DNMX,DNMX,success,129,2026-03-12 14:15:00+00:00,2026-06-05 20:00:00+00:00,America/New_York,2026-06-06 19:38:47.715567+00:00,
DNN,DNN,success,1561,2026-03-12 13:30:00+00:00,2026-06-05 20:00:00+00:00,America/New_York,2026-06-06 19:38:47.720107+00:00,
DNOW,DNOW,success,1561,2026-03-12 13:30:00+00:00,2026-06-05 20:00:00+00:00,America/New_York,2026-06-06 19:38:47.725733+00:00,
DNTH,DNTH,success,1560,2026-03-12 13:30:00+00:00,2026-06-05 20:00:00+00:00,America/New_York,2026-06-06 19:38:47.729467+00:00,
DNUT,DNUT,success,1561,2026-03-12 13:30:00+00:00,2026-06-05 20:00:00+00:00,America/New_York,2026-06-06 19:38:47.733070+00:00,
DOC,DOC,success,1561,2026-03-12 13:30:00+00:00,2026-06-05 20:00:00+00:00,America/New_York,2026-06-06 19:38:47.737886+00:00,
DOCN,DOCN,success,1561,2026-03-12 13:30:00+00:00,2026-06-05 20:00:00+00:00,America/New_York,2026-06-06 19:38:47.743821+00:00,
DOCS,DOCS,success,1561,2026-03-12 13:30:00+00:00,2026-06-05 20:00:00+00:00,America/New_York,2026-06-06 19:38:47.747949+00:00,
DOCU,DOCU,success,1561,2026-03-12 13:30:00+00:00,2026-06-05 20:00:00+00:00,America/New_York,2026-06-06 19:38:47.752736+00:00,
DOLE,DOLE,success,1561,2026-03-12 13:30:00+00:00,2026-06-05 20:00:00+00:00,America/New_York,2026-06-06 19:38:47.757557+00:00,
DOMH,DOMH,success,1391,2026-03-12 13:30:00+00:00,2026-06-05 20:00:00+00:00,America/New_York,2026-06-06 19:38:47.761236+00:00,
DOMO,DOMO,success,1561,2026-03-12 13:30:00+00:00,2026-06-05 20:00:00+00:00,America/New_York,2026-06-06 19:38:47.764759+00:00,
DOO,DOO,success,1552,2026-03-12 13:30:00+00:00,2026-06-05 20:00:00+00:00,America/New_York,2026-06-06 19:38:47.769162+00:00,
DORM,DORM,success,1539,2026-03-12 13:30:00+00:00,2026-06-05 20:00:00+00:00,America/New_York,2026-06-06 19:38:47.774631+00:00,
DOV,DOV,success,1561,2026-03-12 13:30:00+00:00,2026-06-05 20:00:00+00:00,America/New_York,2026-06-06 19:38:47.777892+00:00,
DOW,DOW,success,1561,2026-03-12 13:30:00+00:00,2026-06-05 20:00:00+00:00,America/New_York,2026-06-06 19:38:47.781481+00:00,
DOX,DOX,success,1561,2026-03-12 13:30:00+00:00,2026-06-05 20:00:00+00:00,America/New_York,2026-06-06 19:38:47.785743+00:00,
DOYU,DOYU,success,960,2026-03-12 13:30:00+00:00,2026-06-05 20:00:00+00:00,America/New_York,2026-06-06 19:38:47.790356+00:00,
DPRO,DPRO,success,1561,2026-03-12 13:30:00+00:00,2026-06-05 20:00:00+00:00,America/New_York,2026-06-06 19:38:47.794152+00:00,
DPZ,DPZ,success,1561,2026-03-12 13:30:00+00:00,2026-06-05 20:00:00+00:00,America/New_York,2026-06-06 19:38:47.797363+00:00,
DQ,DQ,success,1561,2026-03-12 13:30:00+00:00,2026-06-05 20:00:00+00:00,America/New_York,2026-06-06 19:38:47.801619+00:00,
DRD,DRD,success,1559,2026-03-12 13:30:00+00:00,2026-06-05 20:00:00+00:00,America/New_York,2026-06-06 19:38:47.807266+00:00,
DRDB,DRDB,success,206,2026-03-12 13:30:00+00:00,2026-06-05 20:00:00+00:00,America/New_York,2026-06-06 19:38:47.810367+00:00,
DRH,DRH,success,1561,2026-03-12 13:30:00+00:00,2026-06-05 20:00:00+00:00,America/New_York,2026-06-06 19:38:47.814757+00:00,
DRI,DRI,success,1561,2026-03-12 13:30:00+00:00,2026-06-05 20:00:00+00:00,America/New_York,2026-06-06 19:38:47.819994+00:00,
DRIO,DRIO,success,386,2026-03-12 14:30:00+00:00,2026-06-05 20:00:00+00:00,America/New_York,2026-06-06 19:38:47.824844+00:00,
DRS,DRS,success,1561,2026-03-12 13:30:00+00:00,2026-06-05 20:00:00+00:00,America/New_York,2026-06-06 19:38:47.827950+00:00,
DRTS,DRTS,success,1552,2026-03-12 13:30:00+00:00,2026-06-05 20:00:00+00:00,America/New_York,2026-06-06 19:38:47.830888+00:00,
DRUG,DRUG,success,1408,2026-03-12 13:30:00+00:00,2026-06-05 20:00:00+00:00,America/New_York,2026-06-06 19:38:47.834368+00:00,
DRVN,DRVN,success,1561,2026-03-12 13:30:00+00:00,2026-06-05 20:00:00+00:00,America/New_York,2026-06-06 19:38:47.838878+00:00,
DSGN,DSGN,success,1556,2026-03-12 13:30:00+00:00,2026-06-05 20:00:00+00:00,America/New_York,2026-06-06 19:38:47.843463+00:00,
DSGR,DSGR,success,1347,2026-03-12 13:30:00+00:00,2026-06-05 20:00:00+00:00,America/New_York,2026-06-06 19:38:47.846907+00:00,
DSGX,DSGX,success,1561,2026-03-12 13:30:00+00:00,2026-06-05 20:00:00+00:00,America/New_York,2026-06-06 19:38:47.851501+00:00,
DSP,DSP,success,1541,2026-03-12 13:30:00+00:00,2026-06-05 20:00:00+00:00,America/New_York,2026-06-06 19:38:47.855563+00:00,
DT,DT,success,1561,2026-03-12 13:30:00+00:00,2026-06-05 20:00:00+00:00,America/New_York,2026-06-06 19:38:47.860182+00:00,
DTE,DTE,success,1561,2026-03-12 13:30:00+00:00,2026-06-05 20:00:00+00:00,America/New_York,2026-06-06 19:38:47.864366+00:00,
DTIL,DTIL,success,1550,2026-03-12 13:30:00+00:00,2026-06-05 20:00:00+00:00,America/New_York,2026-06-06 19:38:47.869313+00:00,
DTM,DTM,success,1561,2026-03-12 13:30:00+00:00,2026-06-05 20:00:00+00:00,America/New_York,2026-06-06 19:38:47.874206+00:00,
DUK,DUK,success,1561,2026-03-12 13:30:00+00:00,2026-06-05 20:00:00+00:00,America/New_York,2026-06-06 19:38:47.877225+00:00,
DUOL,DUOL,success,1561,2026-03-12 13:30:00+00:00,2026-06-05 20:00:00+00:00,America/New_York,2026-06-06 19:38:47.879822+00:00,
DUOT,DUOT,success,1560,2026-03-12 13:30:00+00:00,2026-06-05 20:00:00+00:00,America/New_York,2026-06-06 19:38:47.882425+00:00,
DV,DV,success,1561,2026-03-12 13:30:00+00:00,2026-06-05 20:00:00+00:00,America/New_York,2026-06-06 19:38:47.886726+00:00,
DVA,DVA,success,1561,2026-03-12 13:30:00+00:00,2026-06-05 20:00:00+00:00,America/New_York,2026-06-06 19:38:47.891499+00:00,
DVN,DVN,success,1561,2026-03-12 13:30:00+00:00,2026-06-05 20:00:00+00:00,America/New_York,2026-06-06 19:38:47.894884+00:00,
DWSN,DWSN,success,1389,2026-03-12 13:30:00+00:00,2026-06-05 20:00:00+00:00,America/New_York,2026-06-06 19:38:47.898283+00:00,
DX,DX,success,1561,2026-03-12 13:30:00+00:00,2026-06-05 20:00:00+00:00,America/New_York,2026-06-06 19:38:47.902841+00:00,
DXC,DXC,success,1561,2026-03-12 13:30:00+00:00,2026-06-05 20:00:00+00:00,America/New_York,2026-06-06 19:38:47.907356+00:00,
DXCM,DXCM,success,1561,2026-03-12 13:30:00+00:00,2026-06-05 20:00:00+00:00,America/New_York,2026-06-06 19:38:47.911215+00:00,
DXPE,DXPE,success,1435,2026-03-12 13:30:00+00:00,2026-06-05 20:00:00+00:00,America/New_York,2026-06-06 19:38:47.914774+00:00,
DY,DY,success,1561,2026-03-12 13:30:00+00:00,2026-06-05 20:00:00+00:00,America/New_York,2026-06-06 19:38:47.918878+00:00,
DYN,DYN,success,1561,2026-03-12 13:30:00+00:00,2026-06-05 20:00:00+00:00,America/New_York,2026-06-06 19:38:47.924193+00:00,
DYNC,DYNC,success,544,2026-05-01 13:30:00+00:00,2026-06-05 20:00:00+00:00,America/New_York,2026-06-06 19:38:47.926993+00:00,
E,E,success,1561,2026-03-12 13:30:00+00:00,2026-06-05 20:00:00+00:00,America/New_York,2026-06-06 19:38:47.930083+00:00,
EA,EA,success,1561,2026-03-12 13:30:00+00:00,2026-06-05 20:00:00+00:00,America/New_York,2026-06-06 19:38:47.934302+00:00,
EAF,EAF,success,1548,2026-03-12 13:30:00+00:00,2026-06-05 20:00:00+00:00,America/New_York,2026-06-06 19:38:47.939087+00:00,
EARN,EARN,success,1556,2026-03-12 13:30:00+00:00,2026-06-05 20:00:00+00:00,America/New_York,2026-06-06 19:38:47.943583+00:00,
EAT,EAT,success,1561,2026-03-12 13:30:00+00:00,2026-06-05 20:00:00+00:00,America/New_York,2026-06-06 19:38:47.946834+00:00,
EBAY,EBAY,success,1561,2026-03-12 13:30:00+00:00,2026-06-05 20:00:00+00:00,America/New_York,2026-06-06 19:38:47.951027+00:00,
EBC,EBC,success,1561,2026-03-12 13:30:00+00:00,2026-06-05 20:00:00+00:00,America/New_York,2026-06-06 19:38:47.955716+00:00,
EBF,EBF,success,1513,2026-03-12 13:30:00+00:00,2026-06-05 20:00:00+00:00,America/New_York,2026-06-06 19:38:47.960157+00:00,
EBMT,EBMT,success,1300,2026-03-12 13:30:00+00:00,2026-06-05 20:00:00+00:00,America/New_York,2026-06-06 19:38:47.963111+00:00,
EBS,EBS,success,1561,2026-03-12 13:30:00+00:00,2026-06-05 20:00:00+00:00,America/New_York,2026-06-06 19:38:47.966750+00:00,
EC,EC,success,1561,2026-03-12 13:30:00+00:00,2026-06-05 20:00:00+00:00,America/New_York,2026-06-06 19:38:47.971358+00:00,
ECBK,ECBK,success,438,2026-03-12 17:45:00+00:00,2026-06-05 20:00:00+00:00,America/New_York,2026-06-06 19:38:47.975104+00:00,
ECG,ECG,success,1561,2026-03-12 13:30:00+00:00,2026-06-05 20:00:00+00:00,America/New_York,2026-06-06 19:38:47.978522+00:00,
ECL,ECL,success,1561,2026-03-12 13:30:00+00:00,2026-06-05 20:00:00+00:00,America/New_York,2026-06-06 19:38:47.981930+00:00,
ECO,ECO,success,1560,2026-03-12 13:30:00+00:00,2026-06-05 20:00:00+00:00,America/New_York,2026-06-06 19:38:47.985630+00:00,
ECOR,ECOR,success,1161,2026-03-12 13:30:00+00:00,2026-06-05 20:00:00+00:00,America/New_York,2026-06-06 19:38:47.989809+00:00,
ECPG,ECPG,success,1542,2026-03-12 13:30:00+00:00,2026-06-05 20:00:00+00:00,America/New_York,2026-06-06 19:38:47.994044+00:00,
ECVT,ECVT,success,1561,2026-03-12 13:30:00+00:00,2026-06-05 20:00:00+00:00,America/New_York,2026-06-06 19:38:47.997608+00:00,
ED,ED,success,1561,2026-03-12 13:30:00+00:00,2026-06-05 20:00:00+00:00,America/New_York,2026-06-06 19:38:48.002288+00:00,
EDN,EDN,success,1526,2026-03-12 13:30:00+00:00,2026-06-05 20:00:00+00:00,America/New_York,2026-06-06 19:38:48.008402+00:00,
EDRY,EDRY,success,733,2026-03-12 13:30:00+00:00,2026-06-05 20:00:00+00:00,America/New_York,2026-06-06 19:38:48.012191+00:00,
EDU,EDU,success,1561,2026-03-12 13:30:00+00:00,2026-06-05 20:00:00+00:00,America/New_York,2026-06-06 19:38:48.016407+00:00,
EE,EE,success,1559,2026-03-12 13:30:00+00:00,2026-06-05 20:00:00+00:00,America/New_York,2026-06-06 19:38:48.021640+00:00,
EEFT,EEFT,success,1561,2026-03-12 13:30:00+00:00,2026-06-05 20:00:00+00:00,America/New_York,2026-06-06 19:38:48.026810+00:00,
EEX,EEX,success,1006,2026-03-12 13:30:00+00:00,2026-06-05 20:00:00+00:00,America/New_York,2026-06-06 19:38:48.029812+00:00,
EFC,EFC,success,1561,2026-03-12 13:30:00+00:00,2026-06-05 20:00:00+00:00,America/New_York,2026-06-06 19:38:48.034057+00:00,
EFOR,EFOR,success,781,2026-04-24 13:30:00+00:00,2026-06-05 20:00:00+00:00,America/New_York,2026-06-06 19:38:48.039933+00:00,
EFSC,EFSC,success,1544,2026-03-12 13:30:00+00:00,2026-06-05 20:00:00+00:00,America/New_York,2026-06-06 19:38:48.044159+00:00,
EFSI,EFSI,success,756,2026-03-12 13:30:00+00:00,2026-06-05 20:00:00+00:00,America/New_York,2026-06-06 19:38:48.046867+00:00,
EFX,EFX,success,1561,2026-03-12 13:30:00+00:00,2026-06-05 20:00:00+00:00,America/New_York,2026-06-06 19:38:48.050749+00:00,
EFXT,EFXT,success,1561,2026-03-12 13:30:00+00:00,2026-06-05 20:00:00+00:00,America/New_York,2026-06-06 19:38:48.055840+00:00,
EG,EG,success,1561,2026-03-12 13:30:00+00:00,2026-06-05 20:00:00+00:00,America/New_York,2026-06-06 19:38:48.060533+00:00,
EGAN,EGAN,success,1548,2026-03-12 13:30:00+00:00,2026-06-05 20:00:00+00:00,America/New_York,2026-06-06 19:38:48.064239+00:00,
EGBN,EGBN,success,1546,2026-03-12 13:30:00+00:00,2026-06-05 20:00:00+00:00,America/New_York,2026-06-06 19:38:48.068662+00:00,
EGG,EGG,success,607,2026-03-12 13:45:00+00:00,2026-06-05 20:00:00+00:00,America/New_York,2026-06-06 19:38:48.073349+00:00,
EGHA,EGHA,success,200,2026-03-12 14:45:00+00:00,2026-06-05 20:00:00+00:00,America/New_York,2026-06-06 19:38:48.076138+00:00,
EGO,EGO,success,1561,2026-03-12 13:30:00+00:00,2026-06-05 20:00:00+00:00,America/New_York,2026-06-06 19:38:48.079348+00:00,
EGP,EGP,success,1554,2026-03-12 13:30:00+00:00,2026-06-05 20:00:00+00:00,America/New_York,2026-06-06 19:38:48.083124+00:00,
EGY,EGY,success,1561,2026-03-12 13:30:00+00:00,2026-06-05 20:00:00+00:00,America/New_York,2026-06-06 19:38:48.087904+00:00,
EH,EH,success,1561,2026-03-12 13:30:00+00:00,2026-06-05 20:00:00+00:00,America/New_York,2026-06-06 19:38:48.093500+00:00,
EHC,EHC,success,1561,2026-03-12 13:30:00+00:00,2026-06-05 20:00:00+00:00,America/New_York,2026-06-06 19:38:48.096847+00:00,
EIG,EIG,success,1551,2026-03-12 13:30:00+00:00,2026-06-05 20:00:00+00:00,America/New_York,2026-06-06 19:38:48.101291+00:00,
EIKN,EIKN,success,1535,2026-03-12 13:30:00+00:00,2026-06-05 20:00:00+00:00,America/New_York,2026-06-06 19:38:48.108356+00:00,
EIX,EIX,success,1561,2026-03-12 13:30:00+00:00,2026-06-05 20:00:00+00:00,America/New_York,2026-06-06 19:38:48.113176+00:00,
EL,EL,success,1561,2026-03-12 13:30:00+00:00,2026-06-05 20:00:00+00:00,America/New_York,2026-06-06 19:38:48.119232+00:00,
ELA,ELA,success,1426,2026-03-12 13:30:00+00:00,2026-06-05 20:00:00+00:00,America/New_York,2026-06-06 19:38:48.126008+00:00,
ELAN,ELAN,success,1561,2026-03-12 13:30:00+00:00,2026-06-05 20:00:00+00:00,America/New_York,2026-06-06 19:38:48.129901+00:00,
ELDN,ELDN,success,1561,2026-03-12 13:30:00+00:00,2026-06-05 20:00:00+00:00,America/New_York,2026-06-06 19:38:48.133950+00:00,
ELE,ELE,success,1558,2026-03-12 13:30:00+00:00,2026-06-05 20:00:00+00:00,America/New_York,2026-06-06 19:38:48.138412+00:00,
ELF,ELF,success,1561,2026-03-12 13:30:00+00:00,2026-06-05 20:00:00+00:00,America/New_York,2026-06-06 19:38:48.142994+00:00,
ELLO,ELLO,success,250,2026-03-12 13:30:00+00:00,2026-06-05 20:00:00+00:00,America/New_York,2026-06-06 19:38:48.145289+00:00,
ELMD,ELMD,success,1247,2026-03-12 13:30:00+00:00,2026-06-05 20:00:00+00:00,America/New_York,2026-06-06 19:38:48.148472+00:00,
ELMT,ELMT,success,801,2026-04-23 13:30:00+00:00,2026-06-05 20:00:00+00:00,America/New_York,2026-06-06 19:38:48.152525+00:00,
ELPC,ELPC,success,1560,2026-03-12 13:30:00+00:00,2026-06-05 20:00:00+00:00,America/New_York,2026-06-06 19:38:48.157790+00:00,
ELS,ELS,success,1561,2026-03-12 13:30:00+00:00,2026-06-05 20:00:00+00:00,America/New_York,2026-06-06 19:38:48.161352+00:00,
ELTX,ELTX,success,1434,2026-03-12 13:30:00+00:00,2026-06-05 20:00:00+00:00,America/New_York,2026-06-06 19:38:48.164897+00:00,
ELV,ELV,success,1561,2026-03-12 13:30:00+00:00,2026-06-05 20:00:00+00:00,America/New_York,2026-06-06 19:38:48.170565+00:00,
ELVA,ELVA,success,1554,2026-03-12 13:30:00+00:00,2026-06-05 20:00:00+00:00,America/New_York,2026-06-06 19:38:48.175497+00:00,
ELVN,ELVN,success,1561,2026-03-12 13:30:00+00:00,2026-06-05 20:00:00+00:00,America/New_York,2026-06-06 19:38:48.179543+00:00,
ELVR,ELVR,success,1311,2026-03-12 13:30:00+00:00,2026-06-05 20:00:00+00:00,America/New_York,2026-06-06 19:38:48.183618+00:00,
EMA,EMA,success,1554,2026-03-12 13:30:00+00:00,2026-06-05 20:00:00+00:00,America/New_York,2026-06-06 19:38:48.188871+00:00,
EMAT,EMAT,success,1423,2026-03-12 13:30:00+00:00,2026-06-05 20:00:00+00:00,America/New_York,2026-06-06 19:38:48.193875+00:00,
EMBC,EMBC,success,1561,2026-03-12 13:30:00+00:00,2026-06-05 20:00:00+00:00,America/New_York,2026-06-06 19:38:48.197955+00:00,
EMBJ,EMBJ,success,1561,2026-03-12 13:30:00+00:00,2026-06-05 20:00:00+00:00,America/New_York,2026-06-06 19:38:48.203375+00:00,
EME,EME,success,1561,2026-03-12 13:30:00+00:00,2026-06-05 20:00:00+00:00,America/New_York,2026-06-06 19:38:48.208509+00:00,
EML,EML,success,733,2026-03-12 13:30:00+00:00,2026-06-05 20:00:00+00:00,America/New_York,2026-06-06 19:38:48.212723+00:00,
EMN,EMN,success,1561,2026-03-12 13:30:00+00:00,2026-06-05 20:00:00+00:00,America/New_York,2026-06-06 19:38:48.217495+00:00,
EMPD,EMPD,success,1539,2026-03-12 13:30:00+00:00,2026-06-05 20:00:00+00:00,America/New_York,2026-06-06 19:38:48.222123+00:00,
EMR,EMR,success,1561,2026-03-12 13:30:00+00:00,2026-06-05 20:00:00+00:00,America/New_York,2026-06-06 19:38:48.226845+00:00,
ENB,ENB,success,1561,2026-03-12 13:30:00+00:00,2026-06-05 20:00:00+00:00,America/New_York,2026-06-06 19:38:48.229658+00:00,
ENIC,ENIC,success,1561,2026-03-12 13:30:00+00:00,2026-06-05 20:00:00+00:00,America/New_York,2026-06-06 19:38:48.232334+00:00,
ENLT,ENLT,success,1518,2026-03-12 13:30:00+00:00,2026-06-05 20:00:00+00:00,America/New_York,2026-06-06 19:38:48.235611+00:00,
ENOV,ENOV,success,1561,2026-03-12 13:30:00+00:00,2026-06-05 20:00:00+00:00,America/New_York,2026-06-06 19:38:48.239967+00:00,
ENPH,ENPH,success,1561,2026-03-12 13:30:00+00:00,2026-06-05 20:00:00+00:00,America/New_York,2026-06-06 19:38:48.244716+00:00,
ENR,ENR,success,1561,2026-03-12 13:30:00+00:00,2026-06-05 20:00:00+00:00,America/New_York,2026-06-06 19:38:48.249036+00:00,
ENS,ENS,success,1561,2026-03-12 13:30:00+00:00,2026-06-05 20:00:00+00:00,America/New_York,2026-06-06 19:38:48.253846+00:00,
ENSG,ENSG,success,1557,2026-03-12 13:30:00+00:00,2026-06-05 20:00:00+00:00,America/New_York,2026-06-06 19:38:48.258611+00:00,
ENTA,ENTA,success,1482,2026-03-12 13:30:00+00:00,2026-06-05 20:00:00+00:00,America/New_York,2026-06-06 19:38:48.262073+00:00,
ENTG,ENTG,success,1561,2026-03-12 13:30:00+00:00,2026-06-05 20:00:00+00:00,America/New_York,2026-06-06 19:38:48.265580+00:00,
ENVA,ENVA,success,1530,2026-03-12 13:30:00+00:00,2026-06-05 20:00:00+00:00,America/New_York,2026-06-06 19:38:48.270317+00:00,
ENVX,ENVX,success,1561,2026-03-12 13:30:00+00:00,2026-06-05 20:00:00+00:00,America/New_York,2026-06-06 19:38:48.325336+00:00,
EOG,EOG,success,1561,2026-03-12 13:30:00+00:00,2026-06-05 20:00:00+00:00,America/New_York,2026-06-06 19:38:48.330426+00:00,
EOLS,EOLS,success,1561,2026-03-12 13:30:00+00:00,2026-06-05 20:00:00+00:00,America/New_York,2026-06-06 19:38:48.334737+00:00,
EOSE,EOSE,success,1561,2026-03-12 13:30:00+00:00,2026-06-05 20:00:00+00:00,America/New_York,2026-06-06 19:38:48.340598+00:00,
EPAC,EPAC,success,1559,2026-03-12 13:30:00+00:00,2026-06-05 20:00:00+00:00,America/New_York,2026-06-06 19:38:48.344969+00:00,
EPAM,EPAM,success,1561,2026-03-12 13:30:00+00:00,2026-06-05 20:00:00+00:00,America/New_York,2026-06-06 19:38:48.348699+00:00,
EPC,EPC,success,1561,2026-03-12 13:30:00+00:00,2026-06-05 20:00:00+00:00,America/New_York,2026-06-06 19:38:48.352867+00:00,
EPM,EPM,success,1561,2026-03-12 13:30:00+00:00,2026-06-05 20:00:00+00:00,America/New_York,2026-06-06 19:38:48.358563+00:00,
EPR,EPR,success,1561,2026-03-12 13:30:00+00:00,2026-06-05 20:00:00+00:00,America/New_York,2026-06-06 19:38:48.362100+00:00,
EPRT,EPRT,success,1561,2026-03-12 13:30:00+00:00,2026-06-05 20:00:00+00:00,America/New_York,2026-06-06 19:38:48.365902+00:00,
EPRX,EPRX,success,1344,2026-03-12 13:30:00+00:00,2026-06-05 20:00:00+00:00,America/New_York,2026-06-06 19:38:48.370625+00:00,
EPSN,EPSN,success,1527,2026-03-12 13:30:00+00:00,2026-06-05 20:00:00+00:00,America/New_York,2026-06-06 19:38:48.375714+00:00,
EQBK,EQBK,success,1405,2026-03-12 13:30:00+00:00,2026-06-05 20:00:00+00:00,America/New_York,2026-06-06 19:38:48.379361+00:00,
EQH,EQH,success,1561,2026-03-12 13:30:00+00:00,2026-06-05 20:00:00+00:00,America/New_York,2026-06-06 19:38:48.383369+00:00,
EQIX,EQIX,success,1561,2026-03-12 13:30:00+00:00,2026-06-05 20:00:00+00:00,America/New_York,2026-06-06 19:38:48.388576+00:00,
EQNR,EQNR,success,1561,2026-03-12 13:30:00+00:00,2026-06-05 20:00:00+00:00,America/New_York,2026-06-06 19:38:48.393416+00:00,
EQPT,EQPT,success,1561,2026-03-12 13:30:00+00:00,2026-06-05 20:00:00+00:00,America/New_York,2026-06-06 19:38:48.396629+00:00,
EQR,EQR,success,1561,2026-03-12 13:30:00+00:00,2026-06-05 20:00:00+00:00,America/New_York,2026-06-06 19:38:48.400609+00:00,
EQT,EQT,success,1561,2026-03-12 13:30:00+00:00,2026-06-05 20:00:00+00:00,America/New_York,2026-06-06 19:38:48.406082+00:00,
EQX,EQX,success,1561,2026-03-12 13:30:00+00:00,2026-06-05 20:00:00+00:00,America/New_York,2026-06-06 19:38:48.410720+00:00,
ERAS,ERAS,success,1561,2026-03-12 13:30:00+00:00,2026-06-05 20:00:00+00:00,America/New_York,2026-06-06 19:38:48.414248+00:00,
ERIC,ERIC,success,1561,2026-03-12 13:30:00+00:00,2026-06-05 20:00:00+00:00,America/New_York,2026-06-06 19:38:48.418261+00:00,
ERIE,ERIE,success,1533,2026-03-12 13:30:00+00:00,2026-06-05 20:00:00+00:00,America/New_York,2026-06-06 19:38:48.423505+00:00,
ERII,ERII,success,1561,2026-03-12 13:30:00+00:00,2026-06-05 20:00:00+00:00,America/New_York,2026-06-06 19:38:48.427634+00:00,
ERO,ERO,success,1561,2026-03-12 13:30:00+00:00,2026-06-05 20:00:00+00:00,America/New_York,2026-06-06 19:38:48.431136+00:00,
ES,ES,success,1561,2026-03-12 13:30:00+00:00,2026-06-05 20:00:00+00:00,America/New_York,2026-06-06 19:38:48.435420+00:00,
ESAB,ESAB,success,1561,2026-03-12 13:30:00+00:00,2026-06-05 20:00:00+00:00,America/New_York,2026-06-06 19:38:48.440612+00:00,
ESCA,ESCA,success,1104,2026-03-12 13:30:00+00:00,2026-06-05 20:00:00+00:00,America/New_York,2026-06-06 19:38:48.444250+00:00,
ESE,ESE,success,1542,2026-03-12 13:30:00+00:00,2026-06-05 20:00:00+00:00,America/New_York,2026-06-06 19:38:48.447883+00:00,
ESEA,ESEA,success,1258,2026-03-12 13:30:00+00:00,2026-06-05 20:00:00+00:00,America/New_York,2026-06-06 19:38:48.452409+00:00,
ESI,ESI,success,1561,2026-03-12 13:30:00+00:00,2026-06-05 20:00:00+00:00,America/New_York,2026-06-06 19:38:48.457883+00:00,
ESLT,ESLT,success,1545,2026-03-12 13:30:00+00:00,2026-06-05 20:00:00+00:00,America/New_York,2026-06-06 19:38:48.461488+00:00,
ESNT,ESNT,success,1561,2026-03-12 13:30:00+00:00,2026-06-05 20:00:00+00:00,America/New_York,2026-06-06 19:38:48.464700+00:00,
ESOA,ESOA,success,1489,2026-03-12 13:30:00+00:00,2026-06-05 20:00:00+00:00,America/New_York,2026-06-06 19:38:48.469079+00:00,
ESP,ESP,success,952,2026-03-12 13:30:00+00:00,2026-06-05 20:00:00+00:00,America/New_York,2026-06-06 19:38:48.473625+00:00,
ESPR,ESPR,success,1561,2026-03-12 13:30:00+00:00,2026-06-05 20:00:00+00:00,America/New_York,2026-06-06 19:38:48.477578+00:00,
ESQ,ESQ,success,1376,2026-03-12 13:30:00+00:00,2026-06-05 20:00:00+00:00,America/New_York,2026-06-06 19:38:48.480799+00:00,
ESRT,ESRT,success,1561,2026-03-12 13:30:00+00:00,2026-06-05 20:00:00+00:00,America/New_York,2026-06-06 19:38:48.485226+00:00,
ESS,ESS,success,1561,2026-03-12 13:30:00+00:00,2026-06-05 20:00:00+00:00,America/New_York,2026-06-06 19:38:48.490026+00:00,
ESTA,ESTA,success,1560,2026-03-12 13:30:00+00:00,2026-06-05 20:00:00+00:00,America/New_York,2026-06-06 19:38:48.494216+00:00,
ESTC,ESTC,success,1561,2026-03-12 13:30:00+00:00,2026-06-05 20:00:00+00:00,America/New_York,2026-06-06 19:38:48.497685+00:00,
ETD,ETD,success,1561,2026-03-12 13:30:00+00:00,2026-06-05 20:00:00+00:00,America/New_York,2026-06-06 19:38:48.502164+00:00,
ETN,ETN,success,1561,2026-03-12 13:30:00+00:00,2026-06-05 20:00:00+00:00,America/New_York,2026-06-06 19:38:48.507331+00:00,
ETON,ETON,success,1561,2026-03-12 13:30:00+00:00,2026-06-05 20:00:00+00:00,America/New_York,2026-06-06 19:38:48.510957+00:00,
ETOR,ETOR,success,1561,2026-03-12 13:30:00+00:00,2026-06-05 20:00:00+00:00,America/New_York,2026-06-06 19:38:48.514362+00:00,
ETR,ETR,success,1561,2026-03-12 13:30:00+00:00,2026-06-05 20:00:00+00:00,America/New_York,2026-06-06 19:38:48.518421+00:00,
ETSS,ETSS,success,9,2026-06-04 13:30:00+00:00,2026-06-05 18:15:00+00:00,America/New_York,2026-06-06 19:38:48.521762+00:00,
ETSY,ETSY,success,1561,2026-03-12 13:30:00+00:00,2026-06-05 20:00:00+00:00,America/New_York,2026-06-06 19:38:48.526466+00:00,
EVAC,EVAC,success,357,2026-03-12 13:30:00+00:00,2026-06-05 19:45:00+00:00,America/New_York,2026-06-06 19:38:48.528871+00:00,
EVC,EVC,success,1549,2026-03-12 13:30:00+00:00,2026-06-05 20:00:00+00:00,America/New_York,2026-06-06 19:38:48.532443+00:00,
EVCM,EVCM,success,1367,2026-03-12 13:30:00+00:00,2026-06-05 20:00:00+00:00,America/New_York,2026-06-06 19:38:48.537939+00:00,
EVER,EVER,success,1561,2026-03-12 13:30:00+00:00,2026-06-05 20:00:00+00:00,America/New_York,2026-06-06 19:38:48.542863+00:00,
EVH,EVH,success,1561,2026-03-12 13:30:00+00:00,2026-06-05 20:00:00+00:00,America/New_York,2026-06-06 19:38:48.546426+00:00,
EVI,EVI,success,919,2026-03-12 13:30:00+00:00,2026-06-05 20:00:00+00:00,America/New_York,2026-06-06 19:38:48.550464+00:00,
EVLV,EVLV,success,1561,2026-03-12 13:30:00+00:00,2026-06-05 20:00:00+00:00,America/New_York,2026-06-06 19:38:48.555589+00:00,
EVMN,EVMN,success,1555,2026-03-12 13:30:00+00:00,2026-06-05 20:00:00+00:00,America/New_York,2026-06-06 19:38:48.560064+00:00,
EVOX,EVOX,success,65,2026-03-16 15:00:00+00:00,2026-06-05 20:00:00+00:00,America/New_York,2026-06-06 19:38:48.562144+00:00,
EVR,EVR,success,1561,2026-03-12 13:30:00+00:00,2026-06-05 20:00:00+00:00,America/New_York,2026-06-06 19:38:48.565566+00:00,
EVRG,EVRG,success,1561,2026-03-12 13:30:00+00:00,2026-06-05 20:00:00+00:00,America/New_York,2026-06-06 19:38:48.570515+00:00,
EVTC,EVTC,success,1559,2026-03-12 13:30:00+00:00,2026-06-05 20:00:00+00:00,America/New_York,2026-06-06 19:38:48.575750+00:00,
EW,EW,success,1561,2026-03-12 13:30:00+00:00,2026-06-05 20:00:00+00:00,America/New_York,2026-06-06 19:38:48.579086+00:00,
EWBC,EWBC,success,1561,2026-03-12 13:30:00+00:00,2026-06-05 20:00:00+00:00,America/New_York,2026-06-06 19:38:48.582841+00:00,
EWTX,EWTX,success,1561,2026-03-12 13:30:00+00:00,2026-06-05 20:00:00+00:00,America/New_York,2026-06-06 19:38:48.587508+00:00,
EXC,EXC,success,1561,2026-03-12 13:30:00+00:00,2026-06-05 20:00:00+00:00,America/New_York,2026-06-06 19:38:48.592297+00:00,
EXE,EXE,success,1561,2026-03-12 13:30:00+00:00,2026-06-05 20:00:00+00:00,America/New_York,2026-06-06 19:38:48.595735+00:00,
EXEL,EXEL,success,1561,2026-03-12 13:30:00+00:00,2026-06-05 20:00:00+00:00,America/New_York,2026-06-06 19:38:48.599271+00:00,
EXK,EXK,success,1561,2026-03-12 13:30:00+00:00,2026-06-05 20:00:00+00:00,America/New_York,2026-06-06 19:38:48.604277+00:00,
EXLS,EXLS,success,1561,2026-03-12 13:30:00+00:00,2026-06-05 20:00:00+00:00,America/New_York,2026-06-06 19:38:48.609325+00:00,
EXOD,EXOD,success,1399,2026-03-12 13:30:00+00:00,2026-06-05 20:00:00+00:00,America/New_York,2026-06-06 19:38:48.613573+00:00,
EXP,EXP,success,1560,2026-03-12 13:30:00+00:00,2026-06-05 20:00:00+00:00,America/New_York,2026-06-06 19:38:48.617748+00:00,
EXPD,EXPD,success,1561,2026-03-12 13:30:00+00:00,2026-06-05 20:00:00+00:00,America/New_York,2026-06-06 19:38:48.622419+00:00,
EXPE,EXPE,success,1561,2026-03-12 13:30:00+00:00,2026-06-05 20:00:00+00:00,America/New_York,2026-06-06 19:38:48.628008+00:00,
EXPO,EXPO,success,1560,2026-03-12 13:30:00+00:00,2026-06-05 20:00:00+00:00,America/New_York,2026-06-06 19:38:48.631761+00:00,
EXR,EXR,success,1561,2026-03-12 13:30:00+00:00,2026-06-05 20:00:00+00:00,America/New_York,2026-06-06 19:38:48.636966+00:00,
EXTR,EXTR,success,1561,2026-03-12 13:30:00+00:00,2026-06-05 20:00:00+00:00,America/New_York,2026-06-06 19:38:48.641600+00:00,
EYE,EYE,success,1561,2026-03-12 13:30:00+00:00,2026-06-05 20:00:00+00:00,America/New_York,2026-06-06 19:38:48.645182+00:00,
EYPT,EYPT,success,1561,2026-03-12 13:30:00+00:00,2026-06-05 20:00:00+00:00,America/New_York,2026-06-06 19:38:48.648766+00:00,
EZPW,EZPW,success,1561,2026-03-12 13:30:00+00:00,2026-06-05 20:00:00+00:00,America/New_York,2026-06-06 19:38:48.652989+00:00,
F,F,success,1561,2026-03-12 13:30:00+00:00,2026-06-05 20:00:00+00:00,America/New_York,2026-06-06 19:38:48.657879+00:00,
FA,FA,success,1561,2026-03-12 13:30:00+00:00,2026-06-05 20:00:00+00:00,America/New_York,2026-06-06 19:38:48.661431+00:00,
FACT,FACT,success,263,2026-03-12 16:15:00+00:00,2026-06-05 20:00:00+00:00,America/New_York,2026-06-06 19:38:48.663511+00:00,
FAF,FAF,success,1561,2026-03-12 13:30:00+00:00,2026-06-05 20:00:00+00:00,America/New_York,2026-06-06 19:38:48.667607+00:00,
FANG,FANG,success,1561,2026-03-12 13:30:00+00:00,2026-06-05 20:00:00+00:00,America/New_York,2026-06-06 19:38:48.672521+00:00,
FAST,FAST,success,1561,2026-03-12 13:30:00+00:00,2026-06-05 20:00:00+00:00,America/New_York,2026-06-06 19:38:48.676983+00:00,
FATN,FATN,success,1350,2026-03-12 13:30:00+00:00,2026-06-05 20:00:00+00:00,America/New_York,2026-06-06 19:38:48.680232+00:00,
FBIN,FBIN,success,1561,2026-03-12 13:30:00+00:00,2026-06-05 20:00:00+00:00,America/New_York,2026-06-06 19:38:48.684118+00:00,
FBIZ,FBIZ,success,818,2026-03-12 13:30:00+00:00,2026-06-05 20:00:00+00:00,America/New_York,2026-06-06 19:38:48.688342+00:00,
FBK,FBK,success,1555,2026-03-12 13:30:00+00:00,2026-06-05 20:00:00+00:00,America/New_York,2026-06-06 19:38:48.693481+00:00,
FBLA,FBLA,success,1288,2026-03-12 13:30:00+00:00,2026-06-05 20:00:00+00:00,America/New_York,2026-06-06 19:38:48.696384+00:00,
FBNC,FBNC,success,1519,2026-03-12 13:30:00+00:00,2026-06-05 20:00:00+00:00,America/New_York,2026-06-06 19:38:48.700396+00:00,
FBP,FBP,success,1561,2026-03-12 13:30:00+00:00,2026-06-05 20:00:00+00:00,America/New_York,2026-06-06 19:38:48.705362+00:00,
FBRT,FBRT,success,1561,2026-03-12 13:30:00+00:00,2026-06-05 20:00:00+00:00,America/New_York,2026-06-06 19:38:48.710024+00:00,
FBRX,FBRX,success,1515,2026-03-12 13:30:00+00:00,2026-06-05 20:00:00+00:00,America/New_York,2026-06-06 19:38:48.713583+00:00,
FBYD,FBYD,success,1297,2026-03-12 13:30:00+00:00,2026-06-05 20:00:00+00:00,America/New_York,2026-06-06 19:38:48.717294+00:00,
FC,FC,success,1398,2026-03-12 13:30:00+00:00,2026-06-05 20:00:00+00:00,America/New_York,2026-06-06 19:38:48.721793+00:00,
FCAP,FCAP,success,168,2026-03-12 16:45:00+00:00,2026-06-05 20:00:00+00:00,America/New_York,2026-06-06 19:38:48.725084+00:00,
FCBC,FCBC,success,1244,2026-03-12 13:30:00+00:00,2026-06-05 20:00:00+00:00,America/New_York,2026-06-06 19:38:48.728269+00:00,
FCCO,FCCO,success,1369,2026-03-12 13:30:00+00:00,2026-06-05 20:00:00+00:00,America/New_York,2026-06-06 19:38:48.731489+00:00,
FCEL,FCEL,success,1561,2026-03-12 13:30:00+00:00,2026-06-05 20:00:00+00:00,America/New_York,2026-06-06 19:38:48.735619+00:00,
FCF,FCF,success,1561,2026-03-12 13:30:00+00:00,2026-06-05 20:00:00+00:00,America/New_York,2026-06-06 19:38:48.740700+00:00,
FCFS,FCFS,success,1555,2026-03-12 13:30:00+00:00,2026-06-05 20:00:00+00:00,America/New_York,2026-06-06 19:38:48.744590+00:00,
FCN,FCN,success,1552,2026-03-12 13:30:00+00:00,2026-06-05 20:00:00+00:00,America/New_York,2026-06-06 19:38:48.748149+00:00,
FCNCA,FCNCA,success,1561,2026-03-12 13:30:00+00:00,2026-06-05 20:00:00+00:00,America/New_York,2026-06-06 19:38:48.752924+00:00,
FCPT,FCPT,success,1561,2026-03-12 13:30:00+00:00,2026-06-05 20:00:00+00:00,America/New_York,2026-06-06 19:38:48.758256+00:00,
FCRS,FCRS,success,664,2026-03-12 13:30:00+00:00,2026-06-05 20:00:00+00:00,America/New_York,2026-06-06 19:38:48.761145+00:00,
FCX,FCX,success,1561,2026-03-12 13:30:00+00:00,2026-06-05 20:00:00+00:00,America/New_York,2026-06-06 19:38:48.764428+00:00,
FDBC,FDBC,success,298,2026-03-12 13:30:00+00:00,2026-06-05 20:00:00+00:00,America/New_York,2026-06-06 19:38:48.767856+00:00,
FDMT,FDMT,success,1560,2026-03-12 13:30:00+00:00,2026-06-05 20:00:00+00:00,America/New_York,2026-06-06 19:38:48.773687+00:00,
FDP,FDP,success,1548,2026-03-12 13:30:00+00:00,2026-06-05 20:00:00+00:00,America/New_York,2026-06-06 19:38:48.777567+00:00,
FDS,FDS,success,1561,2026-03-12 13:30:00+00:00,2026-06-05 20:00:00+00:00,America/New_York,2026-06-06 19:38:48.781061+00:00,
FDSB,FDSB,success,301,2026-03-12 13:30:00+00:00,2026-06-05 20:00:00+00:00,America/New_York,2026-06-06 19:38:48.784015+00:00,
FDUS,FDUS,success,1557,2026-03-12 13:30:00+00:00,2026-06-05 20:00:00+00:00,America/New_York,2026-06-06 19:38:48.788383+00:00,
FDX,FDX,success,1561,2026-03-12 13:30:00+00:00,2026-06-05 20:00:00+00:00,America/New_York,2026-06-06 19:38:48.792677+00:00,
FE,FE,success,1561,2026-03-12 13:30:00+00:00,2026-06-05 20:00:00+00:00,America/New_York,2026-06-06 19:38:48.796117+00:00,
FEIM,FEIM,success,1543,2026-03-12 13:30:00+00:00,2026-06-05 20:00:00+00:00,America/New_York,2026-06-06 19:38:48.800000+00:00,
FELE,FELE,success,1548,2026-03-12 13:30:00+00:00,2026-06-05 20:00:00+00:00,America/New_York,2026-06-06 19:38:48.804895+00:00,
FENC,FENC,success,1484,2026-03-12 13:30:00+00:00,2026-06-05 20:00:00+00:00,America/New_York,2026-06-06 19:38:48.809597+00:00,
FER,FER,success,1561,2026-03-12 13:30:00+00:00,2026-06-05 20:00:00+00:00,America/New_York,2026-06-06 19:38:48.812967+00:00,
FERG,FERG,success,1561,2026-03-12 13:30:00+00:00,2026-06-05 20:00:00+00:00,America/New_York,2026-06-06 19:38:48.817246+00:00,
FET,FET,success,1547,2026-03-12 13:30:00+00:00,2026-06-05 20:00:00+00:00,America/New_York,2026-06-06 19:38:48.821603+00:00,
FF,FF,success,1557,2026-03-12 13:30:00+00:00,2026-06-05 20:00:00+00:00,America/New_York,2026-06-06 19:38:48.825954+00:00,
FFBC,FFBC,success,1560,2026-03-12 13:30:00+00:00,2026-06-05 20:00:00+00:00,America/New_York,2026-06-06 19:38:48.829373+00:00,
FFIN,FFIN,success,1561,2026-03-12 13:30:00+00:00,2026-06-05 20:00:00+00:00,America/New_York,2026-06-06 19:38:48.833071+00:00,
FFIV,FFIV,success,1561,2026-03-12 13:30:00+00:00,2026-06-05 20:00:00+00:00,America/New_York,2026-06-06 19:38:48.837758+00:00,
FG,FG,success,1561,2026-03-12 13:30:00+00:00,2026-06-05 20:00:00+00:00,America/New_York,2026-06-06 19:38:48.842211+00:00,
FGBI,FGBI,success,585,2026-03-12 13:30:00+00:00,2026-06-05 20:00:00+00:00,America/New_York,2026-06-06 19:38:48.845040+00:00,
FGMC,FGMC,success,916,2026-03-12 14:45:00+00:00,2026-06-05 20:00:00+00:00,America/New_York,2026-06-06 19:38:48.847975+00:00,
FHB,FHB,success,1561,2026-03-12 13:30:00+00:00,2026-06-05 20:00:00+00:00,America/New_York,2026-06-06 19:38:48.852150+00:00,
FHI,FHI,success,1561,2026-03-12 13:30:00+00:00,2026-06-05 20:00:00+00:00,America/New_York,2026-06-06 19:38:48.857240+00:00,
FHN,FHN,success,1561,2026-03-12 13:30:00+00:00,2026-06-05 20:00:00+00:00,America/New_York,2026-06-06 19:38:48.861071+00:00,
FHTX,FHTX,success,1476,2026-03-12 13:30:00+00:00,2026-06-05 20:00:00+00:00,America/New_York,2026-06-06 19:38:48.864412+00:00,
FIBK,FIBK,success,1561,2026-03-12 13:30:00+00:00,2026-06-05 20:00:00+00:00,America/New_York,2026-06-06 19:38:48.868797+00:00,
FICO,FICO,success,1561,2026-03-12 13:30:00+00:00,2026-06-05 20:00:00+00:00,America/New_York,2026-06-06 19:38:48.874085+00:00,
FIG,FIG,success,1561,2026-03-12 13:30:00+00:00,2026-06-05 20:00:00+00:00,America/New_York,2026-06-06 19:38:48.877756+00:00,
FIGR,FIGR,success,1561,2026-03-12 13:30:00+00:00,2026-06-05 20:00:00+00:00,America/New_York,2026-06-06 19:38:48.880720+00:00,
FIGS,FIGS,success,1561,2026-03-12 13:30:00+00:00,2026-06-05 20:00:00+00:00,America/New_York,2026-06-06 19:38:48.883969+00:00,
FINV,FINV,success,1561,2026-03-12 13:30:00+00:00,2026-06-05 20:00:00+00:00,America/New_York,2026-06-06 19:38:48.887237+00:00,
FINW,FINW,success,580,2026-03-12 13:30:00+00:00,2026-06-05 20:00:00+00:00,America/New_York,2026-06-06 19:38:48.890129+00:00,
FIP,FIP,success,1561,2026-03-12 13:30:00+00:00,2026-06-05 20:00:00+00:00,America/New_York,2026-06-06 19:38:48.893367+00:00,
FIS,FIS,success,1561,2026-03-12 13:30:00+00:00,2026-06-05 20:00:00+00:00,America/New_York,2026-06-06 19:38:48.896115+00:00,
FISI,FISI,success,1393,2026-03-12 13:30:00+00:00,2026-06-05 20:00:00+00:00,America/New_York,2026-06-06 19:38:48.899021+00:00,
FISV,FISV,success,1561,2026-03-12 13:30:00+00:00,2026-06-05 20:00:00+00:00,America/New_York,2026-06-06 19:38:48.902295+00:00,
FITB,FITB,success,1561,2026-03-12 13:30:00+00:00,2026-06-05 20:00:00+00:00,America/New_York,2026-06-06 19:38:48.905536+00:00,
FIVE,FIVE,success,1561,2026-03-12 13:30:00+00:00,2026-06-05 20:00:00+00:00,America/New_York,2026-06-06 19:38:48.909425+00:00,
FIVN,FIVN,success,1561,2026-03-12 13:30:00+00:00,2026-06-05 20:00:00+00:00,America/New_York,2026-06-06 19:38:48.912425+00:00,
FIX,FIX,success,1561,2026-03-12 13:30:00+00:00,2026-06-05 20:00:00+00:00,America/New_York,2026-06-06 19:38:48.915262+00:00,
FIZZ,FIZZ,success,1552,2026-03-12 13:30:00+00:00,2026-06-05 20:00:00+00:00,America/New_York,2026-06-06 19:38:48.918679+00:00,
FJET,FJET,success,1561,2026-03-12 13:30:00+00:00,2026-06-05 20:00:00+00:00,America/New_York,2026-06-06 19:38:48.921844+00:00,
FLEX,FLEX,success,1561,2026-03-12 13:30:00+00:00,2026-06-05 20:00:00+00:00,America/New_York,2026-06-06 19:38:48.925870+00:00,
FLG,FLG,success,1561,2026-03-12 13:30:00+00:00,2026-06-05 20:00:00+00:00,America/New_York,2026-06-06 19:38:48.929074+00:00,
FLGT,FLGT,success,1559,2026-03-12 13:30:00+00:00,2026-06-05 20:00:00+00:00,America/New_York,2026-06-06 19:38:48.933155+00:00,
FLNC,FLNC,success,1561,2026-03-12 13:30:00+00:00,2026-06-05 20:00:00+00:00,America/New_York,2026-06-06 19:38:48.938535+00:00,
FLNG,FLNG,success,1561,2026-03-12 13:30:00+00:00,2026-06-05 20:00:00+00:00,America/New_York,2026-06-06 19:38:48.943032+00:00,
FLO,FLO,success,1561,2026-03-12 13:30:00+00:00,2026-06-05 20:00:00+00:00,America/New_York,2026-06-06 19:38:48.946518+00:00,
FLOC,FLOC,success,1561,2026-03-12 13:30:00+00:00,2026-06-05 20:00:00+00:00,America/New_York,2026-06-06 19:38:48.950422+00:00,
FLR,FLR,success,1561,2026-03-12 13:30:00+00:00,2026-06-05 20:00:00+00:00,America/New_York,2026-06-06 19:38:48.953938+00:00,
FLS,FLS,success,1561,2026-03-12 13:30:00+00:00,2026-06-05 20:00:00+00:00,America/New_York,2026-06-06 19:38:48.957373+00:00,
FLUT,FLUT,success,1561,2026-03-12 13:30:00+00:00,2026-06-05 20:00:00+00:00,America/New_York,2026-06-06 19:38:48.960623+00:00,
FLWS,FLWS,success,1558,2026-03-12 13:30:00+00:00,2026-06-05 20:00:00+00:00,America/New_York,2026-06-06 19:38:48.963480+00:00,
FLXS,FLXS,success,1084,2026-03-12 13:30:00+00:00,2026-06-05 20:00:00+00:00,America/New_York,2026-06-06 19:38:48.967154+00:00,
FLY,FLY,success,1561,2026-03-12 13:30:00+00:00,2026-06-05 20:00:00+00:00,America/New_York,2026-06-06 19:38:48.972090+00:00,
FLYW,FLYW,success,1561,2026-03-12 13:30:00+00:00,2026-06-05 20:00:00+00:00,America/New_York,2026-06-06 19:38:48.976333+00:00,
FMAC,FMAC,success,42,2026-05-18 13:45:00+00:00,2026-06-04 16:00:00+00:00,America/New_York,2026-06-06 19:38:48.978393+00:00,
FMAO,FMAO,success,1069,2026-03-12 13:30:00+00:00,2026-06-05 20:00:00+00:00,America/New_York,2026-06-06 19:38:48.980807+00:00,
FMBH,FMBH,success,1379,2026-03-12 13:30:00+00:00,2026-06-05 20:00:00+00:00,America/New_York,2026-06-06 19:38:48.983750+00:00,
FMC,FMC,success,1561,2026-03-12 13:30:00+00:00,2026-06-05 20:00:00+00:00,America/New_York,2026-06-06 19:38:48.987676+00:00,
FMNB,FMNB,success,1557,2026-03-12 13:30:00+00:00,2026-06-05 20:00:00+00:00,America/New_York,2026-06-06 19:38:48.992439+00:00,
FMS,FMS,success,1561,2026-03-12 13:30:00+00:00,2026-06-05 20:00:00+00:00,America/New_York,2026-06-06 19:38:48.995882+00:00,
FMX,FMX,success,1561,2026-03-12 13:30:00+00:00,2026-06-05 20:00:00+00:00,America/New_York,2026-06-06 19:38:48.999628+00:00,
FN,FN,success,1561,2026-03-12 13:30:00+00:00,2026-06-05 20:00:00+00:00,America/New_York,2026-06-06 19:38:49.004625+00:00,
FNB,FNB,success,1561,2026-03-12 13:30:00+00:00,2026-06-05 20:00:00+00:00,America/New_York,2026-06-06 19:38:49.009777+00:00,
FND,FND,success,1561,2026-03-12 13:30:00+00:00,2026-06-05 20:00:00+00:00,America/New_York,2026-06-06 19:38:49.013914+00:00,
FNF,FNF,success,1561,2026-03-12 13:30:00+00:00,2026-06-05 20:00:00+00:00,America/New_York,2026-06-06 19:38:49.018135+00:00,
FNKO,FNKO,success,1560,2026-03-12 13:30:00+00:00,2026-06-05 20:00:00+00:00,America/New_York,2026-06-06 19:38:49.023943+00:00,
FNLC,FNLC,success,564,2026-03-12 13:30:00+00:00,2026-06-05 20:00:00+00:00,America/New_York,2026-06-06 19:38:49.027278+00:00,
FNRN,FNRN,success,828,2026-03-13 13:30:00+00:00,2026-06-05 20:00:00+00:00,America/New_York,2026-06-06 19:38:49.029697+00:00,
FNV,FNV,success,1561,2026-03-12 13:30:00+00:00,2026-06-05 20:00:00+00:00,America/New_York,2026-06-06 19:38:49.033429+00:00,
FNWB,FNWB,success,1015,2026-03-12 14:15:00+00:00,2026-06-05 20:00:00+00:00,America/New_York,2026-06-06 19:38:49.036327+00:00,
FNWD,FNWD,success,341,2026-03-12 13:45:00+00:00,2026-06-05 20:00:00+00:00,America/New_York,2026-06-06 19:38:49.038752+00:00,
FOA,FOA,success,1273,2026-03-12 13:30:00+00:00,2026-06-05 20:00:00+00:00,America/New_York,2026-06-06 19:38:49.042592+00:00,
FOCL,FOCL,success,72,2026-06-01 13:30:00+00:00,2026-06-05 20:00:00+00:00,America/New_York,2026-06-06 19:38:49.044902+00:00,
FOR,FOR,success,1487,2026-03-12 13:30:00+00:00,2026-06-05 20:00:00+00:00,America/New_York,2026-06-06 19:38:49.048230+00:00,
FORM,FORM,success,1561,2026-03-12 13:30:00+00:00,2026-06-05 20:00:00+00:00,America/New_York,2026-06-06 19:38:49.052876+00:00,
FORR,FORR,success,1411,2026-03-12 13:30:00+00:00,2026-06-05 20:00:00+00:00,America/New_York,2026-06-06 19:38:49.058183+00:00,
FOSL,FOSL,success,1561,2026-03-12 13:30:00+00:00,2026-06-05 20:00:00+00:00,America/New_York,2026-06-06 19:38:49.062318+00:00,
FOUR,FOUR,success,1561,2026-03-12 13:30:00+00:00,2026-06-05 20:00:00+00:00,America/New_York,2026-06-06 19:38:49.065422+00:00,
FOXA,FOXA,success,1561,2026-03-12 13:30:00+00:00,2026-06-05 20:00:00+00:00,America/New_York,2026-06-06 19:38:49.068775+00:00,
FOXF,FOXF,success,1560,2026-03-12 13:30:00+00:00,2026-06-05 20:00:00+00:00,America/New_York,2026-06-06 19:38:49.072370+00:00,
FPH,FPH,success,1506,2026-03-12 13:30:00+00:00,2026-06-05 20:00:00+00:00,America/New_York,2026-06-06 19:38:49.076888+00:00,
FPI,FPI,success,1561,2026-03-12 13:30:00+00:00,2026-06-05 20:00:00+00:00,America/New_York,2026-06-06 19:38:49.080246+00:00,
FPS,FPS,success,1561,2026-03-12 13:30:00+00:00,2026-06-05 20:00:00+00:00,America/New_York,2026-06-06 19:38:49.084354+00:00,
FR,FR,success,1561,2026-03-12 13:30:00+00:00,2026-06-05 20:00:00+00:00,America/New_York,2026-06-06 19:38:49.087631+00:00,
FRAF,FRAF,success,617,2026-03-12 13:30:00+00:00,2026-06-05 20:00:00+00:00,America/New_York,2026-06-06 19:38:49.090963+00:00,
FRBA,FRBA,success,1178,2026-03-12 13:30:00+00:00,2026-06-05 20:00:00+00:00,America/New_York,2026-06-06 19:38:49.093740+00:00,
FRD,FRD,success,930,2026-03-12 13:30:00+00:00,2026-06-05 20:00:00+00:00,America/New_York,2026-06-06 19:38:49.096128+00:00,
FRHC,FRHC,success,1213,2026-03-12 13:30:00+00:00,2026-06-05 20:00:00+00:00,America/New_York,2026-06-06 19:38:49.098916+00:00,
FRME,FRME,success,1560,2026-03-12 13:30:00+00:00,2026-06-05 20:00:00+00:00,America/New_York,2026-06-06 19:38:49.102289+00:00,
FRMI,FRMI,success,1561,2026-03-12 13:30:00+00:00,2026-06-05 20:00:00+00:00,America/New_York,2026-06-06 19:38:49.105526+00:00,
FRMM,FRMM,success,1550,2026-03-12 13:30:00+00:00,2026-06-05 20:00:00+00:00,America/New_York,2026-06-06 19:38:49.109818+00:00,
FRO,FRO,success,1561,2026-03-12 13:30:00+00:00,2026-06-05 20:00:00+00:00,America/New_York,2026-06-06 19:38:49.113463+00:00,
FROG,FROG,success,1561,2026-03-12 13:30:00+00:00,2026-06-05 20:00:00+00:00,America/New_York,2026-06-06 19:38:49.162629+00:00,
FRPH,FRPH,success,1252,2026-03-12 13:30:00+00:00,2026-06-05 20:00:00+00:00,America/New_York,2026-06-06 19:38:49.166298+00:00,
FRPT,FRPT,success,1561,2026-03-12 13:30:00+00:00,2026-06-05 20:00:00+00:00,America/New_York,2026-06-06 19:38:49.169903+00:00,
FRSH,FRSH,success,1561,2026-03-12 13:30:00+00:00,2026-06-05 20:00:00+00:00,America/New_York,2026-06-06 19:38:49.174848+00:00,
FRST,FRST,success,1509,2026-03-12 13:30:00+00:00,2026-06-05 20:00:00+00:00,America/New_York,2026-06-06 19:38:49.178481+00:00,
FRT,FRT,success,1561,2026-03-12 13:30:00+00:00,2026-06-05 20:00:00+00:00,America/New_York,2026-06-06 19:38:49.181679+00:00,
FRVO,FRVO,success,430,2026-05-13 13:30:00+00:00,2026-06-05 20:00:00+00:00,America/New_York,2026-06-06 19:38:49.184677+00:00,
FSBC,FSBC,success,1257,2026-03-12 13:30:00+00:00,2026-06-05 20:00:00+00:00,America/New_York,2026-06-06 19:38:49.187639+00:00,
FSBW,FSBW,success,385,2026-03-12 14:15:00+00:00,2026-06-05 20:00:00+00:00,America/New_York,2026-06-06 19:38:49.190641+00:00,
FSI,FSI,success,769,2026-03-12 14:30:00+00:00,2026-06-05 20:00:00+00:00,America/New_York,2026-06-06 19:38:49.193845+00:00,
FSK,FSK,success,1561,2026-03-12 13:30:00+00:00,2026-06-05 20:00:00+00:00,America/New_York,2026-06-06 19:38:49.196863+00:00,
FSLR,FSLR,success,1561,2026-03-12 13:30:00+00:00,2026-06-05 20:00:00+00:00,America/New_York,2026-06-06 19:38:49.199960+00:00,
FSLY,FSLY,success,1561,2026-03-12 13:30:00+00:00,2026-06-05 20:00:00+00:00,America/New_York,2026-06-06 19:38:49.203072+00:00,
FSM,FSM,success,1561,2026-03-12 13:30:00+00:00,2026-06-05 20:00:00+00:00,America/New_York,2026-06-06 19:38:49.206871+00:00,
FSS,FSS,success,1558,2026-03-12 13:30:00+00:00,2026-06-05 20:00:00+00:00,America/New_York,2026-06-06 19:38:49.211890+00:00,
FSTR,FSTR,success,1234,2026-03-12 13:30:00+00:00,2026-06-05 20:00:00+00:00,America/New_York,2026-06-06 19:38:49.215237+00:00,
FSUN,FSUN,success,1494,2026-03-12 13:30:00+00:00,2026-06-05 20:00:00+00:00,America/New_York,2026-06-06 19:38:49.218777+00:00,
FSV,FSV,success,1534,2026-03-12 13:30:00+00:00,2026-06-05 20:00:00+00:00,America/New_York,2026-06-06 19:38:49.222161+00:00,
FTAI,FTAI,success,1561,2026-03-12 13:30:00+00:00,2026-06-05 20:00:00+00:00,America/New_York,2026-06-06 19:38:49.226409+00:00,
FTCI,FTCI,success,1413,2026-03-12 13:30:00+00:00,2026-06-05 20:00:00+00:00,America/New_York,2026-06-06 19:38:49.229380+00:00,
FTDR,FTDR,success,1561,2026-03-12 13:30:00+00:00,2026-06-05 20:00:00+00:00,America/New_York,2026-06-06 19:38:49.232928+00:00,
FTI,FTI,success,1561,2026-03-12 13:30:00+00:00,2026-06-05 20:00:00+00:00,America/New_York,2026-06-06 19:38:49.237997+00:00,
FTK,FTK,success,1545,2026-03-12 13:30:00+00:00,2026-06-05 20:00:00+00:00,America/New_York,2026-06-06 19:38:49.242408+00:00,
FTLF,FTLF,success,883,2026-03-12 14:15:00+00:00,2026-06-05 20:00:00+00:00,America/New_York,2026-06-06 19:38:49.245385+00:00,
FTNT,FTNT,success,1561,2026-03-12 13:30:00+00:00,2026-06-05 20:00:00+00:00,America/New_York,2026-06-06 19:38:49.248522+00:00,
FTRE,FTRE,success,1509,2026-03-16 13:30:00+00:00,2026-06-05 20:00:00+00:00,America/New_York,2026-06-06 19:38:49.251517+00:00,
FTS,FTS,success,1561,2026-03-12 13:30:00+00:00,2026-06-05 20:00:00+00:00,America/New_York,2026-06-06 19:38:49.254694+00:00,
FTV,FTV,success,1561,2026-03-12 13:30:00+00:00,2026-06-05 20:00:00+00:00,America/New_York,2026-06-06 19:38:49.258555+00:00,
FTW,FTW,success,1287,2026-03-12 13:30:00+00:00,2026-06-05 20:00:00+00:00,America/New_York,2026-06-06 19:38:49.261500+00:00,
FUBO,FUBO,success,1561,2026-03-12 13:30:00+00:00,2026-06-05 20:00:00+00:00,America/New_York,2026-06-06 19:38:49.264313+00:00,
FUL,FUL,success,1561,2026-03-12 13:30:00+00:00,2026-06-05 20:00:00+00:00,America/New_York,2026-06-06 19:38:49.267481+00:00,
FULC,FULC,success,1560,2026-03-12 13:30:00+00:00,2026-06-05 20:00:00+00:00,America/New_York,2026-06-06 19:38:49.270640+00:00,
FULT,FULT,success,1561,2026-03-12 13:30:00+00:00,2026-06-05 20:00:00+00:00,America/New_York,2026-06-06 19:38:49.274026+00:00,
FUNC,FUNC,success,412,2026-03-12 13:30:00+00:00,2026-06-05 20:00:00+00:00,America/New_York,2026-06-06 19:38:49.276523+00:00,
FUSB,FUSB,success,205,2026-03-12 18:00:00+00:00,2026-06-05 20:00:00+00:00,America/New_York,2026-06-06 19:38:49.278474+00:00,
FUTU,FUTU,success,1561,2026-03-12 13:30:00+00:00,2026-06-05 20:00:00+00:00,America/New_York,2026-06-06 19:38:49.281688+00:00,
FVCB,FVCB,success,1457,2026-03-12 13:30:00+00:00,2026-06-05 20:00:00+00:00,America/New_York,2026-06-06 19:38:49.285860+00:00,
FVR,FVR,success,1385,2026-03-12 13:30:00+00:00,2026-06-05 20:00:00+00:00,America/New_York,2026-06-06 19:38:49.291119+00:00,
FVRR,FVRR,success,1561,2026-03-12 13:30:00+00:00,2026-06-05 20:00:00+00:00,America/New_York,2026-06-06 19:38:49.294352+00:00,
FWDI,FWDI,success,1560,2026-03-12 13:30:00+00:00,2026-06-05 20:00:00+00:00,America/New_York,2026-06-06 19:38:49.297327+00:00,
FWONK,FWONK,success,1561,2026-03-12 13:30:00+00:00,2026-06-05 20:00:00+00:00,America/New_York,2026-06-06 19:38:49.300561+00:00,
FWRD,FWRD,success,1561,2026-03-12 13:30:00+00:00,2026-06-05 20:00:00+00:00,America/New_York,2026-06-06 19:38:49.304634+00:00,
FWRG,FWRG,success,1561,2026-03-12 13:30:00+00:00,2026-06-05 20:00:00+00:00,America/New_York,2026-06-06 19:38:49.309975+00:00,
FXACU,FXACU,success,62,2026-05-22 13:30:00+00:00,2026-06-05 20:00:00+00:00,America/New_York,2026-06-06 19:38:49.312266+00:00,
FXNC,FXNC,success,1401,2026-03-12 13:30:00+00:00,2026-06-05 20:00:00+00:00,America/New_York,2026-06-06 19:38:49.315546+00:00,
G,G,success,1561,2026-03-12 13:30:00+00:00,2026-06-05 20:00:00+00:00,America/New_York,2026-06-06 19:38:49.319505+00:00,
GABC,GABC,success,1468,2026-03-12 13:30:00+00:00,2026-06-05 20:00:00+00:00,America/New_York,2026-06-06 19:38:49.323590+00:00,
GAIN,GAIN,success,1559,2026-03-12 13:30:00+00:00,2026-06-05 20:00:00+00:00,America/New_York,2026-06-06 19:38:49.328187+00:00,
GAP,GAP,success,1561,2026-03-12 13:30:00+00:00,2026-06-05 20:00:00+00:00,America/New_York,2026-06-06 19:38:49.332000+00:00,
GASS,GASS,success,1490,2026-03-12 13:30:00+00:00,2026-06-05 20:00:00+00:00,America/New_York,2026-06-06 19:38:49.336388+00:00,
GATX,GATX,success,1518,2026-03-12 13:30:00+00:00,2026-06-05 20:00:00+00:00,America/New_York,2026-06-06 19:38:49.341304+00:00,
GBCI,GBCI,success,1561,2026-03-12 13:30:00+00:00,2026-06-05 20:00:00+00:00,America/New_York,2026-06-06 19:38:49.345111+00:00,
GBDC,GBDC,success,1561,2026-03-12 13:30:00+00:00,2026-06-05 20:00:00+00:00,America/New_York,2026-06-06 19:38:49.348041+00:00,
GBFH,GBFH,success,1107,2026-03-12 13:30:00+00:00,2026-06-05 20:00:00+00:00,America/New_York,2026-06-06 19:38:49.351019+00:00,
GBLI,GBLI,success,166,2026-03-12 19:45:00+00:00,2026-06-05 20:00:00+00:00,America/New_York,2026-06-06 19:38:49.353011+00:00,
GBTG,GBTG,success,1561,2026-03-12 13:30:00+00:00,2026-06-05 20:00:00+00:00,America/New_York,2026-06-06 19:38:49.356482+00:00,
GBX,GBX,success,1547,2026-03-12 13:30:00+00:00,2026-06-05 20:00:00+00:00,America/New_York,2026-06-06 19:38:49.359945+00:00,
GCBC,GCBC,success,459,2026-03-12 13:30:00+00:00,2026-06-05 20:00:00+00:00,America/New_York,2026-06-06 19:38:49.362015+00:00,
GCGRU,GCGRU,success,118,2026-04-30 13:30:00+00:00,2026-06-05 20:00:00+00:00,America/New_York,2026-06-06 19:38:49.364322+00:00,
GCMG,GCMG,success,1558,2026-03-12 13:30:00+00:00,2026-06-05 20:00:00+00:00,America/New_York,2026-06-06 19:38:49.368671+00:00,
GCO,GCO,success,1534,2026-03-12 13:30:00+00:00,2026-06-05 20:00:00+00:00,America/New_York,2026-06-06 19:38:49.374247+00:00,
GCT,GCT,success,1561,2026-03-12 13:30:00+00:00,2026-06-05 20:00:00+00:00,America/New_York,2026-06-06 19:38:49.378127+00:00,
GD,GD,success,1561,2026-03-12 13:30:00+00:00,2026-06-05 20:00:00+00:00,America/New_York,2026-06-06 19:38:49.381254+00:00,
GDDY,GDDY,success,1561,2026-03-12 13:30:00+00:00,2026-06-05 20:00:00+00:00,America/New_York,2026-06-06 19:38:49.384633+00:00,
GDOT,GDOT,success,1558,2026-03-12 13:30:00+00:00,2026-06-05 20:00:00+00:00,America/New_York,2026-06-06 19:38:49.388269+00:00,
GDS,GDS,success,1561,2026-03-12 13:30:00+00:00,2026-06-05 20:00:00+00:00,America/New_York,2026-06-06 19:38:49.392687+00:00,
GDYN,GDYN,success,1561,2026-03-12 13:30:00+00:00,2026-06-05 20:00:00+00:00,America/New_York,2026-06-06 19:38:49.395849+00:00,
GE,GE,success,1561,2026-03-12 13:30:00+00:00,2026-06-05 20:00:00+00:00,America/New_York,2026-06-06 19:38:49.399479+00:00,
GECC,GECC,success,1249,2026-03-12 13:30:00+00:00,2026-06-05 20:00:00+00:00,America/New_York,2026-06-06 19:38:49.404303+00:00,
GEF,GEF,success,1545,2026-03-12 13:30:00+00:00,2026-06-05 20:00:00+00:00,America/New_York,2026-06-06 19:38:49.409241+00:00,
GEHC,GEHC,success,1561,2026-03-12 13:30:00+00:00,2026-06-05 20:00:00+00:00,America/New_York,2026-06-06 19:38:49.412465+00:00,
GEMI,GEMI,success,1561,2026-03-12 13:30:00+00:00,2026-06-05 20:00:00+00:00,America/New_York,2026-06-06 19:38:49.416114+00:00,
GEN,GEN,success,1561,2026-03-12 13:30:00+00:00,2026-06-05 20:00:00+00:00,America/New_York,2026-06-06 19:38:49.420677+00:00,
GENB,GENB,success,1555,2026-03-12 13:30:00+00:00,2026-06-05 20:00:00+00:00,America/New_York,2026-06-06 19:38:49.424916+00:00,
GENC,GENC,success,980,2026-03-12 13:30:00+00:00,2026-06-05 20:00:00+00:00,America/New_York,2026-06-06 19:38:49.427721+00:00,
GENI,GENI,success,1561,2026-03-12 13:30:00+00:00,2026-06-05 20:00:00+00:00,America/New_York,2026-06-06 19:38:49.430549+00:00,
GEO,GEO,success,1561,2026-03-12 13:30:00+00:00,2026-06-05 20:00:00+00:00,America/New_York,2026-06-06 19:38:49.433651+00:00,
GEOS,GEOS,success,1550,2026-03-12 13:30:00+00:00,2026-06-05 20:00:00+00:00,America/New_York,2026-06-06 19:38:49.436655+00:00,
GEV,GEV,success,1561,2026-03-12 13:30:00+00:00,2026-06-05 20:00:00+00:00,America/New_York,2026-06-06 19:38:49.440404+00:00,
GFF,GFF,success,1556,2026-03-12 13:30:00+00:00,2026-06-05 20:00:00+00:00,America/New_York,2026-06-06 19:38:49.443705+00:00,
GFI,GFI,success,1561,2026-03-12 13:30:00+00:00,2026-06-05 20:00:00+00:00,America/New_York,2026-06-06 19:38:49.446614+00:00,
GFL,GFL,success,1561,2026-03-12 13:30:00+00:00,2026-06-05 20:00:00+00:00,America/New_York,2026-06-06 19:38:49.450638+00:00,
GFR,GFR,success,1498,2026-03-12 13:30:00+00:00,2026-06-05 20:00:00+00:00,America/New_York,2026-06-06 19:38:49.454904+00:00,
GFS,GFS,success,1561,2026-03-12 13:30:00+00:00,2026-06-05 20:00:00+00:00,America/New_York,2026-06-06 19:38:49.460069+00:00,
GGAL,GGAL,success,1561,2026-03-12 13:30:00+00:00,2026-06-05 20:00:00+00:00,America/New_York,2026-06-06 19:38:49.463026+00:00,
GGG,GGG,success,1561,2026-03-12 13:30:00+00:00,2026-06-05 20:00:00+00:00,America/New_York,2026-06-06 19:38:49.465966+00:00,
GH,GH,success,1561,2026-03-12 13:30:00+00:00,2026-06-05 20:00:00+00:00,America/New_York,2026-06-06 19:38:49.469116+00:00,
GHC,GHC,success,1492,2026-03-12 13:30:00+00:00,2026-06-05 20:00:00+00:00,America/New_York,2026-06-06 19:38:49.472667+00:00,
GHM,GHM,success,1508,2026-03-12 13:30:00+00:00,2026-06-05 20:00:00+00:00,America/New_York,2026-06-06 19:38:49.476394+00:00,
GHRS,GHRS,success,1509,2026-03-12 13:30:00+00:00,2026-06-05 20:00:00+00:00,America/New_York,2026-06-06 19:38:49.479364+00:00,
GIB,GIB,success,1561,2026-03-12 13:30:00+00:00,2026-06-05 20:00:00+00:00,America/New_York,2026-06-06 19:38:49.482310+00:00,
GIC,GIC,success,1402,2026-03-12 13:30:00+00:00,2026-06-05 20:00:00+00:00,America/New_York,2026-06-06 19:38:49.485328+00:00,
GIII,GIII,success,1559,2026-03-12 13:30:00+00:00,2026-06-05 20:00:00+00:00,America/New_York,2026-06-06 19:38:49.488617+00:00,
GIL,GIL,success,1561,2026-03-12 13:30:00+00:00,2026-06-05 20:00:00+00:00,America/New_York,2026-06-06 19:38:49.492353+00:00,
GILD,GILD,success,1561,2026-03-12 13:30:00+00:00,2026-06-05 20:00:00+00:00,America/New_York,2026-06-06 19:38:49.495259+00:00,
GILT,GILT,success,1560,2026-03-12 13:30:00+00:00,2026-06-05 20:00:00+00:00,America/New_York,2026-06-06 19:38:49.498140+00:00,
GIS,GIS,success,1561,2026-03-12 13:30:00+00:00,2026-06-05 20:00:00+00:00,America/New_York,2026-06-06 19:38:49.501481+00:00,
GIW,GIW,success,119,2026-03-12 13:45:00+00:00,2026-06-05 20:00:00+00:00,America/New_York,2026-06-06 19:38:49.503600+00:00,
GKOS,GKOS,success,1561,2026-03-12 13:30:00+00:00,2026-06-05 20:00:00+00:00,America/New_York,2026-06-06 19:38:49.507271+00:00,
GL,GL,success,1561,2026-03-12 13:30:00+00:00,2026-06-05 20:00:00+00:00,America/New_York,2026-06-06 19:38:49.510639+00:00,
GLAD,GLAD,success,1551,2026-03-12 13:30:00+00:00,2026-06-05 20:00:00+00:00,America/New_York,2026-06-06 19:38:49.513787+00:00,
GLBE,GLBE,success,1561,2026-03-12 13:30:00+00:00,2026-06-05 20:00:00+00:00,America/New_York,2026-06-06 19:38:49.518106+00:00,
GLIBA,GLIBA,success,1126,2026-03-12 13:30:00+00:00,2026-06-05 20:00:00+00:00,America/New_York,2026-06-06 19:38:49.522110+00:00,
GLNG,GLNG,success,1561,2026-03-12 13:30:00+00:00,2026-06-05 20:00:00+00:00,America/New_York,2026-06-06 19:38:49.526081+00:00,
GLOB,GLOB,success,1561,2026-03-12 13:30:00+00:00,2026-06-05 20:00:00+00:00,America/New_York,2026-06-06 19:38:49.529196+00:00,
GLOO,GLOO,success,1179,2026-03-12 13:30:00+00:00,2026-06-05 20:00:00+00:00,America/New_York,2026-06-06 19:38:49.531850+00:00,
GLPI,GLPI,success,1561,2026-03-12 13:30:00+00:00,2026-06-05 20:00:00+00:00,America/New_York,2026-06-06 19:38:49.534898+00:00,
GLRE,GLRE,success,1535,2026-03-12 13:30:00+00:00,2026-06-05 20:00:00+00:00,America/New_York,2026-06-06 19:38:49.538090+00:00,
GLSI,GLSI,success,1446,2026-03-12 13:30:00+00:00,2026-06-05 20:00:00+00:00,America/New_York,2026-06-06 19:38:49.541970+00:00,
GLUE,GLUE,success,1561,2026-03-12 13:30:00+00:00,2026-06-05 20:00:00+00:00,America/New_York,2026-06-06 19:38:49.544897+00:00,
GLW,GLW,success,1561,2026-03-12 13:30:00+00:00,2026-06-05 20:00:00+00:00,America/New_York,2026-06-06 19:38:49.547908+00:00,
GLXY,GLXY,success,1561,2026-03-12 13:30:00+00:00,2026-06-05 20:00:00+00:00,America/New_York,2026-06-06 19:38:49.550932+00:00,
GM,GM,success,1561,2026-03-12 13:30:00+00:00,2026-06-05 20:00:00+00:00,America/New_York,2026-06-06 19:38:49.554152+00:00,
GMAB,GMAB,success,1561,2026-03-12 13:30:00+00:00,2026-06-05 20:00:00+00:00,America/New_York,2026-06-06 19:38:49.557995+00:00,
GME,GME,success,1561,2026-03-12 13:30:00+00:00,2026-06-05 20:00:00+00:00,America/New_York,2026-06-06 19:38:49.561353+00:00,
GMED,GMED,success,1561,2026-03-12 13:30:00+00:00,2026-06-05 20:00:00+00:00,America/New_York,2026-06-06 19:38:49.564624+00:00,
GMRS,GMRS,success,428,2026-05-13 13:30:00+00:00,2026-06-05 20:00:00+00:00,America/New_York,2026-06-06 19:38:49.567910+00:00,
GNE,GNE,success,1234,2026-03-12 13:30:00+00:00,2026-06-05 20:00:00+00:00,America/New_York,2026-06-06 19:38:49.571781+00:00,
GNK,GNK,success,1558,2026-03-12 13:30:00+00:00,2026-06-05 20:00:00+00:00,America/New_York,2026-06-06 19:38:49.575764+00:00,
GNL,GNL,success,1561,2026-03-12 13:30:00+00:00,2026-06-05 20:00:00+00:00,America/New_York,2026-06-06 19:38:49.578797+00:00,
GNRC,GNRC,success,1561,2026-03-12 13:30:00+00:00,2026-06-05 20:00:00+00:00,America/New_York,2026-06-06 19:38:49.581813+00:00,
GNTX,GNTX,success,1561,2026-03-12 13:30:00+00:00,2026-06-05 20:00:00+00:00,America/New_York,2026-06-06 19:38:49.584776+00:00,
GNW,GNW,success,1561,2026-03-12 13:30:00+00:00,2026-06-05 20:00:00+00:00,America/New_York,2026-06-06 19:38:49.587905+00:00,
GO,GO,success,1561,2026-03-12 13:30:00+00:00,2026-06-05 20:00:00+00:00,America/New_York,2026-06-06 19:38:49.591567+00:00,
GOGO,GOGO,success,1561,2026-03-12 13:30:00+00:00,2026-06-05 20:00:00+00:00,America/New_York,2026-06-06 19:38:49.594684+00:00,
GOLD,GOLD,success,1561,2026-03-12 13:30:00+00:00,2026-06-05 20:00:00+00:00,America/New_York,2026-06-06 19:38:49.597926+00:00,
GOLF,GOLF,success,1548,2026-03-12 13:30:00+00:00,2026-06-05 20:00:00+00:00,America/New_York,2026-06-06 19:38:49.602248+00:00,
GOOD,GOOD,success,1559,2026-03-12 13:30:00+00:00,2026-06-05 20:00:00+00:00,America/New_York,2026-06-06 19:38:49.607503+00:00,
GOOGL,GOOGL,success,1561,2026-03-12 13:30:00+00:00,2026-06-05 20:00:00+00:00,America/New_York,2026-06-06 19:38:49.611761+00:00,
GOOS,GOOS,success,1561,2026-03-12 13:30:00+00:00,2026-06-05 20:00:00+00:00,America/New_York,2026-06-06 19:38:49.615254+00:00,
GPC,GPC,success,1561,2026-03-12 13:30:00+00:00,2026-06-05 20:00:00+00:00,America/New_York,2026-06-06 19:38:49.618475+00:00,
GPCR,GPCR,success,1561,2026-03-12 13:30:00+00:00,2026-06-05 20:00:00+00:00,America/New_York,2026-06-06 19:38:49.621912+00:00,
GPGI,GPGI,success,1561,2026-03-12 13:30:00+00:00,2026-06-05 20:00:00+00:00,America/New_York,2026-06-06 19:38:49.625925+00:00,
GPI,GPI,success,1553,2026-03-12 13:30:00+00:00,2026-06-05 20:00:00+00:00,America/New_York,2026-06-06 19:38:49.629446+00:00,
GPK,GPK,success,1561,2026-03-12 13:30:00+00:00,2026-06-05 20:00:00+00:00,America/New_York,2026-06-06 19:38:49.632320+00:00,
GPN,GPN,success,1561,2026-03-12 13:30:00+00:00,2026-06-05 20:00:00+00:00,America/New_York,2026-06-06 19:38:49.635333+00:00,
GPOR,GPOR,success,1544,2026-03-12 13:30:00+00:00,2026-06-05 20:00:00+00:00,America/New_York,2026-06-06 19:38:49.638480+00:00,
GPRE,GPRE,success,1561,2026-03-12 13:30:00+00:00,2026-06-05 20:00:00+00:00,America/New_York,2026-06-06 19:38:49.642360+00:00,
GPRK,GPRK,success,1561,2026-03-12 13:30:00+00:00,2026-06-05 20:00:00+00:00,America/New_York,2026-06-06 19:38:49.645648+00:00,
GRAB,GRAB,success,1561,2026-03-12 13:30:00+00:00,2026-06-05 20:00:00+00:00,America/New_York,2026-06-06 19:38:49.649411+00:00,
GRAL,GRAL,success,1561,2026-03-12 13:30:00+00:00,2026-06-05 20:00:00+00:00,America/New_York,2026-06-06 19:38:49.654066+00:00,
GRBK,GRBK,success,1546,2026-03-12 13:30:00+00:00,2026-06-05 20:00:00+00:00,America/New_York,2026-06-06 19:38:49.657782+00:00,
GRC,GRC,success,1492,2026-03-12 13:30:00+00:00,2026-06-05 20:00:00+00:00,America/New_York,2026-06-06 19:38:49.660838+00:00,
GRDN,GRDN,success,1557,2026-03-12 13:30:00+00:00,2026-06-05 20:00:00+00:00,America/New_York,2026-06-06 19:38:49.663702+00:00,
GRFS,GRFS,success,1556,2026-03-12 13:30:00+00:00,2026-06-05 20:00:00+00:00,America/New_York,2026-06-06 19:38:49.666620+00:00,
GRMN,GRMN,success,1561,2026-03-12 13:30:00+00:00,2026-06-05 20:00:00+00:00,America/New_York,2026-06-06 19:38:49.670023+00:00,
GRND,GRND,success,1561,2026-03-12 13:30:00+00:00,2026-06-05 20:00:00+00:00,America/New_York,2026-06-06 19:38:49.673646+00:00,
GRNT,GRNT,success,1561,2026-03-12 13:30:00+00:00,2026-06-05 20:00:00+00:00,America/New_York,2026-06-06 19:38:49.676811+00:00,
GRPN,GRPN,success,1561,2026-03-12 13:30:00+00:00,2026-06-05 20:00:00+00:00,America/New_York,2026-06-06 19:38:49.680061+00:00,
GRRR,GRRR,success,1561,2026-03-12 13:30:00+00:00,2026-06-05 20:00:00+00:00,America/New_York,2026-06-06 19:38:49.682973+00:00,
GRVY,GRVY,success,907,2026-03-12 13:30:00+00:00,2026-06-05 20:00:00+00:00,America/New_York,2026-06-06 19:38:49.685666+00:00,
GS,GS,success,1561,2026-03-12 13:30:00+00:00,2026-06-05 20:00:00+00:00,America/New_York,2026-06-06 19:38:49.688905+00:00,
GSAT,GSAT,success,1561,2026-03-12 13:30:00+00:00,2026-06-05 20:00:00+00:00,America/New_York,2026-06-06 19:38:49.692463+00:00,
GSBC,GSBC,success,1252,2026-03-12 13:30:00+00:00,2026-06-05 20:00:00+00:00,America/New_York,2026-06-06 19:38:49.695250+00:00,
GSBD,GSBD,success,1561,2026-03-12 13:30:00+00:00,2026-06-05 20:00:00+00:00,America/New_York,2026-06-06 19:38:49.698042+00:00,
GSHD,GSHD,success,1561,2026-03-12 13:30:00+00:00,2026-06-05 20:00:00+00:00,America/New_York,2026-06-06 19:38:49.701238+00:00,
GSIT,GSIT,success,1561,2026-03-12 13:30:00+00:00,2026-06-05 20:00:00+00:00,America/New_York,2026-06-06 19:38:49.704229+00:00,
GSK,GSK,success,1561,2026-03-12 13:30:00+00:00,2026-06-05 20:00:00+00:00,America/New_York,2026-06-06 19:38:49.707434+00:00,
GSL,GSL,success,1559,2026-03-12 13:30:00+00:00,2026-06-05 20:00:00+00:00,America/New_York,2026-06-06 19:38:49.710425+00:00,
GSM,GSM,success,1561,2026-03-12 13:30:00+00:00,2026-06-05 20:00:00+00:00,America/New_York,2026-06-06 19:38:49.713223+00:00,
GT,GT,success,1561,2026-03-12 13:30:00+00:00,2026-06-05 20:00:00+00:00,America/New_York,2026-06-06 19:38:49.715991+00:00,
GTE,GTE,success,1557,2026-03-12 13:30:00+00:00,2026-06-05 20:00:00+00:00,America/New_York,2026-06-06 19:38:49.718923+00:00,
GTES,GTES,success,1561,2026-03-12 13:30:00+00:00,2026-06-05 20:00:00+00:00,America/New_York,2026-06-06 19:38:49.721771+00:00,
GTLB,GTLB,success,1561,2026-03-12 13:30:00+00:00,2026-06-05 20:00:00+00:00,America/New_York,2026-06-06 19:38:49.725160+00:00,
GTLS,GTLS,success,1561,2026-03-12 13:30:00+00:00,2026-06-05 20:00:00+00:00,America/New_York,2026-06-06 19:38:49.728153+00:00,
GTN,GTN,success,1561,2026-03-12 13:30:00+00:00,2026-06-05 20:00:00+00:00,America/New_York,2026-06-06 19:38:49.730950+00:00,
GTX,GTX,success,1561,2026-03-12 13:30:00+00:00,2026-06-05 20:00:00+00:00,America/New_York,2026-06-06 19:38:49.733711+00:00,
GTY,GTY,success,1560,2026-03-12 13:30:00+00:00,2026-06-05 20:00:00+00:00,America/New_York,2026-06-06 19:38:49.736601+00:00,
GUACU,GUACU,success,110,2026-05-15 13:30:00+00:00,2026-06-05 20:00:00+00:00,America/New_York,2026-06-06 19:38:49.738488+00:00,
GVA,GVA,success,1560,2026-03-12 13:30:00+00:00,2026-06-05 20:00:00+00:00,America/New_York,2026-06-06 19:38:49.741555+00:00,
GWRE,GWRE,success,1561,2026-03-12 13:30:00+00:00,2026-06-05 20:00:00+00:00,America/New_York,2026-06-06 19:38:49.744391+00:00,
GWRS,GWRS,success,1427,2026-03-12 13:30:00+00:00,2026-06-05 20:00:00+00:00,America/New_York,2026-06-06 19:38:49.746950+00:00,
GWW,GWW,success,1561,2026-03-12 13:30:00+00:00,2026-06-05 20:00:00+00:00,America/New_York,2026-06-06 19:38:49.749647+00:00,
GXO,GXO,success,1561,2026-03-12 13:30:00+00:00,2026-06-05 20:00:00+00:00,America/New_York,2026-06-06 19:38:49.752449+00:00,
GYRE,GYRE,success,1393,2026-03-12 13:30:00+00:00,2026-06-05 20:00:00+00:00,America/New_York,2026-06-06 19:38:49.755355+00:00,
H,H,success,1561,2026-03-12 13:30:00+00:00,2026-06-05 20:00:00+00:00,America/New_York,2026-06-06 19:38:49.758554+00:00,
HAE,HAE,success,1561,2026-03-12 13:30:00+00:00,2026-06-05 20:00:00+00:00,America/New_York,2026-06-06 19:38:49.761463+00:00,
HAFC,HAFC,success,1540,2026-03-12 13:30:00+00:00,2026-06-05 20:00:00+00:00,America/New_York,2026-06-06 19:38:49.763888+00:00,
HAFN,HAFN,success,1561,2026-03-12 13:30:00+00:00,2026-06-05 20:00:00+00:00,America/New_York,2026-06-06 19:38:49.766238+00:00,
HAL,HAL,success,1561,2026-03-12 13:30:00+00:00,2026-06-05 20:00:00+00:00,America/New_York,2026-06-06 19:38:49.768669+00:00,
HALO,HALO,success,1561,2026-03-12 13:30:00+00:00,2026-06-05 20:00:00+00:00,America/New_York,2026-06-06 19:38:49.771364+00:00,
HAS,HAS,success,1561,2026-03-12 13:30:00+00:00,2026-06-05 20:00:00+00:00,America/New_York,2026-06-06 19:38:49.773798+00:00,
HASI,HASI,success,1561,2026-03-12 13:30:00+00:00,2026-06-05 20:00:00+00:00,America/New_York,2026-06-06 19:38:49.776212+00:00,
HAWK,HAWK,success,537,2026-05-07 13:30:00+00:00,2026-06-05 20:00:00+00:00,America/New_York,2026-06-06 19:38:49.777938+00:00,
HAYW,HAYW,success,1561,2026-03-12 13:30:00+00:00,2026-06-05 20:00:00+00:00,America/New_York,2026-06-06 19:38:49.780249+00:00,
HBAN,HBAN,success,1561,2026-03-12 13:30:00+00:00,2026-06-05 20:00:00+00:00,America/New_York,2026-06-06 19:38:49.782576+00:00,
HBB,HBB,success,730,2026-03-12 13:30:00+00:00,2026-06-05 20:00:00+00:00,America/New_York,2026-06-06 19:38:49.784448+00:00,
HBCP,HBCP,success,1282,2026-03-12 13:30:00+00:00,2026-06-05 20:00:00+00:00,America/New_York,2026-06-06 19:38:49.786598+00:00,
HBM,HBM,success,1561,2026-03-12 13:30:00+00:00,2026-06-05 20:00:00+00:00,America/New_York,2026-06-06 19:38:49.788927+00:00,
HBNC,HBNC,success,1555,2026-03-12 13:30:00+00:00,2026-06-05 20:00:00+00:00,America/New_York,2026-06-06 19:38:49.791433+00:00,
HBT,HBT,success,1202,2026-03-12 13:30:00+00:00,2026-06-05 20:00:00+00:00,America/New_York,2026-06-06 19:38:49.793601+00:00,
HCA,HCA,success,1561,2026-03-12 13:30:00+00:00,2026-06-05 20:00:00+00:00,America/New_York,2026-06-06 19:38:49.795910+00:00,
HCC,HCC,success,1561,2026-03-12 13:30:00+00:00,2026-06-05 20:00:00+00:00,America/New_York,2026-06-06 19:38:49.798185+00:00,
HCHL,HCHL,success,1021,2026-03-12 13:30:00+00:00,2026-06-05 20:00:00+00:00,America/New_York,2026-06-06 19:38:49.800369+00:00,
HCI,HCI,success,1500,2026-03-12 13:30:00+00:00,2026-06-05 20:00:00+00:00,America/New_York,2026-06-06 19:38:49.802840+00:00,
HCKT,HCKT,success,1557,2026-03-12 13:30:00+00:00,2026-06-05 20:00:00+00:00,America/New_York,2026-06-06 19:38:49.805267+00:00,
HCM,HCM,success,950,2026-03-12 13:30:00+00:00,2026-06-05 20:00:00+00:00,America/New_York,2026-06-06 19:38:49.807568+00:00,
HCMA,HCMA,success,118,2026-03-13 14:15:00+00:00,2026-06-05 20:00:00+00:00,America/New_York,2026-06-06 19:38:49.808998+00:00,
HCSG,HCSG,success,1561,2026-03-12 13:30:00+00:00,2026-06-05 20:00:00+00:00,America/New_York,2026-06-06 19:38:49.811357+00:00,
HD,HD,success,1561,2026-03-12 13:30:00+00:00,2026-06-05 20:00:00+00:00,America/New_York,2026-06-06 19:38:49.813675+00:00,
HDB,HDB,success,1561,2026-03-12 13:30:00+00:00,2026-06-05 20:00:00+00:00,America/New_York,2026-06-06 19:38:49.816298+00:00,
HDSN,HDSN,success,1549,2026-03-12 13:30:00+00:00,2026-06-05 20:00:00+00:00,America/New_York,2026-06-06 19:38:49.820112+00:00,
HE,HE,success,1561,2026-03-12 13:30:00+00:00,2026-06-05 20:00:00+00:00,America/New_York,2026-06-06 19:38:49.826480+00:00,
HEI,HEI,success,1561,2026-03-12 13:30:00+00:00,2026-06-05 20:00:00+00:00,America/New_York,2026-06-06 19:38:49.833098+00:00,
HELE,HELE,success,1561,2026-03-12 13:30:00+00:00,2026-06-05 20:00:00+00:00,America/New_York,2026-06-06 19:38:49.838395+00:00,
HFWA,HFWA,success,1554,2026-03-12 13:30:00+00:00,2026-06-05 20:00:00+00:00,America/New_York,2026-06-06 19:38:49.845341+00:00,
HG,HG,success,1561,2026-03-12 13:30:00+00:00,2026-06-05 20:00:00+00:00,America/New_York,2026-06-06 19:38:49.851508+00:00,
HGTY,HGTY,success,1500,2026-03-12 13:30:00+00:00,2026-06-05 20:00:00+00:00,America/New_York,2026-06-06 19:38:49.857380+00:00,
HGV,HGV,success,1560,2026-03-12 13:30:00+00:00,2026-06-05 20:00:00+00:00,America/New_York,2026-06-06 19:38:49.861674+00:00,
HHH,HHH,success,1561,2026-03-12 13:30:00+00:00,2026-06-05 20:00:00+00:00,America/New_York,2026-06-06 19:38:49.866076+00:00,
HIFS,HIFS,success,1244,2026-03-12 13:30:00+00:00,2026-06-05 20:00:00+00:00,America/New_York,2026-06-06 19:38:49.871373+00:00,
HIG,HIG,success,1561,2026-03-12 13:30:00+00:00,2026-06-05 20:00:00+00:00,America/New_York,2026-06-06 19:38:49.875254+00:00,
HII,HII,success,1561,2026-03-12 13:30:00+00:00,2026-06-05 20:00:00+00:00,America/New_York,2026-06-06 19:38:49.878514+00:00,
HIMS,HIMS,success,1561,2026-03-12 13:30:00+00:00,2026-06-05 20:00:00+00:00,America/New_York,2026-06-06 19:38:49.881028+00:00,
HIMX,HIMX,success,1561,2026-03-12 13:30:00+00:00,2026-06-05 20:00:00+00:00,America/New_York,2026-06-06 19:38:49.883524+00:00,
HIPO,HIPO,success,1448,2026-03-12 13:30:00+00:00,2026-06-05 20:00:00+00:00,America/New_York,2026-06-06 19:38:49.886009+00:00,
HIVE,HIVE,success,1561,2026-03-12 13:30:00+00:00,2026-06-05 20:00:00+00:00,America/New_York,2026-06-06 19:38:49.888524+00:00,
HIW,HIW,success,1561,2026-03-12 13:30:00+00:00,2026-06-05 20:00:00+00:00,America/New_York,2026-06-06 19:38:49.891154+00:00,
HL,HL,success,1561,2026-03-12 13:30:00+00:00,2026-06-05 20:00:00+00:00,America/New_York,2026-06-06 19:38:49.894074+00:00,
HLF,HLF,success,1561,2026-03-12 13:30:00+00:00,2026-06-05 20:00:00+00:00,America/New_York,2026-06-06 19:38:49.896496+00:00,
HLI,HLI,success,1561,2026-03-12 13:30:00+00:00,2026-06-05 20:00:00+00:00,America/New_York,2026-06-06 19:38:49.898834+00:00,
HLIO,HLIO,success,1557,2026-03-12 13:30:00+00:00,2026-06-05 20:00:00+00:00,America/New_York,2026-06-06 19:38:49.932945+00:00,
HLIT,HLIT,success,1561,2026-03-12 13:30:00+00:00,2026-06-05 20:00:00+00:00,America/New_York,2026-06-06 19:38:49.936041+00:00,
HLMN,HLMN,success,1561,2026-03-12 13:30:00+00:00,2026-06-05 20:00:00+00:00,America/New_York,2026-06-06 19:38:49.938552+00:00,
HLN,HLN,success,1561,2026-03-12 13:30:00+00:00,2026-06-05 20:00:00+00:00,America/New_York,2026-06-06 19:38:49.941570+00:00,
HLNE,HLNE,success,1561,2026-03-12 13:30:00+00:00,2026-06-05 20:00:00+00:00,America/New_York,2026-06-06 19:38:49.944554+00:00,
HLT,HLT,success,1561,2026-03-12 13:30:00+00:00,2026-06-05 20:00:00+00:00,America/New_York,2026-06-06 19:38:49.946971+00:00,
HLX,HLX,success,1561,2026-03-12 13:30:00+00:00,2026-06-05 20:00:00+00:00,America/New_York,2026-06-06 19:38:49.949478+00:00,
HMC,HMC,success,1561,2026-03-12 13:30:00+00:00,2026-06-05 20:00:00+00:00,America/New_York,2026-06-06 19:38:49.952044+00:00,
HMN,HMN,success,1536,2026-03-12 13:30:00+00:00,2026-06-05 20:00:00+00:00,America/New_York,2026-06-06 19:38:49.954673+00:00,
HMY,HMY,success,1561,2026-03-12 13:30:00+00:00,2026-06-05 20:00:00+00:00,America/New_York,2026-06-06 19:38:49.957098+00:00,
HNGE,HNGE,success,1561,2026-03-12 13:30:00+00:00,2026-06-05 20:00:00+00:00,America/New_York,2026-06-06 19:38:49.959343+00:00,
HNI,HNI,success,1561,2026-03-12 13:30:00+00:00,2026-06-05 20:00:00+00:00,America/New_York,2026-06-06 19:38:49.961462+00:00,
HNNA,HNNA,success,351,2026-03-12 13:45:00+00:00,2026-06-05 20:00:00+00:00,America/New_York,2026-06-06 19:38:49.962932+00:00,
HNRG,HNRG,success,1561,2026-03-12 13:30:00+00:00,2026-06-05 20:00:00+00:00,America/New_York,2026-06-06 19:38:49.964992+00:00,
HNST,HNST,success,1561,2026-03-12 13:30:00+00:00,2026-06-05 20:00:00+00:00,America/New_York,2026-06-06 19:38:49.967047+00:00,
HNVR,HNVR,success,722,2026-03-12 13:30:00+00:00,2026-06-05 20:00:00+00:00,America/New_York,2026-06-06 19:38:49.968769+00:00,
HOFT,HOFT,success,965,2026-03-12 13:30:00+00:00,2026-06-05 20:00:00+00:00,America/New_York,2026-06-06 19:38:49.970853+00:00,
HOG,HOG,success,1561,2026-03-12 13:30:00+00:00,2026-06-05 20:00:00+00:00,America/New_York,2026-06-06 19:38:49.973129+00:00,
HOMB,HOMB,success,1561,2026-03-12 13:30:00+00:00,2026-06-05 20:00:00+00:00,America/New_York,2026-06-06 19:38:49.975206+00:00,
HON,HON,success,1561,2026-03-12 13:30:00+00:00,2026-06-05 20:00:00+00:00,America/New_York,2026-06-06 19:38:49.977262+00:00,
HOOD,HOOD,success,1561,2026-03-12 13:30:00+00:00,2026-06-05 20:00:00+00:00,America/New_York,2026-06-06 19:38:49.979304+00:00,
HOPE,HOPE,success,1561,2026-03-12 13:30:00+00:00,2026-06-05 20:00:00+00:00,America/New_York,2026-06-06 19:38:49.981268+00:00,
HOV,HOV,success,1333,2026-03-12 13:30:00+00:00,2026-06-05 20:00:00+00:00,America/New_York,2026-06-06 19:38:49.983179+00:00,
HP,HP,success,1561,2026-03-12 13:30:00+00:00,2026-06-05 20:00:00+00:00,America/New_York,2026-06-06 19:38:49.985271+00:00,
HPE,HPE,success,1561,2026-03-12 13:30:00+00:00,2026-06-05 20:00:00+00:00,America/New_York,2026-06-06 19:38:49.987417+00:00,
HPK,HPK,success,1561,2026-03-12 13:30:00+00:00,2026-06-05 20:00:00+00:00,America/New_York,2026-06-06 19:38:49.989449+00:00,
HPP,HPP,success,1561,2026-03-12 13:30:00+00:00,2026-06-05 20:00:00+00:00,America/New_York,2026-06-06 19:38:49.992164+00:00,
HPQ,HPQ,success,1561,2026-03-12 13:30:00+00:00,2026-06-05 20:00:00+00:00,America/New_York,2026-06-06 19:38:49.994359+00:00,
HQI,HQI,success,590,2026-03-12 13:30:00+00:00,2026-06-05 20:00:00+00:00,America/New_York,2026-06-06 19:38:49.995803+00:00,
HQY,HQY,success,1561,2026-03-12 13:30:00+00:00,2026-06-05 20:00:00+00:00,America/New_York,2026-06-06 19:38:49.997759+00:00,
HR,HR,success,1561,2026-03-12 13:30:00+00:00,2026-06-05 20:00:00+00:00,America/New_York,2026-06-06 19:38:49.999794+00:00,
HRB,HRB,success,1561,2026-03-12 13:30:00+00:00,2026-06-05 20:00:00+00:00,America/New_York,2026-06-06 19:38:50.002005+00:00,
HRI,HRI,success,1560,2026-03-12 13:30:00+00:00,2026-06-05 20:00:00+00:00,America/New_York,2026-06-06 19:38:50.004771+00:00,
HRL,HRL,success,1561,2026-03-12 13:30:00+00:00,2026-06-05 20:00:00+00:00,America/New_York,2026-06-06 19:38:50.007199+00:00,
HRMY,HRMY,success,1561,2026-03-12 13:30:00+00:00,2026-06-05 20:00:00+00:00,America/New_York,2026-06-06 19:38:50.009555+00:00,
HROW,HROW,success,1561,2026-03-12 13:30:00+00:00,2026-06-05 20:00:00+00:00,America/New_York,2026-06-06 19:38:50.011627+00:00,
HRTG,HRTG,success,1559,2026-03-12 13:30:00+00:00,2026-06-05 20:00:00+00:00,America/New_York,2026-06-06 19:38:50.013593+00:00,
HRZN,HRZN,success,1561,2026-03-12 13:30:00+00:00,2026-06-05 20:00:00+00:00,America/New_York,2026-06-06 19:38:50.015497+00:00,
HSAI,HSAI,success,1561,2026-03-12 13:30:00+00:00,2026-06-05 20:00:00+00:00,America/New_York,2026-06-06 19:38:50.017542+00:00,
HSBC,HSBC,success,1561,2026-03-12 13:30:00+00:00,2026-06-05 20:00:00+00:00,America/New_York,2026-06-06 19:38:50.019588+00:00,
HSHP,HSHP,success,1540,2026-03-12 13:30:00+00:00,2026-06-05 20:00:00+00:00,America/New_York,2026-06-06 19:38:50.021649+00:00,
HSIC,HSIC,success,1561,2026-03-12 13:30:00+00:00,2026-06-05 20:00:00+00:00,America/New_York,2026-06-06 19:38:50.024048+00:00,
HSLV,HSLV,success,1534,2026-03-12 13:30:00+00:00,2026-06-05 20:00:00+00:00,America/New_York,2026-06-06 19:38:50.026597+00:00,
HST,HST,success,1561,2026-03-12 13:30:00+00:00,2026-06-05 20:00:00+00:00,America/New_York,2026-06-06 19:38:50.028659+00:00,
HSTM,HSTM,success,1547,2026-03-12 13:30:00+00:00,2026-06-05 20:00:00+00:00,America/New_York,2026-06-06 19:38:50.030666+00:00,
HSY,HSY,success,1560,2026-03-12 13:30:00+00:00,2026-06-05 20:00:00+00:00,America/New_York,2026-06-06 19:38:50.032713+00:00,
HTB,HTB,success,1275,2026-03-12 13:30:00+00:00,2026-06-05 20:00:00+00:00,America/New_York,2026-06-06 19:38:50.034542+00:00,
HTFL,HTFL,success,1561,2026-03-12 13:30:00+00:00,2026-06-05 20:00:00+00:00,America/New_York,2026-06-06 19:38:50.036828+00:00,
HTGC,HTGC,success,1561,2026-03-12 13:30:00+00:00,2026-06-05 20:00:00+00:00,America/New_York,2026-06-06 19:38:50.038822+00:00,
HTH,HTH,success,1560,2026-03-12 13:30:00+00:00,2026-06-05 20:00:00+00:00,America/New_York,2026-06-06 19:38:50.041338+00:00,
HTHT,HTHT,success,1561,2026-03-12 13:30:00+00:00,2026-06-05 20:00:00+00:00,America/New_York,2026-06-06 19:38:50.043622+00:00,
HTLD,HTLD,success,1557,2026-03-12 13:30:00+00:00,2026-06-05 20:00:00+00:00,America/New_York,2026-06-06 19:38:50.045733+00:00,
HTO,HTO,success,1561,2026-03-12 13:30:00+00:00,2026-06-05 20:00:00+00:00,America/New_York,2026-06-06 19:38:50.047762+00:00,
HTZ,HTZ,success,1561,2026-03-12 13:30:00+00:00,2026-06-05 20:00:00+00:00,America/New_York,2026-06-06 19:38:50.049754+00:00,
HUBB,HUBB,success,1561,2026-03-12 13:30:00+00:00,2026-06-05 20:00:00+00:00,America/New_York,2026-06-06 19:38:50.051867+00:00,
HUBG,HUBG,success,1561,2026-03-12 13:30:00+00:00,2026-06-05 20:00:00+00:00,America/New_York,2026-06-06 19:38:50.054170+00:00,
HUBS,HUBS,success,1561,2026-03-12 13:30:00+00:00,2026-06-05 20:00:00+00:00,America/New_York,2026-06-06 19:38:50.056376+00:00,
HUHU,HUHU,success,533,2026-03-12 14:15:00+00:00,2026-06-05 20:00:00+00:00,America/New_York,2026-06-06 19:38:50.058273+00:00,
HUM,HUM,success,1561,2026-03-12 13:30:00+00:00,2026-06-05 20:00:00+00:00,America/New_York,2026-06-06 19:38:50.060573+00:00,
HUN,HUN,success,1561,2026-03-12 13:30:00+00:00,2026-06-05 20:00:00+00:00,America/New_York,2026-06-06 19:38:50.062661+00:00,
HURC,HURC,success,553,2026-03-12 13:30:00+00:00,2026-06-05 20:00:00+00:00,America/New_York,2026-06-06 19:38:50.064116+00:00,
HURN,HURN,success,1512,2026-03-12 13:30:00+00:00,2026-06-05 20:00:00+00:00,America/New_York,2026-06-06 19:38:50.066251+00:00,
HUT,HUT,success,1561,2026-03-12 13:30:00+00:00,2026-06-05 20:00:00+00:00,America/New_York,2026-06-06 19:38:50.068513+00:00,
HVII,HVII,success,189,2026-03-12 16:15:00+00:00,2026-06-05 20:00:00+00:00,America/New_York,2026-06-06 19:38:50.070035+00:00,
HVT,HVT,success,1419,2026-03-12 13:30:00+00:00,2026-06-05 20:00:00+00:00,America/New_York,2026-06-06 19:38:50.072034+00:00,
HWBK,HWBK,success,300,2026-03-12 13:30:00+00:00,2026-06-05 20:00:00+00:00,America/New_York,2026-06-06 19:38:50.073954+00:00,
HWC,HWC,success,1561,2026-03-12 13:30:00+00:00,2026-06-05 20:00:00+00:00,America/New_York,2026-06-06 19:38:50.076263+00:00,
HWKN,HWKN,success,1414,2026-03-12 13:30:00+00:00,2026-06-05 20:00:00+00:00,America/New_York,2026-06-06 19:38:50.078226+00:00,
HWM,HWM,success,1561,2026-03-12 13:30:00+00:00,2026-06-05 20:00:00+00:00,America/New_York,2026-06-06 19:38:50.080205+00:00,
HXL,HXL,success,1561,2026-03-12 13:30:00+00:00,2026-06-05 20:00:00+00:00,America/New_York,2026-06-06 19:38:50.082242+00:00,
HY,HY,success,1392,2026-03-12 13:30:00+00:00,2026-06-05 20:00:00+00:00,America/New_York,2026-06-06 19:38:50.084188+00:00,
HYLN,HYLN,success,1561,2026-03-12 13:30:00+00:00,2026-06-05 20:00:00+00:00,America/New_York,2026-06-06 19:38:50.086470+00:00,
HYMC,HYMC,success,1561,2026-03-12 13:30:00+00:00,2026-06-05 20:00:00+00:00,America/New_York,2026-06-06 19:38:50.088559+00:00,
HYNE,HYNE,success,645,2026-03-12 13:30:00+00:00,2026-06-05 20:00:00+00:00,America/New_York,2026-06-06 19:38:50.090386+00:00,
HZO,HZO,success,1555,2026-03-12 13:30:00+00:00,2026-06-05 20:00:00+00:00,America/New_York,2026-06-06 19:38:50.092506+00:00,
IACQU,IACQU,success,150,2026-04-28 13:30:00+00:00,2026-06-05 20:00:00+00:00,America/New_York,2026-06-06 19:38:50.093816+00:00,
IAG,IAG,success,1561,2026-03-12 13:30:00+00:00,2026-06-05 20:00:00+00:00,America/New_York,2026-06-06 19:38:50.095982+00:00,
IART,IART,success,1561,2026-03-12 13:30:00+00:00,2026-06-05 20:00:00+00:00,America/New_York,2026-06-06 19:38:50.097971+00:00,
IBCP,IBCP,success,1503,2026-03-12 13:30:00+00:00,2026-06-05 20:00:00+00:00,America/New_York,2026-06-06 19:38:50.099964+00:00,
IBEX,IBEX,success,1504,2026-03-12 13:30:00+00:00,2026-06-05 20:00:00+00:00,America/New_York,2026-06-06 19:38:50.102098+00:00,
IBKR,IBKR,success,1561,2026-03-12 13:30:00+00:00,2026-06-05 20:00:00+00:00,America/New_York,2026-06-06 19:38:50.104295+00:00,
IBM,IBM,success,1561,2026-03-12 13:30:00+00:00,2026-06-05 20:00:00+00:00,America/New_York,2026-06-06 19:38:50.106504+00:00,
IBN,IBN,success,1561,2026-03-12 13:30:00+00:00,2026-06-05 20:00:00+00:00,America/New_York,2026-06-06 19:38:50.108846+00:00,
IBOC,IBOC,success,1554,2026-03-12 13:30:00+00:00,2026-06-05 20:00:00+00:00,America/New_York,2026-06-06 19:38:50.110902+00:00,
IBP,IBP,success,1561,2026-03-12 13:30:00+00:00,2026-06-05 20:00:00+00:00,America/New_York,2026-06-06 19:38:50.112943+00:00,
IBRX,IBRX,success,1561,2026-03-12 13:30:00+00:00,2026-06-05 20:00:00+00:00,America/New_York,2026-06-06 19:38:50.114928+00:00,
IBTA,IBTA,success,1533,2026-03-12 13:30:00+00:00,2026-06-05 20:00:00+00:00,America/New_York,2026-06-06 19:38:50.116996+00:00,
ICCC,ICCC,success,731,2026-03-12 17:30:00+00:00,2026-06-05 20:00:00+00:00,America/New_York,2026-06-06 19:38:50.118619+00:00,
ICE,ICE,success,1561,2026-03-12 13:30:00+00:00,2026-06-05 20:00:00+00:00,America/New_York,2026-06-06 19:38:50.120687+00:00,
ICFI,ICFI,success,1549,2026-03-12 13:30:00+00:00,2026-06-05 20:00:00+00:00,America/New_York,2026-06-06 19:38:50.122697+00:00,
ICHR,ICHR,success,1561,2026-03-12 13:30:00+00:00,2026-06-05 20:00:00+00:00,America/New_York,2026-06-06 19:38:50.125026+00:00,
ICL,ICL,success,1561,2026-03-12 13:30:00+00:00,2026-06-05 20:00:00+00:00,America/New_York,2026-06-06 19:38:50.127105+00:00,
ICLR,ICLR,success,1560,2026-03-12 13:30:00+00:00,2026-06-05 20:00:00+00:00,America/New_York,2026-06-06 19:38:50.129236+00:00,
ICUI,ICUI,success,1539,2026-03-12 13:30:00+00:00,2026-06-05 20:00:00+00:00,America/New_York,2026-06-06 19:38:50.131225+00:00,
IDA,IDA,success,1560,2026-03-12 13:30:00+00:00,2026-06-05 20:00:00+00:00,America/New_York,2026-06-06 19:38:50.133251+00:00,
IDACU,IDACU,success,50,2026-05-18 13:30:00+00:00,2026-06-05 20:00:00+00:00,America/New_York,2026-06-06 19:38:50.134400+00:00,
IDCC,IDCC,success,1560,2026-03-12 13:30:00+00:00,2026-06-05 20:00:00+00:00,America/New_York,2026-06-06 19:38:50.136543+00:00,
IDN,IDN,success,1546,2026-03-12 13:30:00+00:00,2026-06-05 20:00:00+00:00,America/New_York,2026-06-06 19:38:50.138638+00:00,
IDR,IDR,success,1561,2026-03-12 13:30:00+00:00,2026-06-05 20:00:00+00:00,America/New_York,2026-06-06 19:38:50.140932+00:00,
IDT,IDT,success,1481,2026-03-12 13:30:00+00:00,2026-06-05 20:00:00+00:00,America/New_York,2026-06-06 19:38:50.143148+00:00,
IDXX,IDXX,success,1561,2026-03-12 13:30:00+00:00,2026-06-05 20:00:00+00:00,America/New_York,2026-06-06 19:38:50.145219+00:00,
IDYA,IDYA,success,1561,2026-03-12 13:30:00+00:00,2026-06-05 20:00:00+00:00,America/New_York,2026-06-06 19:38:50.147217+00:00,
IE,IE,success,1561,2026-03-12 13:30:00+00:00,2026-06-05 20:00:00+00:00,America/New_York,2026-06-06 19:38:50.149245+00:00,
IESC,IESC,success,1557,2026-03-12 13:30:00+00:00,2026-06-05 20:00:00+00:00,America/New_York,2026-06-06 19:38:50.151316+00:00,
IEX,IEX,success,1561,2026-03-12 13:30:00+00:00,2026-06-05 20:00:00+00:00,America/New_York,2026-06-06 19:38:50.153447+00:00,
IFF,IFF,success,1561,2026-03-12 13:30:00+00:00,2026-06-05 20:00:00+00:00,America/New_York,2026-06-06 19:38:50.155628+00:00,
IFS,IFS,success,1535,2026-03-12 13:30:00+00:00,2026-06-05 20:00:00+00:00,America/New_York,2026-06-06 19:38:50.157668+00:00,
IGIC,IGIC,success,1144,2026-03-12 13:30:00+00:00,2026-06-05 20:00:00+00:00,America/New_York,2026-06-06 19:38:50.159449+00:00,
IHG,IHG,success,1544,2026-03-12 13:30:00+00:00,2026-06-05 20:00:00+00:00,America/New_York,2026-06-06 19:38:50.161365+00:00,
IHRT,IHRT,success,1559,2026-03-12 13:30:00+00:00,2026-06-05 20:00:00+00:00,America/New_York,2026-06-06 19:38:50.163217+00:00,
IHS,IHS,success,1561,2026-03-12 13:30:00+00:00,2026-06-05 20:00:00+00:00,America/New_York,2026-06-06 19:38:50.164967+00:00,
III,III,success,1538,2026-03-12 13:30:00+00:00,2026-06-05 20:00:00+00:00,America/New_York,2026-06-06 19:38:50.166912+00:00,
IIIN,IIIN,success,1516,2026-03-12 13:30:00+00:00,2026-06-05 20:00:00+00:00,America/New_York,2026-06-06 19:38:50.169012+00:00,
IIIV,IIIV,success,1547,2026-03-12 13:30:00+00:00,2026-06-05 20:00:00+00:00,America/New_York,2026-06-06 19:38:50.171351+00:00,
IIPR,IIPR,success,1561,2026-03-12 13:30:00+00:00,2026-06-05 20:00:00+00:00,America/New_York,2026-06-06 19:38:50.173438+00:00,
ILMN,ILMN,success,1561,2026-03-12 13:30:00+00:00,2026-06-05 20:00:00+00:00,America/New_York,2026-06-06 19:38:50.175443+00:00,
ILPT,ILPT,success,1557,2026-03-12 13:30:00+00:00,2026-06-05 20:00:00+00:00,America/New_York,2026-06-06 19:38:50.177359+00:00,
IMA,IMA,success,834,2026-03-12 13:30:00+00:00,2026-06-05 20:00:00+00:00,America/New_York,2026-06-06 19:38:50.178792+00:00,
IMAX,IMAX,success,1561,2026-03-12 13:30:00+00:00,2026-06-05 20:00:00+00:00,America/New_York,2026-06-06 19:38:50.180508+00:00,
IMCR,IMCR,success,1534,2026-03-12 13:30:00+00:00,2026-06-05 20:00:00+00:00,America/New_York,2026-06-06 19:38:50.182506+00:00,
IMDX,IMDX,success,1499,2026-03-12 14:45:00+00:00,2026-06-05 20:00:00+00:00,America/New_York,2026-06-06 19:38:50.184368+00:00,
IMKTA,IMKTA,success,1507,2026-03-12 13:30:00+00:00,2026-06-05 20:00:00+00:00,America/New_York,2026-06-06 19:38:50.186250+00:00,
IMMR,IMMR,success,1561,2026-03-12 13:30:00+00:00,2026-06-05 20:00:00+00:00,America/New_York,2026-06-06 19:38:50.188006+00:00,
IMMX,IMMX,success,1561,2026-03-12 13:30:00+00:00,2026-06-05 20:00:00+00:00,America/New_York,2026-06-06 19:38:50.189944+00:00,
IMNM,IMNM,success,1561,2026-03-12 13:30:00+00:00,2026-06-05 20:00:00+00:00,America/New_York,2026-06-06 19:38:50.191986+00:00,
IMO,IMO,success,1561,2026-03-12 13:30:00+00:00,2026-06-05 20:00:00+00:00,America/New_York,2026-06-06 19:38:50.193908+00:00,
IMOS,IMOS,success,1378,2026-03-12 13:30:00+00:00,2026-06-05 20:00:00+00:00,America/New_York,2026-06-06 19:38:50.195614+00:00,
IMPP,IMPP,success,1560,2026-03-12 13:30:00+00:00,2026-06-05 20:00:00+00:00,America/New_York,2026-06-06 19:38:50.197406+00:00,
IMRX,IMRX,success,1561,2026-03-12 13:30:00+00:00,2026-06-05 20:00:00+00:00,America/New_York,2026-06-06 19:38:50.199445+00:00,
IMSR,IMSR,success,1561,2026-03-12 13:30:00+00:00,2026-06-05 20:00:00+00:00,America/New_York,2026-06-06 19:38:50.201346+00:00,
IMTX,IMTX,success,1551,2026-03-12 13:30:00+00:00,2026-06-05 20:00:00+00:00,America/New_York,2026-06-06 19:38:50.203297+00:00,
IMUX,IMUX,success,1550,2026-03-12 13:30:00+00:00,2026-06-05 20:00:00+00:00,America/New_York,2026-06-06 19:38:50.205013+00:00,
IMVT,IMVT,success,1561,2026-03-12 13:30:00+00:00,2026-06-05 20:00:00+00:00,America/New_York,2026-06-06 19:38:50.206921+00:00,
IMXI,IMXI,success,1520,2026-03-12 13:30:00+00:00,2026-06-05 20:00:00+00:00,America/New_York,2026-06-06 19:38:50.208916+00:00,
INBK,INBK,success,1183,2026-03-12 13:30:00+00:00,2026-06-05 20:00:00+00:00,America/New_York,2026-06-06 19:38:50.210642+00:00,
INBX,INBX,success,1540,2026-03-12 13:30:00+00:00,2026-06-05 20:00:00+00:00,America/New_York,2026-06-06 19:38:50.212395+00:00,
INCY,INCY,success,1561,2026-03-12 13:30:00+00:00,2026-06-05 20:00:00+00:00,America/New_York,2026-06-06 19:38:50.214130+00:00,
INDB,INDB,success,1558,2026-03-12 13:30:00+00:00,2026-06-05 20:00:00+00:00,America/New_York,2026-06-06 19:38:50.216260+00:00,
INDI,INDI,success,1561,2026-03-12 13:30:00+00:00,2026-06-05 20:00:00+00:00,America/New_York,2026-06-06 19:38:50.218115+00:00,
INDP,INDP,success,921,2026-03-12 13:30:00+00:00,2026-06-05 20:00:00+00:00,America/New_York,2026-06-06 19:38:50.219870+00:00,
INDV,INDV,success,1561,2026-03-12 13:30:00+00:00,2026-06-05 20:00:00+00:00,America/New_York,2026-06-06 19:38:50.221672+00:00,
INFQ,INFQ,success,1561,2026-03-12 13:30:00+00:00,2026-06-05 20:00:00+00:00,America/New_York,2026-06-06 19:38:50.224258+00:00,
INFU,INFU,success,1509,2026-03-12 13:30:00+00:00,2026-06-05 20:00:00+00:00,America/New_York,2026-06-06 19:38:50.227170+00:00,
INFY,INFY,success,1561,2026-03-12 13:30:00+00:00,2026-06-05 20:00:00+00:00,America/New_York,2026-06-06 19:38:50.229534+00:00,
ING,ING,success,1561,2026-03-12 13:30:00+00:00,2026-06-05 20:00:00+00:00,America/New_York,2026-06-06 19:38:50.231914+00:00,
INGM,INGM,success,1561,2026-03-12 13:30:00+00:00,2026-06-05 20:00:00+00:00,America/New_York,2026-06-06 19:38:50.234213+00:00,
INGN,INGN,success,1548,2026-03-12 13:30:00+00:00,2026-06-05 20:00:00+00:00,America/New_York,2026-06-06 19:38:50.236565+00:00,
INGR,INGR,success,1561,2026-03-12 13:30:00+00:00,2026-06-05 20:00:00+00:00,America/New_York,2026-06-06 19:38:50.238389+00:00,
INKT,INKT,success,1033,2026-03-12 13:30:00+00:00,2026-06-05 20:00:00+00:00,America/New_York,2026-06-06 19:38:50.240419+00:00,
INMD,INMD,success,1561,2026-03-12 13:30:00+00:00,2026-06-05 20:00:00+00:00,America/New_York,2026-06-06 19:38:50.242512+00:00,
INN,INN,success,1560,2026-03-12 13:30:00+00:00,2026-06-05 20:00:00+00:00,America/New_York,2026-06-06 19:38:50.244817+00:00,
INNV,INNV,success,1540,2026-03-12 13:30:00+00:00,2026-06-05 20:00:00+00:00,America/New_York,2026-06-06 19:38:50.246552+00:00,
INOD,INOD,success,1561,2026-03-12 13:30:00+00:00,2026-06-05 20:00:00+00:00,America/New_York,2026-06-06 19:38:50.248459+00:00,
INR,INR,success,1556,2026-03-12 13:30:00+00:00,2026-06-05 20:00:00+00:00,America/New_York,2026-06-06 19:38:50.250458+00:00,
INSE,INSE,success,1349,2026-03-12 13:30:00+00:00,2026-06-05 20:00:00+00:00,America/New_York,2026-06-06 19:38:50.252330+00:00,
INSG,INSG,success,1527,2026-03-12 13:30:00+00:00,2026-06-05 20:00:00+00:00,America/New_York,2026-06-06 19:38:50.254108+00:00,
INSM,INSM,success,1561,2026-03-12 13:30:00+00:00,2026-06-05 20:00:00+00:00,America/New_York,2026-06-06 19:38:50.255920+00:00,
INSP,INSP,success,1561,2026-03-12 13:30:00+00:00,2026-06-05 20:00:00+00:00,America/New_York,2026-06-06 19:38:50.258562+00:00,
INSW,INSW,success,1561,2026-03-12 13:30:00+00:00,2026-06-05 20:00:00+00:00,America/New_York,2026-06-06 19:38:50.260643+00:00,
INTA,INTA,success,1535,2026-03-13 13:30:00+00:00,2026-06-05 20:00:00+00:00,America/New_York,2026-06-06 19:38:50.262534+00:00,
INTC,INTC,success,1561,2026-03-12 13:30:00+00:00,2026-06-05 20:00:00+00:00,America/New_York,2026-06-06 19:38:50.264382+00:00,
INTG,INTG,success,642,2026-03-12 13:30:00+00:00,2026-06-05 20:00:00+00:00,America/New_York,2026-06-06 19:38:50.265827+00:00,
INTR,INTR,success,1561,2026-03-12 13:30:00+00:00,2026-06-05 20:00:00+00:00,America/New_York,2026-06-06 19:38:50.267697+00:00,
INTT,INTT,success,1546,2026-03-12 13:30:00+00:00,2026-06-05 20:00:00+00:00,America/New_York,2026-06-06 19:38:50.269774+00:00,
INTU,INTU,success,1561,2026-03-12 13:30:00+00:00,2026-06-05 20:00:00+00:00,America/New_York,2026-06-06 19:38:50.271663+00:00,
INV,INV,success,1561,2026-03-12 13:30:00+00:00,2026-06-05 20:00:00+00:00,America/New_York,2026-06-06 19:38:50.273667+00:00,
INVA,INVA,success,1561,2026-03-12 13:30:00+00:00,2026-06-05 20:00:00+00:00,America/New_York,2026-06-06 19:38:50.275619+00:00,
INVE,INVE,success,1326,2026-03-12 13:30:00+00:00,2026-06-05 20:00:00+00:00,America/New_York,2026-06-06 19:38:50.277342+00:00,
INVH,INVH,success,1561,2026-03-12 13:30:00+00:00,2026-06-05 20:00:00+00:00,America/New_York,2026-06-06 19:38:50.279130+00:00,
INVX,INVX,success,1561,2026-03-12 13:30:00+00:00,2026-06-05 20:00:00+00:00,America/New_York,2026-06-06 19:38:50.280915+00:00,
IONQ,IONQ,success,1561,2026-03-12 13:30:00+00:00,2026-06-05 20:00:00+00:00,America/New_York,2026-06-06 19:38:50.282760+00:00,
IONR,IONR,success,1233,2026-03-12 13:30:00+00:00,2026-06-05 20:00:00+00:00,America/New_York,2026-06-06 19:38:50.284554+00:00,
IONS,IONS,success,1561,2026-03-12 13:30:00+00:00,2026-06-05 20:00:00+00:00,America/New_York,2026-06-06 19:38:50.286454+00:00,
IOSP,IOSP,success,1531,2026-03-12 13:30:00+00:00,2026-06-05 20:00:00+00:00,America/New_York,2026-06-06 19:38:50.288254+00:00,
IOT,IOT,success,1561,2026-03-12 13:30:00+00:00,2026-06-05 20:00:00+00:00,America/New_York,2026-06-06 19:38:50.290177+00:00,
IOVA,IOVA,success,1561,2026-03-12 13:30:00+00:00,2026-06-05 20:00:00+00:00,America/New_York,2026-06-06 19:38:50.292124+00:00,
IP,IP,success,1561,2026-03-12 13:30:00+00:00,2026-06-05 20:00:00+00:00,America/New_York,2026-06-06 19:38:50.293917+00:00,
IPAR,IPAR,success,1541,2026-03-12 13:30:00+00:00,2026-06-05 20:00:00+00:00,America/New_York,2026-06-06 19:38:50.295584+00:00,
IPCX,IPCX,success,124,2026-03-12 14:00:00+00:00,2026-06-05 20:00:00+00:00,America/New_York,2026-06-06 19:38:50.296601+00:00,
IPEX,IPEX,success,121,2026-03-12 13:45:00+00:00,2026-06-04 19:15:00+00:00,America/New_York,2026-06-06 19:38:50.297663+00:00,
IPGP,IPGP,success,1561,2026-03-12 13:30:00+00:00,2026-06-05 20:00:00+00:00,America/New_York,2026-06-06 19:38:50.299413+00:00,
IPI,IPI,success,1551,2026-03-12 13:30:00+00:00,2026-06-05 20:00:00+00:00,America/New_York,2026-06-06 19:38:50.301196+00:00,
IPWR,IPWR,success,1301,2026-03-12 13:30:00+00:00,2026-06-05 20:00:00+00:00,America/New_York,2026-06-06 19:38:50.303097+00:00,
IPX,IPX,success,1550,2026-03-12 13:30:00+00:00,2026-06-05 20:00:00+00:00,America/New_York,2026-06-06 19:38:50.304869+00:00,
IQV,IQV,success,1561,2026-03-12 13:30:00+00:00,2026-06-05 20:00:00+00:00,America/New_York,2026-06-06 19:38:50.306872+00:00,
IR,IR,success,1561,2026-03-12 13:30:00+00:00,2026-06-05 20:00:00+00:00,America/New_York,2026-06-06 19:38:50.310464+00:00,
IRD,IRD,success,1560,2026-03-12 13:30:00+00:00,2026-06-05 20:00:00+00:00,America/New_York,2026-06-06 19:38:50.312905+00:00,
IRDM,IRDM,success,1561,2026-03-12 13:30:00+00:00,2026-06-05 20:00:00+00:00,America/New_York,2026-06-06 19:38:50.315721+00:00,
IREN,IREN,success,1561,2026-03-12 13:30:00+00:00,2026-06-05 20:00:00+00:00,America/New_York,2026-06-06 19:38:50.318179+00:00,
IRM,IRM,success,1561,2026-03-12 13:30:00+00:00,2026-06-05 20:00:00+00:00,America/New_York,2026-06-06 19:38:50.321155+00:00,
IRMD,IRMD,success,1373,2026-03-12 13:30:00+00:00,2026-06-05 20:00:00+00:00,America/New_York,2026-06-06 19:38:50.324443+00:00,
IRON,IRON,success,1556,2026-03-12 13:30:00+00:00,2026-06-05 20:00:00+00:00,America/New_York,2026-06-06 19:38:50.328668+00:00,
IRS,IRS,success,1548,2026-03-12 13:30:00+00:00,2026-06-05 20:00:00+00:00,America/New_York,2026-06-06 19:38:50.331098+00:00,
IRT,IRT,success,1561,2026-03-12 13:30:00+00:00,2026-06-05 20:00:00+00:00,America/New_York,2026-06-06 19:38:50.334459+00:00,
IRTC,IRTC,success,1555,2026-03-12 13:30:00+00:00,2026-06-05 20:00:00+00:00,America/New_York,2026-06-06 19:38:50.337376+00:00,
IRWD,IRWD,success,1561,2026-03-12 13:30:00+00:00,2026-06-05 20:00:00+00:00,America/New_York,2026-06-06 19:38:50.340397+00:00,
ISBA,ISBA,success,668,2026-03-12 13:30:00+00:00,2026-06-05 20:00:00+00:00,America/New_York,2026-06-06 19:38:50.342579+00:00,
ISOU,ISOU,success,1473,2026-03-12 13:30:00+00:00,2026-06-05 20:00:00+00:00,America/New_York,2026-06-06 19:38:50.344882+00:00,
ISRG,ISRG,success,1561,2026-03-12 13:30:00+00:00,2026-06-05 20:00:00+00:00,America/New_York,2026-06-06 19:38:50.346949+00:00,
ISSC,ISSC,success,1561,2026-03-12 13:30:00+00:00,2026-06-05 20:00:00+00:00,America/New_York,2026-06-06 19:38:50.349724+00:00,
ISTR,ISTR,success,1499,2026-03-12 13:30:00+00:00,2026-06-05 20:00:00+00:00,America/New_York,2026-06-06 19:38:50.351934+00:00,
IT,IT,success,1561,2026-03-12 13:30:00+00:00,2026-06-05 20:00:00+00:00,America/New_York,2026-06-06 19:38:50.385301+00:00,
ITGR,ITGR,success,1559,2026-03-12 13:30:00+00:00,2026-06-05 20:00:00+00:00,America/New_York,2026-06-06 19:38:50.388572+00:00,
ITIC,ITIC,success,741,2026-03-12 13:45:00+00:00,2026-06-05 20:00:00+00:00,America/New_York,2026-06-06 19:38:50.391505+00:00,
ITRI,ITRI,success,1561,2026-03-12 13:30:00+00:00,2026-06-05 20:00:00+00:00,America/New_York,2026-06-06 19:38:50.394242+00:00,
ITRN,ITRN,success,1516,2026-03-12 13:30:00+00:00,2026-06-05 20:00:00+00:00,America/New_York,2026-06-06 19:38:50.396770+00:00,
ITT,ITT,success,1561,2026-03-12 13:30:00+00:00,2026-06-05 20:00:00+00:00,America/New_York,2026-06-06 19:38:50.399385+00:00,
ITW,ITW,success,1561,2026-03-12 13:30:00+00:00,2026-06-05 20:00:00+00:00,America/New_York,2026-06-06 19:38:50.402294+00:00,
IVA,IVA,success,1459,2026-03-12 13:30:00+00:00,2026-06-05 20:00:00+00:00,America/New_York,2026-06-06 19:38:50.405024+00:00,
IVR,IVR,success,1561,2026-03-12 13:30:00+00:00,2026-06-05 20:00:00+00:00,America/New_York,2026-06-06 19:38:50.407823+00:00,
IVT,IVT,success,1561,2026-03-12 13:30:00+00:00,2026-06-05 20:00:00+00:00,America/New_York,2026-06-06 19:38:50.410540+00:00,
IVZ,IVZ,success,1561,2026-03-12 13:30:00+00:00,2026-06-05 20:00:00+00:00,America/New_York,2026-06-06 19:38:50.412998+00:00,
IX,IX,success,1561,2026-03-12 13:30:00+00:00,2026-06-05 20:00:00+00:00,America/New_York,2026-06-06 19:38:50.415358+00:00,
IZEA,IZEA,success,1141,2026-03-12 13:30:00+00:00,2026-06-05 20:00:00+00:00,America/New_York,2026-06-06 19:38:50.417607+00:00,
J,J,success,1561,2026-03-12 13:30:00+00:00,2026-06-05 20:00:00+00:00,America/New_York,2026-06-06 19:38:50.420195+00:00,
JACK,JACK,success,1561,2026-03-12 13:30:00+00:00,2026-06-05 20:00:00+00:00,America/New_York,2026-06-06 19:38:50.422655+00:00,
JAKK,JAKK,success,1274,2026-03-12 13:30:00+00:00,2026-06-05 20:00:00+00:00,America/New_York,2026-06-06 19:38:50.425097+00:00,
JANX,JANX,success,1561,2026-03-12 13:30:00+00:00,2026-06-05 20:00:00+00:00,America/New_York,2026-06-06 19:38:50.427445+00:00,
JAZZ,JAZZ,success,1561,2026-03-12 13:30:00+00:00,2026-06-05 20:00:00+00:00,America/New_York,2026-06-06 19:38:50.429732+00:00,
JBGS,JBGS,success,1558,2026-03-12 13:30:00+00:00,2026-06-05 20:00:00+00:00,America/New_York,2026-06-06 19:38:50.431999+00:00,
JBHT,JBHT,success,1561,2026-03-12 13:30:00+00:00,2026-06-05 20:00:00+00:00,America/New_York,2026-06-06 19:38:50.434454+00:00,
JBI,JBI,success,1561,2026-03-12 13:30:00+00:00,2026-06-05 20:00:00+00:00,America/New_York,2026-06-06 19:38:50.436946+00:00,
JBIO,JBIO,success,1554,2026-03-12 13:30:00+00:00,2026-06-05 20:00:00+00:00,America/New_York,2026-06-06 19:38:50.440172+00:00,
JBL,JBL,success,1561,2026-03-12 13:30:00+00:00,2026-06-05 20:00:00+00:00,America/New_York,2026-06-06 19:38:50.442741+00:00,
JBLU,JBLU,success,1561,2026-03-12 13:30:00+00:00,2026-06-05 20:00:00+00:00,America/New_York,2026-06-06 19:38:50.445207+00:00,
JBS,JBS,success,1561,2026-03-12 13:30:00+00:00,2026-06-05 20:00:00+00:00,America/New_York,2026-06-06 19:38:50.447462+00:00,
JBSS,JBSS,success,1279,2026-03-12 13:30:00+00:00,2026-06-05 20:00:00+00:00,America/New_York,2026-06-06 19:38:50.449584+00:00,
JBTM,JBTM,success,1561,2026-03-12 13:30:00+00:00,2026-06-05 20:00:00+00:00,America/New_York,2026-06-06 19:38:50.451813+00:00,
JCAP,JCAP,success,1533,2026-03-12 13:30:00+00:00,2026-06-05 20:00:00+00:00,America/New_York,2026-06-06 19:38:50.454363+00:00,
JCI,JCI,success,1561,2026-03-12 13:30:00+00:00,2026-06-05 20:00:00+00:00,America/New_York,2026-06-06 19:38:50.456953+00:00,
JD,JD,success,1561,2026-03-12 13:30:00+00:00,2026-06-05 20:00:00+00:00,America/New_York,2026-06-06 19:38:50.459500+00:00,
JDZG,JDZG,success,1258,2026-03-12 13:30:00+00:00,2026-06-04 19:45:00+00:00,America/New_York,2026-06-06 19:38:50.461710+00:00,
JEF,JEF,success,1561,2026-03-12 13:30:00+00:00,2026-06-05 20:00:00+00:00,America/New_York,2026-06-06 19:38:50.464002+00:00,
JFB,JFB,success,1520,2026-03-12 13:30:00+00:00,2026-06-05 20:00:00+00:00,America/New_York,2026-06-06 19:38:50.466386+00:00,
JFIN,JFIN,success,1174,2026-03-12 13:30:00+00:00,2026-06-05 20:00:00+00:00,America/New_York,2026-06-06 19:38:50.468413+00:00,
JHG,JHG,success,1561,2026-03-12 13:30:00+00:00,2026-06-05 20:00:00+00:00,America/New_York,2026-06-06 19:38:50.470931+00:00,
JHX,JHX,success,1561,2026-03-12 13:30:00+00:00,2026-06-05 20:00:00+00:00,America/New_York,2026-06-06 19:38:50.473397+00:00,
JILL,JILL,success,1222,2026-03-12 13:30:00+00:00,2026-06-05 20:00:00+00:00,America/New_York,2026-06-06 19:38:50.475656+00:00,
JJSF,JJSF,success,1554,2026-03-12 13:30:00+00:00,2026-06-05 20:00:00+00:00,America/New_York,2026-06-06 19:38:50.478061+00:00,
JKHY,JKHY,success,1561,2026-03-12 13:30:00+00:00,2026-06-05 20:00:00+00:00,America/New_York,2026-06-06 19:38:50.480455+00:00,
JKS,JKS,success,1560,2026-03-12 13:30:00+00:00,2026-06-05 20:00:00+00:00,America/New_York,2026-06-06 19:38:50.482953+00:00,
JLHL,JLHL,success,732,2026-03-12 13:45:00+00:00,2026-06-05 20:00:00+00:00,America/New_York,2026-06-06 19:38:50.485098+00:00,
JLL,JLL,success,1561,2026-03-12 13:30:00+00:00,2026-06-05 20:00:00+00:00,America/New_York,2026-06-06 19:38:50.487895+00:00,
JMIA,JMIA,success,1561,2026-03-12 13:30:00+00:00,2026-06-05 20:00:00+00:00,America/New_York,2026-06-06 19:38:50.490426+00:00,
JMSB,JMSB,success,921,2026-03-12 13:30:00+00:00,2026-06-05 20:00:00+00:00,America/New_York,2026-06-06 19:38:50.492596+00:00,
JNJ,JNJ,success,1561,2026-03-12 13:30:00+00:00,2026-06-05 20:00:00+00:00,America/New_York,2026-06-06 19:38:50.495006+00:00,
JOBY,JOBY,success,1561,2026-03-12 13:30:00+00:00,2026-06-05 20:00:00+00:00,America/New_York,2026-06-06 19:38:50.497312+00:00,
JOE,JOE,success,1552,2026-03-12 13:30:00+00:00,2026-06-05 20:00:00+00:00,America/New_York,2026-06-06 19:38:50.499764+00:00,
JOUT,JOUT,success,1275,2026-03-12 13:30:00+00:00,2026-06-05 20:00:00+00:00,America/New_York,2026-06-06 19:38:50.502187+00:00,
JOYY,JOYY,success,1554,2026-03-12 13:30:00+00:00,2026-06-05 20:00:00+00:00,America/New_York,2026-06-06 19:38:50.504621+00:00,
JPM,JPM,success,1561,2026-03-12 13:30:00+00:00,2026-06-05 20:00:00+00:00,America/New_York,2026-06-06 19:38:50.507930+00:00,
JRVR,JRVR,success,1531,2026-03-12 13:30:00+00:00,2026-06-05 20:00:00+00:00,America/New_York,2026-06-06 19:38:50.510784+00:00,
JXN,JXN,success,1561,2026-03-12 13:30:00+00:00,2026-06-05 20:00:00+00:00,America/New_York,2026-06-06 19:38:50.513388+00:00,
JYNT,JYNT,success,1146,2026-03-12 13:30:00+00:00,2026-06-05 20:00:00+00:00,America/New_York,2026-06-06 19:38:50.515801+00:00,
KAI,KAI,success,1550,2026-03-12 13:30:00+00:00,2026-06-05 20:00:00+00:00,America/New_York,2026-06-06 19:38:50.518452+00:00,
KALU,KALU,success,1531,2026-03-12 13:30:00+00:00,2026-06-05 20:00:00+00:00,America/New_York,2026-06-06 19:38:50.520980+00:00,
KALV,KALV,success,1561,2026-03-12 13:30:00+00:00,2026-06-05 20:00:00+00:00,America/New_York,2026-06-06 19:38:50.523820+00:00,
KARO,KARO,success,1308,2026-03-12 13:30:00+00:00,2026-06-05 20:00:00+00:00,America/New_York,2026-06-06 19:38:50.526146+00:00,
KB,KB,success,1556,2026-03-12 13:30:00+00:00,2026-06-05 20:00:00+00:00,America/New_York,2026-06-06 19:38:50.528555+00:00,
KBDC,KBDC,success,1557,2026-03-12 13:30:00+00:00,2026-06-05 20:00:00+00:00,America/New_York,2026-06-06 19:38:50.530969+00:00,
KBH,KBH,success,1561,2026-03-12 13:30:00+00:00,2026-06-05 20:00:00+00:00,America/New_York,2026-06-06 19:38:50.533372+00:00,
KBON,KBON,success,137,2026-03-12 13:30:00+00:00,2026-06-03 19:15:00+00:00,America/New_York,2026-06-06 19:38:50.535162+00:00,
KBR,KBR,success,1561,2026-03-12 13:30:00+00:00,2026-06-05 20:00:00+00:00,America/New_York,2026-06-06 19:38:50.538393+00:00,
KC,KC,success,1561,2026-03-12 13:30:00+00:00,2026-06-05 20:00:00+00:00,America/New_York,2026-06-06 19:38:50.541753+00:00,
KD,KD,success,1561,2026-03-12 13:30:00+00:00,2026-06-05 20:00:00+00:00,America/New_York,2026-06-06 19:38:50.544635+00:00,
KDK,KDK,success,1561,2026-03-12 13:30:00+00:00,2026-06-05 20:00:00+00:00,America/New_York,2026-06-06 19:38:50.547498+00:00,
KDP,KDP,success,1561,2026-03-12 13:30:00+00:00,2026-06-05 20:00:00+00:00,America/New_York,2026-06-06 19:38:50.550276+00:00,
KE,KE,success,1497,2026-03-12 13:30:00+00:00,2026-06-05 20:00:00+00:00,America/New_York,2026-06-06 19:38:50.553089+00:00,
KEEL,KEEL,success,1145,2026-04-06 13:30:00+00:00,2026-06-05 20:00:00+00:00,America/New_York,2026-06-06 19:38:50.556002+00:00,
KELYA,KELYA,success,1561,2026-03-12 13:30:00+00:00,2026-06-05 20:00:00+00:00,America/New_York,2026-06-06 19:38:50.559228+00:00,
KEN,KEN,success,998,2026-03-12 13:30:00+00:00,2026-06-05 20:00:00+00:00,America/New_York,2026-06-06 19:38:50.561742+00:00,
KEP,KEP,success,1561,2026-03-12 13:30:00+00:00,2026-06-05 20:00:00+00:00,America/New_York,2026-06-06 19:38:50.564537+00:00,
KEQU,KEQU,success,202,2026-03-12 13:30:00+00:00,2026-06-05 20:00:00+00:00,America/New_York,2026-06-06 19:38:50.566371+00:00,
KEX,KEX,success,1561,2026-03-12 13:30:00+00:00,2026-06-05 20:00:00+00:00,America/New_York,2026-06-06 19:38:50.569066+00:00,
KEY,KEY,success,1561,2026-03-12 13:30:00+00:00,2026-06-05 20:00:00+00:00,America/New_York,2026-06-06 19:38:50.572084+00:00,
KEYS,KEYS,success,1561,2026-03-12 13:30:00+00:00,2026-06-05 20:00:00+00:00,America/New_York,2026-06-06 19:38:50.575532+00:00,
KEYYU,KEYYU,success,44,2026-06-03 13:30:00+00:00,2026-06-05 20:00:00+00:00,America/New_York,2026-06-06 19:38:50.577406+00:00,
KFRC,KFRC,success,1548,2026-03-12 13:30:00+00:00,2026-06-05 20:00:00+00:00,America/New_York,2026-06-06 19:38:50.580169+00:00,
KFY,KFY,success,1560,2026-03-12 13:30:00+00:00,2026-06-05 20:00:00+00:00,America/New_York,2026-06-06 19:38:50.582885+00:00,
KG,KG,success,420,2026-03-12 13:30:00+00:00,2026-06-05 20:00:00+00:00,America/New_York,2026-06-06 19:38:50.584956+00:00,
KGC,KGC,success,1561,2026-03-12 13:30:00+00:00,2026-06-05 20:00:00+00:00,America/New_York,2026-06-06 19:38:50.587772+00:00,
KGEI,KGEI,success,1522,2026-03-12 13:30:00+00:00,2026-06-05 20:00:00+00:00,America/New_York,2026-06-06 19:38:50.590758+00:00,
KGS,KGS,success,1561,2026-03-12 13:30:00+00:00,2026-06-05 20:00:00+00:00,America/New_York,2026-06-06 19:38:50.593774+00:00,
KHC,KHC,success,1561,2026-03-12 13:30:00+00:00,2026-06-05 20:00:00+00:00,America/New_York,2026-06-06 19:38:50.596701+00:00,
KIDS,KIDS,success,1502,2026-03-12 13:30:00+00:00,2026-06-05 20:00:00+00:00,America/New_York,2026-06-06 19:38:50.599587+00:00,
KIM,KIM,success,1561,2026-03-12 13:30:00+00:00,2026-06-05 20:00:00+00:00,America/New_York,2026-06-06 19:38:50.602470+00:00,
KINS,KINS,success,1433,2026-03-12 13:30:00+00:00,2026-06-05 20:00:00+00:00,America/New_York,2026-06-06 19:38:50.605635+00:00,
KKR,KKR,success,1561,2026-03-12 13:30:00+00:00,2026-06-05 20:00:00+00:00,America/New_York,2026-06-06 19:38:50.609829+00:00,
KLAC,KLAC,success,1561,2026-03-12 13:30:00+00:00,2026-06-05 20:00:00+00:00,America/New_York,2026-06-06 19:38:50.613228+00:00,
KLAR,KLAR,success,1561,2026-03-12 13:30:00+00:00,2026-06-05 20:00:00+00:00,America/New_York,2026-06-06 19:38:50.616226+00:00,
KLC,KLC,success,1561,2026-03-12 13:30:00+00:00,2026-06-05 20:00:00+00:00,America/New_York,2026-06-06 19:38:50.619369+00:00,
KLIC,KLIC,success,1561,2026-03-12 13:30:00+00:00,2026-06-05 20:00:00+00:00,America/New_York,2026-06-06 19:38:50.622889+00:00,
KLRA,KLRA,success,897,2026-04-17 13:30:00+00:00,2026-06-05 20:00:00+00:00,America/New_York,2026-06-06 19:38:50.625801+00:00,
KLRS,KLRS,success,1209,2026-03-12 13:30:00+00:00,2026-06-05 20:00:00+00:00,America/New_York,2026-06-06 19:38:50.628393+00:00,
KMB,KMB,success,1561,2026-03-12 13:30:00+00:00,2026-06-05 20:00:00+00:00,America/New_York,2026-06-06 19:38:50.631182+00:00,
KMDA,KMDA,success,1189,2026-03-12 13:30:00+00:00,2026-06-05 20:00:00+00:00,America/New_York,2026-06-06 19:38:50.633768+00:00,
KMI,KMI,success,1561,2026-03-12 13:30:00+00:00,2026-06-05 20:00:00+00:00,America/New_York,2026-06-06 19:38:50.636893+00:00,
KMPR,KMPR,success,1561,2026-03-12 13:30:00+00:00,2026-06-05 20:00:00+00:00,America/New_York,2026-06-06 19:38:50.640585+00:00,
KMT,KMT,success,1561,2026-03-12 13:30:00+00:00,2026-06-05 20:00:00+00:00,America/New_York,2026-06-06 19:38:50.643675+00:00,
KMTS,KMTS,success,1544,2026-03-12 13:30:00+00:00,2026-06-05 20:00:00+00:00,America/New_York,2026-06-06 19:38:50.646695+00:00,
KMX,KMX,success,1561,2026-03-12 13:30:00+00:00,2026-06-05 20:00:00+00:00,America/New_York,2026-06-06 19:38:50.649674+00:00,
KN,KN,success,1561,2026-03-12 13:30:00+00:00,2026-06-05 20:00:00+00:00,America/New_York,2026-06-06 19:38:50.652811+00:00,
KNF,KNF,success,1561,2026-03-12 13:30:00+00:00,2026-06-05 20:00:00+00:00,America/New_York,2026-06-06 19:38:50.656202+00:00,
KNOP,KNOP,success,1436,2026-03-12 13:30:00+00:00,2026-06-05 20:00:00+00:00,America/New_York,2026-06-06 19:38:50.660020+00:00,
KNSA,KNSA,success,1561,2026-03-12 13:30:00+00:00,2026-06-05 20:00:00+00:00,America/New_York,2026-06-06 19:38:50.663516+00:00,
KNSL,KNSL,success,1561,2026-03-12 13:30:00+00:00,2026-06-05 20:00:00+00:00,America/New_York,2026-06-06 19:38:50.667577+00:00,
KNTK,KNTK,success,1561,2026-03-12 13:30:00+00:00,2026-06-05 20:00:00+00:00,America/New_York,2026-06-06 19:38:50.672464+00:00,
KNX,KNX,success,1561,2026-03-12 13:30:00+00:00,2026-06-05 20:00:00+00:00,America/New_York,2026-06-06 19:38:50.676174+00:00,
KO,KO,success,1561,2026-03-12 13:30:00+00:00,2026-06-05 20:00:00+00:00,America/New_York,2026-06-06 19:38:50.679091+00:00,
KOD,KOD,success,1561,2026-03-12 13:30:00+00:00,2026-06-05 20:00:00+00:00,America/New_York,2026-06-06 19:38:50.682052+00:00,
KODK,KODK,success,1561,2026-03-12 13:30:00+00:00,2026-06-05 20:00:00+00:00,America/New_York,2026-06-06 19:38:50.684979+00:00,
KOF,KOF,success,1530,2026-03-12 13:30:00+00:00,2026-06-05 20:00:00+00:00,America/New_York,2026-06-06 19:38:50.687984+00:00,
KOP,KOP,success,1511,2026-03-12 13:30:00+00:00,2026-06-05 20:00:00+00:00,America/New_York,2026-06-06 19:38:50.691528+00:00,
KOPN,KOPN,success,1561,2026-03-12 13:30:00+00:00,2026-06-05 20:00:00+00:00,America/New_York,2026-06-06 19:38:50.695020+00:00,
KORE,KORE,success,1001,2026-03-12 13:30:00+00:00,2026-06-05 20:00:00+00:00,America/New_York,2026-06-06 19:38:50.697700+00:00,
KOYN,KOYN,success,103,2026-03-12 15:30:00+00:00,2026-06-05 20:00:00+00:00,America/New_York,2026-06-06 19:38:50.699633+00:00,
KPTI,KPTI,success,1554,2026-03-12 13:30:00+00:00,2026-06-05 20:00:00+00:00,America/New_York,2026-06-06 19:38:50.702541+00:00,
KR,KR,success,1561,2026-03-12 13:30:00+00:00,2026-06-05 20:00:00+00:00,America/New_York,2026-06-06 19:38:50.705862+00:00,
KRC,KRC,success,1561,2026-03-12 13:30:00+00:00,2026-06-05 20:00:00+00:00,America/New_York,2026-06-06 19:38:50.709185+00:00,
KREF,KREF,success,1561,2026-03-12 13:30:00+00:00,2026-06-05 20:00:00+00:00,America/New_York,2026-06-06 19:38:50.712142+00:00,
KRG,KRG,success,1561,2026-03-12 13:30:00+00:00,2026-06-05 20:00:00+00:00,America/New_York,2026-06-06 19:38:50.715090+00:00,
KRMD,KRMD,success,1389,2026-03-12 13:30:00+00:00,2026-06-05 20:00:00+00:00,America/New_York,2026-06-06 19:38:50.718215+00:00,
KRMN,KRMN,success,1561,2026-03-12 13:30:00+00:00,2026-06-05 20:00:00+00:00,America/New_York,2026-06-06 19:38:50.721325+00:00,
KRNT,KRNT,success,1532,2026-03-12 13:30:00+00:00,2026-06-05 20:00:00+00:00,America/New_York,2026-06-06 19:38:50.724928+00:00,
KRNY,KRNY,success,1549,2026-03-12 13:30:00+00:00,2026-06-05 20:00:00+00:00,America/New_York,2026-06-06 19:38:50.727846+00:00,
KRO,KRO,success,1556,2026-03-12 13:30:00+00:00,2026-06-05 20:00:00+00:00,America/New_York,2026-06-06 19:38:50.730849+00:00,
KROS,KROS,success,1558,2026-03-12 13:30:00+00:00,2026-06-05 20:00:00+00:00,America/New_York,2026-06-06 19:38:50.733864+00:00,
KRRO,KRRO,success,1504,2026-03-12 13:30:00+00:00,2026-06-05 20:00:00+00:00,America/New_York,2026-06-06 19:38:50.736993+00:00,
KRT,KRT,success,1397,2026-03-12 13:30:00+00:00,2026-06-05 20:00:00+00:00,America/New_York,2026-06-06 19:38:50.740613+00:00,
KRUS,KRUS,success,1552,2026-03-12 13:30:00+00:00,2026-06-05 20:00:00+00:00,America/New_York,2026-06-06 19:38:50.743669+00:00,
KRYS,KRYS,success,1535,2026-03-12 13:30:00+00:00,2026-06-05 20:00:00+00:00,America/New_York,2026-06-06 19:38:50.746632+00:00,
KSPI,KSPI,success,1557,2026-03-12 13:30:00+00:00,2026-06-05 20:00:00+00:00,America/New_York,2026-06-06 19:38:50.749862+00:00,
KSS,KSS,success,1561,2026-03-12 13:30:00+00:00,2026-06-05 20:00:00+00:00,America/New_York,2026-06-06 19:38:50.753148+00:00,
KT,KT,success,1561,2026-03-12 13:30:00+00:00,2026-06-05 20:00:00+00:00,America/New_York,2026-06-06 19:38:50.757096+00:00,
KTB,KTB,success,1561,2026-03-12 13:30:00+00:00,2026-06-05 20:00:00+00:00,America/New_York,2026-06-06 19:38:50.760305+00:00,
KTOS,KTOS,success,1561,2026-03-12 13:30:00+00:00,2026-06-05 20:00:00+00:00,America/New_York,2026-06-06 19:38:50.763205+00:00,
KTWO,KTWO,success,132,2026-03-13 16:00:00+00:00,2026-06-05 20:00:00+00:00,America/New_York,2026-06-06 19:38:50.765205+00:00,
KULR,KULR,success,1561,2026-03-12 13:30:00+00:00,2026-06-05 20:00:00+00:00,America/New_York,2026-06-06 19:38:50.768229+00:00,
KURA,KURA,success,1561,2026-03-12 13:30:00+00:00,2026-06-05 20:00:00+00:00,America/New_York,2026-06-06 19:38:50.771404+00:00,
KVHI,KVHI,success,1478,2026-03-12 13:30:00+00:00,2026-06-05 20:00:00+00:00,America/New_York,2026-06-06 19:38:50.775079+00:00,
KVUE,KVUE,success,1561,2026-03-12 13:30:00+00:00,2026-06-05 20:00:00+00:00,America/New_York,2026-06-06 19:38:50.778204+00:00,
KVYO,KVYO,success,1561,2026-03-12 13:30:00+00:00,2026-06-05 20:00:00+00:00,America/New_York,2026-06-06 19:38:50.781003+00:00,
KW,KW,success,1560,2026-03-12 13:30:00+00:00,2026-06-05 20:00:00+00:00,America/New_York,2026-06-06 19:38:50.784214+00:00,
KWR,KWR,success,1491,2026-03-12 13:30:00+00:00,2026-06-05 20:00:00+00:00,America/New_York,2026-06-06 19:38:50.787369+00:00,
KWY,KWY,success,283,2026-05-19 13:30:00+00:00,2026-06-05 20:00:00+00:00,America/New_York,2026-06-06 19:38:50.790089+00:00,
KYIV,KYIV,success,1559,2026-03-12 13:30:00+00:00,2026-06-05 20:00:00+00:00,America/New_York,2026-06-06 19:38:50.793093+00:00,
KYMR,KYMR,success,1556,2026-03-12 13:30:00+00:00,2026-06-05 20:00:00+00:00,America/New_York,2026-06-06 19:38:50.796007+00:00,
KYTX,KYTX,success,1561,2026-03-12 13:30:00+00:00,2026-06-05 20:00:00+00:00,America/New_York,2026-06-06 19:38:50.798862+00:00,
KZIA,KZIA,success,1426,2026-03-12 13:30:00+00:00,2026-06-05 20:00:00+00:00,America/New_York,2026-06-06 19:38:50.801916+00:00,
L,L,success,1560,2026-03-12 13:30:00+00:00,2026-06-05 20:00:00+00:00,America/New_York,2026-06-06 19:38:50.804971+00:00,
LAC,LAC,success,1561,2026-03-12 13:30:00+00:00,2026-06-05 20:00:00+00:00,America/New_York,2026-06-06 19:38:50.808649+00:00,
LAD,LAD,success,1561,2026-03-12 13:30:00+00:00,2026-06-05 20:00:00+00:00,America/New_York,2026-06-06 19:38:50.811534+00:00,
LADR,LADR,success,1561,2026-03-12 13:30:00+00:00,2026-06-05 20:00:00+00:00,America/New_York,2026-06-06 19:38:50.814284+00:00,
LAES,LAES,success,1561,2026-03-12 13:30:00+00:00,2026-06-05 20:00:00+00:00,America/New_York,2026-06-06 19:38:50.817353+00:00,
LAKE,LAKE,success,1397,2026-03-12 13:30:00+00:00,2026-06-05 20:00:00+00:00,America/New_York,2026-06-06 19:38:50.820319+00:00,
LAMR,LAMR,success,1561,2026-03-12 13:30:00+00:00,2026-06-05 20:00:00+00:00,America/New_York,2026-06-06 19:38:50.824164+00:00,
LAND,LAND,success,1561,2026-03-12 13:30:00+00:00,2026-06-05 20:00:00+00:00,America/New_York,2026-06-06 19:38:50.827350+00:00,
LAR,LAR,success,1561,2026-03-12 13:30:00+00:00,2026-06-05 20:00:00+00:00,America/New_York,2026-06-06 19:38:50.830390+00:00,
LARK,LARK,success,335,2026-03-12 13:30:00+00:00,2026-06-05 20:00:00+00:00,America/New_York,2026-06-06 19:38:50.832538+00:00,
LASE,LASE,success,1560,2026-03-12 13:30:00+00:00,2026-06-05 20:00:00+00:00,America/New_York,2026-06-06 19:38:50.835470+00:00,
LASR,LASR,success,1561,2026-03-12 13:30:00+00:00,2026-06-05 20:00:00+00:00,America/New_York,2026-06-06 19:38:50.838595+00:00,
LAUR,LAUR,success,1561,2026-03-12 13:30:00+00:00,2026-06-05 20:00:00+00:00,America/New_York,2026-06-06 19:38:50.842282+00:00,
LAW,LAW,success,1548,2026-03-12 13:30:00+00:00,2026-06-05 20:00:00+00:00,America/New_York,2026-06-06 19:38:50.845196+00:00,
LAZ,LAZ,success,1561,2026-03-12 13:30:00+00:00,2026-06-05 20:00:00+00:00,America/New_York,2026-06-06 19:38:50.848117+00:00,
LB,LB,success,1561,2026-03-12 13:30:00+00:00,2026-06-05 20:00:00+00:00,America/New_York,2026-06-06 19:38:50.851161+00:00,
LBRDK,LBRDK,success,1561,2026-03-12 13:30:00+00:00,2026-06-05 20:00:00+00:00,America/New_York,2026-06-06 19:38:50.854310+00:00,
LBRT,LBRT,success,1561,2026-03-12 13:30:00+00:00,2026-06-05 20:00:00+00:00,America/New_York,2026-06-06 19:38:50.857627+00:00,
LBRX,LBRX,success,1506,2026-03-12 13:30:00+00:00,2026-06-05 20:00:00+00:00,America/New_York,2026-06-06 19:38:50.860535+00:00,
LBTYK,LBTYK,success,1561,2026-03-12 13:30:00+00:00,2026-06-05 20:00:00+00:00,America/New_York,2026-06-06 19:38:50.863440+00:00,
LC,LC,success,1561,2026-03-12 13:30:00+00:00,2026-06-05 20:00:00+00:00,America/New_York,2026-06-06 19:38:50.866358+00:00,
LCID,LCID,success,1561,2026-03-12 13:30:00+00:00,2026-06-05 20:00:00+00:00,America/New_York,2026-06-06 19:38:50.870111+00:00,
LCII,LCII,success,1548,2026-03-12 13:30:00+00:00,2026-06-05 20:00:00+00:00,America/New_York,2026-06-06 19:38:50.873848+00:00,
LCLN,LCLN,success,288,2026-05-20 13:30:00+00:00,2026-06-05 20:00:00+00:00,America/New_York,2026-06-06 19:38:50.876337+00:00,
LCNB,LCNB,success,881,2026-03-12 13:30:00+00:00,2026-06-05 20:00:00+00:00,America/New_York,2026-06-06 19:38:50.878671+00:00,
LCUT,LCUT,success,1512,2026-03-12 13:30:00+00:00,2026-06-05 20:00:00+00:00,America/New_York,2026-06-06 19:38:50.881416+00:00,
LDOS,LDOS,success,1561,2026-03-12 13:30:00+00:00,2026-06-05 20:00:00+00:00,America/New_York,2026-06-06 19:38:50.884536+00:00,
LE,LE,success,1551,2026-03-12 13:30:00+00:00,2026-06-05 20:00:00+00:00,America/New_York,2026-06-06 19:38:50.887697+00:00,
LEA,LEA,success,1561,2026-03-12 13:30:00+00:00,2026-06-05 20:00:00+00:00,America/New_York,2026-06-06 19:38:50.890975+00:00,
LECO,LECO,success,1557,2026-03-12 13:30:00+00:00,2026-06-05 20:00:00+00:00,America/New_York,2026-06-06 19:38:50.893859+00:00,
LEE,LEE,success,1012,2026-03-12 13:30:00+00:00,2026-06-05 20:00:00+00:00,America/New_York,2026-06-06 19:38:50.896396+00:00,
LEG,LEG,success,1561,2026-03-12 13:30:00+00:00,2026-06-05 20:00:00+00:00,America/New_York,2026-06-06 19:38:50.899525+00:00,
LEGH,LEGH,success,1334,2026-03-12 13:30:00+00:00,2026-06-05 20:00:00+00:00,America/New_York,2026-06-06 19:38:50.902454+00:00,
LEGN,LEGN,success,1561,2026-03-12 13:30:00+00:00,2026-06-05 20:00:00+00:00,America/New_York,2026-06-06 19:38:50.906295+00:00,
LEGT,LEGT,success,723,2026-03-12 13:30:00+00:00,2026-06-05 20:00:00+00:00,America/New_York,2026-06-06 19:38:50.909127+00:00,
LEN,LEN,success,1561,2026-03-12 13:30:00+00:00,2026-06-05 20:00:00+00:00,America/New_York,2026-06-06 19:38:50.912058+00:00,
LENZ,LENZ,success,1561,2026-03-12 13:30:00+00:00,2026-06-05 20:00:00+00:00,America/New_York,2026-06-06 19:38:50.914796+00:00,
LEU,LEU,success,1561,2026-03-12 13:30:00+00:00,2026-06-05 20:00:00+00:00,America/New_York,2026-06-06 19:38:50.917857+00:00,
LEVI,LEVI,success,1561,2026-03-12 13:30:00+00:00,2026-06-05 20:00:00+00:00,America/New_York,2026-06-06 19:38:50.920963+00:00,
LFCR,LFCR,success,1535,2026-03-12 13:30:00+00:00,2026-06-05 20:00:00+00:00,America/New_York,2026-06-06 19:38:50.924806+00:00,
LFMD,LFMD,success,1561,2026-03-12 13:30:00+00:00,2026-06-05 20:00:00+00:00,America/New_York,2026-06-06 19:38:50.927907+00:00,
LFST,LFST,success,1561,2026-03-12 13:30:00+00:00,2026-06-05 20:00:00+00:00,America/New_York,2026-06-06 19:38:50.931133+00:00,
LFTO,LFTO,success,28,2026-06-04 19:45:00+00:00,2026-06-05 20:00:00+00:00,America/New_York,2026-06-06 19:38:50.933681+00:00,
LFUS,LFUS,success,1558,2026-03-12 13:30:00+00:00,2026-06-05 20:00:00+00:00,America/New_York,2026-06-06 19:38:50.936751+00:00,
LFVN,LFVN,success,1496,2026-03-12 13:30:00+00:00,2026-06-05 20:00:00+00:00,America/New_York,2026-06-06 19:38:50.941171+00:00,
LGCY,LGCY,success,1236,2026-03-12 13:30:00+00:00,2026-06-05 20:00:00+00:00,America/New_York,2026-06-06 19:38:50.944666+00:00,
LGIH,LGIH,success,1559,2026-03-12 13:30:00+00:00,2026-06-05 20:00:00+00:00,America/New_York,2026-06-06 19:38:50.947668+00:00,
LGN,LGN,success,1561,2026-03-12 13:30:00+00:00,2026-06-05 20:00:00+00:00,America/New_York,2026-06-06 19:38:50.950817+00:00,
LGND,LGND,success,1477,2026-03-12 13:30:00+00:00,2026-06-05 20:00:00+00:00,America/New_York,2026-06-06 19:38:50.953810+00:00,
LH,LH,success,1561,2026-03-12 13:30:00+00:00,2026-06-05 20:00:00+00:00,America/New_York,2026-06-06 19:38:50.957449+00:00,
LHX,LHX,success,1561,2026-03-12 13:30:00+00:00,2026-06-05 20:00:00+00:00,America/New_York,2026-06-06 19:38:50.960573+00:00,
LI,LI,success,1561,2026-03-12 13:30:00+00:00,2026-06-05 20:00:00+00:00,America/New_York,2026-06-06 19:38:50.963536+00:00,
LIEN,LIEN,success,1066,2026-03-12 14:45:00+00:00,2026-06-05 20:00:00+00:00,America/New_York,2026-06-06 19:38:50.966533+00:00,
LIF,LIF,success,1561,2026-03-12 13:30:00+00:00,2026-06-05 20:00:00+00:00,America/New_York,2026-06-06 19:38:50.970089+00:00,
LIFE,LIFE,success,1559,2026-03-12 13:30:00+00:00,2026-06-05 20:00:00+00:00,America/New_York,2026-06-06 19:38:50.973846+00:00,
LII,LII,success,1561,2026-03-12 13:30:00+00:00,2026-06-05 20:00:00+00:00,America/New_York,2026-06-06 19:38:50.977395+00:00,
LILAK,LILAK,success,1561,2026-03-12 13:30:00+00:00,2026-06-05 20:00:00+00:00,America/New_York,2026-06-06 19:38:50.980572+00:00,
LIN,LIN,success,1561,2026-03-12 13:30:00+00:00,2026-06-05 20:00:00+00:00,America/New_York,2026-06-06 19:38:50.984260+00:00,
LINC,LINC,success,1560,2026-03-12 13:30:00+00:00,2026-06-05 20:00:00+00:00,America/New_York,2026-06-06 19:38:50.987453+00:00,
LIND,LIND,success,1561,2026-03-12 13:30:00+00:00,2026-06-05 20:00:00+00:00,America/New_York,2026-06-06 19:38:50.991405+00:00,
LINE,LINE,success,1561,2026-03-12 13:30:00+00:00,2026-06-05 20:00:00+00:00,America/New_York,2026-06-06 19:38:51.035614+00:00,
LINK,LINK,success,865,2026-03-12 14:15:00+00:00,2026-06-05 20:00:00+00:00,America/New_York,2026-06-06 19:38:51.041193+00:00,
LION,LION,success,1561,2026-03-12 13:30:00+00:00,2026-06-05 20:00:00+00:00,America/New_York,2026-06-06 19:38:51.046636+00:00,
LITE,LITE,success,1561,2026-03-12 13:30:00+00:00,2026-06-05 20:00:00+00:00,America/New_York,2026-06-06 19:38:51.050230+00:00,
LIVN,LIVN,success,1561,2026-03-12 13:30:00+00:00,2026-06-05 20:00:00+00:00,America/New_York,2026-06-06 19:38:51.053528+00:00,
LIXT,LIXT,success,794,2026-03-12 13:30:00+00:00,2026-06-05 20:00:00+00:00,America/New_York,2026-06-06 19:38:51.057752+00:00,
LKFN,LKFN,success,1485,2026-03-12 13:30:00+00:00,2026-06-05 20:00:00+00:00,America/New_York,2026-06-06 19:38:51.061143+00:00,
LKFT,LKFT,success,504,2026-05-08 13:30:00+00:00,2026-06-05 20:00:00+00:00,America/New_York,2026-06-06 19:38:51.063257+00:00,
LKQ,LKQ,success,1561,2026-03-12 13:30:00+00:00,2026-06-05 20:00:00+00:00,America/New_York,2026-06-06 19:38:51.066341+00:00,
LLY,LLY,success,1561,2026-03-12 13:30:00+00:00,2026-06-05 20:00:00+00:00,America/New_York,2026-06-06 19:38:51.069480+00:00,
LLYVK,LLYVK,success,1543,2026-03-12 13:30:00+00:00,2026-06-05 20:00:00+00:00,America/New_York,2026-06-06 19:38:51.073360+00:00,
LMAT,LMAT,success,1522,2026-03-12 13:30:00+00:00,2026-06-05 20:00:00+00:00,America/New_York,2026-06-06 19:38:51.077317+00:00,
LMB,LMB,success,1515,2026-03-12 13:30:00+00:00,2026-06-05 20:00:00+00:00,America/New_York,2026-06-06 19:38:51.080548+00:00,
LMND,LMND,success,1561,2026-03-12 13:30:00+00:00,2026-06-05 20:00:00+00:00,America/New_York,2026-06-06 19:38:51.084027+00:00,
LMNR,LMNR,success,1296,2026-03-12 13:30:00+00:00,2026-06-05 20:00:00+00:00,America/New_York,2026-06-06 19:38:51.087061+00:00,
LMRI,LMRI,success,1561,2026-03-12 13:30:00+00:00,2026-06-05 20:00:00+00:00,America/New_York,2026-06-06 19:38:51.091341+00:00,
LMT,LMT,success,1561,2026-03-12 13:30:00+00:00,2026-06-05 20:00:00+00:00,America/New_York,2026-06-06 19:38:51.094676+00:00,
LNC,LNC,success,1561,2026-03-12 13:30:00+00:00,2026-06-05 20:00:00+00:00,America/New_York,2026-06-06 19:38:51.097706+00:00,
LND,LND,success,1395,2026-03-12 13:30:00+00:00,2026-06-05 20:00:00+00:00,America/New_York,2026-06-06 19:38:51.100707+00:00,
LNG,LNG,success,1561,2026-03-12 13:30:00+00:00,2026-06-05 20:00:00+00:00,America/New_York,2026-06-06 19:38:51.104760+00:00,
LNN,LNN,success,1494,2026-03-12 13:30:00+00:00,2026-06-05 20:00:00+00:00,America/New_York,2026-06-06 19:38:51.108772+00:00,
LNSR,LNSR,success,1301,2026-03-12 13:30:00+00:00,2026-06-05 20:00:00+00:00,America/New_York,2026-06-06 19:38:51.111736+00:00,
LNT,LNT,success,1561,2026-03-12 13:30:00+00:00,2026-06-05 20:00:00+00:00,America/New_York,2026-06-06 19:38:51.114725+00:00,
LNTH,LNTH,success,1560,2026-03-12 13:30:00+00:00,2026-06-05 20:00:00+00:00,America/New_York,2026-06-06 19:38:51.117706+00:00,
LNZA,LNZA,success,1120,2026-03-12 13:30:00+00:00,2026-06-05 20:00:00+00:00,America/New_York,2026-06-06 19:38:51.120837+00:00,
LOAR,LOAR,success,1561,2026-03-12 13:30:00+00:00,2026-06-05 20:00:00+00:00,America/New_York,2026-06-06 19:38:51.125164+00:00,
LOB,LOB,success,1557,2026-03-12 13:30:00+00:00,2026-06-05 20:00:00+00:00,America/New_York,2026-06-06 19:38:51.128608+00:00,
LOCO,LOCO,success,1552,2026-03-12 13:30:00+00:00,2026-06-05 20:00:00+00:00,America/New_York,2026-06-06 19:38:51.131555+00:00,
LODE,LODE,success,1561,2026-03-12 13:30:00+00:00,2026-06-05 20:00:00+00:00,America/New_York,2026-06-06 19:38:51.134516+00:00,
LOGI,LOGI,success,1561,2026-03-12 13:30:00+00:00,2026-06-05 20:00:00+00:00,America/New_York,2026-06-06 19:38:51.137561+00:00,
LOKV,LOKV,success,197,2026-03-12 13:45:00+00:00,2026-06-05 20:00:00+00:00,America/New_York,2026-06-06 19:38:51.140337+00:00,
LOMA,LOMA,success,1557,2026-03-12 13:30:00+00:00,2026-06-05 20:00:00+00:00,America/New_York,2026-06-06 19:38:51.143630+00:00,
LONA,LONA,success,1089,2026-03-12 13:45:00+00:00,2026-06-05 20:00:00+00:00,America/New_York,2026-06-06 19:38:51.146321+00:00,
LOPE,LOPE,success,1540,2026-03-12 13:30:00+00:00,2026-06-05 20:00:00+00:00,America/New_York,2026-06-06 19:38:51.150035+00:00,
LOVE,LOVE,success,1536,2026-03-12 13:30:00+00:00,2026-06-05 20:00:00+00:00,America/New_York,2026-06-06 19:38:51.153422+00:00,
LOW,LOW,success,1561,2026-03-12 13:30:00+00:00,2026-06-05 20:00:00+00:00,America/New_York,2026-06-06 19:38:51.156994+00:00,
LPG,LPG,success,1561,2026-03-12 13:30:00+00:00,2026-06-05 20:00:00+00:00,America/New_York,2026-06-06 19:38:51.160164+00:00,
LPL,LPL,success,1561,2026-03-12 13:30:00+00:00,2026-06-05 20:00:00+00:00,America/New_York,2026-06-06 19:38:51.163006+00:00,
LPLA,LPLA,success,1561,2026-03-12 13:30:00+00:00,2026-06-05 20:00:00+00:00,America/New_York,2026-06-06 19:38:51.167021+00:00,
LPTH,LPTH,success,1561,2026-03-12 13:30:00+00:00,2026-06-05 20:00:00+00:00,America/New_York,2026-06-06 19:38:51.172300+00:00,
LPX,LPX,success,1561,2026-03-12 13:30:00+00:00,2026-06-05 20:00:00+00:00,America/New_York,2026-06-06 19:38:51.176534+00:00,
LQDA,LQDA,success,1561,2026-03-12 13:30:00+00:00,2026-06-05 20:00:00+00:00,America/New_York,2026-06-06 19:38:51.180457+00:00,
LQDT,LQDT,success,1518,2026-03-12 13:30:00+00:00,2026-06-05 20:00:00+00:00,America/New_York,2026-06-06 19:38:51.184126+00:00,
LRCX,LRCX,success,1561,2026-03-12 13:30:00+00:00,2026-06-05 20:00:00+00:00,America/New_York,2026-06-06 19:38:51.188665+00:00,
LRMR,LRMR,success,1561,2026-03-12 13:30:00+00:00,2026-06-05 20:00:00+00:00,America/New_York,2026-06-06 19:38:51.193317+00:00,
LRN,LRN,success,1561,2026-03-12 13:30:00+00:00,2026-06-05 20:00:00+00:00,America/New_York,2026-06-06 19:38:51.197962+00:00,
LSAK,LSAK,success,1255,2026-03-12 13:30:00+00:00,2026-06-05 20:00:00+00:00,America/New_York,2026-06-06 19:38:51.202832+00:00,
LSBK,LSBK,success,354,2026-03-12 13:30:00+00:00,2026-06-05 20:00:00+00:00,America/New_York,2026-06-06 19:38:51.207094+00:00,
LSCC,LSCC,success,1561,2026-03-12 13:30:00+00:00,2026-06-05 20:00:00+00:00,America/New_York,2026-06-06 19:38:51.210316+00:00,
LSPD,LSPD,success,1561,2026-03-12 13:30:00+00:00,2026-06-05 20:00:00+00:00,America/New_York,2026-06-06 19:38:51.213239+00:00,
LSTR,LSTR,success,1558,2026-03-12 13:30:00+00:00,2026-06-05 20:00:00+00:00,America/New_York,2026-06-06 19:38:51.216029+00:00,
LTBR,LTBR,success,1560,2026-03-12 13:30:00+00:00,2026-06-05 20:00:00+00:00,America/New_York,2026-06-06 19:38:51.218900+00:00,
LTC,LTC,success,1560,2026-03-12 13:30:00+00:00,2026-06-05 20:00:00+00:00,America/New_York,2026-06-06 19:38:51.222096+00:00,
LTH,LTH,success,1561,2026-03-12 13:30:00+00:00,2026-06-05 20:00:00+00:00,America/New_York,2026-06-06 19:38:51.225798+00:00,
LTM,LTM,success,1561,2026-03-12 13:30:00+00:00,2026-06-05 20:00:00+00:00,America/New_York,2026-06-06 19:38:51.228969+00:00,
LTRX,LTRX,success,1560,2026-03-12 13:30:00+00:00,2026-06-05 20:00:00+00:00,America/New_York,2026-06-06 19:38:51.231808+00:00,
LUCK,LUCK,success,1268,2026-03-12 13:30:00+00:00,2026-06-05 20:00:00+00:00,America/New_York,2026-06-06 19:38:51.234668+00:00,
LULU,LULU,success,1561,2026-03-12 13:30:00+00:00,2026-06-05 20:00:00+00:00,America/New_York,2026-06-06 19:38:51.237619+00:00,
LUMN,LUMN,success,1561,2026-03-12 13:30:00+00:00,2026-06-05 20:00:00+00:00,America/New_York,2026-06-06 19:38:51.241716+00:00,
LUNR,LUNR,success,1561,2026-03-12 13:30:00+00:00,2026-06-05 20:00:00+00:00,America/New_York,2026-06-06 19:38:51.245491+00:00,
LUV,LUV,success,1561,2026-03-12 13:30:00+00:00,2026-06-05 20:00:00+00:00,America/New_York,2026-06-06 19:38:51.249232+00:00,
LUXE,LUXE,success,1530,2026-03-12 13:30:00+00:00,2026-06-05 20:00:00+00:00,America/New_York,2026-06-06 19:38:51.254609+00:00,
LVO,LVO,success,1193,2026-03-12 13:30:00+00:00,2026-06-05 20:00:00+00:00,America/New_York,2026-06-06 19:38:51.259378+00:00,
LVS,LVS,success,1561,2026-03-12 13:30:00+00:00,2026-06-05 20:00:00+00:00,America/New_York,2026-06-06 19:38:51.263746+00:00,
LW,LW,success,1561,2026-03-12 13:30:00+00:00,2026-06-05 20:00:00+00:00,America/New_York,2026-06-06 19:38:51.268248+00:00,
LWAY,LWAY,success,1310,2026-03-12 13:30:00+00:00,2026-06-05 20:00:00+00:00,America/New_York,2026-06-06 19:38:51.274009+00:00,
LWLG,LWLG,success,1561,2026-03-12 13:30:00+00:00,2026-06-05 20:00:00+00:00,America/New_York,2026-06-06 19:38:51.278222+00:00,
LXEO,LXEO,success,1560,2026-03-12 13:30:00+00:00,2026-06-05 20:00:00+00:00,America/New_York,2026-06-06 19:38:51.281714+00:00,
LXFR,LXFR,success,1530,2026-03-12 13:30:00+00:00,2026-06-05 20:00:00+00:00,America/New_York,2026-06-06 19:38:51.285081+00:00,
LXP,LXP,success,1559,2026-03-12 13:30:00+00:00,2026-06-05 20:00:00+00:00,America/New_York,2026-06-06 19:38:51.288222+00:00,
LXU,LXU,success,1561,2026-03-12 13:30:00+00:00,2026-06-05 20:00:00+00:00,America/New_York,2026-06-06 19:38:51.291877+00:00,
LYB,LYB,success,1561,2026-03-12 13:30:00+00:00,2026-06-05 20:00:00+00:00,America/New_York,2026-06-06 19:38:51.294995+00:00,
LYEL,LYEL,success,1344,2026-03-12 13:30:00+00:00,2026-06-05 20:00:00+00:00,America/New_York,2026-06-06 19:38:51.297911+00:00,
LYFT,LYFT,success,1561,2026-03-12 13:30:00+00:00,2026-06-05 20:00:00+00:00,America/New_York,2026-06-06 19:38:51.301215+00:00,
LYG,LYG,success,1561,2026-03-12 13:30:00+00:00,2026-06-05 20:00:00+00:00,America/New_York,2026-06-06 19:38:51.304537+00:00,
LYTS,LYTS,success,1556,2026-03-12 13:30:00+00:00,2026-06-05 20:00:00+00:00,America/New_York,2026-06-06 19:38:51.308680+00:00,
LYV,LYV,success,1561,2026-03-12 13:30:00+00:00,2026-06-05 20:00:00+00:00,America/New_York,2026-06-06 19:38:51.312102+00:00,
LZ,LZ,success,1561,2026-03-12 13:30:00+00:00,2026-06-05 20:00:00+00:00,America/New_York,2026-06-06 19:38:51.315229+00:00,
LZB,LZB,success,1560,2026-03-12 13:30:00+00:00,2026-06-05 20:00:00+00:00,America/New_York,2026-06-06 19:38:51.318712+00:00,
LZM,LZM,success,1552,2026-03-12 13:30:00+00:00,2026-06-05 20:00:00+00:00,America/New_York,2026-06-06 19:38:51.324565+00:00,
M,M,success,1561,2026-03-12 13:30:00+00:00,2026-06-05 20:00:00+00:00,America/New_York,2026-06-06 19:38:51.329744+00:00,
MA,MA,success,1561,2026-03-12 13:30:00+00:00,2026-06-05 20:00:00+00:00,America/New_York,2026-06-06 19:38:51.333935+00:00,
MAA,MAA,success,1561,2026-03-12 13:30:00+00:00,2026-06-05 20:00:00+00:00,America/New_York,2026-06-06 19:38:51.338530+00:00,
MAAS,MAAS,success,848,2026-03-12 14:45:00+00:00,2026-06-05 20:00:00+00:00,America/New_York,2026-06-06 19:38:51.343178+00:00,
MAC,MAC,success,1561,2026-03-12 13:30:00+00:00,2026-06-05 20:00:00+00:00,America/New_York,2026-06-06 19:38:51.347337+00:00,
MAGN,MAGN,success,1559,2026-03-12 13:30:00+00:00,2026-06-05 20:00:00+00:00,America/New_York,2026-06-06 19:38:51.351632+00:00,
MAIN,MAIN,success,1561,2026-03-12 13:30:00+00:00,2026-06-05 20:00:00+00:00,America/New_York,2026-06-06 19:38:51.358133+00:00,
MAKO,MAKO,success,1190,2026-03-30 13:30:00+00:00,2026-06-05 20:00:00+00:00,America/New_York,2026-06-06 19:38:51.362138+00:00,
MAMA,MAMA,success,1559,2026-03-12 13:30:00+00:00,2026-06-05 20:00:00+00:00,America/New_York,2026-06-06 19:38:51.366269+00:00,
MAN,MAN,success,1561,2026-03-12 13:30:00+00:00,2026-06-05 20:00:00+00:00,America/New_York,2026-06-06 19:38:51.371265+00:00,
MANE,MANE,success,1559,2026-03-12 13:30:00+00:00,2026-06-05 20:00:00+00:00,America/New_York,2026-06-06 19:38:51.376618+00:00,
MANH,MANH,success,1561,2026-03-12 13:30:00+00:00,2026-06-05 20:00:00+00:00,America/New_York,2026-06-06 19:38:51.380552+00:00,
MANU,MANU,success,1559,2026-03-12 13:30:00+00:00,2026-06-05 20:00:00+00:00,America/New_York,2026-06-06 19:38:51.384868+00:00,
MAR,MAR,success,1561,2026-03-12 13:30:00+00:00,2026-06-05 20:00:00+00:00,America/New_York,2026-06-06 19:38:51.390734+00:00,
MARA,MARA,success,1561,2026-03-12 13:30:00+00:00,2026-06-05 20:00:00+00:00,America/New_York,2026-06-06 19:38:51.394967+00:00,
MAS,MAS,success,1561,2026-03-12 13:30:00+00:00,2026-06-05 20:00:00+00:00,America/New_York,2026-06-06 19:38:51.398523+00:00,
MASI,MASI,success,1561,2026-03-12 13:30:00+00:00,2026-06-05 20:00:00+00:00,America/New_York,2026-06-06 19:38:51.402854+00:00,
MASS,MASS,success,1550,2026-03-12 13:30:00+00:00,2026-06-05 20:00:00+00:00,America/New_York,2026-06-06 19:38:51.408170+00:00,
MAT,MAT,success,1561,2026-03-12 13:30:00+00:00,2026-06-05 20:00:00+00:00,America/New_York,2026-06-06 19:38:51.411547+00:00,
MATV,MATV,success,1561,2026-03-12 13:30:00+00:00,2026-06-05 20:00:00+00:00,America/New_York,2026-06-06 19:38:51.415528+00:00,
MATW,MATW,success,1515,2026-03-12 13:30:00+00:00,2026-06-05 20:00:00+00:00,America/New_York,2026-06-06 19:38:51.419941+00:00,
MATX,MATX,success,1540,2026-03-12 13:30:00+00:00,2026-06-05 20:00:00+00:00,America/New_York,2026-06-06 19:38:51.425113+00:00,
MAX,MAX,success,1561,2026-03-12 13:30:00+00:00,2026-06-05 20:00:00+00:00,America/New_York,2026-06-06 19:38:51.428723+00:00,
MAZE,MAZE,success,1561,2026-03-12 13:30:00+00:00,2026-06-05 20:00:00+00:00,America/New_York,2026-06-06 19:38:51.432055+00:00,
MBAV,MBAV,success,210,2026-03-12 15:15:00+00:00,2026-06-05 20:00:00+00:00,America/New_York,2026-06-06 19:38:51.435616+00:00,
MBC,MBC,success,1561,2026-03-12 13:30:00+00:00,2026-06-05 20:00:00+00:00,America/New_York,2026-06-06 19:38:51.441481+00:00,
MBI,MBI,success,1547,2026-03-12 13:30:00+00:00,2026-06-05 20:00:00+00:00,America/New_York,2026-06-06 19:38:51.444928+00:00,
MBIN,MBIN,success,1498,2026-03-12 13:30:00+00:00,2026-06-05 20:00:00+00:00,America/New_York,2026-06-06 19:38:51.448363+00:00,
MBLY,MBLY,success,1561,2026-03-12 13:30:00+00:00,2026-06-05 20:00:00+00:00,America/New_York,2026-06-06 19:38:51.452895+00:00,
MBUU,MBUU,success,1545,2026-03-12 13:30:00+00:00,2026-06-05 20:00:00+00:00,America/New_York,2026-06-06 19:38:51.458190+00:00,
MBVI,MBVI,success,108,2026-03-12 15:30:00+00:00,2026-06-05 20:00:00+00:00,America/New_York,2026-06-06 19:38:51.460579+00:00,
MBWM,MBWM,success,1368,2026-03-12 13:30:00+00:00,2026-06-05 20:00:00+00:00,America/New_York,2026-06-06 19:38:51.463639+00:00,
MBX,MBX,success,1557,2026-03-12 13:30:00+00:00,2026-06-05 20:00:00+00:00,America/New_York,2026-06-06 19:38:51.467779+00:00,
MC,MC,success,1561,2026-03-12 13:30:00+00:00,2026-06-05 20:00:00+00:00,America/New_York,2026-06-06 19:38:51.474002+00:00,
MCAHU,MCAHU,success,100,2026-04-30 13:30:00+00:00,2026-06-05 20:00:00+00:00,America/New_York,2026-06-06 19:38:51.476681+00:00,
MCB,MCB,success,1445,2026-03-12 13:30:00+00:00,2026-06-05 20:00:00+00:00,America/New_York,2026-06-06 19:38:51.479826+00:00,
MCBS,MCBS,success,1322,2026-03-12 13:30:00+00:00,2026-06-05 20:00:00+00:00,America/New_York,2026-06-06 19:38:51.483289+00:00,
MCD,MCD,success,1561,2026-03-12 13:30:00+00:00,2026-06-05 20:00:00+00:00,America/New_York,2026-06-06 19:38:51.487917+00:00,
MCFT,MCFT,success,1486,2026-03-12 13:30:00+00:00,2026-06-05 20:00:00+00:00,America/New_York,2026-06-06 19:38:51.492789+00:00,
MCGA,MCGA,success,595,2026-03-12 18:15:00+00:00,2026-06-05 20:00:00+00:00,America/New_York,2026-06-06 19:38:51.495536+00:00,
MCHB,MCHB,success,1557,2026-03-12 13:30:00+00:00,2026-06-05 20:00:00+00:00,America/New_York,2026-06-06 19:38:51.498978+00:00,
MCHP,MCHP,success,1561,2026-03-12 13:30:00+00:00,2026-06-05 20:00:00+00:00,America/New_York,2026-06-06 19:38:51.504021+00:00,
MCK,MCK,success,1561,2026-03-12 13:30:00+00:00,2026-06-05 20:00:00+00:00,America/New_York,2026-06-06 19:38:51.509205+00:00,
MCO,MCO,success,1561,2026-03-12 13:30:00+00:00,2026-06-05 20:00:00+00:00,America/New_York,2026-06-06 19:38:51.513252+00:00,
MCRB,MCRB,success,1116,2026-03-12 13:30:00+00:00,2026-06-05 20:00:00+00:00,America/New_York,2026-06-06 19:38:51.516521+00:00,
MCRI,MCRI,success,1394,2026-03-12 13:30:00+00:00,2026-06-05 20:00:00+00:00,America/New_York,2026-06-06 19:38:51.520413+00:00,
MCS,MCS,success,1521,2026-03-12 13:30:00+00:00,2026-06-05 20:00:00+00:00,America/New_York,2026-06-06 19:38:51.524848+00:00,
MCY,MCY,success,1532,2026-03-12 13:30:00+00:00,2026-06-05 20:00:00+00:00,America/New_York,2026-06-06 19:38:51.528164+00:00,
MD,MD,success,1561,2026-03-12 13:30:00+00:00,2026-06-05 20:00:00+00:00,America/New_York,2026-06-06 19:38:51.531852+00:00,
MDA,MDA,success,1535,2026-03-13 13:30:00+00:00,2026-06-05 20:00:00+00:00,America/New_York,2026-06-06 19:38:51.536643+00:00,
MDB,MDB,success,1561,2026-03-12 13:30:00+00:00,2026-06-05 20:00:00+00:00,America/New_York,2026-06-06 19:38:51.542144+00:00,
MDGL,MDGL,success,1561,2026-03-12 13:30:00+00:00,2026-06-05 20:00:00+00:00,America/New_York,2026-06-06 19:38:51.545689+00:00,
MDLN,MDLN,success,1561,2026-03-12 13:30:00+00:00,2026-06-05 20:00:00+00:00,America/New_York,2026-06-06 19:38:51.549172+00:00,
MDLZ,MDLZ,success,1561,2026-03-12 13:30:00+00:00,2026-06-05 20:00:00+00:00,America/New_York,2026-06-06 19:38:51.554149+00:00,
MDT,MDT,success,1561,2026-03-12 13:30:00+00:00,2026-06-05 20:00:00+00:00,America/New_York,2026-06-06 19:38:51.559288+00:00,
MDU,MDU,success,1561,2026-03-12 13:30:00+00:00,2026-06-05 20:00:00+00:00,America/New_York,2026-06-06 19:38:51.563494+00:00,
MDV,MDV,success,1354,2026-03-12 13:30:00+00:00,2026-06-05 20:00:00+00:00,America/New_York,2026-06-06 19:38:51.567669+00:00,
MDWD,MDWD,success,1302,2026-03-12 13:30:00+00:00,2026-06-05 20:00:00+00:00,America/New_York,2026-06-06 19:38:51.572405+00:00,
MDXG,MDXG,success,1561,2026-03-12 13:30:00+00:00,2026-06-05 20:00:00+00:00,America/New_York,2026-06-06 19:38:51.576925+00:00,
MEC,MEC,success,1511,2026-03-12 13:30:00+00:00,2026-06-05 20:00:00+00:00,America/New_York,2026-06-06 19:38:51.580436+00:00,
MED,MED,success,1524,2026-03-12 13:30:00+00:00,2026-06-05 20:00:00+00:00,America/New_York,2026-06-06 19:38:51.584642+00:00,
MEDP,MEDP,success,1561,2026-03-12 13:30:00+00:00,2026-06-05 20:00:00+00:00,America/New_York,2026-06-06 19:38:51.590478+00:00,
MEI,MEI,success,1561,2026-03-12 13:30:00+00:00,2026-06-05 20:00:00+00:00,America/New_York,2026-06-06 19:38:51.594378+00:00,
MELI,MELI,success,1561,2026-03-12 13:30:00+00:00,2026-06-05 20:00:00+00:00,America/New_York,2026-06-06 19:38:51.597797+00:00,
MEOH,MEOH,success,1561,2026-03-12 13:30:00+00:00,2026-06-05 20:00:00+00:00,America/New_York,2026-06-06 19:38:51.602274+00:00,
MESO,MESO,success,1544,2026-03-12 13:30:00+00:00,2026-06-05 20:00:00+00:00,America/New_York,2026-06-06 19:38:51.608074+00:00,
MET,MET,success,1561,2026-03-12 13:30:00+00:00,2026-06-05 20:00:00+00:00,America/New_York,2026-06-06 19:38:51.612164+00:00,
META,META,success,1561,2026-03-12 13:30:00+00:00,2026-06-05 20:00:00+00:00,America/New_York,2026-06-06 19:38:51.616446+00:00,
METC,METC,success,1561,2026-03-12 13:30:00+00:00,2026-06-05 20:00:00+00:00,America/New_York,2026-06-06 19:38:51.621321+00:00,
MFA,MFA,success,1561,2026-03-12 13:30:00+00:00,2026-06-05 20:00:00+00:00,America/New_York,2026-06-06 19:38:51.626195+00:00,
MFC,MFC,success,1561,2026-03-12 13:30:00+00:00,2026-06-05 20:00:00+00:00,America/New_York,2026-06-06 19:38:51.629497+00:00,
MFG,MFG,success,1561,2026-03-12 13:30:00+00:00,2026-06-05 20:00:00+00:00,America/New_York,2026-06-06 19:38:51.633150+00:00,
MFI,MFI,success,283,2026-03-12 13:30:00+00:00,2026-06-05 20:00:00+00:00,America/New_York,2026-06-06 19:38:51.637355+00:00,
MFIC,MFIC,success,1560,2026-03-12 13:30:00+00:00,2026-06-05 20:00:00+00:00,America/New_York,2026-06-06 19:38:51.642457+00:00,
MFIN,MFIN,success,1125,2026-03-12 13:30:00+00:00,2026-06-05 20:00:00+00:00,America/New_York,2026-06-06 19:38:51.645472+00:00,
MG,MG,success,1525,2026-03-12 13:30:00+00:00,2026-06-05 20:00:00+00:00,America/New_York,2026-06-06 19:38:51.649618+00:00,
MGA,MGA,success,1561,2026-03-12 13:30:00+00:00,2026-06-05 20:00:00+00:00,America/New_York,2026-06-06 19:38:51.654368+00:00,
MGEE,MGEE,success,1535,2026-03-12 13:30:00+00:00,2026-06-05 20:00:00+00:00,America/New_York,2026-06-06 19:38:51.659099+00:00,
MGM,MGM,success,1561,2026-03-12 13:30:00+00:00,2026-06-05 20:00:00+00:00,America/New_York,2026-06-06 19:38:51.662404+00:00,
MGNI,MGNI,success,1561,2026-03-12 13:30:00+00:00,2026-06-05 20:00:00+00:00,America/New_York,2026-06-06 19:38:51.666043+00:00,
MGNX,MGNX,success,1560,2026-03-12 13:30:00+00:00,2026-06-05 20:00:00+00:00,America/New_York,2026-06-06 19:38:51.671031+00:00,
MGPI,MGPI,success,1547,2026-03-12 13:30:00+00:00,2026-06-05 20:00:00+00:00,America/New_York,2026-06-06 19:38:51.675869+00:00,
MGRC,MGRC,success,1469,2026-03-12 13:30:00+00:00,2026-06-05 20:00:00+00:00,America/New_York,2026-06-06 19:38:51.679077+00:00,
MGRT,MGRT,success,623,2026-03-12 13:30:00+00:00,2026-06-05 20:00:00+00:00,America/New_York,2026-06-06 19:38:51.681941+00:00,
MGTX,MGTX,success,1559,2026-03-12 13:30:00+00:00,2026-06-05 20:00:00+00:00,America/New_York,2026-06-06 19:38:51.686113+00:00,
MGY,MGY,success,1561,2026-03-12 13:30:00+00:00,2026-06-05 20:00:00+00:00,America/New_York,2026-06-06 19:38:51.691221+00:00,
MH,MH,success,1558,2026-03-12 13:30:00+00:00,2026-06-05 20:00:00+00:00,America/New_York,2026-06-06 19:38:51.694792+00:00,
MHH,MHH,success,725,2026-03-12 13:45:00+00:00,2026-06-05 20:00:00+00:00,America/New_York,2026-06-06 19:38:51.697529+00:00,
MHK,MHK,success,1561,2026-03-12 13:30:00+00:00,2026-06-05 20:00:00+00:00,America/New_York,2026-06-06 19:38:51.702045+00:00,
MHO,MHO,success,1534,2026-03-12 13:30:00+00:00,2026-06-05 20:00:00+00:00,America/New_York,2026-06-06 19:38:51.707249+00:00,
MIAX,MIAX,success,1561,2026-03-12 13:30:00+00:00,2026-06-05 20:00:00+00:00,America/New_York,2026-06-06 19:38:51.712079+00:00,
MICC,MICC,success,1561,2026-03-12 13:30:00+00:00,2026-06-05 20:00:00+00:00,America/New_York,2026-06-06 19:38:51.716034+00:00,
MIDD,MIDD,success,1560,2026-03-12 13:30:00+00:00,2026-06-05 20:00:00+00:00,America/New_York,2026-06-06 19:38:51.720832+00:00,
MIND,MIND,success,1529,2026-03-12 13:30:00+00:00,2026-06-05 20:00:00+00:00,America/New_York,2026-06-06 19:38:51.725533+00:00,
MIR,MIR,success,1561,2026-03-12 13:30:00+00:00,2026-06-05 20:00:00+00:00,America/New_York,2026-06-06 19:38:51.728993+00:00,
MIRM,MIRM,success,1561,2026-03-12 13:30:00+00:00,2026-06-05 20:00:00+00:00,America/New_York,2026-06-06 19:38:51.732308+00:00,
MITK,MITK,success,1561,2026-03-12 13:30:00+00:00,2026-06-05 20:00:00+00:00,America/New_York,2026-06-06 19:38:51.737515+00:00,
MITT,MITT,success,1548,2026-03-12 13:30:00+00:00,2026-06-05 20:00:00+00:00,America/New_York,2026-06-06 19:38:51.742122+00:00,
MKC,MKC,success,1561,2026-03-12 13:30:00+00:00,2026-06-05 20:00:00+00:00,America/New_York,2026-06-06 19:38:51.745483+00:00,
MKL,MKL,success,1561,2026-03-12 13:30:00+00:00,2026-06-05 20:00:00+00:00,America/New_York,2026-06-06 19:38:51.749194+00:00,
MKSI,MKSI,success,1560,2026-03-12 13:30:00+00:00,2026-06-05 20:00:00+00:00,America/New_York,2026-06-06 19:38:51.754237+00:00,
MKTW,MKTW,success,817,2026-03-12 14:15:00+00:00,2026-06-05 20:00:00+00:00,America/New_York,2026-06-06 19:38:51.758706+00:00,
MKTX,MKTX,success,1557,2026-03-12 13:30:00+00:00,2026-06-05 20:00:00+00:00,America/New_York,2026-06-06 19:38:51.762828+00:00,
MLAB,MLAB,success,1383,2026-03-12 13:30:00+00:00,2026-06-05 20:00:00+00:00,America/New_York,2026-06-06 19:38:51.767047+00:00,
MLAC,MLAC,success,285,2026-03-12 15:45:00+00:00,2026-06-05 20:00:00+00:00,America/New_York,2026-06-06 19:38:51.771891+00:00,
MLCO,MLCO,success,1561,2026-03-12 13:30:00+00:00,2026-06-05 20:00:00+00:00,America/New_York,2026-06-06 19:38:51.776846+00:00,
MLGO,MLGO,success,1430,2026-03-12 13:30:00+00:00,2026-06-05 20:00:00+00:00,America/New_York,2026-06-06 19:38:51.780739+00:00,
MLI,MLI,success,1561,2026-03-12 13:30:00+00:00,2026-06-05 20:00:00+00:00,America/New_York,2026-06-06 19:38:51.785033+00:00,
MLKN,MLKN,success,1561,2026-03-12 13:30:00+00:00,2026-06-05 20:00:00+00:00,America/New_York,2026-06-06 19:38:51.790111+00:00,
MLM,MLM,success,1561,2026-03-12 13:30:00+00:00,2026-06-05 20:00:00+00:00,America/New_York,2026-06-06 19:38:51.793860+00:00,
MLP,MLP,success,615,2026-03-12 13:30:00+00:00,2026-06-05 20:00:00+00:00,America/New_York,2026-06-06 19:38:51.796177+00:00,
MLR,MLR,success,1303,2026-03-12 13:30:00+00:00,2026-06-05 20:00:00+00:00,America/New_York,2026-06-06 19:38:51.799462+00:00,
MLTX,MLTX,success,1561,2026-03-12 13:30:00+00:00,2026-06-05 20:00:00+00:00,America/New_York,2026-06-06 19:38:51.804409+00:00,
MLYS,MLYS,success,1561,2026-03-12 13:30:00+00:00,2026-06-05 20:00:00+00:00,America/New_York,2026-06-06 19:38:51.808716+00:00,
MMED,MMED,success,1560,2026-03-12 13:30:00+00:00,2026-06-05 20:00:00+00:00,America/New_York,2026-06-06 19:38:51.812643+00:00,
MMI,MMI,success,1549,2026-03-12 13:30:00+00:00,2026-06-05 20:00:00+00:00,America/New_York,2026-06-06 19:38:51.816435+00:00,
MMM,MMM,success,1561,2026-03-12 13:30:00+00:00,2026-06-05 20:00:00+00:00,America/New_York,2026-06-06 19:38:51.821169+00:00,
MMS,MMS,success,1561,2026-03-12 13:30:00+00:00,2026-06-05 20:00:00+00:00,America/New_York,2026-06-06 19:38:51.825806+00:00,
MMSI,MMSI,success,1561,2026-03-12 13:30:00+00:00,2026-06-05 20:00:00+00:00,America/New_York,2026-06-06 19:38:51.829090+00:00,
MMYT,MMYT,success,1561,2026-03-12 13:30:00+00:00,2026-06-05 20:00:00+00:00,America/New_York,2026-06-06 19:38:51.832504+00:00,
MNDY,MNDY,success,1561,2026-03-12 13:30:00+00:00,2026-06-05 20:00:00+00:00,America/New_York,2026-06-06 19:38:51.837666+00:00,
MNKD,MNKD,success,1561,2026-03-12 13:30:00+00:00,2026-06-05 20:00:00+00:00,America/New_York,2026-06-06 19:38:51.842054+00:00,
MNPR,MNPR,success,1428,2026-03-12 13:30:00+00:00,2026-06-05 20:00:00+00:00,America/New_York,2026-06-06 19:38:51.845459+00:00,
MNRO,MNRO,success,1561,2026-03-12 13:30:00+00:00,2026-06-05 20:00:00+00:00,America/New_York,2026-06-06 19:38:51.849114+00:00,
MNSB,MNSB,success,1177,2026-03-12 13:30:00+00:00,2026-06-05 20:00:00+00:00,America/New_York,2026-06-06 19:38:51.853495+00:00,
MNSO,MNSO,success,1561,2026-03-12 13:30:00+00:00,2026-06-05 20:00:00+00:00,America/New_York,2026-06-06 19:38:51.858747+00:00,
MNST,MNST,success,1561,2026-03-12 13:30:00+00:00,2026-06-05 20:00:00+00:00,America/New_York,2026-06-06 19:38:51.862191+00:00,
MNTN,MNTN,success,1561,2026-03-12 13:30:00+00:00,2026-06-05 20:00:00+00:00,America/New_York,2026-06-06 19:38:51.865717+00:00,
MNTS,MNTS,success,1557,2026-03-12 13:30:00+00:00,2026-06-05 20:00:00+00:00,America/New_York,2026-06-06 19:38:51.871023+00:00,
MO,MO,success,1561,2026-03-12 13:30:00+00:00,2026-06-05 20:00:00+00:00,America/New_York,2026-06-06 19:38:51.875427+00:00,
MOB,MOB,success,1523,2026-03-12 13:30:00+00:00,2026-06-05 20:00:00+00:00,America/New_York,2026-06-06 19:38:51.878991+00:00,
MOBI,MOBI,success,415,2026-05-08 13:30:00+00:00,2026-06-05 20:00:00+00:00,America/New_York,2026-06-06 19:38:51.881665+00:00,
MOD,MOD,success,1561,2026-03-12 13:30:00+00:00,2026-06-05 20:00:00+00:00,America/New_York,2026-06-06 19:38:51.885947+00:00,
MOG.A,MOG-A,success,1555,2026-03-12 13:30:00+00:00,2026-06-05 20:00:00+00:00,America/New_York,2026-06-06 19:38:51.890864+00:00,
MOH,MOH,success,1561,2026-03-12 13:30:00+00:00,2026-06-05 20:00:00+00:00,America/New_York,2026-06-06 19:38:51.894203+00:00,
MOMO,MOMO,success,1559,2026-03-12 13:30:00+00:00,2026-06-05 20:00:00+00:00,America/New_York,2026-06-06 19:38:51.897546+00:00,
MORN,MORN,success,1560,2026-03-12 13:30:00+00:00,2026-06-05 20:00:00+00:00,America/New_York,2026-06-06 19:38:51.942549+00:00,
MOS,MOS,success,1561,2026-03-12 13:30:00+00:00,2026-06-05 20:00:00+00:00,America/New_York,2026-06-06 19:38:51.946894+00:00,
MOV,MOV,success,1537,2026-03-12 13:30:00+00:00,2026-06-05 20:00:00+00:00,America/New_York,2026-06-06 19:38:51.950180+00:00,
MP,MP,success,1561,2026-03-12 13:30:00+00:00,2026-06-05 20:00:00+00:00,America/New_York,2026-06-06 19:38:51.953520+00:00,
MPAA,MPAA,success,1236,2026-03-12 13:30:00+00:00,2026-06-05 20:00:00+00:00,America/New_York,2026-06-06 19:38:51.956725+00:00,
MPB,MPB,success,1507,2026-03-12 13:30:00+00:00,2026-06-05 20:00:00+00:00,America/New_York,2026-06-06 19:38:51.959853+00:00,
MPC,MPC,success,1561,2026-03-12 13:30:00+00:00,2026-06-05 20:00:00+00:00,America/New_York,2026-06-06 19:38:51.962758+00:00,
MPLT,MPLT,success,1530,2026-03-12 13:30:00+00:00,2026-06-05 20:00:00+00:00,America/New_York,2026-06-06 19:38:51.965560+00:00,
MPT,MPT,success,1561,2026-03-12 13:30:00+00:00,2026-06-05 20:00:00+00:00,America/New_York,2026-06-06 19:38:51.968483+00:00,
MPTI,MPTI,success,1380,2026-03-12 13:30:00+00:00,2026-06-05 20:00:00+00:00,America/New_York,2026-06-06 19:38:51.971791+00:00,
MPWR,MPWR,success,1561,2026-03-12 13:30:00+00:00,2026-06-05 20:00:00+00:00,America/New_York,2026-06-06 19:38:51.975407+00:00,
MQ,MQ,success,1561,2026-03-12 13:30:00+00:00,2026-06-05 20:00:00+00:00,America/New_York,2026-06-06 19:38:51.978367+00:00,
MRAM,MRAM,success,1558,2026-03-12 13:30:00+00:00,2026-06-05 20:00:00+00:00,America/New_York,2026-06-06 19:38:51.981310+00:00,
MRBK,MRBK,success,1456,2026-03-12 13:30:00+00:00,2026-06-05 20:00:00+00:00,America/New_York,2026-06-06 19:38:51.984510+00:00,
MRCY,MRCY,success,1560,2026-03-12 13:30:00+00:00,2026-06-05 20:00:00+00:00,America/New_York,2026-06-06 19:38:51.987990+00:00,
MRDN,MRDN,success,953,2026-03-12 14:30:00+00:00,2026-06-05 20:00:00+00:00,America/New_York,2026-06-06 19:38:51.991150+00:00,
MRK,MRK,success,1561,2026-03-12 13:30:00+00:00,2026-06-05 20:00:00+00:00,America/New_York,2026-06-06 19:38:51.994339+00:00,
MRLN,MRLN,success,1483,2026-03-17 13:30:00+00:00,2026-06-05 20:00:00+00:00,America/New_York,2026-06-06 19:38:51.997283+00:00,
MRNA,MRNA,success,1561,2026-03-12 13:30:00+00:00,2026-06-05 20:00:00+00:00,America/New_York,2026-06-06 19:38:52.000195+00:00,
MRP,MRP,success,1561,2026-03-12 13:30:00+00:00,2026-06-05 20:00:00+00:00,America/New_York,2026-06-06 19:38:52.003365+00:00,
MRSH,MRSH,success,1561,2026-03-12 13:30:00+00:00,2026-06-05 20:00:00+00:00,America/New_York,2026-06-06 19:38:52.006773+00:00,
MRTN,MRTN,success,1561,2026-03-12 13:30:00+00:00,2026-06-05 20:00:00+00:00,America/New_York,2026-06-06 19:38:52.010153+00:00,
MRVI,MRVI,success,1560,2026-03-12 13:30:00+00:00,2026-06-05 20:00:00+00:00,America/New_York,2026-06-06 19:38:52.013243+00:00,
MRVL,MRVL,success,1561,2026-03-12 13:30:00+00:00,2026-06-05 20:00:00+00:00,America/New_York,2026-06-06 19:38:52.016144+00:00,
MRX,MRX,success,1561,2026-03-12 13:30:00+00:00,2026-06-05 20:00:00+00:00,America/New_York,2026-06-06 19:38:52.019147+00:00,
MS,MS,success,1561,2026-03-12 13:30:00+00:00,2026-06-05 20:00:00+00:00,America/New_York,2026-06-06 19:38:52.022520+00:00,
MSA,MSA,success,1549,2026-03-12 13:30:00+00:00,2026-06-05 20:00:00+00:00,America/New_York,2026-06-06 19:38:52.026371+00:00,
MSB,MSB,success,1188,2026-03-12 13:30:00+00:00,2026-06-05 20:00:00+00:00,America/New_York,2026-06-06 19:38:52.029039+00:00,
MSBI,MSBI,success,1481,2026-03-12 13:30:00+00:00,2026-06-05 20:00:00+00:00,America/New_York,2026-06-06 19:38:52.031885+00:00,
MSCI,MSCI,success,1561,2026-03-12 13:30:00+00:00,2026-06-05 20:00:00+00:00,America/New_York,2026-06-06 19:38:52.034737+00:00,
MSDL,MSDL,success,1561,2026-03-12 13:30:00+00:00,2026-06-05 20:00:00+00:00,America/New_York,2026-06-06 19:38:52.037685+00:00,
MSEX,MSEX,success,1495,2026-03-12 13:30:00+00:00,2026-06-05 20:00:00+00:00,America/New_York,2026-06-06 19:38:52.041199+00:00,
MSFT,MSFT,success,1561,2026-03-12 13:30:00+00:00,2026-06-05 20:00:00+00:00,America/New_York,2026-06-06 19:38:52.044342+00:00,
MSGE,MSGE,success,1555,2026-03-12 13:30:00+00:00,2026-06-05 20:00:00+00:00,America/New_York,2026-06-06 19:38:52.047173+00:00,
MSGS,MSGS,success,1546,2026-03-12 13:30:00+00:00,2026-06-05 20:00:00+00:00,America/New_York,2026-06-06 19:38:52.049929+00:00,
MSI,MSI,success,1561,2026-03-12 13:30:00+00:00,2026-06-05 20:00:00+00:00,America/New_York,2026-06-06 19:38:52.052779+00:00,
MSIF,MSIF,success,1556,2026-03-12 13:30:00+00:00,2026-06-05 20:00:00+00:00,America/New_York,2026-06-06 19:38:52.055982+00:00,
MSLE,MSLE,success,993,2026-03-12 13:30:00+00:00,2026-06-05 20:00:00+00:00,America/New_York,2026-06-06 19:38:52.059083+00:00,
MSM,MSM,success,1561,2026-03-12 13:30:00+00:00,2026-06-05 20:00:00+00:00,America/New_York,2026-06-06 19:38:52.062114+00:00,
MSTR,MSTR,success,1561,2026-03-12 13:30:00+00:00,2026-06-05 20:00:00+00:00,America/New_York,2026-06-06 19:38:52.065038+00:00,
MT,MT,success,1561,2026-03-12 13:30:00+00:00,2026-06-05 20:00:00+00:00,America/New_York,2026-06-06 19:38:52.068445+00:00,
MTA,MTA,success,1560,2026-03-12 13:30:00+00:00,2026-06-05 20:00:00+00:00,America/New_York,2026-06-06 19:38:52.071578+00:00,
MTB,MTB,success,1561,2026-03-12 13:30:00+00:00,2026-06-05 20:00:00+00:00,America/New_York,2026-06-06 19:38:52.075074+00:00,
MTC,MTC,success,1298,2026-03-12 13:30:00+00:00,2026-06-05 20:00:00+00:00,America/New_York,2026-06-06 19:38:52.078023+00:00,
MTCH,MTCH,success,1561,2026-03-12 13:30:00+00:00,2026-06-05 20:00:00+00:00,America/New_York,2026-06-06 19:38:52.080910+00:00,
MTD,MTD,success,1561,2026-03-12 13:30:00+00:00,2026-06-05 20:00:00+00:00,America/New_York,2026-06-06 19:38:52.083719+00:00,
MTDR,MTDR,success,1561,2026-03-12 13:30:00+00:00,2026-06-05 20:00:00+00:00,America/New_York,2026-06-06 19:38:52.086711+00:00,
MTG,MTG,success,1561,2026-03-12 13:30:00+00:00,2026-06-05 20:00:00+00:00,America/New_York,2026-06-06 19:38:52.090206+00:00,
MTH,MTH,success,1561,2026-03-12 13:30:00+00:00,2026-06-05 20:00:00+00:00,America/New_York,2026-06-06 19:38:52.093055+00:00,
MTLS,MTLS,success,1387,2026-03-12 13:30:00+00:00,2026-06-05 20:00:00+00:00,America/New_York,2026-06-06 19:38:52.095348+00:00,
MTN,MTN,success,1561,2026-03-12 13:30:00+00:00,2026-06-05 20:00:00+00:00,America/New_York,2026-06-06 19:38:52.097783+00:00,
MTRN,MTRN,success,1535,2026-03-12 13:30:00+00:00,2026-06-05 20:00:00+00:00,America/New_York,2026-06-06 19:38:52.100176+00:00,
MTRX,MTRX,success,1524,2026-03-12 13:30:00+00:00,2026-06-05 20:00:00+00:00,America/New_York,2026-06-06 19:38:52.102763+00:00,
MTSI,MTSI,success,1561,2026-03-12 13:30:00+00:00,2026-06-05 20:00:00+00:00,America/New_York,2026-06-06 19:38:52.105129+00:00,
MTUS,MTUS,success,1559,2026-03-12 13:30:00+00:00,2026-06-05 20:00:00+00:00,America/New_York,2026-06-06 19:38:52.108062+00:00,
MTW,MTW,success,1552,2026-03-12 13:30:00+00:00,2026-06-05 20:00:00+00:00,America/New_York,2026-06-06 19:38:52.110755+00:00,
MTX,MTX,success,1516,2026-03-12 13:30:00+00:00,2026-06-05 20:00:00+00:00,America/New_York,2026-06-06 19:38:52.113116+00:00,
MTZ,MTZ,success,1561,2026-03-12 13:30:00+00:00,2026-06-05 20:00:00+00:00,America/New_York,2026-06-06 19:38:52.115389+00:00,
MU,MU,success,1561,2026-03-12 13:30:00+00:00,2026-06-05 20:00:00+00:00,America/New_York,2026-06-06 19:38:52.117780+00:00,
MUFG,MUFG,success,1561,2026-03-12 13:30:00+00:00,2026-06-05 20:00:00+00:00,America/New_York,2026-06-06 19:38:52.120767+00:00,
MUR,MUR,success,1561,2026-03-12 13:30:00+00:00,2026-06-05 20:00:00+00:00,America/New_York,2026-06-06 19:38:52.123305+00:00,
MUSA,MUSA,success,1561,2026-03-12 13:30:00+00:00,2026-06-05 20:00:00+00:00,America/New_York,2026-06-06 19:38:52.125852+00:00,
MUX,MUX,success,1561,2026-03-12 13:30:00+00:00,2026-06-05 20:00:00+00:00,America/New_York,2026-06-06 19:38:52.128426+00:00,
MVBF,MVBF,success,835,2026-03-12 13:30:00+00:00,2026-06-05 20:00:00+00:00,America/New_York,2026-06-06 19:38:52.130440+00:00,
MWA,MWA,success,1561,2026-03-12 13:30:00+00:00,2026-06-05 20:00:00+00:00,America/New_York,2026-06-06 19:38:52.132858+00:00,
MWC,MWC,success,381,2026-05-14 13:30:00+00:00,2026-06-05 20:00:00+00:00,America/New_York,2026-06-06 19:38:52.134645+00:00,
MWH,MWH,success,1561,2026-03-12 13:30:00+00:00,2026-06-05 20:00:00+00:00,America/New_York,2026-06-06 19:38:52.137195+00:00,
MX,MX,success,1556,2026-03-12 13:30:00+00:00,2026-06-05 20:00:00+00:00,America/New_York,2026-06-06 19:38:52.139948+00:00,
MXL,MXL,success,1561,2026-03-12 13:30:00+00:00,2026-06-05 20:00:00+00:00,America/New_York,2026-06-06 19:38:52.142523+00:00,
MYE,MYE,success,1542,2026-03-12 13:30:00+00:00,2026-06-05 20:00:00+00:00,America/New_York,2026-06-06 19:38:52.145435+00:00,
MYFW,MYFW,success,710,2026-03-12 13:30:00+00:00,2026-06-05 20:00:00+00:00,America/New_York,2026-06-06 19:38:52.147561+00:00,
MYGN,MYGN,success,1561,2026-03-12 13:30:00+00:00,2026-06-05 20:00:00+00:00,America/New_York,2026-06-06 19:38:52.150304+00:00,
MYRG,MYRG,success,1544,2026-03-12 13:30:00+00:00,2026-06-05 20:00:00+00:00,America/New_York,2026-06-06 19:38:52.153241+00:00,
MZTI,MZTI,success,1559,2026-03-12 13:30:00+00:00,2026-06-05 20:00:00+00:00,America/New_York,2026-06-06 19:38:52.156107+00:00,
NABL,NABL,success,1561,2026-03-12 13:30:00+00:00,2026-06-05 20:00:00+00:00,America/New_York,2026-06-06 19:38:52.159159+00:00,
NAGE,NAGE,success,1561,2026-03-12 13:30:00+00:00,2026-06-05 20:00:00+00:00,America/New_York,2026-06-06 19:38:52.161998+00:00,
NAKA,NAKA,success,1561,2026-03-12 13:30:00+00:00,2026-06-05 20:00:00+00:00,America/New_York,2026-06-06 19:38:52.164744+00:00,
NAMS,NAMS,success,1561,2026-03-12 13:30:00+00:00,2026-06-05 20:00:00+00:00,America/New_York,2026-06-06 19:38:52.167579+00:00,
NAT,NAT,success,1561,2026-03-12 13:30:00+00:00,2026-06-05 20:00:00+00:00,America/New_York,2026-06-06 19:38:52.170459+00:00,
NATH,NATH,success,667,2026-03-12 13:30:00+00:00,2026-06-05 20:00:00+00:00,America/New_York,2026-06-06 19:38:52.173060+00:00,
NATL,NATL,success,1561,2026-03-12 13:30:00+00:00,2026-06-05 20:00:00+00:00,America/New_York,2026-06-06 19:38:52.176136+00:00,
NATR,NATR,success,1429,2026-03-12 13:30:00+00:00,2026-06-05 20:00:00+00:00,America/New_York,2026-06-06 19:38:52.179027+00:00,
NAVI,NAVI,success,1561,2026-03-12 13:30:00+00:00,2026-06-05 20:00:00+00:00,America/New_York,2026-06-06 19:38:52.181793+00:00,
NAVN,NAVN,success,1561,2026-03-12 13:30:00+00:00,2026-06-05 20:00:00+00:00,America/New_York,2026-06-06 19:38:52.184728+00:00,
NB,NB,success,1561,2026-03-12 13:30:00+00:00,2026-06-05 20:00:00+00:00,America/New_York,2026-06-06 19:38:52.187721+00:00,
NBBK,NBBK,success,1540,2026-03-12 13:30:00+00:00,2026-06-05 20:00:00+00:00,America/New_York,2026-06-06 19:38:52.190624+00:00,
NBHC,NBHC,success,1557,2026-03-12 13:30:00+00:00,2026-06-05 20:00:00+00:00,America/New_York,2026-06-06 19:38:52.193652+00:00,
NBIS,NBIS,success,1561,2026-03-12 13:30:00+00:00,2026-06-05 20:00:00+00:00,America/New_York,2026-06-06 19:38:52.196661+00:00,
NBIX,NBIX,success,1561,2026-03-12 13:30:00+00:00,2026-06-05 20:00:00+00:00,America/New_York,2026-06-06 19:38:52.199430+00:00,
NBN,NBN,success,1264,2026-03-12 13:30:00+00:00,2026-06-05 20:00:00+00:00,America/New_York,2026-06-06 19:38:52.201989+00:00,
NBR,NBR,success,1561,2026-03-12 13:30:00+00:00,2026-06-05 20:00:00+00:00,America/New_York,2026-06-06 19:38:52.204779+00:00,
NBTB,NBTB,success,1549,2026-03-12 13:30:00+00:00,2026-06-05 20:00:00+00:00,America/New_York,2026-06-06 19:38:52.208389+00:00,
NBTX,NBTX,success,1095,2026-03-12 13:30:00+00:00,2026-06-05 20:00:00+00:00,America/New_York,2026-06-06 19:38:52.212060+00:00,
NC,NC,success,568,2026-03-12 13:30:00+00:00,2026-06-05 20:00:00+00:00,America/New_York,2026-06-06 19:38:52.214451+00:00,
NCDL,NCDL,success,1540,2026-03-12 13:30:00+00:00,2026-06-05 20:00:00+00:00,America/New_York,2026-06-06 19:38:52.217434+00:00,
NCEW,NCEW,success,182,2026-03-13 14:30:00+00:00,2026-06-05 20:00:00+00:00,America/New_York,2026-06-06 19:38:52.219808+00:00,
NCLH,NCLH,success,1561,2026-03-12 13:30:00+00:00,2026-06-05 20:00:00+00:00,America/New_York,2026-06-06 19:38:52.224757+00:00,
NCMI,NCMI,success,1537,2026-03-12 13:30:00+00:00,2026-06-05 20:00:00+00:00,America/New_York,2026-06-06 19:38:52.229098+00:00,
NCNO,NCNO,success,1561,2026-03-12 13:30:00+00:00,2026-06-05 20:00:00+00:00,America/New_York,2026-06-06 19:38:52.232225+00:00,
NCSM,NCSM,success,1028,2026-03-12 13:30:00+00:00,2026-06-05 20:00:00+00:00,America/New_York,2026-06-06 19:38:52.234773+00:00,
NCTY,NCTY,success,662,2026-03-12 13:30:00+00:00,2026-06-05 20:00:00+00:00,America/New_York,2026-06-06 19:38:52.237097+00:00,
NDAQ,NDAQ,success,1561,2026-03-12 13:30:00+00:00,2026-06-05 20:00:00+00:00,America/New_York,2026-06-06 19:38:52.240319+00:00,
NDLS,NDLS,success,1102,2026-03-12 13:30:00+00:00,2026-06-05 20:00:00+00:00,America/New_York,2026-06-06 19:38:52.243535+00:00,
NDSN,NDSN,success,1558,2026-03-12 13:30:00+00:00,2026-06-05 20:00:00+00:00,America/New_York,2026-06-06 19:38:52.246638+00:00,
NE,NE,success,1561,2026-03-12 13:30:00+00:00,2026-06-05 20:00:00+00:00,America/New_York,2026-06-06 19:38:52.249440+00:00,
NECB,NECB,success,972,2026-03-12 13:30:00+00:00,2026-06-05 20:00:00+00:00,America/New_York,2026-06-06 19:38:52.252122+00:00,
NEE,NEE,success,1561,2026-03-12 13:30:00+00:00,2026-06-05 20:00:00+00:00,America/New_York,2026-06-06 19:38:52.255334+00:00,
NEGG,NEGG,success,1369,2026-03-12 13:45:00+00:00,2026-06-05 20:00:00+00:00,America/New_York,2026-06-06 19:38:52.258797+00:00,
NEM,NEM,success,1561,2026-03-12 13:30:00+00:00,2026-06-05 20:00:00+00:00,America/New_York,2026-06-06 19:38:52.262360+00:00,
NEO,NEO,success,1561,2026-03-12 13:30:00+00:00,2026-06-05 20:00:00+00:00,America/New_York,2026-06-06 19:38:52.265253+00:00,
NEOG,NEOG,success,1561,2026-03-12 13:30:00+00:00,2026-06-05 20:00:00+00:00,America/New_York,2026-06-06 19:38:52.268387+00:00,
NERV,NERV,success,1458,2026-03-12 13:30:00+00:00,2026-06-05 20:00:00+00:00,America/New_York,2026-06-06 19:38:52.271518+00:00,
NESR,NESR,success,1561,2026-03-12 13:30:00+00:00,2026-06-05 20:00:00+00:00,America/New_York,2026-06-06 19:38:52.275461+00:00,
NET,NET,success,1561,2026-03-12 13:30:00+00:00,2026-06-05 20:00:00+00:00,America/New_York,2026-06-06 19:38:52.278835+00:00,
NEU,NEU,success,1536,2026-03-12 13:30:00+00:00,2026-06-05 20:00:00+00:00,America/New_York,2026-06-06 19:38:52.281595+00:00,
NEWP,NEWP,success,1561,2026-03-12 13:30:00+00:00,2026-06-05 20:00:00+00:00,America/New_York,2026-06-06 19:38:52.284821+00:00,
NEWT,NEWT,success,1536,2026-03-12 13:30:00+00:00,2026-06-05 20:00:00+00:00,America/New_York,2026-06-06 19:38:52.287933+00:00,
NEXA,NEXA,success,1561,2026-03-12 13:30:00+00:00,2026-06-05 20:00:00+00:00,America/New_York,2026-06-06 19:38:52.292043+00:00,
NEXN,NEXN,success,1545,2026-03-12 13:30:00+00:00,2026-06-05 20:00:00+00:00,America/New_York,2026-06-06 19:38:52.295479+00:00,
NEXT,NEXT,success,1561,2026-03-12 13:30:00+00:00,2026-06-05 20:00:00+00:00,America/New_York,2026-06-06 19:38:52.298650+00:00,
NFBK,NFBK,success,1533,2026-03-12 13:30:00+00:00,2026-06-05 20:00:00+00:00,America/New_York,2026-06-06 19:38:52.302311+00:00,
NFG,NFG,success,1561,2026-03-12 13:30:00+00:00,2026-06-05 20:00:00+00:00,America/New_York,2026-06-06 19:38:52.306998+00:00,
NFLX,NFLX,success,1561,2026-03-12 13:30:00+00:00,2026-06-05 20:00:00+00:00,America/New_York,2026-06-06 19:38:52.311826+00:00,
NG,NG,success,1561,2026-03-12 13:30:00+00:00,2026-06-05 20:00:00+00:00,America/New_York,2026-06-06 19:38:52.315388+00:00,
NGG,NGG,success,1561,2026-03-12 13:30:00+00:00,2026-06-05 20:00:00+00:00,America/New_York,2026-06-06 19:38:52.320292+00:00,
NGNE,NGNE,success,1468,2026-03-12 13:30:00+00:00,2026-06-05 20:00:00+00:00,America/New_York,2026-06-06 19:38:52.325516+00:00,
NGS,NGS,success,1474,2026-03-12 13:30:00+00:00,2026-06-05 20:00:00+00:00,America/New_York,2026-06-06 19:38:52.330410+00:00,
NGVC,NGVC,success,1491,2026-03-12 13:30:00+00:00,2026-06-05 20:00:00+00:00,America/New_York,2026-06-06 19:38:52.334573+00:00,
NGVT,NGVT,success,1547,2026-03-12 13:30:00+00:00,2026-06-05 20:00:00+00:00,America/New_York,2026-06-06 19:38:52.339094+00:00,
NHC,NHC,success,1406,2026-03-12 13:30:00+00:00,2026-06-05 20:00:00+00:00,America/New_York,2026-06-06 19:38:52.343746+00:00,
NHI,NHI,success,1555,2026-03-12 13:30:00+00:00,2026-06-05 20:00:00+00:00,America/New_York,2026-06-06 19:38:52.347142+00:00,
NHP,NHP,success,814,2026-04-22 16:30:00+00:00,2026-06-05 20:00:00+00:00,America/New_York,2026-06-06 19:38:52.351083+00:00,
NI,NI,success,1561,2026-03-12 13:30:00+00:00,2026-06-05 20:00:00+00:00,America/New_York,2026-06-06 19:38:52.355780+00:00,
NIC,NIC,success,1482,2026-03-12 13:30:00+00:00,2026-06-05 20:00:00+00:00,America/New_York,2026-06-06 19:38:52.360207+00:00,
NICE,NICE,success,1561,2026-03-12 13:30:00+00:00,2026-06-05 20:00:00+00:00,America/New_York,2026-06-06 19:38:52.363952+00:00,
NIO,NIO,success,1561,2026-03-12 13:30:00+00:00,2026-06-05 20:00:00+00:00,America/New_York,2026-06-06 19:38:52.368221+00:00,
NIQ,NIQ,success,1561,2026-03-12 13:30:00+00:00,2026-06-05 20:00:00+00:00,America/New_York,2026-06-06 19:38:52.374160+00:00,
NJR,NJR,success,1561,2026-03-12 13:30:00+00:00,2026-06-05 20:00:00+00:00,America/New_York,2026-06-06 19:38:52.378228+00:00,
NKE,NKE,success,1561,2026-03-12 13:30:00+00:00,2026-06-05 20:00:00+00:00,America/New_York,2026-06-06 19:38:52.381781+00:00,
NKLR,NKLR,success,1555,2026-03-12 13:30:00+00:00,2026-06-05 20:00:00+00:00,America/New_York,2026-06-06 19:38:52.386317+00:00,
NKSH,NKSH,success,1150,2026-03-12 13:30:00+00:00,2026-06-05 20:00:00+00:00,America/New_York,2026-06-06 19:38:52.390590+00:00,
NKTR,NKTR,success,1561,2026-03-12 13:30:00+00:00,2026-06-05 20:00:00+00:00,America/New_York,2026-06-06 19:38:52.394381+00:00,
NL,NL,success,1073,2026-03-12 13:30:00+00:00,2026-06-05 20:00:00+00:00,America/New_York,2026-06-06 19:38:52.397394+00:00,
NLOP,NLOP,success,1519,2026-03-12 13:30:00+00:00,2026-06-05 20:00:00+00:00,America/New_York,2026-06-06 19:38:52.401623+00:00,
NLY,NLY,success,1561,2026-03-12 13:30:00+00:00,2026-06-05 20:00:00+00:00,America/New_York,2026-06-06 19:38:52.406935+00:00,
NMAX,NMAX,success,1561,2026-03-12 13:30:00+00:00,2026-06-05 20:00:00+00:00,America/New_York,2026-06-06 19:38:52.411902+00:00,
NMFC,NMFC,success,1561,2026-03-12 13:30:00+00:00,2026-06-05 20:00:00+00:00,America/New_York,2026-06-06 19:38:52.421638+00:00,
NMIH,NMIH,success,1561,2026-03-12 13:30:00+00:00,2026-06-05 20:00:00+00:00,America/New_York,2026-06-06 19:38:52.427652+00:00,
NMR,NMR,success,1561,2026-03-12 13:30:00+00:00,2026-06-05 20:00:00+00:00,America/New_York,2026-06-06 19:38:52.432755+00:00,
NMRK,NMRK,success,1561,2026-03-12 13:30:00+00:00,2026-06-05 20:00:00+00:00,America/New_York,2026-06-06 19:38:52.438918+00:00,
NN,NN,success,1561,2026-03-12 13:30:00+00:00,2026-06-05 20:00:00+00:00,America/New_York,2026-06-06 19:38:52.446366+00:00,
NNE,NNE,success,1561,2026-03-12 13:30:00+00:00,2026-06-05 20:00:00+00:00,America/New_York,2026-06-06 19:38:52.451395+00:00,
NNI,NNI,success,1377,2026-03-12 13:30:00+00:00,2026-06-05 20:00:00+00:00,America/New_York,2026-06-06 19:38:52.459343+00:00,
NNN,NNN,success,1561,2026-03-12 13:30:00+00:00,2026-06-05 20:00:00+00:00,America/New_York,2026-06-06 19:38:52.466697+00:00,
NNNN,NNNN,success,619,2026-03-12 13:30:00+00:00,2026-06-05 20:00:00+00:00,America/New_York,2026-06-06 19:38:52.471458+00:00,
NOA,NOA,success,1482,2026-03-12 13:30:00+00:00,2026-06-05 20:00:00+00:00,America/New_York,2026-06-06 19:38:52.477843+00:00,
NOAH,NOAH,success,1401,2026-03-12 13:30:00+00:00,2026-06-05 20:00:00+00:00,America/New_York,2026-06-06 19:38:52.482036+00:00,
NOC,NOC,success,1561,2026-03-12 13:30:00+00:00,2026-06-05 20:00:00+00:00,America/New_York,2026-06-06 19:38:52.487901+00:00,
NODK,NODK,success,572,2026-03-12 13:30:00+00:00,2026-06-05 20:00:00+00:00,America/New_York,2026-06-06 19:38:52.492739+00:00,
NOG,NOG,success,1561,2026-03-12 13:30:00+00:00,2026-06-05 20:00:00+00:00,America/New_York,2026-06-06 19:38:52.497301+00:00,
NOK,NOK,success,1561,2026-03-12 13:30:00+00:00,2026-06-05 20:00:00+00:00,America/New_York,2026-06-06 19:38:52.501568+00:00,
NOMA,NOMA,success,486,2026-03-12 13:30:00+00:00,2026-06-05 20:00:00+00:00,America/New_York,2026-06-06 19:38:52.506024+00:00,
NOMD,NOMD,success,1561,2026-03-12 13:30:00+00:00,2026-06-05 20:00:00+00:00,America/New_York,2026-06-06 19:38:52.510438+00:00,
NOV,NOV,success,1561,2026-03-12 13:30:00+00:00,2026-06-05 20:00:00+00:00,America/New_York,2026-06-06 19:38:52.514241+00:00,
NOVT,NOVT,success,1555,2026-03-12 13:30:00+00:00,2026-06-05 20:00:00+00:00,America/New_York,2026-06-06 19:38:52.518368+00:00,
NOW,NOW,success,1561,2026-03-12 13:30:00+00:00,2026-06-05 20:00:00+00:00,America/New_York,2026-06-06 19:38:52.523682+00:00,
NP,NP,success,1553,2026-03-12 13:30:00+00:00,2026-06-05 20:00:00+00:00,America/New_York,2026-06-06 19:38:52.527936+00:00,
NPAC,NPAC,success,189,2026-03-12 13:30:00+00:00,2026-06-05 20:00:00+00:00,America/New_York,2026-06-06 19:38:52.530265+00:00,
NPB,NPB,success,1460,2026-03-12 13:30:00+00:00,2026-06-05 20:00:00+00:00,America/New_York,2026-06-06 19:38:52.534033+00:00,
NPCE,NPCE,success,1525,2026-03-12 13:30:00+00:00,2026-06-05 20:00:00+00:00,America/New_York,2026-06-06 19:38:52.540192+00:00,
NPK,NPK,success,1248,2026-03-12 13:30:00+00:00,2026-06-05 20:00:00+00:00,America/New_York,2026-06-06 19:38:52.545367+00:00,
NPKI,NPKI,success,1561,2026-03-12 13:30:00+00:00,2026-06-05 20:00:00+00:00,America/New_York,2026-06-06 19:38:52.550665+00:00,
NPO,NPO,success,1516,2026-03-12 13:30:00+00:00,2026-06-05 20:00:00+00:00,America/New_York,2026-06-06 19:38:52.558121+00:00,
NRC,NRC,success,1382,2026-03-12 13:30:00+00:00,2026-06-05 20:00:00+00:00,America/New_York,2026-06-06 19:38:52.563125+00:00,
NRDS,NRDS,success,1561,2026-03-12 13:30:00+00:00,2026-06-05 20:00:00+00:00,America/New_York,2026-06-06 19:38:52.569152+00:00,
NREF,NREF,success,1248,2026-03-12 13:30:00+00:00,2026-06-05 20:00:00+00:00,America/New_York,2026-06-06 19:38:52.575504+00:00,
NRG,NRG,success,1561,2026-03-12 13:30:00+00:00,2026-06-05 20:00:00+00:00,America/New_York,2026-06-06 19:38:52.580154+00:00,
NRGV,NRGV,success,1561,2026-03-12 13:30:00+00:00,2026-06-05 20:00:00+00:00,America/New_York,2026-06-06 19:38:52.584731+00:00,
NRIM,NRIM,success,1488,2026-03-12 13:30:00+00:00,2026-06-05 20:00:00+00:00,America/New_York,2026-06-06 19:38:52.591445+00:00,
NRIX,NRIX,success,1561,2026-03-12 13:30:00+00:00,2026-06-05 20:00:00+00:00,America/New_York,2026-06-06 19:38:52.596836+00:00,
NRT,NRT,success,1272,2026-03-12 13:30:00+00:00,2026-06-05 20:00:00+00:00,America/New_York,2026-06-06 19:38:52.601120+00:00,
NRXP,NRXP,success,1560,2026-03-12 13:30:00+00:00,2026-06-05 20:00:00+00:00,America/New_York,2026-06-06 19:38:52.607516+00:00,
NRXS,NRXS,success,1503,2026-03-12 13:30:00+00:00,2026-06-05 20:00:00+00:00,America/New_York,2026-06-06 19:38:52.612347+00:00,
NSA,NSA,success,1561,2026-03-12 13:30:00+00:00,2026-06-05 20:00:00+00:00,America/New_York,2026-06-06 19:38:52.616504+00:00,
NSC,NSC,success,1561,2026-03-12 13:30:00+00:00,2026-06-05 20:00:00+00:00,America/New_York,2026-06-06 19:38:52.620998+00:00,
NSIT,NSIT,success,1558,2026-03-12 13:30:00+00:00,2026-06-05 20:00:00+00:00,America/New_York,2026-06-06 19:38:52.625643+00:00,
NSP,NSP,success,1561,2026-03-12 13:30:00+00:00,2026-06-05 20:00:00+00:00,America/New_York,2026-06-06 19:38:52.629633+00:00,
NSSC,NSSC,success,1558,2026-03-12 13:30:00+00:00,2026-06-05 20:00:00+00:00,America/New_York,2026-06-06 19:38:52.633337+00:00,
NTAP,NTAP,success,1561,2026-03-12 13:30:00+00:00,2026-06-05 20:00:00+00:00,America/New_York,2026-06-06 19:38:52.636962+00:00,
NTB,NTB,success,1535,2026-03-12 13:30:00+00:00,2026-06-05 20:00:00+00:00,America/New_York,2026-06-06 19:38:52.640550+00:00,
NTCT,NTCT,success,1561,2026-03-12 13:30:00+00:00,2026-06-05 20:00:00+00:00,America/New_York,2026-06-06 19:38:52.643877+00:00,
NTES,NTES,success,1561,2026-03-12 13:30:00+00:00,2026-06-05 20:00:00+00:00,America/New_York,2026-06-06 19:38:52.646963+00:00,
NTGR,NTGR,success,1560,2026-03-12 13:30:00+00:00,2026-06-05 20:00:00+00:00,America/New_York,2026-06-06 19:38:52.650481+00:00,
NTHI,NTHI,success,1100,2026-03-12 13:30:00+00:00,2026-06-05 20:00:00+00:00,America/New_York,2026-06-06 19:38:52.704154+00:00,
NTIC,NTIC,success,457,2026-03-12 14:45:00+00:00,2026-06-05 20:00:00+00:00,America/New_York,2026-06-06 19:38:52.709820+00:00,
NTLA,NTLA,success,1561,2026-03-12 13:30:00+00:00,2026-06-05 20:00:00+00:00,America/New_York,2026-06-06 19:38:52.715745+00:00,
NTNX,NTNX,success,1561,2026-03-12 13:30:00+00:00,2026-06-05 20:00:00+00:00,America/New_York,2026-06-06 19:38:52.729449+00:00,
NTR,NTR,success,1561,2026-03-12 13:30:00+00:00,2026-06-05 20:00:00+00:00,America/New_York,2026-06-06 19:38:52.735162+00:00,
NTRA,NTRA,success,1561,2026-03-12 13:30:00+00:00,2026-06-05 20:00:00+00:00,America/New_York,2026-06-06 19:38:52.742627+00:00,
NTRS,NTRS,success,1561,2026-03-12 13:30:00+00:00,2026-06-05 20:00:00+00:00,America/New_York,2026-06-06 19:38:52.747157+00:00,
NTSK,NTSK,success,1561,2026-03-12 13:30:00+00:00,2026-06-05 20:00:00+00:00,America/New_York,2026-06-06 19:38:52.751964+00:00,
NTST,NTST,success,1561,2026-03-12 13:30:00+00:00,2026-06-05 20:00:00+00:00,America/New_York,2026-06-06 19:38:52.757713+00:00,
NTWK,NTWK,success,709,2026-03-12 15:00:00+00:00,2026-06-05 20:00:00+00:00,America/New_York,2026-06-06 19:38:52.762022+00:00,
NU,NU,success,1561,2026-03-12 13:30:00+00:00,2026-06-05 20:00:00+00:00,America/New_York,2026-06-06 19:38:52.766916+00:00,
NUAI,NUAI,success,1561,2026-03-12 13:30:00+00:00,2026-06-05 20:00:00+00:00,America/New_York,2026-06-06 19:38:52.772182+00:00,
NUCL,NUCL,success,1553,2026-03-12 13:30:00+00:00,2026-06-05 20:00:00+00:00,America/New_York,2026-06-06 19:38:52.780865+00:00,
NUE,NUE,success,1561,2026-03-12 13:30:00+00:00,2026-06-05 20:00:00+00:00,America/New_York,2026-06-06 19:38:52.786409+00:00,
NUS,NUS,success,1561,2026-03-12 13:30:00+00:00,2026-06-05 20:00:00+00:00,America/New_York,2026-06-06 19:38:52.793165+00:00,
NUTX,NUTX,success,1434,2026-03-12 13:30:00+00:00,2026-06-05 20:00:00+00:00,America/New_York,2026-06-06 19:38:52.798395+00:00,
NUVB,NUVB,success,1561,2026-03-12 13:30:00+00:00,2026-06-05 20:00:00+00:00,America/New_York,2026-06-06 19:38:52.803484+00:00,
NUVL,NUVL,success,1561,2026-03-12 13:30:00+00:00,2026-06-05 20:00:00+00:00,America/New_York,2026-06-06 19:38:52.810681+00:00,
NVAX,NVAX,success,1561,2026-03-12 13:30:00+00:00,2026-06-05 20:00:00+00:00,America/New_York,2026-06-06 19:38:52.816078+00:00,
NVCR,NVCR,success,1561,2026-03-12 13:30:00+00:00,2026-06-05 20:00:00+00:00,America/New_York,2026-06-06 19:38:52.821202+00:00,
NVCT,NVCT,success,1262,2026-03-12 13:30:00+00:00,2026-06-05 20:00:00+00:00,America/New_York,2026-06-06 19:38:52.828243+00:00,
NVDA,NVDA,success,1561,2026-03-12 13:30:00+00:00,2026-06-05 20:00:00+00:00,America/New_York,2026-06-06 19:38:52.834504+00:00,
NVEC,NVEC,success,1252,2026-03-12 13:30:00+00:00,2026-06-05 20:00:00+00:00,America/New_York,2026-06-06 19:38:52.841644+00:00,
NVGS,NVGS,success,1561,2026-03-12 13:30:00+00:00,2026-06-05 20:00:00+00:00,America/New_York,2026-06-06 19:38:52.846904+00:00,
NVMI,NVMI,success,1560,2026-03-12 13:30:00+00:00,2026-06-05 20:00:00+00:00,America/New_York,2026-06-06 19:38:52.852469+00:00,
NVO,NVO,success,1561,2026-03-12 13:30:00+00:00,2026-06-05 20:00:00+00:00,America/New_York,2026-06-06 19:38:52.859983+00:00,
NVR,NVR,success,1541,2026-03-12 13:30:00+00:00,2026-06-05 20:00:00+00:00,America/New_York,2026-06-06 19:38:52.865330+00:00,
NVRI,NVRI,success,1535,2026-03-12 13:30:00+00:00,2026-06-05 20:00:00+00:00,America/New_York,2026-06-06 19:38:52.870775+00:00,
NVS,NVS,success,1561,2026-03-12 13:30:00+00:00,2026-06-05 20:00:00+00:00,America/New_York,2026-06-06 19:38:52.878412+00:00,
NVST,NVST,success,1561,2026-03-12 13:30:00+00:00,2026-06-05 20:00:00+00:00,America/New_York,2026-06-06 19:38:52.883932+00:00,
NVT,NVT,success,1561,2026-03-12 13:30:00+00:00,2026-06-05 20:00:00+00:00,America/New_York,2026-06-06 19:38:52.889000+00:00,
NVTS,NVTS,success,1561,2026-03-12 13:30:00+00:00,2026-06-05 20:00:00+00:00,America/New_York,2026-06-06 19:38:52.897539+00:00,
NWAX,NWAX,success,586,2026-03-12 13:30:00+00:00,2026-06-05 20:00:00+00:00,America/New_York,2026-06-06 19:38:52.901752+00:00,
NWBI,NWBI,success,1561,2026-03-12 13:30:00+00:00,2026-06-05 20:00:00+00:00,America/New_York,2026-06-06 19:38:52.908978+00:00,
NWE,NWE,success,1561,2026-03-12 13:30:00+00:00,2026-06-05 20:00:00+00:00,America/New_York,2026-06-06 19:38:52.913864+00:00,
NWFL,NWFL,success,736,2026-03-12 13:30:00+00:00,2026-06-05 20:00:00+00:00,America/New_York,2026-06-06 19:38:52.917938+00:00,
NWG,NWG,success,1561,2026-03-12 13:30:00+00:00,2026-06-05 20:00:00+00:00,America/New_York,2026-06-06 19:38:52.925907+00:00,
NWL,NWL,success,1561,2026-03-12 13:30:00+00:00,2026-06-05 20:00:00+00:00,America/New_York,2026-06-06 19:38:52.930615+00:00,
NWN,NWN,success,1557,2026-03-12 13:30:00+00:00,2026-06-05 20:00:00+00:00,America/New_York,2026-06-06 19:38:52.936626+00:00,
NWPX,NWPX,success,1451,2026-03-12 13:30:00+00:00,2026-06-05 20:00:00+00:00,America/New_York,2026-06-06 19:38:52.944191+00:00,
NWSA,NWSA,success,1561,2026-03-12 13:30:00+00:00,2026-06-05 20:00:00+00:00,America/New_York,2026-06-06 19:38:52.949778+00:00,
NX,NX,success,1559,2026-03-12 13:30:00+00:00,2026-06-05 20:00:00+00:00,America/New_York,2026-06-06 19:38:52.955112+00:00,
NXDT,NXDT,success,1444,2026-03-12 13:30:00+00:00,2026-06-05 20:00:00+00:00,America/New_York,2026-06-06 19:38:52.962168+00:00,
NXE,NXE,success,1561,2026-03-12 13:30:00+00:00,2026-06-05 20:00:00+00:00,America/New_York,2026-06-06 19:38:52.967668+00:00,
NXPI,NXPI,success,1561,2026-03-12 13:30:00+00:00,2026-06-05 20:00:00+00:00,America/New_York,2026-06-06 19:38:52.975481+00:00,
NXRT,NXRT,success,1539,2026-03-12 13:30:00+00:00,2026-06-05 20:00:00+00:00,America/New_York,2026-06-06 19:38:52.980796+00:00,
NXST,NXST,success,1554,2026-03-12 13:30:00+00:00,2026-06-05 20:00:00+00:00,America/New_York,2026-06-06 19:38:52.986113+00:00,
NXT,NXT,success,1561,2026-03-12 13:30:00+00:00,2026-06-05 20:00:00+00:00,America/New_York,2026-06-06 19:38:52.994193+00:00,
NYAX,NYAX,success,508,2026-03-12 13:30:00+00:00,2026-06-05 20:00:00+00:00,America/New_York,2026-06-06 19:38:52.998416+00:00,
NYT,NYT,success,1561,2026-03-12 13:30:00+00:00,2026-06-05 20:00:00+00:00,America/New_York,2026-06-06 19:38:53.003826+00:00,
O,O,success,1561,2026-03-12 13:30:00+00:00,2026-06-05 20:00:00+00:00,America/New_York,2026-06-06 19:38:53.011506+00:00,
OBDC,OBDC,success,1561,2026-03-12 13:30:00+00:00,2026-06-05 20:00:00+00:00,America/New_York,2026-06-06 19:38:53.016664+00:00,
OBE,OBE,success,1561,2026-03-12 13:30:00+00:00,2026-06-05 20:00:00+00:00,America/New_York,2026-06-06 19:38:53.021756+00:00,
OBIO,OBIO,success,1499,2026-03-12 13:30:00+00:00,2026-06-05 20:00:00+00:00,America/New_York,2026-06-06 19:38:53.029174+00:00,
OBK,OBK,success,1529,2026-03-12 13:30:00+00:00,2026-06-05 20:00:00+00:00,America/New_York,2026-06-06 19:38:53.034383+00:00,
OBT,OBT,success,1020,2026-03-12 13:30:00+00:00,2026-06-05 20:00:00+00:00,America/New_York,2026-06-06 19:38:53.040597+00:00,
OC,OC,success,1561,2026-03-12 13:30:00+00:00,2026-06-05 20:00:00+00:00,America/New_York,2026-06-06 19:38:53.046489+00:00,
OCC,OCC,success,1534,2026-03-12 13:30:00+00:00,2026-06-05 20:00:00+00:00,America/New_York,2026-06-06 19:38:53.051420+00:00,
OCCI,OCCI,success,1496,2026-03-12 13:30:00+00:00,2026-06-05 20:00:00+00:00,America/New_York,2026-06-06 19:38:53.057636+00:00,
OCFC,OCFC,success,1561,2026-03-12 13:30:00+00:00,2026-06-05 20:00:00+00:00,America/New_York,2026-06-06 19:38:53.062282+00:00,
OCS,OCS,success,1519,2026-03-12 13:30:00+00:00,2026-06-05 20:00:00+00:00,America/New_York,2026-06-06 19:38:53.066564+00:00,
OCSL,OCSL,success,1561,2026-03-12 13:30:00+00:00,2026-06-05 20:00:00+00:00,America/New_York,2026-06-06 19:38:53.072842+00:00,
OCUL,OCUL,success,1561,2026-03-12 13:30:00+00:00,2026-06-05 20:00:00+00:00,America/New_York,2026-06-06 19:38:53.079444+00:00,
ODC,ODC,success,1290,2026-03-12 13:30:00+00:00,2026-06-05 20:00:00+00:00,America/New_York,2026-06-06 19:38:53.084109+00:00,
ODD,ODD,success,1561,2026-03-12 13:30:00+00:00,2026-06-05 20:00:00+00:00,America/New_York,2026-06-06 19:38:53.088955+00:00,
ODFL,ODFL,success,1561,2026-03-12 13:30:00+00:00,2026-06-05 20:00:00+00:00,America/New_York,2026-06-06 19:38:53.095981+00:00,
ODTX,ODTX,success,489,2026-05-08 13:30:00+00:00,2026-06-05 20:00:00+00:00,America/New_York,2026-06-06 19:38:53.099847+00:00,
ODYS,ODYS,success,691,2026-03-12 13:30:00+00:00,2026-06-05 20:00:00+00:00,America/New_York,2026-06-06 19:38:53.103916+00:00,
OEC,OEC,success,1560,2026-03-12 13:30:00+00:00,2026-06-05 20:00:00+00:00,America/New_York,2026-06-06 19:38:53.110929+00:00,
OFG,OFG,success,1547,2026-03-12 13:30:00+00:00,2026-06-05 20:00:00+00:00,America/New_York,2026-06-06 19:38:53.115414+00:00,
OFIX,OFIX,success,1551,2026-03-12 13:30:00+00:00,2026-06-05 20:00:00+00:00,America/New_York,2026-06-06 19:38:53.119924+00:00,
OFLX,OFLX,success,1042,2026-03-12 13:45:00+00:00,2026-06-05 20:00:00+00:00,America/New_York,2026-06-06 19:38:53.124471+00:00,
OFRM,OFRM,success,1559,2026-03-12 13:30:00+00:00,2026-06-05 20:00:00+00:00,America/New_York,2026-06-06 19:38:53.129078+00:00,
OGC,OGC,success,1067,2026-04-07 13:30:00+00:00,2026-06-05 20:00:00+00:00,America/New_York,2026-06-06 19:38:53.133563+00:00,
OGE,OGE,success,1561,2026-03-12 13:30:00+00:00,2026-06-05 20:00:00+00:00,America/New_York,2026-06-06 19:38:53.139258+00:00,
OGN,OGN,success,1561,2026-03-12 13:30:00+00:00,2026-06-05 20:00:00+00:00,America/New_York,2026-06-06 19:38:53.143802+00:00,
OGS,OGS,success,1561,2026-03-12 13:30:00+00:00,2026-06-05 20:00:00+00:00,America/New_York,2026-06-06 19:38:53.147009+00:00,
OHI,OHI,success,1561,2026-03-12 13:30:00+00:00,2026-06-05 20:00:00+00:00,America/New_York,2026-06-06 19:38:53.150720+00:00,
OI,OI,success,1561,2026-03-12 13:30:00+00:00,2026-06-05 20:00:00+00:00,America/New_York,2026-06-06 19:38:53.155247+00:00,
OII,OII,success,1561,2026-03-12 13:30:00+00:00,2026-06-05 20:00:00+00:00,America/New_York,2026-06-06 19:38:53.159742+00:00,
OIS,OIS,success,1561,2026-03-12 13:30:00+00:00,2026-06-05 20:00:00+00:00,America/New_York,2026-06-06 19:38:53.163995+00:00,
OKE,OKE,success,1561,2026-03-12 13:30:00+00:00,2026-06-05 20:00:00+00:00,America/New_York,2026-06-06 19:38:53.169090+00:00,
OKLO,OKLO,success,1561,2026-03-12 13:30:00+00:00,2026-06-05 20:00:00+00:00,America/New_York,2026-06-06 19:38:53.175550+00:00,
OKTA,OKTA,success,1561,2026-03-12 13:30:00+00:00,2026-06-05 20:00:00+00:00,America/New_York,2026-06-06 19:38:53.179163+00:00,
OKUR,OKUR,success,1486,2026-03-12 13:30:00+00:00,2026-06-05 20:00:00+00:00,America/New_York,2026-06-06 19:38:53.182331+00:00,
OLED,OLED,success,1560,2026-03-12 13:30:00+00:00,2026-06-05 20:00:00+00:00,America/New_York,2026-06-06 19:38:53.186349+00:00,
OLLI,OLLI,success,1561,2026-03-12 13:30:00+00:00,2026-06-05 20:00:00+00:00,America/New_York,2026-06-06 19:38:53.191493+00:00,
OLMA,OLMA,success,1561,2026-03-12 13:30:00+00:00,2026-06-05 20:00:00+00:00,America/New_York,2026-06-06 19:38:53.195383+00:00,
OLN,OLN,success,1561,2026-03-12 13:30:00+00:00,2026-06-05 20:00:00+00:00,America/New_York,2026-06-06 19:38:53.199531+00:00,
OLP,OLP,success,1377,2026-03-12 13:30:00+00:00,2026-06-05 20:00:00+00:00,America/New_York,2026-06-06 19:38:53.204146+00:00,
OM,OM,success,1510,2026-03-12 13:30:00+00:00,2026-06-05 20:00:00+00:00,America/New_York,2026-06-06 19:38:53.211700+00:00,
OMAB,OMAB,success,1375,2026-03-12 13:30:00+00:00,2026-06-05 20:00:00+00:00,America/New_York,2026-06-06 19:38:53.216876+00:00,
OMC,OMC,success,1561,2026-03-12 13:30:00+00:00,2026-06-05 20:00:00+00:00,America/New_York,2026-06-06 19:38:53.221682+00:00,
OMCL,OMCL,success,1560,2026-03-12 13:30:00+00:00,2026-06-05 20:00:00+00:00,America/New_York,2026-06-06 19:38:53.229162+00:00,
OMDA,OMDA,success,1561,2026-03-12 13:30:00+00:00,2026-06-05 20:00:00+00:00,America/New_York,2026-06-06 19:38:53.233764+00:00,
OMER,OMER,success,1561,2026-03-12 13:30:00+00:00,2026-06-05 20:00:00+00:00,America/New_York,2026-06-06 19:38:53.239077+00:00,
OMF,OMF,success,1561,2026-03-12 13:30:00+00:00,2026-06-05 20:00:00+00:00,America/New_York,2026-06-06 19:38:53.244820+00:00,
OMSE,OMSE,success,600,2026-03-12 13:30:00+00:00,2026-06-05 20:00:00+00:00,America/New_York,2026-06-06 19:38:53.249511+00:00,
ON,ON,success,1561,2026-03-12 13:30:00+00:00,2026-06-05 20:00:00+00:00,America/New_York,2026-06-06 19:38:53.259799+00:00,
ONB,ONB,success,1561,2026-03-12 13:30:00+00:00,2026-06-05 20:00:00+00:00,America/New_York,2026-06-06 19:38:53.264990+00:00,
ONC,ONC,success,1560,2026-03-12 13:30:00+00:00,2026-06-05 20:00:00+00:00,America/New_York,2026-06-06 19:38:53.270605+00:00,
ONCH,ONCH,success,116,2026-03-12 14:15:00+00:00,2026-06-03 16:30:00+00:00,America/New_York,2026-06-06 19:38:53.275592+00:00,
ONDS,ONDS,success,1561,2026-03-12 13:30:00+00:00,2026-06-05 20:00:00+00:00,America/New_York,2026-06-06 19:38:53.279903+00:00,
ONEW,ONEW,success,1457,2026-03-12 13:30:00+00:00,2026-06-05 20:00:00+00:00,America/New_York,2026-06-06 19:38:53.285122+00:00,
ONIT,ONIT,success,1239,2026-03-12 13:30:00+00:00,2026-06-05 20:00:00+00:00,America/New_York,2026-06-06 19:38:53.292101+00:00,
ONON,ONON,success,1561,2026-03-12 13:30:00+00:00,2026-06-05 20:00:00+00:00,America/New_York,2026-06-06 19:38:53.297202+00:00,
ONT,ONT,success,625,2026-05-04 13:30:00+00:00,2026-06-05 20:00:00+00:00,America/New_York,2026-06-06 19:38:53.301625+00:00,
ONTO,ONTO,success,1561,2026-03-12 13:30:00+00:00,2026-06-05 20:00:00+00:00,America/New_York,2026-06-06 19:38:53.309584+00:00,
OOMA,OOMA,success,1556,2026-03-12 13:30:00+00:00,2026-06-05 20:00:00+00:00,America/New_York,2026-06-06 19:38:53.314587+00:00,
OPBK,OPBK,success,971,2026-03-12 13:30:00+00:00,2026-06-05 20:00:00+00:00,America/New_York,2026-06-06 19:38:53.318845+00:00,
OPCH,OPCH,success,1561,2026-03-12 13:30:00+00:00,2026-06-05 20:00:00+00:00,America/New_York,2026-06-06 19:38:53.325114+00:00,
OPEN,OPEN,success,1561,2026-03-12 13:30:00+00:00,2026-06-05 20:00:00+00:00,America/New_York,2026-06-06 19:38:53.330381+00:00,
OPFI,OPFI,success,1561,2026-03-12 13:30:00+00:00,2026-06-05 20:00:00+00:00,America/New_York,2026-06-06 19:38:53.335295+00:00,
OPHC,OPHC,success,567,2026-03-12 13:30:00+00:00,2026-06-05 19:45:00+00:00,America/New_York,2026-06-06 19:38:53.341684+00:00,
OPLN,OPLN,success,1561,2026-03-12 13:30:00+00:00,2026-06-05 20:00:00+00:00,America/New_York,2026-06-06 19:38:53.346350+00:00,
OPRA,OPRA,success,1560,2026-03-12 13:30:00+00:00,2026-06-05 20:00:00+00:00,America/New_York,2026-06-06 19:38:53.350943+00:00,
OPRT,OPRT,success,1559,2026-03-12 13:30:00+00:00,2026-06-05 20:00:00+00:00,America/New_York,2026-06-06 19:38:53.356252+00:00,
OPRX,OPRX,success,1558,2026-03-12 13:30:00+00:00,2026-06-05 20:00:00+00:00,America/New_York,2026-06-06 19:38:53.362161+00:00,
OPTX,OPTX,success,1561,2026-03-12 13:30:00+00:00,2026-06-05 20:00:00+00:00,America/New_York,2026-06-06 19:38:53.366981+00:00,
OPXS,OPXS,success,935,2026-03-12 13:30:00+00:00,2026-06-05 20:00:00+00:00,America/New_York,2026-06-06 19:38:53.371804+00:00,
OPY,OPY,success,1192,2026-03-12 13:30:00+00:00,2026-06-05 20:00:00+00:00,America/New_York,2026-06-06 19:38:53.378601+00:00,
OR,OR,success,1561,2026-03-12 13:30:00+00:00,2026-06-05 20:00:00+00:00,America/New_York,2026-06-06 19:38:53.383941+00:00,
ORA,ORA,success,1561,2026-03-12 13:30:00+00:00,2026-06-05 20:00:00+00:00,America/New_York,2026-06-06 19:38:53.391666+00:00,
ORC,ORC,success,1561,2026-03-12 13:30:00+00:00,2026-06-05 20:00:00+00:00,America/New_York,2026-06-06 19:38:53.396818+00:00,
ORCL,ORCL,success,1561,2026-03-12 13:30:00+00:00,2026-06-05 20:00:00+00:00,America/New_York,2026-06-06 19:38:53.401527+00:00,
ORI,ORI,success,1561,2026-03-12 13:30:00+00:00,2026-06-05 20:00:00+00:00,America/New_York,2026-06-06 19:38:53.409030+00:00,
ORIC,ORIC,success,1561,2026-03-12 13:30:00+00:00,2026-06-05 20:00:00+00:00,America/New_York,2026-06-06 19:38:53.414115+00:00,
ORKA,ORKA,success,1561,2026-03-12 13:30:00+00:00,2026-06-05 20:00:00+00:00,America/New_York,2026-06-06 19:38:53.418897+00:00,
ORLA,ORLA,success,1559,2026-03-12 13:30:00+00:00,2026-06-05 20:00:00+00:00,America/New_York,2026-06-06 19:38:53.426617+00:00,
ORLY,ORLY,success,1561,2026-03-12 13:30:00+00:00,2026-06-05 20:00:00+00:00,America/New_York,2026-06-06 19:38:53.431518+00:00,
ORMP,ORMP,success,1433,2026-03-12 13:30:00+00:00,2026-06-05 20:00:00+00:00,America/New_York,2026-06-06 19:38:53.436343+00:00,
ORN,ORN,success,1561,2026-03-12 13:30:00+00:00,2026-06-05 20:00:00+00:00,America/New_York,2026-06-06 19:38:53.443345+00:00,
ORRF,ORRF,success,1427,2026-03-12 13:30:00+00:00,2026-06-05 20:00:00+00:00,America/New_York,2026-06-06 19:38:53.447669+00:00,
OSBC,OSBC,success,1561,2026-03-12 13:30:00+00:00,2026-06-05 20:00:00+00:00,America/New_York,2026-06-06 19:38:53.452137+00:00,
OSCR,OSCR,success,1561,2026-03-12 13:30:00+00:00,2026-06-05 20:00:00+00:00,America/New_York,2026-06-06 19:38:53.457456+00:00,
OSG,OSG,success,1561,2026-03-12 13:30:00+00:00,2026-06-05 20:00:00+00:00,America/New_York,2026-06-06 19:38:53.462276+00:00,
OSIS,OSIS,success,1516,2026-03-12 13:30:00+00:00,2026-06-05 20:00:00+00:00,America/New_York,2026-06-06 19:38:53.467210+00:00,
OSK,OSK,success,1561,2026-03-12 13:30:00+00:00,2026-06-05 20:00:00+00:00,America/New_York,2026-06-06 19:38:53.474175+00:00,
OSPN,OSPN,success,1561,2026-03-12 13:30:00+00:00,2026-06-05 20:00:00+00:00,America/New_York,2026-06-06 19:38:53.479829+00:00,
OSS,OSS,success,1561,2026-03-12 13:30:00+00:00,2026-06-05 20:00:00+00:00,America/New_York,2026-06-06 19:38:53.485102+00:00,
OSUR,OSUR,success,1556,2026-03-12 13:30:00+00:00,2026-06-05 20:00:00+00:00,America/New_York,2026-06-06 19:38:53.490683+00:00,
OSW,OSW,success,1561,2026-03-12 13:30:00+00:00,2026-06-05 20:00:00+00:00,America/New_York,2026-06-06 19:38:53.495755+00:00,
OTEX,OTEX,success,1561,2026-03-12 13:30:00+00:00,2026-06-05 20:00:00+00:00,America/New_York,2026-06-06 19:38:53.500503+00:00,
OTF,OTF,success,1561,2026-03-12 13:30:00+00:00,2026-06-05 20:00:00+00:00,America/New_York,2026-06-06 19:38:53.505998+00:00,
OTGA,OTGA,success,80,2026-03-13 15:30:00+00:00,2026-06-04 16:45:00+00:00,America/New_York,2026-06-06 19:38:53.509441+00:00,
OTIS,OTIS,success,1561,2026-03-12 13:30:00+00:00,2026-06-05 20:00:00+00:00,America/New_York,2026-06-06 19:38:53.513514+00:00,
OTLY,OTLY,success,1252,2026-03-12 13:30:00+00:00,2026-06-05 20:00:00+00:00,America/New_York,2026-06-06 19:38:53.518145+00:00,
OTTR,OTTR,success,1542,2026-03-12 13:30:00+00:00,2026-06-05 20:00:00+00:00,America/New_York,2026-06-06 19:38:53.524721+00:00,
OUST,OUST,success,1561,2026-03-12 13:30:00+00:00,2026-06-05 20:00:00+00:00,America/New_York,2026-06-06 19:38:53.529557+00:00,
OUT,OUT,success,1561,2026-03-12 13:30:00+00:00,2026-06-05 20:00:00+00:00,America/New_York,2026-06-06 19:38:53.534493+00:00,
OVBC,OVBC,success,805,2026-03-12 14:00:00+00:00,2026-06-05 20:00:00+00:00,America/New_York,2026-06-06 19:38:53.538802+00:00,
OVLY,OVLY,success,1112,2026-03-12 13:30:00+00:00,2026-06-05 20:00:00+00:00,America/New_York,2026-06-06 19:38:53.545205+00:00,
OVV,OVV,success,1561,2026-03-12 13:30:00+00:00,2026-06-05 20:00:00+00:00,America/New_York,2026-06-06 19:38:53.550218+00:00,
OWL,OWL,success,1561,2026-03-12 13:30:00+00:00,2026-06-05 20:00:00+00:00,America/New_York,2026-06-06 19:38:53.555065+00:00,
OWLS,OWLS,success,856,2026-03-12 14:00:00+00:00,2026-06-05 20:00:00+00:00,America/New_York,2026-06-06 19:38:53.559349+00:00,
OWLT,OWLT,success,1550,2026-03-12 13:30:00+00:00,2026-06-05 20:00:00+00:00,America/New_York,2026-06-06 19:38:53.563369+00:00,
OXM,OXM,success,1556,2026-03-12 13:30:00+00:00,2026-06-05 20:00:00+00:00,America/New_York,2026-06-06 19:38:53.568483+00:00,
OXY,OXY,success,1561,2026-03-12 13:30:00+00:00,2026-06-05 20:00:00+00:00,America/New_York,2026-06-06 19:38:53.575275+00:00,
OZ,OZ,success,546,2026-03-12 14:15:00+00:00,2026-06-05 19:45:00+00:00,America/New_York,2026-06-06 19:38:53.579278+00:00,
OZK,OZK,success,1561,2026-03-12 13:30:00+00:00,2026-06-05 20:00:00+00:00,America/New_York,2026-06-06 19:38:53.584179+00:00,
P,P,success,911,2026-04-17 13:30:00+00:00,2026-06-05 20:00:00+00:00,America/New_York,2026-06-06 19:38:53.589025+00:00,
PAAS,PAAS,success,1561,2026-03-12 13:30:00+00:00,2026-06-05 20:00:00+00:00,America/New_York,2026-06-06 19:38:53.595506+00:00,
PAC,PAC,success,1460,2026-03-12 13:30:00+00:00,2026-06-05 20:00:00+00:00,America/New_York,2026-06-06 19:38:53.601058+00:00,
PACK,PACK,success,1558,2026-03-12 13:30:00+00:00,2026-06-05 20:00:00+00:00,America/New_York,2026-06-06 19:38:53.608551+00:00,
PACS,PACS,success,1561,2026-03-12 13:30:00+00:00,2026-06-05 20:00:00+00:00,America/New_York,2026-06-06 19:38:53.613960+00:00,
PAG,PAG,success,1551,2026-03-12 13:30:00+00:00,2026-06-05 20:00:00+00:00,America/New_York,2026-06-06 19:38:53.618630+00:00,
PAGS,PAGS,success,1561,2026-03-12 13:30:00+00:00,2026-06-05 20:00:00+00:00,America/New_York,2026-06-06 19:38:53.625541+00:00,
PAHC,PAHC,success,1552,2026-03-12 13:30:00+00:00,2026-06-05 20:00:00+00:00,America/New_York,2026-06-06 19:38:53.630042+00:00,
PAL,PAL,success,1528,2026-03-12 13:30:00+00:00,2026-06-05 20:00:00+00:00,America/New_York,2026-06-06 19:38:53.634679+00:00,
PAM,PAM,success,1558,2026-03-12 13:30:00+00:00,2026-06-05 20:00:00+00:00,America/New_York,2026-06-06 19:38:53.642251+00:00,
PAMT,PAMT,success,499,2026-03-12 13:30:00+00:00,2026-06-05 20:00:00+00:00,America/New_York,2026-06-06 19:38:53.645837+00:00,
PANL,PANL,success,1561,2026-03-12 13:30:00+00:00,2026-06-05 20:00:00+00:00,America/New_York,2026-06-06 19:38:53.650481+00:00,
PANW,PANW,success,1561,2026-03-12 13:30:00+00:00,2026-06-05 20:00:00+00:00,America/New_York,2026-06-06 19:38:53.655421+00:00,
PAR,PAR,success,1561,2026-03-12 13:30:00+00:00,2026-06-05 20:00:00+00:00,America/New_York,2026-06-06 19:38:53.661712+00:00,
PARK,PARK,success,538,2026-03-12 13:30:00+00:00,2026-06-05 20:00:00+00:00,America/New_York,2026-06-06 19:38:53.665626+00:00,
PARR,PARR,success,1561,2026-03-12 13:30:00+00:00,2026-06-05 20:00:00+00:00,America/New_York,2026-06-06 19:38:53.670978+00:00,
PATH,PATH,success,1561,2026-03-12 13:30:00+00:00,2026-06-05 20:00:00+00:00,America/New_York,2026-06-06 19:38:53.678252+00:00,
PATK,PATK,success,1559,2026-03-12 13:30:00+00:00,2026-06-05 20:00:00+00:00,America/New_York,2026-06-06 19:38:53.683112+00:00,
PAX,PAX,success,1561,2026-03-12 13:30:00+00:00,2026-06-05 20:00:00+00:00,America/New_York,2026-06-06 19:38:53.688215+00:00,
PAY,PAY,success,1561,2026-03-12 13:30:00+00:00,2026-06-05 20:00:00+00:00,America/New_York,2026-06-06 19:38:53.695542+00:00,
PAYC,PAYC,success,1561,2026-03-12 13:30:00+00:00,2026-06-05 20:00:00+00:00,America/New_York,2026-06-06 19:38:53.699862+00:00,
PAYO,PAYO,success,1561,2026-03-12 13:30:00+00:00,2026-06-05 20:00:00+00:00,America/New_York,2026-06-06 19:38:53.704743+00:00,
PAYP,PAYP,success,1535,2026-03-13 13:30:00+00:00,2026-06-05 20:00:00+00:00,America/New_York,2026-06-06 19:38:53.710304+00:00,
PAYS,PAYS,success,1560,2026-03-12 13:30:00+00:00,2026-06-05 20:00:00+00:00,America/New_York,2026-06-06 19:38:53.715476+00:00,
PAYX,PAYX,success,1561,2026-03-12 13:30:00+00:00,2026-06-05 20:00:00+00:00,America/New_York,2026-06-06 19:38:53.720655+00:00,
PB,PB,success,1561,2026-03-12 13:30:00+00:00,2026-06-05 20:00:00+00:00,America/New_York,2026-06-06 19:38:53.724969+00:00,
PBA,PBA,success,1561,2026-03-12 13:30:00+00:00,2026-06-05 20:00:00+00:00,America/New_York,2026-06-06 19:38:53.728075+00:00,
PBF,PBF,success,1561,2026-03-12 13:30:00+00:00,2026-06-05 20:00:00+00:00,America/New_York,2026-06-06 19:38:53.730954+00:00,
PBFS,PBFS,success,429,2026-03-12 13:30:00+00:00,2026-06-05 20:00:00+00:00,America/New_York,2026-06-06 19:38:53.735083+00:00,
PBH,PBH,success,1561,2026-03-12 13:30:00+00:00,2026-06-05 20:00:00+00:00,America/New_York,2026-06-06 19:38:53.743104+00:00,
PBI,PBI,success,1561,2026-03-12 13:30:00+00:00,2026-06-05 20:00:00+00:00,America/New_York,2026-06-06 19:38:53.748429+00:00,
PBR,PBR,success,1561,2026-03-12 13:30:00+00:00,2026-06-05 20:00:00+00:00,America/New_York,2026-06-06 19:38:53.753280+00:00,
PBT,PBT,success,1489,2026-03-12 13:30:00+00:00,2026-06-05 20:00:00+00:00,America/New_York,2026-06-06 19:38:53.761121+00:00,
PBYI,PBYI,success,1550,2026-03-12 13:30:00+00:00,2026-06-05 20:00:00+00:00,America/New_York,2026-06-06 19:38:53.766031+00:00,
PCAP,PCAP,success,144,2026-03-12 16:15:00+00:00,2026-06-05 20:00:00+00:00,America/New_York,2026-06-06 19:38:53.769877+00:00,
PCAR,PCAR,success,1561,2026-03-12 13:30:00+00:00,2026-06-05 20:00:00+00:00,America/New_York,2026-06-06 19:38:53.776371+00:00,
PCB,PCB,success,739,2026-03-12 13:30:00+00:00,2026-06-05 20:00:00+00:00,America/New_York,2026-06-06 19:38:53.779487+00:00,
PCG,PCG,success,1561,2026-03-12 13:30:00+00:00,2026-06-05 20:00:00+00:00,America/New_York,2026-06-06 19:38:53.784086+00:00,
PCOR,PCOR,success,1561,2026-03-12 13:30:00+00:00,2026-06-05 20:00:00+00:00,America/New_York,2026-06-06 19:38:53.790985+00:00,
PCRX,PCRX,success,1557,2026-03-12 13:30:00+00:00,2026-06-05 20:00:00+00:00,America/New_York,2026-06-06 19:38:53.795889+00:00,
PCSC,PCSC,success,792,2026-03-12 13:30:00+00:00,2026-06-05 20:00:00+00:00,America/New_York,2026-06-06 19:38:53.799897+00:00,
PCT,PCT,success,1561,2026-03-12 13:30:00+00:00,2026-06-05 20:00:00+00:00,America/New_York,2026-06-06 19:38:53.805030+00:00,
PCTY,PCTY,success,1561,2026-03-12 13:30:00+00:00,2026-06-05 20:00:00+00:00,America/New_York,2026-06-06 19:38:53.811459+00:00,
PCVX,PCVX,success,1561,2026-03-12 13:30:00+00:00,2026-06-05 20:00:00+00:00,America/New_York,2026-06-06 19:38:53.816181+00:00,
PCYO,PCYO,success,1093,2026-03-12 13:30:00+00:00,2026-06-05 20:00:00+00:00,America/New_York,2026-06-06 19:38:53.820760+00:00,
PD,PD,success,1561,2026-03-12 13:30:00+00:00,2026-06-05 20:00:00+00:00,America/New_York,2026-06-06 19:38:53.828258+00:00,
PDCC,PDCC,success,559,2026-03-12 13:30:00+00:00,2026-06-05 19:45:00+00:00,America/New_York,2026-06-06 19:38:53.831878+00:00,
PDD,PDD,success,1561,2026-03-12 13:30:00+00:00,2026-06-05 20:00:00+00:00,America/New_York,2026-06-06 19:38:53.836727+00:00,
PDEX,PDEX,success,867,2026-03-12 13:30:00+00:00,2026-06-05 20:00:00+00:00,America/New_York,2026-06-06 19:38:53.843927+00:00,
PDFS,PDFS,success,1561,2026-03-12 13:30:00+00:00,2026-06-05 20:00:00+00:00,America/New_York,2026-06-06 19:38:53.848628+00:00,
PDLB,PDLB,success,1074,2026-03-12 13:30:00+00:00,2026-06-05 20:00:00+00:00,America/New_York,2026-06-06 19:38:53.853250+00:00,
PDM,PDM,success,1561,2026-03-12 13:30:00+00:00,2026-06-05 20:00:00+00:00,America/New_York,2026-06-06 19:38:53.861095+00:00,
PDS,PDS,success,1536,2026-03-12 13:30:00+00:00,2026-06-05 20:00:00+00:00,America/New_York,2026-06-06 19:38:53.865621+00:00,
PDYN,PDYN,success,1561,2026-03-12 13:30:00+00:00,2026-06-05 20:00:00+00:00,America/New_York,2026-06-06 19:38:53.870952+00:00,
PEB,PEB,success,1561,2026-03-12 13:30:00+00:00,2026-06-05 20:00:00+00:00,America/New_York,2026-06-06 19:38:53.878173+00:00,
PEBK,PEBK,success,1115,2026-03-12 13:30:00+00:00,2026-06-05 20:00:00+00:00,America/New_York,2026-06-06 19:38:53.882702+00:00,
PEBO,PEBO,success,1552,2026-03-12 13:30:00+00:00,2026-06-05 20:00:00+00:00,America/New_York,2026-06-06 19:38:53.887579+00:00,
PECE,PECE,success,24,2026-06-04 14:00:00+00:00,2026-06-05 20:00:00+00:00,America/New_York,2026-06-06 19:38:53.893748+00:00,
PECO,PECO,success,1561,2026-03-12 13:30:00+00:00,2026-06-05 20:00:00+00:00,America/New_York,2026-06-06 19:38:53.898415+00:00,
PED,PED,success,984,2026-03-12 13:30:00+00:00,2026-06-05 20:00:00+00:00,America/New_York,2026-06-06 19:38:53.903448+00:00,
PEG,PEG,success,1561,2026-03-12 13:30:00+00:00,2026-06-05 20:00:00+00:00,America/New_York,2026-06-06 19:38:53.910756+00:00,
PEGA,PEGA,success,1561,2026-03-12 13:30:00+00:00,2026-06-05 20:00:00+00:00,America/New_York,2026-06-06 19:38:53.915315+00:00,
PEN,PEN,success,1561,2026-03-12 13:30:00+00:00,2026-06-05 20:00:00+00:00,America/New_York,2026-06-06 19:38:53.920006+00:00,
PENG,PENG,success,1560,2026-03-12 13:30:00+00:00,2026-06-05 20:00:00+00:00,America/New_York,2026-06-06 19:38:53.927720+00:00,
PENN,PENN,success,1561,2026-03-12 13:30:00+00:00,2026-06-05 20:00:00+00:00,America/New_York,2026-06-06 19:38:53.932756+00:00,
PEP,PEP,success,1561,2026-03-12 13:30:00+00:00,2026-06-05 20:00:00+00:00,America/New_York,2026-06-06 19:38:53.938116+00:00,
PERI,PERI,success,1560,2026-03-12 13:30:00+00:00,2026-06-05 20:00:00+00:00,America/New_York,2026-06-06 19:38:53.945319+00:00,
PESI,PESI,success,1458,2026-03-12 13:30:00+00:00,2026-06-05 20:00:00+00:00,America/New_York,2026-06-06 19:38:54.009832+00:00,
PFBC,PFBC,success,1310,2026-03-12 13:30:00+00:00,2026-06-05 20:00:00+00:00,America/New_York,2026-06-06 19:38:54.014739+00:00,
PFE,PFE,success,1561,2026-03-12 13:30:00+00:00,2026-06-05 20:00:00+00:00,America/New_York,2026-06-06 19:38:54.019941+00:00,
PFG,PFG,success,1561,2026-03-12 13:30:00+00:00,2026-06-05 20:00:00+00:00,America/New_York,2026-06-06 19:38:54.027414+00:00,
PFGC,PFGC,success,1561,2026-03-12 13:30:00+00:00,2026-06-05 20:00:00+00:00,America/New_York,2026-06-06 19:38:54.031862+00:00,
PFIS,PFIS,success,981,2026-03-12 13:30:00+00:00,2026-06-05 20:00:00+00:00,America/New_York,2026-06-06 19:38:54.036129+00:00,
PFLT,PFLT,success,1561,2026-03-12 13:30:00+00:00,2026-06-05 20:00:00+00:00,America/New_York,2026-06-06 19:38:54.041394+00:00,
PFS,PFS,success,1561,2026-03-12 13:30:00+00:00,2026-06-05 20:00:00+00:00,America/New_York,2026-06-06 19:38:54.046229+00:00,
PFSI,PFSI,success,1558,2026-03-12 13:30:00+00:00,2026-06-05 20:00:00+00:00,America/New_York,2026-06-06 19:38:54.051368+00:00,
PG,PG,success,1561,2026-03-12 13:30:00+00:00,2026-06-05 20:00:00+00:00,America/New_York,2026-06-06 19:38:54.058532+00:00,
PGAC,PGAC,success,119,2026-03-12 13:45:00+00:00,2026-06-05 20:00:00+00:00,America/New_York,2026-06-06 19:38:54.061774+00:00,
PGC,PGC,success,1450,2026-03-12 13:30:00+00:00,2026-06-05 20:00:00+00:00,America/New_York,2026-06-06 19:38:54.065604+00:00,
PGEN,PGEN,success,1561,2026-03-12 13:30:00+00:00,2026-06-05 20:00:00+00:00,America/New_York,2026-06-06 19:38:54.070651+00:00,
PGNY,PGNY,success,1561,2026-03-12 13:30:00+00:00,2026-06-05 20:00:00+00:00,America/New_York,2026-06-06 19:38:54.076477+00:00,
PGR,PGR,success,1561,2026-03-12 13:30:00+00:00,2026-06-05 20:00:00+00:00,America/New_York,2026-06-06 19:38:54.080976+00:00,
PGY,PGY,success,1561,2026-03-12 13:30:00+00:00,2026-06-05 20:00:00+00:00,America/New_York,2026-06-06 19:38:54.085551+00:00,
PH,PH,success,1561,2026-03-12 13:30:00+00:00,2026-06-05 20:00:00+00:00,America/New_York,2026-06-06 19:38:54.092605+00:00,
PHAR,PHAR,success,542,2026-03-12 13:30:00+00:00,2026-06-05 20:00:00+00:00,America/New_York,2026-06-06 19:38:54.096346+00:00,
PHAT,PHAT,success,1561,2026-03-12 13:30:00+00:00,2026-06-05 20:00:00+00:00,America/New_York,2026-06-06 19:38:54.100726+00:00,
PHG,PHG,success,1561,2026-03-12 13:30:00+00:00,2026-06-05 20:00:00+00:00,America/New_York,2026-06-06 19:38:54.105175+00:00,
PHI,PHI,success,1493,2026-03-12 13:30:00+00:00,2026-06-05 20:00:00+00:00,America/New_York,2026-06-06 19:38:54.109450+00:00,
PHIN,PHIN,success,1551,2026-03-12 13:30:00+00:00,2026-06-05 20:00:00+00:00,America/New_York,2026-06-06 19:38:54.113001+00:00,
PHM,PHM,success,1561,2026-03-12 13:30:00+00:00,2026-06-05 20:00:00+00:00,America/New_York,2026-06-06 19:38:54.116805+00:00,
PHOE,PHOE,success,459,2026-03-12 13:30:00+00:00,2026-06-05 20:00:00+00:00,America/New_York,2026-06-06 19:38:54.120563+00:00,
PHR,PHR,success,1561,2026-03-12 13:30:00+00:00,2026-06-05 20:00:00+00:00,America/New_York,2026-06-06 19:38:54.125240+00:00,
PHVS,PHVS,success,1486,2026-03-12 13:30:00+00:00,2026-06-05 20:00:00+00:00,America/New_York,2026-06-06 19:38:54.128760+00:00,
PI,PI,success,1560,2026-03-12 13:30:00+00:00,2026-06-05 20:00:00+00:00,America/New_York,2026-06-06 19:38:54.132285+00:00,
PICS,PICS,success,1551,2026-03-12 13:30:00+00:00,2026-06-05 20:00:00+00:00,America/New_York,2026-06-06 19:38:54.137066+00:00,
PII,PII,success,1561,2026-03-12 13:30:00+00:00,2026-06-05 20:00:00+00:00,America/New_York,2026-06-06 19:38:54.141589+00:00,
PIII,PIII,success,893,2026-03-12 13:30:00+00:00,2026-06-05 20:00:00+00:00,America/New_York,2026-06-06 19:38:54.144630+00:00,
PINE,PINE,success,1546,2026-03-12 13:30:00+00:00,2026-06-05 20:00:00+00:00,America/New_York,2026-06-06 19:38:54.148142+00:00,
PINS,PINS,success,1561,2026-03-12 13:30:00+00:00,2026-06-05 20:00:00+00:00,America/New_York,2026-06-06 19:38:54.152145+00:00,
PIPR,PIPR,success,1561,2026-03-12 13:30:00+00:00,2026-06-05 20:00:00+00:00,America/New_York,2026-06-06 19:38:54.157020+00:00,
PJT,PJT,success,1551,2026-03-12 13:30:00+00:00,2026-06-05 20:00:00+00:00,America/New_York,2026-06-06 19:38:54.161706+00:00,
PK,PK,success,1561,2026-03-12 13:30:00+00:00,2026-06-05 20:00:00+00:00,America/New_York,2026-06-06 19:38:54.166253+00:00,
PKBK,PKBK,success,1447,2026-03-12 13:30:00+00:00,2026-06-05 20:00:00+00:00,America/New_York,2026-06-06 19:38:54.171650+00:00,
PKE,PKE,success,1555,2026-03-12 13:30:00+00:00,2026-06-05 20:00:00+00:00,America/New_York,2026-06-06 19:38:54.176977+00:00,
PKG,PKG,success,1561,2026-03-12 13:30:00+00:00,2026-06-05 20:00:00+00:00,America/New_York,2026-06-06 19:38:54.180814+00:00,
PKOH,PKOH,success,948,2026-03-12 13:30:00+00:00,2026-06-05 20:00:00+00:00,America/New_York,2026-06-06 19:38:54.184242+00:00,
PKX,PKX,success,1546,2026-03-12 13:30:00+00:00,2026-06-05 20:00:00+00:00,America/New_York,2026-06-06 19:38:54.188206+00:00,
PL,PL,success,1561,2026-03-12 13:30:00+00:00,2026-06-05 20:00:00+00:00,America/New_York,2026-06-06 19:38:54.192671+00:00,
PLAB,PLAB,success,1561,2026-03-12 13:30:00+00:00,2026-06-05 20:00:00+00:00,America/New_York,2026-06-06 19:38:54.195786+00:00,
PLAY,PLAY,success,1561,2026-03-12 13:30:00+00:00,2026-06-05 20:00:00+00:00,America/New_York,2026-06-06 19:38:54.199270+00:00,
PLBC,PLBC,success,1113,2026-03-12 14:15:00+00:00,2026-06-05 20:00:00+00:00,America/New_York,2026-06-06 19:38:54.204207+00:00,
PLCE,PLCE,success,1484,2026-03-12 13:30:00+00:00,2026-06-05 20:00:00+00:00,America/New_York,2026-06-06 19:38:54.208473+00:00,
PLD,PLD,success,1561,2026-03-12 13:30:00+00:00,2026-06-05 20:00:00+00:00,America/New_York,2026-06-06 19:38:54.211873+00:00,
PLGO,PLGO,success,469,2026-05-12 13:30:00+00:00,2026-06-05 20:00:00+00:00,America/New_York,2026-06-06 19:38:54.214492+00:00,
PLMK,PLMK,success,187,2026-03-12 13:30:00+00:00,2026-06-05 20:00:00+00:00,America/New_York,2026-06-06 19:38:54.217599+00:00,
PLMR,PLMR,success,1529,2026-03-12 13:30:00+00:00,2026-06-05 20:00:00+00:00,America/New_York,2026-06-06 19:38:54.222154+00:00,
PLNT,PLNT,success,1561,2026-03-12 13:30:00+00:00,2026-06-05 20:00:00+00:00,America/New_York,2026-06-06 19:38:54.226446+00:00,
PLOW,PLOW,success,1547,2026-03-12 13:30:00+00:00,2026-06-05 20:00:00+00:00,America/New_York,2026-06-06 19:38:54.229548+00:00,
PLPC,PLPC,success,1456,2026-03-12 13:30:00+00:00,2026-06-05 20:00:00+00:00,America/New_York,2026-06-06 19:38:54.233342+00:00,
PLSE,PLSE,success,1539,2026-03-12 13:30:00+00:00,2026-06-05 20:00:00+00:00,America/New_York,2026-06-06 19:38:54.238475+00:00,
PLTK,PLTK,success,1561,2026-03-12 13:30:00+00:00,2026-06-05 20:00:00+00:00,America/New_York,2026-06-06 19:38:54.243214+00:00,
PLTR,PLTR,success,1561,2026-03-12 13:30:00+00:00,2026-06-05 20:00:00+00:00,America/New_York,2026-06-06 19:38:54.247413+00:00,
PLUG,PLUG,success,1561,2026-03-12 13:30:00+00:00,2026-06-05 20:00:00+00:00,America/New_York,2026-06-06 19:38:54.252481+00:00,
PLUS,PLUS,success,1508,2026-03-12 13:30:00+00:00,2026-06-05 20:00:00+00:00,America/New_York,2026-06-06 19:38:54.257127+00:00,
PLXS,PLXS,success,1529,2026-03-12 13:30:00+00:00,2026-06-05 20:00:00+00:00,America/New_York,2026-06-06 19:38:54.260756+00:00,
PM,PM,success,1561,2026-03-12 13:30:00+00:00,2026-06-05 20:00:00+00:00,America/New_York,2026-06-06 19:38:54.263599+00:00,
PMT,PMT,success,1561,2026-03-12 13:30:00+00:00,2026-06-05 20:00:00+00:00,America/New_York,2026-06-06 19:38:54.266514+00:00,
PMTR,PMTR,success,232,2026-03-12 13:45:00+00:00,2026-06-05 20:00:00+00:00,America/New_York,2026-06-06 19:38:54.269587+00:00,
PMTS,PMTS,success,1048,2026-03-12 13:30:00+00:00,2026-06-05 20:00:00+00:00,America/New_York,2026-06-06 19:38:54.273582+00:00,
PNC,PNC,success,1561,2026-03-12 13:30:00+00:00,2026-06-05 20:00:00+00:00,America/New_York,2026-06-06 19:38:54.277526+00:00,
PNFP,PNFP,success,1561,2026-03-12 13:30:00+00:00,2026-06-05 20:00:00+00:00,America/New_York,2026-06-06 19:38:54.281186+00:00,
PNNT,PNNT,success,1561,2026-03-12 13:30:00+00:00,2026-06-05 20:00:00+00:00,America/New_York,2026-06-06 19:38:54.285292+00:00,
PNR,PNR,success,1561,2026-03-12 13:30:00+00:00,2026-06-05 20:00:00+00:00,America/New_York,2026-06-06 19:38:54.291090+00:00,
PNRG,PNRG,success,947,2026-03-12 13:45:00+00:00,2026-06-05 20:00:00+00:00,America/New_York,2026-06-06 19:38:54.294399+00:00,
PNTG,PNTG,success,1531,2026-03-12 13:30:00+00:00,2026-06-05 20:00:00+00:00,America/New_York,2026-06-06 19:38:54.298244+00:00,
PNW,PNW,success,1561,2026-03-12 13:30:00+00:00,2026-06-05 20:00:00+00:00,America/New_York,2026-06-06 19:38:54.302926+00:00,
POCI,POCI,success,763,2026-03-12 18:15:00+00:00,2026-06-05 20:00:00+00:00,America/New_York,2026-06-06 19:38:54.307595+00:00,
PODC,PODC,success,1112,2026-03-12 13:45:00+00:00,2026-06-05 20:00:00+00:00,America/New_York,2026-06-06 19:38:54.311985+00:00,
PODD,PODD,success,1561,2026-03-12 13:30:00+00:00,2026-06-05 20:00:00+00:00,America/New_York,2026-06-06 19:38:54.315591+00:00,
POET,POET,success,1561,2026-03-12 13:30:00+00:00,2026-06-05 20:00:00+00:00,America/New_York,2026-06-06 19:38:54.319747+00:00,
POLE,POLE,success,75,2026-03-13 13:30:00+00:00,2026-06-05 20:00:00+00:00,America/New_York,2026-06-06 19:38:54.323838+00:00,
PONY,PONY,success,1561,2026-03-12 13:30:00+00:00,2026-06-05 20:00:00+00:00,America/New_York,2026-06-06 19:38:54.329017+00:00,
POOL,POOL,success,1561,2026-03-12 13:30:00+00:00,2026-06-05 20:00:00+00:00,America/New_York,2026-06-06 19:38:54.333120+00:00,
POR,POR,success,1561,2026-03-12 13:30:00+00:00,2026-06-05 20:00:00+00:00,America/New_York,2026-06-06 19:38:54.338360+00:00,
POST,POST,success,1561,2026-03-12 13:30:00+00:00,2026-06-05 20:00:00+00:00,America/New_York,2026-06-06 19:38:54.343354+00:00,
POWI,POWI,success,1561,2026-03-12 13:30:00+00:00,2026-06-05 20:00:00+00:00,America/New_York,2026-06-06 19:38:54.347151+00:00,
POWL,POWL,success,1560,2026-03-12 13:30:00+00:00,2026-06-05 20:00:00+00:00,America/New_York,2026-06-06 19:38:54.351092+00:00,
PPC,PPC,success,1561,2026-03-12 13:30:00+00:00,2026-06-05 20:00:00+00:00,America/New_York,2026-06-06 19:38:54.355394+00:00,
PPG,PPG,success,1561,2026-03-12 13:30:00+00:00,2026-06-05 20:00:00+00:00,America/New_York,2026-06-06 19:38:54.359817+00:00,
PPHC,PPHC,success,1205,2026-03-12 13:30:00+00:00,2026-06-05 20:00:00+00:00,America/New_York,2026-06-06 19:38:54.362969+00:00,
PPIH,PPIH,success,1370,2026-03-12 13:30:00+00:00,2026-06-05 20:00:00+00:00,America/New_York,2026-06-06 19:38:54.366963+00:00,
PPL,PPL,success,1561,2026-03-12 13:30:00+00:00,2026-06-05 20:00:00+00:00,America/New_York,2026-06-06 19:38:54.371606+00:00,
PPLI,PPLI,success,53,2026-06-04 13:30:00+00:00,2026-06-05 20:00:00+00:00,America/New_York,2026-06-06 19:38:54.375060+00:00,
PPTA,PPTA,success,1561,2026-03-12 13:30:00+00:00,2026-06-05 20:00:00+00:00,America/New_York,2026-06-06 19:38:54.378583+00:00,
PR,PR,success,1561,2026-03-12 13:30:00+00:00,2026-06-05 20:00:00+00:00,America/New_York,2026-06-06 19:38:54.381972+00:00,
PRA,PRA,success,1561,2026-03-12 13:30:00+00:00,2026-06-05 20:00:00+00:00,America/New_York,2026-06-06 19:38:54.386054+00:00,
PRAA,PRAA,success,1555,2026-03-12 13:30:00+00:00,2026-06-05 20:00:00+00:00,America/New_York,2026-06-06 19:38:54.391051+00:00,
PRAX,PRAX,success,1553,2026-03-12 13:30:00+00:00,2026-06-05 20:00:00+00:00,America/New_York,2026-06-06 19:38:54.394668+00:00,
PRCH,PRCH,success,1561,2026-03-12 13:30:00+00:00,2026-06-05 20:00:00+00:00,America/New_York,2026-06-06 19:38:54.399114+00:00,
PRCT,PRCT,success,1561,2026-03-12 13:30:00+00:00,2026-06-05 20:00:00+00:00,America/New_York,2026-06-06 19:38:54.404822+00:00,
PRDO,PRDO,success,1561,2026-03-12 13:30:00+00:00,2026-06-05 20:00:00+00:00,America/New_York,2026-06-06 19:38:54.409752+00:00,
PRE,PRE,success,1471,2026-03-12 13:30:00+00:00,2026-06-05 20:00:00+00:00,America/New_York,2026-06-06 19:38:54.413607+00:00,
PRG,PRG,success,1561,2026-03-12 13:30:00+00:00,2026-06-05 20:00:00+00:00,America/New_York,2026-06-06 19:38:54.418241+00:00,
PRGO,PRGO,success,1561,2026-03-12 13:30:00+00:00,2026-06-05 20:00:00+00:00,America/New_York,2026-06-06 19:38:54.424962+00:00,
PRGS,PRGS,success,1561,2026-03-12 13:30:00+00:00,2026-06-05 20:00:00+00:00,America/New_York,2026-06-06 19:38:54.428952+00:00,
PRI,PRI,success,1561,2026-03-12 13:30:00+00:00,2026-06-05 20:00:00+00:00,America/New_York,2026-06-06 19:38:54.432832+00:00,
PRIM,PRIM,success,1561,2026-03-12 13:30:00+00:00,2026-06-05 20:00:00+00:00,America/New_York,2026-06-06 19:38:54.437297+00:00,
PRK,PRK,success,1281,2026-03-12 13:30:00+00:00,2026-06-05 20:00:00+00:00,America/New_York,2026-06-06 19:38:54.441774+00:00,
PRKS,PRKS,success,1561,2026-03-12 13:30:00+00:00,2026-06-05 20:00:00+00:00,America/New_York,2026-06-06 19:38:54.445078+00:00,
PRLB,PRLB,success,1516,2026-03-12 13:30:00+00:00,2026-06-05 20:00:00+00:00,America/New_York,2026-06-06 19:38:54.448509+00:00,
PRLD,PRLD,success,1544,2026-03-12 13:30:00+00:00,2026-06-05 20:00:00+00:00,America/New_York,2026-06-06 19:38:54.453019+00:00,
PRM,PRM,success,1561,2026-03-12 13:30:00+00:00,2026-06-05 20:00:00+00:00,America/New_York,2026-06-06 19:38:54.458184+00:00,
PRMB,PRMB,success,1561,2026-03-12 13:30:00+00:00,2026-06-05 20:00:00+00:00,America/New_York,2026-06-06 19:38:54.461616+00:00,
PRME,PRME,success,1561,2026-03-12 13:30:00+00:00,2026-06-05 20:00:00+00:00,America/New_York,2026-06-06 19:38:54.465123+00:00,
PROF,PROF,success,1279,2026-03-12 13:30:00+00:00,2026-06-05 20:00:00+00:00,America/New_York,2026-06-06 19:38:54.469464+00:00,
PROV,PROV,success,596,2026-03-12 13:30:00+00:00,2026-06-05 20:00:00+00:00,America/New_York,2026-06-06 19:38:54.474170+00:00,
PRSU,PRSU,success,1522,2026-03-12 13:30:00+00:00,2026-06-05 20:00:00+00:00,America/New_York,2026-06-06 19:38:54.478015+00:00,
PRTA,PRTA,success,1559,2026-03-12 13:30:00+00:00,2026-06-05 20:00:00+00:00,America/New_York,2026-06-06 19:38:54.481518+00:00,
PRTH,PRTH,success,1521,2026-03-12 13:30:00+00:00,2026-06-05 20:00:00+00:00,America/New_York,2026-06-06 19:38:54.486560+00:00,
PRU,PRU,success,1561,2026-03-12 13:30:00+00:00,2026-06-05 20:00:00+00:00,America/New_York,2026-06-06 19:38:54.492526+00:00,
PRVA,PRVA,success,1561,2026-03-12 13:30:00+00:00,2026-06-05 20:00:00+00:00,America/New_York,2026-06-06 19:38:54.497151+00:00,
PS,PS,success,686,2026-04-29 17:45:00+00:00,2026-06-05 20:00:00+00:00,America/New_York,2026-06-06 19:38:54.501147+00:00,
PSA,PSA,success,1561,2026-03-12 13:30:00+00:00,2026-06-05 20:00:00+00:00,America/New_York,2026-06-06 19:38:54.506395+00:00,
PSBD,PSBD,success,1247,2026-03-12 13:30:00+00:00,2026-06-05 20:00:00+00:00,America/New_York,2026-06-06 19:38:54.510072+00:00,
PSFE,PSFE,success,1561,2026-03-12 13:30:00+00:00,2026-06-05 20:00:00+00:00,America/New_York,2026-06-06 19:38:54.513217+00:00,
PSIG,PSIG,success,997,2026-03-12 13:30:00+00:00,2026-06-05 20:00:00+00:00,America/New_York,2026-06-06 19:38:54.516927+00:00,
PSIX,PSIX,success,1561,2026-03-12 13:30:00+00:00,2026-06-05 20:00:00+00:00,America/New_York,2026-06-06 19:38:54.521401+00:00,
PSKY,PSKY,success,1561,2026-03-12 13:30:00+00:00,2026-06-05 20:00:00+00:00,America/New_York,2026-06-06 19:38:54.525922+00:00,
PSMT,PSMT,success,1514,2026-03-12 13:30:00+00:00,2026-06-05 20:00:00+00:00,America/New_York,2026-06-06 19:38:54.529356+00:00,
PSN,PSN,success,1561,2026-03-12 13:30:00+00:00,2026-06-05 20:00:00+00:00,America/New_York,2026-06-06 19:38:54.533014+00:00,
PSNL,PSNL,success,1561,2026-03-12 13:30:00+00:00,2026-06-05 20:00:00+00:00,America/New_York,2026-06-06 19:38:54.538363+00:00,
PSNY,PSNY,success,1455,2026-03-12 13:30:00+00:00,2026-06-05 20:00:00+00:00,America/New_York,2026-06-06 19:38:54.542924+00:00,
PSO,PSO,success,1560,2026-03-12 13:30:00+00:00,2026-06-05 20:00:00+00:00,America/New_York,2026-06-06 19:38:54.546379+00:00,
PSTL,PSTL,success,1560,2026-03-12 13:30:00+00:00,2026-06-05 20:00:00+00:00,America/New_York,2026-06-06 19:38:54.550244+00:00,
PSX,PSX,success,1561,2026-03-12 13:30:00+00:00,2026-06-05 20:00:00+00:00,America/New_York,2026-06-06 19:38:54.554629+00:00,
PTC,PTC,success,1561,2026-03-12 13:30:00+00:00,2026-06-05 20:00:00+00:00,America/New_York,2026-06-06 19:38:54.558993+00:00,
PTCT,PTCT,success,1561,2026-03-12 13:30:00+00:00,2026-06-05 20:00:00+00:00,America/New_York,2026-06-06 19:38:54.562502+00:00,
PTEN,PTEN,success,1561,2026-03-12 13:30:00+00:00,2026-06-05 20:00:00+00:00,America/New_York,2026-06-06 19:38:54.566086+00:00,
PTGX,PTGX,success,1559,2026-03-12 13:30:00+00:00,2026-06-05 20:00:00+00:00,America/New_York,2026-06-06 19:38:54.571057+00:00,
PTHS,PTHS,success,524,2026-03-13 13:30:00+00:00,2026-06-05 18:00:00+00:00,America/New_York,2026-06-06 19:38:54.575462+00:00,
PTLO,PTLO,success,1561,2026-03-12 13:30:00+00:00,2026-06-05 20:00:00+00:00,America/New_York,2026-06-06 19:38:54.579100+00:00,
PTON,PTON,success,1561,2026-03-12 13:30:00+00:00,2026-06-05 20:00:00+00:00,America/New_York,2026-06-06 19:38:54.582611+00:00,
PTRN,PTRN,success,1561,2026-03-12 13:30:00+00:00,2026-06-05 20:00:00+00:00,America/New_York,2026-06-06 19:38:54.587180+00:00,
PUBM,PUBM,success,1561,2026-03-12 13:30:00+00:00,2026-06-05 20:00:00+00:00,America/New_York,2026-06-06 19:38:54.591550+00:00,
PUK,PUK,success,1561,2026-03-12 13:30:00+00:00,2026-06-05 20:00:00+00:00,America/New_York,2026-06-06 19:38:54.595107+00:00,
PUMP,PUMP,success,1561,2026-03-12 13:30:00+00:00,2026-06-05 20:00:00+00:00,America/New_York,2026-06-06 19:38:54.598429+00:00,
PURR,PURR,success,1561,2026-03-12 13:30:00+00:00,2026-06-05 20:00:00+00:00,America/New_York,2026-06-06 19:38:54.602909+00:00,
PUSA,PUSA,success,365,2026-05-18 13:30:00+00:00,2026-06-05 20:00:00+00:00,America/New_York,2026-06-06 19:38:54.607176+00:00,
PVH,PVH,success,1561,2026-03-12 13:30:00+00:00,2026-06-05 20:00:00+00:00,America/New_York,2026-06-06 19:38:54.611918+00:00,
PVLA,PVLA,success,1522,2026-03-12 13:30:00+00:00,2026-06-05 20:00:00+00:00,America/New_York,2026-06-06 19:38:54.615719+00:00,
PWP,PWP,success,1561,2026-03-12 13:30:00+00:00,2026-06-05 20:00:00+00:00,America/New_York,2026-06-06 19:38:54.620217+00:00,
PWR,PWR,success,1561,2026-03-12 13:30:00+00:00,2026-06-05 20:00:00+00:00,America/New_York,2026-06-06 19:38:54.625550+00:00,
PXED,PXED,success,1379,2026-03-12 13:30:00+00:00,2026-06-05 20:00:00+00:00,America/New_York,2026-06-06 19:38:54.629181+00:00,
PYPD,PYPD,success,1164,2026-03-12 13:30:00+00:00,2026-06-05 20:00:00+00:00,America/New_York,2026-06-06 19:38:54.632648+00:00,
PYPL,PYPL,success,1561,2026-03-12 13:30:00+00:00,2026-06-05 20:00:00+00:00,America/New_York,2026-06-06 19:38:54.638069+00:00,
PZZA,PZZA,success,1561,2026-03-12 13:30:00+00:00,2026-06-05 20:00:00+00:00,America/New_York,2026-06-06 19:38:54.642547+00:00,
Q,Q,success,1561,2026-03-12 13:30:00+00:00,2026-06-05 20:00:00+00:00,America/New_York,2026-06-06 19:38:54.646362+00:00,
QADR,QADR,success,29,2026-05-20 14:00:00+00:00,2026-06-05 20:00:00+00:00,America/New_York,2026-06-06 19:38:54.649448+00:00,
QBTS,QBTS,success,1561,2026-03-12 13:30:00+00:00,2026-06-05 20:00:00+00:00,America/New_York,2026-06-06 19:38:54.654599+00:00,
QCOM,QCOM,success,1561,2026-03-12 13:30:00+00:00,2026-06-05 20:00:00+00:00,America/New_York,2026-06-06 19:38:54.659584+00:00,
QCRH,QCRH,success,1367,2026-03-12 13:30:00+00:00,2026-06-05 20:00:00+00:00,America/New_York,2026-06-06 19:38:54.662550+00:00,
QDEL,QDEL,success,1561,2026-03-12 13:30:00+00:00,2026-06-05 20:00:00+00:00,America/New_York,2026-06-06 19:38:54.665339+00:00,
QFIN,QFIN,success,1561,2026-03-12 13:30:00+00:00,2026-06-05 20:00:00+00:00,America/New_York,2026-06-06 19:38:54.668877+00:00,
QGEN,QGEN,success,1561,2026-03-12 13:30:00+00:00,2026-06-05 20:00:00+00:00,America/New_York,2026-06-06 19:38:54.673480+00:00,
QLYS,QLYS,success,1561,2026-03-12 13:30:00+00:00,2026-06-05 20:00:00+00:00,America/New_York,2026-06-06 19:38:54.677447+00:00,
QMCO,QMCO,success,1553,2026-03-12 13:30:00+00:00,2026-06-05 20:00:00+00:00,America/New_York,2026-06-06 19:38:54.680689+00:00,
QNST,QNST,success,1561,2026-03-12 13:30:00+00:00,2026-06-05 20:00:00+00:00,America/New_York,2026-06-06 19:38:54.684859+00:00,
QQQ,QQQ,success,1561,2026-03-12 13:30:00+00:00,2026-06-05 20:00:00+00:00,America/New_York,2026-06-06 19:38:54.690072+00:00,
QRVO,QRVO,success,1561,2026-03-12 13:30:00+00:00,2026-06-05 20:00:00+00:00,America/New_York,2026-06-06 19:38:54.694306+00:00,
QS,QS,success,1561,2026-03-12 13:30:00+00:00,2026-06-05 20:00:00+00:00,America/New_York,2026-06-06 19:38:54.697868+00:00,
QSR,QSR,success,1561,2026-03-12 13:30:00+00:00,2026-06-05 20:00:00+00:00,America/New_York,2026-06-06 19:38:54.702296+00:00,
QTI,QTI,success,766,2026-03-12 13:45:00+00:00,2026-06-05 20:00:00+00:00,America/New_York,2026-06-06 19:38:54.706706+00:00,
QTRX,QTRX,success,1561,2026-03-12 13:30:00+00:00,2026-06-05 20:00:00+00:00,America/New_York,2026-06-06 19:38:54.710640+00:00,
QTTB,QTTB,success,1538,2026-03-12 13:30:00+00:00,2026-06-05 20:00:00+00:00,America/New_York,2026-06-06 19:38:54.714015+00:00,
QTWO,QTWO,success,1561,2026-03-12 13:30:00+00:00,2026-06-05 20:00:00+00:00,America/New_York,2026-06-06 19:38:54.718131+00:00,
QUAD,QUAD,success,1533,2026-03-12 13:30:00+00:00,2026-06-05 20:00:00+00:00,America/New_York,2026-06-06 19:38:54.723269+00:00,
QUBT,QUBT,success,1561,2026-03-12 13:30:00+00:00,2026-06-05 20:00:00+00:00,America/New_York,2026-06-06 19:38:54.727317+00:00,
QUIK,QUIK,success,1535,2026-03-12 13:30:00+00:00,2026-06-05 20:00:00+00:00,America/New_York,2026-06-06 19:38:54.730758+00:00,
QURE,QURE,success,1561,2026-03-12 13:30:00+00:00,2026-06-05 20:00:00+00:00,America/New_York,2026-06-06 19:38:54.734776+00:00,
QXL,QXL,success,402,2026-04-30 13:30:00+00:00,2026-06-05 20:00:00+00:00,America/New_York,2026-06-06 19:38:54.738874+00:00,
QXO,QXO,success,1561,2026-03-12 13:30:00+00:00,2026-06-05 20:00:00+00:00,America/New_York,2026-06-06 19:38:54.742976+00:00,
R,R,success,1561,2026-03-12 13:30:00+00:00,2026-06-05 20:00:00+00:00,America/New_York,2026-06-06 19:38:54.746759+00:00,
RAAQ,RAAQ,success,1142,2026-03-12 13:30:00+00:00,2026-06-05 20:00:00+00:00,America/New_York,2026-06-06 19:38:54.750797+00:00,
RACC,RACC,success,86,2026-05-20 13:30:00+00:00,2026-06-05 20:00:00+00:00,America/New_York,2026-06-06 19:38:54.754591+00:00,
RACE,RACE,success,1561,2026-03-12 13:30:00+00:00,2026-06-05 20:00:00+00:00,America/New_York,2026-06-06 19:38:54.759005+00:00,
RAIL,RAIL,success,1521,2026-03-12 13:30:00+00:00,2026-06-05 20:00:00+00:00,America/New_York,2026-06-06 19:38:54.762401+00:00,
RAL,RAL,success,1561,2026-03-12 13:30:00+00:00,2026-06-05 20:00:00+00:00,America/New_York,2026-06-06 19:38:54.765761+00:00,
RAMP,RAMP,success,1561,2026-03-12 13:30:00+00:00,2026-06-05 20:00:00+00:00,America/New_York,2026-06-06 19:38:54.770852+00:00,
RAPP,RAPP,success,1548,2026-03-12 13:30:00+00:00,2026-06-05 20:00:00+00:00,America/New_York,2026-06-06 19:38:54.775632+00:00,
RARE,RARE,success,1561,2026-03-12 13:30:00+00:00,2026-06-05 20:00:00+00:00,America/New_York,2026-06-06 19:38:54.778951+00:00,
RBA,RBA,success,1561,2026-03-12 13:30:00+00:00,2026-06-05 20:00:00+00:00,America/New_York,2026-06-06 19:38:54.782718+00:00,
RBB,RBB,success,1119,2026-03-12 13:30:00+00:00,2026-06-05 20:00:00+00:00,America/New_York,2026-06-06 19:38:54.787550+00:00,
RBC,RBC,success,1559,2026-03-12 13:30:00+00:00,2026-06-05 20:00:00+00:00,America/New_York,2026-06-06 19:38:54.791958+00:00,
RBCAA,RBCAA,success,1075,2026-03-12 13:30:00+00:00,2026-06-05 20:00:00+00:00,America/New_York,2026-06-06 19:38:54.795098+00:00,
RBKB,RBKB,success,353,2026-03-12 13:30:00+00:00,2026-06-05 20:00:00+00:00,America/New_York,2026-06-06 19:38:54.797696+00:00,
RBLX,RBLX,success,1561,2026-03-12 13:30:00+00:00,2026-06-05 20:00:00+00:00,America/New_York,2026-06-06 19:38:54.802550+00:00,
RBRK,RBRK,success,1561,2026-03-12 13:30:00+00:00,2026-06-05 20:00:00+00:00,America/New_York,2026-06-06 19:38:54.807731+00:00,
RCAT,RCAT,success,1561,2026-03-12 13:30:00+00:00,2026-06-05 20:00:00+00:00,America/New_York,2026-06-06 19:38:54.811129+00:00,
RCEL,RCEL,success,1516,2026-03-12 13:30:00+00:00,2026-06-05 20:00:00+00:00,America/New_York,2026-06-06 19:38:54.814303+00:00,
RCI,RCI,success,1561,2026-03-12 13:30:00+00:00,2026-06-05 20:00:00+00:00,America/New_York,2026-06-06 19:38:54.818492+00:00,
RCKY,RCKY,success,1219,2026-03-12 13:30:00+00:00,2026-06-05 20:00:00+00:00,America/New_York,2026-06-06 19:38:54.823175+00:00,
RCL,RCL,success,1561,2026-03-12 13:30:00+00:00,2026-06-05 20:00:00+00:00,America/New_York,2026-06-06 19:38:54.827219+00:00,
RCMT,RCMT,success,1252,2026-03-12 13:30:00+00:00,2026-06-05 20:00:00+00:00,America/New_York,2026-06-06 19:38:54.830203+00:00,
RCUS,RCUS,success,1561,2026-03-12 13:30:00+00:00,2026-06-05 20:00:00+00:00,America/New_York,2026-06-06 19:38:54.834136+00:00,
RDAG,RDAG,success,123,2026-03-17 15:30:00+00:00,2026-06-05 20:00:00+00:00,America/New_York,2026-06-06 19:38:54.837841+00:00,
RDCM,RDCM,success,1285,2026-03-12 13:30:00+00:00,2026-06-05 20:00:00+00:00,America/New_York,2026-06-06 19:38:54.841971+00:00,
RDDT,RDDT,success,1561,2026-03-12 13:30:00+00:00,2026-06-05 20:00:00+00:00,America/New_York,2026-06-06 19:38:54.845437+00:00,
RDN,RDN,success,1561,2026-03-12 13:30:00+00:00,2026-06-05 20:00:00+00:00,America/New_York,2026-06-06 19:38:54.848893+00:00,
RDNT,RDNT,success,1560,2026-03-12 13:30:00+00:00,2026-06-05 20:00:00+00:00,America/New_York,2026-06-06 19:38:54.853853+00:00,
RDNW,RDNW,success,1129,2026-03-12 13:30:00+00:00,2026-06-05 20:00:00+00:00,America/New_York,2026-06-06 19:38:54.858023+00:00,
RDVT,RDVT,success,1479,2026-03-12 13:30:00+00:00,2026-06-05 20:00:00+00:00,America/New_York,2026-06-06 19:38:54.861490+00:00,
RDW,RDW,success,1561,2026-03-12 13:30:00+00:00,2026-06-05 20:00:00+00:00,America/New_York,2026-06-06 19:38:54.914541+00:00,
RDWR,RDWR,success,1537,2026-03-12 13:30:00+00:00,2026-06-05 20:00:00+00:00,America/New_York,2026-06-06 19:38:54.919242+00:00,
RDY,RDY,success,1561,2026-03-12 13:30:00+00:00,2026-06-05 20:00:00+00:00,America/New_York,2026-06-06 19:38:54.924874+00:00,
REA,REA,success,557,2026-05-06 13:30:00+00:00,2026-06-05 20:00:00+00:00,America/New_York,2026-06-06 19:38:54.928061+00:00,
REAL,REAL,success,1561,2026-03-12 13:30:00+00:00,2026-06-05 20:00:00+00:00,America/New_York,2026-06-06 19:38:54.931627+00:00,
REFI,REFI,success,1504,2026-03-12 13:30:00+00:00,2026-06-05 20:00:00+00:00,America/New_York,2026-06-06 19:38:54.937661+00:00,
REG,REG,success,1561,2026-03-12 13:30:00+00:00,2026-06-05 20:00:00+00:00,America/New_York,2026-06-06 19:38:54.942529+00:00,
REGN,REGN,success,1561,2026-03-12 13:30:00+00:00,2026-06-05 20:00:00+00:00,America/New_York,2026-06-06 19:38:54.945909+00:00,
RELL,RELL,success,1442,2026-03-12 13:30:00+00:00,2026-06-05 20:00:00+00:00,America/New_York,2026-06-06 19:38:54.949486+00:00,
RELX,RELX,success,1561,2026-03-12 13:30:00+00:00,2026-06-05 20:00:00+00:00,America/New_York,2026-06-06 19:38:54.954376+00:00,
RELY,RELY,success,1561,2026-03-12 13:30:00+00:00,2026-06-05 20:00:00+00:00,America/New_York,2026-06-06 19:38:54.958974+00:00,
RENT,RENT,success,1282,2026-03-12 13:30:00+00:00,2026-06-05 20:00:00+00:00,America/New_York,2026-06-06 19:38:54.962272+00:00,
REPL,REPL,success,1542,2026-03-12 13:30:00+00:00,2026-06-05 20:00:00+00:00,America/New_York,2026-06-06 19:38:54.965719+00:00,
REPX,REPX,success,1561,2026-03-12 13:30:00+00:00,2026-06-05 20:00:00+00:00,America/New_York,2026-06-06 19:38:54.970766+00:00,
RERE,RERE,success,1561,2026-03-12 13:30:00+00:00,2026-06-05 20:00:00+00:00,America/New_York,2026-06-06 19:38:54.975233+00:00,
RES,RES,success,1561,2026-03-12 13:30:00+00:00,2026-06-05 20:00:00+00:00,America/New_York,2026-06-06 19:38:54.978443+00:00,
REX,REX,success,1537,2026-03-12 13:30:00+00:00,2026-06-05 20:00:00+00:00,America/New_York,2026-06-06 19:38:54.982261+00:00,
REXR,REXR,success,1561,2026-03-12 13:30:00+00:00,2026-06-05 20:00:00+00:00,America/New_York,2026-06-06 19:38:54.986983+00:00,
REYN,REYN,success,1561,2026-03-12 13:30:00+00:00,2026-06-05 20:00:00+00:00,America/New_York,2026-06-06 19:38:54.991577+00:00,
REZI,REZI,success,1561,2026-03-12 13:30:00+00:00,2026-06-05 20:00:00+00:00,America/New_York,2026-06-06 19:38:54.995286+00:00,
RF,RF,success,1561,2026-03-12 13:30:00+00:00,2026-06-05 20:00:00+00:00,America/New_York,2026-06-06 19:38:54.998668+00:00,
RFIL,RFIL,success,1538,2026-03-12 13:30:00+00:00,2026-06-05 20:00:00+00:00,America/New_York,2026-06-06 19:38:55.003631+00:00,
RGA,RGA,success,1554,2026-03-12 13:30:00+00:00,2026-06-05 20:00:00+00:00,America/New_York,2026-06-06 19:38:55.008230+00:00,
RGC,RGC,success,1431,2026-03-12 13:30:00+00:00,2026-06-05 20:00:00+00:00,America/New_York,2026-06-06 19:38:55.011775+00:00,
RGCO,RGCO,success,433,2026-03-12 13:45:00+00:00,2026-06-05 20:00:00+00:00,America/New_York,2026-06-06 19:38:55.014216+00:00,
RGEN,RGEN,success,1561,2026-03-12 13:30:00+00:00,2026-06-05 20:00:00+00:00,America/New_York,2026-06-06 19:38:55.018361+00:00,
RGLD,RGLD,success,1561,2026-03-12 13:30:00+00:00,2026-06-05 20:00:00+00:00,America/New_York,2026-06-06 19:38:55.023664+00:00,
RGNX,RGNX,success,1561,2026-03-12 13:30:00+00:00,2026-06-05 20:00:00+00:00,America/New_York,2026-06-06 19:38:55.027429+00:00,
RGP,RGP,success,1553,2026-03-12 13:30:00+00:00,2026-06-05 20:00:00+00:00,America/New_York,2026-06-06 19:38:55.030664+00:00,
RGR,RGR,success,1491,2026-03-12 13:30:00+00:00,2026-06-05 20:00:00+00:00,America/New_York,2026-06-06 19:38:55.034756+00:00,
RGS,RGS,success,383,2026-03-12 13:45:00+00:00,2026-06-05 20:00:00+00:00,America/New_York,2026-06-06 19:38:55.038674+00:00,
RGTI,RGTI,success,1561,2026-03-12 13:30:00+00:00,2026-06-05 20:00:00+00:00,America/New_York,2026-06-06 19:38:55.043106+00:00,
RH,RH,success,1561,2026-03-12 13:30:00+00:00,2026-06-05 20:00:00+00:00,America/New_York,2026-06-06 19:38:55.046380+00:00,
RHI,RHI,success,1561,2026-03-12 13:30:00+00:00,2026-06-05 20:00:00+00:00,America/New_York,2026-06-06 19:38:55.050694+00:00,
RHLD,RHLD,success,1458,2026-03-12 13:30:00+00:00,2026-06-05 20:00:00+00:00,America/New_York,2026-06-06 19:38:55.055589+00:00,
RHP,RHP,success,1560,2026-03-12 13:30:00+00:00,2026-06-05 20:00:00+00:00,America/New_York,2026-06-06 19:38:55.060275+00:00,
RICK,RICK,success,1224,2026-03-12 13:30:00+00:00,2026-06-05 20:00:00+00:00,America/New_York,2026-06-06 19:38:55.063215+00:00,
RIG,RIG,success,1561,2026-03-12 13:30:00+00:00,2026-06-05 20:00:00+00:00,America/New_York,2026-06-06 19:38:55.067088+00:00,
RIGL,RIGL,success,1555,2026-03-12 13:30:00+00:00,2026-06-05 20:00:00+00:00,America/New_York,2026-06-06 19:38:55.072121+00:00,
RILY,RILY,success,1561,2026-03-12 13:30:00+00:00,2026-06-05 20:00:00+00:00,America/New_York,2026-06-06 19:38:55.076596+00:00,
RIO,RIO,success,1561,2026-03-12 13:30:00+00:00,2026-06-05 20:00:00+00:00,America/New_York,2026-06-06 19:38:55.079895+00:00,
RIOT,RIOT,success,1561,2026-03-12 13:30:00+00:00,2026-06-05 20:00:00+00:00,America/New_York,2026-06-06 19:38:55.084233+00:00,
RITM,RITM,success,1561,2026-03-12 13:30:00+00:00,2026-06-05 20:00:00+00:00,America/New_York,2026-06-06 19:38:55.089716+00:00,
RIVN,RIVN,success,1561,2026-03-12 13:30:00+00:00,2026-06-05 20:00:00+00:00,America/New_York,2026-06-06 19:38:55.093872+00:00,
RJET,RJET,success,1483,2026-03-12 13:30:00+00:00,2026-06-05 20:00:00+00:00,America/New_York,2026-06-06 19:38:55.096999+00:00,
RJF,RJF,success,1561,2026-03-12 13:30:00+00:00,2026-06-05 20:00:00+00:00,America/New_York,2026-06-06 19:38:55.101236+00:00,
RKLB,RKLB,success,1561,2026-03-12 13:30:00+00:00,2026-06-05 20:00:00+00:00,America/New_York,2026-06-06 19:38:55.106780+00:00,
RKT,RKT,success,1561,2026-03-12 13:30:00+00:00,2026-06-05 20:00:00+00:00,America/New_York,2026-06-06 19:38:55.110538+00:00,
RL,RL,success,1561,2026-03-12 13:30:00+00:00,2026-06-05 20:00:00+00:00,America/New_York,2026-06-06 19:38:55.113607+00:00,
RLAY,RLAY,success,1561,2026-03-12 13:30:00+00:00,2026-06-05 20:00:00+00:00,America/New_York,2026-06-06 19:38:55.117492+00:00,
RLGT,RLGT,success,1500,2026-03-12 13:30:00+00:00,2026-06-05 20:00:00+00:00,America/New_York,2026-06-06 19:38:55.122131+00:00,
RLI,RLI,success,1561,2026-03-12 13:30:00+00:00,2026-06-05 20:00:00+00:00,America/New_York,2026-06-06 19:38:55.126576+00:00,
RLJ,RLJ,success,1561,2026-03-12 13:30:00+00:00,2026-06-05 20:00:00+00:00,America/New_York,2026-06-06 19:38:55.129941+00:00,
RLMD,RLMD,success,1561,2026-03-12 13:30:00+00:00,2026-06-05 20:00:00+00:00,America/New_York,2026-06-06 19:38:55.133876+00:00,
RLYB,RLYB,success,1314,2026-03-12 13:30:00+00:00,2026-06-05 20:00:00+00:00,America/New_York,2026-06-06 19:38:55.138351+00:00,
RM,RM,success,1294,2026-03-12 13:30:00+00:00,2026-06-05 20:00:00+00:00,America/New_York,2026-06-06 19:38:55.142456+00:00,
RMAX,RMAX,success,1558,2026-03-12 13:30:00+00:00,2026-06-05 20:00:00+00:00,America/New_York,2026-06-06 19:38:55.146112+00:00,
RMBI,RMBI,success,940,2026-03-12 13:30:00+00:00,2026-06-05 20:00:00+00:00,America/New_York,2026-06-06 19:38:55.149279+00:00,
RMBS,RMBS,success,1561,2026-03-12 13:30:00+00:00,2026-06-05 20:00:00+00:00,America/New_York,2026-06-06 19:38:55.153699+00:00,
RMD,RMD,success,1561,2026-03-12 13:30:00+00:00,2026-06-05 20:00:00+00:00,America/New_York,2026-06-06 19:38:55.158400+00:00,
RMNI,RMNI,success,1536,2026-03-12 13:30:00+00:00,2026-06-05 20:00:00+00:00,America/New_York,2026-06-06 19:38:55.163507+00:00,
RMR,RMR,success,1503,2026-03-12 13:30:00+00:00,2026-06-05 20:00:00+00:00,America/New_York,2026-06-06 19:38:55.169454+00:00,
RNA,RNA,success,1525,2026-03-12 13:30:00+00:00,2026-06-05 20:00:00+00:00,America/New_York,2026-06-06 19:38:55.176415+00:00,
RNAC,RNAC,success,1523,2026-03-12 13:30:00+00:00,2026-06-05 20:00:00+00:00,America/New_York,2026-06-06 19:38:55.181224+00:00,
RNG,RNG,success,1561,2026-03-12 13:30:00+00:00,2026-06-05 20:00:00+00:00,America/New_York,2026-06-06 19:38:55.186646+00:00,
RNGR,RNGR,success,1537,2026-03-12 13:30:00+00:00,2026-06-05 20:00:00+00:00,America/New_York,2026-06-06 19:38:55.192729+00:00,
RNR,RNR,success,1550,2026-03-12 13:30:00+00:00,2026-06-05 20:00:00+00:00,America/New_York,2026-06-06 19:38:55.196059+00:00,
RNST,RNST,success,1561,2026-03-12 13:30:00+00:00,2026-06-05 20:00:00+00:00,America/New_York,2026-06-06 19:38:55.199223+00:00,
RNW,RNW,success,1561,2026-03-12 13:30:00+00:00,2026-06-05 20:00:00+00:00,America/New_York,2026-06-06 19:38:55.202975+00:00,
ROAD,ROAD,success,1560,2026-03-12 13:30:00+00:00,2026-06-05 20:00:00+00:00,America/New_York,2026-06-06 19:38:55.207599+00:00,
ROC,ROC,success,941,2026-03-12 13:45:00+00:00,2026-06-05 20:00:00+00:00,America/New_York,2026-06-06 19:38:55.210852+00:00,
ROCK,ROCK,success,1557,2026-03-12 13:30:00+00:00,2026-06-05 20:00:00+00:00,America/New_York,2026-06-06 19:38:55.214320+00:00,
ROG,ROG,success,1521,2026-03-12 13:30:00+00:00,2026-06-05 20:00:00+00:00,America/New_York,2026-06-06 19:38:55.218259+00:00,
ROIV,ROIV,success,1561,2026-03-12 13:30:00+00:00,2026-06-05 20:00:00+00:00,America/New_York,2026-06-06 19:38:55.224180+00:00,
ROK,ROK,success,1561,2026-03-12 13:30:00+00:00,2026-06-05 20:00:00+00:00,America/New_York,2026-06-06 19:38:55.228030+00:00,
ROKU,ROKU,success,1561,2026-03-12 13:30:00+00:00,2026-06-05 20:00:00+00:00,America/New_York,2026-06-06 19:38:55.231570+00:00,
ROL,ROL,success,1561,2026-03-12 13:30:00+00:00,2026-06-05 20:00:00+00:00,America/New_York,2026-06-06 19:38:55.237068+00:00,
ROLR,ROLR,success,1490,2026-03-12 13:30:00+00:00,2026-06-05 20:00:00+00:00,America/New_York,2026-06-06 19:38:55.241798+00:00,
ROMA,ROMA,success,1060,2026-03-12 13:30:00+00:00,2026-06-05 20:00:00+00:00,America/New_York,2026-06-06 19:38:55.244894+00:00,
ROOT,ROOT,success,1555,2026-03-12 13:30:00+00:00,2026-06-05 20:00:00+00:00,America/New_York,2026-06-06 19:38:55.248296+00:00,
ROP,ROP,success,1561,2026-03-12 13:30:00+00:00,2026-06-05 20:00:00+00:00,America/New_York,2026-06-06 19:38:55.252340+00:00,
ROST,ROST,success,1561,2026-03-12 13:30:00+00:00,2026-06-05 20:00:00+00:00,America/New_York,2026-06-06 19:38:55.257273+00:00,
RPAY,RPAY,success,1561,2026-03-12 13:30:00+00:00,2026-06-05 20:00:00+00:00,America/New_York,2026-06-06 19:38:55.261249+00:00,
RPC,RPC,success,1561,2026-03-12 13:30:00+00:00,2026-06-05 20:00:00+00:00,America/New_York,2026-06-06 19:38:55.264899+00:00,
RPD,RPD,success,1561,2026-03-12 13:30:00+00:00,2026-06-05 20:00:00+00:00,America/New_York,2026-06-06 19:38:55.269325+00:00,
RPM,RPM,success,1561,2026-03-12 13:30:00+00:00,2026-06-05 20:00:00+00:00,America/New_York,2026-06-06 19:38:55.274372+00:00,
RPRX,RPRX,success,1561,2026-03-12 13:30:00+00:00,2026-06-05 20:00:00+00:00,America/New_York,2026-06-06 19:38:55.278259+00:00,
RPT,RPT,success,972,2026-03-12 13:30:00+00:00,2026-06-05 20:00:00+00:00,America/New_York,2026-06-06 19:38:55.281326+00:00,
RRBI,RRBI,success,1195,2026-03-12 13:30:00+00:00,2026-06-05 20:00:00+00:00,America/New_York,2026-06-06 19:38:55.285017+00:00,
RRC,RRC,success,1561,2026-03-12 13:30:00+00:00,2026-06-05 20:00:00+00:00,America/New_York,2026-06-06 19:38:55.290791+00:00,
RRGB,RRGB,success,1542,2026-03-12 13:30:00+00:00,2026-06-05 20:00:00+00:00,America/New_York,2026-06-06 19:38:55.294702+00:00,
RRR,RRR,success,1561,2026-03-12 13:30:00+00:00,2026-06-05 20:00:00+00:00,America/New_York,2026-06-06 19:38:55.298946+00:00,
RRX,RRX,success,1561,2026-03-12 13:30:00+00:00,2026-06-05 20:00:00+00:00,America/New_York,2026-06-06 19:38:55.304828+00:00,
RS,RS,success,1561,2026-03-12 13:30:00+00:00,2026-06-05 20:00:00+00:00,America/New_York,2026-06-06 19:38:55.310726+00:00,
RSG,RSG,success,1561,2026-03-12 13:30:00+00:00,2026-06-05 20:00:00+00:00,America/New_York,2026-06-06 19:38:55.315119+00:00,
RSI,RSI,success,1561,2026-03-12 13:30:00+00:00,2026-06-05 20:00:00+00:00,America/New_York,2026-06-06 19:38:55.320659+00:00,
RSKD,RSKD,success,1561,2026-03-12 13:30:00+00:00,2026-06-05 20:00:00+00:00,America/New_York,2026-06-06 19:38:55.326845+00:00,
RSVR,RSVR,success,1121,2026-03-12 13:30:00+00:00,2026-06-05 20:00:00+00:00,America/New_York,2026-06-06 19:38:55.331111+00:00,
RTAC,RTAC,success,1097,2026-03-12 13:30:00+00:00,2026-06-05 20:00:00+00:00,America/New_York,2026-06-06 19:38:55.335160+00:00,
RTO,RTO,success,1561,2026-03-12 13:30:00+00:00,2026-06-05 20:00:00+00:00,America/New_York,2026-06-06 19:38:55.340748+00:00,
RTX,RTX,success,1561,2026-03-12 13:30:00+00:00,2026-06-05 20:00:00+00:00,America/New_York,2026-06-06 19:38:55.344458+00:00,
RUM,RUM,success,1561,2026-03-12 13:30:00+00:00,2026-06-05 20:00:00+00:00,America/New_York,2026-06-06 19:38:55.348026+00:00,
RUN,RUN,success,1561,2026-03-12 13:30:00+00:00,2026-06-05 20:00:00+00:00,America/New_York,2026-06-06 19:38:55.352855+00:00,
RUSHA,RUSHA,success,1556,2026-03-12 13:30:00+00:00,2026-06-05 20:00:00+00:00,America/New_York,2026-06-06 19:38:55.358523+00:00,
RVLV,RVLV,success,1561,2026-03-12 13:30:00+00:00,2026-06-05 20:00:00+00:00,America/New_York,2026-06-06 19:38:55.362089+00:00,
RVMD,RVMD,success,1561,2026-03-12 13:30:00+00:00,2026-06-05 20:00:00+00:00,America/New_York,2026-06-06 19:38:55.365431+00:00,
RVSB,RVSB,success,971,2026-03-12 13:30:00+00:00,2026-06-05 20:00:00+00:00,America/New_York,2026-06-06 19:38:55.369770+00:00,
RVTY,RVTY,success,1561,2026-03-12 13:30:00+00:00,2026-06-05 20:00:00+00:00,America/New_York,2026-06-06 19:38:55.375177+00:00,
RWAY,RWAY,success,1561,2026-03-12 13:30:00+00:00,2026-06-05 20:00:00+00:00,America/New_York,2026-06-06 19:38:55.378688+00:00,
RWT,RWT,success,1561,2026-03-12 13:30:00+00:00,2026-06-05 20:00:00+00:00,America/New_York,2026-06-06 19:38:55.382003+00:00,
RXO,RXO,success,1561,2026-03-12 13:30:00+00:00,2026-06-05 20:00:00+00:00,America/New_York,2026-06-06 19:38:55.386090+00:00,
RXRX,RXRX,success,1561,2026-03-12 13:30:00+00:00,2026-06-05 20:00:00+00:00,America/New_York,2026-06-06 19:38:55.391528+00:00,
RXST,RXST,success,1561,2026-03-12 13:30:00+00:00,2026-06-05 20:00:00+00:00,America/New_York,2026-06-06 19:38:55.394957+00:00,
RXT,RXT,success,1561,2026-03-12 13:30:00+00:00,2026-06-05 20:00:00+00:00,America/New_York,2026-06-06 19:38:55.398319+00:00,
RY,RY,success,1561,2026-03-12 13:30:00+00:00,2026-06-05 20:00:00+00:00,America/New_York,2026-06-06 19:38:55.403449+00:00,
RYAAY,RYAAY,success,1561,2026-03-12 13:30:00+00:00,2026-06-05 20:00:00+00:00,America/New_York,2026-06-06 19:38:55.408501+00:00,
RYAM,RYAM,success,1561,2026-03-12 13:30:00+00:00,2026-06-05 20:00:00+00:00,America/New_York,2026-06-06 19:38:55.412006+00:00,
RYAN,RYAN,success,1561,2026-03-12 13:30:00+00:00,2026-06-05 20:00:00+00:00,America/New_York,2026-06-06 19:38:55.415376+00:00,
RYM,RYM,success,483,2026-03-12 14:45:00+00:00,2026-06-05 20:00:00+00:00,America/New_York,2026-06-06 19:38:55.418745+00:00,
RYN,RYN,success,1561,2026-03-12 13:30:00+00:00,2026-06-05 20:00:00+00:00,America/New_York,2026-06-06 19:38:55.424448+00:00,
RYTM,RYTM,success,1560,2026-03-12 13:30:00+00:00,2026-06-05 20:00:00+00:00,America/New_York,2026-06-06 19:38:55.428389+00:00,
RYZ,RYZ,success,1558,2026-03-12 13:30:00+00:00,2026-06-05 20:00:00+00:00,America/New_York,2026-06-06 19:38:55.431817+00:00,
RZLT,RZLT,success,1561,2026-03-12 13:30:00+00:00,2026-06-05 20:00:00+00:00,America/New_York,2026-06-06 19:38:55.436250+00:00,
S,S,success,1561,2026-03-12 13:30:00+00:00,2026-06-05 20:00:00+00:00,America/New_York,2026-06-06 19:38:55.441666+00:00,
SA,SA,success,1561,2026-03-12 13:30:00+00:00,2026-06-05 20:00:00+00:00,America/New_York,2026-06-06 19:38:55.445194+00:00,
SABS,SABS,success,1555,2026-03-12 13:30:00+00:00,2026-06-05 20:00:00+00:00,America/New_York,2026-06-06 19:38:55.448671+00:00,
SAFE,SAFE,success,1561,2026-03-12 13:30:00+00:00,2026-06-05 20:00:00+00:00,America/New_York,2026-06-06 19:38:55.454060+00:00,
SAFT,SAFT,success,1349,2026-03-12 13:30:00+00:00,2026-06-05 20:00:00+00:00,America/New_York,2026-06-06 19:38:55.459091+00:00,
SAGU,SAGU,success,46,2026-05-22 13:30:00+00:00,2026-06-05 13:30:00+00:00,America/New_York,2026-06-06 19:38:55.461352+00:00,
SAH,SAH,success,1549,2026-03-12 13:30:00+00:00,2026-06-05 20:00:00+00:00,America/New_York,2026-06-06 19:38:55.464579+00:00,
SAIA,SAIA,success,1561,2026-03-12 13:30:00+00:00,2026-06-05 20:00:00+00:00,America/New_York,2026-06-06 19:38:55.469098+00:00,
SAIC,SAIC,success,1561,2026-03-12 13:30:00+00:00,2026-06-05 20:00:00+00:00,America/New_York,2026-06-06 19:38:55.475145+00:00,
SAIL,SAIL,success,1561,2026-03-12 13:30:00+00:00,2026-06-05 20:00:00+00:00,America/New_York,2026-06-06 19:38:55.478711+00:00,
SAM,SAM,success,1532,2026-03-12 13:30:00+00:00,2026-06-05 20:00:00+00:00,America/New_York,2026-06-06 19:38:55.482184+00:00,
SAMG,SAMG,success,968,2026-03-12 14:00:00+00:00,2026-06-05 20:00:00+00:00,America/New_York,2026-06-06 19:38:55.487071+00:00,
SAN,SAN,success,1561,2026-03-12 13:30:00+00:00,2026-06-05 20:00:00+00:00,America/New_York,2026-06-06 19:38:55.496691+00:00,
SANM,SANM,success,1560,2026-03-12 13:30:00+00:00,2026-06-05 20:00:00+00:00,America/New_York,2026-06-06 19:38:55.501360+00:00,
SAP,SAP,success,1561,2026-03-12 13:30:00+00:00,2026-06-05 20:00:00+00:00,America/New_York,2026-06-06 19:38:55.507225+00:00,
SAR,SAR,success,1482,2026-03-12 13:30:00+00:00,2026-06-05 20:00:00+00:00,America/New_York,2026-06-06 19:38:55.512054+00:00,
SARO,SARO,success,1561,2026-03-12 13:30:00+00:00,2026-06-05 20:00:00+00:00,America/New_York,2026-06-06 19:38:55.517394+00:00,
SATL,SATL,success,1561,2026-03-12 13:30:00+00:00,2026-06-05 20:00:00+00:00,America/New_York,2026-06-06 19:38:55.526159+00:00,
SATS,SATS,success,1561,2026-03-12 13:30:00+00:00,2026-06-05 20:00:00+00:00,America/New_York,2026-06-06 19:38:55.531353+00:00,
SB,SB,success,1560,2026-03-12 13:30:00+00:00,2026-06-05 20:00:00+00:00,America/New_York,2026-06-06 19:38:55.536754+00:00,
SBAC,SBAC,success,1561,2026-03-12 13:30:00+00:00,2026-06-05 20:00:00+00:00,America/New_York,2026-06-06 19:38:55.542991+00:00,
SBC,SBC,success,1261,2026-03-12 13:30:00+00:00,2026-06-05 20:00:00+00:00,America/New_York,2026-06-06 19:38:55.547157+00:00,
SBCF,SBCF,success,1561,2026-03-12 13:30:00+00:00,2026-06-05 20:00:00+00:00,America/New_York,2026-06-06 19:38:55.551699+00:00,
SBET,SBET,success,1561,2026-03-12 13:30:00+00:00,2026-06-05 20:00:00+00:00,America/New_York,2026-06-06 19:38:55.557982+00:00,
SBFG,SBFG,success,450,2026-03-12 13:30:00+00:00,2026-06-05 20:00:00+00:00,America/New_York,2026-06-06 19:38:55.561641+00:00,
SBGI,SBGI,success,1559,2026-03-12 13:30:00+00:00,2026-06-05 20:00:00+00:00,America/New_York,2026-06-06 19:38:55.566551+00:00,
SBH,SBH,success,1561,2026-03-12 13:30:00+00:00,2026-06-05 20:00:00+00:00,America/New_York,2026-06-06 19:38:55.571540+00:00,
SBLK,SBLK,success,1561,2026-03-12 13:30:00+00:00,2026-06-05 20:00:00+00:00,America/New_York,2026-06-06 19:38:55.578550+00:00,
SBMT,SBMT,success,620,2026-04-30 13:30:00+00:00,2026-06-05 20:00:00+00:00,America/New_York,2026-06-06 19:38:55.582520+00:00,
SBR,SBR,success,1266,2026-03-12 13:30:00+00:00,2026-06-05 20:00:00+00:00,America/New_York,2026-06-06 19:38:55.586547+00:00,
SBRA,SBRA,success,1561,2026-03-12 13:30:00+00:00,2026-06-05 20:00:00+00:00,America/New_York,2026-06-06 19:38:55.592782+00:00,
SBS,SBS,success,1561,2026-03-12 13:30:00+00:00,2026-06-05 20:00:00+00:00,America/New_York,2026-06-06 19:38:55.596227+00:00,
SBSI,SBSI,success,1429,2026-03-12 13:30:00+00:00,2026-06-05 20:00:00+00:00,America/New_York,2026-06-06 19:38:55.599950+00:00,
SBSW,SBSW,success,1561,2026-03-12 13:30:00+00:00,2026-06-05 20:00:00+00:00,America/New_York,2026-06-06 19:38:55.604589+00:00,
SBUX,SBUX,success,1561,2026-03-12 13:30:00+00:00,2026-06-05 20:00:00+00:00,America/New_York,2026-06-06 19:38:55.611109+00:00,
SCCO,SCCO,success,1561,2026-03-12 13:30:00+00:00,2026-06-05 20:00:00+00:00,America/New_York,2026-06-06 19:38:55.615693+00:00,
SCHL,SCHL,success,1558,2026-03-12 13:30:00+00:00,2026-06-05 20:00:00+00:00,America/New_York,2026-06-06 19:38:55.621065+00:00,
SCHW,SCHW,success,1561,2026-03-12 13:30:00+00:00,2026-06-05 20:00:00+00:00,America/New_York,2026-06-06 19:38:55.628205+00:00,
SCI,SCI,success,1561,2026-03-12 13:30:00+00:00,2026-06-05 20:00:00+00:00,America/New_York,2026-06-06 19:38:55.631734+00:00,
SCL,SCL,success,1479,2026-03-12 13:30:00+00:00,2026-06-05 20:00:00+00:00,America/New_York,2026-06-06 19:38:55.636408+00:00,
SCLX,SCLX,success,1162,2026-03-12 13:30:00+00:00,2026-06-05 20:00:00+00:00,America/New_York,2026-06-06 19:38:55.640822+00:00,
SCM,SCM,success,1536,2026-03-12 13:30:00+00:00,2026-06-05 20:00:00+00:00,America/New_York,2026-06-06 19:38:55.645350+00:00,
SCOR,SCOR,success,632,2026-03-12 13:45:00+00:00,2026-06-05 20:00:00+00:00,America/New_York,2026-06-06 19:38:55.648902+00:00,
SCSC,SCSC,success,1529,2026-03-12 13:30:00+00:00,2026-06-05 20:00:00+00:00,America/New_York,2026-06-06 19:38:55.653636+00:00,
SCVL,SCVL,success,1560,2026-03-12 13:30:00+00:00,2026-06-05 20:00:00+00:00,America/New_York,2026-06-06 19:38:55.659126+00:00,
SCZM,SCZM,success,1561,2026-03-12 13:30:00+00:00,2026-06-05 20:00:00+00:00,America/New_York,2026-06-06 19:38:55.663503+00:00,
SD,SD,success,1560,2026-03-12 13:30:00+00:00,2026-06-05 20:00:00+00:00,America/New_York,2026-06-06 19:38:55.668211+00:00,
SDGR,SDGR,success,1561,2026-03-12 13:30:00+00:00,2026-06-05 20:00:00+00:00,America/New_York,2026-06-06 19:38:55.677666+00:00,
SDHC,SDHC,success,1398,2026-03-12 13:30:00+00:00,2026-06-05 20:00:00+00:00,America/New_York,2026-06-06 19:38:55.683075+00:00,
SDRL,SDRL,success,1561,2026-03-12 13:30:00+00:00,2026-06-05 20:00:00+00:00,America/New_York,2026-06-06 19:38:55.688370+00:00,
SE,SE,success,1561,2026-03-12 13:30:00+00:00,2026-06-05 20:00:00+00:00,America/New_York,2026-06-06 19:38:55.695501+00:00,
SEAT,SEAT,success,1374,2026-03-12 13:30:00+00:00,2026-06-05 20:00:00+00:00,America/New_York,2026-06-06 19:38:55.700221+00:00,
SEB,SEB,success,1421,2026-03-12 13:30:00+00:00,2026-06-05 20:00:00+00:00,America/New_York,2026-06-06 19:38:55.705495+00:00,
SEDG,SEDG,success,1561,2026-03-12 13:30:00+00:00,2026-06-05 20:00:00+00:00,America/New_York,2026-06-06 19:38:55.712378+00:00,
SEG,SEG,success,1283,2026-03-12 13:30:00+00:00,2026-06-05 20:00:00+00:00,America/New_York,2026-06-06 19:38:55.717568+00:00,
SEI,SEI,success,1561,2026-03-12 13:30:00+00:00,2026-06-05 20:00:00+00:00,America/New_York,2026-06-06 19:38:55.722392+00:00,
SEIC,SEIC,success,1561,2026-03-12 13:30:00+00:00,2026-06-05 20:00:00+00:00,America/New_York,2026-06-06 19:38:55.729734+00:00,
SELF,SELF,success,747,2026-03-12 13:30:00+00:00,2026-06-05 20:00:00+00:00,America/New_York,2026-06-06 19:38:55.734021+00:00,
SEM,SEM,success,1561,2026-03-12 13:30:00+00:00,2026-06-05 20:00:00+00:00,America/New_York,2026-06-06 19:38:55.741333+00:00,
SENEA,SENEA,success,1268,2026-03-12 13:30:00+00:00,2026-06-05 20:00:00+00:00,America/New_York,2026-06-06 19:38:55.745885+00:00,
SENS,SENS,success,1559,2026-03-12 13:30:00+00:00,2026-06-05 20:00:00+00:00,America/New_York,2026-06-06 19:38:55.750712+00:00,
SEPN,SEPN,success,1546,2026-03-12 13:30:00+00:00,2026-06-05 20:00:00+00:00,America/New_York,2026-06-06 19:38:55.755371+00:00,
SERV,SERV,success,1561,2026-03-12 13:30:00+00:00,2026-06-05 20:00:00+00:00,America/New_York,2026-06-06 19:38:55.761098+00:00,
SEVN,SEVN,success,1365,2026-03-12 13:30:00+00:00,2026-06-05 20:00:00+00:00,America/New_York,2026-06-06 19:38:55.765544+00:00,
SEZL,SEZL,success,1559,2026-03-12 13:30:00+00:00,2026-06-05 20:00:00+00:00,America/New_York,2026-06-06 19:38:55.770385+00:00,
SF,SF,success,1561,2026-03-12 13:30:00+00:00,2026-06-05 20:00:00+00:00,America/New_York,2026-06-06 19:38:55.777544+00:00,
SFBC,SFBC,success,255,2026-03-12 13:30:00+00:00,2026-06-05 20:00:00+00:00,America/New_York,2026-06-06 19:38:55.780719+00:00,
SFBS,SFBS,success,1549,2026-03-12 13:30:00+00:00,2026-06-05 20:00:00+00:00,America/New_York,2026-06-06 19:38:55.784959+00:00,
SFD,SFD,success,1561,2026-03-12 13:30:00+00:00,2026-06-05 20:00:00+00:00,America/New_York,2026-06-06 19:38:55.790674+00:00,
SFIX,SFIX,success,1561,2026-03-12 13:30:00+00:00,2026-06-05 20:00:00+00:00,America/New_York,2026-06-06 19:38:55.795259+00:00,
SFL,SFL,success,1561,2026-03-12 13:30:00+00:00,2026-06-05 20:00:00+00:00,America/New_York,2026-06-06 19:38:55.800039+00:00,
SFM,SFM,success,1561,2026-03-12 13:30:00+00:00,2026-06-05 20:00:00+00:00,America/New_York,2026-06-06 19:38:55.808467+00:00,
SFNC,SFNC,success,1561,2026-03-12 13:30:00+00:00,2026-06-05 20:00:00+00:00,America/New_York,2026-06-06 19:38:55.813671+00:00,
SFST,SFST,success,1308,2026-03-12 13:30:00+00:00,2026-06-05 20:00:00+00:00,America/New_York,2026-06-06 19:38:55.818845+00:00,
SG,SG,success,1561,2026-03-12 13:30:00+00:00,2026-06-05 20:00:00+00:00,America/New_York,2026-06-06 19:38:55.826947+00:00,
SGA,SGA,success,430,2026-03-12 13:30:00+00:00,2026-06-05 20:00:00+00:00,America/New_York,2026-06-06 19:38:55.830644+00:00,
SGC,SGC,success,1050,2026-03-12 13:30:00+00:00,2026-06-05 20:00:00+00:00,America/New_York,2026-06-06 19:38:55.836378+00:00,
SGHC,SGHC,success,1561,2026-03-12 13:30:00+00:00,2026-06-05 20:00:00+00:00,America/New_York,2026-06-06 19:38:55.843154+00:00,
SGHT,SGHT,success,1514,2026-03-12 13:30:00+00:00,2026-06-05 20:00:00+00:00,America/New_York,2026-06-06 19:38:55.847680+00:00,
SGI,SGI,success,1561,2026-03-12 13:30:00+00:00,2026-06-05 20:00:00+00:00,America/New_York,2026-06-06 19:38:55.852478+00:00,
SGML,SGML,success,1561,2026-03-12 13:30:00+00:00,2026-06-05 20:00:00+00:00,America/New_York,2026-06-06 19:38:55.858944+00:00,
SGMT,SGMT,success,1559,2026-03-12 13:30:00+00:00,2026-06-05 20:00:00+00:00,America/New_York,2026-06-06 19:38:55.863398+00:00,
SGP,SGP,success,1145,2026-03-12 13:30:00+00:00,2026-06-05 20:00:00+00:00,America/New_York,2026-06-06 19:38:55.867623+00:00,
SGRY,SGRY,success,1561,2026-03-12 13:30:00+00:00,2026-06-05 20:00:00+00:00,America/New_York,2026-06-06 19:38:55.872952+00:00,
SHAK,SHAK,success,1561,2026-03-12 13:30:00+00:00,2026-06-05 20:00:00+00:00,America/New_York,2026-06-06 19:38:55.877964+00:00,
SHAZ,SHAZ,success,1477,2026-03-12 13:45:00+00:00,2026-06-05 20:00:00+00:00,America/New_York,2026-06-06 19:38:55.945551+00:00,
SHBI,SHBI,success,1531,2026-03-12 13:30:00+00:00,2026-06-05 20:00:00+00:00,America/New_York,2026-06-06 19:38:55.950237+00:00,
SHC,SHC,success,1561,2026-03-12 13:30:00+00:00,2026-06-05 20:00:00+00:00,America/New_York,2026-06-06 19:38:55.956981+00:00,
SHEL,SHEL,success,1561,2026-03-12 13:30:00+00:00,2026-06-05 20:00:00+00:00,America/New_York,2026-06-06 19:38:55.962002+00:00,
SHEN,SHEN,success,1543,2026-03-12 13:30:00+00:00,2026-06-05 20:00:00+00:00,America/New_York,2026-06-06 19:38:55.966755+00:00,
SHG,SHG,success,1558,2026-03-12 13:30:00+00:00,2026-06-05 20:00:00+00:00,America/New_York,2026-06-06 19:38:55.975497+00:00,
SHIM,SHIM,success,1294,2026-03-12 13:30:00+00:00,2026-06-05 20:00:00+00:00,America/New_York,2026-06-06 19:38:55.980439+00:00,
SHIP,SHIP,success,1553,2026-03-12 13:30:00+00:00,2026-06-05 20:00:00+00:00,America/New_York,2026-06-06 19:38:55.985248+00:00,
SHLS,SHLS,success,1561,2026-03-12 13:30:00+00:00,2026-06-05 20:00:00+00:00,America/New_York,2026-06-06 19:38:55.992768+00:00,
SHMD,SHMD,success,1559,2026-03-12 13:30:00+00:00,2026-06-05 20:00:00+00:00,America/New_York,2026-06-06 19:38:55.997601+00:00,
SHO,SHO,success,1561,2026-03-12 13:30:00+00:00,2026-06-05 20:00:00+00:00,America/New_York,2026-06-06 19:38:56.002774+00:00,
SHOO,SHOO,success,1561,2026-03-12 13:30:00+00:00,2026-06-05 20:00:00+00:00,America/New_York,2026-06-06 19:38:56.009955+00:00,
SHOP,SHOP,success,1561,2026-03-12 13:30:00+00:00,2026-06-05 20:00:00+00:00,America/New_York,2026-06-06 19:38:56.014614+00:00,
SHW,SHW,success,1561,2026-03-12 13:30:00+00:00,2026-06-05 20:00:00+00:00,America/New_York,2026-06-06 19:38:56.019663+00:00,
SI,SI,success,1247,2026-03-12 13:30:00+00:00,2026-06-05 20:00:00+00:00,America/New_York,2026-06-06 19:38:56.027246+00:00,
SIBN,SIBN,success,1560,2026-03-12 13:30:00+00:00,2026-06-05 20:00:00+00:00,America/New_York,2026-06-06 19:38:56.032041+00:00,
SIDU,SIDU,success,1561,2026-03-12 13:30:00+00:00,2026-06-05 20:00:00+00:00,America/New_York,2026-06-06 19:38:56.036914+00:00,
SIF,SIF,success,1334,2026-03-12 13:30:00+00:00,2026-06-05 20:00:00+00:00,America/New_York,2026-06-06 19:38:56.042441+00:00,
SIFY,SIFY,success,1206,2026-03-12 13:30:00+00:00,2026-06-05 20:00:00+00:00,America/New_York,2026-06-06 19:38:56.046121+00:00,
SIG,SIG,success,1561,2026-03-12 13:30:00+00:00,2026-06-05 20:00:00+00:00,America/New_York,2026-06-06 19:38:56.049862+00:00,
SIGA,SIGA,success,1561,2026-03-12 13:30:00+00:00,2026-06-05 20:00:00+00:00,America/New_York,2026-06-06 19:38:56.054680+00:00,
SIGI,SIGI,success,1560,2026-03-12 13:30:00+00:00,2026-06-05 20:00:00+00:00,America/New_York,2026-06-06 19:38:56.060668+00:00,
SII,SII,success,1555,2026-03-12 13:30:00+00:00,2026-06-05 20:00:00+00:00,America/New_York,2026-06-06 19:38:56.065174+00:00,
SILA,SILA,success,1558,2026-03-12 13:30:00+00:00,2026-06-05 20:00:00+00:00,America/New_York,2026-06-06 19:38:56.070383+00:00,
SILC,SILC,success,1252,2026-03-12 13:30:00+00:00,2026-06-05 20:00:00+00:00,America/New_York,2026-06-06 19:38:56.077415+00:00,
SIMO,SIMO,success,1560,2026-03-12 13:30:00+00:00,2026-06-05 20:00:00+00:00,America/New_York,2026-06-06 19:38:56.081099+00:00,
SION,SION,success,1549,2026-03-12 13:30:00+00:00,2026-06-05 20:00:00+00:00,America/New_York,2026-06-06 19:38:56.085100+00:00,
SIRI,SIRI,success,1561,2026-03-12 13:30:00+00:00,2026-06-05 20:00:00+00:00,America/New_York,2026-06-06 19:38:56.090258+00:00,
SITC,SITC,success,1561,2026-03-12 13:30:00+00:00,2026-06-05 20:00:00+00:00,America/New_York,2026-06-06 19:38:56.094654+00:00,
SITE,SITE,success,1561,2026-03-12 13:30:00+00:00,2026-06-05 20:00:00+00:00,America/New_York,2026-06-06 19:38:56.099140+00:00,
SITM,SITM,success,1561,2026-03-12 13:30:00+00:00,2026-06-05 20:00:00+00:00,America/New_York,2026-06-06 19:38:56.104738+00:00,
SJM,SJM,success,1561,2026-03-12 13:30:00+00:00,2026-06-05 20:00:00+00:00,America/New_York,2026-06-06 19:38:56.111119+00:00,
SJT,SJT,success,1486,2026-03-12 13:30:00+00:00,2026-06-05 20:00:00+00:00,America/New_York,2026-06-06 19:38:56.114913+00:00,
SKBL,SKBL,success,1339,2026-03-12 13:30:00+00:00,2026-06-05 20:00:00+00:00,America/New_York,2026-06-06 19:38:56.119185+00:00,
SKE,SKE,success,1561,2026-03-12 13:30:00+00:00,2026-06-05 20:00:00+00:00,America/New_York,2026-06-06 19:38:56.123103+00:00,
SKIL,SKIL,success,1426,2026-03-12 13:30:00+00:00,2026-06-05 20:00:00+00:00,America/New_York,2026-06-06 19:38:56.128049+00:00,
SKLZ,SKLZ,success,1445,2026-03-12 13:30:00+00:00,2026-06-05 20:00:00+00:00,America/New_York,2026-06-06 19:38:56.132841+00:00,
SKM,SKM,success,1561,2026-03-12 13:30:00+00:00,2026-06-05 20:00:00+00:00,America/New_York,2026-06-06 19:38:56.138780+00:00,
SKT,SKT,success,1561,2026-03-12 13:30:00+00:00,2026-06-05 20:00:00+00:00,America/New_York,2026-06-06 19:38:56.145999+00:00,
SKWD,SKWD,success,1559,2026-03-12 13:30:00+00:00,2026-06-05 20:00:00+00:00,America/New_York,2026-06-06 19:38:56.150739+00:00,
SKY,SKY,success,1561,2026-03-12 13:30:00+00:00,2026-06-05 20:00:00+00:00,America/New_York,2026-06-06 19:38:56.155280+00:00,
SKYH,SKYH,success,1470,2026-03-12 13:30:00+00:00,2026-06-05 20:00:00+00:00,America/New_York,2026-06-06 19:38:56.160016+00:00,
SKYT,SKYT,success,1561,2026-03-12 13:30:00+00:00,2026-06-05 20:00:00+00:00,America/New_York,2026-06-06 19:38:56.163942+00:00,
SKYW,SKYW,success,1561,2026-03-12 13:30:00+00:00,2026-06-05 20:00:00+00:00,America/New_York,2026-06-06 19:38:56.168524+00:00,
SLAB,SLAB,success,1556,2026-03-12 13:30:00+00:00,2026-06-05 20:00:00+00:00,America/New_York,2026-06-06 19:38:56.174149+00:00,
SLB,SLB,success,1561,2026-03-12 13:30:00+00:00,2026-06-05 20:00:00+00:00,America/New_York,2026-06-06 19:38:56.178108+00:00,
SLDB,SLDB,success,1561,2026-03-12 13:30:00+00:00,2026-06-05 20:00:00+00:00,America/New_York,2026-06-06 19:38:56.181146+00:00,
SLDE,SLDE,success,1561,2026-03-12 13:30:00+00:00,2026-06-05 20:00:00+00:00,America/New_York,2026-06-06 19:38:56.184148+00:00,
SLF,SLF,success,1561,2026-03-12 13:30:00+00:00,2026-06-05 20:00:00+00:00,America/New_York,2026-06-06 19:38:56.187926+00:00,
SLG,SLG,success,1561,2026-03-12 13:30:00+00:00,2026-06-05 20:00:00+00:00,America/New_York,2026-06-06 19:38:56.192338+00:00,
SLGL,SLGL,success,655,2026-03-12 13:30:00+00:00,2026-06-05 20:00:00+00:00,America/New_York,2026-06-06 19:38:56.195016+00:00,
SLGN,SLGN,success,1561,2026-03-12 13:30:00+00:00,2026-06-05 20:00:00+00:00,America/New_York,2026-06-06 19:38:56.198389+00:00,
SLI,SLI,success,1561,2026-03-12 13:30:00+00:00,2026-06-05 20:00:00+00:00,America/New_York,2026-06-06 19:38:56.202548+00:00,
SLM,SLM,success,1561,2026-03-12 13:30:00+00:00,2026-06-05 20:00:00+00:00,America/New_York,2026-06-06 19:38:56.208361+00:00,
SLMT,SLMT,success,1507,2026-03-12 13:30:00+00:00,2026-06-05 20:00:00+00:00,America/New_York,2026-06-06 19:38:56.213505+00:00,
SLN,SLN,success,1520,2026-03-12 13:30:00+00:00,2026-06-05 20:00:00+00:00,America/New_York,2026-06-06 19:38:56.218174+00:00,
SLNG,SLNG,success,840,2026-03-12 13:30:00+00:00,2026-06-05 20:00:00+00:00,America/New_York,2026-06-06 19:38:56.222431+00:00,
SLP,SLP,success,1555,2026-03-12 13:30:00+00:00,2026-06-05 20:00:00+00:00,America/New_York,2026-06-06 19:38:56.231104+00:00,
SLRC,SLRC,success,1558,2026-03-12 13:30:00+00:00,2026-06-05 20:00:00+00:00,America/New_York,2026-06-06 19:38:56.236130+00:00,
SLS,SLS,success,1561,2026-03-12 13:30:00+00:00,2026-06-05 20:00:00+00:00,America/New_York,2026-06-06 19:38:56.242278+00:00,
SLSR,SLSR,success,1504,2026-03-12 13:30:00+00:00,2026-06-05 20:00:00+00:00,America/New_York,2026-06-06 19:38:56.246805+00:00,
SLVM,SLVM,success,1557,2026-03-12 13:30:00+00:00,2026-06-05 20:00:00+00:00,America/New_York,2026-06-06 19:38:56.251756+00:00,
SM,SM,success,1561,2026-03-12 13:30:00+00:00,2026-06-05 20:00:00+00:00,America/New_York,2026-06-06 19:38:56.256673+00:00,
SMA,SMA,success,1560,2026-03-12 13:30:00+00:00,2026-06-05 20:00:00+00:00,America/New_York,2026-06-06 19:38:56.261641+00:00,
SMBC,SMBC,success,1234,2026-03-12 13:30:00+00:00,2026-06-05 20:00:00+00:00,America/New_York,2026-06-06 19:38:56.265882+00:00,
SMBK,SMBK,success,1287,2026-03-12 13:30:00+00:00,2026-06-05 20:00:00+00:00,America/New_York,2026-06-06 19:38:56.271399+00:00,
SMCI,SMCI,success,1561,2026-03-12 13:30:00+00:00,2026-06-05 20:00:00+00:00,America/New_York,2026-06-06 19:38:56.278675+00:00,
SMFG,SMFG,success,1561,2026-03-12 13:30:00+00:00,2026-06-05 20:00:00+00:00,America/New_York,2026-06-06 19:38:56.284294+00:00,
SMG,SMG,success,1561,2026-03-12 13:30:00+00:00,2026-06-05 20:00:00+00:00,America/New_York,2026-06-06 19:38:56.288899+00:00,
SMHI,SMHI,success,1383,2026-03-12 13:30:00+00:00,2026-06-05 20:00:00+00:00,America/New_York,2026-06-06 19:38:56.295204+00:00,
SMID,SMID,success,506,2026-03-12 13:45:00+00:00,2026-06-05 20:00:00+00:00,America/New_York,2026-06-06 19:38:56.299119+00:00,
SMJF,SMJF,success,1212,2026-03-12 13:30:00+00:00,2026-06-05 20:00:00+00:00,America/New_York,2026-06-06 19:38:56.304037+00:00,
SMMT,SMMT,success,1561,2026-03-12 13:30:00+00:00,2026-06-05 20:00:00+00:00,America/New_York,2026-06-06 19:38:56.309727+00:00,
SMP,SMP,success,1442,2026-03-12 13:30:00+00:00,2026-06-05 20:00:00+00:00,America/New_York,2026-06-06 19:38:56.314564+00:00,
SMPL,SMPL,success,1561,2026-03-12 13:30:00+00:00,2026-06-05 20:00:00+00:00,America/New_York,2026-06-06 19:38:56.319146+00:00,
SMR,SMR,success,1561,2026-03-12 13:30:00+00:00,2026-06-05 20:00:00+00:00,America/New_York,2026-06-06 19:38:56.327751+00:00,
SMTC,SMTC,success,1561,2026-03-12 13:30:00+00:00,2026-06-05 20:00:00+00:00,America/New_York,2026-06-06 19:38:56.333507+00:00,
SMTI,SMTI,success,1092,2026-03-12 13:30:00+00:00,2026-06-05 20:00:00+00:00,America/New_York,2026-06-06 19:38:56.338431+00:00,
SMWB,SMWB,success,1560,2026-03-12 13:30:00+00:00,2026-06-05 20:00:00+00:00,America/New_York,2026-06-06 19:38:56.345708+00:00,
SN,SN,success,1561,2026-03-12 13:30:00+00:00,2026-06-05 20:00:00+00:00,America/New_York,2026-06-06 19:38:56.351784+00:00,
SNA,SNA,success,1561,2026-03-12 13:30:00+00:00,2026-06-05 20:00:00+00:00,America/New_York,2026-06-06 19:38:56.357552+00:00,
SNAP,SNAP,success,1561,2026-03-12 13:30:00+00:00,2026-06-05 20:00:00+00:00,America/New_York,2026-06-06 19:38:56.362399+00:00,
SND,SND,success,1546,2026-03-12 13:30:00+00:00,2026-06-05 20:00:00+00:00,America/New_York,2026-06-06 19:38:56.367042+00:00,
SNDA,SNDA,success,1561,2026-03-12 13:30:00+00:00,2026-06-05 20:00:00+00:00,America/New_York,2026-06-06 19:38:56.372156+00:00,
SNDK,SNDK,success,1561,2026-03-12 13:30:00+00:00,2026-06-05 20:00:00+00:00,America/New_York,2026-06-06 19:38:56.378974+00:00,
SNDR,SNDR,success,1561,2026-03-12 13:30:00+00:00,2026-06-05 20:00:00+00:00,America/New_York,2026-06-06 19:38:56.383930+00:00,
SNDX,SNDX,success,1561,2026-03-12 13:30:00+00:00,2026-06-05 20:00:00+00:00,America/New_York,2026-06-06 19:38:56.388975+00:00,
SNEX,SNEX,success,1560,2026-03-12 13:30:00+00:00,2026-06-05 20:00:00+00:00,America/New_York,2026-06-06 19:38:56.395882+00:00,
SNFCA,SNFCA,success,943,2026-03-12 13:30:00+00:00,2026-06-05 20:00:00+00:00,America/New_York,2026-06-06 19:38:56.400218+00:00,
SNN,SNN,success,1561,2026-03-12 13:30:00+00:00,2026-06-05 20:00:00+00:00,America/New_York,2026-06-06 19:38:56.410987+00:00,
SNOW,SNOW,success,1561,2026-03-12 13:30:00+00:00,2026-06-05 20:00:00+00:00,America/New_York,2026-06-06 19:38:56.416632+00:00,
SNPS,SNPS,success,1561,2026-03-12 13:30:00+00:00,2026-06-05 20:00:00+00:00,America/New_York,2026-06-06 19:38:56.425689+00:00,
SNWV,SNWV,success,1322,2026-03-12 13:30:00+00:00,2026-06-05 20:00:00+00:00,America/New_York,2026-06-06 19:38:56.430251+00:00,
SNX,SNX,success,1561,2026-03-12 13:30:00+00:00,2026-06-05 20:00:00+00:00,America/New_York,2026-06-06 19:38:56.435589+00:00,
SNY,SNY,success,1561,2026-03-12 13:30:00+00:00,2026-06-05 20:00:00+00:00,America/New_York,2026-06-06 19:38:56.443234+00:00,
SO,SO,success,1561,2026-03-12 13:30:00+00:00,2026-06-05 20:00:00+00:00,America/New_York,2026-06-06 19:38:56.447701+00:00,
SOBO,SOBO,success,1561,2026-03-12 13:30:00+00:00,2026-06-05 20:00:00+00:00,America/New_York,2026-06-06 19:38:56.452100+00:00,
SOC,SOC,success,1561,2026-03-12 13:30:00+00:00,2026-06-05 20:00:00+00:00,America/New_York,2026-06-06 19:38:56.458544+00:00,
SOFI,SOFI,success,1561,2026-03-12 13:30:00+00:00,2026-06-05 20:00:00+00:00,America/New_York,2026-06-06 19:38:56.462933+00:00,
SOGP,SOGP,success,748,2026-03-12 13:45:00+00:00,2026-06-05 20:00:00+00:00,America/New_York,2026-06-06 19:38:56.467000+00:00,
SOHU,SOHU,success,1020,2026-03-12 14:00:00+00:00,2026-06-05 20:00:00+00:00,America/New_York,2026-06-06 19:38:56.471989+00:00,
SOLS,SOLS,success,1561,2026-03-12 13:30:00+00:00,2026-06-05 20:00:00+00:00,America/New_York,2026-06-06 19:38:56.478575+00:00,
SOLV,SOLV,success,1561,2026-03-12 13:30:00+00:00,2026-06-05 20:00:00+00:00,America/New_York,2026-06-06 19:38:56.483953+00:00,
SON,SON,success,1561,2026-03-12 13:30:00+00:00,2026-06-05 20:00:00+00:00,America/New_York,2026-06-06 19:38:56.491052+00:00,
SONO,SONO,success,1561,2026-03-12 13:30:00+00:00,2026-06-05 20:00:00+00:00,America/New_York,2026-06-06 19:38:56.496944+00:00,
SONY,SONY,success,1561,2026-03-12 13:30:00+00:00,2026-06-05 20:00:00+00:00,America/New_York,2026-06-06 19:38:56.501236+00:00,
SOPH,SOPH,success,1312,2026-03-12 13:30:00+00:00,2026-06-05 20:00:00+00:00,America/New_York,2026-06-06 19:38:56.504817+00:00,
SOTK,SOTK,success,837,2026-03-12 13:30:00+00:00,2026-06-05 20:00:00+00:00,America/New_York,2026-06-06 19:38:56.508159+00:00,
SOUL,SOUL,success,235,2026-03-12 13:30:00+00:00,2026-06-05 13:45:00+00:00,America/New_York,2026-06-06 19:38:56.510555+00:00,
SOUN,SOUN,success,1561,2026-03-12 13:30:00+00:00,2026-06-05 20:00:00+00:00,America/New_York,2026-06-06 19:38:56.513727+00:00,
SPAI,SPAI,success,1504,2026-03-12 13:30:00+00:00,2026-06-05 20:00:00+00:00,America/New_York,2026-06-06 19:38:56.518953+00:00,
SPB,SPB,success,1560,2026-03-12 13:30:00+00:00,2026-06-05 20:00:00+00:00,America/New_York,2026-06-06 19:38:56.526616+00:00,
SPCE,SPCE,success,1561,2026-03-12 13:30:00+00:00,2026-06-05 20:00:00+00:00,America/New_York,2026-06-06 19:38:56.531169+00:00,
SPFI,SPFI,success,1326,2026-03-12 13:30:00+00:00,2026-06-05 20:00:00+00:00,America/New_York,2026-06-06 19:38:56.535871+00:00,
SPG,SPG,success,1561,2026-03-12 13:30:00+00:00,2026-06-05 20:00:00+00:00,America/New_York,2026-06-06 19:38:56.542907+00:00,
SPGI,SPGI,success,1561,2026-03-12 13:30:00+00:00,2026-06-05 20:00:00+00:00,America/New_York,2026-06-06 19:38:56.547791+00:00,
SPHR,SPHR,success,1534,2026-03-13 13:30:00+00:00,2026-06-05 20:00:00+00:00,America/New_York,2026-06-06 19:38:56.552804+00:00,
SPIR,SPIR,success,1561,2026-03-12 13:30:00+00:00,2026-06-05 20:00:00+00:00,America/New_York,2026-06-06 19:38:56.560291+00:00,
SPNT,SPNT,success,1561,2026-03-12 13:30:00+00:00,2026-06-05 20:00:00+00:00,America/New_York,2026-06-06 19:38:56.565230+00:00,
SPOK,SPOK,success,1522,2026-03-12 13:30:00+00:00,2026-06-05 20:00:00+00:00,America/New_York,2026-06-06 19:38:56.570352+00:00,
SPOT,SPOT,success,1561,2026-03-12 13:30:00+00:00,2026-06-05 20:00:00+00:00,America/New_York,2026-06-06 19:38:56.577843+00:00,
SPRB,SPRB,success,1158,2026-03-12 13:30:00+00:00,2026-06-05 20:00:00+00:00,America/New_York,2026-06-06 19:38:56.582309+00:00,
SPRY,SPRY,success,1561,2026-03-12 13:30:00+00:00,2026-06-05 20:00:00+00:00,America/New_York,2026-06-06 19:38:56.586856+00:00,
SPSC,SPSC,success,1560,2026-03-12 13:30:00+00:00,2026-06-05 20:00:00+00:00,America/New_York,2026-06-06 19:38:56.591124+00:00,
SPT,SPT,success,1561,2026-03-12 13:30:00+00:00,2026-06-05 20:00:00+00:00,America/New_York,2026-06-06 19:38:56.594511+00:00,
SPTX,SPTX,success,603,2026-05-01 13:30:00+00:00,2026-06-05 20:00:00+00:00,America/New_York,2026-06-06 19:38:56.596991+00:00,
SPXC,SPXC,success,1560,2026-03-12 13:30:00+00:00,2026-06-05 20:00:00+00:00,America/New_York,2026-06-06 19:38:56.600095+00:00,
SPY,SPY,success,1561,2026-03-12 13:30:00+00:00,2026-06-05 20:00:00+00:00,America/New_York,2026-06-06 19:38:56.603315+00:00,
SQM,SQM,success,1561,2026-03-12 13:30:00+00:00,2026-06-05 20:00:00+00:00,America/New_York,2026-06-06 19:38:56.607377+00:00,
SQNS,SQNS,success,1417,2026-03-12 13:30:00+00:00,2026-06-05 20:00:00+00:00,America/New_York,2026-06-06 19:38:56.611924+00:00,
SR,SR,success,1559,2026-03-12 13:30:00+00:00,2026-06-05 20:00:00+00:00,America/New_York,2026-06-06 19:38:56.616803+00:00,
SRAD,SRAD,success,1561,2026-03-12 13:30:00+00:00,2026-06-05 20:00:00+00:00,America/New_York,2026-06-06 19:38:56.622062+00:00,
SRBK,SRBK,success,1083,2026-03-12 13:30:00+00:00,2026-06-05 20:00:00+00:00,America/New_York,2026-06-06 19:38:56.626534+00:00,
SRCE,SRCE,success,1487,2026-03-12 13:30:00+00:00,2026-06-05 20:00:00+00:00,America/New_York,2026-06-06 19:38:56.629773+00:00,
SRE,SRE,success,1561,2026-03-12 13:30:00+00:00,2026-06-05 20:00:00+00:00,America/New_York,2026-06-06 19:38:56.632805+00:00,
SRI,SRI,success,1536,2026-03-12 13:30:00+00:00,2026-06-05 20:00:00+00:00,America/New_York,2026-06-06 19:38:56.636814+00:00,
SRPT,SRPT,success,1561,2026-03-12 13:30:00+00:00,2026-06-05 20:00:00+00:00,America/New_York,2026-06-06 19:38:56.641349+00:00,
SRRK,SRRK,success,1561,2026-03-12 13:30:00+00:00,2026-06-05 20:00:00+00:00,America/New_York,2026-06-06 19:38:56.645171+00:00,
SRTA,SRTA,success,1560,2026-03-12 13:30:00+00:00,2026-06-05 20:00:00+00:00,America/New_York,2026-06-06 19:38:56.648689+00:00,
SRZN,SRZN,success,1287,2026-03-12 13:30:00+00:00,2026-06-05 20:00:00+00:00,America/New_York,2026-06-06 19:38:56.653001+00:00,
SSAC,SSAC,success,190,2026-03-12 13:30:00+00:00,2026-06-05 20:00:00+00:00,America/New_York,2026-06-06 19:38:56.657243+00:00,
SSB,SSB,success,1561,2026-03-12 13:30:00+00:00,2026-06-05 20:00:00+00:00,America/New_York,2026-06-06 19:38:56.661804+00:00,
SSD,SSD,success,1550,2026-03-12 13:30:00+00:00,2026-06-05 20:00:00+00:00,America/New_York,2026-06-06 19:38:56.667218+00:00,
SSII,SSII,success,1085,2026-03-12 13:30:00+00:00,2026-06-05 20:00:00+00:00,America/New_York,2026-06-06 19:38:56.672829+00:00,
SSL,SSL,success,1561,2026-03-12 13:30:00+00:00,2026-06-05 20:00:00+00:00,America/New_York,2026-06-06 19:38:56.677813+00:00,
SSNC,SSNC,success,1561,2026-03-12 13:30:00+00:00,2026-06-05 20:00:00+00:00,America/New_York,2026-06-06 19:38:56.681443+00:00,
SSP,SSP,success,1560,2026-03-12 13:30:00+00:00,2026-06-05 20:00:00+00:00,America/New_York,2026-06-06 19:38:56.685934+00:00,
SSRM,SSRM,success,1561,2026-03-12 13:30:00+00:00,2026-06-05 20:00:00+00:00,America/New_York,2026-06-06 19:38:56.692901+00:00,
SSSS,SSSS,success,1555,2026-03-12 13:30:00+00:00,2026-06-05 20:00:00+00:00,America/New_York,2026-06-06 19:38:56.697152+00:00,
SSTI,SSTI,success,1455,2026-03-12 13:30:00+00:00,2026-06-05 20:00:00+00:00,America/New_York,2026-06-06 19:38:56.701183+00:00,
SSTK,SSTK,success,1558,2026-03-12 13:30:00+00:00,2026-06-05 20:00:00+00:00,America/New_York,2026-06-06 19:38:56.705435+00:00,
SSYS,SSYS,success,1560,2026-03-12 13:30:00+00:00,2026-06-05 20:00:00+00:00,America/New_York,2026-06-06 19:38:56.711461+00:00,
ST,ST,success,1561,2026-03-12 13:30:00+00:00,2026-06-05 20:00:00+00:00,America/New_York,2026-06-06 19:38:56.716019+00:00,
STAA,STAA,success,1561,2026-03-12 13:30:00+00:00,2026-06-05 20:00:00+00:00,America/New_York,2026-06-06 19:38:56.721306+00:00,
STAG,STAG,success,1561,2026-03-12 13:30:00+00:00,2026-06-05 20:00:00+00:00,America/New_York,2026-06-06 19:38:56.729354+00:00,
STBA,STBA,success,1543,2026-03-12 13:30:00+00:00,2026-06-05 20:00:00+00:00,America/New_York,2026-06-06 19:38:56.734365+00:00,
STC,STC,success,1517,2026-03-12 13:30:00+00:00,2026-06-05 20:00:00+00:00,America/New_York,2026-06-06 19:38:56.739073+00:00,
STE,STE,success,1560,2026-03-12 13:30:00+00:00,2026-06-05 20:00:00+00:00,America/New_York,2026-06-06 19:38:56.745250+00:00,
STEL,STEL,success,1561,2026-03-12 13:30:00+00:00,2026-06-05 20:00:00+00:00,America/New_York,2026-06-06 19:38:56.748985+00:00,
STEM,STEM,success,1517,2026-03-12 13:30:00+00:00,2026-06-05 20:00:00+00:00,America/New_York,2026-06-06 19:38:56.753398+00:00,
STEP,STEP,success,1561,2026-03-12 13:30:00+00:00,2026-06-05 20:00:00+00:00,America/New_York,2026-06-06 19:38:56.758325+00:00,
STGW,STGW,success,1561,2026-03-12 13:30:00+00:00,2026-06-05 20:00:00+00:00,America/New_York,2026-06-06 19:38:56.762680+00:00,
STHO,STHO,success,631,2026-03-12 13:30:00+00:00,2026-06-05 20:00:00+00:00,America/New_York,2026-06-06 19:38:56.766823+00:00,
STI,STI,success,1153,2026-03-12 13:30:00+00:00,2026-06-05 20:00:00+00:00,America/New_York,2026-06-06 19:38:56.771417+00:00,
STLA,STLA,success,1560,2026-03-12 13:30:00+00:00,2026-06-05 20:00:00+00:00,America/New_York,2026-06-06 19:38:56.779000+00:00,
STLD,STLD,success,1561,2026-03-12 13:30:00+00:00,2026-06-05 20:00:00+00:00,America/New_York,2026-06-06 19:38:56.783528+00:00,
STM,STM,success,1561,2026-03-12 13:30:00+00:00,2026-06-05 20:00:00+00:00,America/New_York,2026-06-06 19:38:56.788045+00:00,
STN,STN,success,1561,2026-03-12 13:30:00+00:00,2026-06-05 20:00:00+00:00,America/New_York,2026-06-06 19:38:56.793531+00:00,
STNE,STNE,success,1561,2026-03-12 13:30:00+00:00,2026-06-05 20:00:00+00:00,America/New_York,2026-06-06 19:38:56.798619+00:00,
STNG,STNG,success,1561,2026-03-12 13:30:00+00:00,2026-06-05 20:00:00+00:00,America/New_York,2026-06-06 19:38:56.803743+00:00,
STOK,STOK,success,1560,2026-03-12 13:30:00+00:00,2026-06-05 20:00:00+00:00,America/New_York,2026-06-06 19:38:56.811897+00:00,
STRA,STRA,success,1541,2026-03-12 13:30:00+00:00,2026-06-05 20:00:00+00:00,America/New_York,2026-06-06 19:38:56.817536+00:00,
STRL,STRL,success,1561,2026-03-12 13:30:00+00:00,2026-06-05 20:00:00+00:00,America/New_York,2026-06-06 19:38:56.822456+00:00,
STRO,STRO,success,1535,2026-03-12 13:30:00+00:00,2026-06-05 20:00:00+00:00,America/New_York,2026-06-06 19:38:56.829311+00:00,
STRS,STRS,success,735,2026-03-12 13:45:00+00:00,2026-06-05 20:00:00+00:00,America/New_York,2026-06-06 19:38:56.833274+00:00,
STRT,STRT,success,1347,2026-03-12 13:30:00+00:00,2026-06-05 20:00:00+00:00,America/New_York,2026-06-06 19:38:56.838064+00:00,
STRW,STRW,success,830,2026-03-12 13:30:00+00:00,2026-06-05 20:00:00+00:00,America/New_York,2026-06-06 19:38:56.844692+00:00,
STRZ,STRZ,success,1479,2026-03-12 13:30:00+00:00,2026-06-05 20:00:00+00:00,America/New_York,2026-06-06 19:38:56.849904+00:00,
STT,STT,success,1561,2026-03-12 13:30:00+00:00,2026-06-05 20:00:00+00:00,America/New_York,2026-06-06 19:38:56.854958+00:00,
STTK,STTK,success,1560,2026-03-12 13:30:00+00:00,2026-06-05 20:00:00+00:00,America/New_York,2026-06-06 19:38:56.862885+00:00,
STUB,STUB,success,1561,2026-03-12 13:30:00+00:00,2026-06-05 20:00:00+00:00,America/New_York,2026-06-06 19:38:56.867882+00:00,
STVN,STVN,success,1551,2026-03-12 13:30:00+00:00,2026-06-05 20:00:00+00:00,America/New_York,2026-06-06 19:38:56.876784+00:00,
STWD,STWD,success,1561,2026-03-12 13:30:00+00:00,2026-06-05 20:00:00+00:00,America/New_York,2026-06-06 19:38:56.881664+00:00,
STX,STX,success,1561,2026-03-12 13:30:00+00:00,2026-06-05 20:00:00+00:00,America/New_York,2026-06-06 19:38:56.886285+00:00,
STZ,STZ,success,1561,2026-03-12 13:30:00+00:00,2026-06-05 20:00:00+00:00,America/New_York,2026-06-06 19:38:56.894533+00:00,
SU,SU,success,1561,2026-03-12 13:30:00+00:00,2026-06-05 20:00:00+00:00,America/New_York,2026-06-06 19:38:56.899388+00:00,
SUI,SUI,success,1561,2026-03-12 13:30:00+00:00,2026-06-05 20:00:00+00:00,America/New_York,2026-06-06 19:38:56.904440+00:00,
SUMA,SUMA,success,95,2026-04-20 14:30:00+00:00,2026-06-04 19:45:00+00:00,America/New_York,2026-06-06 19:38:56.910660+00:00,
SUNB,SUNB,success,1561,2026-03-12 13:30:00+00:00,2026-06-05 20:00:00+00:00,America/New_York,2026-06-06 19:38:56.915533+00:00,
SUNC,SUNC,success,1560,2026-03-12 13:30:00+00:00,2026-06-05 20:00:00+00:00,America/New_York,2026-06-06 19:38:56.920778+00:00,
SUNS,SUNS,success,1406,2026-03-12 13:30:00+00:00,2026-06-05 20:00:00+00:00,America/New_York,2026-06-06 19:38:56.929732+00:00,
SUPN,SUPN,success,1561,2026-03-12 13:30:00+00:00,2026-06-05 20:00:00+00:00,America/New_York,2026-06-06 19:38:56.935339+00:00,
SUPV,SUPV,success,1560,2026-03-12 13:30:00+00:00,2026-06-05 20:00:00+00:00,America/New_York,2026-06-06 19:38:56.943723+00:00,
SUPX,SUPX,success,1554,2026-03-12 13:30:00+00:00,2026-06-05 20:00:00+00:00,America/New_York,2026-06-06 19:38:56.948386+00:00,
SUZ,SUZ,success,1561,2026-03-12 13:30:00+00:00,2026-06-05 20:00:00+00:00,America/New_York,2026-06-06 19:38:56.953663+00:00,
SVAC,SVAC,success,1097,2026-03-12 13:30:00+00:00,2026-06-05 20:00:00+00:00,America/New_York,2026-06-06 19:38:56.961496+00:00,
SVCO,SVCO,success,1555,2026-03-12 13:30:00+00:00,2026-06-05 20:00:00+00:00,America/New_York,2026-06-06 19:38:56.966507+00:00,
SVM,SVM,success,1561,2026-03-12 13:30:00+00:00,2026-06-05 20:00:00+00:00,America/New_York,2026-06-06 19:38:56.971768+00:00,
SVRA,SVRA,success,1561,2026-03-12 13:30:00+00:00,2026-06-05 20:00:00+00:00,America/New_York,2026-06-06 19:38:56.979745+00:00,
SVRE,SVRE,success,780,2026-03-12 13:30:00+00:00,2026-06-05 20:00:00+00:00,America/New_York,2026-06-06 19:38:56.984402+00:00,
SVV,SVV,success,1561,2026-03-12 13:30:00+00:00,2026-06-05 20:00:00+00:00,America/New_York,2026-06-06 19:38:56.993145+00:00,
SW,SW,success,1561,2026-03-12 13:30:00+00:00,2026-06-05 20:00:00+00:00,America/New_York,2026-06-06 19:38:56.998233+00:00,
SWBI,SWBI,success,1561,2026-03-12 13:30:00+00:00,2026-06-05 20:00:00+00:00,America/New_York,2026-06-06 19:38:57.062070+00:00,
SWIM,SWIM,success,1560,2026-03-12 13:30:00+00:00,2026-06-05 20:00:00+00:00,America/New_York,2026-06-06 19:38:57.066603+00:00,
SWK,SWK,success,1561,2026-03-12 13:30:00+00:00,2026-06-05 20:00:00+00:00,America/New_York,2026-06-06 19:38:57.070802+00:00,
SWKS,SWKS,success,1561,2026-03-12 13:30:00+00:00,2026-06-05 20:00:00+00:00,America/New_York,2026-06-06 19:38:57.075708+00:00,
SWX,SWX,success,1559,2026-03-12 13:30:00+00:00,2026-06-05 20:00:00+00:00,America/New_York,2026-06-06 19:38:57.079420+00:00,
SXC,SXC,success,1561,2026-03-12 13:30:00+00:00,2026-06-05 20:00:00+00:00,America/New_York,2026-06-06 19:38:57.083071+00:00,
SXI,SXI,success,1513,2026-03-12 13:30:00+00:00,2026-06-05 20:00:00+00:00,America/New_York,2026-06-06 19:38:57.087537+00:00,
SXT,SXT,success,1555,2026-03-12 13:30:00+00:00,2026-06-05 20:00:00+00:00,America/New_York,2026-06-06 19:38:57.092239+00:00,
SYBT,SYBT,success,1511,2026-03-12 13:30:00+00:00,2026-06-05 20:00:00+00:00,America/New_York,2026-06-06 19:38:57.096211+00:00,
SYF,SYF,success,1561,2026-03-12 13:30:00+00:00,2026-06-05 20:00:00+00:00,America/New_York,2026-06-06 19:38:57.099750+00:00,
SYK,SYK,success,1561,2026-03-12 13:30:00+00:00,2026-06-05 20:00:00+00:00,America/New_York,2026-06-06 19:38:57.104346+00:00,
SYM,SYM,success,1561,2026-03-12 13:30:00+00:00,2026-06-05 20:00:00+00:00,America/New_York,2026-06-06 19:38:57.108762+00:00,
SYNA,SYNA,success,1561,2026-03-12 13:30:00+00:00,2026-06-05 20:00:00+00:00,America/New_York,2026-06-06 19:38:57.112254+00:00,
SYRE,SYRE,success,1561,2026-03-12 13:30:00+00:00,2026-06-05 20:00:00+00:00,America/New_York,2026-06-06 19:38:57.115576+00:00,
SYY,SYY,success,1561,2026-03-12 13:30:00+00:00,2026-06-05 20:00:00+00:00,America/New_York,2026-06-06 19:38:57.120031+00:00,
SZZL,SZZL,success,329,2026-03-12 13:30:00+00:00,2026-06-05 20:00:00+00:00,America/New_York,2026-06-06 19:38:57.125292+00:00,
T,T,success,1561,2026-03-12 13:30:00+00:00,2026-06-05 20:00:00+00:00,America/New_York,2026-06-06 19:38:57.129901+00:00,
TAC,TAC,success,1561,2026-03-12 13:30:00+00:00,2026-06-05 20:00:00+00:00,America/New_York,2026-06-06 19:38:57.134839+00:00,
TACO,TACO,success,414,2026-03-12 13:45:00+00:00,2026-06-05 20:00:00+00:00,America/New_York,2026-06-06 19:38:57.139109+00:00,
TAK,TAK,success,1561,2026-03-12 13:30:00+00:00,2026-06-05 20:00:00+00:00,America/New_York,2026-06-06 19:38:57.145927+00:00,
TAL,TAL,success,1561,2026-03-12 13:30:00+00:00,2026-06-05 20:00:00+00:00,America/New_York,2026-06-06 19:38:57.151057+00:00,
TALK,TALK,success,1561,2026-03-12 13:30:00+00:00,2026-06-05 20:00:00+00:00,America/New_York,2026-06-06 19:38:57.158384+00:00,
TALO,TALO,success,1561,2026-03-12 13:30:00+00:00,2026-06-05 20:00:00+00:00,America/New_York,2026-06-06 19:38:57.162879+00:00,
TAP,TAP,success,1561,2026-03-12 13:30:00+00:00,2026-06-05 20:00:00+00:00,America/New_York,2026-06-06 19:38:57.167942+00:00,
TARA,TARA,success,1561,2026-03-12 13:30:00+00:00,2026-06-05 20:00:00+00:00,America/New_York,2026-06-06 19:38:57.174941+00:00,
TARS,TARS,success,1556,2026-03-12 13:30:00+00:00,2026-06-05 20:00:00+00:00,America/New_York,2026-06-06 19:38:57.179684+00:00,
TASK,TASK,success,1561,2026-03-12 13:30:00+00:00,2026-06-05 20:00:00+00:00,America/New_York,2026-06-06 19:38:57.184726+00:00,
TATT,TATT,success,1533,2026-03-12 13:30:00+00:00,2026-06-05 20:00:00+00:00,America/New_York,2026-06-06 19:38:57.189171+00:00,
TAYD,TAYD,success,1073,2026-03-12 13:30:00+00:00,2026-06-05 20:00:00+00:00,America/New_York,2026-06-06 19:38:57.195330+00:00,
TBBB,TBBB,success,1552,2026-03-12 13:30:00+00:00,2026-06-05 20:00:00+00:00,America/New_York,2026-06-06 19:38:57.199895+00:00,
TBBK,TBBK,success,1559,2026-03-12 13:30:00+00:00,2026-06-05 20:00:00+00:00,America/New_York,2026-06-06 19:38:57.205293+00:00,
TBCH,TBCH,success,1535,2026-03-12 13:30:00+00:00,2026-06-05 20:00:00+00:00,America/New_York,2026-06-06 19:38:57.212592+00:00,
TBI,TBI,success,1547,2026-03-12 13:30:00+00:00,2026-06-05 20:00:00+00:00,America/New_York,2026-06-06 19:38:57.217283+00:00,
TBLA,TBLA,success,1561,2026-03-12 13:30:00+00:00,2026-06-05 20:00:00+00:00,America/New_York,2026-06-06 19:38:57.225123+00:00,
TBN,TBN,success,1443,2026-03-12 13:30:00+00:00,2026-06-05 20:00:00+00:00,America/New_York,2026-06-06 19:38:57.231489+00:00,
TBPH,TBPH,success,1559,2026-03-12 13:30:00+00:00,2026-06-05 20:00:00+00:00,America/New_York,2026-06-06 19:38:57.236750+00:00,
TBRG,TBRG,success,1522,2026-03-12 13:30:00+00:00,2026-06-05 20:00:00+00:00,America/New_York,2026-06-06 19:38:57.246713+00:00,
TCBI,TCBI,success,1561,2026-03-12 13:30:00+00:00,2026-06-05 20:00:00+00:00,America/New_York,2026-06-06 19:38:57.252138+00:00,
TCBK,TCBK,success,1393,2026-03-12 13:30:00+00:00,2026-06-05 20:00:00+00:00,America/New_York,2026-06-06 19:38:57.259474+00:00,
TCBX,TCBX,success,1339,2026-03-12 13:30:00+00:00,2026-06-05 20:00:00+00:00,America/New_York,2026-06-06 19:38:57.264523+00:00,
TCI,TCI,success,244,2026-03-12 14:15:00+00:00,2026-06-05 20:00:00+00:00,America/New_York,2026-06-06 19:38:57.268252+00:00,
TCMD,TCMD,success,1551,2026-03-12 13:30:00+00:00,2026-06-05 20:00:00+00:00,America/New_York,2026-06-06 19:38:57.275874+00:00,
TCOM,TCOM,success,1561,2026-03-12 13:30:00+00:00,2026-06-05 20:00:00+00:00,America/New_York,2026-06-06 19:38:57.280271+00:00,
TCPC,TCPC,success,1560,2026-03-12 13:30:00+00:00,2026-06-05 20:00:00+00:00,America/New_York,2026-06-06 19:38:57.285052+00:00,
TCX,TCX,success,835,2026-03-12 13:30:00+00:00,2026-06-05 20:00:00+00:00,America/New_York,2026-06-06 19:38:57.292192+00:00,
TD,TD,success,1561,2026-03-12 13:30:00+00:00,2026-06-05 20:00:00+00:00,America/New_York,2026-06-06 19:38:57.296855+00:00,
TDAY,TDAY,success,1561,2026-03-12 13:30:00+00:00,2026-06-05 20:00:00+00:00,America/New_York,2026-06-06 19:38:57.302505+00:00,
TDC,TDC,success,1561,2026-03-12 13:30:00+00:00,2026-06-05 20:00:00+00:00,America/New_York,2026-06-06 19:38:57.311548+00:00,
TDG,TDG,success,1561,2026-03-12 13:30:00+00:00,2026-06-05 20:00:00+00:00,America/New_York,2026-06-06 19:38:57.316283+00:00,
TDOC,TDOC,success,1561,2026-03-12 13:30:00+00:00,2026-06-05 20:00:00+00:00,America/New_York,2026-06-06 19:38:57.321043+00:00,
TDS,TDS,success,1561,2026-03-12 13:30:00+00:00,2026-06-05 20:00:00+00:00,America/New_York,2026-06-06 19:38:57.328562+00:00,
TDUP,TDUP,success,1561,2026-03-12 13:30:00+00:00,2026-06-05 20:00:00+00:00,America/New_York,2026-06-06 19:38:57.333365+00:00,
TDW,TDW,success,1561,2026-03-12 13:30:00+00:00,2026-06-05 20:00:00+00:00,America/New_York,2026-06-06 19:38:57.338542+00:00,
TDY,TDY,success,1561,2026-03-12 13:30:00+00:00,2026-06-05 20:00:00+00:00,America/New_York,2026-06-06 19:38:57.344187+00:00,
TE,TE,success,1561,2026-03-12 13:30:00+00:00,2026-06-05 20:00:00+00:00,America/New_York,2026-06-06 19:38:57.348531+00:00,
TEAM,TEAM,success,1561,2026-03-12 13:30:00+00:00,2026-06-05 20:00:00+00:00,America/New_York,2026-06-06 19:38:57.354210+00:00,
TECH,TECH,success,1561,2026-03-12 13:30:00+00:00,2026-06-05 20:00:00+00:00,America/New_York,2026-06-06 19:38:57.362299+00:00,
TECK,TECK,success,1561,2026-03-12 13:30:00+00:00,2026-06-05 20:00:00+00:00,America/New_York,2026-06-06 19:38:57.367751+00:00,
TECX,TECX,success,1514,2026-03-12 13:30:00+00:00,2026-06-05 20:00:00+00:00,America/New_York,2026-06-06 19:38:57.376562+00:00,
TEL,TEL,success,1561,2026-03-12 13:30:00+00:00,2026-06-05 20:00:00+00:00,America/New_York,2026-06-06 19:38:57.382667+00:00,
TEM,TEM,success,1561,2026-03-12 13:30:00+00:00,2026-06-05 20:00:00+00:00,America/New_York,2026-06-06 19:38:57.387997+00:00,
TEN,TEN,success,1561,2026-03-12 13:30:00+00:00,2026-06-05 20:00:00+00:00,America/New_York,2026-06-06 19:38:57.395063+00:00,
TENB,TENB,success,1561,2026-03-12 13:30:00+00:00,2026-06-05 20:00:00+00:00,America/New_York,2026-06-06 19:38:57.399832+00:00,
TENX,TENX,success,1556,2026-03-12 13:30:00+00:00,2026-06-05 20:00:00+00:00,America/New_York,2026-06-06 19:38:57.404174+00:00,
TEO,TEO,success,1553,2026-03-12 13:30:00+00:00,2026-06-05 20:00:00+00:00,America/New_York,2026-06-06 19:38:57.408595+00:00,
TER,TER,success,1561,2026-03-12 13:30:00+00:00,2026-06-05 20:00:00+00:00,America/New_York,2026-06-06 19:38:57.411926+00:00,
TEVA,TEVA,success,1561,2026-03-12 13:30:00+00:00,2026-06-05 20:00:00+00:00,America/New_York,2026-06-06 19:38:57.415161+00:00,
TEX,TEX,success,1561,2026-03-12 13:30:00+00:00,2026-06-05 20:00:00+00:00,America/New_York,2026-06-06 19:38:57.419018+00:00,
TFC,TFC,success,1561,2026-03-12 13:30:00+00:00,2026-06-05 20:00:00+00:00,America/New_York,2026-06-06 19:38:57.424244+00:00,
TFII,TFII,success,1557,2026-03-12 13:30:00+00:00,2026-06-05 20:00:00+00:00,America/New_York,2026-06-06 19:38:57.428971+00:00,
TFIN,TFIN,success,1556,2026-03-12 13:30:00+00:00,2026-06-05 20:00:00+00:00,America/New_York,2026-06-06 19:38:57.434269+00:00,
TFPM,TFPM,success,1561,2026-03-12 13:30:00+00:00,2026-06-05 20:00:00+00:00,America/New_York,2026-06-06 19:38:57.438626+00:00,
TFSL,TFSL,success,1561,2026-03-12 13:30:00+00:00,2026-06-05 20:00:00+00:00,America/New_York,2026-06-06 19:38:57.443122+00:00,
TFX,TFX,success,1561,2026-03-12 13:30:00+00:00,2026-06-05 20:00:00+00:00,America/New_York,2026-06-06 19:38:57.447040+00:00,
TG,TG,success,1515,2026-03-12 13:30:00+00:00,2026-06-05 20:00:00+00:00,America/New_York,2026-06-06 19:38:57.452279+00:00,
TGB,TGB,success,1561,2026-03-12 13:30:00+00:00,2026-06-05 20:00:00+00:00,America/New_York,2026-06-06 19:38:57.459516+00:00,
TGEN,TGEN,success,1557,2026-03-12 13:30:00+00:00,2026-06-05 20:00:00+00:00,America/New_York,2026-06-06 19:38:57.464179+00:00,
TGLS,TGLS,success,1555,2026-03-12 13:30:00+00:00,2026-06-05 20:00:00+00:00,America/New_York,2026-06-06 19:38:57.469319+00:00,
TGS,TGS,success,1557,2026-03-12 13:30:00+00:00,2026-06-05 20:00:00+00:00,America/New_York,2026-06-06 19:38:57.476336+00:00,
TGT,TGT,success,1561,2026-03-12 13:30:00+00:00,2026-06-05 20:00:00+00:00,America/New_York,2026-06-06 19:38:57.481034+00:00,
TGTX,TGTX,success,1561,2026-03-12 13:30:00+00:00,2026-06-05 20:00:00+00:00,America/New_York,2026-06-06 19:38:57.485808+00:00,
TH,TH,success,1561,2026-03-12 13:30:00+00:00,2026-06-05 20:00:00+00:00,America/New_York,2026-06-06 19:38:57.493754+00:00,
THC,THC,success,1561,2026-03-12 13:30:00+00:00,2026-06-05 20:00:00+00:00,America/New_York,2026-06-06 19:38:57.497855+00:00,
THFF,THFF,success,1283,2026-03-12 13:30:00+00:00,2026-06-05 20:00:00+00:00,America/New_York,2026-06-06 19:38:57.501823+00:00,
THG,THG,success,1558,2026-03-12 13:30:00+00:00,2026-06-05 20:00:00+00:00,America/New_York,2026-06-06 19:38:57.505582+00:00,
THO,THO,success,1561,2026-03-12 13:30:00+00:00,2026-06-05 20:00:00+00:00,America/New_York,2026-06-06 19:38:57.509846+00:00,
THRM,THRM,success,1542,2026-03-12 13:30:00+00:00,2026-06-05 20:00:00+00:00,America/New_York,2026-06-06 19:38:57.513353+00:00,
THRY,THRY,success,1561,2026-03-12 13:30:00+00:00,2026-06-05 20:00:00+00:00,America/New_York,2026-06-06 19:38:57.520373+00:00,
TIC,TIC,success,1561,2026-03-12 13:30:00+00:00,2026-06-05 20:00:00+00:00,America/New_York,2026-06-06 19:38:57.524630+00:00,
TIGO,TIGO,success,1561,2026-03-12 13:30:00+00:00,2026-06-05 20:00:00+00:00,America/New_York,2026-06-06 19:38:57.528003+00:00,
TIGR,TIGR,success,1561,2026-03-12 13:30:00+00:00,2026-06-05 20:00:00+00:00,America/New_York,2026-06-06 19:38:57.531431+00:00,
TIL,TIL,success,782,2026-03-12 13:30:00+00:00,2026-06-05 20:00:00+00:00,America/New_York,2026-06-06 19:38:57.534753+00:00,
TILE,TILE,success,1561,2026-03-12 13:30:00+00:00,2026-06-05 20:00:00+00:00,America/New_York,2026-06-06 19:38:57.538151+00:00,
TIMB,TIMB,success,1561,2026-03-12 13:30:00+00:00,2026-06-05 20:00:00+00:00,America/New_York,2026-06-06 19:38:57.541863+00:00,
TIPT,TIPT,success,1547,2026-03-12 13:30:00+00:00,2026-06-05 20:00:00+00:00,America/New_York,2026-06-06 19:38:57.546263+00:00,
TISI,TISI,success,496,2026-03-12 13:30:00+00:00,2026-06-05 20:00:00+00:00,America/New_York,2026-06-06 19:38:57.550058+00:00,
TITN,TITN,success,1502,2026-03-12 13:30:00+00:00,2026-06-05 20:00:00+00:00,America/New_York,2026-06-06 19:38:57.555266+00:00,
TJX,TJX,success,1561,2026-03-12 13:30:00+00:00,2026-06-05 20:00:00+00:00,America/New_York,2026-06-06 19:38:57.561857+00:00,
TK,TK,success,1561,2026-03-12 13:30:00+00:00,2026-06-05 20:00:00+00:00,America/New_York,2026-06-06 19:38:57.566766+00:00,
TKC,TKC,success,1558,2026-03-12 13:30:00+00:00,2026-06-05 20:00:00+00:00,America/New_York,2026-06-06 19:38:57.572111+00:00,
TKNO,TKNO,success,1435,2026-03-12 13:30:00+00:00,2026-06-05 20:00:00+00:00,America/New_York,2026-06-06 19:38:57.578730+00:00,
TKO,TKO,success,1561,2026-03-12 13:30:00+00:00,2026-06-05 20:00:00+00:00,America/New_York,2026-06-06 19:38:57.583886+00:00,
TKR,TKR,success,1561,2026-03-12 13:30:00+00:00,2026-06-05 20:00:00+00:00,America/New_York,2026-06-06 19:38:57.588801+00:00,
TLK,TLK,success,1561,2026-03-12 13:30:00+00:00,2026-06-05 20:00:00+00:00,America/New_York,2026-06-06 19:38:57.595702+00:00,
TLN,TLN,success,1561,2026-03-12 13:30:00+00:00,2026-06-05 20:00:00+00:00,America/New_York,2026-06-06 19:38:57.600125+00:00,
TLRY,TLRY,success,1561,2026-03-12 13:30:00+00:00,2026-06-05 20:00:00+00:00,America/New_York,2026-06-06 19:38:57.605317+00:00,
TLS,TLS,success,1560,2026-03-12 13:30:00+00:00,2026-06-05 20:00:00+00:00,America/New_York,2026-06-06 19:38:57.612574+00:00,
TLSI,TLSI,success,1448,2026-03-12 13:30:00+00:00,2026-06-05 20:00:00+00:00,America/New_York,2026-06-06 19:38:57.617574+00:00,
TLX,TLX,success,1466,2026-03-12 13:30:00+00:00,2026-06-05 20:00:00+00:00,America/New_York,2026-06-06 19:38:57.625206+00:00,
TLYS,TLYS,success,1532,2026-03-12 13:30:00+00:00,2026-06-05 20:00:00+00:00,America/New_York,2026-06-06 19:38:57.630303+00:00,
TM,TM,success,1561,2026-03-12 13:30:00+00:00,2026-06-05 20:00:00+00:00,America/New_York,2026-06-06 19:38:57.635542+00:00,
TMC,TMC,success,1561,2026-03-12 13:30:00+00:00,2026-06-05 20:00:00+00:00,America/New_York,2026-06-06 19:38:57.643190+00:00,
TMCI,TMCI,success,1555,2026-03-12 13:30:00+00:00,2026-06-05 20:00:00+00:00,America/New_York,2026-06-06 19:38:57.648271+00:00,
TMCR,TMCR,success,766,2026-04-08 14:15:00+00:00,2026-06-05 20:00:00+00:00,America/New_York,2026-06-06 19:38:57.652317+00:00,
TMDX,TMDX,success,1561,2026-03-12 13:30:00+00:00,2026-06-05 20:00:00+00:00,America/New_York,2026-06-06 19:38:57.659636+00:00,
TME,TME,success,1561,2026-03-12 13:30:00+00:00,2026-06-05 20:00:00+00:00,America/New_York,2026-06-06 19:38:57.664627+00:00,
TMHC,TMHC,success,1561,2026-03-12 13:30:00+00:00,2026-06-05 20:00:00+00:00,America/New_York,2026-06-06 19:38:57.668833+00:00,
TMO,TMO,success,1561,2026-03-12 13:30:00+00:00,2026-06-05 20:00:00+00:00,America/New_York,2026-06-06 19:38:57.672704+00:00,
TMP,TMP,success,1253,2026-03-12 13:30:00+00:00,2026-06-05 20:00:00+00:00,America/New_York,2026-06-06 19:38:57.676770+00:00,
TMQ,TMQ,success,1561,2026-03-12 13:30:00+00:00,2026-06-05 20:00:00+00:00,America/New_York,2026-06-06 19:38:57.680213+00:00,
TMUS,TMUS,success,1561,2026-03-12 13:30:00+00:00,2026-06-05 20:00:00+00:00,America/New_York,2026-06-06 19:38:57.684375+00:00,
TNC,TNC,success,1530,2026-03-12 13:30:00+00:00,2026-06-05 20:00:00+00:00,America/New_York,2026-06-06 19:38:57.688835+00:00,
TNDM,TNDM,success,1561,2026-03-12 13:30:00+00:00,2026-06-05 20:00:00+00:00,America/New_York,2026-06-06 19:38:57.693152+00:00,
TNET,TNET,success,1561,2026-03-12 13:30:00+00:00,2026-06-05 20:00:00+00:00,America/New_York,2026-06-06 19:38:57.697109+00:00,
TNGX,TNGX,success,1561,2026-03-12 13:30:00+00:00,2026-06-05 20:00:00+00:00,America/New_York,2026-06-06 19:38:57.701396+00:00,
TNK,TNK,success,1561,2026-03-12 13:30:00+00:00,2026-06-05 20:00:00+00:00,America/New_York,2026-06-06 19:38:57.707250+00:00,
TNL,TNL,success,1561,2026-03-12 13:30:00+00:00,2026-06-05 20:00:00+00:00,America/New_York,2026-06-06 19:38:57.711534+00:00,
TNXP,TNXP,success,1561,2026-03-12 13:30:00+00:00,2026-06-05 20:00:00+00:00,America/New_York,2026-06-06 19:38:57.715372+00:00,
TOI,TOI,success,1561,2026-03-12 13:30:00+00:00,2026-06-05 20:00:00+00:00,America/New_York,2026-06-06 19:38:57.720492+00:00,
TOL,TOL,success,1561,2026-03-12 13:30:00+00:00,2026-06-05 20:00:00+00:00,America/New_York,2026-06-06 19:38:57.725005+00:00,
TONX,TONX,success,1544,2026-03-12 13:30:00+00:00,2026-06-05 20:00:00+00:00,America/New_York,2026-06-06 19:38:57.729238+00:00,
TORO,TORO,success,1152,2026-03-12 13:30:00+00:00,2026-06-05 20:00:00+00:00,America/New_York,2026-06-06 19:38:57.733211+00:00,
TOST,TOST,success,1561,2026-03-12 13:30:00+00:00,2026-06-05 20:00:00+00:00,America/New_York,2026-06-06 19:38:57.738064+00:00,
TOUR,TOUR,success,814,2026-03-12 14:00:00+00:00,2026-06-05 20:00:00+00:00,America/New_York,2026-06-06 19:38:57.741903+00:00,
TOWN,TOWN,success,1558,2026-03-12 13:30:00+00:00,2026-06-05 20:00:00+00:00,America/New_York,2026-06-06 19:38:57.745437+00:00,
TOYO,TOYO,success,1434,2026-03-12 13:30:00+00:00,2026-06-05 20:00:00+00:00,America/New_York,2026-06-06 19:38:57.749252+00:00,
TPB,TPB,success,1559,2026-03-12 13:30:00+00:00,2026-06-05 20:00:00+00:00,America/New_York,2026-06-06 19:38:57.754078+00:00,
TPC,TPC,success,1560,2026-03-12 13:30:00+00:00,2026-06-05 20:00:00+00:00,America/New_York,2026-06-06 19:38:57.758276+00:00,
TPG,TPG,success,1561,2026-03-12 13:30:00+00:00,2026-06-05 20:00:00+00:00,America/New_York,2026-06-06 19:38:57.762453+00:00,
TPL,TPL,success,1561,2026-03-12 13:30:00+00:00,2026-06-05 20:00:00+00:00,America/New_York,2026-06-06 19:38:57.767821+00:00,
TPR,TPR,success,1561,2026-03-12 13:30:00+00:00,2026-06-05 20:00:00+00:00,America/New_York,2026-06-06 19:38:57.776666+00:00,
TPVG,TPVG,success,1559,2026-03-12 13:30:00+00:00,2026-06-05 20:00:00+00:00,America/New_York,2026-06-06 19:38:57.781604+00:00,
TR,TR,success,1494,2026-03-12 13:30:00+00:00,2026-06-05 20:00:00+00:00,America/New_York,2026-06-06 19:38:57.786961+00:00,
TRAD,TRAD,success,216,2026-04-20 13:30:00+00:00,2026-06-05 13:45:00+00:00,America/New_York,2026-06-06 19:38:57.792972+00:00,
TRAK,TRAK,success,1487,2026-03-12 13:30:00+00:00,2026-06-05 20:00:00+00:00,America/New_York,2026-06-06 19:38:57.797706+00:00,
TRC,TRC,success,1420,2026-03-12 13:30:00+00:00,2026-06-05 20:00:00+00:00,America/New_York,2026-06-06 19:38:57.802362+00:00,
TRDA,TRDA,success,1509,2026-03-12 13:30:00+00:00,2026-06-05 20:00:00+00:00,America/New_York,2026-06-06 19:38:57.808644+00:00,
TREE,TREE,success,1556,2026-03-12 13:30:00+00:00,2026-06-05 20:00:00+00:00,America/New_York,2026-06-06 19:38:57.813892+00:00,
TREX,TREX,success,1561,2026-03-12 13:30:00+00:00,2026-06-05 20:00:00+00:00,America/New_York,2026-06-06 19:38:57.818966+00:00,
TRGP,TRGP,success,1561,2026-03-12 13:30:00+00:00,2026-06-05 20:00:00+00:00,America/New_York,2026-06-06 19:38:57.826043+00:00,
TRI,TRI,success,1561,2026-03-12 13:30:00+00:00,2026-06-05 20:00:00+00:00,America/New_York,2026-06-06 19:38:57.830814+00:00,
TRIN,TRIN,success,1561,2026-03-12 13:30:00+00:00,2026-06-05 20:00:00+00:00,America/New_York,2026-06-06 19:38:57.835655+00:00,
TRIP,TRIP,success,1561,2026-03-12 13:30:00+00:00,2026-06-05 20:00:00+00:00,America/New_York,2026-06-06 19:38:57.844640+00:00,
TRMB,TRMB,success,1561,2026-03-12 13:30:00+00:00,2026-06-05 20:00:00+00:00,America/New_York,2026-06-06 19:38:57.850008+00:00,
TRMD,TRMD,success,1561,2026-03-12 13:30:00+00:00,2026-06-05 20:00:00+00:00,America/New_York,2026-06-06 19:38:57.854846+00:00,
TRMK,TRMK,success,1559,2026-03-12 13:30:00+00:00,2026-06-05 20:00:00+00:00,America/New_York,2026-06-06 19:38:57.861893+00:00,
TRN,TRN,success,1561,2026-03-12 13:30:00+00:00,2026-06-05 20:00:00+00:00,America/New_York,2026-06-06 19:38:57.866716+00:00,
TRNO,TRNO,success,1561,2026-03-12 13:30:00+00:00,2026-06-05 20:00:00+00:00,America/New_York,2026-06-06 19:38:57.871776+00:00,
TRNS,TRNS,success,1388,2026-03-12 13:30:00+00:00,2026-06-05 20:00:00+00:00,America/New_York,2026-06-06 19:38:57.879672+00:00,
TROW,TROW,success,1561,2026-03-12 13:30:00+00:00,2026-06-05 20:00:00+00:00,America/New_York,2026-06-06 19:38:57.884680+00:00,
TROX,TROX,success,1561,2026-03-12 13:30:00+00:00,2026-06-05 20:00:00+00:00,America/New_York,2026-06-06 19:38:57.892575+00:00,
TRP,TRP,success,1561,2026-03-12 13:30:00+00:00,2026-06-05 20:00:00+00:00,America/New_York,2026-06-06 19:38:57.897282+00:00,
TRS,TRS,success,1558,2026-03-12 13:30:00+00:00,2026-06-05 20:00:00+00:00,America/New_York,2026-06-06 19:38:57.902211+00:00,
TRST,TRST,success,1414,2026-03-12 13:30:00+00:00,2026-06-05 20:00:00+00:00,America/New_York,2026-06-06 19:38:57.909755+00:00,
TRT,TRT,success,1408,2026-03-12 13:30:00+00:00,2026-06-05 20:00:00+00:00,America/New_York,2026-06-06 19:38:57.914689+00:00,
TRTX,TRTX,success,1561,2026-03-12 13:30:00+00:00,2026-06-05 20:00:00+00:00,America/New_York,2026-06-06 19:38:57.920205+00:00,
TRU,TRU,success,1561,2026-03-12 13:30:00+00:00,2026-06-05 20:00:00+00:00,America/New_York,2026-06-06 19:38:57.979276+00:00,
TRUP,TRUP,success,1559,2026-03-12 13:30:00+00:00,2026-06-05 20:00:00+00:00,America/New_York,2026-06-06 19:38:57.983652+00:00,
TRV,TRV,success,1561,2026-03-12 13:30:00+00:00,2026-06-05 20:00:00+00:00,America/New_York,2026-06-06 19:38:57.988267+00:00,
TRVG,TRVG,success,905,2026-03-12 13:30:00+00:00,2026-06-05 20:00:00+00:00,America/New_York,2026-06-06 19:38:57.992676+00:00,
TRVI,TRVI,success,1561,2026-03-12 13:30:00+00:00,2026-06-05 20:00:00+00:00,America/New_York,2026-06-06 19:38:57.996354+00:00,
TS,TS,success,1561,2026-03-12 13:30:00+00:00,2026-06-05 20:00:00+00:00,America/New_York,2026-06-06 19:38:58.000152+00:00,
TSAT,TSAT,success,1540,2026-03-12 13:30:00+00:00,2026-06-05 20:00:00+00:00,America/New_York,2026-06-06 19:38:58.004993+00:00,
TSBK,TSBK,success,909,2026-03-12 13:30:00+00:00,2026-06-05 20:00:00+00:00,America/New_York,2026-06-06 19:38:58.009451+00:00,
TSCO,TSCO,success,1561,2026-03-12 13:30:00+00:00,2026-06-05 20:00:00+00:00,America/New_York,2026-06-06 19:38:58.013518+00:00,
TSEM,TSEM,success,1561,2026-03-12 13:30:00+00:00,2026-06-05 20:00:00+00:00,America/New_York,2026-06-06 19:38:58.018940+00:00,
TSHA,TSHA,success,1561,2026-03-12 13:30:00+00:00,2026-06-05 20:00:00+00:00,America/New_York,2026-06-06 19:38:58.027479+00:00,
TSLA,TSLA,success,1561,2026-03-12 13:30:00+00:00,2026-06-05 20:00:00+00:00,America/New_York,2026-06-06 19:38:58.033485+00:00,
TSLX,TSLX,success,1561,2026-03-12 13:30:00+00:00,2026-06-05 20:00:00+00:00,America/New_York,2026-06-06 19:38:58.039106+00:00,
TSM,TSM,success,1561,2026-03-12 13:30:00+00:00,2026-06-05 20:00:00+00:00,America/New_York,2026-06-06 19:38:58.047250+00:00,
TSN,TSN,success,1561,2026-03-12 13:30:00+00:00,2026-06-05 20:00:00+00:00,America/New_York,2026-06-06 19:38:58.053434+00:00,
TSQ,TSQ,success,1396,2026-03-12 13:30:00+00:00,2026-06-05 20:00:00+00:00,America/New_York,2026-06-06 19:38:58.061649+00:00,
TSSI,TSSI,success,1561,2026-03-12 13:30:00+00:00,2026-06-05 20:00:00+00:00,America/New_York,2026-06-06 19:38:58.067662+00:00,
TT,TT,success,1561,2026-03-12 13:30:00+00:00,2026-06-05 20:00:00+00:00,America/New_York,2026-06-06 19:38:58.075528+00:00,
TTAM,TTAM,success,1549,2026-03-12 13:30:00+00:00,2026-06-05 20:00:00+00:00,America/New_York,2026-06-06 19:38:58.080932+00:00,
TTAN,TTAN,success,1561,2026-03-12 13:30:00+00:00,2026-06-05 20:00:00+00:00,America/New_York,2026-06-06 19:38:58.086440+00:00,
TTC,TTC,success,1561,2026-03-12 13:30:00+00:00,2026-06-05 20:00:00+00:00,America/New_York,2026-06-06 19:38:58.095349+00:00,
TTD,TTD,success,1561,2026-03-12 13:30:00+00:00,2026-06-05 20:00:00+00:00,America/New_York,2026-06-06 19:38:58.101425+00:00,
TTE,TTE,success,1561,2026-03-12 13:30:00+00:00,2026-06-05 20:00:00+00:00,America/New_York,2026-06-06 19:38:58.109033+00:00,
TTEK,TTEK,success,1561,2026-03-12 13:30:00+00:00,2026-06-05 20:00:00+00:00,America/New_York,2026-06-06 19:38:58.114531+00:00,
TTGT,TTGT,success,1557,2026-03-12 13:30:00+00:00,2026-06-05 20:00:00+00:00,America/New_York,2026-06-06 19:38:58.120365+00:00,
TTI,TTI,success,1561,2026-03-12 13:30:00+00:00,2026-06-05 20:00:00+00:00,America/New_York,2026-06-06 19:38:58.128678+00:00,
TTMI,TTMI,success,1561,2026-03-12 13:30:00+00:00,2026-06-05 20:00:00+00:00,America/New_York,2026-06-06 19:38:58.134446+00:00,
TTRX,TTRX,success,714,2026-03-12 13:30:00+00:00,2026-06-05 20:00:00+00:00,America/New_York,2026-06-06 19:38:58.141507+00:00,
TTWO,TTWO,success,1561,2026-03-12 13:30:00+00:00,2026-06-05 20:00:00+00:00,America/New_York,2026-06-06 19:38:58.147358+00:00,
TU,TU,success,1561,2026-03-12 13:30:00+00:00,2026-06-05 20:00:00+00:00,America/New_York,2026-06-06 19:38:58.153070+00:00,
TUSK,TUSK,success,1526,2026-03-12 13:30:00+00:00,2026-06-05 20:00:00+00:00,America/New_York,2026-06-06 19:38:58.160886+00:00,
TVA,TVA,success,544,2026-03-12 13:30:00+00:00,2026-06-05 20:00:00+00:00,America/New_York,2026-06-06 19:38:58.163890+00:00,
TVTX,TVTX,success,1561,2026-03-12 13:30:00+00:00,2026-06-05 20:00:00+00:00,America/New_York,2026-06-06 19:38:58.168056+00:00,
TW,TW,success,1561,2026-03-12 13:30:00+00:00,2026-06-05 20:00:00+00:00,America/New_York,2026-06-06 19:38:58.171945+00:00,
TWFG,TWFG,success,1532,2026-03-12 13:30:00+00:00,2026-06-05 20:00:00+00:00,America/New_York,2026-06-06 19:38:58.176772+00:00,
TWI,TWI,success,1561,2026-03-12 13:30:00+00:00,2026-06-05 20:00:00+00:00,America/New_York,2026-06-06 19:38:58.181900+00:00,
TWIN,TWIN,success,1164,2026-03-12 13:30:00+00:00,2026-06-05 20:00:00+00:00,America/New_York,2026-06-06 19:38:58.188408+00:00,
TWLO,TWLO,success,1561,2026-03-12 13:30:00+00:00,2026-06-05 20:00:00+00:00,America/New_York,2026-06-06 19:38:58.195912+00:00,
TWO,TWO,success,1561,2026-03-12 13:30:00+00:00,2026-06-05 20:00:00+00:00,America/New_York,2026-06-06 19:38:58.201861+00:00,
TWST,TWST,success,1561,2026-03-12 13:30:00+00:00,2026-06-05 20:00:00+00:00,America/New_York,2026-06-06 19:38:58.209768+00:00,
TX,TX,success,1546,2026-03-12 13:30:00+00:00,2026-06-05 20:00:00+00:00,America/New_York,2026-06-06 19:38:58.215126+00:00,
TXG,TXG,success,1561,2026-03-12 13:30:00+00:00,2026-06-05 20:00:00+00:00,America/New_York,2026-06-06 19:38:58.221007+00:00,
TXN,TXN,success,1561,2026-03-12 13:30:00+00:00,2026-06-05 20:00:00+00:00,America/New_York,2026-06-06 19:38:58.231150+00:00,
TXNM,TXNM,success,1561,2026-03-12 13:30:00+00:00,2026-06-05 20:00:00+00:00,America/New_York,2026-06-06 19:38:58.237326+00:00,
TXRH,TXRH,success,1561,2026-03-12 13:30:00+00:00,2026-06-05 20:00:00+00:00,America/New_York,2026-06-06 19:38:58.246019+00:00,
TXT,TXT,success,1561,2026-03-12 13:30:00+00:00,2026-06-05 20:00:00+00:00,America/New_York,2026-06-06 19:38:58.251767+00:00,
TYGO,TYGO,success,1560,2026-03-12 13:30:00+00:00,2026-06-05 20:00:00+00:00,America/New_York,2026-06-06 19:38:58.261175+00:00,
TYL,TYL,success,1561,2026-03-12 13:30:00+00:00,2026-06-05 20:00:00+00:00,America/New_York,2026-06-06 19:38:58.267160+00:00,
TYRA,TYRA,success,1561,2026-03-12 13:30:00+00:00,2026-06-05 20:00:00+00:00,America/New_York,2026-06-06 19:38:58.275367+00:00,
TZOO,TZOO,success,1439,2026-03-12 13:30:00+00:00,2026-06-05 20:00:00+00:00,America/New_York,2026-06-06 19:38:58.280691+00:00,
U,U,success,1561,2026-03-12 13:30:00+00:00,2026-06-05 20:00:00+00:00,America/New_York,2026-06-06 19:38:58.285954+00:00,
UAA,UAA,success,1561,2026-03-12 13:30:00+00:00,2026-06-05 20:00:00+00:00,America/New_York,2026-06-06 19:38:58.294160+00:00,
UAL,UAL,success,1561,2026-03-12 13:30:00+00:00,2026-06-05 20:00:00+00:00,America/New_York,2026-06-06 19:38:58.299206+00:00,
UAMY,UAMY,success,1561,2026-03-12 13:30:00+00:00,2026-06-05 20:00:00+00:00,America/New_York,2026-06-06 19:38:58.305785+00:00,
UBCP,UBCP,success,263,2026-03-12 14:15:00+00:00,2026-06-05 20:00:00+00:00,America/New_York,2026-06-06 19:38:58.312896+00:00,
UBER,UBER,success,1561,2026-03-12 13:30:00+00:00,2026-06-05 20:00:00+00:00,America/New_York,2026-06-06 19:38:58.318511+00:00,
UBS,UBS,success,1561,2026-03-12 13:30:00+00:00,2026-06-05 20:00:00+00:00,America/New_York,2026-06-06 19:38:58.326605+00:00,
UBSI,UBSI,success,1561,2026-03-12 13:30:00+00:00,2026-06-05 20:00:00+00:00,America/New_York,2026-06-06 19:38:58.332184+00:00,
UCB,UCB,success,1561,2026-03-12 13:30:00+00:00,2026-06-05 20:00:00+00:00,America/New_York,2026-06-06 19:38:58.337077+00:00,
UCTT,UCTT,success,1561,2026-03-12 13:30:00+00:00,2026-06-05 20:00:00+00:00,America/New_York,2026-06-06 19:38:58.344331+00:00,
UDR,UDR,success,1561,2026-03-12 13:30:00+00:00,2026-06-05 20:00:00+00:00,America/New_York,2026-06-06 19:38:58.348926+00:00,
UE,UE,success,1561,2026-03-12 13:30:00+00:00,2026-06-05 20:00:00+00:00,America/New_York,2026-06-06 19:38:58.353538+00:00,
UEC,UEC,success,1561,2026-03-12 13:30:00+00:00,2026-06-05 20:00:00+00:00,America/New_York,2026-06-06 19:38:58.360758+00:00,
UFCS,UFCS,success,1441,2026-03-12 13:30:00+00:00,2026-06-05 20:00:00+00:00,America/New_York,2026-06-06 19:38:58.365406+00:00,
UFI,UFI,success,923,2026-03-12 13:30:00+00:00,2026-06-05 20:00:00+00:00,America/New_York,2026-06-06 19:38:58.370304+00:00,
UFPI,UFPI,success,1561,2026-03-12 13:30:00+00:00,2026-06-05 20:00:00+00:00,America/New_York,2026-06-06 19:38:58.377683+00:00,
UFPT,UFPT,success,1420,2026-03-12 13:30:00+00:00,2026-06-05 20:00:00+00:00,America/New_York,2026-06-06 19:38:58.382226+00:00,
UGI,UGI,success,1561,2026-03-12 13:30:00+00:00,2026-06-05 20:00:00+00:00,America/New_York,2026-06-06 19:38:58.387460+00:00,
UGP,UGP,success,1561,2026-03-12 13:30:00+00:00,2026-06-05 20:00:00+00:00,America/New_York,2026-06-06 19:38:58.394993+00:00,
UHAL,UHAL,success,1551,2026-03-12 13:30:00+00:00,2026-06-05 20:00:00+00:00,America/New_York,2026-06-06 19:38:58.400125+00:00,
UHS,UHS,success,1561,2026-03-12 13:30:00+00:00,2026-06-05 20:00:00+00:00,America/New_York,2026-06-06 19:38:58.405622+00:00,
UHT,UHT,success,1358,2026-03-12 13:30:00+00:00,2026-06-05 20:00:00+00:00,America/New_York,2026-06-06 19:38:58.413056+00:00,
UI,UI,success,1545,2026-03-12 13:30:00+00:00,2026-06-05 20:00:00+00:00,America/New_York,2026-06-06 19:38:58.418789+00:00,
UIS,UIS,success,1561,2026-03-12 13:30:00+00:00,2026-06-05 20:00:00+00:00,America/New_York,2026-06-06 19:38:58.425974+00:00,
UL,UL,success,1561,2026-03-12 13:30:00+00:00,2026-06-05 20:00:00+00:00,America/New_York,2026-06-06 19:38:58.430718+00:00,
ULBI,ULBI,success,997,2026-03-12 13:30:00+00:00,2026-06-05 20:00:00+00:00,America/New_York,2026-06-06 19:38:58.435689+00:00,
ULCC,ULCC,success,1561,2026-03-12 13:30:00+00:00,2026-06-05 20:00:00+00:00,America/New_York,2026-06-06 19:38:58.443443+00:00,
ULH,ULH,success,1239,2026-03-12 13:45:00+00:00,2026-06-05 20:00:00+00:00,America/New_York,2026-06-06 19:38:58.447906+00:00,
ULS,ULS,success,1561,2026-03-12 13:30:00+00:00,2026-06-05 20:00:00+00:00,America/New_York,2026-06-06 19:38:58.453188+00:00,
ULTA,ULTA,success,1561,2026-03-12 13:30:00+00:00,2026-06-05 20:00:00+00:00,America/New_York,2026-06-06 19:38:58.460900+00:00,
UMAC,UMAC,success,1561,2026-03-12 13:30:00+00:00,2026-06-05 20:00:00+00:00,America/New_York,2026-06-06 19:38:58.465467+00:00,
UMBF,UMBF,success,1561,2026-03-12 13:30:00+00:00,2026-06-05 20:00:00+00:00,America/New_York,2026-06-06 19:38:58.470249+00:00,
UMC,UMC,success,1561,2026-03-12 13:30:00+00:00,2026-06-05 20:00:00+00:00,America/New_York,2026-06-06 19:38:58.477529+00:00,
UMH,UMH,success,1561,2026-03-12 13:30:00+00:00,2026-06-05 20:00:00+00:00,America/New_York,2026-06-06 19:38:58.481361+00:00,
UNB,UNB,success,326,2026-03-12 13:45:00+00:00,2026-06-05 20:00:00+00:00,America/New_York,2026-06-06 19:38:58.484298+00:00,
UNCY,UNCY,success,1559,2026-03-12 13:30:00+00:00,2026-06-05 20:00:00+00:00,America/New_York,2026-06-06 19:38:58.488669+00:00,
UNF,UNF,success,1543,2026-03-12 13:30:00+00:00,2026-06-05 20:00:00+00:00,America/New_York,2026-06-06 19:38:58.492823+00:00,
UNFI,UNFI,success,1561,2026-03-12 13:30:00+00:00,2026-06-05 20:00:00+00:00,America/New_York,2026-06-06 19:38:58.495833+00:00,
UNH,UNH,success,1561,2026-03-12 13:30:00+00:00,2026-06-05 20:00:00+00:00,America/New_York,2026-06-06 19:38:58.498915+00:00,
UNIT,UNIT,success,1561,2026-03-12 13:30:00+00:00,2026-06-05 20:00:00+00:00,America/New_York,2026-06-06 19:38:58.502806+00:00,
UNM,UNM,success,1561,2026-03-12 13:30:00+00:00,2026-06-05 20:00:00+00:00,America/New_York,2026-06-06 19:38:58.509130+00:00,
UNP,UNP,success,1561,2026-03-12 13:30:00+00:00,2026-06-05 20:00:00+00:00,America/New_York,2026-06-06 19:38:58.513456+00:00,
UNTY,UNTY,success,956,2026-03-12 13:30:00+00:00,2026-06-05 20:00:00+00:00,America/New_York,2026-06-06 19:38:58.517382+00:00,
UP,UP,success,1554,2026-03-12 13:30:00+00:00,2026-06-05 20:00:00+00:00,America/New_York,2026-06-06 19:38:58.522360+00:00,
UPB,UPB,success,1561,2026-03-12 13:30:00+00:00,2026-06-05 20:00:00+00:00,America/New_York,2026-06-06 19:38:58.529211+00:00,
UPBD,UPBD,success,1561,2026-03-12 13:30:00+00:00,2026-06-05 20:00:00+00:00,America/New_York,2026-06-06 19:38:58.534016+00:00,
UPS,UPS,success,1561,2026-03-12 13:30:00+00:00,2026-06-05 20:00:00+00:00,America/New_York,2026-06-06 19:38:58.538869+00:00,
UPST,UPST,success,1561,2026-03-12 13:30:00+00:00,2026-06-05 20:00:00+00:00,America/New_York,2026-06-06 19:38:58.545300+00:00,
UPWK,UPWK,success,1561,2026-03-12 13:30:00+00:00,2026-06-05 20:00:00+00:00,America/New_York,2026-06-06 19:38:58.550282+00:00,
URBN,URBN,success,1561,2026-03-12 13:30:00+00:00,2026-06-05 20:00:00+00:00,America/New_York,2026-06-06 19:38:58.554986+00:00,
URGN,URGN,success,1561,2026-03-12 13:30:00+00:00,2026-06-05 20:00:00+00:00,America/New_York,2026-06-06 19:38:58.561480+00:00,
URI,URI,success,1561,2026-03-12 13:30:00+00:00,2026-06-05 20:00:00+00:00,America/New_York,2026-06-06 19:38:58.566328+00:00,
UROY,UROY,success,1561,2026-03-12 13:30:00+00:00,2026-06-05 20:00:00+00:00,America/New_York,2026-06-06 19:38:58.571260+00:00,
USAR,USAR,success,1561,2026-03-12 13:30:00+00:00,2026-06-05 20:00:00+00:00,America/New_York,2026-06-06 19:38:58.577991+00:00,
USAS,USAS,success,1561,2026-03-12 13:30:00+00:00,2026-06-05 20:00:00+00:00,America/New_York,2026-06-06 19:38:58.582702+00:00,
USAU,USAU,success,1552,2026-03-12 13:30:00+00:00,2026-06-05 20:00:00+00:00,America/New_York,2026-06-06 19:38:58.587417+00:00,
USB,USB,success,1561,2026-03-12 13:30:00+00:00,2026-06-05 20:00:00+00:00,America/New_York,2026-06-06 19:38:58.594116+00:00,
USCB,USCB,success,857,2026-03-12 13:30:00+00:00,2026-06-05 20:00:00+00:00,America/New_York,2026-06-06 19:38:58.597925+00:00,
USFD,USFD,success,1561,2026-03-12 13:30:00+00:00,2026-06-05 20:00:00+00:00,America/New_York,2026-06-06 19:38:58.602516+00:00,
USGO,USGO,success,1307,2026-03-12 13:30:00+00:00,2026-06-05 20:00:00+00:00,America/New_York,2026-06-06 19:38:58.609261+00:00,
USLM,USLM,success,1402,2026-03-12 13:30:00+00:00,2026-06-05 20:00:00+00:00,America/New_York,2026-06-06 19:38:58.613852+00:00,
USNA,USNA,success,1491,2026-03-12 13:30:00+00:00,2026-06-05 20:00:00+00:00,America/New_York,2026-06-06 19:38:58.618399+00:00,
USPH,USPH,success,1518,2026-03-12 13:30:00+00:00,2026-06-05 20:00:00+00:00,America/New_York,2026-06-06 19:38:58.625465+00:00,
UTHR,UTHR,success,1561,2026-03-12 13:30:00+00:00,2026-06-05 20:00:00+00:00,America/New_York,2026-06-06 19:38:58.630184+00:00,
UTI,UTI,success,1561,2026-03-12 13:30:00+00:00,2026-06-05 20:00:00+00:00,America/New_York,2026-06-06 19:38:58.635114+00:00,
UTL,UTL,success,1470,2026-03-12 13:30:00+00:00,2026-06-05 20:00:00+00:00,America/New_York,2026-06-06 19:38:58.642562+00:00,
UTMD,UTMD,success,480,2026-03-12 13:45:00+00:00,2026-06-05 20:00:00+00:00,America/New_York,2026-06-06 19:38:58.645936+00:00,
UTZ,UTZ,success,1561,2026-03-12 13:30:00+00:00,2026-06-05 20:00:00+00:00,America/New_York,2026-06-06 19:38:58.650258+00:00,
UUUU,UUUU,success,1561,2026-03-12 13:30:00+00:00,2026-06-05 20:00:00+00:00,America/New_York,2026-06-06 19:38:58.655119+00:00,
UVE,UVE,success,1542,2026-03-12 13:30:00+00:00,2026-06-05 20:00:00+00:00,America/New_York,2026-06-06 19:38:58.661505+00:00,
UVSP,UVSP,success,1526,2026-03-12 13:30:00+00:00,2026-06-05 20:00:00+00:00,America/New_York,2026-06-06 19:38:58.666655+00:00,
UVV,UVV,success,1552,2026-03-12 13:30:00+00:00,2026-06-05 20:00:00+00:00,America/New_York,2026-06-06 19:38:58.671945+00:00,
V,V,success,1561,2026-03-12 13:30:00+00:00,2026-06-05 20:00:00+00:00,America/New_York,2026-06-06 19:38:58.678168+00:00,
VABK,VABK,success,221,2026-03-12 13:30:00+00:00,2026-06-05 20:00:00+00:00,America/New_York,2026-06-06 19:38:58.681586+00:00,
VAC,VAC,success,1560,2026-03-12 13:30:00+00:00,2026-06-05 20:00:00+00:00,America/New_York,2026-06-06 19:38:58.686520+00:00,
VACH,VACH,success,417,2026-03-12 13:30:00+00:00,2026-06-05 20:00:00+00:00,America/New_York,2026-06-06 19:38:58.692692+00:00,
VACI,VACI,success,700,2026-03-12 13:30:00+00:00,2026-06-05 20:00:00+00:00,America/New_York,2026-06-06 19:38:58.696237+00:00,
VAL,VAL,success,1561,2026-03-12 13:30:00+00:00,2026-06-05 20:00:00+00:00,America/New_York,2026-06-06 19:38:58.700893+00:00,
VALE,VALE,success,1561,2026-03-12 13:30:00+00:00,2026-06-05 20:00:00+00:00,America/New_York,2026-06-06 19:38:58.707792+00:00,
VALN,VALN,success,992,2026-03-12 13:30:00+00:00,2026-06-05 20:00:00+00:00,America/New_York,2026-06-06 19:38:58.712330+00:00,
VALU,VALU,success,127,2026-03-12 13:30:00+00:00,2026-06-05 20:00:00+00:00,America/New_York,2026-06-06 19:38:58.715818+00:00,
VATE,VATE,success,1231,2026-03-12 13:30:00+00:00,2026-06-05 20:00:00+00:00,America/New_York,2026-06-06 19:38:58.720382+00:00,
VBNK,VBNK,success,1065,2026-03-12 13:30:00+00:00,2026-06-05 20:00:00+00:00,America/New_York,2026-06-06 19:38:58.727240+00:00,
VC,VC,success,1560,2026-03-12 13:30:00+00:00,2026-06-05 20:00:00+00:00,America/New_York,2026-06-06 19:38:58.731836+00:00,
VCEL,VCEL,success,1560,2026-03-12 13:30:00+00:00,2026-06-05 20:00:00+00:00,America/New_York,2026-06-06 19:38:58.736771+00:00,
VCTR,VCTR,success,1558,2026-03-12 13:30:00+00:00,2026-06-05 20:00:00+00:00,America/New_York,2026-06-06 19:38:58.744426+00:00,
VCYT,VCYT,success,1561,2026-03-12 13:30:00+00:00,2026-06-05 20:00:00+00:00,America/New_York,2026-06-06 19:38:58.748938+00:00,
VECO,VECO,success,1561,2026-03-12 13:30:00+00:00,2026-06-05 20:00:00+00:00,America/New_York,2026-06-06 19:38:58.754019+00:00,
VEEV,VEEV,success,1561,2026-03-12 13:30:00+00:00,2026-06-05 20:00:00+00:00,America/New_York,2026-06-06 19:38:58.761083+00:00,
VEL,VEL,success,1267,2026-03-12 13:30:00+00:00,2026-06-05 20:00:00+00:00,America/New_York,2026-06-06 19:38:58.765701+00:00,
VELO,VELO,success,1561,2026-03-12 13:30:00+00:00,2026-06-05 20:00:00+00:00,America/New_York,2026-06-06 19:38:58.770802+00:00,
VENU,VENU,success,1557,2026-03-12 13:30:00+00:00,2026-06-05 20:00:00+00:00,America/New_York,2026-06-06 19:38:58.777883+00:00,
VEON,VEON,success,1365,2026-03-12 13:30:00+00:00,2026-06-05 20:00:00+00:00,America/New_York,2026-06-06 19:38:58.782127+00:00,
VERA,VERA,success,1561,2026-03-12 13:30:00+00:00,2026-06-05 20:00:00+00:00,America/New_York,2026-06-06 19:38:58.786771+00:00,
VERU,VERU,success,1245,2026-03-12 13:30:00+00:00,2026-06-05 20:00:00+00:00,America/New_York,2026-06-06 19:38:58.793458+00:00,
VERX,VERX,success,1561,2026-03-12 13:30:00+00:00,2026-06-05 20:00:00+00:00,America/New_York,2026-06-06 19:38:58.797932+00:00,
VET,VET,success,1561,2026-03-12 13:30:00+00:00,2026-06-05 20:00:00+00:00,America/New_York,2026-06-06 19:38:58.802633+00:00,
VFC,VFC,success,1561,2026-03-12 13:30:00+00:00,2026-06-05 20:00:00+00:00,America/New_York,2026-06-06 19:38:58.809895+00:00,
VFS,VFS,success,1559,2026-03-12 13:30:00+00:00,2026-06-05 20:00:00+00:00,America/New_York,2026-06-06 19:38:58.814434+00:00,
VG,VG,success,1561,2026-03-12 13:30:00+00:00,2026-06-05 20:00:00+00:00,America/New_York,2026-06-06 19:38:58.819011+00:00,
VHC,VHC,success,410,2026-03-12 14:00:00+00:00,2026-06-05 20:00:00+00:00,America/New_York,2026-06-06 19:38:58.825399+00:00,
VHI,VHI,success,630,2026-03-12 13:30:00+00:00,2026-06-05 20:00:00+00:00,America/New_York,2026-06-06 19:38:58.829295+00:00,
VIA,VIA,success,1560,2026-03-12 13:30:00+00:00,2026-06-05 20:00:00+00:00,America/New_York,2026-06-06 19:38:58.833676+00:00,
VIAV,VIAV,success,1561,2026-03-12 13:30:00+00:00,2026-06-05 20:00:00+00:00,America/New_York,2026-06-06 19:38:58.839017+00:00,
VICI,VICI,success,1561,2026-03-12 13:30:00+00:00,2026-06-05 20:00:00+00:00,America/New_York,2026-06-06 19:38:58.845770+00:00,
VICR,VICR,success,1561,2026-03-12 13:30:00+00:00,2026-06-05 20:00:00+00:00,America/New_York,2026-06-06 19:38:58.850393+00:00,
VIK,VIK,success,1561,2026-03-12 13:30:00+00:00,2026-06-05 20:00:00+00:00,America/New_York,2026-06-06 19:38:58.855072+00:00,
VINP,VINP,success,1049,2026-03-12 13:30:00+00:00,2026-06-05 20:00:00+00:00,America/New_York,2026-06-06 19:38:58.861121+00:00,
VIPS,VIPS,success,1561,2026-03-12 13:30:00+00:00,2026-06-05 20:00:00+00:00,America/New_York,2026-06-06 19:38:58.865729+00:00,
VIR,VIR,success,1561,2026-03-12 13:30:00+00:00,2026-06-05 20:00:00+00:00,America/New_York,2026-06-06 19:38:58.870749+00:00,
VIRC,VIRC,success,983,2026-03-12 13:30:00+00:00,2026-06-05 20:00:00+00:00,America/New_York,2026-06-06 19:38:58.877862+00:00,
VIRT,VIRT,success,1561,2026-03-12 13:30:00+00:00,2026-06-05 20:00:00+00:00,America/New_York,2026-06-06 19:38:58.882305+00:00,
VISN,VISN,success,1561,2026-03-12 13:30:00+00:00,2026-06-05 20:00:00+00:00,America/New_York,2026-06-06 19:38:58.887146+00:00,
VIST,VIST,success,1561,2026-03-12 13:30:00+00:00,2026-06-05 20:00:00+00:00,America/New_York,2026-06-06 19:38:58.894144+00:00,
VITL,VITL,success,1561,2026-03-12 13:30:00+00:00,2026-06-05 20:00:00+00:00,America/New_York,2026-06-06 19:38:58.898675+00:00,
VIV,VIV,success,1561,2026-03-12 13:30:00+00:00,2026-06-05 20:00:00+00:00,America/New_York,2026-06-06 19:38:58.903735+00:00,
VIVO,VIVO,success,1470,2026-03-17 13:30:00+00:00,2026-06-05 20:00:00+00:00,America/New_York,2026-06-06 19:38:58.910802+00:00,
VKTX,VKTX,success,1561,2026-03-12 13:30:00+00:00,2026-06-05 20:00:00+00:00,America/New_York,2026-06-06 19:38:58.915082+00:00,
VLGEA,VLGEA,success,1266,2026-03-12 13:30:00+00:00,2026-06-05 20:00:00+00:00,America/New_York,2026-06-06 19:38:58.919342+00:00,
VLO,VLO,success,1561,2026-03-12 13:30:00+00:00,2026-06-05 20:00:00+00:00,America/New_York,2026-06-06 19:38:58.926345+00:00,
VLRS,VLRS,success,1561,2026-03-12 13:30:00+00:00,2026-06-05 20:00:00+00:00,America/New_York,2026-06-06 19:38:58.931012+00:00,
VLTO,VLTO,success,1561,2026-03-12 13:30:00+00:00,2026-06-05 20:00:00+00:00,America/New_York,2026-06-06 19:38:58.936329+00:00,
VLY,VLY,success,1561,2026-03-12 13:30:00+00:00,2026-06-05 20:00:00+00:00,America/New_York,2026-06-06 19:38:58.944267+00:00,
VMC,VMC,success,1559,2026-03-12 13:30:00+00:00,2026-06-05 20:00:00+00:00,America/New_York,2026-06-06 19:38:58.948712+00:00,
VMD,VMD,success,1545,2026-03-12 13:30:00+00:00,2026-06-05 20:00:00+00:00,America/New_York,2026-06-06 19:38:58.953041+00:00,
VMET,VMET,success,1514,2026-03-12 13:30:00+00:00,2026-06-05 20:00:00+00:00,America/New_York,2026-06-06 19:38:58.959959+00:00,
VMI,VMI,success,1560,2026-03-12 13:30:00+00:00,2026-06-05 20:00:00+00:00,America/New_York,2026-06-06 19:38:58.964282+00:00,
VNCE,VNCE,success,1251,2026-03-12 13:30:00+00:00,2026-06-05 20:00:00+00:00,America/New_York,2026-06-06 19:38:58.969137+00:00,
VNDA,VNDA,success,1561,2026-03-12 13:30:00+00:00,2026-06-05 20:00:00+00:00,America/New_York,2026-06-06 19:38:58.976831+00:00,
VNET,VNET,success,1561,2026-03-12 13:30:00+00:00,2026-06-05 20:00:00+00:00,America/New_York,2026-06-06 19:38:58.981224+00:00,
VNO,VNO,success,1561,2026-03-12 13:30:00+00:00,2026-06-05 20:00:00+00:00,America/New_York,2026-06-06 19:38:58.985674+00:00,
VNOM,VNOM,success,1561,2026-03-12 13:30:00+00:00,2026-06-05 20:00:00+00:00,America/New_York,2026-06-06 19:38:58.992632+00:00,
VNT,VNT,success,1561,2026-03-12 13:30:00+00:00,2026-06-05 20:00:00+00:00,America/New_York,2026-06-06 19:38:58.997124+00:00,
VOD,VOD,success,1561,2026-03-12 13:30:00+00:00,2026-06-05 20:00:00+00:00,America/New_York,2026-06-06 19:38:59.001864+00:00,
VOR,VOR,success,1561,2026-03-12 13:30:00+00:00,2026-06-05 20:00:00+00:00,America/New_York,2026-06-06 19:38:59.009035+00:00,
VOXR,VOXR,success,1557,2026-03-12 13:30:00+00:00,2026-06-05 20:00:00+00:00,America/New_York,2026-06-06 19:38:59.013273+00:00,
VOYA,VOYA,success,1561,2026-03-12 13:30:00+00:00,2026-06-05 20:00:00+00:00,America/New_York,2026-06-06 19:38:59.017749+00:00,
VOYG,VOYG,success,1561,2026-03-12 13:30:00+00:00,2026-06-05 20:00:00+00:00,America/New_York,2026-06-06 19:38:59.024666+00:00,
VPG,VPG,success,1555,2026-03-12 13:30:00+00:00,2026-06-05 20:00:00+00:00,America/New_York,2026-06-06 19:38:59.029218+00:00,
VRA,VRA,success,1462,2026-03-12 13:30:00+00:00,2026-06-05 20:00:00+00:00,America/New_York,2026-06-06 19:38:59.033277+00:00,
VRCA,VRCA,success,1203,2026-03-12 13:30:00+00:00,2026-06-05 20:00:00+00:00,America/New_York,2026-06-06 19:38:59.038347+00:00,
VRDN,VRDN,success,1561,2026-03-12 13:30:00+00:00,2026-06-05 20:00:00+00:00,America/New_York,2026-06-06 19:38:59.044540+00:00,
VREX,VREX,success,1548,2026-03-12 13:30:00+00:00,2026-06-05 20:00:00+00:00,America/New_York,2026-06-06 19:38:59.049104+00:00,
VRNS,VRNS,success,1561,2026-03-12 13:30:00+00:00,2026-06-05 20:00:00+00:00,America/New_York,2026-06-06 19:38:59.053885+00:00,
VRRM,VRRM,success,1561,2026-03-12 13:30:00+00:00,2026-06-05 20:00:00+00:00,America/New_York,2026-06-06 19:38:59.060999+00:00,
VRSK,VRSK,success,1561,2026-03-12 13:30:00+00:00,2026-06-05 20:00:00+00:00,America/New_York,2026-06-06 19:38:59.065714+00:00,
VRSN,VRSN,success,1561,2026-03-12 13:30:00+00:00,2026-06-05 20:00:00+00:00,America/New_York,2026-06-06 19:38:59.070864+00:00,
VRT,VRT,success,1561,2026-03-12 13:30:00+00:00,2026-06-05 20:00:00+00:00,America/New_York,2026-06-06 19:38:59.077811+00:00,
VRTS,VRTS,success,1414,2026-03-12 13:30:00+00:00,2026-06-05 20:00:00+00:00,America/New_York,2026-06-06 19:38:59.082305+00:00,
VRTX,VRTX,success,1561,2026-03-12 13:30:00+00:00,2026-06-05 20:00:00+00:00,America/New_York,2026-06-06 19:38:59.087189+00:00,
VSAT,VSAT,success,1561,2026-03-12 13:30:00+00:00,2026-06-05 20:00:00+00:00,America/New_York,2026-06-06 19:38:59.094117+00:00,
VSEC,VSEC,success,1557,2026-03-12 13:30:00+00:00,2026-06-05 20:00:00+00:00,America/New_York,2026-06-06 19:38:59.098478+00:00,
VSH,VSH,success,1561,2026-03-12 13:30:00+00:00,2026-06-05 20:00:00+00:00,America/New_York,2026-06-06 19:38:59.103103+00:00,
VSNT,VSNT,success,1561,2026-03-12 13:30:00+00:00,2026-06-05 20:00:00+00:00,America/New_York,2026-06-06 19:38:59.107587+00:00,
VST,VST,success,1561,2026-03-12 13:30:00+00:00,2026-06-05 20:00:00+00:00,America/New_York,2026-06-06 19:38:59.111800+00:00,
VSTM,VSTM,success,1561,2026-03-12 13:30:00+00:00,2026-06-05 20:00:00+00:00,America/New_York,2026-06-06 19:38:59.116365+00:00,
VSTS,VSTS,success,1561,2026-03-12 13:30:00+00:00,2026-06-05 20:00:00+00:00,America/New_York,2026-06-06 19:38:59.121025+00:00,
VSXY,VSXY,success,105,2026-06-02 13:30:00+00:00,2026-06-05 20:00:00+00:00,America/New_York,2026-06-06 19:38:59.124082+00:00,
VTEX,VTEX,success,1561,2026-03-12 13:30:00+00:00,2026-06-05 20:00:00+00:00,America/New_York,2026-06-06 19:38:59.175803+00:00,
VTIX,VTIX,success,1501,2026-03-12 13:30:00+00:00,2026-06-05 20:00:00+00:00,America/New_York,2026-06-06 19:38:59.179647+00:00,
VTMX,VTMX,success,1424,2026-03-12 13:30:00+00:00,2026-06-05 20:00:00+00:00,America/New_York,2026-06-06 19:38:59.183542+00:00,
VTOL,VTOL,success,1526,2026-03-12 13:30:00+00:00,2026-06-05 20:00:00+00:00,America/New_York,2026-06-06 19:38:59.188038+00:00,
VTR,VTR,success,1561,2026-03-12 13:30:00+00:00,2026-06-05 20:00:00+00:00,America/New_York,2026-06-06 19:38:59.192519+00:00,
VTRS,VTRS,success,1561,2026-03-12 13:30:00+00:00,2026-06-05 20:00:00+00:00,America/New_York,2026-06-06 19:38:59.195967+00:00,
VTS,VTS,success,1561,2026-03-12 13:30:00+00:00,2026-06-05 20:00:00+00:00,America/New_York,2026-06-06 19:38:59.199778+00:00,
VTVT,VTVT,success,1018,2026-03-12 13:30:00+00:00,2026-06-05 20:00:00+00:00,America/New_York,2026-06-06 19:38:59.204140+00:00,
VUZI,VUZI,success,1561,2026-03-12 13:30:00+00:00,2026-06-05 20:00:00+00:00,America/New_York,2026-06-06 19:38:59.208665+00:00,
VVV,VVV,success,1561,2026-03-12 13:30:00+00:00,2026-06-05 20:00:00+00:00,America/New_York,2026-06-06 19:38:59.212226+00:00,
VVX,VVX,success,1560,2026-03-12 13:30:00+00:00,2026-06-05 20:00:00+00:00,America/New_York,2026-06-06 19:38:59.215728+00:00,
VWAV,VWAV,success,1561,2026-03-12 13:30:00+00:00,2026-06-05 20:00:00+00:00,America/New_York,2026-06-06 19:38:59.220385+00:00,
VYGR,VYGR,success,1560,2026-03-12 13:30:00+00:00,2026-06-05 20:00:00+00:00,America/New_York,2026-06-06 19:38:59.225623+00:00,
VYX,VYX,success,1561,2026-03-12 13:30:00+00:00,2026-06-05 20:00:00+00:00,America/New_York,2026-06-06 19:38:59.228979+00:00,
VZ,VZ,success,1561,2026-03-12 13:30:00+00:00,2026-06-05 20:00:00+00:00,America/New_York,2026-06-06 19:38:59.232528+00:00,
VZLA,VZLA,success,1561,2026-03-12 13:30:00+00:00,2026-06-05 20:00:00+00:00,America/New_York,2026-06-06 19:38:59.237781+00:00,
W,W,success,1561,2026-03-12 13:30:00+00:00,2026-06-05 20:00:00+00:00,America/New_York,2026-06-06 19:38:59.242127+00:00,
WAB,WAB,success,1561,2026-03-12 13:30:00+00:00,2026-06-05 20:00:00+00:00,America/New_York,2026-06-06 19:38:59.245467+00:00,
WABC,WABC,success,1495,2026-03-12 13:30:00+00:00,2026-06-05 20:00:00+00:00,America/New_York,2026-06-06 19:38:59.249064+00:00,
WAFD,WAFD,success,1561,2026-03-12 13:30:00+00:00,2026-06-05 20:00:00+00:00,America/New_York,2026-06-06 19:38:59.253833+00:00,
WAL,WAL,success,1561,2026-03-12 13:30:00+00:00,2026-06-05 20:00:00+00:00,America/New_York,2026-06-06 19:38:59.259139+00:00,
WASH,WASH,success,1538,2026-03-12 13:30:00+00:00,2026-06-05 20:00:00+00:00,America/New_York,2026-06-06 19:38:59.263278+00:00,
WAT,WAT,success,1561,2026-03-12 13:30:00+00:00,2026-06-05 20:00:00+00:00,America/New_York,2026-06-06 19:38:59.269403+00:00,
WATT,WATT,success,1559,2026-03-12 13:30:00+00:00,2026-06-05 20:00:00+00:00,America/New_York,2026-06-06 19:38:59.274673+00:00,
WAVE,WAVE,success,794,2026-03-12 13:30:00+00:00,2026-06-05 20:00:00+00:00,America/New_York,2026-06-06 19:38:59.277620+00:00,
WAY,WAY,success,1561,2026-03-12 13:30:00+00:00,2026-06-05 20:00:00+00:00,America/New_York,2026-06-06 19:38:59.281014+00:00,
WB,WB,success,1561,2026-03-12 13:30:00+00:00,2026-06-05 20:00:00+00:00,America/New_York,2026-06-06 19:38:59.285131+00:00,
WBD,WBD,success,1561,2026-03-12 13:30:00+00:00,2026-06-05 20:00:00+00:00,America/New_York,2026-06-06 19:38:59.290253+00:00,
WBI,WBI,success,1561,2026-03-12 13:30:00+00:00,2026-06-05 20:00:00+00:00,America/New_York,2026-06-06 19:38:59.294969+00:00,
WBS,WBS,success,1561,2026-03-12 13:30:00+00:00,2026-06-05 20:00:00+00:00,America/New_York,2026-06-06 19:38:59.299643+00:00,
WBTN,WBTN,success,1550,2026-03-12 13:30:00+00:00,2026-06-05 20:00:00+00:00,America/New_York,2026-06-06 19:38:59.306147+00:00,
WCC,WCC,success,1561,2026-03-12 13:30:00+00:00,2026-06-05 20:00:00+00:00,America/New_York,2026-06-06 19:38:59.311974+00:00,
WCN,WCN,success,1561,2026-03-12 13:30:00+00:00,2026-06-05 20:00:00+00:00,America/New_York,2026-06-06 19:38:59.316321+00:00,
WD,WD,success,1552,2026-03-12 13:30:00+00:00,2026-06-05 20:00:00+00:00,America/New_York,2026-06-06 19:38:59.321145+00:00,
WDAY,WDAY,success,1561,2026-03-12 13:30:00+00:00,2026-06-05 20:00:00+00:00,America/New_York,2026-06-06 19:38:59.328291+00:00,
WDC,WDC,success,1561,2026-03-12 13:30:00+00:00,2026-06-05 20:00:00+00:00,America/New_York,2026-06-06 19:38:59.333520+00:00,
WDFC,WDFC,success,1418,2026-03-12 13:30:00+00:00,2026-06-05 20:00:00+00:00,America/New_York,2026-06-06 19:38:59.338205+00:00,
WDS,WDS,success,1561,2026-03-12 13:30:00+00:00,2026-06-05 20:00:00+00:00,America/New_York,2026-06-06 19:38:59.345246+00:00,
WEAV,WEAV,success,1561,2026-03-12 13:30:00+00:00,2026-06-05 20:00:00+00:00,America/New_York,2026-06-06 19:38:59.350548+00:00,
WEC,WEC,success,1561,2026-03-12 13:30:00+00:00,2026-06-05 20:00:00+00:00,America/New_York,2026-06-06 19:38:59.358280+00:00,
WELL,WELL,success,1561,2026-03-12 13:30:00+00:00,2026-06-05 20:00:00+00:00,America/New_York,2026-06-06 19:38:59.363156+00:00,
WEN,WEN,success,1561,2026-03-12 13:30:00+00:00,2026-06-05 20:00:00+00:00,America/New_York,2026-06-06 19:38:59.367966+00:00,
WENN,WENN,success,122,2026-03-12 16:45:00+00:00,2026-06-05 20:00:00+00:00,America/New_York,2026-06-06 19:38:59.371581+00:00,
WERN,WERN,success,1561,2026-03-12 13:30:00+00:00,2026-06-05 20:00:00+00:00,America/New_York,2026-06-06 19:38:59.377017+00:00,
WEST,WEST,success,1560,2026-03-12 13:30:00+00:00,2026-06-05 20:00:00+00:00,America/New_York,2026-06-06 19:38:59.381817+00:00,
WEX,WEX,success,1560,2026-03-12 13:30:00+00:00,2026-06-05 20:00:00+00:00,America/New_York,2026-06-06 19:38:59.387579+00:00,
WEYS,WEYS,success,561,2026-03-12 13:30:00+00:00,2026-06-05 20:00:00+00:00,America/New_York,2026-06-06 19:38:59.392025+00:00,
WF,WF,success,1490,2026-03-12 13:30:00+00:00,2026-06-05 20:00:00+00:00,America/New_York,2026-06-06 19:38:59.395282+00:00,
WFC,WFC,success,1561,2026-03-12 13:30:00+00:00,2026-06-05 20:00:00+00:00,America/New_York,2026-06-06 19:38:59.398309+00:00,
WFG,WFG,success,1551,2026-03-12 13:30:00+00:00,2026-06-05 20:00:00+00:00,America/New_York,2026-06-06 19:38:59.402041+00:00,
WFRD,WFRD,success,1561,2026-03-12 13:30:00+00:00,2026-06-05 20:00:00+00:00,America/New_York,2026-06-06 19:38:59.406827+00:00,
WGO,WGO,success,1561,2026-03-12 13:30:00+00:00,2026-06-05 20:00:00+00:00,America/New_York,2026-06-06 19:38:59.411030+00:00,
WGS,WGS,success,1561,2026-03-12 13:30:00+00:00,2026-06-05 20:00:00+00:00,America/New_York,2026-06-06 19:38:59.415409+00:00,
WH,WH,success,1561,2026-03-12 13:30:00+00:00,2026-06-05 20:00:00+00:00,America/New_York,2026-06-06 19:38:59.421115+00:00,
WHD,WHD,success,1561,2026-03-12 13:30:00+00:00,2026-06-05 20:00:00+00:00,America/New_York,2026-06-06 19:38:59.428814+00:00,
WHF,WHF,success,1352,2026-03-12 13:30:00+00:00,2026-06-05 20:00:00+00:00,America/New_York,2026-06-06 19:38:59.434397+00:00,
WHG,WHG,success,642,2026-03-12 13:30:00+00:00,2026-06-05 20:00:00+00:00,America/New_York,2026-06-06 19:38:59.442183+00:00,
WHR,WHR,success,1561,2026-03-12 13:30:00+00:00,2026-06-05 20:00:00+00:00,America/New_York,2026-06-06 19:38:59.447275+00:00,
WHWK,WHWK,success,1519,2026-03-12 13:30:00+00:00,2026-06-05 20:00:00+00:00,America/New_York,2026-06-06 19:38:59.452638+00:00,
WILC,WILC,success,176,2026-03-12 15:00:00+00:00,2026-06-05 20:00:00+00:00,America/New_York,2026-06-06 19:38:59.457930+00:00,
WINA,WINA,success,1373,2026-03-12 13:30:00+00:00,2026-06-05 20:00:00+00:00,America/New_York,2026-06-06 19:38:59.462561+00:00,
WING,WING,success,1561,2026-03-12 13:30:00+00:00,2026-06-05 20:00:00+00:00,America/New_York,2026-06-06 19:38:59.467250+00:00,
WIX,WIX,success,1561,2026-03-12 13:30:00+00:00,2026-06-05 20:00:00+00:00,America/New_York,2026-06-06 19:38:59.472444+00:00,
WK,WK,success,1561,2026-03-12 13:30:00+00:00,2026-06-05 20:00:00+00:00,America/New_York,2026-06-06 19:38:59.479191+00:00,
WKC,WKC,success,1561,2026-03-12 13:30:00+00:00,2026-06-05 20:00:00+00:00,America/New_York,2026-06-06 19:38:59.484449+00:00,
WKEY,WKEY,success,1386,2026-03-12 13:30:00+00:00,2026-06-05 20:00:00+00:00,America/New_York,2026-06-06 19:38:59.491587+00:00,
WLDN,WLDN,success,1558,2026-03-12 13:30:00+00:00,2026-06-05 20:00:00+00:00,America/New_York,2026-06-06 19:38:59.496982+00:00,
WLFC,WLFC,success,1204,2026-03-12 13:30:00+00:00,2026-06-05 20:00:00+00:00,America/New_York,2026-06-06 19:38:59.501778+00:00,
WLK,WLK,success,1561,2026-03-12 13:30:00+00:00,2026-06-05 20:00:00+00:00,America/New_York,2026-06-06 19:38:59.509410+00:00,
WLTH,WLTH,success,1561,2026-03-12 13:30:00+00:00,2026-06-05 20:00:00+00:00,America/New_York,2026-06-06 19:38:59.514767+00:00,
WLY,WLY,success,1560,2026-03-12 13:30:00+00:00,2026-06-05 20:00:00+00:00,America/New_York,2026-06-06 19:38:59.520094+00:00,
WM,WM,success,1561,2026-03-12 13:30:00+00:00,2026-06-05 20:00:00+00:00,America/New_York,2026-06-06 19:38:59.528435+00:00,
WMB,WMB,success,1561,2026-03-12 13:30:00+00:00,2026-06-05 20:00:00+00:00,America/New_York,2026-06-06 19:38:59.534238+00:00,
WMG,WMG,success,1561,2026-03-12 13:30:00+00:00,2026-06-05 20:00:00+00:00,America/New_York,2026-06-06 19:38:59.540527+00:00,
WMK,WMK,success,1500,2026-03-12 13:30:00+00:00,2026-06-05 20:00:00+00:00,America/New_York,2026-06-06 19:38:59.545339+00:00,
WMS,WMS,success,1561,2026-03-12 13:30:00+00:00,2026-06-05 20:00:00+00:00,America/New_York,2026-06-06 19:38:59.550503+00:00,
WMT,WMT,success,1561,2026-03-12 13:30:00+00:00,2026-06-05 20:00:00+00:00,America/New_York,2026-06-06 19:38:59.555457+00:00,
WNC,WNC,success,1561,2026-03-12 13:30:00+00:00,2026-06-05 20:00:00+00:00,America/New_York,2026-06-06 19:38:59.561887+00:00,
WNEB,WNEB,success,1093,2026-03-12 13:30:00+00:00,2026-06-05 20:00:00+00:00,America/New_York,2026-06-06 19:38:59.566943+00:00,
WOLF,WOLF,success,1561,2026-03-12 13:30:00+00:00,2026-06-05 20:00:00+00:00,America/New_York,2026-06-06 19:38:59.574120+00:00,
WOR,WOR,success,1505,2026-03-12 13:30:00+00:00,2026-06-05 20:00:00+00:00,America/New_York,2026-06-06 19:38:59.579515+00:00,
WPC,WPC,success,1561,2026-03-12 13:30:00+00:00,2026-06-05 20:00:00+00:00,America/New_York,2026-06-06 19:38:59.584485+00:00,
WPM,WPM,success,1561,2026-03-12 13:30:00+00:00,2026-06-05 20:00:00+00:00,America/New_York,2026-06-06 19:38:59.591443+00:00,
WPP,WPP,success,1561,2026-03-12 13:30:00+00:00,2026-06-05 20:00:00+00:00,America/New_York,2026-06-06 19:38:59.596118+00:00,
WRB,WRB,success,1561,2026-03-12 13:30:00+00:00,2026-06-05 20:00:00+00:00,America/New_York,2026-06-06 19:38:59.600724+00:00,
WRBY,WRBY,success,1561,2026-03-12 13:30:00+00:00,2026-06-05 20:00:00+00:00,America/New_York,2026-06-06 19:38:59.608016+00:00,
WRD,WRD,success,1561,2026-03-12 13:30:00+00:00,2026-06-05 20:00:00+00:00,America/New_York,2026-06-06 19:38:59.612803+00:00,
WRLD,WRLD,success,1359,2026-03-12 13:30:00+00:00,2026-06-05 20:00:00+00:00,America/New_York,2026-06-06 19:38:59.617255+00:00,
WS,WS,success,1552,2026-03-12 13:30:00+00:00,2026-06-05 20:00:00+00:00,America/New_York,2026-06-06 19:38:59.622259+00:00,
WSBC,WSBC,success,1561,2026-03-12 13:30:00+00:00,2026-06-05 20:00:00+00:00,America/New_York,2026-06-06 19:38:59.629048+00:00,
WSBF,WSBF,success,1313,2026-03-12 13:30:00+00:00,2026-06-05 20:00:00+00:00,America/New_York,2026-06-06 19:38:59.633136+00:00,
WSBK,WSBK,success,272,2026-03-12 19:45:00+00:00,2026-06-05 20:00:00+00:00,America/New_York,2026-06-06 19:38:59.636966+00:00,
WSC,WSC,success,1561,2026-03-12 13:30:00+00:00,2026-06-05 20:00:00+00:00,America/New_York,2026-06-06 19:38:59.644313+00:00,
WSE,WSE,success,495,2026-05-11 13:30:00+00:00,2026-06-05 20:00:00+00:00,America/New_York,2026-06-06 19:38:59.648073+00:00,
WSFS,WSFS,success,1559,2026-03-12 13:30:00+00:00,2026-06-05 20:00:00+00:00,America/New_York,2026-06-06 19:38:59.652448+00:00,
WSHP,WSHP,success,1297,2026-03-12 13:30:00+00:00,2026-06-05 20:00:00+00:00,America/New_York,2026-06-06 19:38:59.658505+00:00,
WSM,WSM,success,1561,2026-03-12 13:30:00+00:00,2026-06-05 20:00:00+00:00,America/New_York,2026-06-06 19:38:59.662822+00:00,
WSO,WSO,success,1561,2026-03-12 13:30:00+00:00,2026-06-05 20:00:00+00:00,America/New_York,2026-06-06 19:38:59.667243+00:00,
WSR,WSR,success,1551,2026-03-12 13:30:00+00:00,2026-06-05 20:00:00+00:00,America/New_York,2026-06-06 19:38:59.672460+00:00,
WST,WST,success,1561,2026-03-12 13:30:00+00:00,2026-06-05 20:00:00+00:00,America/New_York,2026-06-06 19:38:59.677209+00:00,
WT,WT,success,1561,2026-03-12 13:30:00+00:00,2026-06-05 20:00:00+00:00,America/New_York,2026-06-06 19:38:59.680836+00:00,
WTBA,WTBA,success,925,2026-03-12 13:30:00+00:00,2026-06-05 20:00:00+00:00,America/New_York,2026-06-06 19:38:59.684221+00:00,
WTFC,WTFC,success,1561,2026-03-12 13:30:00+00:00,2026-06-05 20:00:00+00:00,America/New_York,2026-06-06 19:38:59.689109+00:00,
WTI,WTI,success,1561,2026-03-12 13:30:00+00:00,2026-06-05 20:00:00+00:00,America/New_York,2026-06-06 19:38:59.694224+00:00,
WTM,WTM,success,1531,2026-03-12 13:30:00+00:00,2026-06-05 20:00:00+00:00,America/New_York,2026-06-06 19:38:59.698408+00:00,
WTRG,WTRG,success,1561,2026-03-12 13:30:00+00:00,2026-06-05 20:00:00+00:00,America/New_York,2026-06-06 19:38:59.703669+00:00,
WTS,WTS,success,1560,2026-03-12 13:30:00+00:00,2026-06-05 20:00:00+00:00,America/New_York,2026-06-06 19:38:59.709852+00:00,
WTTR,WTTR,success,1561,2026-03-12 13:30:00+00:00,2026-06-05 20:00:00+00:00,America/New_York,2026-06-06 19:38:59.713672+00:00,
WTW,WTW,success,1561,2026-03-12 13:30:00+00:00,2026-06-05 20:00:00+00:00,America/New_York,2026-06-06 19:38:59.717721+00:00,
WU,WU,success,1561,2026-03-12 13:30:00+00:00,2026-06-05 20:00:00+00:00,America/New_York,2026-06-06 19:38:59.724856+00:00,
WULF,WULF,success,1561,2026-03-12 13:30:00+00:00,2026-06-05 20:00:00+00:00,America/New_York,2026-06-06 19:38:59.729419+00:00,
WVE,WVE,success,1561,2026-03-12 13:30:00+00:00,2026-06-05 20:00:00+00:00,America/New_York,2026-06-06 19:38:59.733205+00:00,
WW,WW,success,1549,2026-03-12 13:30:00+00:00,2026-06-05 20:00:00+00:00,America/New_York,2026-06-06 19:38:59.737957+00:00,
WWD,WWD,success,1561,2026-03-12 13:30:00+00:00,2026-06-05 20:00:00+00:00,America/New_York,2026-06-06 19:38:59.742968+00:00,
WWW,WWW,success,1561,2026-03-12 13:30:00+00:00,2026-06-05 20:00:00+00:00,America/New_York,2026-06-06 19:38:59.747150+00:00,
WY,WY,success,1561,2026-03-12 13:30:00+00:00,2026-06-05 20:00:00+00:00,America/New_York,2026-06-06 19:38:59.752115+00:00,
WYFI,WYFI,success,1561,2026-03-12 13:30:00+00:00,2026-06-05 20:00:00+00:00,America/New_York,2026-06-06 19:38:59.757503+00:00,
WYNN,WYNN,success,1561,2026-03-12 13:30:00+00:00,2026-06-05 20:00:00+00:00,America/New_York,2026-06-06 19:38:59.761157+00:00,
WYY,WYY,success,1112,2026-03-12 13:30:00+00:00,2026-06-05 20:00:00+00:00,America/New_York,2026-06-06 19:38:59.764369+00:00,
XE,XE,success,769,2026-04-24 13:30:00+00:00,2026-06-05 20:00:00+00:00,America/New_York,2026-06-06 19:38:59.767887+00:00,
XEL,XEL,success,1561,2026-03-12 13:30:00+00:00,2026-06-05 20:00:00+00:00,America/New_York,2026-06-06 19:38:59.773791+00:00,
XENE,XENE,success,1561,2026-03-12 13:30:00+00:00,2026-06-05 20:00:00+00:00,America/New_York,2026-06-06 19:38:59.777728+00:00,
XERS,XERS,success,1561,2026-03-12 13:30:00+00:00,2026-06-05 20:00:00+00:00,America/New_York,2026-06-06 19:38:59.782093+00:00,
XFOR,XFOR,success,1556,2026-03-12 13:30:00+00:00,2026-06-05 20:00:00+00:00,America/New_York,2026-06-06 19:38:59.787256+00:00,
XGN,XGN,success,1529,2026-03-12 13:30:00+00:00,2026-06-05 20:00:00+00:00,America/New_York,2026-06-06 19:38:59.791226+00:00,
XHR,XHR,success,1561,2026-03-12 13:30:00+00:00,2026-06-05 20:00:00+00:00,America/New_York,2026-06-06 19:38:59.794505+00:00,
XLO,XLO,success,982,2026-03-12 13:30:00+00:00,2026-06-05 20:00:00+00:00,America/New_York,2026-06-06 19:38:59.797135+00:00,
XMAX,XMAX,success,365,2026-05-18 13:30:00+00:00,2026-06-05 20:00:00+00:00,America/New_York,2026-06-06 19:38:59.799230+00:00,
XMTR,XMTR,success,1561,2026-03-12 13:30:00+00:00,2026-06-05 20:00:00+00:00,America/New_York,2026-06-06 19:38:59.802577+00:00,
XNCR,XNCR,success,1561,2026-03-12 13:30:00+00:00,2026-06-05 20:00:00+00:00,America/New_York,2026-06-06 19:38:59.806382+00:00,
XNET,XNET,success,1529,2026-03-12 13:30:00+00:00,2026-06-05 20:00:00+00:00,America/New_York,2026-06-06 19:38:59.810368+00:00,
XOM,XOM,success,1561,2026-03-12 13:30:00+00:00,2026-06-05 20:00:00+00:00,America/New_York,2026-06-06 19:38:59.813599+00:00,
XOMA,XOMA,success,1470,2026-03-12 13:30:00+00:00,2026-06-05 20:00:00+00:00,America/New_York,2026-06-06 19:38:59.818123+00:00,
XOS,XOS,success,1048,2026-03-12 13:30:00+00:00,2026-06-05 20:00:00+00:00,America/New_York,2026-06-06 19:38:59.823092+00:00,
XP,XP,success,1561,2026-03-12 13:30:00+00:00,2026-06-05 20:00:00+00:00,America/New_York,2026-06-06 19:38:59.827178+00:00,
XPEL,XPEL,success,1541,2026-03-12 13:30:00+00:00,2026-06-05 20:00:00+00:00,America/New_York,2026-06-06 19:38:59.830585+00:00,
XPER,XPER,success,1559,2026-03-12 13:30:00+00:00,2026-06-05 20:00:00+00:00,America/New_York,2026-06-06 19:38:59.835091+00:00,
XPEV,XPEV,success,1561,2026-03-12 13:30:00+00:00,2026-06-05 20:00:00+00:00,America/New_York,2026-06-06 19:38:59.840105+00:00,
XPO,XPO,success,1561,2026-03-12 13:30:00+00:00,2026-06-05 20:00:00+00:00,America/New_York,2026-06-06 19:38:59.843816+00:00,
XPOF,XPOF,success,1560,2026-03-12 13:30:00+00:00,2026-06-05 20:00:00+00:00,America/New_York,2026-06-06 19:38:59.847272+00:00,
XPRO,XPRO,success,1561,2026-03-12 13:30:00+00:00,2026-06-05 20:00:00+00:00,America/New_York,2026-06-06 19:38:59.851415+00:00,
XRAY,XRAY,success,1561,2026-03-12 13:30:00+00:00,2026-06-05 20:00:00+00:00,America/New_York,2026-06-06 19:38:59.856899+00:00,
XRN,XRN,success,1483,2026-03-12 13:30:00+00:00,2026-06-05 20:00:00+00:00,America/New_York,2026-06-06 19:38:59.861041+00:00,
XRPN,XRPN,success,1087,2026-03-12 13:30:00+00:00,2026-06-05 20:00:00+00:00,America/New_York,2026-06-06 19:38:59.864018+00:00,
XRX,XRX,success,1561,2026-03-12 13:30:00+00:00,2026-06-05 20:00:00+00:00,America/New_York,2026-06-06 19:38:59.868523+00:00,
XXI,XXI,success,1561,2026-03-12 13:30:00+00:00,2026-06-05 20:00:00+00:00,America/New_York,2026-06-06 19:38:59.874021+00:00,
XYF,XYF,success,1442,2026-03-12 13:30:00+00:00,2026-06-05 20:00:00+00:00,America/New_York,2026-06-06 19:38:59.877783+00:00,
XYL,XYL,success,1561,2026-03-12 13:30:00+00:00,2026-06-05 20:00:00+00:00,America/New_York,2026-06-06 19:38:59.881216+00:00,
XYZ,XYZ,success,1561,2026-03-12 13:30:00+00:00,2026-06-05 20:00:00+00:00,America/New_York,2026-06-06 19:38:59.885388+00:00,
XZO,XZO,success,1534,2026-03-12 13:30:00+00:00,2026-06-05 20:00:00+00:00,America/New_York,2026-06-06 19:38:59.890543+00:00,
YALA,YALA,success,1545,2026-03-12 13:30:00+00:00,2026-06-05 20:00:00+00:00,America/New_York,2026-06-06 19:38:59.894150+00:00,
YB,YB,success,943,2026-03-12 13:30:00+00:00,2026-06-05 20:00:00+00:00,America/New_York,2026-06-06 19:38:59.896835+00:00,
YDES,YDES,success,574,2026-03-12 14:00:00+00:00,2026-06-05 20:00:00+00:00,America/New_York,2026-06-06 19:38:59.900043+00:00,
YELP,YELP,success,1561,2026-03-12 13:30:00+00:00,2026-06-05 20:00:00+00:00,America/New_York,2026-06-06 19:38:59.904809+00:00,
YETI,YETI,success,1561,2026-03-12 13:30:00+00:00,2026-06-05 20:00:00+00:00,America/New_York,2026-06-06 19:38:59.909192+00:00,
YEXT,YEXT,success,1561,2026-03-12 13:30:00+00:00,2026-06-05 20:00:00+00:00,America/New_York,2026-06-06 19:38:59.913046+00:00,
YMM,YMM,success,1561,2026-03-12 13:30:00+00:00,2026-06-05 20:00:00+00:00,America/New_York,2026-06-06 19:38:59.917738+00:00,
YORW,YORW,success,1528,2026-03-12 13:30:00+00:00,2026-06-05 20:00:00+00:00,America/New_York,2026-06-06 19:38:59.922309+00:00,
YOU,YOU,success,1561,2026-03-12 13:30:00+00:00,2026-06-05 20:00:00+00:00,America/New_York,2026-06-06 19:38:59.926490+00:00,
YPF,YPF,success,1561,2026-03-12 13:30:00+00:00,2026-06-05 20:00:00+00:00,America/New_York,2026-06-06 19:38:59.929621+00:00,
YSS,YSS,success,1561,2026-03-12 13:30:00+00:00,2026-06-05 20:00:00+00:00,America/New_York,2026-06-06 19:38:59.932492+00:00,
YSWY,YSWY,success,815,2026-04-22 13:30:00+00:00,2026-06-05 20:00:00+00:00,America/New_York,2026-06-06 19:38:59.936423+00:00,
YUM,YUM,success,1561,2026-03-12 13:30:00+00:00,2026-06-05 20:00:00+00:00,America/New_York,2026-06-06 19:38:59.940729+00:00,
YUMC,YUMC,success,1561,2026-03-12 13:30:00+00:00,2026-06-05 20:00:00+00:00,America/New_York,2026-06-06 19:38:59.944531+00:00,
Z,Z,success,1561,2026-03-12 13:30:00+00:00,2026-06-05 20:00:00+00:00,America/New_York,2026-06-06 19:38:59.947885+00:00,
ZBH,ZBH,success,1561,2026-03-12 13:30:00+00:00,2026-06-05 20:00:00+00:00,America/New_York,2026-06-06 19:38:59.952118+00:00,
ZBIO,ZBIO,success,1560,2026-03-12 13:30:00+00:00,2026-06-05 20:00:00+00:00,America/New_York,2026-06-06 19:38:59.957205+00:00,
ZBRA,ZBRA,success,1561,2026-03-12 13:30:00+00:00,2026-06-05 20:00:00+00:00,America/New_York,2026-06-06 19:38:59.960926+00:00,
ZD,ZD,success,1560,2026-03-12 13:30:00+00:00,2026-06-05 20:00:00+00:00,America/New_York,2026-06-06 19:38:59.964362+00:00,
ZEPP,ZEPP,success,1395,2026-03-12 13:30:00+00:00,2026-06-05 20:00:00+00:00,America/New_York,2026-06-06 19:38:59.968601+00:00,
ZETA,ZETA,success,1561,2026-03-12 13:30:00+00:00,2026-06-05 20:00:00+00:00,America/New_York,2026-06-06 19:38:59.974151+00:00,
ZGN,ZGN,success,1561,2026-03-12 13:30:00+00:00,2026-06-05 20:00:00+00:00,America/New_York,2026-06-06 19:38:59.978153+00:00,
ZH,ZH,success,1506,2026-03-12 13:30:00+00:00,2026-06-05 20:00:00+00:00,America/New_York,2026-06-06 19:38:59.981606+00:00,
ZIM,ZIM,success,1561,2026-03-12 13:30:00+00:00,2026-06-05 20:00:00+00:00,America/New_York,2026-06-06 19:38:59.985847+00:00,
ZION,ZION,success,1561,2026-03-12 13:30:00+00:00,2026-06-05 20:00:00+00:00,America/New_York,2026-06-06 19:38:59.990924+00:00,
ZIP,ZIP,success,1561,2026-03-12 13:30:00+00:00,2026-06-05 20:00:00+00:00,America/New_York,2026-06-06 19:38:59.994696+00:00,
ZLAB,ZLAB,success,1559,2026-03-12 13:30:00+00:00,2026-06-05 20:00:00+00:00,America/New_York,2026-06-06 19:38:59.998211+00:00,
ZM,ZM,success,1561,2026-03-12 13:30:00+00:00,2026-06-05 20:00:00+00:00,America/New_York,2026-06-06 19:39:00.004042+00:00,
ZNTL,ZNTL,success,1560,2026-03-12 13:30:00+00:00,2026-06-05 20:00:00+00:00,America/New_York,2026-06-06 19:39:00.010229+00:00,
ZS,ZS,success,1561,2026-03-12 13:30:00+00:00,2026-06-05 20:00:00+00:00,America/New_York,2026-06-06 19:39:00.014140+00:00,
ZSQR,ZSQR,success,734,2026-04-27 16:15:00+00:00,2026-06-05 20:00:00+00:00,America/New_York,2026-06-06 19:39:00.018649+00:00,
ZTO,ZTO,success,1561,2026-03-12 13:30:00+00:00,2026-06-05 20:00:00+00:00,America/New_York,2026-06-06 19:39:00.026468+00:00,
ZTS,ZTS,success,1561,2026-03-12 13:30:00+00:00,2026-06-05 20:00:00+00:00,America/New_York,2026-06-06 19:39:00.035574+00:00,
ZUMZ,ZUMZ,success,1499,2026-03-12 13:30:00+00:00,2026-06-05 20:00:00+00:00,America/New_York,2026-06-06 19:39:00.044527+00:00,
ZURA,ZURA,success,1561,2026-03-12 13:30:00+00:00,2026-06-05 20:00:00+00:00,America/New_York,2026-06-06 19:39:00.049952+00:00,
ZVRA,ZVRA,success,1561,2026-03-12 13:30:00+00:00,2026-06-05 20:00:00+00:00,America/New_York,2026-06-06 19:39:00.055406+00:00,
ZWS,ZWS,success,1561,2026-03-12 13:30:00+00:00,2026-06-05 20:00:00+00:00,America/New_York,2026-06-06 19:39:00.061643+00:00,
ZYME,ZYME,success,1561,2026-03-12 13:30:00+00:00,2026-06-05 20:00:00+00:00,America/New_York,2026-06-06 19:39:00.066672+00:00,
ARCI,ARCI,failed,0,,,,2026-06-06 19:37:59.587552+00:00,60d: HTTP 422: Unprocessable Entity - 15m data not available for startTime=1773667800 and endTime=1780774677. The requested range must be within the last 60 days.; 59d: HTTP 422: Unprocessable Entity - 15m data not available for startTime=1773667800 and endTime=1780774677. The requested range must be within the last 60 days.; 58d: HTTP 422: Unprocessable Entity - 15m data not available for startTime=1773667800 and endTime=1780774677. The requested range must be within the last 60 days.; yf-60d: yfinance fallback returned no data.; yf-59d: yfinance fallback returned no data.; yf-58d: yfinance fallback returned no data.
CLBR,CLBR,failed,0,,,,2026-06-06 19:37:57.639232+00:00,60d: HTTP 422: Unprocessable Entity - 15m data not available for startTime=1774618200 and endTime=1780774675. The requested range must be within the last 60 days.; 59d: HTTP 422: Unprocessable Entity - 15m data not available for startTime=1774618200 and endTime=1780774675. The requested range must be within the last 60 days.; 58d: HTTP 422: Unprocessable Entity - 15m data not available for startTime=1774618200 and endTime=1780774675. The requested range must be within the last 60 days.; yf-60d: yfinance fallback returned no data.; yf-59d: yfinance fallback returned no data.; yf-58d: yfinance fallback returned no data.
CSHR,CSHR,failed,0,,,,2026-06-06 19:37:55.205249+00:00,60d: HTTP 422: Unprocessable Entity - 15m data not available for startTime=1775050200 and endTime=1780774673. The requested range must be within the last 60 days.; 59d: HTTP 422: Unprocessable Entity - 15m data not available for startTime=1775050200 and endTime=1780774673. The requested range must be within the last 60 days.; 58d: HTTP 422: Unprocessable Entity - 15m data not available for startTime=1775050200 and endTime=1780774673. The requested range must be within the last 60 days.; yf-60d: yfinance fallback returned no data.; yf-59d: yfinance fallback returned no data.; yf-58d: yfinance fallback returned no data.
GMTL,GMTL,failed,0,,,,2026-06-06 19:37:55.184433+00:00,60d: HTTP 422: Unprocessable Entity - 15m data not available for startTime=1774013400 and endTime=1780774673. The requested range must be within the last 60 days.; 59d: HTTP 422: Unprocessable Entity - 15m data not available for startTime=1774013400 and endTime=1780774673. The requested range must be within the last 60 days.; 58d: HTTP 422: Unprocessable Entity - 15m data not available for startTime=1774013400 and endTime=1780774673. The requested range must be within the last 60 days.; yf-60d: yfinance fallback returned no data.; yf-59d: yfinance fallback returned no data.; yf-58d: yfinance fallback returned no data.
HACQ,HACQ,failed,0,,,,2026-06-06 19:37:59.639250+00:00,60d: HTTP 422: Unprocessable Entity - 15m data not available for startTime=1775482200 and endTime=1780774677. The requested range must be within the last 60 days.; 59d: HTTP 422: Unprocessable Entity - 15m data not available for startTime=1775482200 and endTime=1780774677. The requested range must be within the last 60 days.; 58d: HTTP 422: Unprocessable Entity - 15m data not available for startTime=1775482200 and endTime=1780774677. The requested range must be within the last 60 days.; yf-60d: yfinance fallback returned no data.; yf-59d: yfinance fallback returned no data.; yf-58d: yfinance fallback returned no data.
HMH,HMH,failed,0,,,,2026-06-06 19:37:54.373830+00:00,60d: HTTP 422: Unprocessable Entity - 15m data not available for startTime=1775050200 and endTime=1780774672. The requested range must be within the last 60 days.; 59d: HTTP 422: Unprocessable Entity - 15m data not available for startTime=1775050200 and endTime=1780774672. The requested range must be within the last 60 days.; 58d: HTTP 422: Unprocessable Entity - 15m data not available for startTime=1775050200 and endTime=1780774673. The requested range must be within the last 60 days.; yf-60d: yfinance fallback returned no data.; yf-59d: yfinance fallback returned no data.; yf-58d: yfinance fallback returned no data.
HQ,HQ,failed,0,,,,2026-06-06 19:37:59.994642+00:00,60d: HTTP 422: Unprocessable Entity - 15m data not available for startTime=1774013400 and endTime=1780774677. The requested range must be within the last 60 days.; 59d: HTTP 422: Unprocessable Entity - 15m data not available for startTime=1774013400 and endTime=1780774677. The requested range must be within the last 60 days.; 58d: HTTP 422: Unprocessable Entity - 15m data not available for startTime=1774013400 and endTime=1780774677. The requested range must be within the last 60 days.; yf-60d: yfinance fallback returned no data.; yf-59d: yfinance fallback returned no data.; yf-58d: yfinance fallback returned no data.
IACO,IACO,failed,0,,,,2026-06-06 19:37:56.962954+00:00,60d: HTTP 422: Unprocessable Entity - 15m data not available for startTime=1775482200 and endTime=1780774674. The requested range must be within the last 60 days.; 59d: HTTP 422: Unprocessable Entity - 15m data not available for startTime=1775482200 and endTime=1780774674. The requested range must be within the last 60 days.; 58d: HTTP 422: Unprocessable Entity - 15m data not available for startTime=1775482200 and endTime=1780774675. The requested range must be within the last 60 days.; yf-60d: yfinance fallback returned no data.; yf-59d: yfinance fallback returned no data.; yf-58d: yfinance fallback returned no data.
JAN,JAN,failed,0,,,,2026-06-06 19:37:52.572063+00:00,60d: HTTP 422: Unprocessable Entity - 15m data not available for startTime=1774013400 and endTime=1780774669. The requested range must be within the last 60 days.; 59d: HTTP 422: Unprocessable Entity - 15m data not available for startTime=1774013400 and endTime=1780774669. The requested range must be within the last 60 days.; 58d: HTTP 422: Unprocessable Entity - 15m data not available for startTime=1774013400 and endTime=1780774670. The requested range must be within the last 60 days.; yf-60d: yfinance fallback returned no data.; yf-59d: yfinance fallback returned no data.; yf-58d: yfinance fallback returned no data.
KRAQ,KRAQ,failed,0,,,,2026-06-06 19:37:57.611233+00:00,60d: HTTP 422: Unprocessable Entity - 15m data not available for startTime=1774013400 and endTime=1780774675. The requested range must be within the last 60 days.; 59d: HTTP 422: Unprocessable Entity - 15m data not available for startTime=1774013400 and endTime=1780774675. The requested range must be within the last 60 days.; 58d: HTTP 422: Unprocessable Entity - 15m data not available for startTime=1774013400 and endTime=1780774675. The requested range must be within the last 60 days.; yf-60d: yfinance fallback returned no data.; yf-59d: yfinance fallback returned no data.; yf-58d: yfinance fallback returned no data.
MLAA,MLAA,failed,0,,,,2026-06-06 19:37:57.285044+00:00,60d: HTTP 422: Unprocessable Entity - 15m data not available for startTime=1773927000 and endTime=1780774674. The requested range must be within the last 60 days.; 59d: HTTP 422: Unprocessable Entity - 15m data not available for startTime=1773927000 and endTime=1780774675. The requested range must be within the last 60 days.; 58d: HTTP 422: Unprocessable Entity - 15m data not available for startTime=1773927000 and endTime=1780774675. The requested range must be within the last 60 days.; yf-60d: yfinance fallback returned no data.; yf-59d: yfinance fallback returned no data.; yf-58d: yfinance fallback returned no data.
NINE,NINE,failed,0,,,,2026-06-06 19:38:01.548579+00:00,60d: HTTP 422: Unprocessable Entity - 15m data not available for startTime=1774963800 and endTime=1780774679. The requested range must be within the last 60 days.; 59d: HTTP 422: Unprocessable Entity - 15m data not available for startTime=1774963800 and endTime=1780774679. The requested range must be within the last 60 days.; 58d: HTTP 422: Unprocessable Entity - 15m data not available for startTime=1774963800 and endTime=1780774680. The requested range must be within the last 60 days.; yf-60d: yfinance fallback returned no data.; yf-59d: yfinance fallback returned no data.; yf-58d: yfinance fallback returned no data.
PTOR,PTOR,failed,0,,,,2026-06-06 19:37:59.617113+00:00,60d: HTTP 422: Unprocessable Entity - 15m data not available for startTime=1773667800 and endTime=1780774677. The requested range must be within the last 60 days.; 59d: HTTP 422: Unprocessable Entity - 15m data not available for startTime=1773667800 and endTime=1780774677. The requested range must be within the last 60 days.; 58d: HTTP 422: Unprocessable Entity - 15m data not available for startTime=1773667800 and endTime=1780774677. The requested range must be within the last 60 days.; yf-60d: yfinance fallback returned no data.; yf-59d: yfinance fallback returned no data.; yf-58d: yfinance fallback returned no data.
RMIX,RMIX,failed,0,,,,2026-06-06 19:37:53.002495+00:00,60d: HTTP 422: Unprocessable Entity - 15m data not available for startTime=1775136600 and endTime=1780774670. The requested range must be within the last 60 days.; 59d: HTTP 422: Unprocessable Entity - 15m data not available for startTime=1775136600 and endTime=1780774670. The requested range must be within the last 60 days.; 58d: HTTP 422: Unprocessable Entity - 15m data not available for startTime=1775136600 and endTime=1780774671. The requested range must be within the last 60 days.; yf-60d: yfinance fallback returned no data.; yf-59d: yfinance fallback returned no data.; yf-58d: yfinance fallback returned no data.
SAAQ,SAAQ,failed,0,,,,2026-06-06 19:38:01.918335+00:00,60d: HTTP 422: Unprocessable Entity - 15m data not available for startTime=1774013400 and endTime=1780774679. The requested range must be within the last 60 days.; 59d: HTTP 422: Unprocessable Entity - 15m data not available for startTime=1774013400 and endTime=1780774679. The requested range must be within the last 60 days.; 58d: HTTP 422: Unprocessable Entity - 15m data not available for startTime=1774013400 and endTime=1780774679. The requested range must be within the last 60 days.; yf-60d: yfinance fallback returned no data.; yf-59d: yfinance fallback returned no data.; yf-58d: yfinance fallback returned no data.
SWMR,SWMR,failed,0,,,,2026-06-06 19:37:54.346421+00:00,60d: HTTP 422: Unprocessable Entity - 15m data not available for startTime=1773754200 and endTime=1780774672. The requested range must be within the last 60 days.; 59d: HTTP 422: Unprocessable Entity - 15m data not available for startTime=1773754200 and endTime=1780774672. The requested range must be within the last 60 days.; 58d: HTTP 422: Unprocessable Entity - 15m data not available for startTime=1773754200 and endTime=1780774673. The requested range must be within the last 60 days.; yf-60d: yfinance fallback returned no data.; yf-59d: yfinance fallback returned no data.; yf-58d: yfinance fallback returned no data.
VGNT,VGNT,failed,0,,,,2026-06-06 19:37:52.977108+00:00,60d: HTTP 422: Unprocessable Entity - 15m data not available for startTime=1774618200 and endTime=1780774670. The requested range must be within the last 60 days.; 59d: HTTP 422: Unprocessable Entity - 15m data not available for startTime=1774618200 and endTime=1780774670. The requested range must be within the last 60 days.; 58d: HTTP 422: Unprocessable Entity - 15m data not available for startTime=1774618200 and endTime=1780774671. The requested range must be within the last 60 days.; yf-60d: yfinance fallback returned no data.; yf-59d: yfinance fallback returned no data.; yf-58d: yfinance fallback returned no data.
XNDU,XNDU,failed,0,,,,2026-06-06 19:37:52.593244+00:00,60d: HTTP 422: Unprocessable Entity - 15m data not available for startTime=1774272600 and endTime=1780774669. The requested range must be within the last 60 days.; 59d: HTTP 422: Unprocessable Entity - 15m data not available for startTime=1774272600 and endTime=1780774669. The requested range must be within the last 60 days.; 58d: HTTP 422: Unprocessable Entity - 15m data not available for startTime=1774272600 and endTime=1780774670. The requested range must be within the last 60 days.; yf-60d: yfinance fallback returned no data.; yf-59d: yfinance fallback returned no data.; yf-58d: yfinance fallback returned no data.
